:020000040800F2
:1000000000000120C9830008716C0008756C0008AD
:10001000796C00087D6C0008816C0008000000000D
:10002000000000000000000000000000856C0008D7
:10003000896C0008000000008D6C0008916C0008BD
:10004000198400081984000819840008A16C0008AC
:10005000198400081984000819840008198400080C
:1000600019840008DD6C0008198400081984000850
:10007000F16C0008FD6C0008198400081984000860
:10008000096D0008156D000819840008198400081E
:1000900019840008198400081984000819840008CC
:1000A00019840008198400081984000819840008BC
:1000B00019840008000000000000000019840008F6
:1000C00019840008216D00081984000819840008AB
:1000D0001984000819840008496D00081984000873
:1000E00035710008497100080000000000000000A0
:1000F0000000000000000000000000000000000000
:1001000000000000198400080000000019840008A5
:100110000000000000000000198400081984000895
:10012000198400081984000819840008198400083B
:10013000198400080000000000000000000000001A
:1001400019840008198400081984000800000000C0
:10015000198400081984000819840008198400080B
:1001600019840008198400081984000800000000A0
:100170001984000819840008000000000000000035
:100180001984000819840008198400080000000080
:10019000BFF34F8F0549064BCA6802F4E062134370
:1001A000CB60BFF34F8F00BFFDE700BF00ED00E065
:1001B0000400FA05836A0022A3F85A20A3F852200B
:1001C000704700BF90F824C0BCF1010F3CD070B55F
:1001D00090F825C00124A44580F824405FFA8CFEE5
:1001E00004D0002380F82430022070BD022580F85E
:1001F000255004680025C5632668456C26F0010675
:10020000266005F01C05066C0EFA05F57560636046
:100210008368102B036B0BBFA260A160E160E260FA
:100220004BB1236843F00E032360236843F00103BE
:100230000020236070BD236823F00403236023683B
:1002400043F00A032360F0E7022070472DE9F041F4
:10025000764C0023237094F86530012B0D46E1683D
:1002600008D0B1F5827F60D1D8B22369002B5CD170
:1002700004285AD1002D58D092B2002A55D094F8B3
:100280006430012B51D094F86530A6682564042BA6
:100290001CBF052384F8653001210023A36684F880
:1002A0006410A4F84620A4F84E20C4E915337368FE
:1002B000A4F8442023F4C043A564A4F84C20736040
:1002C0006369206EB3F5E06F31D8E36D99697368A7
:1002D000B1F5806F43F4805373607DD08369B3F5CB
:1002E000806F65D094F86530514A042B514B18BF8C
:1002F0001346514A0363514B4363514B18BF134696
:10030000C362B4F84E304FF00008C0F838809BB29A
:1003100006F10C012A46FFF755FF074660B1A36EB0
:1003200084F8648043F01003A366BDE8F08173682D
:1003300023F480537360D5E77368E06D43F00103E5
:100340007360B4F846300A46C0E90B77C0E90D7710
:1003500029469BB2FFF736FF00284AD133685B0677
:1003600021D5002384F86430736843F02003736060
:10037000736843F002037360E26E2378002BD4D1DC
:1003800041F2873109E072B6237803B930BF62B613
:10039000BFF36F8F2378002BC7D1E36E9B1A8B427C
:1003A000F1D9BDE8F081336843F040033360D8E70A
:1003B000736823F480537360B4F84E3013F0010F68
:1003C00073681DD123F400537360B4F84E30C3F347
:1003D0004E03A4F84E3085E7D20773681BD423F48C
:1003E00080437360B4F84630C3F34E03A4F846303C
:1003F00074E7A36E84F8647043F01003A36694E777
:1004000043F400537360B4F84E30C3F34E0301332A
:10041000A4F84E3066E743F480437360B4F8463086
:10042000C3F34E030133A4F8463057E78800002099
:100430009D09000899090008A91D0008A1090008E4
:10044000FD1C000870B4436C066C056831682C68AC
:1004500003F01C0304229A400A420ED014F0040F49
:100460000BD02B689B0603D42B6823F004032B606E
:10047000036B7260CBB170BC184702229A400A42EB
:1004800015D014F0020F12D02B68990606D42B68F1
:1004900023F00A032B60012380F82530C36A7260C1
:1004A000002180F82410002BE5D170BC7047082291
:1004B0009A400A42F9D02207F7D52A68416B22F008
:1004C0000E022A60012202FA03F300247360C26361
:1004D00080F8244080F825200029E6D070BC084729
:1004E000234A9368D26813F00C0305D00C2B32D04A
:1004F000042B36D11F4870471D4A1168090754BFA5
:10050000D2F8942012681C4954BFC2F30322C2F3EC
:10051000031251F82200002BEDD0154BDB6803F0DD
:100520000303022B22D0154A032B08BF1046104BA1
:10053000D968DA68DB68C3F34163C2F30622C1F30A
:100540000211013300FB02F201315B00B2FBF1F258
:10055000B2FBF3F0704702F00302012ACCD0002076
:10056000DBE7082B054818BF002070470148DEE78D
:10057000001002400024F40080B2000800127A004B
:10058000064A074B92680749C2F3022213440868DF
:1005900093F8303003F01F03D8407047001002403A
:1005A00080B2000800000020064A074B9268074905
:1005B000C2F3C2221344086893F8303003F01F03DB
:1005C000D84070470010024080B2000800000020B0
:1005D000414A036830B4D468A40707D0D46804F053
:1005E00003049C4246D0012030BC7047022B52D0FD
:1005F000032B49D0012BF6D112689207F3D5364C64
:10060000E26822F0730213434268013A43EA02139C
:10061000E360314C314A236823F080632360D56E58
:1006200003E0D36E5B1B022B39D823681B01F8D47F
:1006300083681B02002934D12169C56821F0784103
:1006400021F4FE4143EAC5630B43236122490B6851
:1006500043F080630B60D46E03E0D36E1B1B022B50
:100660001DD80B681B01F8D582690B691343002064
:100670000B61B9E7002CB6D0D3684268C3F302130C
:1006800001339342AFD1C4E71468A403B7D412680E
:100690005203A8D5B3E712685505A4D5AFE70320E8
:1006A000A2E7012921690BD021F0C06121F4FE41AC
:1006B000194343695B08013B41EA43612161C5E796
:1006C00021F4C00121F4FE410B43016949080139BD
:1006D00043EA41532361B9E700100240880000203B
:1006E000F0B504680546200583B000F1F2800026CD
:1006F000A1034ED5A54B9A6DD20040F1F58000279D
:10070000A349A44A0B6843F480730B60D06E04E0E5
:10071000D36E1B1A022B00F200810B68DB05F7D5A4
:10072000A6BB9A49A86DD1F8903013F4407325D038
:10073000834223D0D1F890C0D1F8903043F4803375
:10074000C1F89030D1F8903023F48033C1F8903064
:100750001CF0010F2CF44073C1F890300ED0D2F889
:100760006CE041F2883C05E0D36EA3EB0E036345D9
:1007700000F2D380D1F890309B07F5D5834AD2F8A8
:10078000903023F440730343C2F89030002F40F0C0
:10079000DC80E10708D57D4A296AD2F8883023F049
:1007A00003030B43C2F88830A20708D5774A696A69
:1007B000D2F8883023F00C030B43C2F8883063076B
:1007C00008D5724AA96AD2F8883023F030030B4367
:1007D000C2F88830A70608D56C4AE96AD2F8883092
:1007E00023F440630B43C2F88830A00508D5674A5C
:1007F000E96BD2F8883023F440230B43C2F88830E9
:10080000610508D5614A296CD2F8883023F4401379
:100810000B43C2F88830620608D55C4A296BD2F8CF
:10082000883023F440530B43C2F88830230608D5A0
:10083000564A696BD2F8883023F440430B43C2F820
:100840008830E70508D5514AA96BD2F8883023F4DF
:1008500040330B43C2F88830200323D4374661036A
:100860000FD54A4AE96CD2F8883023F040630B4335
:10087000B1F1006FC2F8883000F08380B1F1806F71
:1008800077D03E4662044DD43046230408D53F4A13
:10089000696DD2F8883023F080430B43C2F888306A
:1008A00003B0F0BD394AA96CD2F8883023F0406318
:1008B0000B43B1F1006FC2F888304CD0B1F1806FBA
:1008C000CCD10121281DFFF783FE07460028C5D0A3
:1008D000C5E76F6CB7F5000F11D0B7F5400F13D017
:1008E000002F3DD0012603E79A6D42F080529A65B1
:1008F0009B6D03F080530193019B012700E7234A7E
:10090000D36843F48033D360204AD2F8883023F48C
:1009100040033B43C2F88830E9E60326002F3FF44A
:1009200038AF12E019492A6DD1F8883023F04053CE
:100930001343B2F1805FC1F88830A5D10221281D90
:10094000FFF746FE00289FD09FE7104A936D23F0E3
:10095000805393651DE7D36843F48013D3607DE72C
:100960003946281DFFF734FE064600287FF4C0AE46
:10097000CAE70121281DFFF72BFE0646002880D07C
:1009800080E7D36843F48013D3607AE70010024015
:100990000070004088000020704700BF704700BF13
:1009A000836A19684A6822F003024A601A6E4FF09F
:1009B000010C42F010021A6683F85DC0704700BF58
:1009C000026852E8003F23F4907342E800310029A6
:1009D000F7D102F1080353E8003F23F0010302F1CD
:1009E000080C4CE800310029F3D1036E012B06D02E
:1009F00000232022C0F8802083660366704752E8F7
:100A0000003F23F0100342E800310029F0D052E803
:100A1000003F23F0100342E800310029EFD1E7E75F
:100A200070B50568EC6931EA040405D05E1C06D196
:100A3000EB6931EA0303FBD10023184670BD154C66
:100A4000E46EA41AA34218D3BBB12C686407E9D59D
:100A50008029E7D04029E5D0EC6914F008040ED1D4
:100A6000EE693605DED54FF400632B62FFF7A8FF71
:100A70002023C0F8843080F878400323DDE7082481
:100A80002C62FFF79DFF00220123C0F8844080F80C
:100A90007820D2E78800002008B518B1074B02681B
:100AA0009A4208D0064B074AD3F880300649002006
:100AB0009847002008BD012008BD00BF0FB03713C4
:100AC00088000020B4F10008CCF10008B1F804C09F
:100AD00093680A899A80BCF1000C18BF4FF0010C92
:100AE000CA7983F800C091F806C083F801C09A70F3
:100AF0009860704708B518B1074B02689A4208D051
:100B0000064B074AD3F8803006490020984700205A
:100B100008BD012008BD00BF0EB0371388000020BB
:100B2000D4F10008ECF100082DE9F041174F1D4603
:100B3000D7F8843013B1BDE8F0411847FB6F4FEA96
:100B40004208002AF7D08F1EA8F1020406468E46FE
:100B50000C443A4632F802CF9CFA9CFCA242A2F81E
:100B600000C0F7D142467146304698470DB9BDE8FE
:100B7000F08137F8023F5BBAA7423B80F7D037F8E5
:100B8000023F5BBAA7423B80F3D1F0E78800002028
:100B900010B1024B9B6F1847704700BF88000020C0
:100BA00010B520B10C4B02689A42044608D00B4B9A
:100BB0000B4AD3F880300B49BDE81040002018479D
:100BC000406818B1C368984700236360002323601E
:100BD0002046BDE81040DBE70DB037138800002049
:100BE000F4F1000810F2000810B50446FFF782FF88
:100BF00000B910BD20690023236008B1FFF7C8FFCA
:100C00002046BDE81040C3E703460068D3F8E8106B
:100C10004268C3F8F0101047704700BF2DE9F04755
:100C2000D0F800800546B8F1000F1ED0D8F89870B3
:100C30000FB3124E07F148044FF00009583754F82B
:100C4000040F18B1B36F9847C4F80090A742F6D1CB
:100C5000D8F89800B36F00B19847B36F40469847F3
:100C6000B36F2846BDE8F0471847044E2846B36FD7
:100C7000BDE8F0471847014EEFE700BF88000020AD
:100C8000F8B50688002A1C460CBF4FF400534FF4F9
:100C90008053B6F59C6F05460F460BD3B34238D24E
:100CA0001D4B1E4AD3F880301D49002098474FF055
:100CB000000C03E04FF49C664FF0010C19491A4AEE
:100CC000C4E9011202F11912E26002F11912226163
:100CD000234600225136628076005122A28223F8F8
:100CE000166B29686A68A868EE68C4F816105A601E
:100CF0009860DE602969A8696A699861196197E856
:100D000003005A61AA8B9A83343484E80300604656
:100D1000F8BD4FF0010CD1E7880000201CF200085C
:100D20003CF200080100020003001B0000B583B084
:100D300041F4A041012394464FEA124EADF8001051
:100D4000ADF80230042200236946ADF804E0ADF8A6
:100D500006C0FFF7E9FE03B05DF804FB10B50F4CC9
:100D60008C461146B4F8702003F1020EB2EB4E0F20
:100D700007D2D4F880300A4A0A49BDE81040002062
:100D80001847013B4CF4A04C4B802EF00042A1F8D8
:100D900000C0BDE810400023C6E600BF8800002068
:100DA00050F2000870F2000810B582B00021ADF8D2
:100DB000041043F21C040123032269460094FFF748
:100DC000B3FEBDF80400C0F3C02002B010BD00BFE8
:100DD00030B583B0002201230C46ADF8042043F265
:100DE0003705032269460095FFF79EFE012CBDF8EA
:100DF000043009D0022C0CBF8022C0221A4214BF3A
:100E00000120002003B030BD4022F7E7F0B583B0E9
:100E100043F21C02009201230E460024032269467D
:100E20000746ADF80440FFF77FFEBDF8043013F429
:100E3000006517D141F21B042B4669463846022251
:100E4000009446F40066FFF76FFE38462B4669466D
:100E50000222ADF80040ADF80260FFF765FE012008
:100E600003B0F0BD054B064AD3F880500549204633
:100E70003B46A847204603B0F0BD00BF88000020D5
:100E800084F20008B4F20008F0B5012983B00546E9
:100E9000144622D002290AD01C4B1D4AD3F88040A8
:100EA0001C4903460020A047002003B0F0BD43F2D8
:100EB000460384270026ADF800302846012303228C
:100EC0006946ADF80260ADF80460FFF72DFEBDF88D
:100ED000040030B16CB90120E7E743F245038327F2
:100EE000E8E70A4B0C4AD3F880400A492B46A04752
:100EF000DAE747F480573346694628460222ADF8C0
:100F00000070ADF80260FFF70FFEE4E788000020F4
:100F1000CCF20008B4F20008E8F20008F0B50129AC
:100F200085B00646154633D0022925D143F2320357
:100F300001240027ADF808300322012302A930461E
:100F4000ADF80A70ADF80C70FFF7EEFDBDF80C308F
:100F50006B8003F00702012A2A802AD013F00600D2
:100F60001AD11849184AD1F8804018490096A0476C
:100F70000024204605B0F0BD124B154AD3F880403E
:100F8000124903460020A0474FF440530024D0E705
:100F900043F233030C46CCE7023A012AE9D9094A65
:100FA0000096D2F8804009490A4A3846A0472F8067
:100FB000DEE70449084AD1F88040044900963846E3
:100FC000A047D5E7880000201CF30008B4F2000811
:100FD000CCF2000880F300084CF3000810B582B092
:100FE00001AA01210446FFF799FF002201212046B2
:100FF000FFF74AFFBDF80430022B09D00649074A23
:10100000D1F8804006490020A047002002B010BD62
:10101000012002B010BD00BF88000020B4F300081A
:10102000FCF3000810B582B00021ADF8041043F2C3
:1010300031040123032269460094FFF775FDBDF8D2
:1010400004004AF6C043C01AB0FA80F0400902B06A
:1010500010BD00BF10B50C4C94F88810012982B067
:1010600010D90A49D4F8804012F4006F03460848AA
:1010700018BF0846C2F30A01CDE90001054A064936
:101080000220A04702B010BD880000201CF4000818
:1010900024F400082CF4000840F4000810B50A4CB1
:1010A00094F888C0BCF1010F82B00BD92C3989B2F9
:1010B00003461046D4F88040044ACDE900100449A4
:1010C0000220A04702B010BD8800002054F40008A0
:1010D00040F4000830B5094991F88840012C83B0EC
:1010E00009D902F00F04D1F88050054A054900944F
:1010F00003460220A84703B030BD00BF880000208F
:101100007CF4000840F4000810B50A4C94F888C03C
:10111000BCF1010F82B00BD97D3989B2034610466C
:10112000D4F88040044ACDE9001004490220A047C9
:1011300002B010BD880000209CF4000840F40008B4
:1011400010B5A1F1620C144C1CF0010F034694F889
:1011500088E084B01FFA8CF00ED1BEF1010F09D9DE
:101160004008D4F880400292CDE900010B4A0C49B6
:101170000220A04704B010BDBEF1010FFAD940080B
:10118000D4F880400292CDE90001064A04490220C9
:10119000A04704B010BD00BF88000020CCF40008B8
:1011A00040F4000804F5000810B50B4C94F888C012
:1011B000BCF1010F84B00CD90346A1F58C7080B24C
:1011C000D4F880400090CDE901120220034A04497E
:1011D000A04704B010BD00BF880000203CF5000807
:1011E00040F400082DE9F04F1F4EDFF888B080462C
:1011F00015460FCE91B002AC0FC40FCE0FC40FCE68
:101200000FC49BF888C096E80300BCF1010F84E886
:10121000030007D9DBF88040144A1549009543467E
:101220000220A047DFF850A0DFF8449002AC10AED7
:1012300002E00834B44213D0A3881D42F9D09BF8D1
:101240008820012A4346524649464FF00200F0D911
:1012500027680097DBF880700834B847B442EBD1B8
:1012600011B0BDE8F08F00BFB8B2000864F5000807
:1012700040F400088800002080F500082DE9F04FB8
:10128000384A92F88830012BA3B0054605D9D2F828
:1012900080303549354A022098473549DFF8DC90DF
:1012A000DFF8C480782204A808F0D8FF314A0292FF
:1012B0000023022202A92846FFF736FC0DF1100B8D
:1012C0000026BBF80440BBF806A0A244A24506DCF9
:1012D00032E0624698470134A4B2A2452CDD44F4C2
:1012E000405C012302A928460322ADF808C0ADF8EE
:1012F0000A60ADF80C60FFF717FCDBF80830BDF8AA
:101300000CC021462846002BE3D1164F97F88820C1
:10131000012A2B464A4641464FF00200DBD9CDF860
:1013200004C0DBF8007000970E4F0134D7F88070CE
:10133000A4B2B847A245D2DC0BF10C0B22AB5B4543
:10134000BFD1084A92F88830012B08D9D2F88030F2
:101350000549094A022023B0BDE8F04F184723B0E1
:10136000BDE8F08F8800002040F4000894F50008E4
:10137000F0B20008D5100100E4F50008D0F500082F
:101380002DE9F04782B0BDF828400B9F03EBC40560
:101390006B88002B45D06E68844601EB0208043E42
:1013A0004FF0000E56F8044F620092B28A4234D3D6
:1013B000424532DAC4F30170012818D002283CD02B
:1013C00098BB521A93B2C4F34459012202FA09F2AB
:1013D00097424BD33449013AD1F8804001923349C6
:1013E000334A0097A047002002B0BDE8F087521AA8
:1013F00092B20CEB42093CF81200B9F8023043EA11
:10140000004323F00F0317B1C4F303442343180C24
:101410002CF81200A9F802306B880EF1010E73450A
:10142000C0D8012002B0BDE8F0871F4B214AD3F895
:1014300080301E4900209847D5E7521A92B20CEB33
:1014400042003CF81290438843EA094323F00F031B
:1014500017B9C4F3034423431C0C2CF812404380F7
:101460006B880EF1010E73459CD8DAE7C4F3044A89
:101470000CEB43043CF813006288C9F1200942EAEE
:1014800000424FF0FF3020FA09F000FA0AF022EA99
:10149000000207FA0AFA42EA0A02100C2CF81300BA
:1014A00062806B88B9E700BF8800002058F600080A
:1014B00020F6000864F600082DE9F04383B01D46CD
:1014C00043F440534FF00008BDF82840ADF8003019
:1014D0008946164669460123032245F4805507468E
:1014E000ADF80280ADF80480FFF71EFBADF80050A8
:1014F000BDF9045004FA09F46C4004EA06025540B0
:101500004346694638460222ADF80250FFF70CFB0D
:1015100003B0BDE8F08300BF30B583B00025294695
:1015200000957B23FF220446FFF7C6FF01210091AF
:1015300020468B230222FFF7BFFF8B2380220095DA
:1015400007212046FFF7B8FF03B030BD70B582B069
:1015500043F2370200230092ADF804300322012346
:1015600069460546FFF7E0FABDF8043013F0C00FF6
:101570001AD143F21C02012300920024694603227F
:101580002846ADF80440FFF7CFFABDF804301B053C
:1015900017D50F4B0F4AD3F880600F4920462B46D2
:1015A000B047204602B070BD094B93F88820002A4E
:1015B000DFD0D3F88040094A07492B460120A047D5
:1015C000D7E72846FFF7A8FF012002B070BD00BF93
:1015D00088000020B4F60008B4F2000888F600087D
:1015E000002870B446DB0029034639DB88420A46EE
:1015F0004BDA0025012429461B04B3FBF2F343F622
:10160000284293425AD946F2D632934261D948F6DB
:10161000720293425FD94AF6494293425DD94DF234
:10162000A30293425BD94FF24B72934298BF0520BD
:1016300045D94FF24C7648F233224CF2A3409B1B23
:1016400002FB03F300EB134014B1C0F5C9301F30A7
:1016500015B1C0F549303F30C1B1404270BC704750
:10166000494209B2884217DA002501240A46034696
:101670002146C1E7404202B20029104614DB9142E4
:101680000B4605DD99BB1D4800E050BB70BC7047A0
:10169000002401252146AFE70028DED000250B46B7
:1016A00002462C460121A7E7494209B28A424FF07F
:1016B0000105DADB0B46002429469DE70020104A8D
:1016C00002EBC00602EB8002D6E93A60D2F8202194
:1016D000B5E70120F3E70220F1E70320EFE704205C
:1016E000EDE700250B4602462C46294684E70125F6
:1016F0001A462C46034600217EE700BF20920100D7
:1017000080B200082DE9F0470646804602EB420011
:101710008CB0154606EB8000002289460DF10C0ABC
:10172000014617464FEA870E54469FED767AB31A64
:1017300075B103EB020CF444DCED007A9C46DCED61
:10174000006A0C3367EEA67A8B4237EE277AF0D127
:101750000EF1040EBEF10C0FA4EC017AE5D10137B5
:10176000032F0AF1100AA2F1040201F10401D9D1F8
:101770009DED045ADDED055ADDED086A6A4606F175
:101780000C01DFED607A43463DB11C4694ED007AD2
:101790000C33834277EE877AF7D108F10408884545
:1017A000E2EC017A00F10400EBD19DED037AF0EE5A
:1017B000C77AF4EE677AF1EE10FA12D69FED526A0C
:1017C000F4EE467AF1EE10FA0BDC9FED506AF4EE7F
:1017D000C67AF1EE10FA04DAB5EE407AF1EE10FABC
:1017E0007DD0F7EE007A87EE872A9DED073A9DEDD2
:1017F0000B7A65EE023A25EE824A65EE237A65EEB3
:10180000A34A33EE673A25EE846AF0EEC32A65EE0A
:10181000047AF4EE622AF1EE10FA76EEE44A76EEFD
:10182000E77A37EE466A06D69FED377AF4EE472A16
:10183000F1EE10FA47DDB7EE007AC7EE032ADDEDD0
:10184000006A9DED017A9DED023A63EEA63A67EEDD
:10185000A27A37EE637A64EEA73A67EE877A36EEBD
:10186000636A24EE264AF0EEC63A73EE677AF4EE27
:10187000633AF1EE10FA77EEC47A06D69FED224A6B
:10188000F4EE443AF1EE10FA2FDD87EE864A01209D
:10189000002364EE844A65EE845A77EE647A89ED1B
:1018A000024A67EEA27A25EE275AC9ED017A76EE52
:1018B000C57A77EEE57A67EE827AC9ED007A336011
:1018C0000CB0BDE8F0879FED117AF4EEC72AF1EE77
:1018D00010FAB0DAB5EE403AF1EE10FAABD10020D2
:1018E000002333600CB0BDE8F0879FED084AF4EEAA
:1018F000C43AF1EE10FAC8DAB5EE406AF1EE10FA29
:10190000EDD0C2E700000000FFFF7F7F00008000F5
:101910002DE9F047C36D8769056900247C80814605
:101920001C7000F14806A04656F8043FFBB1B3F81E
:1019300038C0B3F89400B3F89610B3F8DC2005EB88
:10194000400005EB410105EB420205EB4C0CC3E9FD
:101950001301C3F8A820C3F814C03C701868D3F86A
:10196000E020416883F8E880C3F8E4208847013428
:10197000E4B2042CD8D1D9F80000BDE8F0474368A0
:10198000184700BF0068C368184700BF70B5044619
:10199000806980B1E3694BB1104B93F888202AB17C
:1019A000D3F880300E4A0F49012098472068BDE8DF
:1019B000704083681847094D0B4AD5F880300949B3
:1019C0009847E36943B195F888302BB1D5F880305A
:1019D000034A044901209847002070BD8800002078
:1019E000E4F60008F4F6000804F7000830B40269D1
:1019F000B0F8423090F8381032F81330032908BF9D
:101A000083F4004340F2E51101FB03F31B0C816CEE
:101A10008446A3F589700880BCF83C10DCF84C00C3
:101A200032F8111039B1BCF8401032F81110012908
:101A300094BF002101210170BCF83E00BCF83A10AF
:101A4000DCF8505032F8111032F81020DCF8544015
:101A500040F2E51000FB02F2A3EB12431BB2002B95
:101A6000BCF94420DCF80000B8BF5B421BB29A42CC
:101A7000A1F10102B2FA82F2ACBF002301235209A4
:101A80002A70237030BC4368184700BF0068C368E1
:101A9000184700BF00688368184700BFD0E90F23CC
:101AA000816B0069184700BF836910B50446CBB14C
:101AB0000E4B93F8882052B963698BB10B4B0C4ADB
:101AC000D3F880300B4900209847002010BDD3F890
:101AD0008030094A0749012098476369002BEDD1FE
:101AE000012010BDC369002BE2D1E5E7880000208A
:101AF00058F700083CF7000820F700082DE9F04FE0
:101B00009B461B68C2F51E66B34294BF9EB2B6B236
:101B1000884674084FEA520183B017464FEA8101A4
:101B20000CD0144B08EB84041944434651F8042BA1
:101B30005A80120C1A800433A342F7D10E4C851E32
:101B400004F1E20A04F1E40914F8013B35F8022F2C
:101B50003946CDE9003240464B463246FFF710FC8D
:101B6000A24501D00028EFD1CBF8006003B0BDE85A
:101B7000F08F00BF90C60008BCB300080068C368BF
:101B8000184700BF00688368184700BFF0B482B0F0
:101B90002E4E056800238DF80330F36EF76EC3F107
:101BA00064031A442A4B1B6803EB8303C3EBC30390
:101BB0001B0D02FB03F30193AB6819420AD134E019
:101BC000019C019B013B0193AB68002C08BF0022E4
:101BD00019422AD0B1F5C06F05D12B7BDBB28DF84D
:101BE00003309DF80330F36EDB1B9342E8D36B6840
:101BF000426823F0E003B2F5827F6B6019D0836AFC
:101C0000B3F5005F07D12B6823F400532B602B68DA
:101C100043F400532B600122002380F85D2080F8FC
:101C20005C30032002B0F0BC7047002002B0F0BC72
:101C300070478368B3F5004F02D0B3F5806FDED1F3
:101C40002B6823F040032B60D9E700BF88000020F9
:101C50000000002070B4274D274BEA6E1B68046813
:101C6000EE6EC2F16402114483B0C3F3CB3301FBC7
:101C700003F30193A3681A062CD509E0019A019B8E
:101C8000013B0193A368002A08BF00211B0621D550
:101C9000EB6E9B1B8B42F1D36368426823F0E00339
:101CA000B2F5827F636019D0836AB3F5005F07D114
:101CB000236823F400532360236843F40053236014
:101CC0000122002380F85D2080F85C30032003B0FF
:101CD00070BC7047002003B070BC70478368B3F5D8
:101CE000004F02D0B3F5806FDED1236823F04003AC
:101CF0002360D9E7880000200000002038B5294A79
:101D00000368D56E1B689B061BD4846A2368A2688F
:101D10005868616820F0200058609AB15868B1F5A1
:101D2000827F20F00100586022D029462046FFF72C
:101D300091FFB0B901230022A4F8462084F85D3059
:101D4000236E38BD5A68B1F5827F0CBF22F00302C2
:101D500022F001025A6029462046FFF77BFF002847
:101D6000E8D0236E43F02003236620232366E1E7B7
:101D7000B2F5004F12D11A6822F0400229461A60CB
:101D80002046FFF767FF0028EBD12A464FF4C061D9
:101D90002046FFF7FBFE0028CCD0E2E7B2F5806FCB
:101DA000E9D0C2E788000020F8B51B4D0368EF6E4C
:101DB0001B68846A9B062CD42668736823F0200372
:101DC00073603A464FF4C0512046FFF7DFFE58B922
:101DD00039462046FFF73EFF30B93A464FF4C0611E
:101DE0002046FFF7D3FE38B1236E43F0200323666D
:101DF000236E43F020032366736823F003037360AC
:101E000000220123E287A4F8462084F85D30236E87
:101E10000BB901232B70F8BD8800002030B4124D9F
:101E2000124C00F1BC0C002143680B44024640F800
:101E3000043F12689A1AAA4209DD50F8042CA3F54F
:101E4000C9237E3BA1F5C92103607E399A1AA242BB
:101E500006DA03F5C92301F5C9217E3303607E311B
:101E60008445E1D130BC70473F240300C1DBFCFF57
:101E70002DE9F04FBFB00DF138090D4690460193A2
:101E800000F1020B3EAFCA46002440F6B73631E0FF
:101E900025B335F8141001F01F0E4FEA912C0EF106
:101EA000300E00FB0EF0C1F34411ACF1200C02FB2C
:101EB0000CFC002801F1300102FB01F1B8BF3F30FA
:101EC000BCF1000FB8BF0CF11F0C8011002900EB12
:101ED0006C10B8BF3F3100B241F38F110134182CA0
:101EE00008BF0024FFF77CFB4AF8040BBA450BF14E
:101EF000040B0ED0BBF900203BF9020C02FB02FCE4
:101F000000FB00CCB4451146C2DC00203FB0BDE868
:101F1000F08F0DAC0DF1060109F15C05224652F877
:101F2000043F002BB8BF0F3302311B1195420B80C9
:101F3000F5D14846FFF772FF002254F8043F216EA6
:101F4000A542A3EB01031A44F7D1124B83FB021302
:101F5000D217C2EBA31404F5994330334CF6621246
:101F60009342D2D802AE35460FCD4D4508F1100848
:101F700006F1100648F8100C48F80C1C48F8082C1C
:101F800048F8043CEFD1019B01201C803FB0BDE824
:101F9000F08F00BFABAAAA2A2DE9F04FADF2146D65
:101FA0000446914603938D1C03AE0DF20C67B5F900
:101FB000001035F9020CFFF713FB46F8040FB74287
:101FC00005F10405F3D100214846202207F0D0F99D
:101FD0000DF16C0A4FF6FF73002104EB44060293E7
:101FE000304DDFF8C48001915346F600A9F1040991
:101FF00040F694578A469B46ABF15C00FFF70EFF14
:10200000ABF160004FF0000C50F8043F026E5845F1
:10201000A3EB02039C44F7D1BCF1000F31DB4FEA84
:102020009C1007FB00F0400D04FB00F006EB1020B5
:10203000C9F80400BAF1000F03D0D9F80030834288
:102040002AD959F8043F4344002BB8BF5B42AB4246
:1020500004D21D460123CDF808A001930AF1010224
:102060001FFA82FABAF1080F0BF1C00BC4D1019923
:1020700011B1DDE902231A8008460DF2146DBDE8A6
:10208000F08FCCF10000800907FB00F0400D04FB4D
:1020900000F0A6EB1020CBE7002108460DF2146DEE
:1020A000BDE8F08F40420F00E0D764FC2DE9F04F0F
:1020B00087B04FF0000E164600EB41090290821ED9
:1020C000CDE90316A9F1120935464FF0010BF2468E
:1020D000F4467046CDF804E005931EE040F2EE2190
:1020E0008B4240DC634500DD9C464FF0000BBEF1A7
:1020F000000F0ABF4FF0000B70460120CAF1000824
:102100004345019BB8BFA4EB060ABB4238BF3B4620
:102110009145019305F102052BD0568A32F8024F02
:10212000331B03F50048B8F5803F2746D6D240F26E
:10213000EE218B422B8007DD178868B9634515DDDA
:102140009C464FF0010ED9E7514917889C45B8BF0E
:102150009C468B42D2DACAE7634500DD9C46864640
:102160004FF0000BCAE74FF0000BE6E74FF0010E0F
:10217000C4E71946DDE90346059BBBF1000F03D117
:10218000002007B0BDE8F08FBEF1000FF8D00028A6
:10219000F6D0CDE9031C0027A4F11C09B84606F1CE
:1021A00012043D463E46BE46D34634F9021F019610
:1021B00001EB810C01EB4C010A22A246A4463CF93A
:1021C000026D02FB06113AF9026F02FB0611013A99
:1021D000F5D1019EA942C4BFF0460D468E42C8BF4C
:1021E00077460EF1010EC8BF0E46F145DDD14CF227
:1021F0005034A542DDE9031CDA46C1DD254CA64278
:10220000BEDABCF1000FBBD0BBF1000FB8D0029C0E
:10221000119D2488C900E4004DB18C4205D2ACEB7D
:102220000402013A0A44B2FBFCF2119D2A60109AA2
:10223000002AA6D0002BA4D0029A08F10E0532F88D
:102240001520B4EBC20F4FEAC20606D2ACEB040471
:10225000013C3444B4FBFCF42D1B029A0E3732F8D7
:102260001720B1EBC20F4FEAC20405D94A1E5244EF
:10227000121BB2FBFAF2BF1A55EA070280D4BD4224
:102280003FF77EAF109A7F1B17601D6079E700BF94
:1022900012FDFFFFB03CFFFF2DE9F04F204C9346AD
:1022A0009A46851E8A1E04F1E20800264FF41E6736
:1022B00004F1E40935F8021F32F8023F994222D0B6
:1022C000237809EBC303588830B3596847F6FF7E7B
:1022D00001EB8003002051F804CB1FFA8CFCE6458B
:1022E00028BFE646604538BF60468B42F3D14FEACF
:1022F0004E0E1FFA8EFE400080B2774528BF77460B
:10230000864238BF064601344445D3D1ABF800704D
:10231000AAF80060BDE8F08F47F6FF7EE7E700BF50
:10232000BCB300081149D1F88C20D06810F04000EF
:1023300001D0002070474FF0FF3310B4D360CC6E53
:10234000D3685B060FD4032803D10CE0D36858068A
:1023500008D4CB6E1B1BB3F57A7FF7D9032081F825
:10236000AD00EDE700205DF8044B704788000020C9
:10237000094A0A4BD2F88C10CB60D06E04E0D36EC1
:102380001B1AB3F57A7F04D8CB689B06F7D50020DB
:1023900070470320704700BF880000205FFF0300E4
:1023A00008B5114BDA6822F08002DA609A6892066A
:1023B00003D4FFF7DDFF88B908BD9A6822F0200238
:1023C0009A60FFF7D5FF18B1084B032083F8AD00E2
:1023D000054A936843F02003936008BD034B032034
:1023E00083F8AD0008BD00BF002800408800002031
:1023F000F0B5614C94F8AC30012B00F0BB80D4F800
:102400008C100223012284F8AC2084F8AD308B6854
:1024100013F0400C18BF90F803C003780CBF80F88D
:1024200003C04FEA8C5C092B09D900220A3BDBB2BE
:10243000092B02F10102F9D843EA0213DBB21A04B4
:102440004378092B09D900250A3BDBB2092B05F19A
:102450000105F9D843EA0513DBB28678092E4FEA65
:10246000032309D900250A3EF6B2092E05F101051C
:10247000F9D846EA0515EEB290F824E0BEF1090F4E
:102480000DD90025AEF10A0E5FFA8EFEBEF1090FDE
:1024900005F10105F6D84EEA05155FFA85FE456996
:1024A000076A3D4345EA0C052A4313433343456815
:1024B00043EA0E62C3691D43836ACA2048625320FF
:1024C0004862B3F5807F8B6837D023F400738B604C
:1024D000CB68DBB263F42073CB60E06E04E0E36EA4
:1024E0001B1AB3F57A7F1ED8CB689B07F7D50A6213
:1024F0008D648B6843F400738B608B6843F40053E6
:102500008B601E4B1A68002042F4802284F8AC00D5
:102510001A609A6842F480229A60FF2201234A627C
:1025200084F8AD30F0BDFF2203234A6284F8AD3059
:10253000002384F8AC300320F0BD23F480738B605B
:10254000CB68DBB263F4C073CB60E06E04E0E36E93
:102550001B1AB3F57A7FE6D8CB68DE07F7D5CA61D8
:102560004D648B6843F480738B608B6843F48053B5
:102570008B60C6E70220F0BD880000200004014007
:102580002A4A03460068904270B43BD8284A294C36
:1025900014210244B2FBF1F29200022183F82510CB
:1025A00001689D689E691C6421F4FF4C59695A6456
:1025B0002CF0700C294341EA0C01314341F08001B9
:1025C000B5F5804F016014D0596802F01C020F204D
:1025D00090409140174A94426FEA00001AD0D2F816
:1025E000A8442040C2F8A804D2F8A8040143C2F8C5
:1025F000A81400200122D86383F8240083F8252042
:1026000070BC70470C4A0D4C02441421B2FBF1F22D
:102610009200C2E7D4F8A8200240C4F8A820D4F859
:10262000A8201143C4F8A810E3E700BF0704024044
:10263000F8FFFDBF00000240F8FBFDBF00040240B0
:10264000134BDB68C3F30223C3F1070C1A1DBCF163
:10265000040F28BF4FF0040C062A88BFDA1E4FF083
:10266000FF3303FA0CF398BF002221EA03039340DF
:102670001B01421CDBB206D000F1604000F5614056
:1026800080F800337047024A82F82330704700BF59
:1026900000ED00E038B5104D104A2B68A2FB032373
:1026A0009B09013BB3F1807F01D3012038BD4FF07E
:1026B000E0220B495361F02381F8233000240723E3
:1026C0000F2894611361F0D801464FF0FF30FFF7F7
:1026D000B7FF6960204638BD00000020D34D62106E
:1026E00000ED00E010B5504B93F8AC200021012A1A
:1026F00083F8B01000F08480D3F88C20CA21022423
:1027000083F8AD4001205162532183F8AC0051623F
:10271000916821F480619160D168C9B261F49061DF
:10272000D160D16849066DD51F21516191683F483C
:1027300021F0070141F003019160016841F480112B
:102740000160816841F480118160916841F48041A9
:1027500091609168FF2441F480610120916054628E
:1027600083F8AD0093F8B020002183F8AC108AB94B
:1027700072B6BFF34F8FBFF36F8F93F8B02002B9DB
:1027800030BF62B6BFF34F8FBFF36F8F93F8B020A7
:10279000002AEDD093F8AC200021012A83F8B01074
:1027A0002ED0D3F88C000224CA2283F8AD40012138
:1027B00042625322426283F8AC10826822F4806243
:1027C0008260826822F480428260DC6E04E0D96E0E
:1027D000091BB1F57A7F0CD8C26812F00402F6D05A
:1027E000FF2401220021446283F8AC1083F8AD205D
:1027F00010BDFF240321446283F8AC2083F8AD10A0
:10280000FDF7C6FCDC6ED16811F004018CD1D86EE6
:10281000001BB0F57A7FF6D9FF240320546283F8B9
:10282000AC1083F8AD00EBE7880000200004014005
:102830002DE9F04F89B00493002900F0898002F05F
:1028400003077D1EC2F300130295DFF8B0B1694C97
:10285000059302F4403500234FF00108039592469A
:10286000019708FA03FC1CEA01066DD0029F5A008A
:1028700003259540012F6FEA05056CD9019F032FB1
:1028800040F0AC80D0F800C0019F0CEA050C07FABC
:1028900002F242EA0C020260039A002A54D0DBF8EA
:1028A000602042F00102CBF86020DBF8602002F0EB
:1028B00001020792079A23F0030202F1804202F517
:1028C000803203F0030CD2F808E04FEA8C0C0F259D
:1028D00005FA0CF5B0F1904F2EEA050E11D0464DD9
:1028E000A84277D005F58065A84275D005F58065CA
:1028F000A8426DD005F58065A84214BF07250425C0
:1029000000E0002505FA0CF545EA0E059560A26881
:10291000F5431AF4801F0CBF2A403243A260E268DC
:102920001AF4001F0CBF2A403243E26062681AF4B6
:10293000003F0CBF2A403243626022681AF4803F95
:102940000CBF2A4032432260013331FA03F288D1AE
:1029500009B0BDE8F08FD0F80890129F09EA050988
:1029600007FA02FE4EEA090EC0F808E0D0F804E0CB
:10297000059F2EEA0C0E07FA03FC4CEA0E0CC0F879
:1029800004C0049FD0F80CE007FA02FC019F0EEA95
:10299000050E4CEA0E0C022FC0F80CC07FF472AF8B
:1029A0004FEAD30900EB890903F0070CD9F820702E
:1029B0004FEA8C0C4FF00F0E0EFA0CFE27EA0E0EAB
:1029C000139F07FA0CFC4CEA0E0CC9F820C059E71B
:1029D000032597E7012595E7022593E7D0F80CE05A
:1029E000049F0EEA050E07FA02FC4CEA0E0CC0F832
:1029F0000CC047E7000401400004004800100240FA
:102A00002DE9F041C16F05689EB0044600295FD0F2
:102A100025682423E3672A68636A22F001022A609A
:102A2000002B40F0C380D4E90402A3682968034363
:102A30001343E0699E4A03430A4013432B606B68CB
:102A4000E26823F4405313439A4A6B609542A369AA
:102A5000AA6800F0F180216A22F430620B4313432C
:102A6000954AAB6095421BD0944B9D4240F0158136
:102A700003F5E633D3F8883003F00C030C2B00F297
:102A80000F81DFE813F0E0010D010D010D0172016E
:102A90000D010D010D012B010D010D010D01620153
:102AA000874BD3F8883003F00303022B00F0168124
:102AB000032B00F04A81012B00F05781B0F5004F45
:102AC00000F0CA81FDF770FD002800F018810AE1CE
:102AD00080F878105C2207A806F04AFC764B9D42ED
:102AE00000F0BF81754B9D4292D1022707A807973E
:102AF000FDF7F6FD0646002840F0DF81704B714D72
:102B00009A6D42F400329A659A6D02F40032049292
:102B1000049ADA6C42F00102DA64DB6C03F0010320
:102B2000039307220323CDE90032039903463A4673
:102B30004FF090400F214FF08008FFF779FEC5E974
:102B40002E76C5E93068C5E93266C5E9346605F117
:102B5000B4065D4BC5F8B4303046FFF711FD0028D0
:102B600040F0AB816667102305F1FC06C5E9420819
:102B7000C5E94400C5E94600C5F804313046534B69
:102B8000C5F80071C5F8DC40C5F8FC30FFF7F8FC6B
:102B90000146002840F0918126672620C5F824418F
:102BA000FFF74EFD4A4B40225A6031E71E0705D51C
:102BB0006A68616B22F400420A436A60D80705D54F
:102BC0006A68A16A22F400320A436A60990705D54F
:102BD0006A68E16A22F480320A436A605A0705D5BE
:102BE0006A68216B22F480220A436A60DF0605D5F9
:102BF000AA68A16B22F480520A43AA609E0605D5FA
:102C0000AA68E16B22F400520A43AA60580609D56B
:102C10006A68216C22F480120A43B1F5801F6A6051
:102C200000F00A8119067FF5FEAE6B68A26C23F4F2
:102C3000002313436B60F6E622F43062134320490D
:102C4000AB60D1F8883003F44063B3F5006F00F057
:102C5000F18000F2E880002B00F02981FDF740FCB4
:102C600000284CD0626802EB4203834218D8B0EBD4
:102C7000023F15D8510800230F464FF480761946BD
:102C8000E0FB0671384604F083FB124BA0F540725E
:102C90009A4205D8074BD86031E00F4B9D425AD07D
:102CA0000023C4E91A3301201EB0BDE8F08100BF43
:102CB000F369FFEF0080004000380140004400400D
:102CC00000100240880000206C000240800002409A
:102CD00000E100E0FFFC0F0000480040B0F5004FAD
:102CE000794800F08B80636800EB5300B0FBF3F091
:102CF0004FF6EF73A0F110029A42D1D8E8606A68EB
:102D00007249002322F49042C4E91A336A60AA6827
:102D100022F02A02AA602A6842F001022A60C4F85E
:102D20008430CE6E2B681A0727D42B685B073ED4FD
:102D300000232022E26784F87830C4F88020184607
:102D400023666366B0E7302BAAD1B0F5004F55D0AB
:102D50004FF40040C7E75E4BD3F8883003F03003F0
:102D6000202BBBD0EFD8002B6DD0B0F5004F41D059
:102D7000FDF7B6FB0028C2D0B5E76FF07E433246C0
:102D80004FF400112046FDF74BFE0028CDD02368FC
:102D900053E8002F22F0800243E800210029F7D1F8
:102DA0002023E367002384F8783003207CE76FF06A
:102DB0007E4332464FF480012046FDF731FE002865
:102DC000B6D0236853E8002F22F4907243E8002124
:102DD0000029F7D103F1080252E8002F22F0010286
:102DE00003F1080040E800210029F3D12023C4F8B2
:102DF0008030D7E7FDF774FB002880D06268530865
:102E000003EB40034FF6EF71B3FBF2F3A3F11002B3
:102E10008A423FF645AF23F00F0292B2C3F342035A
:102E20001343EB606BE7B3F5406F7FF439AF4FF4BA
:102E3000004017E7244815E76A68616C22F4C00275
:102E40000A436A60EEE6B0F5004F38D0FDF798FB14
:102E500000283FF454AF46E7FDF7A6FB0028CDD18C
:102E60004DE7012307A80793FDF73AFC034620BB73
:102E7000174A116E41F480411166116E01F48041D0
:102E800006910699D16C41F00101D164D26C072002
:102E900002F00102032105920190009102224FF4F9
:102EA000C0614FF09040059DFFF7C2FCB0E5FDF713
:102EB00067FB00283FF423AFD4E6FDF769F9FDF77F
:102EC0005FFB00289AD11AE70024F4008800002054
:102ED0000010024038B50446406818B1FDF784FE82
:102EE00000236360206918B107F0E6F9002323612D
:102EF00025682DB12846FDF7CFFD78B90023236062
:102F0000E06818B1FDF74CFE0023E360064B4FF478
:102F100080529A62BDE83840FFF7E4BB00232B6083
:102F20002846FDF735FEE9E70004004810B41E4CC2
:102F300094F8AC30012B33D0D4F88C100220CA2383
:102F400084F8AD0001224B6253234B6284F8AC201D
:102F50008B6823F480738B608B6823F480538B60C1
:102F6000E06E04E0E26E121AB2F57A7F0ED8CB68FA
:102F700013F00103F6D00020FF2201234A6284F8F7
:102F8000AC0084F8AD305DF8044B70470320FF229D
:102F90004A6284F8AC3084F8AD005DF8044B7047A9
:102FA00002205DF8044B7047880000200CB4F0B597
:102FB000ADB032AB06AE53F8042B059304460D4674
:102FC0003046962107F06AFA9528C4BF1B4BCDF80E
:102FD000AA301B4B1B49DF6EA1FB07311A4BA3FB29
:102FE0000723980B194BA3FB07234FEA931C184B9D
:102FF0004FF47A7202FB1C77A3FB00E25209042C07
:10300000C2EB0212A0EB8202A3FB0CE398BF1148B3
:1030100000974FEA531394BF005D3F20C3EB0313A7
:103020000190CDE90256490DACEB83030A4807F045
:1030300001FA2DB0BDE8F04002B070472E2E2E00F0
:1030400088000020B17C219573B2E745D34D621012
:1030500089888888A4F7000880F7000870B5094EB1
:10306000736F05469847044628B12A46002106F0AA
:103070007FF9204670BDD6F88030034A034998474F
:10308000204670BD88000020ACF70008BCF700089F
:103090002DE9F04F02EBC30787B07B88DDF8409045
:1030A000F3B18246884600264D467B6853F8264099
:1030B000C4F30170012816D0022830D028BBC4F315
:1030C0004459012303FA09F39D4231D32F4A304971
:1030D000D2F880602F4A013BCDE90053A3B2B0473C
:1030E00007B0BDE8F08FA3B2194658F8232022F0AC
:1030F0000F0215B1C4F3034422435046FDF716FEF8
:103100007B8801369E42D0D3EAE7204B224AD3F88F
:1031100080301F49002007B0BDE8F04F1847A3B228
:10312000194658F8232022F00F02002DE5D1E1E7DF
:103130001FFA84FB4FF00103ADF80E304BF420432F
:10314000ADF81000CDF81200ADF80C3003A95046D0
:1031500001230522FDF7E8FCC9F12009BDF8122082
:10316000BDF814304FF0FF30C4F3044420FA09F0E6
:10317000A04043EA024323EA000305FA04F4594657
:1031800043EA04025046FDF7D1FDB9E7880000206C
:1031900058F60008CCF7000804F80008F8B5164601
:1031A0000D464FF4E272014618461C4607F056F8E9
:1031B000B6F8581021B196F85E30191E18BF0121DB
:1031C000012396F85B2084F8C6312B4684F8C5218C
:1031D00033F8262B84F8C411A4F8C82105F1560150
:1031E00004F5E5721F685E689868D3F80CC0C2F8F1
:1031F0000CC010338B4217605660906002F11002D1
:10320000F0D1B5F85630A4F8FA3105F1580604F5B6
:10321000FE7E05F18807B446BCE80F00BC450EF100
:10322000100E06F110064EF8100C4EF80C1C4EF85D
:10323000082C4EF8043CEED1B5F88830A4F82C32B6
:1032400005F18A0304F22E24BA35186859689A6881
:10325000DE68E6601033AB4220606160A26004F17A
:103260001004F2D1F8BD00BF2DE9F04F9846184B7D
:10327000DFF860B0B3F8707083B0043A043F5208CE
:103280007F0897420C9E0190894628BF174601F19E
:10329000040A0025741BBC4228BF3C4645EA0B02C9
:1032A000631E08EB4501A9F80020A9F8023062006E
:1032B000504606F0D3FF254401980023A21C49463E
:1032C000FDF732FCAE42E5D803B0BDE8F08F00BF99
:1032D0008800002000C0FFFF2DE9F04F264C87B08A
:1032E0000026CDE90466B4F870808946002B3DD0F5
:1032F0004FEA5808CDE90102A8F104080D461F461F
:103300004FF4004BB246039325E0029BA5F800B0B2
:1033100033446B80631EAB80A5F806A062000021D9
:1033200005F1080006F024F8294601980123221D22
:10333000FDF7FAFB04AA134603CA26446960286015
:1033400009EB460559F81600696803C3039B9E42C2
:10335000A7EB04070AD2B845444628BF3C46B84507
:10336000D3D200E0013CE307FCD4CEE709F108002A
:1033700007B0BDE8F08F00BF880000202DE9F04FB6
:103380002DED028B1C461B78ADF21C4D05460F46F9
:1033900091460A2B12D8DFE813F021000B007200CF
:1033A000F7007C010002AB02D20324045504210083
:1033B000FDF714FE002840F00A852378C84ED6F8A1
:1033C0008050C84AC8490020A847002006462670F9
:1033D0000DF21C4DBDEC028BBDE8F08FC04EDDF848
:1033E0004804EC22002105F0C3FFD6ED517ADFED51
:1033F000BF5ADFEDBF6AF8EE677AB6EE006A85EE77
:10340000A77AF4EEE67A37EE067AF1EE10FABCEE21
:10341000C77A17EE103A1FFA83F800F333849FED52
:10342000B57AF4EEC77AF1EE10FA00F12B84A8F128
:10343000100292B2EF2A40F2AD869FEDAF7ADFED37
:10344000AF6AD6F8805077EE877A37EE877ABCEE8F
:10345000E78ABCEEC77AB8EE477A77EEC77A67EEAE
:10346000A67AFCEEE77A17EE907AA54BA54AA64914
:1034700001978DED008A0020A84723789FE7FDF78C
:10348000ADFD0490002898D04123002239462846FB
:10349000FFF722FF0023028C0292A0F1020A03939D
:1034A00098464FF6FF7B5A1E02FB02F2C2EBC202A5
:1034B000510001F5167CC83A3AF9021F002B00F0C2
:1034C00073843AF902EC01F57A76A1EB0E01914290
:1034D000FFF673AF61453FF770AF86EAE672A2EB85
:1034E000E67292B25A4505D2990089B2DDF8108091
:1034F000039193460133102BD5D1B8F1000F3FF45F
:103500005CAF039A82F0300ADDF84824A2F804A0E8
:10351000B0F822B0B0F88020A2EB0B02B2F5FA6F3F
:10352000FFF64BAF7949CDF810A01204A1FB0212AF
:1035300052094FF0000C2030039266464FF6FF7E92
:103540000AE0514538BF4FF000080133039A9BB29F
:10355000402B944400F05D8730F8021F029A8A1ACB
:10356000002AB8BF524292B272450BEB1C4A38BFD8
:1035700096460AF5487238BF1E468A4201F54871E0
:10358000DFD24FF00008E0E7FDF728FD00283FF408
:1035900014AF3946002220232846FFF79DFEB0F9DC
:1035A00000200746844616460121002096463CF935
:1035B000022F02F54873A3EB0E039BB2B3F5C86F5D
:1035C0003FF6FBAEB242A8BF084601F10101A8BF19
:1035D00016462029EAD1072840F2B5861728A0F11F
:1035E000070340F24B87D3F1200240F0AF8646AB91
:1035F000039303982EA9FEF785F800283FF4DDAE6B
:103600009DED2E6AB5EE406AF1EE10FA3FF4D5AEAC
:103610009DED2F7AB5EE407AF1EE10FA3FF4CDAE83
:10362000DDED306AF1EE666AC6EE877AF5EEC07AB5
:10363000F1EE10FAFFF6C1AEB1EE477AC7EE066AB8
:10364000F5EEC06AF1EE10FA7FF5B7AEB7EE007A8C
:1036500077EE877AFCEEE77A17EE903A9AB23F2A35
:10366000C3F34E033FF6A9AEDDF8482483F0100300
:10367000D38040F215312846FDF7C8FB0426002808
:1036800000F0E58226700DF21C4DBDEC028BBDE80A
:10369000F08FFDF7A3FC00283FF48FAE502339468E
:1036A00000222846FFF718FEDDF84834CDF81890C0
:1036B000CDE9045703F10A013023A0F1020B9C4627
:1036C0000846A246124B002447F6FF76CDE9020BCE
:1036D0005D464FF6E472A646A1461F46B04623E07B
:1036E000880000206CF8000890F80008F902154FD7
:1036F0008096984C8096984BBD37063500247449C7
:10370000B00001082CF8000858F80008ABAAAAAAD3
:103710000080FFFF8E4204F10104C4BFDE460E4666
:103720000832082C92B21AD035F9021F0FFA82FB28
:103730004CB135F8020C081A00B28045A8BF80468B
:103740008742B8BF07460029E4DA8B4204F101043E
:10375000BCBFD9460B460832082C92B2E4D1A7F57B
:103760001C57103FBFB244F620629742DDE9020BBE
:1037700011D8B8F1000F0ED113F5004F00F0DB8522
:1037800047F6FF72964200F03F86AEEB090EBEF19F
:10379000080F00F0AD8254460FE6FDF71FFC00282D
:1037A0003FF40BAE4FF44073394628460022FFF732
:1037B00093FD0DF1340B00F5C063CDE904B3002394
:1037C000029346AB0393484E484F099416ABCDE99C
:1037D00007B50DF1B80906930DF58A780546069CE4
:1037E000AA46BAF902103AF9040BFDF7F9FE44F8BB
:1037F000040B4C45F5D12DACA346AA46BAF962108C
:10380000BAF96000FDF7ECFE4BF8040FC3450AF16E
:10381000040AF3D1DDE902230DF1540E98180021BA
:1038200054F8043F5EF8042F9B1AB34240F35782CA
:10383000A3F5C9237E3BB342FADC002BB8BF5B4241
:103840009942B8BF1946A04540F8043BE8D1049B13
:10385000491043F8041F0493029B60330293059BB5
:10386000C0359D42BBD1DDE907B50021099C0A4660
:103870000B465BF8040F9042C8BF194603F10103E1
:10388000C8BF0246082BF4D10EAB0DF1B70253F8B6
:103890002160039B01EB410103EB41110DF1CF00CE
:1038A00051F8043BB342ACBF0023012302F8013FAF
:1038B00082421376F4D10020012302460AE029B1A6
:1038C00019F8011C002904BF1A4601200133302BCE
:1038D00000F0F48319F8011F002AF0D0002900F04D
:1038E00001820130F2E700BF3F240300C1DBFCFF8F
:1038F0004FF6FF73ADF83830FDF770FB00283FF44A
:103900005CADD54ED54AD6F84431A2FB0328DDF88C
:103910004834B3F8E0304FEA9818394603FB08F80A
:1039200000224FF440732846FFF7D6FC46AB07460B
:103930001A46039340460EAB3946FEF72DFBC84BA3
:10394000372283F82420002800F08281DDF8482403
:10395000BDF838305384C34900932846C24A0C232B
:10396000FFF796FB284640F21741FDF74FFA002873
:1039700000F06E819FEDBD7AF7EE007A3D4607F1CB
:10398000C00007F5D86E0DF1B80CA0F1C0034FF0E0
:103990000008B3F9022002FB02F1B3F9002004335E
:1039A00002FB021298429044F3D106EE908AB8EEE0
:1039B000E66AC030C6EE076A8645B1EEE66AC7EE33
:1039C000866AECEC016AE0D1DDF84834DFEDA81A34
:1039D000DFEDA80A9FEDA81A03F1880916AB60373E
:1039E0000DF1D8089A46039B2EA92A46B2F9000089
:1039F000F1EC016A07EE100AB8EEC77AB2F90200DC
:103A000027EE267A414567EE077A02F1C002C3ED40
:103A1000007A07EE900AF8EEE77A32F9600C67EE6A
:103A2000A67A03F10C0327EE277A67EEA77A03ED57
:103A3000027A07EE100AB8EEC77A43ED017A27EE54
:103A4000267A32F95E0C67EE077AC3ED157A07EE37
:103A5000900AF8EEE77A67EEA67A27EE277A67EE05
:103A6000A77A83ED167AC3ED177ABFD10398102297
:103A70005146FDF747FE002800F0EA80DAED006AC3
:103A80009AED017AF1EEE67AB1EE006A66EE866AA8
:103A90009AED026A67EE075A66EE866AB6EE006A2B
:103AA00076EEE56AF6EE085AB1EEE64AC6EE276A09
:103AB00077EEE57A26EE877A67EEA17A66EE846A7B
:103AC000F7EE004A77EE867A37EE247A76EEE56AEC
:103AD000B3EE0F5A27EE207A66EEA16AF4EEC57AAD
:103AE000F1EE10FA37EE067A76EE866A00F371840C
:103AF000F5EEC07AF1EE10FA00F18884FCEEE77A78
:103B000017EE903A1BB2B4EEC17AF1EE10FA40F320
:103B100051846FEA83536FEA9353F3EE0F7AF4EE16
:103B2000E76AF1EE10FA40F3368443F47873043513
:103B3000AF4229F8023F7FF456AF072647E4FDF76E
:103B40004DFA00283FF439AC1023394600222846AC
:103B5000FFF7C2FBDDF84834B3F88A30002684460C
:103B600003F01F09C3F344189B0A09F1300908F157
:103B70003008A3F120000296B246B64637460CF153
:103B8000020B0BE05345774640F26E82D6469A46CA
:103B9000B3B202930136082E00F068823CF9263059
:103BA0003BF9262009FB03F302FB00F1002BB8BF11
:103BB0003F33002902FB08F2B8BF1F319B11002AD6
:103BC00003EB6113B8BF3F321BB242F38F1203FB0A
:103BD00003F302FB0233BB42DCD97345D2D81F4644
:103BE000D8E7FDF7FBF900283FF4E7AB602339463F
:103BF00000222846FFF770FBDDF84834DDF8482442
:103C00005633263200210646FEF732F900283FF4EB
:103C1000D4ABDDF84834DDF84824DDF848148833A7
:103C2000304658328A31FEF723F900283FF4C5ABFD
:103C300040F27C412846FDF7E9F8092600287FF488
:103C400021AD04E0FDF7CAF9002840F04781024E9B
:103C50002378FFF7B4BB00BF88000020D34D62106B
:103C60000000002050DA000830BC0008000040428C
:103C7000000080420000004200007C42BD37063553
:103C8000002474491FED037A5FED036AD6F8805073
:103C90008B4B8C4A8C4977EE877A002037EE877AF7
:103CA000BCEEE78ABCEEC77A8DED008AB8EE477AA3
:103CB000A8F1100877EEC77A67EEA67AFCEEE77AED
:103CC000CDED017A17EE907AA847B8F1EF0FBFD982
:103CD000D6F88050FFF7C9BB03F5C9237E33BB423A
:103CE000FADBAAE50B2800F2E98108460A46EDE571
:103CF000F61ADB0093FBF6F3A9EB03030FFA83FE3E
:103D0000BEF1000FC0F26883BEF11F0F3FF743AD55
:103D10001FFA8EFE6D4B83F815C00CF1010C5FFA93
:103D20008CFCBCF13A0F20F802EF0BF1100B7FF482
:103D3000C9ACDDE90457DDF8189080234A463946BE
:103D400000932846624BFFF78FFADDF84834DDF820
:103D500048149B890093CE885E4A5F490723284612
:103D6000FFF796F95B4A5C49009608232846FFF75F
:103D70008FF90323574A5849009328460923FFF730
:103D800087F90623534A5449009328460A23FFF72C
:103D90007FF940F2D6312846FDF738F8544605261B
:103DA00000287FF46FAC52E701F57A73002BB8BF9F
:103DB0005B429BB29B4502D80123FFF774BB0022F4
:103DC0009B46DDF8108003920123FFF76CBB43F2A2
:103DD00032034FF0000846930322012346A92846E8
:103DE000ADF81C81FCF7A0FE394612234246284656
:103DF000BDF81C61FFF770FA0146B0F800E0B0F8BA
:103E000002C04346043140464FF6FF7746FA03F2BC
:103E1000D2070BD531F81320A2EB0C02002AB8BF51
:103E2000524292B2974284BF98B217460133102B88
:103E3000ECD1431E0D2B3FF6C0AA00F10043013B1D
:103E400001EB430731F813207B8841F28731D21A06
:103E50008A427FF7B2AA4FF6FF7296423FF4ADAAAC
:103E6000BA889B1A8B427FF7A8AA40F2E51303FB9E
:103E70000EF31B0CA3F5897313F1140F1AB2C0F2E1
:103E800001832C2A40F3FC824F2ACCBF0423032356
:103E9000DDF848241049A2F800E0508093840D4AD0
:103EA000009025232846FFF7F3F840F233212846F7
:103EB000FCF7ACFF022600287FF4E4ABC7E600BFA6
:103EC000B00001082CF8000858F800080000002095
:103ED00070BD000830BC000850DA000839464FF4C5
:103EE0009C6300222846FFF7F7F90DF1340A0EAF64
:103EF0000DF1580B2EAE4FF00008CDF8048053465C
:103F0000CAF8008046AA00979021C7F80080CBF835
:103F10000080C6F800808146FEF7C8F800283FF40C
:103F200096AECDE900685B4646AAF02109F590708F
:103F3000FEF7BCF800283FF48AAECDE900A8396846
:103F40003268CC4BCC4D521A02FB03F305FB01F156
:103F50001B0CC3EB5133DDF84814C1F8BC30DAF860
:103F6000003005FB03F305FB02F25B0BC1F8C02038
:103F7000C1F8C43046AA0CAB40F21F1109F202305E
:103F8000FEF794F800283FF462AECDE9007B0BAB5E
:103F900046AA4FF4907109F5A860FEF787F800284B
:103FA0003FF455AECDE90086434646AA09F5F060D8
:103FB0004FF49071FEF77AF800283FF448AEDAF833
:103FC00000203F68DDF82CE0DDF830C03368DBF816
:103FD0000010BE1A05FB02F7A84AACEB0E0C02FB60
:103FE0000CF25B1A05FB01F805FB0EFEDDF8481428
:103FF000120CC2EB5E32C1F8C82005FB0CF2C1F80E
:10400000CC209F4A06FB02F2120CC2EB5732C1F8D9
:10401000D0209C4A05FB06F603FB05F502FB03F3E3
:104020001B0CC3EB5833C1F8DC50974DC1F8D4607A
:10403000C1F8D8304E1E01F1EB074FF0FF3316F8F0
:10404000012F0821534043F300022A40013982EA3C
:104050005303F8D1B742F2D1DDF84824DB43C2F86C
:10406000EC300A26FFF7B3B99E4693E5B7EB5A0F3B
:10407000BFF4A3A9DDF84824029B13848349844A32
:10408000009328460B23FFF703F80023804A7F495B
:10409000009328460923FEF7FBFF7E237B4900930C
:1040A00028467B4A0A23FEF7F3FF40F25341284695
:1040B000FCF7ACFE00287FF4E5AAC8E5A0F10C03EC
:1040C000082B3FF67AA902EB5002172A02D9183AB8
:1040D000172AFCD892B2910089B201F13006DDF8BE
:1040E0004834B6B25F2E1A8140F2C281694BA3FBFD
:1040F00006239B0903EB4303A6EB43134FF0000891
:104100000E46C14699B20127614A009121235F49B9
:104110002846FEF7BDFF5E4A5C49009622232846EA
:10412000FEF7B6FF03265A4A58490097012328464E
:10413000FEF7AEFF564A5549009602232846FEF781
:10414000A7FF3346524A5149CDF800902846FEF762
:104150009FFF4F4A4D49CDF8008004232846FEF7C3
:1041600097FF4B4A4949009705232846FEF790FFE1
:104170000023474A4549009328460623FEF788FF57
:1041800040F2ED312846FCF741FE062600287FF478
:1041900079AA5CE577EEC77ADFED3F6A9FED3F7A5B
:1041A00067EEA67AB8F13F0F77EE877AFCEEE77AF2
:1041B00017EE903A9BB200F21A810021B8F12F0F4E
:1041C00088BF42468C46DDF84804A0F8E080A0F89D
:1041D000E830A0F8E210A0F8E420A0F8E6C02846F5
:1041E000B6F87080FDF7B2F900283FF431AD4FEA20
:1041F000590C4FEA5808C44528BFC446ACF1020C1C
:10420000CDE903452CF0010C3B1D40F64C3A0293DE
:104210001FFA8CFB4FF00008E146C8F534630C33FD
:10422000994594BF5D4655464FEA580468084FEAE1
:1042300084010CD0154B07EB800019443B4651F824
:10424000042BDA80120C9A8004338342F7D1DDF814
:1042500048340298B3F8E23001931C2300932A46B5
:104260000B4B4146FDF78CF8D0B9039C2378FFF740
:10427000A6B800BFA82A0400AA0A0100541502002B
:10428000A64A07004E750B002083B8ED50DA0008EF
:1042900030BC0008ABAAAAAAE8385BB500007C4293
:1042A000DDF848340298B3F8E43001931A23009300
:1042B0002A46754B4146FDF763F80028D5D0DDF856
:1042C00048340298B3F8E63001931B2300932A4642
:1042D0006D4B4146FDF754F80028C6D0DDF8483450
:1042E0000298B3F8E8300193192300932A46664BED
:1042F0004146FDF745F80028B7D02B4604982146E3
:104300003A46D844FCF72AFD1FFA88F840F64B33AA
:10431000AAEB0B0A98451FFA8AFA7FF67EAFDDE911
:1043200003454FF4AE712846FCF770FD01260028C6
:104330007FF4A8A98BE447F6FF739E427FF4E0ACBC
:104340005446FFF73AB800F10802002346A998182E
:1043500007EB4000039107EB430707EE903A37F96C
:10436000026BF8EE677AB842C1ED027A07EE906A06
:10437000F8EEE77A03FB03F6C1ED007A07EE906AE8
:10438000F8EE677A03F10103C1ED017A01F10C0146
:10439000E3D1FFF72EB9F5EEC06AF1EE10FA3FF562
:1043A000C6ABFCEEE66A16EE902A43EA42131BB255
:1043B000FFF7BDBBB5EEC07AF1EE10FA3FF5ADAB3D
:1043C000BCEEC77A17EE102A43EA82231BB2FFF72E
:1043D000A4BB1F23FFF797BBCEF1000E1FFA8EFE82
:1043E000BEF11F0F3FF6D7A94EF0200E92E4B8F1B0
:1043F000BF0F96BFA8F140024FEAD802C2F3CF0226
:1044000008F0070C0121DEE6CE4679E40023FFF731
:104410007ABBDDF810A0B8F1000F3EF4CEAFDDF8A6
:1044200048345E81012300934FF47E534A46394657
:10443000ADF81831284646ABFEF716FF124A13496D
:10444000009626232846FEF723FE0F4A0F49CDF893
:1044500000A024232846FEF71BFE40F2C621284672
:10446000FCF7D4FC032600287FF40CA9FFF7EFBB70
:104470004FF003084FF00109002745E60F2265E7DA
:10448000022305E5012303E530BC000850DA0008EB
:104490002DE9F04F2DED0C8B99B090F85E409B46C6
:1044A00090F85C300893042CB0F8583003938146A0
:1044B0008846924615D890ED145AB5EEC05AF1EEE2
:1044C00010FA00F1F38190F86630002B00F08F8233
:1044D00090F85B30002B00F08A82D64CD64A0594C7
:1044E00002E0D44CD54A0594D4F88030D449002059
:1044F0009847D9ED157AD4F84431019307EE103A74
:10450000F5EEC07AF1EE10FAB8EE478A40F3D281A8
:10451000C8EE278AF6EE007A78EEA78A039B002B76
:1045200000F0C18199F85E30049399F85A30002B5D
:1045300040F0C38199F86020022A41F04E8099F83A
:104540005E40012C00F0CA83002422462E990C7193
:10455000AAF8AC21002B00F0B58199F85F30012B4F
:1045600000F0DC83022B00F0D683002B40F0C783E1
:1045700001231A46AAF82630AAF8282099F86030B4
:10458000012B00F0B483022B00F0B083002B00F06D
:10459000EB83059BAB4AD3F88030A94900209847AC
:1045A000B8F1000F00F0928100230193B8F8E410F5
:1045B000B8F80830AAF80210B8F8E610AAF8041003
:1045C000B8F8E210AAF80010B8F8E810AAF8061037
:1045D000B8F80210AAF808109B00B8F80410AAF85E
:1045E0000A109BB2B8F80610AAF80C1003F13002BA
:1045F000B8F80A10AAF80E1092B2B8F82010AAF86B
:1046000010105F2AB8F82210AAF8121040F2EB81BD
:104610006020B2FBF0F100FB112189B200201A46A4
:1046200004460B460121AAF81430AAF816200023EC
:104630000322AAF82230AAF81C40AAF81E00AAF801
:104640001810AAF82010AAF81A20ABF8023001239B
:10465000CBF80A30019B002B00F07B860024CDE9CB
:1046600001440AF13E039FED789A9FED78AADFEDB1
:104670007B9ACDE9068A0AF14E060BF10E074D46EC
:104680009A46049AE3B29A4200F2298100233B80C1
:104690003B81AAF800300134042C07F102070AF12B
:1046A000020A05F1140506F15606EAD1DDE9068A8B
:1046B0000124BAF8AC31012B04D1DDE9023202FB4E
:1046C00003F30293BBF80C20039B029DB9F864002E
:1046D00099F863C099F8667099F862E012FB03F2EA
:1046E000BBF80A30AAF89EE192B24FF6FF7113446C
:1046F0008D429BB228BF0D464608591CAAF8A4510A
:104700008CF0010C019DAAF8A6C10338033E89B2C2
:10471000AAF8A051AAF8A801AAF8AA61ABF80C203F
:10472000ABF80430ABF80610002F00F014814133D1
:1047300099B240250123ABF80010ABF80850AAF855
:10474000C031B8F1000F03D0B8F80C30AAF8C2316C
:10475000002C40F031812E9A0023136099ED145AF9
:104760000024089BAAF8B231039B012B40F221815F
:10477000B9F85830023B01229BB29FED356ADFED5C
:10478000355A99F85A10F1EE007AC8EE066A68EECA
:10479000277A68EE255A87EE867AC5EE867AB6EED7
:1047A000006A76EE866A37EE067AFCEEE66AB5EEC9
:1047B000405AD9ED155AAAF8AE31F1EE10FA16EEBC
:1047C000903A77EE867ABCEEC77AAAF8B02114BF89
:1047D00001220022FCEEE77AAAF8382099F85B2043
:1047E000AAF8B43117EE103AF5EE405AAAF8B631ED
:1047F00017EE903AF1EE10FAAAF8B83114BF012082
:104800000020002C40F0AA80AAF83010AAF832202C
:10481000AAF82A0099F861300F4ACAF8BA21012192
:104820002046AAF82410AAF8BE3119B0BDEC0C8BB2
:10483000BDE8F08F88000020E8F80008A4F8000820
:10484000C0F80008E4F900082549123E8FC2753D02
:104850000024744900009643FF070108000000008F
:10486000F5EEC07AF1EE10FA00F1D78299F85A30DD
:10487000002B00F0D582F5EE407AF1EE10FA05D16A
:10488000B5EE405AF1EE10FA40F084835FED0D8AE8
:10489000059B674AD3F88030664900209847039B00
:1048A000002B7FF43FAE039B04933EE6624C634AC9
:1048B000059419E6DFED628A30E62E9A0023137123
:1048C000AAF8AC31B8F1000F7FF46EAE0123CDE948
:1048D0000188ABF80280CBF80A304446E9E60123B0
:1048E000AAF8003099F85C802A8940F2FF3340F240
:1048F000FF11B8F1000F18BF0B460AB39A421FD838
:10490000AA7B2B7C62B1022B0AD1059B4D4AD3F8BE
:10491000803048490020DDE9068A00249847C8E62F
:10492000E87B002840F0FC81012B00F09580059B7E
:10493000454AD3F880303F49DDE9068A984708E0C8
:10494000059B424AD3F880303A490020DDE9068AC7
:1049500098470024ADE63D463B46ECE6B5EE405AAE
:10496000F1EE10FA0CD0C8EE057A77EE867AFCEEFE
:10497000E77A17EE903AAAF83C301B0CAAF83A30C6
:10498000002361F30F03F5EE405A62F31F43F1EE8B
:1049900010FAAAF82A00CAF830303FF43BAFFCEE18
:1049A000E87A17EE903A1A0CAAF82C20AAF82E30C2
:1049B00030E700221346E0E699F85D30072B3FF61A
:1049C000CAAE234A9FED1E9A134493F8F43BAAF80B
:1049D000A2312E9B83ED009A049B002B40F0238292
:1049E00099ED145ABDE60320012400211BE6012C99
:1049F00040F2C88199F80F104A46012303E00133C1
:104A0000A34200F0BF81084692F82310814202F1D0
:104A10001402F4D2084D0F4AD5F880400549059597
:104A20000020A047D9ED157AD5F8443165E500BFDF
:104A300048F90008C0F8000888000020D4F80008F1
:104A40000000000014FA000840FA000804FA000808
:104A500080B2000814F900086FF00B030B93EB8889
:104A6000AA880E93182B099240F279821822B3FB80
:104A7000F2F102FB11339BB2002B40F0F5828BB2B6
:104A80000D930A92099B002B40F02E84059BAF4AA0
:104A9000D3F88030AE4909989847B8F1000F00F07C
:104AA00018844FF000080223099A0B9912FB03F3B4
:104AB0009BB209932B6819440B460C910E99013A4D
:104AC00001FB023203F5C3430B9228334CF2503200
:104AD000934208D9059B9F4AD3F880309C49002017
:104AE00098474FF000080B9B03F5C34328334CF263
:104AF0005032934208D9059B974AD3F880309449A5
:104B0000002098474FF000080C9B002BC0F2018357
:104B1000182293FBF2F212B20B990029C0F2F18233
:104B2000182391FBF3F31BB292B29B1A99B21BB2FA
:104B30000D981293B1FBF0F14B1C13910C9911924B
:104B400018221FFA83FE91FBF2F302FB1313002BD2
:104B5000B8BF18331BB20F930A990A9BB2FBF1F24C
:104B6000BDF83C10B1FBF3F003FB101083B20C93C3
:104B70000B9B4FF0180C93FBFCF00CFB1030002843
:104B8000B8BF183003B2013A10930C9893B20A9A46
:104B9000179313FB0200BEF1010FBDF8402080B255
:104BA00000F0CD82131A18BF01230E930C9B99427B
:104BB00000F0BA820E9B139A1493D21A92B20B92FF
:104BC00002460F9BD31A0A9A93FBF2F39BB21593FA
:104BD000012316930C9B89009B00B186F386B8F1E4
:104BE000000F40F0588380230F934FF000080F9977
:104BF000119B1298A1F14A0292B2C3F12903134406
:104C000011924A08033AF2851AB213929BB2121A11
:104C10001293292AA1F10303B38508DC059B4F4AAF
:104C2000D3F880304A49002098474FF000080F9B86
:104C3000139A143B9A4208DB059B494AD3F880300B
:104C40004349002098474FF000080A9B013B9B0016
:104C50009BB22C2B00F244821E2B40F254831E3B4D
:104C600099B20F231A46A6F84830149BA6F8443090
:104C70000D9BA6F84C100B99A6F84A20013B169AFA
:104C8000A6F846300B1E18BF012311983086002A63
:104C90001298A6F84230159B708608BF0023A6F82C
:104CA00040207387002900F0EA810E9B33B10C9AF3
:104CB000109B9B1A0A9A93FBF2F39BB2F3870B9B10
:104CC000179AB287013B9BB20B930B9B3387B8F1CA
:104CD000000F40F03D82DDE9068A3AE699F810209F
:104CE000013A012A7FF630AC22462FE40023CAF8AD
:104CF0003430B8F1000F3ED00123019356E4059BF8
:104D0000184AD3F88030124900209847B8F1000FB4
:104D10007FF44AACDAE500231A462BE4002229E4AA
:104D2000013B042B00F2778401A252F823F000BF6C
:104D3000594A00088D4F0008454D0008854F00086E
:104D4000454D00086FF00C030B9388E68CFA0008C1
:104D5000C0F80008D8FA0008ECFA000820FB0008A8
:104D600040FB0008C4F900084FF00113CAF83430C2
:104D7000B8F1000FC0D10023ABF802300123CBF80B
:104D80000A306BE4C24BD9ED157A0593D3F8443160
:104D9000019307EE103AF5EEC07AF1EE10FAB8EE94
:104DA000478A7FF75DADC8EE278AF6EE007A78EE87
:104DB000A78A18EE900A06F0D9F859B1059BB54AB2
:104DC000D3F88030B44900209847039B002B7FF430
:104DD000A9AB69E599F85A30002B7FF459AD039AD5
:104DE00099F85F10002A99F8602014BF204600202F
:104DF0009142049008D9059BA84AD3F88030A6496F
:104E000000209847FFF791BB022A00F0E3832E9A17
:104E10001371AAF8AC31FFF7A0BBDFEDB08ACDE784
:104E2000DFEDAE8ADBE7BAF8AC31BAF8A421012B8A
:104E300000F0C68007EE902ADFED999AB8EE67AAD7
:104E4000B7EE089AB2EE02BA059B9FED960AD3F828
:104E50004431019307EE903AF8EE67CA80EE2C0ACF
:104E600003F038FB99F86030022B6CEE80CA00F238
:104E70003B818D4A02EB8301D1ED00AAD1ED03BA4B
:104E800020469FED96CA9FED89DADFF84CB2824E3C
:104E9000059D01944FF0000899F85E305FFA88F4A0
:104EA000A34240F2A580142303FB04931B7C052B33
:104EB00000F28D80022B40F293800227142303FB23
:104EC0000493DB7B052B00F29C83DFE803F03F3C7F
:104ED00039034542DFED767AF8EE677A14228CEEDC
:104EE000A77A02FB04927B0007EB4707BF001189FA
:104EF00018370433BFB201FB033302335B009BB2AC
:104F000007EE907A87EE0D6A08F10108F8EE677AED
:104F100087EE867A07EE903AF8EE677A9388C7EEC6
:104F2000865A06EE903AF8EE666AF0EE477A45EE5B
:104F3000A67A77EEA97A77EE897A3CEE27CAABE7B4
:104F4000DFED5C7AC8E7DFED5C7AC5E7DFED5B7A21
:104F5000C2E7DFED5B7ABFE7DFED5A7ABCE70E9A76
:104F6000002A00F081801823B3FBF2F302FB03F365
:104F7000C3F118039BB2002B76D10E9B0A93012339
:104F80000D937FE56FF00F030B9368E56FF0060359
:104F90000B9364E599F85F2099F860309A427FF4AA
:104FA00075AC039B2E9ADFED4D8A002B14BF234670
:104FB0000023049300231371AAF8AC31FFF7CDBA94
:104FC000F0EE499AB0EE49BAB0EE49AA3CE70020AB
:104FD000D5F880305A4631460027984738466DE765
:104FE000012B03D0022BF2D1032767E7042765E7E3
:104FF000019C00283FF4B2AB9FED337ADFED2B6AC2
:105000009FED326A99ED145A2E9BCCEE877AB1EE61
:105010000C7AC7EEA65A2AEE07AA7AEEABAACAEE17
:10502000257AB0EE007A77EE8B7A77EE8C7A77EE8F
:10503000AA7A07EE867A77EE277A86EEA77AB4EE1A
:10504000C57AF1EE10FA83ED007A7FF58AAB059B05
:105050001F4AD3F880401049FDEEC77A002017EEB2
:10506000903AA047FFF77ABB059B1A4AD3F88030E5
:1050700009490020984701230A930D930DE50E9BE3
:10508000002B40F029810B9BF3870023B3871CE69C
:105090008800002034F90008C0F8000874F90008FE
:1050A0009A999D41F902154F7CBE0008002474496D
:1050B00020010000C0000000A000000080000000EF
:1050C000E001000080010000000020430AD7233CDB
:1050D000BCFB000878FA000868FA0008000000002D
:1050E00000231A461946BEE5059B5FED04BAD3F8C6
:1050F00080309A4A9A4900209847F0EE6BAA002027
:10510000BFE60B9B1821DB43B3FBF1F3DB431BB280
:105110000AE50C9BDA431823B2FBF3F2D24312B236
:10512000FAE4824210D10E930E9BAEEB030E1FFAEF
:105130008EF20B920022CDE9143216924AE50C9BB6
:1051400099424FF00003ECD014930B930E9338E583
:10515000AB7A172B00F2DE80092B00F2EC80C3F152
:1051600009039AB2152326F8083C069B26F8062C5C
:10517000002B00F01B8203EB4202938926F8043CCB
:105180002B7C013B042B00F26B82DFE803F07D6295
:105190006D58030000214FF002080B204FF0050C62
:1051A00008228E460B467084A6F8208042EA02420E
:1051B0004FF001080CF1FF30326008FA00F008FAF5
:1051C0000CF2013A013892B2400270819001520211
:1051D00080B23281002260F30F0260F31F427260DE
:1051E00099F85D20002B00F0C380BEF1000F00F0A5
:1051F000BF80022A00F222815A4B134493F8F03BFD
:10520000B381069B002B00F0C9800023A6F81C8008
:105210003382069B0B91D3E9328C0022D3F8C43041
:105220000A9313460A9908EB1240401A0B998842D8
:10523000624480F2468101330F2BF3D142E1002119
:105240004FF0020806204FF0030C08228E460B4652
:10525000A9E74FF0010C4FF0030802200822962125
:105260004FF0FA0E63469EE7022304219C46082273
:10527000082A718433843FF62EAD4FF0000E42EAC7
:1052800002427146734693E7069B00219A8C4FF0C9
:10529000010C0423ECE7EB7B052B00F2C781DFE870
:1052A00003F00D0A070314104FF490730F939EE45C
:1052B000C0230F939BE4A0230F9398E480230F93C4
:1052C00095E44FF4F0730F9391E44FF4C0730F9390
:1052D0008DE40423FFF7E8BB0C9A109B9B1A0A9AF3
:1052E00093FBF2F39BB2CFE6B8F1000F1DD12B7BFD
:1052F00053B3059B1C4AD3F8803019494046984760
:105300000423FFF7D1BB0F2B12D90F3B9AB2002118
:105310000F23A8E4059B154AD3F8803010490020DC
:10532000DDE9068A9847FFF714BB0223FFF7BCBBF1
:105330000022114697E4102B94BFC3F11E03C3F162
:1053400017039BB200220EE74FF001080423FFF77A
:10535000ABBB019B02931C46FFF7ABB9E4F9000815
:10536000C0F8000880B20008A0FA000858FB000846
:10537000072A63D8B248024492F8F42BB281069A05
:1053800062B100223282002B66D1B3837382F38133
:10539000B3827383F38233830023F3832B89EA7A06
:1053A0003285012B55D0023B9BB20121B384AB7BEC
:1053B00026F8023C83F00103F18473850999BBF858
:1053C0000C303B800B443981ABF80C30AB88297C26
:1053D00006EE903A2B89012907EE103A338C2AD039
:1053E000022914BFF0EE695AF0EE4A5A01339BB21B
:1053F00007EE903AF8EE677AB1EE006AF8EE666A68
:1054000067EE867AB8EE477A67EEA67A0198029B35
:1054100067EE877A014667EEA57A002808BF114635
:1054200067EE897A0191FCEEE77A17EE902A134431
:105430000293FFF730B9DFED835AD7E7059B824A25
:10544000D3F8803081490020DDE9068A9847FFF7CC
:1054500080BA00231946A9E70123B383BEF1000FE8
:105460007FF4D7AEA6F812E0724671460023F181B0
:10547000B3827383002A4CD1F28213469E44069B6A
:10548000D3E92F81F04542DA0846002303F1010CED
:105490000A931FFA8CF3162B2ED008EB104CBCEBA2
:1054A0000E0C0844F2D4002A7FF475AF0A9800FB72
:1054B00001F108EB1148AEEB08029445C8BF034662
:1054C00069E79BB2069A7382D2E9368303EB8302C3
:1054D00008EB1242F92A65DC062003FB00F00522E6
:1054E00002E0BCF1FA0C52D51146013292B2142AF4
:1054F00008EB104C1844F4D1059B554AD3F8803082
:1055000052490020DDE9068A9847FFF722BA0023B6
:1055100041E7069AD2E9340C704545DA624698466E
:1055200001339BB2162BE7D000EB1241B1EB0E0119
:105530006244F4D40CFB08F200EB1242AEEB020220
:105540009142D8BF98460699728AD1F8CC30A6F815
:10555000168003FB02F2D1F8C83003EB12430A466F
:10556000D1F8C4100B91F1890A910B995B1AD2E919
:10557000362EC1D40A990CFB08F80EFB01F102EBA0
:10558000114200EB184002EB000EFA2276E701FB15
:1055900003F308EB1343C3F1FA039C45D8BF11464C
:1055A000FA2263E70521FBE79846CCE7069B26F83D
:1055B000043C2B7C013B042B52D801A252F823F06F
:1055C000EF55000853520008695200083F52000886
:1055D000955100080123FEF7B4BF2E9A1371AAF863
:1055E000AC31B8F1000F7EF4DFAFFFF76FB90020E8
:1055F0004FF004084FF0010C022201468646034694
:10560000D1E50020D5F88030124A10499847DFEDE7
:10561000127A002060E4059B104AD3F880300B49D1
:105620000020DDE9068A9847FFF793B9059B094AF0
:10563000D3F88030054900209847FFF7D4BA00BF5F
:1056400080B20008CDCC4C3E70FB0008C0F80008CA
:1056500090FB000814FB00088000000068FA0008B6
:10566000059B084AD3F880300749DDE9068A002007
:105670009847562303FB04A30022C3F86E20FFF7CC
:1056800068B900BF68FA0008C0F800082DE9F04FBB
:10569000ADF5117D0C46154600214FF4E272064629
:1056A0000DF118081FA81F4603F062FECDF8008018
:1056B00008AB1FAA29462046FEF7EAFE30B94FF094
:1056C000000840460DF5117DBDE8F08F94F85B2091
:1056D000414608A810ABFBF7D3FA0028EFD09C9AFC
:1056E000BDF8523013809D9ABDF85630DFF8ACB04B
:1056F00013803046BBF87080FBF728FF58B34FEAA1
:10570000570A4FEA5808C24528BFC2469A9B0397DA
:10571000AAF1020A2AF0010A2A46043355464FF03C
:105720000009A0461F4692464A4605AB39461FA8C7
:105730000595FCF7E3F94FEA5901A944059B9A9AAC
:1057400004461FFA89F93046FBF708FBB9F51E6FCE
:1057500008D2002CE8D1DBF880300D4A0D4900203A
:105760009847ACE74346A046039F1C46B8F1000F9C
:10577000F1D080239A9900933A463046064BFDF7C4
:1057800073FD9B9B224651461FA8FDF707FD98E736
:10579000DCFB00083CF2000870BD00088800002017
:1057A0002DE9F04FADF5117D06460C46154600215A
:1057B0004FF4E2721FA89B4603F0DAFD3C22002161
:1057C00010A803F0D5FD9B9B93F8C5716FB15F4B9B
:1057D0005F4AD3F880305F49002098474FF00008B7
:1057E00040460DF5117DBDE8F08F0DF11808CDF89C
:1057F000008008AB1FAA29462046FEF749FE002874
:10580000ECD0414694F85B2008A810ABFBF738FABF
:10581000814680460028E1D09C9ABDF85230138022
:105820009D9ABDF8563013809B9805AB0DF112027E
:105830001FA9FCF731FDBDF81420BDF812309A42C3
:1058400006D29B9B224629461FA8FDF7A7FCC7E767
:1058500039463046FBF7BCFA20B93046FBF7E2FB8D
:10586000002864D005AB9B980DF112021FA9FCF72C
:1058700013FDBDF812A0BDF814309A450ED9334A75
:10588000D2F8843034490591002B44D005A9304624
:1058900002229847B9F1000FA0D0D2E72B4ACDF8E9
:1058A0000880B2F8701003954FEA5B0B49088B45EE
:1058B00028BF8B46981CA0EB0A00ABF1020B2BF023
:1058C000010B80B29A99834528BF83460431A146D3
:1058D00098465C460D46934604E0A2441FFA8AFAB5
:1058E000C24511D805AB524629461FA80594FCF7BE
:1058F00005F907460028F0D0059B9A9A4FEA5A010D
:105900003046FBF72BFAE8E74C46DDF80880039DAC
:10591000B9465A46B4E7D36F104A0592304605A9F6
:1059200004229847B9F1000F3FF458AF89E7074BBD
:1059300093F88820002A3FF451AFD3F88040084AFA
:10594000084933460120A04748E700BF88000020EF
:10595000F0FB00083CF200088010010010800001FC
:1059600030FC000854FC000870B5FEB04FF4E27241
:1059700004460D460DA8002103AE03F0F9FC009685
:105980000DAA05AB00212046FEF782FD08B97EB0C6
:1059900070BD94F85B202B46314605A8FBF770F9E3
:1059A000F5E700BFF8B595692B7802EB43030F4686
:1059B000B3F84460536901466888144603EB40001D
:1059C000720004F01FFC6B88E26D1E4413786E8039
:1059D00003B93B791370F8BD2DE9F04F2DED048B21
:1059E000038F8DB00546002B00F01581B0F84030D4
:1059F000428F0469B0F850E007925B000293838FF6
:105A0000C28F34F913300B92BEF1000F00F0038106
:105A10001B010893D0E91223D718B0F85200B5F84B
:105A20004230DFED8A8ADFF830B20193FE434FF057
:105A30000008F6EE009A0990C1460496CDF828E0D9
:105A4000834B83FB0710F917C1EBA00101EB410069
:105A5000A7EBC00000281FFA89F886B2C0F2EB80DD
:105A6000002FC0F2F180089B09B2090481FB0301F9
:105A7000002906DA4FF6FF7C10EB0C0C604641F172
:105A80000001079B000C40EA0140991934F91110FC
:105A9000A0EB011007EE900AB8EEE79A29EE289ADB
:105AA000B0EE490A02F036FFB0EE408AB0EE490A85
:105AB00002F0D6FC019B002B00F0A2800B9BB5F8F6
:105AC00044A01E4404EB46030020CDE90597039350
:105AD0000646009059E095F838C0BCF1000F4BD055
:105AE00007EE101A07EE903AF8EEC76AF8EEE77A7A
:105AF00026EE806A27EE887A66EE886A37EE467A66
:105B000067EE807AB5EEC07A77EEA67AF1EE10FAFB
:105B10004CBF37EE697A37EE297AF5EEC07AF1EEAE
:105B200010FABDEEC77A4CBF77EEE97A77EEA97A24
:105B300017EE103AFDEEE77A5B4517EE901A47F63E
:105B4000FF70B8BF5B468342D5F85490A8BF0346A8
:105B50005945B8BF594699F800E08142A8BF0146AF
:105B6000BEF1000F04D117EE100A98425BD0E64652
:105B700089F800E01BB209B2A352009B798053441C
:105B80000093019B01369E4238D0009B95F839C0A6
:105B900008EB5302029B92B203EB8202A718A35EAA
:105BA000B7F90210BCF1000F95D00398B0F800C00F
:105BB0000CF01F0E0EF1300E03FB0EFE4FEA9C237D
:105BC000203BCCF3441C01FB03F3BEF1000F0CF1AE
:105BD000300C01FB0CFCB8BF0EF13F0E002BB8BF20
:105BE0001F334FEAAE1EBCF1000F0EEB6313B8BFBC
:105BF0000CF13F0C1BB24CF38F116CE7DDE90597FC
:105C0000099B049A1F44D31A04930A9B09F10109C2
:105C100099457FF415AF286843680DB0BDEC048B3F
:105C2000BDE8F04F184717EE900AB0EB010E18BF11
:105C30004FF0010E9CE71836B6B2049B054AA2FB52
:105C400003016FEA11110EE70026F6E70000803726
:105C5000ABAAAA2AABAAAAAA0080FFFF2DE9F04F9F
:105C60002DED048BADF5037D4FF49872002136A81D
:105C700003F07EFB9B499C489C4C04F0DBFB9C4959
:105C80009C4BC1F84431022201F1700581F8882053
:105C90000FCC0FC594E803004FF4987285E8030019
:105CA000002136A803F064FB012393493893502266
:105CB0006C20FDF7D3F90546002800F0A8808F4B33
:105CC00040F8043B04F10801682204F0C7FA2846B2
:105CD0003695FAF7E1FE08B164236B602846FAF7BF
:105CE000DBFE08B164232B812846FAF7D5FE08B104
:105CF00002236B812846FAF7CFFE08B102232B75E9
:105D00002846FAF7C9FE08B11E23AB812846FAF7E8
:105D1000C3FE10B11023A5F85C302846FAF7BCFE8C
:105D200000287ED1369F3846FAF7B6FE002845D0C7
:105D3000734967221020FDF791F9064600283DD0EF
:105D4000704B036097F86240002C6DD06E49B7F835
:105D50005C4038221020FDF781F96B4980463922DA
:105D6000FC20FDF77BF90546002C6BD066493E22EE
:105D70006020FDF773F901248246B8F1000F63D06B
:105D8000002D61D014B1BAF1000F5DD0C5F898A014
:105D900027A9C8F80050381DFFF7E6FD00285DD19F
:105DA000534B5A4AD3F88030574998474046FAF740
:105DB00035FF002373603046FAF7F2FE544B554826
:105DC0001B680021DB6839911C22012104F0C8FA0C
:105DD000514B4FF480529A62FCF784FC379818B10B
:105DE000FAF702FF002337933A9818B104F064FAE7
:105DF00000233A93399818B1FAF7D2FE0023399369
:105E0000464804F005FB36A8FDF764F803E0444873
:105E1000369504F0FDFA0DF5037DBDEC048BBDE86D
:105E2000F08F0223EB747DE7374938221020FDF70D
:105E300015F9354980463922FC20FDF70FF9A246B5
:105E400005469AE7A24698E74046FAF7A1FE28469B
:105E5000FAF79EFE5046FAF79BFEAAE7BDF8B0306F
:105E6000BDF8BC20D5F898A01A4491B2BDF8B22074
:105E70001091A5F89E1005F1F8015200C5F88410A4
:105E800005F1F401C5F8E820C5F88810002205F1F5
:105E9000F601C5F89420A5F89C20C5F88C1005F1F2
:105EA000F00205F1F7012B876A62C5F89010BAF18C
:105EB000000F09D005F1EC01CAF8181005F1F50141
:105EC000CAF82420CAF85C10C5F8D820109AA5F8A2
:105ED000E420C5F8DC6097F862E00DF1C60418A86C
:105EE000002125E094BE00086CFC0008ECBE000810
:105EF0008800002000366E01CCF100080FB0371387
:105F000010F200080DB03713B0FC0008C0FC000808
:105F1000280000203CFD0008000400481CFE00088A
:105F20008CFC000834F8022F520820F8022B0131B3
:105F3000CAB29645F6D8BDF8B8209DF8D41007919E
:105F40001A4492B20892B7F85C20BDF8BA100991D1
:105F50009DED348A0A921146002A00F04181BDF875
:105F6000BE20B2FBF1F20B92BDF8B610BDF8B42022
:105F7000BDF8A2001A440B44DDF89E10A5F87E304F
:105F8000AE4B2B64AE4B6B64AE4BAB64032385F816
:105F900074300F23A5F87A00C5F87610A5F87C2098
:105FA000A5F88030BAF1000F00F0FE820023299995
:105FB0001191CDE920332A991291CDE92233CDE90F
:105FC0002433BDF8AC10139121AA14460DF1BE0183
:105FD000D8B2704507D231F8020F22F8020F0889B3
:105FE00010810133F4E70A9B974AAAF838300B9BDB
:105FF000AAF83A300D920023944A0C921946944A1A
:106000000E92CAE91333CAE91533924BCAF8043029
:106010000AF14802904BCAF8083005928F4BCAF833
:106020000C300AF13A02CDE91476CDE91685BB466B
:1060300016462746CDF818E08846CDF83CA0069BCA
:106040005FFA88FA534540F2CE8037F8025F26F8AF
:10605000025FB7F808908249A6F808902F22EC203A
:10606000FCF7FCFF044600287CD07E4B7E4903648D
:106070007E4B436481649BF814100139042900F2BB
:10608000C185DFE801F0666C036903006FF00C0066
:10609000139A9BF811C0109BA4F87A200A9AA4F8CE
:1060A0007E200B9AA4F880205919DDE9115289B29B
:1060B000BCF1000F18BF1546DBF80420A4F87C10D3
:1060C000C4F876504FEA49039BF810E084F874E076
:1060D000C4E92120DBF80800C4F8E0300D9BC4F8C7
:1060E0009C300C9BC4F8A0300E9BC4F8A4300F9BCE
:1060F000C4F8D43004F1E40384F875C0C4F88C000B
:10610000A4F89610A4F8DC106362C4F8D030002321
:1061100025462387A4F89430554BC4F8D83004F1B1
:106120003C0004F1E803C4F8903045F8980BE563AF
:10613000FBF728FD0BF1140B08F1010500283BD0FB
:106140002068C3689847059B43F8044FA846059309
:1061500075E76FF00B009BE76FF00F0098E76FF0AB
:10616000060095E7DDE91476D146C346179DDDF8B4
:106170005880DDF83CA03F4A3F495B4612330AEBAA
:10618000830300245C603D4B2046D3F88030984761
:10619000AB464D46002D00F0DA816B1E5FFA83F9A5
:1061A0000AEB8909DDB2D9F84C0010B1334B9B6F73
:1061B0009847C9F84C40EDE7304B314AD3F880306E
:1061C0002749179DDDE91476D146C346DDF83CA08A
:1061D000DDF858809847294B20469B6F9847CAE7BF
:1061E0000A9A0B92C0E6DDE91685DDE91476D5F84A
:1061F00098A00D9BC5F8A4300C9BC5F8A8300E9B49
:10620000C5F8AC301F4BC5F8E03005F13C032B60FE
:10621000BAF1000F00F09F8105F1A003C5F83CA082
:10622000CAF80030286883689847044670BB134B4F
:10623000134AD3F8803014499847B7E5ED190008A0
:10624000951A00088D1A00089D1A0008A91A00085E
:10625000190C0008111900088D190008851900088B
:10626000E4FC0008D95900087D1B0008851B0008C4
:10627000A559000818FD0008F4F600088800002061
:10628000F8FC0008CD0A0008B0FC00082868C368C4
:106290009847B34AC8F804200023B24AC8F80C2033
:1062A000C8F80830C6F80480ADF8E23197F862E02B
:1062B0000DF5F1719C461A46D8B2864536D918A814
:1062C000154630F81300024492B2A44621F8025F4A
:1062D0000133042B0881EFD1BCF1000F01D0ADF8E0
:1062E000E221079AB7F85C308DF8F821BDF8E22179
:1062F000369C8DED7D8A13FB02F3ADF8E031089BEF
:10630000B381099BF38120463996FAF7C5FB20B18A
:1063100027A9201DFFF728FB58B9934B93481B680A
:106320002122DB68012104F01BF851E500252846F5
:10633000CCE7BDF89C003B9003F0B6FF3A900028F4
:10634000EBD08B4B4FF480529A61FCF7CBF9894923
:10635000389D37221420FCF781FE044600283CD0EB
:106360008549782240F25E20FCF778FE00283FD075
:10637000012300274FF44052804EA0F8C43180F82A
:10638000C63127A92061A56067606773266028462B
:1063900027920322ADF8A070FAF7C6FBBDF8A03033
:1063A00041F21022934228D0754A7649D2F8806093
:1063B000754A3846B0472046FAF716FC2846FAF7E1
:1063C000F3FC50B13C466E4B704AD3F880306949BB
:1063D000002098472046FAF707FC634B6C481B687F
:1063E00000213791DB681822012103F0B9FFEFE4A7
:1063F00020612046FAF7CCFBEFE72846FAF7D4FCF9
:1064000005460028DFD1A068FBF786F8A7680322BD
:1064100040F24913009229463846FBF74DF840F206
:1064200049130422022138460095FBF745F840F253
:1064300049131022042138460095FBF73DF840F23D
:1064400049132022052138460095FBF735F80095C1
:10645000384640F249134FF47F520621FBF72CF8DF
:1064600037943CAC379DDDE93A1215B12B68B34245
:106470000FD0434B474AD3F880303E49002098471D
:10648000394B45481B681322DB68012103F068FF84
:106490009EE40029F4D00094A86805F10D03FCF7F0
:1064A0006DFF0028ECD06B7B0A2B06D04FF4FA70FE
:1064B00000F0F2FE0028D5D1E2E72D4D4FF48056D2
:1064C000AE62FCF70FF9AE61FCF70CF9DDE9366559
:1064D0002846DDE93A87FAF70DFBB0B9224B2F4881
:1064E0001B681A22DB68012103F03AFF379B23B1B6
:1064F000224A1968914200F06A83214B254AD3F859
:1065000080301C490020984762E425490DF1EF0EC8
:106510004FF0FF324FF0000C1EF8013F08205A40A8
:1065200042F300030B40013883EA5202F8D10CF128
:10653000010CBCF1EC0FEFD1779BD24393423AD0E0
:106540000F4B184AD3F880300A499847C6E7DBF862
:1065500098A05D464DE605F1A003EB6362E600BF3F
:10656000090C00081D0C0008280000205CFD000834
:1065700000040048ECF100083CF200080EB03713AC
:1065800088000020B4F2000880FD0008A0FD00088B
:10659000BCFD0008D4F10008D8FD000800FE00088A
:1065A0002083B8EDECFD0008994B0D93994B0C93AB
:1065B000994B0E931DE63046FAF76EFA00288DD0FF
:1065C000A868FAF7F1FB04362873002800F0F5807C
:1065D000A81D0390281D02902869CDE900803B4644
:1065E000A86822463146FFF7DBF800283FF476AF73
:1065F000BDF8E2310593082003F056FE0646002858
:1066000000F0FE82059B980003F04EFE70600028AB
:1066100000F0F382059B3360082003F045FE054639
:10662000002800F0E882802003F03EFE804668608B
:10663000002800F0DD8210232B609EB9774803F01C
:10664000E7FE002D39D12EB1706803F035FE3046DB
:1066500003F032FE36A8FCF73DFC714803F0D8FE8B
:10666000FFF7D9BB1923CDE907539FED6E8A379CFD
:106670001CB123686C4A934226D06C4B6C4AD3F809
:1066800080306C49079D002098476B4B6B481B6816
:106690001A22DB68012103F063FE379B1BB1624ABB
:1066A000196891424FD0614B614AD3F880306149FB
:1066B00000209847624803F0ABFE686803F0FCFDD9
:1066C000284603F0F9FDBEE7237B33BBA068152104
:1066D000FAF79CFB002834D0012323734FF47A701F
:1066E00000F0DAFD002832D0379CDDE93A721CB1A7
:1066F00023684D498B4234D04C4B4D4AD3F88030FF
:106700004C49079D002098474B4B4E481B68172269
:10671000DB68012103F024FEBFE72769A06897F832
:10672000C6110122FAF7B0FB97F8C53143B397F8C9
:10673000C631022B0CBF0123022387F8C631002883
:10674000CCD1079DA1E79868FAF798FDB2E73A4BDC
:106750003D481B68079DDB681922012103F000FEFC
:106760009BE7A388E1880B44B2EB430F0AD22F4B7F
:10677000364AD3F880302F49079D00209847C3E759
:106780000123DAE7D4F808902569484695F8C61140
:10679000FAF71EFB40B9254A2D49D2F880402D4A10
:1067A000079D4B46A047AFE795F8C61127AA484674
:1067B000FAF7B4FBD0B9079DA6E7A868FAF732FC50
:1067C0002A7B0346002A7FF403AFA8682A69002BBE
:1067D0007FF4FEAECDE900822246AC1D04353B4677
:1067E000314603940295FEF751FFFEE6BDF89C305A
:1067F000032B33D0BDF89E300C4A0093D2F8804072
:106800001349154A079D4B460020A0477CE700BF6F
:106810009D1A0008A91A0008190C000844FE000877
:1068200000010108000000000EB0371388000020AE
:10683000D4F10008ECF10008280000206CFE0008EC
:106840007CFF00084CFF000888FE0008A4FE00083A
:106850003CF20008BCFE0008DCFE0008BDF89E30DB
:106860002169C3F300133B8091F8C43123B191F83F
:10687000C6315A1E534253417B80B1F8C831BB80A8
:10688000BA1D01F5E57301F5FD7BD3F800C05D6825
:106890009868D3F80CE0C2F80CE010335B45C2F8FE
:1068A00000C05560906002F11002EED1B1F8FA31EB
:1068B000FB8607F1380201F5FE7301F50B7BD3F877
:1068C00000C05D689868D3F80CE0C2F80CE01033A3
:1068D0005B45C2F800C05560906002F11002EED135
:1068E000B1F82C32A7F8683007F16A0201F22E23C2
:1068F00001F25E21D3F800C05D689868D3F80CE01F
:10690000C2F80CE010338B42C2F800C055609060B2
:1069100002F11002EED1E5882369A06893F8C63130
:10692000A188B5F5005F00F24081013B18BF01234B
:106930001A0307EB41012B46FCF7CEFC002800F0C0
:106940004481002D3FF437AFDDE9393423B11A68B3
:10695000AE498A4200F0FE80AD4BAE4AD3F880309B
:10696000AD490020984734B9A94BAC4AD3F88030E0
:10697000A94900209847059B002B54D0819ABDF867
:10698000E291BDF8E031DFEDA68A0693002502F121
:10699000020A2F464FEA890B08F1800455464F45FD
:1069A00000F02081069BB3FBF9F3102B40F014811B
:1069B0004046AC464346BCF9002007EE102A3CF99D
:1069C000022CB8EEC77A07EE902A67EE086AF8EE56
:1069D000E77A83ED017A77EEA67A083343ED027AFF
:1069E0009C42DC44E7D1DFED8F0A7368B0EE600AA9
:1069F00003EB870A90ED007AD0ED017A08308442EB
:106A000030EE070A70EEA70AF4D120EE280A60EEF5
:106A1000A80A02F0A7FB059B8AED000A0137BB42DA
:106A200005F10405BBD18049804803F003FDD6F889
:106A30000090B9F1000F00F0878000259FED7C9A4F
:106A4000DFED7C8ADFF804B22C4677687A4A07EBE0
:106A50008505D5ED007AF5EEC07AF1EE10FA48BF63
:106A6000F1EE677A77EE897A48BF744BBCEEE77A2D
:106A700058BF5B46F8EE476A8DED007A77EEE67A0E
:106A80002C2167EEA87A27A8FCEEE77A0134CDED39
:106A9000017A03F0F5FCA4B2694827A903F0CAFC07
:106AA000A145254607D9002CCFD06307CDD10A20B8
:106AB00003F0F2FBC9E70A2003F0EEFBDFED617A99
:106AC00000234FF0FF31B7EC017AB4EEE77AF1EE34
:106AD00010FAC8BF194603F10103C8BFF0EE477AA8
:106AE0009945F0D17368DFED527A9FED526A534AAF
:106AF000554803EB8103D3ED006A544BF5EEC06AB1
:106B0000F1EE10FAF7EE005ABFEE007A58BFB0EE81
:106B1000657A46EE877A58BF1A46BCEEE77AF8EEF9
:106B2000476A17EE103A77EEE67A67EE867AFCEE61
:106B3000E77ACDED007A03F07DFC089B013B0893DA
:106B40007FF495AD079DB8E50A2003F0A5FB4FF053
:106B5000FF31C7E7002C3FF407AF59687FAA9A605E
:106B60000868038F04EB43034361B0F8943004EBEF
:106B70004303C364B0F8963004EB43030365D0F8D5
:106B800098304BB1B0F89C2004EB42021A61B0F887
:106B90009E2004EB42025A61B0F8E4304A6804EBEC
:106BA0004303C0F8B0309047E5E6194B284AD3F8C4
:106BB00080302849079D00209847154B264AD3F876
:106BC00080302649002098479EE5079DF5E79868A4
:106BD000FAF754FBFFF7FCB8214B224A22489C21CC
:106BE00002F0CEFB214B1F4A1F489A2102F0C8FB3E
:106BF000284603F061FB002520E5304603F05CFBEE
:106C0000002609E50020FFF743BA00BF0DB0371397
:106C100088000020F4F1000810F2000864FF00086A
:106C20000000803D0000000094000108AC00010855
:106C3000BD37063500247449B4000108CCF50008BE
:106C4000C4000108000080FFCC000108B00001086A
:106C500008FF000870F2000820FF00083CF200085E
:106C6000100001086CBF0008E0FF0008A4FF000846
:106C7000FEE700BFFEE700BFFEE700BFFEE700BF84
:106C8000FEE700BF704700BF704700BF704700BFFE
:106C9000024AD36E0133D366704700BF88000020DC
:106CA0000C4B0D49D3F88C204FF480104861D1680B
:106CB000490503D4012283F8AD207047D168C9B2D9
:106CC00061F49061D1600120012283F8B00083F863
:106CD000AD2070478800002000040140034B5A6932
:106CE000120744BF08225A61704700BF00040140E8
:106CF0000148F9F7A7BB00BF580200200148F9F787
:106D0000A1BB00BFA00200200148F9F79BBB00BF58
:106D10003C0100200148F9F795BB00BF8401002029
:106D2000084810B4D0F86032D0F8944299691A68D3
:106D30002CB1234600F518705DF8044B18475DF838
:106D4000044B70478800002070B5AE4CD4F8485111
:106D5000EB692A68A96840F60F00034240F087807B
:106D6000980602D5960600F1F380D4F8A801012810
:106D700016D0D80202D5490200F1F4801E0605D4CF
:106D8000590602D5530600F1258170BD1006F7D5CE
:106D9000D4F8B431002BF8D0BDE870409A481847B9
:106DA000DE06E6D5D006E4D510232B62AB68B4F836
:106DB000A0215B0640F14281D4F8BC3119684B68D0
:106DC0009BB2002B00F09681934280F09381A4F84F
:106DD000A2310B689E0644D455E8003F23F480732B
:106DE00045E800324AB1D4F8482152E8003F23F484
:106DF000807342E800310029F5D1D4F8482102F12E
:106E0000080353E8003F23F00103083242E8003151
:106E10000029F2D1D4F8482102F1080353E8003FD9
:106E200023F04003083242E800310029F2D1202348
:106E3000C4F8C831C4F8A811D4F8482152E8003F7A
:106E400023F0100342E800310029F5D1D4F8BC3119
:106E500093F82520022A00F054810422DA6383F893
:106E600024100223C4F8AC31B4F8A23170BD11F083
:106E7000010640F09E80654802423FF476AFD80795
:106E80000FD5D10540F1D68001212962D4F8CC116B
:106E900041F00101C4F8CC1199076BD5002E40F0E8
:106EA0008C8058077DD51E0700F1C1801E050AD5CC
:106EB000500108D54FF400612962D4F8CC1141F09B
:106EC0002001C4F8CC11D4F8CC1100293FF45DAFF7
:106ED000990602D5920600F1A080D4F8CC21AB68C7
:106EE00002F0280203F04003134300F000814648FB
:106EF000F9F766FDAB685B067FF547AF05F1080360
:106F000053E8003F23F0400305F1080141E8003257
:106F100062B1D4F8482102F1080353E8003F23F09E
:106F20004003083242E800310029F2D1D4F8BC0114
:106F300000283FF42AAF90F82530354A8263022BAF
:106F400000F0BB800423BDE87040C363F9F732B999
:106F5000D4F8B031002B3FF418AF04F5A470BDE8AD
:106F6000704018474FF480132B6270BDD1058BD44D
:106F7000980722D4590714D5002E94D004212962F1
:106F8000D4F8CC11180741F00201C4F8CC118DD50A
:106F900008212962D4F8CC1141F00801C4F8CC11C1
:106FA00084E7190782D502F0200131433FF47EAF18
:106FB000EEE7D807DAD499072CD502212962D4F854
:106FC000CC115E0741F00401C4F8CC11D6D41907E6
:106FD000DED46BE755E8003F23F0400345E800327C
:106FE0004AB1D4F8482152E8003F23F0400342E878
:106FF00000310029F5D120220023C4F8C421C4F8AF
:10700000B43170BD88000020D001002020010004B0
:10701000B50100085E07B1D4D9E7D4F8B031002B30
:107020003FF45BAF42489847D4F8485155E7900683
:10703000AED43BE798073FF534AF9BE7B4F8A21115
:10704000B4F8A2319BB289B2002B3FF49EAE9142BC
:107050003FF49BAE55E8003F23F4907345E80032BF
:107060004AB1D4F8482152E8003F23F4907342E833
:1070700000310029F5D1D4F8482102F1080353E882
:10708000003F23F00103083242E800310029F2D129
:107090002023C4F8C831C4F8B011C4F8A811D4F83A
:1070A000482152E8003F23F0100342E80031002954
:1070B000F5D10223C4F8AC3170BD0268436C11688D
:1070C00021F00E011160116821F00101116001240D
:1070D000026C03F01C0304FA03F35360002380F8EE
:1070E000254080F82430BDE87040F9F763B8C4F853
:1070F000CC3170BD93427FF448AE0B689D06D8D466
:1071000070BD1A681D6C106820F00E0010601068C9
:1071100020F0010010605A6C012002F01C0200FAFD
:1071200002F26A6083F8250083F8241099E600BF14
:10713000D0010020034B5A69120544BF4FF400628E
:107140005A6170470004014010B5194C194AD4F82F
:107150008C304FF4802151619A68D20402D5DA68EC
:10716000D00509D49A68910402D5DA68920513D43F
:10717000012384F8AD3010BDDA68D2B262F4C07277
:107180000121DA6084F83C13FBF7D0FE68B9D4F82B
:107190008C3084F83C03E5E7DA68D2B262F42072FE
:1071A000DA60012384F8AD3010BDF8F7F1FF00BFBD
:1071B0008800002000040140034AD2F8883043F4DC
:1071C0007003C2F88830704700ED00E0F0B4C56F7E
:1071D000202D4AD10C4601B112B90120F0BC7047F4
:1071E000194600252123C0F88450C3678368294FBE
:1071F000A0F85020B3F5805FFE6EA0F8522037D083
:10720000B0F85220036892B2B2B1DA69120604D41F
:107210004A1C1DD1DA691206FCD504B314F8012BFF
:107220001A85B0F85220013A92B2A0F85220B0F874
:10723000522092B2002AE8D1DA69520604D44C1CDA
:107240001CD1DA695106FCD52023C3670020C5E7AD
:10725000FA6E921B914218D3B9B11A68D5E735F886
:10726000022BC2F308021A85DBE70220F0BC70474C
:107270000369002BC4D125461C46C1E7FA6E921B58
:10728000914202D309B11A68D6E72023C367F0BC44
:1072900003207047880000200E490F4A10B40C6884
:1072A00013691B0706D50C4B5DF8044B1869C0F336
:1072B000C00070470B681B1B8342F4D272B613697F
:1072C0001B0700D430BF62B6BFF36F8F13691B0773
:1072D000E9D4EFE7F40000200004004800000000BB
:1072E00001F0FF01102A2BDB10F0070F08D010F877
:1072F000013B013A8B422DD010F0070F42B3F6D17B
:10730000F0B441EA012141EA014122F007047FF093
:1073100000070023F0E80256083C85EA010586EAEA
:10732000010685FA47F5A3FA87F586FA47F6A5FA26
:1073300087F68EB9EED1F0BC01F0FF0102F0070232
:1073400032B110F8013B013A83EA010313B1F8D1DD
:107350000020704701387047002D06BF35460338BE
:10736000073815F0010F07D1013015F4807F02BFF7
:10737000013015F4C03F0130F0BC0138704700BF48
:10738000034613F8012B002AFBD1181A0138704765
:1073900053B94AB9002908BF00281CBF4FF0FF317C
:1073A0004FF0FF3000F036B9ADF1080C6DE904CEB6
:1073B00003F0FCFDDDF804E0DDE9022304B07047D2
:1073C00070B54FF0FF0C4CF4E06C1CEA11541DBF7B
:1073D0001CEA135594EA0C0F95EA0C0F00F0DEF846
:1073E0002C4481EA030621EA4C5123EA4C5350EA2B
:1073F000013518BF52EA033541F4801143F480137C
:1074000038D0A0FB02CE4FF00005E1FB02E506F00C
:107410000042E0FB03E54FF00006E1FB03569CF061
:10742000000F18BF4EF0010EA4F1FF04B6F5007F67
:1074300064F5407404D25FEA4E0E6D4146EB0606D9
:1074400042EAC62141EA55514FEAC52040EA5E5062
:107450004FEACE2EB4F1FD0C88BFBCF5E06F1ED80C
:10746000BEF1004F08BF5FEA500E50F1000041EB43
:10747000045170BD06F0004646EA010140EA0200F0
:1074800081EA0301B4EB5C04C2BFD4EB0C0541EA12
:10749000045170BD41F480114FF0000E013C00F327
:1074A000AB8014F1360FDEBF002001F0004170BD4B
:1074B000C4F10004203C35DA0C341BDC04F1140464
:1074C000C4F1200500FA05F320FA04F001FA05F2F0
:1074D00040EA020001F0004221F0004110EBD370BD
:1074E00021FA04F642EB06015EEA430E08BF20EAE9
:1074F000D37070BDC4F10C04C4F1200500FA04F38C
:1075000020FA05F001FA04F240EA020001F000411D
:1075100010EBD37041F100015EEA430E08BF20EA90
:10752000D37070BDC4F1200500FA05F24EEA020ED8
:1075300020FA04F301FA05F243EA020321FA04F007
:1075400001F0004121FA04F220EA020000EBD370BE
:107550005EEA430E08BF20EAD37070BD94F0000FBE
:107560000FD101F00046400041EB010111F4801FF2
:1075700008BF013CF7D041EA060195F0000F18BFA3
:10758000704703F00046520043EB030313F4801FDF
:1075900008BF013DF7D043EA0603704794EA0C0F99
:1075A0000CEA135518BF95EA0C0F0CD050EA4106AF
:1075B00018BF52EA4306D1D181EA030101F000412C
:1075C0004FF0000070BD50EA410606BF1046194654
:1075D00052EA430619D094EA0C0F02D150EA013660
:1075E00013D195EA0C0F05D152EA03361CBF1046A1
:1075F00019460AD181EA030101F0004141F0FE4140
:1076000041F470014FF0000070BD41F0FE4141F4C3
:10761000780170BD704700BF81F0004102E000BFFB
:1076200083F0004330B54FEA41044FEA430594EA42
:10763000050F08BF90EA020F1FBF54EA000C55EA7D
:10764000020C7FEA645C7FEA655C00F0E2804FEA4E
:107650005454D4EB5555B8BF6D420CDD2C4480EA30
:10766000020281EA030382EA000083EA010180EA60
:10767000020281EA0303362D88BF30BD11F0004FAE
:107680004FEA01314FF4801C4CEA113102D04042E4
:1076900061EB410113F0004F4FEA03334CEA13331F
:1076A00002D0524263EB430394EA050F00F0A78037
:1076B000A4F10104D5F1200E0DDB02FA0EFC22FA32
:1076C00005F2801841F1000103FA0EF2801843FA26
:1076D00005F359410EE0A5F120050EF1200E012A17
:1076E00003FA0EFC28BF4CF0020C43FA05F3C01855
:1076F00051EBE37101F0004507D54FF0000EDCF1CE
:10770000000C7EEB00006EEB0101B1F5801F1BD376
:10771000B1F5001F0CD349085FEA30004FEA3C0C7A
:1077200004F101044FEA445212F5800F80F09A8070
:10773000BCF1004F08BF5FEA500C50F1000041EB74
:10774000045141EA050130BD5FEA4C0C404141EB78
:107750000101013C28BFB1F5801FE9D291F0000F73
:1077600004BF01460020B1FA81F308BF2033A3F122
:107770000B03B3F120020CDA0C3208DD02F1140C19
:10778000C2F10C0201FA0CF021FA02F10CE002F154
:107790001402D8BFC2F1200C01FA02F120FA0CFC4D
:1077A000DCBF41EA0C019040E41AA2BF01EB045196
:1077B000294330BD6FEA04041F3C1CDA0C340EDC94
:1077C00004F11404C4F1200220FA04F001FA02F3D7
:1077D00040EA030021FA04F345EA030130BDC4F195
:1077E0000C04C4F1200220FA02F001FA04F340EA8A
:1077F0000300294630BD21FA04F0294630BD94F03B
:10780000000F83F4801306BF81F480110134013D21
:107810004EE77FEA645C18BF7FEA655C29D094EA92
:10782000050F08BF90EA020F05D054EA000C04BF10
:107830001946104630BD91EA030F1EBF00210020FB
:1078400030BD5FEA545C05D14000494128BF41F09A
:10785000004130BD14F580043CBF01F5801130BDFE
:1078600001F0004545F0FE4141F470014FF0000089
:1078700030BD7FEA645C1ABF194610467FEA655C3A
:107880001CBF0B46024650EA013406BF52EA0335DC
:1078900091EA030F41F4002130BD00BF90F0000FCA
:1078A00004BF0021704730B54FF4806404F1320406
:1078B0004FF000054FF0000150E700BF90F0000FBF
:1078C00004BF0021704730B54FF4806404F13204E6
:1078D00010F0004548BF40424FF000013EE700BFB6
:1078E00042004FEAE2014FEA31014FEA02701FBF46
:1078F00012F07F4393F07F4F81F06051704732F078
:107900007F4208BF704793F07F4F04BF41F40021CE
:10791000704730B54FF4607401F0004521F000412C
:107920001CE700BF50EA010208BF704730B54FF0B6
:1079300000050AE050EA010208BF704730B511F0B7
:10794000004502D5404261EB41014FF4806404F1EF
:1079500032045FEA915C3FF4D8AE4FF003025FEA75
:10796000DC0C18BF03325FEADC0C18BF033202EBF9
:10797000DC02C2F1200300FA03FC20FA02F001FA53
:1079800003FE40EA0E0021FA02F11444BDE600BFF6
:107990004A0011D212F5001211D20DD56FF478738E
:1079A000B3EB62520ED44FEAC12343F0004343EAE3
:1079B000505323FA02F070474FF00000704750EA2E
:1079C000013002D14FF0FF3070474FF00000704798
:1079D0000348044B834202D0034B03B1184770475E
:1079E0008800002088000020000000000548064BA9
:1079F0001B1AD90F01EBA301491002D0034B03B1AD
:107A00001847704788000020880000200000000010
:107A100010B5064C237843B9FFF7DAFF044B13B1D6
:107A20000448AFF300800123237010BDC50300207C
:107A30000000000068B2000808B5054B1BB10549FD
:107A40000548AFF30080BDE80840FFF7CFBF00BF97
:107A500000000000C803002068B200086449654BBC
:107A6000CA682DE980484FF6FF0002401343C7B0B3
:107A70000F20CB60FAF70EFE002800F010835E495D
:107A80000B6803F4C063B3F5007F1ED00B685B4A3C
:107A90005B4823F4C06343F400730B6013684A69C6
:107AA000322404FB03F3B3FBF0F3500503F10103AD
:107AB00006D500E023B14A69520503F1FF33F9D43A
:107AC0004D4B5B695F0500F1E8824E4A9368D268CE
:107AD00003F00C03042B1CD00C2B16D049494A4C44
:107AE0000A6842F480720A60E06E04E0E26E121AE4
:107AF000022A00F2D2820A685605F7D54A6822F0B7
:107B0000F85242F080524A600CE002F00302022A6E
:107B1000E4D13C493C4C0A684A6822F0F85242F0F1
:107B200080524A603749D1F8942042F00102C1F8EE
:107B30009420E06E04E0E26E121A022A00F2AD8296
:107B4000D1F894209507F6D5CA6802F00300022800
:107B500000F0E3830C2B00F0A0822A4B1A6851013D
:107B600000F19B821A6822F080721A60E16E04E0D4
:107B7000E26E521A022A00F290821A689201F7D439
:107B8000D8682249224A01400A43DA601A681D492E
:107B900042F080721A60DA6842F08072DA60E26E57
:107BA00004E0E36E9B1A022B00F277820B689B01C4
:107BB000F7D5184B1A6855070BD41A6822F007023C
:107BC00042F004021A601B6803F00703042B40F024
:107BD00064820C4A93681368980140F15E8293684E
:107BE00043F003039360E16E41F2883019E000BF77
:107BF00000ED00E00003FA050070004000000020E6
:107C000040420F0000100240880000208C809D013F
:107C1000020A003800200240E36E5B1A834200F241
:107C20003C82936803F00C030C2BF5D1936813F09E
:107C3000F00F03D0936823F0F0039360CE4A1368EB
:107C400003F00703042B0BD9136823F0070343F059
:107C500004031360136803F00703042B40F01D8234
:107C6000C64DAB6823F4E063AB60AB6823F46053AC
:107C7000AB60F8F735FCAA68C14BC249C2F30312E6
:107C8000134493F8043D03F01F0320FA03F34868FC
:107C90000B60FAF7FFFC0646002840F0FE81EB6C13
:107CA000B94F43F00203EB64EB6C03F0020306935D
:107CB000069BEB6C43F08003EB64EB6C03F08003FA
:107CC0000593059BEB6C43F00103EB64EB6C4FF009
:107CD000904803F00103049341F2012A4FF0100988
:107CE000049BC7F828A00223C8F828904FF48812F4
:107CF000CDE9000008213846FAF79AFD07F5C05093
:107D00003246CDE9006602230921FAF791FD40468B
:107D1000CDE9006602234FF444124FF40061FAF7F4
:107D200087FD3846032751463346019600970122C6
:107D3000FAF77EFD022332461946CDE90076FAF7BE
:107D400077FD0B46012249464046CDE90076FAF719
:107D50006FFD31460920FAF773FCDFF844A24FF4B7
:107D6000007BCAF800B02820FAF76AFC4FF480764E
:107D7000CAF80460AB6C43F00103AB64AB6C03F076
:107D8000010303930C20039BFAF75AFC4FF4805332
:107D9000CAF800300D20FAF753FC4FF40053CAF82C
:107DA00000304846FAF74CFC4FF48033CAF80030F4
:107DB0001120FAF745FC4FF40033CAF80030734A3B
:107DC000C4F858114FF4E133C4E95411C4E959110E
:107DD000C4E95223C4F86C114FF440730C216C4871
:107DE000C4E95713FAF70CFE002840F05681DFF87B
:107DF000A4C194F86520C4F820B04FF48273C4E99C
:107E000002C34FF470636361072363630823C4E90B
:107E10000600C4E90900C4E90B002061A063E36324
:107E200002F0FF0A002A00F080815A4B022684F8F3
:107E30006560196821F0400119604FF4417040F607
:107E400008711860002259605348A2660125A3F505
:107E5000584384F86550C4F86032A423C4E99903F8
:107E600094F8A102C4E99B52C4E99D22C4E99F226F
:107E700000F0FF01002800F0AE81D4F86032242227
:107E800084F8A1221968D4F8642221F0010122F0BB
:107E9000706219601A619A68D4F86C1222F4004278
:107EA00001299A60D4F8682200F00D8142F404425E
:107EB00002299A6040F00A815A6842F400625A60CE
:107EC0005968D4F8702241F0007141F400415960C2
:107ED000D4F87412D8680A43D4F8781220F4004019
:107EE00042EA0122D4F87C12D860D4F88002DA6029
:107EF00001431960196841F0010119600022202135
:107F0000C4F8A42284F8A112C4F8902284F8A22212
:107F100094F8A1122029CDB240F0BF8094F8A012AD
:107F2000012900F0BA80242084F8A102196821F008
:107F300001011960196821F48051196019681960EC
:107F4000196841F00101196084F8A15294F8A11256
:107F500084F8A0222029CDB240F09F8084F8A102AD
:107F600019680E4821F001011960196821F4706147
:107F70001960196816E000BF00200240001002409E
:107F800080B20008000000200004004800440040C7
:107F9000D001002000300140E49CD1103C030020BF
:107FA00000E100E041F001011960BF4BC4F8B432B8
:107FB0004FF461210C2384F8A152C4E9AE12C4E944
:107FC000B022C4E9B232C4E9B42284F8A022C4F8D1
:107FD000D822FAF715FD054600285ED101462C226D
:107FE0000DA801F0C5F9B14AC4F8A8501F23C4F880
:107FF000943094F8AD30C4E9232540F2E732C4E967
:108000002625C4E9285503F0FF01002B00F05C8110
:108010000222D4F88C3084F8AD20DA68D20640F120
:108020000C8194F8AC300125AB4284F8AD5034D0CB
:10803000D4F88C3084F8AC504FF00209CA2753268C
:1080400084F8AD905F625E62FAF76CF9D4F88C3018
:10805000002867D19A6818609A6822F480229A6092
:108060009A689A60FAF79CF9D4F88C304FF0FF08C0
:10807000C3F8248070B984F8AD5084F8AD905F6285
:108080005E6284F8AC50FAF74DF9D4F88C3010B336
:10809000C3F82480002384F8AC30F8F779F8844BD7
:1080A0001A6E42F001021A661A6E02F0010208927C
:1080B000089A9A6D42F080529A659B6D03F0805346
:1080C0000793079BDBE442F400429A605A6822F46B
:1080D00000625A60F4E642F201125A60FAF760F95F
:1080E000D4F88C200346C2F824800028D2D14FF463
:1080F00080720DA8CDE91033CDE9143384F8AD506A
:1081000084F8AC30ADF834308DF836300E931293DD
:108110008DF858501792FAF76BF90028BDD1FDF78A
:108120009DFDFEE7FF225A62B4E784F864A02B6E3F
:1081300043F480532B662B6E03F480530A930A9BFF
:10814000EB6C43F00103EB64EB6C009703F001036D
:108150000993099B574D052340460193022253463C
:10816000E021FAF765FB544BC4F8E4614FF0010BD2
:108170004FF080084FF480672846C4E9743BC4E997
:1081800076AAC4E97BAAC4F8E081C4F8E871FAF7DA
:10819000F7F9002881D1C4F82C6205F14806C4E93A
:1081A0008C70464B2566C4F82402A5F5E475C4F826
:1081B00038023046C4E987B9C4F82882C4F8F851B7
:1081C000C4F81832FAF7DCF900287FF466AFE665E8
:1081D000C4F8405229E6582219A884F8A01201F0E8
:1081E000C7F8802318A81893F8F77AFA8046002871
:1081F0007FF453AF2E4F3248FA6C3243FA64FA6C74
:1082000032400C920C9A04210322CDE900212B4626
:1082100012224FF44061FAF70BFBBB6D43F480036D
:10822000BB65BB6D03F480030B93414621200B9B80
:10823000FAF706FA234B5E601FE6CA215322596201
:108240005A62FAF76FF8C8B9D4E923329968D4F8BA
:108250009C0021F4E00121F0400199600243D4F830
:10826000A400996802430A43D4F898109A601961EF
:108270001A69D4F8941042EA01421A61FAF790F8A8
:10828000D4F88C30002844D1D96CD4F8A820D4F884
:10829000A00021F00301D964D96C02430A43FF21F5
:1082A000DA645962BDE600BF003801400028004092
:1082B00000100240580200201C0002403000024022
:1082C0000004004800E100E0542230A884F8AC101B
:1082D0004FF4007601F04CF84FF400332FA82F93A1
:1082E0004596F8F7FDF9014600287FF4D6AE1F4AFF
:1082F000D2F8903043F40043C2F890300320FAF7EC
:108300009FF91B4D08232B602920FAF799F96E601D
:108310007EE6FF225A62F7F73BFF02F4FE40B0F51B
:10832000206F7FF417AC02F07840B0F1605F7FF40B
:1083300011AC104802427FF40DAC0B689F013FF571
:1083400038AC0B68094843F080730B60CB6843F08E
:108350008073CB60E26E04E0E36E9B1A022B3FF663
:108360009CAE03689E01F7D523E400BF00100240D5
:1083700000E100E0700060064FF400534B60002005
:10838000704700BF4FF0FF30704700BF01207047BB
:10839000012070470020704708B500F0BFFF16238A
:1083A00003604FF0FF3008BD4FF0FF30704700BF53
:1083B00010B54FF6FF731446024892B2FEF706FF5F
:1083C000204610BD3C030020DFF834D0FEF7F4FE59
:1083D0000C480D490D4A002302E0D458C450043320
:1083E000C4188C42F9D30A4A0A4C002301E01360F6
:1083F0000432A242FBD300F097FFFFF72FFBFEE70A
:10840000000001200000002088000020280601084C
:108410008800002030050020FEE700000C490D4ACE
:108420000B6810B50C4C121B2BB11844904207D8A6
:108430000860184610BD094B0B6018449042F7D9EC
:1084400000F06CFF0C2303604FF0FF33184610BDA3
:10845000E00300200000012000140000300500208F
:1084600010EE103A194923F000428A421BD9B2F1AA
:10847000FF4F02D330EE400A704700B583B0684624
:1084800000F018F900F003000128DDED010A9DED70
:10849000000A13D002280BD098B9012000F0C2F8CE
:1084A00003B05DF804FBDFED0A0A002000F0BAB863
:1084B000012000F0B7F8B1EE400AF1E700F030F823
:1084C000EEE700F02DF8B1EE400AE9E7D80F493F9A
:1084D0000000000010EE103AC3F3C7527F3A162A8C
:1084E000194615DC002A0CDB0C481041184205D057
:1084F0004FF4800313410B4423EA000300EE103ACB
:108500007047013203F00043F8D143F07E53F5E7A2
:10851000802AF3D130EE000A704700BFFFFF7F00D2
:1085200010EE103A23F00043B3F1485F2CD2FDEE79
:10853000C07A17EE903A002B60D060EE007A9FED83
:10854000317A9FED315ADFED315A9FED316ADFED1F
:10855000316AA7EE875A9FED307AE7EE855AA7EE8B
:10856000A56AA7EE867AE7EE876A67EEA66A60EEEE
:10857000C00AB6EE007AE7EEA60AB7EE000AD7EE1A
:10858000870A30EE600A704760EE007A9FED1D7A30
:108590009FED1D5ADFED1D5A9FED1D6ADFED1D6A2F
:1085A0001E4AA7EE875A93429FED1B7AE5EE275AA3
:1085B000A5EEA76AA6EE277AE7EE276A66EEA76A17
:1085C000D5D9174A934214D803F17F4307EE103AE6
:1085D000B7EE006A36EE476A60EEC00AF6EE005A61
:1085E00097EEA57AE7EEA60A37EE607A36EE470AEE
:1085F0007047B6EE076AB5EE027AEDE7B7EE000A0D
:10860000704700BF4ED747ADF6740F317CF293B47C
:10861000010DD037ABAA2A3D610BB6BA9999993EA4
:108620000000483F10EE103A23F00043B3F1485FDA
:1086300004D2FDEEC07A17EE903A5BB360EE007A9A
:108640009FED157ADFED155A9FED156ADFED156A7E
:10865000E7EE875A9FED147AA5EEA76A20EE275A17
:10866000E6EE276AA6EEA77A30B9DFED106AE7EEEC
:10867000876AA6EE850A704727EE457AF6EE006A0D
:10868000A0EEA67ADFED0A6AD7EE270AE5EE260A03
:1086900030EE600A704700BFD3C92E2F342FD7B2F7
:1086A0001BEF3836010D50B98988083CABAA2ABEA9
:1086B000ABAA2A3E70B510EE103A884A23F0004467
:1086C000944286B0054671D9854A94421E4624D804
:1086D00023F00042002BDFED837A834922F00F0262
:1086E000B0EE407A40F3E0808A4270EE677A09BFCC
:1086F0009FED7E7ADFED7E6ADFED7E6A77EEC77AE8
:1087000037EEE67A77EEC77A80ED007A77EEE67A92
:10871000C0ED017A012006B070BD774A944252D96B
:10872000B4F1FF4F48D2E215863AA4EBC25307EEEC
:10873000903ABDEEE77ADFED716AB8EEC77A77EE70
:10874000C77A8DED037A67EEA67ABDEEE77AB8EECA
:10875000C77A77EEC77A8DED047A67EEA67AF5EEE2
:10876000407AF1EE10FACDED057A40F09880B5EE42
:10877000407AF1EE10FA0CBF012302236049019107
:108780000221009103A8294600F012F9002EC2DA56
:1087900095ED007AD5ED017AB1EE477AF1EE677A80
:1087A00085ED007AC5ED017A4042B4E7002285EDFF
:1087B000000A42600020AEE770EE407AC0ED017A18
:1087C000C0ED007AF6E700F0DDF89FED4E7A9FED00
:1087D000456AF6EE007AE0EE077A9FED457AFDEE07
:1087E000E77A17EE900AF8EEE76A1F28A6EEC60AA7
:1087F00066EE877AB1EE666A20DC434A411E26F0B7
:10880000004352F8212023F0FF03934216D030EEAC
:10881000677A30EE470A002E30EE670A85ED007A5F
:1088200085ED010ABFF677AFB1EE477AB1EE400AA7
:1088300085ED007A85ED010A40426CE730EE677AFB
:10884000E21517EE103AC3F3C753C3EBD453082B0A
:10885000DFDD9FED267A9FED275AF0EE405AE6EED7
:10886000075A70EE657AE6EE077AD6EE857A35EE2F
:10887000E77A17EE103AC3F3C753D21A192A10DD5C
:108880009FED227A9FED225AB0EE650AA6EE070A06
:1088900075EEC07AE6EE077AD6EE857AB7E703235F
:1088A0006CE7B0EE650AB4E78A4270EE277A09BF3A
:1088B0009FED0E7ADFED0E6ADFED0E6A77EE877AB6
:1088C00037EEA67A77EEC77A80ED007A77EEA67A51
:1088D000C0ED017A4FF0FF301DE700BFD80F493FD0
:1088E000E3CB1640800FC93FD00FC93F0044353756
:1088F0004344353708A3852E800F49430000804349
:108900004C02010884F9223FCC01010800A3852E06
:1089100032318D2410EE103A184923F000428A4279
:108920001AD9B2F1FF4F02D330EE400A704700B5BA
:1089300083B06846FFF7BEFE00F003000128DDEDBE
:10894000010A9DED000A10D0022809D090B9FFF766
:10895000E7FD03B05DF804FBDFED090AFFF7E0BDBA
:10896000FFF7DEFDB1EE400AF3E7FFF75BFEB1EE85
:10897000400AEEE70120FFF755FEEAE7D80F493F2E
:108980000000000010EE103A23F0004300EE103A11
:10899000704700BFB1EEC00A704700BF10EE103A3A
:1089A00023F00040B0F1FF4FACBF00200120704722
:1089B0002DE9F04F2DED048BDBB01C46944603935C
:1089C0000A46CD4B68991CF1040F53F8216082468A
:1089D00004F1FF38C0F24982BCF1030348BF0CF137
:1089E0000403DB10029301334FEAC30EACEB0E031A
:1089F0000593029B16EB0800A3EB080316D4013085
:108A00009FEDBE7A699C18441EA9002BA4BF54F8A0
:108A1000235007EE905A03F10103ACBFF8EEE77A5A
:108A2000F0EE477A8342E1EC017AEED1002EC0F2FB
:108A3000B182039B1EA901EB830446AD4FEA830973
:108A40004046F7180AEB8301B8F1000FDFEDAB7A6F
:108A500009DBA3465346F3EC016A3BED017A8B42F6
:108A6000E6EE877AF7D10130B842E5EC017A04F1FD
:108A70000404E9D10DF1280B0BEB8603CDE9062E9A
:108A8000043B9FEDA09ADFED9E8A059804930AEBC4
:108A9000090446AF0BEB86090096CDF820C05AAB0F
:108AA00003EB8603002E13ED140A4FEA860515DD4D
:108AB0007B195A4660EE097AB0EE407AFDEEE77A0D
:108AC00073ED016AF8EEE77ABB42A7EEE87A37EE7B
:108AD000A60ABDEEC77AA2EC017AEBD1019000F0B4
:108AE000CFFAF4EE007AB0EE408A20EE270A00F0CA
:108AF0007DFAF2EE007AA0EE678A01980028FDEE7A
:108B0000C89AF8EEE97A38EE678A6CDD06F1FF3E26
:108B1000C0F108035BF82E2042FA03FC0CFA03F3C1
:108B2000D21AC0F1070119EE903A4BF82E200A41F3
:108B30006344002A09EE903A00F3F080B5EE408AD3
:108B4000F1EE10FA40F09D80009B9E420ADD5D44EC
:108B5000002355F8041D4D4543EA0103F9D1002BCC
:108B600040F0F280009B013B5BF82330002B40F08B
:108B7000E780049B012153F8042D0131002AFAD02B
:108B8000731C31449C46029D039A05EB030E0EF1C3
:108B9000804E699D32440EF1FF3E07EB83061EAB0B
:108BA00005EB8E0E03EB8205DEED017AF8EEE77A37
:108BB000B8F1000F0EF1040EE5EC017ADFED4F7A0B
:108BC00009DB2A465346F3EC016A32ED017AA342EF
:108BD000E6EE877AF7D10CF1010C6145E6EC017AFB
:108BE000E2DA0E465BE740F08F80731E5BF82320CD
:108BF000D211002AA2DD19EE903A002E03F10103F2
:108C000009EE903A40F3D48159464FF0000E51F8E6
:108C1000043B002B6AD0C3F5807341F8043C04E0A8
:108C20000B68C3F1FF0341F8043B0EF1010E7645DA
:108C3000F6DC01239E4600280ADD012878D00228B0
:108C400006D1711E5BF8213003F03F0C4BF821C0B8
:108C5000022A7FF473AFB7EE000A734630EE488AFB
:108C6000002B3FF46BAF0992019000F009FA38EE47
:108C7000408A0198099AB5EE408AF1EE10FA3FF465
:108C800063AF9246DDE9062EDDF820C00196AEEB1B
:108C90000C00B0EE480A009E009200F0F1F9DFED02
:108CA000186AB4EEE60AF1EE10FADDE90023F0EE00
:108CB000407AC0F250819FED137A059920EE077A31
:108CC0000831BDEEC77A0591B8EEC77A5C1CE7EEB5
:108CD000667ABDEEC77AFDEEE77A17EE901A4BF88A
:108CE000231017EE103A4BF8243046E00EF1010E37
:108CF000B6458CDB9E469EE790050108000000000B
:108D0000000080430000803BF6EE007AB4EEE78A74
:108D1000F1EE10FA80F2988000220FE70133002E66
:108D200009EE903A3FF770AF002301289E4686D1A6
:108D3000711E5BF8213003F07F0C4BF821C087E7F0
:108D4000731C9C4619461EE733469246DDE9051220
:108D50005C1EA1F108005BF82410009E059061B92B
:108D600003F18043013B0BEB8303014653F8040DF1
:108D7000013C08390028F9D0059105980092B7EE1A
:108D8000000A00F07DF9002C009AB0EE407AC0F2A3
:108D90000581601C46AD5FED256A81000BEB800309
:108DA00005EB800073ED017AF8EEE77A5B4567EE3C
:108DB000877A27EE267A60ED017AF3D10DF1C808A3
:108DC0000B1F46A8C718C646A44600259146002E8C
:108DD00073DB844ADFED847A3846002301E0AB423E
:108DE00008DCF2EC016AB0EC017A01339E42E6EE57
:108DF000877AF4DA0CF1FF3CBCF1FF3FEEEC017A2C
:108E000005F10105A7F10407E1D1689B022B4A4651
:108E100056DC002B2EDC0ED1DFED737A414431EDB0
:108E2000017A414577EE877AF9D15346002B40F01D
:108E3000AE80C2ED007A19EE903A03F007005BB005
:108E4000BDEC048BBDE8F08F19EE903A002E03F1D3
:108E5000010309EE903AC8BF02223FF7D5AEF7EE04
:108E6000007A37EEC88A022268E600234FF0080E27
:108E70000293BBE59FED5C7A414471ED017A414577
:108E800037EE277AF9D1DDED327A534677EEC77A9D
:108E9000002B75D182ED007A64B133A90123B1ECC6
:108EA000017A01339C4277EE877AF8DA53460BB1A8
:108EB000F1EE677AC2ED017ABDE7DFED4B7A99E713
:108EC000689B032BB7D1002C7ED008EB840595ED71
:108ED000007AA0002B46294671ED017AF0EE476A30
:108EE00037EE277A414577EEC77A81ED007A77EE43
:108EF000A67AC1ED017AEFD1012C65D095ED007A0B
:108F000008F1040173ED017AF0EE476A37EE277A33
:108F1000994277EEC77A83ED007A77EEA67AC3EDB1
:108F2000017AEFD1031DDFED307A434408F10808E0
:108F300033ED017A984577EE877AF9D15346DDED26
:108F4000326A9DED337A73B9C2ED006A82ED017A1F
:108F5000C2ED027A6FE7FDEEC07A1C4617EE901A5A
:108F60004BF8231009E7F1EE666AB1EE477AF1EEAD
:108F7000677AC2ED006A82ED017AC2ED027A5AE7A1
:108F8000B1EE477A82ED007A002C86D190E7F1EEBF
:108F9000677A4EE7039B4FEA83096BE5689B022BD8
:108FA0000EDC002B13DC7FF446AFDFED0F7A3CE7DD
:108FB000022A7FF4C3ADF7EE007A37EEC88ABDE52A
:108FC000689B032B7FF437AFDFED077AB6E7534694
:108FD000DDED327A13B9002313606BE74FF00043E5
:108FE000136065E7640501080000000010EE102A18
:108FF000C2F3C7537F3B162B22F0004129DC002B24
:10900000104618DB1A4919410A4221D0DFED197ABE
:1090100070EE277AF5EEC07AF1EE10FA18DD002A2C
:1090200004DA4FF4000242FA03F3184420EA010381
:1090300000EE103A7047DFED0F7A70EE277AF5EE0A
:10904000C07AF1EE10FA03DD002A08DB9FED0A0A70
:109050007047B1F1FF4FFBD330EE000A7047DFEDF0
:10906000077A0029BFEE000A08BFB0EE670A704712
:10907000FFFF7F00CAF2497100000000000000807D
:1090800010EE103A33F000411A4627D0B1F1FF4FED
:1090900021D213F0FF4F22D1DFED2B7A2B4A60EE65
:1090A000277A904217EE903A33DB4CF2503CC3F3F0
:1090B000C75160451A46A1F1190116DDDFED247A8A
:1090C000DFED246A002BB0EE677AB8BFF0EE667A67
:1090D00027EE870A704730EE000A704770474CF25F
:1090E000503C60454FEAD151E8DC0144FE29E5DC03
:1090F000002915DC11F1160F19DB193122F0FF429E
:1091000042EAC15207EE902A9FED130A27EE800A29
:109110007047DFED127A07EE103A27EE270A704704
:1091200022F0FF4242EAC15300EE103A7047DFEDF1
:109130000B7ADFED0B6A002BB0EE677AB8BFF0EE6A
:10914000667A27EE870A70470000004CB03CFFFFAC
:10915000CAF24971CAF249F1000000336042A20D1F
:109160006042A28D08B52DED048BF0EE408AB0EE82
:10917000609A00F0D1F8F0EE490AB0EE408AB0EE05
:10918000680A00F00BF8F0EE400AB0EE480ABDECB9
:10919000048BBDE8084000F005B800BFB0EE600ADF
:1091A000704700BF08B52DED048BF0EE408AB0EE9D
:1091B000609A00F01FF8B0EE408AFFF7EFFB20B195
:1091C000B0EE480ABDEC048B08BDB0EE680AFFF7AC
:1091D000E5FB0028F4D0B0EE490AFFF7DFFB0028DA
:1091E000EED000F09BF822239FED018A0360E7E7B1
:1091F0000000807F10EE103A23F0004210EE903A0B
:1092000023F000439A4202DB194613460A46991A94
:10921000B1F1706F00EE103A06EE902A3FDCB3F128
:10922000B14F10B52EDC0024B2F11A5F0ADA42B356
:10923000B2F5000F60DADFED357A66EEA76A20EE50
:10924000270A7E3C30EE666AF4EEC66AF1EE10FA4A
:1092500028D56FF30B0307EE903A30EE277A30EE05
:10926000670A27EE000AA6EEA60AA7EEA70AFFF7EE
:1092700091FB34B1E40504F17E5407EE904A20EEF0
:10928000270A10BDB3F1FF4F29DA03F15E4302F163
:109290005E4200EE103A06EE902A4424C4E730EE17
:1092A000260A70471A4903F500030B4007EE903A6F
:1092B000B0EE007AB0EE675A90EE075A02EA010368
:1092C00007EE103A26EE850A76EEC75AA5EEA70AF3
:1092D000A6EE060AA7EE270AFFF75CFBC9E714BF54
:1092E00030EE260A9FED0B0ADFED0A7AB2F1FF4F4E
:1092F00008BFB0EE670A10BD03F1085302F108522F
:1093000000EE103A06EE902A443C9BE70000807E77
:1093100000F0FFFF0000807F704700BF014B18681E
:10932000704700BF2800002070B50D4D0D4C641B28
:10933000A4100026A64209D10B4D0C4C01F094FF5D
:10934000641BA4100026A64205D170BD55F8043B4D
:1093500098470136EEE755F8043B98470136F2E7A7
:109360001806010818060108180601081C0601085D
:1093700002440346934200D1704703F8011BF9E70A
:109380001FB514461A46094B1B680546D8684CB1F0
:10939000074B0091CDE9013406492B4600F0B2F8A5
:1093A00000F0DEFD044B1C46F3E700BF2800002060
:1093B0009C050108A9050108D7050108002310B57F
:1093C0000446C0E90033C0E9043383608181436609
:1093D000C2818361194608225C30FFF7C9FF0D4B3B
:1093E00063620D4BA3620D4BE3620D4B23630D4B88
:1093F00024629C4206D003F16802944202D0D0332A
:109400009C4205D104F15800BDE8104000F0BCBA00
:1094100010BD00BF299500084B95000883950008F2
:10942000A7950008E4030020024A0349034800F01E
:10943000E3B800BF78000020AD9D00082C0000209C
:1094400041680C4B994210B5044601D000F0AEFCC7
:10945000A168094B994202D0204600F0A7FCE168C0
:10946000064B994204D02046BDE8104000F09EBC57
:1094700010BD00BFE40300204C040020B404002011
:1094800010B50B4B0B4C0C4A1A60204600220421ED
:10949000FFF794FF04F1680001220921FFF78EFF16
:1094A00004F1D0000222BDE810401221FFF786BF70
:1094B0001C050020E403002029940008014800F066
:1094C00064BA00BF21050020014800F05FBA00BF68
:1094D0002105002010B50446FFF7F0FF236A1BB1F9
:1094E000BDE81040FFF7F0BF044B2362044B1B683C
:1094F000002BF5D1FFF7C4FFF2E700BF419400084D
:109500001C0500200EB403B5014603AB054853F813
:10951000042B0068019300F0C9F802B05DF804EB79
:1095200003B070472800002010B50C46B1F90E10AA
:1095300000F050F80028ABBF636DA3891B1823F41B
:109540008053ACBF6365A38110BD2DE9F0411F4678
:109550008B89DB0505460C46164605D5B1F90E107C
:109560000223002200F024F8A389B4F90E1023F49A
:109570008053A38132463B462846BDE8F04100F0C7
:1095800059B810B50C46B1F90E1000F011F8431C93
:10959000A38915BF606523F4805343F48053A381EE
:1095A00018BFA38110BDB1F90E1000F0C9BC0000B6
:1095B00038B5074D04460846114600222A601A466F
:1095C000FEF7E8FE431C02D12B6803B1236038BDCF
:1095D0002C05002038B5074D0446084611460022E8
:1095E0002A601A46FEF7E0FE431C02D12B6803B145
:1095F000236038BD2C0500202DE9F8430746884636
:1096000014460026D4E90195B9F1010905D524686D
:10961000002CF7D13046BDE8F883AB89012B07D980
:10962000B5F90E30013303D029463846C04706430A
:109630006835E9E738B5074D04460846114600226B
:109640002A601A46FEF7B4FE431C02D12B6803B110
:10965000236038BD2C0500209368013B002B10B41B
:10966000936008DA9469A34201DB0A2903D15DF80B
:10967000044B00F0DDBC1368581C106019700846DC
:109680005DF8044B7047F8B506460F461446D518EA
:10969000AC4201D1002007E014F8011B3A463046E5
:1096A000FFF7DAFF431CF3D1F8BD00002DE9F04FBE
:1096B0000D469DB014469846064618B1036A0BB98C
:1096C000FFF708FF6B6ED90705D4AB899A0502D462
:1096D000A86D00F05AF9AB891B0701D52B699BB91E
:1096E0002946304600F0FAF870B16B6EDC0704D5FD
:1096F0004FF0FF301DB0BDE8F08FAB899805F7D46F
:10970000A86D00F043F9F3E70023099320238DF8B7
:109710002930CDF80C803023DFF8AC818DF82A3069
:109720004FF0010923469A4613F8012B0AB1252A66
:10973000F9D1BAEB040B0BD05B46224629463046E2
:10974000FFF7A1FF013000F0A780099A5A4409925F
:109750009AF80030002B00F09F8000234FF0FF327A
:10976000CDE905230AF1010A049307938DF85330DC
:109770001A935446052214F8011B5348FDF7B0FD17
:10978000049AD8B9D10644BF20238DF8533013076B
:1097900044BF2B238DF853309AF800302A2B15D074
:1097A000079A544600204FF00A0C214611F8013B5D
:1097B000303B092B4BD9B0B1079214E0A0EB080362
:1097C00009FA03F313430493A246D2E7039B191D3E
:1097D0001B680391002BBBBF5B4242F00202079360
:1097E0000793B8BF049223782E2B0AD163782A2BD3
:1097F00032D1039B1A1D1B68039243EAE3730234C0
:109800000593DFF8D4A0217803225046FDF768FDC8
:1098100038B1049BA0EB0A0040228240134301347C
:10982000049314F8011B29488DF828100622FDF72F
:1098300057FD00283FD0264B1BBB039B073323F06B
:10984000070308330393099B3B4409936AE70CFB26
:1098500002320C460120A8E7002301340593194683
:109860004FF00A0C204610F8012B303A092A03D990
:10987000002BC6D00591C4E70CFB0121044601234F
:10988000F0E703AB00932A46124B04A93046AFF32E
:1098900000800746781CD6D16B6ED90705D4AB89FA
:1098A0009A0502D4A86D00F071F8AB895B063FF50C
:1098B0001FAF09981EE703AB00932A46054B04A986
:1098C000304600F0D1F8E4E7D8050108E2050108C8
:1098D0000000000087960008DE05010838B5294B16
:1098E000054618680C4618B1036A0BB9FFF7F2FD7C
:1098F000B4F90C30190722D4DA0607D409222A60F9
:1099000043F04003A3814FF0FF3033E0580712D5F6
:10991000616B41B104F14403994202D0284600F042
:10992000C5FB00236363A38923F02403A3810023E1
:10993000636023692360A38943F00803A38123693B
:109940004BB9A38903F42073B3F5007F03D02146FC
:10995000284600F01BFCB4F90C3013F001020AD0C9
:109960000022A26062695242A261226942B913F0E8
:109970008000C5D138BD990758BF6269A260F4E77D
:109980000020F7E7280000207047704770472DE956
:10999000F047164698468A680B69DDF82090934296
:1099A000B8BF1346336091F8432007460C460AB10E
:1099B000013333602368990642BF33680233336052
:1099C000256815F0060506D104F1190AE368326826
:1099D0009B1AAB4226DC94F843302268003B18BF48
:1099E000012392062BD404F1430241463846C8476E
:1099F00001301ED02368226903F00603042B02BF46
:109A0000E5683368ED1AA3680CBF25EAE575002503
:109A10009342C4BF9B1AED1800261A34B5421AD1DE
:109A2000002008E00123524641463846C84701302D
:109A300003D14FF0FF30BDE8F0870135C6E7E118EC
:109A40005A1C302081F84300224494F8451082F8D3
:109A500043100233C7E70123224641463846C84730
:109A60000130E6D00136D9E72DE9FF470F7E0C9E85
:109A7000782F914680460C469A4601F1430207D85A
:109A8000622F0AD8002F00F0D180582F00F0B88044
:109A900004F1420684F842703AE0A7F16303152B03
:109AA000F6D801A151F823F0019B0008159B00088E
:109AB000919A0008919A0008919A0008919A0008DA
:109AC000159B0008919A0008919A0008919A000845
:109AD000919A0008139C00083F9B0008CD9B00084A
:109AE000919A0008919A0008359C0008919A000804
:109AF0003F9B0008919A0008919A0008D59B0008A6
:109B000033681A1D1B68326004F1420684F8423043
:109B100001239CE033682068191D3160060601D5D9
:109B20001D6803E04506FBD5B3F90050002D03DAAC
:109B30002D236D4284F8433058480A2311E02168F0
:109B40003368080653F8045B02D4490648BFADB237
:109B50006F2F5248336014BF0A230823002184F872
:109B600043106668A660002E05DB21682E4321F0B5
:109B7000040121604BD01646B5FBF3F103FB1157EE
:109B8000C75D06F8017D2F46BB420D46F4D9082B70
:109B90000BD12368DF0708D5236961689942DEBFCE
:109BA000302306F8013C06F1FF36921B2261CDF806
:109BB00000A04B4603AA21464046FFF7E8FE0130CD
:109BC0004AD14FF0FF3004B0BDE8F087236843F07E
:109BD000200323603248782784F845702368316871
:109BE0001F0651F8045B02D45F0648BFADB2316076
:109BF000D90744BF43F0200323601DB11023ADE714
:109C00002648E9E7236823F020032360F6E7164699
:109C1000BDE7336825686169181D30602E061B6832
:109C200001D5196002E06806FBD519800023236185
:109C30001646BCE733681A1D32601E686268002150
:109C40003046FDF74DFB08B1801B606063682361FF
:109C5000002384F84330AAE7236932464946404648
:109C6000D0470130ADD023689B0713D4E068039B35
:109C70009842B8BF1846A6E70123324649464046F7
:109C8000D04701309DD00135E36803995B1AAB42A0
:109C9000F2DCEBE7002504F11906F5E7E905010818
:109CA000FA050108B1F90C202DE9F0411607054627
:109CB0000C4654D44B68002B02DC0B6C002B48DDA7
:109CC000E66A002E45D0002312F480522F68216AE4
:109CD0002B6030D0626DA389590705D56368D21A0D
:109CE000636B0BB1236CD21A0023E66A216A284603
:109CF000B047431CA38906D129681D292BD82A4ABD
:109D0000CA40D60727D500226260D90422692260A2
:109D100004D5421C01D12B6803B96065616B2F60CB
:109D2000B9B104F14403994202D0284600F0BEF9CB
:109D3000002363630DE001232846B0470246501C10
:109D4000C9D12B68002BC6D01D2B01D0162B1ED1DC
:109D50002F60002022E043F040031BB21BE00F699C
:109D6000002FF6D093070E6808BF4B690F6018BF2D
:109D70000023A6EB07088B60B8F1000FE9DD216A2C
:109D8000A66A43463A462846B047002808DCB4F99C
:109D90000C3043F04003A3814FF0FF30BDE8F08169
:109DA0000744A8EB0008E7E70100402038B50B693D
:109DB00005460C4613B90025284638BD18B1036A7C
:109DC0000BB9FFF787FBB4F90C30002BF3D0626EB0
:109DD000D00704D4990502D4A06DFFF7D6FD28461C
:109DE0002146FFF75FFF636EDA070546E4D4A389D7
:109DF0009B05E1D4A06DFFF7C9FDDDE770B50F4EFF
:109E00000C463168054611B900F002F93060214670
:109E1000284600F0FDF8431C03D14FF0FF342046E4
:109E200070BDC41C24F00304A042F8D0211A2846B7
:109E300000F0EEF80130F2D1EFE700BF240500207A
:109E40002DE9F843CD1C25F0030508350C2D38BF4E
:109E50000C25002D064601DBA94204D90C233360F2
:109E60000020BDE8F883DFF8D48000F0B1F8D8F81E
:109E700000301C4644BB29463046FFF7BFFF431C59
:109E8000044658D1D8F800402746002F43D1002C73
:109E90004BD023683946304604EB030900F0B8F88C
:109EA000814542D121686D1A29463046FFF7A6FF49
:109EB00001303AD023682B442360D8F800305A6828
:109EC00062BBC8F800700FE02268521B20D40B2A36
:109ED00017D96119A342256018BF5960636808BF8C
:109EE000C8F8001062514B60304600F077F804F17A
:109EF0000B00231D20F00700C21A1CBF1B1AA35021
:109F0000AFE76268A3420CBFC8F800205A60EBE7D5
:109F100023466468AEE73C467F68B6E71A465B684E
:109F2000A342FBD100235360DEE70C2333603046AD
:109F300000F054F894E70560D6E700BF280500203C
:109F400038B5064D0023044608462B60FEF71AFA82
:109F5000431C02D12B6803B1236038BD2C050020BF
:109F600008B5062000F02CF8012000F03BFA1F296C
:109F700038B505460C4604D9162303604FF0FF3070
:109F800038BDC26B12B152F821304BB9284600F0EF
:109F90003DF8224601462846BDE8384000F024B886
:109FA000012B0AD0591C03D1162303600120E7E7D7
:109FB000002142F82410204698470020E0E70000E6
:109FC000024B01461868FFF7D2BF00BF28000020EF
:109FD0000148FFF7DABC00BF200500200148FFF769
:109FE000D5BC00BF2005002038B5074D002304462E
:109FF000084611462B60FEF7CFF9431C02D12B68AF
:10A0000003B1236038BD00BF2C050020FEF7BEB9A8
:10A0100038B5064D0023044608462B60FEF7FEF9CE
:10A02000431C02D12B6803B1236038BD2C050020EE
:10A03000F8B50E461446054618B1036A0BB9FFF78A
:10A0400049FAA369A360A3891A0701D5236943B913
:10A0500021462846FFF742FC18B14FF0FF3738463B
:10A06000F8BD23682269981A6369F6B283423746BD
:10A0700005DC21462846FFF799FE0028EDD1A368AC
:10A08000013BA36023685A1C22601E706269431C56
:10A090009A4204D0A389DB07E1D50A2EDFD12146FD
:10A0A0002846FFF783FE0028D9D0D6E738B5054605
:10A0B000002941D051F8043C0C1F002BB8BFE41814
:10A0C000FFF786FF1D4A136833B9636014602846A2
:10A0D000BDE83840FFF782BFA34208D920682118A5
:10A0E0008B4201BF19685B6809182160EDE71A46C9
:10A0F0005B680BB1A342FAD911685018A0420BD18A
:10A1000020680144501883421160E0D118685B68F0
:10A11000536008441060DAE702D90C232B60D6E7BD
:10A12000206821188B4204BF19685B68636004BF14
:10A13000091821605460CAE738BD00BF2805002017
:10A1400070B50C46B1F90E10002996B015461E46A2
:10A150000DDAA38913F0800F4FF0000114BF4023E4
:10A160004FF48063002031602B6016B070BD6A46EA
:10A1700000F062F80028ECDB019901F47041A1F5D0
:10A180000053594259414FF48063EBE78B89F7B58F
:10A190009D0706460C4607D504F14703236023615B
:10A1A0000123636103B0F0BD01AB6A46FFF7C8FF4E
:10A1B000009F054639463046FFF742FE48B9B4F9DC
:10A1C0000C309A05EED423F0030343F00203A3817D
:10A1D000E2E7A389206043F08003A381019BC4E9E7
:10A1E00004075BB1B4F90E10304600F045F828B111
:10A1F000A38923F0030343F00103A381A3891D4333
:10A20000A581CFE7884210B501EB020402D9844250
:10A21000234607D8431EA14208D011F8012B03F8AA
:10A22000012FF8E7024401468A4200D110BD13F81D
:10A23000014D02F8014DF7E738B5074D00230446FC
:10A24000084611462B60FEF797F8431C02D12B6895
:10A2500003B1236038BD00BF2C0500200A449142A1
:10A2600000F1FF3300D1704710B511F8014B03F82E
:10A27000014F9142F9D110BD38B5064D0023044677
:10A2800008462B60FEF784F8431C02D12B6803B10B
:10A29000236038BD2C050020024B014618688268F7
:10A2A00000F06CB828000020024B01461868FFF748
:10A2B000C7BD00BF28000020024B01461868FFF709
:10A2C000F5BE00BF280000202DE9F047089C8A4613
:10A2D000904602FB03F9064618B1036A0BB9FFF773
:10A2E000F9F8636EDD0705D4A389980502D4A06D43
:10A2F000FFF74BFBA389190716D52369A3B10025E6
:10A300004D451FD0A7681AF80510013F002FA76020
:10A3100004DAA3699F420FDB0A290DD023685A1C77
:10A32000226019700135EBE721463046FFF7D6FA77
:10A330000028E4D0002505E022463046FFF778FEED
:10A340000130EFD1636EDA0705D4A3899B0502D4EF
:10A35000A06DFFF71BFBB5FBF8F0BDE8F087000030
:10A3600007B5009313460A46014603480068FFF705
:10A37000ABFF03B05DF804FB2800002070B50D466C
:10A380001446064618B1036A0BB9FFF7A3F8636ECB
:10A39000D80705D4A389990502D4A06DFFF7F5FA73
:10A3A000A368013B002BA36005DAA269934212DB8C
:10A3B000EBB20A2B0FD023685A1C22601D70EDB23D
:10A3C000636EDA0705D4A3899B0502D4A06DFFF75D
:10A3D000DDFA284670BD294622463046FFF728FEA2
:10A3E0000546EDE7FEE700BFB1F8C8305A1C92B24F
:10A3F000C82AA1F8C820C85400D0704710B5002062
:10A400000C46FDF7D5FF0023A4F8C83010BD00BFEF
:10A4100010B50446FCF7B4FF214602460020FDF7C4
:10A42000C7FF034901220020FDF7C2FF002010BD35
:10A430007CFD00080FB430B5B5B038AC0E4954F807
:10A44000045BCA2201A8FFF709FF23462A460B48EE
:10A45000009401A900F078FDBDF8CC2004462AB98B
:10A46000204635B0BDE8304004B0704701A9002057
:10A47000FDF79EFFF4E700BFE8F00008E9A300083D
:10A480000CB400B583B004AB53F8042B019300F077
:10A490004BFD03B05DF804EB02B0704700F044BD23
:10A4A0009A4238BF88547047704700BF2DE9F04F7B
:10A4B00083B00F4612990D9C9DF83850984611F0C4
:10A4C000020306469446DDE9100A00932ED1BAF144
:10A4D000000F40F0A280844228D2202C01F0010E0F
:10A4E00000F088810C9B621E1A444FF0300B7346BB
:10A4F00002E0202C00F0E7800134A04202F801BF06
:10A50000F7D89E4693B1544510D2202C00F0CF814D
:10A510000C9B621E1A444FF0300E02E0202C00F01B
:10A5200024810134544502F801EFF7D1CB061FD541
:10A530004A0500F1A580002C40F09E800F9B102B57
:10A5400000F045810F9B022B00F04E810C9B3022C6
:10A550001A70012401F00302002D00F0CA800C9B48
:10A560002D21195501340AB954450ED3654626E00C
:10A5700001F00302202CEFD1002A40F08F80BAF1C5
:10A58000200F88BF202440F289806546A4EB0C0B85
:10A59000E1462A464346013539462020B04705EBBF
:10A5A0000B035345F5D30AF1FF35621C2D1B924571
:10A5B00038BF002509F10102CC461544C4B10C9BFB
:10A5C000CDF844A005EB040903EB090B1C44CDF8BE
:10A5D00004C09A46ABEB040214F8010D4346394619
:10A5E000B047A2454D46F5D1DDF804C0DDF844A0E2
:10A5F000009B73B1A5EB0C09D1450AD22A4643460C
:10A600003946202009F10109B047D14505F101057E
:10A61000F4D3284603B0BDE8F08F11F0010E73D0DB
:10A62000002D40F08B8011F00C0F40F087808442A9
:10A63000BFF469AF202C7FF455AFBAF1200F40F280
:10A640003281CB0640F1BE804A0500F119812028F5
:10A6500016D11F200F9B102B00F0F2800F9B022BB6
:10A660001FD0441C01F0030227E0CB067FF57EAF2C
:10A670004A054FF0200403D4A04262D0544560D074
:10A680000F9B01F00302102B104673D00F9B022B7F
:10A690000ED1202C08D100283FF471AF654620244C
:10A6A0008DE7044601F003020C9B6220185501342B
:10A6B000202C3FF461AF204601340C9B4FF0300E4C
:10A6C00003F800E056E79E46002B00F0CB80BAF17D
:10A6D000200FCAD9CB0675D54A0500F1D1802028B4
:10A6E00000F0DA80BAF1200F40F08D8054461F2030
:10A6F000B0E74B0747D50C9B2B2119550134002A95
:10A700003FF432AF65465AE78442BFF40FAF202CC6
:10A710007FF4E8AECC067FF532AF4C053FF52FAFA6
:10A72000202800F0B980BAF1200FDFD00F9B102B4A
:10A730003FF425AF0F9B022B19D120E70AF1FF3A16
:10A7400075E7601E86D10F9B102B6BD00F9B022BE1
:10A750007FF4FCAE0C9B0F9C62221A7030225A7060
:10A7600001F00302002DC4D0F9E6CC0680D401F03C
:10A77000030201E78B0611D4202C8CD00C9B78208F
:10A780001855013494E70D0713D48ABB5445FFF4E0
:10A79000FCAE002C7FF4EAAE65463AE7202C3FF48D
:10A7A0007AAF0C9B18194FF0580E013480F800E076
:10A7B0007EE70C9B202119550134002A3FF4D4AECA
:10A7C0006546FCE68D073FF4E0AE6546F7E6880691
:10A7D0000CD558220C9B1A7030225A70022401F0BA
:10A7E0000302002D85D0BAE66222F3E77822F1E772
:10A7F0006546E3E6BEF1000F50D0CB067FF5B6AE5E
:10A800004B057FF524AF0F9B01F00300102B024690
:10A810003FF441AF0F9B022B7FF4AEAE00287FF4D4
:10A820003DAFACE68A0625D50C9B58221A70302223
:10A830005A70022401F00302002D3FF45AAF8EE655
:10A840008B06A4F1020206D40C9B78209854013C9C
:10A8500001F003022FE70C9B58209854013C01F0B3
:10A86000030228E7CA0682D54A05CCD4202813D093
:10A87000202403E70C9B78221A7030225A70D8E704
:10A880000F9B102B01F003003FF405AF0F9B022B31
:10A890003FF401AF02466FE60446DAE6CB063FF529
:10A8A0003CAF65468BE6CA06DED4654687E6CC0635
:10A8B0003FF512AF5BE700BF2DE9F04F93B01C9C52
:10A8C0009DF874B01E9DDDF884E02CB92EF01006C2
:10A8D0001EF4806FB64635D11EF0200F14BF4FF026
:10A8E00041094FF061090AAFA9F10A09B8460026EB
:10A8F000099002E0202E15D05446B4FBF5FA05FB72
:10A900001A4C5FFA8CF0BCF1090F00F1300C8ABFD1
:10A9100048445FFA8CF0C0B2AC4208F8010B06F173
:10A920000106E7D20998209C05941F9CCDF818E0F9
:10A93000CDE90354CDE9016B0097FFF7B7FD13B0E4
:10A94000BDE8F08F26460AAFEDE700BF2DE9F04FD6
:10A9500097B0DDE92478209E219C099356EA0403F0
:10A960009DF888C0DDF8A0B08E4605D12BF010030D
:10A970001BF4806F9B4645D11BF0200F0EAB14BF1C
:10A980004FF0410A4FF0610ACDF8A0B0CDE90A0EB0
:10A99000CDE90C2CAAF10A0A994600259B4603E052
:10A9A000202D17D006460C4621463A4643463046EF
:10A9B000FCF7EEFCD2B2092A02F130038ABF5244FE
:10A9C000DAB2D2B2BE4274EB080409F8012B05F1E9
:10A9D0000105E5D2DDE90A0EDDE90C2C5B46DDF868
:10A9E000A0B02799059126990093CDE90371CDE98F
:10A9F000015C099BCDF818B07146FFF757FD17B001
:10AA0000BDE8F08F00250EABEBE700BF10B1D1E938
:10AA100000311847704700BF2DE9F04F1C46B1F1D7
:10AA2000000A8D4B8FB018BF81462078DDF860B0EA
:10AA3000904608BF9946002800F0D381002507E022
:10AA40002A46434651460135C847207800285ED043
:10AA5000252804F10104F3D10023224612F8010B4A
:10AA6000A0F1200110290AD8DFE801F034090930EB
:10AA7000090909090909092C092809092400A0F173
:10AA80003001092951D92A2800F0948000262E2867
:10AA90005CD00021A0F16807122F23D8DFE807F06F
:10AAA000A2229D2295222222222222221E2222221C
:10AAB00022221E0043F001031446CEE743F00203B6
:10AAC0001446CAE743F004031446C6E743F01003F4
:10AAD0001446C2E743F008031446BEE7607843F427
:10AAE000807301327828144609D863283DD862283B
:10AAF00000F0B88163287DD0252840F03D812A46AA
:10AB000043465146C847207801350028A0D12C463D
:10AB1000A84501D808F1FF3543462A465146002092
:10AB2000C84720460FB0BDE8F08F002606EB86062A
:10AB300000EB46061078A0F1300109291446A6F171
:10AB4000300602F10102F1D92E28A2D16078A0F1DD
:10AB50003001092943F48063174640F2EF802A2828
:10AB600000F002811446013293E7A0F1640E012245
:10AB70005FFA8EFE02FA0EFE384A1EEA020E40F01E
:10AB8000AD80732854D07028B9D143F021030593C8
:10AB90000823049310230391CDF804E002935BF89B
:10ABA000043B00932A46434651464846FFF784FE3D
:10ABB00005464AE75BF8046B6078002E1446BCBF7C
:10ABC00043F002037642013261E760786C2886D157
:10ABD000A07843F44073E21C84E7607843F4007388
:10ABE00001327FE76078682800F0F68043F0800348
:10ABF000013277E70BF1040298070A9205F1010789
:10AC000040F111812A469BF8000043465146C8474F
:10AC1000012E88BFAD1940F249813A4643460137BB
:10AC200051462020C847BD42F7D1DDF828B00CE7D7
:10AC30005A4652F804CB0A929CF800B058460029B4
:10AC400040F08C80BBF1000F13D06FF0010E0EF1BD
:10AC5000010EE644624606E0A9A40008210812009D
:10AC6000964500F0B38012F8017F002FF8D1A2EBD7
:10AC70000C0E13F4806702D08E4528BF8E4613F069
:10AC800002030B9300F0B080BBF1000F17D0CDE9A9
:10AC90000CE6E3462A460E46434651461FB106F1EE
:10ACA000FF3C3EB16646C8471BF8010F01352A46F6
:10ACB0000028F1D10B9BDDE90CE6002BB5D07645E1
:10ACC0002F46B2D93544A5EB0E053A464346013727
:10ACD00051462020C847BD42F7D1A6E76F2800F0B3
:10ACE000BF806DD8692823F0100240F017815F05FE
:10ACF00048BF23F01102900500F1DD80D3050BF170
:10AD0000040700F1D580500640F1F6809BF9003031
:10AD10000391002B4FF00A0102914FEAD371B8BFA3
:10AD20005B42CDE9046201912A46009343465146B5
:10AD30004846FFF7C1FDBB46054686E6002101EB0C
:10AD4000810100EB4100A0F1300117F8010FA0F1E3
:10AD50003002092AF3D93C467A1C9BE6BBF1000F6E
:10AD600087D001F1FF3E72E75BF8041BA078023444
:10AD700021EAE171621C8DE658287FF4C0AE43F0F1
:10AD800020031022580524D423F00C0313F4007080
:10AD90006AD113F4807F0BF1040740F0B2805806AB
:10ADA0007BD418064CBFBBF80000DBF80000009015
:10ADB000CDE904630023CDE9022101932A46B5E7DA
:10ADC000782868D023F010030A22DBE7AEEB0C0EE4
:10ADD0004FE723F00D03D9E7A07843F0C003E21C4E
:10ADE00080E60446054693E6764540F2948006EBFD
:10ADF000050BCDE90C7CABEB0E0B0F462A46434608
:10AE0000013551462020C8475D45F7D1DDF834C0F3
:10AE100039469CF800B00C9F06F1010E58460028F8
:10AE20007FF435AF01E7012E3AD96B1E3344CDF8DC
:10AE30002CB02F469B463A464346013751462020C8
:10AE4000C847BB45F7D15B46DDF82CB01A469BF8E6
:10AE5000000043465146C8473544DDF828B0F4E5C4
:10AE600008228FE702228DE7CDE907630BF1070B7C
:10AE7000002306910492059302932BF0070BFBE845
:10AE800002672A46CDE90067434651464846FFF728
:10AE90005DFD0546D9E5102274E79BF8000086E7C2
:10AEA0009BF800002A4643465146C8473D46BCE64B
:10AEB000DBF800302CE70BF1070B2BF0070BDBF86E
:10AEC00004305BF8080B0691D90FCDE907620291B7
:10AED000024600210A20002BCDE9040102DA524289
:10AEE00063EB4303CDE9002351462A4643464846D7
:10AEF000FFF72CFD0546A8E51306D9D5BBF90030B0
:10AF000006E7CDE90221CDE904630190DBF80030CA
:10AF100000932A460AE70EF1010E7FE764283FF40A
:10AF2000E6AE13460A222DE700B583B084460093AF
:10AF3000044813460A466146FFF76EFD03B05DF80C
:10AF400004FB00BFA1A4000810B584B00446CDE9FD
:10AF50000241009302A9134603484FF0FF32FFF766
:10AF60005BFD04B010BD00BF0DAA0008D0B5FCF712
:10AF7000B7FC0C4B002206460F46FCF721FAFCF703
:10AF800007FD0446FCF78AFC074B0022FCF718FA81
:10AF900002460B4630463946FCF742FBFCF7F8FC0C
:10AFA0002146D0BD0000F03D0000F0412DE9F04702
:10AFB000089D0E4604460F46002B4AD194468C4508
:10AFC000B2FA82F260D942B1C2F12003974020FA6E
:10AFD00003F30CFA02FC1F4394404FEA1C4E1FFA85
:10AFE0008CF6B7FBFEF1230C0EFB117743EA074307
:10AFF00001FB06F098420AD91CEB030301F1FF376D
:10B0000080F01581984240F21281023963441B1A84
:10B01000A4B2B3FBFEF00EFB103344EA034400FB82
:10B0200006F6A6420AD91CEB040400F1FF3380F0B7
:10B030000081A64240F2FD806444023840EA0140AB
:10B04000A41B00211DB1D4400023C5E90043BDE885
:10B05000F0878B4205D90DB1C5E9000100210846F2
:10B06000F5E7B3FA83F1002946D1B34202D3824215
:10B0700000F2F580841A66EB030201201746002DCA
:10B08000E5D0C5E90047E2E7002A40F09380A1EB54
:10B090000C034FEA1C471FFA8CFE0121B3FBF7F6A5
:10B0A00007FB1630230C43EA00430EFB06F09842E0
:10B0B00008D91CEB030306F1FF3802D2984200F2D4
:10B0C000D08046461B1AA4B2B3FBF7F007FB10333F
:10B0D00044EA03440EFB00FEA64508D91CEB040419
:10B0E00000F1FF3302D2A64500F2B6801846A4EB69
:10B0F0000E0440EA0640A5E7C1F120078B4022FA82
:10B1000007FC4CEA030C06FA01FE20FA07F426FAC3
:10B1100007F344EA0E0400FA01F84FEA1C404FEA34
:10B120001449B3FBF0FE1FFA8CF600FB1E3349EA0C
:10B1300003430EFB06F9994502FA01F20BD91CEB09
:10B1400003030EF1FF3A80F08580994540F282803A
:10B15000AEF1020E6344A3EB0909A4B2B9FBF0F30C
:10B1600000FB139944EA094403FB06F6A64208D9FA
:10B170001CEB040403F1FF3068D2A64266D9023BFF
:10B18000644443EA0E40A41BA0FB02E6B4427346AB
:10B19000B14652D34FD05DB1B8EB030264EB090462
:10B1A00004FA07F722FA01F31F43CC40C5E9007403
:10B1B00000214CE7C2F1200120FA01F30CFA02FC55
:10B1C00026FA01F1964033434FEA1C471FFA8CFEE2
:10B1D000B1FBF7F007FB1016190C41EA064100FB22
:10B1E0000EF68E4204FA02F408D91CEB010100F1BC
:10B1F000FF382DD28E422BD902386144891B9BB275
:10B20000B1FBF7F607FB161143EA014306FB0EF10B
:10B21000994208D91CEB030306F1FF3814D2994276
:10B2200012D9023E63445B1A46EA004136E73946CA
:10B23000EDE6184602E7F045ADD2BEEB020366EB41
:10B240000C060138B146A6E74646ECE7034698E708
:10B250004046D3E7D6467EE76444023847E70846CF
:10B260000DE7023E63442DE7F8B500BFF8BC08BC0B
:10B270009E467047F8B500BFF8BC08BC9E467047B4
:10B28000A0860100400D0300801A060000350C0066
:10B2900040420F0080841E0000093D0000127A0029
:10B2A0000024F40000366E010048E801006CDC0266
:10B2B0000000000001020304600101080200000018
:10B2C0006C010108040000007C0101080800000076
:10B2D0008C010108100000009C0101082000000002
:10B2E000AC01010840000000BC0101088000000022
:10B2F000180101080000010000000000000000002B
:10B300004D000100E5110008000000001C000100D4
:10B3100055100008000000002C0008009D100008D7
:10B320000000000060000100D510000800000000CF
:10B330007D000800091100080000000062001000F4
:10B340004111000828010108170101000000000058
:10B350000000000018011000A911000844010108B4
:10B3600037000100000000000000000000000000A5
:10B37000293C0000163B0000D7630000325F00004C
:10B38000738800005D7D00004AAC0000A6970000B5
:10B39000A4D000000FAF00004CF70000A3C40000D1
:10B3A00070FB0000F3E80000F6D20000C0BB000014
:10B3B000DCA40000E58E0000338200007D7B7C7AF7
:10B3C000E7E61BE895B9AAAB0102030405060049AC
:10B3D00048303231332F4B4A9EA09F898A8B8CEDA7
:10B3E000E907ACB191C696CA9ABEC2BACED2D6E22D
:10B3F000DADE7640447F64B5600D218D3C37A66C63
:10B400002768582B705C144C5054EEEA08ADB29289
:10B41000C797CB9BBFC3BBCFD3D7E3DBDF77414518
:10B420008065B6610E228E3D38A76D2869592C7152
:10B430005D154D5155EFEB09AEB393C898CC9CC048
:10B44000C4BCD0D4D8E4DCE07842468166B7620F51
:10B45000238F3E39A86E296A5A2D725E164E5256B7
:10B46000F0EC0AAFB494C999CD9DC1C5BDD1D5D971
:10B47000E5DDE17943478267B8631024903F3AA93C
:10B480006F2A6B5B2E735F174F5357888586261F75
:10B4900083843BA1A213181A190C0B3487110000E6
:10B4A00000000300A0C50008000001009CC50008C2
:10B4B0000300010098C500080100010094C50008C0
:10B4C0000300010090C50008000001008CC50008C1
:10B4D0000000010088C500080000010084C50008C4
:10B4E0000000010080C50008000001007CC50008C4
:10B4F0000000010078C50008010C010074C50008B7
:10B50000FF03010070C50008BD0001006CC5000804
:10B51000BD00010068C50008BD00010064C5000849
:10B52000BD00010060C50008000001005CC5000806
:10B530000100010058C5000801002000D8C400081F
:10B5400000000100D4C4000800000100D0C40008BD
:10B5500000000100CCC4000800000100C8C40008BD
:10B5600050000200C0C40008C05D0100BCC4000857
:10B5700040010100B8C4000815000100B4C400086F
:10B5800000000100B0C4000800000100ACC40008C5
:10B5900000000100A8C4000801000200A0C40008C7
:10B5A0000100030094C400085D00010090C400087D
:10B5B0005D0001008CC400085D00010088C4000823
:10B5C0005D00010084C400080100010080C400087F
:10B5D000000001007CC400080000010078C40008DD
:10B5E0000000010074C400080000010070C40008DD
:10B5F000000001006CC400080000010068C40008DD
:10B600000000010064C400080000010060C40008DC
:10B61000000001005CC400080000030050C40008E2
:10B620000000040040C40008000001003CC4000801
:10B630000000010038C40008000003002CC400080A
:10B640000000010028C400080200020020C4000815
:10B650000000020018C400080000010014C4000823
:10B660000000010010C40008000001000CC4000824
:10B670000000010008C4000800000500F4C3000831
:10B6800000000100F0C3000800000100ECC3000846
:10B6900000000100E8C3000800000100E4C3000846
:10B6A00001000500D0C3000801000500BCC300086C
:10B6B00001000500A8C300080100050094C30008AC
:10B6C0000000010090C30008000001008CC30008C6
:10B6D0000000010088C300080000010084C30008C6
:10B6E0000000090060C3000800000A0038C3000819
:10B6F0000000050024C300080000050010C3000876
:10B70000000001000CC300080000010008C300088D
:10B710000000010004C300080000010000C300088D
:10B7200000000100FCC2000800000100F8C200088F
:10B7300000000100F4C2000800000100F0C200088F
:10B7400000000100ECC2000800000100E8C200088F
:10B7500000000100E4C2000800000100E0C200088F
:10B7600000000100DCC2000800000100D8C200088F
:10B7700000000100D4C2000800000100D0C200088F
:10B7800000000100CCC2000800000100C8C200088F
:10B7900000000100C4C2000800000100C0C200088F
:10B7A00001000500ACC200080100050098C20008B5
:10B7B0000100050084C200080100050070C20008F5
:10B7C000010001006CC200080100010068C200080D
:10B7D0000100010064C200080100010060C200080D
:10B7E000170001005CC200081700010058C20008E1
:10B7F0001700010054C200081700010050C20008E1
:10B80000070001004CC200080700010048C2000800
:10B810000700010044C200080700010040C2000800
:10B82000010001003CC200080100010038C200080C
:10B830000100010034C200080100010030C200080C
:10B84000000001002CC200080100010028C200080D
:10B850000000010024C200080000010020C200080E
:10B86000000001001CC200080000010018C200080E
:10B870003F00010014C200080400010010C20008CB
:10B88000000001000CC200080100010008C200080D
:10B890000000010004C200080300010000C200080B
:10B8A00003000100FCC1000803000100F8C100080A
:10B8B00003000100F4C100089D000100F0C1000870
:10B8C0004D000100ECC1000801000500D8C10008CE
:10B8D0001F000100D4C1000800000100D0C1000811
:10B8E00001000200C8C1000800000500B4C1000842
:10B8F00000000300A8C10008000003009CC100086C
:10B900000000030090C10008000001008CC1000885
:10B910000000010088C100080000010084C1000887
:10B920000000010080C10008000001007CC1000887
:10B930000000010078C100080000010074C1000887
:10B940000000010070C100080000020068C100088A
:10B950000000010064C100080000010060C100088F
:10B96000000001005CC100080000010058C100088F
:10B970000000010054C100080000010050C100088F
:10B98000000001004CC100080000010048C100088F
:10B990000000050034C100080000010030C10008AB
:10B9A000000001002CC100080000010028C10008AF
:10B9B0000000010024C100080000010020C10008AF
:10B9C000000001001CC100080000010018C10008AF
:10B9D0000000010014C100080000010010C10008AF
:10B9E000000001000CC100080000010008C10008AF
:10B9F0000500010004C100084500010000C1000865
:10BA000000000200F8C0000800000200F0C00008BA
:10BA100000000200E8C0000800000200E0C00008CA
:10BA20000A000100DCC0000800000100D8C00008C6
:10BA300000000100D4C0000800000100D0C00008D0
:10BA400000000100CCC0000801000500B8C00008DB
:10BA500001000500A4C000080100050090C0000816
:10BA6000010005007CC000080000020074C000084E
:10BA70000000010070C00008000001006CC0000858
:10BA80000000010068C000080000010064C0000858
:10BA90000000010060C00008000001005CC0000858
:10BAA0000000010058C000080000010054C0000858
:10BAB0000000010050C00008000001004CC0000858
:10BAC0000000010048C000080000010044C0000858
:10BAD0000000010040C00008000001003CC0000858
:10BAE0000000010038C000080000010034C0000858
:10BAF0000000010030C00008000001002CC0000858
:10BB00000000010028C000080000010024C0000857
:10BB10000000010020C00008000001001CC0000857
:10BB20000000010018C000080000010014C0000857
:10BB30000000010010C00008000001000CC0000857
:10BB40000000010008C000080000010004C0000857
:10BB50000000010000C0000800000100FCBF000858
:10BB600000000100F8BF000800000100F4BF000859
:10BB700000000100F0BF000800000100ECBF000859
:10BB800000000100E8BF000800000100E4BF000859
:10BB900000000100E0BF000800000100DCBF000859
:10BBA00000000100D8BF000800000100D4BF000859
:10BBB00000000100D0BF000800000100CCBF000859
:10BBC00000000100C8BF000800000100C4BF000859
:10BBD00000000100C0BF000808000100BCBF000851
:10BBE00020000100B8BF000800000100B4BF000839
:10BBF00000000100B0BF000800000100ACBF000859
:10BC000000000100A8BF000800000100A4BF000858
:10BC100000000100A0BF0008000001009CBF000858
:10BC20000000010098BF00080000010094BF000858
:10BC30000000020088C600080000010084C6000859
:10BC40000300010080C60008010001007CC6000856
:10BC50000300010078C600080000010074C6000857
:10BC60000000010070C60008000001006CC600085A
:10BC70000000010068C600080000040058C6000863
:10BC80000000010054C600080400010050C600086E
:10BC9000040001004CC600080C03020044C6000862
:10BCA000C05D010040C600084001080020C6000831
:10BCB000150001001CC600080000010018C600089D
:10BCC0000000010014C600080000010010C60008B2
:10BCD0000100030004C6000802000200FCC50008C1
:10BCE00000000200F4C5000800000100F0C50008D3
:10BCF00001000100ECC500083F000100E8C5000894
:10BD000004000100E4C5000800000100E0C50008CF
:10BD100001000100DCC5000800000100D8C50008D2
:10BD200000000100D4C5000800000100D0C50008D3
:10BD300000000100CCC5000805000100C8C50008CE
:10BD400045000100C4C500080A000100C0C5000884
:10BD500000000100BCC5000808000100B8C50008CB
:10BD600020000200B0C5000800000100ACC50008BA
:10BD700000BE87BD8EBD14BD19BDA0BC27BCAEBB27
:10BD8000ADAD33ACB8AABEA8CBADD2AB58A95FA7B6
:10BD9000DC9FE19B67986C947390F58AF8857A80B4
:10BDA000F9C379C779CBF8CE75D1F4D472D871DBE9
:10BDB000F8E0F7E4F5E8F2EC56E952EC4EEFC9F1A1
:10BDC00039F0B3F22DF527F71DF515F68CF784F849
:10BDD000837A897A0F7A147A9A7720772776AD75E5
:10BDE0002E6EB46CB96B3F6A4F71D56E5C6CE269B4
:10BDF000DC5F615CE558EA54DE4DDF496146624232
:10BE0000F7017705F608F60BF50E7412F2157119A5
:10BE100051164F19CC1BCA1E5C28D72B532F4E32FC
:10BE2000392C342F2E32A93423399A3A923B093DCA
:10BE3000093D093D093D093D093D093D093D093DD2
:10BE4000093D093D093D093D093D093D093D093DC2
:10BE5000093D093D093D093D093D093D093D093DB2
:10BE6000093D093D093D093D093D093D093D093DA2
:10BE7000060401001F1915120F0D0C0B004026447B
:10BE80009A994742000000000000804085EB514035
:10BE900000000000613132312D76312E31302E30EC
:10BEA0000000000000000000000000000000000092
:10BEB0000000000000000000000000000000000082
:10BEC0000000000000000000000000000000000072
:10BED0000000000000000000000000000000000062
:10BEE000000000000000000000000000FFFF000054
:10BEF000A9A20008B9A2000800000000AD2F0008A8
:10BF00004D02000850000000A000010008001001D0
:10BF1000000000010300000050000000A00001002C
:10BF200008001001000000010300000050000000A4
:10BF3000A000010008001001000000010300000043
:10BF400050000000A00001000800100100000001E6
:10BF500003000000000000000000000001000000DD
:10BF60000100010002000100A00000006163635FA6
:10BF70006765745F69715F706F696E745F76656322
:10BF8000746F720000000000000000000102030452
:10BF90000607080932033000F702B000C202B00001
:10BFA0008D02B0005802B000F8029000C302900069
:10BFB0008E02900059029000E400D000F40090003E
:10BFC000F700D1000703B000D202B0009D02B0001C
:10BFD0006802B00005033100D00231009B0231003D
:10BFE0006602310005033000D00230009B023000B1
:10BFF000660230000603B000D102B0009C02B0001F
:10C000006702B00001033100CC0231009702310019
:10C01000620231000403B200CF02B2009A02B20001
:10C020006502B20013031002DE021002A902100220
:10C03000740210020B031002D6021002A1021002B9
:10C040006C0210020303B000CE02B0009902B000EF
:10C050006402B0000203B000CD02B0009802B0004C
:10C060006302B00002033500CD02350098023500AE
:10C07000630235003A01B0004601B0001902250004
:10C08000380225003C022500430225004702250016
:10C09000D7012500F6012500FA012500010225003F
:10C0A0000502250095012500B4012500B8012500F1
:10C0B000BF012500C30125005301250072012500A1
:10C0C000760125007D01250081012500FB029000FD
:10C0D000C6029000910290005C02900047030402A7
:10C0E000FE02081028030810C9020810F302081005
:10C0F00094020810BE0208105F020810890208109E
:10C10000DE00F700DE00F0002402F000E201F000A3
:10C11000A001F0005E01F000F3003000F3007700B2
:10C12000F300D1007100072072000402A100100288
:10C13000A20010022000081027000810310008108B
:10C140006F000810750007201B031002E6021002A2
:10C15000B10210027C02100217031002E202100268
:10C16000AD02100278021002C100B0003901B00027
:10C17000FA029000C5029000900290005B029000CD
:10C18000FC02B001C702B0019202B0015D02B00131
:10C190009100081092000810930008108E000810FB
:10C1A0008F000810900008108B0008108C000810F9
:10C1B0008D0008103500081088000810890008104C
:10C1C0008A000810960008108400081094000810D7
:10C1D000380008104001B00049012500490126003F
:10C1E000490127004901280049012900B803B0018D
:10C1F000B903B0014202040200020402BE010402BB
:10C200007C01040236015100F2003000F200770098
:10C21000F200D100F500D0000F031002DA02100284
:10C22000A502100270021002320331003203320004
:10C2300025020720E3010720A10107205F01072055
:10C2400026020402E4010402A201040260010402C5
:10C2500028020402E6010402A401040262010402AD
:10C2600041020720FF010720BD0107207B010720B5
:10C2700019022B0038022B003C022B0043022B003A
:10C2800047022B00D7012B00F6012B00FA012B00EF
:10C2900001022B0005022B0095012B00B4012B009D
:10C2A000B8012B00BF012B00C3012B0053012B0051
:10C2B00072012B0076012B007D012B0081012B00E8
:10C2C0002F020720ED010720AB010720690107209D
:10C2D00031020402EF010402AD0104026B01040209
:10C2E0005302A4001102A400CF01A4008D01A400F8
:10C2F0005202A4001002A400CE01A4008C01A400EC
:10C300005102A4000F02A400CD01A4008B01A400DF
:10C31000250007202F000710730008107C0008106C
:10C320007E0008101F0007202600071030000710AD
:10C33000740008107B000810280007203200071046
:10C340003900081041000710460005104B00082076
:10C350004C0008204F000810540008205500082009
:10C360002100072029000710330007103A000810A9
:10C3700040000710470005104A0008205000081030
:10C3800053000810F6029000C10290008C02900049
:10C390005702900019023701380237013C02370179
:10C3A0004302370147023701D7013701F601370150
:10C3B000FA01370101023701050237019501370102
:10C3C000B4013701B8013701BF013701C30137019B
:10C3D0005301370172013701760137017D013701C1
:10C3E000810137011502B001D301B0019101B00103
:10C3F0004F01B0012E0007106B0007107F000820CE
:10C4000080000810820007201402F000D201F00022
:10C410009001F0004E01F0002B0330002F0330009C
:10C420002B0354002F035400360007103F00081060
:10C4300086000820AF000810590010025A001002B0
:10C44000220008102A000810340008103E000810CE
:10C450001B00051067000810680008201F02072055
:10C46000DD0107209B01072059010720200204025B
:10C47000DE0104029C0104025A0104024801040284
:10C48000110107202003B001EB02B001B602B00198
:10C490008102B001060024000D00240014002400D5
:10C4A0006A0008204A012600330157003301550075
:10C4B000330153003501B00016010402FB000402F1
:10C4C000000104020B0104022B020402E901040230
:10C4D000A7010402650104027501062078013100FC
:10C4E00078013200790106208001062083013200A4
:10C4F000840106208A010620B7010620BA01310016
:10C50000BA013200BB010620C2010620C50132007B
:10C51000C6010620CC010620F9010620FC013100ED
:10C52000FC013200FD010620040206200702320051
:10C53000080206200E0206203B0206203E023100C1
:10C540003E0232003F020620460206204902320027
:10C550004A0206205002062028010810C500D0001B
:10C560002103B001EC02B001B702B0018202B001B8
:10C570009C0090019D009001F902D000C402D000FF
:10C580008F02D0005A02D000DF005A00DF003900CD
:10C59000DF005600DF003500DF005200DF00310011
:10C5A000B6003200BD003200BF0032005C01300036
:10C5B0003700D000C802D000B4009000B700D1000E
:10C5C000FA000402E200F700E200F000B3003000DD
:10C5D000B3007700B300D100D6005100B2003000A4
:10C5E000B2007700B200D100B500D0005C0131008C
:10C5F0005C013200290030002D0030002900540079
:10C600002D005400060024000D0024001400240016
:10C61000D3005700D3005500D3005300D500B0001D
:10C62000AC0004021B030402F5040402FA04040231
:10C63000010504020605040221050402580504024E
:10C64000180504026C010402220304023204B00043
:10C650007204B000CF040402C9043701CC043701CE
:10C66000D0043701D30437016105B0006305D00061
:10C67000E3005A00E3003900E3005600E300350010
:10C68000E3005200E3003100590032006000320044
:10C6900030BFC36335030100E5010800350308001E
:10C6A000850301008503000014000000A847000076
:10C6B00035030100E501100035031000850301007A
:10C6C0008503000014000000A847000035030100A6
:10C6D000E5012000350320008503010085030000EB
:10C6E00014000000D832000000000000B84B000029
:10C6F0002508000035080100450801004008000039
:10C7000088090000A506A00B000000001702000029
:10C71000F00900003702000070050000A80F0000BB
:10C72000000000008702000080020000F009000005
:10C73000B7020000B0020000700500009810000071
:10C740000846000000000000200300002003000055
:10C7500020030000F0090000500300005003000017
:10C7600070050000A0060000E0030000C84C0000B7
:10C77000100C0000404A0000204C0000480400005B
:10C780005835000078360000500A0000500A0000BA
:10C79000E001000040020000D70200001400000089
:10C7A000050800008506C0098006400A80062009A9
:10C7B0000900000018370000A80F000098100000C2
:10C7C000084600000900000018370000404A000039
:10C7D000204C00000900000018370000204C000029
:10C7E000981000000846000009000000F849000009
:10C7F000884800005505000065050000450501005A
:10C8000009000000E5010800A506000085150400E8
:10C8100035030300E501080035030800C506A46ED2
:10C82000B83700008503010085030000A038000030
:10C830002838000009000000D0130000E0060000C6
:10C84000880800001707000068250000F0090000B4
:10C85000680900002708000002000000404A0000AC
:10C86000204C0000B707000035070300D84E000039
:10C870000A00000035070200F8090000A00F0000C0
:10C880009010000000000000004600008808000032
:10C8900060090000430000005708000078280000ED
:10C8A000D813000000000000184800000900000034
:10C8B00060250000E014000070280000B02800008F
:10C8C00000190000C02B0000002C0000201D0000FB
:10C8D000102F0000502F00004021000060320000A7
:10C8E000D813000009000000E01400000900000057
:10C8F000F5010100060000088515020085150100FC
:10C900009515FF03A515010C09000000A8490000BA
:10C910001848000025050000350500001505010038
:10C9200009000000D50701002506646B3507890D55
:10C930004507890D85061400D84E00002A00000026
:10C94000250600008506000045070000104800008D
:10C950000900000045000000E50186003500840064
:10C960004201000043000000B50C0B0082CE010024
:10C970004300000068330000283900004500010032
:10C9800009000000B50C000009000000B50C000013
:10C9900009000000A50B0000F50B0000050C1200BB
:10C9A000150C0000E50B0000950B0500483B00004E
:10C9B0000620220038420000B50204007502000083
:10C9C00065024000E5010101B5020101A841000036
:10C9D00065020000783F0000A8420000D83B00003C
:10C9E000017C0007F2030000017C0100060040000A
:10C9F0004300000001000005283C00000900000081
:10CA0000D5080A00E5081A00450285225502FD01F5
:10CA100009000000A5010000D5000000E5000000AD
:10CA2000F5002000050100001501000025010000AF
:10CA3000350100008501000045010000550100009E
:10CA400065010000750100009501000095000100DE
:10CA50007500FF3709000000350A0900550A00007B
:10CA6000C50A0800650A3F08250A6000950A01000A
:10CA7000250A7F0009000000D83C000002DC050008
:10CA800043000000D5000000E50000007500030031
:10CA9000020500004300000085000300250000009F
:10CAA000180B000025000100E501020075000000E0
:10CAB00009000000583A0000180E000002050000AE
:10CAC000430000008500FF37D50A4F007500FF3F87
:10CAD0008500FF3F50110000050A6B01050A08019F
:10CAE000050AB502E50C0100021400004300000035
:10CAF000280F000045030100450302003813000021
:10CB0000483B0000184500005845000078440000EC
:10CB1000A845000025000000E501000535000005DE
:10CB2000E501020015000000020F000043000000B4
:10CB300018430000883A0000E501010035000100BB
:10CB40006201000043000000C80D0000784E0000A4
:10CB5000250901009500FF4009000000050D0100B6
:10CB6000250D0100150D1500A50A0100450D8700D2
:10CB700009000000A50B0000F50A000025022E00A8
:10CB800009000000083B000078440000E5011F0098
:10CB9000150B1F0038420000C8400000A8420000EA
:10CBA00006202200E50A0800F50A0000883B000084
:10CBB00002000000E10300034300000001008002C6
:10CBC000283C0000090000003502000015020000AA
:10CBD000060220002200000032000000E17F8000F9
:10CBE00001F400001600000043000000C601000030
:10CBF00043000000E715000002000000F8160000E6
:10CC00004300000006001C003502000090160000E2
:10CC1000720000000602000072010000F816000019
:10CC2000430000000200000006001C00430000005A
:10CC300043000000E71600000602000002000000AA
:10CC4000F816000043000000090000001200000078
:10CC500001F4000012000000E17F800026000000C7
:10CC600001F4010000008000E17F8000E601000087
:10CC700001F4070000008007430000006018000076
:10CC800032000000E17F80002600000001F4030074
:10CC900000008000E17F8000E601000001F4070051
:10CCA000000080074300000006004000160000005E
:10CCB0004300000026000000000080000600000085
:10CCC000060000000600000001748000090000005A
:10CCD00035020000150200000602200022000000BC
:10CCE00032000000E17F800001F400001600000027
:10CCF00043000000C601000043000000071A0000C6
:10CD000002000000181B00004300000006001C0089
:10CD100035020000B01A0000720000000602000098
:10CD200072010000181B0000430000000200000018
:10CD300006001C004300000043000000071B000029
:10CD40000602000002000000181B00004300000063
:10CD5000090000001200000001F4000012000000B1
:10CD6000E17F80002600000001F401000000800047
:10CD7000E17F8000E601000001F407000000800769
:10CD800043000000801C000032000000E17F8000B2
:10CD90002600000001F4030000008000E17F800015
:10CDA000E601000001F407000000800743000000D6
:10CDB00006004000160000004300000026000000AE
:10CDC00000008000060000000600000006000000D1
:10CDD0000174800009000000350200001502000007
:10CDE000060220002200000032000000E17F8000E7
:10CDF00001F400001600000043000000C60100001E
:10CE000043000000271E000002000000381F000041
:10CE10004300000006001C0035020000D01E000088
:10CE2000720000000602000072010000381F0000BE
:10CE3000430000000200000006001C004300000048
:10CE400043000000271F000006020000020000004F
:10CE5000381F00004300000009000000120000001D
:10CE600001F4000012000000E17F800026000000B5
:10CE700001F4010000008000E17F8000E601000075
:10CE800001F407000000800743000000A02000001C
:10CE900032000000E17F80002600000001F4030062
:10CEA00000008000E17F8000E601000001F407003F
:10CEB000000080074300000006004000160000004C
:10CEC0004300000026000000000080000600000073
:10CED0000600000006000000017480000900000048
:10CEE00035020000150200000602200022000000AA
:10CEF00032000000E17F800001F400001600000015
:10CF000043000000C601000043000000472200006B
:10CF100002000000582300004300000006001C002F
:10CF200035020000F022000072000000060200003E
:10CF300072010000582300004300000002000000BE
:10CF400006001C00430000004300000047230000CF
:10CF50000602000002000000582300004300000009
:10CF6000090000001200000001F40000120000009F
:10CF7000E17F80002600000001F401000000800035
:10CF8000E17F8000E601000001F407000000800757
:10CF900043000000C024000032000000E17F800058
:10CFA0002600000001F4030000008000E17F800003
:10CFB000E601000001F407000000800743000000C4
:10CFC000060040001600000043000000260000009C
:10CFD00000008000060000000600000006000000BF
:10CFE000017480000900000098130000F50B000098
:10CFF000050C0000150C0000E50B0000950B00006F
:10D00000E50A0000050200000620020010340000BE
:10D01000050B0000050B0C00050B0000150B0000B4
:10D02000250B0000350B0100450B0000550B0000DF
:10D03000650B000038420000B502040075020000D4
:10D0400065020000E5010900B5020900A8410000E1
:10D0500065020000E5014100B5024100A841000061
:10D0600065020000783E0000B50204007502000071
:10D0700065020000E5010101B5020101A8410000BF
:10D0800065020000783F0000A84200001828000058
:10D090000900000015095D00F508BD00E50100204C
:10D0A000F508002001000000090000000100000553
:10D0B000283C0000004E000009000000981300000A
:10D0C000F50B0000050C0000150C0000E50B00003E
:10D0D000950B0000E50A0000050200000620020092
:10D0E00010340000050B0000050B0C00050B0000C0
:10D0F000150B0000250B0000350B0100450B00004F
:10D10000550B0000650B000038420000B50204001A
:10D110007502000065020000E5010900B502090082
:10D12000A841000065020000E5014100B502410090
:10D13000A841000065020000783E0000B50204002E
:10D140007502000065020000E5010101B502010160
:10D15000A841000065020000783F0000A8420000DE
:10D16000682B00000900000015095D00F508BD00EE
:10D17000E5010020F5080020010000000900000082
:10D1800001000005283C0000004E000009000000DE
:10D1900098130000F50B0000050C0000150C0000B2
:10D1A000E50B0000950B0000E50A000005020000F9
:10D1B0000620020010340000050B0000050B0C00D7
:10D1C000050B0000150B0000250B0000350B0100BE
:10D1D000450B0000550B0000650B000038420000B5
:10D1E000B50204007502000065020000E5010900B7
:10D1F000B5020900A841000065020000E5014100F8
:10D20000B5024100A841000065020000783E000020
:10D21000B50204007502000065020000E50101018D
:10D22000B5020101A841000065020000783F00003E
:10D23000A8420000B82E00000900000015095D009A
:10D24000F508BD00E5010020F50800200100000000
:10D250000900000001000005283C0000004E00000D
:10D260000900000098130000F50B0000050C0000F9
:10D27000150C0000E50B0000950B0000E50A00000E
:10D28000050200000620020010340000050B00001B
:10D29000050B0C00050B0000150B0000250B000012
:10D2A000350B0100450B0000550B0000650B00001D
:10D2B00038420000B502040075020000650200005B
:10D2C000E5010900B5020900A8410000650200005F
:10D2D000E5014100B5024100A841000065020000DF
:10D2E000783E0000B50204007502000065020000EF
:10D2F000E5010101B5020101A8410000650200003D
:10D30000783F0000A8420000083200000900000039
:10D3100015095D00F508BD00E5010020F5080020B5
:10D32000010000000900000001000005283C000089
:10D33000004E000009000000E5013100C508200092
:10D34000090000006503C000B5070200B5082A0007
:10D35000A83200000900000055080200F505010090
:10D36000350C040009000000D50701002506E40083
:10D3700065070600E507080045061400D84E0000C2
:10D380000A000000F848000028490000650727004F
:10D3900009000000350C0200350C0300E501010016
:10D3A000050B0100E5010200D50A0000A200000003
:10D3B0004300000009000000E5010800A506000088
:10D3C00025030300E501080025030800C506046FD6
:10D3D000B8370000950301009503000028380000CD
:10D3E0000900000015080000E5010800A506080076
:10D3F000D84E00002A0000000900000025080000A7
:10D40000250600003507030045070300D84E00003D
:10D410000A000000090000002508010009000000C2
:10D42000F50101100600000809000000E5010400F4
:10D4300085060400D50701002506C46DD84E0000FE
:10D440002A000000090000002506000085060000F3
:10D4500009000000E8360000184800008848000075
:10D4600009000000E501100035031000090000006C
:10D47000E50110002503100009000000D507010098
:10D4800025061400D84E00002A00000025060000E2
:10D49000C506000009000000E5061800D84E00008F
:10D4A0000A000000E50600003508010088090000B8
:10D4B000A506A00B0900000005071800D84E0000C3
:10D4C0000A0000000507000045080100483600007A
:10D4D000A506406909000000E501860035008400CA
:10D4E0004201000043000000E5010300B50C01000B
:10D4F0006200000043000000D50701002506E4009B
:10D5000065070600E507080045061800D84E00002C
:10D510000A000000F84800002849000065072700BD
:10D5200009000000E5010300B50C0300090000003C
:10D5300068330000E50102003500020062010000CE
:10D5400043000000E50184003500000009000000F0
:10D550001502360005020E0025022E00090000000B
:10D560001502360005020E00250293000900000096
:10D5700015094D00F5089D00E5010020F508002083
:10D580000900000015095D00F508BD00E501002057
:10D59000F508002009000000E5010020F508000062
:10D5A000000000000000000025000100E50102006D
:10D5B0001500020025000000E50102001500000032
:10D5C0000900000065007F00090000006500000000
:10D5D000090000007500010009000000D5000000EE
:10D5E000E50102009500020009000000A50100000D
:10D5F000E5000000F5002000050100001501000015
:10D60000250100003501000045010300550103001C
:10D610008501030065010300750103009501030006
:10D62000E501F77F9500F57F09000000E501FF01A6
:10D630006502E001E5011100B5021100A8410000FA
:10D64000E501FF016502FF01E5012100B5022100AE
:10D65000A8410000E501FF016502F801E501810034
:10D66000B5028100A841000009000000E501FF01AA
:10D670006502C001E5010102B5020102A8410000F6
:10D68000E501FF016502FF01E5010104B5020104A6
:10D69000A8410000E501FF016502F801E50101086C
:10D6A000B5020108A8410000E501FF016502FF0184
:10D6B000E5010110B5020110A841000009000000B9
:10D6C000B50204006502003FB5020D00F8410000FC
:10D6D0006502C0FFB5021500F84100006502F0FFC9
:10D6E000B5028500F84100006502FFFFB502250084
:10D6F000F841000009000000B208000043000000EB
:10D70000E501F91FB502000009000000B2080000A1
:10D7100043000000B502040009000000E501000517
:10D7200035000000E501001835000018E50100058E
:10D730003500000509000000E50100053500000086
:10D74000E501001835000000E50100053500000581
:10D7500009000000450A0100450A000065070300B2
:10D76000D50708002506140058490000A847000006
:10D7700025073900F50400000505803EE504010099
:10D78000D84E00000A000000A8470000F84800003A
:10D790006507000009000000250A0000950A000046
:10D7A000250A0000650A000009000000050B0000C2
:10D7B000050B0C00050B0000150B1F00250B0000CE
:10D7C000350B0100450B0000550B0000650B0000F8
:10D7D00009000000F50B0000050C0E00150C000000
:10D7E00009000000950B0700A50B0400E50A0700DF
:10D7F000F50A040009000000D50B0500B50B030075
:10D8000009000000D50B0500B50B00000900000061
:10D8100038420000B5020400750200006502C03FF6
:10D82000E5010101B5020101A8410000650200FE09
:10D83000783F0000A8420000483B0000062022007C
:10D84000D83B0000F5090100E5010003950900013E
:10D8500001F40000D50B0500024B0000430000005E
:10D86000D50B0900F5090000E5010003950900004A
:10D87000283C00000900000025070000B505010054
:10D880006200000043000000B5050000E504000050
:10D890000900000035070000C50501006200000016
:10D8A00043000000C5050000150500000900000048
:10D8B00045070000D505010062000000430000009C
:10D8C000D505000045050000090000002506000000
:10D8D000D50700000900000045060000E50700002C
:10D8E0000900000015000400E501080035000000F3
:10D8F000150000000900000015000800E5011000F7
:10D90000350000001500000009000000150010009F
:10D91000E5012000350000001500000009000000AE
:10D9200095000100E50C00002509000028390000E1
:10D9300025000100E501020015000200E5010600D6
:10D9400085000000E501060075000000D8450000D4
:10D95000984E0000E5010100350000006201000062
:10D960004300000028440000D50A000085000100A3
:10D97000183D0000783D0000090000002833000039
:10D98000C500000095140000783D0000383D0000FF
:10D99000F80B000009000000D80B0000E5010100B1
:10D9A00085000000E501010075000000383D000021
:10D9B000E501020015000000F83C0000090000002D
:10D9C000950C1300750C3800850C0200150236000A
:10D9D00005020E0025022E00062022001509ED008A
:10D9E000F508DD01E5010020F50800200100000533
:10D9F000010001050100000506004000283C000070
:10DA0000750C0000850C0000950C0000090000005A
:10DA1000350C0000350C0400E5010100050B000089
:10DA2000E5010200D50A020009000000450DFF00D3
:10DA300009000000450D0000A50A0000050D0000CA
:10DA4000090000005200000043000000090000002F
:10DA5000300EB36335030100E5010800350308000B
:10DA6000850301008503000014000000A8010000E8
:10DA700035030100E50110003503100085030100A6
:10DA80008503000014000000A80100003503010018
:10DA9000E501200035032000850301008503000017
:10DAA0001400000015000400E50108003500000026
:10DAB000150000000900000025070000B505010061
:10DAC0006200000043000000B5050000E50400000E
:10DAD0000900000025060000D5070000090000002D
:10DAE00045060000E5070000090000006503C000CE
:10DAF000B5070200B5082A00C802000009000000AE
:10DB0000E5013100C50820000900000052000000B6
:10DB1000430000000900000065007F0009000000CC
:10DB2000A5010000D5000000E5000000F500200080
:10DB3000050100001501000025010000350100006D
:10DB4000850100004501000055010000650100004D
:10DB50007501000095010000950001007500FF3778
:10DB600009000000D5000000E50102009500020058
:10DB700009000000A5010000E5000000F5002000FC
:10DB8000050100001501000025010000350100001D
:10DB900045010300550103008501030065010300F1
:10DBA0007501030095010300E501F77F9500F57FFE
:10DBB00009000000B50C000009000000450000004D
:10DBC000E5018600350084004201000043000000AA
:10DBD000B50C0B0082CE0100430000008808000055
:10DBE000580700004500010009000000E50103009E
:10DBF000B50C030009000000020F00004300000004
:10DC00000900000088080000E5010200350002005C
:10DC10006201000043000000E501840035000000BF
:10DC200009000000E5018600350084004201000083
:10DC300043000000E5010300B50C01006200000094
:10DC400043000000D50701002506E4006507060033
:10DC5000E507080045061800F80200000A00000069
:10DC600018020000480200006507270009000000B4
:10DC7000D50701002506E40065070600E507080052
:10DC800045061400F80200000A0000001802000017
:10DC9000480200006507270009000000550D01003B
:10DCA0000000000075070000C50D900975072700EA
:10DCB0008513010015140100E5010400851304001B
:10DCC000E501040015140400E501080085130800AF
:10DCD000E501F8011514F801090000001502000023
:10DCE000050200002502010006202200150902009D
:10DCF000F5080400E5010020F508002009000000F7
:10DD00000214000043000000010001000100800235
:10DD10000600400009000000350A0900550A00000D
:10DD2000C50A0800650A3F08250A6000950A010037
:10DD3000250A7F0009000000250A0000950A00005E
:10DD4000250A0000650A000009000000450A0100DC
:10DD5000450A000065070300D507080025061400E2
:10DD600058010000A801000025073900F504000053
:10DD70000505803EE5040100F80200000A000000ED
:10DD8000A80100001802000065070000090000005B
:10DD9000450A0100450A000009000000050D0100C8
:10DDA000250D0100150D1500A50A0100450D870080
:10DDB00009000000450DFF000900000015095D0085
:10DDC000F508BD00E5010020F5080020090000006D
:10DDD000D5080A00E5081A00450285225502FD0112
:10DDE000090000001502360005020E00250293000E
:10DDF00009000000E5010020F50800000000000017
:10DE00000000000025000100E501020015000200ED
:10DE100025000000E50102001500000009000000D7
:10DE2000350C0200350C0300E5010100050B010073
:10DE3000E5010200D50A0000A20000004300000036
:10DE400009000000E501000535000000E5010018AB
:10DE500035000018E5010005350000050900000047
:10DE6000E501000535000000E5010018350000005F
:10DE7000E50100053500000509000000B2080000BA
:10DE800043000000E501F91FB50200000900000091
:10DE9000E501FF016502E001E5011100B502110095
:10DEA000B8100000E501FF016502FF01E501210056
:10DEB000B5022100B8100000E501FF016502F8017C
:10DEC000E5018100B5028100B810000009000000E2
:10DED000E501FF016502C001E5010102B502010291
:10DEE000B8100000E501FF016502FF01E501010432
:10DEF000B5020104B8100000E501FF016502F80158
:10DF0000E5010108B5020108B8100000E501FF01B4
:10DF10006502FF01E5010110B5020110B810000013
:10DF200009000000D50B0500B50B03000900000037
:10DF3000D80F0000B5020400750200006502C03F62
:10DF4000E5010101B5020101B8100000650200FE03
:10DF50000812000048100000580E000006202200A1
:10DF6000B80D0000F5090100E50100039509000165
:10DF700001F40000D50B0500024B00004300000037
:10DF8000D50B0900F5090000E50100039509000023
:10DF9000980E000009000000050B0000050B0C00A6
:10DFA000050B0000150B1F00250B0000350B0100B1
:10DFB000450B0000550B0000650B00000900000038
:10DFC0005508020058010000A801000018020000D6
:10DFD00048020000F5050100350C0400780200003D
:10DFE0002851000038090000380A00000100000034
:10DFF000950C1300750C3800850C0200A20000007F
:10E00000C230000043000000430000000100010591
:10E010000600400001008002750C0001850C18000C
:10E02000C80A0000850C38002503000065070300BE
:10E03000D50708002506140058010000F50400006B
:10E040000505800285142200C50A0000080D0000A5
:10E05000A801000025072106E5040100F8020000E0
:10E060000A000000A8010000E501010025030100ED
:10E07000C80A0000C50A0100080D0000A801000040
:10E0800025074D06E5040100F80200000A00000023
:10E09000A8010000E501020025030200C80A0000F3
:10E0A000C50A0200080D0000A80100002507790636
:10E0B000E5040100F80200000A000000A8010000C9
:10E0C000E501040025030400C80A0000C50A030096
:10E0D000080D0000A80100002507A506E5040100C1
:10E0E000F80200000A000000A8010000E501080095
:10E0F00025030800C80A0000C50A0400080D000036
:10E10000A80100002507D106E5040100F80200007F
:10E110000A000000A8010000E5011000250310001E
:10E12000C80A0000C50A0500080D0000A80100008B
:10E130002507FD06E5040100F80200000A000000C2
:10E14000A8010000E501200025032000C80A000006
:10E15000C50A0600080D0000A801000025072907D0
:10E16000E5040100F80200000A000000A801000018
:10E17000E501400025034000C80A0000C50A070069
:10E18000080D0000A801000025075507E50401005F
:10E19000F80200000A000000A8010000E50180006C
:10E1A00025038000C80A0000C50A0800080D000009
:10E1B000A801000025078107E5040100F80200001E
:10E1C0000A000000A8010000E5010001250300018C
:10E1D000C80A0000C50A0900080D0000A8010000D7
:10E1E0002507AD07E5040100F80200000A00000061
:10E1F000A8010000E501000225030002C80A000092
:10E20000C50A0A00080D0000A80100002507D9076B
:10E21000E5040100F80200000A000000A801000067
:10E22000E501000425030004C80A0000C50A0B002C
:10E23000080D0000A801000025070508E5040100FD
:10E24000F80200000A000000A8010000E501000833
:10E2500025030008C80A0000C50A0C00080D0000CC
:10E26000A801000025073108E5040100F8020000BC
:10E270000A000000A8010000E501001025030010BD
:10E28000C80A0000C50A0D00080D0000A801000022
:10E2900025075D08E5040100F80200000A000000FF
:10E2A000A8010000E501002025030020C80A0000A5
:10E2B000C50A0E00080D0000A80100002507890806
:10E2C000E5040100F80200000A000000A8010000B7
:10E2D000E501004025030040C80A0000C50A0F0000
:10E2E000080D0000A80100002507B508E50401009D
:10E2F000F80200000A000000A8010000E50100800B
:10E3000025030080C80A000085140000A80B000047
:10E3100018020000C85000001400000078590000E6
:10E32000750C8000850C8000B50A0300E50104002F
:10E33000B50C040006000008950A6100484F000073
:10E34000950A6900484F0000950A7100484F000087
:10E35000950A7900484F0000950A4100484F000097
:10E36000950A4900484F0000950A5100484F0000A7
:10E37000950A5900484F0000950A2100484F0000B7
:10E38000950A2900484F0000950A3100484F0000C7
:10E39000950A3900484F0000950A0100484F0000D7
:10E3A000950A0900484F0000950A1100484F0000E7
:10E3B000950A1900484F0000B50A000001008002CC
:10E3C000750C0200850C0200E5010400B50C00008C
:10E3D000C80A0000750C1800850C0600F500100036
:10E3E000C80A0000F5001100C80A0000F50012007C
:10E3F000C80A0000F5001300C80A0000F500140068
:10E40000C80A0000F5001500C80A0000F500160053
:10E41000C80A0000F5001700C80A0000F50018003F
:10E42000C80A0000F5001900C80A0000F5001A002B
:10E43000C80A0000F5001B00C80A0000F5001C0017
:10E44000C80A0000F5001D00C80A0000F5001E0003
:10E45000C80A0000F5001F00C80A0000F5002000EF
:10E46000C80A0000F5002100C80A0000F5002200DB
:10E47000C80A0000F5002300C80A0000F5002400C7
:10E48000C80A0000F5002500C80A0000F5002600B3
:10E49000C80A0000F5002700C80A0000F50028009F
:10E4A000C80A0000F5002900C80A0000F5002A008B
:10E4B000C80A0000F5002B00C80A0000F5002C0077
:10E4C000C80A0000F5002D00C80A0000F5002E0063
:10E4D000C80A0000F5002F00C80A0000F50030004F
:10E4E000C80A0000F5003100C80A0000F50032003B
:10E4F000C80A0000F5003300C80A0000F500340027
:10E50000C80A0000F5003500C80A0000F500360012
:10E51000C80A0000F5003700C80A0000F5003800FE
:10E52000C80A0000F5003900C80A0000F5003A00EA
:10E53000C80A0000F5003B00C80A0000F5003C00D6
:10E54000C80A0000F5003D00C80A0000F5003E00C2
:10E55000C80A0000F5003F00C80A0000A80B000030
:10E56000C850000014000000785900004503010065
:10E57000F5002000750C0300850C0300E501040084
:10E58000B50C040006000008150D1000085000002E
:10E59000150D110008500000150D12000850000064
:10E5A000150D130008500000150D14000850000050
:10E5B000150D150008500000150D1600085000003C
:10E5C000150D170008500000150D18000850000028
:10E5D000150D190008500000150D1A000850000014
:10E5E000150D1B0008500000150D1C000850000000
:10E5F000150D1D0008500000150D1E0008500000EC
:10E60000150D1F0008500000150D000008500000F7
:10E61000150D010008500000150D02000850000003
:10E62000150D030008500000150D040008500000EF
:10E63000150D050008500000150D060008500000DB
:10E64000150D070008500000150D080008500000C7
:10E65000150D090008500000150D0A0008500000B3
:10E66000150D0B0008500000150D0C00085000009F
:10E67000150D0D0008500000150D0E00085000008B
:10E68000150D0F0008500000350D0000010080023C
:10E69000980E0000A80B000045030000C8500000C1
:10E6A00014000000B50B0300F5090100250001006E
:10E6B0009509000125000000D50B0E000214000092
:10E6C00043000000D50B0A00F50900009509000081
:10E6D000950C000062090000C230000043000000F9
:10E6E00043000000380A0000E5010400B50C0400F6
:10E6F000050C000006000008150C0000E50B3C00AE
:10E70000C80A0000E50B3400C80A0000E50B2C0025
:10E71000C80A0000E50B2400C80A0000E50B04004D
:10E72000C80A0000E50B0C00C80A0000E50B140045
:10E73000C80A0000E50B1C00C80A0000150C010007
:10E74000E50B3C00C80A0000E50B3400C80A0000D5
:10E75000E50B2C00C80A0000E50B2400C80A0000E5
:10E76000E50B0400C80A0000E50B0C00C80A000015
:10E77000E50B1400C80A0000E50B1C00C80A0000E5
:10E78000150C0200E50B3C00C80A0000E50B340044
:10E79000C80A0000E50B2C00C80A0000E50B2400A5
:10E7A000C80A0000E50B0400C80A0000E50B0C00D5
:10E7B000C80A0000E50B1400C80A0000E50B1C00A5
:10E7C000C80A0000150C0300E50B3C00C80A000055
:10E7D000E50B3400C80A0000E50B2C00C80A000055
:10E7E000E50B2400C80A0000E50B0400C80A00007D
:10E7F000E50B0C00C80A0000E50B1400C80A000075
:10E80000E50B1C00C80A0000150C0400E50B3C00D9
:10E81000C80A0000E50B3400C80A0000E50B2C0014
:10E82000C80A0000E50B2400C80A0000E50B04003C
:10E83000C80A0000E50B0C00C80A0000E50B140034
:10E84000C80A0000E50B1C00C80A0000150C0500F2
:10E85000E50B3C00C80A0000E50B3400C80A0000C4
:10E86000E50B2C00C80A0000E50B2400C80A0000D4
:10E87000E50B0400C80A0000E50B0C00C80A000004
:10E88000E50B1400C80A0000E50B1C00C80A0000D4
:10E89000150C0600E50B3C00C80A0000E50B34002F
:10E8A000C80A0000E50B2C00C80A0000E50B240094
:10E8B000C80A0000E50B0400C80A0000E50B0C00C4
:10E8C000C80A0000E50B1400C80A0000E50B1C0094
:10E8D000C80A0000150C0700E50B3C00C80A000040
:10E8E000E50B3400C80A0000E50B2C00C80A000044
:10E8F000E50B2400C80A0000E50B0400C80A00006C
:10E90000E50B0C00C80A0000E50B1400C80A000063
:10E91000E50B1C00C80A0000150C0800E50B3C00C4
:10E92000C80A0000E50B3400C80A0000E50B2C0003
:10E93000C80A0000E50B2400C80A0000E50B04002B
:10E94000C80A0000E50B0C00C80A0000E50B140023
:10E95000C80A0000E50B1C00C80A0000150C0900DD
:10E96000E50B3C00C80A0000E50B3400C80A0000B3
:10E97000E50B2C00C80A0000E50B2400C80A0000C3
:10E98000E50B0400C80A0000E50B0C00C80A0000F3
:10E99000E50B1400C80A0000E50B1C00C80A0000C3
:10E9A000C850000014000000A8590000E8550000FD
:10E9B000F50A000028590000F50A01002859000056
:10E9C000F50A020028590000F50A03002859000042
:10E9D000F50A040028590000F50A0500285900002E
:10E9E000F50A060028590000F50A0700285900001A
:10E9F00001008002980E0000085A0000C850000074
:10EA000014000000A8590000080E0000D80F0000F4
:10EA1000B5020400750200006502C03FE50109006F
:10EA2000B5020900B810000065020000E5014100D0
:10EA3000B5024100B8100000650200FE0811000098
:10EA4000985800004810000006200208B80D000089
:10EA5000A50B040068550000F50A0000D84D000021
:10EA6000F50A0100D84D0000F50A0200D84D00005B
:10EA7000F50A0300D84D0000F50A0400D84D000047
:10EA8000F50A0500D84D0000F50A0600D84D000033
:10EA9000F50A0700D84D000001008002980E000022
:10EAA000085A0000C850000014000000A8590000D7
:10EAB000E50A0800950B0800F50B0F00D80F0000C1
:10EAC000B5020400750200006502C03FE5010900BF
:10EAD000B5020900B810000065020000E501410020
:10EAE000B5024100B8100000650200FE08110000E8
:10EAF000B5020400750200006502C03FE501010196
:10EB0000B5020101B8100000650200FE0812000005
:10EB100048100000B80D0000F50A04001502A0001E
:10EB20000600200801F4000506020000A50B000005
:10EB3000884C000006020000A50B0100884C000074
:10EB400006020000A50B0200884C0000060200002F
:10EB5000A50B0300884C000006020000A50B040072
:10EB6000884C000006020000A50B0500884C000040
:10EB700006020000A50B0600884C000006020000FB
:10EB8000A50B0700884C000001000005980E00004E
:10EB9000085A0000C850000014000000A8590000E6
:10EBA000E50A0800950B0800F50B0900D80F0000D6
:10EBB000B5020400750200006502C007E501090006
:10EBC000B5020900B810000065020000E50141002F
:10EBD000B5024100B81000006502001E08110000D7
:10EBE000B5020400750200006502C007E5010101DD
:10EBF000B5020101B81000006502001E08120000F5
:10EC000048100000350200001502A00025022E0069
:10EC100006202008B80D0000A50B0400050C030019
:10EC2000150C000068550000D84D0000010080025E
:10EC3000980E0000085A0000C850000014000000A0
:10EC4000A8590000E5010400B50C0000350C0100D6
:10EC5000750C8001850C0200950C1300450C090011
:10EC6000650C1B0028150000450B0200E50A080092
:10EC7000950B0800D80F0000B502040075020000D3
:10EC800065024000E5010900B5020900B810000066
:10EC900065020000E5014100B5024100B810000026
:10ECA0006502007E0811000098580000481000001E
:10ECB000B80D0000010000001502A10025026E0041
:10ECC000650B0400062020084853000006002008B9
:10ECD00022000000485300004300000001008002B1
:10ECE000650B0C00060020004200000048530000A5
:10ECF0004300000001000005650C0000450C0F00FA
:10ED0000550C0300750CC001150B0900550B0700CD
:10ED1000350B2900250B0B000600200052000000D7
:10ED2000585400004300000001008002550B0F0002
:10ED3000350B090006002000520000005854000066
:10ED40004300000001008002250B13000600200094
:10ED5000520000005854000043000000010000056C
:10ED6000980E0000085A0000C8500000140000006F
:10ED700012000000E175000001F40100260000000F
:10ED8000E175000001F40700E60100000200000048
:10ED9000E175000001F4030026000000E1750000A9
:10EDA00001F40700E60100004300000006004000F7
:10EDB00016000000430000002600000001748000DF
:10EDC00009000000060020001200000006020000FA
:10EDD00072010000884C00004300000006001C0087
:10EDE0004300000001F4800209000000060020003A
:10EDF0000602000072010000884C00004300000081
:10EE000001F48002090000008513000015140000C1
:10EE100075070000C50D0000550D01000900000038
:10EE2000B50A0300021400004300000001000100C5
:10EE300001008002B50A0200021400004300000035
:10EE400001000700010080020600400009000000E8
:10EE5000350D010002140000430000000100010014
:10EE600001008002350D0300021400004300000081
:10EE700001000700010080020600400009000000B8
:10EE800035030200E50100003503000085030100A1
:10EE90008503000009000000C50000009514000073
:10EEA00098040000580400009805000028030000A2
:10EEB00002DC05004300000048030000A20100003E
:10EEC000430000008500FF37D50A4F007500FF3F63
:10EED0008500FF3F0214000043000000E50C010024
:10EEE000280B0000380D000025000000E50100059A
:10EEF00035000005E501020015000000B80500001E
:10EF0000020F000043000000980D000025090100D9
:10EF100078060000A8060000D806000009000000DE
:10EF200006020000F202000001080000E1070000F4
:10EF30000100000001000100620000000108000063
:10EF4000E107000001000000010003004300000091
:10EF500006004000260000004300000006001C00E0
:10EF60000900000006020000F20200000128000073
:10EF700001100000E1070000010001006200000034
:10EF80000128000001100000E1070000010003005B
:10EF9000430000000600400026000000430000007F
:10EFA00006001C0009000000F50901009509000198
:10EFB0000214000043000000F5090000950900005C
:10EFC00001F4000109000000050A6B01050A0801AF
:10EFD000050AB502150D0000D50B0900E50B000070
:10EFE000980E00004503010045030200E84E0000B2
:10EFF0005813000088130000D80F0000B502040069
:10F00000750200006502C03FE5010900B502090074
:10F01000B810000065020000E5014100B5024100A2
:10F02000B8100000650200FE0811000098580000AA
:10F0300048100000E50A0800950B0700480F000083
:10F0400015029D00350200000502760025022E0003
:10F0500006200208B80D0000A50B0400050C1100E5
:10F06000150C0000F50B020068550000080E0000AA
:10F0700009000000B50204007502000065024000AE
:10F08000E5010101B5020101B810000065020000B0
:10F0900008120000090000005502DD0D784E000046
:10F0A0005502FF0F784E000009000000280B0000F9
:10F0B000F80B00000900000078590000E50101008C
:10F0C000350001006201000043000000090000005B
:10F0D000E50101003500000062010000430000006E
:10F0E000A80B000009000000000000000000000064
:10F0F0000000000000000000000000000000000010
:10F1000000000000000000000000000000000000FF
:10F1100000000000000000000000000000000000EF
:10F1200000000000000000000000000000000000DF
:10F1300000000000000000000000000000000000CF
:10F1400000000000000000000000000000000000BF
:10F1500000000000000000000000000000000000AF
:10F16000000000000000000000000000000000009F
:10F17000000000000000000000000000000000008F
:10F18000000000000000000000000000000000007F
:10F19000000000000000000000000000000000006F
:10F1A000000000000000000000000000000000005F
:10F1B00000000000496E76616C696420636F6E66C2
:10F1C00069672068616E646C65000000636F6E663D
:10F1D00069670000496E76616C69642073656E73BF
:10F1E0006F722068616E646C6500000073656E73F9
:10F1F0006F720000496E76616C69642070726F6393
:10F20000657373696E672068616E646C65000000E9
:10F2100070726F63657373696E670000546F6F205F
:10F220006C617267652073656E736F7220627566BC
:10F2300066657220757361676500000072616461C4
:10F24000725F656E67696E655F6131323100000023
:10F250004C6F61643A205472616E736665722073FC
:10F26000697A6520697320746F206C61726765002C
:10F2700073656E736F725F636F6D6D5F6131323195
:10F280000000000053656E736F7220256C75206E50
:10F290006F7420726561647920666F722072756E7A
:10F2A0006E696E672061206E65772070726F67727D
:10F2B000616D000073656E736F725F70726F746F53
:10F2C000636F6C5F6131323100000000496E76611E
:10F2D0006C6964206275666665722073656E736F13
:10F2E0007220256C7500000047656E657269633198
:10F2F00020496E7465727275707420616C726561FC
:10F30000647920636C6561726564206F6E2073653B
:10F310006E736F7220256C75000000004E6F2065C3
:10F3200076656E7420636F6465205B307825785D48
:10F330002072656365697665642066726F6D2073FF
:10F34000656E736F7220256C750000004572726FD8
:10F3500072206576656E7420636F6465205B30781B
:10F3600025785D2072656365697665642066726FD5
:10F370006D2073656E736F7220256C750000000040
:10F38000496E76616C6964206576656E7420636F82
:10F390006465205B307825785D20726563656976E9
:10F3A00065642066726F6D2073656E736F722025C1
:10F3B0006C75000053707572696F757320657665A2
:10F3C0006E74207265636569766564207768656E22
:10F3D00020444F4E45206578706563746564212034
:10F3E0005265636569766564206576656E74206331
:10F3F0006F6465203D2025640000000063616C6936
:10F4000062726174696F6E5F613132315F63616C2A
:10F410005F73657373696F6E0000000072756E6EC6
:10F42000696E670073746F70706564005B256C753E
:10F430005D2053656E736F722025734025687500DB
:10F4400073656E736F725F7374617475735F61312E
:10F45000323100005B256C755D205363726174630B
:10F460006870616420636F6E666967202568753A0D
:10F470002030782530346878000000005B256C75FA
:10F480005D2077616B6575705F737461747573303F
:10F490003A20307825303468780000005B256C75A0
:10F4A0005D20696E7075746D75785F77616B6575D9
:10F4B000705F696E7075742568755F636F6E6669DD
:10F4C000673A203078253034687800005B256C7509
:10F4D0005D2077616B6575705F696E707574256806
:10F4E000755F77616B6575705F636F6E6669673AAC
:10F4F00020416464723D2568753A203078253034A7
:10F50000687800005B256C755D2077616B657570B0
:10F510005F696E7075742568755F61636B5F636F9B
:10F520006E6669673A20202020416464723D256838
:10F53000753A203078253034687800005B256C758A
:10F540005D20537461636B206C6576656C20256863
:10F55000753A20416464723D2568753A20256875C6
:10F56000000000005B256C755D20417369632065B8
:10F5700072726F723A20307825303468780000005B
:10F580005B256C755D2020204552524F523A202554
:10F59000730000002D2D2D2D2D2D20424547494E65
:10F5A000202D2D2D2D2D2D2053656E736F72205320
:10F5B0007461747573204C6F67202D2D2D2D2D2DAA
:10F5C00020424547494E202D2D2D2D2D2D00000088
:10F5D0005B256C755D2025733A20307825303468C2
:10F5E000780000002D2D2D2D2D2D2D20454E442051
:10F5F0002D2D2D2D2D2D2D2053656E736F722053C3
:10F600007461747573204C6F67202D2D2D2D2D2D59
:10F610002D20454E44202D2D2D2D2D2D2D0000006B
:10F620004F66667365743A20256875204D6F64696E
:10F6300066792076616C7565203D20256C75207497
:10F640006F6F206C6172676520286D6178696D75D8
:10F650006D20256C75290000636F6E6670726F6790
:10F6600072616D00496E76616C69642064617461D9
:10F67000206F627461696E656420666F72207061CC
:10F68000746368696E670000556E61636B6E6F77B7
:10F690006C6564676564206576656E742064657466
:10F6A0006563746564206F6E2073656E736F72207E
:10F6B000256C750053656E736F7220256C75206E16
:10F6C0006F7420726561647920666F72206C6F615F
:10F6D00064696E672061206E65772070726F677253
:10F6E000616D00005374617465206E6F74207573D2
:10F6F00065640000656C656D656E745F6672616D52
:10F70000650000005363726174636820697320753B
:10F7100073656420627574206E6F74207365740065
:10F720005363726174636820616E642073746174E2
:10F7300065206E6F7420757365640000656C656D7F
:10F74000656E745F73696E6B5F613132315F6361E7
:10F750006C6C6261636B00004F757470757420632C
:10F76000616E206E6F742062652073657420666F11
:10F77000722073696E6B20656C656D656E74000038
:10F78000253032753A253032753A253032752E25BE
:10F7900030337520282563292028257329202573D7
:10F7A0000A00000045574956440000004F75742078
:10F7B0006F66206D656D6F72790000007273735F04
:10F7C000696E746567726174696F6E00416464721A
:10F7D0006573733A20256875204D6F6469667920DA
:10F7E00076616C7565203D20256C7520746F6F20E7
:10F7F0006C6172676520286D6178696D756D202573
:10F800006C752900496E76616C696420646174616D
:10F81000206F627461696E656420666F72206C6926
:10F820007665207061746368696E6700496E766101
:10F830006C6964207265666572656E6365206672C8
:10F84000657175656E6379202573256C752E25307D
:10F85000366C7520487A00006370645F706C6C5F72
:10F8600064697669736F72730000000053656E738C
:10F870006F722063616C6962726174696F6E20736C
:10F88000746570202564206661696C656400000001
:10F8900063616C6962726174696F6E5F613132318C
:10F8A00000000000496E76616C6964206E756D62BF
:10F8B0006572206F6620737562737765657073007B
:10F8C0007472616E736C6174696F6E5F6131323135
:10F8D00000000000496E76616C696420737765658D
:10F8E000705F726174650000656E61626C655F6374
:10F8F0006361206E6F742076616C6964207769742F
:10F900006820646F75626C655F62756666657269B2
:10F910006E670000537562737765657020256875A2
:10F920002068617320696E76616C6964205052466C
:10F9300000000000496E76616C6964206672616D3A
:10F94000655F726174650000496E76616C69642060
:10F9500073657474696E677320666F7220636F6E6F
:10F9600074696E756F75735F73776565705F6D6FC2
:10F9700064650000696E7465725F6672616D655FD3
:10F9800069646C655F7374617465206D7573742050
:10F990006265207468652073616D65206F722064F4
:10F9A0006565706572207468616E20696E74657239
:10F9B0005F73776565705F69646C655F73746174AC
:10F9C00065000000496E76616C696420696E74653B
:10F9D000725F6672616D655F69646C655F737461A7
:10F9E00074650000496E76616C696420696E7465A7
:10F9F000725F73776565705F69646C655F7374616E
:10FA000074650000496E76616C6964206877616195
:10FA100073000000496E76616C696420636F6D62EB
:10FA2000696E6174696F6E206F66206C6F6F7062B3
:10FA300061636B20616E642070726F66696C650033
:10FA4000496E76616C696420636F6D62696E617482
:10FA5000696F6E206F662070726F66696C652061D9
:10FA60006E64207072660000496E76616C69642075
:10FA700070726F66696C6500496E76616C696420AE
:10FA8000737465705F6C656E67746800496E76614B
:10FA90006C6964206E756D5F706F696E74730000C1
:10FAA00070686173655F656E68616E63656D656ED4
:10FAB00074206E6F742076616C6964207769746855
:10FAC0006F75742073756274726163745F696E5FC1
:10FAD0006275666665720000496E76616C696420C5
:10FAE000737461727420706F696E7400496E766110
:10FAF0006C6964206E756D626572206F6620706F30
:10FB0000696E7473206F722073746570206C656EFB
:10FB100067746800496E76616C6964207072660073
:10FB2000537461727420706F696E74206F722072EA
:10FB3000616E676520746F6F20666172000000005F
:10FB4000537461727420706F696E7420746F6F20CB
:10FB5000636C6F7365000000496E76616C696420A8
:10FB600072656365697665725F6761696E00000042
:10FB7000496E76616C696420545820706F776572A5
:10FB800020617474656E756174696F6E00000000A9
:10FB90004661696C656420746F2063616C63756C89
:10FBA0006174652070756C7365736861706572202F
:10FBB00073657474696E6773210000005468652072
:10FBC0006D6178696D756D20737765657020726100
:10FBD0007465206973202564000000004C6F616427
:10FBE0002070726F6772616D206661696C65640078
:10FBF0004E6F7420706F737369626C6520746F2030
:10FC00007265636F6E666967757265207768656E89
:10FC100020646F75626C6520627566666572696ED8
:10FC20006720697320636F6E66696775726564002B
:10FC300053656E736F7220256C75206E6F74207221
:10FC40006561647920746F206265207570646174E9
:10FC5000656400006370645F613132315F6D6561BE
:10FC6000735F73657373696F6E0000004163636F48
:10FC70006E65657220736F66747761726520766554
:10FC80007273696F6E2025730A0000006163635F01
:10FC9000636F6E74726F6C5F68656C7065725F63C2
:10FCA00072656174652829206661696C656400006D
:10FCB000706970656C696E655F613132310000009A
:10FCC0004661696C656420746F2067657420726199
:10FCD00064617220656E67696E65206D657461642C
:10FCE00061746100706970656C696E655F737562DF
:10FCF0007377656570000000506970656C696E65AA
:10FD0000206E6F742070726F7065726C79206173F1
:10FD100073656D626C656400417373656D626C65DB
:10FD200020737562737765657020706970656C69A2
:10FD30006E65206661696C65640000004661696CEF
:10FD4000656420746F206372656174652070726FE2
:10FD500063657373696E670A000000006163635F27
:10FD60007273735F6765745F6275666665725F73F1
:10FD7000697A652829206661696C65640A0000005B
:10FD8000556E657870656374656420617369635F3F
:10FD9000696420666F756E64203D20307825780098
:10FDA00053656E736F7220697320696E2077726F6E
:10FDB0006E67207374617465000000004661696CB1
:10FDC000656420746F206372656174652073656E6D
:10FDD000736F720A0000000063616C696272617483
:10FDE000696F6E206661696C65640A00496E7661B0
:10FDF0006C69642063616C6962726174696F6E0022
:10FE00006163635F73656E736F725F70726570615B
:10FE10007265206661696C65640A00006163635FF6
:10FE2000636F6E74726F6C5F68656C7065725F6132
:10FE3000637469766174652829206661696C6564FC
:10FE4000000000004D656D6F727920616C6C6F630E
:10FE50006174696F6E20666F7220766563746F726D
:10FE600073206661696C6564000000006163635F14
:10FE700073656E736F725F6D656173757265206611
:10FE800061696C65640A000053656E736F72206966
:10FE90006E746572727570742074696D656F7574B7
:10FEA0000A0000004275666665722073697A6520F3
:10FEB000746F6F20736D616C6C00000053656E731E
:10FEC0006F7220256C75204E6F2070656E64696EB0
:10FED0006720696E746572727570740053656E7315
:10FEE0006F7220256C75206576656E7420697320AD
:10FEF0006E6F742048414E445348414B45205B305F
:10FF00007825785D00000000496E76616C69642098
:10FF1000627566666572206C656E677468000000C5
:10FF20005472616E736665722064617461206672DA
:10FF30006F6D2073656E736F7220746F20686F73BE
:10FF400074206661696C6564000000006163635F32
:10FF500073656E736F725F72656164206661696C50
:10FF600065640A00496E76616C6964206275666634
:10FF7000657220696E707574000000006163635FD4
:10FF8000636F6E74726F6C5F68656C7065725F67CB
:10FF900065745F6E6578742829206661696C656494
:10FFA00000000000706F696E74203C20636F6E74F7
:10FFB000726F6C5F68656C7065725F737461746595
:10FFC0002D3E70726F635F6D6574612E737765652A
:10FFD000705F646174615F6C656E677468000000D7
:10FFE0005372632F6578616D706C65732F68656CF3
:10FFF0007065722F6163635F70726F63657373699D
:020000040801F1
:100000006E675F68656C706572732E630000000038
:10001000766563746F725F6F75742D3E6461746191
:100020005F6C656E677468203D3D2028636F6E7459
:10003000726F6C5F68656C7065725F737461746514
:100040002D3E70726F635F6D6574612E6672616DB7
:10005000655F646174615F6C656E677468202F20F2
:10006000636F6E74726F6C5F68656C7065725F73DE
:10007000746174652D3E70726F635F6D6574612E7F
:1000800073776565705F646174615F6C656E6774DA
:1000900068290000436F686572656E74206D656144
:1000A0006E20616D706C69747564650025733A0A21
:1000B000000000002573256C752E2530366C7520E8
:1000C0000000000025313473200000004869676893
:1000D000657374207065616B20696E6465783A2081
:1000E000256C752C207065616B20616D706C697575
:1000F0006465202573256C752E2530366C750A00D5
:100100004170706C69636174696F6E2066696E69B5
:1001100073686564204F4B004173696320696465AF
:100120006E746974793A0000537461636B5F6C6537
:1001300076656C5F7374617475735F7265676973FC
:1001400074657200496E7465727275707420737490
:10015000617475732072656769737465720000005D
:10016000646F6E655F6572726F72000073746163B5
:100170006B5F6F766572666C6F7700007374616396
:100180006B5F756E646572666C6F77007370695F24
:10019000756E6B6E6F776E5F636D64007370695F11
:1001A0006D697373696E675F61636B006164635F40
:1001B0006669666F5F66756C6C0000006164635F02
:1001C000746F6F5F6661737400000000000FC93FB9
:1001D000000F494000CB9640000FC9400053FB4040
:1001E00000CB164100ED2F41000F49410031624123
:1001F00000537B41003A8A4100CB9641005CA34109
:1002000000EDAF41007EBC41000FC94100A0D541C7
:100210000031E24100C2EE410053FB4100F20342D3
:10022000003A0A420083104200CB164200141D42DD
:10023000005C234200A5294200ED2F4200363642E1
:10024000007E3C4200C74242000F4942A20000002B
:10025000F9000000830000006E0000004E00000066
:10026000440000001500000029000000FC00000010
:100270002700000057000000D1000000F50000003A
:1002800034000000DD000000C0000000DB000000C2
:100290006200000095000000990000003C00000092
:1002A000430000009000000041000000FE0000003C
:1002B0005100000063000000AB000000DE00000001
:1002C000BB000000C500000061000000B700000096
:1002D000240000006E0000003A0000004200000010
:1002E0004D000000D2000000E00000000600000009
:1002F000490000002E000000EA0000000900000094
:10030000D1000000920000001C000000FE00000070
:100310001D000000EB0000001C000000B100000008
:1003200029000000A70000003E000000E8000000D7
:100330008200000035000000F50000002E000000E3
:10034000BB0000004400000084000000E900000041
:100350009C0000007000000026000000B4000000B7
:100360005F0000007E000000410000003900000036
:1003700091000000D600000039000000830000005A
:100380005300000039000000F40000009C00000051
:10039000840000005F0000008B000000BD00000032
:1003A000F9000000280000003B0000001F000000D2
:1003B000F800000097000000FF000000DE000000D1
:1003C00005000000980000000F000000EF00000092
:1003D0002F000000110000008B0000005A000000F8
:1003E0000A0000006D0000001F0000006D0000000A
:1003F000360000007E000000CF0000002700000053
:10040000CB00000009000000B70000004F00000012
:10041000460000003F000000660000009E00000053
:100420005F000000EA0000002D00000075000000E1
:1004300027000000BA000000C7000000EB00000029
:10044000E5000000F10000007B0000003D0000001E
:100450000700000039000000F70000008A000000DB
:100460005200000092000000EA0000006B00000053
:10047000FB0000005F000000B10000001F00000052
:100480008D0000005D000000080000005600000024
:10049000030000003000000046000000FC000000E7
:1004A0007B0000006B000000AB000000F0000000CB
:1004B000CF000000BC000000200000009A000000F7
:1004C000F4000000360000001D000000A90000003C
:1004D000E300000091000000610000005E000000E9
:1004E000E60000001B00000008000000650000009E
:1004F00099000000850000005F000000140000006B
:10050000A000000068000000400000008D00000016
:10051000FF000000D8000000800000004D00000037
:1005200073000000270000003100000006000000FA
:10053000060000001500000056000000CA00000080
:1005400073000000A8000000C90000006000000067
:10055000E20000007B000000C00000008C000000F2
:100560006B0000000000C93F0000F0390000DA37DE
:100570000000A2330000842E0000502B0000C22790
:100580000000D0220000C41F0000C61B000044175A
:100590000400000007000000090000002C20667520
:1005A0006E6374696F6E3A2000617373657274696B
:1005B0006F6E2022257322206661696C65643A2083
:1005C00066696C6520222573222C206C696E65207B
:1005D0002564257325730A00232D302B2000686CB9
:1005E0004C00656667454647003031323334353656
:1005F000373839414243444546003031323334358F
:1006000036373839616263646566000000000000B7
:08061000D06CFF7F0100000027
:08061800397A0008000000001F
:08062000117A0008000000003F
:1006280000093D00100000006262615F63616C5F59
:100638006374726C5B785D0074785F667265715F75
:100648006B687A5B785D00002C00002000000000D9
:10065800E40300204C040020B40400200000000043
:100668000000000000000000000000000000000082
:100678000000000000000000000000000000000072
:100688000000000000000000000000000000000062
:10069800000000000000000000000000030000004F
:0806A800E40300200000000043
:04000005080083C9A3
:00000001FF
