:020000040800F2
:1000000000000120E9F7000821410008254100080F
:10001000294100082D41000831410008000000007E
:100020000000000000000000000000003541000852
:1000300039410008000000003D410008414100082E
:1000400039F8000839F8000839F80008514100086B
:1000500039F8000839F8000839F8000839F80008BC
:1000600039F800088D41000839F8000839F800080F
:10007000A1410008AD41000839F8000839F800082E
:10008000B9410008C541000839F8000839F80008EE
:1000900039F8000839F8000839F8000839F800087C
:1000A00039F8000839F8000839F8000839F800086C
:1000B00039F80008000000000000000039F80008CE
:1000C00039F80008D141000839F8000839F800086B
:1000D00039F8000839F800082955000839F80008EF
:1000E000F9410008E942000800000000000000009B
:1000F0000000000000000000000000000000000000
:100100000000000039F800080000000039F800087D
:10011000000000000000000039F8000839F800086D
:1001200039F8000839F8000839F8000839F80008EB
:1001300039F8000800000000000000000000000086
:1001400039F8000839F8000839F800080000000004
:1001500039F8000839F8000839F8000839F80008BB
:1001600039F8000839F8000839F8000800000000E4
:1001700039F8000839F8000800000000000000000D
:1001800039F8000839F8000839F8000800000000C4
:10019000B0F1904F84B017D0234B984204D0234B3A
:1001A00098422CD004B0704711B303F1784303F5A3
:1001B0000333DA6C42F00202DA64DB6C03F0020310
:1001C0000293029B04B0704759B1194BDA6C42F0AC
:1001D0000102DA64DB6C03F001030193019B04B0BC
:1001E0007047134AD36C23F00103D36404B0704703
:1001F0000F4AD36C23F00203D36404B0704769B193
:1002000003F1784303F5FA33DA6C42F08002DA64E2
:10021000DB6C03F080030393039BC3E7044AD36CB6
:1002200023F08003D364BDE700040048001C0048AD
:100230000010024090F824C0BCF1010F3CD070B512
:1002400090F825C00124A44580F824405FFA8CFE74
:1002500004D0002380F82430022070BD022580F8ED
:10026000255004680025C5632668456C26F0010604
:10027000266005F01C05066C0EFA05F575606360D6
:100280008368102B036B0BBFA260A160E160E2608A
:100290004BB1236843F00E032360236843F001034E
:1002A0000020236070BD236823F0040323602368CB
:1002B00043F00A032360F0E7022070472DE9F04184
:1002C000764C0023237094F86530012B0D46E168CD
:1002D00008D0B1F5827F60D1D8B22369002B5CD100
:1002E00004285AD1002D58D092B2002A55D094F843
:1002F0006430012B51D094F86530A6682564042B36
:100300001CBF052384F8653001210023A36684F80F
:100310006410A4F84620A4F84E20C4E9153373688D
:10032000A4F8442023F4C043A564A4F84C207360CF
:100330006369206EB3F5E06F31D8E36D9969736836
:10034000B1F5806F43F4805373607DD08369B3F55A
:10035000806F65D094F86530514A042B514B18BF1B
:100360001346514A0363514B4363514B18BF134625
:10037000C362B4F84E304FF00008C0F838809BB22A
:1003800006F10C012A46FFF755FF074660B1A36E40
:1003900084F8648043F01003A366BDE8F0817368BD
:1003A00023F480537360D5E77368E06D43F0010375
:1003B0007360B4F846300A46C0E90B77C0E90D77A0
:1003C00029469BB2FFF736FF00284AD133685B0607
:1003D00021D5002384F86430736843F020037360F0
:1003E000736843F002037360E26E2378002BD4D16C
:1003F00041F2873109E072B6237803B930BF62B6A3
:10040000BFF36F8F2378002BC7D1E36E9B1A8B420B
:10041000F1D9BDE8F081336843F040033360D8E799
:10042000736823F480537360B4F84E3013F0010FF7
:1004300073681DD123F400537360B4F84E30C3F3D6
:100440004E03A4F84E3085E7D20773681BD423F41B
:1004500080437360B4F84630C3F34E03A4F84630CB
:1004600074E7A36E84F8647043F01003A36694E706
:1004700043F400537360B4F84E30C3F34E030133BA
:10048000A4F84E3066E743F480437360B4F8463016
:10049000C3F34E030133A4F8463057E78800002029
:1004A0005D12000859120008412800086112000876
:1004B0009527000890F82520022A03D00422C26361
:1004C000012070470168426C10B50C6824F00E04DE
:1004D0000C600C6824F001040C6002F01C02046C37
:1004E000012101FA02F26260826B80F8251000247B
:1004F00080F8244002B19047002010BD70B4436CD6
:10050000066C056831682C6803F01C0304229A40CD
:100510000A420ED014F0040F0BD02B689B0603D4B4
:100520002B6823F004032B60036B7260CBB170BCAB
:10053000184702229A400A4215D014F0020F12D036
:100540002B68990606D42B6823F00A032B6001233D
:1005500080F82530C36A7260002180F82410002BD7
:10056000E5D170BC704708229A400A42F9D02207B0
:10057000F7D52A68416B22F00E022A60012202FAA6
:1005800003F300247360C26380F8244080F82520C0
:100590000029E6D070BC08472DE9F04F00233E4EFD
:1005A0004FF00F094FF0030A4DE03C4FB84265D0C1
:1005B0003B4FB84266D03B4FB84268D0DFF8E8B056
:1005C00058450CBF4FF0040B4FF0070B0BFA04F427
:1005D000A44513D1346824EA0E043460746824EA14
:1005E0000E047460F46824EA0E04F460B46824EA2B
:1005F0000E04B460AC6824EA0804AC6004685D00D2
:100600000AFA05F54FEAD30C2C4300EB8C0C04607E
:1006100003F00704DCF820E0A40009FA04F42EEA51
:100620000404CCF82040846824EA0504846044680B
:1006300024EA02024260C26822EA0502C260013373
:1006400031FA03F218D001229A4012EA010EF6D0D4
:1006500023F0030505F1804505F5803503F003041B
:10066000D5F808C0A40009FA04F8B0F1904F08EAE0
:100670000C0C9AD10024ABE7BDE8F08F012707FAF4
:1006800004F4A5E74FF0020B0BFA04F4A0E74FF0D7
:10069000030B0BFA04F49BE700040140000400483C
:1006A00000080048000C004800100048002310B467
:1006B00080F8423090F84120212A4FF0200118D1D3
:1006C000112280F84110026390F84110046801F093
:1006D000280122684363282914BF6FF0F2016FF0EC
:1006E00042010A40002322605DF8044B80F840304C
:1006F0007047122280F84110026390F8412001688F
:1007000002F028020C684363282A14BF6FF0F40239
:100710006FF04402224000230A605DF8044B80F829
:100720004030704701680B68002280F842205A046C
:100730000CD50B6823F480430B6090F84130292BD3
:100740000ED090F841302A2B20D070471B04F4D5EE
:100750000B6823F400430B6090F84130292BF0D153
:100760002822212380F84120036390F841300A6851
:1007700003F02803282B14BF6FF0F2036FF042033D
:10078000134000220B6080F840207047282222236B
:1007900080F84120036390F841300A6803F0280391
:1007A000282B14BF6FF0F4036FF0440313400022B2
:1007B0000B6080F84020704710B400232022174CB3
:1007C000C4624363036380F8412080F842304B07E2
:1007D000026811D5436A526A1A70436A028D013366
:1007E00043624AB1438D013B9BB24385436C013A5E
:1007F00043F0040302854364036890F8412090F8B5
:1008000041201A68102422F0FE0200211A60DC61E7
:100810005DF8044B80F84010704700BF0000FFFFF8
:1008200010B50446514A94F84130002084F8420043
:10083000E2626085626C1143A3F12802022A2368F8
:1008400061645DD894F8411094F8412001F02801CA
:10085000282902F0280214BFF6214621282A1A6806
:100860000CBFC9436FF0F6010A40282040491A60C6
:1008700084F84100A06B226B616318B1112A11D07A
:10088000212A0FD0E06B18B1122A20D0222A1ED0C4
:1008900094F84130602B4FF0000360D0236384F85C
:1008A000403010BD1A68510454D490F82530012B03
:1008B000EED0304A8263002384F84030FFF7FAFD1F
:1008C0000028EED0A06BBDE81040836B18471A6873
:1008D000120403D51A6822F400421A6090F82530F9
:1008E000012BD5D0234A8263002384F84030FFF7E0
:1008F000E1FD0028D5D0E06BBDE81040836B1847C0
:1009000094F8412094F841201A6822F0FE021A60FF
:100910009A69920748BF98629A69D10703D49A6985
:1009200042F001029A6194F84120602A10D02022FE
:1009300084F841209A6992060AD59A69D00605D5AD
:100940001022DA61626C42F0040262642022DA61F1
:1009500000218FE71A6822F480421A60A5E720225E
:1009600084F8412084F84030236310BD0000FFFF6D
:1009700025250008D90F000830B40368202282B072
:10098000DA6190F84120212A90F841204AD0222AA9
:1009900056D05A68324C002522405A60314C45638B
:1009A000CD06C46205D51022DA61426C42F0040221
:1009B000426490F84120602A2DD09A69910744BF83
:1009C00000229A629A69D20703D49A6942F001021E
:1009D0009A61436C90F84120602A0BD053B990F88B
:1009E0004120212A0AD090F84120222A06D002B0C4
:1009F00030BC7047416C02B030BC11E7202280F857
:100A00004120036390F8422080F8403080F8423063
:100A100002B030BC70474C07CFD55A6AD2B20192AF
:100A2000019ACAE702F028021C68282A14BF6FF056
:100A3000F2026FF04202224011241A600463A8E718
:100A400090F841201C6802F02802282A14BF6FF099
:100A5000F4026FF04402224012241A60046398E703
:100A600000E800FE0000FFFF38B590F84030012B91
:100A700000F085800123CD06044680F8403001D582
:100A8000D00659D40D063AD550064DD523681A68BC
:100A900022F040021A60628D92B2002A71D058682A
:100AA000628D92B2FF2AC0F3090078D8618DE26AA4
:100AB00089B212F5803F218500F082805FFA81FCC7
:100AC000E26A4FEA0C4C42EA0C020243404D58687D
:100AD00022F00042284002435A60628D521A92B2BC
:100AE000628594F84120222A1A680CBF42F4004221
:100AF00042F480421A60002084F8400038BD4D0660
:100B000012D5500610D5638D9BB2002B40D12368BF
:100B10005A689201EFD4E26A12F5803F34D15A68E4
:100B200042F480425A60E6E78B06E4D59306E2D5AC
:100B30002046FFF721FFDEE7236826481022DA610E
:100B4000616C626B41F004018242616425D02249EC
:100B50008A4222D021498A4214BF20226022196889
:100B60000A431A609A69910744BF00229A629A69FF
:100B7000D207C0D49A6942F001029A61BBE7022011
:100B800038BD5B689A0103D42046FFF78FFDB2E7BA
:100B900040212046FFF744FEADE76022DFE79A6977
:100BA000D10306D5012121854FF4803C4FF080729E
:100BB00089E7FF2121854FF47F0C4FF0807282E797
:100BC0005FFA81FC4FEA0C4C4FF000727BE700BFEC
:100BD000009C00FC690A00085D260008E10B000883
:100BE00038B590F84030012B00F0D680012380F812
:100BF0004030CB06044602D5D00600F1A9808B0711
:100C00000BD5900709D52268216D91624FF0FF3313
:100C10002365002084F8400038BD0B063AD5550600
:100C200040F18C8094F84120236802F02802196872
:100C3000282A14BF6FF0F2026FF042020A401A60D5
:100C40001A6842F090021A60628D92B2002A00F097
:100C5000B880628D92B2FF2A40F2A2809869654DF9
:100C6000E16C5A68C0F3004000280CBF4FF47F00CD
:100C70004FF4803002EA0502C1F3090142EA0002A2
:100C800042EA010242F080720CBFFF21012121855E
:100C90005A6040E04B0651D550064FD594F84110AC
:100CA000236855481A6801F02801282914BF6FF0FD
:100CB000F2016FF042010A401A601A684F4942F08F
:100CC00090021A6094F841C0628D92B2BCF1220F7A
:100CD00008BF0846FF2A79D99A69C2F30042002A60
:100CE000E26CC2F309020CBF4FF47F054FF480356C
:100CF00042EA000242EA05025868414D22F00042F1
:100D000000EA050042EA00020CBFFF21012142F087
:100D1000807221855A60628D521A92B2628594F86F
:100D20004120222A1A684FF000000CBF42F4004212
:100D300042F480421A6084F840006DE788067FF52F
:100D400068AF93067FF565AF2046FFF715FE60E7B5
:100D500023682C481022DA61616C626B41F0040157
:100D6000824261641AD028498A4217D027498A42B0
:100D700014BF2022602219680A431A609A699107F9
:100D800044BF00229A629A69D2073FF542AF9A693E
:100D900042F001029A613CE7022038BD6022EAE796
:100DA000618D144DE26C586889B22840C2F3090283
:100DB000CDB242EA0542024342F0007221855A60F8
:100DC000A9E740212046FFF72BFD22E7618DE26C69
:100DD00089B2CDB2C2F3090242EA05420243084D8C
:100DE0005868218522F000422840024342F00072F8
:100DF0005A6090E7009C00FC0020008000240080E6
:100E0000009800FC690A00085D260008E10B000854
:100E100070B5036804460D461968C06A94F841200D
:100E20002026213ADE61092A0ED8DFE802F06E059D
:100E30000D0D0D0D0DA16E0594F841201A6822F0DC
:100E4000FC021A60222222635A68614E42F4004278
:100E50005A605A6832405A609A69920744BF002229
:100E60009A629A69D60703D49A6942F001029A619C
:100E70004A0435D51A6822F480421A60A26B1AB16E
:100E80001268526892B262856A070AD55A6A636A22
:100E90001A70636A01336362238D25F00405002B09
:100EA0005FD1638D9BB21BB1636C43F00403636439
:100EB000EB0601D5CE0631D4002384F84230666CAF
:100EC0006363002E5FD1E36A424DAB4212D194F8C6
:100ED000413084F84060202384F84130266370BD9F
:100EE0000E04D1D51A6822F400421A60E26B002A7F
:100EF000C6D1C9E72046FFF715FC2023E56284F838
:100F0000406084F84130266370BD94F841201A682F
:100F100022F0FA021A602122226395E7638D9BB2C8
:100F2000002B3DD194F84130282B48D094F8412033
:100F30002368292A4FF01002DA61BDD110F5803FF5
:100F4000BAD09A69910744BF00229A629A69D2077F
:100F500003D49A6942F001029A612046FFF7E2FB4E
:100F6000AAE7013B2385638D013B9BB2638598E72C
:100F700094F8412094F841201A6822F0FE021A6089
:100F80000022226360E7616C2046FFF749FC94F879
:100F90004130282BA3D129462046BDE870400BE400
:100FA00023681022DA61636C43F00403636430F059
:100FB000807381D1616C2046FFF732FC7CE7B0F191
:100FC000007FB3D129462046FFF7F6FB74E700BF48
:100FD00000E800FE0000FFFF836A9A6B0AB100215F
:100FE0009163DA6B0AB10021916393F84120602A82
:100FF00009BF00220022202183F841101A63002239
:1010000083F84020704700BF264A9368D26813F0E7
:101010000C0305D00C2B32D0042B3ED12248704754
:10102000204A1168090754BFD2F8942012681F495A
:1010300054BFC2F30322C2F3031251F82200002B63
:10104000EDD0184BDB6803F00303022B23D0184AC2
:10105000032B08BF1046134BD968DA68DB68C3F36B
:101060004163C2F30622C1F30211013300FB02F215
:1010700001315B00B2FBF1F2B2FBF3F0704702F01A
:101080000302012ACCD0074BDB6803F00303022BD9
:101090004FF00000DBD10448DDE7082B044818BFFF
:1010A00000207047001002400024F40000340108C2
:1010B00000127A0021498B6DDB0082B01CD5204BD9
:1010C0001B6803F4C063B3F5007F29D080282ED8B5
:1010D00031D0A0F17002B2FA82F2520919490B68BC
:1010E00023F0070313430B60086800F00700801A21
:1010F00018BF012002B070478B6D114A43F0805336
:101100008B658B6D03F080530193019B13688A6D8F
:1011100003F4C06322F08052B3F5007F8A65D5D115
:10112000802806D9A0288CBF02220122D6E70322FC
:10113000D4E70022D2E70222D0E700BF001002402D
:101140000070004000200240414A036830B4D46877
:10115000A40707D0D46804F003049C4246D00120C1
:1011600030BC7047022B52D0032B49D0012BF6D153
:1011700012689207F3D5364CE26822F073021343EB
:101180004268013A43EA0213E360314C314A236872
:1011900023F080632360D56E03E0D36E5B1B022BCC
:1011A00039D823681B01F8D483681B02002934D185
:1011B0002169C56821F0784121F4FE4143EAC56305
:1011C0000B43236122490B6843F080630B60D46EAC
:1011D00003E0D36E1B1B022B1DD80B681B01F8D537
:1011E00082690B69134300200B61B9E7002CB6D06C
:1011F000D3684268C3F3021301339342AFD1C4E70B
:101200001468A403B7D412685203A8D5B3E71268D0
:101210005505A4D5AFE70320A2E7012921690BD02A
:1012200021F0C06121F4FE41194343695B08013B91
:1012300041EA43612161C5E721F4C00121F4FE4187
:101240000B4301694908013943EA41532361B9E776
:101250000010024088000020704700BF704700BFA8
:10126000836A19684A6822F003024A601A6E4FF0D6
:10127000010C42F010021A6683F85DC0704700BF8F
:101280000368806A1A6812F0200228D10368A0F867
:101290005A2053E8002F22F4807243E800210029ED
:1012A000F7D103F1080252E8002F22F0010203F106
:1012B000080C4CE800210029F3D103F1080252E8A0
:1012C000002F22F0400203F1080C4CE80021002915
:1012D000F3D12022C0F88020026E012A03D000231F
:1012E0004366036E704753E8002F22F0100243E874
:1012F00000210029F3D053E8002F22F0100243E828
:1013000000210029EFD1EAE7836A01225A661B6EA9
:10131000704700BF836A0022A3F85A20A3F8522026
:10132000704700BFD0F88010B0F85C300268222906
:1013300005D0138B9BB243F0080313837047918C45
:10134000426D0B401370B0F85A30426D013B9BB2B6
:10135000A0F85A30B0F85A3001329BB24265002BE7
:1013600045D110B4036853E8002F22F4907243E88B
:1013700000210029F7D103F1080252E8002F22F0E2
:10138000010203F1080444E800210029F3D1184ABE
:10139000816620249342C0F88040416612D05A688A
:1013A00011020FD553E8002F22F0806243E800219C
:1013B00041B1016851E8002F22F0806241E8002429
:1013C000002CF7D1026E012A0ED10022026653E8EA
:1013D000002F22F0100243E800210029F7D1DA693A
:1013E000D20601D510221A625DF8044B704770478F
:1013F00000800040D0F88010B0F85C3002682229EC
:1014000005D0138B9BB243F008031383704710B4CD
:10141000948C416D234021F8023BB0F85A3041656D
:10142000013B9BB2A0F85A30B0F85A309BB2002B67
:1014300040D152E8003F23F4907342E80031002984
:10144000F7D1016801F1080353E8003F23F00103DD
:1014500001F1080C4CE80034002CF3D12023C0F833
:101460008030164B84669942446611D04B681C024A
:101470000ED551E8003F23F0806341E800343CB1D1
:1014800052E8003F23F0806342E80034002CF7D19B
:10149000036E012B0ED10023036651E8003F23F0B9
:1014A000100341E80032002AF7D1CB69DB0601D5F1
:1014B00010230B625DF8044B704700BF00800040B2
:1014C00010B418B10C4B04689C4208D00B4B0C4A6A
:1014D000D3F880300B495DF8044B00201847032AED
:1014E00002D9064B084AF3E702EB820200EB8200C6
:1014F0005DF8044B416070470FB03713880000203F
:10150000DC730108F4730108FC73010810B418B10E
:101510000C4B04689C4208D00B4B0C4AD3F880302B
:101520000B495DF8044B00201847032A02D9064BEB
:10153000084AF3E702EB820200EB82005DF8044BFD
:10154000018170470FB0371388000020DC73010859
:10155000F4730108FC73010810B418B10C4B046853
:101560009C4208D00B4B0C4AD3F880300B495DF8F5
:10157000044B00201847032A02D9064B084AF3E718
:1015800002EB820200EB82005DF8044B4181704760
:101590000FB0371388000020DC730108F4730108D2
:1015A000FC73010810B418B10C4B04689C4208D0BD
:1015B0000B4B0C4AD3F880300B495DF8044B0020EC
:1015C0001847032A02D9064B084AF3E702EB8202C6
:1015D00000EB820001755DF8044B70470FB03713C4
:1015E00088000020DC730108F4730108FC73010813
:1015F00010B418B10C4B04689C4208D00B4B0C4A39
:10160000D3F880300B495DF8044B00201847032ABB
:1016100002D9064B084AF3E702EB820200EB820094
:101620005DF8044B818170470FB0371388000020AC
:10163000DC730108F4730108FC73010810B418B1DD
:101640000C4B04689C4208D00B4B0C4AD3F88030FA
:101650000B495DF8044B00201847032A02D9064BBA
:10166000084AF3E702EB820200EB820081735DF827
:10167000044B70470FB0371388000020DC7301085B
:10168000F4730108FC73010810B418B10C4B046822
:101690009C4208D00B4B0C4AD3F880300B495DF8C4
:1016A000044B00201847032A02D9064B084AF3E7E7
:1016B00002EB820200EB82005DF8044B017470477C
:1016C0000FB0371388000020DC730108F4730108A1
:1016D000FC73010810B418B10C4B04689C4208D08C
:1016E0000B4B0C4AD3F880300B495DF8044B0020BB
:1016F0001847032A02D9064B084AF3E702EB820295
:1017000000EB82005DF8044B417470470FB0371353
:1017100088000020DC730108F4730108FC730108E1
:1017200010B418B10C4B04689C4208D00B4B0C4A07
:10173000D3F880300B495DF8044B00201847032A8A
:1017400002D9064B084AF3E702EB820200EB820063
:10175000C1745DF8044B70470FB037138800002048
:10176000DC730108F4730108FC730108B1F804C0CC
:1017700093680A899A80BCF1000C18BF4FF0010CE5
:10178000CA7983F800C091F806C083F801C09A7046
:101790009860704703460068D3F8E8104268C3F8C1
:1017A000F0101047D0E90F23816B0069184700BF84
:1017B0000068C368184700BF704700BF00688368AF
:1017C000184700BF08B518B1074B02689A4208D005
:1017D000064B074AD3F8803006490020984700207E
:1017E00008BD012008BD00BF0EB0371388000020DF
:1017F000147401082C7401082DE9F047D0F800801A
:101800000546B8F1000F1ED0D8F898700FB3124EED
:1018100007F148044FF00009583754F8040F18B185
:10182000B36F9847C4F80090A742F6D1D8F8980053
:10183000B36F00B19847B36F40469847B36F2846DF
:10184000BDE8F0471847044E2846B36FBDE8F0479F
:101850001847014EEFE700BF88000020F8B50546A5
:101860000088002A1C460CBF4FF400534FF48053ED
:10187000B0F59C6F0E460FD300F151077F008342F5
:10188000BFB236D21C4B1D4AD3F880301C49002011
:1018900098474FF0000C03E040F662274FF0010C30
:1018A0001849194AC4E9011202F11912E26002F161
:1018B000191222612346002262805122A28223F85B
:1018C000167B29686A68A868EF68C4F816105A6021
:1018D0009860DF602969A8696A699861196196E86A
:1018E00003005A61AA8B9A83343484E8030060466B
:1018F000F8BD4FF0010CD3E78800002034740108D4
:10190000547401080100020003001B0010B50C4CC8
:1019100094F88810012982B010D90A49D4F880407F
:1019200012F4006F0346084818BF0846C2F30A01C4
:10193000CDE90001054A06490220A04702B010BDCA
:101940008800002068740108707401087874010828
:101950008C74010810B50A4C94F888C0BCF1010FD2
:1019600082B00BD92C3989B203461046D4F8804096
:10197000044ACDE9001004490220A04702B010BD7E
:1019800088000020A07401088C74010830B5094952
:1019900091F88840012C83B009D902F00F04D1F8E6
:1019A0008050054A0549009403460220A84703B029
:1019B00030BD00BF88000020C87401088C74010885
:1019C00010B50A4C94F888C0BCF1010F82B00BD955
:1019D0007D3989B203461046D4F88040044ACDE9E7
:1019E000001004490220A04702B010BD880000206A
:1019F000E87401088C74010810B5A1F1620C144C54
:101A00001CF0010F034694F888E084B01FFA8CF0B4
:101A10000ED1BEF1010F09D94008D4F880400292DE
:101A2000CDE900010B4A0C490220A04704B010BDCB
:101A3000BEF1010FFAD94008D4F880400292CDE9F6
:101A40000001064A04490220A04704B010BD00BFAF
:101A500088000020187501088C7401085075010871
:101A600010B50B4C94F888C0BCF1010F84B00CD9B0
:101A70000346A1F58C7080B2D4F880400090CDE987
:101A800001120220034A0449A04704B010BD00BF60
:101A900088000020887501088C7401082DE9F04F3A
:101AA0001F4EDFF888B0804615460FCE91B002ACCD
:101AB0000FC40FCE0FC40FCE0FC49BF888C096E89A
:101AC0000300BCF1010F84E8030007D9DBF8804074
:101AD000144A1549009543460220A047DFF850A05C
:101AE000DFF8449002AC10AE02E00834B44213D0E8
:101AF000A3881D42F9D09BF88820012A434652460C
:101B000049464FF00200F0D927680097DBF8807053
:101B10000834B847B442EBD111B0BDE8F08F00BF34
:101B200030340108B07501088C7401088800002069
:101B3000CC7501082DE9F047C36D8769056900245C
:101B40007C8081461C7000F14806A04656F8043F90
:101B5000FBB1B3F838C0B3F89400B3F89610B3F8FB
:101B6000DC2005EB400005EB410105EB420205EBF3
:101B70004C0CC3E91301C3F8A820C3F814C03C708F
:101B80001868D3F8E020416883F8E880C3F8E420BF
:101B900088470134E4B2042CD8D1D9F80000BDE85C
:101BA000F0474368184700BF70B50446806980B1AC
:101BB000E3694BB1104B93F888202AB1D3F88030F9
:101BC0000E4A0F49012098472068BDE8704083689D
:101BD0001847094D0B4AD5F8803009499847E36901
:101BE00043B195F888302BB1D5F88030034A0449C9
:101BF00001209847002070BD88000020E075010892
:101C0000F07501080076010830B40269B0F842307E
:101C100090F8381032F81330032908BF83F40043DA
:101C200040F2E51101FB03F31B0C816C8446A3F524
:101C300089700880BCF83C10DCF84C0032F81110B8
:101C400039B1BCF8401032F81110012994BF0021BD
:101C500001210170BCF83E00BCF83A10DCF850508D
:101C600032F8111032F81020DCF8544040F2E51040
:101C700000FB02F2A3EB12431BB2002BBCF9442081
:101C8000DCF80000B8BF5B421BB29A42A1F101022E
:101C9000B2FA82F2ACBF0023012352092A702370EA
:101CA00030BC4368184700BF0068C368184700BFCE
:101CB000836910B50446CBB10E4B93F8882052B916
:101CC00063698BB10B4B0C4AD3F880300B49002071
:101CD0009847002010BDD3F88030094A07490120F9
:101CE00098476369002BEDD1012010BDC369002B1B
:101CF000E2D1E5E788000020547601083876010833
:101D00001C7601080068C368184700BF0068836834
:101D1000184700BF70B5114E114A3368A2FB032368
:101D20009B09013BB3F1807F01D3012070BD4FF0CF
:101D3000E0220C495361F02381F82330002507236A
:101D40000F28956104461361EFD801464FF0FF302C
:101D50000BF06EF87460284670BD00BF00000020D4
:101D6000D34D621000ED00E0F0B5884B02689D682D
:101D7000DE680446D00683B005F00C0506F00306C5
:101D800040F12981002D40F0F180804B1B689907BC
:101D900000F159817D4B276A1A68120756BFD3F8A4
:101DA00094301B681B0903F0F0039F4200F2D081BE
:101DB000764B1A6842F008021A601A6822F0F002A4
:101DC0003A431A605A68E16922F47F4242EA0122EA
:101DD0005A60002D00F0F081FFF716F96B4B9A68FE
:101DE0006B4BC2F3031213446A4A93F8683003F052
:101DF0001F0320FA03F350681360FFF78BFF0028DE
:101E000040F026812268D00700F1E98090071DD5B7
:101E10000C2D00F0B581E3685C48002B00F06F8169
:101E2000036843F4807303605B4BDE6E04E0D96E9D
:101E3000891B022900F23E8101684905F7D54368F4
:101E4000216923F0F85343EA01634360160716D56E
:101E500063694E48002B00F00981D0F8943043F0BC
:101E60000103C0F894304C4BDE6E04E0D96E891B40
:101E7000022900F21F81D0F894108907F6D5500787
:101E80003DD5424B996DC90000F13781996D41F004
:101E9000805199659B6D03F080530193019B012054
:101EA0003E4E3368DF0540F1F7803B4BA1680129C6
:101EB00000F03481052900F09381344ED6F89070FB
:101EC00027F00107C6F89070D6F8907027F0040745
:101ED000C6F89070002940F02881D3F86CC041F218
:101EE000883705E0D96EA1EB0C01B94200F2E2801F
:101EF000D6F890108907F5D4002840F0578197064E
:101F000016D5636A2149002B00F03E81D1F8982054
:101F1000214B42F00102C1F89820D86E04E0DA6E3D
:101F2000121A022A00F2C680D1F898209607F6D538
:101F3000A36ACBB1022B00F061810C2D00F08780E9
:101F40001249154B0A6822F080720A60D86E04E0CC
:101F5000DA6E121A022A00F2AD800A689201F7D4F2
:101F6000CA680F4B1340CB60002071E00C2D00F0CD
:101F70008F80A3690548002B00F09F800168064B05
:101F800041F001010160DF6E11E000BF001002406E
:101F9000003401080000002088000020007000408C
:101FA000FCFFEEFED96EC91B022900F28380016896
:101FB0008907F7D5036843F0080303600368216AC3
:101FC00023F0F0030B4303604368E16923F47F438C
:101FD00043EA01234360D30720D5082D3CD00C2DC4
:101FE00038D06368B3F5803F76D0B3F5A02F00F00A
:101FF000EA808D48016821F480310160016821F494
:1020000080210160002B6CD1884BDF6E03E0D96E1C
:10201000C91B64294ED801688903F8D497077FF556
:1020200015AF042D7FF4F4AE7F4B1B68580501D526
:10203000E36863B17C4920694B6823F0F85343EAB5
:1020400000634B6002E7A369002B7FF4A3AE01207D
:1020500003B0F0BD032EC4D1734B1B689F037FF503
:10206000D5AE6368002B7FF4D1AEF0E7D0F89430A2
:1020700023F00103C0F894306C4BDE6E03E0D96EA0
:10208000891B022916D8D0F894108F07F7D4F6E6EA
:10209000012E7FF46EAF78E6336843F480733360CB
:1020A000624BDF6E3168C9053FF500AFD96EC91BC1
:1020B0000229F7D9032003B0F0BD01685B4B21F082
:1020C00001010160DF6E03E0D96EC91B0229F1D85E
:1020D00001688907F8D47EE753490B6843F48033DD
:1020E0000B60524B5048DF6E03E0D96EC91B642968
:1020F000E0D801688903F8D590E70020D0E60368AE
:1021000023F480730360494BDE6E03E0D96E891BB4
:102110000229CFD801684F05F8D497E6424ED6F889
:10212000901041F00101C6F89010D3F86CC03E4EFB
:1021300041F2883704E0D96EA1EB0C01B942B9D85D
:10214000D6F890108907F6D500283FF4D8AE2DE0D8
:102150003846FEF7AFFF00287FF479AF324B1A689C
:1021600042F008021A601A6822F0F0023A431A603C
:102170005A68E16922F47F4242EA01225A602BE662
:10218000022E7FF448AE4FE7D1F89820274B22F07B
:102190000102C1F89820D86E03E0DA6E121A022A02
:1021A00088D8D1F898209207F7D4C1E61E498B6DE4
:1021B00023F080538B65A2E63846FEF77BFF0028AC
:1021C0003FF40AAE43E703F18043A3F53C331968BB
:1021D00041F480211960196841F48031196080E769
:1021E0001149D1F8906046F00406C1F89060D1F82A
:1021F000906046F00106C1F8906096E70A4AE66AE8
:10220000D36803F00301B14247D00C2D3FF41FAF58
:1022100005490B685F013FF51AAF0A68034B22F0CE
:1022200080720A60D86E08E000100240880000202A
:10223000DA6E121A022A3FF63DAF0A689501F7D40A
:10224000C868334A0240606B324342EA0022A06B06
:1022500042EAC062206B013842EA0012D4E90F5012
:102260006C08013C4008013842EA445242EA4062AC
:10227000CA600A68274842F080720A60CA6842F061
:102280008072CA60D96E04E0DA6E521A022A3FF6F2
:1022900011AF02689401F7D566E6216B03F0700078
:1022A0000139B0EB011FB0D1606B03F4FE41B1EB1B
:1022B000002FAAD1A06B03F07841B1EBC06FA4D17D
:1022C000E16B4908013903F4C000B0EB415F9CD1D8
:1022D000216C490803F0C0630139B3EB416F94D11D
:1022E000136898013FF540AE11680B4B41F08071C7
:1022F0001160D16841F08071D160D86E04E0D96E70
:10230000091A02293FF6D6AE11688901F7D52BE6E6
:102310008C809D010010024088000020504AF8B5D2
:10232000136803F007038B420BD2136823F00703F3
:102330000B431360136803F007038B4201D00120A5
:10234000F8BD046814F0020E04F0010367D0454E96
:102350008568B26802F0F002954204D9B26822F0B2
:10236000F0022A43B260002B64D04268032A5BD09B
:102370003C4B022A1B6869D0002A6CD19E07DED52F
:10238000384D394EAB6823F003031343AB60F76E4F
:10239000920041F2883C03E0F36EDB1B634558D8A2
:1023A000AB6803F00C039342F6D1BEF1000F40D1AD
:1023B0002B4A136803F007038B4209D9136823F0F3
:1023C00007030B431360136803F007038B42B6D176
:1023D000620706D5234AC168936823F4E0630B4380
:1023E0009360230707D51F4A0169936823F460535C
:1023F00043EAC1039360FEF707FE1A491B4A896846
:102400001B4CC1F303110A44034692F8682060682C
:1024100002F01F02D3402360BDE8F8407AE4002BAD
:10242000C6D04268032AA3D10E4B1B689B01A7D4D8
:1024300085E785680B4A936803F0F0039D42B7D2A5
:10244000936823F0F0032B439360B1E79F0397D485
:1024500075E70320F8BD5D057FF571AF90E700BF1C
:1024600000200240001002408800002000340108D3
:10247000000000200CB4F0B5ADB032AB06AE53F89E
:10248000042B059304460D46304696210FF05EFF5F
:102490009528C4BF1B4BCDF8AA301B4B1B49DF6EE0
:1024A000A1FB07311A4BA3FB0723980B194BA3FB86
:1024B00007234FEA931C184B4FF47A7202FB1C77E8
:1024C000A3FB00E25209042CC2EB0212A0EB820231
:1024D000A3FB0CE398BF114800974FEA531394BF36
:1024E000005D3F20C3EB03130190CDE90256490D77
:1024F000ACEB83030A480FF003FF2DB0BDE8F040BA
:1025000002B070472E2E2E0088000020B17C21954D
:1025100073B2E745D34D621089888888A076010898
:102520007C76010838B590F840C0C56ABCF1010F4F
:1025300067D04FF0010C11F0200F04460B4680F8D5
:1025400040C002D012F0200F51D1D80615D5D106C7
:1025500013D5628D92B2002A55D194F84120282AD1
:1025600074D094F841202368292A4FF01002DA61D0
:102570005CD0002084F8400038BD590719D41907F1
:1025800001D5100739D49907F3D59307F1D5638D99
:102590009BB2002B46D0616A236811F8012B9A6226
:1025A000638D228D6162013B9BB2013A6385228576
:1025B000DFE75007E3D5638D9BB26BB12268636A96
:1025C000526A1A70638D616A228D013B0131013AB2
:1025D0009BB2616222856385638D9BB2002BC8D15B
:1025E00015F5803FC5D02046FEF79CF8C1E7FEF701
:1025F0000FFC002084F84000BEE720460BF0C6FF29
:10260000B7E7022038BD23681022DA61636C43F01B
:102610000403636435F08073ABD1616C2046FEF730
:10262000FFF8A6E735F08073A3D1DCE715F5803F0E
:102630009FD09A69950744BF00229A629A69D00791
:10264000D1D49A6942F001029A61CCE7B5F1007FDA
:1026500087D119462046FEF7AFF88AE738B590F8DB
:1026600040C0C56ABCF1010F46D04FF0010C11F01B
:10267000200F04460B4680F840C002D012F0200F15
:1026800030D1D90626D5D00624D55104C2F38030E6
:1026900034D5E16B09B1120435D4A26B1AB11268BA
:1026A0005268002A37D023681022DA61636C43F045
:1026B0000403636494F8413035F08072DBB20DD1CD
:1026C000213B092B4CD8DFE803F049504B4B4B4BD7
:1026D0004B4B4950190701D5130709D4002084F842
:1026E000400038BDFEF794FB002084F84000F8E776
:1026F00020460BF04BFFF1E7022038BD110429D52D
:10270000E16B0029CFD00A685268002A30D1A26B51
:102710000AB100283AD194F84120282A2ED094F802
:1027200041202368292A4FF01002DA61D6D115F52D
:10273000803FD3D09A69950744BF00229A629A6974
:10274000D00703D49A6942F001029A612046FDF74E
:10275000E9FFC3E723681022DA61BFE7212323637F
:10276000616C2046FEF75CF8B8E722232363F7E7A5
:10277000A26B002A97D0002895D090E7B5F1007F92
:10278000CDD119462046FEF717F8A7E71268526820
:10279000C1E700BF38B5294A0368D56E1B689B06A0
:1027A0001BD4846A2368A2685868616820F02000FE
:1027B00058609AB15868B1F5827F20F001005860E6
:1027C00022D02946204609F0DDFFB0B901230022BE
:1027D000A4F8462084F85D30236E38BD5A68B1F500
:1027E000827F0CBF22F0030222F001025A602946C8
:1027F000204609F0C7FF0028E8D0236E43F02003ED
:10280000236620232366E1E7B2F5004F12D11A6850
:1028100022F0400229461A60204609F0B3FF002842
:10282000EBD12A464FF4C061204609F047FF00284B
:10283000CCD0E2E7B2F5806FE9D0C2E78800002093
:10284000F8B51B4D0368EF6E1B68846A9B062CD499
:102850002668736823F0200373603A464FF4C05132
:10286000204609F02BFF58B93946204609F08AFF67
:1028700030B93A464FF4C061204609F01FFF38B125
:10288000236E43F020032366236E43F02003236668
:10289000736823F00303736000220123E287A4F826
:1028A000462084F85D30236E0BB901232B70F8BDF0
:1028B00088000020F8B595692B7802EB43030F469A
:1028C000B3F84460536901466888144603EB40003E
:1028D00072000FF059FC6B88E26D1E4413786E8015
:1028E00003B93B791370F8BD2DE9F04F2DED048B42
:1028F000038F8DB00546002B00F01581B0F84030F5
:10290000428F0469B0F850E007925B000293838F16
:10291000C28F34F913300B92BEF1000F00F0038127
:102920001B010893D0E91223D718B0F85200B5F86C
:102930004230DFED8A8ADFF830B20193FE434FF078
:102940000008F6EE009A0990C1460496CDF828E0FA
:10295000834B83FB0710F917C1EBA00101EB41008A
:10296000A7EBC00000281FFA89F886B2C0F2EB80FE
:10297000002FC0F2F180089B09B2090481FB03011A
:10298000002906DA4FF6FF7C10EB0C0C604641F193
:102990000001079B000C40EA0140991934F911101D
:1029A000A0EB011007EE900AB8EEE79A29EE289AFC
:1029B000B0EE490A0DF0E2FBB0EE408AB0EE490AF3
:1029C0000CF0ECFF019B002B00F0A2800B9BB5F8F4
:1029D00044A01E4404EB46030020CDE90597039371
:1029E0000646009059E095F838C0BCF1000F4BD076
:1029F00007EE101A07EE903AF8EEC76AF8EEE77A9B
:102A000026EE806A27EE887A66EE886A37EE467A86
:102A100067EE807AB5EEC07A77EEA67AF1EE10FA1C
:102A20004CBF37EE697A37EE297AF5EEC07AF1EECF
:102A300010FABDEEC77A4CBF77EEE97A77EEA97A45
:102A400017EE103AFDEEE77A5B4517EE901A47F65F
:102A5000FF70B8BF5B468342D5F85490A8BF0346C9
:102A60005945B8BF594699F800E08142A8BF0146D0
:102A7000BEF1000F04D117EE100A98425BD0E64673
:102A800089F800E01BB209B2A352009B798053443D
:102A90000093019B01369E4238D0009B95F839C0C7
:102AA00008EB5302029B92B203EB8202A718A35ECB
:102AB000B7F90210BCF1000F95D00398B0F800C030
:102AC0000CF01F0E0EF1300E03FB0EFE4FEA9C239E
:102AD000203BCCF3441C01FB03F3BEF1000F0CF1CF
:102AE000300C01FB0CFCB8BF0EF13F0E002BB8BF41
:102AF0001F334FEAAE1EBCF1000F0EEB6313B8BFDD
:102B00000CF13F0C1BB24CF38F116CE7DDE905971C
:102B1000099B049A1F44D31A04930A9B09F10109E3
:102B200099457FF415AF286843680DB0BDEC048B60
:102B3000BDE8F04F184717EE900AB0EB010E18BF32
:102B40004FF0010E9CE71836B6B2049B054AA2FB73
:102B500003016FEA11110EE70026F6E70000803747
:102B6000ABAAAA2AABAAAAAA0080FFFFF8B516460C
:102B70000D464FF4E272014618461C460FF030FB3A
:102B8000B6F8581021B196F85E30191E18BF012111
:102B9000012396F85B2084F8C6312B4684F8C521C2
:102BA00033F8262B84F8C411A4F8C82105F1560186
:102BB00004F5E5721F685E689868D3F80CC0C2F827
:102BC0000CC010338B4217605660906002F1100207
:102BD000F0D1B5F85630A4F8FA3105F1580604F5ED
:102BE000FE7E05F18807B446BCE80F00BC450EF137
:102BF000100E06F110064EF8100C4EF80C1C4EF894
:102C0000082C4EF8043CEED1B5F88830A4F82C32EC
:102C100005F18A0304F22E24BA35186859689A68B7
:102C2000DE68E6601033AB4220606160A26004F1B0
:102C30001004F2D1F8BD00BF2DE9F04F2DED108B3F
:102C40009BB090F85E401D4690F85C300893042CD1
:102C5000B0F8583003938046894616461AD8D0ED0E
:102C6000147AF5EEC07AF1EE10FA00F1F88190F8DE
:102C70006630002B00F0978290F85B30002B00F05C
:102C80009282024C024A059407E000BF88000020AF
:102C9000EC760108C74CC84A0594D4F88030C7497F
:102CA00000209847D8ED157AD4F88C30009307EEC1
:102CB000103AF5EEC07AF1EE10FAB8EE478A40F31A
:102CC000D281C8EE278AF6EE007A78EEA78A039BB7
:102CD000002B00F0A88198F85E30049398F85A30E1
:102CE000002B40F0A78198F86020022A41F03E8135
:102CF00098F85E40012C00F0ED83002422463499C0
:102D00000C71A6F8AC21002B00F0998198F85F3087
:102D1000012B00F01184022B00F0F883002B40F00F
:102D2000E98301231A46F384328598F86030012B39
:102D300000F0D983022B00F0D583002B00F014841F
:102D4000059B9F4AD3F880309C4900209847B9F1F1
:102D5000000F00F0788100230093B9F8E410B9F86F
:102D600008307180B9F8E610B180B9F8E21031800E
:102D7000B9F8E810F180B9F8021031819B00B9F878
:102D8000041071819BB2B9F80610B18103F13002D1
:102D9000B9F80A10F18192B2B9F8201031825F2A95
:102DA000B9F82210718240F2F2818649A1FB02013A
:102DB000890901EB4101A2EB411189B200201A46B9
:102DC00004460B460121F2820322B3827283002360
:102DD000009A7384B483F083318331846B80012340
:102DE000C5F80A30002A00F066870027CDE9017790
:102DF00006F13E039FED749A9FED74AADFED779A7A
:102E0000CDE90696B34605F10E0A44461E46049ADD
:102E1000FBB29A4200F22A810023AAF80030AAF8F5
:102E2000083033800137042F0AF1020A06F1020646
:102E30000BF1560B04F11404E9D1039BAA89DDF8C8
:102E400004E012FB03F26B8992B213449BB2DDE9FA
:102E50000696591C012089B20090B6F8AC010128F1
:102E600004D1DDE9020404FB00F00290029FB8F8EF
:102E7000640098F863C098F862B04FF6FF74A742F8
:102E800028BF27464408A4F1030A98F86640A6F82C
:102E90009EB18CF0010C0338A6F8A6C1A6F8A47167
:102EA000A6F8A0E1A6F8A801A6F8AAA1AA81AB807D
:102EB000E980002C00F02B81413399B2402401239A
:102EC00029802C81A6F8C031B9F1000F03D0B9F8E0
:102ED0000C30A6F8C231009B002B40F04281349A9E
:102EE00098ED145A00231360089BA6F8B231039B97
:102EF000012B40F23381B8F85830023B01229BB2DB
:102F00009FED336ADFED335A98F85A10F1EE007AEC
:102F1000C8EE066A68EE277A68EE255A87EE867A4A
:102F2000C5EE867AB6EE006A76EE866A37EE067AE7
:102F3000FCEEE66AB5EE405AD8ED155AA6F8AE3169
:102F4000F1EE10FA16EE903A77EE867ABCEEC77A7A
:102F5000A6F8B02114BF01220022FCEEE77A3287E6
:102F600098F85B20A6F8B43117EE103AA6F8B631FF
:102F700017EE903AF5EE405AA6F8B831009BF1EE04
:102F800010FA14BF01200020002B40F0C2803186CF
:102F90007286708598F861300F4A0098C6F8BA2199
:102FA0000121B184A6F8BE311BB0BDEC108BBDE889
:102FB000F08F00BF88000020A8760108C4760108C1
:102FC000E8770108ABAAAAAA2549123E8FC2753D2F
:102FD0000024744900009643FF0701080000000028
:102FE000B5EEC07AF1EE10FA00F1158398F85A2088
:102FF000002A00F01383B5EE407AF1EE10FA05D105
:10300000F5EE407AF1EE10FA40F0C8835FED0D8ADC
:10301000059B754AD3F88030744900209847039B7C
:10302000002B7FF458AE039B049398F85A30002B82
:103030003FF459AE349A00231371A6F8AC31B9F1BC
:10304000000F7FF488AE0123A5F802906B81CE4675
:1030500002214A46CDF80890CDF80090FDE6644C78
:10306000644A059419E6DFED648A30E60123338073
:1030700098F85C90228940F2FF3340F2FF11B9F1D9
:10308000000F18BF0B4652B39A4228D8A27B237C6C
:1030900042B1022B06D1059B584AD3F88030DDE9B6
:1030A000069622E0E07B002840F04982012B00F0E8
:1030B000AF80059B524AD3F880304C490090DDE93F
:1030C00006969847DDF804E0039BAA8912FB03F2F9
:1030D0006B8992B213449BB2591C89B2BDE6059B21
:1030E000484AD3F88030DDE90696404900209847E9
:1030F000039BAA89DDF804E012FB03F26B8992B20C
:1031000013449BB2591C002089B20090A5E62346C7
:10311000D6E6B5EE405AF1EE10FA0AD0C8EE057ABE
:1031200077EE867AFCEEE77A17EE903AB3871B0CBF
:103130007387002361F30F03F5EE405A62F31F43D8
:10314000F1EE10FA708533633FF424AFFCEEE87AB9
:1031500017EE903A1A0CB285F3851BE7002213464E
:10316000CEE698F85D30072B15D8274C9FED229AB4
:10317000234493F87C30A6F8A231349B83ED009A67
:10318000049B002B40F04D8298ED145AACE60320CE
:103190000124002117E6349A98ED145A0023136095
:1031A00000230093A0E6012C40F2EA8198F80F106A
:1031B0004246012303E00133A34200F0E1810846C7
:1031C00092F82310814202F11402F4D2084F0F4A00
:1031D000D7F88040054905970020A047D8ED157A1B
:1031E000D7F88C3062E500BF4C770108C47601083F
:1031F00088000020D8760108000000001878010837
:10320000447801080878010800340108187701089B
:103210006FF00B030993E288A3880A92182A00939F
:1032200040F29D8202EB820303EB031303EB0323C3
:1032300002EB4303C3F3CC0242EA43339BB240F6B2
:10324000AA22934200F2DE82B24B0A9AA3FB022327
:103250001B090E93013B9BB215935C230D9318231E
:103260000B930098002840F0E084059BAA4AD3F80D
:103270008030AA499847B9F1000F00F0C9844FF097
:1032800000090222009B099913FB02F292B20092FC
:10329000226811440A460C910A99013B01FB032361
:1032A000099302F5C34328334CF25032934208D9B4
:1032B000059B9B4AD3F880309849002098474FF0EF
:1032C0000009099B03F5C34328334CF25032934263
:1032D00008D9059B934AD3F880309049002098473D
:1032E0004FF000090C9A002AC0F242838E4880FBFE
:1032F0000230D217C2EBA00000B2099B002BC0F233
:103300002B83894981FB0331099BDB17C3EBA101A7
:10331000119309B280B2091A0C9B0F90824880FB6E
:1033200003C0C2EBA00288B209B20E9B1091B0FBA1
:10333000F3F0411C0A901FFA81FE0B981821B1FB93
:10334000F0F30E930C9B02EB4202B3EBC20200F1CE
:10335000FC8213B2139393B20C93099A7248119B97
:103360000B9980FB020CC3EBAC0303EB430C0C9BEF
:10337000B3FBF1F001FB103081B2B2EBCC03099149
:1033800000F100831AB219929BB20E9A0B98511E4B
:10339000099A89B21891BEF1010F11FB002189B27F
:1033A00000F0F682099A0C98824240F00483994218
:1033B00000F0588400230122139316921493129262
:1033C0000E930C9B9A00099BABF882209B00ABF8F4
:1033D0008430B9F1000F40F0FA826C231793362342
:1033E0000C937D223D234FF00009ABF87C300F9BFE
:1033F000ABF87A200C9A1099C3F1290313441AB23E
:103400001192521A9BB2292A0F9308DC059B474A56
:10341000D3F880304149002098474FF00009119BB4
:10342000179A934208DB059B414AD3F880303B4909
:10343000002098474FF000090D9B2C2B00F21282C0
:103440001E2B40F2E8831E3B0F229BB20D92ABF87D
:103450009A30159B0C99ABF89430139BABF87E1007
:10346000ABF88E300F990A9BABF880100D99ABF832
:103470009610ABF89820002B40F0D281149B002BC3
:103480000E9B08BF00230E93129B002B00F0DD83E0
:10349000099A199B9B1A0B9A93FBF2F39BB2169A0B
:1034A000ABF89220ABF88C300E9AABF88820002352
:1034B000ABF89030ABF88A300A9BABF88630B9F1A4
:1034C000000F40F0BF82CDF80090DDF804E0DDE9A8
:1034D0000696F9E598F81020013A012A7FF60DAC1E
:1034E00022460CE400237363B9F1000F42D001239C
:1034F000009332E4059B0F4AD3F88030074900203F
:103500009847B9F1000F7FF426AC9CE500231A46DA
:1035100009E400BFABAAAAAA90780108C476010802
:10352000DC780108F0780108ABAAAA2A24790108FE
:1035300044790108C87701080022FFF7F4BB013B7A
:10354000042B00F23B8501A252F823F0113200084F
:1035500095370008613500088D370008613500088F
:103560006FF00C03099356E64FF001137363B9F142
:10357000000FBCD100236B800123C5F80A3034E46E
:10358000BA4B98ED157A0593D3F88C30009306EE7C
:10359000903AB5EEC07AF1EE10FAB8EE668A7FF78F
:1035A0001FADC8EE078AF6EE007A78EEA78A18EE0D
:1035B000900A0FF099FD59B1059BAD4AD3F88030C0
:1035C000AC4900209847039B002B7FF484AB2BE58C
:1035D00098F85A20002A7FF41BAD039B98F85F10DF
:1035E000002B98F8603014BF2046002099420490C8
:1035F00008D9059BA04AD3F880309E4900209847FF
:10360000FFF76CBB022B00F0BB84349B1A71A6F849
:10361000AC21FFF77BBBDFED998ACDE7DFED978A21
:10362000DBE7B6F8AC31B6F8A421012B00F0CC8072
:1036300007EE902ADFED929AB8EE67AAB7EE089AE5
:10364000F2EE02DA059B9FED8F0AD3F88C300193DE
:1036500007EE903AB8EE67FA80EE0F0A0CF04CFADB
:1036600098F86030022B2FEE00FA00F21F8104EB75
:10367000830498F85E3094ED21EAD4ED24FA002B0F
:1036800000F02681009BDFED7DEA9FED7FBA9FED84
:103690007FDADFED7FCA9FED7FCADFED7FBADFED16
:1036A0007FAADDF8149044460025227C052A00F20A
:1036B0009280022A40F29A804FF0300A0827E27B7B
:1036C000052A00F27084DFE802F03E413B034744E4
:1036D000F0EE4B7A8FEE276A228998F85E1002FB93
:1036E000077702377F00BFB2A288013514349FEDFF
:1036F0006C7AC6EE076A07EE90AAF8EE677A87EE54
:10370000A66A07EE907AF8EE677A87EEA67A07EE59
:10371000902AF8EE677AEAB267EE277A914277EE5E
:10372000867A77EEA97A77EE897A7EEEA7EABCD818
:1037300098ED145A002B40F0CF800093FFF7D4BBD4
:10374000F0EE6A7AC6E7F0EE6C7AC3E7F0EE4D7AF7
:10375000C0E7F0EE4C7ABDE7F0EE6B7ABAE70A9A72
:10376000002A4FD01823B3FBF2F302FB03F3C3F19B
:1037700018039BB21593002B44D10A9A0B92531E47
:103780009B009BB20D9301230E936AE56FF00F032C
:10379000099340E56FF0060309933CE598F85F2034
:1037A00098F860309A427FF431AC039B349ADFED95
:1037B000338A002B14BF2346002304930023137184
:1037C000A6F8AC31FFF7A2BAF0EE499AF0EE49DA6A
:1037D000B0EE49AA36E7D9F88030324A25490020B0
:1037E00098474FF0180A0427002368E7012A05D0FC
:1037F000022AF0D14FF03C0A0A2760E74FF0480A4E
:103800000C275CE7059B284AD3F880301949002033
:10381000984700230122CDE90D3215930B922AE53A
:10382000149B002B0E9B08BF00230E93129B33B1F9
:10383000099A199B9B1A0B9A93FBF2F39BB2ABF874
:103840008C300A9B169AABF89220013B0E9AABF88B
:1038500088209BB2189A0A930123ABF88A20ABF810
:10386000903029E600230D931A46F0E588000020E9
:1038700038770108C4760108787701080000000055
:103880009A999D41F902154F000090430000204392
:10389000000000430000F0430000C043000040432C
:1038A000002474496C7801087C780108059BC04AA3
:1038B000D3F88030BF490020984798F85E30002B3D
:1038C00000F0F481DFEDBCFA0023B0EE6FEADAE637
:1038D00098ED145ADFEDB8EA9FEDB87ADFEDB86ADB
:1038E000349BCFEE077AB1EE0C7AC7EEA65A2AEED9
:1038F00007AA7FEE8EFACAEE257A9FEDB27A77EEAE
:10390000AD7AB0EE006A77EEAE7A77EEAF7A27EE58
:10391000877A37EE067A77EE277A86EEA77AB4EEC4
:10392000C57AF1EE10FA83ED007A7FF5DDAA059BEA
:10393000A54AD3F880409F49FDEEC77A002017EED4
:10394000903AA047002300931EE402F1180083B2CE
:103950000C9303B2139300E509999C4BC943A3FB55
:103960000131099B6FEA1111DB1709B21193D1E400
:103970000C9A964BD043A3FB00306FEA101000B2B4
:10398000D217BAE403F1180002B283B21992FCE430
:103990000C98824200F0638100220A9216921292E1
:1039A000139A9B1A0B9A93FBF2F39BB20E9301238B
:1039B000CDE9133305E5994200F05E810A9B013B96
:1039C0009BB20A930123169312930B46E8E7E37B1D
:1039D000052B00F21983DFE803F01A130C032B21E7
:1039E0004FF486731793D6230C9340F21D128D2348
:1039F000FBE4AC23179376230C93BD225D23F4E400
:103A00008C23179356230C939D224D23EDE46C23B6
:103A1000179336230C937D223D23E6E44FF4E6739F
:103A200017934FF4CB730C9340F2DD12ED23DCE4DB
:103A30004FF4B67317934FF49B730C9340F27D12BF
:103A4000BD23D2E4A37A172B00F20181092B00F2E7
:103A50001F81C3F109039AB21523ABF84630069BC8
:103A6000ABF84820002B00F0608203EB4202938900
:103A7000ABF84A30237C013B042B00F2A682DFE83E
:103A800003F0BC7703AB85004FF000094FF40072E0
:103A90004FF4C063CDE909234FF0C00E02204FF070
:103AA000040C08214A464B46ABF86E000A98ABF866
:103AB00056000998ABF870C0ABF85800ABF84E1040
:103AC000ABF85010ABF852E0ABF854E098F85D104A
:103AD000B9F1000F00F00A81002B00F007810229E4
:103AE00000F27C813A4B0B4493F87830ABF85A30B3
:103AF000069B002B00F01D810023ABF85E300123F4
:103B0000ABF86A30069B0021D3E932ECD3F8C490BD
:103B10000B460EEB1140A0EB09009042614480F28D
:103B2000328201330F2BF4D1069AABF86030D2E920
:103B300036E303EB83020EEB1242F92A00F3F18124
:103B4000062003FB00F0052103E0BCF1FA0C40F174
:103B5000DC810A46013189B214290EEB104C18445D
:103B6000F3D1059B1B4AD3F88030DDE906963BE193
:103B700000214FF40073CDE909134FF0400E0320EC
:103B80004FF0020C08219622FA238DE74FF000092E
:103B90004FF4F0504FF47853CDE909034FF4F86E29
:103BA00002204FF00B0C08214A464B467CE700BF31
:103BB000E8770108C47601080000000000002043F7
:103BC000002474490AD7233CC0790108ABAAAAAAE9
:103BD00000340108947901084FF000094FF4C06CDB
:103BE0004FF46063CDE909C34FF4E07E02204FF04B
:103BF000060C08214A464B4656E7069B9B8C04223E
:103C0000082BCBF86E205DD9DDE90696FFF770BA78
:103C10000422FFF737BB0D9B0F2B32D9A3F10F0204
:103C20000F230D9392B2002311E4B9F1000F2CD1B0
:103C3000237B002B35D0059BC64AD3F88030C6497C
:103C4000484698470422FFF71DBB0A9B27E4059BC3
:103C5000C24AD3F88030DDE90696FFF746BA9942AA
:103C60007FF49AAE0023CDE91333CDF828E0169304
:103C700012930E93FFF7A5BB0023169312930B46E6
:103C80008EE600221346FFF7E2BB0222FFF7FABAE4
:103C9000102B94BFC3F11E03C3F117039BB2002284
:103CA000DBE64FF001090422FFF7ECBA98ED145A55
:103CB0000093FFF719B90098029086460221024648
:103CC000FFF7CBB8ABF84E30ABF8503040230022B2
:103CD000ABF85230ABF854304FF40073ABF85630B9
:103CE000ABF8582098F85D1013469146072975D80F
:103CF0009B48014491F87C10ABF85A100699C1B169
:103D00000021ABF85E10B9F1000F40F08480ABF8F1
:103D10006A90ABF86090ABF85C90ABF86290ABF84F
:103D20006890ABF864904A460023ABF86620ABF885
:103D30006C302389E27AABF87620012B68D0023B05
:103D40009BB20121ABF87230A37BABF84C3083F00F
:103D50000103ABF87410ABF878300099AB89AAF87E
:103D600000300B44AAF80810AB81A388217C06EE32
:103D7000903A2389012907EE103ABBF86E302AD019
:103D8000022914BFF0EE695AF0EE4A5A01339BB291
:103D900007EE903AF8EE677AB1EE006AF8EE666ADE
:103DA00067EE867AB8EE477A67EEA67A0198029BAC
:103DB00067EE877A014667EEA57A002808BF1146AC
:103DC00067EE897A0191FCEEE77A17EE902A1344A8
:103DD0000293FFF727B8DFED635AD7E7059B624AE6
:103DE000D3F88030DDE906965B4900209847039BB5
:103DF000AA89DDF804E012FB03F26B8913FA82F35F
:103E00009BB2591C002092B289B20090FFF725B8EE
:103E10000023194696E70121ABF86A10002B7FF4C6
:103E200071AEABF8603019461A46ABF85C20002240
:103E3000ABF86220ABF868204BBBABF864301A4695
:103E400002EB0109069AD2E92FE1CE451DDA0846B8
:103E5000002202F1010C09921FFA8CF2162A3FF49B
:103E600080AE0EEB104CBCEB090C0844F1D4002BD7
:103E70007FF45AAF099800FB01F10EEB1143A9EB57
:103E800003039C45C8BF02464EE700224CE7069B51
:103E9000D3E9349C894546DA134662469E4601338F
:103EA0009BB2162B3FF45DAE09EB1240401A624400
:103EB000F4D40CFB0EF209EB12428A1A9042D8BFDE
:103EC0009E460699BBF86020D1F8CC30BBF85C0068
:103ED000099002FB03F3D1F8C820ABF864E002EBD1
:103EE00013420B46D1F8C410521AD3E936303FF5CD
:103EF00038AE09990CFB0EFE00FB01F103EB1143F8
:103F000009EB1E401918FA239AE702FB03F30EEBA4
:103F10001343C3F1FA039C45D8BF0A46FA210B4666
:103F200083E70522FAE79646CBE7069BABF84A30D3
:103F3000237C013B042B48D801A252F823F000BF98
:103F40008B3F0008713B0008893A0008D93B000804
:103F50008D3B0008A4780108C47601085C7901084B
:103F600000340108CDCC4C3E74790108349A1371A9
:103F7000A6F8AC31B9F1000F7EF4EDAEFFF763B8EF
:103F80000123FEF7B7BE9BB2CEE54FF000094FF418
:103F90000073CDE909934FF0400E0420CC46022176
:103FA0004A464B4680E5D9F880301C4A1C4900201F
:103FB0009847DFED1C7A0023FFF78CBB059B1A4A5C
:103FC000D3F88030DDE906960EE7059B164AD3F854
:103FD000803013490020DDE906969847AA89039BA3
:103FE000DDF804E012FB03F26B89562113FA82F329
:103FF00001FB076100209BB2C1F86E00591C92B210
:10400000009089B2FEF729BF059B044AD3F880309F
:10401000034900209847FFF7E0B900BF187901086D
:10402000C4760108000000436C78010870B5FEB04A
:104030004FF4E27204460D460DA8002103AE0DF0C8
:10404000A1FC00960DAA05AB00212046FEF7F4FD69
:1040500008B97EB070BD94F85B202B46314605A8A8
:10406000FDF7FCFB7EB070BDBFF34F8F0549064BDB
:10407000CA6802F4E0621343CB60BFF34F8F00BF06
:10408000FDE700BF00ED00E00400FA0530B4224B6C
:10409000D3F89020D36813F00803FBD1946A156914
:1040A00011685268C1F3015000EB800001F07F32CB
:1040B000C1F3034111EB400118BF184B22F0FE423F
:1040C00018BF4B43C2F3023101EB8101C2F303205D
:1040D00010EB41001CBF4EF6602101FB0033C2F320
:1040E000021101EB810102F00F0212EB4102C5F354
:1040F0000E0518BF4FF47A71A5EB040018BF01FB41
:1041000002334FF47A72013502FB00F0B0FBF5F098
:1041100030BC1844704700BF8800002080EE360095
:10412000FEE700BFFEE700BFFEE700BFFEE700BFFF
:10413000FEE700BF704700BF704700BF704700BF79
:10414000024AD36E0133D366704700BF8800002057
:104150000C4B0D49D3F890204FF480104861D16882
:10416000490503D4012283F8B1207047D168C9B250
:1041700061F49061D1600120012283F8B40083F8DA
:10418000B12070478800002000040140034B5A69A9
:10419000120744BF08225A61704700BF0004014063
:1041A0000148FCF7ABB900BF400100200148FCF713
:1041B000A5B900BF880100200148FCF79FB900BFE6
:1041C000D00100200148FCF799B900BF1802002077
:1041D000084810B4D0F8D831D0F80C4299691A6860
:1041E0002CB1234600F5EC705DF8044B18475DF8E0
:1041F000044B704788000020034B5A69120544BFE6
:104200004FF400625A61704700040140034AD2F83B
:10421000883043F47003C2F88830704700ED00E046
:1042200030B52B4D8DB02C22002101A80DF0AAFB3A
:10423000D5F82C42002C43D0FFF728FF254BD5F8AA
:104240009C1003910444A3FB0423234A5B0D02FB4F
:104250001344224AA2FB0402920B4EF6602505FB92
:1042600012448DF805201E4A1E48A2FB0352120973
:1042700002EB4202A3EBC2038DF80430A0FB04233F
:104280009B094FF47A7202FB134401FB0444A0FB28
:1042900004048DF80630A1EB94114FF480704FF0B8
:1042A00000424FF0606302910B900692089308F071
:1042B000BDFA18B901A808F04DFC38B1FFF7D4FEDB
:1042C00008F0B4FA0028F9D185F830020DB030BDFD
:1042D00088000020B17C219580EE360073B2E7455E
:1042E000ABAAAAAAD34D621010B5164C164AD4F840
:1042F00090304FF4802151619A68D20402D5DA6877
:10430000D00512D49A68910402D5DA68920503D4D4
:10431000012384F8B13010BDDA68D2B262F42072A1
:10432000DA60012384F8B13010BDDA68D2B262F4E9
:10433000C072DA60012184F83012FFF771FFD4F8FF
:104340009030DFE78800002000040140F0B50468E9
:104350000546200583B000F1F3800026A1034ED569
:10436000A34B9A6DD20040F1F5800027A149A24AE3
:104370000B6843F480730B60D06E04E0D36E1B1A9D
:10438000022B00F200810B68DB05F7D5A6BB98492C
:10439000A86DD1F8903013F4407325D0834223D018
:1043A000D1F890C0D1F8903043F48033C1F8903008
:1043B000D1F8903023F48033C1F890301CF0010F15
:1043C0002CF44073C1F890300ED0D2F86CE041F27A
:1043D000883C05E0D36EA3EB0E03634500F2D38067
:1043E000D1F890309B07F5D5814AD2F8903023F46C
:1043F00040730343C2F89030002F40F0C880E107BB
:1044000008D57B4A296AD2F8883023F003030B438E
:10441000C2F88830A20708D5754A696AD2F8883090
:1044200023F00C030B43C2F88830630708D5704AA9
:10443000A96AD2F8883023F030030B43C2F88830E1
:10444000A70608D56A4AE96AD2F8883023F440639F
:104450000B43C2F88830A00508D5654AE96BD2F84D
:10446000883023F440230B43C2F88830610508D517
:104470005F4A296CD2F8883023F440130B43C2F80A
:104480008830620608D55A4A296BD2F8883023F45E
:1044900040530B43C2F88830230608D5544A696B51
:1044A000D2F8883023F440430B43C2F88830E70544
:1044B00008D54F4AA96BD2F8883023F440330B4318
:1044C000C2F8883020030ED5494AA96CD2F888304A
:1044D00023F040630B43B1F1006FC2F888305CD029
:1044E000B1F1806F74D061030ED5414AE96CD2F806
:1044F000883023F040630B43B1F1006FC2F888307D
:1045000050D0B1F1806F6BD062040BD538492A6D61
:10451000D1F8883023F040531343B2F1805FC1F8E3
:1045200088304DD0230408D5314A696DD2F88830DF
:1045300023F080430B43C2F88830304603B0F0BD0F
:104540006F6CB7F5000F10D0B7F5400F12D077B3EE
:10455000012603E79A6D42F080529A659B6D03F045
:1045600080530193019B012700E7214AD36843F45C
:104570008033D3601E4AD2F8883023F440033B4393
:10458000C2F88830E9E60326002F3FF438AF184A16
:10459000936D23F08053936531E7D36843F4801320
:1045A000D360A0E7D36843F48013D360ACE7394607
:1045B000281DFCF7C9FD064600287FF4CFAED9E7D9
:1045C0000221281DFCF7C0FD002818BF0646A9E7F8
:1045D0000121281DFCF7B8FD002818BF064682E718
:1045E0000121281DFCF7B0FD002818BF06468BE707
:1045F0000010024000700040880000202DE9F041CA
:10460000C16F05689EB00446002947D02423E367A4
:104610002A68636A22F001022A60002B40F0AD8014
:10462000D4E90412A36828680B431343E169A74A3D
:104630000B43024013432B606B68E26823F4405342
:104640001343A34A6B609542A369AA6800F0DB801C
:10465000206A22F43062034313439E4AAB609542C2
:1046600000F048819C4B9D4240F00C8103F5E633FD
:10467000D3F8883003F00C030C2B00F26181DFE8E3
:1046800013F0D2015F015F015F0110015F015F0163
:104690005F016F015F015F015F01680180F87810C1
:1046A0005C2207A80DF06EF98A4B9D4200F0EE8166
:1046B000894B9D42AAD1022707A80797FFF746FE1C
:1046C0000646002840F01882844B854D9A6D42F4CE
:1046D00000329A659A6D02F400320492049ADA6C00
:1046E00042F00102DA64DB6C03F00103039307225A
:1046F0000323CDE90032039903463A464FF0904038
:104700000F214FF0800809F073FFC5E95376C5E922
:104710005568C5E95766C5E9596605F5A476714B34
:10472000C5F84831304608F0E1FA002840F0E4814D
:104730006667102305F5C876C5E96708C5E969000D
:10474000C5E96B00C5F898313046674BC5F89471E0
:10475000C5F87041C5F8903108F0C8FA0146002844
:1047600040F0CA8126672620C5F8B84108F060FBF2
:104770005E4B40225A60256848E71E0705D56A68E7
:10478000616B22F400420A436A60D80705D56A6863
:10479000A16A22F400320A436A60990705D56A6863
:1047A000E16A22F480320A436A605A0705D56A68D2
:1047B000216B22F480220A436A60DF0605D5AA68CD
:1047C000A16B22F480520A43AA609E0605D5AA680E
:1047D000E16B22F400520A43AA60580609D56A68C0
:1047E000216C22F480120A43B1F5801F6A6000F048
:1047F000028119067FF514AF6B68A26C23F40023C5
:1048000013436B600CE722F4306213433349AB600F
:10481000D1F8883003F44063B3F5006F00F087806F
:1048200000F2E380002B00F05781FCF7EDFB064619
:10483000002E7DD16A682A49002322F49042C4E9FF
:104840001A336A60AA6822F02A02AA602A6842F033
:1048500001022A60C4F88430CE6E2B681A0700F17A
:1048600085802B685B0700F19C800023202218467E
:10487000E26784F87830C4F88020236663661EB04F
:10488000BDE8F0811A4B9D425AD103F5E433D3F8C9
:10489000883003F03003202B62D058D8002B00F072
:1048A000C280B1F5004F00F02E81FCF7ADFB00286F
:1048B000C0D0636800EB5300B0FBF3F04FF6EF732A
:1048C000A0F110029A423BD8E860B3E7F369FFEF2A
:1048D00000800040003801400044004000100240C9
:1048E000880000206C0002408000024000E100E0EF
:1048F0000048004002F55842D2F8883003F0030324
:10490000022B2DD0032B24D0012BCAD0864BB1F51E
:10491000004F186800F098809268844BC2F3C2225E
:10492000134493F89C3003F01F03D840BFE7804E38
:10493000626802EB4203B34202D8B6EB023F61D990
:104940000023C4E91A3301201EB0BDE8F081302BEA
:10495000F6D1B1F5004F00F0D3804FF40040A8E746
:10496000B1F5004F00F0CA807148A2E76FF07E43B6
:1049700032464FF40011204608F01CFA00283FF49C
:1049800070AF236853E8002F22F0800243E8002133
:104990000029F7D12023E367002384F8783003202F
:1049A000D2E76FF07E4332464FF48001204608F094
:1049B00001FA00283FF459AF236853E8002F22F48E
:1049C000907243E800210029F7D103F1080252E870
:1049D000002F22F0010203F1080040E80021002925
:1049E000F3D12023C4F88030D6E7B3F5406FA7D1C8
:1049F0004FF400469CE76A68616C22F4C0020A43E7
:104A00006A60F6E60023500819464FF48077E6FB0B
:104A100007010AF0ABF8474BA0F540729A428FD8D5
:104A2000454BD86006E7B1F5004F6FD0434A3F4B86
:104A300092683D49C2F302221344086893F89C30FF
:104A400003F01F03D84032E79268384BC2F3C2220A
:104A5000134493F89C3003F01F03D84000283FF420
:104A6000E9AE4300626803EB5203B3FBF2F34FF687
:104A7000EF72A3F1100191423FF662AF23F00F02F3
:104A800092B2C3F342031343EB60D3E6012307A8BA
:104A90000793FFF75BFC034670BB284A116E41F495
:104AA00080411166116E01F4804106910699D16C26
:104AB00041F00101D164D26C02F00102059207219C
:104AC0000322CDE90021059802224FF4C0614FF086
:104AD000904009F08DFD99E58A68144BC2F30222DB
:104AE0001344114A93F89C30166803F01F03DE400C
:104AF000002E3FF49FAE1BE7FFF7B6FA104BB1E76D
:104B00004FF48033AEE7FCF77FFAA7E70B4A074B79
:104B100092680549C2F302221344086893F89C3056
:104B200003F01F03D84099E700000020003401087B
:104B30000024F400FFFC0F00008000400010024041
:104B40000048E801F0B5CA4CD4F82C328BB0002BE9
:104B500000F0D981C74B1A683F21C4F844135203AF
:104B600058BF1A68C34B54BF02F480324FF4A022DE
:104B7000C4F8482319685A68186801F00101C2F3A3
:104B80000722C4E9D71219685A6800F0F00001F44E
:104B90008071C4F86403C4F85013D3F89010B64879
:104BA000C2F30462C4F854234F0758BFD3F89020CF
:104BB000B04B54BF02F001020522D3F89410C4F8A0
:104BC0004C23D3F8982001F0010102F00102C4F84F
:104BD0005813C4F868231968DA6811F0807F0CBF95
:104BE0000121022102F00302C4E9DB12DA68D9686C
:104BF000C2F302120132C1F30621C4E9DD21D968F2
:104C0000DA68C1F34151C2F3416201310132490016
:104C10005200C4E9E012D9689A68C90E02F0030292
:104C20000F25C4F88853C4F87C13C4F88C23996802
:104C30009A6801F0F00102F4E062C4E9E4129A68B3
:104C4000016894F8190284F8A003D20802F4E06223
:104C500001F00701C4E9E621242284F81922D4F8DE
:104C6000D82186481168824221F00101116000F0CC
:104C7000ED810023A268C4F81C32022184F81932A5
:104C800084F81832C4F8083284F81A3284F86510AF
:104C900013687B4923F040038A42136000F0EC81E3
:104CA0000022A266D4F8343284F865202421D4F896
:104CB000B40284F86420C4F8B0121968C4F8A403DC
:104CC00021F0010119606F491A608B425A609A60A5
:104CD00000F0AD816C4A934200F08C820023D4F83E
:104CE000BC22C4F8B8322421C4F8B03284F8AC3203
:104CF000C4F8B432C4F89432C4F89832C4F8381303
:104D00001168604821F00101824211601360536014
:104D1000936000F045825C4B9A4200F08782554ACE
:104D20000023C4F84033C4F83833C4F83C33C4F823
:104D30001C33C4F82033D06CD16C84F8343300F0C9
:104D40000100C1F34001C4F8C403C4F8E413D06CFB
:104D5000D16C41F00101D164D16CC0F3C01001F0FD
:104D600001010491C4F804040499D16C41F00201DA
:104D7000D164D16C01F0020103910399D16C41F02F
:104D80008001D164D26C4FF0904C02F0800202920C
:104D90000299DCF80010C4F8A813DCF80410C4F879
:104DA000AC13DCF80810C4F8B013DCF80C10C4F82D
:104DB000B413DCF82010C4F8B813DCF82410334A1C
:104DC000C4F8BC131168C4F8C8135168C4F8CC13F4
:104DD0009168C4F8D013D168C4F8D413106A516A2A
:104DE000C4F8DC1302F5C052C4F8D8031168C4F843
:104DF000E8135168C4F8EC139168C4F8F013D16853
:104E0000C4F8F413116A089D526A099EC4F8F81395
:104E1000C4F8FC2301204FF60F714FF0030E00FA87
:104E200003F20A424FEA430203F1010306D0DCF821
:104E300000700EFA02F23A43CCF80020102BEED1AB
:104E4000CDE900561148002303224EF6F57109F012
:104E5000CFFBCDE900560E48002303224FF6F67132
:104E600009F0C6FB034BDA6C22F0010212E000BF2E
:104E7000880000200010024000200240005800403E
:104E80000030014000380140004400400004004868
:104E9000001C0048DA64DA6C22F00202DA64DA6C90
:104EA0004FF0E02122F08002DA640B6923F0020364
:104EB0000B61FFF7EBF894F8303205464BBBBE4967
:104EC000BE4A07E062B6BFF34F8FBFF36F8F94F80F
:104ED0003032F3B972B6BFF34F8FBFF36F8F94F8D0
:104EE0003032002BEED10B6823F0070343F00103AF
:104EF0000B60136943F00403136130BF136923F09F
:104F000004031361DEE7AE480BB0BDE8F0400DF0DE
:104F1000E5B9002384F83032FFF7B8F8401B05D517
:104F200000F1A46000F5CB2000F58060E36E4FF047
:104F3000E0220344E3661369A24843F002031361CD
:104F4000FCF712FFD4F89C139F48FDF7E7F94FF0E8
:104F500090400121FBF71CF9D4F8A823D4F8C4131E
:104F60000260D4F8AC234260D4F8B0238260D4F855
:104F7000B423C260D4F8B8230262D4F8BC234262DE
:104F8000003918BF0121FBF703F900F5806001210A
:104F9000FBF7FEF8D4F8C833D4F8E4130360D4F870
:104FA000CC334360D4F8D0338360D4F8D433C360B7
:104FB000D4F8D83303620039D4F8DC33436218BF25
:104FC0000121FBF7E5F800F5C0500121FBF7E0F8FF
:104FD000D4F8E833D4F804140360D4F8EC33436015
:104FE000D4F8F0338360D4F8F433C360D4F8F833E2
:104FF0000362D4F8FC334362003918BF0121FBF788
:10500000C7F809F0F1FB94F8A033282B00F0B78023
:1050100009F07EFC6D48FFF7F1FAD4F8A433222B97
:105020003BD06B480BB0BDE8F040FFF7E7BA02F1A8
:10503000804202F504324FF4C061136E23F48043C2
:105040004FF090401366FBF7A7FA47E69A6D614868
:1050500022F480029A654FF48061FBF79DFA4FF4C9
:105060000061FBF799FA5C4B0222C3F88420BFF37E
:105070004F8FBFF36F8FFCE5584A136E23F48053B4
:10508000E02113664FF09040FBF786FA206E09F09E
:1050900009FDE06D09F006FD02E6D4F8A802D4F897
:1050A0008822B4F88C32D4F8B412002800F0D980E9
:1050B0002029B6D1002AB4D0002BB2D00021D4F8D8
:1050C0003452C4F8941246498D4203D069680E02E6
:1050D00000F147810021C4F8B8122221C4F88822C7
:1050E000A4F88C32C4F8B4123E49C1623E4901634F
:1050F0003E4941630021816305F12401FBF79AF8E1
:10510000002840F05181D4F8443293B155E8003F73
:1051100043F4807345E800324AB1D4F8342252E8AF
:10512000003F43F4807342E800310029F5D1D4F800
:10513000345205F1080353E8003F43F0010305F141
:10514000080141E8003262B1D4F8342202F10803C8
:1051500053E8003F43F00103083242E800310029E0
:10516000F2D1D4F8342202F1080353E8003F43F0AF
:105170004003083242E800310029F2D151E794F8A7
:105180001922202A7FF444AFD4F8D82184F81932A8
:1051900013681749C4F80C1243F0B803136037E7DB
:1051A0000E4A136E23F480434FF4C0614FF09040D9
:1051B0001366FBF7F1F9B2E50070004000ED00E086
:1051C000E0790108CC03002010040020BC0200207C
:1051D000440300200004004800E100E00010024009
:1051E000008000408112000809130008E1580008FF
:1051F0002525000802F5E6320F21936D23F40033D4
:1052000093654FF09040FBF7C7F9D4F8A80209F076
:1052100049FCD4F8A40209F045FC734B4022C3F8C2
:105220008420BFF34F8FBFF36F8F57E56F4A936DA5
:1052300023F4003393650F214FF09040FBF7ACF956
:10524000D4F8300309F02EFCD4F82C0309F02AFC22
:10525000654B4022C3F88420BFF34F8FBFF36F8F9D
:105260005DE520297FF4DDAE002A3FF4DAAE002BA5
:105270003FF4D7AED4F83412C4F894025C488142AB
:1052800015D04868000212D551E8000F40F0806048
:1052900041E800054DB1D4F8340250E8001F41F058
:1052A000806140E80015002DF5D1D4F83412D4F80F
:1052B0003C52C4F888220020B5F5805FA4F88C32F7
:1052C000A4F88E32C4F89C0200F08580002D78D1BD
:1052D000D4F84432002B0CBFFF207F200022222371
:1052E000C4F8B822A4F89002C4F8B43201F108035B
:1052F00053E8003F43F00103083141E8003262B156
:10530000D4F8342202F1080353E8003F43F00103CC
:10531000083242E800310029F2D1D4F83C22D4F816
:105320004432B2F5805F46D0324AC4F89C226BB159
:10533000D4F8342252E8003F43F4907342E800313D
:105340000029F5D16DE62C4BC4F89C32D4F83422F8
:1053500052E8003F43F0200342E800310029F5D134
:105360005FE655E8001F41F0806145E8001048B154
:10537000D4F8340250E8001F41F0806140E8001585
:10538000002DF5D10021D4F8A802C4F8B8122221CA
:10539000D4F83452C4F88822A4F88C32C4F8B41279
:1053A00000283FF4B0AE9FE610222023C4F8B822B4
:1053B000C4F8B43235E6002BC5D00E4BC4F89C328D
:1053C000B6E7B5F1805F89D1D4F84432002B0CBF29
:1053D0007F203F2082E7D4F84432002B40F2FF10B8
:1053E00018BFFF207AE700BF00E100E00010024094
:1053F0000080004025130008F5130008F0B4C56FC5
:10540000202D4AD10C4601B112B90120F0BC7047E1
:10541000194600252123C0F88450C3678368294FAB
:10542000A0F85020B3F5805FFE6EA0F8522037D070
:10543000B0F85220036892B2B2B1DA69120604D40D
:105440004A1C1DD1DA691206FCD504B314F8012BED
:105450001A85B0F85220013A92B2A0F85220B0F862
:10546000522092B2002AE8D1DA69520604D44C1CC8
:105470001CD1DA695106FCD52023C3670020C5E79B
:10548000FA6E921B914218D3B9B11A68D5E735F874
:10549000022BC2F308021A85DBE70220F0BC70473A
:1054A0000369002BC4D125461C46C1E7FA6E921B46
:1054B000914202D309B11A68D6E72023C367F0BC32
:1054C0000320704788000020026852E8003F23F460
:1054D000907342E800310029F7D102F1080353E844
:1054E000003F23F0010302F1080C4CE800310029D1
:1054F000F3D1036E012B06D000232022C0F88020B8
:1055000083660366704752E8003F23F0100342E8C9
:1055100000310029F0D052E8003F23F0100342E8A8
:1055200000310029EFD1E7E770B5AE4CD4F8345222
:10553000EB692A68A96840F60F00034240F08780B3
:10554000980602D5960600F1F380D4F8940201285B
:1055500016D0D80202D5490200F1F4801E0605D407
:10556000590602D5530600F1258170BD1006F7D506
:10557000D4F8A032002BF8D0BDE870409A48184704
:10558000DE06E6D5D006E4D510232B62AB68B4F86E
:105590008C225B0640F14281D4F8A83219684B682E
:1055A0009BB2002B00F07C81934280F07981A4F8BB
:1055B0008E320B689E0644D455E8003F23F4807376
:1055C00045E800324AB1D4F8342252E8003F23F4CF
:1055D000807342E800310029F5D1D4F8342202F179
:1055E000080353E8003F23F00103083242E800318A
:1055F0000029F2D1D4F8342202F1080353E8003F25
:1056000023F04003083242E800310029F2D1202380
:10561000C4F8B432C4F89412D4F8342252E8003FEB
:1056200023F0100342E800310029F5D1D4F8A83264
:1056300093F82520022A00F03A810422DA6383F8E5
:1056400024100223C4F89832B4F88E3270BD11F0E1
:10565000010640F09E80654802423FF476AFD807CD
:105660000FD5D10540F1D68001212962D4F8B812B6
:1056700041F00101C4F8B81299076BD5002E40F033
:105680008C8058077DD51E0700F1C1801E050AD504
:10569000500108D54FF400612962D4F8B81241F0E6
:1056A0002001C4F8B812D4F8B81200293FF45DAF55
:1056B000990602D5920600F1A080D4F8B822AB6812
:1056C00002F0280203F04003134300F0E68046484E
:1056D000FFF7FAFEAB685B067FF547AF05F10803FD
:1056E00053E8003F23F0400305F1080141E8003290
:1056F00062B1D4F8342202F1080353E8003F23F0EA
:105700004003083242E800310029F2D1D4F8A8025F
:1057100000283FF42AAF364B8363FAF7CBFE00280C
:105720003FF423AFD4F8A802BDE87040836B18475C
:10573000D4F89C32002B3FF418AF04F50D70BDE88F
:10574000704018474FF480132B6270BDD1058BD485
:10575000980722D4590714D5002E94D00421296229
:10576000D4F8B812180741F00201C4F8B8128DD568
:1057700008212962D4F8B81241F00801C4F8B8121F
:1057800084E7190782D502F0200131433FF47EAF50
:10579000EEE7D807DAD499072CD502212962D4F88C
:1057A000B8125E0741F00401C4F8B812D6D4190744
:1057B000DED46BE755E8003F23F0400345E80032B4
:1057C0004AB1D4F8342252E8003F23F0400342E8C3
:1057D00000310029F5D120220023C4F8B022C4F8FA
:1057E000A03270BD88000020BC020020200100040F
:1057F000151300085E07B1D4D9E7D4F89C32002B0A
:105800003FF45BAF35489847D4F8345255E79006DB
:10581000AED43BE798073FF534AF9BE7B4F88E1260
:10582000B4F88E329BB289B2002B3FF49EAE914207
:105830003FF49BAE55E8003F23F4907345E80032F7
:105840004AB1D4F8342252E8003F23F4907342E87E
:1058500000310029F5D1D4F8342202F1080353E8CD
:10586000003F23F00103083242E800310029F2D161
:105870002023C4F8B432C4F89C12C4F89412D4F8AB
:10588000342252E8003F23F0100342E8003100299F
:10589000F5D10223C4F8983270BDC4F8B83270BD97
:1058A00093427FF462AE0B689D06F2D470BD1A6815
:1058B0001D6C106820F00E001060106820F00100D0
:1058C00010605A6C012002F01C0200FA02F26A60B9
:1058D00083F8250083F82410B3E600BFBC02002043
:1058E000806A0368C16F10B5D0F880409A681206CC
:1058F00001D521290BD09B685B0601D5222C1DD038
:10590000D0F8843043F01003C0F8843010BD00227A
:10591000A0F8522053E8002F22F0C00243E80021F3
:10592000026839B152E8003F23F0C00342E8003179
:105930000029F7D12023C3671346DCE70023A0F832
:105940005A30FFF7C1FDD0F8843043F01003C0F89F
:10595000843010BD10B5084950226C2006F0A6FF17
:10596000044630B1054B40F8043B054968220CF071
:1059700037FC204610BD00BFF47301080FB0371389
:10598000A434010808B518B1074B02689A4208D040
:10599000064B074AD3F8803006490020984701207B
:1059A00008BD90F8620008BD0FB0371388000020D2
:1059B000DC730108F473010808B518B1074B0268DD
:1059C0009A4208D0064B074AD3F880300649002097
:1059D0009847002008BD012008BD00BF0FB0371355
:1059E00088000020DC730108F473010838B5044610
:1059F0000D46FFF7E1FF08B184F8625038BD00BFE3
:105A000038B504460D46FFF7D7FF08B1A4F85C503F
:105A100038BD00BF10B1024B9B6F1847704700BFE5
:105A20008800002010B50446FFF7C6FF00B910BD7E
:105A3000002323602046BDE81040EBE770B50C461C
:105A400018B11F4B0168994208D01E4D1E4AD5F867
:105A500080301E490020984754B370BD3CB3416864
:105A600082600868B0F89430028F04EB430304EBC3
:105A70004202C364B0F896304261D0F8982004EB3B
:105A8000430303654AB1B0F89C3004EB4303136150
:105A9000B0F89E3004EB43035361B0F8E4204B6848
:105AA00004EB4204C0F8B040BDE870401847054D13
:105AB000D5F88030064A0549BDE8704000201847F7
:105AC0000DB0371388000020587A01084C7A01087D
:105AD000347A010810B520B10C4B02689A42044692
:105AE00008D00B4B0B4AD3F880300B49BDE810406F
:105AF00000201847406818B1C368984700236360C6
:105B0000002323602046BDE8104083E70DB0371323
:105B100088000020587A01084C7A010810B5044624
:105B2000FBF750FE00B910BD20690023236008B1C7
:105B3000FFF770FF2046BDE810406BE72DE9F0410C
:105B4000174F1D46D7F8843013B1BDE8F041184710
:105B5000FB6F4FEA4208002AF7D08F1EA8F102041B
:105B600006468E460C443A4632F802CF9CFA9CFC1C
:105B7000A242A2F800C0F7D142467146304698478B
:105B80000DB9BDE8F08137F8023F5BBAA7423B8010
:105B9000F7D037F8023F5BBAA7423B80F3D1F0E77A
:105BA0008800002010B582B00021ADF8041043F247
:105BB0001C040123032269460094FFF7BFFFBDF8D0
:105BC0000400C0F3C02002B010BD00BF2DE9F04FAB
:105BD000A5B00446FBF7F6FD10B925B0BDE8F08F7F
:105BE000DFF80481A56898F88830012B05D9D8F82A
:105BF0008030374A3749022098477822364906A82C
:105C00000CF0EEFAD8F88430344A0492002B55D0C8
:105C100004AF0222394628469847DFF8D0A00DF19C
:105C2000180B0026BBF80440BBF80690A144A14520
:105C300032DD039705E0624698470134A4B2A145DE
:105C400029DD44F4405C0399ADF810C001232846D7
:105C50000322ADF81260ADF81460FFF76FFFDBF8B8
:105C60000830BDF814C021462846002BE3D198F82F
:105C700088201849012A2B4652464FF00200DCD9F1
:105C8000DBF80070CDE9007C0134D8F88070A4B254
:105C9000B847A145D5DC039F0BF10C0B24AB9B450A
:105CA000C0D198F88830012B97D9D8F880300C4AA9
:105CB0000849022025B0BDE8F04F1847094B04936E
:105CC00004AFD8F87C300422394628469847A4E728
:105CD000747A01088C7401080C350108D510010094
:105CE000C47A010810D5000188000020B07A0108AC
:105CF00000B583B041F4A041012394464FEA124E0F
:105D0000ADF80010ADF80230042200236946ADF86A
:105D100004E0ADF806C0FFF711FF03B05DF804FB27
:105D2000F0B5012983B00546144622D002290AD0D5
:105D30001C4B1D4AD3F880401C4903460020A04755
:105D4000002003B0F0BD43F2460384270026ADF8DF
:105D500000302846012303226946ADF80260ADF801
:105D60000460FFF7EBFEBDF8040030B16CB9012010
:105D7000E7E743F245038327E8E70A4B0C4AD3F8E9
:105D800080400A492B46A047DAE747F4805733465C
:105D9000694628460222ADF80070ADF80260FFF7B0
:105DA000CDFEE4E788000020007B01081C7B010891
:105DB000347B0108F0B5012985B00646154633D07D
:105DC000022925D143F2320301240027ADF808301F
:105DD0000322012302A93046ADF80A70ADF80C7019
:105DE000FFF7ACFEBDF80C306B8003F00702012A10
:105DF0002A802AD013F006001AD11849184AD1F87F
:105E0000804018490096A0470024204605B0F0BD08
:105E1000124B154AD3F88040124903460020A04790
:105E20004FF440530024D0E743F233030C46CCE751
:105E3000023A012AE9D9094A0096D2F88040094974
:105E40000A4A3846A0472F80DEE70449084AD1F8BD
:105E50008040044900963846A047D5E788000020D6
:105E6000687B01081C7B0108007B0108CC7B0108D2
:105E7000987B01082DE9F04184B028B1714B0D46A3
:105E80000168994204460AD06F4B704AD3F88030BB
:105E90006F4900209847002004B0BDE8F081838856
:105EA000C1880B44B2EB430F07D2674B694AD3F862
:105EB0008030674900209847EDE7D0F81080866869
:105EC00098F8C67143F2370302930023ADF80C3003
:105ED0000322012302A93046FFF730FE012FBDF84F
:105EE0000C300DD0022F0CBF8020C020184009D1EB
:105EF000554B594AD3F8804058493346A047CAE722
:105F00004020F3E798F8C61102AA3046FFF752FF87
:105F10000028C0D0BDF80830032B0BD04A4ABDF88A
:105F20000A30D2F880404D4900934D4A3346002054
:105F3000A047B0E72169BDF80A2091F8C431C2F347
:105F400000122A8033B191F8C631A3F10103B3FAEC
:105F500083F35B096B80B1F8C831AB80AA1D01F5F2
:105F6000E57301F5FD77D3F800C05E689868D3F853
:105F70000CE0C2F80CE01033BB42C2F800C056601F
:105F8000906002F11002EED1B1F8FA31EB8605F122
:105F9000380201F5FE7301F50B77D3F800C05E6897
:105FA0009868D3F80CE0C2F80CE01033BB42C2F89A
:105FB00000C05660906002F11002EED1B1F82C32B0
:105FC000A5F8683005F16A0201F22E2301F25E2184
:105FD000D3F800C05E689868D3F80CE0C2F80CE013
:105FE00010338B42C2F800C05660906002F110027C
:105FF000EED1E6882369A068A18893F8C621B6F59A
:10600000005F0FD8013A18BF012205EB41011203CE
:10601000334606F0FFFC98B1301E18BF012004B0D3
:10602000BDE8F081084C0F4AD4F880300E490020BA
:106030009847D4F880300D4A0849002098472AE74D
:10604000014CF6E70EB037138800002014740108E5
:106050002C740108007C0108187C010854740108A4
:10606000387C0108647C01087C7C0108907C010874
:106070002DE9F04383B01D4643F440534FF0000830
:10608000BDF82840ADF80030894616466946012320
:10609000032245F480550746ADF80280ADF8048030
:1060A000FFF74CFDADF80050BDF9045004FA09F4B7
:1060B0006C4004EA060255404346694638460222CF
:1060C000ADF80250FFF73AFD03B0BDE8F08300BF22
:1060D000F0B583B020B1244B02689A42044609D03F
:1060E000224B234AD3F880302249002098470020D1
:1060F00003B0F0BD8668032200270092304640F2CC
:1061000049130021FFF7B4FF0125304640F249133F
:10611000009704220221FFF7ABFF304640F24913FB
:10612000009510220421FFF7A3FF304640F24913E7
:10613000009520220521FFF79BFFFF2300933046A7
:1061400040F249134FF47F520621FFF791FF30468A
:1061500040F24B1300952A463946FFF789FF28463F
:10616000277303B0F0BD00BF0EB0371388000020C6
:10617000147401082C74010810B582B001AA012121
:106180000446FFF717FE002201212046FFF7C8FD55
:10619000BDF80430022B09D00649074AD1F88040E7
:1061A00006490020A047002002B010BD012002B027
:1061B00010BD00BF88000020BC7C0108047D0108E0
:1061C00038B5074D6B6F9847044608B1204638BD77
:1061D000D5F88030034A04499847204638BD00BFAF
:1061E00088000020247D0108347D01082DE9F04F4E
:1061F0002DED028BB3B020B1B04B02689A42064637
:106200000ED0AF4BAF4AD3F88030AF49002098474B
:106210004FF00008404633B0BDEC028BBDE8F08F74
:106220000F466722A949102006F040FB804600284F
:10623000EED0A74B036096F86240A6493822ACB373
:106240001020B6F85C4006F031FBA24982463922A4
:10625000FC2006F02BFB0546A4B39E493E2260209D
:1062600006F024FB01248146BAF1000F2CD05DB367
:1062700014B1B9F1000F27D0C5F8989023A9CAF836
:106280000050301DFDF7D2FE40BB8D4B924AD3F833
:106290008030904998475046FBF7AEFA0024C8F882
:1062A00004404046FFF716FCA046B3E7102006F076
:1062B000FDFA884982463922FC2006F0F7FAA14609
:1062C0000546D1E7A146CFE75046FFF7A3FB284696
:1062D000FFF7A0FB4846FFF79DFBDFE7BDF8A030C6
:1062E000BDF8AC20D5F898002B871A4492B20492DE
:1062F000A5F89E20BDF8A220019005F1F8015200FA
:10630000C5F8841005F1F401C5F8E820C5F8881037
:10631000002205F1F601C5F89420A5F89C20C5F8E7
:106320008C1005F1F00205F1F7016A62C5F89010D2
:1063300030B105F1EC01816105F1F5014262C16501
:10634000C5F8D820049AA5F8E420C5F8DC8096F8B2
:106350006220029262B1029A14A90DF1B60001EB1B
:10636000420430F8022F520821F8022BA142F8D142
:10637000BDF8A8209DF8C4100C911A4492B20D9259
:10638000B6F85C20BDF8AA109DED308A03920E91FC
:1063900022B1BDF8AE200399B2FBF1F20892BDF82C
:1063A000A4201A44A5F87C20BDF8A6201A44DDF8E4
:1063B0008E30C5F87630BDF89230A5F87A30474B6C
:1063C0002B64474B6B64474BAB64032385F87430F5
:1063D0000F23A5F88030019BA5F87E20002B00F04C
:1063E000A481002325990991CDE91C3326990A91AE
:1063F000CDE91E33CDE92033BDF89C10029C0B91F2
:106400001DAA94460DF1AE01D8B2A04207D231F8D0
:10641000020F22F8020F088910810133F4E7019975
:10642000314A4A60314A039B8A60314A0B87CA600D
:10643000089B029A4B870023C1E91333C1E9153346
:10644000002A00F072812B4A07922B4A06922B4AAF
:106450000592019ACDF8448002F13A014832CDE923
:106460000F5ACDE912679A46E14688463746934669
:1064700039F8025F28F8025FB9F808602049A8F8E7
:1064800008602F22EC20FFF79BFEEC22002104463F
:10649000002800F0AB800BF075FA1A4B1A4A2364FF
:1064A0001A4B6364A2643A7D013A042A00F24881DF
:1064B000DFE802F093992E962E0000BF0FB037133D
:1064C00088000020DC730108F47301084C7A01088D
:1064D0000DB03713447D0108547D0108091C0008E4
:1064E000BD170008A91C0008351B0008A91B0008DF
:1064F000B1170008A5170008B11C0008B91700085B
:10650000787D0108E9280008051D00080D1D000818
:106510006FF00C00049B797C97F810C084F875101C
:106520001D440B9BA4F87A30039BA4F87E30089B93
:10653000A4F88030DDE90923ADB2002918BF1A465E
:106540007968079BC4F87620A4F87C50C4E9211030
:10655000B968C4F89C30069BC4F8A030059BC4F809
:106560008C10C4F8A43004F1E401019B6162760050
:10657000224684F874C0C4F8E060A4F89650A4F8E9
:10658000DC50C4F8D430C4F8D0106E49C4F8D81028
:1065900004F13C0004F1E801C4F8901042F8980BB3
:1065A000E263FBF7B3FB002873D02068C268904712
:1065B0000AF1010A029B4BF8044F5FFA8AF29A42F1
:1065C00007F11407FFF454AFDDE90F5AD5F89830FE
:1065D000139F0193DDE911863AE06FF00B0099E714
:1065E0006FF00F0096E76FF0060093E7D346DDE902
:1065F0001267DDE910A80F9DDFF858910199524A02
:106600000BF1120301EB83035FFA8BF44FF0000BE5
:10661000C3F804B04D49D9F88030584698470295E0
:10662000039625464E46DDF8049009E0D4B209EB06
:106630008404D5B2E06C08B1B26F9047C4F84CB096
:106640006A1E002DF2D1DDE90256D5F8983001938B
:10665000079BC5F8A430069BC5F8A830059BC5F874
:10666000AC30019A3A4BC5F8E03005F13C032B60A1
:10667000002A61D005F1A003EA63136028688368EB
:106680009847C0B9334B344AD3F8803033499847E0
:1066900001E6DFF8C090304AD9F8803030490F9DCC
:1066A000DDE91267D346DDE910A89847D9F87830BC
:1066B00020469847A2E72868C3689847294ACAF83D
:1066C00004200023284ACAF80C20CAF80830C8F869
:1066D00004A07B8096F8625014A807F10A011A46BC
:1066E0009C46DCB2A5421CD9048821F8062C224421
:1066F00092B27A800133042B21F8024F00F102009C
:10670000EFD1B6F85C3087ED058A13FB02F33B80CE
:106710000C9B3B760D9BA8F80C300E9BA8F80E3016
:1067200078E521F806CC0024E4E7104B0793104BE2
:106730000693104B05938BE705F1A003EB639DE7F0
:106740000020E7E6B5280008AC7D0108F0750108D7
:106750006D170008880000208C7D0108447D010829
:10676000787D010895170008F9170008A51700089B
:10677000B11C0008B917000810B50F4C8C46114623
:10678000B4F8702003F1020EB2EB4E0F07D2D4F82A
:1067900080300A4A0A49BDE8104000201847013BF2
:1067A0004CF4A04C4B802EF00042A1F800C0BDE894
:1067B00010400023FFF7C2B988000020D07D0108F7
:1067C0007C7C010830B583B00025294600957B23E9
:1067D000FF220446FFF74CFC0121009120468B2349
:1067E0000222FFF745FC8B238022009507212046DB
:1067F000FFF73EFC03B030BD70B582B043F2370204
:1068000000230092ADF804300322012369460546B7
:10681000FFF794F9BDF8043013F0C00F1AD143F21A
:106820001C02012300920024694603222846ADF889
:106830000440FFF783F9BDF804301B0517D50F4B53
:106840000F4AD3F880600F4920462B46B0472046B8
:1068500002B070BD094B93F88820002ADFD0D3F82E
:106860008040094A07492B460120A047D7E7284620
:10687000FFF7A8FF012002B070BD00BF8800002014
:106880001C7E01081C7B0108F07D0108F0B583B077
:1068900043F21C02009201230E46002403226946A3
:1068A0000746ADF80440FFF749F9BDF8043013F48A
:1068B000006517D141F21B042B4669463846022277
:1068C000009446F40066FFF739F938462B466946CE
:1068D0000222ADF80040ADF80260FFF72FF9012069
:1068E00003B0F0BD054B064AD3F880500549204659
:1068F0003B46A847204603B0F0BD00BF88000020FB
:106900004C7E01081C7B010838B520B1164B02688B
:106910009A42044608D0154B154AD3F880301549E1
:1069200000209847002038BD037B43B980681521BB
:10693000FFF7ACFF0028F5D00123237338BD0569AC
:10694000806895F8C6110122FFF7EAF995F8C5317C
:1069500043B195F8C631022B0CBF0123022385F801
:10696000C63138BD0123FAE70EB037138800002086
:10697000147401082C74010870B584B00322044615
:106980000025009240F249130E460021FFF770FBEC
:1069900040F249130422022120460095FFF768FBCC
:1069A00040F249131022042120460095FFF760FBB6
:1069B00040F249132022052120460095FFF758FB9D
:1069C00040F249134FF47F52009506212046FFF70D
:1069D0004FFB0EB904B070BD044E03962B46022245
:1069E00003A92046FFF7AAF804B070BD3110C0AC6F
:1069F0002DE9F04782B0BDF828400B9F03EBC4059A
:106A00006B88002B45D06E68844601EB0208043E7B
:106A10004FF0000E56F8044F620092B28A4234D30F
:106A2000424532DAC4F30170012818D002283CD064
:106A300098BB521A93B2C4F34459012202FA09F2E4
:106A400097424BD33449013AD1F8804001923349FF
:106A5000334A0097A047002002B0BDE8F087521AE1
:106A600092B20CEB42093CF81200B9F8023043EA4A
:106A7000004323F00F0317B1C4F303442343180C5E
:106A80002CF81200A9F802306B880EF1010E734544
:106A9000C0D8012002B0BDE8F0871F4B214AD3F8CF
:106AA00080301E4900209847D5E7521A92B20CEB6D
:106AB00042003CF81290438843EA094323F00F0355
:106AC00017B9C4F3034423431C0C2CF81240438031
:106AD0006B880EF1010E73459CD8DAE7C4F3044AC3
:106AE0000CEB43043CF813006288C9F1200942EA28
:106AF00000424FF0FF3020FA09F000FA0AF022EAD3
:106B0000000207FA0AFA42EA0A02100C2CF81300F3
:106B100062806B88B9E700BF88000020B47E01085E
:106B20007C7E0108C07E01082DE9F04F9B461B6862
:106B3000C2F51E66B34294BF9EB2B6B288467408D0
:106B40004FEA520183B017464FEA81010CD0144B33
:106B500008EB84041944434651F8042B5A80120C64
:106B60001A800433A342F7D10E4C851E04F1E20AC9
:106B700004F1E40914F8013B35F8022F3946CDE958
:106B8000003240464B463246FFF732FFA24501D065
:106B90000028EFD1CBF8006003B0BDE8F08F00BF54
:106BA00078450108843501082DE9F04FADF5117DD8
:106BB0000C46154600214FF4E27206460DF1180806
:106BC0001FA81F460AF0DEFECDF8008008AB1FAA02
:106BD00029462046FCF730F830B94FF0000840460F
:106BE0000DF5117DBDE8F08F94F85B20414608A8B3
:106BF00010ABFAF733FE0028EFD09C9ABDF8523064
:106C000013809D9ABDF85630DFF8B4A0138030464B
:106C1000BAF87080FFF7F0FD50B37B084FEA5808D0
:106C2000434528BF43469A9A0397023B23F001034A
:106C30000432A8461FFA83FB4FF0000902941D4658
:106C400017464A4605AB39461FA80595FFF76CFF66
:106C50004FEA5901D944059B9A9A04461FFA89F9CB
:106C60003046FFF789FDB9F51E6F08D2002CE8D138
:106C7000DAF880300F4A104900209847ADE74546C2
:106C8000A046DDE90247B8F1000FF1D080239A99C0
:106C900000933A463046094B05F086FE1FA89B9BA1
:106CA00022462946FBF762FF40460DF5117DBDE8FF
:106CB000F08F00BFE47E010854740108F83D01081C
:106CC000880000202DE9F04FADF5137D06460C46F7
:106CD000154600214FF4E27221A89A460AF052FEAE
:106CE0003C22002112A80AF04DFE9D9B93F8C5712D
:106CF0006FB1664B664AD3F88030664900209847EA
:106D00004FF0000840460DF5137DBDE8F08F0DF102
:106D10001808CDF800800AAB21AA29462046FBF7C7
:106D20008BFF0028ECD0414694F85B200AA812ABF8
:106D3000FAF794FD80460028E2D09E9ABDF85A30BA
:106D400013809F9ABDF85E3013809D9808AB0DF1BB
:106D5000160221A905F0E0FDBDF82020BDF816308F
:106D60009A4206D29D9B2246294621A8FBF7FEFEA9
:106D7000C8E743F2370308930322012308A93046EA
:106D8000ADF82470FEF7DAFEBDF8243013F0C0032E
:106D900010D1ADF8243043F23103089303220123CC
:106DA00008A93046FEF7CAFEBDF824204AF6C043C3
:106DB0009A425CD19D9808AB0DF1160221A905F00D
:106DC000ABFDBDF81690BDF820B0D94508D9324BBF
:106DD0000893304608A900230222FEF7AFFEC1E760
:106DE0002A499C9AB1F87010CDF808804FEA5A03EE
:106DF00049088B4228BF0B460BF10201023BA1EB75
:106E0000090123F0010389B28B4228BF0B460432EB
:106E1000AA469FB2904603941D4604E0B9441FFA67
:106E200089F9D94511D808AB4A46414621A80895A9
:106E3000FFF77AFE04460028F0D0089B9C9A4FEAA0
:106E400059013046FFF798FCE8E7134B0893554685
:106E50003046A24608A900230222DDF80880039CE0
:106E6000FEF76CFEBAF1000F3FF44AAF7AE7074B2A
:106E700093F88820002A3FF443AFD3F88040074AB4
:106E8000074933460120A0473AE700BF88000020A9
:106E9000F87E01085474010880100100387F010851
:106EA0005C7F01082DE9F04186B030B116461F46DF
:106EB0000268444B9A4205460AD0434B434AD3F8F2
:106EC0008030434900209847002006B0BDE8F0819B
:106ED000404B721E06F1EB084FF0FF3E12F8010F17
:106EE00008248EEA000E4EF3000C0CEA030C013C61
:106EF0008CEA5E0EF7D19045F0D1D6F8EC306FEA0F
:106F00000E0E73450CD119B1334B0A689A420FD05B
:106F10002D4B324AD3F88030314900209847D3E7CF
:106F2000294B304AD3F88030294920469847CBE78F
:106F300043F21C030493A868ADF81440012301F147
:106F40000408032204A9FEF7F9FDBDF8143003F488
:106F50000063002B14BF012300232B730FD0A868FC
:106F60002B69AC1D0435CDE9007332460C9B0394AC
:106F700041460295FFF7A6FE06B0BDE8F08143F258
:106F8000310304A90493A868ADF814400123032237
:106F9000FEF7D4FD2B7BBDF81410002BDFD14AF691
:106FA000C0429142A8682B69DBD0AC1D0435CDE905
:106FB000007332460C9B039441460295FFF7F4FDA3
:106FC00083E700BF0EB03713880000201474010857
:106FD0002C7401082083B8ED0FB03713DC7301085F
:106FE000F4730108747F0108002870B446DB00299F
:106FF000034639DB88420A464BDA0025012429463C
:107000001B04B3FBF2F343F6284293425AD946F2EB
:10701000D632934263D948F67202934261D94AF656
:10702000494293425FD94DF2A30293425DD94FF298
:107030004B72934298BF052045D94FF24C7648F2E7
:1070400033224CF2A3409B1B02FB03F300EB1340E3
:1070500014B1C0F5C9301F3015B1C0F549303F300B
:10706000C1B1404270BC7047494209B2884217DA48
:10707000002501240A4603462146C1E7404202B2E8
:107080000029104614DB91420B4605DDA9BB1E48C2
:1070900000E060BB70BC7047002401252146AFE7CB
:1070A0000028DED000250B4602462C460121A7E72A
:1070B000494209B28A424FF00105DADB0B4600244F
:1070C00029469DE70020114A02EBC00602EB800230
:1070D000D6F8FC0AD2F8302BD6F8F86AB3E70120CC
:1070E000F1E70220EFE70320EDE70420EBE70025BE
:1070F0000B4602462C46294682E701251A462C46B5
:10710000034600217CE700BF209201000034010803
:107110002DE9F04FBFB00DF138090D4690460193AF
:1071200000F1020B3EAFCA46002440F6B73631E00C
:1071300025B335F8141001F01F0E4FEA912C0EF113
:10714000300E00FB0EF0C1F34411ACF1200C02FB39
:107150000CFC002801F1300102FB01F1B8BF3F3007
:10716000BCF1000FB8BF0CF11F0C8011002900EB1F
:107170006C10B8BF3F3100B241F38F110134182CAD
:1071800008BF0024FFF730FF4AF8040BBA450BF1A3
:10719000040B0ED0BBF900203BF9020C02FB02FCF1
:1071A00000FB00CCB4451146C2DC00203FB0BDE876
:1071B000F08F0DAC0DF1060109F15C05224652F885
:1071C000043F002BB8BF0F3302311B1195420B80D7
:1071D000F5D1484605F076FB002254F8043F216EB5
:1071E000A542A3EB01031A44F7D1124B83FB021310
:1071F000D217C2EBA31404F5994330334CF6621254
:107200009342D2D802AE35460FCD4D4508F1100855
:1072100006F1100648F8100C48F80C1C48F8082C29
:1072200048F8043CEFD1019B01201C803FB0BDE831
:10723000F08F00BFABAAAA2A2DE9F0470646804688
:1072400002EB42008CB0154606EB80000022894616
:107250000DF10C0A014617464FEA870E54469FED82
:10726000767AB31A75B103EB020CF444DCED007AC4
:107270009C46DCED006A0C3367EEA67A8B4237EE53
:10728000277AF0D10EF1040EBEF10C0FA4EC017AB6
:10729000E5D10137032F0AF1100AA2F1040201F12E
:1072A0000401D9D19DED045ADDED055ADDED086AE2
:1072B0006A4606F10C01DFED607A43463DB11C469B
:1072C00094ED007A0C33834277EE877AF7D108F198
:1072D00004088845E2EC017A00F10400EBD19DED51
:1072E000037AF0EEC77AF4EE677AF1EE10FA12D66E
:1072F0009FED526AF4EE467AF1EE10FA0BDC9FED48
:10730000506AF4EEC67AF1EE10FA04DAB5EE407A7D
:10731000F1EE10FA7DD0F7EE007A87EE872A9DED28
:10732000073A9DED0B7A65EE023A25EE824A65EE4C
:10733000237A65EEA34A33EE673A25EE846AF0EECF
:10734000C32A65EE047AF4EE622AF1EE10FA76EEC4
:10735000E44A76EEE77A37EE466A06D69FED377A4C
:10736000F4EE472AF1EE10FA47DDB7EE007AC7EEE9
:10737000032ADDED006A9DED017A9DED023A63EE90
:10738000A63A67EEA27A37EE637A64EEA73A67EE22
:10739000877A36EE636A24EE264AF0EEC63A73EE3A
:1073A000677AF4EE633AF1EE10FA77EEC47A06D615
:1073B0009FED224AF4EE443AF1EE10FA2FDD87EE0B
:1073C000864A0120002364EE844A65EE845A77EEF3
:1073D000647A89ED024A67EEA27A25EE275AC9ED52
:1073E000017A76EEC57A77EEE57A67EE827AC9EDB4
:1073F000007A33600CB0BDE8F0879FED117AF4EEAF
:10740000C72AF1EE10FAB0DAB5EE403AF1EE10FA12
:10741000ABD10020002333600CB0BDE8F0879FEDB6
:10742000084AF4EEC43AF1EE10FAC8DAB5EE406A52
:10743000F1EE10FAEDD0C2E700000000FFFF7F7F01
:1074400000008000704700BF10B5044603F024FC24
:1074500000B910BD002323602046BDE81040FEF7B0
:10746000D9BA00BF2DE9F0410F46DDF81880064675
:1074700015461C4605F006FD17B13846FFF7E4FF38
:1074800016B1304603F0AAFF15B12846FEF746FBB9
:1074900014B120460AF0D2FEB8F1000F04D04046E5
:1074A000BDE8F0410AF0CABEBDE8F0812DE9F04F19
:1074B0002DED048BC9B0019003F0EEFB90B9DFF81D
:1074C000D8910024D9F88030704A7149002098473B
:1074D000204603F083FF0024204649B0BDEC048B16
:1074E000BDE8F08F6A494FF4BF724FF4867005F023
:1074F000DDF904460028E2D0664B0360002180F8E5
:107500000411A0F806118C2225A80AF03BFA019B71
:1075100003F10408404605F051F8002800F09A8075
:10752000404604F06BFF00F0010310F00E0F0393D0
:1075300012D01A1D10F0060F00F0568781074CBFBD
:1075400000F0FD0000F0FB00013310F00E0F9BB2C5
:1075500001D09342EED10393404605F02FF88146C7
:10756000002874D0404604F049FF10F0010373D1A5
:107570001E4610F00E0F3DD0DDF80CE0019F0025F7
:107580000121B64500F0060240F2DE831C2303FB16
:1075900006FA0DF1940C25AB534497F814B00CF88F
:1075A0000AB0D7ED096A97F816A097ED077AD7EDDC
:1075B000087A83F802A0B7F818A0C3ED016A83ED3A
:1075C000027AC3ED037A5970A3F810A0002A00F0E4
:1075D000FF8719761D7582074CBF00F0FD0000F093
:1075E000FB000135013610F00E0FEDB2B6B201D03E
:1075F000042DC6D1039B002B00F06982039A25ABB2
:107600001C21002501FB02312E4605E01C33012A16
:1076100008BF4D46994206D05A78002AF6D11C334D
:1076200099424E46F8D1002D6AD04FF0010A84F8F5
:1076300040A0FEF78FF9054648B1404604F0BEFF72
:107640000590002840F095832846FEF7EBF9DFF817
:10765000489037E703907FE7039BA3B1019A536AF1
:107660002693D3692793136A289302238DF89430C5
:107670008DF8AC30937D8DF89630138BADF8A43037
:1076800001238DF8A930012673E700BF948101081A
:10769000887F010830D1C0AC88000020029BDDE962
:1076A0000B8A013B5AFA83F3DDE90D64DBB20293E6
:1076B000029B002BC8D002992846FEF797F928466E
:1076C0000121FEF79DF9019B284693F82990FEF7CA
:1076D00073F908B185F86A9004F1DC012846FEF7D9
:1076E00085FD0028B0D0A0666565284604F1A40396
:1076F00004F1600204F14C0103F0E6FA0028A6D080
:10770000002E40F0F081019BAD495F7D236D0C930D
:107710008222636D0D934FF4357005F0C7F805466E
:10772000002801F07F80039BA0F84430A54B036044
:107730000346002203F8047FCDE90522DFF894B266
:10774000049209930DF1A80A07900F960894BDF8CA
:107750001030039A934280F0A5841AF8141C0A9101
:10776000DDE90C151AF8132C9AF804300293AAF1EB
:107770001407002A08BF0D460B920FCF16AE3446F1
:107780000FC43B682360029B042B00F200818E49EA
:1077900040F2D312DC20FEF713FD0446002800F06F
:1077A0007284C4220021274618300AF0EBF8874A79
:1077B00047F8042B0FCE0FC733683B60029B6377FB
:1077C0002BB1029A514604F119000AF009FD6379C0
:1077D000002B40F021810123A27E029304F11A06BE
:1077E000002D00F005812B6879498B4200F025813E
:1077F000784B794AD3F880307849002098470023A5
:10780000E36232782B6872498B4200F00981714B38
:10781000714AD3F8803071490020984700232385AE
:1078200032782B686A498B4200F0C180DBF88030E7
:10783000694A6A49002098470223A37700232386D8
:10784000029B002B30D0029B634FCDF838A0B1468D
:107850004B4404F11E06A0469A4619F8013B002D40
:1078600000F08D802A685A498A4263D0594C5A4A9E
:10787000D4F8803059490020984719F8013C2A680B
:1078800053498A426DD0D4F8803054493A4600209A
:107890009847002326F8023FD145B8F83030F383EB
:1078A000DBD1DDF838A044466379002B40F0DE8060
:1078B000A4F86030238E228E03EB83035B009BB21F
:1078C000218DA07FA4F86230002940F005820123B9
:1078D000B2EB430F63874FEA430540F2BB80029E41
:1078E000A38704EB4607BE8F9E4280F0BD84DFF87D
:1078F000E4903B4AD9F880303349079D0020A046E8
:10790000089C9847D9F88030364A2F490020002635
:107910009847D9F87830C8F8006040469847049BEB
:10792000023345F8236000262E60284603F038FD18
:10793000E663C7E5032B09D9DBF880302A4A2749DB
:10794000002098475C4619F8013C98E7142202FB96
:107950000353B8F830201B891344A8F8303019F8C5
:10796000013C032B06D9DBF880301F4A1B4900205D
:1079700098478EE7142202FB03539B898AE7DBF8C2
:10798000803016493A4628465C4698477BE7DFF840
:107990004490164AD9F880300B490020DDE907549D
:1079A0009847049B0233002245F82320BBE7032AB3
:1079B0002DD9DBF880300C4A0849002098473BE776
:1079C0000880010852D1C0AC48800108E1AFA10F86
:1079D0000FB0371388000020DC730108F47301082E
:1079E000C480010838810108FC730108A8760108E9
:1079F000DBF88030C64AC74928469847DBF8803014
:107A0000C34AC449E5622846984725850EE71423F2
:107A100003FB0252137D10E7627E04F11906DFE6D4
:107A2000032A56D9DBF88030BB4ABA490020984770
:107A30002B68002222853278F4E6032A4ED9DBF83F
:107A40008030B54AB349002098472B680022E26293
:107A50003278D8E6DFF8D892B04AD9F88030B04909
:107A6000079D0020A046089C98474BE794F8199082
:107A70000026A4F86060B9F1000F25D0A44FA846F5
:107A80000FE0DBF88030A349002098470023B4F8CA
:107A90006020013613444E4508F11408A4F8603004
:107AA00012D03A46002DECD02B689E498B42E8D18B
:107AB000032E06D9DBF88030974A96490020984774
:107AC000E4E7B8F80830E2E7228E1346F8E61E46EF
:107AD00019E6142101FB02525289ABE7142101FB84
:107AE00002525268B3E7002384F84030FDF732FFBA
:107AF000054600283FF4ABAD404604F05FFD00288A
:107B00003FF4A2AD404604F079FC10F0010F80462E
:107B10003FF49AAD019BB3F80C901A7D93ED018A66
:107B2000D3ED028A4946012004F09EFBF0EE400AA4
:107B3000B0EE680A08F08EFB49460120F0EE408A5C
:107B400004F050FB81460146012003F097FC19FB2D
:107B500000F318F0060F9FB218BF4FEA4708F0EE87
:107B6000480AB0EE480A48460CBFB8461FFA88F8E3
:107B700004F0FCFCF0EE680AB0EE480A8246484683
:107B800004F0F4FC07EE900A019BB8EEE78ADFED03
:107B90006D7AD3ED048A8044987D28EE278A03F01D
:107BA0005FF8F0EE680AB0EE401A4946B0EE480AB7
:107BB000012004F097FB00221146AAEB070A0746B2
:107BC0002846F9F77DFC002201212846F9F79EFCA2
:107BD000002201212846F9F7BFFC00220421284693
:107BE000F9F7E0FC002239462846F9F701FD0022AA
:107BF0000F212846F9F722FD002201212846F9F736
:107C000043FD284600220121F9F764FDA8EB0A088C
:107C100028461FFA88F8B8FBF9F8FDF7CDFE08B141
:107C20000123AB74002201212846F9F779FD514662
:107C300001222846F9F744FC414601222846F9F77B
:107C400065FC494601222846F9F786FC01221146C7
:107C50002846F9F7A7FC394601222846F9F7C8FC5F
:107C6000012205212846F9F7E9FC012211462846A0
:107C7000F9F70AFD012211462846F9F72BFD0122EA
:107C800011462846F9F74CFD02212846FDF7AEFEC5
:107C900028460A21FDF7B4FE019B284693F8298067
:107CA000FDF78AFE08B185F86A8004F1C001284614
:107CB000FEF79CFA00283FF4C7AC606625652846AD
:107CC00004F1880304F15C0204F1480102F0FCFFB6
:107CD00000283FF4BCAC16E5431EDBB2042B07EED4
:107CE000901A94BF104DDFED116AB8EE677ADFEDA0
:107CF000157A9CBF05EB8303D3ED006A27EE277A44
:107D0000C6EE877AFCEEE77A17EE903A9BB2DFE593
:107D1000DC730108F4730108FC7301088C8001080E
:107D2000488001080FB037134C3F010800000000E5
:107D300088000020666646403333A34033334B410E
:107D4000000094410AD7233B002A7FF444AC1C2254
:107D500025AB039802FB0632B04205F1010104D9BC
:107D6000137ED71801333D751376CDB2042DF3D1B0
:107D700040E4404604F042FB0490404604F03EFBE1
:107D8000030700F10584470700F12D85810740F1C5
:107D90003083019F5046B98904F024FA8146014698
:107DA000504603F06BFB19FB00F39BB207EE903AD1
:107DB0003B7D032BB8EE678A00F08585019B1FEDA4
:107DC0001F7AD3ED027A48EE077A4FF001091FEDD2
:107DD000277AF4EEC77AF1EE10FA00F117831FED5F
:107DE0002A7AF4EEC77AF1EE10FA00F14685B1EE88
:107DF0000C7AF4EEC77AF1EE10FA00F12C851FED43
:107E0000317AF4EEC77AF1EE10FA00F13A851FEDFF
:107E1000347AF4EEC77AF1EE10FA4CBF042305234E
:107E20000693049B13F00202029200F09680019BDD
:107E30009F8993ED018A3946012004F0D3F9014668
:107E40008246012003F01AFB019B10FB0AF9987B84
:107E500093F814B0032828BF03205A46394604F08B
:107E600003FA019BD3ED020A08F0F4F9049BDA0748
:107E70001FFA89F9F0EE408A00F1A3844F46BBF166
:107E8000030F00F0EC840022F0EE480AB0EE480A3E
:107E90005046079204F06AFBF0EE680AB0EE480A1A
:107EA0000290504604F062FB029B079A834208BF8F
:107EB00003EB0A0007EE900ADB1BA3EB020B019B0E
:107EC000B8EEE78A5FED617AD3ED048A8144987D4C
:107ED00028EE278A914402F0C3FEF0EE680AB0EE65
:107EE000401A5146B0EE480A012004F0FBF9A9EB14
:107EF0000B090746594600222846F9F7E1FA1FFA0E
:107F000089F900222846B9FBFAF94946F9F7FEFA41
:107F1000514600222846F9F71FFB0022012128467E
:107F2000F9F740FB394600222846F9F761FB0022A9
:107F30000A212846F9F782FB002201212846F9F799
:107F4000A3FB002201212846F9F7C4FB0699002271
:107F50002846F9F7E5FB01230293049B03F0080B85
:107F60005B0700F16582BBF1000F3FF4A1AB019B01
:107F700093ED018A93F80E909F8993F814A0049BC7
:107F8000580740F05984019B39464846D3ED028A90
:107F900004F028F983460146484603F06FFA049A34
:107FA0001BFB00F39BB232F00802099316BF5B0083
:107FB000099B9BB2BAF1030F0A9300F05784002388
:107FC0000893029BF4EEC88AC3F1050AF1EE10FA99
:107FD0005FFA8AFA00F1208207EE90AAF8EE677A3B
:107FE000F7EE006A38EEC87A77EEE67A11ABC7EEA4
:107FF000276A0AF1FF301946002297B201329042F7
:1080000007EE907AF8EE677AB0EE487A07EEA67A35
:10801000A1EC017AF1D848AA02EB8A0242ED388A33
:108020001FEDB88A049400270DF158091C46B4ECE2
:10803000010A80EE080A07F05FFDFDEEC07A17EE38
:10804000902A92FBFBF20BFB02F249F82720013742
:10805000FAB29245EBD80223049C9C4648AA02EB54
:108060008C0259F82C0052F8CC7CB842194609EB26
:108070008C0200F018810133DBB2534580F024817B
:108080000FFA83FCEAE7DFF88C929B4AD9F880303C
:108090009A49079D089C80469847049B023345F8FF
:1080A000238040E4079D059B089CC5F8CC32069BC5
:1080B000C5F8D0320023E56363601D46636C1593F9
:1080C000A36C1293E36C1493636D13930F9E236D53
:1080D00011930DF1440AA8465AF8047B3846A7B11B
:1080E000FDF76AFC20B116A9381DFBF79FFF38B9D0
:1080F000EB1C23F00303DFF81C92A360FFF7E2B947
:10810000BDF858309D4238BF1D4608F101081FFADE
:1081100088F8B8F1050FDFD1EB1CE26B23F0030305
:10812000C4E902331AB1764B1168994209D0DFF8DD
:10813000E491744AD9F88030734900209847FFF7DA
:10814000C1B9D2E9B335B3F5E86F38BF4FF4E8638E
:10815000236100232375204602F066FD80462046F9
:1081600002F046FD20B1019B1B7D023B5842584165
:1081700080F0010088F0010884F8420084F8418012
:10818000204602F035FD002868D156B101220023B7
:10819000A283A361042620B104222662A08412FBDC
:1081A0000066321D1544291D4FF48033C4E90C517B
:1081B000C4E90A62A363FDF7CDFB054600283FF43E
:1081C00046AA00226FF01D01F9F77AF90022322148
:1081D0002846F9F79BF9002201212846F9F7BCF956
:1081E000002240212846F9F703FA284600221021F0
:1081F000F9F724FA2846FDF7DFFB08B10123EB73FA
:10820000002201212846F9F73FFA284600220121E1
:10821000F9F760FA2846FDF7CFFB08B10123AB74EC
:10822000002201212846F9F7BDF900220221284643
:10823000F9F776FA01212846FDF7E2FB01212846ED
:10824000FDF7D4FB04F16C012846FDF7CFFF0028B1
:108250003FF4FAA96564A065FFF73EB9606DFDF7CC
:1082600091FB002E97D091E7F61ABE87551BE26A64
:10827000258701FB0323272A6363CCBF0022012249
:1082800004F1480303F026F9002840F0A481DFF848
:1082900084901E4AD9F880301849079DA046089C52
:1082A0009847FFF72FBB0AF1FF3A03E0506842F806
:1082B000040B01315145F9D35FFA8AFA534503D2D1
:1082C000BAF1020F7FF4CAAE059B002B3FF4BCA9A4
:1082D0000AF1FF31C9B200234A1ECDF82C80CDF837
:1082E00030A0CDE90D649FED0A9ADDF80480059277
:1082F0001F460791CA4663E0648001084880010870
:1083000052D1C0AC788101080880010810810108B1
:108310000AD7233B88000020164607EE902A98F8DB
:10832000160098F80E900493B8EEE78AF61AD8ED86
:10833000048A02F095FC28EE098AB0EE401AF0EEAD
:10834000680AB0EE480A5946484603F0CBFF049B42
:108350008146194622462846F9F7B2F8B6B22246B7
:108360002846B6FBFBF63146F9F7D0F822465946C7
:108370002846F9F7F1F898F80E1022462846F9F742
:1083800011F9224649462846F9F732F922460A21D0
:108390002846F9F753F9224601212846F9F774F9DE
:1083A000224601212846F9F795F9224606992846E2
:1083B000F9F7B6F90137079AFBB29A427FF66EA930
:1083C000029BDC19E4B2DAF800305AF8042F1FB926
:1083D0000A995B1A08995B1A05998F429CD10999F1
:1083E0008E1808990E4498E701339BB20393FFF768
:1083F000B3B8DFF8C49299F888302BB1D9F880303F
:10840000A74AA849504698474FF00309B9F101031C
:1084100018BF0123069304E5DFF89C92A24AD9F81D
:108420008030A049002098470023059311ABF7E561
:10843000019F3B7DB7F80C9007931A4649460320ED
:108440009A4603F011FF97ED018AF0EE400AB0EE74
:10845000480A07F0E1FE5246B87BD7ED028A49464A
:10846000B0EE408A03F000FFF0EE400AB0EE680A7A
:1084700007F0F0FE49460320F0EE408A03F0B2FE1A
:1084800082460146032002F0F9FF1AFB00F31FFAAF
:1084900083F9049B9F07079B1ABF4FEA490297B2D3
:1084A0004F46032B00F009820021F0EE480AB0EE9F
:1084B000480A5046089104F059F8F0EE680AB0EE08
:1084C000480A0790504604F051F8079A08998242EA
:1084D00008BF02EB0A0007EE900AD21B09EB00036B
:1084E000A2EB0109019A0B44B8EEE78ADFED6F7A3F
:1084F000907DD2ED048AA3EB090328EE278A9BB274
:10850000B3FBFAF3079302F0ABFBF0EE680AB0EEB0
:10851000401A5146B0EE480A032003F0E3FE4946F4
:10852000DDF8089007464A462846F8F7C9FF07993C
:108530004A462846F8F7EAFF4A4651462846F9F7E0
:108540000BF84A4603212846F9F72CF84A463946E3
:108550002846F9F74DF84A460A212846F9F76EF8F9
:108560004A4601212846F9F78FF84A460121284654
:10857000F9F7B0F806994A462846F9F7D1F84B467C
:108580000133DBB20293BBF1000F3FF494A8EEE499
:10859000019F97F80E90B989484603F023FE824662
:1085A0000146484602F06AFF1AFB00F39BB207EE51
:1085B000903A3B7D032BB8EE678A00F07381019BF4
:1085C0009FED3A7AD3ED027A48EE077AFFF7FFBBC8
:1085D0001A76FFF7BCBBD4ED026A2379B1EE0C7AB0
:1085E000F2EE007A46EEC77A022BC4ED157A68D90E
:1085F000032B40F04A81228DA37FDFED2C6ADFED53
:108600002C7A07EE102AB8EE477A013B27EE267A3D
:10861000DBB2042BB4EEE77A00F26B81F1EE10FAD4
:1086200040F36A81234901EB8303D3ED006AB5EE81
:10863000006A26EE866AF7EE005AC6EE077AF4EE76
:10864000E57AF1EE10FA40F36581FCEEE77A17EE79
:10865000903A9BB2F1EE007A66EEA77AF6EE006AE7
:1086600067EEA67AC7EE876AA4F85830FCEEE66A91
:1086700016EE901A89B20B449BB2A4F85A10A4F8D3
:108680005C30E16A30339BB28B4217DB002A40F04A
:108690003781A046079D089CDFF81C90FFF732B990
:1086A0009C7F0108C07F0108E47F01080AD7233BB3
:1086B000ACC527374C3F0108880000200023A4F8F0
:1086C0005E300A9B218F022B5FD000220B98238EF5
:1086D00078B903EB8300400080B2C4F8A820A4F866
:1086E000B00002EB80020A20C4F8B420A4F8BC0059
:1086F00028320C335B0001F11F009BB2A4F87030EC
:1087000040099B006367A4F87C0003EB8003002012
:10871000A066480889074FF0010148BF0130217663
:108720000999C4F8803003EB4003A4F88800C4F82A
:10873000D820C4F88C3041F8044F05984861069859
:10874000886209917448216881420BD0DFF8E89172
:10875000724AD9F8803072490020DDE90754984701
:10876000FFF7E1B80599033323F0030319440332FB
:10877000069B059122F0030213440693049B0133E8
:1087800004930AF11C0AFEF7E2BF00226379C4F8E1
:1087900090208A00A4F89810C4F89C207BB1637FD5
:1087A000A4F8A43002EB8303C4F8C0301344A4F847
:1087B000C810C4F8CC301A44A4F8D41086E70123BA
:1087C000EEE739465A46012003F04EFDF0EE400A2E
:1087D000B0EE480A07F020FD4FEA4903B0EE408AA8
:1087E0009FB2FFF74CBB019F0320B98903F0FAFC4D
:1087F00081460146032002F041FE19FB00F39BB2C3
:10880000387D07EE903A0328B8EE678A67D0019B5F
:108810009FED447AD3ED027A4FF0030948EE077AD0
:10882000FFF7D5BADFF810913F4AD9F880303F49B9
:108830009847E563FEF746BE52463946484603F080
:1088400013FDF0EE400AB0EE480A07F0E5FCB0EE8A
:10885000408AFFF798BB02230693FFF7E2BA51461E
:10886000012003F06BFE0246FFF70EBB4846594657
:1088700003F064FE0890FFF7A4BB01230693FFF703
:10888000D0BA03230693FFF7CCBADFF8AC90284A9E
:10889000D9F880302249079D0020A046089C9847BF
:1088A000FFF730B85146484603F048FE07EE900AFD
:1088B000F8EE677A38EE278A81E65146184603F0CB
:1088C0003DFE0146F1E54946504603F037FE07EE0E
:1088D000900AF8EE677A38EE278AFFF76FBA4946B2
:1088E00003F02CFE07EE900AF8EE677A38EE278A3E
:1088F0008DE7F1EE10FA0BDCF7EE006A0123B3E628
:108900005B1A9BB2B3FBF2F30133A4F85E30D8E6F6
:10891000DFED086A01239DE6E1AFA10F5C8101084C
:10892000488001080AD7233B2880010808800108F5
:10893000F4800108000000008800002008B518B18C
:10894000064B02689A4207D0054B064A1B69064946
:1089500000209847002008BD012008BD30D1C0ACE0
:10896000F80000206C820108887F010810B590F89B
:1089700040400368114A7CB9934207D0104B114A1A
:108980001B69114920469847204610BD446D003CA4
:1089900018BF0124204610BD934208D0084B094A55
:1089A0001B690949002001249847204610BD046D29
:1089B000B4FA84F46409204610BD00BF30D1C0ACC5
:1089C000F80000206C820108887F01082DE9F0473B
:1089D00020B11A4B02689A42064608D0184B194A31
:1089E0001B691949002098470020BDE8F087B0F8BE
:1089F00044C0BCF1000FF7D0DFF84490DFF850A07E
:108A0000DFF85080051D002408E0D9F810309847A1
:108A1000B6F844C00134A3B29C45E5D955F8043FEB
:108A20000A4952460020002BEFD01F684745ECD181
:108A30001B79022BEED10120BDE8F08752D1C0ACEA
:108A4000F8000020788101080880010848800108AA
:108A50005C810108E1AFA10F07EE900A9FED1B7A40
:108A6000F8EE677A67EE877A9FED197AF4EEC77AA7
:108A7000F1EE10FA25DDF5EE006A60EE266AB1EE41
:108A8000006A86EEA77AF7EE006AB4EEE67A20EE88
:108A9000060AF1EE10FAB6EE006AC8BFBCEEC77A5D
:108AA00020EE060AC8BF17EE103A80EE277ACCBF38
:108AB00098B20120BCEEC77A17EE103A184480B283
:108AC00070470120B7EE007AF4E700BF0AD7233BD6
:108AD000ACC5273770B5BDF91040BDF8185005EE8C
:108AE000104ABDF81440002B00F08280002D7FD08A
:108AF000DDF81CC0DDF820E004EE104A4E1E02EB4B
:108B00004304F7EE004AFEEE003A0CEB85055CE00C
:108B1000591CB34200EB81014FD207EE903A11EDA0
:108B2000026AD1ED005A51ED016AF8EE677A35EE2E
:108B3000E67A37EEE43A76EE655A76EEC66A65EE88
:108B4000A75A77EEA42A27EE037A77EEA77A37EEB4
:108B5000257A62EEA65A77EEE47A37EE257AF8EEB9
:108B6000445A27EE237A67EE877A37EE072A76EEA5
:108B7000E77A63EE076AF1EE671AC1EE822A66EEC3
:108B8000836A27EE227A36EE666A23EE273AB8EE3B
:108B9000C52A67EEA27A65EEA26A27EE227A36EE41
:108BA000436A37EE277A76EE826A36EE076A66EE19
:108BB000807ACCED007A8EED006AA2420CF1040CB2
:108BC0000EF1040E14D0AC4512D032F8023B002B4B
:108BD0009ED1F8EEC57AA24267EE807A0CF1040CC1
:108BE0004CED017A0368CEF800300EF1040EEAD1A4
:108BF00070BD00BF10B54C081FD001398BB20246C2
:108C000000F1040C00EBC40400EBC301D2F804E053
:108C10005CED017AD1ED006A91ED017A4CED016ACB
:108C20000832013BA24202ED017A9BB2C1ED007A0B
:108C3000C1F804E00CF1080CE6D110BD012952D0B6
:108C40002DE9F04F4FF0000885B0894605461746DC
:108C500001F1FF3A43466C46A9EB0303012B03F1F4
:108C6000FF3636D04FF0000EF44617E0B4EEE66A59
:108C7000F1EE10FA0BD59CE80F0084E80F009BE89A
:108C80000F008CE80F0094E80F008BE80F000EF146
:108C9000010E1FFA8EFEB645F4461AD205EB0C1BE8
:108CA000DC469CED007A9CED026ADBED047ADBED9C
:108CB000066A0BF1100B002FD8D1B4EEE77AF1EE73
:108CC00010FAD8DC0EF1010E1FFA8EFEB645F446FE
:108CD000E4D308F101081FFA88F8D0454346BBD316
:108CE00005B0BDE8F08F70472DE9F84F064618B182
:108CF000344B02689A4224D0334B344A1B693449BE
:108D0000002098474FF00108DFF8BC90DFF8BCB0B6
:108D1000DFF8BCA035460024CEB9D9F810305A4649
:108D2000514630469847D9F810305A4651460020EF
:108D300001349847A04505F11405EDD1DC20BDE8CC
:108D4000F88F90F86280B8F1000FDDD1F6E7336854
:108D50001C4FBB4212D0D9F810301D495A46002092
:108D600098473368BB42DED1E2B2032A12D80134FD
:108D7000444505F11405E1D0BB42ECD1E2B2032A2F
:108D800015D9D9F81030134A114900209847336893
:108D9000BB42C8D1D9F810300E4A0D490020013429
:108DA0009847444505F11405C8D03368D1E72A7DBA
:108DB0006989052ADBD10129D9D14FF4B070BDE80A
:108DC000F88F00BF0FB03713F8000020DC730108E4
:108DD000F4730108FC7301082DE9F04F87B04FF0E0
:108DE000000E164600EB41090290821ECDE90316E3
:108DF000A9F1120935464FF0010BF246F4467046D0
:108E0000CDF804E005931EE040F2EE218B4240DCF9
:108E1000634500DD9C464FF0000BBEF1000F0ABF1A
:108E20004FF0000B70460120CAF100084345019B3A
:108E3000B8BFA4EB060ABB4238BF3B46914501933D
:108E400005F102052BD0568A32F8024F331B03F589
:108E50000048B8F5803F2746D6D240F2EE218B423B
:108E60002B8007DD178868B9634515DD9C464FF0F8
:108E7000010ED9E7514917889C45B8BF9C468B42E3
:108E8000D2DACAE7634500DD9C4686464FF0000B08
:108E9000CAE74FF0000BE6E74FF0010EC4E71946B2
:108EA000DDE90346059BBBF1000F03D1002007B0AD
:108EB000BDE8F08FBEF1000FF8D00028F6D0CDE964
:108EC000031C0027A4F11C09B84606F112043D4614
:108ED0003E46BE46D34634F9021F019601EB810C93
:108EE00001EB4C010A22A246A4463CF9026D02FBAA
:108EF00006113AF9026F02FB0611013AF5D1019E03
:108F0000A942C4BFF0460D468E42C8BF77460EF157
:108F1000010EC8BF0E46F145DDD14CF25034A542DA
:108F2000DDE9031CDA46C1DD254CA642BEDABCF100
:108F3000000FBBD0BBF1000FB8D0029C119D24885C
:108F4000C900E4004DB18C4205D2ACEB0402013AF9
:108F50000A44B2FBFCF2119D2A60109A002AA6D0A6
:108F6000002BA4D0029A08F10E0532F81520B4EBBC
:108F7000C20F4FEAC20606D2ACEB0404013C3444F3
:108F8000B4FBFCF42D1B029A0E3732F81720B1EB1C
:108F9000C20F4FEAC20405D94A1E5244121BB2FB4B
:108FA000FAF2BF1A55EA070280D4BD423FF77EAFFE
:108FB000109A7F1B17601D6079E700BF12FDFFFF4D
:108FC000B03CFFFF094A0A4B12680A49D36008689F
:108FD00004E00B681B1AB3F57A7F04D8D3689B06AC
:108FE000F7D5002070470320704700BF180100200C
:108FF0005FFF0300F40000200F49104A086813695E
:109000001B0704D50D4B1869C0F3C00070470B68EF
:109010001B1AB3F57A7FF5D272B613691B0700D419
:1090200030BF62B6BFF36F8F13691B07EFD5034BD9
:109030001869C0F3C0007047F40000200004004825
:10904000D1ED005AD1ED017A60EE255A20EE270AC3
:109050004AB390ED004AD0ED014A90ED025A0B1D43
:1090600001EBC202D1ED017A13ED017A64EE276AB9
:1090700024EE076A76EE806A36EE256A083124EE21
:10908000877A66EE055A64EEA77A26EE850A914243
:1090900003ED016A77EE655A37EEC00A41ED016AC9
:1090A00003F10803DED1704730B583B00446069D56
:1090B0000095FDF7F7FE08B903B030BD204603B0B8
:1090C000BDE83040FDF720BC10B5029C28B18E46AB
:1090D000844611490068884207D0104B104A1B692A
:1090E000104900209847002010BD9CF8401059B14D
:1090F000012908BFDCF854100294704618BF002103
:10910000BDE81040FDF7CEBEDCF85010029470466A
:10911000BDE81040FDF7C6BE30D1C0ACF80000205D
:109120006C820108887F01084FF0000C92ED037AF1
:10913000DFED257AC3F800C0C3F804C0C3F808C047
:10914000C3F80CC0D9B302EB001C084402EB0012B8
:10915000F0EE676AB0EE676ADCED005A36EE256A1B
:109160000CF1100C83ED006A5CED035A76EEA56AF3
:10917000C3ED016A5CED025A77EEA57AC3ED027A7F
:109180005CED015AB4EE657AF1EE10FA48BFB0EE2C
:10919000657A6245E0D105EE901AF8EE655A83EDE6
:1091A000037A86EE255A012086EEA56A87EEA57A17
:1091B00083ED005A83ED016A83ED027A7047F0EE89
:1091C000676AB0EE676AE6E7000000002DE9F0414B
:1091D00005462DED028B0E461F4682B91032012046
:1091E00035F81230089A07EE903ABDEC028BF8EE93
:1091F000677AC7ED007A33681360BDE8F081294BC8
:1092000090F81D80D3ED008AB0EE408AF8EE688AAF
:109210009FED250A80EE280A06F06EFC0024B5F8C2
:1092200028C0E86A68EE808AB3EE087A68EE878A1A
:10923000F7EE007A87EEA87ADFED1C6A27EE267A31
:10924000F6EE007A27EE277A02E0CCB2A0451ED3D4
:1092500005EB4403611C9A8F12FB0CF210FA82F3A7
:1092600007EE903AF8EEE77A67EE877AB4EEE78A8F
:10927000F1EE10FAE9D554B1A04508D3621ED2B27E
:10928000032A04D8AB185B7E06EB8306A6E7084BDF
:10929000084A1B69084900209847BDEC028B002052
:1092A000BDE8F08114010020F902154FC2F38E4D84
:1092B000F8000020848201084880010810B5B4EE4F
:1092C000E00AF1EE10FA2DED068B0446F0EE409A1E
:1092D000B0EE609AB0EE418AF0EE618A03D5F0EE0E
:1092E000609AB0EE409AB4EEE88AF1EE10FA05D535
:1092F000F0EE487AB0EE688AF0EE678AF0EE490A3E
:10930000B0EE680A06F088FFF0EE400AB0EE480AB8
:1093100006F0A0FFF0EE680AB0EE40AAB0EE690ACF
:1093200006F07AFFF0EE400AB0EE480A06F092FF2F
:1093300030EE4A0AB4EEC98AB0EEC00AF1EE10FA75
:1093400084ED000A09DDF4EEE89AF1EE10FACCBFE4
:1093500001200020BDEC068B10BD0020FAE700BF05
:1093600008B507EE901A0138F8EE677A9FED307A6B
:10937000C0B204282DED028B67EE877A55D82D4BAD
:1093800003EB800393ED000A30EE000A80EE270A1B
:1093900006F068FBF0EE007A30EE278AB6EE000A9F
:1093A00028EE000A06F05EFBBCEEC07AFCEEC87A3E
:1093B00017EE103AB7EE006A70EE465A99B217EE01
:1093C000903AF0EE406A86EE257A9AB29FED1A0A3C
:1093D00071B1002398B207EE900AF8EE677A013374
:1093E00067EE877A994267EEA77A30EE270AF1D1C5
:1093F00038EE668AF7EE007A38EE678A521A002A4B
:1094000087EE887A0EDD002307EE903AF8EE677A51
:10941000013367EE877A9BB267EEA77A934230EE0C
:10942000270AF1DBBDEC028B08BD9FED030AADE717
:109430000AD7233B4C3F0108000000002DE9F04112
:10944000064614461D46B3B103F1FF3C1FFA8CFCDF
:109450004FF6FF770CF1060301EBCC029BB20CF147
:10946000FF3C04EBC3031FFA8CFC106852685A607F
:10947000BC451860EED1681D4FEA450C05F10C079C
:1094800080B21FFA8CFCAB1DBFB204EBC0000CF124
:109490000A0C9BB2A04604F1300E224694ED0D7AE0
:1094A000D4ED0C7A98ED0F6AD8ED0E6A37EE077A94
:1094B00077EEA77A37EE467A77EEE67A82ED0B7A88
:1094C000C2ED0A7AACEB0301D0ED017A90ED007A9F
:1094D00089B204EBC10191ED016AD1ED006A77EE2A
:1094E000A77A37EE077A77EEC67A37EE667A08F112
:1094F000080804EBC301F04503F1010381ED007A94
:10950000C1ED017AA2F108029BB2C7D1D6ED027A71
:10951000D6ED006A96ED017A67EEA66AB7EE006AAC
:1095200037EE667A77EE867A3A46C7EE273A2146D4
:109530003046B0EE630AFFF783FD39462046FFF759
:1095400059FBB0EE630A3A4621463046FFF778FDF4
:1095500039462046FFF74EFBEA004146BDE8F041A0
:1095600008F012BE2DE9F04F2DED0A8B95B0B0F842
:109570006070029343799DF8A0B0B0F83090064631
:1095800001EB8707002B50D0C56EB9F1000F40D01A
:109590009FEDCE6A2B4607EB8902B7F9021007EE62
:1095A000101A37F9041BB8EEC77A07EE901A67EE67
:1095B000066AF8EEE77A83ED017A77EEA67ABA4288
:1095C00003F1080343ED027AE7D1B9F1060F22D97E
:1095D0004B462A46294606F14800FFF72FFF338FF6
:1095E000F46E728F83B1254605EB830604EBC2044B
:1095F00094ED000AD4ED010A07F0B2FFA5EC010AD0
:10960000AE4204F10804F3D115B0BDEC0A8BBDE8FD
:10961000F08F4FF00009AE4AAE491469AE4A0723F5
:10962000009300204B46A047D9E709F10105944675
:10963000AC0001230AAA02EB83020133086842F856
:10964000040C0B2B2144F5D10595CDE903769FED54
:10965000A39ADFEDA38A9FED9D8A0AAC0DF1500A13
:10966000E046654609E0002E40F0D58085ED008A91
:109670000434A24505F104051BD0B4F90070B4F917
:109680000260002FEFD007EE907AB8EEE70A07EEFF
:10969000906AF8EEE77A87EE800A08F073F8002FF8
:1096A000C0F2BF800434A24505F1040505ED010AAE
:1096B000E3D1DDE90376059DC446BBF1000F10D070
:1096C00096ED157ADFED877A27EE277A08F12802E2
:1096D0004346D3ED007A77EE277AE3EC017A9A429B
:1096E000F7D1029B002B40F0C580F56ED6F8B8206C
:1096F000D6F8AC30B9F1000F8BD0CDE9085602F1A5
:10970000280A09F1010B9FED719A0692B2EE04AAA4
:1097100052461FFA8BFB28460021CDF81CC09A4602
:109720004C1C9FED6ABA0D46A1B2DDE90668CDE991
:109730000410F0EE4BBA0C4657E0D8ED007A96EDE7
:10974000000A30EE670A60EE097A79EE400A77EE99
:10975000897AF4EE607AF1EE10FA80F1C980B0EE09
:10976000490A039207F044FF0AEB850CF0EE409A99
:10977000BCF90230039A00EE103AB8EEC00A3AF98A
:10978000253020EE091A70EE091A0CEE103AB4EEEC
:10979000611AF1EE10FAB8EECCCAF0EE60AA80F1D0
:1097A000B28031EE0C1A2AEEA16A29EE817A6AEEB5
:1097B000817A69EEA16A37EE467A77EEA67AF4EE00
:1097C000477AF1EE10FA73D638EEC77A78EE677AF8
:1097D0007BEE87BA3BEE27BA04365C444D44B24276
:1097E000A4B2ADB208F1040822D007EB840CBCF996
:1097F000023008EE103A37F9243008EE903A029B16
:10980000B8EEC88AF8EEE88A002B96D07BEEA8BAAC
:109810003BEE08BAE0E7D6BF334BC5ED008A2B60BC
:1098200026E7002E21DB30EE090A85ED000A1FE74E
:109830008BEE0A0ADDE904108BEE8A8A20EE097AA3
:1098400070EE097AB4EE677AF1EE10FA69D638EE66
:10985000078A8945C0ED017A80ED008A00F1080091
:109860007FF45EAFDDE90856AFE6DFED1C7A30EE3F
:10987000670A17E700244A46E046294601E0328E8F
:10988000511C11FB04F189B2081BD6F8AC30013130
:1098900080B289B2920007EB810103EB80000134B2
:1098A00008F09EFC0A2CEAD1B6F83090C4461CE7BA
:1098B000F0EE6A0AB0EE690A039209F0AFFA039A71
:1098C000B0EE407AF0EE607A7EE700BF0000000064
:1098D000F8000020DC820108A8820108DB0F494063
:1098E000DB0FC93FCDCC4C3DDB0FC9BF00000000F2
:1098F0001FED021A0392FFEE001AF0EE410A09F082
:109900008DFA039A2DE71FED071AF7EE001AF0EE15
:10991000410A09F083FA039A70EE891AB0EE401AF0
:109920003FE71FED0E1A0391F7EE001AF0EE410A21
:10993000CDE9040209F072FADDE9040270EE897AD9
:109940000399B0EE407A82E72DE9F04F2DED0E8BB2
:10995000ADF2844D1E46DDF8E074DDF8E4540B9161
:10996000002309923B7020B1B34B02689A4204462F
:109970000CD0B24BB24A1B69B24900209847002074
:109980000DF2844DBDEC0E8BBDE8F08F09990029D6
:1099900000F01C81026B8B58B2B101F1FF3CAA4868
:1099A0000CEB020E4FF0FF321CF8011F4FF00808BD
:1099B0004A4042F300010140B8F1010881EA520235
:1099C000F7D1E645F0D1D243934240F0FF80B4F89E
:1099D0003AC04FEA8C03BCF1000F13D09A4803EB56
:1099E0000608B6464FF0FF321EF8013B08215A40E8
:1099F00042F300030340013983EA5202F8D1F045F3
:109A0000F2D1D34356F82C209A4240F0E68020460B
:109A1000FEF7ACFF94F840800C90B8F1000F40F0D6
:109A20002B810C9BB3F1010918BF4FF0010957AB13
:109A300087F800904146C4F8F880C4F8FC80C4F868
:109A40000081A42218460D9307F09CFF606E04F17C
:109A5000F8070B993A46FBF7F1FFAF6594F840E041
:109A6000D4F80831BEF1000F40F0D880226D2A668C
:109A700004F1C001E9651BB13846984794F840E00D
:109A800094F8FA30B4F9FC200F92002B40F00F81CB
:109A900094F80431002B00F05782012384F804313C
:109AA000E3681293E36BD4F800B10793BEF1000FA3
:109AB00040F00181A269238F099906EB830393ED9E
:109AC00000BAA36ACB5E1093E36A1393BBF1000F55
:109AD00000F09D80079BB3F84430002B00F0898094
:109AE000099BDFF858A1CDF85CB013440E93079B97
:109AF000CDF8509004330693002301269846CDF804
:109B000028E01594CDF8E45412E0DAF810304F4A0A
:109B10004F49002098470A9A0023934216D0079B8A
:109B200008F10108B3F844201FFA88F39A425BD980
:109B3000069B53F8044F0693002CE6D02368454A51
:109B40009342E2D163790A9A9342E8D100255022E8
:109B500029462FA880AFCDF87A50CDF87E50CDF8A9
:109B60008250CDF88650CDF88A50CDF88E50ADF8A1
:109B7000925007F007FF5022294643A807F002FF42
:109B800050222946384607F0FDFE43AB069A219342
:109B90002FAB1F931423ADF8783023975369926A43
:109BA00024B121682B48814200F08780DAF8103018
:109BB0002749264A002098470026B8F1000FAED169
:109BC000079A9DF8923082F8CA32A8E71B4B224AC6
:109BD0001B691C4900209847D1E6184B1F4A1B6996
:109BE000184900209847CAE6DDE91494DDF8E454EA
:109BF0006EB1B9F1000F40F094820C9B84F84030B4
:109C000001200DF2844DBDEC0E8BBDE8F08F0B4BA7
:109C1000134A1B690B4900209847B0E6BEF1010FBB
:109C200040F01782626D2A6604F1DC01E965002BC1
:109C30007FF422AF24E700BF30D1C0ACF800002091
:109C40006C820108887F01082083B8ED5C810108DF
:109C500048800108E1AFA10FF48201081C830108CC
:109C6000A4830108583934BB8E407C3FF902154F5C
:109C7000C2F38E4D000000004FF0000A57AB4FF0CA
:109C8000010987F80090A422C4F8F8A0C4F8FCA049
:109C9000C4F800A1514618460D9307F073FEC8455D
:109CA00004F1F80740F0D381A06EC146D1E60F9BC6
:109CB000A4F80631F1E6226AFDE612990B440B99ED
:109CC0000B4413990A4409990A44A16E1944E166A8
:109CD000616F1944A167D4F880100B44C4F8843034
:109CE0002379022B13D1D4F890301344C4F8943064
:109CF000D4F89C301344C4F8A030D4F8C0301344D6
:109D0000C4F8C430D4F8CC301344C4F8D0306379EC
:109D1000002B00F0A58128220021002625A807F0AD
:109D200031FE33461799009625AA2046FFF71AFC04
:109D3000238F1D46002B00F0578501225FED37AAC7
:109D40001FED37AA5FED358A5FED389A1FED389A1F
:109D50001897B3461692B146CDF844801F46237932
:109D60004FEA8B05032B00F20086DFE813F0E900D1
:109D700086002A0004006379002B00F0E980617FEF
:109D8000002900F0BA81013989B204F13E085FED83
:109D9000477A08EB410104F13C0304F1190233F85E
:109DA000020B484508D81888484505D910780E9EFA
:109DB00006EB8000D0ED007A994202F10102EED16B
:109DC000C9E0A37FDDE90F21013BDBB2042BA2EB4D
:109DD000010212B294BFCC49DFEDCC7A07EE102A13
:109DE0009CBF01EB8303D3ED057AB8EEC78AB0EED2
:109DF000000AC8EE270AF1EE600A05F071FDD4F8FA
:109E00009430628F617F2B4493ED007A637968EE22
:109E10002A7A4A4477EE8A7A60EE076A92B2002B79
:109E200000F0E080002900F06381013904F13C0377
:109E30001FFA81FE04F13E089FEDB57A089308EB06
:109E40004E0E184604F1190630F802CB62450AD3CB
:109E5000B0F800C0944506D996F800C00E9B03EBFD
:109E60008C0C9CED007A864506F10106ECD1089B2E
:109E7000D4F8A00027EE077AC3E0A64B1B6808932E
:109E800007EE903AB8EE678A1DAE89EE880A05F0B3
:109E900033FE238D626B0E9913FB09F312FA83F3E1
:109EA0001CAF6279204668EE007AB3EE087A67EE5E
:109EB000877AB7EE006A86EE277A08EE103A67EEE8
:109EC000097AF6EE006A67EEA67AB8EEC88AD4ED93
:109ED00004BA009728EE278A3346B0EE480AFFF707
:109EE00075F91690002840F0D581F0EE687AE66E9C
:109EF000278FA06F354495ED007A4FEA5B1109F08A
:109F00001F0950F821300122B4EEE77A0BF1010B62
:109F100002FA09F2F1EE10FA1FFA8BF9CCBF1343E3
:109F200093434F4540F821303D463FF618AF169B0E
:109F3000DDF84480189F002B40F09D8001263CE610
:109F4000D4ED037AE66ED4E70F9AA4F80621A5E5CE
:109F50000E9BD3ED007AB4F85A20B4F85810E66E90
:109F600053189BB299453AD3F81A80B2814536D23C
:109F7000B4F85E0010440132A9EB03034A449BB2DB
:109F800092B20844002900F0628201EB020C9FEDBE
:109F9000607A06EB830306EB820206EB8C0C8345AA
:109FA000A4BFD3ED006A37EE267AF2EC016A94453D
:109FB00037EE267A03F10403F1D14B009BB2002B5C
:109FC00000F0458206EE903AF8EE666A87EE266A61
:109FD00094ED157A67EE877A77EE867A89E7DFED7A
:109FE0004E7A86E70E9B93ED007A27EE077A0029DA
:109FF00000F08680D4F8A000013904F13C0304F19C
:10A000003E0889B208EB4101B0EE686A33F8026B92
:10A01000B24204D31E88964288BF90ED006A9942EE
:10A0200000F10400F2D166EE065A26EEA66A67EE4B
:10A03000277A26EE257A94ED156AE66E37EE277AB2
:10A04000F1EEC77A67EE867A77EEA67A51E7504648
:10A05000FFE40021C5E91711002B7FF40DAD0FE5DA
:10A06000D4F8A8301344C4F8AC30D4F8B4301A444F
:10A07000C4F8B8204FE6D4F884301993012DB4F811
:10A0800088301A9340F2B48342464FF0000B01230C
:10A090006FF04049691E1B94A846BE461BE05C0950
:10A0A00003F01F0550F82440EC40E40736D503EBDD
:10A0B000090406EB840494ED007AD4ED017AB4EE41
:10A0C000E77A5C1CF1EE10FAA4B2C0F2618123467B
:10A0D000984540F2B0815C1E650904F01F0450F8F9
:10A0E000255025FA04F4E507D9D401339BB2EFE7F4
:10A0F000DFED075AB0EE657A97E7DFED057A2AE7DC
:10A10000DFED035A91E700BF405901080000AC425F
:10A110000000000014010020FFFF7F7F02339BB28C
:10A12000D6E7079BB3F8C81293F804A069B303F10C
:10A130004808002240460691FEF780FD0699012955
:10A1400000F0D283002601F1FF393046374633460E
:10A150008B4608EB0312D2ED036AD2ED077A92ED3B
:10A16000006A92ED047AF4EE676AF1EE10FA37EEC7
:10A17000467AC8BFF0EE667AB4EEE77A0137F1EEC0
:10A1800010FABFB22BD4272E1AD9079A002392F8BF
:10A19000CA72A2F8C8320C9A84F8402085F8503070
:10A1A000B4F8063194F80421A5F85430002385F85A
:10A1B000517085F8522084F80431A4F806311FE567
:10A1C000391A80AB89B203EB06130029DDD0424671
:10A1D000FEF7AAFF0028D8D00136B6B23846B945F6
:10A1E0003B46B6D85845594680F06083272ECCD8D8
:10A1F000091A80AF89B207EB06134246FEF794FFB7
:10A200000028C2D00136BAF1010FB6B204D15246CD
:10A2100031463846FEF712FD142E28BF14260D9B3A
:10A220000A2EA3F8A060334628BF0A23B446DAB248
:10A230000D9800213E6840F8046B0131BE68C66489
:10A240008EB2664507F11007F4D30799002B03F18E
:10A25000FF364FF00003A1F8C832B6B20C9B91F85C
:10A26000CA7284F8403006F101060D9B85F8502033
:10A270004FEA860608BF042619463246284683F868
:10A28000A27007F0ADFF32466BA905F1280007F078
:10A29000A7FF85E7A379228D94F81E800892002BF2
:10A2A00000F0DF80012B00F0D980BD4BBD4A1B6957
:10A2B000BD499FEDBECA00209847089997ED00DA86
:10A2C0004046FFF74DF8B5EEC08AF1EE10FAD6ED34
:10A2D00000DA7FF70AAEB5EEC0DAF1EE10FA7FF7DA
:10A2E00004AEF7EE000A05F097FFF7EE000AF0EE75
:10A2F00040CAB0EE6D0A05F08FFFF0EE40DAB0EE26
:10A300006C0A05F0BDFAF2EE047AF0EE40CAB0EE47
:10A310004D0A6CEEA7CA05F0B3FA08F1FF33DBB2C1
:10A32000042B94BFA24A9FEDA1EAF3EE047A20EE3B
:10A3300027DA98BF02EB8303B0EE6D0A98BF93ED66
:10A3400000EA05F09DFAF0EE407AB0EE480AB0EE71
:10A35000678A05F095FAF2EE046A68EE267A2CEE2A
:10A36000267A7CEE8DCA77EE8E7A27EE007A77EE2B
:10A37000AC7AF3EE040A77EEC77AB0EE660A77EEAF
:10A38000AB7AC7EEA00A05F0ABFAF0EE407AAEE584
:10A390001D460027234664091197AC460894089C83
:10A3A000119FA500002F7FF493AE8B42BFF490AEB7
:10A3B000455903F01F07FD4015F001053FF488AE35
:10A3C00006EB830797ED007A06EB8C07D7ED007A52
:10A3D000B4EEE77AF1EE10FA0BDD5D1C9C46C5F396
:10A3E0004A130893089C119FABB2A500002FDCD044
:10A3F0006EE618D50CF101077C0907F01F071897C6
:10A4000050F82470189CE74017F0010711D01A9CEF
:10A410005C451FD9199C119724F81BC00BF1010B47
:10A420001FFA8BFBBBE75C1CA3B2C4F34A1408946D
:10A43000B5E71195B3E7169B1B9C904677469BB9F1
:10A44000574B16981B695B4A5B49984776E59FED29
:10A45000576ABDE5119C16941197A0E7B0EE00CAAB
:10A460002BE7B1EE00CA28E75B46142B28BF142364
:10A47000258F0893514B9FED520A93ED008AB8EE59
:10A48000488A80EE080A05F037FB43AB04932FABF4
:10A49000039314230293238D01932946089DB4F955
:10A4A0003430009368EE007AB3EE087A67EE877A6C
:10A4B000F7EE006A86EEA77A199A30462B46DFED52
:10A4C000417A67EE277AB6EE000A27EE800AFEF799
:10A4D00001FBADF88050ADF88850ADF89050BBF15D
:10A4E000000F00F0D5801DAA43AB16921CAACDF830
:10A4F00068801B97B846DFED2DBADFED33AA9FEDDC
:10A5000033AADFED339A9FED339ADDF84090119234
:10A510000DF1BC0B00261F461DE0DBB2032B00F241
:10A52000A880234A02EB8303D3ED0A7A93ED0E7AD7
:10A53000089B6BEE277A013677EE877AB6B238EE53
:10A54000678A9E420BED018A80F0A08008F1040822
:10A55000002D00F09B80BBEC018A119BF7EC018A77
:10A5600062790E990093B0EE480A169B2046FEF7DA
:10A570002DFE054680BBA37F19F1190F03F1FF33B0
:10A58000CBDBB9F12C0F59DCDBB2032B79D8084AAD
:10A5900002EB8303D3ED127A93ED167AC8E700BF7E
:10A5A000F8000020448301085C83010800000000DB
:10A5B00040590108748301084880010814010020F3
:10A5C000F902154FC2F38E4D053C023CB0597B3F5A
:10A5D000A54A943B0DFB863FA27FA3791892228D5A
:10A5E0001992002B00F0FD80012B00F0F780C64B84
:10A5F000C64A1B69C6499FEDC7CA00209847119BF0
:10A6000019991898D3ED00DAFEF7AAFE169BB5EE5D
:10A61000C08AF1EE10FAD3ED00CA2FDDF5EEC08A44
:10A62000F1EE10FA05DDF5EEC0DAF1EE10FA00F306
:10A63000E580DFEDB87AC8ED007A9CE7032B00F2E5
:10A640008F81DFE803F0110C07029FEDB37ADFED95
:10A65000B37A6DE79FEDB27ADFEDB27A68E79FEDEE
:10A66000B27ADFEDB27A63E79FEDB17ADFEDB17ACE
:10A670005EE7B0EE697AF0EE497A59E7F0EE6B7A70
:10A68000D9E7B0EE6A7AF0EE4A7A51E7DDE91A8747
:10A690002379032B00F0058100210A460B46208F09
:10A6A000411A052940F2A880A16F520951F82220D1
:10A6B00003F01F01CA4012F0010223D0E26E9FEDA9
:10A6C000957A02F10C05990005EB830502EB8300F6
:10A6D000F0EC017A854237EE277AF9D1033302EBA9
:10A6E0008303DFED8C7A18320A44F3EC016A9A4254
:10A6F00077EEA67AF9D1B4EEE77AF1EE10FAACBFB4
:10A7000001220022089B8DF89220002B3FF416AC0A
:10A71000089B079AD7ED007ACDF84480013B9BB2A5
:10A7200030AD05EB83030893DDF8BCB0DDF80CE138
:10A73000B2F8C832804FDFED778A9FED808A0DF541
:10A74000887981AE904619E0DAF810309847B8F869
:10A75000C83218EE102A03F1050C08EB0C1C01336B
:10A76000CCF80420089A9BB2AA42A8F8C83231D08B
:10A7700055F804BB59F804EBF6EC017A7049714ABC
:10A78000272B03F1050C08EB031019D8C0F84CE097
:10A79000D4F800E0C0F848B0BE4508EB0C1B4FF001
:10A7A0000000CBED007ACFD1A27F013AD2B2042AC9
:10A7B0009BBF654901EB820218EE902A1268CCE734
:10A7C000514B624A1B696249DDF84480002098477A
:10A7D000FFF7F2B9DDF84480FFF7B0BBB0EE00CA76
:10A7E0000DE7B1EE00CA0AE7D4F88430E66E19939B
:10A7F000002308939B463DE6002283E7F7EE000A1C
:10A8000005F00AFDF7EE000AB0EE40DAB0EE6C0A91
:10A8100005F002FDF0EE40CAB0EE4D0A05F030F84A
:10A82000F2EE047AB0EE40DAB0EE680A2DEE27DAE6
:10A8300005F026F8F0EE408AB0EE6D0A05F020F83B
:10A84000189B013BDBB2042B98BF424AB3EE04EAEB
:10A8500060EE0EDA98BF02EB8303B0EE6C0A68EE8E
:10A860008E8A94BF93ED00EA9FED2AEA05F008F87E
:10A87000F0EE40CAB0EE480A05F002F8F2EE046AC3
:10A880002CEEA67A78EEED7A37EE0E7A2CEE26CA0A
:10A8900077EEC77A2CEE00CA77EE8C7A77EECD7A17
:10A8A000C9E6B4F85C301A465900F8E6BAF1010F6F
:10A8B0001FD00D9B142EB44628BF4FF0140CA3F8E4
:10A8C000A0C063460A2B28BF0A23DAB20EB180AFBC
:10A8D000AEE4079B93F8CA72A3F8C8620C9B84F895
:10A8E000403085F850605BE480AF00263B46304640
:10A8F00083E4002E3FF449AC80AF524631463846DF
:10A90000FEF79CF988E400BFF800002044830108AA
:10A910005C83010800000000B6DF333CAB61E43E1D
:10A92000087D003C2409083F1EB0A03C2A99FE3E49
:10A9300061FE083CE6BF0C3FE1AFA10F0AD7233D03
:10A94000488001085C8101084C3F01088C830108A4
:10A950000880010840590108AA7A1E3AF964043FA8
:10A960001FED037A5FED037AE2E5064B064A1B69A9
:10A970000649002098470023DFED057A1693FFF77C
:10A98000B6BA00BFF8000020F48001084880010832
:10A99000000000002DE9F04F02EBC30787B07B8871
:10A9A000DDF84090EBB18246884600264D467B6834
:10A9B00053F82640C4F30170012815D002282ED088
:10A9C00020BBC4F34459012303FA09F39D422FD35A
:10A9D0002E4A2F4916692F4A013BCDE90053A3B2F5
:10A9E000B04707B0BDE8F08FA3B2194658F823204E
:10A9F00022F00F0215B1C4F3034422435046FBF783
:10AA000077F97B8801369E42D1D3EAE71F4B224A71
:10AA10001B691F49002007B0BDE8F04F1847A3B2DB
:10AA2000194658F8232022F00F02002DE6D1E2E764
:10AA30001FFA84FB4FF00103ADF80E304BF42043B6
:10AA4000ADF81000CDF81200ADF80C3003A9504657
:10AA500001230522FBF772F8C9F12009BDF8122085
:10AA6000BDF814304FF0FF30C4F3044420FA09F06D
:10AA7000A04043EA024323EA000305FA04F45946DE
:10AA800043EA04025046FBF733F9BAE7F800002026
:10AA9000B47E0108C0830108F883010870B5504CEA
:10AAA000504A94F820300021012B11707FD0236888
:10AAB000022184F82110CA2159620120532184F80F
:10AAC00020005962996821F480619960D968C9B2FF
:10AAD00061F49061D960D96849066AD51F2159612E
:10AAE0009968414821F0070141F00301996001682C
:10AAF00041F480110160816841F48011816099689E
:10AB000041F480419960996841F480619960FF2027
:10AB10000121586284F821101178002384F8203034
:10AB200000295AD172B6BFF34F8FBFF36F8F1378DE
:10AB300003B930BF62B6BFF34F8FBFF36F8F137887
:10AB4000002BEFD094F820300021012B11702ED073
:10AB50002168264D0220CA2384F8210001224B627D
:10AB600053234B6284F820208B6823F480638B602E
:10AB70008B6823F480438B60286804E02A68121AEB
:10AB8000B2F57A7F0CD8CB6813F00403F6D0FF201F
:10AB900001230022486284F8202084F8213070BD0F
:10ABA000FF200322486284F8203084F82120F9F73E
:10ABB0005BFA0E4D2E68D96811F004018ED1286819
:10ABC000801BB0F57A7FF6D9FF200322586284F803
:10ABD000212084F82010F9F747FA1370B8E700BF76
:10ABE000180100203C01002000040140F400002076
:10ABF00008B518B1084B02689A4207D0074B084ABB
:10AC00001B69084900209847002008BD406D0038A6
:10AC100018BF012008BD00BF30D1C0ACF800002033
:10AC20006C820108887F010808B518B1084B0268DA
:10AC30009A4207D0074B084A1B69084900209847E9
:10AC4000002008BD006D003818BF012008BD00BFFE
:10AC500030D1C0ACF80000206C820108887F010868
:10AC600070B1012809D008B5074B084A1B6908498B
:10AC7000002098479FED070A08BDB0EE000A704714
:10AC8000B1EE000A704700BFF800002044830108BD
:10AC90005C8301080000000008B518B1064B02688B
:10ACA0009A4207D0054B064A1B690649002098477F
:10ACB000002008BD012008BD50D1C0ACF800002024
:10ACC00020840108887F01082DE9F04F8FB00646E7
:10ACD0000B9114460C93FAF73DFE002800F04B83CD
:10ACE00001218246FAF78CFE3046FAF74BFE0990B6
:10ACF0003046FAF761FE002840F0F9808346099D4E
:10AD0000A5EB0B01C9B25046FAF770FE3046FDF7CD
:10AD1000EBFF5D4540F2DB800BEB8B0306EB83031F
:10AD20000193A64DA64FDFF8A4820A900023D146D6
:10AD300000930D94002E00F0DD803368434500F051
:10AD4000FD80A04C2A462369394600209847336885
:10AD5000434500F0C28123692A46394600209847BE
:10AD60003368434500F0EE8123692A4639460020C6
:10AD700098473368434500F0C88123692A4639461D
:10AD8000002098473368434500F0E58123698B4AEA
:10AD90008B49002098470023CDE90333CDE90733E1
:10ADA0003368434500F0FA8023692A46394600207B
:10ADB00098473368434500F0D98123692A463946CC
:10ADC0000020984700230222059302920693DAF8A6
:10ADD0000030434500F0FC807A4C2A46236939460E
:10ADE00000209847DAF80030434500F0C781236916
:10ADF0002A46394600209847DAF80030434500F0EB
:10AE0000258223692A46394600209847DAF800301F
:10AE1000434500F09C8223692A4639460020984722
:10AE2000DAF80030434500F0208123692A4639468C
:10AE300000209847DAF80030434500F06582236926
:10AE40002A46394600209847DAF80030434500F09A
:10AE5000578223692A46394600209847DAF800309D
:10AE6000434500F0488223692A4639460020984726
:10AE7000DAF80030434500F03A8223692A46394621
:10AE800000209847DAF80030434500F02C8223690F
:10AE90002A46394600209847DAF80030434500F04A
:10AEA0001E8223692A46394600209847009B099A4A
:10AEB00001330093019B0BF1010B143301935FFAF3
:10AEC0008BF39A4209F114093FF634AF0D9C0C99AB
:10AED0005046FBF78BF90346002800F049820B9A95
:10AEE0000120C2F800A023600FB0BDE8F08F96F8F3
:10AEF00012B004E7334C2A46236939463046984756
:10AF000023692A4639463046984723692A463946F6
:10AF10003046984723692A46394630469847236980
:10AF20002A4639463046984723692A4639463046EC
:10AF30009847CDE90366CDE907663EE75FFA8BF2F5
:10AF4000032A40F2E6811F4C1F4A2369394600203C
:10AF50009847336843457FF4FEAE23691A4A394661
:10AF600000209847336843457FF4FEAE2369164AB4
:10AF7000394600209847336843457FF4FEAE236985
:10AF8000114A3946002098473368434500F0E8806D
:10AF900023692A46394600209847FCE65FFA8BF37E
:10AFA000032B40F2EA812369074A3946002098477B
:10AFB000336843457FF401AFDDE000BFDC73010877
:10AFC000F4730108F8000020FC7301080FB0371378
:10AFD000009B032B00F2A38103EB830300220AEB07
:10AFE000830389F80F2001225A810023C9F8043015
:10AFF000DAF800300A9AA9F80820434539D08F4C76
:10B000002A462369394600209847DAF8003043453C
:10B010007FF415AF049B89F80E30DAF80030434511
:10B0200037D0864C2A462369394600209847DAF8FB
:10B03000003043457FF417AF079A89F81120434544
:10B0400037D07E4C2A462369394600209847DAF8E3
:10B05000003043457FF41BAF029B89F81430DAF8C7
:10B060000030434535D0754C1BE7009A032A00F2A7
:10B070000481039AA9F80C204345CBD06F4C2A4693
:10B080002369394600209847DAF8003043457FF4B9
:10B09000E0AE089A89F810204345CDD0674C2A4687
:10B0A0002369394600209847DAF8003043457FF499
:10B0B000E4AE059A89F812204345CDD05F4C2A466C
:10B0C0002369394600209847DAF8003043457FF479
:10B0D000E8AE069B89F81330E8E65FFA8BF2032AA4
:10B0E0003FF63BAF019A927B049200220392019AB1
:10B0F0004345117C527C0891079212D04F4C504A24
:10B1000023695049002098474AE65FFA8BF3032BE6
:10B110003FF635AF019A0023527C039307920493C4
:10B120000893019B9B7C05930BEB8B0306EB83033E
:10B130001B7D02934FEA8B035B4406EB8303DB7CAE
:10B14000069344E65FFA8BF2032A3FF60FAF002224
:10B15000CDE90322CBE75FFA8BF3032B40F2FC80AF
:10B160002369394A39460020984714E65FFA8BF381
:10B17000032B40F205812369334A20E6009A032A13
:10B1800040F2F0802369304A394600209847DAF8C7
:10B19000003043455ED023692A463946002098474F
:10B1A000DAF8003043457FF436AE2369264A394643
:10B1B00000209847DAF8003043455ED023692A46DC
:10B1C000394600209847DAF8003043457FF437AE1F
:10B1D00023691D4A394600209847DAF80030434574
:10B1E0005ED023692A46394600209847DAF80030B5
:10B1F00043457FF438AE2369134A39460020984707
:10B20000DAF8003043455ED023692A4639460020EB
:10B210009847DAF8003043457FF439AE23690A4A8B
:10B22000394600209847DAF8003043457FF439AEBC
:10B230002369054A39460020984737E6F800002080
:10B24000DC730108F4730108FC730108009B032BF5
:10B250007FF6CBAE23694E4A394600209847DAF88C
:10B2600000304345A1D023692A463946002098473B
:10B27000DAF8003043457FF4D8AD2369444A3946B3
:10B2800000209847DAF800304345A1D023692A46C8
:10B29000394600209847DAF8003043457FF4D9ADAD
:10B2A00023693B4A394600209847DAF80030434585
:10B2B000A1D023692A46394600209847DAF80030A1
:10B2C00043457FF4DAAD2369314A39460020984777
:10B2D000DAF800304345A1D023692A46A0E7009B55
:10B2E000032BA5D8F5E6009B032B97D8B4E6009A6C
:10B2F000032AE8D8DDE6009A032A3FF67CAF9BE6F6
:10B30000009A032ACCD8C4E6009B032B3FF660AF1B
:10B3100080E6019A9189927B03910492E7E61D4CA5
:10B320001B4A2369394600209847DAF80030434524
:10B330003FF428AF23692A46394600209847DAF8B7
:10B340000030434586D02369134A144926E7009A02
:10B35000032A3FF62AAF4DE60023CDE90333CDE9BA
:10B360000733DEE6142303FB02A301225A813CE6E5
:10B370005046FAF757FB0020B6E500230593D3E6C5
:10B3800000230593022302930BFA03F3D4E600BFD4
:10B39000FC730108F8000020DC730108F473010855
:10B3A000B0F84420F8B5054682B100240A4F26467D
:10B3B000A31C55F82330184623B1BA681E60904785
:10B3C000B5F844200134E4B2A242F1D82846BDE8E1
:10B3D000F840FAF71FBB00BFF800002028B138B5CD
:10B3E0000446FDF7ABFA08B938BD7047206D00255B
:10B3F000256010B1FAF716FB2565606E18B1FAF7F3
:10B4000069FB00236366606D18B1FAF70BFB00233C
:10B410006365A06E18B1FAF75DFB0023A366606C4C
:10B4200018B1FAF7FFFA00236364A06D18B1FAF7B8
:10B4300051FB0023A365A06C18B1FAF7F3FA0023BF
:10B44000A364E06D18B1FAF745FB0023E365E06CF7
:10B4500018B1FAF7E7FA0023E364206E18B1FAF79F
:10B4600039FB00232366E06B18B100230360FFF76C
:10B4700097FF2046BDE83840FAF7CCBA82B00B46B9
:10B48000019111B9012002B070470138C0B20428FF
:10B4900007EE901A98BF0C4B9FED0C7A88BFDFED3A
:10B4A0000C6AF8EE677A9CBF03EB8003D3ED006A69
:10B4B00067EE877A86EEA77AFCEEC77A17EE903AA7
:10B4C00098B202B0704700BF4C3F01080AD7233B37
:10B4D0000000000010B5013882B0C0B2042801910C
:10B4E0003AD81C46214BDFED227A03EB800393ED23
:10B4F000007AB4EEE77AF1EE10FA2DDD07EE901A3D
:10B50000DFED1C6AF8EE677A67EEA67A87EE870AA7
:10B510002ABBF6EE007A20EE270ADFED170AB0EE1E
:10B52000C00A04F097FEDFED157A20EE270A04F03A
:10B530006FFAF7EE007A70EE276A70EE677A80EEA7
:10B54000267A012087EEA66A84ED007A84ED017ADE
:10B5500084ED026A02B010BD002002B010BD30EED2
:10B56000000AF6EE007A20EE270AD6E74C3F0108E3
:10B57000ACC527370AD7233BDEFFFF3EDB0F494030
:10B580002DE9F04F2DED028B8DB0154607901C462E
:10B590000E46002900F05E81DFF8E0820B6843452B
:10B5A00000F0C380B04FB14A3B69B14900209847D1
:10B5B0003368434500F055813B69AC4AAC490020F3
:10B5C00098473046FDF790FB0123824606934FF0E3
:10B5D000000909EB890306EB83030393DFEDA58ADA
:10B5E0009FEDA58A0494002305EBCA040293002E64
:10B5F00000F0EB803368A14A934200F0A4809A4F98
:10B600009A4A3B699A490020984733689B4A93427B
:10B6100000F0B8803B69954A954900209847336807
:10B62000964A934200F0DD803B69904A90490020A1
:10B630009847012202200021174609ABFFF74AFF75
:10B6400000286DD0BAF1000F00F0AC80079B9A1C67
:10B65000029B02EB83022B46B2F9001007EE101A90
:10B6600032F9021CB8EEC77A07EE901A67EE086A44
:10B67000F8EEE77A83ED017A77EEA67A083343EDA8
:10B68000027A9C4202F10402E6D1BAF1060F40F2BE
:10B690008980294653462A4609A8FDF7CFFEAAEB22
:10B6A000470189B2002900F08D80059405EBC7079A
:10B6B00005EB81082C468B4697ED000AD7ED010A71
:10B6C00005F04EFFA4EC010AA04507F10807F3D1ED
:10B6D000059C9FED697A59462B46F3EC017A67EE9B
:10B6E000A77A984537EE277AF7D107EE901AF8EE49
:10B6F000677A029AC7EE276A52440292039A14327A
:10B700000392049A09F101095FFA89F3F1EEE67AEE
:10B71000E2EC017A0492069A9342FFF468AF0120AA
:10B720000DB0BDEC028BBDE8F08F91F8623006934E
:10B73000304696F81290FDF7D7FA069B9945824657
:10B74000FFF447AFEBE75FFA89F3032B7AD9464F53
:10B750004B4A3B694649002098473368474A934221
:10B760007FF458AF3B69464A414900209847336807
:10B77000424A93427FF458AF3B69414A3C4900201A
:10B78000984756E75FFA89F3032BEBD8039B187DA4
:10B79000012209EB890306EB8303598900293DD176
:10B7A00001274AE7304B3749D3F810B0364A072310
:10B7B000009300205346D847AAEB470189B20029DD
:10B7C0007FF473AF9FED2C7A8FE7274F274A3B69B1
:10B7D000274930469847254A25493B6930469847CE
:10B7E00022E75FFA89F3032BC6D8039B5989002906
:10B7F0003FF41FAF07EE901AB8EE677ADFED1D7ABF
:10B80000DFED226A27EE277A01220220C6EE877A30
:10B81000FCEEE77A17EE903A9FB20EE7431EDBB2DA
:10B82000042B07EE901A98BF194FB8EE677A98BFAD
:10B8300007EB830327EE287A94BFD3ED006AF0EE7E
:10B84000486AE3E7039B5A68187D272ACCBF002289
:10B8500001229EE7044F054A3B6905493046984757
:10B86000AAE60123069363E7F8000020DC730108D1
:10B87000F47301080AD7233B000000000FB0371310
:10B88000FC730108DC820108A8820108295C8F3D55
:10B890004C3F01082DE9F04FABB006900020CDE9F8
:10B8A00019001B9031B191469B460A689F4B9A4202
:10B8B0000C4609D09E4B9F4A1B699F490020984720
:10B8C00000202BB0BDE8F08F0A698B684D6B1344E4
:10B8D000349A9A420DD2964C984A236996499847D1
:10B8E000369BAB42ECD22369954A93490020984796
:10B8F000E6E7369BAB4201D28D4CF4E70B7D052B7E
:10B9000000F26084DFE813F079018D012A01D8008C
:10B91000170006008B4B1B78002B00F05181844BE5
:10B92000894A1B69844901209847237D052B00F033
:10B9300047810120C5E7349A06985946FAF79AFAE2
:10B9400008900028BCD094F84030002B40F05A8278
:10B95000606E19AA5946FAF771F8D4F8083143B164
:10B9600094F84020002A40F0528204F1C00119A846
:10B970009847E2680E92E26B94F8403011461B9AA9
:10B9800007921846002B40F03B82A369359AD318E2
:10B990000A93B1F844300A46E16A0F91002B00F097
:10B9A0000282CDE9134902F104084FF0000A15465E
:10B9B000CDF834B081460EE05D4B64491B69644AA2
:10B9C00000209847B5F844300AF1010A1FFA8AF2BC
:10B9D000934240F2E18158F8044F002CECD02268E9
:10B9E0005C498A42E8D12279022AEDD16679B145D3
:10B9F000EAD1D8F814300E9A0F99359FD4F89C00EC
:10BA0000D4F8CCE094F818C013440D9A1344D8F835
:10BA100028200A44A16E1944E166616F1944A167A8
:10BA2000D4F880100B44D4F89010C4F88430174434
:10BA3000D4F8C0303944C4F8941007EB0E0B391811
:10BA4000F818C4F8A010C4F8C400C4F8D0B0B9F114
:10BA5000000F00F01B82BCF1000F40F0538294F8FD
:10BA60006660282286F00106002120A805F08AFFE2
:10BA70000799009620AA00232046FDF773FD002EAB
:10BA800040F06D822F4B1B78012B05D9284B324A91
:10BA90001B692E4902209847627922B994F86730D1
:10BAA000002B40F020822379022B00F01C82002220
:10BAB000B5F84430089287E7349A06985946FAF761
:10BAC000D9F900283FF4FCAE206E19AA5946F9F7BF
:10BAD000B5FFD4F808311BB119A804F1A4019847A7
:10BAE000359A236A616D1B981344E2685A44FFF744
:10BAF00047FD00283FF4E4AEE06BFCF767FF002849
:10BB000000F0428394F84030002B40F03983216DDF
:10BB1000349B009306985B464A46FDF7C5FA002819
:10BB20003FF4CEAE0423237503E700BF30D1C0AC91
:10BB3000F80000206C820108887F01083884010821
:10BB400050840108100100208C84010848800108FD
:10BB50005C810108E1AFA10F74840108349A069852
:10BB60005946FAF787F900283FF4AAAEE06D19AA02
:10BB70005946F9F763FFD4F808311BB119A804F14D
:10BB800088019847359AA369216D1B981344E26890
:10BB90005A44FFF7F5FC00283FF492AEB34B2268FD
:10BBA0009A4200F0E882B24BB24A1B69B2490020C7
:10BBB0009847E06BFCF70AFF0028A3D10523237503
:10BBC000226B359B13449AB13599AC484C1EA5188D
:10BBD0004FF0FF3214F8011F08264A4042F30001DB
:10BBE0000140013E81EA5202F8D1A542F2D1D2438E
:10BBF0001A60389B012119709BE6349B496C0698AA
:10BC000000934A465B46FBF74DF900283FF458AED7
:10BC10000698FAF779FE00283FF452AE0123237507
:10BC200087E6349A06985946FAF724F900283FF433
:10BC300047AEA06D19AA5946F9F700FFD4F80831AC
:10BC40001BB119A804F16C019847379BB4F83880F0
:10BC50001B9DE668012203EB880700231146CDE90E
:10BC600020332293104620ABFFF734FC5E442B4672
:10BC70009FED856A354603F1C8013246B3F90200EB
:10BC800007EE100A33F9040BB8EEC77A07EE900AF4
:10BC900067EE066AF8EEE77A8B4277EEA67A82EDD7
:10BCA000017AC2ED007A02F10802E7D1322320A81E
:10BCB00032463146FDF7C2FB06F5C8730795CA4602
:10BCC000B046A14635461C4698ED000AD8ED010A5B
:10BCD00005F046FC08F10808A045A5EC010AF3D1DF
:10BCE0000021079D9FED687A4C460B46D146F5EC46
:10BCF000017AF4EEC77AF1EE10FAC8BF8BB201F107
:10BD00000101C8BFB0EE677A3229F0D10022189243
:10BD10001CAA049218AAADF85E30039201236FF0BA
:10BD20001D02CDE90133304600929FED550A0DF119
:10BD30005E02FCF7CFFE189B3B60638F9E00002BDA
:10BD400000F01682379A4D48164415464FF0FF32E0
:10BD500015F8011B08274A4042F300010140013F4A
:10BD600081EA5202F8D1AE42F2D137993F4ED24326
:10BD700041F823202368B3424FD03D4D3D4A2B6903
:10BD80003D49002098472368B3425CD02B69394A6B
:10BD900039490020984793E5DDE9134994F840308C
:10BDA000DDF834B0184603462344089A83F841204E
:10BDB0002046FCF7DBFD221892F841200AB984F8EE
:10BDC000400094F8413023B194F84230002B40F009
:10BDD000BF8194F84030002B40F08D80216D349B62
:10BDE000009306985B464A46FBF75CF800283FF450
:10BDF00067AD0698FAF788FD00287FF496AD5FE5F9
:10BE0000236AC3E5012B0CBFA06E0020A1E5012A27
:10BE10000CBF04F1DC010021A9E5236D9BB1349B2B
:10BE2000A16C069800934A465B46FBF73BF8002856
:10BE30003FF446AD0698FAF767FD00283FF440ADA1
:10BE40000223237575E5636D002B3FF439AD349BF8
:10BE5000E16C069800934A465B46FDF725F90028F9
:10BE60003FF42EAD0323237563E500BF30D1C0AC92
:10BE7000F80000206C820108887F01082083B8ED5B
:10BE80000AD7233BACC5273700000000D4F8A81020
:10BE90003944C4F8AC10D4F8B4100F44C4F8B870E6
:10BEA000BCF1000F2CD194F86760002E7FF4D7AD61
:10BEB0002822314620A805F065FD01230799009648
:10BEC00020AA2046FDF74EFBB4F8BC20D4F8B800F9
:10BED00020A9920006F084F9012384F86730637981
:10BEE000002B7FF4E0AD94F86630002B3FF4DFAD1B
:10BEF000B5F8443068E5012B0CBF616D00216EE799
:10BF000084F86790278FAFB102EB0E0101EB870C2D
:10BF10001A4462454FEA870703DA3A449142C0F275
:10BF200047813A46002105F02DFD3A46584600214A
:10BF300005F028FD0023012784F866302376A4F855
:10BF40006470002EAFD01946282220A805F01AFDF3
:10BF500007990097002320AA2046FDF703FB62798A
:10BF60000023CDE91C33CDE91E33637F002A00F0A6
:10BF7000EA809BB104F11901581E11FA80F01CAF40
:10BF800004F118019C4611F8016F0A9B03EB860629
:10BF90008842366847F8046BF5D16346218FB4F8C0
:10BFA00064001191002900F0FC80D4F8C420E76EF1
:10BFB000D4F8D0600B9302EB81010991BB46B646E1
:10BFC000BC4611469CED007AD1ED007A099B77EED4
:10BFD000877AE1EC017AFCEC017A9EED007A67EE5B
:10BFE000A77A8B4277EE877AEEEC017AEAD10128C4
:10BFF0000B9B40F2A68007EE900A411E89B2F8EE34
:10C00000676A07EE901AF8EE677AD4F894100B91ED
:10C0100086EEA76A9C46099BB2EC017AC7EE267AA7
:10C020009A42E1EC017AF6EC015A27EEA77AC5EEC6
:10C03000A67A77EEC77AF0EEE77A67EE867AB1EE07
:10C04000E77AABEC017AE6D16346628F0C92D4F8C2
:10C05000A020002B75D0013B9BB204F13E0101EB07
:10C06000430310933B1D93461FED795A5FED7B5AB6
:10C0700012931CAA04F13C0C0994159006E0109B45
:10C080009C450BF1040B02F104024DD03CF8020F69
:10C090000C9B1199C31A9BB28B42F0D83CF8026CEE
:10C0A0000C9C311B89B2994278D2A4EB060E013B5D
:10C0B000129CD2ED007A1FED8C7A734411FA83F34F
:10C0C00004EB83030B9C07EB810E67EEA76A04EB7E
:10C0D0008101099CFEEC017AB1EC016A67EEA77A56
:10C0E000F0EEC64A77EEE67AF5EEC07AF1EE10FA97
:10C0F000F4EEE54AD8BFF0EE457AF1EE10FA05DD30
:10C10000F1EEE74AC4EE867A37EE277A7345E1D13D
:10C110000994831B9BB207EE903AF8EE677AC7EE5C
:10C12000276ACBED006AAAE7099C15986279A38A71
:10C13000191A4B424B41013084F86630A4F8640070
:10C14000ABE46279F3E70A9B1B681C93012325E7A4
:10C15000052323752046FEF767FD80F0010384F870
:10C160004030A26A359BBDF868109952FFF7DDBBDD
:10C170004FF0FF32F9E5636D002B7FF468AE18E5F0
:10C18000012B09D1616DC3E405212175A36A35999D
:10C19000BDF86820CA5213E50021B9E49FED0D7A7D
:10C1A000B7E70128C3D9D4F89420E76E0B924CE787
:10C1B0005B460744002240F8042BB84243F8042BA6
:10C1C000F9D1B7E6044B054A1B6905490020984799
:10C1D000FFF776BB00000000F8000020CC840108C7
:10C1E000887F01080138C0B204281FD81C4BDFED3E
:10C1F0001D6A03EB800393ED006AC6EE267AB5EE66
:10C20000007A67EE877AFCEEE77A17EE903A98B2FA
:10C2100011B1884228BF0846182809D91823B0FB55
:10C22000F3F000EB4000C00080B27047012070477F
:10C230000028FBD01822B2FBF0F300FB03F3D31A63
:10C240009BB25BB1013880B2B2FBF0F300FB03F3A9
:10C25000C3F118039BB2002BF4D17047704700BFA5
:10C260004C3F01080AD7233B431EDBB2042B10B519
:10C2700006D9032A15D0DFED175AB0EE650A10BDB6
:10C28000154C032A04EB8304D4ED1A5A4FEA8304B5
:10C29000F3D1FFF7A7FF114B234493ED000A0246A9
:10C2A00006E0FFF79FFFDFED0B5A0246B0EE650A8E
:10C2B0001046FCF7D1FB07EE902A07EE100ADFEDDF
:10C2C000086AF8EE677AB8EE477A67EEA67A47EE24
:10C2D000875AD2E700000000405901084C3F01088E
:10C2E0000AD7233B08B5431EDBB2042B98BF3F4A55
:10C2F0002DED068B9ABF02EB830393ED00AA9FED11
:10C300003CAAF0EE408AF0EE609AB0EE419AFDF75A
:10C3100027F8F7EE000AB0EE408AB0EE680A03F0A4
:10C320007BFFB4EE400AF1EE10FA12D6DFED317A5F
:10C33000B4EE670AF1EE10FA0BDCDFED2F7AB4EE03
:10C34000E70AF1EE10FA04DAB5EE400AF1EE10FA5F
:10C3500047D0B0EEC87AB4EE477AF1EE10FA06D6BE
:10C36000DFED247AB4EE677AF1EE10FA2DDD03F0FA
:10C3700087FAB0EE407AB0EE480AB0EE478A03F092
:10C380007FFAB0EE407AB2EE040A69EE007A67EE08
:10C39000887A77EEA97A77EEC77A77EECA7AC7EE0F
:10C3A000800A03F09DFA03F0A7FBBDEC068B40F278
:10C3B000FF13BCEEC00A10EE102A90B2984228BFBC
:10C3C0001846012838BF012008BDDFED0B7AB4EE16
:10C3D000E77AF1EE10FACADAB5EE408AF1EE10FA19
:10C3E000C5D1BDEC068B012008BD00BF4059010836
:10C3F00000000000FFFF7F7F000080002DE9F0417A
:10C400002DED048B0689077C90ED008A044682B0EE
:10C4100031463A460120FFF727FFB4EEC08AF1EE1D
:10C4200010FAA57AB0EE405A05D594F82430D3B16D
:10C430004FF0010801E04FF00008012D18D8284600
:10C440003A463146FFF710FFD4ED017AB4EEE70A21
:10C45000F1EE10FA48BF48F00808404602B0BDECC3
:10C46000048BBDE8F081012D63D04FF00208E4E7B2
:10C47000032D28463A4628BF03203146FFF7F4FE35
:10C48000D4ED018AF0EE400AF0EE681AB0EE481AD8
:10C49000B0EE450A01A838EEC89AFCF70FFFC0B10C
:10C4A00031460120FFF79EFE07EE900ADFED220ADB
:10C4B000DDED019AF8EE677AB0EE490A67EEA00A60
:10C4C00003F0C8FEF4EEC09AF1EE10FAA8BF48F0EF
:10C4D00002083A4631462846FFF7C6FE032DF0EE25
:10C4E000400AACD903203A46FFF7BEFEF0EE681AC8
:10C4F00001A8B0EE481AFCF7E1FE00289FD03146B3
:10C500000320FFF76FFE07EE900ADFED0B0A9DEDAB
:10C51000018AF8EE677AB0EE490A67EEA00A03F0E6
:10C5200099FEB4EEC08AF1EE10FA88DB48F00408F8
:10C5300085E74FF0080882E70AD7233B0138C0B2ED
:10C54000042808B597BF074B9FED070A03EB80034C
:10C5500093ED000A0846FCF77FFA11FB00F080B269
:10C5600008BD00BF4C3F01080000000010B52DEDD4
:10C57000048B9FED119AF0EE408A88EE890A0446FA
:10C58000B0EE608A03F0B8FA78EE688AB0EE408ABE
:10C5900088EE890A03F0B0FABDEEC88AFDEEC07AD3
:10C5A00018EE102ABDEC048B17EE903A134493FB5F
:10C5B000F4F304FB03F010BD0AD7233BD0ED007A5F
:10C5C000F5EEC07AF1EE10FA10B504465CD4012005
:10C5D000D4ED017AF5EEC07AF1EE10FA08D52E4BC3
:10C5E0002E4A1B692E4900209847D4ED017A00207D
:10C5F00094ED007AB4EEE77AF1EE10FA08DD264BFE
:10C60000284A1B69264900209847D4ED017A00206A
:10C61000B3EE077AF4EEC77AF1EE10FA06DD1E4BA0
:10C62000214A1B691E49002098470020D4ED037A57
:10C63000BAEE047AF4EEC77AF1EE10FA1CD49FED4C
:10C640001B7AF4EEC77AF1EE10FA15DCD4ED087A15
:10C65000F5EEC07AF1EE10FA06D4B7EE007AF4EEF9
:10C66000C77AF1EE10FA06DD0B4B114A1B690C4933
:10C6700000209847002010BD074B0E4A1B6908494F
:10C68000002098470020E1E7034B0B4A1B6904494F
:10C690000020984700209BE7F8000020088501084B
:10C6A000C07F0108208501083C85010800000C427C
:10C6B0009085010864850108EC840108F0B482B01B
:10C6C0002E4E056800238DF8033033683768C3F1B8
:10C6D00064031A442A4B1B6803EB8303C3EBC303B5
:10C6E0001B0D02FB03F30193AB6819420AD134E03E
:10C6F000019C019B013B0193AB68002C08BF002209
:10C7000019422AD0B1F5C06F05D12B7BDBB28DF871
:10C7100003309DF803303368DB1B9342E8D36B682A
:10C72000426823F0E003B2F5827F6B6019D0836A20
:10C73000B3F5005F07D12B6823F400532B602B68FF
:10C7400043F400532B600122002380F85D2080F821
:10C750005C30032002B0F0BC7047002002B0F0BC97
:10C7600070478368B3F5004F02D0B3F5806FDED118
:10C770002B6823F040032B60D9E700BFF4000020B2
:10C780000000002070B4274D274B2A681B680468FE
:10C790002E68C2F16402114483B0C3F3CB3301FBB2
:10C7A00003F30193A3681A062CD509E0019A019BB3
:10C7B000013B0193A368002A08BF00211B0621D575
:10C7C0002B689B1B8B42F1D36368426823F0E00324
:10C7D000B2F5827F636019D0836AB3F5005F07D139
:10C7E000236823F400532360236843F40053236039
:10C7F0000122002380F85D2080F85C30032003B024
:10C8000070BC7047002003B070BC70478368B3F5FC
:10C81000004F02D0B3F5806FDED1236823F04003D0
:10C820002360D9E7F40000200000002030B41D4D43
:10C8300095F82030012B31D029680220CA2385F8D1
:10C84000210001224B6253234B6285F820208B6824
:10C85000154823F480738B608B6823F480538B60BE
:10C86000046804E00268121BB2F57A7F0DD8CB6829
:10C8700013F00103F6D00020FF2201234A6285F85D
:10C88000200085F8213030BC70470320FF224A6227
:10C8900085F8203085F8210030BC7047022030BC7C
:10C8A000704700BF18010020F400002038B505468D
:10C8B000F9F786FC044618B12A46002105F062F813
:10C8C000204638BD30B4124D124C00F1BC0C002192
:10C8D00043680B44024640F8043F12689A1AAA4281
:10C8E00009DD50F8042CA3F5C9237E3BA1F5C9212D
:10C8F00003607E399A1AA24206DA03F5C92301F5CC
:10C90000C9217E3303607E318445E1D130BC70475C
:10C910003F240300C1DBFCFF2DE9F04F204CDFF882
:10C92000849093469A46851E8A1E04F1E2074FF0D2
:10C9300000084FF41E6635F8021F32F8023F994294
:10C9400022D0217809EBC1014B8833B3496800201C
:10C9500001EB830347F6FF7E51F804CB1FFA8CFCF2
:10C96000E64528BFE646604538BF60468B42F3D1B6
:10C97000400080B24FEA4E0E80451FFA8EFE38BF4F
:10C980008046764528BF76460134BC42D3D1ABF809
:10C990000060AAF80080BDE8F08F4FF6FE7EF0E759
:10C9A00084350108683601082DE9F04F9846174B89
:10C9B000DFF85CB01F8883B0043A043F52087F0858
:10C9C00097420C9E0190894628BF174601F1040A40
:10C9D0000025741BBC4228BF3C4645EA0B02631E7F
:10C9E00008EB4501A9F80020A9F802306200504682
:10C9F00005F0F6FB254401980023A21C4946F9F7EF
:10CA00009DF8AE42E5D803B0BDE8F08FF8000020F5
:10CA100000C0FFFF2DE9F04F264C87B00026CDE97E
:10CA20000466B4F800808946002B3DD04FEA5808D0
:10CA3000CDE90102A8F104080D461F464FF4004B52
:10CA4000B246039325E0029BA5F800B033446B8007
:10CA5000631EAB80A5F806A06200002105F1080066
:10CA600004F090FF294601980123221DF9F766F88A
:10CA700004AA134603CA26446960286009EB4605E8
:10CA800059F81600696803C3039B9E42A7EB04078D
:10CA90000AD2B845444628BF3C46B845D3D200E048
:10CAA000013CE307FCD4CEE709F1080007B0BDE87C
:10CAB000F08F00BFF800002030B4104D2A68D06815
:10CAC00010F0400002D0002030BC70470C494FF0FD
:10CAD000FF33D3600C68D3685B06F5D4032803D119
:10CAE000F2E7D3685806EED40B681B1BB3F57A7FC8
:10CAF000F7D9032085F82100EDE700BF18010020D9
:10CB0000F400002008B5114BDA6822F08002DA60E8
:10CB10009A68920603D4FCF755FA88B908BD9A685A
:10CB200022F020029A60FCF74DFA18B1084B03205E
:10CB300083F82100054A936843F02003936008BD01
:10CB4000034B032083F8210008BD00BF00280040EC
:10CB500018010020F0B5624C94F82030012B00F051
:10CB6000BC8021680223012284F8202084F821302F
:10CB70008B6813F0400C18BF90F803C003780CBF0B
:10CB800080F803C04FEA8C5C092B09D900220A3BCC
:10CB9000DBB2092B02F10102F9D843EA0213DBB23E
:10CBA0001A044378092B09D900250A3BDBB2092B6B
:10CBB00005F10105F9D843EA0513DBB28678092EA1
:10CBC0004FEA032309D900250A3EF6B2092E05F1E2
:10CBD0000105F9D846EA0515EEB290F824E0BEF159
:10CBE000090F0DD90025AEF10A0E5FFA8EFEBEF1D7
:10CBF000090F05F10105F6D84EEA05155FFA85FE25
:10CC00004569076A3D4345EA0C052A43134333430C
:10CC100043EA0E624668C3691E43836ACA204862BB
:10CC200053204862B3F5807F8B6838D023F40073BB
:10CC30008B60CB682B48DBB263F42073CB60056854
:10CC400004E003685B1BB3F57A7F1ED8CB689B07B3
:10CC5000F7D50A628E648B6843F400738B608B682F
:10CC600043F400538B60204B1A68002042F480226A
:10CC700084F820001A609A6842F480229A60FF22A9
:10CC800001234A6284F82130F0BDFF2203234A6267
:10CC900084F82130002384F820300320F0BD23F4F1
:10CCA00080738B60CB680F48DBB263F4C073CB60DA
:10CCB000056804E003685B1BB3F57A7FE5D8CB68B1
:10CCC000DF07F7D5CA614E648B6843F480738B60CD
:10CCD0008B6843F480538B60C5E70220F0BD00BF32
:10CCE00018010020F4000020000401402B4A0346F4
:10CCF0000068904270B43CD8294A2A492A4C024420
:10CD0000A1FB021212099200022183F8251001688A
:10CD10009D689E691C6421F4FF4C59695A642CF08B
:10CD2000700C294341EA0C01314341F08001B5F513
:10CD3000804F016014D0596802F01C020F2090400F
:10CD40009140194A94426FEA00001BD0D2F8A844DF
:10CD50002040C2F8A804D2F8A8040143C2F8A814DD
:10CD600000200122D86383F8240083F8252070BCBA
:10CD700070470E4A0B490E4C0244A1FB02121209E5
:10CD80009200C1E7D4F8A8200240C4F8A820D4F843
:10CD9000A8201143C4F8A810E2E700BF070402402E
:10CDA000F8FFFDBFCDCCCCCC00000240F8FBFDBFAE
:10CDB0000004024070B506680546F46931EA0404CF
:10CDC00005D0581C05D1F36931EA0303FBD10020DB
:10CDD00070BD16480068801A834219D3C3B1306809
:10CDE0004407EAD58029E8D04029E6D0F46914F058
:10CDF00008040FD1F0690005DFD54FF400633362FA
:10CE00002846F8F761FB2023C5F8843085F8784080
:10CE1000032070BD082428463462F8F755FB002330
:10CE200085F878300120C5F8844070BDF4000020FA
:10CE3000134BDB68C3F30223C3F1070C1A1DBCF1CB
:10CE4000040F28BF4FF0040C062A88BFDA1E4FF0EB
:10CE5000FF3303FA0CF398BF002221EA0303934047
:10CE60001B01421CDBB206D000F1604000F56140BE
:10CE700080F800337047024A82F82330704700BFC1
:10CE800000ED00E0024B4FF480529A62FDF706BEBF
:10CE9000000400482DE9F04F2DED048B0023ADF682
:10CEA0003C0DA949A948AA4DDFF804B3CDE91833D0
:10CEB00005F026FAA74B02221A70A74AA74B136067
:10CEC0000FCD5C460FC495E803004FF4A87284E8C8
:10CED0000300A3492C20F9F773F90790002800F00C
:10CEE000E980079C9F4B2646083546F8043B0FCD4A
:10CEF0000FC60FCD0FC695E8030086E80300204655
:10CF0000FDF7CAFE002861D1079C2046FDF7C4FE4C
:10CF100008B1954BA360079C2046FDF7BDFE08B104
:10CF20000023A381079C2046FDF7B6FE08B1052328
:10CF3000A373079C2046FDF7AFFE08B10023A3753D
:10CF4000079C2046FDF7A8FE08B101236375079CE6
:10CF50002046FDF7A1FE08B103232375079C204658
:10CF6000FDF79AFE10B14FF07C536362079C204698
:10CF7000FDF792FE08B17D4B2361079C2046FDF72B
:10CF80008BFE10B1002384F82830794B4FF47A726D
:10CF90001A60F7F745F90798FAF788FA0A90002817
:10CFA00000F09280FBF7CAFC054698B9714805F07D
:10CFB00095F907990A9800952B462A46FAF752FAEE
:10CFC0000DF63C0DBDEC048BBDE8F08F4FF07A53AD
:10CFD000636099E70A998A680B69D1F83480D3189D
:10CFE00018460C9305F022F9099000287AD04046A3
:10CFF00005F01CF90B90002801F072805E4B4FF495
:10D0000080529A61FDF74AFD5C4937221420FFF7F0
:10D010004DFC04460890002840D05949782240F23F
:10D020005E20FFF743FC002801F080800126554B6D
:10D03000A0F8C46180F8C661002723604FF4405314
:10D040002061A6606760677303228E938EA93346C2
:10D050003046ADF83C72F8F771FDBDF83C524A48D5
:10D06000FAF7F0F941F210239D4246D02B46474A89
:10D070004749DBF810503846A8470898F8F74EFDA6
:10D080003046F8F78FFD48B108970020DBF81030E4
:10D09000404A3A4998470898F8F740FD3E4805F05D
:10D0A0001DF90B9B002200930799099B0A98FAF738
:10D0B000D9F985E7394805F011F90DF63C0DBDECBD
:10D0C000048BBDE8F04FDDE6354805F007F9FFF7C2
:10D0D000D9FE07980DF63C0DBDEC048BBDE8F04F72
:10D0E000FAF7B2B92F4805F0F9F8099B07990A98A1
:10D0F00000931A46FAF7B6F962E73046F8F752FDA0
:10D1000005460028C1D1089CA068F9F75BFBA06820
:10D110002946F9F731FCCDF84080089B194A1B6875
:10D12000934247D0DBF810301F4A1449002098473B
:10D130001E4805F0D3F80B9B009307990A98DDE988
:10D140000823FAF78FF93BE7BC590108C0850108AD
:10D15000145A0108100100201401002000366E014D
:10D16000887F010850D1C0AC0000404000007041F1
:10D17000B4020020AC880108000400482C740108A7
:10D18000547401080EB03713548601085C860108F8
:10D190001C7B01087C86010898860108E08501084F
:10D1A0001086010838860108147401082C870108CC
:10D1B000F8000020089A537B96680A2B00F29780AB
:10D1C000DFE813F00B00CA045C033104DF01A102A5
:10D1D0001C02DE03B401A0000B0052ADEC220021C2
:10D1E000284604F0CFFBBF4B9FEDBF6A1B689FED45
:10D1F000BF7A0D9307EE903AB8EE678AF6EE006AB2
:10D20000C6EE087AB4EEC78A77EEA67AF1EE10FA87
:10D21000FCEEE77A17EE903A9BB200F38E87DFEDD3
:10D22000B47AB4EEE78AF1EE10FA00F18687A3F142
:10D23000100292B2EF2A00F2A48778EE677ADFED4F
:10D24000AD6A9FEDAD7A07EEA67A3F2BBCEEC77AAA
:10D2500017EE101AA5F8E81001F241802F2B88BFB5
:10D260001A46A5F8E4203046BBF80040A5F8E030A7
:10D27000F9F7C2FA00283AD00C9B0E964FEA530CED
:10D280006408A44528BFA446099BACF1020C2CF00D
:10D29000010C043340F64C3A0D931FFA8CF900242C
:10D2A000E046C4F534630C33984594BF4E46564669
:10D2B000924A099B6708700803EB800002EB870124
:10D2C00005E051F8042BDA80120C9A80043398425E
:10D2D000F7D11C230093B5F8E23001930D98884BE9
:10D2E00032462146F9F784FB002840F07C87089CF1
:10D2F000DBF81050637B834A83490020A847002352
:10D30000637315E73046DDF84080F8F735FF0028F5
:10D31000EDD0304609994FF49C630022FFF77AFB69
:10D3200000230193179322AE1AAB3AAF009317ACC8
:10D3300000231A9333603B608EAA234690210D9000
:10D34000FBF74AFD0028D2D00D980023CDE90073E9
:10D350008EAA3346F02100F59070FBF73DFD0028C2
:10D36000C5D00023CDE900431A993A68674BDFF82E
:10D37000B4A10D98521A02FB03F30AFB01F11B0C36
:10D38000C3EB5133179952AD0AFB01F10AFB02F2CC
:10D39000490BC5E92F32C5F8C41016AB8EAA40F26E
:10D3A0001F1100F20230FBF717FD00289FD00D98E7
:10D3B00001961AAB00938EAA15AB4FF4907100F54D
:10D3C000A860FBF709FD002891D0002300930D9B76
:10D3D000019703F5F0608EAA00234FF49071FBF7DC
:10D3E000FBFC002883D015A80BC81A9AD6F800C0F9
:10D3F000D21A0AFB03F93B680AFB0CF4A3EB0C03FB
:10D40000DFF824C1091A0CFB01FC0AFB01F1C5F885
:10D41000CC103F4902FB01F10AFB02F2C5F8D4200F
:10D420000AFB03F2C5F8DC203A4A090C02FB03F3BD
:10D43000C1EB59310AFB00F04FEA1C4C1B0CC3EB4B
:10D440005433CCEB5030C5F8D0103349C5F8D83040
:10D450004FF0000EC5F8C8002C464FF0FF3314F80B
:10D46000012B4FF00809534043F300020A40B9F181
:10D47000010982EA5303F7D10EF1010EBEF1EC0F60
:10D48000EDD1089ADB43C5F8EC300A235373FFF75C
:10D49000F9FC224B4FF480529A61FDF7FFFA86F8AF
:10D4A00000900D97A946DDF828A00C9C0B9F4546DF
:10D4B000DDF82080049618ABCDE90253CDE9004792
:10D4C000099B4A4651464046FEF7E4F93378002B63
:10D4D00040F0548718B1FBF78FFD0028EAD11048BF
:10D4E00027E600BF14010020F902154F8096984CE2
:10D4F0008096984BE8385BB500007C42785C010868
:10D50000545A0108F486010818870108A82A040063
:10D51000A64A07004E750B002083B8ED00040048B2
:10D520004C870108AA0A0100541502003046F8F79A
:10D5300023FE00283FF4DBAE099960230022304629
:10D54000FFF768FA0DF5CF730DF5B77200210446A9
:10D55000F9F7DEFD00283FF4CAAE204674AB68AA96
:10D560000DF5E971F9F7D4FD00283FF4C0AE30465F
:10D5700040F27C41F9F78AF90924002840F07A84C6
:10D58000B5E63046F8F7F8FD00283FF4B0AE09994B
:10D59000502300223046FFF73DFA0DF5A971831E96
:10D5A0000E9630200D469A46AE4B0D95002147F65B
:10D5B000FF7756468E4689469C46B84607E0A74206
:10D5C000C4BF964627460131082900F0DF84CA000F
:10D5D0001C3A36F9024F12B249B136F8025C651BAB
:10D5E0002DB2A845A8BFA846AC45B8BFAC46002C94
:10D5F000E5DA9C42C4BF91462346E4E73046F8F79B
:10D60000BBFD119000283FF472AEBDF82872964C15
:10D61000099924684FF47A7C4FF44073B4FBFCF40E
:10D62000002207FB04F430460D94FFF7F3F952ADE6
:10D6300012900DF50D7A00F102098EAC0DF634074B
:10D64000B9F9001039F9020CF9F7CEFC4AF8040FC9
:10D65000574509F10409F3D10DF1E8092022002111
:10D66000484604F08FF90D9ADFF80CA213951823A1
:10D6700003FB02F30E9300224FF6FF732546174675
:10D680000F9390464C462846FFF71CF94FF0000CCC
:10D690002B1F05F15C0E53F8042F196E9E45A2EB6B
:10D6A00001029444F7D1BCF1000FC0F22C8540F682
:10D6B00094534FEA9C1203FB02F20D9B520D03FBA5
:10D6C00002F20E9B03EB12222260002F00F07A85FB
:10D6D00054F8043C934240F2F485644BD318002B79
:10D6E000B8BF5B429A4504F1040440F21C85BAB20B
:10D6F000DDF844800F920137082F05F1C00500F0D6
:10D70000A7829A46BFE73046F8F736FD00283FF477
:10D71000EEAD4FF4407300220999554C554D3046FB
:10D72000FFF778F90DF168084FF0000A22AB0246C6
:10D73000CDF834800DF1E809119351AF1296D4461B
:10D74000CDF84C80DDF844A00E92D0461646E24655
:10D75000B6F9021036F9040BF9F746FC48F8040B49
:10D76000C845F5D10E9AD4460DF1E40AD0461646C6
:10D77000CDF83CC0B6F96210B6F96000F9F734FC98
:10D7800048F8040FB84506F10406F3D1DDE90E2C84
:10D790008EAB21AE03EB0C00002196465AF8043FF5
:10D7A00056F8042F9B1AA34259DDA3F5C9237E3BEB
:10D7B000A342FADC002BB8BF5B429942B8BF1946BE
:10D7C000BA4540F8043BE9D10D9B491043F8041BCE
:10D7D0000CF1600C7246BCF5407F0D9302F1C00263
:10D7E000B0D1DDE9126800200146024658F8043B3A
:10D7F0008B42C8BF104602F10102C8BF1946082A71
:10D80000F4D11AAB8EAA53F82040602303FB00200A
:10D810004946002250F8043BA342ACBF0023012339
:10D8200001F8013B0132182ACB75F3D10020012306
:10D83000014619F8012F002940F02583002A00F045
:10D84000258319F8012C002A40F020831946012075
:10D850000133302BEDD14AE503F5C9237E33AB42CA
:10D86000FADBA7E70080FFFF14010020E0D764FC8B
:10D870003F240300C1DBFCFF40420F003046F8F7B5
:10D880007BFC804600283FF432AD099941230022F9
:10D890003046FFF7BFF80027038C0D930146841E26
:10D8A0003B46BA464FF6FF7C4FF00E09581E34F93E
:10D8B000022F00FB00F0002B00F0198434F902EC79
:10D8C00002F57A75A2EB0E02C0EBC00EAEF1C80EE7
:10D8D00009FB00F0724500F51670FFF608AD8242B4
:10D8E0003FF705AD002DB8BF6D42AAB2624505D223
:10D8F0004FEA830A1FFA8AFA944647460133102BEF
:10D90000D4D1002F3FF4F3AC8AF03009B1F8802075
:10D91000B1F822A0ADF84C91A2EB0A02B2F5FA6F71
:10D9200052ADFFF6E4AC0020120430242031B2FBEB
:10D93000F4F280464FF6FF7E0E92B44631F8022F85
:10D940000D9E961B002EB8BF7642B6B2764538BF04
:10D95000B6460AEB104403F101060F9604F548762B
:10D9600038BF9846964202F5487280F08183BDF830
:10D970003C300E9A402B10443FF4B9AC0027DDE751
:10D980003046F8F7F9FB00283FF4B1AC1023002231
:10D990000999304652ADFFF73DF8B5F88A30074691
:10D9A00003F01F09C3F3441E9B0A0024203BBA1C4A
:10D9B0000E9409F130090EF1300E0D94A446204664
:10D9C000984692460CE00D9A9342604640F2478496
:10D9D0000D93A3B294460E930134082C00F04284B8
:10D9E00037F924303AF9242009FB03F302FB08F14C
:10D9F000002BB8BF3F33002902FB0EF2B8BF1F3126
:10DA00009B11002A03EB6113B8BF3F321BB242F3F4
:10DA10008F1203FB03F302FB02338342DCD963451D
:10DA2000D1D81846D8E73046F8F7A6FB00283FF4CF
:10DA30005EAC0999202300223046FEF7EBFF01215E
:10DA4000B0F90040074605460020B5F800C035F99A
:10DA5000022F02F54873A3EB0C039BB2B3F5C86F1A
:10DA60003FF645ACA242A8BF084601F10101A8BF9C
:10DA700014462029E9D1072800F27284002300F11E
:10DA80000802D21A8EA9981812E037F9134006EE50
:10DA9000903A07EE104AF8EE666AB8EEC77AF8EEEA
:10DAA000677A01ED037A41ED027A41ED016A0133B3
:10DAB00003FB03F4834207EE904A01F10C01E4D129
:10DAC0000DF1E80949468EA8F9F7B6FB00283FF4A6
:10DAD0000EAC9DED3A6AB5EE406AF1EE10FA3FF4F5
:10DAE00006AC9DED3B7AB5EE407AF1EE10FA3FF4CC
:10DAF000FEABDDED3C6AF1EE666AC6EE877AF5EEC6
:10DB0000C07AF1EE10FAFFF6F2ABB1EE477AC7EE4B
:10DB1000066AF5EEC06AF1EE10FA7FF5E8ABB7EEF3
:10DB2000007A77EE877AFCEEE77A17EE903A9AB2AF
:10DB30003F2AC3F34E033FF6DAAB83F010033046BF
:10DB400040F21531ADF84E31F8F7A0FE042400285C
:10DB500040F09081FFF7CBBB3046F8F70DFB002873
:10DB60003FF4C5AB43F2320300258E930322012319
:10DB70008EA93046ADF83C52F7F7E0FF0999BDF8A1
:10DB80003C4212232A463046FEF744FF0146B0F8D5
:10DB900000C047882B46284604314FF6FF7544FAEB
:10DBA00003F2D2070AD531F81320D21B002AB8BFDE
:10DBB000524292B2954284BF98B215460133102B5F
:10DBC000EDD1431E0D2B3FF692AB00F10043013B1C
:10DBD00001EB430531F813206B88AD88D21A41F26E
:10DBE00087318A427FF783AB4FF6FF7294423FF44E
:10DBF0007EAB5B1B8B427FF77AAB40F2E51303FBF6
:10DC00000CF31B0CA3F5897313F1140F1AB2C0F2B5
:10DC100093842C2A40F38D844F2ACCBF0423032302
:10DC2000D24AD3490090ADF84A01ADF86C31304684
:10DC30002523ADF848C1FCF7ADFE304640F2332154
:10DC4000F8F724FE0224002840F01481FFF74FBBB0
:10DC50004246139D002A00F034830F9B6B8400938F
:10DC6000C44BC34937221A773046C04A0C23FCF70D
:10DC700091FE304640F21741F8F708FE00283FF4C5
:10DC800036AB9FEDBD7A129AF7EE007A4E4600252C
:10DC90000027144602EB85013846B1F9023003FB38
:10DCA00003FCB1F90030013003FB03C330281F44EB
:10DCB00001F10401F1D106EE907AB8EEE66A303552
:10DCC000C6EE076AB5F5C07FB1EEE66AC7EE866AB2
:10DCD000E6EC016ADCD1DFEDA98A9FEDA99A9FED00
:10DCE000A98A74AE002522AF8EAB4846224604F5C1
:10DCF000C061B2F900C0F0EC016A07EE10CAB2F9D7
:10DD000002C007EE90CAB8EEC77AF8EEE77A27EEBF
:10DD1000267A67EEA67AB2F960C027EE076A27EE88
:10DD2000277A67EEA77A83ED017A07EE10CAB2F977
:10DD300062C0C3ED027A07EE90CAB8EEC77AF8EE79
:10DD4000E77A27EE267A67EEA67A83ED006AC0327C
:10DD500027EE076A27EE277A67EEA77A914283EDCE
:10DD6000186A83ED197AC3ED1A7A03F10C03C0D156
:10DD7000102239468EA8F9F75FFA00283FF4B7AAB7
:10DD800097ED007A97ED015AF1EEC77AF1EE006A4D
:10DD900027EE267AD7ED026A25EE056A17EE266A87
:10DDA000B6EE007A87EE274AF1EEC63AF6EE086A3A
:10DDB00037EEE66AF0EE477A46EE287A54EE236AAA
:10DDC000F7EE005A44EE055AF3EE0F4AF4EEE47A09
:10DDD000B0EE666AF1EE10FAF0EE476A45EE896A37
:10DDE00006EE287A00F378829FED666AF4EE467AB2
:10DDF000F1EE10FA48BFF0EE487AFCEEE77A9FEDBC
:10DE0000626A17EE903AF4EEC66AF1EE10FA9BB22F
:10DE100000F35F82DFED5B7AF4EE676AF1EE10FAF1
:10DE200048BFF0EE486AFCEEE66AF3EE0F7A16EEB3
:10DE3000902AB4EEE77AF1EE10FA92B200F346823D
:10DE4000DFED507AB4EE677AF1EE10FA48BFB0EE2B
:10DE5000487ABCEEC77A43EA822317EE102A0135CE
:10DE600043EA4213182D26F8023F04F104047FF41C
:10DE70003BAF0724089B5C73FBF7BEF800287FF4D8
:10DE80004CA9FFF755B9002A6AD001300133302B75
:10DE90007FF4CFACA0F10C03082B3FF628AA01EBCE
:10DEA000500100E018391729FCD889B28B009BB2C9
:10DEB00003F13004A4B25F2CADF8501140F2598246
:10DEC0006021B4FBF1F201FB124292B200271C4622
:10DED000B94613460125254A25490093304621239A
:10DEE000FCF758FD214A2249009422233046FCF7D2
:10DEF00051FD03241D4A1E49009501233046FCF7BD
:10DF000049FD1A4A1A49009402233046FCF742FDA3
:10DF10002346164A1649CDF800903046FCF73AFDE4
:10DF2000124A1349009704233046FCF733FD0F4A89
:10DF30000F49009505233046FCF72CFD00230B4AC2
:10DF40000B49009330460623FCF724FD304640F28F
:10DF5000ED31F8F79BFC062400288BD1FFF7C7B9F9
:10DF60000B2897D81046114672E400BF545A010896
:10DF7000785C010808000020000040420000804258
:10DF8000000000420000000000007C42ACF51C5C78
:10DF9000ACF1100C1FFA8CFC44F6206294450D9DE8
:10DFA0003FF6A5A9B8F1000F7FF4A1A913F5004F22
:10DFB00000F0808147F6FF72974200F0C381AEEB1C
:10DFC000090EBEF1080F7FF492A9FF1ADB0093FB44
:10DFD000F7F3A9EB03030FFA83FEBEF1000FC0F2C3
:10DFE0009081BEF11F0F3FF782A91FFA8EFECA4B28
:10DFF00025F802EF58730130C0B23A280AF1100A2E
:10E000007FF4D2AA0E9E0C9A099980230093304681
:10E01000C24BFEF7C9FCBDF85401BDF84E41C04AE1
:10E02000C049009007233046FCF7B4FCBC4ABD4908
:10E03000009408233046FCF7ADFC0323B84AB949E5
:10E04000009330460923FCF7A5FC0623B44AB549E2
:10E05000009330460A23FCF79DFC304640F2D6314F
:10E06000F8F714FC052400287FF404AFFFF73FB94C
:10E07000A24203F10103FFF47AAC0E9A9BB2402B4B
:10E0800010447FF45BAC6646002F3FF430A90123B7
:10E09000A5F80A8000934FF47E5360460C9A0999C4
:10E0A000ADF838328EABFEF77FFC9D4A9D49CDF826
:10E0B000008026233046FCF76DFC994A9949CDF83B
:10E0C000009024233046FCF765FC304640F2C62120
:10E0D000F8F7DCFB032400287FF4CCAEFFF707B988
:10E0E000914804F0FBF80B9A1346FEF7DCBF02F5EB
:10E0F0007A72002AB8BF524292B26245FFF4F8AB7E
:10E100000123FFF7D3BBCCF1000240F694539209F0
:10E1100003FB02F20D9B520D03FB02F20E9BA3EBDD
:10E120001222FFF7D1BA5346FFF7E5BA089B1861F0
:10E130001846F7F76FFCFEF7B1BFDFED7C7ADFED35
:10E140007C6A7C4A7C4938EE277A1E4677EE277A2D
:10E150007A4BFCEEE77A0020F8EE677A103E77EE15
:10E16000677ABCEEC77A67EEA67A8DED007AFCEE90
:10E17000E77ACDED017ADBF81050A847EF2E7FF655
:10E18000B6A8DFED6A7A9FED6A7A6C4B694A6A49F4
:10E1900038EE278A002078EE277AFCEEE77AF8EE50
:10E1A000677A78EE677ABCEEC88A67EE877A8DED7B
:10E1B000008AFCEEE77ACDED017ADBF81050A84733
:10E1C000FFF795B85E4BD318002BB8BF5B429A455A
:10E1D00004F10404A7D90F97DDF84480C035012766
:10E1E0009A46FFF750BAB5F8E43001931A2300932A
:10E1F0000D984B4B32462146F8F7FAFB00283FF4C6
:10E2000076A8B5F8E63001931B2300930D98444B94
:10E2100032462146F8F7ECFB00283FF468A8B5F831
:10E22000E8300193192300930D983D4B3246214667
:10E23000F8F7DEFB00283FF45AA83346099A0E98F7
:10E2400039464C44F8F798FAA4B240F64B339C4256
:10E250007AD8AAEB090A1FFA8AFAFFF722B89C4675
:10E26000FFF7BABB0D9BB0EB530FBFF440A80E9B5A
:10E270002B842B4A2B49009330460B23FCF78AFB57
:10E280000023274A2749009330460923FCF782FBE5
:10E290007E23244900933046214A0A23FCF77AFB67
:10E2A000304640F25341F8F7F1FA00287FF4E2AD2E
:10E2B000FFF71DB847F6FF739F427FF48EAEFFF75E
:10E2C00016B8154B37221A77FFF711B8B0EE677AF8
:10E2D000BFE5F0EE466AA6E5F0EE647A8DE5012230
:10E2E000BF2BA5F8E22096BFA3F14002DA08C2F3E3
:10E2F000CF02A5F8E42003F00702A5F8E620FEF718
:10E30000B2BFCEF1000E1FFA8EFEBEF11F0F3EF619
:10E31000EEAF4EF0200E6AE608000020F83D01083E
:10E32000545A0108785C010838860108BD37063563
:10E3300000247449B4860108E0860108307B010896
:10E34000E0D764FCCE4648E60E9E4FF4AE713046F0
:10E35000F8F79CFA012400287FF48CADFEF7C7BFC4
:10E360001728A0F107037FF68AABC3F12002FFF75D
:10E3700089BB03274FF001090025ACE50D9F00285C
:10E380003FF4ADA8DFF80082FEF77CFD4FF4805328
:10E39000C8F81830FCF782FB0C9B00930899099B86
:10E3A0000A984A46FAF790FE00285FD00898F7F7D7
:10E3B0008FFE00285DD0FEF765FDDDE908460C9D67
:10E3C000CA464FF48053C8F81830FCF767FB23683F
:10E3D0005B4A934216D00020DBF81030594A5A4964
:10E3E00098475A4803F07AFF089C2046F7F7EEFB5F
:10E3F0000B9B00930799099B0A982246F9F732F87C
:10E40000FEF7DEBDA068F8F7DDF9A0680121F8F796
:10E41000B3FA0023DDF828903B701BE02046F8F7A4
:10E4200073FA002844D0FAF7E7FD00283DD02A46C9
:10E4300031462046F7F71EFD00283CD08EABCDE9D3
:10E4400000730B9A18AB31464846FBF77DFA48B388
:10E450003B7883B900953346524621464846FAF741
:10E4600033FE0028DAD13A48FEF763BE3948FEF79A
:10E4700060BE3948B6E72046F7F72AFE0028F8D0F4
:10E48000FEF700FD9DF8883234480D9399461946F1
:10E4900003F036FF4B468BB90A2003F0BFFEF6F7B8
:10E4A00051FB8EE72E48FEF744BE2E48FEF741BED4
:10E4B0002D48FEF73EBE2D48FEF73BBE2C4803F02C
:10E4C0001FFF8EAB0C9300230E9499460C9BDFED3F
:10E4D000297AF3EC016A284C28490C93F5EEC06ABE
:10E4E000F1EE10FAB7EE006ABFEE007A58BFB0EE58
:10E4F000467A46EE877A58BF21462148DFED216AE9
:10E50000BCEEE77A09F10109B8EE476A17EE102A66
:10E5100077EEC67A5FFA89F967EEA67AFCEEE77ABB
:10E5200017EE903A03F0ECFE0D9B4B45CED10E9CBE
:10E53000B2E70223FFF774BB0123FFF771BB00BFF3
:10E540000EB03713147401082C740108C087010839
:10E55000E087010878870108A08701088088010802
:10E5600058880108248801080888010840880108A3
:10E5700098880108BD370635307B0108AC7A010860
:10E580009C880108002474490004004890F8413038
:10E59000026803F02803282B05D008210023D1614D
:10E5A00080F840307047C1689369022930B494699B
:10E5B0009368D56812D1C3F3C21383EA144313F0EE
:10E5C00006030BD1816C01318164816C02290CD16D
:10E5D00008218364D16180F8403006E0136800218F
:10E5E00023F0B803136080F8401030BC704700BFC0
:10E5F0002DE9F04F89B00493002900F0888002F0E3
:10E6000003077D1EC2F300130295DFF8D0B1704CF2
:10E61000059302F4403500234FF00108039592461C
:10E62000019708FA03FC1CEA01066CD0029F5A000D
:10E6300003259540012F6FEA05056BD9019F032F34
:10E6400040F0BA80D0F800C0019F0CEA050C07FA30
:10E6500002F242EA0C020260039A002A53D0DBF86D
:10E66000602042F00102CBF86020DBF8602023F04C
:10E67000030505F1804502F0010205F5803507929A
:10E6800003F0030C079AD5F808E04FEA8C0C0F2230
:10E6900002FA0CF2B0F1904F2EEA020215D04D4F63
:10E6A000B8427BD04C4FB8427FD0DFF834E17045A0
:10E6B0006DD0DFF830E170450CBF4FF0040E4FF025
:10E6C000070E0EFA0CFE42EA0E02AA60A268F5439B
:10E6D0001AF4801F0CBF2A403243A260E2681AF489
:10E6E000001F0CBF2A403243E26062681AF4003F08
:10E6F0000CBF2A403243626022681AF4803F0CBF8C
:10E700002A4032432260013331FA03F289D109B041
:10E71000BDE8F08FD0F80890129F09EA050907FAC2
:10E7200002FE4EEA090EC0F808E0D0F804E0059FAA
:10E730002EEA0C0E07FA03FC4CEA0E0CC0F804C0DB
:10E74000049FD0F80CE007FA02FC019F0EEA050EC8
:10E750004CEA0E0C022FC0F80CC07FF473AF4FEAE6
:10E76000D30900EB890903F0070CD9F820704FEAB0
:10E770008C0C4FF00F0E0EFA0CFE27EA0E0E139FB4
:10E7800007FA0CFC4CEA0E0CC9F820C05AE74FF00F
:10E79000030E0EFA0CFE42EA0E0296E74FF0010E4F
:10E7A0000EFA0CFE42EA0E028FE74FF0020E0EFA4E
:10E7B0000CFE42EA0E0288E7D0F80CE0049F0EEA55
:10E7C000050E07FA02FC4CEA0E0CC0F80CC039E743
:10E7D0000004014000040048000800480010024006
:10E7E000000C00480010004870B5444D95F84130C9
:10E7F0002C689CB0002B46D0242385F84130226839
:10E800006B6822F0010223F0706322602361A36829
:10E81000EA6823F40043012AA360AB6809D043F4FB
:10E820000443022AA36007D1636843F40063636072
:10E8300006E043F40043A360636823F4006363606D
:10E8400062682B6942F0007242F4004262606A69B9
:10E85000E1681343AA6921F4004143EA0223EA690B
:10E86000E160E3602B6A13432360236843F00103F4
:10E87000236000202023686485F84130286385F8F0
:10E8800042001CB070BD03F0FF015C2205A885F8B2
:10E89000401003F077F81A4B9C42ADD1802305A8B5
:10E8A0000593F5F753FD064630BB164C1648E36C4E
:10E8B00043F00203E364E36C042203F002030493D5
:10E8C0000192032204990092012312224FF4406125
:10E8D000FFF78EFEA36D43F48003A365A36D03F4DD
:10E8E0008003039321203146039BFEF7A1FA074BD7
:10E8F00002225A602C687FE7F5F7B6FB6002002021
:10E9000000580040001002400004004800E100E010
:10E910002DE9F04F5D4C666A85B0002E55D16368D5
:10E92000B3F5827F00D0E66194F85D20256800236E
:10E93000A36202F0FF07002A51D0022384F85D3061
:10E940002B68E26823F04003B2F5E06F2B6040D8FB
:10E950004FF4805101D00023A362636802F4706C0D
:10E96000A26803F4827302F404421343226902F0A2
:10E9700002021343626902F001021343626B06F064
:10E98000100E02F00800D4E9062640EA0E0006F058
:10E99000380E266A40EA0C0006F0800C02F400767D
:10E9A000334343EA0E03120C43EA0C0302F0040261
:10E9B0002B6040EA02030B436B60002001232066BA
:10E9C00084F85D3005B0BDE8F08F0023C4E904335E
:10E9D000AAE7B2F5706F4FF00001BED0BBE72C4B39
:10E9E00084F85C709D42A8D103F5604305211A6E3E
:10E9F000DFF8AC8042F480521A661A6E02F480523C
:10EA00000392039ADA6C42F00102DA64DB6C019142
:10EA100003F001030293029B0323009302223B466F
:10EA2000E0214FF09040FFF7E3FD1A4901234046F3
:10EA30004FF0800B4FF4807A4FF48069C8E90013DF
:10EA4000C8E90277C8E90777C8E904BAC8F8189096
:10EA5000FEF74CF90123B8B90F4FC4F858807B601A
:10EA60000E4BF860C7E907003B6038461023C7E942
:10EA700004BAC8F82840C7F81890BB60FEF736F90A
:10EA800010B96765BC6258E7F5F7EEFA9000002010
:10EA9000003001401C00024088010020300002408C
:10EAA0004001002000284BD00268264913688A42A2
:10EAB00023F0010310B4136027D9234B23491344D7
:10EAC000A1FB03131B09224901649B00002443643A
:10EAD000146003F01C0301229A401E4C4A60D4F8D3
:10EAE000A8240F2101FA03F322EA0303C4F8A8348F
:10EAF0000023C363C0E90B33C0E90D335DF8044B59
:10EB000080F8253080F824307047134B0F491344A8
:10EB1000A1FB03131B090F4901649B0000244364FC
:10EB2000146003F01C0301229A404A60D1F8A82027
:10EB30000F2404FA03F322EA0303C1F8A830D7E74D
:10EB4000704700BF07040240F8FBFDBFCDCCCCCC22
:10EB50000004024000000240F8FFFDBF034613F826
:10EB6000012B002AFBD1181A0138704753B94AB952
:10EB7000002908BF00281CBF4FF0FF314FF0FF30C5
:10EB800000F036B9ADF1080C6DE904CE04F0CCFA12
:10EB9000DDF804E0DDE9022304B0704770B54FF002
:10EBA000FF0C4CF4E06C1CEA11541DBF1CEA135519
:10EBB00094EA0C0F95EA0C0F00F0DEF82C4481EA81
:10EBC000030621EA4C5123EA4C5350EA013518BFA1
:10EBD00052EA033541F4801143F4801338D0A0FB8E
:10EBE00002CE4FF00005E1FB02E506F00042E0FB3B
:10EBF00003E54FF00006E1FB03569CF0000F18BF41
:10EC00004EF0010EA4F1FF04B6F5007F64F54074E8
:10EC100004D25FEA4E0E6D4146EB060642EAC6217B
:10EC200041EA55514FEAC52040EA5E504FEACE2EE8
:10EC3000B4F1FD0C88BFBCF5E06F1ED8BEF1004FEB
:10EC400008BF5FEA500E50F1000041EB045170BD67
:10EC500006F0004646EA010140EA020081EA0301AB
:10EC6000B4EB5C04C2BFD4EB0C0541EA045170BDA7
:10EC700041F480114FF0000E013C00F3AB8014F121
:10EC8000360FDEBF002001F0004170BDC4F100046A
:10EC9000203C35DA0C341BDC04F11404C4F12005EB
:10ECA00000FA05F320FA04F001FA05F240EA020046
:10ECB00001F0004221F0004110EBD37021FA04F67C
:10ECC00042EB06015EEA430E08BF20EAD37070BD36
:10ECD000C4F10C04C4F1200500FA04F320FA05F095
:10ECE00001FA04F240EA020001F0004110EBD37097
:10ECF00041F100015EEA430E08BF20EAD37070BD07
:10ED0000C4F1200500FA05F24EEA020E20FA04F3DF
:10ED100001FA05F243EA020321FA04F001F000418E
:10ED200021FA04F220EA020000EBD3705EEA430EFF
:10ED300008BF20EAD37070BD94F0000F0FD101F02E
:10ED40000046400041EB010111F4801F08BF013C67
:10ED5000F7D041EA060195F0000F18BF704703F0A5
:10ED60000046520043EB030313F4801F08BF013D2C
:10ED7000F7D043EA0603704794EA0C0F0CEA1355E8
:10ED800018BF95EA0C0F0CD050EA410618BF52EAA2
:10ED90004306D1D181EA030101F000414FF00000A8
:10EDA00070BD50EA410606BF1046194652EA4306B6
:10EDB00019D094EA0C0F02D150EA013613D195EA2A
:10EDC0000C0F05D152EA03361CBF104619460AD172
:10EDD00081EA030101F0004141F0FE4141F470017C
:10EDE0004FF0000070BD41F0FE4141F4780170BD6C
:10EDF000704700BF81F0004102E000BF83F0004394
:10EE000030B54FEA41044FEA430594EA050F08BFC5
:10EE100090EA020F1FBF54EA000C55EA020C7FEA89
:10EE2000645C7FEA655C00F0E2804FEA5454D4EB06
:10EE30005555B8BF6D420CDD2C4480EA020281EAD0
:10EE4000030382EA000083EA010180EA020281EA08
:10EE50000303362D88BF30BD11F0004F4FEA01315A
:10EE60004FF4801C4CEA113102D0404261EB410169
:10EE700013F0004F4FEA03334CEA133302D05242EF
:10EE800063EB430394EA050F00F0A780A4F10104AB
:10EE9000D5F1200E0DDB02FA0EFC22FA05F28018E5
:10EEA00041F1000103FA0EF2801843FA05F35941CB
:10EEB0000EE0A5F120050EF1200E012A03FA0EFC4A
:10EEC00028BF4CF0020C43FA05F3C01851EBE37174
:10EED00001F0004507D54FF0000EDCF1000C7EEB91
:10EEE00000006EEB0101B1F5801F1BD3B1F5001FCF
:10EEF0000CD349085FEA30004FEA3C0C04F10104EE
:10EF00004FEA445212F5800F80F09A80BCF1004F16
:10EF100008BF5FEA500C50F1000041EB045141EA98
:10EF2000050130BD5FEA4C0C404141EB0101013C61
:10EF300028BFB1F5801FE9D291F0000F04BF014650
:10EF40000020B1FA81F308BF2033A3F10B03B3F122
:10EF500020020CDA0C3208DD02F1140CC2F10C02B2
:10EF600001FA0CF021FA02F10CE002F11402D8BF10
:10EF7000C2F1200C01FA02F120FA0CFCDCBF41EADC
:10EF80000C019040E41AA2BF01EB0451294330BDAB
:10EF90006FEA04041F3C1CDA0C340EDC04F1140488
:10EFA000C4F1200220FA04F001FA02F340EA03005F
:10EFB00021FA04F345EA030130BDC4F10C04C4F1A5
:10EFC000200220FA02F001FA04F340EA0300294685
:10EFD00030BD21FA04F0294630BD94F0000F83F4CF
:10EFE000801306BF81F480110134013D4EE77FEAB2
:10EFF000645C18BF7FEA655C29D094EA050F08BFFE
:10F0000090EA020F05D054EA000C04BF19461046DE
:10F0100030BD91EA030F1EBF0021002030BD5FEA22
:10F02000545C05D14000494128BF41F0004130BD4A
:10F0300014F580043CBF01F5801130BD01F000459E
:10F0400045F0FE4141F470014FF0000030BD7FEA11
:10F05000645C1ABF194610467FEA655C1CBF0B460C
:10F06000024650EA013406BF52EA033591EA030F23
:10F0700041F4002130BD00BF90F0000F04BF00211B
:10F08000704730B54FF4806404F132044FF000054E
:10F090004FF0000150E700BF90F0000F04BF0021C7
:10F0A000704730B54FF4806404F1320410F000452D
:10F0B00048BF40424FF000013EE700BF42004FEA28
:10F0C000E2014FEA31014FEA02701FBF12F07F43A5
:10F0D00093F07F4F81F06051704732F07F4208BF5C
:10F0E000704793F07F4F04BF41F40021704730B563
:10F0F0004FF4607401F0004521F000411CE700BFAF
:10F1000050EA010208BF704730B54FF000050AE031
:10F1100050EA010208BF704730B511F0004502D532
:10F12000404261EB41014FF4806404F132045FEA34
:10F13000915C3FF4D8AE4FF003025FEADC0C18BFDD
:10F1400003325FEADC0C18BF033202EBDC02C2F1CF
:10F15000200300FA03FC20FA02F001FA03FE40EA61
:10F160000E0021FA02F11444BDE600BF4A0011D29C
:10F1700012F5001211D20DD56FF47873B3EB625211
:10F180000ED44FEAC12343F0004343EA505323FA1D
:10F1900002F070474FF00000704750EA013002D192
:10F1A0004FF0FF3070474FF0000070470348044BAA
:10F1B000834202D0034B03B11847704788000020F8
:10F1C00088000020000000000548064B1B1AD90FDC
:10F1D00001EBA301491002D0034B03B1184770475C
:10F1E00088000020880000200000000010B5064CB8
:10F1F000237843B9FFF7DAFF044B13B10448AFF3A8
:10F2000000800123237010BD900400200000000046
:10F21000E433010808B5054B1BB105490548AFF3B8
:10F220000080BDE80840FFF7CFBF00BF000000002E
:10F2300094040020E43301081B491C4BCA682DE9E3
:10F2400080484FF6FF0002401343C1B00F20CB604F
:10F25000F2F760FD002800F064820021442218A823
:10F2600002F090FB0023CDE90833CDE90A331049C1
:10F270000C930B6803F4C063B3F5007F29D00B68CF
:10F280000C4A23F4C06343F400730B6013684A69AB
:10F290003220570500FB03F30748B3FBF0F303F1FB
:10F2A000010311D50BE000BF00ED00E00003FA05FB
:10F2B000007000400000002040420F0023B14A6966
:10F2C000560503F1FF33F9D4B94B5B695D0500F1D5
:10F2D000C6810A23189325934FF010084FF48073CA
:10F2E000CDE91B3802260723012718A82693CDE96C
:10F2F0002266CDE927661D972497F2F735FD034670
:10F30000002840F0AC81CDE90A330C9308A80F2304
:10F310004FF003090421CDE90839F2F7FFFF044655
:10F32000002840F09C81A34DDFF8ACA2EB6C334386
:10F33000EB64EB6C33400593059BEB6C43F080036F
:10F34000EB64EB6C03F080030493049BEB6C3B4396
:10F35000EB64EB6C3B4003934FF0904B039B41F20B
:10F360000123CAF828304FF48812CBF8288033469E
:10F37000CDE9000008215046FFF73AF9334622460E
:10F38000CDE900448C480921FFF732F9334658464D
:10F39000CDE900444FF444124FF40061FFF728F91F
:10F3A00023463A465046CDE9009441F20121FFF749
:10F3B0001FF95046334622463146CDE90094FFF707
:10F3C00017F9334658463A464146CDE90094FFF7CF
:10F3D0000FF921460920FDF72BFDDFF800924FF4CD
:10F3E0000076C9F8006028202146FDF721FD4FF482
:10F3F0008073C9F80430AB6C3B43AB64AB6C3B40EF
:10F40000029321460C20029BFDF712FD4FF480531E
:10F41000C9F800300D202146FDF70AFD4FF40053D6
:10F42000C9F8003040462146FDF702FD4FF4803315
:10F43000C9F8003011202146FDF7FAFC4FF40033E3
:10F44000C9F800305D4DC5E98F44C5E99444C5F85D
:10F450004442C5F858425A4C4FF4E133C5E98D4354
:10F4600005F50D700C244FF44073C5E99243F5F790
:10F47000C5F8002840F0F3800723524A6B63082345
:10F48000C5E90E034FF48273C5E902234FF470639C
:10F49000C5E90600C5E90900C5E90B002E6228612F
:10F4A0006B61FFF735FA002840F0D9804649474B99
:10F4B000C5F8F801C5E97613A423C5E97837C5E98D
:10F4C0007A00C5E97C00FFF78FF90246002840F07A
:10F4D000C68095F81932202BDEB240F0C08095F836
:10F4E0001832BB4200F0BB80D5F8D831242085F813
:10F4F0001902196821F001011960196821F480517D
:10F5000019601968196019683943196085F819621A
:10F5100095F8191285F818222029CEB240F09F8064
:10F5200085F81902196821F001011960196821F4A0
:10F5300070611960196839431960254BC5F8BC32F0
:10F5400005F52F704FF46123C5E9B442C5E9B03227
:10F55000C5E9B222C5E9B62285F8196285F81822F4
:10F56000C5F8E022F5F74AF80446002877D12C22A6
:10F5700001460DA802F006FA164AC5F8AC401F2352
:10F58000C5F8983095F8B130C5E9242440F2E73247
:10F59000C5E92724C5E92944002B00F098800D4BCC
:10F5A000022285F8B120DA68D2065AD518E000BFE9
:10F5B0000070004000100240001C0048880000203D
:10F5C000004400400030014000580040E49CD1104D
:10F5D00000380140002800400004004800E100E03D
:10F5E00095F8B0300124A34285F8B14037D0D5F862
:10F5F000903085F8B0404FF00209CA27532685F8AD
:10F60000B1905F625E62FDF757FAD5F8903008BBA3
:10F610009A6818609A6822F480229A609A689A60C0
:10F62000FDF770FAD5F890304FF0FF08C3F824804A
:10F6300090B985F8B14085F8B1905F625E6285F857
:10F64000B040FDF739FA00287FD0D5F89030C3F8E4
:10F65000248001E0FF225A62002385F8B030F4F7DD
:10F6600003FDCA21532259625A62FDF725FAC8B92F
:10F67000D5E924329968D5F8A00021F4E00121F001
:10F68000400199600243D5F8A800996802430A43F3
:10F69000D5F89C109A6019611A69D5F8981042EA59
:10F6A00001421A61FDF72EFAD5F89030002877D183
:10F6B000D96CD5F8AC20D5F8A40021F00301D964A9
:10F6C000D96C02430A43FF21DA64596288E70021BA
:10F6D00054222AA885F8B0104FF4007702F052F9AE
:10F6E0004FF4003329A829933F97F4F72FFE0446DF
:10F6F0000028B4D12C4AD2F8903043F4004301469C
:10F70000C2F890300320FDF793FB0823C9F80030BE
:10F7100029202146FDF78CFBC9F80470D5F89030FC
:10F720003EE7214B1A6E42F001021A661A6E02F091
:10F7300001020792079A9A6D42F080529A659B6D7A
:10F7400003F080530693069B87E5D5F8903042F28C
:10F7500001125A60FDF7D6F9D5F890200346C2F899
:10F76000248000287FF478AF4FF480720DA8CDE993
:10F770001033CDE9143385F8B14085F8B030ADF8D9
:10F7800034308DF836300E9312938DF8584017921E
:10F79000FDF7E0F900287FF462AFFDF77BFBFEE7A1
:10F7A000FF225A62F4F760FC001002404FF400534D
:10F7B0004B600020704700BF4FF0FF30704700BF24
:10F7C00001207047002070474FF0FF30704700BFA6
:10F7D00010B54FF6FF731446024892B2F5F70EFECD
:10F7E000204610BD44030020DFF834D0F4F70EFDAE
:10F7F0000C480D490D4A002302E0D458C45004338C
:10F80000C4188C42F9D30A4A0A4C002301E0136061
:10F810000432A242FBD302F091F8FFF70DFDFEE7A0
:10F82000000001200000002088000020008D010859
:10F8300088000020FC050020FEE700000C490D4A6E
:10F840000B6810B50C4C121B2BB11844904207D812
:10F850000860184610BD094B0B6018449042F7D958
:10F8600002F066F80C2303604FF0FF33184610BD1A
:10F87000AC0400200000012000140000000600205D
:10F8800008B52DED028BB0EE408A01F03BF8B4EEE6
:10F89000488AF1EE10FA0FD6B5EEC08AF1EE10FAF2
:10F8A0000AD8B5EE408AF1EE10FA08D102F040F81D
:10F8B00022239FED090A0360BDEC028B08BD02F014
:10F8C00037F8BDEC028B034621221A600348BDE8DD
:10F8D000084000F037B900BF000080FF307B01080E
:10F8E00008B52DED048BB0EE608AB0EE409A01F0C1
:10F8F0006BF8B4EE488AF1EE10FAF0EE408A0BD6BF
:10F90000B5EE409AF1EE10FA17D1B5EE408AF1EE5D
:10F9100010FA06D1F7EE008AB0EE680ABDEC048B4F
:10F9200008BDB0EE480A00F06DFC0028F4D0B5EE3A
:10F93000C08AF1EE10FAEFD525E000F063FC88B143
:10F94000F5EE408AF1EE10FAE6D1B0EE490A00F089
:10F9500059FC0028E0D0B0EE480A00F053FC002823
:10F96000DAD010E0B0EE490A00F04CFC0028E7D0F5
:10F97000B0EE480A00F046FC0028E1D0F4EE688AB8
:10F98000F1EE10FA04D601F0D3FF22230360C3E79F
:10F9900001F0CEFF21230360BEE700BF10EE103A56
:10F9A000194923F000428A421BD9B2F1FF4F02D31A
:10F9B00030EE400A704700B583B0684600F072FA36
:10F9C00000F003000128DDED010A9DED000A13D0CF
:10F9D00002280BD098B9012000F03CF903B05DF883
:10F9E00004FBDFED0A0A002000F034B9012000F02A
:10F9F00031F9B1EE400AF1E700F0AAF8EEE700F0C5
:10FA0000A7F8B1EE400AE9E7D80F493F000000002F
:10FA100010EE103A114A23F00043934218D9B3F183
:10FA2000FF4F02D330EE400A704700B583B06846FE
:10FA300000F038FA400000F00200DDED010A9DED13
:10FA4000000AC0F1010000F04DF903B05DF804FBBD
:10FA5000DFED030A012000F045B900BFDA0F493F8E
:10FA60000000000010EE102AC2F3C7537F3B162B94
:10FA700022F0004129DC002B104618DB1A491941FD
:10FA80000A4221D0DFED197A70EE277AF5EEC07ABE
:10FA9000F1EE10FA18DD002A04DA4FF4000242FAFF
:10FAA00003F3184420EA010300EE103A7047DFED3B
:10FAB0000F7A70EE277AF5EEC07AF1EE10FA03DDD8
:10FAC000002A08DB9FED0A0A7047B1F1FF4FFBD314
:10FAD00030EE000A7047DFED077A0029BFEE000A1A
:10FAE00008BFB0EE670A7047FFFF7F00CAF2497196
:10FAF000000000000000008010EE103AC3F3C7526F
:10FB00007F3A162A194615DC002A0CDB0C481041F6
:10FB1000184205D04FF4800313410B4423EA00033D
:10FB200000EE103A7047013203F00043F8D143F081
:10FB30007E53F5E7802AF3D130EE000A704700BF0C
:10FB4000FFFF7F009FED010A704700BF0000C07FEC
:10FB500010EE103A23F00043B3F1485F2CD2FDEED3
:10FB6000C07A17EE903A002B60D060EE007A9FEDDD
:10FB7000317A9FED315ADFED315A9FED316ADFED79
:10FB8000316AA7EE875A9FED307AE7EE855AA7EEE5
:10FB9000A56AA7EE867AE7EE876A67EEA66A60EE48
:10FBA000C00AB6EE007AE7EEA60AB7EE000AD7EE74
:10FBB000870A30EE600A704760EE007A9FED1D7A8A
:10FBC0009FED1D5ADFED1D5A9FED1D6ADFED1D6A89
:10FBD0001E4AA7EE875A93429FED1B7AE5EE275AFD
:10FBE000A5EEA76AA6EE277AE7EE276A66EEA76A71
:10FBF000D5D9174A934214D803F17F4307EE103A40
:10FC0000B7EE006A36EE476A60EEC00AF6EE005ABA
:10FC100097EEA57AE7EEA60A37EE607A36EE470A47
:10FC20007047B6EE076AB5EE027AEDE7B7EE000A66
:10FC3000704700BF4ED747ADF6740F317CF293B4D6
:10FC4000010DD037ABAA2A3D610BB6BA9999993EFE
:10FC50000000483F10EE103A23F00043B3F1485F34
:10FC600004D2FDEEC07A17EE903A5BB360EE007AF4
:10FC70009FED157ADFED155A9FED156ADFED156AD8
:10FC8000E7EE875A9FED147AA5EEA76A20EE275A71
:10FC9000E6EE276AA6EEA77A30B9DFED106AE7EE46
:10FCA000876AA6EE850A704727EE457AF6EE006A67
:10FCB000A0EEA67ADFED0A6AD7EE270AE5EE260A5D
:10FCC00030EE600A704700BFD3C92E2F342FD7B251
:10FCD0001BEF3836010D50B98988083CABAA2ABE03
:10FCE000ABAA2A3E08B510EE103A23F00042B2F15A
:10FCF000465FF0EE407A0FD2BDEEC07A17EE101AD2
:10FD0000F9B9431C134300F09F80012803D0BFEED4
:10FD1000007A87EE270A08BD50498A4211D39FED29
:10FD2000507ADFED506A002BBCBFF1EE600AF1EEB5
:10FD3000407A77EE677A36EEE07ADFED4B0A77EEBF
:10FD4000277A67EEA76ADFED494ADFED495A9FED52
:10FD5000495A9FED496A414926EEA67A8A42E7EE62
:10FD6000245AA7EE056ADFED454A9FED455AE5EEB8
:10FD7000874AA6EE075ADFED435A9FED436AE4EE49
:10FD8000875AA5EE076ADFED414A9FED415AE5EE3D
:10FD9000874AA6EE075A9FED3F6ADFED3F5AA4EE71
:10FDA000876AE5EE075AB0EE467AA5EEA67A27EE08
:10FDB000A65AB0EE606AA7EE056ADFED384AE6EEB5
:10FDC000260AE5EE240A37EEA00A1FD20128A2D0A7
:10FDD000BFEE007AC7EE006A314B10EE102A1A40CF
:10FDE00006EE102A16EE902A76EE677A134000EEA1
:10FDF000103AB7EE007A70EEE70AF0EE477AE6EED8
:10FE0000007AE0EE807AA7EEA60A08BD07EE100A97
:10FE1000B8EEC77A60EE006A30EE070A9B1786EEEE
:10FE2000806A03F00203C3F10103F0EE005A36EEDC
:10FE3000606A06EE903A77EEC67AF8EEE66AA7EECA
:10FE4000E57A26EE870A08BD00F0D0F9B7EE007A11
:10FE5000F0EE407A87EE270A08BD00BF40A12C3F94
:10FE6000DA0F493F68212233000000005FAE9BB7E4
:10FE700045F4A3388453D9377AC09538C8261A3A3E
:10FE8000B937813916696B3B48DEBE3AA427B33CCB
:10FE90001F37113C8988083ED10D5D3DABAAAA3EB3
:10FEA00000F0FFFF70B510EE103A884A23F00044CE
:10FEB000944286B0054671D9854A94421E4624D89C
:10FEC00023F00042002BDFED837A834922F00F02FA
:10FED000B0EE407A40F3E0808A4270EE677A09BF64
:10FEE0009FED7E7ADFED7E6ADFED7E6A77EEC77A80
:10FEF00037EEE67A77EEC77A80ED007A77EEE67A2B
:10FF0000C0ED017A012006B070BD774A944252D903
:10FF1000B4F1FF4F48D2E215863AA4EBC25307EE84
:10FF2000903ABDEEE77ADFED716AB8EEC77A77EE08
:10FF3000C77A8DED037A67EEA67ABDEEE77AB8EE62
:10FF4000C77A77EEC77A8DED047A67EEA67AF5EE7A
:10FF5000407AF1EE10FACDED057A40F09880B5EEDA
:10FF6000407AF1EE10FA0CBF01230223604901919F
:10FF70000221009103A8294600F0A6F9002EC2DA5A
:10FF800095ED007AD5ED017AB1EE477AF1EE677A18
:10FF900085ED007AC5ED017A4042B4E7002285ED97
:10FFA000000A42600020AEE770EE407AC0ED017AB0
:10FFB000C0ED007AF6E700F019F99FED4E7A9FED5B
:10FFC000456AF6EE007AE0EE077A9FED457AFDEE9F
:10FFD000E77A17EE900AF8EEE76A1F28A6EEC60A3F
:10FFE00066EE877AB1EE666A20DC434A411E26F04F
:10FFF000004352F8212023F0FF03934216D030EE45
:020000040801F1
:10000000677A30EE470A002E30EE670A85ED007AF7
:1000100085ED010ABFF677AFB1EE477AB1EE400A3F
:1000200085ED007A85ED010A40426CE730EE677A93
:10003000E21517EE103AC3F3C753C3EBD453082BA2
:10004000DFDD9FED267A9FED275AF0EE405AE6EE6F
:10005000075A70EE657AE6EE077AD6EE857A35EEC7
:10006000E77A17EE103AC3F3C753D21A192A10DDF4
:100070009FED227A9FED225AB0EE650AA6EE070A9E
:1000800075EEC07AE6EE077AD6EE857AB7E70323F7
:100090006CE7B0EE650AB4E78A4270EE277A09BFD2
:1000A0009FED0E7ADFED0E6ADFED0E6A77EE877A4E
:1000B00037EEA67A77EEC77A80ED007A77EEA67AE9
:1000C000C0ED017A4FF0FF301DE700BFD80F493F68
:1000D000E3CB1640800FC93FD00FC93F00443537EE
:1000E0004344353708A3852E800F494300008043E1
:1000F0005C89010884F9223FDC88010800A3852E71
:1001000032318D2408B52DED028BB0EE408A00F01F
:100110009DFFF0EE408AB0EE480A00F073F868B137
:10012000DFED127AB4EEE78AF1EE10FA0BDCDFEDC8
:10013000107AB4EEE78AF1EE10FA0FD4B0EE680A46
:10014000BDEC028B08BDDFED0B8A01F0F1FBB0EED8
:10015000680ABDEC028B2223036008BD01F0E8FBB6
:100160002223DFED058A0360E8E700BF1772B14282
:10017000B5F1CFC20000807F0000000010EE103A01
:10018000184923F000428A421AD9B2F1FF4F02D334
:1001900030EE400A704700B583B06846FFF782FE34
:1001A00000F003000128DDED010A9DED000A10D0EA
:1001B000022809D090B9FFF7CBFC03B05DF804FB2F
:1001C000DFED090AFFF7C4BCFFF7C2FCB1EE400A3D
:1001D000F3E7FFF73FFDB1EE400AEEE70120FFF73E
:1001E00039FDEAE7D80F493F0000000010EE103A51
:1001F00023F0004300EE103A704700BFB1EEC00A92
:10020000704700BF10EE103A23F00040B0F1FF4FEE
:10021000ACBF00200120704708B52DED028BF0EE39
:10022000408AB0EE608A00F033F820B9B0EE480A98
:10023000BDEC028B08BDB0EE480A00F029F820B1F1
:10024000F4EEC88AF1EE10FAF0DDB0EE680ABDEC0B
:10025000028B08BD08B52DED028BF0EE408AB0EEA2
:10026000608A00F015F820B9B0EE480ABDEC028BA8
:1002700008BDB0EE480A00F00BF820B1F4EEC88AD1
:10028000F1EE10FAF0D5B0EE680ABDEC028B08BDB5
:1002900010EE103A33F000400ED0A0F50003B3F199
:1002A000FE4F0DD3074B421E9A4207D9A0F1FF40E3
:1002B000B0FA80F040097047022070470320704771
:1002C00004207047FEFF7F002DE9F04F2DED048BD9
:1002D000DBB01C46944603930A46CD4B68991CF14B
:1002E000040F53F82160824604F1FF38C0F24982BE
:1002F000BCF1030348BF0CF10403DB10029301338C
:100300004FEAC30EACEB0E030593029B16EB0800FD
:10031000A3EB080316D401309FEDBE7A699C184404
:100320001EA9002BA4BF54F8235007EE905A03F1E6
:100330000103ACBFF8EEE77AF0EE477A8342E1ECD6
:10034000017AEED1002EC0F2B182039B1EA901EB0F
:10035000830446AD4FEA83094046F7180AEB830150
:10036000B8F1000FDFEDAB7A09DBA3465346F3EC9F
:10037000016A3BED017A8B42E6EE877AF7D10130D4
:10038000B842E5EC017A04F10404E9D10DF1280B3F
:100390000BEB8603CDE9062E043B9FEDA09ADFED23
:1003A0009E8A059804930AEB090446AF0BEB860975
:1003B0000096CDF820C05AAB03EB8603002E13ED58
:1003C000140A4FEA860515DD7B195A4660EE097A54
:1003D000B0EE407AFDEEE77A73ED016AF8EEE77A67
:1003E000BB42A7EEE87A37EEA60ABDEEC77AA2ECCA
:1003F000017AEBD1019000F01DFFF4EE007AB0EE2F
:10040000408A20EE270AFFF72DFBF2EE007AA0EEDD
:10041000678A01980028FDEEC89AF8EEE97A38EE6E
:10042000678A6CDD06F1FF3EC0F108035BF82E2001
:1004300042FA03FC0CFA03F3D21AC0F1070119EED9
:10044000903A4BF82E200A416344002A09EE903A74
:1004500000F3F080B5EE408AF1EE10FA40F09D8096
:10046000009B9E420ADD5D44002355F8041D4D4566
:1004700043EA0103F9D1002B40F0F280009B013BDD
:100480005BF82330002B40F0E780049B012153F8F8
:10049000042D0131002AFAD0731C31449C46029D80
:1004A000039A05EB030E0EF1804E699D32440EF166
:1004B000FF3E07EB83061EAB05EB8E0E03EB8205BA
:1004C000DEED017AF8EEE77AB8F1000F0EF1040ED6
:1004D000E5EC017ADFED4F7A09DB2A465346F3EC6F
:1004E000016A32ED017AA342E6EE877AF7D10CF188
:1004F000010C6145E6EC017AE2DA0E465BE740F07A
:100500008F80731E5BF82320D211002AA2DD19EE22
:10051000903A002E03F1010309EE903A40F3D481A2
:1005200059464FF0000E51F8043B002B6AD0C3F53A
:10053000807341F8043C04E00B68C3F1FF0341F809
:10054000043B0EF1010E7645F6DC01239E460028A1
:100550000ADD012878D0022806D1711E5BF821300F
:1005600003F03F0C4BF821C0022A7FF473AFB7EEC3
:10057000000A734630EE488A002B3FF46BAF0992B5
:10058000019000F057FE38EE408A0198099AB5EEC6
:10059000408AF1EE10FA3FF463AF9246DDE9062E91
:1005A000DDF820C00196AEEB0C00B0EE480A009ECC
:1005B000009200F03FFEDFED186AB4EEE60AF1EEBD
:1005C00010FADDE90023F0EE407AC0F250819FED91
:1005D000137A059920EE077A0831BDEEC77A0591A6
:1005E000B8EEC77A5C1CE7EE667ABDEEC77AFDEE20
:1005F000E77A17EE901A4BF8231017EE103A4BF8E3
:10060000243046E00EF1010EB6458CDB9E469EE797
:10061000A08C010800000000000080430000803B27
:10062000F6EE007AB4EEE78AF1EE10FA80F29880E6
:1006300000220FE70133002E09EE903A3FF770AF2A
:10064000002301289E4686D1711E5BF8213003F0FD
:100650007F0C4BF821C087E7731C9C4619461EE7A8
:1006600033469246DDE905125C1EA1F108005BF8F5
:100670002410009E059061B903F18043013B0BEB10
:100680008303014653F8040D013C08390028F9D0D2
:10069000059105980092B7EE000A00F0CBFD002C02
:1006A000009AB0EE407AC0F20581601C46AD5FED65
:1006B000256A81000BEB800305EB800073ED017A66
:1006C000F8EEE77A5B4567EE877A27EE267A60EDEB
:1006D000017AF3D10DF1C8080B1F46A8C718C6460A
:1006E000A44600259146002E73DB844ADFED847A10
:1006F0003846002301E0AB4208DCF2EC016AB0ECC2
:10070000017A01339E42E6EE877AF4DA0CF1FF3C7F
:10071000BCF1FF3FEEEC017A05F10105A7F10407FA
:10072000E1D1689B022B4A4656DC002B2EDC0ED111
:10073000DFED737A414431ED017A414577EE877AF6
:10074000F9D15346002B40F0AE80C2ED007A19EE8D
:10075000903A03F007005BB0BDEC048BBDE8F08F6E
:1007600019EE903A002E03F1010309EE903AC8BF4A
:1007700002223FF7D5AEF7EE007A37EEC88A0222A2
:1007800068E600234FF0080E0293BBE59FED5C7A0C
:10079000414471ED017A414537EE277AF9D1DDED1B
:1007A000327A534677EEC77A002B75D182ED007A04
:1007B00064B133A90123B1EC017A01339C4277EE95
:1007C000877AF8DA53460BB1F1EE677AC2ED017A17
:1007D000BDE7DFED4B7A99E7689B032BB7D1002C7F
:1007E0007ED008EB840595ED007AA0002B462946C3
:1007F00071ED017AF0EE476A37EE277A414577EEE0
:10080000C77A81ED007A77EEA67AC1ED017AEFD151
:10081000012C65D095ED007A08F1040173ED017AA1
:10082000F0EE476A37EE277A994277EEC77A83ED82
:10083000007A77EEA67AC3ED017AEFD1031DDFEDE2
:10084000307A434408F1080833ED017A984577EE91
:10085000877AF9D15346DDED326A9DED337A73B96B
:10086000C2ED006A82ED017AC2ED027A6FE7FDEE19
:10087000C07A1C4617EE901A4BF8231009E7F1EEE8
:10088000666AB1EE477AF1EE677AC2ED006A82EDF0
:10089000017AC2ED027A5AE7B1EE477A82ED007A28
:1008A000002C86D190E7F1EE677A4EE7039B4FEA82
:1008B00083096BE5689B022B0EDC002B13DC7FF4B5
:1008C00046AFDFED0F7A3CE7022A7FF4C3ADF7EEC7
:1008D000007A37EEC88ABDE5689B032B7FF437AFFB
:1008E000DFED077AB6E75346DDED327A13B9002320
:1008F00013606BE74FF00043136065E7748C0108E9
:100900000000000008B510EE103A33F000422DED63
:10091000028B2CD0002B1A4632DBB3F1FF4F41DAA9
:10092000B3F5000F35DB0021D3157F3B0B44D90F06
:10093000C1F17F0103EBD373C2F3160207EE903AC5
:1009400042EAC15200EE102AB8EEE78A00F00EFD2E
:10095000DFED177A9FED177A20EE270ADFED167A82
:10096000A8EE070AA8EE270ABDEC028B08BDBDEC75
:10097000028B9FED127ADFED127A87EE270A08BD0F
:10098000BDEC028B70EE407A9FED0D7A87EE870A00
:1009900008BDDFED0C7A60EE277A6FF0180117EED4
:1009A000902AC1E7BDEC028B30EE000A08BD00BF03
:1009B000D95BDE3EDB27543580209A3E000000CC18
:1009C000000000000000004C2DE9F0432DED028BEB
:1009D00083B0CDED010A8DED000ADDE9004535F06B
:1009E000004610D184F48004640014F5000F1BD974
:1009F000DDED007A9DED017A37EE870A03B0BDEC9C
:100A0000028BBDE8F08324F00047B7F1FF4F02D816
:100A1000B6F1FF4F0FD9B4F17E5FE9D185F48005BF
:100A20006D0015F5000FE3D8B7EE000A03B0BDEC7A
:100A3000028BBDE8F083002CB84616DBB6F1FF4F01
:100A400000F0F780B6F17E5F00F02681B5F1804FAF
:100A500000F04681B5F17C5F40F0388103B0BDEC19
:100A6000028BBDE8F043FFF7C9BBB6F1974F80F0AA
:100A7000F080B6F17E5F80F01981B5F1804F00F013
:100A80002F81B5F17C5F40F02181FFF7AFFBB7F11B
:100A9000FF4FB3D04FF00009002F00F0F280B7F104
:100AA0007E5F00F0E580E20F013A59EA020300F0B0
:100AB0002181B6F19A4F40F24581924B9F4240F21C
:100AC0003E82914B9F4200F24782F7EE007A30EE71
:100AD000670A9FED8E6ADFED8E5AF5EE007AA0EE82
:100AE000676AF6EE006AE6EE406A20EE007ADFED15
:100AF000897A9FED896A27EE267A67EEC77AE0EE5B
:100B0000257AF0EE676AE0EE066A16EE903A6FF329
:100B10000B0306EE903AB0EE667AA0EE467A77EED8
:100B2000C77A6FF30B0507EE105A9DED016ADDEDF4
:100B3000015A36EE476A67EEA57A26EE877AE6EE28
:100B4000267A09F1FF3959EA0209BFEE008A77EEE9
:100B5000876AB7EE006A16EE903A18BFB0EE468A82
:100B6000002B23F0004240F3B981B2F1864F00F22E
:100B7000388200F01C82B2F17C5F00F20082002219
:100B800010466FF30B0305EE903A75EEC76A9FEDC2
:100B9000637A9FED633A9FED632ADFED633A9FED41
:100BA000634ADFED634A9FED635A77EEE67A25EEFE
:100BB000877ADFED616AA7EEA67AF0EE002AF0EE02
:100BC000476AE5EE836AB7EE000A26EEA66AF0EE03
:100BD000667AE6EE023AE5EEC37AF0EE445AE3EEC8
:100BE000865A77EE677AB0EE647AA5EE867AF0EEF2
:100BF000455AE7EE065AB0EE667AA5EEC67AE6EEFC
:100C0000A77A66EE875A37EE626A85EE867A77EEC5
:100C1000677A77EEE67A30EE670A10EE103A134400
:100C2000B3F5000FC0F2958100EE103A20EE080AED
:100C3000E4E6B7F17E5F3FF4F7AE32D99FED3F0AAD
:100C4000DDED017A002DB8BFF0EE407AB0EE670A14
:100C5000D4E6B6F1FF4FECD04FF002099DED000A4B
:100C6000FFF7C4FAB7F1FF4F02D0002F7FF417AFA0
:100C7000002DBCBFF7EE007A87EE800A002CBFF68D
:100C8000BDAEA7F17E5757EA090740F0208170EE0C
:100C9000407A87EEA70AB1E6002D1ADB9DED000A27
:100CA000ACE6002D21DB9FED250AA7E6F315C3F185
:100CB000960346FA03F202FA03F3B34200F0FA8015
:100CC000B6F17E5FE8D0B5F1804F09D04FF0000952
:100CD000C4E79DED007AF7EE007A87EE870A8DE68D
:100CE000DDED007A27EEA70A88E6DDED017AB1EEA8
:100CF000670A83E6DDED007A77EEE77A87EEA70AEA
:100D00007CE600BFF3FF7F3F0700803FABAAAA3E0F
:100D100070A5EC363BAAB83F00AAB83F8CBEBF35E1
:100D20000072313F4CBB31330EEADDB555B38A3822
:100D3000610B36BBABAA2A3E1872313F000000009F
:100D40000000804B14F0FF4F40F0F7805FED047A15
:100D500060EE277A6FF0170317EE908AA9484FEAE2
:100D6000E851C8F316087F398045194448F07E538E
:100D700040F3DB80A448804540F3F8809FEDA35A00
:100D80000131F0EE453AA3F50003F7EE005A0020DA
:100D900006EE103A76EE257AB7EE007A87EE270A4D
:100DA0005B1043F0005303F58023034476EE656A3D
:100DB00007EE901A26EE803AB8EEE77A13EE101A94
:100DC00007EE903A924BDFED930A9FED938A9FEDE9
:100DD000931ADFED932ADFED931A9FED932A77EEB6
:100DE000E55A194004EE901A36EE656A63EE035A2E
:100DF000E4EEE76AF0EE607AE5EE887AE4EEC66A41
:100E0000A7EEA51A66EE806AE1EE252A73EE247A33
:100E1000E2EEA51A25EEA58AA1EEA52A67EEA67A2E
:100E2000B0EE084AB0EE446AE8EE027AA4EEA46A94
:100E3000DFED7E0A9FED7E1ADFED7E2A36EE276A11
:100E400016EE101A194006EE101A76EE445AE4EE29
:100E5000E45A77EEE57A67EE837AE6EE867AF0EE8C
:100E6000675AE4EE865A15EE901A194005EE901A6C
:100E7000F0EE656AE4EEC66A77EEE67A67EEA07A8F
:100E8000E5EE817A77EEA37AF0EE676AE5EEA26A84
:100E900076EE856A76EE876A16EE901A194006EEAF
:100EA000901A36EEC77A37EE457AA5EEE27A77EEFB
:100EB000C77A36E6B6F17E5F3FF4EEAEB5F1804F0D
:100EC0003FF40EAF02F00102C2F10209C6E6B9F129
:100ED000010F7FF493ADB1EE400A8FE556498A4287
:100EE00000F287807FF447AE76EEC76AF4EEE76AD9
:100EF000F1EE10FA7DDA03F50043504AC3F3C7510F
:100F00007F39C3F316000A4140F40000C1F1170114
:100F10001A400841404206EE902A37EE667AC20532
:100F200077EE876A16EE903A2BE69FED385AF7EE89
:100F3000005AF0EE453A00202AE700230EE7002D84
:100F40000CDB002003B0BDEC028BBDE8F04300F0E9
:100F500001BA00F06FF969E6002DF2DD002003B060
:100F6000BDEC028BBDE8F04300F0FAB99FED345AB6
:100F7000DFED343AF7EE085A4FF4001008E7D215C7
:100F80007E3A4FF40001114119442C4AC1F3C75471
:100F90007F3CC1F31600224140F40000C4F1170465
:100FA000002B40FA04F002EA0102B4DAB2E79FED46
:100FB000266A76EEC76A37EE866AB4EEE66AF1EE26
:100FC00010FA0EDC03F500431C4AD9157F39C3F330
:100FD00016000A4140F40000C1F117011A4008410F
:100FE00099E7B5EEC08AF1EE10FA4CBF012000205F
:100FF000B5E7B5EEC08AF1EE10FA4CBF0120002033
:10100000A0E700BF71C41C00D6B35D000000000063
:1010100000F0FFFF55326C3E42F1533E05A38B3E7C
:10102000ABAAAA3EB76DDB3E9A99193F4F38763F7F
:10103000A0C39D360038763F00001643000080FFB5
:1010400000C0153FDCCFD1353CAA383310EE103A42
:1010500023F00042B2F1FF4F56D84FEAD37100F0AF
:1010600095806248834200F38780002BC0F287801E
:101070005F4B9A424BD95F4B9A4200F29A805E4B8B
:101080005E4A03EB8103D3ED004A02EB810281F05B
:10109000010370EE644AD2ED007A5B1A34EEE70A7F
:1010A000DFED576A9FED575ADFED575A9FED576AAC
:1010B00020EE007AA7EE265ADFED556AE5EE075AD4
:1010C000E5EE876AA6EE876AF0EE406AE6EE476ACA
:1010D00020EE266A002B42D0B0EE007A37EE667A18
:1010E000B7EE000AC6EE076A13F17D0F77EEE67AD7
:1010F00077EEE47A30EE670A4FDB10EE102A02EB4F
:10110000C35300EE103A704730EE000A7047B2F158
:10111000505F0AD2DFED3F7A70EE277AB7EE007AA1
:10112000F4EEC77AF1EE10FA5DDC60EE007A9FED26
:10113000347ADFED345A9FED346ADFED356AE7EE3D
:10114000875A9FED327AA7EEA56AE7EE866AA7EE88
:10115000A67AF0EE406AE7EEC76A20EE266AF0EE65
:10116000007A76EEE76AB7EE007AC6EE267A77EE78
:10117000C07A37EE670A7047002000F0F1B8264BBE
:101180009A427FF675AF002000F0E4B8DFED237AD5
:10119000002918BFB0EE670A704710EE102A6433BA
:1011A00002EBC353DFED1E7A00EE103A20EE270A61
:1011B00070471C4B9FED1C7ADFED1C6A03EB81032B
:1011C000D3ED007AE0EE077A9FED197AFDEEE77A2B
:1011D000F0EE404A17EE903AF8EEE77AE7EEE64A8C
:1011E00067EE877A5AE730EE070A70471772B14206
:1011F0001872B13E9115853FB48C0108AC8C010882
:101200004CBB31330EEADDB555B38A38ABAA2A3E62
:10121000610B36BBCAF24971B5F1CF420000000044
:101220000000800DBC8C01083BAAB83F8071313FA3
:10123000D1F7173710EE103A33F000411A4627D095
:10124000B1F1FF4F21D213F0FF4F22D1DFED2B7A06
:101250002B4A60EE277A904217EE903A33DB4CF23D
:10126000503CC3F3C75160451A46A1F1190116DD80
:10127000DFED247ADFED246A002BB0EE677AB8BF89
:10128000F0EE667A27EE870A704730EE000A704764
:1012900070474CF2503C60454FEAD151E8DC0144C4
:1012A000FE29E5DC002915DC11F1160F19DB1931D7
:1012B00022F0FF4242EAC15207EE902A9FED130A44
:1012C00027EE800A7047DFED127A07EE103A27EE1C
:1012D000270A704722F0FF4242EAC15300EE103A5B
:1012E0007047DFED0B7ADFED0B6A002BB0EE677A0B
:1012F000B8BFF0EE667A27EE870A70470000004C10
:10130000B03CFFFFCAF24971CAF249F10000003354
:101310006042A20D6042A28D10B52DED028BB0EEA1
:10132000408A044600F004FBB0EE480ABDEC028B94
:10133000046010BD30B1F1EE407A27EE800A222021
:10134000FFF7EABFF0EE407A27EE800A2220FFF78F
:10135000E3BF00BF9FED010AFFF7ECBF00000010E4
:101360009FED010AFFF7E6BF0000007010EE102AA3
:1013700032F000432FD0002A134633DBB2F1FF4F87
:1013800040DAB2F5000F34DB4FF0000C6448C3F3D1
:101390001601084400F4000282F07E520A43DB1575
:1013A00000EE102A7F3B5F4A634401F10F0CF7EE19
:1013B000007A0CEA020230EE670A03EBD05322BB3C
:1013C000B5EE400AF1EE10FA62D1002B40F09080A9
:1013D0009FED550A70479FED557ADFED537A87EE02
:1013E000270A704770EE407A9FED4F7A87EE870AA2
:1013F0007047DFED4F7A60EE277A6FF0180C17EE2A
:10140000903AC3E730EE000A7047F0EE007A70EED3
:10141000277A07EE103A80EE274A4648C1F5571260
:10142000084402F522720243002A9FED433ADFEDA1
:10143000434ADFED435ADFED433A9FED435ADFED78
:10144000437ADFED436A24EE046AF8EEC72A26EEFB
:10145000067AE7EE034AA7EE235AE4EE875AE5EE52
:10146000076AE5EE877A67EE867AE6EE877A2ADD06
:10147000B6EE007A20EE077A27EE007A77EE877ACA
:1014800067EE847A3BBB37EE677A30EE470A7047E7
:101490009FED307AF6EE007AE0EE477A20EE007AA1
:1014A00027EE277A002BF0D007EE903A9FED2A6ABC
:1014B000DFED2A6AF8EEE77AA7EEC67A37EE400A41
:1014C00097EEA60A704770EE677A67EE847AE3B902
:1014D00030EE670A70479FED206ADFED206AE2EE8A
:1014E000867A37EE677A37EE400A92EEA60A7047A0
:1014F00007EE903A9FED180A9FED187AF8EEE77A1A
:1015000027EE800AA7EE870A7047DFED136A9FED8A
:10151000137AE2EEE67A37EEC00A92EE870A704757
:1015200020FB4A00F0FF7F0000000000000000CC1C
:101530000000004C305CCFFF9788173E25333A3EC1
:101540002549923E4FD01C3E298E633EABAA2A3FCE
:10155000CDCCCC3EABAAAA3ED1F717378071313F34
:1015600008B52DED048BF0EE408AB0EE609A00F0E5
:1015700007F9F0EE490AB0EE408AB0EE680A00F0D2
:101580000BF8F0EE400AB0EE480ABDEC048BBDE863
:10159000084000F005B800BFB0EE600A704700BF19
:1015A00008B52DED048BF0EE408AB0EE609A00F0A5
:1015B00055F8B0EE408AFEF725FE20B1B0EE480A9D
:1015C000BDEC048B08BDB0EE680AFEF71BFE0028D8
:1015D000F4D0B0EE490AFEF715FE0028EED000F078
:1015E000A7F922239FED018A0360E7E70000807FCF
:1015F00008B52DED048BF0EE408AB0EE609A00F055
:10160000BFF8F0EE490AB0EE408AB0EE680AFFF784
:10161000C3FFB0EE409AB0EE480AFEF773FDF0EE5D
:10162000408AB0EE490AFEF7B9F9B0EE408AB0EE52
:10163000490AFEF7A3FD28EE288ADFED077A68EE57
:10164000277AB0EE407AE7EE287AF0EE480ABDEC51
:10165000048BB0EE670A08BD0000000010EE103ADF
:1016600023F0004210EE903A23F000439A4202DB4E
:10167000194613460A46991AB1F1706F00EE103AF6
:1016800006EE902A3FDCB3F1B14F10B52EDC0024FA
:10169000B2F11A5F0ADA42B3B2F5000F60DADFED99
:1016A000357A66EEA76A20EE270A7E3C30EE666A3F
:1016B000F4EEC66AF1EE10FA28D56FF30B0307EECD
:1016C000903A30EE277A30EE670A27EE000AA6EE4F
:1016D000A60AA7EEA70AFEF791FD34B1E40504F1CE
:1016E0007E5407EE904A20EE270A10BDB3F1FF4F5B
:1016F00029DA03F15E4302F15E4200EE103A06EE93
:10170000902A4424C4E730EE260A70471A4903F5AC
:1017100000030B4007EE903AB0EE007AB0EE675A45
:1017200090EE075A02EA010307EE103A26EE850A08
:1017300076EEC75AA5EEA70AA6EE060AA7EE270A76
:10174000FEF75CFDC9E714BF30EE260A9FED0B0AD9
:10175000DFED0A7AB2F1FF4F08BFB0EE670A10BDA5
:1017600003F1085302F1085200EE103A06EE902AF7
:10177000443C9BE70000807E00F0FFFF0000807F7C
:10178000704700BF38B510EE105A25F00044B4F190
:10179000A14FF0EE407A0DD3B4F1FF4F5BD8DFEDEF
:1017A000517A9FED517A002DCCBFB0EE470AB0EED2
:1017B000670A38BD4D4B9C425CD8B4F1445F4DD3B1
:1017C0004FF0FF3327EEA76A9FED495A9FED497A04
:1017D000DFED495ADFED494A66EE066A5A1CA6EE6D
:1017E000857AE6EEA54A9FED465ADFED465AA7EE0A
:1017F000265AE4EEA65A9FED447ADFED444AA5EE60
:10180000267AE5EEA64A9FED425ADFED425AA7EE50
:10181000265A9FED417AA4EEA67AE5EE265A27EEE7
:10182000267AA5EE867A27EE877A38D03B493C4A5D
:1018300001EB8301D1ED006A37EE667A02EB830398
:10184000D3ED006A37EE677A002D36EEC70AB0DABC
:10185000B1EE400A38BD30EE000A38BD9FED317A56
:1018600030EE077AF7EE006AB4EEE67AF1EE10FA9F
:10187000A6DD38BDFEF7BAFC2B4B9C4212D8A3F56F
:10188000D0039C4223D8F0EE007ABFEE007AA0EE9F
:10189000277A002330EE270AC7EE007A92E737EE68
:1018A000C70A38BD214B9C420BD8F7EE087AB7EE39
:1018B000007AA0EE277A022330EE670AC0EE077A9C
:1018C00080E7BFEE007AC7EE007A03237AE7F7EEEF
:1018D000007A30EE677A30EE270A0123C7EE007AED
:1018E00070E700BFDB0FC9BFDB0FC93FFFFFDF3E63
:1018F000D769853C59DA4B3D21A215BD6BF16EBD10
:10190000356B883D95879DBD6E2EBA3D388EE3BD03
:101910002549123EABAAAA3ECDCC4CBEC48C0108D0
:10192000D48C0108CAF24971FFFF973FFFFF1B40AB
:10193000014B1868704700BF2800002070B50D4D9E
:101940000D4C641BA4100026A64209D10B4D0C4C73
:1019500001F048FD641BA4100026A64205D170BD0D
:1019600055F8043B98470136EEE755F8043B984795
:101970000136F2E7F08C0108F08C0108F08C0108C8
:10198000F48C010802440346934200D1704703F8E7
:10199000011BF9E7002310B50446C0E90033C0E994
:1019A0000433836081814366C281836119460822C2
:1019B0005C30FFF7E7FF0D4B63620D4BA3620D4BED
:1019C000E3620D4B23630D4B24629C4206D003F16E
:1019D0006802944202D0D0339C4205D104F15800F1
:1019E000BDE8104000F068B910BD00BFDD1A010865
:1019F000FF1A0108371B01085B1B0108B004002017
:101A0000024A0349034800F0D1B800BF7800002023
:101A1000C91D01082C00002041680C4B994210B5EB
:101A2000044601D000F0D0F9A168094B994202D0D8
:101A3000204600F0C9F9E168064B994204D02046DF
:101A4000BDE8104000F0C0B910BD00BFB0040020D8
:101A5000180500208005002010B50B4B0B4C0C4ADC
:101A60001A60204600220421FFF794FF04F1680069
:101A700001220921FFF78EFF04F1D0000222BDE808
:101A800010401221FFF786BFE8050020B0040020B7
:101A9000011A0108014800F010B900BFED0500204F
:101AA000014800F00BB900BFED05002010B5044659
:101AB000FFF7F0FF236A1BB1BDE81040FFF7F0BF4E
:101AC000044B2362044B1B68002BF5D1FFF7C4FFC6
:101AD000F2E700BF191A0108E805002010B50C460E
:101AE000B1F90E1000F050F80028ABBF636DA38968
:101AF0001B1823F48053ACBF6365A38110BD2DE98F
:101B0000F0411F468B89DB0505460C46164605D578
:101B1000B1F90E100223002200F024F8A389B4F9D1
:101B20000E1023F48053A38132463B462846BDE87D
:101B3000F04100F059B810B50C46B1F90E1000F0A4
:101B400011F8431CA38915BF606523F4805343F447
:101B50008053A38118BFA38110BDB1F90E1000F00E
:101B6000FDB9000038B5074D04460846114600226D
:101B70002A601A46FDF726FE431C02D12B6803B1EA
:101B8000236038BDF805002038B5074D04460846E7
:101B9000114600222A601A46FDF716FE431C02D1A8
:101BA0002B6803B1236038BDF80500202DE9F84308
:101BB0000746884614460026D4E90195B9F1010983
:101BC00005D52468002CF7D13046BDE8F883AB89F1
:101BD000012B07D9B5F90E30013303D02946384619
:101BE000C04706436835E9E738B5074D044608465F
:101BF000114600222A601A46FDF7EAFD431C02D175
:101C00002B6803B1236038BDF805002038B5294B97
:101C1000054618680C4618B1036A0BB9FFF746FF72
:101C2000B4F90C30190722D4DA0607D409222A6045
:101C300043F04003A3814FF0FF3033E0580712D543
:101C4000616B41B104F14403994202D0284600F08F
:101C5000EFF900236363A38923F02403A381002306
:101C6000636023692360A38943F00803A381236988
:101C70004BB9A38903F42073B3F5007F03D0214649
:101C8000284600F045FAB4F90C3013F001020AD0EE
:101C90000022A26062695242A261226942B913F035
:101CA0008000C5D138BD990758BF6269A260F4E7CA
:101CB0000020F7E7280000207047704770470000B9
:101CC000B1F90C202DE9F041160705460C4654D415
:101CD0004B68002B02DC0B6C002B48DDE66A002E03
:101CE00045D0002312F480522F68216A2B6030D037
:101CF000626DA389590705D56368D21A636B0BB16E
:101D0000236CD21A0023E66A216A2846B047431C96
:101D1000A38906D129681D292BD82A4ACA40D6078B
:101D200027D500226260D9042269226004D5421CB2
:101D300001D12B6803B96065616B2F60B9B104F103
:101D40004403994202D0284600F072F900236363ED
:101D50000DE001232846B0470246501CC9D12B682C
:101D6000002BC6D01D2B01D0162B1ED12F600020BA
:101D700022E043F040031BB21BE00F69002FF6D0B6
:101D800093070E6808BF4B690F6018BF0023A6EBCE
:101D900007088B60B8F1000FE9DD216AA66A4346A7
:101DA0003A462846B047002808DCB4F90C3043F026
:101DB0004003A3814FF0FF30BDE8F0810744A8EB5A
:101DC0000008E7E70100402038B50B6905460C46DE
:101DD00013B90025284638BD18B1036A0BB9FFF7BF
:101DE00065FEB4F90C30002BF3D0626ED00704D43A
:101DF000990502D4A06DFFF760FF28462146FFF742
:101E00005FFF636EDA070546E4D4A3899B05E1D43E
:101E1000A06DFFF753FFDDE770B50F4E0C4631683C
:101E2000054611B900F0B6F830602146284600F0AA
:101E3000B1F8431C03D14FF0FF34204670BDC41CE1
:101E400024F00304A042F8D0211A284600F0A2F89A
:101E50000130F2D1EFE700BFF00500202DE9F84393
:101E6000CD1C25F0030508350C2D38BF0C25002DA1
:101E7000064601DBA94204D90C2333600020BDE8EB
:101E8000F883DFF8D48000F079F8D8F800301C46E9
:101E900044BB29463046FFF7BFFF431C044658D1D8
:101EA000D8F800402746002F43D1002C4BD02368A0
:101EB0003946304604EB030900F06CF8814542D105
:101EC00021686D1A29463046FFF7A6FF01303AD047
:101ED00023682B442360D8F800305A6862BBC8F8E6
:101EE00000700FE02268521B20D40B2A17D9611909
:101EF000A342256018BF5960636808BFC8F8001086
:101F000062514B60304600F03FF804F10B00231D96
:101F100020F00700C21A1CBF1B1AA350AFE762686B
:101F2000A3420CBFC8F800205A60EBE72346646860
:101F3000AEE73C467F68B6E71A465B68A342FBD132
:101F400000235360DEE70C233360304600F01CF8BA
:101F500094E70560D6E700BFF405002038B5064DCC
:101F60000023044608462B60FDF726FC431C02D1E3
:101F70002B6803B1236038BDF80500200148FFF746
:101F80009CBE00BFEC0500200148FFF797BE00BFD4
:101F9000EC05002038B5064D0023044608462B60AA
:101FA000FDF74CFC431C02D12B6803B1236038BD04
:101FB000F8050020F8B50E461446054618B1036A28
:101FC0000BB9FFF773FDA369A360A3891A0701D5B5
:101FD000236943B921462846FFF718FE18B14FF090
:101FE000FF373846F8BD23682269981A6369F6B24C
:101FF0008342374605DC21462846FFF7E5FE0028E8
:10200000EDD1A368013BA36023685A1C22601E70B7
:102010006269431C9A4204D0A389DB07E1D50A2EEA
:10202000DFD121462846FFF7CFFE0028D9D0D6E7DA
:1020300038B50546002941D051F8043C0C1F002B4F
:10204000B8BFE418FFF79AFF1D4A136833B96360FD
:1020500014602846BDE83840FFF796BFA34208D970
:10206000206821188B4201BF19685B68091821603C
:10207000EDE71A465B680BB1A342FAD91168501814
:10208000A0420BD120680144501883421160E0D176
:1020900018685B68536008441060DAE702D90C23C3
:1020A0002B60D6E7206821188B4204BF19685B6853
:1020B000636004BF091821605460CAE738BD00BFDF
:1020C000F405002070B50C46B1F90E10002996B049
:1020D00015461E460DDAA38913F0800F4FF000015C
:1020E00014BF40234FF48063002031602B6016B092
:1020F00070BD6A4600F062F80028ECDB019901F43B
:102100007041A1F50053594259414FF48063EBE708
:102110008B89F7B59D0706460C4607D504F14703A2
:10212000236023610123636103B0F0BD01AB6A4604
:10213000FFF7C8FF009F054639463046FFF78EFE81
:1021400048B9B4F90C309A05EED423F0030343F0F8
:102150000203A381E2E7A389206043F08003A38107
:10216000019BC4E904075BB1B4F90E10304600F0DE
:1021700045F828B1A38923F0030343F00103A381A9
:10218000A3891D43A581CFE7884210B501EB020466
:1021900002D98442234607D8431EA14208D011F831
:1021A000012B03F8012FF8E7024401468A4200D1CF
:1021B00010BD13F8014D02F8014DF7E738B5074D92
:1021C00000230446084611462B60FDF7EFFA431C36
:1021D00002D12B6803B1236038BD00BFF805002091
:1021E0000A44914200F1FF3300D1704710B511F855
:1021F000014B03F8014F9142F9D110BD38B5064D9E
:102200000023044608462B60FDF7DAFA431C02D18E
:102210002B6803B1236038BDF8050020024B01464E
:102220001868826800F012B828000020024B0146AE
:102230001868FFF713BE00BF28000020024B0146BC
:102240001868FFF7F5BE00BF2800002070B50D46E6
:102250001446064618B1036A0BB9FFF727FC636EF4
:10226000D80705D4A389990502D4A06DFFF725FDF1
:10227000A368013B002BA36005DAA269934212DB3D
:10228000EBB20A2B0FD023685A1C22601D70EDB2EE
:10229000636EDA0705D4A3899B0502D4A06DFFF70E
:1022A0000DFD284670BD294622463046FFF782FEC6
:1022B0000546EDE7B1F8C8305A1C92B2C82AA1F819
:1022C000C820C85400D0704710B500200C46FDF758
:1022D0007FFA0023A4F8C83010BD00BF10B5044633
:1022E000FCF73CFC214602460020FDF771FA034949
:1022F00001220020FDF76CFA002010BD9C76010839
:102300000FB430B5B5B038AC0E4954F8045BCA22EE
:1023100001A8FFF765FF23462A460B48009401A950
:1023200000F06AFDBDF8CC2004462AB9204635B03D
:10233000BDE8304004B0704701A90020FDF748FA1D
:10234000F4E700BF10730108B522010800F044BD96
:102350009A4238BF88547047704700BF2DE9F04F4C
:1023600083B00F4612990D9C9DF83850984611F095
:10237000020306469446DDE9100A00932ED1BAF115
:10238000000F40F0A280844228D2202C01F0010EE0
:1023900000F088810C9B621E1A444FF0300B73468C
:1023A00002E0202C00F0E7800134A04202F801BFD7
:1023B000F7D89E4693B1544510D2202C00F0CF811F
:1023C0000C9B621E1A444FF0300E02E0202C00F0ED
:1023D00024810134544502F801EFF7D1CB061FD513
:1023E0004A0500F1A580002C40F09E800F9B102B29
:1023F00000F045810F9B022B00F04E810C9B302298
:102400001A70012401F00302002D00F0CA800C9B19
:102410002D21195501340AB954450ED3654626E0DD
:1024200001F00302202CEFD1002A40F08F80BAF196
:10243000200F88BF202440F289806546A4EB0C0B56
:10244000E1462A464346013539462020B04705EB90
:102450000B035345F5D30AF1FF35621C2D1B924542
:1024600038BF002509F10102CC461544C4B10C9BCC
:10247000CDF844A005EB040903EB090B1C44CDF88F
:1024800004C09A46ABEB040214F8010D43463946EA
:10249000B047A2454D46F5D1DDF804C0DDF844A0B3
:1024A000009B73B1A5EB0C09D1450AD22A464346DD
:1024B0003946202009F10109B047D14505F1010550
:1024C000F4D3284603B0BDE8F08F11F0010E73D0AD
:1024D000002D40F08B8011F00C0F40F0878084427B
:1024E000BFF469AF202C7FF455AFBAF1200F40F252
:1024F0003281CB0640F1BE804A0500F119812028C7
:1025000016D11F200F9B102B00F0F2800F9B022B87
:102510001FD0441C01F0030227E0CB067FF57EAFFD
:102520004A054FF0200403D4A04262D0544560D045
:102530000F9B01F00302102B104673D00F9B022B50
:102540000ED1202C08D100283FF471AF654620241D
:102550008DE7044601F003020C9B622018550134FC
:10256000202C3FF461AF204601340C9B4FF0300E1D
:1025700003F800E056E79E46002B00F0CB80BAF14E
:10258000200FCAD9CB0675D54A0500F1D180202885
:1025900000F0DA80BAF1200F40F08D8054461F2001
:1025A000B0E74B0747D50C9B2B2119550134002A66
:1025B0003FF432AF65465AE78442BFF40FAF202C98
:1025C0007FF4E8AECC067FF532AF4C053FF52FAF78
:1025D000202800F0B980BAF1200FDFD00F9B102B1C
:1025E0003FF425AF0F9B022B19D120E70AF1FF3AE8
:1025F00075E7601E86D10F9B102B6BD00F9B022BB3
:102600007FF4FCAE0C9B0F9C62221A7030225A7031
:1026100001F00302002DC4D0F9E6CC0680D401F00D
:10262000030201E78B0611D4202C8CD00C9B782060
:102630001855013494E70D0713D48ABB5445FFF4B1
:10264000FCAE002C7FF4EAAE65463AE7202C3FF45E
:102650007AAF0C9B18194FF0580E013480F800E047
:102660007EE70C9B202119550134002A3FF4D4AE9B
:102670006546FCE68D073FF4E0AE6546F7E6880662
:102680000CD558220C9B1A7030225A70022401F08B
:102690000302002D85D0BAE66222F3E77822F1E743
:1026A0006546E3E6BEF1000F50D0CB067FF5B6AE2F
:1026B0004B057FF524AF0F9B01F00300102B024662
:1026C0003FF441AF0F9B022B7FF4AEAE00287FF4A6
:1026D0003DAFACE68A0625D50C9B58221A703022F5
:1026E0005A70022401F00302002D3FF45AAF8EE627
:1026F0008B06A4F1020206D40C9B78209854013C6E
:1027000001F003022FE70C9B58209854013C01F084
:10271000030228E7CA0682D54A05CCD4202813D064
:10272000202403E70C9B78221A7030225A70D8E7D5
:102730000F9B102B01F003003FF405AF0F9B022B02
:102740003FF401AF02466FE60446DAE6CB063FF5FA
:102750003CAF65468BE6CA06DED4654687E6CC0606
:102760003FF512AF5BE700BF2DE9F04F93B01C9C23
:102770009DF874B01E9DDDF884E02CB92EF0100693
:102780001EF4806FB64635D11EF0200F14BF4FF0F7
:1027900041094FF061090AAFA9F10A09B8460026BC
:1027A000099002E0202E15D05446B4FBF5FA05FB43
:1027B0001A4C5FFA8CF0BCF1090F00F1300C8ABFA3
:1027C00048445FFA8CF0C0B2AC4208F8010B06F145
:1027D0000106E7D20998209C05941F9CCDF818E0CB
:1027E000CDE90354CDE9016B0097FFF7B7FD13B0B6
:1027F000BDE8F08F26460AAFEDE700BF2DE9F04FA8
:1028000097B0DDE92478209E219C099356EA0403C1
:102810009DF888C0DDF8A0B08E4605D12BF01003DE
:102820001BF4806F9B4645D11BF0200F0EAB14BFED
:102830004FF0410A4FF0610ACDF8A0B0CDE90A0E81
:10284000CDE90C2CAAF10A0A994600259B4603E023
:10285000202D17D006460C4621463A4643463046C0
:10286000FCF784F9D2B2092A02F130038ABF52443C
:10287000DAB2D2B2BE4274EB080409F8012B05F1BA
:102880000105E5D2DDE90A0EDDE90C2C5B46DDF839
:10289000A0B02799059126990093CDE90371CDE960
:1028A000015C099BCDF818B07146FFF757FD17B0D2
:1028B000BDE8F08F00250EABEBE700BF10B1D1E90A
:1028C00000311847704700BF2DE9F04F1C46B1F1A9
:1028D000000A8D4B8FB018BF81462078DDF860B0BC
:1028E000904608BF9946002800F0D381002507E0F4
:1028F0002A46434651460135C847207800285ED015
:10290000252804F10104F3D10023224612F8010B1B
:10291000A0F1200110290AD8DFE801F034090930BC
:10292000090909090909092C092809092400A0F144
:102930003001092951D92A2800F0948000262E2838
:102940005CD00021A0F16807122F23D8DFE807F040
:10295000A2229D2295222222222222221E222222ED
:1029600022221E0043F001031446CEE743F0020387
:102970001446CAE743F004031446C6E743F01003C5
:102980001446C2E743F008031446BEE7607843F4F8
:10299000807301327828144609D863283DD862280C
:1029A00000F0B88163287DD0252840F03D812A467B
:1029B00043465146C847207801350028A0D12C460F
:1029C000A84501D808F1FF3543462A465146002064
:1029D000C84720460FB0BDE8F08F002606EB8606FC
:1029E00000EB46061078A0F1300109291446A6F143
:1029F000300602F10102F1D92E28A2D16078A0F1AF
:102A00003001092943F48063174640F2EF802A28F9
:102A100000F002811446013293E7A0F1640E012216
:102A20005FFA8EFE02FA0EFE384A1EEA020E40F0EF
:102A3000AD80732854D07028B9D143F02103059399
:102A40000823049310230391CDF804E002935BF86C
:102A5000043B00932A46434651464846FFF784FE0E
:102A600005464AE75BF8046B6078002E1446BCBF4D
:102A700043F002037642013261E760786C2886D128
:102A8000A07843F44073E21C84E7607843F4007359
:102A900001327FE76078682800F0F68043F0800319
:102AA000013277E70BF1040298070A9205F101075A
:102AB00040F111812A469BF8000043465146C84721
:102AC000012E88BFAD1940F249813A46434601378D
:102AD00051462020C847BD42F7D1DDF828B00CE7A9
:102AE0005A4652F804CB0A929CF800B05846002986
:102AF00040F08C80BBF1000F13D06FF0010E0EF18F
:102B0000010EE644624606E059230108210812003E
:102B1000964500F0B38012F8017F002FF8D1A2EBA8
:102B20000C0E13F4806702D08E4528BF8E4613F03A
:102B300002030B9300F0B080BBF1000F17D0CDE97A
:102B40000CE6E3462A460E46434651461FB106F1BF
:102B5000FF3C3EB16646C8471BF8010F01352A46C7
:102B60000028F1D10B9BDDE90CE6002BB5D07645B2
:102B70002F46B2D93544A5EB0E053A4643460137F8
:102B800051462020C847BD42F7D1A6E76F2800F084
:102B9000BF806DD8692823F0100240F017815F05CF
:102BA00048BF23F01102900500F1DD80D3050BF141
:102BB000040700F1D580500640F1F6809BF9003003
:102BC0000391002B4FF00A0102914FEAD371B8BF75
:102BD0005B42CDE9046201912A4600934346514687
:102BE0004846FFF7C1FDBB46054686E6002101EBDE
:102BF000810100EB4100A0F1300117F8010FA0F1B5
:102C00003002092AF3D93C467A1C9BE6BBF1000F3F
:102C100087D001F1FF3E72E75BF8041BA078023415
:102C200021EAE171621C8DE658287FF4C0AE43F0C2
:102C300020031022580524D423F00C0313F4007051
:102C40006AD113F4807F0BF1040740F0B28058067C
:102C50007BD418064CBFBBF80000DBF800000090E6
:102C6000CDE904630023CDE9022101932A46B5E7AB
:102C7000782868D023F010030A22DBE7AEEB0C0EB5
:102C80004FE723F00D03D9E7A07843F0C003E21C1F
:102C900080E60446054693E6764540F2948006EBCE
:102CA000050BCDE90C7CABEB0E0B0F462A464346D9
:102CB000013551462020C8475D45F7D1DDF834C0C5
:102CC00039469CF800B00C9F06F1010E58460028CA
:102CD0007FF435AF01E7012E3AD96B1E3344CDF8AE
:102CE0002CB02F469B463A4643460137514620209A
:102CF000C847BB45F7D15B46DDF82CB01A469BF8B8
:102D0000000043465146C8473544DDF828B0F4E595
:102D100008228FE702228DE7CDE907630BF1070B4D
:102D2000002306910492059302932BF0070BFBE816
:102D300002672A46CDE90067434651464846FFF7F9
:102D40005DFD0546D9E5102274E79BF8000086E793
:102D50009BF800002A4643465146C8473D46BCE61C
:102D6000DBF800302CE70BF1070B2BF0070BDBF83F
:102D700004305BF8080B0691D90FCDE90762029188
:102D8000024600210A20002BCDE9040102DA52425A
:102D900063EB4303CDE9002351462A4643464846A8
:102DA000FFF72CFD0546A8E51306D9D5BBF9003081
:102DB00006E7CDE90221CDE904630190DBF800309C
:102DC00000932A460AE70EF1010E7FE764283FF4DC
:102DD000E6AE13460A222DE700B583B08446009381
:102DE000044813460A466146FFF76EFD03B05DF8DE
:102DF00004FB00BF5123010810B584B00446CDE99F
:102E00000241009302A9134603484FF0FF32FFF737
:102E10005BFD04B010BD00BFBD28010860EE016A73
:102E200020EEA16A20EE215A76EEC67A61EE205A93
:102E3000F4EE677AF1EE10FA35EE257A04D6B0EEAC
:102E4000670AF0EE470A7047B4EE477AF1EE10FADF
:102E5000F5D79FEDA14AF0EEC04AF4EE444AF1EEF8
:102E600010FAF0EEE03A00F3A080F4EE443AF1EE0E
:102E700010FA00F39A800023DFED974AB0EEC14AC2
:102E8000B4EE644AF1EE10FAF0EEE13A48DCF4EE0A
:102E9000643AF1EE10FA43DC9BBBF0EEE66AF4EE26
:102EA000646AF1EE10FA14DCB0EEC66AB4EE646A3D
:102EB000F1EE10FA0DDCB0EEC55AB4EE645AF1EE44
:102EC00010FA06DCF0EEE55AF4EE645AF1EE10FA70
:102ED000B5DDB4EE400AF1EE10FA80F1F080F4EEC8
:102EE000600AF1EE10FA80F1DD80B4EE411AF1EEE5
:102EF00010FA80F1CA80F4EE611AF1EE10FA80F156
:102F0000B78061EEE07A60EE810AE0EE017AE0EEF1
:102F1000210A9FED727A67EE877A20EE877A8EE734
:102F2000DFED6D7A9FED6C7AB4EE674AF1EE10FA40
:102F3000CCBF0123002307EE903A11EE103AF8EED1
:102F4000E77A002BF0EEE77AF4EE473AB8BFF1EEFD
:102F5000677AF1EE10FACCBF01230023B0EE671AB6
:102F600007EE903A11EE903AF8EEE77A002BF0EE89
:102F7000E77AB4EE400AB8BFF1EE677AF1EE10FAE4
:102F8000F0EE671A5AD6F4EE600AF1EE10FAB8D7EE
:102F900010EE903A9FED527ADFED527A002BB4BFDB
:102FA000F0EE670AF0EE470AABE79FED4B4AF4EE0E
:102FB000444AF1EE10FACCBF0123002304EE903A0C
:102FC0009FED454A10EE103AF8EEE44A002BF0EE81
:102FD000E44AF4EE443AB8BFF1EE644AF1EE10FA76
:102FE000CCBF01230023B0EE640A04EE903A10EE49
:102FF000903AF8EEE44A002BF0EEE44AB4EE411ABF
:10300000B8BFF1EE644AF1EE10FAF0EE640A22D68F
:10301000F4EE611AF1EE10FA78BF0123FFF52CAF40
:1030200011EE903A9FED2E4ADFED2E4A002BB4BFF1
:10303000F0EE641AF0EE441A01231DE710EE103A88
:103040009FED277ADFED277A002BB4BFB0EE670A39
:10305000B0EE470A97E711EE103A9FED214ADFEDF7
:10306000214A002BB4BFB0EE641AB0EE441ACFE789
:1030700011EE903A9FED1A7ADFED1A7A002BB4BF69
:10308000F0EE671AF0EE471A3BE711EE103A9FEDAB
:10309000147ADFED147A002BB4BFB0EE671AB0EEED
:1030A000471A28E710EE903A9FED0D7ADFED0D7A82
:1030B000002BB4BFF0EE670AF0EE470A15E710EEFA
:1030C000103A9FED077ADFED077A002BB4BFB0EE20
:1030D000670AB0EE470A02E7FFFF7F7F0000807FAC
:1030E0000000000000000080D0B5FBF7E7FF0C4BAC
:1030F000002206460F46FBF751FDFCF737F8044661
:10310000FBF7BAFF074B0022FBF748FD02460B46D0
:1031100030463946FBF772FEFCF728F82146D0BD51
:103120000000F03D0000F0412DE9F047089D0E46FB
:1031300004460F46002B4AD194468C45B2FA82F2DF
:1031400060D942B1C2F12003974020FA03F30CFA90
:1031500002FC1F4394404FEA1C4E1FFA8CF6B7FB4B
:10316000FEF1230C0EFB117743EA074301FB06F047
:1031700098420AD91CEB030301F1FF3780F0158157
:10318000984240F21281023963441B1AA4B2B3FB85
:10319000FEF00EFB103344EA034400FB06F6A642A1
:1031A0000AD91CEB040400F1FF3380F00081A64231
:1031B00040F2FD806444023840EA0140A41B002133
:1031C0001DB1D4400023C5E90043BDE8F0878B4220
:1031D00005D90DB1C5E9000100210846F5E7B3FAAC
:1031E00083F1002946D1B34202D3824200F2F58036
:1031F000841A66EB030201201746002DE5D0C5E9CD
:103200000047E2E7002A40F09380A1EB0C034FEA6D
:103210001C471FFA8CFE0121B3FBF7F607FB1630A3
:10322000230C43EA00430EFB06F0984208D91CEB3E
:10323000030306F1FF3802D2984200F2D0804646DE
:103240001B1AA4B2B3FBF7F007FB103344EA0344A4
:103250000EFB00FEA64508D91CEB040400F1FF3369
:1032600002D2A64500F2B6801846A4EB0E0440EA4E
:103270000640A5E7C1F120078B4022FA07FC4CEA83
:10328000030C06FA01FE20FA07F426FA07F344EAD3
:103290000E0400FA01F84FEA1C404FEA1449B3FB50
:1032A000F0FE1FFA8CF600FB1E3349EA03430EFBC7
:1032B00006F9994502FA01F20BD91CEB03030EF152
:1032C000FF3A80F08580994540F28280AEF1020E8F
:1032D0006344A3EB0909A4B2B9FBF0F300FB139913
:1032E00044EA094403FB06F6A64208D91CEB040491
:1032F00003F1FF3068D2A64266D9023B644443EA38
:103300000E40A41BA0FB02E6B4427346B14652D362
:103310004FD05DB1B8EB030264EB090404FA07F780
:1033200022FA01F31F43CC40C5E9007400214CE7A9
:10333000C2F1200120FA01F30CFA02FC26FA01F195
:10334000964033434FEA1C471FFA8CFEB1FBF7F05F
:1033500007FB1016190C41EA064100FB0EF68E42DF
:1033600004FA02F408D91CEB010100F1FF382DD258
:103370008E422BD902386144891B9BB2B1FBF7F610
:1033800007FB161143EA014306FB0EF1994208D9E7
:103390001CEB030306F1FF3814D2994212D9023E06
:1033A00063445B1A46EA004136E73946EDE61846C3
:1033B00002E7F045ADD2BEEB020366EB0C06013826
:1033C000B146A6E74646ECE7034698E74046D3E712
:1033D000D6467EE76444023847E708460DE7023EDA
:1033E00063442DE7F8B500BFF8BC08BC9E467047A3
:1033F000F8B500BFF8BC08BC9E467047000000004E
:10340000A0860100400D0300801A060000350C0064
:1034100040420F0080841E0000093D0000127A0027
:103420000024F40000366E010048E801006CDC0264
:10343000B881010802000000C481010804000000F6
:10344000D481010808000000E48101081000000098
:10345000F4810108200000000482010840000000FF
:10346000148201088000000000000000000000003D
:103470000102030406070809060401001F191512BA
:103480000F0D0C0B004026449A99474200000000A3
:103490000000804085EB514000000000000000006B
:1034A0000102030450000000A00001000800100108
:1034B000000000010300000050000000A000010017
:1034C000080010010000000103000000500000008F
:1034D000A00001000800100100000001030000002E
:1034E00050000000A00001000800100100000001D1
:1034F00003000000000000000000000001000000C8
:103500000100010002000100A00000002482010867
:103510000000010000000000000000004D0001005C
:103520009D1A0008000000001C0001000D19000891
:10353000000000002C0008005519000800000000E1
:10354000600001008D190008000000007D000800E7
:10355000C11900080000000062001000F9190008FD
:103560003482010817010100000000000000000083
:1035700018011000611A000850820108370001008C
:10358000000000007D7B7C7AE7E61BE895B9AAABDA
:10359000010203040506004948303231332F4B4AFB
:1035A0009EA09F898A8B8CEDE907ACB191C696CA23
:1035B0009ABEC2BACED2D6E2DADE7640447F64B595
:1035C000600D218D3C37A66C2768582B705C144C1D
:1035D0005054EEEA08ADB292C797CB9BBFC3BBCFA6
:1035E000D3D7E3DBDF7741458065B6610E228E3DA0
:1035F00038A76D2869592C715D154D5155EFEB09B0
:10360000AEB393C898CC9CC0C4BCD0D4D8E4DCE0A2
:103610007842468166B7620F238F3E39A86E296AC9
:103620005A2D725E164E5256F0EC0AAFB494C999F8
:10363000CD9DC1C5BDD1D5D9E5DDE17943478267CF
:10364000B8631024903F3AA96F2A6B5B2E735F1703
:103650004F5357888586261F83843BA1A213181ACF
:10366000190C0B3487110000000003006C450108A1
:1036700000000100684501080300010064450108DD
:103680000100010060450108030001005C450108DC
:1036900000000100584501080000010054450108E0
:1036A0000000010050450108000001004C450108E0
:1036B00000000100484501080000010044450108E0
:1036C000010C010040450108FF0301003C450108D1
:1036D000BD00010038450108BD0001003445010866
:1036E000BD00010030450108BD0001002C45010866
:1036F00000000100284501080100010024450108DF
:1037000001002000A444010800000100A0440108B9
:10371000000001009C4401080000010098440108D9
:103720000000010094440108500002008C4401088C
:10373000C05D010088440108400101008444010883
:103740001500010080440108000001007C440108CC
:1037500000000100784401080000010074440108E1
:10376000010002006C4401080100030060440108EC
:103770005D0001005C4401085D000100584401083F
:103780005D000100544401085D000100504401083F
:10379000010001004C4401080000010048440108F8
:1037A00000000100444401080000010040440108F9
:1037B000000001003C4401080000010038440108F9
:1037C00000000100344401080000010030440108F9
:1037D000000001002C4401080000010028440108F9
:1037E000000003001C440108000004000C44010810
:1037F0000000010008440108000001000444010821
:1038000000000300F843010800000100F443010830
:1038100002000200EC43010800000200E44301083A
:1038200000000100E043010800000100DC43010842
:1038300000000100D843010800000100D443010842
:1038400000000500C043010800000100BC4301085E
:1038500000000100B843010800000100B443010862
:1038600000000100B0430108010005009C4301086D
:1038700001000500884301080100050074430108A8
:103880000100050060430108000001005C430108DD
:1038900000000100584301080000010054430108E2
:1038A0000000010050430108000009002C430108FA
:1038B00000000A000443010800000500F04201086E
:1038C00000000500DC42010800000100D8420108A8
:1038D00000000100D442010800000100D0420108AC
:1038E00000000100CC42010800000100C8420108AC
:1038F00000000100C442010800000100C0420108AC
:1039000000000100BC42010800000100B8420108AB
:1039100000000100B442010800000100B0420108AB
:1039200000000100AC42010800000100A8420108AB
:1039300000000100A442010800000100A0420108AB
:10394000000001009C4201080000010098420108AB
:1039500000000100944201080000010090420108AB
:10396000000001008C4201080100050078420108B6
:1039700001000500644201080100050050420108F1
:10398000010005003C420108010001003842010825
:103990000100010034420108010001003042010829
:1039A000010001002C420108170001002842010813
:1039B00017000100244201081700010020420108FD
:1039C000170001001C42010807000100184201080D
:1039D000070001001442010807000100104201081D
:1039E000070001000C420108010001000842010823
:1039F0000100010004420108010001000042010829
:103A000001000100FC41010800000100F84101082B
:103A100001000100F441010800000100F04101082B
:103A200000000100EC41010800000100E84101082C
:103A300000000100E44101083F000100E0410108ED
:103A400004000100DC41010800000100D841010828
:103A500001000100D441010800000100D04101082B
:103A600003000100CC41010803000100C841010826
:103A700003000100C441010803000100C041010826
:103A80009D000100BC4101084D000100B841010842
:103A900001000500A44101081F000100A041010828
:103AA000000001009C41010801000200944101084E
:103AB0000000050080410108000003007441010876
:103AC0000000030068410108000003005C41010898
:103AD00000000100584101080000010054410108A4
:103AE0000000010050410108000001004C410108A4
:103AF00000000100484101080000010044410108A4
:103B00000000010040410108000001003C410108A3
:103B100000000200344101080000010030410108AA
:103B2000000001002C4101080000010028410108AB
:103B300000000100244101080000010020410108AB
:103B4000000001001C4101080000010018410108AB
:103B500000000100144101080000050000410108B7
:103B600000000100FC40010800000100F8400108CD
:103B700000000100F440010800000100F0400108CD
:103B800000000100EC40010800000100E8400108CD
:103B900000000100E440010800000100E0400108CD
:103BA00000000100DC40010800000100D8400108CD
:103BB00000000100D440010805000100D0400108C8
:103BC00045000100CC40010800000200C44001088B
:103BD00000000200BC40010800000200B4400108DF
:103BE00000000200AC4001080A000100A8400108E2
:103BF00000000100A440010800000100A0400108ED
:103C0000000001009C4001080000010098400108EC
:103C10000100050084400108010005007040010812
:103C2000010005005C400108010005004840010852
:103C30000000020040400108000001003C40010873
:103C40000000010038400108000001003440010874
:103C50000000010030400108000001002C40010874
:103C60000000010028400108000001002440010874
:103C70000000010020400108000001001C40010874
:103C80000000010018400108000001001440010874
:103C90000000010010400108000001000C40010874
:103CA0000000010008400108000001000440010874
:103CB000000001000040010800000100FC3F010875
:103CC00000000100F83F010800000100F43F010876
:103CD00000000100F03F010800000100EC3F010876
:103CE00000000100E83F010800000100E43F010876
:103CF00000000100E03F010800000100DC3F010876
:103D000000000100D83F010800000100D43F010875
:103D100000000100D03F010800000100CC3F010875
:103D200000000100C83F010800000100C43F010875
:103D300000000100C03F010800000100BC3F010875
:103D400000000100B83F010800000100B43F010875
:103D500000000100B03F010800000100AC3F010875
:103D600000000100A83F010800000100A43F010875
:103D700000000100A03F0108000001009C3F010875
:103D800000000100983F010800000100943F010875
:103D900000000100903F0108000001008C3F010875
:103DA00008000100883F010820000100843F01084D
:103DB00000000100803F0108000001007C3F010875
:103DC00000000100783F010800000100743F010875
:103DD00000000100703F0108000001006C3F010875
:103DE00000000100683F010800000100643F010875
:103DF00000000100603F010800BE87BD8EBD14BDFC
:103E000019BDA0BC27BCAEBBADAD33ACB8AABEA833
:103E1000CBADD2AB58A95FA7DC9FE19B67986C94B0
:103E20007390F58AF8857A80F9C379C779CBF8CE93
:103E300075D1F4D472D871DBF8E0F7E4F5E8F2EC70
:103E400056E952EC4EEFC9F139F0B3F22DF527F7F0
:103E50001DF515F68CF784F8837A897A0F7A147A2F
:103E60009A7720772776AD752E6EB46CB96B3F6A62
:103E70004F71D56E5C6CE269DC5F615CE558EA54B9
:103E8000DE4DDF4961466242F7017705F608F60B21
:103E9000F50E7412F215711951164F19CC1BCA1E6A
:103EA0005C28D72B532F4E32392C342F2E32A93485
:103EB00023399A3A923B093D093D093D093D093DA7
:103EC000093D093D093D093D093D093D093D093DC2
:103ED000093D093D093D093D093D093D093D093DB2
:103EE000093D093D093D093D093D093D093D093DA2
:103EF000093D093D093D093D0000000000000000AA
:103F0000293C0000163B0000D7630000325F000030
:103F1000738800005D7D00004AAC0000A697000099
:103F2000A4D000000FAF00004CF70000A3C40000B5
:103F300070FB0000F3E80000F6D20000C0BB0000F8
:103F4000DCA40000E58E0000338200000AD7233D88
:103F5000295C8F3D295C0F3E5C8F423E0AD7A33E11
:103F600032033000F702B000C202B0008D02B00090
:103F70005802B000F8029000C30290008E02900038
:103F800059029000E400D000F4009000F700D10046
:103F90000703B000D202B0009D02B0006802B0007A
:103FA00005033100D00231009B023100660231006E
:103FB00005033000D00230009B0230006602300062
:103FC0000603B000D102B0009C02B0006702B0004E
:103FD00001033100CC02310097023100620231004E
:103FE0000403B200CF02B2009A02B2006502B2002E
:103FF00013031002DE021002A90210027402100262
:104000000B031002D6021002A10210026C02100271
:104010000303B000CE02B0009902B0006402B00009
:104020000203B000CD02B0009802B0006302B000FD
:1040300002033500CD0235009802350063023500D9
:104040003A01B0004601B0001902250038022500EF
:104050003C0225004302250047022500D701250028
:10406000F6012500FA0125000102250005022500C0
:1040700095012500B4012500B8012500BF012500E8
:10408000C30125005301250072012500760125009A
:104090007D01250081012500FB029000C6029000F1
:1040A000910290005C02900047030402FE02081097
:1040B00028030810C9020810F3020810940208101F
:1040C000BE0208105F02081089020810DE00F70027
:1040D000DE00F0002402F000E201F000A001F00098
:1040E0005E01F000F3003000F3007700F300D10030
:1040F0007100072072000402A1001002A200100249
:104100002000081027000810310008106F00081068
:10411000750007201B031002E6021002B102100214
:104120007C02100217031002E2021002AD0210021C
:1041300078021002C100B0003901B000FA0290000C
:10414000C5029000900290005B029000FC02B0015A
:10415000C702B0019202B0015D02B00191000810E7
:1041600092000810930008108E0008108F000810AD
:10417000900008108B0008108C0008108D000810AB
:104180003500081088000810890008108A000810FF
:1041900096000810840008109400081038000810D9
:1041A0004001B000490125004901260049012700CE
:1041B0004901280049012900B803B001B903B00141
:1041C0004202040200020402BE0104027C01040255
:1041D00036015100F2003000F2007700F200D10009
:1041E000F500D0000F031002DA021002A50210023F
:1041F0007002100232033100320332002502072020
:10420000E3010720A10107205F0107202602040225
:10421000E4010402A2010402600104022802040273
:10422000E6010402A4010402620104024102072023
:10423000FF010720BD0107207B01072019022B0089
:1042400038022B003C022B0043022B0047022B00BC
:10425000D7012B00F6012B00FA012B0001022B00E5
:1042600005022B0095012B00B4012B00B8012B0097
:10427000BF012B00C3012B0053012B0072012B0047
:1042800076012B007D012B0081012B002F020720DE
:10429000ED010720AB01072069010720310204026C
:1042A000EF010402AD0104026B0104025302A400F9
:1042B0001102A400CF01A4008D01A4005202A400A9
:1042C0001002A400CE01A4008C01A4005102A4009D
:1042D0000F02A400CD01A4008B01A400250007203B
:1042E0002F000710730008107C0008107E000810D3
:1042F0001F00072026000710300007107400081068
:104300007B00081028000720320007103900081031
:1043100041000710460005104B0008204C00082003
:104320004F000810540008205500082021000720E5
:1043300029000710330007103A000810400007104A
:10434000470005104A0008205000081053000810CC
:10435000F6029000C10290008C029000570290007B
:1043600019023701380237013C0237014302370195
:1043700047023701D7013701F6013701FA0137014A
:10438000010237010502370195013701B4013701F8
:10439000B8013701BF013701C301370153013701AC
:1043A00072013701760137017D0137018101370143
:1043B0001502B001D301B0019101B0014F01B0016C
:1043C0002E0007106B0007107F00082080000810E7
:1043D000820007201402F000D201F0009001F000EA
:1043E0004E01F0002B0330002F0330002B0354004C
:1043F0002F035400360007103F00081086000820E5
:10440000AF000810590010025A00100222000810D4
:104410002A000810340008103E0008101B00051088
:1044200067000810680008201F020720DD01072030
:104430009B0107205901072020020402DE0104022B
:104440009C0104025A0104024801040211010720E0
:104450002003B001EB02B001B602B0018102B0014D
:10446000060024000D002400140024006A00082027
:104470004A01260033015700330155003301530030
:104480003501B00016010402FB0004020001040221
:104490000B0104022B020402E9010402A701040239
:1044A00065010402750106207801310078013200AF
:1044B0007901062080010620830132008401062054
:1044C0008A010620B7010620BA013100BA01320084
:1044D000BB010620C2010620C5013200C60106202C
:1044E000CC010620F9010620FC013100FC0132005C
:1044F000FD01062004020620070232000802062001
:104500000E0206203B0206203E0231003E0232002F
:104510003F02062046020620490232004A020620D7
:104520005002062028010810C500D0002103B00168
:10453000EC02B001B702B0018202B0019C00900110
:104540009D009001F902D000C402D0008F02D0007B
:104550005A02D000DF005A00DF003900DF005600A9
:10456000DF003500DF005200DF003100B60032000E
:10457000BD003200BF00320030BFC363350301000D
:10458000E5010800350308008503010085030000EC
:1045900014000000A847000035030100E5011000E9
:1045A000350310008503010085030000140000009E
:1045B000A847000035030100E50120003503200075
:1045C000850301008503000014000000D8320000BC
:1045D00000000000B84B000025080000350801006D
:1045E000450801004008000088090000A506A00B4E
:1045F0000000000017020000F00900003702000070
:1046000070050000A80F00000000000087020000F5
:1046100080020000F0090000B7020000B0020000B4
:10462000700500009810000008460000000000001F
:10463000200300002003000020030000F009000018
:10464000500300005003000070050000A0060000A9
:10465000E0030000C84C0000100C0000404A0000BD
:10466000204C000048040000583500007836000057
:10467000500A0000500A0000E00100004002000063
:10468000D702000014000000050800008506C009DC
:104690008006400A80062009090000001837000043
:1046A000A80F000098100000084600000900000054
:1046B00018370000404A0000204C000009000000AC
:1046C00018370000204C0000981000000846000039
:1046D00009000000F8490000884800005505000066
:1046E000650500004505010009000000E50108001E
:1046F000A50600008515040035030300E501080048
:1047000035030800C506A46EB83700008503010014
:1047100085030000A03800002838000009000000D0
:10472000D0130000E0060000880800001707000012
:1047300068250000F0090000680900002708000053
:1047400002000000404A0000204C0000B7070000B3
:1047500035070300D84E00000A00000035070200AC
:10476000F8090000A00F00009010000000000000F9
:1047700000460000880800006009000043000000B7
:104780005708000078280000D8130000000000003F
:10479000184800000900000060250000E014000037
:1047A00070280000B028000000190000C02B000095
:1047B000002C0000201D0000102F0000502F0000D2
:1047C0004021000060320000D81300000900000002
:1047D000E014000009000000F501010006000008D7
:1047E00085150200851501009515FF03A515010C1F
:1047F00009000000A8490000184800002505000035
:10480000350500001505010009000000D50701006D
:104810002506646B3507890D4507890D850614004B
:10482000D84E00002A000000250600008506000082
:104830004507000010480000090000004500000086
:10484000E5018600350084004201000043000000BD
:10485000B50C0B0082CE010043000000683300005D
:10486000283900004500010009000000B50C0000D7
:1048700009000000B50C000009000000A50B0000B5
:10488000F50B0000050C1200150C0000E50B0000F4
:10489000950B0500483B000006202200384200002E
:1048A000B50204007502000065024000E501010147
:1048B000B5020101A841000065020000783F000038
:1048C000A8420000D83B0000017C0007F203000072
:1048D000017C0100060040004300000001000005CB
:1048E000283C000009000000D5080A00E5081A006D
:1048F000450285225502FD0109000000A5010000C6
:10490000D5000000E5000000F500200005010000D2
:10491000150100002501000035010000850100009F
:10492000450100005501000065010000750100000F
:1049300095010000950001007500FF370900000097
:10494000350A0900550A0000C50A0800650A3F0833
:10495000250A6000950A0100250A7F000900000071
:10496000D83C000002DC050043000000D500000038
:10497000E500000075000300020500004300000090
:104980008500030025000000180B00002500010031
:10499000E50102007500000009000000583A00001F
:1049A000180E000002050000430000008500FF37DC
:1049B000D50A4F007500FF3F8500FF3F50110000F2
:1049C000050A6B01050A0801050AB502E50C01009C
:1049D0000214000043000000280F000045030100FE
:1049E0004503020038130000483B00001845000052
:1049F0005845000078440000A8450000250000004C
:104A0000E501000535000005E50102001500000084
:104A1000020F00004300000018430000883A000025
:104A2000E5010100350001006201000043000000C3
:104A3000C80D0000784E0000250901009500FF40D8
:104A400009000000050D0100250D0100150D1500E0
:104A5000A50A0100450D870009000000A50B000014
:104A6000F50A000025022E0009000000083B0000A6
:104A700078440000E5011F00150B1F0038420000BC
:104A8000C8400000A842000006202200E50A0800F5
:104A9000F50A0000883B000002000000E10300036B
:104AA0004300000001008002283C000009000000D3
:104AB000350200001502000006022000220000005E
:104AC00032000000E17F800001F4000016000000C9
:104AD00043000000C601000043000000E71500008D
:104AE00002000000F81600004300000006001C0051
:104AF000350200009016000072000000060200005F
:104B000072010000F81600004300000002000000DF
:104B100006001C004300000043000000E7160000F0
:104B20000602000002000000F8160000430000002A
:104B3000090000001200000001F400001200000053
:104B4000E17F80002600000001F4010000008000E9
:104B5000E17F8000E601000001F40700000080070B
:104B6000430000006018000032000000E17F800078
:104B70002600000001F4030000008000E17F8000B7
:104B8000E601000001F40700000080074300000078
:104B90000600400016000000430000002600000050
:104BA0000000800006000000060000000600000073
:104BB00001748000090000003502000015020000A9
:104BC000060220002200000032000000E17F800089
:104BD00001F400001600000043000000C6010000C0
:104BE00043000000071A000002000000181B00002C
:104BF0004300000006001C0035020000B01A00004F
:104C0000720000000602000072010000181B000084
:104C1000430000000200000006001C0043000000EA
:104C200043000000071B0000060200000200000015
:104C3000181B0000430000000900000012000000E3
:104C400001F4000012000000E17F80002600000057
:104C500001F4010000008000E17F8000E601000017
:104C600001F407000000800743000000801C0000E2
:104C700032000000E17F80002600000001F4030004
:104C800000008000E17F8000E601000001F40700E1
:104C900000008007430000000600400016000000EE
:104CA0004300000026000000000080000600000015
:104CB00006000000060000000174800009000000EA
:104CC000350200001502000006022000220000004C
:104CD00032000000E17F800001F4000016000000B7
:104CE00043000000C601000043000000271E000032
:104CF00002000000381F00004300000006001C00F6
:104D000035020000D01E0000720000000602000004
:104D100072010000381F0000430000000200000084
:104D200006001C004300000043000000271F000095
:104D30000602000002000000381F000043000000CF
:104D4000090000001200000001F400001200000041
:104D5000E17F80002600000001F4010000008000D7
:104D6000E17F8000E601000001F4070000008007F9
:104D700043000000A020000032000000E17F80001E
:104D80002600000001F4030000008000E17F8000A5
:104D9000E601000001F40700000080074300000066
:104DA000060040001600000043000000260000003E
:104DB0000000800006000000060000000600000061
:104DC0000174800009000000350200001502000097
:104DD000060220002200000032000000E17F800077
:104DE00001F400001600000043000000C6010000AE
:104DF000430000004722000002000000582300008A
:104E00004300000006001C0035020000F0220000F4
:104E1000720000000602000072010000582300002A
:104E2000430000000200000006001C0043000000D8
:104E300043000000472300000602000002000000BB
:104E40005823000043000000090000001200000089
:104E500001F4000012000000E17F80002600000045
:104E600001F4010000008000E17F8000E601000005
:104E700001F407000000800743000000C024000088
:104E800032000000E17F80002600000001F40300F2
:104E900000008000E17F8000E601000001F40700CF
:104EA00000008007430000000600400016000000DC
:104EB0004300000026000000000080000600000003
:104EC00006000000060000000174800009000000D8
:104ED00098130000F50B0000050C0000150C0000F5
:104EE000E50B0000950B0000E50A0000050200003C
:104EF0000620020010340000050B0000050B0C001A
:104F0000050B0000150B0000250B0000350B010000
:104F1000450B0000550B0000650B000038420000F7
:104F2000B50204007502000065020000E5010900F9
:104F3000B5020900A841000065020000E50141003A
:104F4000B5024100A841000065020000783E000063
:104F5000B50204007502000065020000E5010101D0
:104F6000B5020101A841000065020000783F000081
:104F7000A8420000182800000900000015095D0083
:104F8000F508BD00E5010020F50800200100000043
:104F90000900000001000005283C0000004E000050
:104FA0000900000098130000F50B0000050C00003C
:104FB000150C0000E50B0000950B0000E50A000051
:104FC000050200000620020010340000050B00005E
:104FD000050B0C00050B0000150B0000250B000055
:104FE000350B0100450B0000550B0000650B000060
:104FF00038420000B502040075020000650200009E
:10500000E5010900B5020900A841000065020000A1
:10501000E5014100B5024100A84100006502000021
:10502000783E0000B5020400750200006502000031
:10503000E5010101B5020101A8410000650200007F
:10504000783F0000A8420000682B00000900000023
:1050500015095D00F508BD00E5010020F5080020F8
:10506000010000000900000001000005283C0000CC
:10507000004E00000900000098130000F50B00002E
:10508000050C0000150C0000E50B0000950B00005E
:10509000E50A0000050200000620020010340000AE
:1050A000050B0000050B0C00050B0000150B0000A4
:1050B000250B0000350B0100450B0000550B0000CF
:1050C000650B000038420000B502040075020000C4
:1050D00065020000E5010900B5020900A8410000D1
:1050E00065020000E5014100B5024100A841000051
:1050F00065020000783E0000B50204007502000061
:1051000065020000E5010101B5020101A8410000AE
:1051100065020000783F0000A8420000B82E0000A1
:105120000900000015095D00F508BD00E50100203B
:10513000F508002001000000090000000100000542
:10514000283C0000004E00000900000098130000F9
:10515000F50B0000050C0000150C0000E50B00002D
:10516000950B0000E50A0000050200000620020081
:1051700010340000050B0000050B0C00050B0000AF
:10518000150B0000250B0000350B0100450B00003E
:10519000550B0000650B000038420000B50204000A
:1051A0007502000065020000E5010900B502090072
:1051B000A841000065020000E5014100B502410080
:1051C000A841000065020000783E0000B50204001E
:1051D0007502000065020000E5010101B502010150
:1051E000A841000065020000783F0000A8420000CE
:1051F000083200000900000015095D00F508BD0037
:10520000E5010020F5080020010000000900000071
:1052100001000005283C0000004E000009000000CD
:10522000E5013100C5082000090000006503C00049
:10523000B5070200B5082A00A832000009000000E6
:1052400055080200F5050100350C040009000000B6
:10525000D50701002506E40065070600E5070800FC
:1052600045061400D84E00000A000000F84800006F
:10527000284900006507270009000000350C0200DE
:10528000350C0300E5010100050B0100E5010200FA
:10529000D50A0000A2000000430000000900000041
:1052A000E5010800A506000025030300E50108004C
:1052B00025030800C506046FB837000095030100F8
:1052C00095030000283800000900000015080000C0
:1052D000E5010800A5060800D84E00002A000000DD
:1052E000090000002508000025060000350703001E
:1052F00045070300D84E00000A0000000900000026
:105300002508010009000000F50101100600000851
:1053100009000000E501040085060400D50701002E
:105320002506C46DD84E00002A00000009000000C8
:10533000250600008506000009000000E836000090
:10534000184800008848000009000000E50110002E
:105350003503100009000000E501100025031000CE
:1053600009000000D507010025061400D84E0000F2
:105370002A00000025060000C50600000900000004
:10538000E5061800D84E00000A000000E5060000FF
:105390003508010088090000A506A00B09000000DF
:1053A00005071800D84E00000A000000050700009D
:1053B0004508010048360000A506406909000000C4
:1053C000E501860035008400420100004300000032
:1053D000E5010300B50C010062000000430000007D
:1053E000D50701002506E40065070600E50708006B
:1053F00045061800D84E00000A000000F8480000DA
:10540000284900006507270009000000E5010300A6
:10541000B50C03000900000068330000E50102003C
:10542000350002006201000043000000E501840035
:1054300035000000090000001502360005020E00CC
:1054400025022E00090000001502360005020E009C
:10545000250293000900000015094D00F5089D0084
:10546000E5010020F50800200900000015095D0095
:10547000F508BD00E5010020F50800200900000046
:10548000E5010020F5080000000000000000000019
:1054900025000100E50102001500020025000000C2
:1054A000E5010200150000000900000065007F0012
:1054B00009000000650000000900000075000100FF
:1054C00009000000D5000000E5010200950002007F
:1054D00009000000A5010000E5000000F500200023
:1054E0000501000015010000250100003501000044
:1054F0004501030055010300850103006501030018
:105500007501030095010300E501F77F9500F57F24
:1055100009000000E501FF016502E001E50111005D
:10552000B5021100A8410000E501FF016502FF017D
:10553000E5012100B5022100A8410000E501FF01BD
:105540006502F801E5018100B5028100A841000073
:1055500009000000E501FF016502C001E50101024B
:10556000B5020102A8410000E501FF016502FF014B
:10557000E5010104B5020104A8410000E501FF01B5
:105580006502F801E5010108B5020108A841000023
:10559000E501FF016502FF01E5010110B5020110FF
:1055A000A841000009000000B50204006502003FA8
:1055B000B5020D00F84100006502C0FFB5021500FC
:1055C000F84100006502F0FFB5028500F8410000D7
:1055D0006502FFFFB5022500F84100000900000048
:1055E000B208000043000000E501F91FB502000009
:1055F00009000000B208000043000000B5020400EA
:1056000009000000E501000535000000E501001873
:1056100035000018E501000535000005090000000F
:10562000E501000535000000E50100183500000027
:10563000E50100053500000509000000450A0100EC
:10564000450A000065070300D50708002506140079
:1056500058490000A847000025073900F50400005C
:105660000505803EE5040100D84E00000A00000058
:10567000A8470000F8480000650700000900000086
:10568000250A0000950A0000250A0000650A0000AE
:1056900009000000050B0000050B0C00050B0000C5
:1056A000150B1F00250B0000350B0100450B0000FA
:1056B000550B0000650B000009000000F50B000011
:1056C000050C0E00150C000009000000950B0700EA
:1056D000A50B0400E50A0700F50A04000900000014
:1056E000D50B0500B50B030009000000D50B050024
:1056F000B50B00000900000038420000B5020400AC
:10570000750200006502C03FE5010101B50201011B
:10571000A8410000650200FE783F0000A84200009A
:10572000483B000006202200D83B0000F50901009C
:10573000E50100039509000101F40000D50B050007
:10574000024B000043000000D50B0900F5090000E2
:10575000E501000395090000283C00000900000055
:1057600025070000B50501006200000043000000AD
:10577000B5050000E5040000090000003507000041
:10578000C50501006200000043000000C5050000DF
:10579000150500000900000045070000D5050100BF
:1057A0006200000043000000D50500004505000030
:1057B0000900000025060000D507000009000000D0
:1057C00045060000E5070000090000001500040080
:1057D000E501080035000000150000000900000088
:1057E00015000800E501100035000000150000005C
:1057F0000900000015001000E50120003500000040
:10580000150000000900000095000100E50C0000F3
:10581000250900002839000025000100E5010200EB
:1058200015000200E501060085000000E501060004
:1058300075000000D8450000984E0000E501010009
:105840003500000062010000430000002844000011
:10585000D50A000085000100183D0000783D0000D9
:105860000900000028330000C50000009514000066
:10587000783D0000383D0000F80B000009000000F2
:10588000D80B0000E501010085000000E5010100E2
:1058900075000000383D0000E50102001500000021
:1058A000F83C000009000000950C1300750C38004E
:1058B000850C02001502360005020E0025022E009E
:1058C000062022001509ED00F508DD01E5010020A4
:1058D000F508002001000005010001050100000598
:1058E00006004000283C0000750C0000850C0000FC
:1058F000950C000009000000350C0000350C040078
:10590000E5010100050B0000E5010200D50A0200D7
:1059100009000000450DFF0009000000450D0000D2
:10592000A50A0000050D000009000000520000005B
:10593000430000000900000000000000000000001B
:10594000CDCC344133335B41000098410000A44189
:10595000CDCCAC41000086420000AA420000AC421F
:105960000000C6420000D0421266513F16881A3F1E
:105970006B7E443F0EC1693F9CC47F3CB357863C5D
:10598000F558443C6852953CA8366B3F5336183F57
:1059900045B3593F0F72803F90FE913CE3179E3C08
:1059A000362B723C8FF5BC3C8FC2F53D295C8F3E97
:1059B000295C0F3F5C8F423F0AD7A33F61313231F0
:1059C0002D76312E31302E30000000000000000016
:1059D00000000000000000000000000000000000C7
:1059E00000000000000000000000000000000000B7
:1059F00000000000000000000000000000000000A7
:105A00000000000000000000000000000000000096
:105A100000000000FFFF00002D2201083D220108C8
:105A20000000000075240008BD0200080000803E50
:105A3000000040400000050000007041030100002C
:105A4000640000000000C842000000000000003FA9
:105A50000000000000000200705C0108000001006E
:105A60006C5C010803000100685C01080100010092
:105A7000645C010803000100605C01080000010093
:105A80005C5C010800000100585C01080000010096
:105A9000545C010800000100505C01080000040093
:105AA000405C0108000001003C5C010804000100AA
:105AB000385C010804000100345C01080C0302009A
:105AC0002C5C0108C05D0100285C01084001080051
:105AD000085C010815000100045C010800000100D9
:105AE000005C010800000100FC5B010800000100EF
:105AF000F85B010801000300EC5B010802000200F2
:105B0000E45B010800000200DC5B0108000001000A
:105B1000D85B010801000100D45B01083F000100CF
:105B2000D05B010804000100CC5B0108000001000B
:105B3000C85B010801000100C45B0108000001000E
:105B4000C05B010800000100BC5B0108000001000F
:105B5000B85B010800000100B45B0108050001000A
:105B6000B05B010845000100AC5B01080A000100C0
:105B7000A85B010800000100A45B01080800010007
:105B8000A05B010820000200985B010800000100F2
:105B9000945B01085C0130003700D000C802D000DF
:105BA000B4009000B700D100FA000402E200F70050
:105BB000E200F000B3003000B3007700B300D10082
:105BC000D6005100B2003000B2007700B200D10020
:105BD000B500D0005C0131005C01320029003000CA
:105BE0002D003000290054002D0054000600240030
:105BF0000D00240014002400D3005700D3005500EA
:105C0000D3005300D500B000AC0004021B03040213
:105C1000F5040402FA040402010504020605040264
:105C20002105040258050402180504026C0104024F
:105C3000220304023204B0007204B000CF04040254
:105C4000C9043701CC043701D0043701D30437012C
:105C50006105B0006305D000E3005A00E30039009D
:105C6000E3005600E3003500E3005200E30031009A
:105C70005900320060003200300EB363350301007A
:105C8000E5010800350308008503010085030000D5
:105C900014000000A801000035030100E501100018
:105CA0003503100085030100850300001400000087
:105CB000A801000035030100E501200035032000A4
:105CC0008503010085030000140000001500040096
:105CD000E501080035000000150000000900000083
:105CE00025070000B5050100620000004300000028
:105CF000B5050000E50400000900000025060000CD
:105D0000D50700000900000045060000E507000077
:105D1000090000006503C000B5070200B5082A00AD
:105D2000C802000009000000E5013100C50820009C
:105D300009000000520000004300000009000000BC
:105D400065007F0009000000A5010000D5000000EB
:105D5000E5000000F500200005010000150100002D
:105D6000250100003501000085010000450100000B
:105D7000550100006501000075010000950100005B
:105D8000950001007500FF3709000000D5000000F4
:105D9000E50102009500020009000000A5010000D5
:105DA000E5000000F50020000501000015010000DD
:105DB00025010000350100004501030055010300E5
:105DC00085010300650103007501030095010300CF
:105DD000E501F77F9500F57F09000000B50C000094
:105DE0000900000045000000E50186003500840040
:105DF0004201000043000000B50C0B0082CE010000
:105E0000430000008808000058070000450001001A
:105E100009000000E5010300B50C030009000000C3
:105E2000020F000043000000090000008808000085
:105E3000E50102003500020062010000430000009D
:105E4000E50184003500000009000000E50186003E
:105E5000350084004201000043000000E50103001A
:105E6000B50C01006200000043000000D5070100EE
:105E70002506E40065070600E5070800450618004A
:105E8000F80200000A0000001802000048020000AA
:105E90006507270009000000D50701002506E4007A
:105EA00065070600E507080045061400F802000033
:105EB0000A000000180200004802000065072700E1
:105EC00009000000550D01000000000075070000EA
:105ED000C50D9009750727008513010015140100F1
:105EE000E501040085130400E50104001514040015
:105EF000E501080085130800E501F8011514F80113
:105F00000900000015020000050200002502010042
:105F10000620220015090200F5080400E501002012
:105F2000F5080020090000000214000043000000F2
:105F3000010001000100800206004000090000008D
:105F4000350A0900550A0000C50A0800650A3F081D
:105F5000250A6000950A0100250A7F00090000005B
:105F6000250A0000950A0000250A0000650A0000C5
:105F700009000000450A0100450A0000650703000A
:105F8000D50708002506140058010000A8010000EC
:105F900025073900F50400000505803EE5040100F1
:105FA000F80200000A000000A8010000180200002A
:105FB0006507000009000000450A0100450A0000CD
:105FC00009000000050D0100250D0100150D15004B
:105FD000A50A0100450D870009000000450DFF00DE
:105FE0000900000015095D00F508BD00E50100206D
:105FF000F508002009000000D5080A00E5081A008D
:10600000450285225502FD010900000015023600F7
:1060100005020E002502930009000000E5010020A2
:10602000F50800000000000000000000250001004D
:10603000E50102001500020025000000E501020054
:106040001500000009000000350C0200350C0300AB
:10605000E5010100050B0100E5010200D50A000081
:10606000A20000004300000009000000E501000557
:1060700035000000E501001835000018E5010005B5
:106080003500000509000000E501000535000000AD
:10609000E501001835000000E501000535000005A8
:1060A00009000000B208000043000000E501F91FEC
:1060B000B502000009000000E501FF016502E001F2
:1060C000E5011100B5021100B8100000E501FF0163
:1060D0006502FF01E5012100B5022100B8100000B2
:1060E000E501FF016502F801E5018100B5028100CB
:1060F000B810000009000000E501FF016502C001C1
:10610000E5010102B5020102B8100000E501FF013E
:106110006502FF01E5010104B5020104B8100000A9
:10612000E501FF016502F801E5010108B50201087A
:10613000B8100000E501FF016502FF01E501011053
:10614000B5020110B810000009000000D50B0500D1
:10615000B50B030009000000D80F0000B5020400D1
:10616000750200006502C03FE5010101B5020101B1
:10617000B8100000650200FE081200004810000080
:10618000580E000006202200B80D0000F50901009D
:10619000E50100039509000101F40000D50B05009D
:1061A000024B000043000000D50B0900F509000078
:1061B000E501000395090000980E000009000000A9
:1061C000050B0000050B0C00050B0000150B1F0054
:1061D000250B0000350B0100450B0000550B00009E
:1061E000650B00000900000055080200580100007E
:1061F000A80100001802000048020000F505010097
:10620000350C040078020000285100003809000015
:10621000380A000001000000950C1300750C3800CE
:10622000850C0200A2000000C23000004300000004
:10623000430000000100010506004000010080024B
:10624000750C0001850C1800C80A0000850C380088
:106250002503000065070300D50708002506140084
:1062600058010000F5040000050580028514220095
:10627000C50A0000080D0000A8010000250721063E
:10628000E5040100F80200000A000000A801000077
:10629000E501010025030100C80A0000C50A01004C
:1062A000080D0000A801000025074D06E5040100C7
:1062B000F80200000A000000A8010000E501020049
:1062C00025030200C80A0000C50A0200080D0000EC
:1062D000A801000025077906E5040100F802000086
:1062E0000A000000A8010000E501040025030400E5
:1062F000C80A0000C50A0300080D0000A80100003C
:106300002507A506E5040100F80200000A000000C8
:10631000A8010000E501080025030800C80A0000E4
:10632000C50A0400080D0000A80100002507D106D9
:10633000E5040100F80200000A000000A8010000C6
:10634000E501100025031000C80A0000C50A050079
:10635000080D0000A80100002507FD06E504010066
:10636000F80200000A000000A8010000E50120007A
:1063700025032000C80A0000C50A0600080D000019
:10638000A801000025072907E5040100F802000024
:106390000A000000A8010000E501400025034000BC
:1063A000C80A0000C50A0700080D0000A801000087
:1063B00025075507E5040100F80200000A00000067
:1063C000A8010000E501800025038000C80A000044
:1063D000C50A0800080D0000A80100002507810774
:1063E000E5040100F80200000A000000A801000016
:1063F000E501000125030001C80A0000C50A0900E3
:10640000080D0000A80100002507AD07E504010004
:10641000F80200000A000000A8010000E5010002E7
:1064200025030002C80A0000C50A0A00080D000082
:10643000A80100002507D907E5040100F8020000C3
:106440000A000000A8010000E50100042503000483
:10645000C80A0000C50A0B00080D0000A8010000D2
:1064600025070508E5040100F80200000A00000005
:10647000A8010000E501000825030008C80A000083
:10648000C50A0C00080D0000A8010000250731080E
:10649000E5040100F80200000A000000A801000065
:1064A000E501001025030010C80A0000C50A0D0010
:1064B000080D0000A801000025075D08E5040100A3
:1064C000F80200000A000000A8010000E501002019
:1064D00025030020C80A0000C50A0E00080D0000B0
:1064E000A801000025078908E5040100F802000062
:1064F0000A000000A8010000E5010040250300405B
:10650000C80A0000C50A0F00080D0000A80100001D
:106510002507B508E5040100F80200000A000000A4
:10652000A8010000E501008025030080C80A0000E2
:1065300085140000A80B000018020000C8500000DD
:106540001400000078590000750C8000850C800054
:10655000B50A0300E5010400B50C040006000008BC
:10656000950A6100484F0000950A6900484F0000F5
:10657000950A7100484F0000950A7900484F0000C5
:10658000950A4100484F0000950A4900484F000015
:10659000950A5100484F0000950A5900484F0000E5
:1065A000950A2100484F0000950A2900484F000035
:1065B000950A3100484F0000950A3900484F000005
:1065C000950A0100484F0000950A0900484F000055
:1065D000950A1100484F0000950A1900484F000025
:1065E000B50A000001008002750C0200850C020053
:1065F000E5010400B50C0000C80A0000750C180085
:10660000850C0600F5001000C80A0000F500110016
:10661000C80A0000F5001200C80A0000F5001300C7
:10662000C80A0000F5001400C80A0000F5001500B3
:10663000C80A0000F5001600C80A0000F50017009F
:10664000C80A0000F5001800C80A0000F50019008B
:10665000C80A0000F5001A00C80A0000F5001B0077
:10666000C80A0000F5001C00C80A0000F5001D0063
:10667000C80A0000F5001E00C80A0000F5001F004F
:10668000C80A0000F5002000C80A0000F50021003B
:10669000C80A0000F5002200C80A0000F500230027
:1066A000C80A0000F5002400C80A0000F500250013
:1066B000C80A0000F5002600C80A0000F5002700FF
:1066C000C80A0000F5002800C80A0000F5002900EB
:1066D000C80A0000F5002A00C80A0000F5002B00D7
:1066E000C80A0000F5002C00C80A0000F5002D00C3
:1066F000C80A0000F5002E00C80A0000F5002F00AF
:10670000C80A0000F5003000C80A0000F50031009A
:10671000C80A0000F5003200C80A0000F500330086
:10672000C80A0000F5003400C80A0000F500350072
:10673000C80A0000F5003600C80A0000F50037005E
:10674000C80A0000F5003800C80A0000F50039004A
:10675000C80A0000F5003A00C80A0000F5003B0036
:10676000C80A0000F5003C00C80A0000F5003D0022
:10677000C80A0000F5003E00C80A0000F5003F000E
:10678000C80A0000A80B0000C85000001400000058
:106790007859000045030100F5002000750C030046
:1067A000850C0300E5010400B50C04000600000898
:1067B000150D100008500000150D110008500000C4
:1067C000150D120008500000150D130008500000B0
:1067D000150D140008500000150D1500085000009C
:1067E000150D160008500000150D17000850000088
:1067F000150D180008500000150D19000850000074
:10680000150D1A0008500000150D1B00085000005F
:10681000150D1C0008500000150D1D00085000004B
:10682000150D1E0008500000150D1F000850000037
:10683000150D000008500000150D01000850000063
:10684000150D020008500000150D0300085000004F
:10685000150D040008500000150D0500085000003B
:10686000150D060008500000150D07000850000027
:10687000150D080008500000150D09000850000013
:10688000150D0A0008500000150D0B0008500000FF
:10689000150D0C0008500000150D0D0008500000EB
:1068A000150D0E0008500000150D0F0008500000D7
:1068B000350D000001008002980E0000A80B0000BA
:1068C00045030000C850000014000000B50B030091
:1068D000F5090100250001009509000125000000CF
:1068E000D50B0E000214000043000000D50B0A0077
:1068F000F509000095090000950C000062090000F0
:10690000C23000004300000043000000380A0000CD
:10691000E5010400B50C0400050C000006000008A9
:10692000150C0000E50B3C00C80A0000E50B340024
:10693000C80A0000E50B2C00C80A0000E50B240083
:10694000C80A0000E50B0400C80A0000E50B0C00B3
:10695000C80A0000E50B1400C80A0000E50B1C0083
:10696000C80A0000150C0100E50B3C00C80A000035
:10697000E50B3400C80A0000E50B2C00C80A000033
:10698000E50B2400C80A0000E50B0400C80A00005B
:10699000E50B0C00C80A0000E50B1400C80A000053
:1069A000E50B1C00C80A0000150C0200E50B3C00BA
:1069B000C80A0000E50B3400C80A0000E50B2C00F3
:1069C000C80A0000E50B2400C80A0000E50B04001B
:1069D000C80A0000E50B0C00C80A0000E50B140013
:1069E000C80A0000E50B1C00C80A0000150C0300D3
:1069F000E50B3C00C80A0000E50B3400C80A0000A3
:106A0000E50B2C00C80A0000E50B2400C80A0000B2
:106A1000E50B0400C80A0000E50B0C00C80A0000E2
:106A2000E50B1400C80A0000E50B1C00C80A0000B2
:106A3000150C0400E50B3C00C80A0000E50B34000F
:106A4000C80A0000E50B2C00C80A0000E50B240072
:106A5000C80A0000E50B0400C80A0000E50B0C00A2
:106A6000C80A0000E50B1400C80A0000E50B1C0072
:106A7000C80A0000150C0500E50B3C00C80A000020
:106A8000E50B3400C80A0000E50B2C00C80A000022
:106A9000E50B2400C80A0000E50B0400C80A00004A
:106AA000E50B0C00C80A0000E50B1400C80A000042
:106AB000E50B1C00C80A0000150C0600E50B3C00A5
:106AC000C80A0000E50B3400C80A0000E50B2C00E2
:106AD000C80A0000E50B2400C80A0000E50B04000A
:106AE000C80A0000E50B0C00C80A0000E50B140002
:106AF000C80A0000E50B1C00C80A0000150C0700BE
:106B0000E50B3C00C80A0000E50B3400C80A000091
:106B1000E50B2C00C80A0000E50B2400C80A0000A1
:106B2000E50B0400C80A0000E50B0C00C80A0000D1
:106B3000E50B1400C80A0000E50B1C00C80A0000A1
:106B4000150C0800E50B3C00C80A0000E50B3400FA
:106B5000C80A0000E50B2C00C80A0000E50B240061
:106B6000C80A0000E50B0400C80A0000E50B0C0091
:106B7000C80A0000E50B1400C80A0000E50B1C0061
:106B8000C80A0000150C0900E50B3C00C80A00000B
:106B9000E50B3400C80A0000E50B2C00C80A000011
:106BA000E50B2400C80A0000E50B0400C80A000039
:106BB000E50B0C00C80A0000E50B1400C80A000031
:106BC000E50B1C00C80A0000C850000014000000BB
:106BD000A8590000E8550000F50A000028590000F7
:106BE000F50A010028590000F50A020028590000A2
:106BF000F50A030028590000F50A0400285900008E
:106C0000F50A050028590000F50A06002859000079
:106C1000F50A07002859000001008002980E0000C4
:106C2000085A0000C850000014000000A8590000D5
:106C3000080E0000D80F0000B50204007502000025
:106C40006502C03FE5010900B5020900B810000067
:106C500065020000E5014100B5024100B8100000E6
:106C6000650200FE0811000098580000481000005E
:106C700006200208B80D0000A50B040068550000AE
:106C8000F50A0000D84D0000F50A0100D84D0000BB
:106C9000F50A0200D84D0000F50A0300D84D0000A7
:106CA000F50A0400D84D0000F50A0500D84D000093
:106CB000F50A0600D84D0000F50A0700D84D00007F
:106CC00001008002980E0000085A0000C850000021
:106CD00014000000A8590000E50A0800950B080000
:106CE000F50B0F00D80F0000B5020400750200007C
:106CF0006502C03FE5010900B5020900B8100000B7
:106D000065020000E5014100B5024100B810000035
:106D1000650200FE08110000B502040075020000C3
:106D20006502C03FE5010101B5020101B810000094
:106D3000650200FE0812000048100000B80D0000B7
:106D4000F50A04001502A0000600200801F4000561
:106D500006020000A50B0000884C0000060200009F
:106D6000A50B0100884C000006020000A50B0200E4
:106D7000884C000006020000A50B0300884C0000B0
:106D800006020000A50B0400884C0000060200006B
:106D9000A50B0500884C000006020000A50B0600AC
:106DA000884C000006020000A50B0700884C00007C
:106DB00001000005980E0000085A0000C8500000AD
:106DC00014000000A8590000E50A0800950B08000F
:106DD000F50B0900D80F0000B50204007502000091
:106DE0006502C007E5010900B5020900B8100000FE
:106DF00065020000E5014100B5024100B810000045
:106E00006502001E08110000B502040075020000B2
:106E10006502C007E5010101B5020101B8100000DB
:106E20006502001E08120000481000003502000034
:106E30001502A00025022E0006202008B80D000033
:106E4000A50B0400050C0300150C0000685500009C
:106E5000D84D000001008002980E0000085A000082
:106E6000C850000014000000A8590000E50104000B
:106E7000B50C0000350C0100750C8001850C02007A
:106E8000950C1300450C0900650C1B00281500002B
:106E9000450B0200E50A0800950B0800D80F00001A
:106EA000B50204007502000065024000E50109001A
:106EB000B5020900B810000065020000E5014100BC
:106EC000B5024100B81000006502007E0811000004
:106ED0009858000048100000B80D000001000000A4
:106EE0001502A10025026E00650B04000620200893
:106EF000485300000600200822000000485300000C
:106F00004300000001008002650B0C000600200019
:106F1000420000004853000043000000010000054B
:106F2000650C0000450C0F00550C0300750CC001EA
:106F3000150B0900550B0700350B2900250B0B001D
:106F400006002000520000005854000043000000DA
:106F500001008002550B0F00350B090006002000D0
:106F6000520000005854000043000000010080025D
:106F7000250B1300060020005200000058540000AA
:106F80004300000001000005980E0000085A0000B0
:106F9000C85000001400000012000000E17500005D
:106FA00001F4010026000000E175000001F4070073
:106FB000E601000002000000E175000001F403009A
:106FC00026000000E175000001F40700E601000062
:106FD00043000000060040001600000043000000CF
:106FE0002600000001748000090000000600200057
:106FF000120000000602000072010000884C000030
:107000004300000006001C004300000001F4800261
:1070100009000000060020000602000072010000C6
:10702000884C00004300000001F4800209000000C9
:10703000851300001514000075070000C50D000041
:10704000550D010009000000B50A030002140000FC
:10705000430000000100010001008002B50A0200A7
:10706000021400004300000001000700010080023C
:107070000600400009000000350D01000214000068
:10708000430000000100010001008002350D0300F3
:10709000021400004300000001000700010080020C
:1070A000060040000900000035030200E501000071
:1070B000350300008503010085030000090000007E
:1070C000C50000009514000098040000580400005A
:1070D000980500002803000002DC050043000000C2
:1070E00048030000A2010000430000008500FF37B4
:1070F000D50A4F007500FF3F8500FF3F02140000D6
:1071000043000000E50C0100280B0000380D0000D2
:1071100025000000E501000535000005E50102003D
:1071200015000000B8050000020F00004300000039
:10713000980D00002509010078060000A80600004F
:10714000D80600000900000006020000F20200005C
:1071500001080000E107000001000000010001003B
:107160006200000001080000E107000001000000CB
:10717000010003004300000006004000260000005C
:107180004300000006001C00090000000602000089
:10719000F20200000128000001100000E1070000D9
:1071A0000100010062000000012800000110000041
:1071B000E10700000100030043000000060040005A
:1071C000260000004300000006001C00090000002B
:1071D000F5090100950900010214000043000000B8
:1071E000F50900009509000001F400010900000004
:1071F000050A6B01050A0801050AB502150D000014
:10720000D50B0900E50B0000980E000045030100B6
:1072100045030200E84E00005813000088130000E8
:10722000D80F0000B5020400750200006502C03FDF
:10723000E5010900B5020900B81000006502000070
:10724000E5014100B5024100B8100000650200FEF2
:10725000081100009858000048100000E50A0800D6
:10726000950B0700480F000015029D003502000035
:107270000502760025022E0006200208B80D000047
:10728000A50B0400050C1100150C0000F50B020005
:1072900068550000080E000009000000B502040057
:1072A0007502000065024000E5010101B50201011F
:1072B000B81000006502000008120000090000007C
:1072C0005502DD0D784E00005502FF0F784E00008C
:1072D00009000000280B0000F80B00000900000066
:1072E00078590000E501010035000100620100004D
:1072F0004300000009000000E50101003500000026
:107300006201000043000000A80B0000090000001B
:10731000000000000000000000000000000000006D
:10732000000000000000000000000000000000005D
:10733000000000000000000000000000000000004D
:10734000000000000000000000000000000000003D
:10735000000000000000000000000000000000002D
:10736000000000000000000000000000000000001D
:10737000000000000000000000000000000000000D
:1073800000000000000000000000000000000000FD
:1073900000000000000000000000000000000000ED
:1073A00000000000000000000000000000000000DD
:1073B00000000000000000000000000000000000CD
:1073C00000000000000000000000000000000000BD
:1073D000000000000000000000000000496E76611F
:1073E0006C696420636F6E6669672068616E646CA7
:1073F00065000000636F6E6669670000496E766124
:107400006C696420737562737765657020696E645A
:1074100065780000496E76616C69642073656E73EF
:107420006F722068616E646C6500000073656E7336
:107430006F720000546F6F206C6172676520736516
:107440006E736F7220627566666572207573616710
:107450006500000072616461725F656E67696E65E8
:107460005F6131323100000072756E6E696E6700C7
:1074700073746F70706564005B256C755D20536577
:107480006E736F72202573402568750073656E7387
:107490006F725F7374617475735F613132310000B4
:1074A0005B256C755D205363726174636870616401
:1074B00020636F6E666967202568753A20307825ED
:1074C00030346878000000005B256C755D207761C2
:1074D0006B6575705F737461747573303A203078C2
:1074E00025303468780000005B256C755D20696E7E
:1074F0007075746D75785F77616B6575705F696EB7
:107500007075742568755F636F6E6669673A2030C1
:1075100078253034687800005B256C755D207761D4
:107520006B6575705F696E7075742568755F7761DE
:107530006B6575705F636F6E6669673A204164645E
:10754000723D2568753A203078253034687800001F
:107550005B256C755D2077616B6575705F696E701A
:1075600075742568755F61636B5F636F6E666967CD
:107570003A20202020416464723D2568753A20300D
:1075800078253034687800005B256C755D20537475
:1075900061636B206C6576656C202568753A2041C7
:1075A0006464723D2568753A202568750000000006
:1075B0005B256C755D2041736963206572726F7223
:1075C0003A20307825303468780000005B256C75EF
:1075D0005D2020204552524F523A20257300000072
:1075E0005374617465206E6F742075736564000058
:1075F000656C656D656E745F6672616D6500000037
:1076000053637261746368206973207573656420C5
:10761000627574206E6F74207365740053637261B9
:1076200074636820616E64207374617465206E6F8A
:107630007420757365640000656C656D656E745FBC
:1076400073696E6B5F613132315F63616C6C626173
:10765000636B00004F75747075742063616E206EEB
:107660006F742062652073657420666F7220736981
:107670006E6B20656C656D656E740000253032752B
:107680003A253032753A253032752E253033752043
:107690002825632920282573292025730A00000046
:1076A0004557495644000000496E76616C69642074
:1076B0006E756D626572206F662073756273776593
:1076C000657073007472616E736C6174696F6E5F64
:1076D0006131323100000000496E76616C696420CE
:1076E00073776565705F726174650000656E6162D5
:1076F0006C655F636361206E6F742076616C696492
:10770000207769746820646F75626C655F62756666
:10771000666572696E6700005375627377656570A0
:10772000202568752068617320696E76616C6964D4
:107730002050524600000000496E76616C6964205A
:107740006672616D655F726174650000496E766195
:107750006C69642073657474696E677320666F72F8
:1077600020636F6E74696E756F75735F737765658F
:10777000705F6D6F64650000696E7465725F66723C
:10778000616D655F69646C655F7374617465206DBC
:10779000757374206265207468652073616D65205F
:1077A0006F7220646565706572207468616E20690F
:1077B0006E7465725F73776565705F69646C655F31
:1077C0007374617465000000496E76616C696420B1
:1077D000696E7465725F6672616D655F69646C6520
:1077E0005F73746174650000496E76616C69642032
:1077F000696E7465725F73776565705F69646C65E7
:107800005F73746174650000496E76616C69642011
:107810006877616173000000496E76616C6964206D
:10782000636F6D62696E6174696F6E206F66206C44
:107830006F6F706261636B20616E642070726F663F
:10784000696C6500496E76616C696420636F6D6276
:10785000696E6174696F6E206F662070726F666901
:107860006C6520616E64207072660000496E7661FE
:107870006C69642070726F66696C6500496E766130
:107880006C696420737465705F6C656E6774680002
:10789000496E76616C6964206E756D5F706F696E9C
:1078A0007473000070686173655F656E68616E6314
:1078B000656D656E74206E6F742076616C696420EE
:1078C000776974686F75742073756274726163741C
:1078D0005F696E5F6275666665720000496E76610B
:1078E0006C696420737461727420706F696E7400C7
:1078F000496E76616C6964206E756D626572206F89
:107900006620706F696E7473206F72207374657077
:10791000206C656E67746800496E76616C696420DE
:1079200070726600537461727420706F696E742097
:107930006F722072616E676520746F6F206661726E
:1079400000000000537461727420706F696E7420BF
:10795000746F6F20636C6F7365000000496E766111
:107960006C69642072656365697665725F676169D9
:107970006E000000496E76616C6964205458207076
:107980006F77657220617474656E756174696F6E6E
:10799000000000004661696C656420746F206361BB
:1079A0006C63756C6174652070756C736573686168
:1079B0007065722073657474696E677321000000CE
:1079C000546865206D6178696D756D2073776565A4
:1079D00070207261746520697320256400000000C6
:1079E0006163635F696E746567726174696F6E5F0E
:1079F0007365745F706572696F6469635F77616BEB
:107A0000657570206D7573742062652063616C6CA0
:107A10006564207072696F7220746F2063616C6C92
:107A2000696E6720746869732066756E6374696F28
:107A30006E000000496E76616C696420627566664E
:107A4000657220696E7075740000000070726F635B
:107A5000657373696E670000496E76616C696420B6
:107A600070726F63657373696E672068616E646CB2
:107A7000650000002D2D2D2D2D2D20424547494E0E
:107A8000202D2D2D2D2D2D2053656E736F722053BB
:107A90007461747573204C6F67202D2D2D2D2D2D45
:107AA00020424547494E202D2D2D2D2D2D00000023
:107AB0005B256C755D2025733A203078253034685D
:107AC000780000002D2D2D2D2D2D2D20454E4420EC
:107AD0002D2D2D2D2D2D2D2053656E736F7220535E
:107AE0007461747573204C6F67202D2D2D2D2D2DF5
:107AF0002D20454E44202D2D2D2D2D2D2D00000007
:107B0000496E76616C696420627566666572207381
:107B1000656E736F7220256C7500000073656E735F
:107B20006F725F70726F746F636F6C5F613132314F
:107B30000000000047656E657269633120496E740C
:107B400065727275707420616C726561647920630E
:107B50006C6561726564206F6E2073656E736F7201
:107B600020256C75000000004E6F206576656E74F0
:107B700020636F6465205B307825785D20726563D3
:107B800065697665642066726F6D2073656E736FCC
:107B90007220256C750000004572726F7220657648
:107BA000656E7420636F6465205B307825785D2096
:107BB00072656365697665642066726F6D207365B2
:107BC0006E736F7220256C7500000000496E76613F
:107BD0006C6964206576656E7420636F6465205BF4
:107BE000307825785D207265636569766564206606
:107BF000726F6D2073656E736F7220256C75000057
:107C00004275666665722073697A6520746F6F20AD
:107C1000736D616C6C00000053656E736F7220258C
:107C20006C75204E6F2070656E64696E6720696E9A
:107C3000746572727570740053656E736F7220256F
:107C40006C75206576656E74206973206E6F742084
:107C500048414E445348414B45205B307825785D80
:107C600000000000496E76616C696420627566668A
:107C70006572206C656E67746800000073656E73D2
:107C80006F725F636F6D6D5F6131323100000000B4
:107C90005472616E736665722064617461206672ED
:107CA0006F6D2073656E736F7220746F20686F73D1
:107CB00074206661696C6564000000005370757221
:107CC000696F7573206576656E742072656365698A
:107CD000766564207768656E20444F4E4520657850
:107CE00070656374656421205265636569766564B7
:107CF000206576656E7420636F6465203D20256481
:107D00000000000063616C6962726174696F6E5F8C
:107D1000613132315F63616C5F73657373696F6E7C
:107D2000000000004F7574206F66206D656D6F72E6
:107D3000790000007273735F696E746567726174B5
:107D4000696F6E00706970656C696E655F61313274
:107D5000310000004661696C656420746F206765BE
:107D60007420726164617220656E67696E65206D52
:107D70006574616461746100706970656C696E65D9
:107D80005F73756273776565700000005069706598
:107D90006C696E65206E6F742070726F7065726CA6
:107DA0007920617373656D626C65640041737365FE
:107DB0006D626C652073756273776565702070699C
:107DC00070656C696E65206661696C6564000000B1
:107DD0004C6F61643A205472616E736665722073F1
:107DE000697A6520697320746F206C617267650021
:107DF000556E61636B6E6F776C6564676564206553
:107E000076656E74206465746563746564206F6E56
:107E10002073656E736F7220256C750053656E73E9
:107E20006F7220256C75206E6F74207265616479A5
:107E300020666F72206C6F6164696E672061206ECE
:107E400065772070726F6772616D000053656E73A5
:107E50006F7220256C75206E6F7420726561647975
:107E600020666F722072756E6E696E672061206E7B
:107E700065772070726F6772616D00004F66667380
:107E800065743A20256875204D6F6469667920769F
:107E9000616C7565203D20256C7520746F6F206CBA
:107EA0006172676520286D6178696D756D20256C3C
:107EB00075290000636F6E6670726F6772616D0086
:107EC000496E76616C69642064617461206F6274CC
:107ED00061696E656420666F7220706174636869A1
:107EE0006E6700004C6F61642070726F6772616D25
:107EF000206661696C6564004E6F7420706F7373E7
:107F000069626C6520746F207265636F6E66696765
:107F1000757265207768656E20646F75626C652088
:107F2000627566666572696E6720697320636F6E3D
:107F3000666967757265640053656E736F7220259C
:107F40006C75206E6F7420726561647920746F2087
:107F50006265207570646174656400006370645FBD
:107F6000613132315F6D6561735F73657373696F22
:107F70006E000000496E76616C69642063616C6913
:107F800062726174696F6E006465746563746F72A8
:107F90005F64697374616E6365000000436C6F73A6
:107FA000652072616E67652073686F756C64206808
:107FB000617665206669786564205052460000004D
:107FC0006163635F6465746563746F725F64697332
:107FD00074616E63655F7472616E736C6174696FF6
:107FE0006E000000496E76616C696420617267758D
:107FF0006D656E747320696E20666C6F61745F6C62
:10800000696E7370616365006465746563746F7233
:108010005F64697374616E63655F616767726567EA
:1080200061746F7200000000436F756C64206E6FA6
:108030007420616C6C6F6361746520616767726541
:108040006761746F720000006465746563746F72B9
:108050005F64697374616E63655F70726F6365738B
:10806000736F72004661696C656420746F20616C87
:108070006C6F6361746520612070726F63657373E8
:108080006F7220696E7374616E6365004661696C1E
:10809000656420746F207365742066696C74657202
:1080A000206D617267696E2E204E756D626572205B
:1080B0006F6620706F696E747320746F6F20736DBC
:1080C000616C6C004661696C656420746F20636F3D
:1080D0006E66696775726520627265616B706F6943
:1080E0006E74732066696C746572206D6172676965
:1080F0006E000000496E76616C6964207468726578
:1081000073686F6C64206D6574686F6400000000B4
:108110004661696C656420746F2063616C63756C83
:108120006174652066696C74657220636F6566664C
:10813000696369656E7473004661696C6564207477
:108140006F20636F6E66696775726520746865205D
:1081500070726F636573736F72000000496E7661B1
:108160006C69642070726F636573736F72206861ED
:108170006E646C6500000000496E76616C69642075
:1081800061676772656761746F722068616E646CA5
:1081900065000000436F756C64206E6F742063721D
:1081A00065617465206465746563746F72206861CD
:1081B0006E646C6500000000646F6E655F657272CE
:1081C0006F720000737461636B5F6F766572666CCB
:1081D0006F770000737461636B5F756E64657266C0
:1081E0006C6F77007370695F756E6B6E6F776E5F23
:1081F000636D64007370695F6D697373696E675F47
:1082000061636B006164635F6669666F5F66756C6E
:108210006C0000006164635F746F6F5F666173740C
:108220000000000041736963206964656E746974BD
:10823000793A0000537461636B5F6C6576656C5FBF
:108240007374617475735F726567697374657200C6
:10825000496E74657272757074207374617475738D
:10826000207265676973746572000000496E7661FB
:108270006C6964206465746563746F722068616EF4
:10828000646C650064697374616E63652069732052
:108290006F757473696465206D6561737572696E5D
:1082A000672072616E67650066696C7466696C74DC
:1082B00020696E7075742069732025687520627559
:1082C00074206E6565647320746F2062652061742C
:1082D000206C6561737420256875000064657465A1
:1082E00063746F725F64697374616E63655F616C00
:1082F0006700000050726F76696465642073746172
:108300007469632063616C20726573756C74206995
:108310007320696E76616C696400000050726F763C
:10832000696465642064796E616D69632063616C62
:1083300020726573756C7420697320696E76616C48
:1083400069640000556E6B6E6F776E207265666CA7
:108350006563746F7220736861706500646574652D
:1083600063746F725F64697374616E63655F757463
:10837000696C73004661696C656420746F20646584
:1083800074656374207065616B730000436F756C76
:1083900064206E6F74206361636865207065616B33
:1083A0007300000041676772656761746F722070C7
:1083B000726F63657373206661696C65642E00007B
:1083C000416464726573733A20256875204D6F644B
:1083D0006966792076616C7565203D20256C752075
:1083E000746F6F206C6172676520286D6178696DAC
:1083F000756D20256C752900496E76616C69642065
:1084000064617461206F627461696E656420666F77
:1084100072206C697665207061746368696E6700AC
:10842000496E76616C6964206465746563746F720B
:1084300020636F6E6669670053656E736F722062AA
:10844000756666657220746F6F20736D616C6C0069
:1084500043616C6962726174696F6E2072657375D5
:108460006C742073697A6520746F6F20736D616C12
:108470006C0000004E6F2063616C69627261746908
:108480006F6E206E65656465640000006163635F04
:108490006465746563746F725F64697374616E633D
:1084A000655F63616C6962726174652077617320D6
:1084B00063616C6C65642061667465722069742008
:1084C00077617320646F6E6500000000556E726501
:1084D00061636861626C6520636F646520776173B6
:1084E0002072656163686564000000005374617206
:1084F00074206D757374206265203E3D2030206DC0
:108500006574657273000000456E64206D75737448
:10851000206265203E3D2030206D657465727300D9
:10852000456E64206D757374206265206265796F95
:108530006E6420737461727400000000456E6420E4
:108540006973206265796F6E64206D61782064695B
:108550007374616E6365206F66203233206D6574BD
:10856000657273005369676E616C207175616C6927
:108570007479206F75747369646520696E746572AF
:1085800076616C205B2D31302C2033355D0000008E
:108590005468726573686F6C642073656E73697478
:1085A0006976697479206F75747369646520696E82
:1085B000746572616C205B302C20315D000000001E
:1085C0004163636F6E65657220736F667477617265
:1085D000652076657273696F6E2025730A0000004E
:1085E0006163635F6465746563746F725F6469730C
:1085F00074616E63655F636F6E6669675F63726502
:108600006174652829206661696C6564000000005A
:108610006163635F6465746563746F725F646973DB
:1086200074616E63655F6372656174652829206695
:1086300061696C6564000000627566666572206140
:108640006C6C6F636174696F6E206661696C6564E0
:1086500000000000617369635F696400556E6578AE
:1086600070656374656420617369635F6964206623
:108670006F756E64203D20307825780053656E73E9
:108680006F7220697320696E2077726F6E67207336
:1086900074617465000000006163635F73656E73ED
:1086A0006F725F6372656174652829206661696C09
:1086B00065640000496E76616C6964207265666568
:1086C00072656E6365206672657175656E6379208B
:1086D0002573256C752E2530366C7520487A000080
:1086E0006370645F706C6C5F64697669736F7273DA
:1086F0000000000053656E736F722063616C6962E5
:10870000726174696F6E20737465702025642066D1
:1087100061696C656400000063616C696272617418
:10872000696F6E5F61313231000000006163635F29
:1087300073656E736F725F63616C69627261746599
:108740002829206661696C65640000006163635FCD
:108750006465746563746F725F64697374616E637A
:10876000655F63616C696272617465282920666166
:10877000696C6564000000006163635F6465746533
:1087800063746F725F70726573656E63655F70723C
:1087900065706172652829206661696C65640000F6
:1087A0006163635F73656E736F725F686962657240
:1087B0006E6174655F6F6E206661696C6564000050
:1087C0006163635F73656E736F725F686962657220
:1087D0006E6174655F6F6666206661696C656400D2
:1087E0006163635F6465746563746F725F6469730A
:1087F00074616E63655F70726570617265282920AF
:108800006661696C656400006163635F73656E73C4
:108810006F725F6D656173757265206661696C6505
:108820006400000053656E736F7220696E74657228
:10883000727570742074696D656F75740000000046
:108840006163635F73656E736F725F7265616420ED
:108850006661696C656400006163635F646574658B
:1088600063746F725F64697374616E63655F707265
:108870006F63657373206661696C65640000000056
:108880002564206465746563746564206469737429
:10889000616E6365730000003A2000002573256C4B
:1088A000752E2530366C756D200000006163635FA6
:1088B0006465746563746F725F64697374616E6319
:1088C000655F6765745F6275666665725F73697A16
:1088D000652829206661696C65640000000FC93F46
:1088E000000F494000CB9640000FC9400053FB40A9
:1088F00000CB164100ED2F41000F4941003162418C
:1089000000537B41003A8A4100CB9641005CA34171
:1089100000EDAF41007EBC41000FC94100A0D54130
:108920000031E24100C2EE410053FB4100F203423C
:10893000003A0A420083104200CB164200141D4246
:10894000005C234200A5294200ED2F42003636424A
:10895000007E3C4200C74242000F4942A200000094
:10896000F9000000830000006E0000004E000000CF
:10897000440000001500000029000000FC00000079
:108980002700000057000000D1000000F5000000A3
:1089900034000000DD000000C0000000DB0000002B
:1089A0006200000095000000990000003C000000FB
:1089B000430000009000000041000000FE000000A5
:1089C0005100000063000000AB000000DE0000006A
:1089D000BB000000C500000061000000B7000000FF
:1089E000240000006E0000003A0000004200000079
:1089F0004D000000D2000000E00000000600000072
:108A0000490000002E000000EA00000009000000FC
:108A1000D1000000920000001C000000FE000000D9
:108A20001D000000EB0000001C000000B100000071
:108A300029000000A70000003E000000E800000040
:108A40008200000035000000F50000002E0000004C
:108A5000BB0000004400000084000000E9000000AA
:108A60009C0000007000000026000000B400000020
:108A70005F0000007E00000041000000390000009F
:108A800091000000D60000003900000083000000C3
:108A90005300000039000000F40000009C000000BA
:108AA000840000005F0000008B000000BD0000009B
:108AB000F9000000280000003B0000001F0000003B
:108AC000F800000097000000FF000000DE0000003A
:108AD00005000000980000000F000000EF000000FB
:108AE0002F000000110000008B0000005A00000061
:108AF0000A0000006D0000001F0000006D00000073
:108B0000360000007E000000CF00000027000000BB
:108B1000CB00000009000000B70000004F0000007B
:108B2000460000003F000000660000009E000000BC
:108B30005F000000EA0000002D000000750000004A
:108B400027000000BA000000C7000000EB00000092
:108B5000E5000000F10000007B0000003D00000087
:108B60000700000039000000F70000008A00000044
:108B70005200000092000000EA0000006B000000BC
:108B8000FB0000005F000000B10000001F000000BB
:108B90008D0000005D00000008000000560000008D
:108BA000030000003000000046000000FC00000050
:108BB0007B0000006B000000AB000000F000000034
:108BC000CF000000BC000000200000009A00000060
:108BD000F4000000360000001D000000A9000000A5
:108BE000E300000091000000610000005E00000052
:108BF000E60000001B000000080000006500000007
:108C000099000000850000005F00000014000000D3
:108C1000A000000068000000400000008D0000007F
:108C2000FF000000D8000000800000004D000000A0
:108C30007300000027000000310000000600000063
:108C4000060000001500000056000000CA000000E9
:108C500073000000A8000000C900000060000000D0
:108C6000E20000007B000000C00000008C0000005B
:108C70006B0000000000C93F0000F0390000DA3747
:108C80000000A2330000842E0000502B0000C227F9
:108C90000000D0220000C41F0000C61B00004417C3
:108CA000040000000700000009000000D1F717379A
:108CB000D1F717B78071313F807131BF0000003F9D
:108CC000000000BF6937AC3168212233B40F143380
:108CD0006821A2333863ED3EDA0F493F5E987B3F4F
:088CE000DA0FC93F000000009B
:088CE800745EFF7F0100000033
:088CF00015F20008000000006D
:088CF800EDF10008000000008E
:108D000000093D00100000006262615F63616C5FFA
:108D10006374726C5B785D0074785F667265715F16
:108D20006B687A5B785D00002C000020000000007A
:108D3000B00400201805002080050020000000007D
:108D40000000000000000000000000000000000023
:108D50000000000000000000000000000000000013
:108D60000000000000000000000000000000000003
:108D700000000000000000000000000003000000F0
:088D8000B00400200000000017
:040000050800F7E90F
:00000001FF
