:020000040800F2
:100000000000012089C70008CD3A0008D13A000855
:10001000D53A0008D93A0008DD3A0008000000008F
:10002000000000000000000000000000E13A0008AD
:10003000E53A000800000000E93A0008ED3A00083F
:10004000D9C70008D9C70008D9C70008013B000874
:10005000D9C70008D9C70008D9C70008D9C7000800
:10006000D9C700083D3B0008D9C70008D9C7000818
:10007000513B00085D3B0008D9C70008D9C70008FC
:10008000693B0008753B0008D9C70008D9C70008BC
:10009000D9C70008D9C70008D9C70008D9C70008C0
:1000A000D9C70008D9C70008D9C70008D9C70008B0
:1000B000D9C700080000000000000000D9C70008F0
:1000C000D9C70008813B0008D9C70008D9C7000874
:1000D000D9C70008D9C70008F14E0008D9C70008E1
:1000E000A93B0008993C0008000000000000000047
:1000F0000000000000000000000000000000000000
:1001000000000000D9C7000800000000D9C700089F
:100110000000000000000000D9C70008D9C700088F
:10012000D9C70008D9C70008D9C70008D9C700082F
:10013000D9C7000800000000000000000000000017
:10014000D9C70008D9C70008D9C7000800000000B7
:10015000D9C70008D9C70008D9C70008D9C70008FF
:10016000D9C70008D9C70008D9C700080000000097
:10017000D9C70008D9C7000800000000000000002F
:10018000D9C70008D9C70008D9C700080000000077
:10019000B0F1904F84B017D0234B984204D0234B3A
:1001A00098422CD004B0704711B303F1784303F5A3
:1001B0000333DA6C42F00202DA64DB6C03F0020310
:1001C0000293029B04B0704759B1194BDA6C42F0AC
:1001D0000102DA64DB6C03F001030193019B04B0BC
:1001E0007047134AD36C23F00103D36404B0704703
:1001F0000F4AD36C23F00203D36404B0704769B193
:1002000003F1784303F5FA33DA6C42F08002DA64E2
:10021000DB6C03F080030393039BC3E7044AD36CB6
:1002200023F08003D364BDE700040048001C0048AD
:100230000010024008B518B1064B02689A4207D078
:10024000054B064A1B69064900209847002008BD57
:10025000012008BD0EB0371378000020983801083F
:10026000B038010890F824C0BCF1010F3CD070B543
:1002700090F825C00124A44580F824405FFA8CFE44
:1002800004D0002380F82430022070BD022580F8BD
:10029000255004680025C5632668456C26F00106D4
:1002A000266005F01C05066C0EFA05F575606360A6
:1002B0008368102B036B0BBFA260A160E160E2605A
:1002C0004BB1236843F00E032360236843F001031E
:1002D0000020236070BD236823F00403236023689B
:1002E00043F00A032360F0E7022070472DE9F04154
:1002F0007A4C0023237694F87D30012B0D46616AF9
:1003000008D0B1F5827F64D1D8B2A36A002B60D146
:1003100004285ED1002D5CD092B2002A59D094F806
:100320007C30012B55D094F87D30266AA565042BCE
:100330001CBF052384F87D3001210023C4F88030E0
:1003400084F87C10A4F85E20A4F86620C4E91B336E
:100350007368A4F85C2023F4C0432566A4F86420E5
:100360007360E36AA06FB3F5E06F34D8636F996987
:100370007368B1F5806F43F48053736000F082803E
:100380008369B3F5806F69D094F87D30544A042BAB
:10039000544B18BF1346544A0363544B4363544BA6
:1003A00018BF1346C362B4F866304FF00008C0F8B7
:1003B00038809BB206F10C012A46FFF753FF07462F
:1003C00070B1D4F8803084F87C8043F01003C4F816
:1003D0008030BDE8F081736823F480537360D3E705
:1003E0007368606F43F001037360B4F85E300A46CF
:1003F000C0E90B77C0E90D7729469BB2FFF732FFC2
:1004000000284CD133685B0623D5002384F87C3068
:10041000736843F020037360736843F002037360F2
:10042000D4F88420237E002BD3D141F2873109E018
:1004300072B6237E03B930BF62B6BFF36F8F237EDF
:10044000002BC6D1D4F884309B1A8B42F0D9BDE87A
:10045000F081336843F040033360D6E7736823F4D8
:1004600080537360B4F8663013F0010F73681FD1C6
:1004700023F400537360B4F86630C3F34E03A4F85A
:10048000663081E7D20773681DD423F4804373601C
:10049000B4F85E30C3F34E03A4F85E3070E7D4F8CE
:1004A000803084F87C7043F01003C4F8803090E70B
:1004B00043F400537360B4F86630C3F34E03013362
:1004C000A4F8663060E743F480437360B4F85E30AC
:1004D000C3F34E030133A4F85E3051E778000020E7
:1004E000A5120008A1120008ED230008A9120008B7
:1004F0003D23000890F82520022A03D00422C2637D
:10050000012070470168426C10B50C6824F00E049D
:100510000C600C6824F001040C6002F01C02046CF6
:10052000012101FA02F26260826B80F8251000243A
:1005300080F8244002B19047002010BD70B4436C95
:10054000066C056831682C6803F01C0304229A408D
:100550000A420ED014F0040F0BD02B689B0603D474
:100560002B6823F004032B60036B7260CBB170BC6B
:10057000184702229A400A4215D014F0020F12D0F6
:100580002B68990606D42B6823F00A032B600123FD
:1005900080F82530C36A7260002180F82410002B97
:1005A000E5D170BC704708229A400A42F9D0220770
:1005B000F7D52A68416B22F00E022A60012202FA66
:1005C00003F300247360C26380F8244080F8252080
:1005D0000029E6D070BC08472DE9F04F00233E4EBD
:1005E0004FF00F094FF0030A4DE03C4FB84265D081
:1005F0003B4FB84266D03B4FB84268D0DFF8E8B016
:1006000058450CBF4FF0040B4FF0070B0BFA04F4E6
:10061000A44513D1346824EA0E043460746824EAD3
:100620000E047460F46824EA0E04F460B46824EAEA
:100630000E04B460AC6824EA0804AC6004685D0091
:100640000AFA05F54FEAD30C2C4300EB8C0C04603E
:1006500003F00704DCF820E0A40009FA04F42EEA11
:100660000404CCF82040846824EA050484604468CB
:1006700024EA02024260C26822EA0502C260013333
:1006800031FA03F218D001229A4012EA010EF6D094
:1006900023F0030505F1804505F5803503F00304DB
:1006A000D5F808C0A40009FA04F8B0F1904F08EAA0
:1006B0000C0C9AD10024ABE7BDE8F08F012707FAB4
:1006C00004F4A5E74FF0020B0BFA04F4A0E74FF097
:1006D000030B0BFA04F49BE70004014000040048FC
:1006E00000080048000C004800100048002310B427
:1006F00080F8423090F84120212A4FF0200118D193
:10070000112280F84110026390F84110046801F052
:10071000280122684363282914BF6FF0F2016FF0AB
:1007200042010A40002322605DF8044B80F840300B
:100730007047122280F84110026390F8412001684E
:1007400002F028020C684363282A14BF6FF0F402F9
:100750006FF04402224000230A605DF8044B80F8E9
:100760004030704701680B68002280F842205A042C
:100770000CD50B6823F480430B6090F84130292B93
:100780000ED090F841302A2B20D070471B04F4D5AE
:100790000B6823F400430B6090F84130292BF0D113
:1007A0002822212380F84120036390F841300A6811
:1007B00003F02803282B14BF6FF0F2036FF04203FD
:1007C000134000220B6080F840207047282222232B
:1007D00080F84120036390F841300A6803F0280351
:1007E000282B14BF6FF0F4036FF044031340002272
:1007F0000B6080F84020704710B400232022174C73
:10080000C4624363036380F8412080F842304B07A1
:10081000026811D5436A526A1A70436A028D013325
:1008200043624AB1438D013B9BB24385436C013A1D
:1008300043F0040302854364036890F8412090F874
:1008400041201A68102422F0FE0200211A60DC61A7
:100850005DF8044B80F84010704700BF0000FFFFB8
:1008600010B50446514A94F84130002084F8420003
:10087000E2626085626C1143A3F12802022A2368B8
:1008800061645DD894F8411094F8412001F028018A
:10089000282902F0280214BFF6214621282A1A68C6
:1008A0000CBFC9436FF0F6010A40282040491A6086
:1008B00084F84100A06B226B616318B1112A11D03A
:1008C000212A0FD0E06B18B1122A20D0222A1ED084
:1008D00094F84130602B4FF0000360D0236384F81C
:1008E000403010BD1A68510454D490F82530012BC3
:1008F000EED0304A8263002384F84030FFF7FAFDDF
:100900000028EED0A06BBDE81040836B18471A6832
:10091000120403D51A6822F400421A6090F82530B8
:10092000012BD5D0234A8263002384F84030FFF79F
:10093000E1FD0028D5D0E06BBDE81040836B18477F
:1009400094F8412094F841201A6822F0FE021A60BF
:100950009A69920748BF98629A69D10703D49A6945
:1009600042F001029A6194F84120602A10D02022BE
:1009700084F841209A6992060AD59A69D00605D56D
:100980001022DA61626C42F0040262642022DA61B1
:1009900000218FE71A6822F480421A60A5E720221E
:1009A00084F8412084F84030236310BD0000FFFF2D
:1009B000CD2000081910000830B40368202282B04E
:1009C000DA6190F84120212A90F841204AD0222A69
:1009D00056D05A68324C002522405A60314C45634B
:1009E000CD06C46205D51022DA61426C42F00402E1
:1009F000426490F84120602A2DD09A69910744BF43
:100A000000229A629A69D20703D49A6942F00102DD
:100A10009A61436C90F84120602A0BD053B990F84A
:100A20004120212A0AD090F84120222A06D002B083
:100A300030BC7047416C02B030BC11E7202280F816
:100A40004120036390F8422080F8403080F8423023
:100A500002B030BC70474C07CFD55A6AD2B201926F
:100A6000019ACAE702F028021C68282A14BF6FF016
:100A7000F2026FF04202224011241A600463A8E7D8
:100A800090F841201C6802F02802282A14BF6FF059
:100A9000F4026FF04402224012241A60046398E7C3
:100AA00000E800FE0000FFFF38B590F84030012B51
:100AB00000F085800123CD06044680F8403001D542
:100AC000D00659D40D063AD550064DD523681A687C
:100AD00022F040021A60628D92B2002A71D05868EA
:100AE000628D92B2FF2AC0F3090078D8618DE26A64
:100AF00089B212F5803F218500F082805FFA81FC87
:100B0000E26A4FEA0C4C42EA0C020243404D58683C
:100B100022F00042284002435A60628D521A92B27B
:100B2000628594F84120222A1A680CBF42F40042E0
:100B300042F480421A60002084F8400038BD4D061F
:100B400012D5500610D5638D9BB2002B40D123687F
:100B50005A689201EFD4E26A12F5803F34D15A68A4
:100B600042F480425A60E6E78B06E4D59306E2D56C
:100B70002046FFF721FFDEE7236826481022DA61CE
:100B8000616C626B41F004018242616425D02249AC
:100B90008A4222D021498A4214BF20226022196849
:100BA0000A431A609A69910744BF00229A629A69BF
:100BB000D207C0D49A6942F001029A61BBE70220D1
:100BC00038BD5B689A0103D42046FFF78FFDB2E77A
:100BD00040212046FFF744FEADE76022DFE79A6937
:100BE000D10306D5012121854FF4803C4FF080725E
:100BF00089E7FF2121854FF47F0C4FF0807282E757
:100C00005FFA81FC4FEA0C4C4FF000727BE700BFAB
:100C1000009C00FCA90A000805220008210C00081D
:100C200038B590F84030012B00F0D680012380F8D1
:100C30004030CB06044602D5D00600F1A9808B07D0
:100C40000BD5900709D52268216D91624FF0FF33D3
:100C50002365002084F8400038BD0B063AD55506C0
:100C600040F18C8094F84120236802F02802196832
:100C7000282A14BF6FF0F2026FF042020A401A6095
:100C80001A6842F090021A60628D92B2002A00F057
:100C9000B880628D92B2FF2A40F2A2809869654DB9
:100CA000E16C5A68C0F3004000280CBF4FF47F008D
:100CB0004FF4803002EA0502C1F3090142EA000262
:100CC00042EA010242F080720CBFFF21012121851E
:100CD0005A6040E04B0651D550064FD594F841106C
:100CE000236855481A6801F02801282914BF6FF0BD
:100CF000F2016FF042010A401A601A684F4942F04F
:100D000090021A6094F841C0628D92B2BCF1220F39
:100D100008BF0846FF2A79D99A69C2F30042002A1F
:100D2000E26CC2F309020CBF4FF47F054FF480352B
:100D300042EA000242EA05025868414D22F00042B0
:100D400000EA050042EA00020CBFFF21012142F047
:100D5000807221855A60628D521A92B2628594F82F
:100D60004120222A1A684FF000000CBF42F40042D2
:100D700042F480421A6084F840006DE788067FF5EF
:100D800068AF93067FF565AF2046FFF715FE60E775
:100D900023682C481022DA61616C626B41F0040117
:100DA000824261641AD028498A4217D027498A4270
:100DB00014BF2022602219680A431A609A699107B9
:100DC00044BF00229A629A69D2073FF542AF9A69FE
:100DD00042F001029A613CE7022038BD6022EAE756
:100DE000618D144DE26C586889B22840C2F3090243
:100DF000CDB242EA0542024342F0007221855A60B8
:100E0000A9E740212046FFF72BFD22E7618DE26C28
:100E100089B2CDB2C2F3090242EA05420243084D4B
:100E20005868218522F000422840024342F00072B7
:100E30005A6090E7009C00FC0020008000240080A5
:100E4000009800FCA90A000805220008210C0008EF
:100E500070B5036804460D461968C06A94F84120CD
:100E60002026213ADE61092A0ED8DFE802F06E055D
:100E70000D0D0D0D0DA16E0594F841201A6822F09C
:100E8000FC021A60222222635A68614E42F4004238
:100E90005A605A6832405A609A69920744BF0022E9
:100EA0009A629A69D60703D49A6942F001029A615C
:100EB0004A0435D51A6822F480421A60A26B1AB12E
:100EC0001268526892B262856A070AD55A6A636AE2
:100ED0001A70636A01336362238D25F00405002BC9
:100EE0005FD1638D9BB21BB1636C43F004036364F9
:100EF000EB0601D5CE0631D4002384F84230666C6F
:100F00006363002E5FD1E36A424DAB4212D194F885
:100F1000413084F84060202384F84130266370BD5E
:100F20000E04D1D51A6822F400421A60E26B002A3E
:100F3000C6D1C9E72046FFF715FC2023E56284F8F7
:100F4000406084F84130266370BD94F841201A68EF
:100F500022F0FA021A602122226395E7638D9BB288
:100F6000002B3DD194F84130282B48D094F84120F3
:100F70002368292A4FF01002DA61BDD110F5803FB5
:100F8000BAD09A69910744BF00229A629A69D2073F
:100F900003D49A6942F001029A612046FFF7E2FB0E
:100FA000AAE7013B2385638D013B9BB2638598E7EC
:100FB00094F8412094F841201A6822F0FE021A6049
:100FC0000022226360E7616C2046FFF749FC94F839
:100FD0004130282BA3D129462046BDE870400BE4C0
:100FE00023681022DA61636C43F00403636430F019
:100FF000807381D1616C2046FFF732FC7CE7B0F151
:10100000007FB3D129462046FFF7F6FB74E700BF07
:1010100000E800FE0000FFFF836A9A6B0AB100211E
:101020009163DA6B0AB10021916393F84120602A41
:1010300009BF00220022202183F841101A630022F8
:1010400083F84020704700BF264A9368D26813F0A7
:101050000C0305D00C2B32D0042B3ED12248704714
:10106000204A1168090754BFD2F8942012681F491A
:1010700054BFC2F30322C2F3031251F82200002B23
:10108000EDD0184BDB6803F00303022B23D0184A82
:10109000032B08BF1046134BD968DA68DB68C3F32B
:1010A0004163C2F30622C1F30211013300FB02F2D5
:1010B00001315B00B2FBF1F2B2FBF3F0704702F0DA
:1010C0000302012ACCD0074BDB6803F00303022B99
:1010D0004FF00000DBD10448DDE7082B044818BFBF
:1010E00000207047001002400024F40040F900087E
:1010F00000127A0021498B6DDB0082B01CD5204B99
:101100001B6803F4C063B3F5007F29D080282ED874
:1011100031D0A0F17002B2FA82F2520919490B687B
:1011200023F0070313430B60086800F00700801AE0
:1011300018BF012002B070478B6D114A43F08053F5
:101140008B658B6D03F080530193019B13688A6D4F
:1011500003F4C06322F08052B3F5007F8A65D5D1D5
:10116000802806D9A0288CBF02220122D6E70322BC
:10117000D4E70022D2E70222D0E700BF00100240ED
:101180000070004000200240434A036830B4D46835
:10119000A40707D0D46804F003049C424AD001207D
:1011A00030BC7047022B56D0032B4DD0012BF6D10B
:1011B00012689207F3D5384CE26822F073021343A9
:1011C0004268013A43EA0213E360334C334A23682E
:1011D00023F080632360D2F8845004E0D2F8843096
:1011E0005B1B022B3BD823681B01F7D483681B02CF
:1011F000002936D12169C56821F0784121F4FE41EA
:1012000043EAC5630B43236123490B6843F08063C2
:101210000B60D2F8844004E0D2F884301B1B022B10
:101220001DD80B681B01F7D582690B691343002099
:101230000B61B5E7002CB2D0D3684268C3F3021348
:1012400001339342ABD1C0E71468A403B3D412684E
:101250005203A4D5AFE712685505A0D5ABE703202C
:101260009EE7012921690BD021F0C06121F4FE41E4
:10127000194343695B08013B41EA43612161C3E7CC
:1012800021F4C00121F4FE410B43016949080139F1
:1012900043EA41532361B7E7001002407800002081
:1012A000704700BF704700BF836A19684A6822F020
:1012B00003024A601A6E4FF0010C42F010021A66E7
:1012C00083F85DC0704700BF0368806A1A6812F037
:1012D000200228D10368A0F85A2053E8002F22F4F6
:1012E000807243E800210029F7D103F1080252E897
:1012F000002F22F0010203F1080C4CE80021002924
:10130000F3D103F1080252E8002F22F0400203F16A
:10131000080C4CE800210029F3D12022C0F88020DD
:10132000026E012A03D000234366036E704753E820
:10133000002F22F0100243E800210029F3D053E8E7
:10134000002F22F0100243E800210029EFD1EAE744
:10135000836A01225A661B6E704700BF836A0022AF
:10136000A3F85A20A3F85220704700BFD0F880108D
:10137000B0F85C300268222905D0138B9BB243F091
:10138000080313837047918C426D0B401370B0F8C3
:101390005A30426D013B9BB2A0F85A30B0F85A3037
:1013A00001329BB24265002B45D110B4036853E86B
:1013B000002F22F4907243E800210029F7D103F1B5
:1013C000080252E8002F22F0010203F1080444E869
:1013D00000210029F3D1184A816620249342C0F8E5
:1013E0008040416612D05A6811020FD553E8002F91
:1013F00022F0806243E8002141B1016851E8002FEA
:1014000022F0806241E80024002CF7D1026E012A0C
:101410000ED10022026653E8002F22F0100243E8AA
:1014200000210029F7D1DA69D20601D510221A620B
:101430005DF8044B7047704700800040D0F8801082
:10144000B0F85C300268222905D0138B9BB243F0C0
:1014500008031383704710B4948C416D234021F826
:10146000023BB0F85A304165013B9BB2A0F85A30BC
:10147000B0F85A309BB2002B40D152E8003F23F421
:10148000907342E800310029F7D1016801F10803A7
:1014900053E8003F23F0010301F1080C4CE800344D
:1014A000002CF3D12023C0F88030164B846699427B
:1014B000446611D04B681C020ED551E8003F23F062
:1014C000806341E800343CB152E8003F23F0806380
:1014D00042E80034002CF7D1036E012B0ED100231B
:1014E000036651E8003F23F0100341E80032002A70
:1014F000F7D1CB69DB0601D510230B625DF8044BF5
:10150000704700BF00800040B1F804C093680A89AA
:101510009A80BCF1000C18BF4FF0010CCA7983F817
:1015200000C091F806C083F801C09A7098607047B7
:1015300003460068D3F8E8104268C3F8F01010477B
:101540002DE9F047D0F800800546B8F1000F1ED015
:10155000D8F898700FB3124E07F148044FF0000905
:10156000583754F8040F18B1B3689847C4F800907E
:10157000A742F6D1D8F89800B36800B19847B3688D
:1015800040469847B3682846BDE8F0471847044EE0
:101590002846B368BDE8F0471847014EEFE700BFA3
:1015A00078000020F8B505460088002A1C460CBFCC
:1015B0004FF400534FF48053B0F59C6F0E460ED39A
:1015C00000F151077F008342BFB235D21C4B1D4A48
:1015D0001B691D49002098474FF0000C03E040F6BE
:1015E00062274FF0010C1949194AC4E9011202F1AE
:1015F0001912E26002F11912226123460022628070
:101600005122A28223F8167B29686A68A868EF68CD
:10161000C4F816105A609860DF602969A8696A6981
:101620009861196196E803005A61AA8B9A83343451
:1016300084E803006046F8BD4FF0010CD3E700BF1B
:1016400078000020B8380108D838010801000200ED
:1016500003001B0010B50C4C94F88810012982B0CF
:101660000FD90A49246912F4006F0346084818BFCD
:101670000846C2F30A01CDE90001064A06490220E4
:10168000A04702B010BD00BF78000020EC38010870
:10169000F4380108FC3801081039010810B50A4C6B
:1016A00094F888C0BCF1010F82B00AD92C3989B2F4
:1016B000034610462469054ACDE90010044902207A
:1016C000A04702B010BD00BF7800002024390108F7
:1016D0001039010830B5084991F88840012C83B0D1
:1016E00008D902F00F040D69044A05490094034625
:1016F0000220A84703B030BD780000204C39010813
:101700001039010810B50A4C94F888C0BCF1010FDB
:1017100082B00AD97D3989B2034610462469054A48
:10172000CDE9001004490220A04702B010BD00BF5F
:10173000780000206C3901081039010810B5A1F1BA
:10174000620C134C1CF0010F034694F888E084B03F
:101750001FFA8CF00DD1BEF1010F08D940082469A1
:101760000292CDE900010B4A0B490220A04704B0C8
:1017700010BDBEF1010FFAD9400824690292CDE9EB
:101780000001064A04490220A04704B010BD00BF72
:10179000780000209C39010810390108D43901086B
:1017A00010B50A4C94F888C0BCF1010F84B00BD975
:1017B0000346A1F58C7080B224690090CDE9011236
:1017C0000220034A0349A04704B010BD780000205E
:1017D0000C3A0108103901082DE9F04F1F4EDFF8CF
:1017E00088B0804615460FCE91B002AC0FC40FCE24
:1017F0000FC40FCE0FC49BF888C096E80300BCF15D
:10180000010F84E8030007D9DBF81040144A15499A
:10181000009543460220A047DFF850A0DFF844902F
:1018200002AC10AE02E00834B44213D0A3881D42CB
:10183000F9D09BF88820012A4346524649464FF08A
:101840000200F0D927680097DBF810700834B84719
:10185000B442EBD111B0BDE8F08F00BF70F90008C1
:10186000343A01081039010878000020503A010884
:1018700070B5114E114A3368A2FB03239B09013B4B
:10188000B3F1807F01D3012070BD4FF0E0220C49FD
:101890005361F02381F82330002507230F28956139
:1018A00004461361EFD801464FF0FF3007F0B6FE53
:1018B0007460284670BD00BF00000020D34D621048
:1018C00000ED00E0F0B58D4B02689D68DE680446CF
:1018D000D00683B005F00C0506F0030640F1348114
:1018E000002D40F0FA80854B1B68990700F1668156
:1018F000824B276A1A68120756BFD3F894301B68C8
:101900001B0903F0F0039F4200F2E8817B4B1A6849
:1019100042F008021A601A6822F0F0023A431A6094
:101920005A68E16922F47F4242EA01225A60002D9E
:1019300000F00B82FFF788FB704B9A68704BC2F384
:10194000031213446F4A93F8683003F01F0320FA20
:1019500003F350681360FFF78BFF002840F03381DA
:101960002268D00700F1F48090071FD50C2D00F0FD
:10197000CD81E3686148002B00F08481036843F463
:1019800080730360604BD3F8846005E0D3F8841063
:10199000891B022900F24D8101684905F6D543688B
:1019A000216923F0F85343EA01634360160718D511
:1019B00063695248002B00F01481D0F8943043F052
:1019C0000103C0F89430504BD3F8846005E0D3F89D
:1019D0008410891B022900F22C81D0F89410890709
:1019E000F5D550073ED5454B996DC90000F14881AA
:1019F000996D41F0805199659B6D03F0805301937F
:101A0000019B0120414E3368DF0540F102813E4BCE
:101A1000A168012900F04781052900F0AA81374E0D
:101A2000D6F8907027F00107C6F89070D6F890703D
:101A300027F00407C6F89070002940F03B81D3F8E6
:101A400084C041F2883706E0D3F88410A1EB0C0182
:101A5000B94200F2EE80D6F890108907F4D400283D
:101A600040F06D81970618D5636A2449002B00F079
:101A70005181D1F89820244B42F00102C1F89820FE
:101A8000D3F8840005E0D3F88420121A022A00F269
:101A9000D080D1F898209607F5D5A36ADBB1022B48
:101AA00000F075810C2D00F08D801449164B0A68EA
:101AB00022F080720A60D3F8840005E0D3F8842015
:101AC000121A022A00F2B5800A689201F6D4CA6896
:101AD0000F4B1340CB60002075E00C2D00F095807B
:101AE000A3690648002B00F0A7800168064B41F06F
:101AF00001010160D3F8847012E000BF00100240C1
:101B000040F900080000002078000020007000402C
:101B1000FCFFEEFED3F88410C91B022900F2898075
:101B200001688907F6D5036843F00803036003687A
:101B3000216A23F0F0030B4303604368E16923F457
:101B40007F4343EA01234360D30722D5082D3ED0CB
:101B50000C2D3AD06368B3F5803F7ED0B3F5A02F4B
:101B600000F0FA809548016821F480310160016835
:101B700021F480210160002B74D1914BD3F8847043
:101B800004E0D3F88410C91B642952D80168890382
:101B9000F7D497077FF50AAF042D7FF4E7AE874BA4
:101BA0001B68580501D5E36863B1844920694B6817
:101BB00023F0F85343EA00634B60F7E6A369002B78
:101BC0007FF496AE012003B0F0BD032EC2D17B4B53
:101BD0001B689F037FF5C8AE6368002B7FF4C4AE1B
:101BE000F0E7D0F8943023F00103C0F89430744B40
:101BF000D3F8846004E0D3F88410891B022918D834
:101C0000D0F894108F07F6D4EBE6012E7FF468AF7E
:101C100069E6336843F480733360694BD3F88470AA
:101C20003168C9053FF5F4AED3F88410C91B022909
:101C3000F6D9032003B0F0BD0168614B21F001012A
:101C40000160D3F8847004E0D3F88410C91B022922
:101C5000EFD801688907F7D476E758490B6843F451
:101C600080330B60564B5548D3F8847004E0D3F8AA
:101C70008410C91B6429DCD801688903F7D588E77B
:101C80000020BFE6036823F4807303604C4BD3F855
:101C9000846004E0D3F88410891B0229C9D8016844
:101CA0004F05F7D482E6454ED6F8901041F0010179
:101CB000C6F89010D3F884C0404E41F2883705E052
:101CC000D3F88410A1EB0C01B942B2D8D6F8901029
:101CD0008907F5D500283FF4C5AE30E03846FFF758
:101CE00009FA00287FF46EAF344B1A6842F00802FC
:101CF0001A601A6822F0F0023A431A605A68E169E1
:101D000022F47F4242EA01225A6013E6022E7FF457
:101D100030AE44E7D1F89820294B22F00102C1F8F7
:101D20009820D3F8840005E0D3F88420121A022A00
:101D30003FF67FAFD1F898209207F5D4ADE61F4962
:101D40008B6D23F080538B658CE63846FFF7D2F914
:101D500000283FF4EFAD35E703F18043A3F53C33B2
:101D6000196841F480211960196841F480311960C3
:101D700078E71249D1F8906046F00406C1F8906007
:101D8000D1F8906046F00106C1F8906092E70B4AE6
:101D9000E66AD36803F00301B1424BD00C2D3FF447
:101DA00011AF06490B685F013FF50CAF0A68044BA1
:101DB00022F080720A60D3F8840009E0001002402B
:101DC00078000020D3F88420121A022A3FF631AF9F
:101DD0000A689501F6D4C868354A0240606B324300
:101DE00042EA0022A06B42EAC062206B013842EA5C
:101DF0000012D4E90F506C08013C4008013842EA57
:101E0000445242EA4062CA600A682A4842F080723C
:101E10000A60CA6842F08072CA60D3F8841005E094
:101E2000D3F88420521A022A3FF603AF02689401C5
:101E3000F6D550E6216B03F070000139B0EB011FBD
:101E4000ACD1606B03F4FE41B1EB002FA6D1A06BC7
:101E500003F07841B1EBC06FA0D1E16B49080139C3
:101E600003F4C000B0EB415F98D1216C490803F046
:101E7000C0630139B3EB416F90D1136898013FF50E
:101E80002AAE11680C4B41F080711160D16841F0AD
:101E90008071D160D3F8840005E0D3F88410091A6A
:101EA00002293FF6C6AE11688901F6D513E600BFD8
:101EB0008C809D010010024078000020514AF8B546
:101EC000136803F007038B420BD2136823F0070358
:101ED0000B431360136803F007038B4201D001200A
:101EE000F8BD046814F0020E04F0010369D0464EF8
:101EF0008568B26802F0F002954204D9B26822F017
:101F0000F0022A43B260002B66D04268032A5DD0FB
:101F10003D4B022A1B686BD0002A6ED19E07DED58E
:101F2000394D3A4EAB6823F003031343AB60D6F848
:101F30008470920041F2883C04E0D6F88430DB1BC8
:101F4000634558D8AB6803F00C039342F5D1BEF15A
:101F5000000F40D12B4A136803F007038B4209D9C5
:101F6000136823F007030B431360136803F00703A0
:101F70008B42B4D1620706D5234AC168936823F423
:101F8000E0630B439360230707D51F4A01699368F9
:101F900023F4605343EAC1039360FFF755F81A49ED
:101FA0001B4A89681B4CC1F303110A44034692F88B
:101FB0006820606802F01F02D3402360BDE8F8404B
:101FC00056E4002BC6D04268032AA1D10E4B1B68F1
:101FD0009B01A5D483E785680B4A936803F0F0035F
:101FE0009D42B7D2936823F0F0032B439360B1E78F
:101FF0009F0395D473E70320F8BD5D057FF56FAFB0
:102000008EE700BF00200240001002407800002050
:1020100040F90008000000200CB4F0B5ADB032ABC0
:1020200006AE53F8042B059304460D463046962120
:102030000CF094FD9528C4BF1C4BCDF8AA301C4B66
:102040001C49D3F88470A1FB07311B4BA3FB07236A
:10205000980B1A4BA3FB07234FEA931C184B4FF422
:102060007A7202FB1C77A3FB00E25209042CC2EB3C
:102070000212A0EB8202A3FB0CE398BF1148009769
:102080004FEA531394BF005D3F20C3EB031301904D
:10209000CDE90256490DACEB83030B480CF038FD3B
:1020A0002DB0BDE8F04002B0704700BF2E2E2E00CC
:1020B00078000020B17C219573B2E745D34D6210C2
:1020C00089888888883A0108643A010838B590F808
:1020D00040C0C56ABCF1010F67D04FF0010C11F090
:1020E000200F04460B4680F840C002D012F0200FAB
:1020F00051D1D80615D5D10613D5628D92B2002ADA
:1021000055D194F84120282A74D094F841202368AE
:10211000292A4FF01002DA615CD0002084F84000D8
:1021200038BD590719D4190701D5100739D49907B3
:10213000F3D59307F1D5638D9BB2002B46D0616A2E
:10214000236811F8012B9A62638D228D6162013B35
:102150009BB2013A63852285DFE75007E3D5638DA3
:102160009BB26BB12268636A526A1A70638D616AAE
:10217000228D013B0131013A9BB261622285638568
:10218000638D9BB2002BC8D115F5803FC5D020468A
:10219000FEF7E8FAC1E7FEF75BFE002084F8400096
:1021A000BEE7204609F0D4F9B7E7022038BD23681E
:1021B0001022DA61636C43F00403636435F08073CA
:1021C000ABD1616C2046FEF74BFBA6E735F0807380
:1021D000A3D1DCE715F5803F9FD09A69950744BFEE
:1021E00000229A629A69D007D1D49A6942F001021A
:1021F0009A61CCE7B5F1007F87D119462046FEF7FA
:10220000FBFA8AE738B590F840C0C56ABCF1010F07
:1022100046D04FF0010C11F0200F04460B4680F819
:1022200040C002D012F0200F30D1D90626D5D006FA
:1022300024D55104C2F3803034D5E16B09B11204C6
:1022400035D4A26B1AB112685268002A37D02368BD
:102250001022DA61636C43F00403636494F8413044
:1022600035F08072DBB20DD1213B092B4CD8DFE871
:1022700003F049504B4B4B4B4B4B4950190701D581
:10228000130709D4002084F8400038BDFEF7E0FDB4
:10229000002084F84000F8E7204609F059F9F1E7FA
:1022A000022038BD110429D5E16B0029CFD00A687E
:1022B0005268002A30D1A26B0AB100283AD194F8B2
:1022C0004120282A2ED094F841202368292A4FF053
:1022D0001002DA61D6D115F5803FD3D09A699507FF
:1022E00044BF00229A629A69D00703D49A6942F0E7
:1022F00001029A612046FEF735FAC3E723681022EF
:10230000DA61BFE721232363616C2046FEF7A8FA58
:10231000B8E722232363F7E7A26B002A97D00028AF
:1023200095D090E7B5F1007FCDD119462046FEF754
:1023300063FAA7E712685268C1E700BF38B52A4AB6
:102340000368D2F884501B689B061BD4846A2368F8
:10235000A2685868616820F0200058609AB15868F7
:10236000B1F5827F20F00100586022D02946204636
:1023700006F08CFCB0B901230022A4F8462084F8B2
:102380005D30236E38BD5A68B1F5827F0CBF22F0F4
:10239000030222F001025A602946204606F076FC2C
:1023A0000028E8D0236E43F0200323662023236611
:1023B000E1E7B2F5004F12D11A6822F04002294637
:1023C0001A60204606F062FC0028EBD12A464FF442
:1023D000C061204606F0F6FB0028CCD0E2E7B2F55B
:1023E000806FE9D0C2E700BF78000020F8B51C4D2F
:1023F0000368D5F884701B68846A9B062CD4266811
:10240000736823F0200373603A464FF4C0512046AE
:1024100006F0D8FB58B93946204606F037FC30B9EB
:102420003A464FF4C061204606F0CCFB38B1236E2B
:1024300043F020032366236E43F020032366736872
:1024400023F00303736000220123E287A4F84620EF
:1024500084F85D30236E0BB901232B76F8BD00BFE5
:10246000780000202DE9F04FBFB00DF138090D467E
:102470009046019300F1020B3EAFCA46002440F69D
:10248000B73631E025B335F8141001F01F0E4FEACE
:10249000912C0EF1300E00FB0EF0C1F34411ACF1A3
:1024A000200C02FB0CFC002801F1300102FB01F1C1
:1024B000B8BF3F30BCF1000FB8BF0CF11F0C80114A
:1024C000002900EB6C10B8BF3F3100B241F38F110F
:1024D0000134182C08BF002406F058F94AF8040B00
:1024E000BA450BF1040B0ED0BBF900203BF9020CEE
:1024F00002FB02FC00FB00CCB4451146C2DC00200C
:102500003FB0BDE8F08F0DAC0DF1060109F15C059F
:10251000224652F8043F002BB8BF0F3302311B1183
:1025200095420B80F5D1484606F044FC002254F851
:10253000043F216EA542A3EB01031A44F7D1124BCD
:1025400083FB0213D217C2EBA31404F59943303373
:102550004CF662129342D2D802AE35460FCD4D45AD
:1025600008F1100806F1100648F8100C48F80C1C89
:1025700048F8082C48F8043CEFD1019B01201C804E
:102580003FB0BDE8F08F00BFABAAAA2AF8B5164647
:102590000D464FF4E272014618461C460CF074FAE0
:1025A000B6F8581021B196F85E30191E18BF0121F7
:1025B000012396F85B2084F8C6312B4684F8C521A8
:1025C00033F8262B84F8C411A4F8C82105F156016C
:1025D00004F5E5721F685E689868D3F80CC0C2F80D
:1025E0000CC010338B4217605660906002F11002ED
:1025F000F0D1B5F85630A4F8FA3105F1580604F5D3
:10260000FE7E05F18807B446BCE80F00BC450EF11C
:10261000100E06F110064EF8100C4EF80C1C4EF879
:10262000082C4EF8043CEED1B5F88830A4F82C32D2
:1026300005F18A0304F22E24BA35186859689A689D
:10264000DE68E6601033AB4220606160A26004F196
:102650001004F2D1F8BD00BF2DE9F04F2DED108B25
:102660009BB090F85E401D4690F85C300893042CB7
:10267000B0F8583003938046894616461AD8D0EDF4
:10268000147AF5EEC07AF1EE10FA00F1F58190F8C7
:102690006630002B00F0918290F85B30002B00F048
:1026A0008C82024C024A059407E000BF78000020AB
:1026B000D43A0108C64CC74A05942369C64900208C
:1026C0009847D8ED157AD4F88C30009307EE103A7D
:1026D000F5EEC07AF1EE10FAB8EE478A40F3D081F9
:1026E000C8EE278AF6EE007A78EEA78A039B002BC5
:1026F00000F0A68198F85E30049398F85A30002BC9
:1027000040F0A58198F86020022A41F0278198F8CE
:102710005E40012C00F0E1830024224634990C71C4
:10272000A6F8AC21002B00F0978198F85F30012BC0
:1027300000F00484022B00F0EB83002B40F0DD83DB
:1027400001231A46F384328598F86030012B00F09B
:10275000CD83022B00F0C983002B00F00784059B7A
:102760009E4A1B699C4900209847B9F1000F00F070
:10277000778100230093B9F8E410B9F8083071802C
:10278000B9F8E610B180B9F8E2103180B9F8E81074
:10279000F180B9F8021031819B00B9F80410718101
:1027A0009BB2B9F80610B18103F13002B9F80A10F2
:1027B000F18192B2B9F8201031825F2AB9F8221063
:1027C000718240F2EE818649A1FB0201890901EB89
:1027D0004101A2EB411189B200201A4604460B4682
:1027E0000121F2820322B38272830023009A738450
:1027F000B483F083318331846B800123C5F80A30C0
:10280000002A00F052870027CDE9017706F13E0348
:102810009FED749A9FED74AADFED779ACDE9069645
:10282000B34605F10E0A44461E46049AFBB29A428C
:1028300000F229810023AAF80030AAF8083033807A
:102840000137042F0AF1020A06F102060BF1560BBA
:1028500004F11404E9D1039BAA89DDF804E012FB1A
:1028600003F26B8992B213449BB2DDE90696591CC0
:10287000012089B20090B6F8AC01012804D1DDE94D
:10288000020404FB00F00290029FB8F8640098F87C
:1028900063C098F862B04FF6FF74A74228BF27467E
:1028A0004408A4F1030A98F86640A6F89EB18CF09B
:1028B000010C0338A6F8A6C1A6F8A471A6F8A0E1F9
:1028C000A6F8A801A6F8AAA1AA81AB80E980002CED
:1028D00000F02781413399B24024012329802C81C3
:1028E000A6F8C031B9F1000F03D0B9F80C30A6F842
:1028F000C231009B002B40F03E81349A98ED145A6F
:1029000000231360089BA6F8B231039B012B40F211
:102910002F81B8F85830023B01229BB29FED336AF9
:10292000DFED335A98F85A10F1EE007AC8EE066AD5
:1029300068EE277A68EE255A87EE867AC5EE867AA3
:10294000B6EE006A76EE866A37EE067AFCEEE66A46
:10295000B5EE405AD8ED155AA6F8AE31F1EE10FAA0
:1029600016EE903A77EE867ABCEEC77AA6F8B021DA
:1029700014BF01220022FCEEE77A328798F85B2030
:10298000A6F8B43117EE103AA6F8B63117EE903A21
:10299000F5EE405AA6F8B831009BF1EE10FA14BFDC
:1029A00001200020002B40F0BE80318672867085A9
:1029B00098F861300F4A0098C6F8BA210121B18415
:1029C000A6F8BE311BB0BDEC108BBDE8F08F00BF88
:1029D00078000020903A0108AC3A0108D03B010889
:1029E000ABAAAAAA2549123E8FC2753D002474499C
:1029F00000009643FF07010800000000B5EEC07A12
:102A0000F1EE10FA00F1078398F85A20002A00F03E
:102A10000583B5EE407AF1EE10FA05D1F5EE407A75
:102A2000F1EE10FA40F0BA835FED0D8A059B724A11
:102A30001B69724900209847039B002B7FF45AAE14
:102A4000039B049398F85A30002B3FF45BAE349A02
:102A500000231371A6F8AC31B9F1000F7FF489AEF1
:102A60000123A5F802906B81CE4602214A46CDF89B
:102A70000890CDF80090FEE6614C624A05941CE691
:102A8000DFED618A32E60123338098F85C90228979
:102A900040F2FF3340F2FF11B9F1000F18BF0B46AF
:102AA00042B39A4226D8A27B237C3AB1022B05D1AD
:102AB000059B564A1B69DDE9069620E0E07B00286D
:102AC00040F03E82012B00F0AB80059B504A1B6911
:102AD0004A490090DDE906969847DDF804E0039B3B
:102AE000AA8912FB03F26B8992B213449BB2591C60
:102AF00089B2C0E6059B474A1B69DDE906963F4956
:102B000000209847039BAA89DDF804E012FB03F23A
:102B10006B8992B213449BB2591C002089B2009079
:102B2000A9E62346DAE6B5EE405AF1EE10FA0AD0ED
:102B3000C8EE057A77EE867AFCEEE77A17EE903AE1
:102B4000B3871B0C7387002361F30F03F5EE405A24
:102B500062F31F43F1EE10FA708533633FF428AF40
:102B6000FCEEE87A17EE903A1A0CB285F3851FE76F
:102B700000221346D2E698F85D30072B15D8264C74
:102B80009FED219A234493F87C30A6F8A231349B20
:102B900083ED009A049B002B40F0438298ED145A79
:102BA000B0E60320012400211BE6349A98ED145A64
:102BB0000023136000230093A4E6012C40F2E2817D
:102BC00098F80F104246012303E00133A34200F0BE
:102BD000D981084692F82310814202F11402F4D2FE
:102BE000074F0E4A3C69054905970020A047D8EDDC
:102BF000157AD7F88C3068E5343B0108AC3A010807
:102C000078000020C03A010800000000003C0108E4
:102C10002C3C0108F03B010840F90008003B01088A
:102C20006FF00B030993E288A3880A92182A009395
:102C300040F2958202EB820303EB031303EB0323C1
:102C400002EB4303C3F3CC0242EA43339BB240F6A8
:102C5000AA22934200F2D682AF4B0A9AA3FB022328
:102C60001B090E93013B9BB215935C230D93182314
:102C70000B930098002840F0D484059BA74A1B6959
:102C8000A7499847B9F1000F00F0BE844FF0000942
:102C90000222009B099913FB02F292B20092226871
:102CA00011440A460C910A99013B01FB0323099345
:102CB00002F5C34328334CF25032934207D9059BA7
:102CC000984A1B699649002098474FF00009099BD4
:102CD00003F5C34328334CF25032934207D9059B86
:102CE000914A1B698E49002098474FF000090C9AC1
:102CF000002AC0F23B838D4880FB0230D217C2EB22
:102D0000A00000B2099B002BC0F22483874981FBFD
:102D10000331099BDB17C3EBA101119309B280B208
:102D2000091A0C9B0F90814880FB03C0C2EBA002E4
:102D300088B209B20E9B1091B0FBF3F0411C0A90CF
:102D40001FFA81FE0B981821B1FBF0F30E930C9B38
:102D500002EB4202B3EBC20200F1F58213B213930D
:102D600093B20C93099A7148119B0B9980FB020C4A
:102D7000C3EBAC0303EB430C0C9BB3FBF1F001FB87
:102D8000103081B2B2EBCC03099100F1F9821AB292
:102D900019929BB20E9A0B98511E099A89B21891FA
:102DA000BEF1010F11FB002189B200F0EF82099AF8
:102DB0000C98824240F0FD82994200F04D8400233D
:102DC000012213931692149312920E930C9B9A0065
:102DD000099BABF882209B00ABF88430B9F1000F5F
:102DE00040F0F3826C23179336230C937D223D230E
:102DF0004FF00009ABF87C300F9BABF87A200C9AAF
:102E00001099C3F1290313441AB21192521A9BB2BA
:102E1000292A0F9307DC059B454A1B69404900207E
:102E200098474FF00009119B179A934207DB059BC7
:102E3000404A1B693A49002098474FF000090D9B12
:102E40002C2B00F20E821E2B40F2E1831E3B0F2240
:102E50009BB20D92ABF89A30159B0C99ABF894305D
:102E6000139BABF87E10ABF88E300F990A9BABF832
:102E700080100D99ABF89610ABF89820002B40F01D
:102E8000CE81149B002B0E9B08BF00230E93129B38
:102E9000002B00F0D583099A199B9B1A0B9A93FB80
:102EA000F2F39BB2169AABF89220ABF88C300E9AE4
:102EB000ABF888200023ABF89030ABF88A300A9B3F
:102EC000ABF88630B9F1000F40F0BA82CDF800902F
:102ED000DDF804E0DDE9069601E698F81020013AF5
:102EE000012A7FF619AC224618E400237363B9F176
:102EF000000F41D0012300933DE4059B0E4A1B695E
:102F0000074900209847B9F1000F7FF432ACA7E5DC
:102F100000231A4616E400BFABAAAAAA783C01080F
:102F2000AC3A0108C43C0108D83C0108ABAAAA2A63
:102F30000C3D01082C3D0108B03B0108002201E4D2
:102F4000013B042B00F2328501A252F823F000BFAE
:102F5000212C000895310008652F00088D310008EC
:102F6000652F00086FF00C0309935CE64FF0011326
:102F70007363B9F1000FBDD100236B800123C5F845
:102F80000A3040E4B94B98ED157A0593D3F88C30AC
:102F9000009306EE903AB5EEC07AF1EE10FAB8EE74
:102FA000668A7FF72BADC8EE078AF6EE007A78EED8
:102FB000A78A18EE900A0CF039FB51B1059BAC4A78
:102FC0001B69AC4900209847039B002B7FF492AB10
:102FD00037E598F85A20002A7FF428AD039B98F82B
:102FE0005F10002B98F8603014BF204600209942F3
:102FF000049007D9059BA04A1B699E490020984769
:10300000FFF77BBB022B00F0B384349B1A71A6F848
:10301000AC21FFF78ABBDFED998ACFE7DFED978A16
:10302000DCE7B6F8AC31B6F8A421012B00F0CC8077
:1030300007EE902ADFED929AB8EE67AAB7EE089AEB
:10304000F2EE02DA059B9FED8F0AD3F88C300193E4
:1030500007EE903AB8EE67FA80EE0F0A09F0F2FC3C
:1030600098F86030022B2FEE00FA00F21F8104EB7B
:10307000830498F85E3094ED21EAD4ED24FA002B15
:1030800000F02581009BDFED7DEA9FED7FBA9FED8B
:103090007FDADFED7FCA9FED7FCADFED7FBADFED1C
:1030A0007FAADDF8149044460025227C052A00F210
:1030B0009280022A40F29A804FF0300A0827E27B81
:1030C000052A00F26884DFE802F03E413B034744F2
:1030D000F0EE4B7A8FEE276A228998F85E1002FB99
:1030E000077702377F00BFB2A288013514349FED05
:1030F0006C7AC6EE076A07EE90AAF8EE677A87EE5A
:10310000A66A07EE907AF8EE677A87EEA67A07EE5F
:10311000902AF8EE677AEAB267EE277A914277EE64
:10312000867A77EEA97A77EE897A7EEEA7EABCD81E
:1031300098ED145A002B40F0CE800093FFF7E2BBCD
:10314000F0EE6A7AC6E7F0EE6C7AC3E7F0EE4D7AFD
:10315000C0E7F0EE4C7ABDE7F0EE6B7ABAE70A9A78
:10316000002A4FD01823B3FBF2F302FB03F3C3F1A1
:1031700018039BB21593002B44D10A9A0B92531E4D
:103180009B009BB20D9301230E9372E56FF00F032A
:10319000099348E56FF00603099344E598F85F202A
:1031A00098F860309A427FF43FAC039B349ADFED8D
:1031B000338A002B14BF234600230493002313718A
:1031C000A6F8AC31FFF7B1BAF0EE499AF0EE49DA61
:1031D000B0EE49AA36E7D9F81030324A2549002026
:1031E00098474FF0180A0427002368E7012A05D002
:1031F000022AF0D14FF03C0A0A2760E74FF0480A54
:103200000C275CE7059B284A1B691A490020984750
:1032100000230122CDE90D3215930B9232E5149B68
:10322000002B0E9B08BF00230E93129B33B1099A0B
:10323000199B9B1A0B9A93FBF2F39BB2ABF88C3061
:103240000A9B169AABF89220013B0E9AABF88820A5
:103250009BB2189A0A930123ABF88A20ABF89030FE
:103260002DE600230D931A46F4E500BF78000020F8
:10327000203B0108AC3A0108603B01080000000057
:103280009A999D41F902154F000090430000204398
:10329000000000430000F0430000C0430000404332
:1032A00000247449543C0108643C0108059BBE4A53
:1032B0001B69BE490020984798F85E30002B00F04B
:1032C000EF81DFEDBBFA0023B0EE6FEADBE698EDAD
:1032D000145ADFEDB7EA9FEDB77ADFEDB76A349B9A
:1032E000CFEE077AB1EE0C7AC7EEA65A2AEE07AAFD
:1032F0007FEE8EFACAEE257A9FEDB07A77EEAD7A40
:10330000B0EE006A77EEAE7A77EEAF7A27EE877A84
:1033100037EE067A77EE277A86EEA77AB4EEC57A8C
:10332000F1EE10FA83ED007A7FF5ECAA059BA44A32
:103330001C699E49FDEEC77A002017EE903AA0471F
:10334000002300932AE402F1180083B20C9303B225
:10335000139307E509999B4BC943A3FB0131099BD3
:103360006FEA1111DB1709B21193D8E40C9A954B4F
:10337000D043A3FB00306FEA101000B2D217C1E4B3
:1033800003F1180002B283B2199203E50C9882424D
:1033900000F05F8100220A9216921292139A9B1AF1
:1033A0000B9A93FBF2F39BB20E930123CDE91333F7
:1033B0000CE5994200F05A810A9B013B9BB20A93AB
:1033C0000123169312930B46E8E7E37B052B00F2EB
:1033D0001183DFE803F01A130C032B214FF48673DB
:1033E0001793D6230C9340F21D128D2302E5AC23D4
:1033F000179376230C93BD225D23FBE48C23179354
:1034000056230C939D224D23F4E46C23179336230B
:103410000C937D223D23EDE44FF4E67317934FF4B4
:10342000CB730C9340F2DD12ED23E3E44FF4B6735B
:1034300017934FF49B730C9340F27D12BD23D9E494
:10344000A37A172B00F2FE80092B00F21B81C3F137
:1034500009039AB21523ABF84630069BABF8482017
:10346000002B00F05B8203EB42029389ABF84A30F9
:10347000237C013B042B00F29F82DFE803F0BA7645
:1034800003A984004FF000094FF400724FF4C063A9
:10349000CDE909234FF0C00E02204FF0040C0821A3
:1034A0004A464B46ABF86E000A98ABF856000998AE
:1034B000ABF870C0ABF85800ABF84E10ABF850103A
:1034C000ABF852E0ABF854E098F85D10B9F1000F9A
:1034D00000F00681002B00F00381022900F27881C0
:1034E000394B0B4493F87830ABF85A30069B002BDD
:1034F00000F019810023ABF85E300123ABF86A308D
:10350000069B0021D3E932ECD3F8C4900B460EEBB6
:103510001140A0EB09009042614480F22C820133FB
:103520000F2BF4D1069AABF86030D2E936E303EB07
:1035300083020EEB1242F92A00F3EC81062003FB12
:1035400000F0052103E0BCF1FA0C40F1D7810A46F6
:10355000013189B214290EEB104C1844F3D1059BAC
:103560001A4A1B69DDE9069637E100214FF4007322
:10357000CDE909134FF0400E03204FF0020C082153
:103580009622FA238EE74FF000094FF4F0504FF4E3
:103590007853CDE909034FF4F86E02204FF00B0C7D
:1035A00008214A464B467DE7D03B0108AC3A01086A
:1035B0000000000000002043002474490AD7233C87
:1035C000A83D0108ABAAAAAA40F900087C3D010861
:1035D0004FF000094FF4C06C4FF46063CDE909C3AC
:1035E0004FF4E07E02204FF0060C08214A464B467D
:1035F00058E7069B9B8C0422082BCBF86E205BD9E6
:10360000DDE90696FFF77EBA0422FFF742BB0D9B69
:103610000F2B30D9A3F10F020F230D9392B2002389
:1036200018E4B9F1000F2AD1237B002B33D0059B7E
:10363000C44A1B69C449484698470422FFF729BB7E
:103640000A9B2FE4059BC14A1B69DDE90696FFF73B
:1036500056BA99427FF49EAE0023CDE91333CDF8DC
:1036600028E0169312930E93FFF7B0BB0023169336
:1036700012930B4692E600221346FFF7EBBB0222A1
:10368000FFF707BB102B94BFC3F11E03C3F1170351
:103690009BB20022DFE64FF001090422FFF7F9BADE
:1036A00098ED145A0093FFF72DB9009802908646C2
:1036B00002210246FFF7DFB8ABF84E30ABF85030CE
:1036C00040230022ABF85230ABF854304FF4007373
:1036D000ABF85630ABF8582098F85D101346914679
:1036E000072975D89A48014491F87C10ABF85A1014
:1036F0000699C1B10021ABF85E10B9F1000F40F09E
:103700008380ABF86A90ABF86090ABF85C90ABF854
:103710006290ABF86890ABF864904A460023ABF82F
:103720006620ABF86C302389E27AABF87620012B67
:1037300067D0023B9BB20121ABF87230A37BABF8A0
:103740004C3083F00103ABF87410ABF8783000997B
:10375000AB89AAF800300B44AAF80810AB81A38803
:10376000217C06EE903A2389012907EE103ABBF836
:103770006E302AD0022914BFF0EE695AF0EE4A5A90
:1037800001339BB207EE903AF8EE677AB1EE006A29
:10379000F8EE666A67EE867AB8EE477A67EEA67A42
:1037A0000198029B67EE877A014667EEA57A0028AA
:1037B00008BF114667EE897A0191FCEEE77A17EEB1
:1037C000902A13440293FFF73BB8DFED625AD7E724
:1037D000059B614A1B69DDE906965B490020984715
:1037E000039BAA89DDF804E012FB03F26B8913FA4C
:1037F00082F39BB2591C002092B289B20090FFF76D
:103800003AB80023194697E70121ABF86A10002B5C
:103810007FF476AEABF8603019461A46ABF85C2000
:103820000022ABF86220ABF868204BBBABF86430E9
:103830001A4602EB0109069AD2E92FE1CE451DDABC
:103840000846002202F1010C09921FFA8CF2162A96
:103850003FF485AE0EEB104CBCEB090C0844F1D4E0
:10386000002B7FF45BAF099800FB01F10EEB1143D5
:10387000A9EB03039C45C8BF02464FE700224DE772
:10388000069BD3E9349C894546DA134662469E4638
:1038900001339BB2162B3FF462AE09EB1240401A83
:1038A0006244F4D40CFB0EF209EB12428A1A9042E5
:1038B000D8BF9E460699BBF86020D1F8CC30BBF843
:1038C0005C00099002FB03F3D1F8C820ABF864E078
:1038D00002EB13420B46D1F8C410521AD3E936302A
:1038E0003FF53DAE09990CFB0EFE00FB01F103EB29
:1038F000114309EB1E401918FA239AE702FB03F360
:103900000EEB1343C3F1FA039C45D8BF0A46FA21D4
:103910000B4683E70522FAE79646CBE7069BABF812
:103920004A30237C013B042B46D801A252F823F0F5
:103930007B3900086B35000885340008D135000854
:10394000873500088C3C0108AC3A0108443D010869
:1039500040F90008CDCC4C3E5C3D0108349A13710F
:10396000A6F8AC31B9F1000F7EF403AFFFF778B8D9
:103970000123FEF7CEBE9BB2D4E54FF000094FF411
:103980000073CDE909934FF0400E0420CC4602218C
:103990004A464B4686E5D9F810301A4A1A490020A3
:1039A0009847DFED1A7A0023FFF794BB059B184A6E
:1039B0001B69DDE9069610E7059B154A1B6912494C
:1039C0000020DDE906969847AA89039BDDF804E00C
:1039D00012FB03F26B89562113FA82F301FB076194
:1039E00000209BB2C1F86E00591C92B2009089B2BF
:1039F000FEF741BF059B034A1B6903490020984716
:103A0000FFF7F0B9003D0108AC3A0108000000439F
:103A1000543C0108BFF34F8F0549064BCA6802F4B6
:103A2000E0621343CB60BFF34F8F00BFFDE700BFE1
:103A300000ED00E00400FA0530B4224BD3F89020EA
:103A4000D36813F00803FBD1946A156911685268B2
:103A5000C1F3015000EB800001F07F32C1F303415C
:103A600011EB400118BF184B22F0FE4218BF4B4328
:103A7000C2F3023101EB8101C2F3032010EB4100DC
:103A80001CBF4EF6602101FB0033C2F3021101EBB3
:103A9000810102F00F0212EB4102C5F30E0518BFBF
:103AA0004FF47A71A5EB040018BF01FB02334FF409
:103AB0007A72013502FB00F0B0FBF5F030BC18441F
:103AC000704700BF7800002080EE3600FEE700BFA0
:103AD000FEE700BFFEE700BFFEE700BFFEE700BF56
:103AE000704700BF704700BF704700BF034AD2F85D
:103AF00084300133C2F88430704700BF7800002062
:103B00000C4B0D49D3F890204FF480104861D168D8
:103B1000490503D4012283F8B1207047D168C9B2A6
:103B200061F49061D1600120012283F8B40083F830
:103B3000B12070477800002000040140034B5A690F
:103B4000120744BF08225A61704700BF00040140B9
:103B50000148FCF7F3BC00BF300100200148FCF72E
:103B6000EDBC00BF780100200148FCF7E7BC00BFB6
:103B7000C00100200148FCF7E1BC00BF08020020A2
:103B8000084810B4D0F8D831D0F80C4299691A68B6
:103B90002CB1234600F5EC705DF8044B18475DF836
:103BA000044B704778000020034B5A69120544BF4C
:103BB0004FF400625A61704700040140034AD2F892
:103BC000883043F47003C2F88830704700ED00E09D
:103BD00030B52B4D8DB02C22002101A80AF028FE13
:103BE000D5F82C42002C43D0FFF726FF254BD5F803
:103BF0009C1003910444A3FB0423234A5B0D02FBA6
:103C00001344224AA2FB0402920B4EF6602505FBE8
:103C100012448DF805201E4A1E48A2FB03521209C9
:103C200002EB4202A3EBC2038DF80430A0FB042395
:103C30009B094FF47A7202FB134401FB0444A0FB7E
:103C400004048DF80630A1EB94114FF480704FF00E
:103C500000424FF0606302910B900692089305F0CA
:103C600069F818B901A805F06BFB38B1FFF7D2FE6F
:103C700005F060F80028F9D185F830020DB030BDAC
:103C800078000020B17C219580EE360073B2E745C4
:103C9000ABAAAAAAD34D621010B5164C164AD4F896
:103CA00090304FF4802151619A68D20402D5DA68CD
:103CB000D00512D49A68910402D5DA68920503D42B
:103CC000012384F8B13010BDDA68D2B262F42072F8
:103CD000DA60012384F8B13010BDDA68D2B262F440
:103CE000C072DA60012184F83012FFF771FFD4F856
:103CF0009030DFE77800002000040140F0B5046850
:103D00000546200583B000F1F6800026A10351D5B9
:103D1000A54B9A6DD20040F1F8800027A349A44A30
:103D20000B6843F480730B60D2F8840005E0D2F88E
:103D300084301B1A022B00F201810B68DB05F6D5DB
:103D4000AEBB9949A86DD1F8903013F4407326D0DA
:103D5000834224D0D1F890C0D1F8903043F480331E
:103D6000C1F89030D1F8903023F48033C1F890300E
:103D70001CF0010F2CF44073C1F890300FD0D2F832
:103D800084E041F2883C06E0D2F88430A3EB0E03D5
:103D9000634500F2D380D1F890309B07F4D5824A76
:103DA000D2F8903023F440730343C2F89030002FD0
:103DB00040F0C880E10708D57B4A296AD2F88830EC
:103DC00023F003030B43C2F88830A20708D5764AD4
:103DD000696AD2F8883023F00C030B43C2F88830AC
:103DE000630708D5704AA96AD2F8883023F03003F7
:103DF0000B43C2F88830A70608D56B4AE96AD2F8A7
:103E0000883023F440630B43C2F88830A00508D5FE
:103E1000654AE96BD2F8883023F440230B43C2F89B
:103E20008830610508D5604A296CD2F8883023F4BF
:103E300040130B43C2F88830620608D55A4A296BF2
:103E4000D2F8883023F440530B43C2F8883023065D
:103E500008D5554A696BD2F8883023F440430B43A8
:103E6000C2F88830E70508D54F4AA96BD2F88830E8
:103E700023F440330B43C2F8883020030ED54A4A5E
:103E8000A96CD2F8883023F040630B43B1F1006F86
:103E9000C2F888305CD0B1F1806F74D061030ED568
:103EA000414AE96CD2F8883023F040630B43B1F10A
:103EB000006FC2F8883050D0B1F1806F6BD06204CF
:103EC0000BD539492A6DD1F8883023F0405313437C
:103ED000B2F1805FC1F888304DD0230408D5324A52
:103EE000696DD2F8883023F080430B43C2F88830E4
:103EF000304603B0F0BD6F6CB7F5000F10D0B7F5CA
:103F0000400F12D077B3012600E79A6D42F080523D
:103F10009A659B6D03F080530193019B0127FDE699
:103F2000214AD36843F48033D3601F4AD2F88830E3
:103F300023F440033B43C2F88830E6E60326002F13
:103F40003FF438AF184A936D23F08053936531E7FF
:103F5000D36843F48013D360A0E7D36843F480139D
:103F6000D360ACE73946281DFDF70EF90646002858
:103F70007FF4CCAED9E70221281DFDF705F9002812
:103F800018BF0646A9E70121281DFDF7FDF8002806
:103F900018BF064682E70121281DFDF7F5F8002825
:103FA00018BF06468BE700BF0010024000700040BB
:103FB000780000202DE9F041C16F05689EB00446ED
:103FC000002947D02423E3672A68636A22F00102AC
:103FD0002A60002B40F0AD80D4E90412A368286861
:103FE0000B431343E169A84A0B43024013432B6080
:103FF0006B68E26823F440531343A44A6B60954214
:10400000A369AA6800F0DB80206A22F430620343CF
:1040100013439F4AAB60954200F04A819D4B9D42FD
:1040200040F00D8103F5E633D3F8883003F00C033C
:104030000C2B00F26381DFE813F0D4016101610110
:1040400061011101610161016101710161016101A0
:1040500061016A0180F878105C2207A80AF0E8FB89
:104060008B4B9D4200F0F0818A4B9D42AAD10227E2
:1040700007A80797FFF742FE0646002840F01A827D
:10408000854B864D9A6D42F400329A659A6D02F422
:1040900000320492049ADA6C42F00102DA64DB6CBA
:1040A00003F00103039307220323CDE900320399B0
:1040B00003463A464FF090400F214FF0800807F03A
:1040C00079FAC5E95376C5E95568C5E95766C5E982
:1040D000596605F5A476724BC5F84831304605F0AF
:1040E000FBF9002840F0E6816667102305F5C876E5
:1040F000C5E96708C5E96900C5E96B00C5F89831ED
:104100003046684BC5F89471C5F87041C5F89031D8
:1041100005F0E2F90146002840F0CC812667262010
:10412000C5F8B84105F07AFA5F4B40225A6025681D
:1041300048E71E0705D56A68616B22F400420A430E
:104140006A60D80705D56A68A16A22F400320A437A
:104150006A60990705D56A68E16A22F480320A43E9
:104160006A605A0705D56A68216B22F480220A43E7
:104170006A60DF0605D5AA68A16B22F480520A4363
:10418000AA609E0605D5AA68E16B22F400520A4394
:10419000AA60580609D56A68216C22F480120A4385
:1041A000B1F5801F6A6000F0048119067FF514AF35
:1041B0006B68A26C23F4002313436B600CE722F4BA
:1041C000306213433449AB60D1F8883003F4406364
:1041D000B3F5006F00F0898000F2E580002B00F05D
:1041E0005981FCF731FF0646002E7FD16A682B49C2
:1041F000002322F49042C4E91A336A60AA6822F0CC
:104200002A02AA602A6842F001022A60C4F88430B7
:10421000D1F884602B681A0700F186802B685B0751
:1042200000F19D80002320221846E26784F8783050
:10423000C4F88020236663661EB0BDE8F0811B4B86
:104240009D425BD103F5E433D3F8883003F03003AB
:10425000202B63D059D8002B00F0C380B1F5004F5C
:1042600000F02F81FCF7F0FE0028BFD0636800EB60
:104270005300B0FBF3F04FF6EF73A0F110029A4237
:104280003CD8E860B2E700BFF369FFEF0080004070
:104290000038014000440040001002407800002037
:1042A0006C0002408000024000E100E00048004055
:1042B00002F55842D2F8883003F00303022B2DD0C8
:1042C000032B24D0012BC9D0864BB1F5004F1868C1
:1042D00000F098809268844BC2F3C222134493F892
:1042E0009C3003F01F03D840BEE7804E626802EBAB
:1042F0004203B34202D8B6EB023F61D90023C4E9BE
:104300001A3301201EB0BDE8F081302BF6D1B1F593
:10431000004F00F0D3804FF40040A7E7B1F5004F05
:1043200000F0CA807148A1E76FF07E4332464FF437
:104330000011204605F034F900283FF46FAF2368E0
:1043400053E8002F22F0800243E800210029F7D132
:104350002023E367002384F878300320D2E76FF04E
:104360007E4332464FF48001204605F019F90028BB
:104370003FF458AF236853E8002F22F4907243E8CB
:1043800000210029F7D103F1080252E8002F22F0A2
:10439000010203F1080040E800210029F3D12023A5
:1043A000C4F88030D6E7B3F5406FA7D14FF400468C
:1043B0009CE76A68616C22F4C0020A436A60F4E612
:1043C0000023500819464FF48077E6FB070107F0F9
:1043D000AFFB474BA0F540729A428FD8454BD8604F
:1043E00004E7B1F5004F6FD0434A3F4B92683D4917
:1043F000C2F302221344086893F89C3003F01F03B1
:10440000D84031E79268384BC2F3C222134493F884
:104410009C3003F01F03D84000283FF4E7AE430070
:10442000626803EB5203B3FBF2F34FF6EF72A3F1B2
:10443000100191423FF662AF23F00F0292B2C3F334
:1044400042031343EB60D1E6012307A80793FFF76C
:1044500055FC034670BB284A116E41F48041116639
:10446000116E01F4804106910699D16C41F0010171
:10447000D164D26C02F00102059207210322CDE93A
:104480000021059802224FF4C0614FF0904007F0E0
:1044900091F897E58A68144BC2F302221344114A3B
:1044A00093F89C30166803F01F03DE40002E3FF4A3
:1044B0009DAE1BE7FFF7AEFA104BB1E74FF4803328
:1044C000AEE7FCF7C1FDA7E70B4A074B9268054929
:1044D000C2F302221344086893F89C3003F01F03D0
:1044E000D84099E70000002040F900080024F400BB
:1044F000FFFC0F0000800040001002400048E8016F
:10450000F0B5CA4CD4F82C328BB0002B00F0D98116
:10451000C74B1A683F21C4F84413520358BF1A68A6
:10452000C34B54BF02F480324FF4A022C4F8482396
:1045300019685A68186801F00101C2F30722C4E93A
:10454000D71219685A6800F0F00001F48071C4F8BD
:104550006403C4F85013D3F89010B648C2F3046251
:10456000C4F854234F0758BFD3F89020B04B54BF22
:1045700002F001020522D3F89410C4F84C23D3F8BA
:10458000982001F0010102F00102C4F85813C4F8A8
:1045900068231968DA6811F0807F0CBF01210221BD
:1045A00002F00302C4E9DB12DA68D968C2F302122E
:1045B0000132C1F30621C4E9DD21D968DA68C1F30B
:1045C0004151C2F341620131013249005200C4E954
:1045D000E012D9689A68C90E02F003020F25C4F8E8
:1045E0008853C4F87C13C4F88C2399689A6801F046
:1045F000F00102F4E062C4E9E4129A68016894F8F8
:10460000190284F8A003D20802F4E06201F0070165
:10461000C4E9E621242284F81922D4F8D821864856
:104620001168824221F00101116000F0EF81002346
:10463000226AC4F81C32022184F8193284F8183234
:10464000C4F8083284F81A3284F87D1013687B4964
:1046500023F040038A42136000F0EE810022C4F888
:104660008020D4F8343284F87D202421D4F8B40298
:1046700084F87C20C4F8B0121968C4F8A40321F0AF
:10468000010119606E491A608B425A609A6000F00D
:10469000AE816C4A934200F08D820023D4F8BC2294
:1046A000C4F8B8322421C4F8B03284F8AC32C4F86B
:1046B000B432C4F89432C4F89832C4F8381311688C
:1046C0005F4821F0010182421160136053609360E2
:1046D00000F046825B4B9A4200F08882544A0023E5
:1046E000C4F84033C4F83833C4F83C33C4F81C333E
:1046F000C4F82033D06CD16C84F8343300F001005E
:10470000C1F34001C4F8C403C4F8E413D06CD16C05
:1047100041F00101D164D16CC0F3C01001F001017E
:104720000491C4F804040499D16C41F00201D164ED
:10473000D16C01F0020103910399D16C41F0800129
:10474000D164D26C4FF0904C02F080020292029938
:10475000DCF80010C4F8A813DCF80410C4F8AC139B
:10476000DCF80810C4F8B013DCF80C10C4F8B4136B
:10477000DCF82010C4F8B813DCF82410324AC4F86E
:10478000BC131168C4F8C8135168C4F8CC139168FD
:10479000C4F8D013D168C4F8D413106A516AC4F8AD
:1047A000DC1302F5C052C4F8D8031168C4F8E8134A
:1047B0005168C4F8EC139168C4F8F013D168C4F8D8
:1047C000F413116A089D526A099EC4F8F813C4F8DC
:1047D000FC2301204FF60F714FF0030E00FA03F295
:1047E0000A424FEA430203F1010306D0DCF80070ED
:1047F0000EFA02F23A43CCF80020102BEED1CDE9AC
:1048000000561148002303224EF6F57106F0D2FE41
:10481000CDE900560D48002303224FF6F67106F04D
:10482000C9FE034BDA6C22F0010211E0780000208F
:1048300000100240002002400058004000300140BB
:10484000003801400044004000040048001C0048BB
:10485000DA64DA6C22F00202DA64DA6C4FF0E021FA
:1048600022F08002DA640B6923F002030B61FFF788
:10487000E3F894F8303205464BBBBF49BF4A07E026
:1048800062B6BFF34F8FBFF36F8F94F83032F3B936
:1048900072B6BFF34F8FBFF36F8F94F83032002B97
:1048A000EED10B6823F0070343F001030B6013699B
:1048B00043F00403136130BF136923F00403136151
:1048C000DEE7AF480BB0BDE8F0400AF00FB90023B7
:1048D00084F83032FFF7B0F8401B05D500F1A46032
:1048E00000F5CB2000F58060D4F884304FF0E02252
:1048F0000344C4F884301369A24843F002031361EF
:10490000FCF7E0FFD4F89C139F48FDF7D7FA4FF06F
:1049100090400121FBF73CFCD4F8A823D4F8C41341
:104920000260D4F8AC234260D4F8B0238260D4F89B
:10493000B423C260D4F8B8230262D4F8BC23426224
:10494000003918BF0121FBF723FC00F5806001212D
:10495000FBF71EFCD4F8C833D4F8E4130360D4F892
:10496000CC334360D4F8D0338360D4F8D433C360FD
:10497000D4F8D83303620039D4F8DC33436218BF6B
:104980000121FBF705FC00F5C0500121FBF700FCFD
:10499000D4F8E833D4F804140360D4F8EC3343605B
:1049A000D4F8F0338360D4F8F433C360D4F8F83328
:1049B0000362D4F8FC334362003918BF0121FBF7CE
:1049C000E7FB06F0F3FE94F8A033282B00F0B78045
:1049D00006F080FF6D48FFF7EDFAD4F8A433222BE0
:1049E0003BD06B480BB0BDE8F040FFF7E3BA02F1F3
:1049F000804202F504324FF4C061136E23F4804309
:104A00004FF090401366FBF7E7FD46E69A6D61486C
:104A100022F480029A654FF48061FBF7DDFD4FF4CC
:104A20000061FBF7D9FD5C4B0222C3F88420BFF381
:104A30004F8FBFF36F8FFAE5584A136E23F48053FC
:104A4000E02113664FF09040FBF7C6FDA06F07F022
:104A50000BF8606F07F008F800E6D4F8A802D4F865
:104A60008822B4F88C32D4F8B412002800F0D9802F
:104A70002029B6D1002AB4D0002BB2D00021D4F81E
:104A80003452C4F8941246498D4203D069680E022C
:104A900000F147810021C4F8B8122221C4F888220D
:104AA000A4F88C32C4F8B4123E49C1623E49016395
:104AB0003E4941630021816305F12401FBF7D2FBEC
:104AC000002840F05181D4F8443293B155E8003FBA
:104AD00043F4807345E800324AB1D4F8342252E8F6
:104AE000003F43F4807342E800310029F5D1D4F847
:104AF000345205F1080353E8003F43F0010305F188
:104B0000080141E8003262B1D4F8342202F108030E
:104B100053E8003F43F00103083242E80031002926
:104B2000F2D1D4F8342202F1080353E8003F43F0F5
:104B30004003083242E800310029F2D151E794F8ED
:104B40001922202A7FF444AFD4F8D82184F81932EE
:104B500013681749C4F80C1243F0B803136037E721
:104B60000E4A136E23F480434FF4C0614FF090401F
:104B70001366FBF731FDB1E50070004000ED00E089
:104B8000C83D0108BC03002000040020AC02002046
:104B9000340300200004004800E100E0001002405F
:104BA00000800040C912000851130008A9520008F3
:104BB000CD20000802F5E6320F21936D23F4003377
:104BC00093654FF09040FBF707FDD4F8A80206F07C
:104BD0004BFFD4F8A40206F047FF734B4022C3F802
:104BE0008420BFF34F8FBFF36F8F56E56F4A936DED
:104BF00023F4003393650F214FF09040FBF7ECFC5A
:104C0000D4F8300306F030FFD4F82C0306F02CFF64
:104C1000654B4022C3F88420BFF34F8FBFF36F8FE3
:104C20005CE520297FF4DDAE002A3FF4DAAE002BEC
:104C30003FF4D7AED4F83412C4F894025C488142F1
:104C400015D04868000212D551E8000F40F080608E
:104C500041E800054DB1D4F8340250E8001F41F09E
:104C6000806140E80015002DF5D1D4F83412D4F855
:104C70003C52C4F888220020B5F5805FA4F88C323D
:104C8000A4F88E32C4F89C0200F08580002D78D103
:104C9000D4F84432002B0CBFFF207F2000222223B7
:104CA000C4F8B822A4F89002C4F8B43201F10803A1
:104CB00053E8003F43F00103083141E8003262B19C
:104CC000D4F8342202F1080353E8003F43F0010313
:104CD000083242E800310029F2D1D4F83C22D4F85D
:104CE0004432B2F5805F46D0324AC4F89C226BB1A0
:104CF000D4F8342252E8003F43F4907342E8003184
:104D00000029F5D16DE62C4BC4F89C32D4F834223E
:104D100052E8003F43F0200342E800310029F5D17A
:104D20005FE655E8001F41F0806145E8001048B19A
:104D3000D4F8340250E8001F41F0806140E80015CB
:104D4000002DF5D10021D4F8A802C4F8B812222110
:104D5000D4F83452C4F88822A4F88C32C4F8B412BF
:104D600000283FF4B0AE9FE610222023C4F8B822FA
:104D7000C4F8B43235E6002BC5D00E4BC4F89C32D3
:104D8000B6E7B5F1805F89D1D4F84432002B0CBF6F
:104D90007F203F2082E7D4F84432002B40F2FF10FE
:104DA00018BFFF207AE700BF00E100E000100240DA
:104DB000008000406D1300083D140008F0B4C56F7A
:104DC000202D4CD10C4601B112B90120F0BC704726
:104DD000194600252123C0F88450C36783682B4FF0
:104DE000A0F85020B3F5805FD7F88460A0F8522077
:104DF00038D0B0F85220036892B2B2B1DA69120624
:104E000004D44A1C1DD1DA691206FCD50CB314F87F
:104E1000012B1A85B0F85220013A92B2A0F8522024
:104E2000B0F8522092B2002AE8D1DA69520604D4CE
:104E30004C1C1DD1DA695106FCD52023C367002024
:104E4000C4E7D7F88420921B914219D3C1B11A68E4
:104E5000D4E735F8022BC2F308021A85DAE70220FC
:104E6000F0BC70470369002BC3D125461C46C0E740
:104E7000D7F88420921B914202D309B11A68D4E773
:104E80002023C367F0BC0320704700BF78000020D8
:104E9000026852E8003F23F4907342E80031002991
:104EA000F7D102F1080353E8003F23F0010302F1B8
:104EB000080C4CE800310029F3D1036E012B06D019
:104EC00000232022C0F8802083660366704752E8E2
:104ED000003F23F0100342E800310029F0D052E8EF
:104EE000003F23F0100342E800310029EFD1E7E74B
:104EF00070B5AE4CD4F83452EB692A68A96840F614
:104F00000F00034240F08780980602D5960600F114
:104F1000F380D4F89402012816D0D80202D54902B1
:104F200000F1F4801E0605D4590602D5530600F19F
:104F3000258170BD1006F7D5D4F8A032002BF8D02B
:104F4000BDE870409A481847DE06E6D5D006E4D59D
:104F500010232B62AB68B4F88C225B0640F14281CF
:104F6000D4F8A83219684B689BB2002B00F07C8102
:104F7000934280F07981A4F88E320B689E0644D467
:104F800055E8003F23F4807345E800324AB1D4F875
:104F9000342252E8003F23F4807342E800310029B4
:104FA000F5D1D4F8342202F1080353E8003F23F08E
:104FB0000103083242E800310029F2D1D4F834224A
:104FC00002F1080353E8003F23F04003083242E8AF
:104FD00000310029F2D12023C4F8B432C4F894126D
:104FE000D4F8342252E8003F23F0100342E80031A5
:104FF0000029F5D1D4F8A83293F82520022A00F030
:105000003A810422DA6383F824100223C4F8983228
:10501000B4F88E3270BD11F0010640F09E806548F4
:1050200002423FF476AFD8070FD5D10540F1D680C4
:1050300001212962D4F8B81241F00101C4F8B81274
:1050400099076BD5002E40F08C8058077DD51E0740
:1050500000F1C1801E050AD5500108D54FF400614A
:105060002962D4F8B81241F02001C4F8B812D4F87B
:10507000B81200293FF45DAF990602D5920600F1FF
:10508000A080D4F8B822AB6802F0280203F04003F5
:10509000134300F0E6804648FFF7FAFEAB685B0674
:1050A0007FF547AF05F1080353E8003F23F04003C5
:1050B00005F1080141E8003262B1D4F8342202F16E
:1050C000080353E8003F23F04003083242E8003170
:1050D0000029F2D1D4F8A80200283FF42AAF364BB9
:1050E0008363FBF707FA00283FF423AFD4F8A80244
:1050F000BDE87040836B1847D4F89C32002B3FF416
:1051000018AF04F50D70BDE8704018474FF48013D8
:105110002B6270BDD1058BD4980722D4590714D5C2
:10512000002E94D004212962D4F8B812180741F057
:105130000201C4F8B8128DD508212962D4F8B8123A
:1051400041F00801C4F8B81284E7190782D502F0CB
:10515000200131433FF47EAFEEE7D807DAD4990758
:105160002CD502212962D4F8B8125E0741F004015F
:10517000C4F8B812D6D41907DED46BE755E8003F5F
:1051800023F0400345E800324AB1D4F8342252E813
:10519000003F23F0400342E800310029F5D12022EE
:1051A0000023C4F8B022C4F8A03270BD78000020FB
:1051B000AC020020200100045D1300085E07B1D49A
:1051C000D9E7D4F89C32002B3FF45BAF35489847C1
:1051D000D4F8345255E79006AED43BE798073FF534
:1051E00034AF9BE7B4F88E12B4F88E329BB289B21A
:1051F000002B3FF49EAE91423FF49BAE55E8003F3A
:1052000023F4907345E800324AB1D4F8342252E8CE
:10521000003F23F4907342E800310029F5D1D4F81F
:10522000342202F1080353E8003F23F0010308325F
:1052300042E800310029F2D12023C4F8B432C4F886
:105240009C12C4F89412D4F8342252E8003F23F0A0
:10525000100342E800310029F5D10223C4F8983246
:1052600070BDC4F8B83270BD93427FF462AE0B6873
:105270009D06F2D470BD1A681D6C106820F00E00F7
:105280001060106820F0010010605A6C012002F0DC
:105290001C0200FA02F26A6083F8250083F82410E9
:1052A000B3E600BFAC020020806A0368C16F10B58E
:1052B000D0F880409A68120601D521290BD09B684E
:1052C0005B0601D5222C1DD0D0F8843043F01003AA
:1052D000C0F8843010BD0022A0F8522053E8002FFF
:1052E00022F0C00243E80021026839B152E8003FD1
:1052F00023F0C00342E800310029F7D12023C3671F
:105300001346DCE70023A0F85A30FFF7C1FDD0F8C0
:10531000843043F01003C0F8843010BD08B518B1D4
:10532000064B02689A4207D0054B064A1B6906499C
:1053300000209847002008BD012008BD0FB037139A
:10534000780000201C3E0108343E010808B518B161
:10535000074B02689A4207D0064B074A1B69074968
:1053600000209847012008BD90F8620008BD00BFEA
:105370000FB03713780000201C3E0108343E0108AE
:1053800010B418B10C4B04689C4207D00B4B0C4A6C
:105390001B690C495DF8044B00201847032A02D909
:1053A000064B094AF4E702EB820200EB82005DF84B
:1053B000044B0181704700BF0FB037137800002005
:1053C0001C3E0108343E01083C3E010808B518B1F6
:1053D0000D4B02689A4207D00C4B0D4A1B690D49D0
:1053E00000209847002008BD032906D9074B0A4A28
:1053F0001B69084900209847F4E701EB810100EBA5
:105400008100008908BD00BF0FB03713780000206D
:105410001C3E0108343E01083C3E01082DE9F041E4
:10542000174F1D467B6913B1BDE8F0411847FB6873
:105430004FEA4208002AF7D08F1EA8F10204064660
:105440008E460C443A4632F802CF9CFA9CFCA242AB
:10545000A2F800C0F7D142467146304698470DB9D0
:10546000BDE8F08137F8023F5BBAA7423B80F7D036
:1054700037F8023F5BBAA7423B80F3D1F0E700BFA9
:10548000780000202DE9F04FA5B00446FAF7D2FECF
:1054900010B925B0BDE8F08FDFF80481A56898F851
:1054A0008830012B05D9D8F81030374A3749022007
:1054B00098477822364906A809F0E6FAD8F8143059
:1054C000344A0492002B55D004AF022239462846B4
:1054D0009847DFF8D0A00DF1180B0026BBF8044068
:1054E000BBF80690A144A14532DD039705E0624672
:1054F00098470134A4B2A14529DD44F4405C0399E6
:10550000ADF810C0012328460322ADF81260ADF8B3
:105510001460FFF783FFDBF80830BDF814C02146A4
:105520002846002BE3D198F888201849012A2B46F9
:1055300052464FF00200DCD9DBF80070CDE9007C68
:105540000134D8F81070A4B2B847A145D5DC039F48
:105550000BF10C0B24AB9B45C0D198F88830012B84
:1055600097D9D8F810300C4A0849022025B0BDE878
:10557000F04F1847094B049304AFD8F80C300422BD
:10558000394628469847A4E7543E010810390108D7
:10559000E4F90008D5100100A43E010810D500016F
:1055A00078000020903E010800B583B041F4A0418E
:1055B000012394464FEA124EADF80010ADF80230C8
:1055C000042200236946ADF804E0ADF806C0FFF7F9
:1055D00025FF03B05DF804FB10B50E4C8C46114658
:1055E000228803F1020EB2EB4E0F06D223690A4A5B
:1055F0000A49BDE8104000201847013B4CF4A04C7C
:105600004B802EF00042A1F800C0BDE810400023FE
:1056100004E700BF78000020E03E0108003F0108D9
:105620002DE9F04383B01D4643F440534FF000088A
:10563000BDF82840ADF8003089461646694601237A
:10564000032245F480550746ADF80280ADF804808A
:10565000FFF7E4FEADF80050BDF9045004FA09F478
:105660006C4004EA06025540434669463846022229
:10567000ADF80250FFF7D2FE03B0BDE8F08300BFE3
:10568000F0B583B020B1234B02689A42044608D09B
:10569000214B224A1B69224900209847002003B071
:1056A000F0BD8668032200270092304640F249137D
:1056B0000021FFF7B5FF0125304640F2491300975E
:1056C00004220221FFF7ACFF304640F24913009557
:1056D00010220421FFF7A4FF304640F24913009541
:1056E00020220521FFF79CFFFF230093304640F264
:1056F00049134FF47F520621FFF792FF304640F2E4
:105700004B1300952A463946FFF78AFF2846277330
:1057100003B0F0BD0EB037137800002098380108B0
:10572000B038010810B1024B9B681847704700BFA2
:105730007800002010B520B10C4B02689A42044654
:1057400007D00B4B0B4A1B690B49BDE810400020EA
:105750001847406818B1C368984700236360002366
:1057600023602046BDE81040DCE700BF0DB03713D2
:1057700078000020143F0108303F010810B50446AE
:10578000FAF758FD00B910BD20690023236008B165
:10579000FFF7C8FF2046BDE81040C3E72DE9F04100
:1057A000184E1D464FF480530C46B3628046174690
:1057B00003F082FF1CB1204603F0BEF988B9B8F1AE
:1057C000000F02D0404603F0CFF917B13846FFF77B
:1057D000D5FF25B12846BDE8F04109F06BB9BDE819
:1057E000F081266C3046FFF799FD28B9002323602D
:1057F0002046FFF797FFE2E7002333603046FFF7CC
:1058000091FFF3E7000400482DE9F04FADF5137D5B
:1058100006460C46154600214FF4E27221A89A462E
:1058200009F006F83C22002112A809F001F89D9B1E
:1058300093F8C57167B1644B644A1B6964490020E1
:1058400098474FF0000840460DF5137DBDE8F08FF6
:105850000DF11808CDF800800AAB21AA2946204690
:10586000FCF7FAFE0028ECD0414694F85B200AA829
:1058700012ABFBF797FE80460028E2D09E9ABDF857
:105880005A3013809F9ABDF85E3013809D9808AB04
:105890000DF1160221A903F089FCBDF82020BDF806
:1058A00016309A4206D29D9B2246294621A8FCF733
:1058B0006DFEC8E743F2370308930322012308A9CA
:1058C0003046ADF82470FFF7A9FDBDF8243013F081
:1058D000C00310D1ADF8243043F231030893032202
:1058E000012308A93046FFF799FDBDF824204AF6A8
:1058F000C0439A425BD19D9808AB0DF1160221A9D5
:1059000003F054FCBDF81690BDF820B0D94508D975
:10591000304B0893304608A900230222FFF77EFD92
:10592000C1E729499C9A0988CDF808804FEA5A03B3
:1059300049088B4228BF0B460BF10201023BA1EB49
:10594000090123F0010389B28B4228BF0B460432C0
:10595000AA469FB2904603941D4604E0B9441FFA3C
:1059600089F9D94511D808AB4A46414621A808957E
:1059700003F0A2F804460028F0D0089B9C9A4FEA56
:1059800059013046FFF728FEE8E7124B08935546C9
:105990003046A24608A900230222DDF80880039CB5
:1059A000FFF73CFDBAF1000F3FF44BAF7BE7064B2E
:1059B00093F88820002A3FF444AF1C69064A07493F
:1059C00033460120A0473CE7780000203C3F010817
:1059D000D8380108801001007C3F0108A03F010871
:1059E00070B5FEB04FF4E27204460D460DA80021DA
:1059F00003AE08F01DFF00960DAA05AB002120465E
:105A0000FCF72AFE08B97EB070BD94F85B202B46E7
:105A1000314605A8FBF7C6FDF5E700BF10B590B00D
:105A200018B10C4B02689A4208D00B4B0B4A1B6909
:105A30000B4900209847002010B010BD0C460430E0
:105A400001A9FFF7CDFF0028F6D0BDF80430236090
:105A5000F2E700BF0FB03713780000201C3E0108AA
:105A6000343E010830B583B00025294600957B23DC
:105A7000FF220446FFF7D4FD0121009120468B232D
:105A80000222FFF7CDFD8B238022009507212046BF
:105A9000FFF7C6FD03B030BD70B582B043F23702E8
:105AA00000230092ADF80430032201236946054625
:105AB000FFF7B4FCBDF8043013F0C00F19D143F266
:105AC0001C02012300920024694603222846ADF8F7
:105AD0000440FFF7A3FCBDF804301B0515D50E4BA1
:105AE0000E4A1E690E4920462B46B047204602B09A
:105AF00070BD094B93F88820002AE0D01C69094A40
:105B000007492B460120A047D9E72846FFF7AAFFFF
:105B1000012002B070BD00BF78000020FC3F0108EA
:105B2000E43F0108B83F01082DE9F04FADF5117DC4
:105B30000C46154600214FF4E27206460DF1180896
:105B40001FA81F4608F074FECDF8008008AB1FAAFE
:105B500029462046FCF780FD30B94FF0000840464A
:105B60000DF5117DBDE8F08F94F85B20414608A843
:105B700010ABFBF717FD0028EFD09C9ABDF8523010
:105B800013809D9ABDF85630DFF8B4A013803046DC
:105B9000BAF80080FFF780FF50B37B084FEA58083F
:105BA000434528BF43469A9A0397023B23F00103DB
:105BB0000432A8461FFA83FB4FF0000902941D46E9
:105BC00017464A4605AB39461FA8059502F074FFF3
:105BD0004FEA5901D944059B9A9A04461FFA89F95C
:105BE0003046FFF7F9FCB9F51E6F08D2002CE8D15A
:105BF000DAF810300F4A104900209847ADE74546C3
:105C0000A046DDE90247B8F1000FF1D080239A9950
:105C100000933A463046094B03F00EFB1FA89B9BAE
:105C200022462946FCF7B2FC40460DF5117DBDE841
:105C3000F08F00BF2C400108D83801085CFA00083A
:105C400078000020F0B583B043F21C0200920123DB
:105C50000E460024032269460746ADF80440FFF7CC
:105C6000DDFBBDF8043013F4006517D141F21B04CD
:105C70002B46694638460222009446F40066FFF738
:105C8000CDFB38462B4669460222ADF80040ADF800
:105C90000260FFF7C3FB012003B0F0BD044B054ACF
:105CA0001D69054920463B46A847204603B0F0BD84
:105CB0007800002040400108E43F0108F0B50129C8
:105CC00083B00546144621D0022909D01B4B1C4A3B
:105CD0001C691C4903460020A047002003B0F0BD0A
:105CE00043F2460384270026ADF8003028460123FE
:105CF00003226946ADF80260ADF80460FFF78EFB41
:105D0000BDF8040030B164B90120E7E743F2450370
:105D10008327E8E7094B0C4A1C690A492B46A04730
:105D2000DBE747F480573346694628460222ADF840
:105D30000070ADF80260FFF771FBE5E77800002026
:105D400070400108E43F01088C400108F0B50129CA
:105D500085B00646154631D0022924D143F23203DC
:105D600001240027ADF808300322012302A93046A0
:105D7000ADF80A70ADF80C70FFF750FBBDF80C30B1
:105D80006B8003F00702012A2A8027D013F0060057
:105D900018D11649164A0C6916490096A0470024E6
:105DA000204605B0F0BD114B134A1C69114903464A
:105DB0000020A0474FF440530024D2E743F23303BE
:105DC0000C46CEE7023A012AEAD9084A009614693D
:105DD00008490A4A3846A0472F80E0E70349084AA5
:105DE0000C69044900963846A047D8E7780000209F
:105DF000C0400108E43F0108704001082441010847
:105E0000F040010810B582B001AA01210446FFF755
:105E10009DFF002201212046FFF750FFBDF804300E
:105E2000022B08D00549064A0C6906490020A04704
:105E3000002002B010BD012002B010BD780000208B
:105E400058410108A041010870B584B003220446FE
:105E50000025009240F249130E460021FFF7E0FBB7
:105E600040F249130422022120460095FFF7D8FB97
:105E700040F249131022042120460095FFF7D0FB81
:105E800040F249132022052120460095FFF7C8FB68
:105E900040F249134FF47F52009506212046FFF748
:105EA000BFFB0EB904B070BD044E03962B46022210
:105EB00003A92046FFF7B2FA04B070BD3110C0ACA0
:105EC00010B520B10A4B02689A42044607D0094B2C
:105ED000094A1B69094900209847002010BD8068C5
:105EE000FFF7C0FDA0680121FFF7AEFF012010BD44
:105EF0000EB037137800002098380108B038010838
:105F000008B5144B9FED140A2DED028B93ED238AF7
:105F1000B8EE488A08EE900A80EE080A06F092FD74
:105F200028EE008AF3EE087A28EE278AB7EE007A88
:105F3000C7EE087AF8EEE88A9FED087A67EEA87A4D
:105F4000BDEC028B67EE877AB6EE000A27EE800A78
:105F500008BD00BF78000020F902154FC2F38E4D36
:105F60002DE9F04782B0BDF828400B9F03EBC40534
:105F70006B88002B44D06E68844601EB0208043E17
:105F80004FF0000E56F8044F620092B28A4233D3AB
:105F9000424531DAC4F30170012817D002283AD003
:105FA00090BB521A93B2C4F34459012202FA09F287
:105FB000974249D33349013A0C6901923249334A35
:105FC0000097A047002002B0BDE8F087521A92B2B5
:105FD0000CEB42093CF81200B9F8023043EA0043E6
:105FE00023F00F0317B1C4F303442343180C2CF818
:105FF0001200A9F802306B880EF1010E7345C1D86A
:10600000012002B0BDE8F0871E4B214A1B691E49E2
:1060100000209847D6E7521A92B20CEB42003CF8A7
:106020001290438843EA094323F00F0317B9C4F3DE
:10603000034423431C0C2CF8124043806B880EF160
:10604000010E73459ED8DBE7C4F3044A0CEB43040E
:106050003CF813006288C9F1200942EA00424FF07F
:10606000FF3020FA09F000FA0AF022EA000207FAEB
:106070000AFA42EA0A02100C2CF8130062806B88BC
:10608000BAE700BF78000020F8410108C0410108CC
:10609000044201082DE9F04F2DED048B1C461B78BE
:1060A000ADF21C4D05460F4691460A2B12D8DFE88B
:1060B00013F020000B007000F5007A01FE01A90228
:1060C000D003220453042000FFF79CFE002840F078
:1060D00006852378C74E3569C74AC8490020A847B6
:1060E0000020064626700DF21C4DBDEC048BBDE869
:1060F000F08FC04EDDF85004EC22002108F098FB30
:10610000D6ED237ADFEDBE5ADFEDBE6AF8EE677A90
:10611000B6EE006A85EEA77AF4EEE67A37EE067AF6
:10612000F1EE10FABCEEC77A17EE103A1FFA83F8B8
:1061300000F332849FEDB47AF4EEC77AF1EE10FAF0
:1061400000F12A84A8F1100292B2EF2A40F2AA8646
:106150009FEDAE7ADFEDAE6A356977EE877A37EE7E
:10616000877ABCEEE78ABCEEC77AB8EE477A77EE5C
:10617000C77A67EEA67AFCEEE77A17EE907AA54B1F
:10618000A54AA64901978DED008A0020A8472378EB
:10619000A1E7FFF737FE049000289AD041230022A0
:1061A0003946284602F0BAFE0023028C0292A0F182
:1061B000020A039398464FF6FF7B5A1E02FB02F237
:1061C000C2EBC202510001F5167CC83A3AF9021F2F
:1061D000002B00F071843AF902EC01F57A76A1EB1C
:1061E0000E019142FFF675AF61453FF772AF86EA47
:1061F000E672A2EBE67292B25A4505D2990089B2D4
:10620000DDF81080039193460133102BD5D1B8F1FE
:10621000000F3FF45EAF039A82F0300ADDF850249D
:10622000A2F804A0B0F822B0B0F88020A2EB0B02D4
:10623000B2F5FA6FFFF64DAF7949CDF810A0120410
:10624000A1FB021252094FF0000C20300392664667
:106250004FF6FF7E0AE0514538BF4FF0000801338A
:10626000039A9BB2402B944400F05B8730F8021FE6
:10627000029A8A1A002AB8BF524292B272450BEBB8
:106280001C4A38BF96460AF5487238BF1E468A42F5
:1062900001F54871DFD24FF00008E0E7FFF7B2FDEB
:1062A00000283FF416AF394600222023284602F08A
:1062B00035FEB0F90020074684461646012100202D
:1062C00096463CF9022F02F54873A3EB0E039BB2EE
:1062D000B3F5C86F3FF6FDAEB242A8BF084601F164
:1062E0000101A8BF16462029EAD1072840F2B3864B
:1062F0001728A0F1070340F24987D3F1200240F0AC
:10630000AD8646AB039303982EA902F0CFFA00287E
:106310003FF4DFAE9DED2E6AB5EE406AF1EE10FA65
:106320003FF4D7AE9DED2F7AB5EE407AF1EE10FA3C
:106330003FF4CFAEDDED306AF1EE666AC6EE877AE5
:10634000F5EEC07AF1EE10FAFFF6C3AEB1EE477A81
:10635000C7EE066AF5EEC06AF1EE10FA7FF5B9AE47
:10636000B7EE007A77EE877AFCEEE77A17EE903A8E
:106370009AB23F2AC3F34E033FF6ABAEDDF850248A
:1063800083F01003D38040F215312846FFF75AFC02
:106390000426002800F0E58226700DF21C4DBDECAD
:1063A000048BBDE8F08FFFF72DFD00283FF491AE80
:1063B000502339460022284602F0B0FDDDF8503463
:1063C000CDF81890CDE9045703F10A013023A0F16C
:1063D000020B9C460846A246124B002447F6FF7665
:1063E000CDE9020B5D464FF6E472A646A1461F4674
:1063F000B04623E078000020684201088C42010882
:10640000F902154F8096984C8096984BBD3706350B
:10641000002474499C49010828420108544201089B
:10642000ABAAAAAA0080FFFF8E4204F10104C4BFF8
:10643000DE460E460832082C92B21AD035F9021FF9
:106440000FFA82FB4CB135F8020C081A00B28045F5
:10645000A8BF80468742B8BF07460029E4DA8B42CE
:1064600004F10104BCBFD9460B460832082C92B295
:10647000E4D1A7F51C57103FBFB244F62062974203
:10648000DDE9020B11D8B8F1000F0ED113F5004F62
:1064900000F0D98547F6FF72964200F03D86AEEBDC
:1064A000090EBEF1080F00F0AB82544611E6FFF76B
:1064B000A9FC00283FF40DAE4FF44073394628463E
:1064C000002202F02BFD0DF1340B00F5C063CDE985
:1064D00004B30023029346AB0393484E484F0994FC
:1064E00016ABCDE907B50DF1B80906930DF58A781D
:1064F0000546069CAA46BAF902103AF9040B02F0C6
:1065000045F944F8040B4C45F5D12DACA346AA46F9
:10651000BAF96210BAF9600002F038F94BF8040FCA
:10652000C3450AF1040AF3D1DDE902230DF1540E4B
:106530009818002154F8043F5EF8042F9B1AB342C8
:1065400040F35582A3F5C9237E3BB342FADC002B0E
:10655000B8BF5B429942B8BF1946A04540F8043B1A
:10656000E8D1049B491043F8041F0493029B603355
:106570000293059BC0359D42BBD1DDE907B50021E3
:10658000099C0A460B465BF8040F9042C8BF1946A7
:1065900003F10103C8BF0246082BF4D10EAB0DF185
:1065A000B70253F82160039B01EB410103EB41115A
:1065B0000DF1CF0051F8043BB342ACBF00230123DF
:1065C00002F8013F82421376F4D1002001230246F3
:1065D0000AE029B119F8011C002904BF1A4601205C
:1065E0000133302B00F0F28319F8011F002AF0D09C
:1065F000002900F0FF810130F2E700BF3F240300D3
:10660000C1DBFCFF4FF6FF73ADF83830FFF7FAFB44
:1066100000283FF45EADD54ED54AD6F88C30A2FBAB
:106620000328DDF85034B3F8E0304FEA98183946C3
:1066300003FB08F800224FF44073284602F06EFC7A
:1066400046AB07461A46039340460EAB394602F066
:10665000DBFBC84B372283F82420002800F082811E
:10666000DDF85024BDF838305384C34900932846E0
:10667000C24A0C2303F0CAF8284640F21741FFF73C
:10668000E1FA002800F06E819FEDBD7AF7EE007A06
:106690003D4607F1C00007F5D86E0DF1B80CA0F12A
:1066A000C0034FF00008B3F9022002FB02F1B3F976
:1066B0000020043302FB021298429044F3D106EE0C
:1066C000908AB8EEE66AC030C6EE076A8645B1EE3B
:1066D000E66AC7EE866AECEC016AE0D1DDF8503478
:1066E0009FEDA88A9FEDA89ADFEDA88A03F188099B
:1066F00016AB60370DF1D8089A46039B2EA92A469F
:10670000B2F90000F1EC016A07EE100AB2F90200DA
:1067100007EE900AB8EEC77AF8EEE77A27EE267A07
:1067200067EEA67AB2F9600027EE076A27EE277AAD
:1067300067EEA77A83ED017A07EE100AB2F96200DC
:10674000C3ED027A07EE900AB8EEC77AF8EEE77A60
:1067500027EE267A67EEA67A83ED006A27EE076AAF
:1067600027EE277A67EEA77A414583ED186A83ED15
:10677000197AC3ED1A7A02F1C00203F10C03BFD1FA
:1067800003981022514602F091F8002800F0EA80A8
:10679000DAED006A9AED017AF1EEE67AB1EE006A7E
:1067A00066EE866A9AED026A67EE075A66EE866AB8
:1067B000B6EE006A76EEE56AF6EE085AB1EEE64A03
:1067C000C6EE276A77EEE57A26EE877A67EE887A54
:1067D00066EE846AF7EE004A77EE867A37EE247A20
:1067E00076EEE56AB3EE0F5A27EE097A66EE886A0E
:1067F000F4EEC57AF1EE10FA37EE067A76EE866A96
:1068000000F36F84F5EEC07AF1EE10FA00F18684A1
:10681000FCEEE77A17EE903A1BB2B4EEE87AF1EEAE
:1068200010FA40F34F846FEA83536FEA9353F3EE09
:106830000F7AF4EEE76AF1EE10FA40F3348443F491
:1068400078730435AF4229F8023F7FF456AF07262C
:1068500048E4FFF7D7FA00283FF43BAC1023394651
:106860000022284602F05AFBDDF85034B3F88A3093
:106870000026844603F01F09C3F344189B0A09F15C
:10688000300908F13008A3F120000296B246B6465E
:1068900037460CF1020B0BE05345774640F26C8211
:1068A000D6469A46B3B202930136082E00F06682AD
:1068B0003CF926303BF9262009FB03F302FB00F1EB
:1068C000002BB8BF3F33002902FB08F2B8BF1F31CD
:1068D0009B11002A03EB6113B8BF3F321BB242F396
:1068E0008F1203FB03F302FB0233BB42DCD9734577
:1068F000D2D81F46D8E7FFF785FA00283FF4E9AB66
:10690000602339460022284602F008FBDDF85034A7
:10691000DDF850245633263200210646FBF7A2FD4F
:1069200000283FF4D6ABDDF85034DDF85024DDF814
:1069300050148833304658328A31FBF793FD0028D3
:106940003FF4C7AB40F27C412846FFF77BF90926AC
:1069500000287FF421AD04E0FFF754FA002840F04E
:106960004581024E2378FFF7B6BB00BF78000020B8
:10697000D34D62100000002084FD00085CFB00087D
:1069800000004042000080420000004200007C42C3
:10699000BD370635002474491FED037A5FED036AA5
:1069A00035698B4B8B4A8C4977EE877A002037EE1E
:1069B000877ABCEEE78ABCEEC77A8DED008AB8EE26
:1069C000477AA8F1100877EEC77A67EEA67AFCEE50
:1069D000E77ACDED017A17EE907AA847B8F1EF0F7C
:1069E000C0D93569FFF7CBBB03F5C9237E33BB4262
:1069F000FADBACE50B2800F2E98108460A46EFE530
:106A0000F61ADB0093FBF6F3A9EB03030FFA83FE00
:106A1000BEF1000FC0F26883BEF11F0F3FF745AD16
:106A20001FFA8EFE6D4B83F815C00CF1010C5FFA56
:106A30008CFCBCF13A0F20F802EF0BF1100B7FF445
:106A4000CBACDDE90457DDF8189080234A4639467F
:106A500000932846624B02F0EFFBDDF85034DDF87E
:106A600050149B890093CE885E4A5F4907232846CD
:106A700002F0CCFE5B4A5C4900960823284602F0EF
:106A8000C5FE0323574A584900932846092302F0BC
:106A9000BDFE0623534A5449009328460A2302F0B8
:106AA000B5FE40F2D6312846FFF7CCF8544605260D
:106AB00000287FF471AC54E701F57A73002BB8BF5E
:106AC0005B429BB29B4502D80123FFF776BB0022B5
:106AD0009B46DDF8108003920123FFF76EBB43F263
:106AE00032034FF0000846930322012346A92846AB
:106AF000ADF81C81FEF792FC394612234246284627
:106B0000BDF81C6102F00AFA0146B0F800E0B0F8E6
:106B100002C04346043140464FF6FF7746FA03F27F
:106B2000D2070BD531F81320A2EB0C02002AB8BF14
:106B3000524292B2974284BF98B217460133102B4B
:106B4000ECD1431E0D2B3FF6C4AA00F10043013BDC
:106B500001EB430731F813207B8841F28731D21AC9
:106B60008A427FF7B6AA4FF6FF7296423FF4B1AA67
:106B7000BA889B1A8B427FF7ACAA40F2E51303FB5D
:106B80000EF31B0CA3F5897313F1140F1AB2C0F2A4
:106B900001832C2A40F3FC824F2ACCBF0423032319
:106BA000DDF850241049A2F800E0508093840D4A8B
:106BB00000902523284602F029FE40F23321284682
:106BC000FFF740F8022600287FF4E6ABC9E600BFD5
:106BD0009C49010828420108544201080000002095
:106BE0005CFA00085CFB000884FD000839464FF49D
:106BF0009C630022284602F091F90DF1340A0EAF91
:106C00000DF1580B2EAE4FF00008CDF8048053461E
:106C1000CAF8008046AA00979021C7F80080CBF8F8
:106C20000080C6F80080814602F0CAF900283FF4CF
:106C300098AECDE900685B4646AAF02109F5907050
:106C400002F0BEF900283FF48CAECDE900A8396807
:106C50003268CC4BCC4D521A02FB03F305FB01F119
:106C60001B0CC3EB5133DDF85014C1F8BC30DAF81B
:106C7000003005FB03F305FB02F25B0BC1F8C020FB
:106C8000C1F8C43046AA0CAB40F21F1109F2023021
:106C900002F096F900283FF464AECDE9007B0BAB1F
:106CA00046AA4FF4907109F5A86002F089F900280E
:106CB0003FF457AECDE90086434646AA09F5F06099
:106CC0004FF4907102F07CF900283FF44AAEDAF8F4
:106CD00000203F68DDF82CE0DDF830C03368DBF8D9
:106CE0000010BE1A05FB02F7A84AACEB0E0C02FB23
:106CF0000CF25B1A05FB01F805FB0EFEDDF85014E3
:106D0000120CC2EB5E32C1F8C82005FB0CF2C1F8D0
:106D1000CC209F4A06FB02F2120CC2EB5732C1F89C
:106D2000D0209C4A05FB06F603FB05F502FB03F3A6
:106D30001B0CC3EB5833C1F8DC50974DC1F8D4603D
:106D4000C1F8D8304E1E01F1EB074FF0FF3316F8B3
:106D5000012F0821534043F300022A40013982EAFF
:106D60005303F8D1B742F2D1DDF85024DB43C2F827
:106D7000EC300A26FFF7B6B99E4695E5B7EB5A0FF9
:106D8000BFF4A7A9DDF85024029B13848349844AE9
:106D9000009328460B2302F039FD0023804A7F49E7
:106DA00000932846092302F031FD7E237B4900939E
:106DB00028467B4A0A2302F029FD40F25341284627
:106DC000FEF740FF00287FF4E7AACAE5A0F10C0314
:106DD000082B3FF67EA902EB5002172A02D9183A77
:106DE000172AFCD892B2910089B201F13006DDF881
:106DF0005034B6B25F2E1A8140F2C281694BA3FBB8
:106E000006239B0903EB4303A6EB43134FF0000853
:106E10000E46C14699B20127614A009121235F497C
:106E2000284602F0F3FC5E4A5C490096222328467D
:106E300002F0ECFC03265A4A5849009701232846E1
:106E400002F0E4FC564A554900960223284602F017
:106E5000DDFC3346524A5149CDF80090284602F0F5
:106E6000D5FC4F4A4D49CDF800800423284602F056
:106E7000CDFC4B4A494900970523284602F0C6FC41
:106E80000023474A454900932846062302F0BEFCEA
:106E900040F2ED312846FEF7D5FE062600287FF4A5
:106EA0007BAA5EE577EEC77ADFED3F6A9FED3F7A1A
:106EB00067EEA67AB8F13F0F77EE877AFCEEE77AB5
:106EC00017EE903A9BB200F21A810021B8F12F0F11
:106ED00088BF42468C46DDF85004A0F8E080A0F858
:106EE000E830A0F8E210A0F8E420A0F8E6C02846B8
:106EF000B6F80080FEF7D0FD00283FF433AD4FEA2E
:106F0000590C4FEA5808C44528BFC446ACF1020CDE
:106F1000CDE903452CF0010C3B1D40F64C3A0293A1
:106F20001FFA8CFB4FF00008E146C8F534630C33C0
:106F3000994594BF5D4655464FEA580468084FEAA4
:106F400084010CD0154B07EB800019443B4651F8E7
:106F5000042BDA80120C9A8004338342F7D1DDF8D7
:106F600050340298B3F8E23001931C2300932A4670
:106F70000B4B4146FEF7F4FFD0B9039C2378FFF793
:106F8000AAB800BFA82A0400AA0A010054150200EA
:106F9000A64A07004E750B002083B8ED84FD00085B
:106FA0005CFB0008ABAAAAAAE8385BB500007C42EB
:106FB000DDF850340298B3F8E43001931A230093BB
:106FC0002A46754B4146FEF7CBFF0028D5D0DDF8A9
:106FD00050340298B3F8E63001931B2300932A46FD
:106FE0006D4B4146FEF7BCFF0028C6D0DDF850349B
:106FF0000298B3F8E8300193192300932A46664BB0
:107000004146FEF7ADFF0028B7D02B460498214635
:107010003A46D844FEF7E0FA1FFA88F840F64B33B8
:10702000AAEB0B0A98451FFA8AFA7FF67EAFDDE9D4
:1070300003454FF4AE712846FEF704FE01260028F2
:107040007FF4AAA98DE447F6FF739E427FF4E0AC7B
:107050005446FFF73EB800F10802002346A99818ED
:1070600007EB4000039107EB430737F9026B07EE8C
:10707000903AB8EE677A07EE906AF8EEE77A03FB8B
:1070800003F6C1ED007A07EE906AF8EE677AB8422F
:1070900081ED027AC1ED017A03F1010301F10C01E6
:1070A000E3D1FFF730B9F5EEC06AF1EE10FA3FF523
:1070B000C8ABFCEEE66A16EE902A43EA42131BB216
:1070C000FFF7BFBBB5EEC07AF1EE10FA3FF5AFABFC
:1070D000BCEEC77A17EE102A43EA82231BB2FFF7F1
:1070E000A6BB1F23FFF799BBCEF1000E1FFA8EFE41
:1070F000BEF11F0F3FF6D9A94EF0200E92E4B8F171
:10710000BF0F96BFA8F140024FEAD802C2F3CF02E8
:1071100008F0070C0121DEE6CE4679E40023FFF7F4
:107120007CBBDDF810A0B8F1000F3EF4D2AFDDF863
:1071300050345E81012300934FF47E534A46394612
:10714000ADF81831284646AB02F076F8124A1349DA
:1071500000962623284602F059FB0F4A0F49CDF826
:1071600000A02423284602F051FB40F2C621284605
:10717000FEF768FD032600287FF40EA9FFF7F1BB98
:107180004FF003084FF00109002745E60F2265E79D
:10719000022305E5012303E55CFB000884FD0008EC
:1071A0002DE9F04F85B0DFF8ACA0264D264E0393B5
:1071B0000446884617464FF0020B4FF48059CAF830
:1071C000289002F079FACAF8189002F075FA14B112
:1071D0002368B3420AD02B691C4A1D4900209847F6
:1071E000BBF1010F1CD04FF0010BE6E7002FF7D0E9
:1071F00004F10D09A068039ACDF800804B4639468A
:10720000FEF748FF0028EBD0637B0A2B0CD002F07E
:107210002FFA0028E4D00C4B22689A42DBD1E9E730
:10722000002005B0BDE8F08F0A4C03904FF4805564
:10723000A56202F041FAA56102F03EFA039805B09A
:10724000BDE8F08F780000200EB0371398380108A1
:10725000B0380108000400482DE9F047C36D876984
:10726000056900247C8081461C7000F14806A04618
:1072700056F8043FFBB1B3F838C0B3F89400B3F844
:107280009610B3F8DC2005EB400005EB410105EB5F
:10729000420205EB4C0CC3E91301C3F8A820C3F864
:1072A00014C03C701868D3F8E020416883F8E88087
:1072B000C3F8E42088470134E4B2042CD8D1D9F8CB
:1072C0000000BDE8F0474368184700BF0068C36886
:1072D000184700BF70B50446806978B1E36943B1CF
:1072E0000F4B1B782BB10F4B0F4A1B690F49012025
:1072F00098472068BDE8704083681847094D0C4ADC
:107300002B690A499847E3693BB1054B1B7823B1C8
:107310002B69054A054901209847002070BD00BF30
:107320000001002078000020544301086443010854
:1073300074430108704700BF30B40269B0F84230AE
:1073400090F8381032F81330032908BF83F4004353
:1073500040F2E51101FB03F31B0C816C8446A3F59D
:1073600089700880BCF83C10DCF84C0032F8111031
:1073700039B1BCF8401032F81110012994BF002136
:1073800001210170BCF83E00BCF83A10DCF8505006
:1073900032F8111032F81020DCF8544040F2E510B9
:1073A00000FB02F2A3EB12431BB2002BBCF94420FA
:1073B000DCF80000B8BF5B421BB29A42A1F10102A7
:1073C000B2FA82F2ACBF0023012352092A70237063
:1073D00030BC4368184700BF0068C368184700BF47
:1073E00000688368184700BFD0E90F23816B0069EC
:1073F000184700BF836910B50446BBB10D4B1B781D
:107400004BB9636983B10C4B0C4A1B690C490020D2
:107410009847002010BD084B0A4A1B690849012003
:1074200098476369002BEED1012010BDC369002B82
:10743000E4D1E6E70001002078000020C8430108FD
:10744000AC430108904301080068C368184700BFB7
:1074500000688368184700BF08B518B1064B02687A
:107460009A4207D0054B064A1B69064900209847F7
:10747000002008BD012008BD01B1371378000020AD
:10748000F043010800440108B8B110B50446406D4E
:1074900020B10A4B9B68984700236365A06D20B11B
:1074A000064B9B6898470023A365E06D20B1034B12
:1074B0009B6898470023E36510BD70477800002063
:1074C00010B582B0104B9FED117A114C019301AAB7
:1074D0000DF1080E012012F8011B4B1EDBB2042B2C
:1074E00004EB830CF0EE477A9CBFDCED007A77EE7C
:1074F000A77AB4EE670AF1EE10FAA8BF08469645DF
:10750000E9D102B010BD00BF020304050000000075
:107510002014010807EE900ADFED1A6A9FED1A7A2F
:10752000F8EEE77A67EEA67AF4EEC77AF1EE10FA93
:1075300003D5481E18BF012070479FED147AF4EE62
:10754000C77AF1EE10FA17D4B1EE0C7AF4EEC77ADE
:10755000F1EE10FA14D49FED0E7AF4EEC77AF1EE44
:1075600010FA0BD49FED0B7AF4EEC77AF1EE10FA15
:107570004CBF04200520704701207047032070474E
:10758000022070470AD7233B666646403333A34048
:1075900033334B4100009441094A0A4B12680A49AF
:1075A000D360086804E00B681B1AB3F57A7F04D82F
:1075B000D3689B06F7D5002070470320704700BFB3
:1075C000080100205FFF0300FC000020F8B595696A
:1075D0002B7802EB43030F46B3F84460536901462E
:1075E0006888144603EB4000720007F033FA6B889A
:1075F000E26D1E4413786E8003B93B791370F8BDB9
:107600002DE9F04F2DED048B038F8DB00546002B37
:1076100000F01581B0F84030428F0469B0F850E0B6
:1076200007925B000293838FC28F34F913300B9261
:10763000BEF1000F00F003811B010893D0E9122373
:10764000D718B0F85200B5F84230DFED8A8ADFF87B
:1076500030B20193FE434FF00008F6EE009A099015
:10766000C1460496CDF828E0834B83FB0710F91739
:10767000C1EBA00101EB4100A7EBC00000281FFAFD
:1076800089F886B2C0F2EB80002FC0F2F180089B2F
:1076900009B2090481FB0301002906DA4FF6FF7CD9
:1076A00010EB0C0C604641F10001079B000C40EA16
:1076B0000140991934F91110A0EB011007EE900A5E
:1076C000B8EEE79A29EE289AB0EE490A05F01CFCBC
:1076D000B0EE408AB0EE490A05F030F9019B002B6C
:1076E00000F0A2800B9BB5F844A01E4404EB4603B7
:1076F0000020CDE9059703930646009059E095F8E0
:1077000038C0BCF1000F4BD007EE101A07EE903ACC
:10771000F8EEC76AF8EEE77A26EE806A27EE887AF6
:1077200066EE886A37EE467A67EE807AB5EEC07A02
:1077300077EEA67AF1EE10FA4CBF37EE697A37EEA3
:10774000297AF5EEC07AF1EE10FABDEEC77A4CBF99
:1077500077EEE97A77EEA97A17EE103AFDEEE77A3E
:107760005B4517EE901A47F6FF70B8BF5B46834241
:10777000D5F85490A8BF03465945B8BF594699F863
:1077800000E08142A8BF0146BEF1000F04D117EE10
:10779000100A98425BD0E64689F800E01BB209B2B5
:1077A000A352009B798053440093019B01369E4273
:1077B00038D0009B95F839C008EB5302029B92B277
:1077C00003EB8202A718A35EB7F90210BCF1000F09
:1077D00095D00398B0F800C00CF01F0E0EF1300EDB
:1077E00003FB0EFE4FEA9C23203BCCF3441C01FB21
:1077F00003F3BEF1000F0CF1300C01FB0CFCB8BF21
:107800000EF13F0E002BB8BF1F334FEAAE1EBCF186
:10781000000F0EEB6313B8BF0CF13F0C1BB24CF31F
:107820008F116CE7DDE90597099B049A1F44D31A71
:1078300004930A9B09F1010999457FF415AF286863
:1078400043680DB0BDEC048BBDE8F04F184717EE50
:10785000900AB0EB010E18BF4FF0010E9CE71836EE
:10786000B6B2049B054AA2FB03016FEA11110EE7B1
:107870000026F6E700008037ABAAAA2AABAAAAAA7C
:107880000080FFFFF0B587B028B116461F4602689A
:10789000694B9A4208D0694B694A1B6969490020C3
:1078A0009847002007B0F0BD0C4619B1664B0A6836
:1078B0009A4206D0614B654A1B696249002098478D
:1078C000EFE791F86130002B3BD1D4F840E01EB1D6
:1078D0005F4B32689A4206D0584B5E4A1B695E493C
:1078E00000209847DDE75D4D7B1E07F1EB0C4FF064
:1078F000FF3013F8012F0824504040F300012940C5
:10790000013C81EA5000F8D19C45F2D1D7F8EC3027
:10791000C04383420ED1BEF1000F04D0504BDEF8BD
:1079200000209A4235D0454B4E4A1B694E490020F3
:107930009847B6E7414B4D4A1B694749204698474F
:10794000AFE7C56A002DC0D0686D002847D0AB6D89
:10795000002B44D0EB6D002B41D02B892C2203FB54
:1079600002F2002106F064FF2A89A86D920000212E
:1079700006F05EFF2A89E86D9200002106F058FFAC
:1079800000232B65A5F84C3000232B646B64AB649B
:107990009BE743F21C030493B068ADF81440012345
:1079A000032204A90EF10405FDF738FDBDF81430DB
:1079B00003F40063002B14BF01230023337318D09A
:1079C000B06833690193B41D0C9B009304360D9B82
:1079D00003943A4629460296FDF716FF62E7174BD5
:1079E000234A1B692349002098472846FFF74CFD8E
:1079F0006BE743F23102012304A90492B068ADF8A9
:107A000014400322FDF70AFD337BBDF81410002B50
:107A1000D6D14AF6C0429142B0683369D2D0B41D83
:107A2000019304360C9B00933A460D9B0394294620
:107A30000296FEF779F835E701B137137800002098
:107A4000F04301080044010802B13713144401084F
:107A50000EB0371398380108B03801082083B8ED0C
:107A60000FB037131C3E0108343E01087C44010866
:107A70002C4401085C44010870B5094E7368054642
:107A80009847044628B12A46002106F0D1FE204638
:107A900070BD3369034A04499847204670BD00BF52
:107AA0007800002090440108A0440108C0EE207A2C
:107AB0009FED107AF4EEC77AF1EE10FA17D89FED29
:107AC0000E0A08B527EE800A04F038FFB7EE007AF8
:107AD000F0EE475A40EE005A30EE006AF1EEE56AE9
:107AE00076EEC07A06EE677AB0EE470A08BD9FEDE3
:107AF000030A7047A800003FDB0F49400000000068
:107B00000138C0B2042822D808B52A4BDFED2A6A12
:107B100003EB800393ED006AC6EE267AB3EE087A93
:107B2000F4EEC77AF1EE10FA2DED028B11D4FCEED3
:107B3000E77A224B17EE902A90B2A3FB003000099F
:107B400000EB4000C00080B2BDEC028B08BD0020FD
:107B50007047F5EEC07AF1EE10FA1DDD87EE278A48
:107B6000B0EE480A04F06EFFDFED157A70EE277A6A
:107B70001820B4EEE78AF1EE10FAC4BFF7EE007AEF
:107B800030EE270ABDEC028BBCEEC00A10EE103AB4
:107B90009BB2B0FBF3F008BDFCEEE77A182217EEBB
:107BA000903A9BB2B3FBF2F303EB4303D80080B2ED
:107BB000CAE700BF201401080AD7233BABAAAAAA30
:107BC000ACC527372DE9F84F89462DED048B0646C5
:107BD00018B1B74B02689A4263D0DFF8E0A2B54A09
:107BE000DAF81030B449002098474FF0010B002418
:107BF000B24FB0462546002E00F0CC803368AC4A28
:107C0000934200F0B2803B69AA4AAB4900209847F2
:107C1000A94580F0F680A9EB05091FFA89F9A44B64
:107C200032689A4200F02081DFF890A2A44DDAF881
:107C30001030A04AA04900209847D5ED007A9FED6A
:107C4000A10AB8EE678A80EE080A04F0FBFE3768E6
:107C5000974B9F4228EE008AF3EE087A28EE278A97
:107C6000B7EE007AC7EE087A9FED976A9FED977A94
:107C700067EE867AF6EE006A05EE909A67EEA67ACF
:107C8000B8EE659A67EE879A3FD1032C40F20381E4
:107C90008A4B8F4A1B698849DFED8C8A0020984700
:107CA0003DE090F862B0BBF1000FA0D19FED879A44
:107CB0005C465B4603EB830306EB8303D3ED019A3B
:107CC0007B4FF8EEE99A7E4D9FED7E0AD5ED007A66
:107CD000B8EE678A80EE080A04F0B4FE744B9F4247
:107CE00028EE008AF3EE087A28EE278AB7EE007AAB
:107CF000C7EE087ADFED746A67EEA67AB6EE007A10
:107D000067EE877A67EEA99ABFD0DFF8B0A1DAF8FC
:107D10001030684A6849DFED6D8A0020984795ED7C
:107D2000008A9FED680AB8EE488A69EE288A80EEDC
:107D3000080A04F087FE28EE008AB3EE087A28EEDF
:107D4000078AF7EE007A87EE880A9FED5F7A20EEC9
:107D5000070AF6EE007A20EE270A20EE280A30EE17
:107D6000290ABDEC048BBDE8F88F032C5ED93B6972
:107D7000574A514900209847A945BA4680F0868065
:107D800033684B4AA9EB050993421FFA89F97FF43E
:107D90004DAF6DE03B694849464A30469847A94592
:107DA000BA4632D2A9EB0506B6B2454DDAF8103024
:107DB000404A414900209847D5ED007A9FED410A9D
:107DC000B8EE678A80EE080A04F03CFE20EE087ADE
:107DD000F3EE087A27EE277AF7EE006AC6EE877A86
:107DE0009FED396A9FED397A67EE867AF6EE006A82
:107DF00005EE906A67EEA67AB8EE659A67EE879A06
:107E000085E733682A4A934226D03B692A49294AA2
:107E1000002098470134E4B25C4508F114087FF46F
:107E2000EAAE002E41D04FF00009F8E6B8F808306D
:107E30002B449BB299450DD2A9EB05091FFA89F98C
:107E400007EE909A2346B8EE679A33E7B8F8083001
:107E50002B449BB21D46DDE7032CF7D93B691C4A36
:107E6000154900209847D5E7032CE9D9DFF84CA045
:107E7000DAF81030164A1049DFED149A00209847BE
:107E800007EE909A3768B8EE679A1CE73368084A9D
:107E90009342BAD1E2E704EB840406EB84046389DD
:107EA00008EE903AF8EE688A39E7DFF810A07CE730
:107EB0000FB037131C3E0108343E01087800002043
:107EC00004010020F902154FC2F38E4D000000009E
:107ED0003C3E010808B52DED028BB0EE408A04F05F
:107EE000B1FDDFED087A70EE277AB4EEE78ABDECDB
:107EF000028BF1EE10FAC4BFF7EE007A30EE270ADB
:107F000008BD00BFACC5273708B50138C0B204288A
:107F100098BF194B2DED028B98BF03EB8003B0EE99
:107F2000408AB0EE600A94BFD3ED058ADFED138A74
:107F300004F076FCDFED127A60EE277AF2EE040AA6
:107F400077EE887AB0EE600A77EEE87AC7EEA00A9C
:107F500004F096FC04F076FDDFED0A0A05F040F827
:107F6000F7EE000A05F01EF8BDEC028BBCEEC00A6D
:107F700010EE103A98B208BD20140108000000006D
:107F8000000020420080FF43F0EEC07AB0EEE07ABD
:107F90002DE9F04FF4EE477AF1EE10FADFEDB96A11
:107FA00048BFF0EE477A30EE607A67EEA67AB0EE20
:107FB000C77A2DED0A8BB4EEE77AF1EE10FA98BF8E
:107FC000DFEDB17A87B094BF00261646F0EE60CAA6
:107FD0008A4698BF70EEA7CA0546FFF771FAF0EE21
:107FE000408A0446B0EE6C0AFFF76AFA052C22D0EC
:107FF00005280CD0A54A4FF00333012CCDE90432FB
:1080000000F01982022C40F00C8201271FE04FF093
:108010000333049303F18073A3F58173012C05935B
:1080200000F00482022C00F01182032C14BF0327FD
:108030000227042014E0052800F001824FF00333EA
:10804000049303F18073A3F581730593032701283B
:1080500000F0E581022800F0EC81032800F0ED81BA
:108060000322C7F101031344DBB29A45C7F1030EA3
:10807000964428BF9A46013A05AB03EB070CD4B2ED
:108080005FFA8EFE00230AE0022F00F0D680013353
:1080900001F8087CDBB2621CD4B2A64517D01CF8EC
:1080A000017B03F11802B8420DEB020107F0FD025B
:1080B000C0F096819A4540F29381012AE4D1621C76
:1080C000D4B20133A64501F8087CDBB2E7D10AF14E
:1080D000FF339FED6FBA9FED6F9A9FED6FAADFF8A8
:1080E000D081DFED6E9ADFED6EAA01930DF1100BDA
:1080F0000024CDF800A003961BF8017B3846FFF75B
:10810000FFFC019BA342824600F0DA809BF800301E
:10811000013BDBB2042B00F22981624A02EB8303AC
:10812000D3ED007A77EEA77AF4EEE87AF1EE10FA62
:1081300040F3CE8007EE10AAB8EE477AB0EE688A18
:1081400027EE097A002638EE078A0136B4EEE78A70
:10815000F1EE10FAB6B2F6D488EE090A04F072FC19
:108160002B6CC8EE897AFDEEC08A77EE8A7A18EE1B
:10817000902A12B208EE902ABDEEE7CA1BB11A6827
:10818000424500F0F680DFF82C91474AD9F81030CC
:108190004649002098472B6C13B11A6842455BD0C2
:1081A000D9F81030404A4149002098472B6C1BB148
:1081B0001A68424500F00881D9F810303A4A3B4924
:1081C000002098472B6C1BB11A68424500F00481CF
:1081D000D9F81030344A3549002098472B6C95ED7A
:1081E000190A002B47D1D9F810302F4A2F49002007
:1081F0009847F8EEE87A2B6C67EE897AF4EEE97A24
:10820000F1EE10FA40F19580013F18BF012733B11C
:108210001A68424508BFA20078D0DFF89890D9F8D4
:108220001030214A2149002098470134009AE3B2D6
:10823000934274D2F0EE488A5EE7AAEB0302D2B210
:1082400003F11801A242694403F10102FFF423AFD4
:1082500001F8087CD3B21EE704EB840203EB820230
:1082600082ED01CAA2F80AA0A200224403EB820216
:1082700095ED190A16811A6842452DD0DFF8349021
:10828000B1E700BF000000340AD7233C0102030419
:10829000000000000AD7233B17B7D1386666464076
:1082A0003333A340201401081C3E0108343E01086A
:1082B0000FB037137800002033334B410000944156
:1082C000F0EE6C7AF4EEE87AF1EE10FA3FF732AFA6
:1082D000B0EE688A00263FE7F8EEE88AF0EE480A3A
:1082E0003846029368EE898AFFF70EFE029B04EB84
:1082F000840203EB8202F4EEE98AF1EE10FA908137
:108300004FEA840243D5013F18BF0127224403EB03
:1083100082020134D774009AE3B293428AD3039E57
:108320009246002E62D1504607B0BDEC0A8BBDE8E4
:10833000F08FF4EEEA7AF1EE10FA66D4B1EE0C7A30
:10834000F4EEC77AF1EE10FA48D41FED257AF4EE78
:10835000C77AF1EE10FA5AD41FED287AF4EEC77AF4
:10836000F1EE10FA4CBF0427052750E7F0EE4B7AE8
:10837000DAE604EB840203EB820282ED01CA177590
:108380002B6CA2F80AA023BBDFF8D49020E7F4EE10
:10839000EA8AF1EE10FA3ED4F1EE0C7AF4EEE78AB6
:1083A000F1EE10FA35D4DFED2B7AF4EEE78AF1EE38
:1083B00010FA32D4DFED287AF4EEE78AF1EE10FA03
:1083C0004CBF0427052723E7142202FB0432A2F83E
:1083D0000AA01A684245D7D1A20046E7022716E74D
:1083E000BAF1000F7FF473AE002E9CD02D6C0AF111
:1083F000FF34E4B221462846FCF7E8FF411C224640
:1084000089B22846FCF7BCFF8DE70127FFE603276A
:10841000FDE60227FCE6012778E70327F8E60022BD
:108420001FE6032C7FF412AE022710E6002704207B
:1084300016E6012215E6002709E6022211E6074B9F
:108440004FF00332CDE904230420FFE50127042087
:1084500006E600BF33334B410000944101020304A0
:10846000780000202DE9F04FB0EEE07AF0EEC07A0F
:10847000F4EE477AF1EE10FADFEDA66A48BFF0EEAF
:10848000477A30EE607A67EEA67A2DED048BB0EE77
:10849000C77AB4EEE77AF1EE10FA98BFDFED9E7A74
:1084A00089B005464FF00500B0EE608A14469ABFC9
:1084B00030EEA78A00260126F0EE408A0191FFF7F0
:1084C0001FFB032C09EE900A00F04981042C00F0F8
:1084D0003C81022C44D1914B04934FF07E53059381
:1084E000631E9BB204AF05AA38EE687A02EB8300E4
:1084F0003B46D3ED007A67EE877A77EEA87AE3EC15
:10850000017A9842F5D19FED869ADFF82CB2039656
:1085100007EB840A4FF00009B7EC017AB4EEE87A71
:10852000F1EE10FA12DDF8EE697AB0EE688A67EEC5
:10853000897A002438EE278A0134B4EEC78AF1EE36
:1085400010FAA4B2F6D41CBBF0EE488A5745E3D12A
:10855000039E6EB9484609B0BDEC048BBDE8F08FB0
:108560004FF07E530493002CBAD1A146002EF1D0D7
:10857000019B2D6C5C1E4C44E4B221462846FCF75E
:1085800025FF411C224689B22846FCF7F9FEE1E7A7
:1085900088EE090A04F056FA019A2B6C4A445FFAF5
:1085A00082F8BDEEC00A10EE102A12B202921BB180
:1085B0001A685C498A4241D05B4E5C4933690020AD
:1085C0005A469847286C034618B1564902688A42B1
:1085D00061D00020336955495A469847286C18B134
:1085E000504B02689A426FD0002033694F495A4677
:1085F0009847286C21464246FCF7C2FE2C6C95ED4C
:10860000190A1CB12368474A93423AD0464E47495B
:1086100033695A46002098472C6C1CB1414B2268A4
:108620009A426ED0336941495A460020984709F171
:108630000103F0EE488A5FFA83F987E7B8F1030F88
:108640007CD9394E3A4A33693849002098472B6C17
:10865000002BBED01B68334A9342BAD13369344AE7
:108660003249002098472B6C002BBDD01A682D4B47
:108670009A42B9D1002033692D4A2C499847286C79
:10868000B8E7B8F1030F29D9274E294A336927499A
:1086900000209847C0E7B8F1030FDFD8DFED206A6C
:1086A0009FED247AC8EEA67A142202FB083377EEF7
:1086B000877AFDEEE77AC3ED017A18B1194B0268AB
:1086C0009A4204D0184E8FE7B8F1030FD2D8142382
:1086D00019EE902A03FB08035A818BE7F0EE480A53
:1086E0000520FFF711FC142303FB084302469A817F
:1086F00002980521FEF70EFF142303FB0844E074E3
:1087000095E7B8F1030F32D93369094A07490020C8
:1087100098478CE7000000340AD7233CA4703D3F03
:108720000AD7233B0FB0371378000020343E0108EE
:108730003C3E010817B7D1381C3E0108142202FB49
:10874000083205211175286CA8E70B4B04930B4BDD
:1087500005930B4B06934FF07E530793C0E6094BEE
:108760000493094B05934FF07E530693B8E60298A5
:108770000521FEF7CFFEBFE7D7A3F03E3333333FEB
:1087800052B85E3F713D0A3F295C4F3F002870B4EC
:1087900046DB0029034639DB88420A464BDA0025CE
:1087A000012429461B04B3FBF2F343F6284293420B
:1087B0005AD946F2D632934260D948F672029342B1
:1087C0005ED94AF6494293425CD94DF2A3029342E4
:1087D0005AD94FF24B72934298BF052045D94FF2B8
:1087E0004C7648F233224CF2A3409B1B02FB03F36E
:1087F00000EB134014B1C0F5C9301F3015B1C0F5FE
:1088000049303F30C1B1404270BC7047494209B263
:10881000884217DA002501240A4603462146C1E7AB
:10882000404202B20029104614DB91420B4605DD9E
:1088300091BB1C4800E048BB70BC70470024012578
:108840002146AFE70028DED000250B4602462C4625
:108850000121A7E7494209B28A424FF00105DADB5C
:108860000B46002429469DE700200F4A02EBC00674
:1088700002EB8002D6E90A60126EB6E70120F4E747
:108880000220F2E70320F0E70420EEE700250B4684
:1088900002462C46294685E701251A462C46034602
:1088A00000217FE720920100201401082DE9F04704
:1088B0000646804602EB42008CB0154606EB80006F
:1088C000002289460DF10C0A014617464FEA870E31
:1088D00054469FED767AB31A75B103EB020CF4445B
:1088E000DCED007A9C46DCED006A0C3367EEA67A7C
:1088F0008B4237EE277AF0D10EF1040EBEF10C0F49
:10890000A4EC017AE5D10137032F0AF1100AA2F194
:10891000040201F10401D9D19DED045ADDED055A9F
:10892000DDED086A6A4606F10C01DFED607A434628
:108930003DB11C4694ED007A0C33834277EE877A82
:10894000F7D108F104088845E2EC017A00F104004F
:10895000EBD19DED037AF0EEC77AF4EE677AF1EE93
:1089600010FA12D69FED526AF4EE467AF1EE10FA42
:108970000BDC9FED506AF4EEC67AF1EE10FA04DAE1
:10898000B5EE407AF1EE10FA7DD0F7EE007A87EE80
:10899000872A9DED073A9DED0B7A65EE023A25EEAA
:1089A000824A65EE237A65EEA34A33EE673A25EEF6
:1089B000846AF0EEC32A65EE047AF4EE622AF1EEE0
:1089C00010FA76EEE44A76EEE77A37EE466A06D695
:1089D0009FED377AF4EE472AF1EE10FA47DDB7EE55
:1089E000007AC7EE032ADDED006A9DED017A9DED68
:1089F000023A63EEA63A67EEA27A37EE637A64EE45
:108A0000A73A67EE877A36EE636A24EE264AF0EEDE
:108A1000C63A73EE677AF4EE633AF1EE10FA77EE47
:108A2000C47A06D69FED224AF4EE443AF1EE10FAEB
:108A30002FDD87EE864A0120002364EE844A65EE2E
:108A4000845A77EE647A89ED024A67EEA27A25EEBF
:108A5000275AC9ED017A76EEC57A77EEE57A67EEA8
:108A6000827AC9ED007A33600CB0BDE8F0879FEDE3
:108A7000117AF4EEC72AF1EE10FAB0DAB5EE403A08
:108A8000F1EE10FAABD10020002333600CB0BDE84A
:108A9000F0879FED084AF4EEC43AF1EE10FAC8DA16
:108AA000B5EE406AF1EE10FAEDD0C2E7000000002A
:108AB000FFFF7F7F000080002DE9F04F9B461B6881
:108AC000C2F51E66B34294BF9EB2B6B28846740821
:108AD0004FEA520183B017464FEA81010CD0144B84
:108AE00008EB84041944434651F8042B5A80120CB5
:108AF0001A800433A342F7D10E4C851E04F1E20A1A
:108B000004F1E40914F8013B35F8022F3946CDE9A8
:108B1000003240464B463246FDF722FAA24501D0CC
:108B20000028EFD1CBF8006003B0BDE8F08F00BFA4
:108B30000C2401089C14010808B518B1064B026802
:108B40009A4207D0054B064A1B6906490020984700
:108B5000002008BD012008BD02B1371378000020B5
:108B6000144401080044010838B50446FEF774FCBB
:108B700000B938BDE56A1DB10E4B2A689A420FD084
:108B80000D4B0E4A1B690E4900209847A06AFCF75E
:108B9000D1FD002323602046BDE83840FCF7C2BD6C
:108BA0002846FEF771FC00232B602846FCF7BAFD2F
:108BB000ECE700BF03B1371378000020143F010831
:108BC0005C440108F0B482B02E4E056800238DF895
:108BD000033033683768C3F164031A442A4B1B68B7
:108BE00003EB8303C3EBC3031B0D02FB03F30193EE
:108BF000AB6819420AD134E0019C019B013B01930F
:108C0000AB68002C08BF002219422AD0B1F5C06F12
:108C100005D12B7BDBB28DF803309DF80330336830
:108C2000DB1B9342E8D36B68426823F0E003B2F5A4
:108C3000827F6B6019D0836AB3F5005F07D12B6820
:108C400023F400532B602B6843F400532B60012264
:108C5000002380F85D2080F85C30032002B0F0BC77
:108C60007047002002B0F0BC70478368B3F5004F36
:108C700002D0B3F5806FDED12B6823F040032B6068
:108C8000D9E700BFFC0000200000002070B4274D91
:108C9000274B2A681B6804682E68C2F164021144DD
:108CA00083B0C3F3CB3301FB03F30193A3681A062C
:108CB0002CD509E0019A019B013B0193A368002A8E
:108CC00008BF00211B0621D52B689B1B8B42F1D3CB
:108CD0006368426823F0E003B2F5827F636019D0D5
:108CE000836AB3F5005F07D1236823F40053236040
:108CF000236843F4005323600122002380F85D20A1
:108D000080F85C30032003B070BC7047002003B0D3
:108D100070BC70478368B3F5004F02D0B3F5806F25
:108D2000DED1236823F040032360D9E7FC00002054
:108D30000000002030B41D4D95F82030012B31D0BB
:108D400029680220CA2385F8210001224B6253239F
:108D50004B6285F820208B68154823F480738B6064
:108D60008B6823F480538B60046804E00268121B54
:108D7000B2F57A7F0DD8CB6813F00103F6D000204E
:108D8000FF2201234A6285F8200085F8213030BC9B
:108D900070470320FF224A6285F8203085F82100C1
:108DA00030BC7047022030BC704700BF0801002073
:108DB000FC00002030B4124D124C00F1BC0C00211C
:108DC00043680B44024640F8043F12689A1AAA42CC
:108DD00009DD50F8042CA3F5C9237E3BA1F5C92178
:108DE00003607E399A1AA24206DA03F5C92301F517
:108DF000C9217E3303607E318445E1D130BC7047A8
:108E00003F240300C1DBFCFF2DE9F04FADF2146DF0
:108E10000446914603938D1C03AE0DF20C67B5F921
:108E2000001035F9020CFFF7B1FC46F8040FB74209
:108E300005F10405F3D100214846202205F0F8FC95
:108E40000DF16C0A4FF6FF73002104EB4406029308
:108E5000304DDFF8C48001915346F600A9F10409B2
:108E600040F694578A469B46ABF15C00FFF7A2FFA1
:108E7000ABF160004FF0000C50F8043F026E584513
:108E8000A3EB02039C44F7D1BCF1000F31DB4FEAA6
:108E90009C1007FB00F0400D04FB00F006EB1020D7
:108EA000C9F80400BAF1000F03D0D9F800308342AA
:108EB0002AD959F8043F4344002BB8BF5B42AB4268
:108EC00004D21D460123CDF808A001930AF1010246
:108ED0001FFA82FABAF1080F0BF1C00BC4D1019945
:108EE00011B1DDE902231A8008460DF2146DBDE8C8
:108EF000F08FCCF10000800907FB00F0400D04FB6F
:108F000000F0A6EB1020CBE7002108460DF2146D0F
:108F1000BDE8F08F40420F00E0D764FC2DE9F04F30
:108F2000264C87B00026CDE90466B4F80080894657
:108F3000002B3DD04FEA5808CDE90102A8F1040802
:108F40000D461F464FF4004BB246039325E0029BAB
:108F5000A5F800B033446B80631EAB80A5F806A073
:108F60006200002105F1080005F062FC2946019825
:108F70000123221DFCF752FA04AA134603CA264411
:108F80006960286009EB460559F81600696803C353
:108F9000039B9E42A7EB04070AD2B845444628BF6C
:108FA0003C46B845D3D200E0013CE307FCD4CEE711
:108FB00009F1080007B0BDE8F08F00BF780000207D
:108FC0002DE9F04F87B04FF0000E164600EB410937
:108FD0000290821ECDE90316A9F1120935464FF021
:108FE000010BF246F4467046CDF804E005931EE00E
:108FF00040F2EE218B4240DC634500DD9C464FF0A1
:10900000000BBEF1000F0ABF4FF0000B70460120AD
:10901000CAF100084345019BB8BFA4EB060ABB4256
:1090200038BF3B469145019305F102052BD0568A86
:1090300032F8024F331B03F50048B8F5803F27464E
:10904000D6D240F2EE218B422B8007DD178868B91B
:10905000634515DD9C464FF0010ED9E7514917884D
:109060009C45B8BF9C468B42D2DACAE7634500DD17
:109070009C4686464FF0000BCAE74FF0000BE6E730
:109080004FF0010EC4E71946DDE90346059BBBF12D
:10909000000F03D1002007B0BDE8F08FBEF1000F34
:1090A000F8D00028F6D0CDE9031C0027A4F11C0954
:1090B000B84606F112043D463E46BE46D34634F954
:1090C000021F019601EB810C01EB4C010A22A24622
:1090D000A4463CF9026D02FB06113AF9026F02FB4D
:1090E0000611013AF5D1019EA942C4BFF0460D46D2
:1090F0008E42C8BF77460EF1010EC8BF0E46F1453D
:10910000DDD14CF25034A542DDE9031CDA46C1DD65
:10911000254CA642BEDABCF1000FBBD0BBF1000F5C
:10912000B8D0029C119D2488C900E4004DB18C4246
:1091300005D2ACEB0402013A0A44B2FBFCF2119DE9
:109140002A60109A002AA6D0002BA4D0029A08F117
:109150000E0532F81520B4EBC20F4FEAC20606D254
:10916000ACEB0404013C3444B4FBFCF42D1B029A28
:109170000E3732F81720B1EBC20F4FEAC20405D9FF
:109180004A1E5244121BB2FBFAF2BF1A55EA0702FA
:1091900080D4BD423FF77EAF109A7F1B17601D60E1
:1091A00079E700BF12FDFFFFB03CFFFF2DE9F04F54
:1091B000204C93469A46851E8A1E04F1E2074FF022
:1091C00000084FF41E6604F1E40935F8021F32F876
:1091D000023F994222D0217809EBC1014B8833B379
:1091E0004968002001EB830347F6FF7E51F804CB6A
:1091F0001FFA8CFCE64528BFE646604538BF60464E
:109200008B42F3D1400080B24FEA4E0E80451FFAE8
:109210008EFE38BF8046764528BF76460134BC4274
:10922000D3D1ABF80060AAF80080BDE8F08F4FF60C
:10923000FE7EF0E79C1401082DE9F04F9846174B8D
:10924000DFF85CB01F8883B0043A043F52087F08FF
:1092500097420C9E0190894628BF174601F1040AE7
:109260000025741BBC4228BF3C4645EA0B02631E26
:1092700008EB4501A9F80020A9F802306200504629
:1092800005F002FC254401980023A21C4946FCF786
:10929000C5F8AE42E5D803B0BDE8F08F78000020F5
:1092A00000C0FFFF30B4104D2A68D06810F04000B5
:1092B00002D0002030BC70470C494FF0FF33D36020
:1092C0000C68D3685B06F5D4032803D1F2E7D368B2
:1092D0005806EED40B681B1BB3F57A7FF7D9032031
:1092E00085F82100EDE700BF08010020FC00002008
:1092F00008B5114BDA6822F08002DA609A689206AB
:1093000003D4FEF749F988B908BD9A6822F0200213
:109310009A60FEF741F918B1084B032083F8210049
:10932000054A936843F02003936008BD034B032074
:1093300083F8210008BD00BF00280040080100207C
:10934000F0B5624C94F82030012B00F0BC8021680D
:109350000223012284F8202084F821308B6813F046
:10936000400C18BF90F803C003780CBF80F803C00E
:109370004FEA8C5C092B09D900220A3BDBB2092B8E
:1093800002F10102F9D843EA0213DBB21A0443786E
:10939000092B09D900250A3BDBB2092B05F1010590
:1093A000F9D843EA0513DBB28678092E4FEA032386
:1093B00009D900250A3EF6B2092E05F10105F9D8B2
:1093C00046EA0515EEB290F824E0BEF1090F0DD97A
:1093D0000025AEF10A0E5FFA8EFEBEF1090F05F10F
:1093E0000105F6D84EEA05155FFA85FE4569076A5C
:1093F0003D4345EA0C052A431343334343EA0E62D7
:109400004668C3691E43836ACA2048625320486283
:10941000B3F5807F8B6838D023F400738B60CB6802
:109420002B48DBB263F42073CB60056804E003686B
:109430005B1BB3F57A7F1ED8CB689B07F7D50A6212
:109440008E648B6843F400738B608B6843F4005325
:109450008B60204B1A68002042F4802284F82000A0
:109460001A609A6842F480229A60FF2201234A62BD
:1094700084F82130F0BDFF2203234A6284F82130B2
:10948000002384F820300320F0BD23F480738B6028
:10949000CB680F48DBB263F4C073CB60056804E0AF
:1094A00003685B1BB3F57A7FE5D8CB68DF07F7D598
:1094B000CA614E648B6843F480738B608B6843F49D
:1094C00080538B60C5E70220F0BD00BF080100207B
:1094D000FC000020000401402B4A03460068904233
:1094E00070B43CD8294A2A492A4C0244A1FB0212F2
:1094F00012099200022183F8251001689D689E6977
:109500001C6421F4FF4C59695A642CF0700C2943F7
:1095100041EA0C01314341F08001B5F5804F016013
:1095200014D0596802F01C020F2090409140194A53
:1095300094426FEA00001BD0D2F8A8442040C2F841
:10954000A804D2F8A8040143C2F8A81400200122FC
:10955000D86383F8240083F8252070BC70470E4A36
:109560000B490E4C0244A1FB021212099200C1E702
:10957000D4F8A8200240C4F8A820D4F8A8201143A9
:10958000C4F8A810E2E700BF07040240F8FFFDBFDF
:10959000CDCCCCCC00000240F8FBFDBF0004024063
:1095A00070B506680546F46931EA040405D0581C14
:1095B00005D1F36931EA0303FBD1002070BD1648E1
:1095C0000068801A834219D3C3B130684407EAD5D2
:1095D0008029E8D04029E6D0F46914F008040FD1BE
:1095E000F0690005DFD54FF4006333622846FBF7CE
:1095F0004FFC2023C5F8843085F87840032070BDE7
:10960000082428463462FBF743FC002385F87830B1
:109610000120C5F8844070BDFC000020134BDB68BE
:10962000C3F30223C3F1070C1A1DBCF1040F28BFBA
:109630004FF0040C062A88BFDA1E4FF0FF3303FAFE
:109640000CF398BF002221EA030393401B01421C44
:10965000DBB206D000F1604000F5614080F80033D5
:109660007047024A82F82330704700BF00ED00E0E7
:109670000F49104A086813691B0704D50D4B186978
:10968000C0F3C00070470B681B1AB3F57A7FF5D2A0
:1096900072B613691B0700D430BF62B6BFF36F8F79
:1096A00013691B07EFD5034B1869C0F3C00070475F
:1096B000FC0000200004004870B5504C504A94F85B
:1096C00020300021012B11707FD02368022184F803
:1096D0002110CA2159620120532184F820005962C7
:1096E000996821F480619960D968C9B261F4906188
:1096F000D960D96849066AD51F21596199684148DE
:1097000021F0070141F003019960016841F48011E3
:109710000160816841F480118160996841F4804161
:109720009960996841F480619960FF200121586235
:1097300084F821101178002384F8203000295AD1B0
:1097400072B6BFF34F8FBFF36F8F137803B930BF7B
:1097500062B6BFF34F8FBFF36F8F1378002BEFD03C
:1097600094F820300021012B11702ED02168264D55
:109770000220CA2384F8210001224B6253234B624A
:1097800084F820208B6823F480638B608B6823F43B
:1097900080438B60286804E02A68121AB2F57A7F49
:1097A0000CD8CB6813F00403F6D0FF20012300226D
:1097B000486284F8202084F8213070BDFF20032205
:1097C000486284F8203084F82120FAF723F90E4DFE
:1097D0002E68D96811F004018ED12868801BB0F57D
:1097E0007A7FF6D9FF200322586284F8212084F87A
:1097F0002010FAF70FF91370B8E700BF0801002036
:109800002C01002000040140FC0000202DE9F04F55
:1098100002EBC30787B07B88DDF84090EBB182464E
:10982000884600264D467B6853F82640C4F30170F5
:10983000012815D002282ED020BBC4F3445901239F
:1098400003FA09F39D422FD32E4A2F4916692F4A56
:10985000013BCDE90053A3B2B04707B0BDE8F08F9C
:10986000A3B2194658F8232022F00F0215B1C4F311
:10987000034422435046FBF797FE7B8801369E4205
:10988000D1D3EAE71F4B224A1B691F49002007B0CA
:10989000BDE8F04F1847A3B2194658F8232022F02C
:1098A0000F02002DE6D1E2E71FFA84FB4FF001031F
:1098B000ADF80E304BF42043ADF81000CDF8120097
:1098C000ADF80C3003A9504601230522FBF7A6FD95
:1098D000C9F12009BDF81220BDF814304FF0FF3057
:1098E000C4F3044420FA09F0A04043EA024323EA07
:1098F000000305FA04F4594643EA04025046FBF714
:1099000053FEBAE778000020F8410108B04401088E
:10991000E84401082DE9F04F2DED108BA34EA4482B
:10992000A44FE9B0002306F50F61199305F0F0F894
:10993000A14B02221A70A14BA14A1A6006F64815E3
:109940000FCD3C460FC495E80300962284E803003F
:109950009C496C20FEF790F80290002800F052829B
:10996000029A994B136001235360984950226C204E
:10997000FEF782F8044638B1954B40F8043B682264
:1099800006F5166105F080F8029D40F20113A5F876
:109990004430012385F8463085F862302B758D4BB5
:1099A000AB614FF07E53EB614FF07C532B628A4BDF
:1099B0006B628A4BAB628A4BEB624FF08043AB63C6
:1099C000884BEB63884B2B63884B6B65884B2B6113
:1099D0001823A5F848304FF48073A5F86030854B04
:1099E0006B66854B2B6500232C6485F85830834CBF
:1099F000834BEC6428466C63EB65FFF79DF800B180
:109A0000EC64029C2046FFF797F808B17A4B236577
:109A1000029C2046FFF790F810B1012384F86230D1
:109A2000029C2046FFF788F808B1724B6366029CDF
:109A30002046FFF781F810B1002384F85830029CCB
:109A40002046FFF779F810B11023A4F85430029C97
:109A50002046FFF771F808B1694BE365029C204688
:109A6000FFF76AF810B1012384F86030029C2046A9
:109A7000FFF762F810B1012384F86130029C2046A0
:109A8000FFF75AF808B10123E374029C2046FFF760
:109A900053F808B14F4BA361029C2046FFF74CF8E6
:109AA00008B14F4BE362029C2046FFF745F808B12E
:109AB000524B6363029C2046FFF73EF808B1012336
:109AC0002375029C2046FFF737F810B14FF07E5304
:109AD000E361029C2046FFF72FF810B14FF07C5352
:109AE0002362029C2046FFF727F808B13A4B6362D5
:109AF000029C2046FFF720F808B1384BA362029C75
:109B00002046FFF719F810B14FF08043A363029C81
:109B10002046FFF711F808B103232382029C204658
:109B2000FFF70AF808B10023A374029C2046FFF750
:109B300003F8002800F0788194ED177ADFED316AA0
:109B4000314BC6EE877AFCEEE77AC3ED007AFAF77E
:109B50003FF80298FEF7F0FF002800F0B98119499C
:109B60004FF495723820FDF787FF0390002800F02E
:109B7000AB81029B0399D3ED138A93ED149A9FED69
:109B8000248A0B6293F86230204A0A6088EE880AC1
:109B9000002B40F04C81029B93F84430002B40F0A6
:109BA000D781029B93F8465034E000BF201401088F
:109BB0001045010878000020000100200401002069
:109BC00000366E010044010802B13713343E01082B
:109BD0000FB037136666A63F0000C040CDCC4C3EA8
:109BE0009A99193E0000A04000002041100020007A
:109BF000030000010000A041000020409A99993E16
:109C00000000404100007A44A402002001B1371353
:109C10000AD7233B029B93F84530002B40F08F81FD
:109C2000029BB3F8488002F0C3FE07EE908A1FED56
:109C3000087AF8EE677A39EE689A67EE877ABDEEB1
:109C4000C08A89EE270AFEF745F9F7EE007A30EE72
:109C5000270A02F0F7FE029BBCEEC00A1E6C10EE53
:109C6000103A30469CB2FBF759FB10B1012386F83D
:109C70006230029B1E6C3046FBF750FB00B135751D
:109C8000029B1E6C3046FBF749FB08B186ED018A4A
:109C9000029E0022306C2146FBF772FB366C304688
:109CA000FBF73CFB08B1A6F80A80029B1E6C30460D
:109CB000FBF734FB50B118EE103A20B2013810FB1C
:109CC0000830294600B2FDF725FCF074029B1C6C9D
:109CD000B3F856502046FBF721FB00B1A581029B4B
:109CE0001C6C93F868502046FBF718FB08B184F809
:109CF0006A50029B1C6C93F858502046FBF70EFBF1
:109D000008B184F86350029B1C6CB3F85450204691
:109D1000FBF704FB08B1A4F85C50029A146C92F8AB
:109D20006030D56DD5602046002B00F0E080FBF759
:109D3000F5FA08B10023A365029C1AA9206CFBF771
:109D40006DFE002800F0C6801A9B039AD4F840905C
:109D5000033323F0030313634846FBF7DFFA0028BD
:109D600000F01681B54967221020FDF785FE0490AA
:109D7000002800F01081049AB14B136099F86240FA
:109D8000B04938221020002C00F0C380B9F85C40A4
:109D9000FDF772FEAB4906463922FC20FDF76CFE4A
:109DA0000590002C00F0C481A6493E226020FDF7FA
:109DB00063FE01240546002E00F0F380059B002B76
:109DC00000F0EF8014B1002D00F0EB80059B2CA972
:109DD000C3F8985009F104003360FBF701FE002836
:109DE00040F0E9803B69984A964998473046F7F732
:109DF000A7FB049B00245C601846FBF79BFC039BBD
:109E00009C6267E03B69914A91499847914804F008
:109E10006DFE914B4FF480529A62FFF74DFC69B092
:109E2000BDEC108BBDE8F08F9FED8C7A86E6FEF7D7
:109E300051F8F0EE408A89EE080AFEF74BF868EE1A
:109E4000888A9FED879A20EE088AB4EEC98AF1EEDF
:109E500010FA69D9F4EEC98AF1EE10FA4EDC88EEF8
:109E6000090AFEF737F802F0EDFD029E00223046A7
:109E7000FCEEC07AF0EE490A17EE905A013DEDB2C1
:109E8000032D28BF0325012D38BF0125C5F104018D
:109E9000B0EE680AC9B2FEF777F8F0EE480A044659
:109EA0000146B0EE490A2A463046FEF7DBFA044482
:109EB000E4B2029B1D6C2846FBF730FA00283FF401
:109EC00018AF85F8624014E73B69664A60499847D5
:109ED000002303930398FEF747FE634804F006FE51
:109EE000002302991A461846FBF758FC97E7FBF740
:109EF00015FA00283FF420AFA5651DE70298F0EEA3
:109F0000480AB0EE680A04220021FEF7ABFA0446C4
:109F1000CFE7FDF7B1FD4B4906463922FC20FDF79E
:109F2000ABFD2546059046E70298F0EE480AB0EEF4
:109F3000680A01220421FEF727F80446B9E76B1EE0
:109F4000DBB2042B2AD806EB4306B6F8C8896AE6CA
:109F5000464B9FED427A2C932CA9042211F8015B09
:109F60006B1EDBB2042B06EB8303F0EE477A98BF3F
:109F7000D3ED007A77EEA77A013AF4EEE78AF1EEB4
:109F800010FA92B2BFF646AE002AE7D1012541E6AB
:109F9000039B98629EE7039B98629BE74FF0010842
:109FA00041E63046FBF7BEFB0598FBF7BBFB2846B6
:109FB000FBF7B8FB1DE7BDF8C440BDF8D030059AEB
:109FC000234499B2BDF8C6300A915B00C2F8E8306C
:109FD0000023A2F89E10C2F894301146A2F89C30DB
:109FE00002F1F003D2F8980014875362F832C1F8F6
:109FF000842001F1F402C1F8882001F1F602C1F8D1
:10A000008C2001F1F7020790C1F8902030B101F1E6
:10A01000EC02826101F1F5024362C265059AC2F861
:10A02000D8300A9BA2F8E430049BC2F8DC3099F8DF
:10A0300062E00DF1DA001DA900221FE0303F0108A7
:10A040000DB03713A0450108B0450108304501089F
:10A0500000440108504501080004004800000000C9
:10A060000AD7233F80450108CC46010805040302B6
:10A0700030F8023F5B0821F8023B0132D3B273454E
:10A08000F6D3BDF8CC30B9F85CB09DED398A2344E5
:10A090009BB214939DF8E8301393BDF8CE3015931E
:10A0A000BBF1000F00F0BC86BDF8D230B3FBFBFA69
:10A0B000BDF8C820BDF8CA30DDF8B210BDF8B60052
:10A0C00023442244059CA4F87E309B4B23649B4B85
:10A0D00063649B4BA364032384F874300F23A4F8B8
:10A0E0008030079BA4F87A00C4F87610A4F87C208E
:10A0F000002B01F0F58100232E990F91CDE9253336
:10A100002F991091CDE92733CDE92933BDF8C0103F
:10A110000E9126AA14460DF1D201D8B2864509D96E
:10A1200031F8020F22F8020F088910810133F4E799
:10A13000254640E6079A83490B910023C2E9133371
:10A14000C2E915331846804B53608049804B9360B9
:10A150000C91804B8049A2F83AA0A2F838B0D360A5
:10A160000D9102F148013A32CDE911BAC846CDF855
:10A17000589017960691CDF820E01646A1468246E3
:10A18000089A5FFA8AF39A42099341F2A18139F859
:10A19000025F26F8025FB9F808B07049A6F808B067
:10A1A0002F22EC20FDF768FC6D49044600287CD086
:10A1B0006C4B03646C4B8164436498F81410013950
:10A1C000042901F2AB81DFE801F0676D036A030047
:10A1D0006FF00C000E9A98F811C0A4F87A20119A2A
:10A1E000A4F87E20129A0A9BA4F88020DDE90F12C1
:10A1F0001D44ADB2BCF1000F18BF1146D8F80420C1
:10A20000A4F87C50C4F876104FEA4B0398F810E09D
:10A2100084F874E0C4E92120D8F80800C4F8E030DC
:10A220000B9BC4F89C300C9BC4F8A0300D9BC4F869
:10A23000A430079BC4F8D43004F1E40384F875C05B
:10A24000C4F88C00A4F89650A4F8DC506362C4F8FB
:10A25000D030002321462387A4F89430434BC4F820
:10A26000D83004F13C0004F1E803C4F8903041F820
:10A27000980BE163FDF7ECF808F114080AF1010509
:10A28000002800F013842068C3689847069B43F8B1
:10A29000044FAA46069373E76FF00B009AE76FF03E
:10A2A0000F0097E76FF0060094E7DDE91696554634
:10A2B0002B46079D2E4A2F49123305EB83030024BA
:10A2C0005C6020463B699847B246A846099E08E074
:10A2D000DDB208EB8505DEB2E86C08B1BB689847D3
:10A2E000EC64731E002EF3D1059BD3F898300793CE
:10A2F0005646059A0B9BC2F8A4300C9BC2F8A830B6
:10A300000D9BC2F8AC3007991B4BC2F8E03002F14C
:10A310003C031360002901F0EB8002F1A003D1633C
:10A320000B60059B18688368984758BB3B69134AC4
:10A33000134998475AE500BF39730008E1730008D4
:10A34000D9730008E973000859720008F573000812
:10A35000D5720008CD72000835730008D445010895
:10A36000497400080176000851740008CD75000892
:10A37000084601086443010809150008E84501087A
:10A38000A0450108059B1868C3689847244A726075
:10A39000244AF260049A0023B3605660039EF3805F
:10A3A00099F8624006F10E001D46DAB29442F18837
:10A3B00040F2BF811DAA32F8132020F8061C114478
:10A3C000F1800133042B20F8022FEED10399139A68
:10A3D000B9F85C300A77CA8881ED068A13FB02F36C
:10A3E0008B80049B0A46149999811599D9819362AF
:10A3F000029B0D49D3F8408040F237126020FDF7F0
:10A400003BFB0446002800F0FA840026DFF820B069
:10A41000064DDFF820A0C0F804803346814626E0D0
:10A4200031150008411500085C440108343E01085C
:10A430001C3E01080FB03713D8F80030534500F028
:10A4400066813B695A46294600209847E4B9D8F806
:10A450000030534500F068813B695A462946002088
:10A4600098470023B9F80820134401369BB2A9F895
:10A470000830F4B2B8F1000FDED13B695A462946E4
:10A4800040469847002CE7D00299D1ED0D7A4A8AD0
:10A490000B8A91ED038AD1ED0F8AA9F80C20A9F857
:10A4A0000A30F5EEC07ACB698A69097DC9F818309F
:10A4B000F1EE10FAB04B89ED048A4C4689F80E1083
:10A4C000C9F81420C9ED098AC9F8003040F3AE82FA
:10A4D00068EE277ABFEE000A80EE270A02F0D8FC69
:10A4E000029BD3ED0E7A84ED070AF5EEC07AF1EE09
:10A4F00010FA40F37E8468EE277ABFEE000A80EE01
:10A50000270A02F0C5FCB5EEC08AF1EE10FA84ED20
:10A51000080A40F28E82029B93ED090AB5EEC00A4A
:10A52000F1EE10FA00F1858293ED0A9AB5EEC09A29
:10A53000F1EE10FA00F17D82D3ED089AF5EEC09AA3
:10A54000F1EE10FA00F1758293ED0BAAB5EEC0AAF8
:10A55000F1EE10FA00F16D82D3ED0CAAF5EEC0AA6F
:10A56000F1EE10FA00F16582F0EE480AFDF79EFA6E
:10A57000F0EE407AF0EE480AB0EE490AC4ED0A7AED
:10A58000FDF794FAF5EEC09AF1EE10FA84ED0B0A9D
:10A5900040F3C08768EE299ABFEE000A80EE290AD0
:10A5A00002F076FCF0EE407AB5EEC0AAF1EE10FAB9
:10A5B000C4ED0C7A40F3AA8728EE0AAABFEE000A7F
:10A5C00080EE0A0A02F064FCF0EE407AF5EEC0AAD2
:10A5D000F1EE10FAC4ED0D7A40F3948768EE2AAAE2
:10A5E000BFEE000A80EE2A0A02F052FCF0EE407A3A
:10A5F000F5EEC08AF1EE10FAC4ED0E7A40F37E87D4
:10A6000028EE288ABFEE000A80EE080A02F040FC1D
:10A61000F0EE407A2389C4ED0F7A2C2003FB00F082
:10A6200056497022FDF728FA606520895349712246
:10A630008000FDF721FAA065208950498000722230
:10A64000FDF71AFA636DE065002B00F0C083A36D7F
:10A65000002B00F0BC83002800F0B9830023029E89
:10A6600023646364A364039B306C00252565A4F810
:10A670004C50DC62FAF752FE306CFAF767FE013894
:10A68000C4B2306CFAF74AFE002800F09183032C24
:10A6900040F2BD833B693A4A3A49284698472146E9
:10A6A000029C206CFAF792FE206CFAF737FE20B17C
:10A6B0003B69334A334900209847029E002503E056
:10A6C000306CFAF783FE0135306CFAF73FFEECB2DE
:10A6D000A0422146F4D8029B93F86230002B00F090
:10A6E0008083039C2046FCF7B7FE28B1236A19A992
:10A6F000186CFBF793F900BB234804F0F7F900232B
:10A70000DDE902101A46FBF749F8FFF788BB98F815
:10A710006230A3427FF6B8AE032C05D93B69184AD4
:10A720002946002098479CE6142303FB04831B89D9
:10A7300098E620F8065C002243E6199B033323F0D9
:10A7400003031993039B1B6A00261D6C34460BE020
:10A7500095F862309E423146284617D2FAF736FE07
:10A7600001360444A4B2F6B22846FAF7D7FD002811
:10A77000EED10123EEE700BF03B137135C440108BB
:10A780003C3E0108343E0108F4460108199800EBEC
:10A79000C400199004F086F9049000285ED0AE4BF6
:10A7A0004FF480529A61FEF787FFAC49372214209C
:10A7B000FDF762F905460590002844D0A8497822A3
:10A7C00040F25E20FDF758F9002849D00124A54B3E
:10A7D000A0F8C44180F8C64100262B604FF44053D6
:10A7E0002861AC606E606E7303222C932CA9234603
:10A7F0002046ADF8B460FAF711FEBDF8B43041F26E
:10A800001022934232D0984A98493D693046A84771
:10A810000598FAF7B3FF43F21C032C932046234616
:10A820002CA90322ADF8B460FAF7F8FDBDF8B430F6
:10A830001C0508D5059600203B698D4A8749984735
:10A840000598FAF79BFF8B4804F050F9DDE90210F8
:10A85000049B0022FAF7A2FFFFF7E1BA86484CE713
:10A86000059B18611846FAF75DFFECE743F21C03FD
:10A870002C932046234603222CA9ADF8B460FAF7A6
:10A88000CDFDBDF8B44014F40064D4D1059DA86892
:10A89000FBF7E8F8A8682146FBF7D6FA199B049A5B
:10A8A0002CA92846FCF77CFC002800F083806A4B2A
:10A8B0004FF480521C469A62FEF7FEFE4FF480521F
:10A8C000A261FEF7F9FE049B0093199B0193DDE959
:10A8D0000210059A2CABFCF7D5FF002800F09380FE
:10A8E0000598FAF7CDFE002800F091805A4B4FF4FE
:10A8F00080529A62FEF7E0FE059D574B4FF480525E
:10A900009A61FEF7D9FE2846FBF7DAFA002800F034
:10A9100074822B68534A93420FD03B69574A4F4980
:10A9200000209847564804F0E1F8DDE90432DDE9FB
:10A930000210FAF733FFFFF772BA2B7B23BBA8682C
:10A940001521FBF77FF90028ECD001232B73FEF7CC
:10A950008FFE002800F067822B684249199A8B42CB
:10A9600006D03B69454A3D49002098474548DAE70B
:10A97000AB88E9880B44B2EB430F1DD23B69424AD6
:10A98000364900209847F1E72C69A86894F8C61169
:10A990000122FBF793F994F8C531002B35D094F8D8
:10A9A000C631022B0CBF0123022384F8C6310028D4
:10A9B000CDD1B7E73548B6E72E69AC684FF0000C4B
:10A9C000CDF874C096F8C681ADF88CC043F2370E4E
:10A9D0000322012322A92046CDF888E0FAF71EFDC4
:10A9E000B8F1010FBDF88C206CD0B8F1020F0CBF8C
:10A9F0008023C02313EA020066D13D69244A184926
:10AA00002346A847B2E723488DE70123CDE7224834
:10AA100004F06CF8059C2046FAF734FDDDE90210DD
:10AA2000049B2246FAF7BAFEFFF7F9B99FED1B0A1D
:10AA300056E51B4A3B691B49002098471A4A3B6967
:10AA40001849002098472046FAF76CFE039A002325
:10AA5000D362FFF73FBA00BF00040048B0380108D6
:10AA6000D83801080EB0371340470108E43F010809
:10AA7000604701087C47010824470108983801080D
:10AA80002048010800490108584801089847010872
:10AA900070480108B8470108E047010800000000BD
:10AAA0004C4601085C440108704601083B69AA4A0B
:10AAB000AA49DDE916969847BB682046554698474F
:10AAC000FFF7F6BB402395E796F8C6111DAA20466E
:10AAD000FBF73CF900283FF449AFBDF87430032B75
:10AAE00009D0BDF8763000933D699D4A9D492346C3
:10AAF0000020A8473AE7BDF87630D5F810C0049A90
:10AB0000C3F3001313809CF8C43123B19CF8C63101
:10AB1000581E43424341049A5380BCF8C831938085
:10AB20000CF5FD7E0CF5E57306321C6858689968D3
:10AB3000DE68D6601033734514605060916002F196
:10AB40001002F2D1049ABCF8FA31D3860CF5FE74E7
:10AB500002F1380E0CF50B7820686168A268E36892
:10AB600076460FC610344445B646F5D1049ABCF873
:10AB70002C32A2F868300CF22E236A320CF25E2CD2
:10AB80001C6858689968DE68D660103363451460A5
:10AB90005060916002F11002F2D1EC882B69A86834
:10ABA00093F8C621A988B4F5005F00F29D80013AB0
:10ABB000049B18BF012203EB410112032346FEF759
:10ABC000ADF9002800F09580002C3FF4CFAE284668
:10ABD000FAF756FD00283FF41AAF634B4FF480524A
:10ABE0009A62FEF769FD039B604A1B68934206D098
:10ABF0003B695F4A5F49002098475F4893E6039BA3
:10AC00009B6A1BB11A685D498A4278D03B695C49EE
:10AC10005C4A00209847039A536B13B1111D29A871
:10AC20009847039B2B9ED3E90B421CB123685649DE
:10AC30008B420AD03B69534A5449002098473B69EC
:10AC4000534A524900209847D7E7049BD4ED080A9D
:10AC500094ED0ACAD4ED0BBAD4ED0CAA94ED0DAA6A
:10AC600094ED0E9AD4ED0F8AD4ED079A03EB020906
:10AC7000236D0A9307EE103AB8EE477AF7EE007AA2
:10AC800037EE277A23890793C7EE876A09EB830299
:10AC90000692089337EEE68AB0EE480A02F0A0F971
:10ACA0006268D4F854A0B0EE40BA22B139481168B5
:10ACB000089B81424DD03B69374A3849002098476C
:10ACC000226D23890A924FF00008207BBAF1000F11
:10ACD00004D01EB1B8F1050F00F2BC803B69304AC8
:10ACE0002A4900209847AAE73B692E4A2E490020AE
:10ACF00098473B692D4A1B490020984736E65A6819
:10AD0000049C29A999601068038F04EB43034361F5
:10AD1000B0F8943004EB4303C364B0F8963004EB0E
:10AD200043030365D0F898304BB1B0F89C1004EBA6
:10AD300041011961B0F89E1004EB41015961B0F86E
:10AD4000E4300499526801EB4303C0F8B0309047F7
:10AD500061E7B2F85C80B8E7E8450108D44501082E
:10AD600090480108D83801080004004801B13713A1
:10AD7000F043010800440108544901080DB037139D
:10AD8000303F0108143F010803B137135C44010848
:10AD9000184A01080FB037131C3E0108343E010861
:10ADA00018490108BC480108003F0108D4480108BF
:10ADB000029D2146286CFAF709FB286CFAF7AEFAD7
:10ADC00000283FF47AAC032C3FF672AC75E4174AC6
:10ADD0003B691749002098472046FCF755FB154A68
:10ADE0002DE6029C206CFAF799FA206CFAF796FA95
:10ADF00077E49FED170AFFF786BB0F4808E63B692B
:10AE00000E4A0B499847039BDC62FFF763B8214663
:10AE1000029C206CFAF7DAFA206CFAF77FFA4CE41D
:10AE2000DA46FFF745B906487DE500BF94460108BC
:10AE30005C440108AC460108004801082C460108A2
:10AE40003C480108BD1B8F40DB0F4940DB0FC94068
:10AE500000000000F0EE4C0AB0EE480A0B93099097
:10AE600002F0BEF8F0EE6B0AB0EE40CAB0EE480A4F
:10AE700002F0B6F8F0EE6A0AF0EE40BAB0EE480A18
:10AE800002F0AEF8F0EE4A0AF0EE40AAB0EE480A40
:10AE900002F0A6F8F0EE490AB0EE40EAB0EE480A39
:10AEA00002F09EF8F0EE680AF0EE40DAB0EE480AE2
:10AEB000CDED0CDA02F094F807EE908AB8EE67FA5E
:10AEC000B7EE00AAF1EECF5A08F1FF3212FB08F2FA
:10AED00092B209980896CDE91259149410905546EB
:10AEE0007AEE6AEA3AEE4E4A6EEEA57A1FED2B5ADA
:10AEF000CDED0D7A07EE902AF8EE677AA8F10302FD
:10AF0000F1EEE74A93B2002209923AEE6D7AC4EE6E
:10AF1000247A5FED318ACDED0E7A07EE903AF8EEA5
:10AF2000677A0B9B1FED38DACDED159A67EE857ABF
:10AF3000F0EE40CAC7EE277A9E008DED16BACDED31
:10AF40000F7ACDED115ABDF824300B9A934280F060
:10AF500045810023CDE91A33CDE91C33CDE91E33F9
:10AF60001FED458ADDF820901C469A469B46B9F9AC
:10AF70000030B9F902109B448A441AA80DF1740CF0
:10AF8000026840F8043B9B1ADCF800204CF8041BD4
:10AF9000891A1DAA8242F3D1022C0DD907EE901A0C
:10AFA000F8EEE70A07EE903AB8EEE70A00EEA80AD4
:10AFB00003F09CF938EE008A0134A3B24345B14452
:10AFC000D5D307EE90BAB8EEE77A07EE90AAF8EE7E
:10AFD000E77AC7EE0F9A089C4FF0000987EE8F9A28
:10AFE0005FED65DAB4F9023000EE903AB4F9003062
:10AFF00000EE103AF8EEE00AB8EEC00A70EEC90AA8
:10B0000030EE690A00EEA80A03F070F909F10109AF
:10B010001FFA89F398457DEE80DA3444E2D8B0EE29
:10B0200069BA09EE28BAF0EE490AB0EE4B0A03F00D
:10B030005DF99DED0F7AD5ED004ADDED0D6ADDED90
:10B040000E7A109B28EE078A3AEE4C7A3AEE6B5A4B
:10B0500027EE007A0CEE247AD5ED014A85ED007AD0
:10B0600025EE005A0BEEA45A6DEEA77A37EE457A1C
:10B0700085ED015A95ED025AB0EEC77A2AEE855A4F
:10B0800007EE265A95ED037A85ED025A4EEE077AC1
:10B090009DED0C7AC5ED037AD5ED047A07EE278A8B
:10B0A000F0EE48DA85ED048A002B00F091800A9BCF
:10B0B0001BB9C5ED059A85ED069A95ED058AD5ED86
:10B0C00006FAB0EE480AF0EE6F0A0FEEA80A03F097
:10B0D00055F9F0EE490AF0EE407AB0EE4B0AB0EEC8
:10B0E00067BA03F04BF91FEDA77A70EE477A77EE57
:10B0F000CB4AF0EEE44AF4EECD4AF1EE10FA17D95D
:10B1000070EE287A77EECB4AF0EEE44AF4EECD4AC0
:10B11000F1EE10FA0CD970EE077A77EECB4AF0EE2A
:10B12000E44AF4EECD4AF1EE10FA88BFF0EE407A30
:10B130007BEE677AD5ED094AF0EEE77A6AEEA44A2B
:10B1400047EEAE4AD5ED087AC5ED094AB0EE64BACD
:10B15000D5ED074A29EEAE0A69EE2E0A0AEEA40AD8
:10B160004AEEA70AF4EECADAF1EE10FA85ED070A04
:10B17000C5ED080A2FDD00EEA80A03F0B7F8DDEDF3
:10B18000117A60EE274AB1EE047AC4EEAD7AF4EE9D
:10B19000477AF1EE10FAC8BFF0EE477A6BEE277AE5
:10B1A0003AEE6C5AC5ED0A7A29EE059A69EE857A6F
:10B1B0004CEE887A0CEEAF9AC5ED057A85ED069ACD
:10B1C000099B01330993089B04332C350893BAE695
:10B1D00085ED0AAAF4E75FEDE27ADFE7149CDDED86
:10B1E000159AD4F85CB0A16DD4F854A09DED16BAB0
:10B1F0009FEDCC6A13460893DDE91259DC46D84628
:10B200005B46DDF820B0F7EE006A0E448E465046ED
:10B210000A4696421DD090ED047AB4EEE67AF1EE3D
:10B2200010FAF0EE467AC8BFC6EE877A2BB190EDE1
:10B23000037A27EE277A88ED007A29B190ED027A19
:10B2400067EE277AC2ED007A2C30043208F1040848
:10B25000DFE75B4671B10AF1280A07E091ED007A59
:10B260005AED0B7A67EE877AE1EC017A8A420AF1AD
:10B270002C0AF3D19FEDAB6ADDF818A04FF000085F
:10B28000F0EE466A4946464640461AE0FCEC017A32
:10B29000E1EC017ABEEC017AF4EEE67AF1EE10FA16
:10B2A000B4EEC67AC8BF1646C8BFF0EE676AF1EEC4
:10B2B00010FAD4BF4246B0EE476AAAEC017A0130D8
:10B2C000904682B29342E1D8F7EE007A37EEE9AACF
:10B2D00037EECB9AD4ED108A94ED118A63892AEE69
:10B2E00026AA29EE069A09EEA8AA0BEE089AF0EE15
:10B2F0004A8A84ED10AA84ED119A002B48D0D4ED2F
:10B30000127AD4ED04AADFED870A79EE677AF5EEBA
:10B31000C07AF1EE10FA48BFB4F84C2007EE903A2C
:10B3200046BF013292B20022B8EE678A07EE902A39
:10B3300028EE2ABAB8EE670AA4F84C2030EE4B0A81
:10B3400001F030FEF0EE409A89EE8B0A01F0A0FD8C
:10B3500089EE00BA94ED099A84ED11BA29EE890AB2
:10B3600080EE080A01F094FDC9EE007AF5EEC07A8D
:10B37000F1EE10FA40F39B806AEEA7AABFEE000A36
:10B3800080EE2A0A01F084FD84ED0F0A84ED12BAE2
:10B39000637B3BB1D4ED057AB4EEE7AAF1EE10FA87
:10B3A00000F38880A37B002B7CD0D4ED067A94ED4B
:10B3B000118AF4EEC87AF1EE10FA00F187809FED61
:10B3C000599A0023226D511C14BF013200222265BC
:10B3D000069A2792079A28929DF8A620CDF8989071
:10B3E0008DF88830CDED238A8DED248A8DED259A58
:10B3F000002A37D04C4803F079FB4C4B4FF4805275
:10B400009A61FEF759F92846FAF75AFD00283FF4E9
:10B41000F4AC199B049A2CA92846FBF7C1FE00281E
:10B420003FF4C8AA424803F061FB049B0093199BB8
:10B430000193DDE902102CAB2A46FCF723FA002821
:10B440003FF4E1AA2846FAF71BF900283FF4DFAAE7
:10B45000364B4FF480529A62FEF72EF9F9F750F806
:10B46000FFF74BBAD3B1334803F040FBDFED327A3C
:10B47000324829EE279A28EE278A68EEA78AFDEE41
:10B48000C97A17EE903AFDEEC87A17EE902AFDEED3
:10B49000E87A17EE901A03F03BFBDFE7284803F049
:10B4A00025FBE3E79FED1F9A94ED118A8AE79FED54
:10B4B0001D0A69E731466068FCF784FBD4ED108A09
:10B4C00094ED118AB0EE409A01237BE74146F2E702
:10B4D000059BD3F898300793DDE91696FEF709BF70
:10B4E000184B0B93184B0C93184B0D93FEF701BFA1
:10B4F000059A02F1A003D363FEF713BFDFED097ACB
:10B50000FFF788B8DFED077AFFF772B8DFED057A4D
:10B51000FFF75CB8DFED037AFFF746B80020FEF7CF
:10B5200059BE00BF000000007C490108000400482B
:10B53000A0490108BC49010800007A44D04901082B
:10B54000C4490108E9730008F57300083573000861
:10B5500090F84130026803F02803282B05D0082119
:10B560000023D16180F840307047C1689369022997
:10B5700030B494699368D56812D1C3F3C21383EAD7
:10B58000144313F006030BD1816C01318164816C8B
:10B5900002290CD108218364D16180F8403006E093
:10B5A0001368002123F0B803136080F8401030BC0A
:10B5B000704700BF2DE9F04F89B00493002900F0D7
:10B5C000888002F003077D1EC2F300130295DFF8A6
:10B5D000D0B1704C059302F4403500234FF00108C0
:10B5E00003959246019708FA03FC1CEA01066CD009
:10B5F000029F5A0003259540012F6FEA05056BD97C
:10B60000019F032F40F0BA80D0F800C0019F0CEAE0
:10B61000050C07FA02F242EA0C020260039A002AC1
:10B6200053D0DBF8602042F00102CBF86020DBF859
:10B63000602023F0030505F1804502F0010205F5C5
:10B640008035079203F0030C079AD5F808E04FEA1B
:10B650008C0C0F2202FA0CF2B0F1904F2EEA02028B
:10B6600015D04D4FB8427BD04C4FB8427FD0DFF859
:10B6700034E170456DD0DFF830E170450CBF4FF01C
:10B68000040E4FF0070E0EFA0CFE42EA0E02AA60FC
:10B69000A268F5431AF4801F0CBF2A403243A2600F
:10B6A000E2681AF4001F0CBF2A403243E26062686D
:10B6B0001AF4003F0CBF2A403243626022681AF439
:10B6C000803F0CBF2A4032432260013331FA03F23B
:10B6D00089D109B0BDE8F08FD0F80890129F09EA2F
:10B6E000050907FA02FE4EEA090EC0F808E0D0F894
:10B6F00004E0059F2EEA0C0E07FA03FC4CEA0E0C40
:10B70000C0F804C0049FD0F80CE007FA02FC019FC7
:10B710000EEA050E4CEA0E0C022FC0F80CC07FF4A6
:10B7200073AF4FEAD30900EB890903F0070CD9F88E
:10B7300020704FEA8C0C4FF00F0E0EFA0CFE27EA29
:10B740000E0E139F07FA0CFC4CEA0E0CC9F820C031
:10B750005AE74FF0030E0EFA0CFE42EA0E0296E78D
:10B760004FF0010E0EFA0CFE42EA0E028FE74FF088
:10B77000020E0EFA0CFE42EA0E0288E7D0F80CE048
:10B78000049F0EEA050E07FA02FC4CEA0E0CC0F804
:10B790000CC039E7000401400004004800080048DC
:10B7A00000100240000C00480010004870B5444DE5
:10B7B00095F841302C689CB0002B46D0242385F8A6
:10B7C000413022686B6822F0010223F0706322602E
:10B7D0002361A368EA6823F40043012AA360AB68ED
:10B7E00009D043F40443022AA36007D1636843F4F9
:10B7F0000063636006E043F40043A360636823F4DE
:10B800000063636062682B6942F0007242F4004298
:10B8100062606A69E1681343AA6921F4004143EA5E
:10B820000223EA69E160E3602B6A13432360236823
:10B8300043F00103236000202023686485F8413031
:10B84000286385F842001CB070BD03F0FF015C2244
:10B8500005A885F8401002F0EBFF1A4B9C42ADD1D1
:10B86000802305A80593F8F749FA064630BB164C25
:10B870001648E36C43F00203E364E36C042203F034
:10B8800002030493019203220499009201231222DD
:10B890004FF44061FFF78EFEA36D43F48003A36570
:10B8A000A36D03F48003039321203146039BFDF72E
:10B8B000B5FE074B02225A602C687FE7F8F7AAF81A
:10B8C00050020020005800400010024000040048D0
:10B8D00000E100E02DE9F04F5D4C666A85B0002E76
:10B8E00055D16368B3F5827F00D0E66194F85D209E
:10B8F00025680023A36202F0FF07002A51D002232B
:10B9000084F85D302B68E26823F04003B2F5E06F05
:10B910002B6040D84FF4805101D00023A3626368AC
:10B9200002F4706CA26803F4827302F404421343BD
:10B93000226902F002021343626902F0010213431A
:10B94000626B06F0100E02F00800D4E9062640EA09
:10B950000E0006F0380E266A40EA0C0006F0800C55
:10B9600002F40076334343EA0E03120C43EA0C035D
:10B9700002F004022B6040EA02030B436B600020DC
:10B980000123206684F85D3005B0BDE8F08F002308
:10B99000C4E90433AAE7B2F5706F4FF00001BED0DE
:10B9A000BBE72C4B84F85C709D42A8D103F5604343
:10B9B00005211A6EDFF8AC8042F480521A661A6EC6
:10B9C00002F480520392039ADA6C42F00102DA64C4
:10B9D000DB6C019103F001030293029B03230093AC
:10B9E00002223B46E0214FF09040FFF7E3FD1A4969
:10B9F000012340464FF0800B4FF4807A4FF480696A
:10BA0000C8E90013C8E90277C8E90777C8E904BAAA
:10BA1000C8F81890FDF760FD0123B8B90F4FC4F8BE
:10BA200058807B600E4BF860C7E907003B603846E2
:10BA30001023C7E904BAC8F82840C7F81890BB60BB
:10BA4000FDF74AFD10B96765BC6258E7F7F7E2FFFA
:10BA500098000020003001401C00024078010020C6
:10BA6000300002403001002000284BD002682649F7
:10BA700013688A4223F0010310B4136027D9234BC3
:10BA800023491344A1FB03131B09224901649B00B2
:10BA900000244364146003F01C0301229A401E4CEE
:10BAA0004A60D4F8A8240F2101FA03F322EA030321
:10BAB000C4F8A8340023C363C0E90B33C0E90D33D5
:10BAC0005DF8044B80F8253080F824307047134B24
:10BAD0000F491344A1FB03131B090F4901649B0089
:10BAE00000244364146003F01C0301229A404A605E
:10BAF000D1F8A8200F2404FA03F322EA0303C1F8C3
:10BB0000A830D7E7704700BF07040240F8FBFDBF2D
:10BB1000CDCCCCCC0004024000000240F8FFFDBFB9
:10BB2000034613F8012B002AFBD1181A013870477D
:10BB300053B94AB9002908BF00281CBF4FF0FF3194
:10BB40004FF0FF3000F036B9ADF1080C6DE904CECE
:10BB500003F08CFDDDF804E0DDE9022304B070475A
:10BB600070B54FF0FF0C4CF4E06C1CEA11541DBF93
:10BB70001CEA135594EA0C0F95EA0C0F00F0DEF85E
:10BB80002C4481EA030621EA4C5123EA4C5350EA43
:10BB9000013518BF52EA033541F4801143F4801394
:10BBA00038D0A0FB02CE4FF00005E1FB02E506F025
:10BBB0000042E0FB03E54FF00006E1FB03569CF07A
:10BBC000000F18BF4EF0010EA4F1FF04B6F5007F80
:10BBD00064F5407404D25FEA4E0E6D4146EB0606F2
:10BBE00042EAC62141EA55514FEAC52040EA5E507B
:10BBF0004FEACE2EB4F1FD0C88BFBCF5E06F1ED825
:10BC0000BEF1004F08BF5FEA500E50F1000041EB5B
:10BC1000045170BD06F0004646EA010140EA020008
:10BC200081EA0301B4EB5C04C2BFD4EB0C0541EA2A
:10BC3000045170BD41F480114FF0000E013C00F33F
:10BC4000AB8014F1360FDEBF002001F0004170BD63
:10BC5000C4F10004203C35DA0C341BDC04F114047C
:10BC6000C4F1200500FA05F320FA04F001FA05F208
:10BC700040EA020001F0004221F0004110EBD370D5
:10BC800021FA04F642EB06015EEA430E08BF20EA01
:10BC9000D37070BDC4F10C04C4F1200500FA04F3A4
:10BCA00020FA05F001FA04F240EA020001F0004136
:10BCB00010EBD37041F100015EEA430E08BF20EAA9
:10BCC000D37070BDC4F1200500FA05F24EEA020EF1
:10BCD00020FA04F301FA05F243EA020321FA04F020
:10BCE00001F0004121FA04F220EA020000EBD370D7
:10BCF0005EEA430E08BF20EAD37070BD94F0000FD7
:10BD00000FD101F00046400041EB010111F4801F0A
:10BD100008BF013CF7D041EA060195F0000F18BFBB
:10BD2000704703F00046520043EB030313F4801FF7
:10BD300008BF013DF7D043EA0603704794EA0C0FB1
:10BD40000CEA135518BF95EA0C0F0CD050EA4106C7
:10BD500018BF52EA4306D1D181EA030101F0004144
:10BD60004FF0000070BD50EA410606BF104619466C
:10BD700052EA430619D094EA0C0F02D150EA013678
:10BD800013D195EA0C0F05D152EA03361CBF1046B9
:10BD900019460AD181EA030101F0004141F0FE4158
:10BDA00041F470014FF0000070BD41F0FE4141F4DC
:10BDB000780170BD704700BF81F0004102E000BF14
:10BDC00083F0004330B54FEA41044FEA430594EA5B
:10BDD000050F08BF90EA020F1FBF54EA000C55EA96
:10BDE000020C7FEA645C7FEA655C00F0E2804FEA67
:10BDF0005454D4EB5555B8BF6D420CDD2C4480EA49
:10BE0000020281EA030382EA000083EA010180EA78
:10BE1000020281EA0303362D88BF30BD11F0004FC6
:10BE20004FEA01314FF4801C4CEA113102D04042FC
:10BE300061EB410113F0004F4FEA03334CEA133337
:10BE400002D0524263EB430394EA050F00F0A7804F
:10BE5000A4F10104D5F1200E0DDB02FA0EFC22FA4A
:10BE600005F2801841F1000103FA0EF2801843FA3E
:10BE700005F359410EE0A5F120050EF1200E012A2F
:10BE800003FA0EFC28BF4CF0020C43FA05F3C0186D
:10BE900051EBE37101F0004507D54FF0000EDCF1E6
:10BEA000000C7EEB00006EEB0101B1F5801F1BD38F
:10BEB000B1F5001F0CD349085FEA30004FEA3C0C93
:10BEC00004F101044FEA445212F5800F80F09A8089
:10BED000BCF1004F08BF5FEA500C50F1000041EB8D
:10BEE000045141EA050130BD5FEA4C0C404141EB91
:10BEF0000101013C28BFB1F5801FE9D291F0000F8C
:10BF000004BF01460020B1FA81F308BF2033A3F13A
:10BF10000B03B3F120020CDA0C3208DD02F1140C31
:10BF2000C2F10C0201FA0CF021FA02F10CE002F16C
:10BF30001402D8BFC2F1200C01FA02F120FA0CFC65
:10BF4000DCBF41EA0C019040E41AA2BF01EB0451AE
:10BF5000294330BD6FEA04041F3C1CDA0C340EDCAC
:10BF600004F11404C4F1200220FA04F001FA02F3EF
:10BF700040EA030021FA04F345EA030130BDC4F1AD
:10BF80000C04C4F1200220FA02F001FA04F340EAA2
:10BF90000300294630BD21FA04F0294630BD94F053
:10BFA000000F83F4801306BF81F480110134013D3A
:10BFB0004EE77FEA645C18BF7FEA655C29D094EAAB
:10BFC000050F08BF90EA020F05D054EA000C04BF29
:10BFD0001946104630BD91EA030F1EBF0021002014
:10BFE00030BD5FEA545C05D14000494128BF41F0B3
:10BFF000004130BD14F580043CBF01F5801130BD17
:10C0000001F0004545F0FE4141F470014FF00000A1
:10C0100030BD7FEA645C1ABF194610467FEA655C52
:10C020001CBF0B46024650EA013406BF52EA0335F4
:10C0300091EA030F41F4002130BD00BF90F0000FE2
:10C0400004BF0021704730B54FF4806404F132041E
:10C050004FF000054FF0000150E700BF90F0000FD7
:10C0600004BF0021704730B54FF4806404F13204FE
:10C0700010F0004548BF40424FF000013EE700BFCE
:10C0800042004FEAE2014FEA31014FEA02701FBF5E
:10C0900012F07F4393F07F4F81F06051704732F090
:10C0A0007F4208BF704793F07F4F04BF41F40021E7
:10C0B000704730B54FF4607401F0004521F0004145
:10C0C0001CE700BF50EA010208BF704730B54FF0CF
:10C0D00000050AE050EA010208BF704730B511F0D0
:10C0E000004502D5404261EB41014FF4806404F108
:10C0F00032045FEA915C3FF4D8AE4FF003025FEA8E
:10C10000DC0C18BF03325FEADC0C18BF033202EB11
:10C11000DC02C2F1200300FA03FC20FA02F001FA6B
:10C1200003FE40EA0E0021FA02F11444BDE600BF0E
:10C130004A0011D212F5001211D20DD56FF47873A6
:10C14000B3EB62520ED44FEAC12343F0004343EAFB
:10C15000505323FA02F070474FF00000704750EA46
:10C16000013002D14FF0FF3070474FF000007047B0
:10C170000348044B834202D0034B03B11847704776
:10C180007800002078000020000000000548064BE1
:10C190001B1AD90F01EBA301491002D0034B03B1C5
:10C1A0001847704778000020780000200000000049
:10C1B00010B5064C237843B9FFF7DAFF044B13B1EF
:10C1C0000448AFF300800123237010BD80040020D9
:10C1D0000000000028F9000808B5054B1BB105490F
:10C1E0000548AFF30080BDE80840FFF7CFBF00BFB0
:10C1F000000000008404002028F900081B491C4BA3
:10C20000CA682DE980484FF6FF0002401343C1B0D1
:10C210000F20CB60F5F72CFB002800F06482002192
:10C22000442218A802F004FB0023CDE90833CDE92D
:10C230000A3310490C930B6803F4C063B3F5007F15
:10C2400029D00B680C4A23F4C06343F400730B60DD
:10C2500013684A693220570500FB03F30748B3FB14
:10C26000F0F303F1010311D50BE000BF00ED00E096
:10C270000003FA05007000400000002040420F005B
:10C2800023B14A69560503F1FF33F9D4B94B5B6911
:10C290005D0500F1C6810A23189325934FF010081D
:10C2A0004FF48073CDE91B3802260723012718A815
:10C2B0002693CDE92266CDE927661D972497F5F7E9
:10C2C00001FB0346002840F0AC81CDE90A330C9312
:10C2D00008A80F234FF003090421CDE90839F5F729
:10C2E000EDFD0446002840F09C81A34DDFF8ACA290
:10C2F000EB6C3343EB64EB6C33400593059BEB6CC9
:10C3000043F08003EB64EB6C03F080030493049B25
:10C31000EB6C3B43EB64EB6C3B4003934FF0904B77
:10C32000039B41F20123CAF828304FF48812CBF85E
:10C3300028803346CDE9000008215046FFF73AF93E
:10C3400033462246CDE900448C480921FFF732F9F3
:10C3500033465846CDE900444FF444124FF400618F
:10C36000FFF728F923463A465046CDE9009441F2BA
:10C370000121FFF71FF95046334622463146CDE9E9
:10C380000094FFF717F9334658463A464146CDE93F
:10C390000094FFF70FF921460920FDF73FF9DFF878
:10C3A00000924FF40076C9F8006028202146FDF77E
:10C3B00035F94FF48073C9F80430AB6C3B43AB6480
:10C3C000AB6C3B40029321460C20029BFDF726F903
:10C3D0004FF48053C9F800300D202146FDF71EF9B7
:10C3E0004FF40053C9F8003040462146FDF716F9D6
:10C3F0004FF48033C9F8003011202146FDF70EF9C3
:10C400004FF40033C9F800305D4DC5E98F44C5E9EC
:10C410009444C5F84442C5F858425A4C4FF4E133AD
:10C42000C5E98D4305F50D700C244FF44073C5E943
:10C430009243F7F7BFFD002840F0F3800723524AEC
:10C44000EB640823C5E914034FF48273C5E908239C
:10C450004FF47063C5E90C00C5E90F00C5E9110090
:10C46000AE63A862EB62FFF735FA002840F0D9808E
:10C470004649474BC5F8F801C5E97613A423C5E939
:10C480007837C5E97A00C5E97C00FFF78FF90246E5
:10C49000002840F0C68095F81932202BDEB240F01B
:10C4A000C08095F81832BB4200F0BB80D5F8D83177
:10C4B000242085F81902196821F001011960196812
:10C4C00021F480511960196819601968394319609D
:10C4D00085F8196295F8191285F818222029CEB22C
:10C4E00040F09F8085F81902196821F00101196058
:10C4F000196821F470611960196839431960254B76
:10C50000C5F8BC3205F52F704FF46123C5E9B4427C
:10C51000C5E9B032C5E9B222C5E9B62285F819628B
:10C5200085F81822C5F8E022F7F744FD04460028F4
:10C5300077D12C2201460DA802F07AF9164AC5F8E7
:10C54000AC401F23C5F8983095F8B130C5E92424D4
:10C5500040F2E732C5E92724C5E92944002B00F061
:10C5600098800D4B022285F8B120DA68D2065AD5A0
:10C5700018E000BF0070004000100240001C00489E
:10C580007800002000440040003001400058004086
:10C59000E49CD1100038014000280040000400480D
:10C5A00000E100E095F8B0300124A34285F8B140E5
:10C5B00037D0D5F8903085F8B0404FF00209CA273F
:10C5C000532685F8B1905F625E62FCF76BFED5F88A
:10C5D000903008BB9A6818609A6822F480229A60AA
:10C5E0009A689A60FCF784FED5F890304FF0FF0807
:10C5F000C3F8248090B985F8B14085F8B1905F62A6
:10C600005E6285F8B040FCF74DFE00287FD0D5F87B
:10C610009030C3F8248001E0FF225A62002385F89D
:10C62000B030F7F7F7F9CA21532259625A62FCF782
:10C6300039FEC8B9D5E924329968D5F8A00021F4AB
:10C64000E00121F0400199600243D5F8A800996803
:10C6500002430A43D5F89C109A6019611A69D5F80B
:10C66000981042EA01421A61FCF742FED5F8903078
:10C67000002877D1D96CD5F8AC20D5F8A40021F0EA
:10C680000301D964D96C02430A43FF21DA64596279
:10C6900088E7002154222AA885F8B0104FF40077CB
:10C6A00002F0C6F84FF4003329A829933F97F7F713
:10C6B00025FB04460028B4D12C4AD2F8903043F42C
:10C6C00000430146C2F890300320FCF7A7FF08237F
:10C6D000C9F8003029202146FCF7A0FFC9F80470F2
:10C6E000D5F890303EE7214B1A6E42F001021A66EF
:10C6F0001A6E02F001020792079A9A6D42F0805278
:10C700009A659B6D03F080530693069B87E5D5F8E9
:10C71000903042F201125A60FCF7EAFDD5F8902001
:10C720000346C2F8248000287FF478AF4FF480726B
:10C730000DA8CDE91033CDE9143385F8B14085F863
:10C74000B030ADF834308DF836300E9312938DF84A
:10C7500058401792FCF7F4FD00287FF462AFFDF714
:10C76000D9F8FEE7FF225A62F7F754F900100240A9
:10C7700010B54FF6FF731446024892B2F8F71EFB4D
:10C78000204610BD34030020DFF834D0F7F716FA46
:10C790000C480D490D4A002302E0D458C45004331C
:10C7A000C4188C42F9D30A4A0A4C002301E01360F2
:10C7B0000432A242FBD302F017F8FFF71FFDFEE799
:10C7C000000001200000002078000020904E0108A9
:10C7D00078000020E8050020FEE700000C490D4A23
:10C7E0000B6810B50C4C121B2BB11844904207D8A3
:10C7F0000860184610BD094B0B6018449042F7D9E9
:10C8000001F0ECFF0C2303604FF0FF33184610BD1E
:10C810009C0400200000012000140000E805002016
:10C8200008B52DED028BB0EE408A00F031FFB4EE7A
:10C83000488AF1EE10FA0FD6B5EEC08AF1EE10FA82
:10C840000AD8B5EE408AF1EE10FA08D101F0C6FF21
:10C8500022239FED090A0360BDEC028B08BD01F0A5
:10C86000BDFFBDEC028B034621221A600348BDE8E0
:10C87000084000F00DB900BF000080FF9C4901088E
:10C8800008B52DED048BB0EE608AB0EE409A00F052
:10C8900061FFB4EE488AF1EE10FAF0EE408A0BD652
:10C8A000B5EE409AF1EE10FA17D1B5EE408AF1EEEE
:10C8B00010FA06D1F7EE008AB0EE680ABDEC048BE0
:10C8C00008BDB0EE480A00F063FB0028F4D0B5EED6
:10C8D000C08AF1EE10FAEFD525E000F059FB88B1DF
:10C8E000F5EE408AF1EE10FAE6D1B0EE490A00F01A
:10C8F0004FFB0028E0D0B0EE480A00F049FB0028CA
:10C90000DAD010E0B0EE490A00F042FB0028E7D090
:10C91000B0EE480A00F03CFB0028E1D0F4EE688A53
:10C92000F1EE10FA04D601F059FF22230360C3E7A9
:10C9300001F054FF21230360BEE700BF10EE103A60
:10C94000194923F000428A421BD9B2F1FF4F02D3AA
:10C9500030EE400A704700B583B0684600F068F9D1
:10C9600000F003000128DDED010A9DED000A13D05F
:10C9700002280BD098B9012000F012F903B05DF83D
:10C9800004FBDFED0A0A002000F00AB9012000F0E4
:10C9900007F9B1EE400AF1E700F080F8EEE700F0A9
:10C9A0007DF8B1EE400AE9E7D80F493F00000000EA
:10C9B00010EE102AC2F3C7537F3B162B22F0004122
:10C9C00029DC002B104618DB1A4919410A4221D0F4
:10C9D000DFED197A70EE277AF5EEC07AF1EE10FAF3
:10C9E00018DD002A04DA4FF4000242FA03F3184477
:10C9F00020EA010300EE103A7047DFED0F7A70EE87
:10CA0000277AF5EEC07AF1EE10FA03DD002A08DB92
:10CA10009FED0A0A7047B1F1FF4FFBD330EE000AD9
:10CA20007047DFED077A0029BFEE000A08BFB0EEBD
:10CA3000670A7047FFFF7F00CAF2497100000000DB
:10CA40000000008010EE103AC3F3C7527F3A162A56
:10CA5000194615DC002A0CDB0C481041184205D0A1
:10CA60004FF4800313410B4423EA000300EE103A15
:10CA70007047013203F00043F8D143F07E53F5E7ED
:10CA8000802AF3D130EE000A704700BFFFFF7F001D
:10CA90009FED010A704700BF0000C07F10EE103A02
:10CAA00023F00043B3F1485F2CD2FDEEC07A17EEBD
:10CAB000903A002B60D060EE007A9FED317A9FEDC6
:10CAC000315ADFED315A9FED316ADFED316AA7EE61
:10CAD000875A9FED307AE7EE855AA7EEA56AA7EE52
:10CAE000867AE7EE876A67EEA66A60EEC00AB6EE5F
:10CAF000007AE7EEA60AB7EE000AD7EE870A30EE14
:10CB0000600A704760EE007A9FED1D7A9FED1D5A16
:10CB1000DFED1D5A9FED1D6ADFED1D6A1E4AA7EE6F
:10CB2000875A93429FED1B7AE5EE275AA5EEA76A36
:10CB3000A6EE277AE7EE276A66EEA76AD5D9174AE6
:10CB4000934214D803F17F4307EE103AB7EE006A20
:10CB500036EE476A60EEC00AF6EE005A97EEA57A06
:10CB6000E7EEA60A37EE607A36EE470A7047B6EE71
:10CB7000076AB5EE027AEDE7B7EE000A704700BF2C
:10CB80004ED747ADF6740F317CF293B4010DD03718
:10CB9000ABAA2A3D610BB6BA9999993E0000483F6D
:10CBA00010EE103A23F00043B3F1485F04D2FDEEDB
:10CBB000C07A17EE903A5BB360EE007A9FED157A7B
:10CBC000DFED155A9FED156ADFED156AE7EE875A1E
:10CBD0009FED147AA5EEA76A20EE275AE6EE276AA3
:10CBE000A6EEA77A30B9DFED106AE7EE876AA6EE07
:10CBF000850A704727EE457AF6EE006AA0EEA67A1F
:10CC0000DFED0A6AD7EE270AE5EE260A30EE600A63
:10CC1000704700BFD3C92E2F342FD7B21BEF383641
:10CC2000010D50B98988083CABAA2ABEABAA2A3E9E
:10CC300070B510EE103A884A23F00044944286B052
:10CC4000054671D9854A94421E4624D823F00042F5
:10CC5000002BDFED837A834922F00F02B0EE407A99
:10CC600040F3E0808A4270EE677A09BF9FED7E7ADA
:10CC7000DFED7E6ADFED7E6A77EEC77A37EEE67A21
:10CC800077EEC77A80ED007A77EEE67AC0ED017A2A
:10CC9000012006B070BD774A944252D9B4F1FF4FDB
:10CCA00048D2E215863AA4EBC25307EE903ABDEEA5
:10CCB000E77ADFED716AB8EEC77A77EEC77A8DED65
:10CCC000037A67EEA67ABDEEE77AB8EEC77A77EE1A
:10CCD000C77A8DED047A67EEA67AF5EE407AF1EE2A
:10CCE00010FACDED057A40F09880B5EE407AF1EE7D
:10CCF00010FA0CBF01230223604901910221009127
:10CD000003A8294600F0A6F9002EC2DA95ED007AB4
:10CD1000D5ED017AB1EE477AF1EE677A85ED007ACA
:10CD2000C5ED017A4042B4E7002285ED000A426079
:10CD30000020AEE770EE407AC0ED017AC0ED007AD7
:10CD4000F6E700F019F99FED4E7A9FED456AF6EE91
:10CD5000007AE0EE077A9FED457AFDEEE77A17EE6E
:10CD6000900AF8EEE76A1F28A6EEC60A66EE877AF2
:10CD7000B1EE666A20DC434A411E26F0004352F8B9
:10CD8000212023F0FF03934216D030EE677A30EE75
:10CD9000470A002E30EE670A85ED007A85ED010A1C
:10CDA000BFF677AFB1EE477AB1EE400A85ED007A73
:10CDB00085ED010A40426CE730EE677AE21517EE26
:10CDC000103AC3F3C753C3EBD453082BDFDD9FEDF9
:10CDD000267A9FED275AF0EE405AE6EE075A70EE9B
:10CDE000657AE6EE077AD6EE857A35EEE77A17EEC3
:10CDF000103AC3F3C753D21A192A10DD9FED227AD5
:10CE00009FED225AB0EE650AA6EE070A75EEC07ACB
:10CE1000E6EE077AD6EE857AB7E703236CE7B0EE45
:10CE2000650AB4E78A4270EE277A09BF9FED0E7A51
:10CE3000DFED0E6ADFED0E6A77EE877A37EEA67ABF
:10CE400077EEC77A80ED007A77EEA67AC0ED017AA8
:10CE50004FF0FF301DE700BFD80F493FE3CB16402E
:10CE6000800FC93FD00FC93F0044353743443537A1
:10CE700008A3852E800F494300008043D84A01084B
:10CE800084F9223F584A010800A3852E32318D24AF
:10CE900008B52DED028BB0EE408A00F09DFFF0EE5C
:10CEA000408AB0EE480A00F073F868B1DFED127AFC
:10CEB000B4EEE78AF1EE10FA0BDCDFED107AB4EE97
:10CEC000E78AF1EE10FA0FD4B0EE680ABDEC028BDF
:10CED00008BDDFED0B8A01F081FCB0EE680ABDEC05
:10CEE000028B2223036008BD01F078FC2223DFEDD2
:10CEF000058A0360E8E700BF1772B142B5F1CFC2FF
:10CF00000000807F0000000010EE103A184923F066
:10CF100000428A421AD9B2F1FF4F02D330EE400AE2
:10CF2000704700B583B06846FFF782FE00F003004B
:10CF30000128DDED010A9DED000A10D0022809D07C
:10CF400090B9FFF7ABFD03B05DF804FBDFED090A14
:10CF5000FFF7A4BDFFF7A2FDB1EE400AF3E7FFF72C
:10CF60001FFEB1EE400AEEE70120FFF719FEEAE7E7
:10CF7000D80F493F0000000010EE103A23F00043A4
:10CF800000EE103A704700BFB1EEC00A704700BF14
:10CF900010EE103A23F00040B0F1FF4FACBF00207C
:10CFA0000120704708B52DED028BF0EE408AB0EEFF
:10CFB000608A00F033F820B9B0EE480ABDEC028B6D
:10CFC00008BDB0EE480A00F029F820B1F4EEC88A96
:10CFD000F1EE10FAF0DDB0EE680ABDEC028B08BD90
:10CFE00008B52DED028BF0EE408AB0EE608A00F0BD
:10CFF00015F820B9B0EE480ABDEC028B08BDB0EEC2
:10D00000480A00F00BF820B1F4EEC88AF1EE10FAED
:10D01000F0D5B0EE680ABDEC028B08BD10EE103AF8
:10D0200033F000400ED0A0F50003B3F1FE4F0DD356
:10D03000074B421E9A4207D9A0F1FF40B0FA80F098
:10D040004009704702207047032070470420704752
:10D05000FEFF7F002DE9F04F2DED048BDBB01C4669
:10D06000944603930A46CD4B68991CF1040F53F87C
:10D070002160824604F1FF38C0F24982BCF103030B
:10D0800048BF0CF10403DB10029301334FEAC30ED7
:10D09000ACEB0E030593029B16EB0800A3EB080311
:10D0A00016D401309FEDBE7A699C18441EA9002B4E
:10D0B000A4BF54F8235007EE905A03F10103ACBF0C
:10D0C000F8EEE77AF0EE477A8342E1EC017AEED1AE
:10D0D000002EC0F2B182039B1EA901EB830446AD72
:10D0E0004FEA83094046F7180AEB8301B8F1000FB5
:10D0F000DFEDAB7A09DBA3465346F3EC016A3BED67
:10D10000017A8B42E6EE877AF7D10130B842E5EC3E
:10D11000017A04F10404E9D10DF1280B0BEB86032D
:10D12000CDE9062E043B9FEDA09ADFED9E8A05987F
:10D1300004930AEB090446AF0BEB86090096CDF881
:10D1400020C05AAB03EB8603002E13ED140A4FEAFE
:10D15000860515DD7B195A4660EE097AB0EE407AF5
:10D16000FDEEE77A73ED016AF8EEE77ABB42A7EECF
:10D17000E87A37EEA60ABDEEC77AA2EC017AEBD1C7
:10D18000019000F01DFFF4EE007AB0EE408A20EE30
:10D19000270AFFF70DFCF2EE007AA0EE678A0198ED
:10D1A0000028FDEEC89AF8EEE97A38EE678A6CDD61
:10D1B00006F1FF3EC0F108035BF82E2042FA03FCA3
:10D1C0000CFA03F3D21AC0F1070119EE903A4BF8AA
:10D1D0002E200A416344002A09EE903A00F3F080C1
:10D1E000B5EE408AF1EE10FA40F09D80009B9E4221
:10D1F0000ADD5D44002355F8041D4D4543EA010353
:10D20000F9D1002B40F0F280009B013B5BF823300A
:10D21000002B40F0E780049B012153F8042D0131DD
:10D22000002AFAD0731C31449C46029D039A05EBF8
:10D23000030E0EF1804E699D32440EF1FF3E07EB66
:10D2400083061EAB05EB8E0E03EB8205DEED017A45
:10D25000F8EEE77AB8F1000F0EF1040EE5EC017A72
:10D26000DFED4F7A09DB2A465346F3EC016A32EDD3
:10D27000017AA342E6EE877AF7D10CF1010C614501
:10D28000E6EC017AE2DA0E465BE740F08F80731E2F
:10D290005BF82320D211002AA2DD19EE903A002E6D
:10D2A00003F1010309EE903A40F3D48159464FF05F
:10D2B000000E51F8043B002B6AD0C3F5807341F88F
:10D2C000043C04E00B68C3F1FF0341F8043B0EF19A
:10D2D000010E7645F6DC01239E4600280ADD012872
:10D2E00078D0022806D1711E5BF8213003F03F0C84
:10D2F0004BF821C0022A7FF473AFB7EE000A7346E1
:10D3000030EE488A002B3FF46BAF0992019000F099
:10D3100057FE38EE408A0198099AB5EE408AF1EE40
:10D3200010FA3FF463AF9246DDE9062EDDF820C027
:10D330000196AEEB0C00B0EE480A009E009200F0A1
:10D340003FFEDFED186AB4EEE60AF1EE10FADDE911
:10D350000023F0EE407AC0F250819FED137A0599D8
:10D3600020EE077A0831BDEEC77A0591B8EEC77A8C
:10D370005C1CE7EE667ABDEEC77AFDEEE77A17EE43
:10D38000901A4BF8231017EE103A4BF8243046E071
:10D390000EF1010EB6458CDB9E469EE71C4E010841
:10D3A00000000000000080430000803BF6EE007AA1
:10D3B000B4EEE78AF1EE10FA80F2988000220FE7CF
:10D3C0000133002E09EE903A3FF770AF0023012899
:10D3D0009E4686D1711E5BF8213003F07F0C4BF81E
:10D3E00021C087E7731C9C4619461EE733469246C8
:10D3F000DDE905125C1EA1F108005BF82410009E17
:10D40000059061B903F18043013B0BEB83030146B7
:10D4100053F8040D013C08390028F9D0059105980E
:10D420000092B7EE000A00F0CBFD002C009AB0EE9F
:10D43000407AC0F20581601C46AD5FED256A81002F
:10D440000BEB800305EB800073ED017AF8EEE77AD1
:10D450005B4567EE877A27EE267A60ED017AF3D195
:10D460000DF1C8080B1F46A8C718C646A4460025DC
:10D470009146002E73DB844ADFED847A3846002320
:10D4800001E0AB4208DCF2EC016AB0EC017A013356
:10D490009E42E6EE877AF4DA0CF1FF3CBCF1FF3FE6
:10D4A000EEEC017A05F10105A7F10407E1D1689BD3
:10D4B000022B4A4656DC002B2EDC0ED1DFED737AB0
:10D4C000414431ED017A414577EE877AF9D15346EF
:10D4D000002B40F0AE80C2ED007A19EE903A03F0D6
:10D4E00007005BB0BDEC048BBDE8F08F19EE903AFD
:10D4F000002E03F1010309EE903AC8BF02223FF764
:10D50000D5AEF7EE007A37EEC88A022268E600232D
:10D510004FF0080E0293BBE59FED5C7A414471ED3C
:10D52000017A414537EE277AF9D1DDED327A53465B
:10D5300077EEC77A002B75D182ED007A64B133A9FA
:10D540000123B1EC017A01339C4277EE877AF8DA55
:10D5500053460BB1F1EE677AC2ED017ABDE7DFED1C
:10D560004B7A99E7689B032BB7D1002C7ED008EB50
:10D57000840595ED007AA0002B46294671ED017ACD
:10D58000F0EE476A37EE277A414577EEC77A81EDAC
:10D59000007A77EEA67AC1ED017AEFD1012C65D041
:10D5A00095ED007A08F1040173ED017AF0EE476A17
:10D5B00037EE277A994277EEC77A83ED007A77EED5
:10D5C000A67AC3ED017AEFD1031DDFED307A434433
:10D5D00008F1080833ED017A984577EE877AF9D19A
:10D5E0005346DDED326A9DED337A73B9C2ED006AC0
:10D5F00082ED017AC2ED027A6FE7FDEEC07A1C4639
:10D6000017EE901A4BF8231009E7F1EE666AB1EEB7
:10D61000477AF1EE677AC2ED006A82ED017AC2EDD7
:10D62000027A5AE7B1EE477A82ED007A002C86D171
:10D6300090E7F1EE677A4EE7039B4FEA83096BE5CB
:10D64000689B022B0EDC002B13DC7FF446AFDFED72
:10D650000F7A3CE7022A7FF4C3ADF7EE007A37EE8B
:10D66000C88ABDE5689B032B7FF437AFDFED077AEF
:10D67000B6E75346DDED327A13B9002313606BE74A
:10D680004FF00043136065E7F04D01080000000013
:10D6900008B510EE103A33F000422DED028B2CD07D
:10D6A000002B1A4632DBB3F1FF4F41DAB3F5000F1E
:10D6B00035DB0021D3157F3B0B44D90FC1F17F012E
:10D6C00003EBD373C2F3160207EE903A42EAC1525B
:10D6D00000EE102AB8EEE78A00F00EFDDFED177AB3
:10D6E0009FED177A20EE270ADFED167AA8EE070ADB
:10D6F000A8EE270ABDEC028B08BDBDEC028B9FEDA6
:10D70000127ADFED127A87EE270A08BDBDEC028B94
:10D7100070EE407A9FED0D7A87EE870A08BDDFED47
:10D720000C7A60EE277A6FF0180117EE902AC1E7A5
:10D73000BDEC028B30EE000A08BD00BFD95BDE3EB7
:10D74000DB27543580209A3E000000CC000000000A
:10D750000000004C2DE9F0432DED028B83B0CDEDA0
:10D76000010A8DED000ADDE9004535F0004610D1D3
:10D7700084F48004640014F5000F1BD9DDED007AF9
:10D780009DED017A37EE870A03B0BDEC028BBDE850
:10D79000F08324F00047B7F1FF4F02D8B6F1FF4FF6
:10D7A0000FD9B4F17E5FE9D185F480056D0015F5E0
:10D7B000000FE3D8B7EE000A03B0BDEC028BBDE862
:10D7C000F083002CB84616DBB6F1FF4F00F0F7806F
:10D7D000B6F17E5F00F02681B5F1804F00F0468102
:10D7E000B5F17C5F40F0388103B0BDEC028BBDE841
:10D7F000F043FFF7C9BBB6F1974F80F0F080B6F168
:10D800007E5F80F01981B5F1804F00F02F81B5F176
:10D810007C5F40F02181FFF7AFFBB7F1FF4FB3D042
:10D820004FF00009002F00F0F280B7F17E5F00F0AA
:10D83000E580E20F013A59EA020300F02181B6F1D6
:10D840009A4F40F24581924B9F4240F23E82914B6B
:10D850009F4200F24782F7EE007A30EE670A9FEDB2
:10D860008E6ADFED8E5AF5EE007AA0EE676AF6EE6C
:10D87000006AE6EE406A20EE007ADFED897A9FEDDD
:10D88000896A27EE267A67EEC77AE0EE257AF0EE0F
:10D89000676AE0EE066A16EE903A6FF30B0306EE47
:10D8A000903AB0EE667AA0EE467A77EEC77A6FF3DA
:10D8B0000B0507EE105A9DED016ADDED015A36EEBB
:10D8C000476A67EEA57A26EE877AE6EE267A09F1B0
:10D8D000FF3959EA0209BFEE008A77EE876AB7EE90
:10D8E000006A16EE903A18BFB0EE468A002B23F07D
:10D8F000004240F3B981B2F1864F00F2388200F065
:10D900001C82B2F17C5F00F20082002210466FF3AD
:10D910000B0305EE903A75EEC76A9FED637A9FEDB3
:10D92000633A9FED632ADFED633A9FED634ADFEDD3
:10D93000634A9FED635A77EEE67A25EE877ADFED4C
:10D94000616AA7EEA67AF0EE002AF0EE476AE5EEED
:10D95000836AB7EE000A26EEA66AF0EE667AE6EE75
:10D96000023AE5EEC37AF0EE445AE3EE865A77EED9
:10D97000677AB0EE647AA5EE867AF0EE455AE7EE65
:10D98000065AB0EE667AA5EEC67AE6EEA77A66EE9D
:10D99000875A37EE626A85EE867A77EE677A77EE97
:10D9A000E67A30EE670A10EE103A1344B3F5000F32
:10D9B000C0F2958100EE103A20EE080AE4E6B7F1D5
:10D9C0007E5F3FF4F7AE32D99FED3F0ADDED017A7D
:10D9D000002DB8BFF0EE407AB0EE670AD4E6B6F19B
:10D9E000FF4FECD04FF002099DED000AFFF7C4FA9B
:10D9F000B7F1FF4F02D0002F7FF417AF002DBCBF4F
:10DA0000F7EE007A87EE800A002CBFF6BDAEA7F1D4
:10DA10007E5757EA090740F0208170EE407A87EE82
:10DA2000A70AB1E6002D1ADB9DED000AACE6002D39
:10DA300021DB9FED250AA7E6F315C3F1960346FA0D
:10DA400003F202FA03F3B34200F0FA80B6F17E5F0C
:10DA5000E8D0B5F1804F09D04FF00009C4E79DED43
:10DA6000007AF7EE007A87EE870A8DE6DDED007A20
:10DA700027EEA70A88E6DDED017AB1EE670A83E6B4
:10DA8000DDED007A77EEE77A87EEA70A7CE600BF45
:10DA9000F3FF7F3F0700803FABAAAA3E70A5EC369C
:10DAA0003BAAB83F00AAB83F8CBEBF350072313FD9
:10DAB0004CBB31330EEADDB555B38A38610B36BB4A
:10DAC000ABAA2A3E1872313F000000000000804BD4
:10DAD00014F0FF4F40F0F7805FED047A60EE277A94
:10DAE0006FF0170317EE908AA9484FEAE851C8F380
:10DAF00016087F398045194448F07E5340F3DB8097
:10DB0000A448804540F3F8809FEDA35A0131F0EE20
:10DB1000453AA3F50003F7EE005A002006EE103A4E
:10DB200076EE257AB7EE007A87EE270A5B1043F08F
:10DB3000005303F58023034476EE656A07EE901ADE
:10DB400026EE803AB8EEE77A13EE101A07EE903A16
:10DB5000924BDFED930A9FED938A9FED931ADFEDD1
:10DB6000932ADFED931A9FED932A77EEE55A194039
:10DB700004EE901A36EE656A63EE035AE4EEE76A45
:10DB8000F0EE607AE5EE887AE4EEC66AA7EEA51AB2
:10DB900066EE806AE1EE252A73EE247AE2EEA51A9B
:10DBA00025EEA58AA1EEA52A67EEA67AB0EE084A70
:10DBB000B0EE446AE8EE027AA4EEA46ADFED7E0AD3
:10DBC0009FED7E1ADFED7E2A36EE276A16EE101ADA
:10DBD000194006EE101A76EE445AE4EEE45A77EE57
:10DBE000E57A67EE837AE6EE867AF0EE675AE4EE3F
:10DBF000865A15EE901A194005EE901AF0EE656AF5
:10DC0000E4EEC66A77EEE67A67EEA07AE5EE817A10
:10DC100077EEA37AF0EE676AE5EEA26A76EE856AA1
:10DC200076EE876A16EE901A194006EE901A36EED6
:10DC3000C77A37EE457AA5EEE27A77EEC77A36E60E
:10DC4000B6F17E5F3FF4EEAEB5F1804F3FF40EAF1C
:10DC500002F00102C2F10209C6E6B9F1010F7FF438
:10DC600093ADB1EE400A8FE556498A4200F28780B3
:10DC70007FF447AE76EEC76AF4EEE76AF1EE10FA8B
:10DC80007DDA03F50043504AC3F3C7517F39C3F32C
:10DC900016000A4140F40000C1F117011A40084182
:10DCA000404206EE902A37EE667AC20577EE876A22
:10DCB00016EE903A2BE69FED385AF7EE005AF0EE4A
:10DCC000453A00202AE700230EE7002D0CDB002058
:10DCD00003B0BDEC028BBDE8F04300F001BA00F0E8
:10DCE0006FF969E6002DF2DD002003B0BDEC028B78
:10DCF000BDE8F04300F0FAB99FED345ADFED343A55
:10DD0000F7EE085A4FF4001008E7D2157E3A4FF4A8
:10DD10000001114119442C4AC1F3C7547F3CC1F39F
:10DD20001600224140F40000C4F11704002B40FA11
:10DD300004F002EA0102B4DAB2E79FED266A76EE59
:10DD4000C76A37EE866AB4EEE66AF1EE10FA0EDCC8
:10DD500003F500431C4AD9157F39C3F316000A4165
:10DD600040F40000C1F117011A40084199E7B5EEEF
:10DD7000C08AF1EE10FA4CBF01200020B5E7B5EEE5
:10DD8000C08AF1EE10FA4CBF01200020A0E700BFCE
:10DD900071C41C00D6B35D000000000000F0FFFF5E
:10DDA00055326C3E42F1533E05A38B3EABAAAA3ED0
:10DDB000B76DDB3E9A99193F4F38763FA0C39D3629
:10DDC0000038763F00001643000080FF00C0153F7A
:10DDD000DCCFD1353CAA383310EE103A23F00042A4
:10DDE000B2F1FF4F56D84FEAD37100F095806248E8
:10DDF000834200F38780002BC0F287805F4B9A42FA
:10DE00004BD95F4B9A4200F29A805E4B5E4A03EB1D
:10DE10008103D3ED004A02EB810281F0010370EE31
:10DE2000644AD2ED007A5B1A34EEE70ADFED576AF6
:10DE30009FED575ADFED575A9FED576A20EE007A53
:10DE4000A7EE265ADFED556AE5EE075AE5EE876A3A
:10DE5000A6EE876AF0EE406AE6EE476A20EE266A92
:10DE6000002B42D0B0EE007A37EE667AB7EE000AA9
:10DE7000C6EE076A13F17D0F77EEE67A77EEE47A65
:10DE800030EE670A4FDB10EE102A02EBC35300EEB0
:10DE9000103A704730EE000A7047B2F1505F0AD274
:10DEA000DFED3F7A70EE277AB7EE007AF4EEC77AAC
:10DEB000F1EE10FA5DDC60EE007A9FED347ADFED72
:10DEC000345A9FED346ADFED356AE7EE875A9FEDED
:10DED000327AA7EEA56AE7EE866AA7EEA67AF0EE9A
:10DEE000406AE7EEC76A20EE266AF0EE007A76EE28
:10DEF000E76AB7EE007AC6EE267A77EEC07A37EE9A
:10DF0000670A7047002000F0F1B8264B9A427FF66E
:10DF100075AF002000F0E4B8DFED237A002918BFC8
:10DF2000B0EE670A704710EE102A643302EBC35359
:10DF3000DFED1E7A00EE103A20EE270A70471C4BE8
:10DF40009FED1C7ADFED1C6A03EB8103D3ED007AB1
:10DF5000E0EE077A9FED197AFDEEE77AF0EE404A9F
:10DF600017EE903AF8EEE77AE7EEE64A67EE877A40
:10DF70005AE730EE070A70471772B1421872B13E85
:10DF80009115853F304E0108284E01084CBB3133B6
:10DF90000EEADDB555B38A38ABAA2A3E610B36BB13
:10DFA000CAF24971B5F1CF42000000000000800DB7
:10DFB000384E01083BAAB83F8071313FD1F717377F
:10DFC00010EE103A33F000411A4627D0B1F1FF4F5E
:10DFD00021D213F0FF4F22D1DFED2B7A2B4A60EED6
:10DFE000277A904217EE903A33DB4CF2503CC3F361
:10DFF000C75160451A46A1F1190116DDDFED247AFB
:10E00000DFED246A002BB0EE677AB8BFF0EE667AD7
:10E0100027EE870A704730EE000A704770474CF2CF
:10E02000503C60454FEAD151E8DC0144FE29E5DC73
:10E03000002915DC11F1160F19DB193122F0FF420E
:10E0400042EAC15207EE902A9FED130A27EE800A9A
:10E050007047DFED127A07EE103A27EE270A704775
:10E0600022F0FF4242EAC15300EE103A7047DFED62
:10E070000B7ADFED0B6A002BB0EE677AB8BFF0EEDB
:10E08000667A27EE870A70470000004CB03CFFFF1D
:10E09000CAF24971CAF249F1000000336042A20D90
:10E0A0006042A28D10B52DED028BB0EE408A044681
:10E0B00000F094FBB0EE480ABDEC028B046010BD8A
:10E0C00030B1F1EE407A27EE800A2220FFF7EABF56
:10E0D000F0EE407A27EE800A2220FFF7E3BF00BF70
:10E0E0009FED010AFFF7ECBF000000109FED010A51
:10E0F000FFF7E6BF0000007010EE102A32F0004378
:10E100002FD0002A134633DBB2F1FF4F40DAB2F5CD
:10E11000000F34DB4FF0000C6448C3F316010844D1
:10E1200000F4000282F07E520A43DB1500EE102A52
:10E130007F3B5F4A634401F10F0CF7EE007A0CEA73
:10E14000020230EE670A03EBD05322BBB5EE400A61
:10E15000F1EE10FA62D1002B40F090809FED550A4D
:10E1600070479FED557ADFED537A87EE270A7047A7
:10E1700070EE407A9FED4F7A87EE870A7047DFEDA9
:10E180004F7A60EE277A6FF0180C17EE903AC3E7DB
:10E1900030EE000A7047F0EE007A70EE277A07EE54
:10E1A000103A80EE274A4648C1F55712084402F556
:10E1B00022720243002A9FED433ADFED434ADFED2E
:10E1C000435ADFED433A9FED435ADFED437ADFEDEB
:10E1D000436A24EE046AF8EEC72A26EE067AE7EED2
:10E1E000034AA7EE235AE4EE875AE5EE076AE5EE06
:10E1F000877A67EE867AE6EE877A2ADDB6EE007ACF
:10E2000020EE077A27EE007A77EE877A67EE847A37
:10E210003BBB37EE677A30EE470A70479FED307AA6
:10E22000F6EE007AE0EE477A20EE007A27EE277AC3
:10E23000002BF0D007EE903A9FED2A6ADFED2A6AB4
:10E24000F8EEE77AA7EEC67A37EE400A97EEA60A0E
:10E25000704770EE677A67EE847AE3B930EE670A4A
:10E2600070479FED206ADFED206AE2EE867A37EE96
:10E27000677A37EE400A92EEA60A704707EE903AA8
:10E280009FED180A9FED187AF8EEE77A27EE800ADC
:10E29000A7EE870A7047DFED136A9FED137AE2EE6F
:10E2A000E67A37EEC00A92EE870A704720FB4A00F2
:10E2B000F0FF7F0000000000000000CC0000004CD8
:10E2C000305CCFFF9788173E25333A3E2549923E72
:10E2D0004FD01C3E298E633EABAA2A3FCDCCCC3E0C
:10E2E000ABAAAA3ED1F717378071313F08B52DEDA3
:10E2F000048BF0EE408AB0EE609A00F0EDF8F0EE9C
:10E30000490AB0EE408AB0EE680A00F00BF8F0EE71
:10E31000400AB0EE480ABDEC048BBDE8084000F0AE
:10E3200005B800BFB0EE600A704700BF08B52DED1C
:10E33000048BF0EE408AB0EE609A00F03BF8B0EE4D
:10E34000408AFEF725FE20B1B0EE480ABDEC048BF2
:10E3500008BDB0EE680AFEF71BFE0028F4D0B0EE50
:10E36000490AFEF715FE0028EED000F037FA222306
:10E370009FED018A0360E7E70000807F08B52DED7F
:10E38000048BF0EE408AB0EE609AFFF7CBFFF0EE20
:10E39000490AB0EE408AB0EE680A00F09DF8F0EE4F
:10E3A000400AB0EE480ABDEC048BBDE8084000F01E
:10E3B00095B800BF10EE103A23F0004210EE903AEC
:10E3C00023F000439A4202DB194613460A46991A83
:10E3D000B1F1706F00EE103A06EE902A3FDCB3F117
:10E3E000B14F10B52EDC0024B2F11A5F0ADA42B345
:10E3F000B2F5000F60DADFED357A66EEA76A20EE3F
:10E40000270A7E3C30EE666AF4EEC66AF1EE10FA38
:10E4100028D56FF30B0307EE903A30EE277A30EEF3
:10E42000670A27EE000AA6EEA60AA7EEA70AFEF7DD
:10E43000ABFD34B1E40504F17E5407EE904A20EEC2
:10E44000270A10BDB3F1FF4F29DA03F15E4302F151
:10E450005E4200EE103A06EE902A4424C4E730EE05
:10E46000260A70471A4903F500030B4007EE903A5D
:10E47000B0EE007AB0EE675A90EE075A02EA010356
:10E4800007EE103A26EE850A76EEC75AA5EEA70AE1
:10E49000A6EE060AA7EE270AFEF776FDC9E714BF27
:10E4A00030EE260A9FED0B0ADFED0A7AB2F1FF4F3C
:10E4B00008BFB0EE670A10BD03F1085302F108521D
:10E4C00000EE103A06EE902A443C9BE70000807E66
:10E4D00000F0FFFF0000807F704700BF00F000B831
:10E4E00010B582B0CDED010A019B23F00042B2F1DC
:10E4F000FF4FF0EE407A30D810EE100A20F00041C5
:10E50000B1F1FF4F29D8B3F17E5F42D09C1704F0E0
:10E51000020444EAD07431B37AB3B2F1FF4F40D071
:10E52000B1F1FF4F29D0891AB1F1F45F4FEAE152FE
:10E5300034DA002B42DA3C3240DA9FED340A012C07
:10E540004ED0022C43D064B19FED317ADFED317AA9
:10E5500030EE070A30EE670A03E09DED017A37EEF0
:10E56000270A02B010BD022C10D09FED2B7A032C8D
:10E5700008BFB0EE470A02B010BD9FED280ADFEDDC
:10E58000287A0028A8BFB0EE670AEAE79FED210AC3
:10E59000E7E702B0BDE8104000F04AB89FED200A5E
:10E5A000CDE7B1F1FF4F04F1FF3420D0022C26D883
:10E5B0001C4B03EB840393ED000AD2E79DED017A37
:10E5C00087EE870AFEF7D8FC00F032F8B7E79FED38
:10E5D000107ADFED107A30EE070A37EEC00AC0E796
:10E5E00010EE103A03F1004300EE103AB9E7022CA6
:10E5F00008D80D4B03EB840393ED000AB1E79FEDC0
:10E60000030AAEE79FED090AABE700BF0000000078
:10E610002EBDBB33DB0F4940DB0F49C0DB0FC9BF49
:10E62000DB0FC93F404E01084C4E0108DB0F493F4C
:10E6300038B510EE105A25F00044B4F1A14FF0EEB9
:10E64000407A0DD3B4F1FF4F5BD8DFED517A9FEDE7
:10E65000517A002DCCBFB0EE470AB0EE670A38BD44
:10E660004D4B9C425CD8B4F1445F4DD34FF0FF3327
:10E6700027EEA76A9FED495A9FED497ADFED495A87
:10E68000DFED494A66EE066A5A1CA6EE857AE6EE8A
:10E69000A54A9FED465ADFED465AA7EE265AE4EE0C
:10E6A000A65A9FED447ADFED444AA5EE267AE5EEC0
:10E6B000A64A9FED425ADFED425AA7EE265A9FED39
:10E6C000417AA4EEA67AE5EE265A27EE267AA5EE42
:10E6D000867A27EE877A38D03B493C4A01EB8301A2
:10E6E000D1ED006A37EE667A02EB8303D3ED006A60
:10E6F00037EE677A002D36EEC70AB0DAB1EE400A7F
:10E7000038BD30EE000A38BD9FED317A30EE077A21
:10E71000F7EE006AB4EEE67AF1EE10FAA6DD38BD47
:10E72000FEF72AFC2B4B9C4212D8A3F5D0039C4247
:10E7300023D8F0EE007ABFEE007AA0EE277A00230D
:10E7400030EE270AC7EE007A92E737EEC70A38BDE7
:10E75000214B9C420BD8F7EE087AB7EE007AA0EE78
:10E76000277A022330EE670AC0EE077A80E7BFEE11
:10E77000007AC7EE007A03237AE7F7EE007A30EEEC
:10E78000677A30EE270A0123C7EE007A70E700BFF0
:10E79000DB0FC9BFDB0FC93FFFFFDF3ED769853CF9
:10E7A00059DA4B3D21A215BD6BF16EBD356B883D2D
:10E7B00095879DBD6E2EBA3D388EE3BD2549123E2C
:10E7C000ABAAAA3ECDCC4CBE584E0108684E0108FB
:10E7D000CAF24971FFFF973FFFFF1B40014B1868CA
:10E7E000704700BF2800002070B50D4D0D4C641B14
:10E7F000A4100026A64209D10B4D0C4C01F094F850
:10E80000641BA4100026A64205D170BD55F8043B38
:10E8100098470136EEE755F8043B98470136F2E792
:10E82000804E0108804E0108804E0108844E010888
:10E8300002440346934200D1704703F8011BF9E7F5
:10E840007047704770B50F4E0C463168054611B9D8
:10E8500000F0A6F830602146284600F0A1F8431CDD
:10E8600003D14FF0FF34204670BDC41C24F00304D4
:10E87000A042F8D0211A284600F092F80130F2D1D7
:10E88000EFE700BFDC0500202DE9F843CD1C25F0A3
:10E89000030508350C2D38BF0C25002D064601DB7D
:10E8A000A94204D90C2333600020BDE8F883DFF8C7
:10E8B000D48000F069F8D8F800301C4644BB2946E3
:10E8C0003046FFF7BFFF431C044658D1D8F800403C
:10E8D0002746002F43D1002C4BD0236839463046C1
:10E8E00004EB030900F05CF8814542D121686D1A00
:10E8F00029463046FFF7A6FF01303AD023682B4463
:10E900002360D8F800305A6862BBC8F800700FE086
:10E910002268521B20D40B2A17D96119A342256003
:10E9200018BF5960636808BFC8F8001062514B6097
:10E93000304600F02FF804F10B00231D20F00700F3
:10E94000C21A1CBF1B1AA350AFE76268A3420CBFD8
:10E95000C8F800205A60EBE723466468AEE73C46FF
:10E960007F68B6E71A465B68A342FBD10023536079
:10E97000DEE70C233360304600F00CF894E70560C6
:10E98000D6E700BFE00500200148FFF759BF00BFF0
:10E99000D80500200148FFF754BF00BFD80500206C
:10E9A00038B5064D0023044608462B60FDF716FFD8
:10E9B000431C02D12B6803B1236038BDE40500205D
:10E9C00038B50546002941D051F8043C0C1F002BF6
:10E9D000B8BFE418FFF7D8FF1D4A136833B9636066
:10E9E00014602846BDE83840FFF7D4BFA34208D9D9
:10E9F000206821188B4201BF19685B6809182160E3
:10EA0000EDE71A465B680BB1A342FAD911685018BA
:10EA1000A0420BD120680144501883421160E0D11C
:10EA200018685B68536008441060DAE702D90C2369
:10EA30002B60D6E7206821188B4204BF19685B68F9
:10EA4000636004BF091821605460CAE738BD00BF85
:10EA5000E0050020884210B501EB020402D984428F
:10EA6000234607D8431EA14208D011F8012B03F812
:10EA7000012FF8E7024401468A4200D110BD13F885
:10EA8000014D02F8014DF7E70A44914200F1FF33CE
:10EA900000D1704710B511F8014B03F8014F9142B6
:10EAA000F9D110BD024B01461868FFF7EDBE00BF5B
:10EAB00028000020024B01461868FFF781BF00BF05
:10EAC00028000020B1F8C8305A1C92B2C82AA1F818
:10EAD000C820C85400D0704710B500200C46FDF780
:10EAE00047FE0023A4F8C83010BD00BF10B504468F
:10EAF000FDF716F8214602460020FDF739FE0349CE
:10EB000001220020FDF734FE002010BD843A0108E8
:10EB10000FB430B5B5B038AC0E4954F8045BCA2216
:10EB200001A8FFF7B1FF23462A460B48009401A92C
:10EB300000F06AFDBDF8CC2004462AB9204635B065
:10EB4000BDE8304004B0704701A90020FDF710FE79
:10EB5000F4E700BFCC370108C5EA000800F044BD67
:10EB60009A4238BF88547047704700BF2DE9F04F74
:10EB700083B00F4612990D9C9DF83850984611F0BD
:10EB8000020306469446DDE9100A00932ED1BAF13D
:10EB9000000F40F0A280844228D2202C01F0010E08
:10EBA00000F088810C9B621E1A444FF0300B7346B4
:10EBB00002E0202C00F0E7800134A04202F801BFFF
:10EBC000F7D89E4693B1544510D2202C00F0CF8147
:10EBD0000C9B621E1A444FF0300E02E0202C00F015
:10EBE00024810134544502F801EFF7D1CB061FD53B
:10EBF0004A0500F1A580002C40F09E800F9B102B51
:10EC000000F045810F9B022B00F04E810C9B3022BF
:10EC10001A70012401F00302002D00F0CA800C9B41
:10EC20002D21195501340AB954450ED3654626E005
:10EC300001F00302202CEFD1002A40F08F80BAF1BE
:10EC4000200F88BF202440F289806546A4EB0C0B7E
:10EC5000E1462A464346013539462020B04705EBB8
:10EC60000B035345F5D30AF1FF35621C2D1B92456A
:10EC700038BF002509F10102CC461544C4B10C9BF4
:10EC8000CDF844A005EB040903EB090B1C44CDF8B7
:10EC900004C09A46ABEB040214F8010D4346394612
:10ECA000B047A2454D46F5D1DDF804C0DDF844A0DB
:10ECB000009B73B1A5EB0C09D1450AD22A46434605
:10ECC0003946202009F10109B047D14505F1010578
:10ECD000F4D3284603B0BDE8F08F11F0010E73D0D5
:10ECE000002D40F08B8011F00C0F40F087808442A3
:10ECF000BFF469AF202C7FF455AFBAF1200F40F27A
:10ED00003281CB0640F1BE804A0500F119812028EE
:10ED100016D11F200F9B102B00F0F2800F9B022BAF
:10ED20001FD0441C01F0030227E0CB067FF57EAF25
:10ED30004A054FF0200403D4A04262D0544560D06D
:10ED40000F9B01F00302102B104673D00F9B022B78
:10ED50000ED1202C08D100283FF471AF6546202445
:10ED60008DE7044601F003020C9B62201855013424
:10ED7000202C3FF461AF204601340C9B4FF0300E45
:10ED800003F800E056E79E46002B00F0CB80BAF176
:10ED9000200FCAD9CB0675D54A0500F1D1802028AD
:10EDA00000F0DA80BAF1200F40F08D8054461F2029
:10EDB000B0E74B0747D50C9B2B2119550134002A8E
:10EDC0003FF432AF65465AE78442BFF40FAF202CC0
:10EDD0007FF4E8AECC067FF532AF4C053FF52FAFA0
:10EDE000202800F0B980BAF1200FDFD00F9B102B44
:10EDF0003FF425AF0F9B022B19D120E70AF1FF3A10
:10EE000075E7601E86D10F9B102B6BD00F9B022BDA
:10EE10007FF4FCAE0C9B0F9C62221A7030225A7059
:10EE200001F00302002DC4D0F9E6CC0680D401F035
:10EE3000030201E78B0611D4202C8CD00C9B782088
:10EE40001855013494E70D0713D48ABB5445FFF4D9
:10EE5000FCAE002C7FF4EAAE65463AE7202C3FF486
:10EE60007AAF0C9B18194FF0580E013480F800E06F
:10EE70007EE70C9B202119550134002A3FF4D4AEC3
:10EE80006546FCE68D073FF4E0AE6546F7E688068A
:10EE90000CD558220C9B1A7030225A70022401F0B3
:10EEA0000302002D85D0BAE66222F3E77822F1E76B
:10EEB0006546E3E6BEF1000F50D0CB067FF5B6AE57
:10EEC0004B057FF524AF0F9B01F00300102B02468A
:10EED0003FF441AF0F9B022B7FF4AEAE00287FF4CE
:10EEE0003DAFACE68A0625D50C9B58221A7030221D
:10EEF0005A70022401F00302002D3FF45AAF8EE64F
:10EF00008B06A4F1020206D40C9B78209854013C95
:10EF100001F003022FE70C9B58209854013C01F0AC
:10EF2000030228E7CA0682D54A05CCD4202813D08C
:10EF3000202403E70C9B78221A7030225A70D8E7FD
:10EF40000F9B102B01F003003FF405AF0F9B022B2A
:10EF50003FF401AF02466FE60446DAE6CB063FF522
:10EF60003CAF65468BE6CA06DED4654687E6CC062E
:10EF70003FF512AF5BE700BF2DE9F04F93B01C9C4B
:10EF80009DF874B01E9DDDF884E02CB92EF01006BB
:10EF90001EF4806FB64635D11EF0200F14BF4FF01F
:10EFA00041094FF061090AAFA9F10A09B8460026E4
:10EFB000099002E0202E15D05446B4FBF5FA05FB6B
:10EFC0001A4C5FFA8CF0BCF1090F00F1300C8ABFCB
:10EFD00048445FFA8CF0C0B2AC4208F8010B06F16D
:10EFE0000106E7D20998209C05941F9CCDF818E0F3
:10EFF000CDE90354CDE9016B0097FFF7B7FD13B0DE
:10F00000BDE8F08F26460AAFEDE700BF2DE9F04FCF
:10F0100097B0DDE92478209E219C099356EA0403E9
:10F020009DF888C0DDF8A0B08E4605D12BF0100306
:10F030001BF4806F9B4645D11BF0200F0EAB14BF15
:10F040004FF0410A4FF0610ACDF8A0B0CDE90A0EA9
:10F05000CDE90C2CAAF10A0A994600259B4603E04B
:10F06000202D17D006460C4621463A4643463046E8
:10F07000FCF75EFDD2B2092A02F130038ABF524486
:10F08000DAB2D2B2BE4274EB080409F8012B05F1E2
:10F090000105E5D2DDE90A0EDDE90C2C5B46DDF861
:10F0A000A0B02799059126990093CDE90371CDE988
:10F0B000015C099BCDF818B07146FFF757FD17B0FA
:10F0C000BDE8F08F00250EABEBE700BF10B1D1E932
:10F0D00000311847704700BF2DE9F04F1C46B1F1D1
:10F0E000000A8D4B8FB018BF81462078DDF860B0E4
:10F0F000904608BF9946002800F0D381002507E01C
:10F100002A46434651460135C847207800285ED03C
:10F11000252804F10104F3D10023224612F8010B43
:10F12000A0F1200110290AD8DFE801F034090930E4
:10F13000090909090909092C092809092400A0F16C
:10F140003001092951D92A2800F0948000262E2860
:10F150005CD00021A0F16807122F23D8DFE807F068
:10F16000A2229D2295222222222222221E22222215
:10F1700022221E0043F001031446CEE743F00203AF
:10F180001446CAE743F004031446C6E743F01003ED
:10F190001446C2E743F008031446BEE7607843F420
:10F1A000807301327828144609D863283DD8622834
:10F1B00000F0B88163287DD0252840F03D812A46A3
:10F1C00043465146C847207801350028A0D12C4637
:10F1D000A84501D808F1FF3543462A46514600208C
:10F1E000C84720460FB0BDE8F08F002606EB860624
:10F1F00000EB46061078A0F1300109291446A6F16B
:10F20000300602F10102F1D92E28A2D16078A0F1D6
:10F210003001092943F48063174640F2EF802A2821
:10F2200000F002811446013293E7A0F1640E01223E
:10F230005FFA8EFE02FA0EFE384A1EEA020E40F017
:10F24000AD80732854D07028B9D143F021030593C1
:10F250000823049310230391CDF804E002935BF894
:10F26000043B00932A46434651464846FFF784FE36
:10F2700005464AE75BF8046B6078002E1446BCBF75
:10F2800043F002037642013261E760786C2886D150
:10F29000A07843F44073E21C84E7607843F4007381
:10F2A00001327FE76078682800F0F68043F0800341
:10F2B000013277E70BF1040298070A9205F1010782
:10F2C00040F111812A469BF8000043465146C84749
:10F2D000012E88BFAD1940F249813A4643460137B5
:10F2E00051462020C847BD42F7D1DDF828B00CE7D1
:10F2F0005A4652F804CB0A929CF800B058460029AE
:10F3000040F08C80BBF1000F13D06FF0010E0EF1B6
:10F31000010EE644624606E069EB0008210812008F
:10F32000964500F0B38012F8017F002FF8D1A2EBD0
:10F330000C0E13F4806702D08E4528BF8E4613F062
:10F3400002030B9300F0B080BBF1000F17D0CDE9A2
:10F350000CE6E3462A460E46434651461FB106F1E7
:10F36000FF3C3EB16646C8471BF8010F01352A46EF
:10F370000028F1D10B9BDDE90CE6002BB5D07645DA
:10F380002F46B2D93544A5EB0E053A464346013720
:10F3900051462020C847BD42F7D1A6E76F2800F0AC
:10F3A000BF806DD8692823F0100240F017815F05F7
:10F3B00048BF23F01102900500F1DD80D3050BF169
:10F3C000040700F1D580500640F1F6809BF900302B
:10F3D0000391002B4FF00A0102914FEAD371B8BF9D
:10F3E0005B42CDE9046201912A46009343465146AF
:10F3F0004846FFF7C1FDBB46054686E6002101EB06
:10F40000810100EB4100A0F1300117F8010FA0F1DC
:10F410003002092AF3D93C467A1C9BE6BBF1000F67
:10F4200087D001F1FF3E72E75BF8041BA07802343D
:10F4300021EAE171621C8DE658287FF4C0AE43F0EA
:10F4400020031022580524D423F00C0313F4007079
:10F450006AD113F4807F0BF1040740F0B2805806A4
:10F460007BD418064CBFBBF80000DBF8000000900E
:10F47000CDE904630023CDE9022101932A46B5E7D3
:10F48000782868D023F010030A22DBE7AEEB0C0EDD
:10F490004FE723F00D03D9E7A07843F0C003E21C47
:10F4A00080E60446054693E6764540F2948006EBF6
:10F4B000050BCDE90C7CABEB0E0B0F462A46434601
:10F4C000013551462020C8475D45F7D1DDF834C0ED
:10F4D00039469CF800B00C9F06F1010E58460028F2
:10F4E0007FF435AF01E7012E3AD96B1E3344CDF8D6
:10F4F0002CB02F469B463A464346013751462020C2
:10F50000C847BB45F7D15B46DDF82CB01A469BF8DF
:10F51000000043465146C8473544DDF828B0F4E5BD
:10F5200008228FE702228DE7CDE907630BF1070B75
:10F53000002306910492059302932BF0070BFBE83E
:10F5400002672A46CDE90067434651464846FFF721
:10F550005DFD0546D9E5102274E79BF8000086E7BB
:10F560009BF800002A4643465146C8473D46BCE644
:10F57000DBF800302CE70BF1070B2BF0070BDBF867
:10F5800004305BF8080B0691D90FCDE907620291B0
:10F59000024600210A20002BCDE9040102DA524282
:10F5A00063EB4303CDE9002351462A4643464846D0
:10F5B000FFF72CFD0546A8E51306D9D5BBF90030A9
:10F5C00006E7CDE90221CDE904630190DBF80030C4
:10F5D00000932A460AE70EF1010E7FE764283FF404
:10F5E000E6AE13460A222DE700B583B084460093A9
:10F5F000044813460A466146FFF76EFD03B05DF806
:10F6000004FB00BF61EB000810B584B00446CDE9EF
:10F610000241009302A9134603484FF0FF32FFF75F
:10F620005BFD04B010BD00BFCDF00008D0B5FCF705
:10F6300027FD0C4B002206460F46FCF791FAFCF71B
:10F6400077FD0446FCF7FAFC074B0022FCF788FA2A
:10F6500002460B4630463946FCF7B2FBFCF768FD24
:10F660002146D0BD0000F03D0000F0412DE9F047FB
:10F67000089D0E4604460F46002B4AD194468C4501
:10F68000B2FA82F260D942B1C2F12003974020FA67
:10F6900003F30CFA02FC1F4394404FEA1C4E1FFA7E
:10F6A0008CF6B7FBFEF1230C0EFB117743EA074300
:10F6B00001FB06F098420AD91CEB030301F1FF3766
:10F6C00080F01581984240F21281023963441B1A7E
:10F6D000A4B2B3FBFEF00EFB103344EA034400FB7C
:10F6E00006F6A6420AD91CEB040400F1FF3380F0B1
:10F6F0000081A64240F2FD806444023840EA0140A5
:10F70000A41B00211DB1D4400023C5E90043BDE87E
:10F71000F0878B4205D90DB1C5E9000100210846EB
:10F72000F5E7B3FA83F1002946D1B34202D382420E
:10F7300000F2F580841A66EB030201201746002DC3
:10F74000E5D0C5E90047E2E7002A40F09380A1EB4D
:10F750000C034FEA1C471FFA8CFE0121B3FBF7F69E
:10F7600007FB1630230C43EA00430EFB06F09842D9
:10F7700008D91CEB030306F1FF3802D2984200F2CD
:10F78000D08046461B1AA4B2B3FBF7F007FB103338
:10F7900044EA03440EFB00FEA64508D91CEB040412
:10F7A00000F1FF3302D2A64500F2B6801846A4EB62
:10F7B0000E0440EA0640A5E7C1F120078B4022FA7B
:10F7C00007FC4CEA030C06FA01FE20FA07F426FABD
:10F7D00007F344EA0E0400FA01F84FEA1C404FEA2E
:10F7E0001449B3FBF0FE1FFA8CF600FB1E3349EA06
:10F7F00003430EFB06F9994502FA01F20BD91CEB03
:10F8000003030EF1FF3A80F08580994540F2828033
:10F81000AEF1020E6344A3EB0909A4B2B9FBF0F305
:10F8200000FB139944EA094403FB06F6A64208D9F3
:10F830001CEB040403F1FF3068D2A64266D9023BF8
:10F84000644443EA0E40A41BA0FB02E6B4427346A4
:10F85000B14652D34FD05DB1B8EB030264EB09045B
:10F8600004FA07F722FA01F31F43CC40C5E90074FC
:10F8700000214CE7C2F1200120FA01F30CFA02FC4E
:10F8800026FA01F1964033434FEA1C471FFA8CFEDB
:10F89000B1FBF7F007FB1016190C41EA064100FB1B
:10F8A0000EF68E4204FA02F408D91CEB010100F1B5
:10F8B000FF382DD28E422BD902386144891B9BB26E
:10F8C000B1FBF7F607FB161143EA014306FB0EF105
:10F8D000994208D91CEB030306F1FF3814D2994270
:10F8E00012D9023E63445B1A46EA004136E73946C4
:10F8F000EDE6184602E7F045ADD2BEEB020366EB3B
:10F900000C060138B146A6E74646ECE7034698E701
:10F910004046D3E7D6467EE76444023847E70846C8
:10F920000DE7023E63442DE7F8B500BFF8BC08BC04
:10F930009E467047F8B500BFF8BC08BC9E467047AD
:10F94000A0860100400D0300801A060000350C005F
:10F9500040420F0080841E0000093D0000127A0022
:10F960000024F40000366E010048E801006CDC025F
:10F97000A042010802000000AC420108040000009F
:10F98000BC42010808000000CC4201081000000041
:10F99000DC42010820000000EC42010840000000A9
:10F9A000FC42010880000000000000000000000090
:10F9B0000102030406070809060401001F191512B5
:10F9C0000F0D0C0B004026449A994742000000009E
:10F9D0000000804085EB5140000000000000000066
:10F9E000010203040C4301080000010000000000B4
:10F9F000000000004D000100D917000800000000C1
:10FA00001C00010055160008000000002C00080032
:10FA10009D1600080000000060000100D5160008D7
:10FA2000000000007D00080005170008000000002D
:10FA3000620010003D1700081C4301081701010077
:10FA4000000000000000000018011000A1170008CD
:10FA500038430108370001000000000000BE87BDE8
:10FA60008EBD14BD19BDA0BC27BCAEBBADAD33ACC3
:10FA7000B8AABEA8CBADD2AB58A95FA7DC9FE19BCB
:10FA800067986C947390F58AF8857A80F9C379C782
:10FA900079CBF8CE75D1F4D472D871DBF8E0F7E405
:10FAA000F5E8F2EC56E952EC4EEFC9F139F0B3F259
:10FAB0002DF527F71DF515F68CF784F8837A897AEA
:10FAC0000F7A147A9A7720772776AD752E6EB46CFC
:10FAD000B96B3F6A4F71D56E5C6CE269DC5F615C4B
:10FAE000E558EA54DE4DDF4961466242F701770589
:10FAF000F608F60BF50E7412F215711951164F191E
:10FB0000CC1BCA1E5C28D72B532F4E32392C342FD6
:10FB10002E32A93423399A3A923B093D093D093DD9
:10FB2000093D093D093D093D093D093D093D093DA5
:10FB3000093D093D093D093D093D093D093D093D95
:10FB4000093D093D093D093D093D093D093D093D85
:10FB5000093D093D093D093D093D093D00000200FF
:10FB600078FD00080000010074FD0008030001009A
:10FB700070FD0008010001006CFD00080300010099
:10FB800068FD00080000010064FD0008000001009D
:10FB900060FD0008000001005CFD0008000001009D
:10FBA00058FD00080000040048FD000800000100A6
:10FBB00044FD00080400010040FD000804000100AD
:10FBC0003CFD00080C03020034FD0008C05D01008C
:10FBD00030FD00084001080010FD0008150001007C
:10FBE0000CFD00080000010008FD000800000100F5
:10FBF00004FD00080000010000FD000801000300F2
:10FC0000F4FC000802000200ECFC00080000020006
:10FC1000E4FC000800000100E0FC00080100010015
:10FC2000DCFC00083F000100D8FC000804000100D3
:10FC3000D4FC000800000100D0FC00080100010015
:10FC4000CCFC000800000100C8FC00080000010016
:10FC5000C4FC000800000100C0FC00080000010016
:10FC6000BCFC000805000100B8FC000845000100CC
:10FC7000B4FC00080A000100B0FC0008000001000C
:10FC8000ACFC000808000100A8FC000820000200ED
:10FC9000A0FC0008000001009CFC00085C01300092
:10FCA0003700D000C802D000B4009000B700D100E7
:10FCB000FA000402E200F700E200F000B3003000B6
:10FCC000B3007700B300D100D6005100B20030007D
:10FCD000B2007700B200D100B500D0005C01310065
:10FCE0005C013200290030002D0030002900540052
:10FCF0002D005400060024000D00240014002400F0
:10FD0000D3005700D3005500D3005300D500B000F6
:10FD1000AC0004021B030402F5040402FA0404020A
:10FD20000105040206050402210504025805040227
:10FD3000180504026C010402220304023204B0001C
:10FD40007204B000CF040402C9043701CC043701A7
:10FD5000D0043701D30437016105B0006305D0003A
:10FD6000E3005A00E3003900E3005600E3003500E9
:10FD7000E3005200E300310059003200600032001D
:10FD800000000000300EB36335030100E5010800F8
:10FD900035030800850301008503000014000000FE
:10FDA000A801000035030100E50110003503100033
:10FDB000850301008503000014000000A801000075
:10FDC00035030100E5012000350320008503010013
:10FDD000850300001400000015000400E501080080
:10FDE0003500000015000000090000002507000094
:10FDF000B50501006200000043000000B5050000E9
:10FE0000E50400000900000025060000D5070000F9
:10FE10000900000045060000E50700000900000099
:10FE20006503C000B5070200B5082A00C80200003B
:10FE300009000000E5013100C508200009000000AC
:10FE400052000000430000000900000065007F0030
:10FE500009000000A5010000D5000000E500000039
:10FE6000F50020000501000015010000250100003B
:10FE7000350100008501000045010000550100002A
:10FE8000650100007501000095010000950001006A
:10FE90007500FF3709000000D5000000E5010200F1
:10FEA0009500020009000000A5010000E500000027
:10FEB000F5002000050100001501000025010000EB
:10FEC00035010000450103005501030085010300D1
:10FED000650103007501030095010300E501F77F4B
:10FEE0009500F57F09000000B50C00000900000036
:10FEF00045000000E5018600350084004201000055
:10FF000043000000B50C0B0082CE0100430000004E
:10FF100088080000580700004500010009000000A3
:10FF2000E5010300B50C030009000000020F00000A
:10FF3000430000000900000088080000E5010200FD
:10FF4000350002006201000043000000E50184006A
:10FF50003500000009000000E5018600350084003E
:10FF60004201000043000000E5010300B50C010060
:10FF70006200000043000000D50701002506E400F0
:10FF800065070600E507080045061800F8020000AE
:10FF90000A00000018020000480200006507270060
:10FFA00009000000D50701002506E40065070600EA
:10FFB000E507080045061400F80200000A000000EA
:10FFC0001802000048020000650727000900000031
:10FFD000550D01000000000075070000C50D9009D7
:10FFE000750727008513010015140100E5010400C1
:10FFF00085130400E501040015140400E501080060
:020000040801F1
:1000000085130800E501F8011514F8010900000046
:100010001502000005020000250201000620220052
:1000200015090200F5080400E5010020F50800208C
:10003000090000000214000043000000010001005C
:10004000010080020600400009000000350A090096
:10005000550A0000C50A0800650A3F08250A600025
:10006000950A0100250A7F0009000000250A00000A
:10007000950A0000250A0000650A0000090000003A
:10008000450A0100450A000065070300D50708007E
:100090002506140058010000A801000025073900BA
:1000A000F50400000505803EE5040100F8020000AB
:1000B0000A000000A8010000180200006507000007
:1000C00009000000450A0100450A0000090000007F
:1000D000050D0100250D0100150D1500A50A0100F3
:1000E000450D870009000000450DFF0009000000D4
:1000F00015095D00F508BD00E5010020F5080020A8
:1001000009000000D5080A00E5081A00450285220A
:100110005502FD01090000001502360005020E001F
:100120002502930009000000E5010020F508000009
:10013000000000000000000025000100E5010200B1
:100140001500020025000000E50102001500000076
:1001500009000000350C0200350C0300E501010028
:10016000050B0100E5010200D50A0000A200000015
:100170004300000009000000E50100053500000013
:10018000E501001835000018E501000535000005FF
:1001900009000000E501000535000000E501001838
:1001A00035000000E50100053500000509000000EC
:1001B000B208000043000000E501F91FB50200008D
:1001C00009000000E501FF016502E001E501110001
:1001D000B5021100B8100000E501FF016502FF0142
:1001E000E5012100B5022100B8100000E501FF0182
:1001F0006502F801E5018100B5028100B810000038
:1002000009000000E501FF016502C001E5010102EE
:10021000B5020102B8100000E501FF016502FF010F
:10022000E5010104B5020104B8100000E501FF0179
:100230006502F801E5010108B5020108B8100000E7
:10024000E501FF016502FF01E5010110B5020110A2
:10025000B810000009000000D50B0500B50B030025
:1002600009000000D80F0000B5020400750200006C
:100270006502C03FE5010101B5020101B8100000AF
:10028000650200FE0812000048100000580E000031
:1002900006202200B80D0000F5090100E501000369
:1002A0009509000101F40000D50B0500024B000088
:1002B00043000000D50B0900F5090000E50100032B
:1002C00095090000980E000009000000050B0000D1
:1002D000050B0C00050B0000150B1F00250B000083
:1002E000350B0100450B0000550B0000650B0000AD
:1002F000090000005508020058010000A801000094
:100300001802000048020000F5050100350C040049
:10031000780200002851000038090000380A000067
:1003200001000000950C1300750C3800850C0200CC
:10033000A2000000C23000004300000043000000A3
:10034000010001050600400001008002750C00015B
:10035000850C1800C80A0000850C38002503000031
:1003600065070300D50708002506140058010000A2
:10037000F50400000505800285142200C50A00006E
:10038000080D0000A801000025072106E504010072
:10039000F80200000A000000A8010000E5010100C9
:1003A00025030100C80A0000C50A0100080D00006D
:1003B000A801000025074D06E5040100F802000031
:1003C0000A000000A8010000E50102002503020068
:1003D000C80A0000C50A0200080D0000A8010000BC
:1003E00025077906E5040100F80200000A00000074
:1003F000A8010000E501040025030400C80A00006C
:10040000C50A0300080D0000A80100002507A50685
:10041000E5040100F80200000A000000A801000045
:10042000E501080025030800C80A0000C50A040009
:10043000080D0000A80100002507D106E504010011
:10044000F80200000A000000A8010000E501100009
:1004500025031000C80A0000C50A0500080D0000A9
:10046000A80100002507FD06E5040100F8020000D0
:100470000A000000A8010000E5012000250320007B
:10048000C80A0000C50A0600080D0000A801000007
:1004900025072907E5040100F80200000A00000012
:1004A000A8010000E501400025034000C80A000043
:1004B000C50A0700080D0000A80100002507550720
:1004C000E5040100F80200000A000000A801000095
:1004D000E501800025038000C80A0000C50A080065
:1004E000080D0000A801000025078107E5040100B0
:1004F000F80200000A000000A8010000E501000168
:1005000025030001C80A0000C50A0900080D000003
:10051000A80100002507AD07E5040100F80200006E
:100520000A000000A8010000E50100022503000206
:10053000C80A0000C50A0A00080D0000A801000052
:100540002507D907E5040100F80200000A000000B1
:10055000A8010000E501000425030004C80A00000A
:10056000C50A0B00080D0000A801000025070508BA
:10057000E5040100F80200000A000000A8010000E4
:10058000E501000825030008C80A0000C50A0C00A0
:10059000080D0000A801000025073108E50401004E
:1005A000F80200000A000000A8010000E5010010A8
:1005B00025030010C80A0000C50A0D00080D000040
:1005C000A801000025075D08E5040100F80200000D
:1005D0000A000000A8010000E5010020250300201A
:1005E000C80A0000C50A0E00080D0000A80100009E
:1005F00025078908E5040100F80200000A00000050
:10060000A8010000E501004025030040C80A0000E1
:10061000C50A0F00080D0000A80100002507B50855
:10062000E5040100F80200000A000000A801000033
:10063000E501008025030080C80A00008514000041
:10064000A80B000018020000C850000014000000B1
:1006500078590000750C8000850C8000B50A0300F5
:10066000E5010400B50C040006000008950A6100CD
:10067000484F0000950A6900484F0000950A710034
:10068000484F0000950A7900484F0000950A410044
:10069000484F0000950A4900484F0000950A510054
:1006A000484F0000950A5900484F0000950A210064
:1006B000484F0000950A2900484F0000950A310074
:1006C000484F0000950A3900484F0000950A010084
:1006D000484F0000950A0900484F0000950A110094
:1006E000484F0000950A1900484F0000B50A000065
:1006F00001008002750C0200850C0200E501040077
:10070000B50C0000C80A0000750C1800850C060026
:10071000F5001000C80A0000F5001100C80A00002A
:10072000F5001200C80A0000F5001300C80A000016
:10073000F5001400C80A0000F5001500C80A000002
:10074000F5001600C80A0000F5001700C80A0000EE
:10075000F5001800C80A0000F5001900C80A0000DA
:10076000F5001A00C80A0000F5001B00C80A0000C6
:10077000F5001C00C80A0000F5001D00C80A0000B2
:10078000F5001E00C80A0000F5001F00C80A00009E
:10079000F5002000C80A0000F5002100C80A00008A
:1007A000F5002200C80A0000F5002300C80A000076
:1007B000F5002400C80A0000F5002500C80A000062
:1007C000F5002600C80A0000F5002700C80A00004E
:1007D000F5002800C80A0000F5002900C80A00003A
:1007E000F5002A00C80A0000F5002B00C80A000026
:1007F000F5002C00C80A0000F5002D00C80A000012
:10080000F5002E00C80A0000F5002F00C80A0000FD
:10081000F5003000C80A0000F5003100C80A0000E9
:10082000F5003200C80A0000F5003300C80A0000D5
:10083000F5003400C80A0000F5003500C80A0000C1
:10084000F5003600C80A0000F5003700C80A0000AD
:10085000F5003800C80A0000F5003900C80A000099
:10086000F5003A00C80A0000F5003B00C80A000085
:10087000F5003C00C80A0000F5003D00C80A000071
:10088000F5003E00C80A0000F5003F00C80A00005D
:10089000A80B0000C85000001400000078590000A8
:1008A00045030100F5002000750C0300850C0300D2
:1008B000E5010400B50C040006000008150D100049
:1008C00008500000150D110008500000150D120011
:1008D00008500000150D130008500000150D1400FD
:1008E00008500000150D150008500000150D1600E9
:1008F00008500000150D170008500000150D1800D5
:1009000008500000150D190008500000150D1A00C0
:1009100008500000150D1B0008500000150D1C00AC
:1009200008500000150D1D0008500000150D1E0098
:1009300008500000150D1F0008500000150D0000A4
:1009400008500000150D010008500000150D0200B0
:1009500008500000150D030008500000150D04009C
:1009600008500000150D050008500000150D060088
:1009700008500000150D070008500000150D080074
:1009800008500000150D090008500000150D0A0060
:1009900008500000150D0B0008500000150D0C004C
:1009A00008500000150D0D0008500000150D0E0038
:1009B00008500000150D0F0008500000350D000014
:1009C00001008002980E0000A80B00004503000003
:1009D000C850000014000000B50B0300F509010029
:1009E000250001009509000125000000D50B0E002F
:1009F0000214000043000000D50B0A00F5090000B6
:100A000095090000950C000062090000C23000004A
:100A10004300000043000000380A0000E501040024
:100A2000B50C0400050C000006000008150C0000C1
:100A3000E50B3C00C80A0000E50B3400C80A0000C2
:100A4000E50B2C00C80A0000E50B2400C80A0000D2
:100A5000E50B0400C80A0000E50B0C00C80A000002
:100A6000E50B1400C80A0000E50B1C00C80A0000D2
:100A7000150C0100E50B3C00C80A0000E50B340032
:100A8000C80A0000E50B2C00C80A0000E50B240092
:100A9000C80A0000E50B0400C80A0000E50B0C00C2
:100AA000C80A0000E50B1400C80A0000E50B1C0092
:100AB000C80A0000150C0200E50B3C00C80A000043
:100AC000E50B3400C80A0000E50B2C00C80A000042
:100AD000E50B2400C80A0000E50B0400C80A00006A
:100AE000E50B0C00C80A0000E50B1400C80A000062
:100AF000E50B1C00C80A0000150C0300E50B3C00C8
:100B0000C80A0000E50B3400C80A0000E50B2C0001
:100B1000C80A0000E50B2400C80A0000E50B040029
:100B2000C80A0000E50B0C00C80A0000E50B140021
:100B3000C80A0000E50B1C00C80A0000150C0400E0
:100B4000E50B3C00C80A0000E50B3400C80A0000B1
:100B5000E50B2C00C80A0000E50B2400C80A0000C1
:100B6000E50B0400C80A0000E50B0C00C80A0000F1
:100B7000E50B1400C80A0000E50B1C00C80A0000C1
:100B8000150C0500E50B3C00C80A0000E50B34001D
:100B9000C80A0000E50B2C00C80A0000E50B240081
:100BA000C80A0000E50B0400C80A0000E50B0C00B1
:100BB000C80A0000E50B1400C80A0000E50B1C0081
:100BC000C80A0000150C0600E50B3C00C80A00002E
:100BD000E50B3400C80A0000E50B2C00C80A000031
:100BE000E50B2400C80A0000E50B0400C80A000059
:100BF000E50B0C00C80A0000E50B1400C80A000051
:100C0000E50B1C00C80A0000150C0700E50B3C00B2
:100C1000C80A0000E50B3400C80A0000E50B2C00F0
:100C2000C80A0000E50B2400C80A0000E50B040018
:100C3000C80A0000E50B0C00C80A0000E50B140010
:100C4000C80A0000E50B1C00C80A0000150C0800CB
:100C5000E50B3C00C80A0000E50B3400C80A0000A0
:100C6000E50B2C00C80A0000E50B2400C80A0000B0
:100C7000E50B0400C80A0000E50B0C00C80A0000E0
:100C8000E50B1400C80A0000E50B1C00C80A0000B0
:100C9000150C0900E50B3C00C80A0000E50B340008
:100CA000C80A0000E50B2C00C80A0000E50B240070
:100CB000C80A0000E50B0400C80A0000E50B0C00A0
:100CC000C80A0000E50B1400C80A0000E50B1C0070
:100CD000C80A0000C850000014000000A859000015
:100CE000E8550000F50A000028590000F50A010047
:100CF00028590000F50A020028590000F50A0300EF
:100D000028590000F50A040028590000F50A0500DA
:100D100028590000F50A060028590000F50A0700C6
:100D20002859000001008002980E0000085A0000B7
:100D3000C850000014000000A8590000080E000070
:100D4000D80F0000B5020400750200006502C03F24
:100D5000E5010900B5020900B810000065020000B5
:100D6000E5014100B5024100B8100000650200FE37
:100D700008110000985800004810000006200208E2
:100D8000B80D0000A50B040068550000F50A00002E
:100D9000D84D0000F50A0100D84D0000F50A020008
:100DA000D84D0000F50A0300D84D0000F50A0400F4
:100DB000D84D0000F50A0500D84D0000F50A0600E0
:100DC000D84D0000F50A0700D84D00000100800250
:100DD000980E0000085A0000C850000014000000DF
:100DE000A8590000E50A0800950B0800F50B0F0054
:100DF000D80F0000B5020400750200006502C03F74
:100E0000E5010900B5020900B81000006502000004
:100E1000E5014100B5024100B8100000650200FE86
:100E200008110000B5020400750200006502C03F11
:100E3000E5010101B5020101B8100000650200FEE4
:100E40000812000048100000B80D0000F50A040068
:100E50001502A0000600200801F4000506020000AB
:100E6000A50B0000884C000006020000A50B010045
:100E7000884C000006020000A50B0200884C000010
:100E800006020000A50B0300884C000006020000CB
:100E9000A50B0400884C000006020000A50B05000D
:100EA000884C000006020000A50B0600884C0000DC
:100EB00006020000A50B0700884C00000100000599
:100EC000980E0000085A0000C850000014000000EE
:100ED000A8590000E50A0800950B0800F50B090069
:100EE000D80F0000B5020400750200006502C007BB
:100EF000E5010900B5020900B81000006502000014
:100F0000E5014100B5024100B81000006502001E75
:100F100008110000B5020400750200006502C00758
:100F2000E5010101B5020101B81000006502001ED3
:100F30000812000048100000350200001502A00051
:100F400025022E0006202008B80D0000A50B040085
:100F5000050C0300150C000068550000D84D00007A
:100F600001008002980E0000085A0000C8500000DE
:100F700014000000A8590000E5010400B50C0000B1
:100F8000350C0100750C8001850C0200950C1300D6
:100F9000450C0900650C1B0028150000450B0200DC
:100FA000E50A0800950B0800D80F0000B502040000
:100FB0007502000065024000E5010900B502090064
:100FC000B810000065020000E5014100B5024100D3
:100FD000B81000006502007E08110000985800005B
:100FE00048100000B80D0000010000001502A1002B
:100FF00025026E00650B04000620200848530000FF
:1010000006002008220000004853000043000000B2
:1010100001008002650B0C00060020004200000069
:10102000485300004300000001000005650C00006B
:10103000450C0F00550C0300750CC001150B090081
:10104000550B0700350B2900250B0B00060020006F
:1010500052000000585400004300000001008002CC
:10106000550B0F00350B0900060020005200000050
:10107000585400004300000001008002250B1300BB
:1010800006002000520000005854000043000000F9
:1010900001000005980E0000085A0000C85000002A
:1010A0001400000012000000E175000001F40100CE
:1010B00026000000E175000001F40700E6010000D1
:1010C00002000000E175000001F4030026000000AA
:1010D000E175000001F40700E60100004300000094
:1010E000060040001600000043000000260000003B
:1010F00001748000090000000600200012000000BA
:101100000602000072010000884C0000430000004D
:1011100006001C004300000001F4800209000000EA
:10112000060020000602000072010000884C00004A
:101130004300000001F48002090000008513000054
:101140001514000075070000C50D0000550D0100C5
:1011500009000000B50A030002140000430000006B
:101160000100010001008002B50A02000214000023
:10117000430000000100070001008002060040005B
:1011800009000000350D01000214000043000000BA
:101190000100010001008002350D0300021400006F
:1011A000430000000100070001008002060040002B
:1011B0000900000035030200E501000035030000CE
:1011C000850301008503000009000000C500000040
:1011D00095140000980400005804000098050000D1
:1011E0002803000002DC0500430000004803000063
:1011F000A2010000430000008500FF37D50A4F0020
:101200007500FF3F8500FF3F02140000430000000F
:10121000E50C0100280B0000380D0000250000003F
:10122000E501000535000005E5010200150000009C
:10123000B8050000020F000043000000980D0000F8
:101240002509010078060000A8060000D806000065
:101250000900000006020000F20200000108000080
:10126000E107000001000000010001006200000031
:1012700001080000E1070000010000000100030078
:10128000430000000600400026000000430000006C
:1012900006001C000900000006020000F202000027
:1012A0000128000001100000E1070000010001001A
:1012B000620000000128000001100000E1070000AA
:1012C000010003004300000006004000260000006B
:1012D0004300000006001C0009000000F5090100A1
:1012E000950900010214000043000000F509000008
:1012F0009509000001F4000109000000050A6B01D6
:10130000050A0801050AB502150D0000D50B0900F4
:10131000E50B0000980E00004503010045030200A4
:10132000E84E00005813000088130000D80F00009A
:10133000B5020400750200006502C03FE501090026
:10134000B5020900B810000065020000E501410087
:10135000B5024100B8100000650200FE081100004F
:101360009858000048100000E50A0800950B070097
:10137000480F000015029D003502000005027600AE
:1013800025022E0006200208B80D0000A50B04005F
:10139000050C1100150C0000F50B0200685500004B
:1013A000080E000009000000B502040075020000EC
:1013B00065024000E5010101B5020101B81000001D
:1013C0006502000008120000090000005502DD0D52
:1013D000784E00005502FF0F784E00000900000013
:1013E000280B0000F80B00000900000078590000ED
:1013F000E50101003500010062010000430000002A
:1014000009000000E5010100350000006201000054
:1014100043000000A80B00000900000000000000CD
:101420000AD7233D295C8F3D295C0F3E5C8F423EED
:101430000AD7A33ECDCC344133335B410000984101
:101440000000A441CDCCAC41000000000000000031
:10145000293C0000163B0000D7630000325F00000B
:10146000738800005D7D00004AAC0000A697000074
:10147000A4D000000FAF00004CF70000A3C4000090
:1014800070FB0000F3E80000F6D20000C0BB0000D3
:10149000DCA40000E58E0000338200007D7B7C7AB6
:1014A000E7E61BE895B9AAAB01020304050600496B
:1014B00048303231332F4B4A9EA09F898A8B8CED66
:1014C000E907ACB191C696CA9ABEC2BACED2D6E2EC
:1014D000DADE7640447F64B5600D218D3C37A66C22
:1014E0002768582B705C144C5054EEEA08ADB29249
:1014F000C797CB9BBFC3BBCFD3D7E3DBDF774145D8
:101500008065B6610E228E3D38A76D2869592C7111
:101510005D154D5155EFEB09AEB393C898CC9CC007
:10152000C4BCD0D4D8E4DCE07842468166B7620F10
:10153000238F3E39A86E296A5A2D725E164E525676
:10154000F0EC0AAFB494C999CD9DC1C5BDD1D5D930
:10155000E5DDE17943478267B8631024903F3AA9FB
:101560006F2A6B5B2E735F174F5357888586261F34
:1015700083843BA1A213181A190C0B3487110000A5
:10158000000003000024010800000100FC23010802
:1015900003000100F823010801000100F423010801
:1015A00003000100F023010800000100EC23010802
:1015B00000000100E823010800000100E423010805
:1015C00000000100E023010800000100DC23010805
:1015D00000000100D8230108010C0100D4230108F8
:1015E000FF030100D0230108BD000100CC23010846
:1015F000BD000100C8230108BD000100C42301088B
:10160000BD000100C023010800000100BC23010847
:1016100001000100B823010801002000382301085F
:1016200000000100342301080000010030230108FC
:10163000000001002C2301080000010028230108FC
:101640005000020020230108C05D01001C23010896
:1016500040010100182301081500010014230108AE
:101660000000010010230108000001000C23010804
:101670000000010008230108010002000023010806
:1016800001000300F42201085D000100F0220108BE
:101690005D000100EC2201085D000100E822010864
:1016A0005D000100E422010801000100E0220108C0
:1016B00000000100DC22010800000100D82201081E
:1016C00000000100D422010800000100D02201081E
:1016D00000000100CC22010800000100C82201081E
:1016E00000000100C422010800000100C02201081E
:1016F00000000100BC22010800000300B022010824
:1017000000000400A0220108000001009C22010842
:101710000000010098220108000003008C2201084B
:101720000000010088220108020002008022010856
:101730000000020078220108000001007422010864
:101740000000010070220108000001006C22010865
:101750000000010068220108000005005422010871
:101760000000010050220108000001004C22010885
:101770000000010048220108000001004422010885
:101780000100050030220108010005001C220108AB
:10179000010005000822010801000500F4210108EC
:1017A00000000100F021010800000100EC21010807
:1017B00000000100E821010800000100E421010807
:1017C00000000900C021010800000A00982101085A
:1017D00000000500842101080000050070210108B7
:1017E000000001006C2101080000010068210108CF
:1017F00000000100642101080000010060210108CF
:10180000000001005C2101080000010058210108CE
:1018100000000100542101080000010050210108CE
:10182000000001004C2101080000010048210108CE
:1018300000000100442101080000010040210108CE
:10184000000001003C2101080000010038210108CE
:1018500000000100342101080000010030210108CE
:10186000000001002C2101080000010028210108CE
:1018700000000100242101080000010020210108CE
:10188000010005000C21010801000500F8200108F5
:1018900001000500E420010801000500D020010836
:1018A00001000100CC20010801000100C82001084E
:1018B00001000100C420010801000100C02001084E
:1018C00017000100BC20010817000100B820010822
:1018D00017000100B420010817000100B020010822
:1018E00007000100AC20010807000100A820010842
:1018F00007000100A420010807000100A020010842
:10190000010001009C20010801000100982001084D
:10191000010001009420010801000100902001084D
:10192000000001008C20010801000100882001084E
:10193000000001008420010800000100802001084F
:10194000000001007C20010800000100782001084F
:101950003F0001007420010804000100702001080C
:10196000000001006C20010801000100682001084E
:10197000000001006420010803000100602001084C
:10198000030001005C200108030001005820010849
:1019900003000100542001089D00010050200108AF
:1019A0004D0001004C20010801000500382001080D
:1019B0001F00010034200108000001003020010850
:1019C0000100020028200108000005001420010881
:1019D000000003000820010800000300FC1F0108AC
:1019E00000000300F01F010800000100EC1F0108C7
:1019F00000000100E81F010800000100E41F0108C9
:101A000000000100E01F010800000100DC1F0108C8
:101A100000000100D81F010800000100D41F0108C8
:101A200000000100D01F010800000200C81F0108CB
:101A300000000100C41F010800000100C01F0108D0
:101A400000000100BC1F010800000100B81F0108D0
:101A500000000100B41F010800000100B01F0108D0
:101A600000000100AC1F010800000100A81F0108D0
:101A700000000500941F010800000100901F0108EC
:101A8000000001008C1F010800000100881F0108F0
:101A900000000100841F010800000100801F0108F0
:101AA000000001007C1F010800000100781F0108F0
:101AB00000000100741F010800000100701F0108F0
:101AC000000001006C1F010800000100681F0108F0
:101AD00005000100641F010845000100601F0108A6
:101AE00000000200581F010800000200501F0108FA
:101AF00000000200481F010800000200401F01080A
:101B00000A0001003C1F010800000100381F010805
:101B100000000100341F010800000100301F01080F
:101B2000000001002C1F010801000500181F01081A
:101B300001000500041F010801000500F01E010856
:101B400001000500DC1E010800000200D41E01088F
:101B500000000100D01E010800000100CC1E010899
:101B600000000100C81E010800000100C41E010899
:101B700000000100C01E010800000100BC1E010899
:101B800000000100B81E010800000100B41E010899
:101B900000000100B01E010800000100AC1E010899
:101BA00000000100A81E010800000100A41E010899
:101BB00000000100A01E0108000001009C1E010899
:101BC00000000100981E010800000100941E010899
:101BD00000000100901E0108000001008C1E010899
:101BE00000000100881E010800000100841E010899
:101BF00000000100801E0108000001007C1E010899
:101C000000000100781E010800000100741E010898
:101C100000000100701E0108000001006C1E010898
:101C200000000100681E010800000100641E010898
:101C300000000100601E0108000001005C1E010898
:101C400000000100581E010800000100541E010898
:101C500000000100501E0108000001004C1E010898
:101C600000000100481E010800000100441E010898
:101C700000000100401E0108000001003C1E010898
:101C800000000100381E010800000100341E010898
:101C900000000100301E0108000001002C1E010898
:101CA00000000100281E010800000100241E010898
:101CB00000000100201E0108080001001C1E010890
:101CC00020000100181E010800000100141E010878
:101CD00000000100101E0108000001000C1E010898
:101CE00000000100081E010800000100041E010898
:101CF00000000100001E010800000100FC1D010899
:101D000000000100F81D010800000100F41D010899
:101D1000613132312D76312E31302E30000000000D
:101D200000000000000000000000000000000000B3
:101D300000000000000000000000000000000000A3
:101D40000000000000000000000000000000000093
:101D50000000000000000000000000000000000083
:101D60000000000000000000FFFF0000A5EA0008DE
:101D7000B5EA00080000000019200008ED02000884
:101D800050000000A0000100080010010000000148
:101D90000300000050000000A00001000800100136
:101DA000000000010300000050000000A00001003E
:101DB00008001001000000010300000050000000B6
:101DC000A000010008001001000000010300000055
:101DD0000000000000000000010000000100010000
:101DE00002000100A00000000C00180030004800B4
:101DF0007800000032033000F702B000C202B000E9
:101E00008D02B0005802B000F8029000C3029000AA
:101E10008E02900059029000E400D000F40090007F
:101E2000F700D1000703B000D202B0009D02B0005D
:101E30006802B00005033100D00231009B0231007E
:101E40006602310005033000D00230009B023000F2
:101E5000660230000603B000D102B0009C02B00060
:101E60006702B00001033100CC023100970231005B
:101E7000620231000403B200CF02B2009A02B20043
:101E80006502B20013031002DE021002A902100262
:101E9000740210020B031002D6021002A1021002FB
:101EA0006C0210020303B000CE02B0009902B00031
:101EB0006402B0000203B000CD02B0009802B0008E
:101EC0006302B00002033500CD02350098023500F0
:101ED000630235003A01B0004601B0001902250046
:101EE000380225003C022500430225004702250058
:101EF000D7012500F6012500FA0125000102250081
:101F00000502250095012500B4012500B801250032
:101F1000BF012500C30125005301250072012500E2
:101F2000760125007D01250081012500FB0290003E
:101F3000C6029000910290005C02900047030402E8
:101F4000FE02081028030810C9020810F302081046
:101F500094020810BE0208105F02081089020810DF
:101F6000DE00F700DE00F0002402F000E201F000E5
:101F7000A001F0005E01F000F3003000F3007700F4
:101F8000F300D1007100072072000402A1001002CA
:101F9000A2001002200008102700081031000810CD
:101FA0006F000810750007201B031002E6021002E4
:101FB000B10210027C02100217031002E2021002AA
:101FC000AD02100278021002C100B0003901B00069
:101FD000FA029000C5029000900290005B0290000F
:101FE000FC02B001C702B0019202B0015D02B00173
:101FF0009100081092000810930008108E0008103D
:102000008F000810900008108B0008108C0008103A
:102010008D0008103500081088000810890008108D
:102020008A00081096000810840008109400081018
:10203000380008104001B000490125004901260080
:10204000490127004901280049012900B803B001CE
:10205000B903B0014202040200020402BE010402FC
:102060007C01040236015100F2003000F2007700DA
:10207000F200D100F500D0000F031002DA021002C6
:10208000A502100270021002320331003203320046
:1020900025020720E3010720A10107205F01072097
:1020A00026020402E4010402A20104026001040207
:1020B00028020402E6010402A401040262010402EF
:1020C00041020720FF010720BD0107207B010720F7
:1020D00019022B0038022B003C022B0043022B007C
:1020E00047022B00D7012B00F6012B00FA012B0031
:1020F00001022B0005022B0095012B00B4012B00DF
:10210000B8012B00BF012B00C3012B0053012B0092
:1021100072012B0076012B007D012B0081012B0029
:102120002F020720ED010720AB01072069010720DE
:1021300031020402EF010402AD0104026B0104024A
:102140005302A4001102A400CF01A4008D01A40039
:102150005202A4001002A400CE01A4008C01A4002D
:102160005102A4000F02A400CD01A4008B01A40021
:10217000250007202F000710730008107C000810AE
:102180007E0008101F0007202600071030000710EF
:10219000740008107B000810280007203200071088
:1021A0003900081041000710460005104B000820B8
:1021B0004C0008204F00081054000820550008204B
:1021C0002100072029000710330007103A000810EB
:1021D00040000710470005104A0008205000081072
:1021E00053000810F6029000C10290008C0290008B
:1021F0005702900019023701380237013C023701BB
:102200004302370147023701D7013701F601370191
:10221000FA01370101023701050237019501370143
:10222000B4013701B8013701BF013701C3013701DC
:102230005301370172013701760137017D01370102
:10224000810137011502B001D301B0019101B00144
:102250004F01B0012E0007106B0007107F0008200F
:1022600080000810820007201402F000D201F00064
:102270009001F0004E01F0002B0330002F033000DE
:102280002B0354002F035400360007103F000810A2
:1022900086000820AF000810590010025A001002F2
:1022A000220008102A000810340008103E00081010
:1022B0001B00051067000810680008201F02072097
:1022C000DD0107209B01072059010720200204029D
:1022D000DE0104029C0104025A01040248010402C6
:1022E000110107202003B001EB02B001B602B001DA
:1022F0008102B001060024000D0024001400240017
:102300006A0008204A0126003301570033015500B6
:10231000330153003501B00016010402FB00040232
:10232000000104020B0104022B020402E901040271
:10233000A70104026501040275010620780131003D
:1023400078013200790106208001062083013200E5
:10235000840106208A010620B7010620BA01310057
:10236000BA013200BB010620C2010620C5013200BD
:10237000C6010620CC010620F9010620FC0131002F
:10238000FC013200FD010620040206200702320093
:10239000080206200E0206203B0206203E02310003
:1023A0003E0232003F020620460206204902320069
:1023B0004A0206205002062028010810C500D0005D
:1023C0002103B001EC02B001B702B0018202B001FA
:1023D0009C0090019D009001F902D000C402D00041
:1023E0008F02D0005A02D000DF005A00DF0039000F
:1023F000DF005600DF003500DF005200DF00310053
:10240000B6003200BD003200BF00320030BFC363EF
:1024100035030100E50108003503080085030100CC
:102420008503000014000000A847000035030100E8
:10243000E50110003503100085030100850300004D
:1024400014000000A847000035030100E50120004A
:1024500035032000850301008503000014000000FF
:10246000D832000000000000B84B00002508000032
:1024700035080100450801004008000088090000F7
:10248000A506A00B0000000017020000F0090000E4
:102490003702000070050000A80F000000000000D7
:1024A0008702000080020000F0090000B70200006F
:1024B000B0020000700500009810000008460000FF
:1024C00000000000200300002003000020030000A3
:1024D000F0090000500300005003000070050000E8
:1024E000A0060000E0030000C84C0000100C000033
:1024F000404A0000204C000048040000583500000D
:1025000078360000500A0000500A0000E001000088
:1025100040020000D702000014000000050800007F
:102520008506C0098006400A8006200909000000CF
:1025300018370000A80F000098100000084600009F
:102540000900000018370000404A0000204C00003D
:102550000900000018370000204C0000981000000F
:102560000846000009000000F84900008848000003
:102570005505000065050000450501000900000043
:10258000E5010800A50600008515040035030300D9
:10259000E501080035030800C506A46EB837000041
:1025A0008503010085030000A038000028380000E2
:1025B00009000000D0130000E006000088080000B9
:1025C0001707000068250000F009000068090000F6
:1025D0002708000002000000404A0000204C0000D4
:1025E000B707000035070300D84E00000A000000BE
:1025F00035070200F8090000A00F0000901000004D
:10260000000000000046000088080000600900008B
:10261000430000005708000078280000D81300008D
:1026200000000000184800000900000060250000BC
:10263000E014000070280000B0280000001900001D
:10264000C02B0000002C0000201D0000102F0000F7
:10265000502F00004021000060320000D81300001D
:1026600009000000E014000009000000F50101006D
:102670000600000885150200851501009515FF0369
:10268000A515010C09000000A84900001848000029
:1026900025050000350500001505010009000000B2
:1026A000D50701002506646B3507890D4507890D9F
:1026B00085061400D84E00002A0000002506000000
:1026C00085060000450700001048000009000000D2
:1026D00045000000E501860035008400420100004D
:1026E00043000000B50C0B0082CE01004300000047
:1026F000683300002839000045000100090000008F
:10270000B50C000009000000B50C00000900000035
:10271000A50B0000F50B0000050C1200150C0000C5
:10272000E50B0000950B0500483B00000620220049
:1027300038420000B5020400750200006502400046
:10274000E5010101B5020101A84100006502000098
:10275000783F0000A8420000D83B0000017C000741
:10276000F2030000017C010006004000430000006D
:1027700001000005283C000009000000D5080A00FF
:10278000E5081A00450285225502FD0109000000F6
:10279000A5010000D5000000E5000000F5002000C4
:1027A00005010000150100002501000035010000B1
:1027B0008501000045010000550100006501000091
:1027C0007501000095010000950001007500FF37BC
:1027D00009000000350A0900550A0000C50A080072
:1027E000650A3F08250A6000950A0100250A7F0056
:1027F00009000000D83C000002DC05004300000096
:10280000D5000000E500000075000300020500008F
:10281000430000008500030025000000180B0000A5
:1028200025000100E501020075000000090000001C
:10283000583A0000180E0000020500004300000096
:102840008500FF37D50A4F007500FF3F8500FF3F29
:1028500050110000050A6B01050A0801050AB502BE
:10286000E50C01000214000043000000280F0000E6
:10287000450301004503020038130000483B0000F7
:10288000184500005845000078440000A8450000A5
:1028900025000000E501000535000005E501020006
:1028A00015000000020F0000430000001843000064
:1028B000883A0000E50101003500010062010000D6
:1028C00043000000C80D0000784E000025090100FB
:1028D0009500FF4009000000050D0100250D0100D5
:1028E000150D1500A50A0100450D8700090000001F
:1028F000A50B0000F50A000025022E0009000000CB
:10290000083B000078440000E5011F00150B1F0084
:1029100038420000C8400000A84200000620220003
:10292000E50A0800F50A0000883B000002000000EC
:10293000E10300034300000001008002283C000086
:102940000900000035020000150200000602200008
:102950002200000032000000E17F800001F400004E
:102960001600000043000000C60100004300000004
:10297000E715000002000000F81600004300000008
:1029800006001C00350200009016000072000000D6
:102990000602000072010000F8160000430000006B
:1029A0000200000006001C0043000000430000007D
:1029B000E71600000602000002000000F816000002
:1029C00043000000090000001200000001F40000B4
:1029D00012000000E17F80002600000001F40100E9
:1029E00000008000E17F8000E601000001F40700A4
:1029F0000000800743000000601800003200000063
:102A0000E17F80002600000001F403000000800048
:102A1000E17F8000E601000001F40700000080076C
:102A200043000000060040001600000043000000C4
:102A300026000000000080000600000006000000E4
:102A4000060000000174800009000000350200004B
:102A500015020000060220002200000032000000E3
:102A6000E17F800001F40000160000004300000038
:102A7000C601000043000000071A00000200000029
:102A8000181B00004300000006001C003502000077
:102A9000B01A00007200000006020000720100007F
:102AA000181B0000430000000200000006001C008C
:102AB0004300000043000000071B00000602000066
:102AC00002000000181B0000430000000900000085
:102AD0001200000001F4000012000000E17F8000FD
:102AE0002600000001F4010000008000E17F80006A
:102AF000E601000001F40700000080074300000029
:102B0000801C000032000000E17F800026000000F1
:102B100001F4030000008000E17F8000E601000076
:102B200001F4070000008007430000000600400099
:102B30001600000043000000260000000000800096
:102B4000060000000600000006000000017480007E
:102B500009000000350200001502000006022000F6
:102B60002200000032000000E17F800001F400003C
:102B70001600000043000000C601000043000000F2
:102B8000271E000002000000381F00004300000064
:102B900006001C0035020000D01E0000720000007C
:102BA0000602000072010000381F00004300000010
:102BB0000200000006001C0043000000430000006B
:102BC000271F00000602000002000000381F00005E
:102BD00043000000090000001200000001F40000A2
:102BE00012000000E17F80002600000001F40100D7
:102BF00000008000E17F8000E601000001F4070092
:102C00000000800743000000A02000003200000008
:102C1000E17F80002600000001F403000000800036
:102C2000E17F8000E601000001F40700000080075A
:102C300043000000060040001600000043000000B2
:102C400026000000000080000600000006000000D2
:102C50000600000001748000090000003502000039
:102C600015020000060220002200000032000000D1
:102C7000E17F800001F40000160000004300000026
:102C8000C6010000430000004722000002000000CF
:102C9000582300004300000006001C00350200001D
:102CA000F022000072000000060200007201000025
:102CB00058230000430000000200000006001C0032
:102CC000430000004300000047230000060200000C
:102CD000020000005823000043000000090000002B
:102CE0001200000001F4000012000000E17F8000EB
:102CF0002600000001F4010000008000E17F800058
:102D0000E601000001F40700000080074300000016
:102D1000C024000032000000E17F80002600000097
:102D200001F4030000008000E17F8000E601000064
:102D300001F4070000008007430000000600400087
:102D40001600000043000000260000000000800084
:102D5000060000000600000006000000017480006C
:102D60000900000098130000F50B0000050C00009E
:102D7000150C0000E50B0000950B0000E50A0000B3
:102D8000050200000620020010340000050B0000C0
:102D9000050B0C00050B0000150B0000250B0000B7
:102DA000350B0100450B0000550B0000650B0000C2
:102DB00038420000B5020400750200006502000000
:102DC000E5010900B5020900A84100006502000004
:102DD000E5014100B5024100A84100006502000084
:102DE000783E0000B5020400750200006502000094
:102DF000E5010101B5020101A841000065020000E2
:102E0000783F0000A84200001828000009000000D8
:102E100015095D00F508BD00E5010020F50800205A
:102E2000010000000900000001000005283C00002E
:102E3000004E00000900000098130000F50B000090
:102E4000050C0000150C0000E50B0000950B0000C0
:102E5000E50A000005020000062002001034000010
:102E6000050B0000050B0C00050B0000150B000006
:102E7000250B0000350B0100450B0000550B000031
:102E8000650B000038420000B50204007502000026
:102E900065020000E5010900B5020900A841000033
:102EA00065020000E5014100B5024100A8410000B3
:102EB00065020000783E0000B502040075020000C3
:102EC00065020000E5010101B5020101A841000011
:102ED00065020000783F0000A8420000682B000057
:102EE0000900000015095D00F508BD00E50100209E
:102EF000F5080020010000000900000001000005A5
:102F0000283C0000004E000009000000981300005B
:102F1000F50B0000050C0000150C0000E50B00008F
:102F2000950B0000E50A00000502000006200200E3
:102F300010340000050B0000050B0C00050B000011
:102F4000150B0000250B0000350B0100450B0000A0
:102F5000550B0000650B000038420000B50204006C
:102F60007502000065020000E5010900B5020900D4
:102F7000A841000065020000E5014100B5024100E2
:102F8000A841000065020000783E0000B502040080
:102F90007502000065020000E5010101B5020101B2
:102FA000A841000065020000783F0000A842000030
:102FB000B82E00000900000015095D00F508BD00ED
:102FC000E5010020F50800200100000009000000D4
:102FD00001000005283C0000004E00000900000030
:102FE00098130000F50B0000050C0000150C000004
:102FF000E50B0000950B0000E50A0000050200004B
:103000000620020010340000050B0000050B0C0028
:10301000050B0000150B0000250B0000350B01000F
:10302000450B0000550B0000650B00003842000006
:10303000B50204007502000065020000E501090008
:10304000B5020900A841000065020000E501410049
:10305000B5024100A841000065020000783E000072
:10306000B50204007502000065020000E5010101DF
:10307000B5020101A841000065020000783F000090
:10308000A8420000083200000900000015095D0098
:10309000F508BD00E5010020F50800200100000052
:1030A0000900000001000005283C0000004E00005F
:1030B00009000000E5013100C508200009000000FA
:1030C0006503C000B5070200B5082A00A832000059
:1030D0000900000055080200F5050100350C040048
:1030E00009000000D50701002506E4006507060079
:1030F000E507080045061400D84E00000A0000004D
:10310000F848000028490000650727000900000072
:10311000350C0200350C0300E5010100050B010030
:10312000E5010200D50A0000A200000043000000F3
:1031300009000000E5010800A506000025030300C2
:10314000E501080025030800C506046FB837000034
:1031500095030100950300002838000009000000D5
:1031600015080000E5010800A5060800D84E00007B
:103170002A000000090000002508000025060000C4
:103180003507030045070300D84E00000A00000081
:10319000090000002508010009000000F5010110E8
:1031A0000600000809000000E5010400850604008F
:1031B000D50701002506C46DD84E00002A00000086
:1031C0000900000025060000850600000900000037
:1031D000E836000018480000884800000900000098
:1031E000E50110003503100009000000E5011000A2
:1031F0002503100009000000D50701002506140072
:10320000D84E00002A00000025060000C506000078
:1032100009000000E5061800D84E00000A00000072
:10322000E50600003508010088090000A506A00B8E
:103230000900000005071800D84E00000A00000031
:10324000050700004508010048360000A506406952
:1032500009000000E50186003500840042010000FD
:1032600043000000E5010300B50C0100620000000E
:1032700043000000D50701002506E40065070600AD
:10328000E507080045061800D84E00000A000000B7
:10329000F8480000284900006507270009000000E1
:1032A000E5010300B50C03000900000068330000CD
:1032B000E501020035000200620100004300000049
:1032C000E501840035000000090000001502360009
:1032D00005020E0025022E0009000000150236002E
:1032E00005020E00250293000900000015094D009B
:1032F000F5089D00E5010020F50800200900000008
:1033000015095D00F508BD00E5010020F508002065
:1033100009000000E5010020F508000000000000A1
:103320000000000025000100E50102001500020078
:1033300025000000E5010200150000000900000062
:1033400065007F0009000000650000000900000022
:103350007500010009000000D5000000E501020031
:103360009500020009000000A5010000E500000032
:10337000F5002000050100001501000025010000F6
:1033800035010000450103005501030085010300DC
:10339000650103007501030095010300E501F77F56
:1033A0009500F57F09000000E501FF016502E001DD
:1033B000E5011100B5021100A8410000E501FF017F
:1033C0006502FF01E5012100B5022100A8410000CE
:1033D000E501FF016502F801E5018100B502810008
:1033E000A841000009000000E501FF016502C001DD
:1033F000E5010102B5020102A8410000E501FF015B
:103400006502FF01E5010104B5020104A8410000C5
:10341000E501FF016502F801E5010108B5020108B7
:10342000A8410000E501FF016502FF01E50101106F
:10343000B5020110A841000009000000B502040017
:103440006502003FB5020D00F84100006502C0FFB3
:10345000B5021500F84100006502F0FFB5028500D5
:10346000F84100006502FFFFB5022500F8410000A9
:1034700009000000B208000043000000E501F91F48
:10348000B502000009000000B2080000430000007F
:10349000B502040009000000E50100053500000048
:1034A000E501001835000018E501000535000005AC
:1034B00009000000E501000535000000E5010018E5
:1034C00035000000E5010005350000050900000099
:1034D000450A0100450A000065070300D5070800FA
:1034E0002506140058490000A847000025073900A8
:1034F000F50400000505803EE5040100D84E0000FB
:103500000A000000A8470000F84800006507000016
:1035100009000000250A0000950A0000250A0000A5
:10352000650A000009000000050B0000050B0C00F7
:10353000050B0000150B1F00250B0000350B0100CB
:10354000450B0000550B0000650B00000900000052
:10355000F50B0000050C0E00150C00000900000022
:10356000950B0700A50B0400E50A0700F50A040007
:1035700009000000D50B0500B50B03000900000091
:10358000D50B0500B50B0000090000003842000013
:10359000B5020400750200006502C03FE5010101AB
:1035A000B5020101A8410000650200FE783F00005D
:1035B000A8420000483B000006202200D83B000043
:1035C000F5090100E50100039509000101F400007F
:1035D000D50B0500024B000043000000D50B09008D
:1035E000F5090000E501000395090000283C0000F2
:1035F0000900000025070000B50501006200000079
:1036000043000000B5050000E504000009000000CB
:1036100035070000C50501006200000043000000FE
:10362000C505000015050000090000004507000061
:10363000D50501006200000043000000D505000030
:10364000450500000900000025060000D507000020
:103650000900000045060000E50700000900000021
:1036600015000400E5010800350000001500000009
:103670000900000015000800E501100035000000F9
:10368000150000000900000015001000E5012000F1
:103690003500000015000000090000009500010041
:1036A000E50C000025090000283900002500010074
:1036B000E501020015000200E5010600850000009A
:1036C000E501060075000000D8450000984E000096
:1036D000E501010035000000620100004300000028
:1036E00028440000D50A000085000100183D0000B4
:1036F000783D00000900000028330000C5000000EC
:1037000095140000783D0000383D0000F80B0000E3
:1037100009000000D80B0000E50101008500000051
:10372000E501010075000000383D0000E5010200E0
:1037300015000000F83C000009000000950C130083
:10374000750C3800850C02001502360005020E00CB
:1037500025022E00062022001509ED00F508DD01E6
:10376000E5010020F5080020010000050100010529
:103770000100000506004000283C0000750C000018
:10378000850C0000950C000009000000350C0000BD
:10379000350C0400E5010100050B0000E501020005
:1037A000D50A020009000000450DFF0009000000D5
:1037B000450D0000A50A0000050D000009000000ED
:1037C000520000004300000009000000000000005B
:1037D00000000000000000000000000000000000E9
:1037E00000000000000000000000000000000000D9
:1037F00000000000000000000000000000000000C9
:1038000000000000000000000000000000000000B8
:1038100000000000000000000000000000000000A8
:103820000000000000000000000000000000000098
:103830000000000000000000000000000000000088
:103840000000000000000000000000000000000078
:103850000000000000000000000000000000000068
:103860000000000000000000000000000000000058
:103870000000000000000000000000000000000048
:103880000000000000000000000000000000000038
:103890000000000000000000496E76616C69642041
:1038A00073656E736F722068616E646C65000000F2
:1038B00073656E736F720000546F6F206C61726776
:1038C000652073656E736F7220627566666572201F
:1038D000757361676500000072616461725F656E97
:1038E00067696E655F6131323100000072756E6E1E
:1038F000696E670073746F70706564005B256C752A
:103900005D2053656E736F722025734025687500C6
:1039100073656E736F725F7374617475735F613119
:10392000323100005B256C755D20536372617463F6
:103930006870616420636F6E666967202568753AF8
:103940002030782530346878000000005B256C75E5
:103950005D2077616B6575705F737461747573302A
:103960003A20307825303468780000005B256C758B
:103970005D20696E7075746D75785F77616B6575C4
:10398000705F696E7075742568755F636F6E6669C8
:10399000673A203078253034687800005B256C75F4
:1039A0005D2077616B6575705F696E7075742568F1
:1039B000755F77616B6575705F636F6E6669673A97
:1039C00020416464723D2568753A20307825303492
:1039D000687800005B256C755D2077616B6575709C
:1039E0005F696E7075742568755F61636B5F636F87
:1039F0006E6669673A20202020416464723D256824
:103A0000753A203078253034687800005B256C7575
:103A10005D20537461636B206C6576656C2025684E
:103A2000753A20416464723D2568753A20256875B1
:103A3000000000005B256C755D20417369632065A3
:103A400072726F723A203078253034687800000046
:103A50005B256C755D2020204552524F523A20253F
:103A600073000000253032753A253032753A253022
:103A700032752E253033752028256329202825739B
:103A8000292025730A0000004557495644000000CC
:103A9000496E76616C6964206E756D626572206F27
:103AA0006620737562737765657073007472616EFA
:103AB000736C6174696F6E5F6131323100000000B8
:103AC000496E76616C69642073776565705F7261B9
:103AD00074650000656E61626C655F636361206E92
:103AE0006F742076616C6964207769746820646FF4
:103AF00075626C655F627566666572696E67000007
:103B000053756273776565702025687520686173E9
:103B100020696E76616C6964205052460000000096
:103B2000496E76616C6964206672616D655F726171
:103B300074650000496E76616C6964207365747405
:103B4000696E677320666F7220636F6E74696E753D
:103B50006F75735F73776565705F6D6F6465000087
:103B6000696E7465725F6672616D655F69646C65CC
:103B70005F7374617465206D757374206265207461
:103B800068652073616D65206F722064656570657E
:103B900072207468616E20696E7465725F737765F8
:103BA00065705F69646C655F7374617465000000C3
:103BB000496E76616C696420696E7465725F6672C5
:103BC000616D655F69646C655F7374617465000045
:103BD000496E76616C696420696E7465725F737793
:103BE0006565705F69646C655F737461746500001E
:103BF000496E76616C6964206877616173000000CA
:103C0000496E76616C696420636F6D62696E617480
:103C1000696F6E206F66206C6F6F706261636B20DE
:103C2000616E642070726F66696C6500496E7661C2
:103C30006C696420636F6D62696E6174696F6E2078
:103C40006F662070726F66696C6520616E642070AB
:103C500072660000496E76616C69642070726F66EE
:103C6000696C6500496E76616C6964207374657077
:103C70005F6C656E67746800496E76616C6964207C
:103C80006E756D5F706F696E74730000706861733C
:103C9000655F656E68616E63656D656E74206E6FDD
:103CA000742076616C696420776974686F7574201C
:103CB00073756274726163745F696E5F6275666664
:103CC00065720000496E76616C696420737461727C
:103CD0007420706F696E7400496E76616C6964203F
:103CE0006E756D626572206F6620706F696E747399
:103CF000206F722073746570206C656E6774680045
:103D0000496E76616C6964207072660053746172EA
:103D10007420706F696E74206F722072616E6765B7
:103D200020746F6F2066617200000000537461722E
:103D30007420706F696E7420746F6F20636C6F7382
:103D400065000000496E76616C6964207265636588
:103D5000697665725F6761696E000000496E766121
:103D60006C696420545820706F7765722061747498
:103D7000656E756174696F6E000000004661696C64
:103D8000656420746F2063616C63756C6174652079
:103D900070756C7365736861706572207365747497
:103DA000696E677321000000546865206D61786951
:103DB0006D756D207377656570207261746520691B
:103DC00073202564000000006163635F696E7465A1
:103DD00067726174696F6E5F7365745F7065726935
:103DE0006F6469635F77616B657570206D7573745F
:103DF0002062652063616C6C6564207072696F720B
:103E000020746F2063616C6C696E672074686973DD
:103E10002066756E6374696F6E000000496E76618E
:103E20006C696420636F6E6669672068616E646C9C
:103E300065000000636F6E6669670000496E766119
:103E40006C696420737562737765657020696E6450
:103E5000657800002D2D2D2D2D2D20424547494EF2
:103E6000202D2D2D2D2D2D2053656E736F72205317
:103E70007461747573204C6F67202D2D2D2D2D2DA1
:103E800020424547494E202D2D2D2D2D2D0000007F
:103E90005B256C755D2025733A20307825303468B9
:103EA000780000002D2D2D2D2D2D2D20454E442048
:103EB0002D2D2D2D2D2D2D2053656E736F722053BA
:103EC0007461747573204C6F67202D2D2D2D2D2D51
:103ED0002D20454E44202D2D2D2D2D2D2D00000063
:103EE0004C6F61643A205472616E73666572207320
:103EF000697A6520697320746F206C617267650050
:103F000073656E736F725F636F6D6D5F61313231B8
:103F100000000000496E76616C69642070726F6306
:103F2000657373696E672068616E646C650000007C
:103F300070726F63657373696E6700004E6F7420F3
:103F4000706F737369626C6520746F207265636F44
:103F50006E666967757265207768656E20646F7537
:103F6000626C6520627566666572696E672069734A
:103F700020636F6E666967757265640053656E7362
:103F80006F7220256C75206E6F7420726561647984
:103F900020746F2062652075706461746564000030
:103FA0006370645F613132315F6D6561735F73654A
:103FB0007373696F6E000000556E61636B6E6F778F
:103FC0006C6564676564206576656E7420646574ED
:103FD0006563746564206F6E2073656E736F722005
:103FE000256C750073656E736F725F70726F746F9E
:103FF000636F6C5F613132310000000053656E7396
:104000006F7220256C75206E6F7420726561647903
:1040100020666F72206C6F6164696E672061206E2C
:1040200065772070726F6772616D00004C6F61641C
:104030002070726F6772616D206661696C656400E3
:1040400053656E736F7220256C75206E6F742072CD
:104050006561647920666F722072756E6E696E6735
:104060002061206E65772070726F6772616D00004D
:10407000496E76616C69642062756666657220734C
:10408000656E736F7220256C7500000047656E6564
:104090007269633120496E74657272757074206143
:1040A0006C726561647920636C6561726564206F10
:1040B0006E2073656E736F7220256C7500000000B2
:1040C0004E6F206576656E7420636F6465205B308B
:1040D0007825785D2072656365697665642066720F
:1040E0006F6D2073656E736F7220256C7500000014
:1040F0004572726F72206576656E7420636F6465B9
:10410000205B307825785D2072656365697665642B
:104110002066726F6D2073656E736F7220256C75EB
:1041200000000000496E76616C6964206576656EFA
:104130007420636F6465205B307825785D2072653C
:104140006365697665642066726F6D2073656E7352
:104150006F7220256C75000053707572696F7573EE
:10416000206576656E742072656365697665642086
:104170007768656E20444F4E45206578706563749E
:10418000656421205265636569766564206576659E
:104190006E7420636F6465203D202564000000007C
:1041A00063616C6962726174696F6E5F6131323133
:1041B0005F63616C5F73657373696F6E000000000D
:1041C0004F66667365743A20256875204D6F646983
:1041D00066792076616C7565203D20256C752074AC
:1041E0006F6F206C6172676520286D6178696D75ED
:1041F0006D20256C75290000636F6E6670726F67A5
:1042000072616D00496E76616C69642064617461ED
:10421000206F627461696E656420666F72207061E0
:10422000746368696E670000496E76616C6964202A
:104230007265666572656E63652066726571756527
:104240006E6379202573256C752E2530366C7520AC
:10425000487A00006370645F706C6C5F64697669B3
:10426000736F72730000000053656E736F7220638A
:10427000616C6962726174696F6E2073746570201D
:104280002564206661696C656400000063616C6987
:1042900062726174696F6E5F6131323100000000DB
:1042A000646F6E655F6572726F7200007374616334
:1042B0006B5F6F766572666C6F7700007374616315
:1042C0006B5F756E646572666C6F77007370695FA3
:1042D000756E6B6E6F776E5F636D64007370695F90
:1042E0006D697373696E675F61636B006164635FBF
:1042F0006669666F5F66756C6C0000006164635F81
:10430000746F6F5F666173740000000041736963CE
:10431000206964656E746974793A0000537461634E
:104320006B5F6C6576656C5F7374617475735F72D7
:104330006567697374657200496E74657272757031
:104340007420737461747573207265676973746522
:10435000720000005374617465206E6F7420757371
:1043600065640000656C656D656E745F6672616D95
:10437000650000005363726174636820697320757F
:1043800073656420627574206E6F742073657400A9
:104390005363726174636820616E64207374617426
:1043A00065206E6F7420757365640000656C656DC3
:1043B000656E745F73696E6B5F613132315F63612B
:1043C0006C6C6261636B00004F7574707574206370
:1043D000616E206E6F742062652073657420666F55
:1043E000722073696E6B20656C656D656E7400007C
:1043F000496E76616C69642068616E646C6500006A
:104400006465746563746F725F70726573656E6303
:1044100065000000496E76616C696420636F6E66AA
:10442000696775726174696F6E0000004661696C3E
:10443000656420746F2072657365742062756666AA
:104440006572732C206E6F206275666665727320CC
:10445000616C6C6F63617465640000006465746511
:1044600063746F725F70726573656E63655F70729F
:104470006F63657373696E6700000000496E766153
:104480006C69642063616C6962726174696F6E004B
:104490004F7574206F66206D656D6F727900000036
:1044A0007273735F696E746567726174696F6E00B1
:1044B000416464726573733A20256875204D6F649A
:1044C0006966792076616C7565203D20256C7520C4
:1044D000746F6F206C6172676520286D6178696DFB
:1044E000756D20256C752900496E76616C696420B4
:1044F00064617461206F627461696E656420666FC7
:1045000072206C697665207061746368696E6700FB
:104510004163636F6E65657220736F667477617255
:10452000652076657273696F6E2025730A0000003E
:10453000416C6C6F636174652070726573656E6346
:104540006520636F6E666967206661696C656400EB
:104550006163635F6465746563746F725F707265D5
:1045600073656E63655F636F6E6669675F637265CF
:104570006174652829206661696C6564000000002B
:10458000416C6C6F636174652070726573656E63F6
:10459000652068616E646C65206661696C656400A5
:1045A000706970656C696E655F6131323100000061
:1045B0004661696C656420746F2067657420726160
:1045C00064617220656E67696E65206D65746164F3
:1045D00061746100706970656C696E655F737562A6
:1045E0007377656570000000506970656C696E6571
:1045F000206E6F742070726F7065726C79206173B9
:1046000073656D626C656400417373656D626C65A2
:1046100020737562737765657020706970656C6969
:104620006E65206661696C6564000000416C6C6FAA
:10463000636174652070726F63657373696E672060
:1046400068616E646C65206661696C005468652001
:1046500066696C74657220706172616D65746572F3
:10466000732061726520696E76616C696400000078
:1046700073657475705F70726F63657373696E676D
:104680005F706172616D6574657273206661696CDB
:1046900000000000416C6C6F636174652062756698
:1046A00066657273206661696C00000070726F63EA
:1046B000657373696E675F627566666572735F7353
:1046C00065747570206661696C0000006163635FEA
:1046D0006465746563746F725F70726573656E6331
:1046E000655F6372656174652829206661696C6520
:1046F000640000006163635F6465746563746F7276
:104700005F70726573656E63655F6765745F627520
:10471000666665725F73697A652829206661696CCF
:104720006564000062756666657220616C6C6F631B
:104730006174696F6E206661696C656400000000D9
:10474000556E657870656374656420617369635F35
:10475000696420666F756E64203D2030782578008E
:1047600053656E736F7220697320696E2077726F64
:104770006E67207374617465000000006163635F9D
:1047800073656E736F725F6372656174652829204B
:104790006661696C65640000646F5F73656E736F5A
:1047A000725F63616C6962726174696F6E2829203F
:1047B0006661696C656400006163635F646574656C
:1047C00063746F725F70726573656E63655F70723C
:1047D00065706172652829206661696C65640000F6
:1047E0006163635F73656E736F725F686962657240
:1047F0006E6174655F6F6E206661696C6564000050
:104800006163635F73656E736F725F68696265721F
:104810006E6174655F6F6666206661696C656400D1
:104820006163635F73656E736F725F6D65617375EE
:104830007265206661696C656400000053656E7383
:104840006F7220696E746572727570742074696D10
:10485000656F7574000000004275666665722073AE
:10486000697A6520746F6F20736D616C6C00000055
:1048700053656E736F7220256C75204E6F207065C6
:104880006E64696E6720696E74657272757074000B
:1048900053656E736F7220256C75206576656E7436
:1048A000206973206E6F742048414E445348414B39
:1048B00045205B307825785D00000000496E766108
:1048C0006C696420627566666572206C656E6774DB
:1048D000680000005472616E7366657220646174D2
:1048E000612066726F6D2073656E736F7220746FD6
:1048F00020686F7374206661696C65640000000055
:104900006163635F73656E736F725F72656164206C
:104910006661696C656400006163635F646574650A
:1049200063746F725F70726573656E63655F616CEF
:10493000675F6672616D655F6162735F6465765F14
:10494000616363756D756C617465206661696C6522
:10495000640000006163635F6465746563746F7213
:104960005F70726573656E63655F70726F636573A8
:1049700073206661696C65640000000053656E73A6
:104980006F7220726563616C6962726174696F6EC7
:10499000206E6565646564202E2E2E2000000000C8
:1049A00053656E736F7220726563616C69627261C8
:1049B00074696F6E20646F6E652100004D6F7469BD
:1049C0006F6E00004E6F206D6F74696F6E00000097
:1049D000496E7472612070726573656E63652073D1
:1049E000636F72653A2025642C20496E74657220CD
:1049F00070726573656E63652073636F72653A20CC
:104A000025642C2044697374616E636520286D6D84
:104A1000293A2025640A00006163635F6465746558
:104A200063746F725F70726573656E63655F616CEE
:104A3000675F6672616D655F6162735F6465765F13
:104A4000746F5F6E6F6973655F726174696F206602
:104A500061696C6564000000000FC93F000F4940A8
:104A600000CB9640000FC9400053FB4000CB1641DD
:104A700000ED2F41000F49410031624100537B415D
:104A8000003A8A4100CB9641005CA34100EDAF4162
:104A9000007EBC41000FC94100A0D5410031E24178
:104AA00000C2EE410053FB4100F20342003A0A42C9
:104AB0000083104200CB164200141D42005C2342CA
:104AC00000A5294200ED2F4200363642007E3C42CE
:104AD00000C74242000F4942A2000000F900000056
:104AE000830000006E0000004E0000004400000043
:104AF0001500000029000000FC0000002700000055
:104B000057000000D1000000F50000003400000054
:104B1000DD000000C0000000DB00000062000000BB
:104B200095000000990000003C00000043000000D8
:104B30009000000041000000FE0000005100000055
:104B400063000000AB000000DE000000BB000000BE
:104B5000C500000061000000B70000002400000054
:104B60006E0000003A000000420000004D0000000E
:104B7000D2000000E0000000060000004900000034
:104B80002E000000EA00000009000000D100000033
:104B9000920000001C000000FE0000001D0000004C
:104BA000EB0000001C000000B10000002900000024
:104BB000A70000003E000000E800000082000000A6
:104BC00035000000F50000002E000000BB000000D2
:104BD0004400000084000000E90000009C00000088
:104BE0007000000026000000B40000005F0000001C
:104BF0007E0000004100000039000000910000002C
:104C0000D6000000390000008300000053000000BF
:104C100039000000F40000009C0000008400000047
:104C20005F0000008B000000BD000000F9000000E4
:104C3000280000003B0000001F000000F8000000FA
:104C400097000000FF000000DE00000005000000EB
:104C5000980000000F000000EF0000002F0000008F
:104C6000110000008B0000005A0000000A00000044
:104C70006D0000001F0000006D0000003600000005
:104C80007E000000CF00000027000000CB000000E5
:104C900009000000B70000004F00000046000000BF
:104CA0003F000000660000009E0000005F00000062
:104CB000EA0000002D000000750000002700000041
:104CC000BA000000C7000000EB000000E500000093
:104CD000F10000007B0000003D0000000700000024
:104CE00039000000F70000008A00000052000000B8
:104CF00092000000EA0000006B000000FB000000D2
:104D00005F000000B10000001F0000008D000000E7
:104D10005D000000080000005600000003000000D5
:104D20003000000046000000FC0000007B00000096
:104D30006B000000AB000000F0000000CF0000009E
:104D4000BC000000200000009A000000F4000000F9
:104D5000360000001D000000A9000000E300000074
:104D600091000000610000005E000000E60000000D
:104D70001B00000008000000650000009900000012
:104D8000850000005F00000014000000A00000008B
:104D900068000000400000008D000000FF000000DF
:104DA000D8000000800000004D00000073000000EB
:104DB000270000003100000006000000060000008F
:104DC0001500000056000000CA000000730000003B
:104DD000A8000000C900000060000000E200000020
:104DE0007B000000C00000008C0000006B00000091
:104DF0000000C93F0000F0390000DA370000A2339C
:104E00000000842E0000502B0000C2270000D0229A
:104E10000000C41F0000C61B00004417040000006F
:104E20000700000009000000D1F71737D1F717B7C6
:104E30008071313F807131BF0000003F000000BF32
:104E400000000080DB0F4940DB0F49C0DB0F49BF8A
:104E5000E4CB1640E4CB16C06937AC31682122336D
:104E6000B40F14336821A2333863ED3EDA0F493FA3
:084E70005E987B3FDA0FC93F99
:084E7800A86CFF7F010000009F
:084E8000D9C100080000000088
:084E8800B1C1000800000000A8
:104E900000093D00100000006262615F63616C5FA9
:104EA0006374726C5B785D0074785F667265715FC5
:104EB0006B687A5B785D00002C0000200000000029
:104EC000A00400200805002070050020000000005C
:104ED00000000000000000000000000000000000D2
:104EE00000000000000000000000000000000000C2
:104EF00000000000000000000000000000000000B2
:084F00000000000000000000A9
:040000050800C7899F
:00000001FF
