:020000040800F2
:10000000000001202DAB00083D3E0008413E0008E5
:10001000453E0008493E00084D3E00080000000033
:10002000000000000000000000000000513E000839
:10003000553E000800000000593E00085D3E0008E3
:100040007DAB00087DAB00087DAB00086D3E00086D
:100050007DAB00087DAB00087DAB00087DAB0008E0
:100060007DAB0008A93E00087DAB00087DAB000811
:10007000BD3E0008C93E00087DAB00087DAB00080E
:10008000D53E0008E13E00087DAB00087DAB0008CE
:100090007DAB00087DAB00087DAB00087DAB0008A0
:1000A0007DAB00087DAB00087DAB00087DAB000890
:1000B0007DAB000800000000000000007DAB0008E0
:1000C0007DAB0008ED3E00087DAB00087DAB00086D
:1000D0007DAB00087DAB0008153F00087DAB000834
:1000E0000143000815430008000000000000000064
:1000F0000000000000000000000000000000000000
:10010000000000007DAB0008000000007DAB00088F
:1001100000000000000000007DAB00087DAB00087F
:100120007DAB00087DAB00087DAB00087DAB00080F
:100130007DAB00080000000000000000000000008F
:100140007DAB00087DAB00087DAB0008000000001F
:100150007DAB00087DAB00087DAB00087DAB0008DF
:100160007DAB00087DAB00087DAB000800000000FF
:100170007DAB00087DAB000800000000000000001F
:100180007DAB00087DAB00087DAB000800000000DF
:10019000BFF34F8F0549064BCA6802F4E062134370
:1001A000CB60BFF34F8F00BFFDE700BF00ED00E065
:1001B0000400FA0590F824C0BCF1010F3CD070B5E2
:1001C00090F825C00124A44580F824405FFA8CFEF5
:1001D00004D0002380F82430022070BD022580F86E
:1001E000255004680025C5632668456C26F0010685
:1001F000266005F01C05066C0EFA05F57560636057
:100200008368102B036B0BBFA260A160E160E2600A
:100210004BB1236843F00E032360236843F00103CE
:100220000020236070BD236823F00403236023684B
:1002300043F00A032360F0E7022070472DE9F04104
:10024000764C0023237094F86530012B0D46E1684D
:1002500008D0B1F5827F60D1D8B22369002B5CD180
:1002600004285AD1002D58D092B2002A55D094F8C3
:100270006430012B51D094F86530A6682564042BB6
:100280001CBF052384F8653001210023A36684F890
:100290006410A4F84620A4F84E20C4E9153373680E
:1002A000A4F8442023F4C043A564A4F84C20736050
:1002B0006369206EB3F5E06F31D8E36D99697368B7
:1002C000B1F5806F43F4805373607DD08369B3F5DB
:1002D000806F65D094F86530514A042B514B18BF9C
:1002E0001346514A0363514B4363514B18BF1346A6
:1002F000C362B4F84E304FF00008C0F838809BB2AB
:1003000006F10C012A46FFF755FF074660B1A36EC0
:1003100084F8648043F01003A366BDE8F08173683D
:1003200023F480537360D5E77368E06D43F00103F5
:100330007360B4F846300A46C0E90B77C0E90D7720
:1003400029469BB2FFF736FF00284AD133685B0687
:1003500021D5002384F86430736843F02003736070
:10036000736843F002037360E26E2378002BD4D1EC
:1003700041F2873109E072B6237803B930BF62B623
:10038000BFF36F8F2378002BC7D1E36E9B1A8B428C
:10039000F1D9BDE8F081336843F040033360D8E71A
:1003A000736823F480537360B4F84E3013F0010F78
:1003B00073681DD123F400537360B4F84E30C3F357
:1003C0004E03A4F84E3085E7D20773681BD423F49C
:1003D00080437360B4F84630C3F34E03A4F846304C
:1003E00074E7A36E84F8647043F01003A36694E787
:1003F00043F400537360B4F84E30C3F34E0301333B
:10040000A4F84E3066E743F480437360B4F8463096
:10041000C3F34E030133A4F8463057E778000020B9
:100420008D090008890900080516000891090008CF
:100430005915000870B4436C066C056831682C6867
:1004400003F01C0304229A400A420ED014F0040F59
:100450000BD02B689B0603D42B6823F004032B607E
:10046000036B7260CBB170BC184702229A400A42FB
:1004700015D014F0020F12D02B68990606D42B6801
:1004800023F00A032B60012380F82530C36A7260D1
:10049000002180F82410002BE5D170BC70470822A1
:1004A0009A400A42F9D02207F7D52A68416B22F018
:1004B0000E022A60012202FA03F300247360C26371
:1004C00080F8244080F825200029E6D070BC084739
:1004D000234A9368D26813F00C0305D00C2B32D05A
:1004E000042B36D11F4870471D4A1168090754BFB5
:1004F000D2F8942012681C4954BFC2F30322C2F3FD
:10050000031251F82200002BEDD0154BDB6803F0ED
:100510000303022B22D0154A032B08BF1046104BB1
:10052000D968DA68DB68C3F34163C2F30622C1F31A
:100530000211013300FB02F201315B00B2FBF1F268
:10054000B2FBF3F0704702F00302012ACCD0002086
:10055000DBE7082B054818BF002070470148DEE79D
:10056000001002400024F400E8DC000800127A00C9
:10057000064A074B92680749C2F3022213440868EF
:1005800093F8303003F01F03D8407047001002404A
:10059000E8DC000800000020064A074B9268074983
:1005A000C2F3C2221344086893F8303003F01F03EB
:1005B000D840704700100240E8DC0008000000202E
:1005C000414A036830B4D468A40707D0D46804F063
:1005D00003049C4246D0012030BC7047022B52D00D
:1005E000032B49D0012BF6D112689207F3D5364C74
:1005F000E26822F0730213434268013A43EA0213AD
:10060000E360314C314A236823F080632360D56E68
:1006100003E0D36E5B1B022B39D823681B01F8D48F
:1006200083681B02002934D12169C56821F0784113
:1006300021F4FE4143EAC5630B43236122490B6861
:1006400043F080630B60D46E03E0D36E1B1B022B60
:100650001DD80B681B01F8D582690B691343002074
:100660000B61B9E7002CB6D0D3684268C3F302131C
:1006700001339342AFD1C4E71468A403B7D412681E
:100680005203A8D5B3E712685505A4D5AFE70320F8
:10069000A2E7012921690BD021F0C06121F4FE41BC
:1006A000194343695B08013B41EA43612161C5E7A6
:1006B00021F4C00121F4FE410B43016949080139CD
:1006C00043EA41532361B9E700100240780000205B
:1006D000F0B504680546200583B000F1F2800026DD
:1006E000A1034ED5A54B9A6DD20040F1F5800027AD
:1006F000A349A44A0B6843F480730B60D06E04E0F6
:10070000D36E1B1A022B00F200810B68DB05F7D5B4
:10071000A6BB9A49A86DD1F8903013F4407325D048
:10072000834223D0D1F890C0D1F8903043F4803385
:10073000C1F89030D1F8903023F48033C1F8903074
:100740001CF0010F2CF44073C1F890300ED0D2F899
:100750006CE041F2883C05E0D36EA3EB0E036345E9
:1007600000F2D380D1F890309B07F5D5834AD2F8B8
:10077000903023F440730343C2F89030002F40F0D0
:10078000DC80E10708D57D4A296AD2F8883023F059
:1007900003030B43C2F88830A20708D5774A696A79
:1007A000D2F8883023F00C030B43C2F8883063077B
:1007B00008D5724AA96AD2F8883023F030030B4377
:1007C000C2F88830A70608D56C4AE96AD2F88830A2
:1007D00023F440630B43C2F88830A00508D5674A6C
:1007E000E96BD2F8883023F440230B43C2F88830F9
:1007F000610508D5614A296CD2F8883023F440138A
:100800000B43C2F88830620608D55C4A296BD2F8DF
:10081000883023F440530B43C2F88830230608D5B0
:10082000564A696BD2F8883023F440430B43C2F830
:100830008830E70508D5514AA96BD2F8883023F4EF
:1008400040330B43C2F88830200323D4374661037A
:100850000FD54A4AE96CD2F8883023F040630B4345
:10086000B1F1006FC2F8883000F08380B1F1806F81
:1008700077D03E4662044DD43046230408D53F4A23
:10088000696DD2F8883023F080430B43C2F888307A
:1008900003B0F0BD394AA96CD2F8883023F0406328
:1008A0000B43B1F1006FC2F888304CD0B1F1806FCA
:1008B000CCD10121281DFFF783FE07460028C5D0B3
:1008C000C5E76F6CB7F5000F11D0B7F5400F13D027
:1008D000002F3DD0012603E79A6D42F080529A65C1
:1008E0009B6D03F080530193019B012700E7234A8E
:1008F000D36843F48033D360204AD2F8883023F49D
:1009000040033B43C2F88830E9E60326002F3FF45A
:1009100038AF12E019492A6DD1F8883023F04053DE
:100920001343B2F1805FC1F88830A5D10221281DA0
:10093000FFF746FE00289FD09FE7104A936D23F0F3
:10094000805393651DE7D36843F48013D3607DE73C
:100950003946281DFFF734FE064600287FF4C0AE56
:10096000CAE70121281DFFF72BFE0646002880D08C
:1009700080E7D36843F48013D3607AE70010024025
:100980000070004078000020704700BF704700BF33
:10099000836A19684A6822F003024A601A6E4FF0AF
:1009A000010C42F010021A6683F85DC0704700BF68
:1009B000026852E8003F23F4907342E800310029B6
:1009C000F7D102F1080353E8003F23F0010302F1DD
:1009D000080C4CE800310029F3D1036E012B06D03E
:1009E00000232022C0F8802083660366704752E807
:1009F000003F23F0100342E800310029F0D052E814
:100A0000003F23F0100342E800310029EFD1E7E76F
:100A100070B50568EC6931EA040405D05E1C06D1A6
:100A2000EB6931EA0303FBD10023184670BD154C76
:100A3000E46EA41AA34218D3BBB12C686407E9D5AD
:100A40008029E7D04029E5D0EC6914F008040ED1E4
:100A5000EE693605DED54FF400632B62FFF7A8FF81
:100A60002023C0F8843080F878400323DDE7082491
:100A70002C62FFF79DFF00220123C0F8844080F81C
:100A80007820D2E778000020836A0022A3F85A2059
:100A9000A3F85220704700BF10B418B10C4B046883
:100AA0009C4208D00B4B0C4AD3F880300B495DF8C0
:100AB000044B00201847032A02D9064B084AF3E7E3
:100AC00002EB820200EB82005DF8044B018170476B
:100AD0000FB0371378000020C81B0108E01B010885
:100AE000E81B0108B1F804C093680A899A80BCF138
:100AF000000C18BF4FF0010CCA7983F800C091F8C0
:100B000006C083F801C09A70986070470346006879
:100B1000D3F8E8104268C3F8F01010472DE9F04709
:100B2000D0F800800546B8F1000F1ED0D8F89870B4
:100B30000FB3124E07F148044FF00009583754F82C
:100B4000040F18B1B36F9847C4F80090A742F6D1CC
:100B5000D8F89800B36F00B19847B36F40469847F4
:100B6000B36F2846BDE8F0471847044E2846B36FD8
:100B7000BDE8F0471847014EEFE700BF78000020BE
:100B8000F8B505460088002A1C460CBF4FF40053F8
:100B90004FF48053B0F59C6F0E460FD300F1510710
:100BA0007F008342BFB236D21C4B1D4AD3F880303F
:100BB0001C49002098474FF0000C03E040F66227E4
:100BC0004FF0010C1849194AC4E9011202F1191237
:100BD000E26002F119122261234600226280512252
:100BE000A28223F8167B29686A68A868EF68C4F8AF
:100BF00016105A609860DF602969A8696A6998616F
:100C0000196196E803005A61AA8B9A83343484E808
:100C100003006046F8BD4FF0010CD3E778000020D8
:100C2000001C0108201C01080100020003001B0039
:100C30002DE9F04782B0BDF828400B9F03EBC405B7
:100C40006B88002B45D06E68844601EB0208043E99
:100C50004FF0000E56F8044F620092B28A4234D32D
:100C6000424532DAC4F30170012818D002283CD082
:100C700098BB521A93B2C4F34459012202FA09F202
:100C800097424BD33449013AD1F88040019233491D
:100C9000334A0097A047002002B0BDE8F087521AFF
:100CA00092B20CEB42093CF81200B9F8023043EA68
:100CB000004323F00F0317B1C4F303442343180C7C
:100CC0002CF81200A9F802306B880EF1010E734562
:100CD000C0D8012002B0BDE8F0871F4B214AD3F8ED
:100CE00080301E4900209847D5E7521A92B20CEB8B
:100CF00042003CF81290438843EA094323F00F0373
:100D000017B9C4F3034423431C0C2CF8124043804E
:100D10006B880EF1010E73459CD8DAE7C4F3044AE0
:100D20000CEB43043CF813006288C9F1200942EA45
:100D300000424FF0FF3020FA09F000FA0AF022EAF0
:100D4000000207FA0AFA42EA0A02100C2CF8130011
:100D500062806B88B9E700BF780000206C1C010836
:100D6000341C0108781C0108002870B446DB0029F7
:100D7000034639DB88420A464BDA0025012429461E
:100D80001B04B3FBF2F343F6284293425AD946F2CE
:100D9000D632934260D948F6720293425ED94AF63F
:100DA000494293425CD94DF2A30293425AD94FF281
:100DB0004B72934298BF052045D94FF24C7648F2CA
:100DC00033224CF2A3409B1B02FB03F300EB1340C6
:100DD00014B1C0F5C9301F3015B1C0F549303F30EE
:100DE000C1B1404270BC7047494209B2884217DA2B
:100DF000002501240A4603462146C1E7404202B2CB
:100E00000029104614DB91420B4605DD91BB1C48BE
:100E100000E048BB70BC7047002401252146AFE7C5
:100E20000028DED000250B4602462C460121A7E70C
:100E3000494209B28A424FF00105DADB0B46002431
:100E400029469DE700200F4A02EBC00602EB800214
:100E5000D6E90E60126FB6E70120F4E70220F2E750
:100E60000320F0E70420EEE700250B4602462C465F
:100E7000294685E701251A462C46034600217FE7CF
:100E800020920100E8DC00082DE9F0470646804684
:100E900002EB42008CB0154606EB8000002289462A
:100EA0000DF10C0A014617464FEA870E54469FED96
:100EB000767AB31A75B103EB020CF444DCED007AD8
:100EC0009C46DCED006A0C3367EEA67A8B4237EE67
:100ED000277AF0D10EF1040EBEF10C0FA4EC017ACA
:100EE000E5D10137032F0AF1100AA2F1040201F142
:100EF0000401D9D19DED045ADDED055ADDED086AF6
:100F00006A4606F10C01DFED607A43463DB11C46AE
:100F100094ED007A0C33834277EE877AF7D108F1AB
:100F200004088845E2EC017A00F10400EBD19DED64
:100F3000037AF0EEC77AF4EE677AF1EE10FA12D681
:100F40009FED526AF4EE467AF1EE10FA0BDC9FED5B
:100F5000506AF4EEC67AF1EE10FA04DAB5EE407A91
:100F6000F1EE10FA7DD0F7EE007A87EE872A9DED3C
:100F7000073A9DED0B7A65EE023A25EE824A65EE60
:100F8000237A65EEA34A33EE673A25EE846AF0EEE3
:100F9000C32A65EE047AF4EE622AF1EE10FA76EED8
:100FA000E44A76EEE77A37EE466A06D69FED377A60
:100FB000F4EE472AF1EE10FA47DDB7EE007AC7EEFD
:100FC000032ADDED006A9DED017A9DED023A63EEA4
:100FD000A63A67EEA27A37EE637A64EEA73A67EE36
:100FE000877A36EE636A24EE264AF0EEC63A73EE4E
:100FF000677AF4EE633AF1EE10FA77EEC47A06D629
:101000009FED224AF4EE443AF1EE10FA2FDD87EE1E
:10101000864A0120002364EE844A65EE845A77EE06
:10102000647A89ED024A67EEA27A25EE275AC9ED65
:10103000017A76EEC57A77EEE57A67EE827AC9EDC7
:10104000007A33600CB0BDE8F0879FED117AF4EEC2
:10105000C72AF1EE10FAB0DAB5EE403AF1EE10FA26
:10106000ABD10020002333600CB0BDE8F0879FEDCA
:10107000084AF4EEC43AF1EE10FAC8DAB5EE406A66
:10108000F1EE10FAEDD0C2E700000000FFFF7F7F15
:10109000000080002DE9F047C36D876905690024D1
:1010A0007C8081461C7000F14806A04656F8043F3B
:1010B000FBB1B3F838C0B3F89400B3F89610B3F8A6
:1010C000DC2005EB400005EB410105EB420205EB9E
:1010D0004C0CC3E91301C3F8A820C3F814C03C703A
:1010E0001868D3F8E020416883F8E880C3F8E4206A
:1010F00088470134E4B2042CD8D1D9F80000BDE807
:10110000F0474368184700BF0068C368184700BF2E
:1011100070B50446806980B1E3694BB1104B93F818
:1011200088202AB1D3F880300E4A0F490120984711
:101130002068BDE8704083681847094D0B4AD5F810
:10114000803009499847E36943B195F888302BB15D
:10115000D5F88030034A044901209847002070BD2B
:10116000780000209C1C0108AC1C0108BC1C010874
:1011700030B40269B0F8423090F8381032F81330C9
:10118000032908BF83F4004340F2E51101FB03F398
:101190001B0C816C8446A3F589700880BCF83C1058
:1011A000DCF84C0032F8111039B1BCF8401032F8BC
:1011B0001110012994BF002101210170BCF83E00EB
:1011C000BCF83A10DCF8505032F8111032F8102008
:1011D000DCF8544040F2E51000FB02F2A3EB1243AE
:1011E0001BB2002BBCF94420DCF80000B8BF5B4206
:1011F0001BB29A42A1F10102B2FA82F2ACBF002303
:10120000012352092A70237030BC4368184700BF7D
:101210000068C368184700BF00688368184700BFAC
:10122000D0E90F23816B0069184700BF836910B5AF
:101230000446CBB10E4B93F8882052B963698BB149
:101240000B4B0C4AD3F880300B4900209847002004
:1012500010BDD3F88030094A0749012098476369D7
:10126000002BEDD1012010BDC369002BE2D1E5E7D1
:1012700078000020101D0108F41C0108D81C01088A
:101280002DE9F04F9B461B68C2F51E66B34294BF22
:101290009EB2B6B2884674084FEA520183B0174630
:1012A0004FEA81010CD0144B08EB840419444346E7
:1012B00051F8042B5A80120C1A800433A342F7D140
:1012C0000E4C851E04F1E20A04F1E40914F8013B16
:1012D00035F8022F3946CDE9003240464B463246BA
:1012E000FFF7A6FCA24501D00028EFD1CBF80060A3
:1012F00003B0BDE8F08F00BFC4EF000874DD000844
:101300000068C368184700BF00688368184700BFBB
:1013100010B582B0104B9FED117A114C019301AAC8
:101320000DF1080E012012F8011B4B1EDBB2042B3D
:1013300004EB830CF0EE477A9CBFDCED007A77EE8D
:10134000A77AB4EE670AF1EE10FAA8BF08469645F0
:10135000E9D102B010BD00BF020304050000000087
:10136000E8E5000807EE900ADFED1A6A9FED1A7AA9
:10137000F8EEE77A67EEA67AF4EEC77AF1EE10FAA5
:1013800003D5481E18BF012070479FED147AF4EE74
:10139000C77AF1EE10FA17D4B1EE0C7AF4EEC77AF0
:1013A000F1EE10FA14D49FED0E7AF4EEC77AF1EE56
:1013B00010FA0BD49FED0B7AF4EEC77AF1EE10FA27
:1013C0004CBF042005207047012070470320704760
:1013D000022070470AD7233B666646403333A3405A
:1013E00033334B4100009441F0B482B02E4E056877
:1013F00000238DF80330F36EF76EC3F164031A44D3
:101400002A4B1B6803EB8303C3EBC3031B0D02FBD7
:1014100003F30193AB6819420AD134E0019C019BAC
:10142000013B0193AB68002C08BF002219422AD06F
:10143000B1F5C06F05D12B7BDBB28DF803309DF881
:101440000330F36EDB1B9342E8D36B68426823F0F2
:10145000E003B2F5827F6B6019D0836AB3F5005F59
:1014600007D12B6823F400532B602B6843F40053FF
:101470002B600122002380F85D2080F85C3003207F
:1014800002B0F0BC7047002002B0F0BC7047836827
:10149000B3F5004F02D0B3F5806FDED12B6823F097
:1014A00040032B60D9E700BF780000200000002037
:1014B00070B4274D274BEA6E1B680468EE6EC2F1CC
:1014C0006402114483B0C3F3CB3301FB03F30193F4
:1014D000A3681A062CD509E0019A019B013B0193F0
:1014E000A368002A08BF00211B0621D5EB6E9B1BB9
:1014F0008B42F1D36368426823F0E003B2F5827F48
:10150000636019D0836AB3F5005F07D1236823F4C1
:1015100000532360236843F4005323600122002317
:1015200080F85D2080F85C30032003B070BC704709
:10153000002003B070BC70478368B3F5004F02D041
:10154000B3F5806FDED1236823F040032360D9E731
:10155000780000200000002038B5294A0368D56EC5
:101560001B689B061BD4846A2368A268586861685C
:1015700020F0200058609AB15868B1F5827F20F0C1
:101580000100586022D029462046FFF791FFB0B9EC
:1015900001230022A4F8462084F85D30236E38BD74
:1015A0005A68B1F5827F0CBF22F0030222F00102DB
:1015B0005A6029462046FFF77BFF0028E8D0236EBB
:1015C00043F02003236620232366E1E7B2F5004FB2
:1015D00012D11A6822F0400229461A602046FFF70D
:1015E00067FF0028EBD12A464FF4C0612046FFF781
:1015F000FBFE0028CCD0E2E7B2F5806FE9D0C2E76D
:1016000078000020F8B51B4D0368EF6E1B68846AF4
:101610009B062CD42668736823F0200373603A4637
:101620004FF4C0512046FFF7DFFE58B93946204637
:10163000FFF73EFF30B93A464FF4C0612046FFF74E
:10164000D3FE38B1236E43F020032366236E43F0AC
:1016500020032366736823F00303736000220123D1
:10166000E287A4F8462084F85D30236E0BB901238D
:101670002B70F8BD7800002030B4124D124C00F1F0
:10168000BC0C002143680B44024640F8043F12683A
:101690009A1AAA4209DD50F8042CA3F5C9237E3B0F
:1016A000A1F5C92103607E399A1AA24206DA03F530
:1016B000C92301F5C9217E3303607E318445E1D120
:1016C00030BC70473F240300C1DBFCFF2DE9F04F25
:1016D000BFB00DF138090D469046019300F1020BA1
:1016E0003EAFCA46002440F6B73631E025B335F8A0
:1016F000141001F01F0E4FEA912C0EF1300E00FB7A
:101700000EF0C1F34411ACF1200C02FB0CFC0028DC
:1017100001F1300102FB01F1B8BF3F30BCF1000F15
:10172000B8BF0CF11F0C8011002900EB6C10B8BF82
:101730003F3100B241F38F110134182C08BF00244F
:10174000FFF712FB4AF8040BBA450BF1040B0ED05D
:10175000BBF900203BF9020C02FB02FC00FB00CCB1
:10176000B4451146C2DC00203FB0BDE8F08F0DAC9F
:101770000DF1060109F15C05224652F8043F002BE9
:10178000B8BF0F3302311B1195420B80F5D148468B
:10179000FFF772FF002254F8043F216EA542A3EB2D
:1017A00001031A44F7D1124B83FB0213D217C2EB89
:1017B000A31404F5994330334CF662129342D2D805
:1017C00002AE35460FCD4D4508F1100806F1100662
:1017D00048F8100C48F80C1C48F8082C48F8043C51
:1017E000EFD1019B01201C803FB0BDE8F08F00BF0E
:1017F000ABAAAA2A2DE9F04FADF2146D044691462A
:1018000003938D1C03AE0DF20C67B5F9001035F98A
:10181000020CFFF7A9FA46F8040FB74205F10405D8
:10182000F3D10021484620220BF0D4F90DF16C0AC7
:101830004FF6FF73002104EB44060293304DDFF8AE
:10184000C48001915346F600A9F1040940F694576B
:101850008A469B46ABF15C00FFF70EFFABF16000E0
:101860004FF0000C50F8043F026E5845A3EB020302
:101870009C44F7D1BCF1000F31DB4FEA9C1007FB11
:1018800000F0400D04FB00F006EB1020C9F8040046
:10189000BAF1000F03D0D9F8003083422AD959F8A1
:1018A000043F4344002BB8BF5B42AB4204D21D4609
:1018B0000123CDF808A001930AF101021FFA82FA70
:1018C000BAF1080F0BF1C00BC4D1019911B1DDE9D8
:1018D00002231A8008460DF2146DBDE8F08FCCF19A
:1018E0000000800907FB00F0400D04FB00F0A6EBB0
:1018F0001020CBE7002108460DF2146DBDE8F08FF3
:1019000040420F00E0D764FC2DE9F04F87B04FF064
:10191000000E164600EB41090290821ECDE9031627
:10192000A9F1120935464FF0010BF246F446704614
:10193000CDF804E005931EE040F2EE218B4240DC3E
:10194000634500DD9C464FF0000BBEF1000F0ABF5F
:101950004FF0000B70460120CAF100084345019B7F
:10196000B8BFA4EB060ABB4238BF3B469145019382
:1019700005F102052BD0568A32F8024F331B03F5CE
:101980000048B8F5803F2746D6D240F2EE218B4280
:101990002B8007DD178868B9634515DD9C464FF03D
:1019A000010ED9E7514917889C45B8BF9C468B4228
:1019B000D2DACAE7634500DD9C4686464FF0000B4D
:1019C000CAE74FF0000BE6E74FF0010EC4E71946F7
:1019D000DDE90346059BBBF1000F03D1002007B0F2
:1019E000BDE8F08FBEF1000FF8D00028F6D0CDE9A9
:1019F000031C0027A4F11C09B84606F112043D4659
:101A00003E46BE46D34634F9021F019601EB810CD7
:101A100001EB4C010A22A246A4463CF9026D02FBEE
:101A200006113AF9026F02FB0611013AF5D1019E47
:101A3000A942C4BFF0460D468E42C8BF77460EF19C
:101A4000010EC8BF0E46F145DDD14CF25034A5421F
:101A5000DDE9031CDA46C1DD254CA642BEDABCF145
:101A6000000FBBD0BBF1000FB8D0029C119D2488A1
:101A7000C900E4004DB18C4205D2ACEB0402013A3E
:101A80000A44B2FBFCF2119D2A60109A002AA6D0EB
:101A9000002BA4D0029A08F10E0532F81520B4EB01
:101AA000C20F4FEAC20606D2ACEB0404013C344438
:101AB000B4FBFCF42D1B029A0E3732F81720B1EB61
:101AC000C20F4FEAC20405D94A1E5244121BB2FB90
:101AD000FAF2BF1A55EA070280D4BD423FF77EAF43
:101AE000109A7F1B17601D6079E700BF12FDFFFF92
:101AF000B03CFFFF2DE9F04F204C93469A46851EDF
:101B00008A1E04F1E2074FF000084FF41E6604F14C
:101B1000E40935F8021F32F8023F994222D02178B9
:101B200009EBC1014B8833B34968002001EB830303
:101B300047F6FF7E51F804CB1FFA8CFCE64528BF20
:101B4000E646604538BF60468B42F3D1400080B224
:101B50004FEA4E0E80451FFA8EFE38BF804676450E
:101B600028BF76460134BC42D3D1ABF80060AAF856
:101B70000080BDE8F08F4FF6FE7EF0E774DD0008D0
:101B80001149D1F88C20D06810F0400001D000201D
:101B900070474FF0FF3310B4D360CC6ED3685B0650
:101BA0000FD4032803D10CE0D368580608D4CB6EB9
:101BB0001B1BB3F57A7FF7D9032081F8AD00EDE761
:101BC00000205DF8044B704778000020094A0A4B5A
:101BD000D2F88C10CB60D06E04E0D36E1B1AB3F534
:101BE0007A7F04D8CB689B06F7D500207047032086
:101BF000704700BF780000205FFF030008B5114B5D
:101C0000DA6822F08002DA609A68920603D4FFF75D
:101C1000DDFF88B908BD9A6822F020029A60FFF7BC
:101C2000D5FF18B1084B032083F8AD00054A93682F
:101C300043F02003936008BD034B032083F8AD00FD
:101C400008BD00BF0028004078000020F0B5614CBE
:101C500094F8AC30012B00F0BB80D4F88C10022338
:101C6000012284F8AC2084F8AD308B6813F0400C6E
:101C700018BF90F803C003780CBF80F803C04FEA88
:101C80008C5C092B09D900220A3BDBB2092B02F13B
:101C90000102F9D843EA0213DBB21A044378092B94
:101CA00009D900250A3BDBB2092B05F10105F9D85A
:101CB00043EA0513DBB28678092E4FEA032309D9DC
:101CC00000250A3EF6B2092E05F10105F9D846EACB
:101CD0000515EEB290F824E0BEF1090F0DD90025EC
:101CE000AEF10A0E5FFA8EFEBEF1090F05F1010595
:101CF000F6D84EEA05155FFA85FE4569076A3D4349
:101D000045EA0C052A4313433343456843EA0E6210
:101D1000C3691D43836ACA20486253204862B3F5F1
:101D2000807F8B6837D023F400738B60CB68DBB285
:101D300063F42073CB60E06E04E0E36E1B1AB3F52E
:101D40007A7F1ED8CB689B07F7D50A628D648B68B3
:101D500043F400738B608B6843F400538B601E4B1D
:101D60001A68002042F4802284F8AC001A609A6855
:101D700042F480229A60FF2201234A6284F8AD3047
:101D8000F0BDFF2203234A6284F8AD30002384F8BB
:101D9000AC300320F0BD23F480738B60CB68DBB2E2
:101DA00063F4C073CB60E06E04E0E36E1B1AB3F51E
:101DB0007A7FE6D8CB68DE07F7D5CA614D648B68B9
:101DC00043F480738B608B6843F480538B60C6E769
:101DD0000220F0BD78000020000401402A4A03469A
:101DE0000068904270B43BD8284A294C1421024420
:101DF000B2FBF1F29200022183F8251001689D6880
:101E00009E691C6421F4FF4C59695A642CF0700CD3
:101E1000294341EA0C01314341F08001B5F5804F7F
:101E2000016014D0596802F01C020F2090409140CC
:101E3000174A94426FEA00001AD0D2F8A844204012
:101E4000C2F8A804D2F8A8040143C2F8A8140020DC
:101E50000122D86383F8240083F8252070BC7047E2
:101E60000C4A0D4C02441421B2FBF1F29200C2E77D
:101E7000D4F8A8200240C4F8A820D4F8A820114320
:101E8000C4F8A810E3E700BF07040240F8FFFDBF55
:101E900000000240F8FBFDBF00040240134BDB686A
:101EA000C3F30223C3F1070C1A1DBCF1040F28BFB2
:101EB0004FF0040C062A88BFDA1E4FF0FF3303FAF6
:101EC0000CF398BF002221EA030393401B01421C3C
:101ED000DBB206D000F1604000F5614080F80033CD
:101EE0007047024A82F82330704700BF00ED00E0DF
:101EF00038B5104D104A2B68A2FB03239B09013B08
:101F0000B3F1807F01D3012038BD4FF0E0220B49AF
:101F10005361F02381F82330002407230F289461B4
:101F20001361F0D801464FF0FF30FFF7B7FF69604B
:101F3000204638BD00000020D34D621000ED00E0C7
:101F40002DE9F041C16F05689EB0044600295FD0BD
:101F500025682423E3672A68636A22F001022A6065
:101F6000002B40F0C380D4E90402A368296803432E
:101F70001343E0699E4A03430A4013432B606B6896
:101F8000E26823F4405313439A4A6B609542A36975
:101F9000AA6800F0F180216A22F430620B431343F7
:101FA000954AAB6095421BD0944B9D4240F0158101
:101FB00003F5E633D3F8883003F00C030C2B00F262
:101FC0000F81DFE813F0E0010D010D010D01720139
:101FD0000D010D010D012B010D010D010D0162011E
:101FE000874BD3F8883003F00303022B00F01681EF
:101FF000032B00F04A81012B00F05781B0F5004F10
:1020000000F0CA81FEF7C8FA002800F018810AE142
:1020100080F878105C2207A80AF0DCFD764B9D4220
:1020200000F0BF81754B9D4292D1022707A8079708
:10203000FEF74EFB0646002840F0DF81704B714DE5
:102040009A6D42F400329A659A6D02F4003204925D
:10205000049ADA6C42F00102DA64DB6C03F00103EB
:10206000039307220323CDE90032039903463A463E
:102070004FF090400F214FF0800807F065FCC5E954
:102080002D76C5E92F68C5E93166C5E9336605F1E6
:10209000B0065D4BC5F8B0303046FFF79FFE002814
:1020A00040F0AB816667102305F1F806C5E94108E9
:1020B000C5E94300C5E94500C5F800313046534B3A
:1020C000C5F8FC70C5F8D840C5F8F830FFF786FEB3
:1020D0000146002840F0918126672620C5F820415E
:1020E000FFF7DCFE4A4B40225A6031E71E0705D558
:1020F0006A68616B22F400420A436A60D80705D51A
:102100006A68A16A22F400320A436A60990705D519
:102110006A68E16A22F480320A436A605A0705D588
:102120006A68216B22F480220A436A60DF0605D5C3
:10213000AA68A16B22F480520A43AA609E0605D5C4
:10214000AA68E16B22F400520A43AA60580609D536
:102150006A68216C22F480120A43B1F5801F6A601C
:1021600000F00A8119067FF5FEAE6B68A26C23F4BD
:10217000002313436B60F6E622F4306213432049D8
:10218000AB60D1F8883003F44063B3F5006F00F022
:10219000F18000F2E880002B00F02981FEF798F929
:1021A00000284CD0626802EB4203834218D8B0EB9F
:1021B000023F15D8510800230F464FF48076194688
:1021C000E0FB0671384607F0AFFC124BA0F54072F9
:1021D0009A4205D8074BD86031E00F4B9D425AD048
:1021E0000023C4E91A3301201EB0BDE8F08100BF0E
:1021F000F369FFEF008000400038014000440040D8
:1022000000100240780000206C0002408000024074
:1022100000E100E0FFFC0F0000480040B0F5004F77
:10222000794800F08B80636800EB5300B0FBF3F05B
:102230004FF6EF73A0F110029A42D1D8E8606A68B5
:102240007249002322F49042C4E91A336A60AA68F2
:1022500022F02A02AA602A6842F001022A60C4F829
:102260008430CE6E2B681A0727D42B685B073ED4C8
:1022700000232022E26784F87830C4F880201846D2
:1022800023666366B0E7302BAAD1B0F5004F55D076
:102290004FF40040C7E75E4BD3F8883003F03003BB
:1022A000202BBBD0EFD8002B6DD0B0F5004F41D024
:1022B000FEF70EF90028C2D0B5E76FF07E43324634
:1022C0004FF400112046FEF7A3FB0028CDD0236871
:1022D00053E8002F22F0800243E800210029F7D1C3
:1022E0002023E367002384F8783003207CE76FF035
:1022F0007E4332464FF480012046FEF789FB0028DA
:10230000B6D0236853E8002F22F4907243E80021EE
:102310000029F7D103F1080252E8002F22F0010250
:1023200003F1080040E800210029F3D12023C4F87C
:102330008030D7E7FEF7CCF8002880D062685308D9
:1023400003EB40034FF6EF71B3FBF2F3A3F110027E
:102350008A423FF645AF23F00F0292B2C3F3420325
:102360001343EB606BE7B3F5406F7FF439AF4FF485
:10237000004017E7244815E76A68616C22F4C00240
:102380000A436A60EEE6B0F5004F38D0FEF7F0F889
:1023900000283FF454AF46E7FEF7FEF80028CDD101
:1023A0004DE7012307A80793FEF792F9034620BBE8
:1023B000174A116E41F480411166116E01F480419B
:1023C00006910699D16C41F00101D164D26C0720CD
:1023D00002F00102032105920190009102224FF4C4
:1023E000C0614FF09040059D07F0AEFAB0E5FEF7F2
:1023F000BFF800283FF423AFD4E6FDF7C9FEFEF78F
:10240000B7F800289AD11AE70024F40078000020D9
:102410000010024010B41E4C94F8AC30012B33D0A5
:10242000D4F88C100220CA2384F8AD0001224B623C
:1024300053234B6284F8AC208B6823F480738B6049
:102440008B6823F480538B60E06E04E0E26E121A16
:10245000B2F57A7F0ED8CB6813F00103F6D00020D6
:10246000FF2201234A6284F8AC0084F8AD305DF8A5
:10247000044B70470320FF224A6284F8AC3084F892
:10248000AD005DF8044B704702205DF8044B7047C7
:10249000780000200CB4F0B5ADB032AB06AE53F806
:1024A000042B059304460D46304696210AF028FD7C
:1024B0009528C4BF1B4BCDF8AA301B4B1B49DF6EC0
:1024C000A1FB07311A4BA3FB0723980B194BA3FB66
:1024D00007234FEA931C184B4FF47A7202FB1C77C8
:1024E000A3FB00E25209042CC2EB0212A0EB820211
:1024F000A3FB0CE398BF114800974FEA531394BF16
:10250000005D3F20C3EB03130190CDE90256490D56
:10251000ACEB83030A480AF0CDFC2DB0BDE8F040D7
:1025200002B070472E2E2E0078000020B17C21953D
:1025300073B2E745D34D6210898888885C1D010815
:10254000381D0108F8B516460D464FF4E2720146F3
:1025500018461C460AF06AFCB6F8581021B196F8E5
:102560005E30191E18BF0121012396F85B2084F804
:10257000C6312B4684F8C52133F8262B84F8C411C4
:10258000A4F8C82105F1560104F5E5721F685E68DC
:102590009868D3F80CC0C2F80CC010338B42176097
:1025A0005660906002F11002F0D1B5F85630A4F8F0
:1025B000FA3105F1580604F5FE7E05F18807B446A8
:1025C000BCE80F00BC450EF1100E06F110064EF8E7
:1025D000100C4EF80C1C4EF8082C4EF8043CEED1B2
:1025E000B5F88830A4F82C3205F18A0304F22E24C1
:1025F000BA35186859689A68DE68E6601033AB42ED
:1026000020606160A26004F11004F2D1F8BD00BF47
:102610002DE9F04F2DED108B9BB090F85E401D46DC
:1026200090F85C300893042CB0F85830039380463F
:10263000894616461AD8D0ED147AF5EEC07AF1EE36
:1026400010FA00F1F88190F86630002B00F09782C4
:1026500090F85B30002B00F09282024C024A059405
:1026600007E000BF78000020A81D0108C74CC84A39
:102670000594D4F88030C74900209847D8ED157AE2
:10268000D4F84031009307EE103AF5EEC07AF1EE3F
:1026900010FAB8EE478A40F3D281C8EE278AF6EEE8
:1026A000007A78EEA78A039B002B00F0A88198F8A7
:1026B0005E30049398F85A30002B40F0A78198F8C8
:1026C0006020022A41F0428198F85E40012C00F01F
:1026D000ED830024224634990C71A6F8AC21002B1E
:1026E00000F0998198F85F30012B00F01184022BE3
:1026F00000F0F883002B40F0E98301231A46F384AD
:10270000328598F86030012B00F0D983022B00F05D
:10271000D583002B00F01484059B9F4AD3F88030AA
:102720009C4900209847B9F1000F00F07881002300
:102730000093B9F8E410B9F808307180B9F8E610E0
:10274000B180B9F8E2103180B9F8E810F180B9F839
:10275000021031819B00B9F8041071819BB2B9F865
:102760000610B18103F13002B9F80A10F18192B27A
:10277000B9F8201031825F2AB9F82210718240F234
:10278000F2818649A1FB0201890901EB4101A2EB1B
:10279000411189B200201A4604460B460121F282FB
:1027A0000322B38272830023009A7384B483F0837C
:1027B000318331846B800123C5F80A30002A00F090
:1027C0006A870027CDE9017706F13E039FED749AF1
:1027D0009FED74AADFED779ACDE90696B34605F131
:1027E0000E0A44461E46049AFBB29A4200F22A811F
:1027F0000023AAF80030AAF8083033800137042FEC
:102800000AF1020A06F102060BF1560B04F1140458
:10281000E9D1039BAA89DDF804E012FB03F26B897E
:1028200092B213449BB2DDE90696591C012089B28D
:102830000090B6F8AC01012804D1DDE9020404FBE4
:1028400000F00290029FB8F8640098F863C098F80E
:1028500062B04FF6FF74A74228BF27464408A4F190
:10286000030A98F86640A6F89EB18CF0010C033874
:10287000A6F8A6C1A6F8A471A6F8A0E1A6F8A8013A
:10288000A6F8AAA1AA81AB80E980002C00F02B81D8
:10289000413399B24024012329802C81A6F8C0310C
:1028A000B9F1000F03D0B9F80C30A6F8C231009B83
:1028B000002B40F04281349A98ED145A00231360A3
:1028C000089BA6F8B231039B012B40F23381B8F884
:1028D0005830023B01229BB29FED336ADFED335A41
:1028E00098F85A10F1EE007AC8EE066A68EE277A78
:1028F00068EE255A87EE867AC5EE867AB6EE006ACD
:1029000076EE866A37EE067AFCEEE66AB5EE405A57
:10291000D8ED155AA6F8AE31F1EE10FA16EE903A4F
:1029200077EE867ABCEEC77AA6F8B02114BF0122F2
:102930000022FCEEE77A328798F85B20A6F8B431E3
:1029400017EE103AA6F8B63117EE903AF5EE405A67
:10295000A6F8B831009BF1EE10FA14BF0120002058
:10296000002B40F0C28031867286708598F8613005
:102970000F4A0098C6F8BA210121B184A6F8BE31E9
:102980001BB0BDEC108BBDE8F08F00BF78000020BD
:10299000641D0108801D0108A41E0108ABAAAAAA93
:1029A0002549123E8FC2753D0024744900009643AC
:1029B000FF07010800000000B5EEC07AF1EE10FA42
:1029C00000F1158398F85A20002A00F01383B5EE21
:1029D000407AF1EE10FA05D1F5EE407AF1EE10FAF8
:1029E00040F0C9835FED0D8A059B754AD3F88030AE
:1029F000744900209847039B002B7FF458AE039B3B
:102A0000049398F85A30002B3FF459AE349A0023BF
:102A10001371A6F8AC31B9F1000F7FF488AE012331
:102A2000A5F802906B81CE4602214A46CDF8089067
:102A3000CDF80090FDE6644C644A059419E6DFED9C
:102A4000648A30E60123338098F85C90228940F252
:102A5000FF3340F2FF11B9F1000F18BF0B4652B31C
:102A60009A4228D8A27B237C42B1022B06D1059B37
:102A7000584AD3F88030DDE9069622E0E07B002852
:102A800040F04982012B00F0AF80059B524AD3F8F9
:102A900080304C490090DDE906969847DDF804E067
:102AA000039BAA8912FB03F26B8992B213449BB277
:102AB000591C89B2BDE6059B484AD3F88030DDE950
:102AC0000696404900209847039BAA89DDF804E058
:102AD00012FB03F26B8992B213449BB2591C002083
:102AE00089B20090A5E62346D6E6B5EE405AF1EE4F
:102AF00010FA0AD0C8EE057A77EE867AFCEEE77A0D
:102B000017EE903AB3871B0C7387002361F30F0312
:102B1000F5EE405A62F31F43F1EE10FA708533630D
:102B20003FF424AFFCEEE87A17EE903A1A0CB28527
:102B3000F3851BE700221346CEE698F85D30072B9D
:102B400015D8274A9FED229A134493F81839A6F80E
:102B5000A231349B83ED009A049B002B40F04D8200
:102B600098ED145AACE603200124002117E6349AAC
:102B700098ED145A0023136000230093A0E6012C63
:102B800040F2EA8198F80F104246012303E0013336
:102B9000A34200F0E181084692F82310814202F13D
:102BA0001402F4D2084F0F4AD7F880400549059720
:102BB0000020A047D8ED157AD7F8403162E500BF74
:102BC000081E0108801D010878000020941D0108DE
:102BD00000000000D41E0108001F0108C41E0108E7
:102BE000E8DC0008D41D01086FF00B030993E288AC
:102BF000A3880A92182A009340F29E8202EB820375
:102C000003EB031303EB032302EB4303C3F3CC02F5
:102C100042EA43339BB240F6AA22934200F2DF829B
:102C2000B24B0A9AA3FB02231B090E93013B9BB2F2
:102C300015935C230D9318230B930098002840F004
:102C4000E484059BAA4AD3F88030AA499847B9F191
:102C5000000F00F0CD844FF000090222009B09997B
:102C600013FB02F292B20092226811440A460C91C0
:102C70000A99013B01FB0323099302F5C34328335F
:102C80004CF25032934208D9059B9B4AD3F88030CE
:102C90009849002098474FF00009099B03F5C3436A
:102CA00028334CF25032934208D9059B934AD3F80B
:102CB00080309049002098474FF000090C9A002A74
:102CC000C0F246838E4880FB0230D217C2EBA000D0
:102CD00000B2099B002BC0F22F83894981FB03318D
:102CE000099BDB17C3EBA101119309B280B2091A4A
:102CF0000C9B0F90824880FB03C0C2EBA00288B2FD
:102D000009B20E9B1091B0FBF3F0411C0A901FFA20
:102D100081FE0B981821B1FBF0F30E930C9B02EB94
:102D20004202B3EBC20200F1008313B2139393B2D9
:102D30000C93099A7248119B0B9980FB020CC3EB10
:102D4000AC0303EB430C0C9BB3FBF1F001FB103025
:102D500081B2B2EBCC03099100F104831AB219924B
:102D60009BB20E9A0B98511E099A89B21891BEF126
:102D7000010F11FB002189B200F0FA82099A0C9828
:102D8000824240F00883994200F05C8400230122D3
:102D900013931692149312920E930C9B9A00099B14
:102DA000ABF882209B00ABF88430B9F1000F40F003
:102DB000FE826C23179336230C937D223D234FF024
:102DC0000009ABF87C300F9BABF87A200C9A109975
:102DD000C3F1290313441AB21192521A9BB2292A41
:102DE0000F9308DC059B474AD3F880304149002007
:102DF00098474FF00009119B179A934208DB059BF7
:102E0000414AD3F880303B49002098474FF00009F1
:102E10000D9B2C2B00F213821E2B40F2EC831E3BE9
:102E20000F229BB20D92ABF89A30159B0C99ABF820
:102E30009430139BABF87E10ABF88E300F990A9B41
:102E4000ABF880100D99ABF89610ABF89820002BDA
:102E500040F0D381149B002B0E9B08BF00230E93E0
:102E6000129B002B00F0E183099A199B9B1A0B9A85
:102E700093FBF2F39BB2169AABF89220ABF88C302E
:102E80000E9AABF888200023ABF89030ABF88A306C
:102E90000A9BABF88630B9F1000F40F0C382CDF841
:102EA0000090DDF804E0DDE90696F9E598F81020D9
:102EB000013A012A7FF60DAC22460CE4002373632D
:102EC000B9F1000F42D00123009332E4059B0F4A71
:102ED000D3F88030074900209847B9F1000F7FF4FC
:102EE00026AC9CE500231A4609E400BFABAAAAAAB7
:102EF0004C1F0108801D0108981F0108AC1F010824
:102F0000ABAAAA2AE01F010800200108841E0108BC
:102F10000022FFF7F4BB013B042B00F23F8501A226
:102F200052F823F0E92B00086F310008392F000810
:102F300067310008392F00086FF00C03099356E63B
:102F40004FF001137363B9F1000FBCD100236B8004
:102F50000123C5F80A3034E4BB4B98ED157A05938C
:102F6000D3F84031009306EE903AB5EEC07AF1EE18
:102F700010FAB8EE668A7FF71FADC8EE078AF6EE44
:102F8000007A78EEA78A18EE900A0AF021FD59B16E
:102F9000059BAE4AD3F88030AD4900209847039B8B
:102FA000002B7FF484AB2BE598F85A20002A7FF49D
:102FB0001BAD039B98F85F10002B98F8603014BF8E
:102FC000204600209942049008D9059BA14AD3F8D5
:102FD00080309F4900209847FFF76CBB022B00F020
:102FE000BF84349B1A71A6F8AC21FFF77BBBDFEDE1
:102FF0009A8ACDE7DFED988ADBE7B6F8AC31B6F810
:10300000A421012B00F0CD8007EE902ADFED939AEA
:10301000B8EE67AAB7EE089AF2EE02DA059B9FEDCA
:10302000900AD3F84031019307EE903AB8EE67FA70
:1030300080EE0F0A07F0D8FE98F86030022B2FEED2
:1030400000FA00F22381874A98F85E1002EB8300B1
:1030500090ED00EAD0ED03FA002900F02981009BF1
:10306000DFED7DEA9FED80BA9FED80DADFED80CA6B
:103070009FED80CADFED80BADFED80AADDF8149005
:1030800044460025227C052A00F29280022A40F262
:103090009A804FF0300A0827E27B052A00F27384F9
:1030A000DFE802F03E413B034744F0EE4B7A8FEEFF
:1030B000276A228998F85E1002FB077702377F00A3
:1030C000BFB2A288013514349FED6D7AC6EE076A4F
:1030D00007EE90AAF8EE677A87EEA66A07EE907A76
:1030E000F8EE677A87EEA67A07EE902AF8EE677A0E
:1030F000EAB267EE277A914277EE867A77EEA97A7E
:1031000077EE897A7EEEA7EABCD898ED145A002BA8
:1031100040F0D2800093FFF7D3BBF0EE6A7AC6E7A7
:10312000F0EE6C7AC3E7F0EE4D7AC0E7F0EE4C7A41
:10313000BDE7F0EE6B7ABAE70A9A002A4FD018235F
:10314000B3FBF2F302FB03F3C3F118039BB2159335
:10315000002B44D10A9A0B92531E9B009BB20D93F5
:1031600001230E9369E56FF00F0309933FE56FF0BC
:10317000060309933BE598F85F2098F860309A427F
:103180007FF430AC039B349ADFED338A002B14BFFD
:1031900023460023049300231371A6F8AC31FFF7F4
:1031A000A1BAF0EE499AF0EE49DAB0EE49AA35E755
:1031B000D9F88030334A2649002098474FF0180A42
:1031C0000427002368E7012A05D0022AF0D14FF036
:1031D0003C0A0A2760E74FF0480A0C275CE7059B8A
:1031E000294AD3F880301A49002098470023012249
:1031F000CDE90D3215930B9229E5149B002B0E9B04
:1032000008BF00230E93129B33B1099A199B9B1A96
:103210000B9A93FBF2F39BB2ABF88C300A9B169A95
:10322000ABF89220013B0E9AABF888209BB2189A1B
:103230000A930123ABF88A20ABF8903028E60023EC
:103240000D931A46EFE500BF78000020F41D010839
:10325000801D0108341E0108000000009A999D415C
:10326000F902154F08E600080000904300002043D3
:10327000000000430000F0430000C0430000404352
:1032800000247449281F0108381F0108059BC04A03
:10329000D3F88030BF490020984798F85E30002B63
:1032A00000F0F481DFEDBCFA0023B0EE6FEAD7E660
:1032B00098ED145ADFEDB8EA9FEDB87ADFEDB86A01
:1032C000349BCFEE077AB1EE0C7AC7EEA65A2AEEFF
:1032D00007AA7FEE8EFACAEE257A9FEDB27A77EED4
:1032E000AD7AB0EE006A77EEAE7A77EEAF7A27EE7F
:1032F000877A37EE067A77EE277A86EEA77AB4EEEB
:10330000C57AF1EE10FA83ED007A7FF5D9AA059B14
:10331000A54AD3F880409F49FDEEC77A002017EEFA
:10332000903AA047002300931AE402F1180083B2F8
:103330000C9303B21393FCE409999C4BC943A3FB80
:103340000131099B6FEA1111DB1709B21193CDE42A
:103350000C9A964BD043A3FB00306FEA101000B2DA
:10336000D217B6E403F1180002B283B21992F8E45E
:103370000C98824200F0638100220A921692129207
:10338000139A9B1A0B9A93FBF2F39BB20E930123B1
:10339000CDE9133301E5994200F05E810A9B013BC0
:1033A0009BB20A930123169312930B46E8E7E37B43
:1033B000052B00F21983DFE803F01A130C032B210D
:1033C0004FF486731793D6230C9340F21D128D236E
:1033D000F7E4AC23179376230C93BD225D23F0E42E
:1033E0008C23179356230C939D224D23E9E46C23E1
:1033F000179336230C937D223D23E2E44FF4E673CA
:1034000017934FF4CB730C9340F2DD12ED23D8E405
:103410004FF4B67317934FF49B730C9340F27D12E5
:10342000BD23CEE4A37A172B00F20181092B00F211
:103430001F81C3F109039AB21523ABF84630069BEE
:10344000ABF84820002B00F0608203EB4202938926
:10345000ABF84A30237C013B042B00F2A682DFE864
:1034600003F0BC7703AB85004FF000094FF4007206
:103470004FF4C063CDE909234FF0C00E02204FF096
:10348000040C08214A464B46ABF86E000A98ABF88C
:1034900056000998ABF870C0ABF85800ABF84E1066
:1034A000ABF85010ABF852E0ABF854E098F85D1070
:1034B000B9F1000F00F00A81002B00F0078102290A
:1034C00000F27C813A4B0B4493F81439ABF85A3034
:1034D000069B002B00F01D810023ABF85E3001231A
:1034E000ABF86A30069B0021D3E932ECD3F8C490E4
:1034F0000B460EEB1140A0EB09009042614480F2B4
:10350000328201330F2BF4D1069AABF86030D2E946
:1035100036E303EB83020EEB1242F92A00F3F1814A
:10352000062003FB00F0052103E0BCF1FA0C40F19A
:10353000DC810A46013189B214290EEB104C184483
:10354000F3D1059B1B4AD3F88030DDE906963BE1B9
:1035500000214FF40073CDE909134FF0400E032012
:103560004FF0020C08219622FA238DE74FF0000954
:103570004FF4F0504FF47853CDE909034FF4F86E4F
:1035800002204FF00B0C08214A464B467CE700BF57
:10359000A41E0108801D0108000000000000204357
:1035A000002474490AD7233C7C200108ABAAAAAAAC
:1035B000E8DC0008502001084FF000094FF4C06C0F
:1035C0004FF46063CDE909C34FF4E07E02204FF071
:1035D000060C08214A464B4656E7069B9B8C042264
:1035E000082BCBF86E205DD9DDE90696FFF76CBAA3
:1035F0000422FFF733BB0D9B0F2B32D9A3F10F022F
:103600000F230D9392B200230DE4B9F1000F2CD1DA
:10361000237B002B35D0059BC64AD3F88030C649A2
:10362000484698470422FFF719BB0A9B23E4059BF1
:10363000C24AD3F88030DDE90696FFF742BA9942D4
:103640007FF49AAE0023CDE91333CDF828E016932A
:1036500012930E93FFF7A1BB0023169312930B4610
:103660008EE600221346FFF7DEBB0222FFF7F6BA12
:10367000102B94BFC3F11E03C3F117039BB20022AA
:10368000DBE64FF001090422FFF7E8BA98ED145A7F
:103690000093FFF715B90098029086460221024672
:1036A000FFF7C7B8ABF84E30ABF8503040230022DC
:1036B000ABF85230ABF854304FF40073ABF85630DF
:1036C000ABF8582098F85D1013469146072975D835
:1036D0009B48014491F81819ABF85A100699C1B1EA
:1036E0000021ABF85E10B9F1000F40F08480ABF818
:1036F0006A90ABF86090ABF85C90ABF86290ABF876
:103700006890ABF864904A460023ABF86620ABF8AB
:103710006C302389E27AABF87620012B68D0023B2B
:103720009BB20121ABF87230A37BABF84C3083F035
:103730000103ABF87410ABF878300099AB89AAF8A4
:1037400000300B44AAF80810AB81A388217C06EE58
:10375000903A2389012907EE103ABBF86E302AD03F
:10376000022914BFF0EE695AF0EE4A5A01339BB2B7
:1037700007EE903AF8EE677AB1EE006AF8EE666A04
:1037800067EE867AB8EE477A67EEA67A0198029BD2
:1037900067EE877A014667EEA57A002808BF1146D2
:1037A00067EE897A0191FCEEE77A17EE902A1344CE
:1037B0000293FFF723B8DFED635AD7E7059B624A10
:1037C000D3F88030DDE906965B4900209847039BDB
:1037D000AA89DDF804E012FB03F26B8913FA82F385
:1037E0009BB2591C002092B289B20090FFF721B819
:1037F0000023194696E70121ABF86A10002B7FF4ED
:1038000071AEABF8603019461A46ABF85C20002266
:10381000ABF86220ABF868204BBBABF864301A46BB
:1038200002EB0109069AD2E92FE1CE451DDA0846DE
:10383000002202F1010C09921FFA8CF2162A3FF4C1
:1038400080AE0EEB104CBCEB090C0844F1D4002BFD
:103850007FF45AAF099800FB01F10EEB1143A9EB7D
:1038600003039C45C8BF02464EE700224CE7069B77
:10387000D3E9349C894546DA134662469E460133B5
:103880009BB2162B3FF45DAE09EB1240401A624426
:10389000F4D40CFB0EF209EB12428A1A9042D8BF04
:1038A0009E460699BBF86020D1F8CC30BBF85C008E
:1038B000099002FB03F3D1F8C820ABF864E002EBF7
:1038C00013420B46D1F8C410521AD3E936303FF5F3
:1038D00038AE09990CFB0EFE00FB01F103EB11431E
:1038E00009EB1E401918FA239AE702FB03F30EEBCB
:1038F0001343C3F1FA039C45D8BF0A46FA210B468D
:1039000083E70522FAE79646CBE7069BABF84A30F9
:10391000237C013B042B48D801A252F823F000BFBE
:103920006B3900085135000869340008B9350008C2
:103930006D350008601F0108801D0108182001086E
:10394000E8DC0008CDCC4C3E30200108349A1371DD
:10395000A6F8AC31B9F1000F7EF4E9AEFFF75FB81D
:103960000123FEF7B3BE9BB2CEE54FF000094FF442
:103970000073CDE909934FF0400E0420CC4602219C
:103980004A464B4680E5D9F880301C4A1C49002045
:103990009847DFED1C7A0023FFF789BB059B1A4A85
:1039A000D3F88030DDE906960EE7059B164AD3F87A
:1039B000803013490020DDE906969847AA89039BC9
:1039C000DDF804E012FB03F26B89562113FA82F34F
:1039D00001FB076100209BB2C1F86E00591C92B236
:1039E000009089B2FEF725BF059B044AD3F88030CA
:1039F000034900209847FFF7DCB900BFD41F010836
:103A0000801D010800000043281F01080138C0B2D2
:103A1000042822D808B52A4BDFED2A6A03EB80037D
:103A200093ED006AC6EE267AB3EE087AF4EEC77A12
:103A3000F1EE10FA2DED028B11D4FCEEE77A224B59
:103A400017EE902A90B2A3FB0030000900EB400073
:103A5000C00080B2BDEC028B08BD00207047F5EEBF
:103A6000C07AF1EE10FA1DDD87EE278AB0EE480A23
:103A700007F0BAF9DFED157A70EE277A1820B4EE68
:103A8000E78AF1EE10FAC4BFF7EE007A30EE270AAB
:103A9000BDEC028BBCEEC00A10EE103A9BB2B0FB3C
:103AA000F3F008BDFCEEE77A182217EE903A9BB2CD
:103AB000B3FBF2F303EB4303D80080B2CAE700BFC5
:103AC000E8E500080AD7233BABAAAAAAACC527376A
:103AD00008B52DED028BB0EE408A07F085F9DFEDD9
:103AE000087A70EE277AB4EEE78ABDEC028BF1EE2D
:103AF00010FAC4BFF7EE007A30EE270A08BD00BF07
:103B0000ACC52737F8B595692B7802EB43030F4610
:103B1000B3F84460536901466888144603EB4000DB
:103B2000720009F069F96B88E26D1E4413786E80AB
:103B300003B93B791370F8BD2DE9F04F2DED048BDF
:103B4000038F8DB00546002B00F01581B0F8403092
:103B5000428F0469B0F850E007925B000293838FB4
:103B6000C28F34F913300B92BEF1000F00F00381C5
:103B70001B010893D0E91223D718B0F85200B5F80A
:103B80004230DFED8A8ADFF830B20193FE434FF016
:103B90000008F6EE009A0990C1460496CDF828E098
:103BA000834B83FB0710F917C1EBA00101EB410028
:103BB000A7EBC00000281FFA89F886B2C0F2EB809C
:103BC000002FC0F2F180089B09B2090481FB0301B8
:103BD000002906DA4FF6FF7C10EB0C0C604641F131
:103BE0000001079B000C40EA0140991934F91110BB
:103BF000A0EB011007EE900AB8EEE79A29EE289A9A
:103C0000B0EE490A07F052FBB0EE408AB0EE490A26
:103C100007F066F8019B002B00F0A2800B9BB5F823
:103C200044A01E4404EB46030020CDE9059703930E
:103C30000646009059E095F838C0BCF1000F4BD013
:103C400007EE101A07EE903AF8EEC76AF8EEE77A38
:103C500026EE806A27EE887A66EE886A37EE467A24
:103C600067EE807AB5EEC07A77EEA67AF1EE10FABA
:103C70004CBF37EE697A37EE297AF5EEC07AF1EE6D
:103C800010FABDEEC77A4CBF77EEE97A77EEA97AE3
:103C900017EE103AFDEEE77A5B4517EE901A47F6FD
:103CA000FF70B8BF5B468342D5F85490A8BF034667
:103CB0005945B8BF594699F800E08142A8BF01466E
:103CC000BEF1000F04D117EE100A98425BD0E64611
:103CD00089F800E01BB209B2A352009B79805344DB
:103CE0000093019B01369E4238D0009B95F839C065
:103CF00008EB5302029B92B203EB8202A718A35E69
:103D0000B7F90210BCF1000F95D00398B0F800C0CD
:103D10000CF01F0E0EF1300E03FB0EFE4FEA9C233B
:103D2000203BCCF3441C01FB03F3BEF1000F0CF16C
:103D3000300C01FB0CFCB8BF0EF13F0E002BB8BFDE
:103D40001F334FEAAE1EBCF1000F0EEB6313B8BF7A
:103D50000CF13F0C1BB24CF38F116CE7DDE90597BA
:103D6000099B049A1F44D31A04930A9B09F1010981
:103D700099457FF415AF286843680DB0BDEC048BFE
:103D8000BDE8F04F184717EE900AB0EB010E18BFD0
:103D90004FF0010E9CE71836B6B2049B054AA2FB11
:103DA00003016FEA11110EE70026F6E700008037E5
:103DB000ABAAAA2AABAAAAAA0080FFFF08B50138BD
:103DC000C0B2042898BF194B2DED028B98BF03EBAE
:103DD0008003B0EE408AB0EE600A94BFD3ED008A53
:103DE000DFED138A06F0EEFEDFED127A60EE277A41
:103DF000F2EE040A77EE887AB0EE600A77EEE87A9F
:103E0000C7EEA00A06F00EFF06F0EEFFDFED0A0A8D
:103E100007F0B8FAF7EE000A07F096FABDEC028B4D
:103E2000BCEEC00A10EE103A98B208BD20E60008B9
:103E300000000000000020420080FF43FEE700BFBA
:103E4000FEE700BFFEE700BFFEE700BFFEE700BFE2
:103E5000704700BF704700BF704700BF024AD36E73
:103E60000133D366704700BF780000200C4B0D492A
:103E7000D3F88C204FF480104861D168490503D4F1
:103E8000012283F8AD207047D168C9B261F4906116
:103E9000D1600120012283F8380383F8AD207047F8
:103EA0007800002000040140034B5A69120744BF08
:103EB00008225A61704700BF000401400148FCF726
:103EC000B9BA00BF440200200148FCF7B3BA00BFF2
:103ED0008C0200200148FCF7ADBA00BF2801002089
:103EE0000148FCF7A7BA00BF70010020084810B4D1
:103EF000D0F85C32D0F8904299691A682CB1234608
:103F000000F517705DF8044B18475DF8044B7047D7
:103F10007800002070B5AE4CD4F84451EB692A68A3
:103F2000A96840F60F00034240F08780980602D54A
:103F3000960600F1F380D4F8A401012816D0D80227
:103F400002D5490200F1F4801E0605D4590602D5B7
:103F5000530600F1258170BD1006F7D5D4F8B031B5
:103F6000002BF8D0BDE870409A481847DE06E6D529
:103F7000D006E4D510232B62AB68B4F89C215B0615
:103F800040F14281D4F8B83119684B689BB2002BDC
:103F900000F09681934280F09381A4F89E310B68E3
:103FA0009E0644D455E8003F23F4807345E8003270
:103FB0004AB1D4F8442152E8003F23F4807342E828
:103FC00000310029F5D1D4F8442102F1080353E867
:103FD000003F23F00103083242E800310029F2D10A
:103FE000D4F8442102F1080353E8003F23F04003D2
:103FF000083242E800310029F2D12023C4F8C4314C
:10400000C4F8A411D4F8442152E8003F23F010036F
:1040100042E800310029F5D1D4F8B83193F82520D1
:10402000022A00F054810422DA6383F82410022368
:10403000C4F8A831B4F89E3170BD11F0010640F00B
:104040009E80654802423FF476AFD8070FD5D10570
:1040500040F1D68001212962D4F8C81141F0010154
:10406000C4F8C81199076BD5002E40F08C80580712
:104070007DD51E0700F1C1801E050AD5500108D567
:104080004FF400612962D4F8C81141F02001C4F84E
:10409000C811D4F8C81100293FF45DAF990602D5C4
:1040A000920600F1A080D4F8C821AB6802F0280283
:1040B00003F04003134300F000814648FCF778FC0E
:1040C000AB685B067FF547AF05F1080353E8003F97
:1040D00023F0400305F1080141E8003262B1D4F851
:1040E000442102F1080353E8003F23F04003083263
:1040F00042E800310029F2D1D4F8B80100283FF499
:104100002AAF90F82530354A8263022B00F0BB803D
:104110000423BDE87040C363FCF7B6BCD4F8AC31EF
:10412000002B3FF418AF04F5A270BDE870401847AB
:104130004FF480132B6270BDD1058BD4980722D425
:10414000590714D5002E94D004212962D4F8C8113F
:10415000180741F00201C4F8C8118DD50821296261
:10416000D4F8C81141F00801C4F8C81184E7190750
:1041700082D502F0200131433FF47EAFEEE7D8074D
:10418000DAD499072CD502212962D4F8C8115E0728
:1041900041F00401C4F8C811D6D41907DED46BE786
:1041A00055E8003F23F0400345E800324AB1D4F817
:1041B000442152E8003F23F0400342E80031002947
:1041C000F5D120220023C4F8C021C4F8B03170BD5D
:1041D00078000020BC01002020010004890A0008AA
:1041E0005E07B1D4D9E7D4F8AC31002B3FF45BAF14
:1041F00042489847D4F8445155E79006AED43BE77F
:1042000098073FF534AF9BE7B4F89E11B4F89E31A0
:104210009BB289B2002B3FF49EAE91423FF49BAE1D
:1042200055E8003F23F4907345E800324AB1D4F8D2
:10423000442152E8003F23F4907342E80031002902
:10424000F5D1D4F8442102F1080353E8003F23F0EC
:104250000103083242E800310029F2D12023C4F8DA
:10426000C431C4F8AC11C4F8A411D4F8442152E804
:10427000003F23F0100342E800310029F5D102236A
:10428000C4F8A83170BD0268436C116821F00E01BA
:104290001160116821F0010111600124026C03F02A
:1042A0001C0304FA03F35360002380F8254080F8D0
:1042B0002430BDE87040FCF7E7BBC4F8C83170BDDE
:1042C00093427FF448AE0B689D06D8D470BD1A683F
:1042D0001D6C106820F00E001060106820F00100C6
:1042E00010605A6C012002F01C0200FA02F26A60AF
:1042F00083F8250083F8241099E600BFBC01002054
:10430000034B5A69120544BF4FF400625A6170476B
:104310000004014010B5194C194AD4F88C304FF400
:10432000802151619A68D20402D5DA68D00509D497
:104330009A68910402D5DA68920513D4012384F8AF
:10434000AD3010BDDA68D2B262F4C0720121DA6019
:1043500084F83913FEF75EF868B9D4F88C3084F825
:104360003903E5E7DA68D2B262F42072DA60012339
:1043700084F8AD3010BDFBF70BFF00BF78000020C4
:1043800000040140034AD2F8883043F47003C2F8B5
:104390008830704700ED00E0F0B4C56F202D4AD1A1
:1043A0000C4601B112B90120F0BC70471946002536
:1043B0002123C0F88450C3678368294FA0F8502098
:1043C000B3F5805FFE6EA0F8522037D0B0F85220CF
:1043D000036892B2B2B1DA69120604D44A1C1DD144
:1043E000DA691206FCD504B314F8012B1A85B0F86B
:1043F0005220013A92B2A0F85220B0F8522092B264
:10440000002AE8D1DA69520604D44C1C1CD1DA69BE
:104410005106FCD52023C3670020C5E7FA6E921B26
:10442000914218D3B9B11A68D5E735F8022BC2F317
:1044300008021A85DBE70220F0BC70470369002BF5
:10444000C4D125461C46C1E7FA6E921B914202D3A5
:1044500009B11A68D6E72023C367F0BC0320704770
:104460007800002008B518B1074B02689A4208D0BE
:10447000064B074AD3F880300649002098470020B1
:1044800008BD012008BD00BF0FB037137800002021
:10449000C81B0108E01B0108B5EEC00ADFED0D7A6C
:1044A0009FED0D7AF1EE10FA54BF30EE270A37EE89
:1044B000C00ADFED087A70EE277AFCEEE77AF8EEB4
:1044C000677A30EE670A20EE070AFCEEC07A17EE34
:1044D000900A7047BD370635002474492DE9F04F26
:1044E00085B08246FFF7BEFF002800F0B381B74CCD
:1044F00094F88830012B40F2A7809AED150AD4F881
:104500008050B34AB349B5EEC00AF1EE10FA4BBF82
:10451000B14BB24BF1EE406AF0EE406AFFF7BCFFE0
:10452000DFEDAF7A019076EEA77A0220FCEEE77A13
:10453000CDED007AA84794F88830012B40F28480B2
:104540009AED160AD4F88050A64AA249B5EEC00AE0
:10455000F1EE10FA4BBFA04BA04BF1EE406AF0EE2B
:10456000406AFFF799FFDFED9E7A019076EEA77A19
:104570000220FCEEE77ACDED007AA84794F8883067
:10458000012B61D9BAF85C30D4F88050964A914931
:104590000220A84794F88830012B55D99AF85E304C
:1045A000924F934DD4F88060924A8A49002B0CBFF9
:1045B0003B462B460220B04794F88830012B43D964
:1045C0009AF85F30D4F880608B4A8249002B0CBF88
:1045D0003B462B460220B04794F88830012B33D954
:1045E0009AF86330D4F880507A49022B96BF834AF8
:1045F000834B02EB83034FF0020098BFD3F85C3982
:10460000804AA84794F88830012B1DD99AF8643065
:10461000D4F880506F49022B96BF784A784B02EB52
:1046200083034FF0020098BFD3F85C39764AA8475D
:1046300094F88830012B07D9D4F880509AF862306A
:10464000724A64490220A8479AF86230002B00F0B1
:1046500001810027DFF8E4B15E4E0397554694F8D8
:104660008820012A40F2EE80039BD4F880705A46DD
:1046700031460220B84794F88830012B40F2E080A0
:104680006B68634AD4F8807031460220B84794F8CA
:104690008830012B40F2D4802B895E4AD4F8807098
:1046A00031460220B84794F88830012B40F2C88088
:1046B0006B89594AD4F8807031460220B84794F883
:1046C0008830012B40F2BC80AB89544AD4F880700A
:1046D00031460220B84794F88830012B40F2B08070
:1046E000AB7B4F4AD4F8807031460220B84794F82B
:1046F0008830012B40F2A480EB7BDFF8F080DFF8FC
:10470000F090484AD4F88070002B0CBF43464B46CB
:1047100031460220B84794F88830012B40F290804F
:104720002B7C414AD4F88070002B0CBF43464B468B
:1047300031460220B84794F88830012B40F280803F
:104740006B7C3A4AD4F88070002B0CBF43464B4632
:1047500031460220B84794F88830012B70D9A97CE3
:10476000234A224BD4F88070002918BF1346022038
:104770002F4A3146B84794F88830012B60D92B7DF9
:10478000D4F88080013BDBB2042B96BF1B4A1C4B44
:1047900002EB8303314698BFD3F86839254A0220DB
:1047A000C04794F88830012B4AD9EB7CD4F880803C
:1047B000052B96BF114A124B02EB8303314698BF7B
:1047C000D3F87C391C4A0220C04739E07800002029
:1047D000B8200108E01B01089C20010828310108CD
:1047E000BD370635D0200108E8200108A8200108BF
:1047F000A0200108002101081C210108E8DC0008B4
:10480000B020010834210108502101086C21010861
:1048100090210108B4210108D8210108FC210108D8
:104820002022010844220108682201088C22010884
:10483000B0220108D4220108F822010880210108D1
:104840009AF86230039A01329342039205F11405FB
:104850003FF605AF05B0BDE8F08F00BF08B518B151
:10486000074B02689A4208D0064B074AD3F88030BB
:10487000064900209847012008BD90F8620008BD55
:104880000FB0371378000020C81B0108E01B010897
:1048900008B518B10E4B02689A4208D00D4B0E4A6B
:1048A000D3F880300D4900209847002008BD032927
:1048B00007D9084B0A4AD3F88030084900209847A6
:1048C000F3E701EB810100EB8100008908BD00BF27
:1048D0000FB0371378000020C81B0108E01B010847
:1048E000E81B0108F0EEC07AB0EEE07A2DE9F04F57
:1048F000F4EE477AF1EE10FADFEDB96A48BFF0EE58
:10490000477A30EE607A67EEA67AB0EEC77A2DED80
:104910000A8BB4EEE77AF1EE10FA98BFDFEDB17AC8
:1049200087B094BF00261646F0EE60CA8A4698BF4C
:1049300070EEA7CA0546FCF7EBFCF0EE408A044691
:10494000B0EE6C0AFCF7E4FC052C22D005280CD054
:10495000A54A4FF00333012CCDE9043200F019824F
:10496000022C40F00C8201271FE04FF00333049328
:1049700003F18073A3F58173012C059300F0048289
:10498000022C00F01182032C14BF032702270420FD
:1049900014E0052800F001824FF00333049303F183
:1049A0008073A3F5817305930327012800F0E58147
:1049B000022800F0EC81032800F0ED810322C7F10A
:1049C00001031344DBB29A45C7F1030E964428BF96
:1049D0009A46013A05AB03EB070CD4B25FFA8EFEA0
:1049E00000230AE0022F00F0D680013301F8087C92
:1049F000DBB2621CD4B2A64517D01CF8017B03F1D0
:104A00001802B8420DEB020107F0FD02C0F09681DA
:104A10009A4540F29381012AE4D1621CD4B2013359
:104A2000A64501F8087CDBB2E7D10AF1FF339FED20
:104A30006FBA9FED6F9A9FED6FAADFF8D081DFED1F
:104A40006E9ADFED6EAA01930DF1100B0024CDF8E4
:104A500000A003961BF8017B3846FEF7D7FF019BA9
:104A6000A342824600F0DA809BF80030013BDBB2C3
:104A7000042B00F22981624A02EB8303D3ED007A12
:104A800077EEA77AF4EEE87AF1EE10FA40F3CE80F2
:104A900007EE10AAB8EE477AB0EE688A27EE097AD8
:104AA000002638EE078A0136B4EEE78AF1EE10FAF6
:104AB000B6B2F6D488EE090A06F096F92B6CC8EE69
:104AC000897AFDEEC08A77EE8A7A18EE902A12B2C1
:104AD00008EE902ABDEEE7CA1BB11A68424500F005
:104AE000F680DFF82C91474AD9F8803046490020FB
:104AF00098472B6C13B11A6842455BD0D9F88030C7
:104B0000404A4149002098472B6C1BB11A68424526
:104B100000F00881D9F880303A4A3B490020984794
:104B20002B6C1BB11A68424500F00481D9F8803023
:104B3000344A3549002098472B6C95ED190A002B13
:104B400047D1D9F880302F4A2F4900209847F8EEF6
:104B5000E87A2B6C67EE897AF4EEE97AF1EE10FAD6
:104B600040F19580013F18BF012733B11A684245D3
:104B700008BFA20078D0DFF89890D9F88030214A99
:104B80002149002098470134009AE3B2934274D23D
:104B9000F0EE488A5EE7AAEB0302D2B203F11801F5
:104BA000A242694403F10102FFF423AF01F8087C3B
:104BB000D3B21EE704EB840203EB820282ED01CA4A
:104BC000A2F80AA0A200224403EB820295ED190A82
:104BD00016811A6842452DD0DFF83490B1E700BF46
:104BE000000000340AD7233C010203040000000047
:104BF0000AD7233B17B7D138666646403333A34004
:104C0000E8E50008C81B0108E01B01080FB03713D6
:104C10007800002033334B4100009441F0EE6C7A71
:104C2000F4EEE87AF1EE10FA3FF732AFB0EE688AB0
:104C300000263FE7F8EEE88AF0EE480A384602938D
:104C400068EE898AFFF7BAF8029B04EB840203EB53
:104C50008202F4EEE98AF1EE10FA90814FEA8402C2
:104C600043D5013F18BF0127224403EB82020134E0
:104C7000D774009AE3B293428AD3039E9246002EE1
:104C800062D1504607B0BDEC0A8BBDE8F08FF4EE60
:104C9000EA7AF1EE10FA66D4B1EE0C7AF4EEC77A45
:104CA000F1EE10FA48D41FED257AF4EEC77AF1EE52
:104CB00010FA5AD41FED287AF4EEC77AF1EE10FA02
:104CC0004CBF0427052750E7F0EE4B7ADAE604EBF9
:104CD000840203EB820282ED01CA17752B6CA2F8E5
:104CE0000AA023BBDFF8D49020E7F4EEEA8AF1EEC5
:104CF00010FA3ED4F1EE0C7AF4EEE78AF1EE10FAF7
:104D000035D4DFED2B7AF4EEE78AF1EE10FA32D4E7
:104D1000DFED287AF4EEE78AF1EE10FA4CBF0427B3
:104D2000052723E7142202FB0432A2F80AA01A681E
:104D30004245D7D1A20046E7022716E7BAF1000F95
:104D40007FF473AE002E9CD02D6C0AF1FF34E4B2D8
:104D500021462846FFF79CFD411C224689B2284681
:104D6000FBF79AFE8DE70127FFE60327FDE6022702
:104D7000FCE6012778E70327F8E600221FE6032C6C
:104D80007FF412AE022710E60027042016E6012267
:104D900015E6002709E6022211E6074B4FF0033221
:104DA000CDE904230420FFE50127042006E600BF27
:104DB00033334B410000944101020304780000208A
:104DC0002DE9F04FB0EEE07AF0EEC07AF4EE477ADB
:104DD000F1EE10FADFEDAC6A48BFF0EE477A30EE44
:104DE000607A67EEA67A2DED048BB0EEC77AB4EE4A
:104DF000E77AF1EE10FA98BFDFEDA47A89B00546A4
:104E00004FF00500B0EE608A14469ABF30EEA78AD4
:104E100000260126F0EE408A0191FEF7F7FD032CF3
:104E200009EE900A00F05581042C00F04881022C14
:104E300044D1974B04934FF07E530593631E9BB26E
:104E400004AF05AA38EE687A02EB83003B46D3ED47
:104E5000007A67EE877A77EEA87AE3EC017A9842D7
:104E6000F5D19FED8C9ADFF844B2039607EB840AE4
:104E70004FF00009B7EC017AB4EEE87AF1EE10FADF
:104E800012DDF8EE697AB0EE688A67EE897A00245E
:104E900038EE278A0134B4EEC78AF1EE10FAA4B2D4
:104EA000F6D41CBBF0EE488A5745E3D1039E6EB999
:104EB000484609B0BDEC048BBDE8F08F4FF07E533F
:104EC0000493002CBAD1A146002EF1D0019B2D6C89
:104ED0005C1E4C44E4B221462846FFF7D9FC411C35
:104EE000224689B22846FBF7D7FDE1E788EE090A9A
:104EF00005F07AFF019A2B6C4A445FFA82F8BDEE06
:104F0000C00A10EE102A12B202921BB11A6862494E
:104F10008A4246D0614E6249D6F8803000205A4617
:104F20009847286C034618B15B4902688A426AD0E8
:104F30000020D6F880305A495A469847286C18B154
:104F4000554B02689A4277D00020D6F880305449F9
:104F50005A469847286C21464246FBF79DFD2C6C2B
:104F600095ED190A1CB123684B4A934240D04B4E31
:104F70004B49D6F880305A46002098472C6C1CB11B
:104F8000454B22689A4274D0D6F8803044495A463C
:104F90000020984709F10103F0EE488A5FFA83F98F
:104FA00082E7B8F1030F40F283803C4E3D4AD6F8C9
:104FB00080303B49002098472B6C002BB8D01B68F1
:104FC000354A9342B4D1D6F88030364A344900206D
:104FD00098472B6C002BB7D01A682F4B9A42B3D14D
:104FE0000020D6F880302F4A2D499847286CB2E728
:104FF000B8F1030F2AD9294E2A4AD6F88030284919
:1050000000209847BAE7B8F1030FDCD8DFED216A3A
:105010009FED257AC8EEA67A142202FB083377EEBC
:10502000877AFDEEE77AC3ED017A18B11A4B026870
:105030009A4204D0194E87E7B8F1030FD0D8142351
:1050400019EE902A03FB08035A8184E7F0EE480A20
:105050000520FEF7B3FE142303FB084302469A81A2
:1050600002980521FCF77EF9142303FB0844E07441
:1050700090E7B8F1030F34D9D6F88030094A0849CF
:105080000020984786E700BF000000340AD7233C81
:10509000A4703D3F0AD7233B0FB0371378000020A0
:1050A000E01B0108E81B010817B7D138C81B01082D
:1050B000142202FB083205211175286CA6E70B4B60
:1050C00004930B4B05930B4B06934FF07E530793C2
:1050D000B4E6094B0493094B05934FF07E530693B6
:1050E000ACE602980521FCF73DF9BDE7D7A3F03EF9
:1050F0003333333F52B85E3F713D0A3F295C4F3F27
:105100002DE9F041174F1D46D7F8843013B1BDE8A3
:10511000F0411847FB6F4FEA4208002AF7D08F1E74
:10512000A8F1020406468E460C443A4632F802CFF5
:105130009CFA9CFCA242A2F800C0F7D142467146FC
:10514000304698470DB9BDE8F08137F8023F5BBAA9
:10515000A7423B80F7D037F8023F5BBAA7423B80BB
:10516000F3D1F0E77800002000B583B041F4A0410E
:10517000012394464FEA124EADF80010ADF802300C
:10518000042200236946ADF804E0ADF806C0FFF73D
:10519000B7FF03B05DF804FB10B50F4C8C46114609
:1051A000B4F8702003F1020EB2EB4E0F07D2D4F820
:1051B00080300A4A0A49BDE8104000201847013BE8
:1051C0004CF4A04C4B802EF00042A1F800C0BDE88A
:1051D0001040002394E700BF780000201C23010842
:1051E0003C2301082DE9F04FADF5137D06460C4632
:1051F000154600214FF4E27221A89A4607F0EAFC16
:105200003C22002112A807F0E5FC9D9B93F8C57194
:105210006FB1664B664AD3F88030664900209847E4
:105220004FF0000840460DF5137DBDE8F08F0DF1FD
:105230001808CDF800800AAB21AA29462046FDF7C0
:10524000E7F90028ECD0414694F85B200AA812AB9D
:10525000FBF796FC80460028E2D09E9ABDF85A30B3
:1052600013809F9ABDF85E3013809D9808AB0DF1B6
:10527000160221A9FCF73EFCBDF82020BDF816302F
:105280009A4206D29D9B2246294621A8FDF75AF94B
:10529000C8E743F2370308930322012308A93046E5
:1052A000ADF82470FFF72CFFBDF8243013F0C003D5
:1052B00010D1ADF8243043F23103089303220123C7
:1052C00008A93046FFF71CFFBDF824204AF6C0436A
:1052D0009A425CD19D9808AB0DF1160221A9FCF70A
:1052E00009FCBDF81690BDF820B0D94508D9324B5D
:1052F0000893304608A900230222FFF701FFC1E707
:105300002A499C9AB1F87010CDF808804FEA5A03E8
:1053100049088B4228BF0B460BF10201023BA1EB6F
:10532000090123F0010389B28B4228BF0B460432E6
:10533000AA469FB2904603941D4604E0B9441FFA62
:1053400089F9D94511D808AB4A46414621A80895A4
:10535000FBF796FF04460028F0D0089B9C9A4FEA82
:1053600059013046FFF718FFE8E7134B08935546FD
:105370003046A24608A900230222DDF80880039CDB
:10538000FFF7BEFEBAF1000F3FF44AAF7AE7074BD2
:1053900093F88820002A3FF443AFD3F88040074AAF
:1053A000074933460120A0473AE700BF78000020B4
:1053B00050230108201C01088010010090230108DF
:1053C000B42301082DE9F04F9846184BDFF860B080
:1053D000B3F8707083B0043A043F52087F089742D4
:1053E0000C9E0190894628BF174601F1040A00254A
:1053F000741BBC4228BF3C4645EA0B02631E08EB07
:105400004501A9F80020A9F802306200504607F0D3
:105410000DFD254401980023A21C4946FFF770FEAC
:10542000AE42E5D803B0BDE8F08F00BF78000020A1
:1054300000C0FFFF2DE9F04F02EBC30787B07B8868
:10544000DDF84090F3B18246884600264D467B68E1
:1054500053F82640C4F30170012816D0022830D03A
:1054600028BBC4F34459012303FA09F39D4231D305
:105470002F4A3049D2F880602F4A013BCDE90053D2
:10548000A3B2B04707B0BDE8F08FA3B2194658F8F1
:10549000232022F00F0215B1C4F3034422435046E7
:1054A000FFF762FE7B8801369E42D0D3EAE7204BAD
:1054B000224AD3F880301F49002007B0BDE8F04FE2
:1054C0001847A3B2194658F8232022F00F02002DE6
:1054D000E5D1E1E71FFA84FB4FF00103ADF80E3090
:1054E0004BF42043ADF81000CDF81200ADF80C30AD
:1054F00003A9504601230522FFF702FEC9F1200946
:10550000BDF81220BDF814304FF0FF30C4F304444E
:1055100020FA09F0A04043EA024323EA000305FA17
:1055200004F4594643EA04025046FFF71DFEB9E76A
:10553000780000206C1C0108CC2301080424010819
:1055400010B1024B9B6F1847704700BF78000020D6
:1055500010B520B10C4B02689A42044608D00B4BA0
:105560000B4AD3F880300B49BDE8104000201847A3
:10557000406818B1C3689847002363600023236024
:105580002046BDE81040DBE70DB03713780000205F
:105590002C2401084824010810B520B10B4B0268E7
:1055A0009A42044608D00A4B0A4AD3F880300A4986
:1055B000BDE810400020184700690023236008B1AF
:1055C000FFF7BEFF2046BDE81040B9E70EB0371325
:1055D00078000020542401086C240108704700BFA3
:1055E00070B5FEB04FF4E27204460D460DA80021DE
:1055F00003AE07F0EFFA00960DAA05AB0021204696
:10560000FDF706F808B97EB070BD94F85B202B4614
:10561000314605A8FBF7B4FAF5E700BF10B590B026
:1056200018B10C4B02689A4209D00B4B0B4AD3F8C5
:1056300080300B4900209847002010B010BD0C4668
:10564000043001A9FFF7CCFF0028F6D0BDF80430E4
:105650002360F2E70FB0371378000020C81B010861
:10566000E01B0108F0B583B043F21C020092012355
:105670000E460024032269460746ADF80440FFF7B2
:105680003FFDBDF8043013F4006517D141F21B044F
:105690002B46694638460222009446F40066FFF71E
:1056A0002FFD38462B4669460222ADF80040ADF882
:1056B0000260FFF725FD012003B0F0BD054B064A4F
:1056C000D3F88050054920463B46A847204603B002
:1056D000F0BD00BF7800002074240108A424010854
:1056E000F0B5012983B00546144622D002290AD01C
:1056F0001C4B1D4AD3F880401C4903460020A0479C
:10570000002003B0F0BD43F2460384270026ADF825
:1057100000302846012303226946ADF80260ADF847
:105720000460FFF7EDFCBDF8040030B16CB9012056
:10573000E7E743F245038327E8E70A4B0C4AD3F82F
:1057400080400A492B46A047DAE747F480573346A2
:10575000694628460222ADF80070ADF80260FFF7F6
:10576000CFFCE4E778000020BC240108A424010851
:10577000D8240108F0B5012985B00646154633D076
:10578000022925D143F2320301240027ADF8083065
:105790000322012302A93046ADF80A70ADF80C705F
:1057A000FFF7AEFCBDF80C306B8003F00702012A56
:1057B0002A802AD013F006001AD11849184AD1F8C5
:1057C000804018490096A0470024204605B0F0BD4F
:1057D000124B154AD3F88040124903460020A047D7
:1057E0004FF440530024D0E743F233030C46CCE798
:1057F000023A012AE9D9094A0096D2F880400949BB
:105800000A4A3846A0472F80DEE70449084AD1F803
:105810008040044900963846A047D5E7780000202C
:105820000C250108A4240108BC24010870250108E6
:105830003C25010810B582B001AA01210446FFF7FA
:1058400099FF002201212046FFF74AFFBDF80430EE
:10585000022B09D00649074AD1F8804006490020AA
:10586000A047002002B010BD012002B010BD00BF53
:1058700078000020A4250108EC25010808B5144B88
:105880009FED140A2DED028B93ED508AB8EE488AF5
:1058900008EE900A80EE080A05F0A6FA28EE008AC3
:1058A000F3EE087A28EE278AB7EE007AC7EE087A78
:1058B000F8EEE88A9FED087A67EEA87ABDEC028BD5
:1058C00067EE877AB6EE000A27EE800A08BD00BFB1
:1058D00078000020F902154FC2F38E4D2DE9F043F8
:1058E00083B01D4643F440534FF00008BDF82840F4
:1058F000ADF800308946164669460123032245F477
:1059000080550746ADF80280ADF80480FFF7F8FB3C
:10591000ADF80050BDF9045004FA09F46C4004EAF3
:10592000060255404346694638460222ADF8025009
:10593000FFF7E6FB03B0BDE8F08300BF30B583B0EE
:105940000025294600957B23FF220446FFF7C6FF6A
:105950000121009120468B230222FFF7BFFF8B23FA
:105960008022009507212046FFF7B8FF03B030BD25
:1059700070B582B043F2370200230092ADF80430D4
:105980000322012369460546FFF7BAFBBDF8043040
:1059900013F0C00F1AD143F21C020123009200241D
:1059A000694603222846ADF80440FFF7A9FBBDF87D
:1059B00004301B0517D50F4B0F4AD3F880600F49F1
:1059C00020462B46B047204602B070BD094B93F8E5
:1059D0008820002ADFD0D3F88040094A07492B46A7
:1059E0000120A047D7E72846FFF7A8FF012002B013
:1059F00070BD00BF7800002038260108A4240108EB
:105A00000C2601082DE9F04FADF5117D0C46154629
:105A100000214FF4E27206460DF118081FA81F4638
:105A200007F0D8F8CDF8008008AB1FAA2946204619
:105A3000FCF7EEFD30B94FF0000840460DF5117D42
:105A4000BDE8F08F94F85B20414608A810ABFBF747
:105A500097F80028EFD09C9ABDF8523013809D9A99
:105A6000BDF85630DFF8B4A013803046BAF8708025
:105A7000FFF77EFF50B37B084FEA5808434528BF25
:105A800043469A9A0397023B23F001030432A84647
:105A90001FFA83FB4FF0000902941D4617464A4641
:105AA00005AB39461FA80595FBF7EAFB4FEA5901FC
:105AB000D944059B9A9A04461FFA89F93046FFF7A4
:105AC0006BFBB9F51E6F08D2002CE8D1DAF88030F4
:105AD0000F4A104900209847ADE74546A046DDE94A
:105AE0000247B8F1000FF1D080239A9900933A460B
:105AF0003046094BFFF766FC1FA89B9B22462946B0
:105B0000FCF720FD40460DF5117DBDE8F08F00BF8C
:105B100068260108201C01087CE6000878000020A7
:105B200008B518B1074B02689A4208D0064B074ADD
:105B3000D3F88030064900209847002008BD012096
:105B400008BD00BF02B13713780000207C26010891
:105B50009426010808B518B1074B02689A4208D08C
:105B6000064B074AD3F880300649002098470020AA
:105B700008BD012008BD00BF01B137137800002027
:105B8000A826010894260108B8B110B50446406D56
:105B900020B10A4B9B6F984700236365A06D20B12D
:105BA000064B9B6F98470023A365E06D20B1034B24
:105BB0009B6F98470023E36510BD70477800002075
:105BC00038B50446FFF7C6FF00B938BDE56A1DB118
:105BD0000E4B2A689A420FD00D4B0E4AD3F88030F4
:105BE0000D4900209847A06AFFF7B2FC002323600C
:105BF0002046BDE83840A3E42846FFF7C5FF002350
:105C00002B602846FFF79CFCEDE700BF03B137137C
:105C1000780000202C240108B8260108F0B587B0D0
:105C200028B116461F4602686C4B9A4209D06C4B4D
:105C30006C4AD3F880306C4900209847002007B0A8
:105C4000F0BD0C4619B1694B0A689A4207D0644B03
:105C5000674AD3F88030644900209847EEE791F80E
:105C60006130002B3ED1D4F840E01EB1614B326868
:105C70009A4207D05A4B604AD3F880305F490020DF
:105C80009847DBE75E4D7B1E07F1EB0C4FF0FF30D2
:105C900013F8012F0824504040F300012940013C33
:105CA00081EA5000F8D19C45F2D1D7F8EC30C043DE
:105CB00083420FD1BEF1000F04D0524BDEF800201A
:105CC0009A4237D0464B504AD3F880304F49002093
:105CD0009847B3E7424B4E4AD3F8803047492046B5
:105CE0009847ABE7C56A002DBDD0686D002847D046
:105CF000AB6D002B44D0EB6D002B41D02B892C22B7
:105D000003FB02F2002106F065FF2A89A86D9200CC
:105D1000002106F05FFF2A89E86D9200002106F05D
:105D200059FF00232B65A5F84C3000232B646B64CE
:105D3000AB6498E743F21C030493B068ADF81440D9
:105D40000123032204A90EF10405FFF7D9F9BDF8D8
:105D5000143003F40063002B14BF012300233373BA
:105D600019D0B06833690193B41D0C9B00930436BD
:105D70000D9B03943A4629460296FFF733FA5EE7F5
:105D8000174B244AD3F880302349002098472846EF
:105D9000FFF7FAFE67E743F23102012304A90492F8
:105DA000B068ADF814400322FFF7AAF9337BBDF8C1
:105DB0001410002BD5D14AF6C0429142B068336925
:105DC000D1D0B41D019304360C9B00933A460D9B31
:105DD000039429460296FFF715FE30E701B1371309
:105DE00078000020A82601089426010802B1371384
:105DF0007C2601080EB03713542401086C240108D6
:105E00002083B8ED0FB03713C81B0108E01B010851
:105E100008270108D8260108B8260108C0EE207A14
:105E20009FED107AF4EEC77AF1EE10FA17D89FEDD5
:105E30000E0A08B527EE800A04F052FFB7EE007A8A
:105E4000F0EE475A40EE005A30EE006AF1EEE56A95
:105E500076EEC07A06EE677AB0EE470A08BD9FED8F
:105E6000030A7047A800003FDB0F49400000000014
:105E70002DE9F0412DED048B90F86230D0ED138ABE
:105E80009FED978A90ED149A88EE880A82B00446B6
:105E9000002B4BD0FDF71CFEF0EE408A89EE080A7D
:105EA000FDF716FE68EE888A9FED8E9A20EE088A2E
:105EB000B4EEC98AF1EE10FA40F2FA80F4EEC98A23
:105EC000F1EE10FA00F3C88088EE090AFDF700FE33
:105ED00004F08AFF00222046FCEEC07AF0EE490A68
:105EE00017EE906A013EF6B2032E28BF0326012E5C
:105EF00038BF0126C6F10401B0EE680AC9B2FEF748
:105F0000F1FCF0EE480A05460146B0EE490A324679
:105F10002046FEF755FF0544EDB2266C3046FEF7ED
:105F2000A1FA00286FD086F862506CE090F84430F7
:105F3000002B40F09C8090F8466094F84530002B90
:105F400040F0C180B4F8488004F004FF07EE908A66
:105F50009FED637AF8EE677A39EE689A67EE877A92
:105F6000BDEEC08A89EE270AFDF7B2FDF7EE007A92
:105F700030EE270A04F038FFBCEEC00A276C10EEA2
:105F8000103A38469DB2FEF76DFA10B1012387F83A
:105F90006230276C3846FEF765FA00B13E75276C13
:105FA0003846FEF75FFA08B187ED018A206C0022BF
:105FB0002946FAF771FD276C3846FEF753FA08B107
:105FC000A7F80A80276C3846FEF74CFA50B118EE55
:105FD000103A28B2013810FB0830314600B2FBF706
:105FE000C1F9F874256CB4F856602846FEF73AFA01
:105FF00000B1AE81256C94F868602846FEF732FA4D
:1060000008B185F86A60256C94F858602846FEF758
:1060100029FA08B185F86360256CB4F85460284605
:10602000FEF720FA08B1A5F85C60256C94F86030A2
:10603000E66DE66028464BB1FEF714FA08B100237E
:10604000AB6502B0BDEC048BBDE8F081FEF70AFA47
:106050000028F6D0AE65F4E7F0EE480AB0EE680A24
:10606000042200212046FEF7ABFE054655E71E4BF5
:106070009FED1E7A1E4800936946012211F8016BBC
:10608000731EDBB2042B00EB8303F0EE477A98BF5C
:10609000D3ED007A77EEA77A0132F4EEE78AF1EEDB
:1060A00010FA92B2BFF649AF052AE7D1012644E7BC
:1060B000F0EE480AB0EE680A012204212046FEF7FD
:1060C00011FC054629E7731EDBB2042B05D8094AEB
:1060D00002EB4303B3F8948A36E74FF0010833E745
:1060E0000AD7233B0AD7233F050403020000000020
:1060F000E8E50008E8DC00082DE9F84F89462DEDB9
:10610000048B064620B1B54B02689A4200F08480A9
:10611000B34FB44AD7F88030B349002098474FF0C6
:10612000010B0024DFF8C0A2B0462546002E00F087
:106130008F803368A94A934276D0D7F88030A94A35
:10614000514600209847A94580F0B880A9EB050981
:106150001FFA89F9A14B32689A4200F01981D7F8E9
:106160008030A04AA04900209847D7ED507A9FED93
:106170009F0AB8EE678A80EE080A04F035FE35689B
:10618000964B9D4228EE008AF3EE087A28EE278A85
:10619000B7EE007AC7EE087A9FED956A9FED957A83
:1061A00067EE867AF6EE006A05EE909A67EEA67ABA
:1061B000B8EE659A67EE879A00F0D080D7F8803005
:1061C000884A8949DFED8B8A0020984797ED508AED
:1061D0009FED860AB8EE488A69EE288A80EE080AA2
:1061E00004F002FE28EE008AB3EE087A28EE078A51
:1061F000F7EE007A87EE880A9FED7D7A20EE070A97
:10620000F6EE007A20EE270A20EE280A30EE290A60
:10621000BDEC048BBDE8F88F90F862B0BBF1000FC5
:1062200000F0D5806E4F7CE7032C5DD9D7F8803025
:10623000714A514600209847A94580F0B9803368DB
:10624000664AA9EB050993421FFA89F987D1A1E0B3
:10625000D7F88030634A514630469847A94531D235
:10626000A9EB0506B6B2D7F880305E4A5E49002039
:106270009847D7ED507A9FED5D0AB8EE678A80EEB9
:10628000080A04F0B1FD20EE087AF3EE087A27EE52
:10629000277AF7EE006AC6EE877A9FED556A9FED82
:1062A000557A67EE867AF6EE006A05EE906A67EE3A
:1062B000A67AB8EE659A67EE879A7FE73368474A11
:1062C00093425CD0D7F88030464A51460020984728
:1062D0000134E4B25C4508F114087FF427AF002EC6
:1062E000C1D04FF0000935E7B8F808302B449BB215
:1062F000994542D2A9EB05091FFA89F907EE909A50
:10630000B8EE679A234603EB830306EB8303D3EDD2
:10631000019A324DF8EEE99AD7ED507A9FED330AA3
:10632000B8EE678A80EE080A04F05EFD2B4B9D42B2
:1063300028EE008AF3EE087A28EE278AB7EE007A74
:10634000C7EE087ADFED2A6A67EEA67AB6EE007A23
:1063500067EE877A67EEA99A7FF430AF032C2CD9C9
:10636000D7F88030244A2049DFED228A0020984760
:106370002CE7B8F808302B449BB21D46A8E7032C45
:10638000F7D9D7F880301C4A1749002098479FE773
:10639000032CB3D9D7F88030174A1349DFED159A8B
:1063A0000020984707EE909A3568B8EE679AB3E7F1
:1063B00033680A4A934285D1E3E704EB840406EB91
:1063C0008404638908EE903AF8EE688AFEE69FED51
:1063D000099A034F5C465B4695E700BF0FB0371341
:1063E00078000020C81B0108E01B0108F902154FC6
:1063F000C2F38E4D00000000E81B010870B5094E85
:10640000736F05469847044628B12A46002106F0D6
:10641000E1FB204670BDD6F88030034A0349984717
:10642000204670BD780000201C2701082C27010899
:106430002DE9F04F264C87B00026CDE90466B4F86C
:1064400070808946002B3DD04FEA5808CDE9010203
:10645000A8F104080D461F464FF4004BB2460393C3
:1064600025E0029BA5F800B033446B80631EAB802F
:10647000A5F806A06200002105F1080006F0AAFBBD
:10648000294601980123221DFEF73AFE04AA13466D
:1064900003CA26446960286009EB460559F81600CE
:1064A000696803C3039B9E42A7EB04070AD2B84561
:1064B000444628BF3C46B845D3D200E0013CE30740
:1064C000FCD4CEE709F1080007B0BDE8F08F00BFAB
:1064D000780000202DE9F04F2DED028B1C461B7833
:1064E000ADF21C4D05460F4691460A2B12D8DFE847
:1064F00013F021000B007200F7007C010002AB02D8
:10650000D203240455042100FFF794F9002840F039
:106510000A852378C84ED6F88050C84AC84900205A
:10652000A8470020064626700DF21C4DBDEC028BDC
:10653000BDE8F08FC04EDDF84804EC22002106F0E3
:1065400049FBD6ED507ADFEDBF5ADFEDBF6AF8EEBA
:10655000677AB6EE006A85EEA77AF4EEE67A37EE51
:10656000067AF1EE10FABCEEC77A17EE103A1FFA6F
:1065700083F800F333849FEDB57AF4EEC77AF1EE39
:1065800010FA00F12B84A8F1100292B2EF2A40F227
:10659000AD869FEDAF7ADFEDAF6AD6F8805077EE2B
:1065A000877A37EE877ABCEEE78ABCEEC77AB8EE18
:1065B000477A77EEC77A67EEA67AFCEEE77A17EEAF
:1065C000907AA54BA54AA64901978DED008A002037
:1065D000A84723789FE7FFF72DF90490002898D06B
:1065E0004123002239462846FFF722FF0023028C70
:1065F0000292A0F1020A039398464FF6FF7B5A1EBF
:1066000002FB02F2C2EBC202510001F5167CC83A4D
:106610003AF9021F002B00F073843AF902EC01F5FD
:106620007A76A1EB0E019142FFF673AF61453FF719
:1066300070AF86EAE672A2EBE67292B25A4505D2D4
:10664000990089B2DDF81080039193460133102B35
:10665000D5D1B8F1000F3FF45CAF039A82F0300A55
:10666000DDF84824A2F804A0B0F822B0B0F88020E9
:10667000A2EB0B02B2F5FA6FFFF64BAF7949CDF8FA
:1066800010A01204A1FB021252094FF0000C20309E
:10669000039266464FF6FF7E0AE0514538BF4FF041
:1066A00000080133039A9BB2402B944400F05D87AD
:1066B00030F8021F029A8A1A002AB8BF524292B2D8
:1066C00072450BEB1C4A38BF96460AF5487238BF34
:1066D0001E468A4201F54871DFD24FF00008E0E71C
:1066E000FFF7A8F800283FF414AF39460022202312
:1066F0002846FFF79DFEB0F900200746844616465F
:106700000121002096463CF9022F02F54873A3EBC5
:106710000E039BB2B3F5C86F3FF6FBAEB242A8BF03
:10672000084601F10101A8BF16462029EAD1072831
:1067300040F2B5861728A0F1070340F24B87D3F14A
:10674000200240F0AF8646AB039303982EA9FAF7D8
:106750009BFB00283FF4DDAE9DED2E6AB5EE406A4E
:10676000F1EE10FA3FF4D5AE9DED2F7AB5EE407AFA
:10677000F1EE10FA3FF4CDAEDDED306AF1EE666A6F
:10678000C6EE877AF5EEC07AF1EE10FAFFF6C1AEEA
:10679000B1EE477AC7EE066AF5EEC06AF1EE10FA7E
:1067A0007FF5B7AEB7EE007A77EE877AFCEEE77A40
:1067B00017EE903A9AB23F2AC3F34E033FF6A9AEC2
:1067C000DDF8482483F01003D38040F215312846C9
:1067D000FEF748FF0426002800F0E58226700DF23F
:1067E0001C4DBDEC028BBDE8F08FFFF723F80028AD
:1067F0003FF48FAE5023394600222846FFF718FE9B
:10680000DDF84834CDF81890CDE9045703F10A01BA
:106810003023A0F1020B9C460846A246124B0024EE
:1068200047F6FF76CDE9020B5D464FF6E472A646C9
:10683000A1461F46B04623E0780000207C270108CF
:10684000A0270108F902154F8096984C8096984B26
:10685000BD37063500247449283101083C2701085A
:1068600068270108ABAAAAAA0080FFFF8E4204F1A4
:106870000104C4BFDE460E460832082C92B21AD07C
:1068800035F9021F0FFA82FB4CB135F8020C081AD9
:1068900000B28045A8BF80468742B8BF074600299E
:1068A000E4DA8B4204F10104BCBFD9460B4608323E
:1068B000082C92B2E4D1A7F51C57103FBFB244F6A2
:1068C00020629742DDE9020B11D8B8F1000F0ED11A
:1068D00013F5004F00F0DB8547F6FF72964200F09B
:1068E0003F86AEEB090EBEF1080F00F0AD825446B4
:1068F0000FE6FEF79FFF00283FF40BAE4FF4407306
:10690000394628460022FFF793FD0DF1340B00F5C0
:10691000C063CDE904B30023029346AB0393484E12
:10692000484F099416ABCDE907B50DF1B8090693A8
:106930000DF58A780546069CAA46BAF902103AF97E
:10694000040BFAF711FA44F8040B4C45F5D12DACC1
:10695000A346AA46BAF96210BAF96000FAF704FA37
:106960004BF8040FC3450AF1040AF3D1DDE9022311
:106970000DF1540E9818002154F8043F5EF8042FCE
:106980009B1AB34240F35782A3F5C9237E3BB3421F
:10699000FADC002BB8BF5B429942B8BF1946A0454C
:1069A00040F8043BE8D1049B491043F8041F0493CA
:1069B000029B60330293059BC0359D42BBD1DDE94C
:1069C00007B50021099C0A460B465BF8040F90426C
:1069D000C8BF194603F10103C8BF0246082BF4D112
:1069E0000EAB0DF1B70253F82160039B01EB41019F
:1069F00003EB41110DF1CF0051F8043BB342ACBFA2
:106A00000023012302F8013F82421376F4D10020D3
:106A1000012302460AE029B119F8011C002904BF2C
:106A20001A4601200133302B00F0F48319F8011FBE
:106A3000002AF0D0002900F001820130F2E700BF07
:106A40003F240300C1DBFCFF4FF6FF73ADF8383085
:106A5000FEF7F0FE00283FF45CADD54ED54AD6F8DF
:106A60004031A2FB0328DDF84834B3F8E0304FEAA8
:106A70009818394603FB08F800224FF44073284663
:106A8000FFF7D6FC46AB07461A46039340460EABCB
:106A90003946FAF7AFFEC84B372283F82420002886
:106AA00000F08281DDF84824BDF838305384C349B2
:106AB00000932846C24A0C23FEF7BCFC284640F24D
:106AC0001741FEF7CFFD002800F06E819FEDBD7AE3
:106AD000F7EE007A3D4607F1C00007F5D86E0DF1DC
:106AE000B80CA0F1C0034FF00008B3F9022002FB7C
:106AF00002F1B3F90020043302FB021298429044E1
:106B0000F3D106EE908AB8EEE66AC030C6EE076AA8
:106B10008645B1EEE66AC7EE866AECEC016AE0D122
:106B2000DDF84834DFEDA81ADFEDA80A9FEDA81ABA
:106B300003F1880916AB60370DF1D8089A46039B1C
:106B40002EA92A46B2F90000F1EC016A07EE100AFC
:106B5000B8EEC77AB2F9020027EE267A414567EE11
:106B6000077A02F1C002C3ED007A07EE900AF8EE50
:106B7000E77A32F9600C67EEA67A03F10C0327EE90
:106B8000277A67EEA77A03ED027A07EE100AB8EECD
:106B9000C77A43ED017A27EE267A32F95E0C67EE6A
:106BA000077AC3ED157A07EE900AF8EEE77A67EEFA
:106BB000A67A27EE277A67EEA77A83ED167AC3EDD9
:106BC000177ABFD1039810225146FAF75DF90028D1
:106BD00000F0EA80DAED006A9AED017AF1EEE67AE9
:106BE000B1EE006A66EE866A9AED026A67EE075AAF
:106BF00066EE866AB6EE006A76EEE56AF6EE085A4A
:106C0000B1EEE64AC6EE276A77EEE57A26EE877A97
:106C100067EEA17A66EE846AF7EE004A77EE867A2E
:106C200037EE247A76EEE56AB3EE0F5A27EE207A35
:106C300066EEA16AF4EEC57AF1EE10FA37EE067A46
:106C400076EE866A00F37184F5EEC07AF1EE10FA02
:106C500000F18884FCEEE77A17EE903A1BB2B4EEAE
:106C6000C17AF1EE10FA40F351846FEA83536FEA70
:106C70009353F3EE0F7AF4EEE76AF1EE10FA40F375
:106C8000368443F478730435AF4229F8023F7FF429
:106C900056AF072647E4FEF7CDFD00283FF439AC98
:106CA0001023394600222846FFF7C2FBDDF848349E
:106CB000B3F88A300026844603F01F09C3F3441852
:106CC0009B0A09F1300908F13008A3F1200002966F
:106CD000B246B64637460CF1020B0BE053457746F9
:106CE00040F26E82D6469A46B3B202930136082E1F
:106CF00000F068823CF926303BF9262009FB03F3BB
:106D000002FB00F1002BB8BF3F33002902FB08F261
:106D1000B8BF1F319B11002A03EB6113B8BF3F328C
:106D20001BB242F38F1203FB03F302FB0233BB429D
:106D3000DCD97345D2D81F46D8E7FEF77BFD002883
:106D40003FF4E7AB6023394600222846FFF770FB8B
:106D5000DDF84834DDF84824563326320021064653
:106D6000FAF7B4FC00283FF4D4ABDDF84834DDF882
:106D70004824DDF848148833304658328A31FAF70F
:106D8000A5FC00283FF4C5AB40F27C412846FEF745
:106D900069FC092600287FF421AD04E0FEF74AFDD6
:106DA000002840F04781024E2378FFF7B4BB00BFB4
:106DB00078000020D34D62100000002088030108F5
:106DC00088E70008000040420000804200000042C6
:106DD00000007C42BD370635002474491FED037A5C
:106DE0005FED036AD6F880508B4B8C4A8C4977EE66
:106DF000877A002037EE877ABCEEE78ABCEEC77A46
:106E00008DED008AB8EE477AA8F1100877EEC77AC0
:106E100067EEA67AFCEEE77ACDED017A17EE907A6E
:106E2000A847B8F1EF0FBFD9D6F88050FFF7C9BB1C
:106E300003F5C9237E33BB42FADBAAE50B2800F237
:106E4000E98108460A46EDE5F61ADB0093FBF6F306
:106E5000A9EB03030FFA83FEBEF1000FC0F26883B3
:106E6000BEF11F0F3FF743AD1FFA8EFE6D4B83F847
:106E700015C00CF1010C5FFA8CFCBCF13A0F20F844
:106E800002EF0BF1100B7FF4C9ACDDE90457DDF81C
:106E9000189080234A46394600932846624BFEF7F5
:106EA00091FADDF84834DDF848149B890093CE88C8
:106EB0005E4A5F4907232846FEF7BCFA5B4A5C49F5
:106EC000009608232846FEF7B5FA0323574A584987
:106ED000009328460923FEF7ADFA0623534A544986
:106EE000009328460A23FEF7A5FA40F2D631284639
:106EF000FEF7B8FB5446052600287FF46FAC52E736
:106F000001F57A73002BB8BF5B429BB29B4502D858
:106F10000123FFF774BB00229B46DDF8108003922B
:106F20000123FFF76CBB43F232034FF00008469396
:106F30000322012346A92846ADF81C81FEF7E0F89C
:106F40003946122342462846BDF81C61FFF770FA05
:106F50000146B0F800E0B0F802C0434604314046B4
:106F60004FF6FF7746FA03F2D2070BD531F813201C
:106F7000A2EB0C02002AB8BF524292B2974284BFE1
:106F800098B217460133102BECD1431E0D2B3FF660
:106F9000C0AA00F10043013B01EB430731F8132085
:106FA0007B8841F28731D21A8A427FF7B2AA4FF624
:106FB000FF7296423FF4ADAABA889B1A8B427FF7C4
:106FC000A8AA40F2E51303FB0EF31B0CA3F589738B
:106FD00013F1140F1AB2C0F201832C2A40F3FC8281
:106FE0004F2ACCBF04230323DDF848241049A2F81C
:106FF00000E0508093840D4A009025232846FEF738
:1070000019FA40F233212846FEF72CFB022600280D
:107010007FF4E4ABC7E600BF283101083C27010834
:1070200068270108000000207CE6000888E70008C7
:107030008803010839464FF49C6300222846FFF775
:10704000F7F90DF1340A0EAF0DF1580B2EAE4FF0DB
:107050000008CDF804805346CAF8008046AA00977D
:107060009021C7F80080CBF80080C6F800808146E8
:10707000FAF74AFC00283FF496AECDE900685B467B
:1070800046AAF02109F59070FAF73EFC00283FF47B
:107090008AAECDE900A839683268CC4BCC4D521A83
:1070A00002FB03F305FB01F11B0CC3EB5133DDF8CD
:1070B0004814C1F8BC30DAF8003005FB03F305FBD7
:1070C00002F25B0BC1F8C020C1F8C43046AA0CAB79
:1070D00040F21F1109F20230FAF716FC00283FF4C3
:1070E00062AECDE9007B0BAB46AA4FF4907109F577
:1070F000A860FAF709FC00283FF455AECDE90086F8
:10710000434646AA09F5F0604FF49071FAF7FCFB8C
:1071100000283FF448AEDAF800203F68DDF82CE0A4
:10712000DDF830C03368DBF80010BE1A05FB02F74B
:10713000A84AACEB0E0C02FB0CF25B1A05FB01F843
:1071400005FB0EFEDDF84814120CC2EB5E32C1F8EE
:10715000C82005FB0CF2C1F8CC209F4A06FB02F2C6
:10716000120CC2EB5732C1F8D0209C4A05FB06F640
:1071700003FB05F502FB03F31B0CC3EB5833C1F80B
:10718000DC50974DC1F8D460C1F8D8304E1E01F1E3
:10719000EB074FF0FF3316F8012F0821534043F35C
:1071A00000022A40013982EA5303F8D1B742F2D1F2
:1071B000DDF84824DB43C2F8EC300A26FFF7B3B908
:1071C0009E4693E5B7EB5A0FBFF4A3A9DDF8482418
:1071D000029B13848349844A009328460B23FEF7BD
:1071E00029F90023804A7F49009328460923FEF7A6
:1071F00021F97E237B49009328467B4A0A23FEF728
:1072000019F940F253412846FEF72CFA00287FF482
:10721000E5AAC8E5A0F10C03082B3FF67AA902EB1A
:107220005002172A02D9183A172AFCD892B29100B4
:1072300089B201F13006DDF84834B6B25F2E1A810A
:1072400040F2C281694BA3FB06239B0903EB430376
:10725000A6EB43134FF000080E46C14699B2012732
:10726000614A009121235F492846FEF7E3F85E4A10
:107270005C49009622232846FEF7DCF803265A4A8A
:107280005849009701232846FEF7D4F8564A554935
:10729000009602232846FEF7CDF83346524A51495C
:1072A000CDF800902846FEF7C5F84F4A4D49CDF875
:1072B000008004232846FEF7BDF84B4A4949009751
:1072C00005232846FEF7B6F80023474A45490093B0
:1072D00028460623FEF7AEF840F2ED312846FEF7C9
:1072E000C1F9062600287FF479AA5CE577EEC77A13
:1072F000DFED3F6A9FED3F7A67EEA67AB8F13F0F68
:1073000077EE877AFCEEE77A17EE903A9BB200F2BE
:107310001A810021B8F12F0F88BF42468C46DDF854
:107320004804A0F8E080A0F8E830A0F8E210A0F847
:10733000E420A0F8E6C02846B6F87080FEF718FBF7
:1073400000283FF431AD4FEA590C4FEA5808C445C4
:1073500028BFC446ACF1020CCDE903452CF0010C6A
:107360003B1D40F64C3A02931FFA8CFB4FF000088D
:10737000E146C8F534630C33994594BF5D465546E4
:107380004FEA580468084FEA84010CD0154B07EB0C
:10739000800019443B4651F8042BDA80120C9A8085
:1073A00004338342F7D1DDF848340298B3F8E23071
:1073B00001931C2300932A460B4B4146F9F738FCF6
:1073C000D0B9039C2378FFF7A6B800BFA82A040011
:1073D000AA0A010054150200A64A07004E750B00C8
:1073E0002083B8ED8803010888E70008ABAAAAAAA1
:1073F000E8385BB500007C42DDF848340298B3F809
:10740000E43001931A2300932A46754B4146F9F75D
:107410000FFC0028D5D0DDF848340298B3F8E630E8
:1074200001931B2300932A466D4B4146F9F700FC5C
:107430000028C6D0DDF848340298B3F8E83001934C
:10744000192300932A46664B4146F9F7F1FB0028C1
:10745000B7D02B46049821463A46D844FDF79CFE07
:107460001FFA88F840F64B33AAEB0B0A98451FFA2F
:107470008AFA7FF67EAFDDE903454FF4AE71284608
:10748000FEF7F0F8012600287FF4A8A98BE447F660
:10749000FF739E427FF4E0AC5446FFF73AB800F128
:1074A0000802002346A9981807EB4000039107EB58
:1074B000430707EE903A37F9026BF8EE677AB84265
:1074C000C1ED027A07EE906AF8EEE77A03FB03F665
:1074D000C1ED007A07EE906AF8EE677A03F10103D6
:1074E000C1ED017A01F10C01E3D1FFF72EB9F5EE00
:1074F000C06AF1EE10FA3FF5C6ABFCEEE66A16EE96
:10750000902A43EA42131BB2FFF7BDBBB5EEC07A27
:10751000F1EE10FA3FF5ADABBCEEC77A17EE102ACC
:1075200043EA82231BB2FFF7A4BB1F23FFF797BBDD
:10753000CEF1000E1FFA8EFEBEF11F0F3FF6D7A947
:107540004EF0200E92E4B8F1BF0F96BFA8F14002B2
:107550004FEAD802C2F3CF0208F0070C0121DEE6A1
:10756000CE4679E40023FFF77ABBDDF810A0B8F12E
:10757000000F3EF4CEAFDDF848345E810123009366
:107580004FF47E534A463946ADF81831284646AB8B
:10759000FDF718FF124A1349009626232846FDF7E7
:1075A00049FF0F4A0F49CDF800A024232846FDF7D4
:1075B00041FF40F2C6212846FEF754F80326002872
:1075C0007FF40CA9FFF7EFBB4FF003084FF0010960
:1075D000002745E60F2265E7022305E5012303E5C1
:1075E00088E70008880301080F49104AC86E13692C
:1075F0001B0704D50D4B1869C0F3C0007047CB6E54
:107600001B1AB3F5FA6FF5D272B613691B0700D4D3
:1076100030BF62B6BFF36F8F13691B07EFD5034B03
:107620001869C0F3C00070477800002000040048CB
:1076300010B5534B93F8AC200021012A83F838137E
:1076400000F08580D3F88C20CA21022483F8AD4055
:1076500001205162532183F8AC005162916821F4FA
:1076600080619160D168C9B261F49061D160D168E4
:1076700049066ED51F2151619168424821F00701EA
:1076800041F003019160016841F48011016081685B
:1076900041F480118160916841F48041916091686A
:1076A000FF2441F4806101209160546283F8AD00B1
:1076B00093F83813002283F8AC2000295CD172B60D
:1076C000BFF34F8FBFF36F8F93F8382302B930BFEA
:1076D00062B6BFF34F8FBFF36F8F93F83823002A42
:1076E000EDD093F8AC200021012A83F838132ED076
:1076F000D3F88C000224CA2283F8AD4001214262F3
:107700005322426283F8AC10826822F48062826065
:10771000826822F480428260DC6E04E0D96E091B2C
:10772000B1F57A7F0CD8C26812F00402F6D0FF24BB
:1077300001220021446283F8AC1083F8AD2010BD13
:10774000FF240321446283F8AC2083F8AD10F8F7DE
:107750001FFDDC6ED16811F004018BD1D86E001BC7
:10776000B0F57A7FF6D9FF240320546283F8AC1079
:1077700083F8AD00F8F70CFD83F83823B8E700BFB5
:1077800078000020000401402DE9F041184E1D460C
:107790004FF480530C46B36280461746FFF748FF0C
:1077A0001CB12046FEF7BCF988B9B8F1000F02D031
:1077B0004046FEF705FA17B13846FDF7EDFE25B154
:1077C0002846BDE8F04105F047BBBDE8F081266CD6
:1077D0003046FCF747FE28B9002323602046FDF71A
:1077E000AFFEE2E7002333603046FDF7A9FEF3E782
:1077F000000400482DE9F04F85B0DFF8B0A0274D18
:10780000274E03930446884617464FF0020B4FF469
:107810008059CAF82890FFF70BFFCAF81890FFF7B5
:1078200007FF14B12368B3420BD0D5F880301D4A4E
:107830001D4900209847BBF1010F1CD04FF0010BF0
:10784000E5E7002FF7D004F10D09A068039ACDF801
:1078500000804B463946FEF73DFE0028EBD0637BA7
:107860000A2B0CD0FFF7C0FE0028E4D00C4B226896
:107870009A42DAD1E9E7002005B0BDE8F08F0B4C61
:1078800003904FF48055A562FFF7D2FEA561FFF784
:10789000CFFE039805B0BDE8F08F00BF7800002050
:1078A0000EB03713542401086C240108000400486A
:1078B0002DE9F04F2DED108BEBB00023B749B84800
:1078C000B84E1B9305F0F6FA0223B74C3370B74B52
:1078D000B74A1A600FCCDFF830A355460FC594E8BD
:1078E0000300962285E80300B2496C20FEF786FD6E
:1078F000002800F0C281B04FB0490123C0E90073F5
:10790000834650226C20FEF779FD054638B1AC4B1A
:1079100040F8043B04F10801682205F087FA40F2C0
:107920000113ABF8443001238BF846308BF86230FA
:107930008BF81430A34BCBF818304FF07E53CBF8B4
:107940001C304FF07C53CBF820309F4BCBF82430C9
:107950009E4BCBF828309E4BCBF82C304FF0804319
:10796000CBF838309B4BCBF83C309B4BCBF83030CE
:107970009A4BCBF854309A4BCBF810301823ABF815
:1079800048304FF48073ABF86030964BCBF86430DE
:10799000954BCBF850300023944C8BF85830944BD7
:1079A000CBF840505846CBF84C40CBF83440CBF89D
:1079B0005C30FEF7B5F808B1CBF84C405846FEF7FE
:1079C000AFF810B1884BCBF850305846FEF7A8F806
:1079D00010B101238BF862305846FEF7A1F810B1C0
:1079E000804BCBF864305846FEF79AF810B100236C
:1079F0008BF858305846FEF793F810B11023ABF8C7
:107A000054305846FEF78CF810B1794BCBF85C3007
:107A10005846FEF785F810B100238BF860305846C1
:107A2000FEF77EF810B101238BF861305846FEF75F
:107A300077F810B101238BF813305846FEF770F831
:107A400010B1604BCBF818305846FEF769F810B10A
:107A50005F4BCBF82C305846FEF762F810B1634B01
:107A6000CBF834305846FEF75BF810B101238BF8A1
:107A700014305846FEF754F818B14FF07E53CBF847
:107A80001C305846FEF74CF818B14FF07C53CBF839
:107A900020305846FEF744F810B14B4BCBF8243059
:107AA0005846FEF73DF810B1484BCBF82830584601
:107AB000FEF736F818B14FF08043CBF8383058460F
:107AC000FEF72EF810B10323ABF810305846FEF73E
:107AD00027F810B100238BF812305846FEF720F833
:107AE000002840F0F180DAF81030424A31499847D6
:107AF0005846FEF715F8002800F0D3802D494FF4C2
:107B000095723820FEF77AFC0290002800F0C480BD
:107B1000029C394BC4F820B058462360FEF7A8F900
:107B2000DBF840001CA9FDF779FD002800F09480E7
:107B30001C9BDBF84090033323F003032363484688
:107B4000FCF790FC002800F025842C4967221020C7
:107B5000FEF754FC0646002800F01F84284B036003
:107B600099F86240274938221020002C00F0078441
:107B7000B9F85C40FEF742FC224905463922FC2058
:107B8000FEF73CFC0390002C01F079861D493E2253
:107B90006020FEF733FC0124074637E0241A010871
:107BA0003C280108000100207C1A0108B8010020CF
:107BB00000366E019426010802B13713E01B01085C
:107BC0000FB037136666A63F0000C040CDCC4C3ED8
:107BD0009A99193E0000A0400000204110002000AA
:107BE000030000010000A041000020409A99993E46
:107BF00000004041282C010801B137134824010836
:107C00000DB03713602C0108E8000020002D00F0B3
:107C1000C783039B002B00F0C38314B1002F00F037
:107C2000BF83039B2EA9C3F8987009F104002B6051
:107C3000FDF7D6FC002840F0BD83DAF810301A4A70
:107C40001A4998472846F8F769FF002474603046BF
:107C5000FDF77EFC029B9C620298FDF7B1FF144881
:107C600005F016F900231A4659461846FFF78CFD11
:107C70006BB0BDEC108BBDE8F08FDAF810300D4A18
:107C80000D4998470D4805F003F90D4B4FF480520C
:107C90009A62FFF7CDFCEBE7DAF81030094A0649A3
:107CA000984700230293D7E7702C0108602C010845
:107CB0008C2D01085C280108942601087C28010805
:107CC00000040048402C01085846FEF7D1F83378EC
:107CD000012B40F24E83DAF81030B24AB24902204A
:107CE00098473378012B40F24483DBF80430DAF80C
:107CF0001040AE4AAC490220A0473378012B40F235
:107D000038839BF84430AA4FAA4DDAF81040AA4AAB
:107D1000A549002B0CBF3B462B460220A0473378D9
:107D2000012B40F226839BF84530DAF81040A34A35
:107D30009D49002B0CBF3B462B460220A0473378C1
:107D4000012B40F216839BF84630DAF81040964932
:107D5000013BDBB2042B96BF994A9A4B52F8233071
:107D6000994A0220A0473378012B40F20283BBF8E6
:107D70004830DAF81040954A8B490220A047337802
:107D8000012B40F2F6829BED130ADAF81040B5EEB3
:107D9000C00AF1EE10FA4BBF8D4D8E4DB1EE408A08
:107DA000B0EE408AFCF778FBDFED8B7A019078EE3D
:107DB000277A2B46FCEEE77A884A7B49CDED007A9C
:107DC0000220A0473378012B40F2D3829BED140AA6
:107DD000DAF81040B5EEC00AF1EE10FA4BBF7C4D58
:107DE0007C4DB1EE408AB0EE408AFCF755FBDFEDEA
:107DF0007A7A019078EE277A2B46FCEEE77A784A79
:107E00006949CDED007A0220A0473378012B40F27A
:107E1000B082BBF85430DAF81040724A624902204E
:107E2000A0473378012B40F2A482BBF85630DAF831
:107E300010406D4A5C490220A0473378012B40F284
:107E400098829BF85830DAF810405749022B96BFB9
:107E5000664A5C4B52F82330654A0220A0473378CB
:107E6000012B40F286829BED170ADAF81040B5EE3E
:107E7000C00AF1EE10FA4BBF554D564DB1EE408A97
:107E8000B0EE408AFCF708FBDFED537A019078EE04
:107E9000277A2B46FCEEE77A564A4349CDED007A25
:107EA0000220A0473378012B40F263829BF86030B8
:107EB0003F4F404DDAF810404F4A3B49002B0CBF72
:107EC0003B462B460220A0473378012B40F25182DB
:107ED0009BF86130DAF81040484A3349002B0CBF58
:107EE0003B462B460220A0473378012B40F24182CB
:107EF0009BF86230DAF81040414A2B49002B0CBF46
:107F00003B462B460220A0473378012B40F23182BA
:107F10009BED190ADAF81040B5EEC00AF1EE10FA3E
:107F20004BBF2B4D2B4DB1EE408AB0EE408AFCF793
:107F3000B3FADFED297A019078EE277A2B46FCEE32
:107F4000E77A304A1849CDED007A0220A04733780D
:107F5000012B40F20E82DAF810302B4A124902202F
:107F600098473378012B40F20482BBF81030DAF8DE
:107F70001040264A0C490220A0473378012B40F2DA
:107F8000F8819BF812300A4F0A4DDAF81040204A67
:107F90000549002B0CBF3B462B460220A0473378F7
:107FA000012B37E0AC28010894260108C8280108F5
:107FB000A8200108A0200108D4280108F028010801
:107FC00050E60008B0200108102901082429010802
:107FD0009C20010828310108BD3706353C290108DD
:107FE00054290108E82001086829010844E600082E
:107FF00034210108D02001087429010890290108C2
:10800000B0290108C8290108E4290108082A010843
:108010002C2A010840F2AD819BF81330DAF81040A9
:10802000BC4ABD49002B0CBF3B462B460220A04753
:108030003378012B40F29D819BF81430DAF8104020
:10804000B64AB549002B0CBF3B462B460220A04741
:108050003378012B40F28D819BED060ADAF810404F
:10806000B5EEC00AF1EE10FA4BBFAD4DAD4DB1EE1D
:10807000408AB0EE408AFCF70FFADFEDAB7A019050
:1080800078EE277A2B46FCEEE77AA84AA249CDED96
:10809000007A0220A0473378012B40F26A819BEDE1
:1080A000070ADAF81040B5EEC00AF1EE10FA4BBF3D
:1080B0009B4D9C4DB1EE408AB0EE408AFCF7ECF946
:1080C000DFED997A019078EE277A2B46FCEEE77A7D
:1080D000974A9149CDED007A0220A0473378012BD1
:1080E00040F247819BED080ADAF81040B5EEC00A6D
:1080F000F1EE10FA4BBF8A4D8A4DB1EE408AB0EED8
:10810000408AFCF7C9F9DFED887A019078EE277A8A
:108110002B46FCEEE77A874A7F49CDED007A0220B4
:10812000A0473378012B40F224819BED090ADAF84D
:108130001040B5EEC00AF1EE10FA4BBF784D794D04
:10814000B1EE408AB0EE408AFCF7A6F9DFED767A10
:10815000019078EE277A2B46FCEEE77A764A6E4954
:10816000CDED007A0220A0473378012B40F2018147
:108170009BED0A0ADAF81040B5EEC00AF1EE10FAEB
:108180004BBF674D674DB1EE408AB0EE408AFCF7B9
:1081900083F9DFED657A019078EE277A2B46FCEEC5
:1081A000E77A664A5C49CDED007A0220A047337831
:1081B000012B40F2DE809BED0B0ADAF81040B5EEA1
:1081C000C00AF1EE10FA4BBF554D564DB1EE408A44
:1081D000B0EE408AFCF760F9DFED537A019078EE5B
:1081E000277A2B46FCEEE77A554A4B49CDED007ACB
:1081F0000220A0473378012B40F2BB809BED0C0A94
:10820000DAF81040B5EEC00AF1EE10FA4BBF444D5B
:10821000444DB1EE408AB0EE408AFCF73DF9DFED07
:10822000427A019078EE277A2B46FCEEE77A454AAF
:108230003949CDED007A0220A0473378012B40F276
:1082400098809BED0D0ADAF81040B5EEC00AF1EE09
:1082500010FA4BBF324D334DB1EE408AB0EE408A3A
:10826000FCF71AF9DFED307A019078EE277A2B4689
:10827000FCEEE77A344A2849CDED007A0220A04787
:108280003378012B75D99BED0E0ADAF81040B5EE64
:10829000C00AF1EE10FA4BBF214D224DB1EE408ADB
:1082A000B0EE408AFCF7F8F8DFED1F7A019078EE27
:1082B000277A2B46FCEEE77A244A1749CDED007A5F
:1082C0000220A0473378012B53D99BED0F0ADAF82F
:1082D0001040B5EEC00AF1EE10FA4BBF104D114D33
:1082E000B1EE408AB0EE408AFCF7D6F8DFED0E7AA8
:1082F000019078EE277A2B46FCEEE77A144A06497D
:10830000CDED007A0220A047DBF84030002B3FF48F
:10831000EFAB1FE04C2A010894260108682A0108E7
:108320009C20010828310108BD370635842A010840
:10833000AC2A0108D42A0108042B01082C2B0108BF
:10834000542B0108782B0108982B0108C02B010839
:10835000E82B01083378012B05D9DAF81030BF4A31
:10836000BF4902209847DBF84000FCF7B7F8FFF759
:10837000BFBBDBF84030002BF5D1FFF7B9BBFEF7F0
:108380003DF8B84905463922FC20FEF737F8274664
:1083900003903BE4029B98625EE4029B98625BE47C
:1083A0002846FDF7CDF80398FDF7CAF83846FDF7E3
:1083B000C7F84AE4BDF8CC40BDF8D830039A23444E
:1083C00099B2BDF8CE3008915B00C2F8E8300023C6
:1083D000A2F89E10C2F894301146A2F89C3002F127
:1083E000F003D2F8980014875362F832C1F8842061
:1083F00001F1F402C1F8882001F1F602C1F88C20E5
:1084000001F1F7020590C1F8902030B101F1EC02C2
:10841000826101F1F5024362C265039AC2F8D83065
:10842000089BA2F8E430C2F8DC6099F862E00DF134
:10843000E2001FA9002205E030F8023F5B0821F8A6
:10844000023B0132D3B27345F6D3BDF8D430B9F84C
:108450005C809DED3B8A23449BB20E939DF8F030E7
:108460000D93BDF8D6300F93B8F1000F01F03582AF
:10847000BDF8DA30B3FBF8F30C93BDF8D020BDF8AB
:10848000D230DDF8BA10BDF8BE0023442244039C6C
:10849000A4F87E30744B2364744B6364744BA36400
:1084A000032384F874300F23A4F88030059BA4F8CC
:1084B0007A00C4F87610A4F87C20002B01F01B820F
:1084C00030991291319911910023BDF8C810109183
:1084D00028AACDE92733CDE92933CDE92B3314463A
:1084E0000DF1DA0106E031F8020F22F8020F0889D7
:1084F00010810133D8B27045F5D3059A0C9B538790
:108500000023C2E91333C2E915335A490B911846C7
:10851000594B536059495A4B93600A91594B5A49E8
:10852000A2F83880D360099102F148013A32CDE9CE
:1085300014B94F461696CDF84C800491CDF818E04A
:1085400017951646A0468146069A5FFA89F39A4225
:10855000079341F2C68138F8025F26F8025FB8F847
:1085600008B04A49A6F808B02F22EC20FDF746FFD4
:1085700047490446002800F09C80464B0364464B64
:1085800081644364397D0139042901F2D281DFE835
:1085900001F0878A038D03006FF00C00109A97F8A2
:1085A00011C0089BA4F87A20139AA4F87E200C9A94
:1085B000A4F880205919DDE9112589B2BCF1000F1A
:1085C00018BF15467A68A4F87C10C4F876504FEAB4
:1085D0004B0397F810E084F874E0C4E92120B868F0
:1085E000C4F8E0300B9BC4F89C300A9BC4F8A03060
:1085F000099BC4F8A430059BC4F8D43004F1E4030B
:1086000084F875C0C4F88C00A4F89610A4F8DC10A7
:108610006362C4F8D030002325462387A4F8943041
:108620001E4BC4F8D83004F13C0004F1E803C4F850
:10863000903045F8980BE563F8F766FE143709F1BA
:108640000105002800F072852068C3689847049BE4
:1086500043F8044FA946049376E700BF142C0108A1
:1086600094260108602C01087111000819120008F5
:108670001112000821120008951000082D120008A0
:108680001111000809110008DD550008942C01089B
:1086900001130008393B000809130008053B0008D6
:1086A0006FF00B007AE76FF0060077E76FF00F00CE
:1086B00074E7DDE916654F46DDF850B0DDF85490FB
:1086C000464A47493B46059F123307EB8303002484
:1086D0005C602046DAF810309847B8460495079D4C
:1086E00009E0D7B208EB8707D5B2F86C10B1DAF819
:1086F00008209047FC646A1E002DF2D1DDE90335A5
:10870000D3F898300593039A0B9BC2F8A4300A9BC8
:10871000C2F8A830099BC2F8AC300599314BC2F8B9
:10872000E03002F13C031360002901F0EC8002F11B
:10873000A003D1630B60039B18688368984730B926
:10874000DAF81030284A29499847FFF77BBA039B8B
:108750001868C3689847264A029F6A600023254A22
:10876000AB60EA607560FB8099F8624007F10E002B
:108770001D46DAB29442F98840F2C3811FAA32F84A
:10878000132020F8061C1144F9800133042B20F833
:10879000022FEED102990D9AB9F85C300A77CA8897
:1087A00081ED068A13FB02F38B800E9BB3810F9B36
:1087B000F38140F237128E6260200F49DBF840608F
:1087C000FDF71CFE0446002801F05C8000270B4DDD
:1087D000DFF82C8046603B46B1462FE0C82C0108EC
:1087E000AC1C0108E50A0008A82C0108602C01084F
:1087F0000D0B00081D0B0008B8260108E01B01083E
:108800000FB03713D9F80030434500F06781DAF82C
:108810001030C34A294600209847E6B9D9F80030FD
:10882000434500F06981DAF81030BD4A294600203E
:10883000984700232289134401379BB22381FEB25B
:10884000B9F1000FDED1DAF81030B54A29464846B2
:108850009847002EE7D0DBED0D7ABBF81220BBF86D
:1088600010309BED038ADBED0F8AA2816381F5EE68
:10887000C07ADBF81C30DBF818209BF81410A361D9
:10888000F1EE10FAA74B84ED048AA1736261C4ED86
:10889000098A236040F3308468EE277ABFEE000A2D
:1088A00080EE270A02F0C6FCDBED0E7A84ED070AA3
:1088B000F5EEC07AF1EE10FA40F3DD8768EE277A24
:1088C000BFEE000A80EE270A02F0B4FCB5EEC08AC3
:1088D000F1EE10FA84ED080A40F212849BED090AC9
:1088E000B5EEC00AF1EE10FA00F10A84DBED0AAA37
:1088F000F5EEC0AAF1EE10FA00F102849BED08AA91
:10890000B5EEC0AAF1EE10FA00F1FA83DBED0B9A96
:10891000F5EEC09AF1EE10FA00F1F2839BED0C9A9D
:10892000B5EEC09AF1EE10FA00F1EA83F0EE480AD3
:10893000FDF774FAF0EE407AF0EE480AB0EE6A0AFB
:10894000C4ED0A7AFDF76AFAB5EEC0AAF1EE10FAA4
:1089500084ED0B0A40F3E98728EE0AAABFEE000A6D
:1089600080EE0A0A02F066FCF0EE407AF5EEC09A5C
:10897000F1EE10FAC4ED0C7A40F3D38768EE299A31
:10898000BFEE000A80EE290A02F054FCF0EE407AB5
:10899000B5EEC09AF1EE10FAC4ED0D7A40F3BD8742
:1089A00028EE099ABFEE000A80EE090A02F042FCA6
:1089B000F0EE407AF5EEC08AF1EE10FAC4ED0E7AD0
:1089C00040F3A78728EE288ABFEE000A80EE080A47
:1089D00002F030FCF0EE407A2389C4ED0F7A2C20AF
:1089E00003FB00F050497022FDF708FD6065208907
:1089F0004D4971228000FDF701FDA06520894A499B
:108A000080007222FDF7FAFC636DE065002B00F038
:108A10001387A36D002B00F00F87002800F00C8750
:108A2000002323646364A364029BDBF840000025F9
:108A30002565A4F84C50DC62FBF714FDDBF8400020
:108A4000FBF70CFF441EDBF84000E4B2FBF70AFD25
:108A5000002800F0E086032C40F23487DAF810306A
:108A6000324A334928469847DBF840002146FBF755
:108A70000FFFDBF84000FBF7F5FC28B1DAF8103007
:108A80002A4A2B4900209847002504E0DBF84000E3
:108A9000FBF7FEFE0135DBF84000FBF7DFFEECB232
:108AA000A0422146F2D89BF86230002B00F0D98614
:108AB000029C2046FDF74EF828B1236A1BA9186CCA
:108AC000FCF7ACFD08BB1B4804F0E2F90023029858
:108AD0001A465946FEF758FEFFF7CAB899F86230B1
:108AE000B3427FF6B8AE032E06D9DAF810300F4A3B
:108AF0002946002098479CE6142303FB06931B8914
:108B000098E620F8065C00223FE61B9B033323F027
:108B100003031B93029B1B6A00261D6C344617E05F
:108B2000C81B010803B13713B8260108E81B010868
:108B3000E01B0108B42D010895F862309E423146D1
:108B400028460CD2FBF7A4FE0136204484B2F6B2CC
:108B50002846FBF787FC0028EED10123EEE71B989F
:108B600000EBC4001B9004F06FF90390002861D063
:108B7000AA4B4FF480529A61FEF75AFDA84937225A
:108B80001420FDF73BFC04460790002847D0A54978
:108B9000782240F25E20FDF731FC00284CD0012500
:108BA00023460026A0F8C45180F8C6512061A56074
:108BB000666066739C4C1C604FF440532E930322F6
:108BC0002B462EA92846ADF8BC60FCF799FABDF8F3
:108BD000BC3041F21022934234D0944A9449DAF8DE
:108BE00010403046A0470798FCF7D6FC43F21C0320
:108BF0002E932EA92B4628460322ADF8BC60FCF725
:108C00007FFABDF8BC301C0509D507960020DAF8BC
:108C10001030884A824998470798FCF7BDFC86487F
:108C200004F036F9039B029800225946FEF7ACFD8A
:108C3000FFF71EB8814847E7079B18611846FCF705
:108C40007FFCECE743F21C032E9328462B460322BD
:108C50002EA9ADF8BC60FCF753FABDF8BC6016F461
:108C60000066D3D1079FB868FCF768FEBD68032291
:108C700040F24913009231462846FCF72FFE40F29D
:108C800049130422022128460096FCF727FE40F2F1
:108C900049131022042128460096FCF71FFE40F2DB
:108CA00049132022052128460096FCF717FE284686
:108CB00040F249134FF47F5206210096FCF70EFE56
:108CC0001B9B039A2EA93846FEF794FD08B3039B1D
:108CD00000931B9B0193079A02982EAB5946FCF711
:108CE0009DFF002800F00682079B1B68A34212D05C
:108CF000DAF81030524A4A4900209847514804F0A7
:108D0000C7F8039B079A02985946FEF73DFDFEF708
:108D1000AFBF4D48F3E79FED4D8A079E1F46337B5B
:108D20002BBBB0681521FCF79DFC0028E6D0012381
:108D30003373FEF759FC002800F0F68133681B9A64
:108D4000BB4207D0DAF810303D4A35490020984739
:108D50003F48D4E7B388F1880B44B2EB430F1BD2F2
:108D6000DAF810303B4A2E4900209847F0E7346982
:108D7000B06894F8C6110122FCF7B2FC94F8C53132
:108D80008BB394F8C631022B0CBF0123022384F865
:108D9000C6310028CDD1B1E7D6F81080B4684FF0C5
:108DA000000CCDF87CC098F8C651ADF894C043F2E1
:108DB000370E0322012324A92046CDF890E0FCF7CA
:108DC0009FF9012DBDF894200FD0022D0CBF8023F8
:108DD000C02313EA02000AD1DAF810501E4A1149E2
:108DE0002346A847B4E70123D1E74023F1E798F8E9
:108DF000C6111FAA2046FCF7BDFC0028A8D0BDF86C
:108E00007C30032B2CD0BDF87E300093DAF8105064
:108E1000124A044923460020A84799E70004004865
:108E20006C240108201C01080EB03713002E010825
:108E3000A4240108202E01083C2E0108E42D01087D
:108E400054240108A02E0108582E010800007A447D
:108E5000802F0108D82E0108F02E0108102F0108DC
:108E6000BDF87E30D6F81080039AC3F30013138048
:108E700098F8C43123B198F8C631581E4342434193
:108E8000039A5380B8F8C831938008F5FD7C08F543
:108E9000E57306321C6858689968DD68D560103340
:108EA000634514605060916002F11002F2D1039AA0
:108EB000B8F8FA31D38608F5FE7402F1380C08F5DB
:108EC0000B7E20686168A268E36865460FC51034B0
:108ED0007445AC46F5D1039AB8F82C32A2F8683044
:108EE00008F22E236A3208F25E281C6858689968D6
:108EF000DD68D5601033434514605060916002F125
:108F00001002F2D1F4883369B06893F8C621B188B1
:108F1000B4F5005F00F29780013A039B18BF01226D
:108F200003EB410112032346FDF782FA002800F00B
:108F30009080002C3FF40CAF029B854A1B68934243
:108F400007D0DAF81030834A8349002098478348D5
:108F5000D5E6029B9B6A1BB11A6881498A427FD081
:108F6000DAF810307F4A804900209847029A536B04
:108F700013B1111D2BA89847029B2D9DD3E90B42DD
:108F80001CB1236879498B420CD0DAF81030754A4D
:108F9000774900209847DAF81030764A7449002063
:108FA0009847D4E7039BD4ED080AD4ED0ACA94EDA0
:108FB0000BCA94ED0CBAD4ED0DAAD4ED0E9A94ED33
:108FC0000F9A94ED07AA9A18236D0A9307EE103AA8
:108FD000B8EE477AF7EE007A37EE277A23890492C3
:108FE000C7EE876A02EB830205920693089377EE39
:108FF000E68AB0EE680A02F0C5F96268D4F85490C7
:10900000F0EE40BA22B15C4B11689942089B51D0F6
:10901000DAF81030594A5A49002098470023226D47
:109020000A9298462389207BB9F1000F04D01DB124
:109030004246052A00F2C880DAF81030514A4C49FD
:1090400000209847A7E7DAF810304F4A4F49002030
:109050009847DAF810304E4A4E490020984777E694
:109060005A68039C2BA999601068038F04EB430393
:109070004361B0F8943004EB4303C364B0F8963016
:1090800004EB43030365D0F898304BB1B0F89C1063
:1090900004EB41011961B0F89E1004EB41015961E4
:1090A000B0F8E4300399526801EB4303C0F8B030E4
:1090B00090475BE7B2F85C209046B4E7364803F08F
:1090C000E7FE1B9B039A2EA93046FEF793FB002870
:1090D0003FF41FAE314803F0DBFE039B00931B9B64
:1090E000019302982EAB32465946FCF797FD0028B3
:1090F00040F066832A4802E69FED310AFFF7D4BBB1
:10910000284ADAF810301A4900209847264ADAF837
:1091100010301749002098472046FCF711FA029AB0
:109120000023D362FEF798BD2048E8E5DAF8103056
:109130001F4A2049DDF850B0DDE916654F46DDF8DD
:1091400054909847DAF8083020469847FFF7B8BAA5
:1091500001B13713A826010894260108D42F01086D
:109160000DB037132C2401084824010803B137132C
:10917000B8260108483101080FB03713C81B010891
:10918000E01B0108982F01083C2F01083C2301082F
:10919000542F0108201C0108083101082C31010856
:1091A000782E01080C2D0108302D0108BC2E010875
:1091B000A82C0108942C0108DB0F4940BD1B8F40EF
:1091C00000000000DB0FC940F0EE6C0AB0EE680A48
:1091D0000B93099002F0D6F8F0EE4C0AF0EE40CA7C
:1091E000B0EE680A02F0CEF8F0EE4B0AB0EE40CADC
:1091F000B0EE680A02F0C6F8F0EE6A0AB0EE40BAC5
:10920000B0EE680A02F0BEF8F0EE690AF0EE40EA4D
:10921000B0EE680ACDED0DEA02F0B4F8F0EE490ABE
:10922000B0EE40EAB0EE680A8DED0EEA02F0AAF860
:1092300007EE908AF8EE67FAF7EE00AAF1EEEF5A21
:1092400008F1FF3212FB08F292B209980895CDE9B5
:1092500014B616941290464619973AEECBFA7AEE67
:10926000EE4A6FEE257A3AEECE7ACDED0F7A07EE22
:10927000902AF8EE677AA8F10302B1EEE75A93B2AA
:10928000002209921FED329A5FED35DA8DED17AAB3
:10929000C4EE857A1FED375ACDED107A07EE903A7D
:1092A000F8EE677A0B9BCDED18BA67EE857A9D00D4
:1092B000C7EE277A0B950C93B0EE40DACDED117A1C
:1092C000CDED135ABDF824300C9A9A4240F24D81EC
:1092D0000023CDE91C33CDE91E33CDE920335FED0A
:1092E000488A089F1C4698469B46B7F90010B7F974
:1092F00002308B4498441CAA1FA8A446AE461468AA
:1093000042F8041B091B046840F8043B1B1B1FACFC
:109310009442F4D16446022C754613D907EE903A74
:10932000F8EEE70A07EE901AB8EEE70A00EE890AAF
:1093300003F0AEF9631C9E4278EE808A2F4404D07D
:109340001C46D2E701347744CFE707EE90BAB8EE77
:10935000E77A07EE908AF8EEE77A87EE2FAA089F61
:109360004FF00008C7EEAF9A1FED6BEAB7F9023075
:1093700000EE903AB7F90030F8EEE00A07EE903AC6
:1093800070EEE90AF8EEE77A20EE890A77EECA7AFB
:109390002F4437EE800A03F07BF944453EEE00EAA5
:1093A00008F10108E2D1F0EE4ABA49EE89BAF0EECE
:1093B000690AB0EE6B0A03F06BF9DDED107AD9EDB6
:1093C000004ADDED0F6A129B2EEE277ADDED117A51
:1093D00068EEA78A7AEEEC7A3AEECC5A67EE807A9B
:1093E0004CEEA47AD9ED014AC9ED007A25EE005A77
:1093F0000CEE245A77EEC57A89ED015A99ED025A9E
:10940000F0EEE77A2BEE055A07EEA65AD9ED037A6D
:10941000DDED0D6A89ED025A06EEA77AD9ED047AE0
:1094200089ED037A9DED0E7A47EE278AF0EE68EA21
:10943000C9ED048A002B00F092800A9B1BB989EDCC
:1094400005AAC9ED069AD9ED058A99ED06EAB0EEAE
:10945000680AF0EE4E0A0EEE090A03F061F9F0EE2A
:10946000690AF0EE407AB0EE6B0AF0EE67BA03F0EC
:1094700057F95FEDAC6A30EE667A77EE6B7AF0EE14
:10948000E77AF4EEED7AF1EE10FA17D930EE097AB8
:1094900077EE6B7AF0EEE77AF4EEED7AF1EE10FA11
:1094A0000CD930EE267A77EE6B7AF0EEE77AF4EEAE
:1094B000ED7AF1EE10FA88BFB0EE407A7BEEC77A13
:1094C00099ED097AF0EEE77A2BEE077A07EE8F7ABC
:1094D000D9ED087A89ED097AF0EE47BA99ED077A65
:1094E0002AEE0F0A69EE8F0A0BEE070A4BEE270AE7
:1094F000F4EEEAEAF1EE10FA89ED070AC9ED080A7E
:1095000030DD00EE890A03F0C3F8DDED137A20EEBA
:10951000277AC7EE2E7AB1EE047AF4EE477AF1EEAE
:1095200010FAC8BFF0EE477A6BEEA77A3AEECD7A22
:10953000C9ED0A7A69EE879A6AEE077A4DEE287AC3
:109540004DEE0E9AC9ED057AC9ED069A099B0133D5
:109550000993089B043309F12C090893B2E6C9ED7D
:109560000AAAF3E7DFEDCC7ADEE7169C0C9B9DEDB3
:1095700017AADDED18BA199FD4F854E0DDE914B646
:10958000D4E91651002B00F062810B9A9FEDC26A5C
:1095900005EB0208F7EE006A28468C46724692ED0B
:1095A000047AB4EEE67AF1EE10FAF0EE467AC8BF2D
:1095B000C6EE877A29B192ED037A27EE277A8CEDF1
:1095C000007A0CF1040C2DB192ED027A67EE277A45
:1095D000C0ED007A0430804502F12C02DFD1A5B144
:1095E0000B980EF1280E28442A4607E092ED007AE7
:1095F0005EED0B7A67EE877AE2EC017A90420EF12B
:109600002C0EF3D1002B00F02581DFEDA36ADDE9FC
:1096100004CEA9460025B0EE666AA8462A46B1ECFB
:10962000017AACEC017AF9EC017AB4EEC67AF1EE8B
:1096300010FA90B2F4EEE67AC8BFB0EE476AC8BF3F
:1096400080460132F1EE10FAC8BF0546C8BFF0EE01
:10965000676A9A42EEEC017AE1D1F7EE007A77EE92
:10966000CAAA77EEEB9A94ED109AD4ED118A638929
:109670006AEE86AA69EEA69A4AEE09AA4BEEA89A65
:10968000B0EE6A9AC4ED10AAC4ED119A002B47D02F
:10969000D4ED127A94ED04BADFED7F0A79EEE77A21
:1096A000F5EEC07AF1EE10FA48BFB4F84C2007EEA0
:1096B000903A46BF013292B20022F8EE678A07EE76
:1096C000902A68EE8BBAB8EE670AA4F84C2030EE08
:1096D0006B0A01F039FEB0EE40AA8AEE2B0A01F0C7
:1096E000A9FDC9EE80BAD4ED099AC4ED11BA2AEEEB
:1096F000290A80EE280A01F09DFDC9EE807AF5EE78
:10970000C07AF1EE10FA75DD2BEE27BABFEE000A33
:1097100080EE0B0A01F08EFD84ED0F0AC4ED12BA43
:10972000637B33B1D4ED057AF4EEE7AAF1EE10FADB
:1097300063DCA37B002B58D0D4ED067AD4ED118ADC
:10974000F4EEE87AF1EE10FA63D4DFED539A0023D9
:10975000226D511C14BF013200222265049A289206
:10976000059A2992069A2A928DF890308DED259AC5
:10977000CDED268ACDED279A43B3484803F088FB08
:1097800069EE889A68EE888AFDEEE97A29EE089AF1
:1097900017EE903AFDEEE87A414817EE902AFDEE7A
:1097A000C97A17EE901A03F085FB9DF8AC30C3B967
:1097B0009DF8AD3073B99DF8AE30002B7FF47EACD0
:1097C0003368BB427FF494AAFFF7A9BA354803F087
:1097D0005FFBD5E7344803F05BFB344803F058FBEC
:1097E000E9E7334803F054FBE2E7DFED2B9AD4EDD1
:1097F000118AADE79FED280A8EE741466068FCF7C5
:109800007BFC94ED109AD4ED118AF0EE409A01237E
:109810009EE72946F2E7DBF840002146FBF738F8DF
:10982000DBF84000FAF71EFE00283FF42DA9032CB8
:109830003FF624A9FFF728B91E4ADAF810301E496E
:10984000002098472046FCF79FF91C4A5FE4002D52
:109850007FF4C6AEDFED106A0025B0EE666AA8465A
:10986000FBE6DBF84000FAF7FDFDDBF84000FAF715
:10987000F9FDFFF71DB99FED080AFFF727B8274646
:10988000FEF7C4B9DAF810300D4A0B499847029B2D
:10989000DC62FEF7E1B900BF00000000FC2F010808
:1098A000103001080430010890300108C030010870
:1098B00058300108542D0108B82601086C2D010804
:1098C000EC2C0108DBF840002146FAF7E1FFDBF859
:1098D0004000FAF7C7FDFFF7D7B8CDF83080FEF7A4
:1098E000CCBD039BD3F898300593DDE914B9DDE9CD
:1098F0001665FEF708BF104B0B93104B0A93104BE5
:109900000993FEF700BF039A02F1A003D363FEF7A9
:1099100012BFDFED0C7AFFF75FB8DFED0A7AFFF7D1
:1099200049B8DFED087AFFF733B8DFED067AFFF7C5
:109930001DB80020FEF732BE211200082D120008CB
:10994000DD550008000000002DE9F04F89B00493B8
:10995000002900F0898002F003077D1EC2F3001386
:109960000295DFF8B0B1694C059302F4403500234D
:109970004FF0010803959246019708FA03FC1CEA90
:1099800001066DD0029F5A0003259540012F6FEA12
:1099900005056CD9019F032F40F0AC80D0F800C0C2
:1099A000019F0CEA050C07FA02F242EA0C0202607F
:1099B000039A002A54D0DBF8602042F00102CBF871
:1099C0006020DBF8602002F001020792079A23F082
:1099D000030202F1804202F5803203F0030CD2F858
:1099E00008E04FEA8C0C0F2505FA0CF5B0F1904F0A
:1099F0002EEA050E11D0464DA84277D005F58065B8
:109A0000A84275D005F58065A8426DD005F5806542
:109A1000A84214BF0725042500E0002505FA0CF52F
:109A200045EA0E059560A268F5431AF4801F0CBF45
:109A30002A403243A260E2681AF4001F0CBF2A4099
:109A40003243E26062681AF4003F0CBF2A4032439E
:109A5000626022681AF4803F0CBF2A4032432260C1
:109A6000013331FA03F288D109B0BDE8F08FD0F8A4
:109A70000890129F09EA050907FA02FE4EEA090E4C
:109A8000C0F808E0D0F804E0059F2EEA0C0E07FAB3
:109A900003FC4CEA0E0CC0F804C0049FD0F80CE0A4
:109AA00007FA02FC019F0EEA050E4CEA0E0C022F8B
:109AB000C0F80CC07FF472AF4FEAD30900EB8909FC
:109AC00003F0070CD9F820704FEA8C0C4FF00F0E02
:109AD0000EFA0CFE27EA0E0E139F07FA0CFC4CEA56
:109AE0000E0CC9F820C059E7032597E7012595E733
:109AF000022593E7D0F80CE0049F0EEA050E07FA62
:109B000002FC4CEA0E0CC0F80CC047E70004014010
:109B10000004004800100240034613F8012B002AFD
:109B2000FBD1181A0138704753B94AB9002908BF48
:109B300000281CBF4FF0FF314FF0FF3000F036B966
:109B4000ADF1080C6DE904CE03F062FFDDF804E02E
:109B5000DDE9022304B0704770B54FF0FF0C4CF400
:109B6000E06C1CEA11541DBF1CEA135594EA0C0F5B
:109B700095EA0C0F00F0DEF82C4481EA030621EA96
:109B80004C5123EA4C5350EA013518BF52EA0335D1
:109B900041F4801143F4801338D0A0FB02CE4FF083
:109BA0000005E1FB02E506F00042E0FB03E54FF0B3
:109BB0000006E1FB03569CF0000F18BF4EF0010EAB
:109BC000A4F1FF04B6F5007F64F5407404D25FEAA7
:109BD0004E0E6D4146EB060642EAC62141EA55515A
:109BE0004FEAC52040EA5E504FEACE2EB4F1FD0C9C
:109BF00088BFBCF5E06F1ED8BEF1004F08BF5FEA1A
:109C0000500E50F1000041EB045170BD06F00046CB
:109C100046EA010140EA020081EA0301B4EB5C0478
:109C2000C2BFD4EB0C0541EA045170BD41F4801170
:109C30004FF0000E013C00F3AB8014F1360FDEBF95
:109C4000002001F0004170BDC4F10004203C35DA71
:109C50000C341BDC04F11404C4F1200500FA05F3F4
:109C600020FA04F001FA05F240EA020001F0004295
:109C700021F0004110EBD37021FA04F642EB06010B
:109C80005EEA430E08BF20EAD37070BDC4F10C0435
:109C9000C4F1200500FA04F320FA05F001FA04F2F9
:109CA00040EA020001F0004110EBD37041F10001E5
:109CB0005EEA430E08BF20EAD37070BDC4F12005F0
:109CC00000FA05F24EEA020E20FA04F301FA05F258
:109CD00043EA020321FA04F001F0004121FA04F200
:109CE00020EA020000EBD3705EEA430E08BF20EAD0
:109CF000D37070BD94F0000F0FD101F0004640000A
:109D000041EB010111F4801F08BF013CF7D041EA8B
:109D1000060195F0000F18BF704703F0004652008F
:109D200043EB030313F4801F08BF013DF7D043EA60
:109D30000603704794EA0C0F0CEA135518BF95EA16
:109D40000C0F0CD050EA410618BF52EA4306D1D19D
:109D500081EA030101F000414FF0000070BD50EABC
:109D6000410606BF1046194652EA430619D094EA46
:109D70000C0F02D150EA013613D195EA0C0F05D130
:109D800052EA03361CBF104619460AD181EA030184
:109D900001F0004141F0FE4141F470014FF000003C
:109DA00070BD41F0FE4141F4780170BD704700BFC5
:109DB00081F0004102E000BF83F0004330B54FEA7C
:109DC00041044FEA430594EA050F08BF90EA020FE9
:109DD0001FBF54EA000C55EA020C7FEA645C7FEA7C
:109DE000655C00F0E2804FEA5454D4EB5555B8BF9F
:109DF0006D420CDD2C4480EA020281EA030382EA10
:109E0000000083EA010180EA020281EA0303362DA1
:109E100088BF30BD11F0004F4FEA01314FF4801C74
:109E20004CEA113102D0404261EB410113F0004F86
:109E30004FEA03334CEA133302D0524263EB43033D
:109E400094EA050F00F0A780A4F10104D5F1200EDB
:109E50000DDB02FA0EFC22FA05F2801841F1000136
:109E600003FA0EF2801843FA05F359410EE0A5F10A
:109E700020050EF1200E012A03FA0EFC28BF4CF03B
:109E8000020C43FA05F3C01851EBE37101F00045F1
:109E900007D54FF0000EDCF1000C7EEB00006EEBFE
:109EA0000101B1F5801F1BD3B1F5001F0CD3490888
:109EB0005FEA30004FEA3C0C04F101044FEA4452DF
:109EC00012F5800F80F09A80BCF1004F08BF5FEA66
:109ED000500C50F1000041EB045141EA050130BD46
:109EE0005FEA4C0C404141EB0101013C28BFB1F558
:109EF000801FE9D291F0000F04BF01460020B1FAA3
:109F000081F308BF2033A3F10B03B3F120020CDA75
:109F10000C3208DD02F1140CC2F10C0201FA0CF053
:109F200021FA02F10CE002F11402D8BFC2F1200CB8
:109F300001FA02F120FA0CFCDCBF41EA0C0190406E
:109F4000E41AA2BF01EB0451294330BD6FEA0404B7
:109F50001F3C1CDA0C340EDC04F11404C4F12002A2
:109F600020FA04F001FA02F340EA030021FA04F3B4
:109F700045EA030130BDC4F10C04C4F1200220FA0B
:109F800002F001FA04F340EA0300294630BD21FA49
:109F900004F0294630BD94F0000F83F4801306BF0F
:109FA00081F480110134013D4EE77FEA645C18BF03
:109FB0007FEA655C29D094EA050F08BF90EA020F9A
:109FC00005D054EA000C04BF1946104630BD91EA92
:109FD000030F1EBF0021002030BD5FEA545C05D195
:109FE0004000494128BF41F0004130BD14F58004D4
:109FF0003CBF01F5801130BD01F0004545F0FE4148
:10A0000041F470014FF0000030BD7FEA645C1ABF7C
:10A01000194610467FEA655C1CBF0B46024650EAB3
:10A02000013406BF52EA033591EA030F41F40021DF
:10A0300030BD00BF90F0000F04BF0021704730B565
:10A040004FF4806404F132044FF000054FF000013A
:10A0500050E700BF90F0000F04BF0021704730B5FB
:10A060004FF4806404F1320410F0004548BF4042D0
:10A070004FF000013EE700BF42004FEAE2014FEA25
:10A0800031014FEA02701FBF12F07F4393F07F4F00
:10A0900081F06051704732F07F4208BF704793F003
:10A0A0007F4F04BF41F40021704730B54FF4607416
:10A0B00001F0004521F000411CE700BF50EA010219
:10A0C00008BF704730B54FF000050AE050EA0102C2
:10A0D00008BF704730B511F0004502D5404261EB32
:10A0E00041014FF4806404F132045FEA915C3FF473
:10A0F000D8AE4FF003025FEADC0C18BF03325FEA10
:10A10000DC0C18BF033202EBDC02C2F1200300FAC0
:10A1100003FC20FA02F001FA03FE40EA0E0021FAE5
:10A1200002F11444BDE600BF4A0011D212F500123C
:10A1300011D20DD56FF47873B3EB62520ED44FEA9F
:10A14000C12343F0004343EA505323FA02F070471F
:10A150004FF00000704750EA013002D14FF0FF305D
:10A1600070474FF0000070470348044B834202D011
:10A17000034B03B118477047780000207800002097
:10A18000000000000548064B1B1AD90F01EBA30184
:10A19000491002D0034B03B11847704778000020E4
:10A1A000780000200000000010B5064C237843B969
:10A1B000FFF7DAFF044B13B10448AFF3008001232B
:10A1C000237010BDB203002000000000CCDC0008AA
:10A1D00008B5054B1BB105490548AFF30080BDE844
:10A1E0000840FFF7CFBF00BF00000000B40300200D
:10A1F000CCDC00086449654BCA682DE980484FF6FD
:10A20000FF0002401343C7B00F20CB60F7F770FE8A
:10A21000002800F013835E490B6803F4C063B3F5B4
:10A22000007F1ED00B685B4A5B4823F4C06343F495
:10A2300000730B6013684A69322404FB03F3B3FB19
:10A24000F0F3500503F1010306D500E023B14A699C
:10A25000520503F1FF33F9D44D4B5B695F0500F103
:10A26000EB824E4A9368D26803F00C03042B1CD097
:10A270000C2B16D049494A4C0A6842F480720A6095
:10A28000E06E04E0E26E121A022A00F2D5820A6839
:10A290005605F7D54A6822F0F85242F080524A60DB
:10A2A0000CE002F00302022AE4D13C493C4C0A686B
:10A2B0004A6822F0F85242F080524A603749D1F899
:10A2C000942042F00102C1F89420E06E04E0E26EB6
:10A2D000121A022A00F2B082D1F894209507F6D51E
:10A2E000CA6802F00300022800F0E5830C2B00F09E
:10A2F000A3822A4B1A68510100F19E821A6822F04B
:10A3000080721A60E16E04E0E26E521A022A00F2D4
:10A3100093821A689201F7D4D8682249224A0140F0
:10A320000A43DA601A681D4942F080721A60DA68DE
:10A3300042F08072DA60E26E04E0E36E9B1A022B58
:10A3400000F27A820B689B01F7D5184B1A68550703
:10A350000BD41A6822F0070242F004021A601B684C
:10A3600003F00703042B40F067820C4A93681368DC
:10A37000980140F16182936843F003039360E16EBA
:10A3800041F2883019E000BF00ED00E00003FA055B
:10A39000007000400000002040420F00001002400A
:10A3A000780000208C809D01020A003800200240C5
:10A3B000E36E5B1A834200F23F82936803F00C0362
:10A3C0000C2BF5D1936813F0F00F03D0936823F0B2
:10A3D000F0039360CE4A136803F00703042B0BD9F4
:10A3E000136823F0070343F004031360136803F0BA
:10A3F0000703042B40F02082C64DAB6823F4E063D2
:10A40000AB60AB6823F46053AB60F6F761F8AA6801
:10A41000C14BC249C2F30312134493F84C3903F001
:10A420001F0320FA03F348680B60F7F761FD064647
:10A43000002840F00182EB6CDFF8FCA243F002033D
:10A44000EB64EB6C03F002030693069BEB6C43F0AA
:10A450008003EB64EB6C03F080030593059BEB6CCE
:10A4600043F00103EB64EB6C4FF0904803F0010301
:10A47000049341F201274FF01009049BCAF8287099
:10A480000223C8F828904FF48812CDE90000082173
:10A490005046FFF759FA3246CDE90066A04802233C
:10A4A0000921FFF751FA4046CDE9006602234FF437
:10A4B00044124FF40061FFF747FA39460327334649
:10A4C0005046019600970122FFF73EFA02235046BC
:10A4D00032461946CDE90076FFF736FA022301220B
:10A4E00049464046CDE90076FFF72EFA314609206D
:10A4F000F7F7D4FCDFF844A24FF4007BCAF800B0B1
:10A500002820F7F7CBFC4FF48076CAF80460AB6CD8
:10A5100043F00103AB64AB6C03F0010303930C2025
:10A52000039BF7F7BBFC4FF48053CAF800300D20B3
:10A53000F7F7B4FC4FF40053CAF800304846F7F779
:10A54000ADFC4FF48033CAF800301120F7F7A6FCB9
:10A550004FF40033CAF80030724AC4F854114FF473
:10A56000E133C4E95311C4E95811C4E95123C4F8D3
:10A5700068114FF440730C216B48C4E95613F7F788
:10A58000DFFC002840F05881DFF8A0C194F8652076
:10A59000C4F820B04FF48273C4E902C34FF470636F
:10A5A0006361072363630823C4E90600C4E9090063
:10A5B000C4E90B002061A063E36302F0FF0A002AF4
:10A5C00000F08281594B022684F86560196821F0F9
:10A5D000400119604FF4417040F608711860002284
:10A5E00059605348A2660125A3F5584384F8655085
:10A5F000C4F85C32A423C4E9980394F89D02C4E92A
:10A600009A52C4E99C22C4E99E2200F0FF0100286E
:10A6100000F0B081D4F85C32242284F89D221968BD
:10A62000D4F8602221F0010122F0706219601A61F1
:10A630009A68D4F8681222F4004201299A60D4F88A
:10A64000642200F00F8142F4044202299A6040F033
:10A650000C815A6842F400625A605968D4F86C223E
:10A6600041F0007141F400415960D4F87012D8688B
:10A670000A43D4F8741220F4004042EA0122D4F8CC
:10A680007812D860D4F87C02DA6001431960196846
:10A6900041F00101196000222021C4F8A02284F8B1
:10A6A0009D12C4F88C2284F89E2294F89D122029D1
:10A6B000CDB240F0C18094F89C12012900F0BC801A
:10A6C000242084F89D02196821F00101196019689D
:10A6D00021F48051196019681960196841F001016D
:10A6E000196084F89D5294F89D1284F89C222029C8
:10A6F000CDB240F0A18084F89D0219680D4821F088
:10A7000001011960196821F47061196018E000BF37
:10A710000020024000100240E8DC00080000002099
:10A72000001C004800440040BC01002000300140F3
:10A73000E49CD110280300200004004800E100E060
:10A74000196841F001011960BE4BC4F8B0324FF4F2
:10A7500061210C2384F89D52C4E9AD12C4E9AF22F3
:10A76000C4E9B132C4E9B32284F89C22C4F8D422EB
:10A77000F7F7E6FB054600285ED101462C220DA81E
:10A7800002F028FAB04AC4F8A8501F23C4F8943045
:10A7900094F8AD30C4E9232540F2E732C4E9262518
:10A7A000C4E9285503F0FF01002B00F05B81022271
:10A7B000D4F88C3084F8AD20DA68D20640F10C81F0
:10A7C00094F8AC300125AB4284F8AD5034D0D4F8C5
:10A7D0008C3084F8AC504FF00209CA27532684F815
:10A7E000AD905F625E62F7F7CBF9D4F88C30002849
:10A7F00067D19A6818609A6822F480229A609A68F1
:10A800009A60F7F7FBF9D4F88C304FF0FF08C3F8E3
:10A81000248070B984F8AD5084F8AD905F625E62B8
:10A8200084F8AC50F7F7ACF9D4F88C3010B3C3F817
:10A830002480002384F8AC30F5F7AAFC834B1A6E11
:10A8400042F001021A661A6E02F001020892089A9A
:10A850009A6D42F080529A659B6D03F08053079386
:10A86000079BD8E442F400429A605A6822F40062DE
:10A870005A60F2E642F201125A60F7F7BFF9D4F8D3
:10A880008C200346C2F824800028D2D14FF4807275
:10A890000DA8CDE91033CDE9143384F8AD5084F818
:10A8A000AC30ADF834308DF836300E9312938DF80D
:10A8B00058501792F7F7CAF90028BDD1FCF7F8FFF6
:10A8C000FEE7FF225A62B4E784F864A02B6E43F4DB
:10A8D00080532B662B6E03F480530A930A9BEB6C18
:10A8E00043F00103EB64EB6C009703F00103099361
:10A8F000099B574D05234046019302225346E02110
:10A90000FFF722F8534BC4F8E0614FF0010B4FF012
:10A9100080084FF480672846C4E9733BC4E975AAF0
:10A92000C4E97AAAC4F8DC81C4F8E471F7F756FAEE
:10A93000002881D1C4F8286205F14806C4E98B706B
:10A94000454B2566C4F82002A5F5E275C4F834022B
:10A950003046C4E986B9C4F82482C4F8F451C4F876
:10A960001432F7F73BFA00287FF466AFE665C4F8C7
:10A970003C5227E6582219A884F89C1202F02AF9C2
:10A98000802318A81893F5F7A3FE804600287FF4CB
:10A9900053AF2E4F3148FA6C3243FA64FA6C3240AE
:10A9A0000C920C9A04210322CDE900212B4612229D
:10A9B0004FF44061FEF7C8FFBB6D43F48003BB65F5
:10A9C000BB6D03F480030B93414621200B9BF7F7EB
:10A9D00065FA234B5E601DE6CA21532259625A6212
:10A9E000F7F7CEF8C8B9D4E923329968D4F89C00B7
:10A9F00021F4E00121F0400199600243D4F8A40061
:10AA0000996802430A43D4F898109A6019611A6948
:10AA1000D4F8941042EA01421A61F7F7EFF8D4F83B
:10AA20008C30002843D1D96CD4F8A820D4F8A000E9
:10AA300021F00301D964D96C02430A43FF21DA648F
:10AA40005962BDE600380140002800400010024075
:10AA5000440200201C000240300002400004004874
:10AA600000E100E0542230A884F8AC104FF40076E6
:10AA700002F0B0F84FF400332FA82F934596F5F766
:10AA800027FE014600287FF4D7AE1F4AD2F8903047
:10AA900043F40043C2F890300320F7F7FFF91B4D51
:10AAA00008232B602920F7F7F9F96E607FE6FF2273
:10AAB0005A62F5F76DFB02F4FE40B0F5206F7FF4AB
:10AAC00015AC02F07840B0F1605F7FF40FAC104835
:10AAD00002427FF40BAC0B689F013FF536AC0B686C
:10AAE000094843F080730B60CB6843F08073CB6000
:10AAF000E26E04E0E36E9B1A022B3FF69DAE036804
:10AB00009E01F7D521E400BF0010024000E100E003
:10AB10007000600610B54FF6FF731446024892B2FB
:10AB2000F9F73AFC204610BD28030020DFF834D0A6
:10AB3000F9F728FC0C480D490D4A002302E0D458CF
:10AB4000C4500433C4188C42F9D30A4A0A4C002377
:10AB500001E013600432A242FBD302F017F8FFF7C2
:10AB600049FBFEE7000001200000002078000020E3
:10AB7000C03501087800002018050020FEE700001D
:10AB80000C490D4A0B6810B50C4C121B2BB1184424
:10AB9000904207D80860184610BD094B0B60184456
:10ABA0009042F7D901F0ECFF0C2303604FF0FF3324
:10ABB000184610BDCC030020000001200014000046
:10ABC0001805002008B52DED028BB0EE408A00F08C
:10ABD00031FFB4EE488AF1EE10FA0FD6B5EEC08A16
:10ABE000F1EE10FA0AD8B5EE408AF1EE10FA08D16B
:10ABF00001F0C6FF22239FED090A0360BDEC028B22
:10AC000008BD01F0BDFFBDEC028B034621221A6096
:10AC10000348BDE8084000F00DB900BF000080FF08
:10AC20002831010808B52DED048BB0EE608AB0EE36
:10AC3000409A00F061FFB4EE488AF1EE10FAF0EEAF
:10AC4000408A0BD6B5EE409AF1EE10FA17D1B5EE68
:10AC5000408AF1EE10FA06D1F7EE008AB0EE680AEB
:10AC6000BDEC048B08BDB0EE480A00F063FB002881
:10AC7000F4D0B5EEC08AF1EE10FAEFD525E000F081
:10AC800059FB88B1F5EE408AF1EE10FAE6D1B0EE4C
:10AC9000490A00F04FFB0028E0D0B0EE480A00F06F
:10ACA00049FB0028DAD010E0B0EE490A00F042FB80
:10ACB0000028E7D0B0EE480A00F03CFB0028E1D0C5
:10ACC000F4EE688AF1EE10FA04D601F059FF22235F
:10ACD0000360C3E701F054FF21230360BEE700BF18
:10ACE00010EE103A194923F000428A421BD9B2F102
:10ACF000FF4F02D330EE400A704700B583B068467C
:10AD000000F068F900F003000128DDED010A9DED77
:10AD1000000A13D002280BD098B9012000F012F9D4
:10AD200003B05DF804FBDFED0A0A002000F00AB969
:10AD3000012000F007F9B1EE400AF1E700F080F8D9
:10AD4000EEE700F07DF8B1EE400AE9E7D80F493FA1
:10AD50000000000010EE102AC2F3C7537F3B162BF1
:10AD600022F0004129DC002B104618DB1A4919415A
:10AD70000A4221D0DFED197A70EE277AF5EEC07A1B
:10AD8000F1EE10FA18DD002A04DA4FF4000242FA5C
:10AD900003F3184420EA010300EE103A7047DFED98
:10ADA0000F7A70EE277AF5EEC07AF1EE10FA03DD35
:10ADB000002A08DB9FED0A0A7047B1F1FF4FFBD371
:10ADC00030EE000A7047DFED077A0029BFEE000A77
:10ADD00008BFB0EE670A7047FFFF7F00CAF24971F3
:10ADE000000000000000008010EE103AC3F3C752CC
:10ADF0007F3A162A194615DC002A0CDB0C48104154
:10AE0000184205D04FF4800313410B4423EA00039A
:10AE100000EE103A7047013203F00043F8D143F0DE
:10AE20007E53F5E7802AF3D130EE000A704700BF69
:10AE3000FFFF7F009FED010A704700BF0000C07F49
:10AE400010EE103A23F00043B3F1485F2CD2FDEE30
:10AE5000C07A17EE903A002B60D060EE007A9FED3A
:10AE6000317A9FED315ADFED315A9FED316ADFEDD6
:10AE7000316AA7EE875A9FED307AE7EE855AA7EE42
:10AE8000A56AA7EE867AE7EE876A67EEA66A60EEA5
:10AE9000C00AB6EE007AE7EEA60AB7EE000AD7EED1
:10AEA000870A30EE600A704760EE007A9FED1D7AE7
:10AEB0009FED1D5ADFED1D5A9FED1D6ADFED1D6AE6
:10AEC0001E4AA7EE875A93429FED1B7AE5EE275A5A
:10AED000A5EEA76AA6EE277AE7EE276A66EEA76ACE
:10AEE000D5D9174A934214D803F17F4307EE103A9D
:10AEF000B7EE006A36EE476A60EEC00AF6EE005A18
:10AF000097EEA57AE7EEA60A37EE607A36EE470AA4
:10AF10007047B6EE076AB5EE027AEDE7B7EE000AC3
:10AF2000704700BF4ED747ADF6740F317CF293B433
:10AF3000010DD037ABAA2A3D610BB6BA9999993E5B
:10AF40000000483F10EE103A23F00043B3F1485F91
:10AF500004D2FDEEC07A17EE903A5BB360EE007A51
:10AF60009FED157ADFED155A9FED156ADFED156A35
:10AF7000E7EE875A9FED147AA5EEA76A20EE275ACE
:10AF8000E6EE276AA6EEA77A30B9DFED106AE7EEA3
:10AF9000876AA6EE850A704727EE457AF6EE006AC4
:10AFA000A0EEA67ADFED0A6AD7EE270AE5EE260ABA
:10AFB00030EE600A704700BFD3C92E2F342FD7B2AE
:10AFC0001BEF3836010D50B98988083CABAA2ABE60
:10AFD000ABAA2A3E70B510EE103A884A23F000441E
:10AFE000944286B0054671D9854A94421E4624D8BB
:10AFF00023F00042002BDFED837A834922F00F0219
:10B00000B0EE407A40F3E0808A4270EE677A09BF82
:10B010009FED7E7ADFED7E6ADFED7E6A77EEC77A9E
:10B0200037EEE67A77EEC77A80ED007A77EEE67A49
:10B03000C0ED017A012006B070BD774A944252D922
:10B04000B4F1FF4F48D2E215863AA4EBC25307EEA3
:10B05000903ABDEEE77ADFED716AB8EEC77A77EE27
:10B06000C77A8DED037A67EEA67ABDEEE77AB8EE81
:10B07000C77A77EEC77A8DED047A67EEA67AF5EE99
:10B08000407AF1EE10FACDED057A40F09880B5EEF9
:10B09000407AF1EE10FA0CBF0123022360490191BE
:10B0A0000221009103A8294600F0A6F9002EC2DA79
:10B0B00095ED007AD5ED017AB1EE477AF1EE677A37
:10B0C00085ED007AC5ED017A4042B4E7002285EDB6
:10B0D000000A42600020AEE770EE407AC0ED017ACF
:10B0E000C0ED007AF6E700F019F99FED4E7A9FED7A
:10B0F000456AF6EE007AE0EE077A9FED457AFDEEBE
:10B10000E77A17EE900AF8EEE76A1F28A6EEC60A5D
:10B1100066EE877AB1EE666A20DC434A411E26F06D
:10B12000004352F8212023F0FF03934216D030EE63
:10B13000677A30EE470A002E30EE670A85ED007A16
:10B1400085ED010ABFF677AFB1EE477AB1EE400A5E
:10B1500085ED007A85ED010A40426CE730EE677AB2
:10B16000E21517EE103AC3F3C753C3EBD453082BC1
:10B17000DFDD9FED267A9FED275AF0EE405AE6EE8E
:10B18000075A70EE657AE6EE077AD6EE857A35EEE6
:10B19000E77A17EE103AC3F3C753D21A192A10DD13
:10B1A0009FED227A9FED225AB0EE650AA6EE070ABD
:10B1B00075EEC07AE6EE077AD6EE857AB7E7032316
:10B1C0006CE7B0EE650AB4E78A4270EE277A09BFF1
:10B1D0009FED0E7ADFED0E6ADFED0E6A77EE877A6D
:10B1E00037EEA67A77EEC77A80ED007A77EEA67A08
:10B1F000C0ED017A4FF0FF301DE700BFD80F493F87
:10B20000E3CB1640800FC93FD00FC93F004435370C
:10B210004344353708A3852E800F494300008043FF
:10B220000832010884F9223F8831010800A3852EE5
:10B2300032318D2408B52DED028BB0EE408A00F03E
:10B240009DFFF0EE408AB0EE480A00F073F868B156
:10B25000DFED127AB4EEE78AF1EE10FA0BDCDFEDE7
:10B26000107AB4EEE78AF1EE10FA0FD4B0EE680A65
:10B27000BDEC028B08BDDFED0B8A01F081FCB0EE66
:10B28000680ABDEC028B2223036008BD01F078FC44
:10B290002223DFED058A0360E8E700BF1772B142A1
:10B2A000B5F1CFC20000807F0000000010EE103A20
:10B2B000184923F000428A421AD9B2F1FF4F02D353
:10B2C00030EE400A704700B583B06846FFF782FE53
:10B2D00000F003000128DDED010A9DED000A10D009
:10B2E000022809D090B9FFF7ABFD03B05DF804FB6D
:10B2F000DFED090AFFF7A4BDFFF7A2FDB1EE400A9A
:10B30000F3E7FFF71FFEB1EE400AEEE70120FFF77B
:10B3100019FEEAE7D80F493F0000000010EE103A8E
:10B3200023F0004300EE103A704700BFB1EEC00AB0
:10B33000704700BF10EE103A23F00040B0F1FF4F0D
:10B34000ACBF00200120704708B52DED028BF0EE58
:10B35000408AB0EE608A00F033F820B9B0EE480AB7
:10B36000BDEC028B08BDB0EE480A00F029F820B110
:10B37000F4EEC88AF1EE10FAF0DDB0EE680ABDEC2A
:10B38000028B08BD08B52DED028BF0EE408AB0EEC1
:10B39000608A00F015F820B9B0EE480ABDEC028BC7
:10B3A00008BDB0EE480A00F00BF820B1F4EEC88AF0
:10B3B000F1EE10FAF0D5B0EE680ABDEC028B08BDD4
:10B3C00010EE103A33F000400ED0A0F50003B3F1B8
:10B3D000FE4F0DD3074B421E9A4207D9A0F1FF4002
:10B3E000B0FA80F040097047022070470320704790
:10B3F00004207047FEFF7F002DE9F04F2DED048BF8
:10B40000DBB01C46944603930A46CD4B68991CF169
:10B41000040F53F82160824604F1FF38C0F24982DC
:10B42000BCF1030348BF0CF10403DB1002930133AA
:10B430004FEAC30EACEB0E030593029B16EB08001C
:10B44000A3EB080316D401309FEDBE7A699C184423
:10B450001EA9002BA4BF54F8235007EE905A03F105
:10B460000103ACBFF8EEE77AF0EE477A8342E1ECF5
:10B47000017AEED1002EC0F2B182039B1EA901EB2E
:10B48000830446AD4FEA83094046F7180AEB83016F
:10B49000B8F1000FDFEDAB7A09DBA3465346F3ECBE
:10B4A000016A3BED017A8B42E6EE877AF7D10130F3
:10B4B000B842E5EC017A04F10404E9D10DF1280B5E
:10B4C0000BEB8603CDE9062E043B9FEDA09ADFED42
:10B4D0009E8A059804930AEB090446AF0BEB860994
:10B4E0000096CDF820C05AAB03EB8603002E13ED77
:10B4F000140A4FEA860515DD7B195A4660EE097A73
:10B50000B0EE407AFDEEE77A73ED016AF8EEE77A85
:10B51000BB42A7EEE87A37EEA60ABDEEC77AA2ECE8
:10B52000017AEBD1019000F01DFFF4EE007AB0EE4D
:10B53000408A20EE270AFFF70DFCF2EE007AA0EE1B
:10B54000678A01980028FDEEC89AF8EEE97A38EE8D
:10B55000678A6CDD06F1FF3EC0F108035BF82E2020
:10B5600042FA03FC0CFA03F3D21AC0F1070119EEF8
:10B57000903A4BF82E200A416344002A09EE903A93
:10B5800000F3F080B5EE408AF1EE10FA40F09D80B5
:10B59000009B9E420ADD5D44002355F8041D4D4585
:10B5A00043EA0103F9D1002B40F0F280009B013BFC
:10B5B0005BF82330002B40F0E780049B012153F817
:10B5C000042D0131002AFAD0731C31449C46029D9F
:10B5D000039A05EB030E0EF1804E699D32440EF185
:10B5E000FF3E07EB83061EAB05EB8E0E03EB8205D9
:10B5F000DEED017AF8EEE77AB8F1000F0EF1040EF5
:10B60000E5EC017ADFED4F7A09DB2A465346F3EC8D
:10B61000016A32ED017AA342E6EE877AF7D10CF1A6
:10B62000010C6145E6EC017AE2DA0E465BE740F098
:10B630008F80731E5BF82320D211002AA2DD19EE41
:10B64000903A002E03F1010309EE903A40F3D481C1
:10B6500059464FF0000E51F8043B002B6AD0C3F559
:10B66000807341F8043C04E00B68C3F1FF0341F828
:10B67000043B0EF1010E7645F6DC01239E460028C0
:10B680000ADD012878D0022806D1711E5BF821302E
:10B6900003F03F0C4BF821C0022A7FF473AFB7EEE2
:10B6A000000A734630EE488A002B3FF46BAF0992D4
:10B6B000019000F057FE38EE408A0198099AB5EEE5
:10B6C000408AF1EE10FA3FF463AF9246DDE9062EB0
:10B6D000DDF820C00196AEEB0C00B0EE480A009EEB
:10B6E000009200F03FFEDFED186AB4EEE60AF1EEDC
:10B6F00010FADDE90023F0EE407AC0F250819FEDB0
:10B70000137A059920EE077A0831BDEEC77A0591C4
:10B71000B8EEC77A5C1CE7EE667ABDEEC77AFDEE3E
:10B72000E77A17EE901A4BF8231017EE103A4BF801
:10B73000243046E00EF1010EB6458CDB9E469EE7B6
:10B740004C35010800000000000080430000803BF1
:10B75000F6EE007AB4EEE78AF1EE10FA80F2988005
:10B7600000220FE70133002E09EE903A3FF770AF49
:10B77000002301289E4686D1711E5BF8213003F01C
:10B780007F0C4BF821C087E7731C9C4619461EE7C7
:10B7900033469246DDE905125C1EA1F108005BF814
:10B7A0002410009E059061B903F18043013B0BEB2F
:10B7B0008303014653F8040D013C08390028F9D0F1
:10B7C000059105980092B7EE000A00F0CBFD002C21
:10B7D000009AB0EE407AC0F20581601C46AD5FED84
:10B7E000256A81000BEB800305EB800073ED017A85
:10B7F000F8EEE77A5B4567EE877A27EE267A60ED0A
:10B80000017AF3D10DF1C8080B1F46A8C718C64628
:10B81000A44600259146002E73DB844ADFED847A2E
:10B820003846002301E0AB4208DCF2EC016AB0ECE0
:10B83000017A01339E42E6EE877AF4DA0CF1FF3C9E
:10B84000BCF1FF3FEEEC017A05F10105A7F1040719
:10B85000E1D1689B022B4A4656DC002B2EDC0ED130
:10B86000DFED737A414431ED017A414577EE877A15
:10B87000F9D15346002B40F0AE80C2ED007A19EEAC
:10B88000903A03F007005BB0BDEC048BBDE8F08F8D
:10B8900019EE903A002E03F1010309EE903AC8BF69
:10B8A00002223FF7D5AEF7EE007A37EEC88A0222C1
:10B8B00068E600234FF0080E0293BBE59FED5C7A2B
:10B8C000414471ED017A414537EE277AF9D1DDED3A
:10B8D000327A534677EEC77A002B75D182ED007A23
:10B8E00064B133A90123B1EC017A01339C4277EEB4
:10B8F000877AF8DA53460BB1F1EE677AC2ED017A36
:10B90000BDE7DFED4B7A99E7689B032BB7D1002C9D
:10B910007ED008EB840595ED007AA0002B462946E1
:10B9200071ED017AF0EE476A37EE277A414577EEFE
:10B93000C77A81ED007A77EEA67AC1ED017AEFD170
:10B94000012C65D095ED007A08F1040173ED017AC0
:10B95000F0EE476A37EE277A994277EEC77A83EDA1
:10B96000007A77EEA67AC3ED017AEFD1031DDFED01
:10B97000307A434408F1080833ED017A984577EEB0
:10B98000877AF9D15346DDED326A9DED337A73B98A
:10B99000C2ED006A82ED017AC2ED027A6FE7FDEE38
:10B9A000C07A1C4617EE901A4BF8231009E7F1EE07
:10B9B000666AB1EE477AF1EE677AC2ED006A82ED0F
:10B9C000017AC2ED027A5AE7B1EE477A82ED007A47
:10B9D000002C86D190E7F1EE677A4EE7039B4FEAA1
:10B9E00083096BE5689B022B0EDC002B13DC7FF4D4
:10B9F00046AFDFED0F7A3CE7022A7FF4C3ADF7EEE6
:10BA0000007A37EEC88ABDE5689B032B7FF437AF19
:10BA1000DFED077AB6E75346DDED327A13B900233E
:10BA200013606BE74FF00043136065E720350108B2
:10BA30000000000008B510EE103A33F000422DED82
:10BA4000028B2CD0002B1A4632DBB3F1FF4F41DAC8
:10BA5000B3F5000F35DB0021D3157F3B0B44D90F25
:10BA6000C1F17F0103EBD373C2F3160207EE903AE4
:10BA700042EAC15200EE102AB8EEE78A00F00EFD4D
:10BA8000DFED177A9FED177A20EE270ADFED167AA1
:10BA9000A8EE070AA8EE270ABDEC028B08BDBDEC94
:10BAA000028B9FED127ADFED127A87EE270A08BD2E
:10BAB000BDEC028B70EE407A9FED0D7A87EE870A1F
:10BAC00008BDDFED0C7A60EE277A6FF0180117EEF3
:10BAD000902AC1E7BDEC028B30EE000A08BD00BF22
:10BAE000D95BDE3EDB27543580209A3E000000CC37
:10BAF000000000000000004C2DE9F0432DED028B0A
:10BB000083B0CDED010A8DED000ADDE9004535F089
:10BB1000004610D184F48004640014F5000F1BD992
:10BB2000DDED007A9DED017A37EE870A03B0BDECBA
:10BB3000028BBDE8F08324F00047B7F1FF4F02D835
:10BB4000B6F1FF4F0FD9B4F17E5FE9D185F48005DE
:10BB50006D0015F5000FE3D8B7EE000A03B0BDEC99
:10BB6000028BBDE8F083002CB84616DBB6F1FF4F20
:10BB700000F0F780B6F17E5F00F02681B5F1804FCE
:10BB800000F04681B5F17C5F40F0388103B0BDEC38
:10BB9000028BBDE8F043FFF7C9BBB6F1974F80F0C9
:10BBA000F080B6F17E5F80F01981B5F1804F00F032
:10BBB0002F81B5F17C5F40F02181FFF7AFFBB7F13A
:10BBC000FF4FB3D04FF00009002F00F0F280B7F123
:10BBD0007E5F00F0E580E20F013A59EA020300F0CF
:10BBE0002181B6F19A4F40F24581924B9F4240F23B
:10BBF0003E82914B9F4200F24782F7EE007A30EE90
:10BC0000670A9FED8E6ADFED8E5AF5EE007AA0EEA0
:10BC1000676AF6EE006AE6EE406A20EE007ADFED33
:10BC2000897A9FED896A27EE267A67EEC77AE0EE79
:10BC3000257AF0EE676AE0EE066A16EE903A6FF348
:10BC40000B0306EE903AB0EE667AA0EE467A77EEF7
:10BC5000C77A6FF30B0507EE105A9DED016ADDED13
:10BC6000015A36EE476A67EEA57A26EE877AE6EE47
:10BC7000267A09F1FF3959EA0209BFEE008A77EE08
:10BC8000876AB7EE006A16EE903A18BFB0EE468AA1
:10BC9000002B23F0004240F3B981B2F1864F00F24D
:10BCA000388200F01C82B2F17C5F00F20082002238
:10BCB00010466FF30B0305EE903A75EEC76A9FEDE1
:10BCC000637A9FED633A9FED632ADFED633A9FED60
:10BCD000634ADFED634A9FED635A77EEE67A25EE1D
:10BCE000877ADFED616AA7EEA67AF0EE002AF0EE21
:10BCF000476AE5EE836AB7EE000A26EEA66AF0EE22
:10BD0000667AE6EE023AE5EEC37AF0EE445AE3EEE6
:10BD1000865A77EE677AB0EE647AA5EE867AF0EE10
:10BD2000455AE7EE065AB0EE667AA5EEC67AE6EE1A
:10BD3000A77A66EE875A37EE626A85EE867A77EEE4
:10BD4000677A77EEE67A30EE670A10EE103A13441F
:10BD5000B3F5000FC0F2958100EE103A20EE080A0C
:10BD6000E4E6B7F17E5F3FF4F7AE32D99FED3F0ACC
:10BD7000DDED017A002DB8BFF0EE407AB0EE670A33
:10BD8000D4E6B6F1FF4FECD04FF002099DED000A6A
:10BD9000FFF7C4FAB7F1FF4F02D0002F7FF417AFBF
:10BDA000002DBCBFF7EE007A87EE800A002CBFF6AC
:10BDB000BDAEA7F17E5757EA090740F0208170EE2B
:10BDC000407A87EEA70AB1E6002D1ADB9DED000A46
:10BDD000ACE6002D21DB9FED250AA7E6F315C3F1A4
:10BDE000960346FA03F202FA03F3B34200F0FA8034
:10BDF000B6F17E5FE8D0B5F1804F09D04FF0000971
:10BE0000C4E79DED007AF7EE007A87EE870A8DE6AB
:10BE1000DDED007A27EEA70A88E6DDED017AB1EEC6
:10BE2000670A83E6DDED007A77EEE77A87EEA70A08
:10BE30007CE600BFF3FF7F3F0700803FABAAAA3E2E
:10BE400070A5EC363BAAB83F00AAB83F8CBEBF3500
:10BE50000072313F4CBB31330EEADDB555B38A3841
:10BE6000610B36BBABAA2A3E1872313F00000000BE
:10BE70000000804B14F0FF4F40F0F7805FED047A34
:10BE800060EE277A6FF0170317EE908AA9484FEA01
:10BE9000E851C8F316087F398045194448F07E53AD
:10BEA00040F3DB80A448804540F3F8809FEDA35A1F
:10BEB0000131F0EE453AA3F50003F7EE005A0020F9
:10BEC00006EE103A76EE257AB7EE007A87EE270A6C
:10BED0005B1043F0005303F58023034476EE656A5C
:10BEE00007EE901A26EE803AB8EEE77A13EE101AB3
:10BEF00007EE903A924BDFED930A9FED938A9FED08
:10BF0000931ADFED932ADFED931A9FED932A77EED4
:10BF1000E55A194004EE901A36EE656A63EE035A4C
:10BF2000E4EEE76AF0EE607AE5EE887AE4EEC66A5F
:10BF3000A7EEA51A66EE806AE1EE252A73EE247A52
:10BF4000E2EEA51A25EEA58AA1EEA52A67EEA67A4D
:10BF5000B0EE084AB0EE446AE8EE027AA4EEA46AB3
:10BF6000DFED7E0A9FED7E1ADFED7E2A36EE276A30
:10BF700016EE101A194006EE101A76EE445AE4EE48
:10BF8000E45A77EEE57A67EE837AE6EE867AF0EEAB
:10BF9000675AE4EE865A15EE901A194005EE901A8B
:10BFA000F0EE656AE4EEC66A77EEE67A67EEA07AAE
:10BFB000E5EE817A77EEA37AF0EE676AE5EEA26AA3
:10BFC00076EE856A76EE876A16EE901A194006EECE
:10BFD000901A36EEC77A37EE457AA5EEE27A77EE1A
:10BFE000C77A36E6B6F17E5F3FF4EEAEB5F1804F2C
:10BFF0003FF40EAF02F00102C2F10209C6E6B9F148
:10C00000010F7FF493ADB1EE400A8FE556498A42A5
:10C0100000F287807FF447AE76EEC76AF4EEE76AF7
:10C02000F1EE10FA7DDA03F50043504AC3F3C7512D
:10C030007F39C3F316000A4140F40000C1F1170133
:10C040001A400841404206EE902A37EE667AC20551
:10C0500077EE876A16EE903A2BE69FED385AF7EEA8
:10C06000005AF0EE453A00202AE700230EE7002DA3
:10C070000CDB002003B0BDEC028BBDE8F04300F008
:10C0800001BA00F06FF969E6002DF2DD002003B07F
:10C09000BDEC028BBDE8F04300F0FAB99FED345AD5
:10C0A000DFED343AF7EE085A4FF4001008E7D215E6
:10C0B0007E3A4FF40001114119442C4AC1F3C75490
:10C0C0007F3CC1F31600224140F40000C4F1170484
:10C0D000002B40FA04F002EA0102B4DAB2E79FED65
:10C0E000266A76EEC76A37EE866AB4EEE66AF1EE45
:10C0F00010FA0EDC03F500431C4AD9157F39C3F34F
:10C1000016000A4140F40000C1F117011A4008412D
:10C1100099E7B5EEC08AF1EE10FA4CBF012000207D
:10C12000B5E7B5EEC08AF1EE10FA4CBF0120002051
:10C13000A0E700BF71C41C00D6B35D000000000082
:10C1400000F0FFFF55326C3E42F1533E05A38B3E9B
:10C15000ABAAAA3EB76DDB3E9A99193F4F38763F9E
:10C16000A0C39D360038763F00001643000080FFD4
:10C1700000C0153FDCCFD1353CAA383310EE103A61
:10C1800023F00042B2F1FF4F56D84FEAD37100F0CE
:10C1900095806248834200F38780002BC0F287803D
:10C1A0005F4B9A424BD95F4B9A4200F29A805E4BAA
:10C1B0005E4A03EB8103D3ED004A02EB810281F07A
:10C1C000010370EE644AD2ED007A5B1A34EEE70A9E
:10C1D000DFED576A9FED575ADFED575A9FED576ACB
:10C1E00020EE007AA7EE265ADFED556AE5EE075AF3
:10C1F000E5EE876AA6EE876AF0EE406AE6EE476AE9
:10C2000020EE266A002B42D0B0EE007A37EE667A36
:10C21000B7EE000AC6EE076A13F17D0F77EEE67AF5
:10C2200077EEE47A30EE670A4FDB10EE102A02EB6D
:10C23000C35300EE103A704730EE000A7047B2F177
:10C24000505F0AD2DFED3F7A70EE277AB7EE007AC0
:10C25000F4EEC77AF1EE10FA5DDC60EE007A9FED45
:10C26000347ADFED345A9FED346ADFED356AE7EE5C
:10C27000875A9FED327AA7EEA56AE7EE866AA7EEA7
:10C28000A67AF0EE406AE7EEC76A20EE266AF0EE84
:10C29000007A76EEE76AB7EE007AC6EE267A77EE97
:10C2A000C07A37EE670A7047002000F0F1B8264BDD
:10C2B0009A427FF675AF002000F0E4B8DFED237AF4
:10C2C000002918BFB0EE670A704710EE102A6433D9
:10C2D00002EBC353DFED1E7A00EE103A20EE270A80
:10C2E00070471C4B9FED1C7ADFED1C6A03EB81034A
:10C2F000D3ED007AE0EE077A9FED197AFDEEE77A4A
:10C30000F0EE404A17EE903AF8EEE77AE7EEE64AAA
:10C3100067EE877A5AE730EE070A70471772B14224
:10C320001872B13E9115853F6035010858350108F6
:10C330004CBB31330EEADDB555B38A38ABAA2A3E81
:10C34000610B36BBCAF24971B5F1CF420000000063
:10C350000000800D683501083BAAB83F8071313F6D
:10C36000D1F7173710EE103A33F000411A4627D0B4
:10C37000B1F1FF4F21D213F0FF4F22D1DFED2B7A25
:10C380002B4A60EE277A904217EE903A33DB4CF25C
:10C39000503CC3F3C75160451A46A1F1190116DD9F
:10C3A000DFED247ADFED246A002BB0EE677AB8BFA8
:10C3B000F0EE667A27EE870A704730EE000A704783
:10C3C00070474CF2503C60454FEAD151E8DC0144E3
:10C3D000FE29E5DC002915DC11F1160F19DB1931F6
:10C3E00022F0FF4242EAC15207EE902A9FED130A63
:10C3F00027EE800A7047DFED127A07EE103A27EE3B
:10C40000270A704722F0FF4242EAC15300EE103A79
:10C410007047DFED0B7ADFED0B6A002BB0EE677A29
:10C42000B8BFF0EE667A27EE870A70470000004C2E
:10C43000B03CFFFFCAF24971CAF249F10000003373
:10C440006042A20D6042A28D10B52DED028BB0EEC0
:10C45000408A044600F094FBB0EE480ABDEC028B23
:10C46000046010BD30B1F1EE407A27EE800A222040
:10C47000FFF7EABFF0EE407A27EE800A2220FFF7AE
:10C48000E3BF00BF9FED010AFFF7ECBF0000001003
:10C490009FED010AFFF7E6BF0000007010EE102AC2
:10C4A00032F000432FD0002A134633DBB2F1FF4FA6
:10C4B00040DAB2F5000F34DB4FF0000C6448C3F3F0
:10C4C0001601084400F4000282F07E520A43DB1594
:10C4D00000EE102A7F3B5F4A634401F10F0CF7EE38
:10C4E000007A0CEA020230EE670A03EBD05322BB5B
:10C4F000B5EE400AF1EE10FA62D1002B40F09080C8
:10C500009FED550A70479FED557ADFED537A87EE20
:10C51000270A704770EE407A9FED4F7A87EE870AC0
:10C520007047DFED4F7A60EE277A6FF0180C17EE48
:10C53000903AC3E730EE000A7047F0EE007A70EEF2
:10C54000277A07EE103A80EE274A4648C1F557127F
:10C55000084402F522720243002A9FED433ADFEDC0
:10C56000434ADFED435ADFED433A9FED435ADFED97
:10C57000437ADFED436A24EE046AF8EEC72A26EE1A
:10C58000067AE7EE034AA7EE235AE4EE875AE5EE71
:10C59000076AE5EE877A67EE867AE6EE877A2ADD25
:10C5A000B6EE007A20EE077A27EE007A77EE877AE9
:10C5B00067EE847A3BBB37EE677A30EE470A704706
:10C5C0009FED307AF6EE007AE0EE477A20EE007AC0
:10C5D00027EE277A002BF0D007EE903A9FED2A6ADB
:10C5E000DFED2A6AF8EEE77AA7EEC67A37EE400A60
:10C5F00097EEA60A704770EE677A67EE847AE3B921
:10C6000030EE670A70479FED206ADFED206AE2EEA8
:10C61000867A37EE677A37EE400A92EEA60A7047BE
:10C6200007EE903A9FED180A9FED187AF8EEE77A38
:10C6300027EE800AA7EE870A7047DFED136A9FEDA9
:10C64000137AE2EEE67A37EEC00A92EE870A704776
:10C6500020FB4A00F0FF7F0000000000000000CC3B
:10C660000000004C305CCFFF9788173E25333A3EE0
:10C670002549923E4FD01C3E298E633EABAA2A3FED
:10C68000CDCCCC3EABAAAA3ED1F717378071313F53
:10C6900008B52DED048BF0EE408AB0EE609A00F004
:10C6A000EDF8F0EE490AB0EE408AB0EE680A00F00C
:10C6B0000BF8F0EE400AB0EE480ABDEC048BBDE882
:10C6C000084000F005B800BFB0EE600A704700BF38
:10C6D00008B52DED048BF0EE408AB0EE609A00F0C4
:10C6E0003BF8B0EE408AFEF725FE20B1B0EE480AD6
:10C6F000BDEC048B08BDB0EE680AFEF71BFE0028F7
:10C70000F4D0B0EE490AFEF715FE0028EED000F096
:10C7100037FA22239FED018A0360E7E70000807F5C
:10C7200008B52DED048BF0EE408AB0EE609AFFF76D
:10C73000CBFFF0EE490AB0EE408AB0EE680A00F096
:10C740009DF8F0EE400AB0EE480ABDEC048BBDE85F
:10C75000084000F095B800BF10EE103A23F00042F8
:10C7600010EE903A23F000439A4202DB194613463A
:10C770000A46991AB1F1706F00EE103A06EE902A4F
:10C780003FDCB3F1B14F10B52EDC0024B2F11A5FDB
:10C790000ADA42B3B2F5000F60DADFED357A66EE01
:10C7A000A76A20EE270A7E3C30EE666AF4EEC66A7F
:10C7B000F1EE10FA28D56FF30B0307EE903A30EE46
:10C7C000277A30EE670A27EE000AA6EEA60AA7EE41
:10C7D000A70AFEF7ABFD34B1E40504F17E5407EE81
:10C7E000904A20EE270A10BDB3F1FF4F29DA03F17A
:10C7F0005E4302F15E4200EE103A06EE902A4424B7
:10C80000C4E730EE260A70471A4903F500030B40CF
:10C8100007EE903AB0EE007AB0EE675A90EE075A03
:10C8200002EA010307EE103A26EE850A76EEC75AB1
:10C83000A5EEA70AA6EE060AA7EE270AFEF776FDE2
:10C84000C9E714BF30EE260A9FED0B0ADFED0A7A26
:10C85000B2F1FF4F08BFB0EE670A10BD03F10853F5
:10C8600002F1085200EE103A06EE902A443C9BE793
:10C870000000807E00F0FFFF0000807F704700BF57
:10C8800000F000B810B582B0CDED010A019B23F095
:10C890000042B2F1FF4FF0EE407A30D810EE100AAD
:10C8A00020F00041B1F1FF4F29D8B3F17E5F42D0B3
:10C8B0009C1704F0020444EAD07431B37AB3B2F1A5
:10C8C000FF4F40D0B1F1FF4F29D0891AB1F1F45F89
:10C8D0004FEAE15234DA002B42DA3C3240DA9FED83
:10C8E000340A012C4ED0022C43D064B19FED317A32
:10C8F000DFED317A30EE070A30EE670A03E09DED96
:10C90000017A37EE270A02B010BD022C10D09FED3D
:10C910002B7A032C08BFB0EE470A02B010BD9FED82
:10C92000280ADFED287A0028A8BFB0EE670AEAE7F8
:10C930009FED210AE7E702B0BDE8104000F04AB8D9
:10C940009FED200ACDE7B1F1FF4F04F1FF3420D075
:10C95000022C26D81C4B03EB840393ED000AD2E78C
:10C960009DED017A87EE870AFEF7D8FC00F032F8D9
:10C97000B7E79FED107ADFED107A30EE070A37EE59
:10C98000C00AC0E710EE103A03F1004300EE103A7F
:10C99000B9E7022C08D80D4B03EB840393ED000A92
:10C9A000B1E79FED030AAEE79FED090AABE700BFD1
:10C9B000000000002EBDBB33DB0F4940DB0F49C038
:10C9C000DB0FC9BFDB0FC93F703501087C3501089B
:10C9D000DB0F493F38B510EE105A25F00044B4F192
:10C9E000A14FF0EE407A0DD3B4F1FF4F5BD8DFEDED
:10C9F000517A9FED517A002DCCBFB0EE470AB0EED0
:10CA0000670A38BD4D4B9C425CD8B4F1445F4DD3AE
:10CA10004FF0FF3327EEA76A9FED495A9FED497A01
:10CA2000DFED495ADFED494A66EE066A5A1CA6EE6A
:10CA3000857AE6EEA54A9FED465ADFED465AA7EE07
:10CA4000265AE4EEA65A9FED447ADFED444AA5EE5D
:10CA5000267AE5EEA64A9FED425ADFED425AA7EE4E
:10CA6000265A9FED417AA4EEA67AE5EE265A27EEE5
:10CA7000267AA5EE867A27EE877A38D03B493C4A5B
:10CA800001EB8301D1ED006A37EE667A02EB830396
:10CA9000D3ED006A37EE677A002D36EEC70AB0DABA
:10CAA000B1EE400A38BD30EE000A38BD9FED317A54
:10CAB00030EE077AF7EE006AB4EEE67AF1EE10FA9D
:10CAC000A6DD38BDFEF72AFC2B4B9C4212D8A3F5FD
:10CAD000D0039C4223D8F0EE007ABFEE007AA0EE9D
:10CAE000277A002330EE270AC7EE007A92E737EE66
:10CAF000C70A38BD214B9C420BD8F7EE087AB7EE37
:10CB0000007AA0EE277A022330EE670AC0EE077A99
:10CB100080E7BFEE007AC7EE007A03237AE7F7EEEC
:10CB2000007A30EE677A30EE270A0123C7EE007AEA
:10CB300070E700BFDB0FC9BFDB0FC93FFFFFDF3E60
:10CB4000D769853C59DA4B3D21A215BD6BF16EBD0D
:10CB5000356B883D95879DBD6E2EBA3D388EE3BD01
:10CB60002549123EABAAAA3ECDCC4CBE8835010861
:10CB700098350108CAF24971FFFF973FFFFF1B403C
:10CB8000014B1868704700BF2800002070B50D4D9C
:10CB90000D4C641BA4100026A64209D10B4D0C4C71
:10CBA00001F094F8641BA4100026A64205D170BDC4
:10CBB00055F8043B98470136EEE755F8043B984793
:10CBC0000136F2E7B0350108B0350108B03501088B
:10CBD000B435010802440346934200D1704703F87C
:10CBE000011BF9E77047704770B50F4E0C4631686E
:10CBF000054611B900F0A6F830602146284600F03D
:10CC0000A1F8431C03D14FF0FF34204670BDC41C73
:10CC100024F00304A042F8D0211A284600F092F82C
:10CC20000130F2D1EFE700BF0C0500202DE9F843F9
:10CC3000CD1C25F0030508350C2D38BF0C25002D23
:10CC4000064601DBA94204D90C2333600020BDE86D
:10CC5000F883DFF8D48000F069F8D8F800301C467B
:10CC600044BB29463046FFF7BFFF431C044658D15A
:10CC7000D8F800402746002F43D1002C4BD0236822
:10CC80003946304604EB030900F05CF8814542D197
:10CC900021686D1A29463046FFF7A6FF01303AD0C9
:10CCA00023682B442360D8F800305A6862BBC8F868
:10CCB00000700FE02268521B20D40B2A17D961198B
:10CCC000A342256018BF5960636808BFC8F8001008
:10CCD00062514B60304600F02FF804F10B00231D29
:10CCE00020F00700C21A1CBF1B1AA350AFE76268EE
:10CCF000A3420CBFC8F800205A60EBE723466468E3
:10CD0000AEE73C467F68B6E71A465B68A342FBD1B4
:10CD100000235360DEE70C233360304600F00CF84C
:10CD200094E70560D6E700BF100500200148FFF733
:10CD300059BF00BF080500200148FFF754BF00BFDE
:10CD40000805002038B5064D0023044608462B6030
:10CD5000FDF716FF431C02D12B6803B1236038BDD9
:10CD60001405002038B50546002941D051F8043C8F
:10CD70000C1F002BB8BFE418FFF7D8FF1D4A13683B
:10CD800033B9636014602846BDE83840FFF7D4BF6C
:10CD9000A34208D9206821188B4201BF19685B683B
:10CDA00009182160EDE71A465B680BB1A342FAD976
:10CDB00011685018A0420BD12068014450188342DA
:10CDC0001160E0D118685B68536008441060DAE7CE
:10CDD00002D90C232B60D6E7206821188B4204BFB0
:10CDE00019685B68636004BF091821605460CAE772
:10CDF00038BD00BF10050020884210B501EB0204C9
:10CE000002D98442234607D8431EA14208D011F814
:10CE1000012B03F8012FF8E7024401468A4200D1B2
:10CE200010BD13F8014D02F8014DF7E70A44914295
:10CE300000F1FF3300D1704710B511F8014B03F832
:10CE4000014F9142F9D110BD024B01461868FFF71E
:10CE5000EDBE00BF28000020024B01461868FFF716
:10CE600081BF00BF28000020B1F8C8305A1C92B220
:10CE7000C82AA1F8C820C85400D0704710B50020B7
:10CE80000C46FDF747FE0023A4F8C83010BD00BFD4
:10CE900010B50446FCF740FE214602460020FDF78F
:10CEA00039FE034901220020FDF734FE002010BDA9
:10CEB000581D01080FB430B5B5B038AC0E4954F860
:10CEC000045BCA2201A8FFF7B1FF23462A460B489C
:10CED000009401A900F06AFDBDF8CC2004462AB9EF
:10CEE000204635B0BDE8304004B0704701A90020AD
:10CEF000FDF710FEF4E700BFFC1A010869CE000838
:10CF000000F044BD9A4238BF88547047704700BF54
:10CF10002DE9F04F83B00F4612990D9C9DF83850C3
:10CF2000984611F0020306469446DDE9100A009384
:10CF30002ED1BAF1000F40F0A280844228D2202CDA
:10CF400001F0010E00F088810C9B621E1A444FF024
:10CF5000300B734602E0202C00F0E7800134A04241
:10CF600002F801BFF7D89E4693B1544510D2202C49
:10CF700000F0CF810C9B621E1A444FF0300E02E08D
:10CF8000202C00F024810134544502F801EFF7D140
:10CF9000CB061FD54A0500F1A580002C40F09E80ED
:10CFA0000F9B102B00F045810F9B022B00F04E8150
:10CFB0000C9B30221A70012401F00302002D00F0B6
:10CFC000CA800C9B2D21195501340AB954450ED342
:10CFD000654626E001F00302202CEFD1002A40F044
:10CFE0008F80BAF1200F88BF202440F289806546E7
:10CFF000A4EB0C0BE1462A46434601353946202076
:10D00000B04705EB0B035345F5D30AF1FF35621C1E
:10D010002D1B924538BF002509F10102CC4615446D
:10D02000C4B10C9BCDF844A005EB040903EB090B3C
:10D030001C44CDF804C09A46ABEB040214F8010D71
:10D0400043463946B047A2454D46F5D1DDF804C008
:10D05000DDF844A0009B73B1A5EB0C09D1450AD2C1
:10D060002A4643463946202009F10109B047D145F7
:10D0700005F10105F4D3284603B0BDE8F08F11F0A7
:10D08000010E73D0002D40F08B8011F00C0F40F09A
:10D0900087808442BFF469AF202C7FF455AFBAF18A
:10D0A000200F40F23281CB0640F1BE804A0500F1EC
:10D0B0001981202816D11F200F9B102B00F0F28021
:10D0C0000F9B022B1FD0441C01F0030227E0CB066C
:10D0D0007FF57EAF4A054FF0200403D4A04262D012
:10D0E000544560D00F9B01F00302102B104673D003
:10D0F0000F9B022B0ED1202C08D100283FF471AFDA
:10D10000654620248DE7044601F003020C9B622053
:10D1100018550134202C3FF461AF204601340C9B9C
:10D120004FF0300E03F800E056E79E46002B00F06B
:10D13000CB80BAF1200FCAD9CB0675D54A0500F1CC
:10D14000D180202800F0DA80BAF1200F40F08D80E5
:10D1500054461F20B0E74B0747D50C9B2B21195590
:10D160000134002A3FF432AF65465AE78442BFF4E7
:10D170000FAF202C7FF4E8AECC067FF532AF4C0524
:10D180003FF52FAF202800F0B980BAF1200FDFD093
:10D190000F9B102B3FF425AF0F9B022B19D120E7DB
:10D1A0000AF1FF3A75E7601E86D10F9B102B6BD0FA
:10D1B0000F9B022B7FF4FCAE0C9B0F9C62221A701B
:10D1C00030225A7001F00302002DC4D0F9E6CC06DB
:10D1D00080D401F0030201E78B0611D4202C8CD0FF
:10D1E0000C9B78201855013494E70D0713D48ABBA3
:10D1F0005445FFF4FCAE002C7FF4EAAE65463AE7F6
:10D20000202C3FF47AAF0C9B18194FF0580E0134C4
:10D2100080F800E07EE70C9B202119550134002A9C
:10D220003FF4D4AE6546FCE68D073FF4E0AE6546BC
:10D23000F7E688060CD558220C9B1A7030225A70DB
:10D24000022401F00302002D85D0BAE66222F3E742
:10D250007822F1E76546E3E6BEF1000F50D0CB0639
:10D260007FF5B6AE4B057FF524AF0F9B01F00300B1
:10D27000102B02463FF441AF0F9B022B7FF4AEAE62
:10D2800000287FF43DAFACE68A0625D50C9B5822DA
:10D290001A7030225A70022401F00302002D3FF46C
:10D2A0005AAF8EE68B06A4F1020206D40C9B7820BE
:10D2B0009854013C01F003022FE70C9B582098542E
:10D2C000013C01F0030228E7CA0682D54A05CCD406
:10D2D000202813D0202403E70C9B78221A703022D8
:10D2E0005A70D8E70F9B102B01F003003FF405AFF5
:10D2F0000F9B022B3FF401AF02466FE60446DAE6CD
:10D30000CB063FF53CAF65468BE6CA06DED46546E4
:10D3100087E6CC063FF512AF5BE700BF2DE9F04F83
:10D3200093B01C9C9DF874B01E9DDDF884E02CB970
:10D330002EF010061EF4806FB64635D11EF0200F79
:10D3400014BF4FF041094FF061090AAFA9F10A0972
:10D35000B8460026099002E0202E15D05446B4FBB2
:10D36000F5FA05FB1A4C5FFA8CF0BCF1090F00F1DD
:10D37000300C8ABF48445FFA8CF0C0B2AC4208F867
:10D38000010B06F10106E7D20998209C05941F9C29
:10D39000CDF818E0CDE90354CDE9016B0097FFF714
:10D3A000B7FD13B0BDE8F08F26460AAFEDE700BF2A
:10D3B0002DE9F04F97B0DDE92478209E219C099358
:10D3C00056EA04039DF888C0DDF8A0B08E4605D16A
:10D3D0002BF010031BF4806F9B4645D11BF0200FF0
:10D3E0000EAB14BF4FF0410A4FF0610ACDF8A0B068
:10D3F000CDE90A0ECDE90C2CAAF10A0A99460025BE
:10D400009B4603E0202D17D006460C4621463A469F
:10D4100043463046FCF788FBD2B2092A02F13003BA
:10D420008ABF5244DAB2D2B2BE4274EB080409F8A1
:10D43000012B05F10105E5D2DDE90A0EDDE90C2C31
:10D440005B46DDF8A0B02799059126990093CDE9B8
:10D450000371CDE9015C099BCDF818B07146FFF767
:10D4600057FD17B0BDE8F08F00250EABEBE700BF0E
:10D4700010B1D1E900311847704700BF2DE9F04FD6
:10D480001C46B1F1000A8D4B8FB018BF8146207841
:10D49000DDF860B0904608BF9946002800F0D381BF
:10D4A000002507E02A46434651460135C847207803
:10D4B00000285ED0252804F10104F3D10023224680
:10D4C00012F8010BA0F1200110290AD8DFE801F0C1
:10D4D00034090930090909090909092C0928090928
:10D4E0002400A0F13001092951D92A2800F09480A4
:10D4F00000262E285CD00021A0F16807122F23D827
:10D50000DFE807F0A2229D22952222222222222257
:10D510001E22222222221E0043F001031446CEE7DF
:10D5200043F002031446CAE743F004031446C6E777
:10D5300043F010031446C2E743F008031446BEE765
:10D54000607843F4807301327828144609D8632840
:10D550003DD8622800F0B88163287DD0252840F0AE
:10D560003D812A4643465146C84720780135002868
:10D57000A0D12C46A84501D808F1FF3543462A46DC
:10D5800051460020C84720460FB0BDE8F08F002666
:10D5900006EB860600EB46061078A0F1300109295B
:10D5A0001446A6F1300602F10102F1D92E28A2D1CB
:10D5B0006078A0F13001092943F48063174640F2F6
:10D5C000EF802A2800F002811446013293E7A0F18F
:10D5D000640E01225FFA8EFE02FA0EFE384A1EEA3F
:10D5E000020E40F0AD80732854D07028B9D143F0BA
:10D5F000210305930823049310230391CDF804E03D
:10D6000002935BF8043B00932A4643465146484642
:10D61000FFF784FE05464AE75BF8046B6078002E4E
:10D620001446BCBF43F002037642013261E76078E2
:10D630006C2886D1A07843F44073E21C84E76078BC
:10D6400043F4007301327FE76078682800F0F680C9
:10D6500043F08003013277E70BF1040298070A9246
:10D6600005F1010740F111812A469BF8000043466D
:10D670005146C847012E88BFAD1940F249813A464C
:10D680004346013751462020C847BD42F7D1DDF857
:10D6900028B00CE75A4652F804CB0A929CF800B026
:10D6A0005846002940F08C80BBF1000F13D06FF07A
:10D6B000010E0EF1010EE644624606E00DCF0008B1
:10D6C00021081200964500F0B38012F8017F002F68
:10D6D000F8D1A2EB0C0E13F4806702D08E4528BF60
:10D6E0008E4613F002030B9300F0B080BBF1000FE5
:10D6F00017D0CDE90CE6E3462A460E46434651468E
:10D700001FB106F1FF3C3EB16646C8471BF8010F4A
:10D7100001352A460028F1D10B9BDDE90CE6002BF0
:10D72000B5D076452F46B2D93544A5EB0E053A461D
:10D730004346013751462020C847BD42F7D1A6E7EE
:10D740006F2800F0BF806DD8692823F0100240F0E8
:10D7500017815F0548BF23F01102900500F1DD80BD
:10D76000D3050BF1040700F1D580500640F1F68097
:10D770009BF900300391002B4FF00A0102914FEA10
:10D78000D371B8BF5B42CDE9046201912A46009390
:10D79000434651464846FFF7C1FDBB46054686E66F
:10D7A000002101EB810100EB4100A0F1300117F8ED
:10D7B000010FA0F13002092AF3D93C467A1C9BE6FE
:10D7C000BBF1000F87D001F1FF3E72E75BF8041B4D
:10D7D000A078023421EAE171621C8DE658287FF4BA
:10D7E000C0AE43F020031022580524D423F00C03CC
:10D7F00013F400706AD113F4807F0BF1040740F03A
:10D80000B28058067BD418064CBFBBF80000DBF88A
:10D8100000000090CDE904630023CDE902210193CB
:10D820002A46B5E7782868D023F010030A22DBE700
:10D83000AEEB0C0E4FE723F00D03D9E7A07843F0D1
:10D84000C003E21C80E60446054693E6764540F2B6
:10D85000948006EB050BCDE90C7CABEB0E0B0F4671
:10D860002A464346013551462020C8475D45F7D139
:10D87000DDF834C039469CF800B00C9F06F1010E6B
:10D88000584600287FF435AF01E7012E3AD96B1EC8
:10D890003344CDF82CB02F469B463A4643460137D9
:10D8A00051462020C847BB45F7D15B46DDF82CB078
:10D8B0001A469BF8000043465146C8473544DDF8F8
:10D8C00028B0F4E508228FE702228DE7CDE907634F
:10D8D0000BF1070B002306910492059302932BF0A2
:10D8E000070BFBE802672A46CDE90067434651462D
:10D8F0004846FFF75DFD0546D9E5102274E79BF821
:10D90000000086E79BF800002A4643465146C84778
:10D910003D46BCE6DBF800302CE70BF1070B2BF0A3
:10D92000070BDBF804305BF8080B0691D90FCDE943
:10D9300007620291024600210A20002BCDE9040172
:10D9400002DA524263EB4303CDE9002351462A46F3
:10D9500043464846FFF72CFD0546A8E51306D9D5F2
:10D96000BBF9003006E7CDE90221CDE9046301905F
:10D97000DBF8003000932A460AE70EF1010E7FE73C
:10D9800064283FF4E6AE13460A222DE700B583B0C3
:10D9900084460093044813460A466146FFF76EFD2D
:10D9A00003B05DF804FB00BF05CF000810B584B0DC
:10D9B0000446CDE90241009302A9134603484FF003
:10D9C000FF32FFF75BFD04B010BD00BF71D400084B
:10D9D000D0B5FCF751FB0C4B002206460F46FCF776
:10D9E000BBF8FCF7A1FB0446FCF724FB074B002225
:10D9F000FCF7B2F802460B4630463946FCF7DCF934
:10DA0000FCF792FB2146D0BD0000F03D0000F04144
:10DA10002DE9F047089D0E4604460F46002B4AD1DB
:10DA200094468C45B2FA82F260D942B1C2F1200329
:10DA3000974020FA03F30CFA02FC1F4394404FEA8C
:10DA40001C4E1FFA8CF6B7FBFEF1230C0EFB117770
:10DA500043EA074301FB06F098420AD91CEB030393
:10DA600001F1FF3780F01581984240F212810239AE
:10DA700063441B1AA4B2B3FBFEF00EFB103344EA5E
:10DA8000034400FB06F6A6420AD91CEB040400F18D
:10DA9000FF3380F00081A64240F2FD8064440238EA
:10DAA00040EA0140A41B00211DB1D4400023C5E978
:10DAB0000043BDE8F0878B4205D90DB1C5E90001EF
:10DAC00000210846F5E7B3FA83F1002946D1B342B5
:10DAD00002D3824200F2F580841A66EB0302012031
:10DAE0001746002DE5D0C5E90047E2E7002A40F0DF
:10DAF0009380A1EB0C034FEA1C471FFA8CFE012117
:10DB0000B3FBF7F607FB1630230C43EA00430EFB8A
:10DB100006F0984208D91CEB030306F1FF3802D245
:10DB2000984200F2D08046461B1AA4B2B3FBF7F02D
:10DB300007FB103344EA03440EFB00FEA64508D958
:10DB40001CEB040400F1FF3302D2A64500F2B680BC
:10DB50001846A4EB0E0440EA0640A5E7C1F12007F1
:10DB60008B4022FA07FC4CEA030C06FA01FE20FA6D
:10DB700007F426FA07F344EA0E0400FA01F84FEA24
:10DB80001C404FEA1449B3FBF0FE1FFA8CF600FB71
:10DB90001E3349EA03430EFB06F9994502FA01F2E6
:10DBA0000BD91CEB03030EF1FF3A80F085809945F9
:10DBB00040F28280AEF1020E6344A3EB0909A4B2E5
:10DBC000B9FBF0F300FB139944EA094403FB06F6A2
:10DBD000A64208D91CEB040403F1FF3068D2A64228
:10DBE00066D9023B644443EA0E40A41BA0FB02E654
:10DBF000B4427346B14652D34FD05DB1B8EB030285
:10DC000064EB090404FA07F722FA01F31F43CC403E
:10DC1000C5E9007400214CE7C2F1200120FA01F3AC
:10DC20000CFA02FC26FA01F1964033434FEA1C47F6
:10DC30001FFA8CFEB1FBF7F007FB1016190C41EA36
:10DC4000064100FB0EF68E4204FA02F408D91CEBE2
:10DC5000010100F1FF382DD28E422BD902386144E8
:10DC6000891B9BB2B1FBF7F607FB161143EA014390
:10DC700006FB0EF1994208D91CEB030306F1FF38AD
:10DC800014D2994212D9023E63445B1A46EA00411B
:10DC900036E73946EDE6184602E7F045ADD2BEEB71
:10DCA000020366EB0C060138B146A6E74646ECE7F0
:10DCB000034698E74046D3E7D6467EE764440238F9
:10DCC00047E708460DE7023E63442DE7F8B500BF7D
:10DCD000F8BC08BC9E467047F8B500BFF8BC08BC4D
:08DCE0009E46704700000000A1
:10DCE800A0860100400D0300801A060000350C00D4
:10DCF80040420F0080841E0000093D0000127A0097
:10DD08000024F40000366E010048E801006CDC02D3
:10DD180000000000010203040000000000000000F1
:10DD2800293C0000163B0000D7630000325F00006A
:10DD3800738800005D7D00004AAC0000A6970000D3
:10DD4800A4D000000FAF00004CF70000A3C40000EF
:10DD580070FB0000F3E80000F6D20000C0BB000032
:10DD6800DCA40000E58E0000338200007D7B7C7A15
:10DD7800E7E61BE895B9AAAB0102030405060049CA
:10DD880048303231332F4B4A9EA09F898A8B8CEDC5
:10DD9800E907ACB191C696CA9ABEC2BACED2D6E24B
:10DDA800DADE7640447F64B5600D218D3C37A66C81
:10DDB8002768582B705C144C5054EEEA08ADB292A8
:10DDC800C797CB9BBFC3BBCFD3D7E3DBDF77414537
:10DDD8008065B6610E228E3D38A76D2869592C7171
:10DDE8005D154D5155EFEB09AEB393C898CC9CC067
:10DDF800C4BCD0D4D8E4DCE07842468166B7620F70
:10DE0800238F3E39A86E296A5A2D725E164E5256D5
:10DE1800F0EC0AAFB494C999CD9DC1C5BDD1D5D98F
:10DE2800E5DDE17943478267B8631024903F3AA95A
:10DE38006F2A6B5B2E735F174F5357888586261F93
:10DE480083843BA1A213181A190C0B348711000004
:10DE580000000300D4EE000800000100D0EE000826
:10DE680003000100CCEE000801000100C8EE000824
:10DE780003000100C4EE000800000100C0EE000825
:10DE880000000100BCEE000800000100B8EE000828
:10DE980000000100B4EE000800000100B0EE000828
:10DEA80000000100ACEE0008010C0100A8EE00081B
:10DEB800FF030100A4EE0008BD000100A0EE000869
:10DEC800BD0001009CEE0008BD00010098EE0008AE
:10DED800BD00010094EE00080000010090EE00086B
:10DEE800010001008CEE0008010020000CEE000883
:10DEF8000000010008EE00080000010004EE000820
:10DF08000000010000EE000800000100FCED000820
:10DF180050000200F4ED0008C05D0100F0ED0008BB
:10DF280040010100ECED000815000100E8ED0008D3
:10DF380000000100E4ED000800000100E0ED000829
:10DF480000000100DCED000801000200D4ED00082B
:10DF580001000300C8ED00085D000100C4ED0008E1
:10DF68005D000100C0ED00085D000100BCED000887
:10DF78005D000100B8ED000801000100B4ED0008E3
:10DF880000000100B0ED000800000100ACED000841
:10DF980000000100A8ED000800000100A4ED000841
:10DFA80000000100A0ED0008000001009CED000841
:10DFB8000000010098ED00080000010094ED000841
:10DFC8000000010090ED00080000030084ED000847
:10DFD8000000040074ED00080000010070ED000866
:10DFE800000001006CED00080000030060ED00086F
:10DFF800000001005CED00080200020054ED00087A
:10E00800000002004CED00080000010048ED000887
:10E018000000010044ED00080000010040ED000888
:10E02800000001003CED00080000050028ED000894
:10E038000000010024ED00080000010020ED0008A8
:10E04800000001001CED00080000010018ED0008A8
:10E058000100050004ED000801000500F0EC0008CF
:10E0680001000500DCEC000801000500C8EC000810
:10E0780000000100C4EC000800000100C0EC00082A
:10E0880000000100BCEC000800000100B8EC00082A
:10E098000000090094EC000800000A006CEC00087D
:10E0A8000000050058EC00080000050044EC0008DA
:10E0B8000000010040EC0008000001003CEC0008F2
:10E0C8000000010038EC00080000010034EC0008F2
:10E0D8000000010030EC0008000001002CEC0008F2
:10E0E8000000010028EC00080000010024EC0008F2
:10E0F8000000010020EC0008000001001CEC0008F2
:10E108000000010018EC00080000010014EC0008F1
:10E118000000010010EC0008000001000CEC0008F1
:10E128000000010008EC00080000010004EC0008F1
:10E138000000010000EC000800000100FCEB0008F2
:10E1480000000100F8EB000800000100F4EB0008F3
:10E1580001000500E0EB000801000500CCEB000819
:10E1680001000500B8EB000801000500A4EB000859
:10E1780001000100A0EB0008010001009CEB000871
:10E188000100010098EB00080100010094EB000871
:10E198001700010090EB0008170001008CEB000845
:10E1A8001700010088EB00081700010084EB000845
:10E1B8000700010080EB0008070001007CEB000865
:10E1C8000700010078EB00080700010074EB000865
:10E1D8000100010070EB0008010001006CEB000871
:10E1E8000100010068EB00080100010064EB000871
:10E1F8000000010060EB0008010001005CEB000872
:10E208000000010058EB00080000010054EB000872
:10E218000000010050EB0008000001004CEB000872
:10E228003F00010048EB00080400010044EB00082F
:10E238000000010040EB0008010001003CEB000871
:10E248000000010038EB00080300010034EB00086F
:10E258000300010030EB0008030001002CEB00086C
:10E268000300010028EB00089D00010024EB0008D2
:10E278004D00010020EB0008010005000CEB000830
:10E288001F00010008EB00080000010004EB000873
:10E2980001000200FCEA000800000500E8EA0008A6
:10E2A80000000300DCEA000800000300D0EA0008D0
:10E2B80000000300C4EA000800000100C0EA0008EA
:10E2C80000000100BCEA000800000100B8EA0008EC
:10E2D80000000100B4EA000800000100B0EA0008EC
:10E2E80000000100ACEA000800000100A8EA0008EC
:10E2F80000000100A4EA0008000002009CEA0008EF
:10E308000000010098EA00080000010094EA0008F3
:10E318000000010090EA0008000001008CEA0008F3
:10E328000000010088EA00080000010084EA0008F3
:10E338000000010080EA0008000001007CEA0008F3
:10E348000000050068EA00080000010064EA00080F
:10E358000000010060EA0008000001005CEA000813
:10E368000000010058EA00080000010054EA000813
:10E378000000010050EA0008000001004CEA000813
:10E388000000010048EA00080000010044EA000813
:10E398000000010040EA0008000001003CEA000813
:10E3A8000500010038EA00084500010034EA0008C9
:10E3B800000002002CEA00080000020024EA00081D
:10E3C800000002001CEA00080000020014EA00082D
:10E3D8000A00010010EA0008000001000CEA000829
:10E3E8000000010008EA00080000010004EA000833
:10E3F8000000010000EA000801000500ECE900083F
:10E4080001000500D8E9000801000500C4E900087A
:10E4180001000500B0E9000800000200A8E90008B2
:10E4280000000100A4E9000800000100A0E90008BC
:10E43800000001009CE900080000010098E90008BC
:10E448000000010094E900080000010090E90008BC
:10E45800000001008CE900080000010088E90008BC
:10E468000000010084E900080000010080E90008BC
:10E47800000001007CE900080000010078E90008BC
:10E488000000010074E900080000010070E90008BC
:10E49800000001006CE900080000010068E90008BC
:10E4A8000000010064E900080000010060E90008BC
:10E4B800000001005CE900080000010058E90008BC
:10E4C8000000010054E900080000010050E90008BC
:10E4D800000001004CE900080000010048E90008BC
:10E4E8000000010044E900080000010040E90008BC
:10E4F800000001003CE900080000010038E90008BC
:10E508000000010034E900080000010030E90008BB
:10E51800000001002CE900080000010028E90008BB
:10E528000000010024E900080000010020E90008BB
:10E53800000001001CE900080000010018E90008BB
:10E548000000010014E900080000010010E90008BB
:10E55800000001000CE900080000010008E90008BB
:10E568000000010004E900080000010000E90008BB
:10E5780000000100FCE8000800000100F8E80008BD
:10E5880000000100F4E8000808000100F0E80008B5
:10E5980020000100ECE8000800000100E8E800089D
:10E5A80000000100E4E8000800000100E0E80008BD
:10E5B80000000100DCE8000800000100D8E80008BD
:10E5C80000000100D4E8000800000100D0E80008BD
:10E5D80000000100CCE8000800000100C8E80008BD
:10E5E8000AD7233D295C8F3D295C0F3E5C8F423E54
:10E5F8000AD7A33E060401001F1915120F0D0C0BB4
:10E60800004026449A9947420000000000008040DC
:10E6180085EB514000000000CDCC344133335B41E1
:10E62800000098410000A441CDCCAC41000000009E
:10E63800000000000102030406070809B4270108C6
:10E64800C0270108C8270108D0270108DC270108CE
:10E65800E8270108F4270108002801080C28010808
:10E66800142801081C280108242801082C2801085E
:10E678003428010800BE87BD8EBD14BD19BDA0BCDD
:10E6880027BCAEBBADAD33ACB8AABEA8CBADD2AB40
:10E6980058A95FA7DC9FE19B67986C947390F58AF3
:10E6A800F8857A80F9C379C779CBF8CE75D1F4D4D7
:10E6B80072D871DBF8E0F7E4F5E8F2EC56E952ECD1
:10E6C8004EEFC9F139F0B3F22DF527F71DF515F620
:10E6D8008CF784F8837A897A0F7A147A9A77207774
:10E6E8002776AD752E6EB46CB96B3F6A4F71D56ED7
:10E6F8005C6CE269DC5F615CE558EA54DE4DDF4939
:10E7080061466242F7017705F608F60BF50E7412BA
:10E71800F215711951164F19CC1BCA1E5C28D72B3C
:10E72800532F4E32392C342F2E32A93423399A3AAA
:10E73800923B093D093D093D093D093D093D093D1A
:10E74800093D093D093D093D093D093D093D093D91
:10E75800093D093D093D093D093D093D093D093D81
:10E76800093D093D093D093D093D093D093D093D71
:10E77800093D093D0C0018003000480078000000F1
:10E7880000000200BCEF000800000100B8EF00081C
:10E7980003000100B4EF000801000100B0EF000819
:10E7A80003000100ACEF000800000100A8EF00081A
:10E7B80000000100A4EF000800000100A0EF00081D
:10E7C800000001009CEF0008000004008CEF000826
:10E7D8000000010088EF00080400010084EF000831
:10E7E8000400010080EF00080C03020078EF000825
:10E7F800C05D010074EF00084001080054EF0008F4
:10E808001500010050EF0008000001004CEF00085F
:10E818000000010048EF00080000010044EF000874
:10E828000100030038EF00080200020030EF000882
:10E838000000020028EF00080000010024EF000893
:10E848000100010020EF00083F0001001CEF000854
:10E858000400010018EF00080000010014EF000890
:10E868000100010010EF0008000001000CEF000893
:10E878000000010008EF00080000010004EF000894
:10E888000000010000EF000805000100FCEE000890
:10E8980045000100F8EE00080A000100F4EE000847
:10E8A80000000100F0EE000808000100ECEE00088E
:10E8B80020000200E4EE000800000100E0EE00087D
:10E8C80032033000F702B000C202B0008D02B0007F
:10E8D8005802B000F8029000C30290008E02900027
:10E8E80059029000E400D000F4009000F700D10035
:10E8F8000703B000D202B0009D02B0006802B00069
:10E9080005033100D00231009B023100660231005C
:10E9180005033000D00230009B0230006602300050
:10E928000603B000D102B0009C02B0006702B0003C
:10E9380001033100CC02310097023100620231003C
:10E948000403B200CF02B2009A02B2006502B2001C
:10E9580013031002DE021002A90210027402100250
:10E968000B031002D6021002A10210026C02100260
:10E978000303B000CE02B0009902B0006402B000F8
:10E988000203B000CD02B0009802B0006302B000EC
:10E9980002033500CD0235009802350063023500C8
:10E9A8003A01B0004601B0001902250038022500DE
:10E9B8003C0225004302250047022500D701250017
:10E9C800F6012500FA0125000102250005022500AF
:10E9D80095012500B4012500B8012500BF012500D7
:10E9E800C301250053012500720125007601250089
:10E9F8007D01250081012500FB029000C6029000E0
:10EA0800910290005C02900047030402FE02081085
:10EA180028030810C9020810F3020810940208100D
:10EA2800BE0208105F02081089020810DE00F70015
:10EA3800DE00F0002402F000E201F000A001F00086
:10EA48005E01F000F3003000F3007700F300D1001E
:10EA58007100072072000402A1001002A200100237
:10EA68002000081027000810310008106F00081057
:10EA7800750007201B031002E6021002B102100203
:10EA88007C02100217031002E2021002AD0210020B
:10EA980078021002C100B0003901B000FA029000FB
:10EAA800C5029000900290005B029000FC02B00149
:10EAB800C702B0019202B0015D02B00191000810D6
:10EAC80092000810930008108E0008108F0008109C
:10EAD800900008108B0008108C0008108D0008109A
:10EAE8003500081088000810890008108A000810EE
:10EAF80096000810840008109400081038000810C8
:10EB08004001B000490125004901260049012700BC
:10EB18004901280049012900B803B001B903B0012F
:10EB28004202040200020402BE0104027C01040243
:10EB380036015100F2003000F2007700F200D100F7
:10EB4800F500D0000F031002DA021002A50210022D
:10EB5800700210023203310032033200250207200E
:10EB6800E3010720A10107205F0107202602040214
:10EB7800E4010402A2010402600104022802040262
:10EB8800E6010402A4010402620104024102072012
:10EB9800FF010720BD0107207B01072019022B0078
:10EBA80038022B003C022B0043022B0047022B00AB
:10EBB800D7012B00F6012B00FA012B0001022B00D4
:10EBC80005022B0095012B00B4012B00B8012B0086
:10EBD800BF012B00C3012B0053012B0072012B0036
:10EBE80076012B007D012B0081012B002F020720CD
:10EBF800ED010720AB01072069010720310204025B
:10EC0800EF010402AD0104026B0104025302A400E7
:10EC18001102A400CF01A4008D01A4005202A40097
:10EC28001002A400CE01A4008C01A4005102A4008B
:10EC38000F02A400CD01A4008B01A4002500072029
:10EC48002F000710730008107C0008107E000810C1
:10EC58001F00072026000710300007107400081056
:10EC68007B00081028000720320007103900081020
:10EC780041000710460005104B0008204C000820F2
:10EC88004F000810540008205500082021000720D4
:10EC980029000710330007103A0008104000071039
:10ECA800470005104A0008205000081053000810BB
:10ECB800F6029000C10290008C029000570290006A
:10ECC80019023701380237013C0237014302370184
:10ECD80047023701D7013701F6013701FA01370139
:10ECE800010237010502370195013701B4013701E7
:10ECF800B8013701BF013701C3013701530137019B
:10ED080072013701760137017D0137018101370131
:10ED18001502B001D301B0019101B0014F01B0015A
:10ED28002E0007106B0007107F00082080000810D5
:10ED3800820007201402F000D201F0009001F000D8
:10ED48004E01F0002B0330002F0330002B0354003A
:10ED58002F035400360007103F00081086000820D3
:10ED6800AF000810590010025A00100222000810C3
:10ED78002A000810340008103E0008101B00051077
:10ED880067000810680008201F020720DD0107201F
:10ED98009B0107205901072020020402DE0104021A
:10EDA8009C0104025A0104024801040211010720CF
:10EDB8002003B001EB02B001B602B0018102B0013C
:10EDC800060024000D002400140024006A00082016
:10EDD8004A0126003301570033015500330153001F
:10EDE8003501B00016010402FB0004020001040210
:10EDF8000B0104022B020402E9010402A701040228
:10EE0800650104027501062078013100780132009D
:10EE18007901062080010620830132008401062042
:10EE28008A010620B7010620BA013100BA01320072
:10EE3800BB010620C2010620C5013200C60106201A
:10EE4800CC010620F9010620FC013100FC0132004A
:10EE5800FD010620040206200702320008020620EF
:10EE68000E0206203B0206203E0231003E0232001E
:10EE78003F02062046020620490232004A020620C6
:10EE88005002062028010810C500D0002103B00157
:10EE9800EC02B001B702B0018202B0019C009001FF
:10EEA8009D009001F902D000C402D0008F02D0006A
:10EEB8005A02D000DF005A00DF003900DF00560098
:10EEC800DF003500DF005200DF003100B6003200FD
:10EED800BD003200BF0032005C0130003700D000B6
:10EEE800C802D000B4009000B700D100FA000402B4
:10EEF800E200F700E200F000B3003000B300770052
:10EF0800B300D100D6005100B2003000B200770043
:10EF1800B200D100B500D0005C0131005C013200C4
:10EF2800290030002D003000290054002D00540025
:10EF3800060024000D00240014002400D30057000C
:10EF4800D3005500D3005300D500B000AC00040234
:10EF58001B030402F5040402FA0404020105040276
:10EF680006050402210504025805040218050402D6
:10EF78006C010402220304023204B0007204B000DF
:10EF8800CF040402C9043701CC043701D004370187
:10EF9800D30437016105B0006305D000E3005A00CF
:10EFA800E3003900E3005600E3003500E3005200B7
:10EFB800E3003100590032006000320030BFC36303
:10EFC80035030100E5010800350308008503010049
:10EFD8008503000014000000A84700003503010065
:10EFE800E5011000350310008503010085030000CA
:10EFF80014000000A847000035030100E5012000C7
:10F00800350320008503010085030000140000007B
:10F01800D832000000000000B84B000025080000AE
:10F028003508010045080100400800008809000073
:10F03800A506A00B0000000017020000F009000060
:10F048003702000070050000A80F00000000000053
:10F058008702000080020000F0090000B7020000EB
:10F06800B00200007005000098100000084600007B
:10F07800000000002003000020030000200300001F
:10F08800F009000050030000500300007005000064
:10F09800A0060000E0030000C84C0000100C0000AF
:10F0A800404A0000204C0000480400005835000089
:10F0B80078360000500A0000500A0000E001000005
:10F0C80040020000D70200001400000005080000FC
:10F0D8008506C0098006400A80062009090000004C
:10F0E80018370000A80F000098100000084600001C
:10F0F8000900000018370000404A0000204C0000BA
:10F108000900000018370000204C0000981000008B
:10F118000846000009000000F8490000884800007F
:10F1280055050000650500004505010009000000BF
:10F13800E5010800A5060000851504003503030055
:10F14800E501080035030800C506A46EB8370000BD
:10F158008503010085030000A0380000283800005E
:10F1680009000000D0130000E00600008808000035
:10F178001707000068250000F00900006809000072
:10F188002708000002000000404A0000204C000050
:10F19800B707000035070300D84E00000A0000003A
:10F1A80035070200F8090000A00F000090100000C9
:10F1B8000000000000460000880800006009000008
:10F1C800430000005708000078280000D81300000A
:10F1D8000000000018480000090000006025000039
:10F1E800E014000070280000B0280000001900009A
:10F1F800C02B0000002C0000201D0000102F000074
:10F20800502F00004021000060320000D813000099
:10F2180009000000E014000009000000F5010100E9
:10F228000600000885150200851501009515FF03E5
:10F23800A515010C09000000A849000018480000A5
:10F24800250500003505000015050100090000002E
:10F25800D50701002506646B3507890D4507890D1B
:10F2680085061400D84E00002A000000250600007C
:10F27800850600004507000010480000090000004E
:10F2880045000000E50186003500840042010000C9
:10F2980043000000B50C0B0082CE010043000000C3
:10F2A800683300002839000045000100090000000B
:10F2B800B50C000009000000B50C000009000000B2
:10F2C800A50B0000F50B0000050C1200150C000042
:10F2D800E50B0000950B0500483B000006202200C6
:10F2E80038420000B50204007502000065024000C3
:10F2F800E5010101B5020101A84100006502000015
:10F30800783F0000A8420000D83B0000017C0007BD
:10F31800F2030000017C01000600400043000000E9
:10F3280001000005283C000009000000D5080A007B
:10F33800E5081A00450285225502FD010900000072
:10F34800A5010000D5000000E5000000F500200040
:10F35800050100001501000025010000350100002D
:10F36800850100004501000055010000650100000D
:10F378007501000095010000950001007500FF3738
:10F3880009000000350A0900550A0000C50A0800EE
:10F39800650A3F08250A6000950A0100250A7F00D2
:10F3A80009000000D83C000002DC05004300000012
:10F3B800D5000000E500000075000300020500000C
:10F3C800430000008500030025000000180B000022
:10F3D80025000100E5010200750000000900000099
:10F3E800583A0000180E0000020500004300000013
:10F3F8008500FF37D50A4F007500FF3F8500FF3FA6
:10F4080050110000050A6B01050A0801050AB5023A
:10F41800E50C01000214000043000000280F000062
:10F42800450301004503020038130000483B000073
:10F43800184500005845000078440000A845000021
:10F4480025000000E501000535000005E501020082
:10F4580015000000020F00004300000018430000E0
:10F46800883A0000E5010100350001006201000052
:10F4780043000000C80D0000784E00002509010077
:10F488009500FF4009000000050D0100250D010051
:10F49800150D1500A50A0100450D8700090000009B
:10F4A800A50B0000F50A000025022E000900000047
:10F4B800083B000078440000E5011F00150B1F0001
:10F4C80038420000C8400000A84200000620220080
:10F4D800E50A0800F50A0000883B00000200000069
:10F4E800E10300034300000001008002283C000003
:10F4F8000900000035020000150200000602200085
:10F508002200000032000000E17F800001F40000CA
:10F518001600000043000000C60100004300000080
:10F52800E715000002000000F81600004300000084
:10F5380006001C0035020000901600007200000052
:10F548000602000072010000F816000043000000E7
:10F558000200000006001C004300000043000000F9
:10F56800E71600000602000002000000F81600007E
:10F5780043000000090000001200000001F4000030
:10F5880012000000E17F80002600000001F4010065
:10F5980000008000E17F8000E601000001F4070020
:10F5A80000008007430000006018000032000000DF
:10F5B800E17F80002600000001F4030000008000C5
:10F5C800E17F8000E601000001F4070000008007E9
:10F5D8004300000006004000160000004300000041
:10F5E8002600000000008000060000000600000061
:10F5F80006000000017480000900000035020000C8
:10F60800150200000602200022000000320000005F
:10F61800E17F800001F400001600000043000000B4
:10F62800C601000043000000071A000002000000A5
:10F63800181B00004300000006001C0035020000F3
:10F64800B01A0000720000000602000072010000FB
:10F65800181B0000430000000200000006001C0008
:10F668004300000043000000071B000006020000E2
:10F6780002000000181B0000430000000900000001
:10F688001200000001F4000012000000E17F800079
:10F698002600000001F4010000008000E17F8000E6
:10F6A800E601000001F407000000800743000000A5
:10F6B800801C000032000000E17F8000260000006E
:10F6C80001F4030000008000E17F8000E6010000F3
:10F6D80001F4070000008007430000000600400016
:10F6E8001600000043000000260000000000800013
:10F6F80006000000060000000600000001748000FB
:10F708000900000035020000150200000602200072
:10F718002200000032000000E17F800001F40000B8
:10F728001600000043000000C6010000430000006E
:10F73800271E000002000000381F000043000000E0
:10F7480006001C0035020000D01E000072000000F8
:10F758000602000072010000381F0000430000008C
:10F768000200000006001C004300000043000000E7
:10F77800271F00000602000002000000381F0000DA
:10F7880043000000090000001200000001F400001E
:10F7980012000000E17F80002600000001F4010053
:10F7A80000008000E17F8000E601000001F407000E
:10F7B8000000800743000000A02000003200000085
:10F7C800E17F80002600000001F4030000008000B3
:10F7D800E17F8000E601000001F4070000008007D7
:10F7E800430000000600400016000000430000002F
:10F7F800260000000000800006000000060000004F
:10F8080006000000017480000900000035020000B5
:10F81800150200000602200022000000320000004D
:10F82800E17F800001F400001600000043000000A2
:10F83800C60100004300000047220000020000004B
:10F84800582300004300000006001C003502000099
:10F85800F0220000720000000602000072010000A1
:10F8680058230000430000000200000006001C00AE
:10F878004300000043000000472300000602000088
:10F8880002000000582300004300000009000000A7
:10F898001200000001F4000012000000E17F800067
:10F8A8002600000001F4010000008000E17F8000D4
:10F8B800E601000001F40700000080074300000093
:10F8C800C024000032000000E17F80002600000014
:10F8D80001F4030000008000E17F8000E6010000E1
:10F8E80001F4070000008007430000000600400004
:10F8F8001600000043000000260000000000800001
:10F9080006000000060000000600000001748000E8
:10F918000900000098130000F50B0000050C00001A
:10F92800150C0000E50B0000950B0000E50A00002F
:10F93800050200000620020010340000050B00003C
:10F94800050B0C00050B0000150B0000250B000033
:10F95800350B0100450B0000550B0000650B00003E
:10F9680038420000B502040075020000650200007C
:10F97800E5010900B5020900A84100006502000080
:10F98800E5014100B5024100A84100006502000000
:10F99800783E0000B5020400750200006502000010
:10F9A800E5010101B5020101A8410000650200005E
:10F9B800783F0000A8420000182800000900000055
:10F9C80015095D00F508BD00E5010020F5080020D7
:10F9D800010000000900000001000005283C0000AB
:10F9E800004E00000900000098130000F50B00000D
:10F9F800050C0000150C0000E50B0000950B00003D
:10FA0800E50A00000502000006200200103400008C
:10FA1800050B0000050B0C00050B0000150B000082
:10FA2800250B0000350B0100450B0000550B0000AD
:10FA3800650B000038420000B502040075020000A2
:10FA480065020000E5010900B5020900A8410000AF
:10FA580065020000E5014100B5024100A84100002F
:10FA680065020000783E0000B5020400750200003F
:10FA780065020000E5010101B5020101A84100008D
:10FA880065020000783F0000A8420000682B0000D3
:10FA98000900000015095D00F508BD00E50100201A
:10FAA800F508002001000000090000000100000521
:10FAB800283C0000004E00000900000098130000D8
:10FAC800F50B0000050C0000150C0000E50B00000C
:10FAD800950B0000E50A0000050200000620020060
:10FAE80010340000050B0000050B0C00050B00008E
:10FAF800150B0000250B0000350B0100450B00001D
:10FB0800550B0000650B000038420000B5020400E8
:10FB18007502000065020000E5010900B502090050
:10FB2800A841000065020000E5014100B50241005E
:10FB3800A841000065020000783E0000B5020400FC
:10FB48007502000065020000E5010101B50201012E
:10FB5800A841000065020000783F0000A8420000AC
:10FB6800B82E00000900000015095D00F508BD0069
:10FB7800E5010020F5080020010000000900000050
:10FB880001000005283C0000004E000009000000AC
:10FB980098130000F50B0000050C0000150C000080
:10FBA800E50B0000950B0000E50A000005020000C7
:10FBB8000620020010340000050B0000050B0C00A5
:10FBC800050B0000150B0000250B0000350B01008C
:10FBD800450B0000550B0000650B00003842000083
:10FBE800B50204007502000065020000E501090085
:10FBF800B5020900A841000065020000E5014100C6
:10FC0800B5024100A841000065020000783E0000EE
:10FC1800B50204007502000065020000E50101015B
:10FC2800B5020101A841000065020000783F00000C
:10FC3800A8420000083200000900000015095D0014
:10FC4800F508BD00E5010020F508002001000000CE
:10FC58000900000001000005283C0000004E0000DB
:10FC680009000000E5013100C50820000900000076
:10FC78006503C000B5070200B5082A00A8320000D5
:10FC88000900000055080200F5050100350C0400C4
:10FC980009000000D50701002506E40065070600F5
:10FCA800E507080045061400D84E00000A000000C9
:10FCB800F8480000284900006507270009000000EF
:10FCC800350C0200350C0300E5010100050B0100AD
:10FCD800E5010200D50A0000A20000004300000070
:10FCE80009000000E5010800A5060000250303003F
:10FCF800E501080025030800C506046FB8370000B1
:10FD08009503010095030000283800000900000051
:10FD180015080000E5010800A5060800D84E0000F7
:10FD28002A00000009000000250800002506000040
:10FD38003507030045070300D84E00000A000000FD
:10FD4800090000002508010009000000F501011064
:10FD58000600000809000000E5010400850604000B
:10FD6800D50701002506C46DD84E00002A00000002
:10FD780009000000250600008506000009000000B3
:10FD8800E836000018480000884800000900000014
:10FD9800E50110003503100009000000E50110001E
:10FDA8002503100009000000D507010025061400EE
:10FDB800D84E00002A00000025060000C5060000F5
:10FDC80009000000E5061800D84E00000A000000EF
:10FDD800E50600003508010088090000A506A00B0B
:10FDE8000900000005071800D84E00000A000000AE
:10FDF800050700004508010048360000A5064069CF
:10FE080009000000E5018600350084004201000079
:10FE180043000000E5010300B50C0100620000008A
:10FE280043000000D50701002506E4006507060029
:10FE3800E507080045061800D84E00000A00000033
:10FE4800F84800002849000065072700090000005D
:10FE5800E5010300B50C0300090000006833000049
:10FE6800E5010200350002006201000043000000C5
:10FE7800E501840035000000090000001502360085
:10FE880005020E0025022E000900000015023600AA
:10FE980005020E00250293000900000015094D0017
:10FEA800F5089D00E5010020F50800200900000084
:10FEB80015095D00F508BD00E5010020F5080020E2
:10FEC80009000000E5010020F5080000000000001E
:10FED8000000000025000100E501020015000200F5
:10FEE80025000000E50102001500000009000000DF
:10FEF80065007F000900000065000000090000009F
:10FF08007500010009000000D5000000E5010200AD
:10FF18009500020009000000A5010000E5000000AE
:10FF2800F500200005010000150100002501000072
:10FF38003501000045010300550103008501030058
:10FF4800650103007501030095010300E501F77FD2
:10FF58009500F57F09000000E501FF016502E00159
:10FF6800E5011100B5021100A8410000E501FF01FB
:10FF78006502FF01E5012100B5022100A84100004A
:10FF8800E501FF016502F801E5018100B502810084
:10FF9800A841000009000000E501FF016502C00159
:10FFA800E5010102B5020102A8410000E501FF01D7
:10FFB8006502FF01E5010104B5020104A841000042
:10FFC800E501FF016502F801E5010108B502010834
:10FFD800A8410000E501FF016502FF01E5010110EC
:10FFE800B5020110A841000009000000B502040094
:08FFF8006502003FB5020D0097
:020000040801F1
:10000000F84100006502C0FFB5021500F84100008C
:100010006502F0FFB5028500F84100006502FFFFB0
:10002000B5022500F841000009000000B2080000F8
:1000300043000000E501F91FB502000009000000BF
:10004000B208000043000000B502040009000000EF
:10005000E501000535000000E50100183500001835
:10006000E50100053500000509000000E501000577
:1000700035000000E501001835000000E50100052D
:100080003500000509000000450A0100450A00008E
:1000900065070300D507080025061400584900002D
:1000A000A847000025073900F50400000505803E3B
:1000B000E5040100D84E00000A000000A847000037
:1000C000F84800006507000009000000250A00004C
:1000D000950A0000250A0000650A000009000000DA
:1000E000050B0000050B0C00050B0000150B1F0095
:1000F000250B0000350B0100450B0000550B0000DF
:10010000650B000009000000F50B0000050C0E0057
:10011000150C000009000000950B0700A50B04005A
:10012000E50A0700F50A040009000000D50B0500E8
:10013000B50B030009000000D50B0500B50B00004E
:100140000900000038420000B502040075020000FA
:100150006502C03FE5010101B5020101A8410000AF
:10016000650200FE783F0000A8420000483B000006
:1001700006202200D83B0000F5090100E50100033C
:100180009509000101F40000D50B0500024B0000A9
:1001900043000000D50B0900F5090000E50100034C
:1001A00095090000283C0000090000002507000018
:1001B000B50501006200000043000000B505000025
:1001C000E50400000900000035070000C505010036
:1001D0006200000043000000C50500001505000096
:1001E0000900000045070000D5050100620000007D
:1001F00043000000D505000045050000090000008F
:1002000025060000D5070000090000004506000093
:10021000E50700000900000015000400E5010800E2
:10022000350000001500000009000000150008005E
:10023000E501100035000000150000000900000075
:1002400015001000E5012000350000001500000039
:100250000900000095000100E50C000025090000E0
:100260002839000025000100E50102001500020008
:10027000E501060085000000E501060075000000AC
:10028000D8450000984E0000E5010100350000004F
:10029000620100004300000028440000D50A00006D
:1002A00085000100183D0000783D000009000000B5
:1002B00028330000C500000095140000783D0000C0
:1002C000383D0000F80B000009000000D80B0000CA
:1002D000E501010085000000E50101007500000056
:1002E000383D0000E501020015000000F83C000068
:1002F00009000000950C1300750C3800850C0200F5
:100300001502360005020E0025022E0006202200EE
:100310001509ED00F508DD01E5010020F5080020D4
:100320000100000501000105010000050600400074
:10033000283C0000750C0000850C0000950C0000A6
:1003400009000000350C0000350C0400E501010037
:10035000050B0000E5010200D50A020009000000BB
:10036000450DFF0009000000450D0000A50A000032
:10037000050D0000090000005200000043000000CD
:100380000900000000000000300EB36335030100D7
:10039000E50108003503080085030100850300001E
:1003A00014000000A801000035030100E501100061
:1003B00035031000850301008503000014000000D0
:1003C000A801000035030100E501200035032000ED
:1003D00085030100850300001400000015000400DF
:1003E000E5010800350000001500000009000000CC
:1003F00025070000B5050100620000004300000071
:10040000B5050000E5040000090000002506000015
:10041000D50700000900000045060000E5070000C0
:10042000090000006503C000B5070200B5082A00F6
:10043000C802000009000000E5013100C5082000E5
:100440000900000052000000430000000900000005
:1004500065007F0009000000A5010000D500000034
:10046000E5000000F5002000050100001501000076
:100470002501000035010000850100004501000054
:1004800055010000650100007501000095010000A4
:10049000950001007500FF3709000000D50000003D
:1004A000E50102009500020009000000A50100001E
:1004B000E5000000F5002000050100001501000026
:1004C000250100003501000045010300550103002E
:1004D0008501030065010300750103009501030018
:1004E000E501F77F9500F57F09000000B50C0000DD
:1004F0000900000045000000E50186003500840089
:100500004201000043000000B50C0B0082CE010048
:100510004300000088080000580700004500010063
:1005200009000000E5010300B50C0300090000000C
:10053000020F0000430000000900000088080000CE
:10054000E5010200350002006201000043000000E6
:10055000E50184003500000009000000E501860087
:10056000350084004201000043000000E501030063
:10057000B50C01006200000043000000D507010037
:100580002506E40065070600E50708004506180093
:10059000F80200000A0000001802000048020000F3
:1005A0006507270009000000D50701002506E400C3
:1005B00065070600E507080045061400F80200007C
:1005C0000A0000001802000048020000650727002A
:1005D00009000000550D0100000000007507000033
:1005E000C50D90097507270085130100151401003A
:1005F000E501040085130400E5010400151404005E
:10060000E501080085130800E501F8011514F8015B
:10061000090000001502000005020000250201008B
:100620000620220015090200F5080400E50100205B
:10063000F50800200900000002140000430000003B
:1006400001000100010080020600400009000000D6
:10065000350A0900550A0000C50A0800650A3F0866
:10066000250A6000950A0100250A7F0009000000A4
:10067000250A0000950A0000250A0000650A00000E
:1006800009000000450A0100450A00006507030053
:10069000D50708002506140058010000A801000035
:1006A00025073900F50400000505803EE50401003A
:1006B000F80200000A000000A80100001802000073
:1006C0006507000009000000450A0100450A000016
:1006D00009000000050D0100250D0100150D150094
:1006E000A50A0100450D870009000000450DFF0027
:1006F0000900000015095D00F508BD00E5010020B6
:10070000F508002009000000D5080A00E5081A00D5
:10071000450285225502FD01090000001502360040
:1007200005020E002502930009000000E5010020EB
:10073000F508000000000000000000002500010096
:10074000E50102001500020025000000E50102009D
:100750001500000009000000350C0200350C0300F4
:10076000E5010100050B0100E5010200D50A0000CA
:10077000A20000004300000009000000E5010005A0
:1007800035000000E501001835000018E5010005FE
:100790003500000509000000E501000535000000F6
:1007A000E501001835000000E501000535000005F1
:1007B00009000000B208000043000000E501F91F35
:1007C000B502000009000000E501FF016502E0013B
:1007D000E5011100B5021100B8100000E501FF01AC
:1007E0006502FF01E5012100B5022100B8100000FB
:1007F000E501FF016502F801E5018100B502810014
:10080000B810000009000000E501FF016502C00109
:10081000E5010102B5020102B8100000E501FF0187
:100820006502FF01E5010104B5020104B8100000F2
:10083000E501FF016502F801E5010108B5020108C3
:10084000B8100000E501FF016502FF01E50101109C
:10085000B5020110B810000009000000D50B05001A
:10086000B50B030009000000D80F0000B50204001A
:10087000750200006502C03FE5010101B5020101FA
:10088000B8100000650200FE0812000048100000C9
:10089000580E000006202200B80D0000F5090100E6
:1008A000E50100039509000101F40000D50B0500E6
:1008B000024B000043000000D50B0900F5090000C1
:1008C000E501000395090000980E000009000000F2
:1008D000050B0000050B0C00050B0000150B1F009D
:1008E000250B0000350B0100450B0000550B0000E7
:1008F000650B0000090000005508020058010000C7
:10090000A80100001802000048020000F5050100DF
:10091000350C04007802000028510000380900005E
:10092000380A000001000000950C1300750C380017
:10093000850C0200A2000000C2300000430000004D
:100940004300000001000105060040000100800294
:10095000750C0001850C1800C80A0000850C3800D1
:100960002503000065070300D507080025061400CD
:1009700058010000F50400000505800285142200DE
:10098000C50A0000080D0000A80100002507210687
:10099000E5040100F80200000A000000A8010000C0
:1009A000E501010025030100C80A0000C50A010095
:1009B000080D0000A801000025074D06E504010010
:1009C000F80200000A000000A8010000E501020092
:1009D00025030200C80A0000C50A0200080D000035
:1009E000A801000025077906E5040100F8020000CF
:1009F0000A000000A8010000E5010400250304002E
:100A0000C80A0000C50A0300080D0000A801000084
:100A10002507A506E5040100F80200000A00000011
:100A2000A8010000E501080025030800C80A00002D
:100A3000C50A0400080D0000A80100002507D10622
:100A4000E5040100F80200000A000000A80100000F
:100A5000E501100025031000C80A0000C50A0500C2
:100A6000080D0000A80100002507FD06E5040100AF
:100A7000F80200000A000000A8010000E5012000C3
:100A800025032000C80A0000C50A0600080D000062
:100A9000A801000025072907E5040100F80200006D
:100AA0000A000000A8010000E50140002503400005
:100AB000C80A0000C50A0700080D0000A8010000D0
:100AC00025075507E5040100F80200000A000000B0
:100AD000A8010000E501800025038000C80A00008D
:100AE000C50A0800080D0000A801000025078107BD
:100AF000E5040100F80200000A000000A80100005F
:100B0000E501000125030001C80A0000C50A09002B
:100B1000080D0000A80100002507AD07E50401004D
:100B2000F80200000A000000A8010000E501000230
:100B300025030002C80A0000C50A0A00080D0000CB
:100B4000A80100002507D907E5040100F80200000C
:100B50000A000000A8010000E501000425030004CC
:100B6000C80A0000C50A0B00080D0000A80100001B
:100B700025070508E5040100F80200000A0000004E
:100B8000A8010000E501000825030008C80A0000CC
:100B9000C50A0C00080D0000A80100002507310857
:100BA000E5040100F80200000A000000A8010000AE
:100BB000E501001025030010C80A0000C50A0D0059
:100BC000080D0000A801000025075D08E5040100EC
:100BD000F80200000A000000A8010000E501002062
:100BE00025030020C80A0000C50A0E00080D0000F9
:100BF000A801000025078908E5040100F8020000AB
:100C00000A000000A8010000E501004025030040A3
:100C1000C80A0000C50A0F00080D0000A801000066
:100C20002507B508E5040100F80200000A000000ED
:100C3000A8010000E501008025030080C80A00002B
:100C400085140000A80B000018020000C850000026
:100C50001400000078590000750C8000850C80009D
:100C6000B50A0300E5010400B50C04000600000805
:100C7000950A6100484F0000950A6900484F00003E
:100C8000950A7100484F0000950A7900484F00000E
:100C9000950A4100484F0000950A4900484F00005E
:100CA000950A5100484F0000950A5900484F00002E
:100CB000950A2100484F0000950A2900484F00007E
:100CC000950A3100484F0000950A3900484F00004E
:100CD000950A0100484F0000950A0900484F00009E
:100CE000950A1100484F0000950A1900484F00006E
:100CF000B50A000001008002750C0200850C02009C
:100D0000E5010400B50C0000C80A0000750C1800CD
:100D1000850C0600F5001000C80A0000F50011005F
:100D2000C80A0000F5001200C80A0000F500130010
:100D3000C80A0000F5001400C80A0000F5001500FC
:100D4000C80A0000F5001600C80A0000F5001700E8
:100D5000C80A0000F5001800C80A0000F5001900D4
:100D6000C80A0000F5001A00C80A0000F5001B00C0
:100D7000C80A0000F5001C00C80A0000F5001D00AC
:100D8000C80A0000F5001E00C80A0000F5001F0098
:100D9000C80A0000F5002000C80A0000F500210084
:100DA000C80A0000F5002200C80A0000F500230070
:100DB000C80A0000F5002400C80A0000F50025005C
:100DC000C80A0000F5002600C80A0000F500270048
:100DD000C80A0000F5002800C80A0000F500290034
:100DE000C80A0000F5002A00C80A0000F5002B0020
:100DF000C80A0000F5002C00C80A0000F5002D000C
:100E0000C80A0000F5002E00C80A0000F5002F00F7
:100E1000C80A0000F5003000C80A0000F5003100E3
:100E2000C80A0000F5003200C80A0000F5003300CF
:100E3000C80A0000F5003400C80A0000F5003500BB
:100E4000C80A0000F5003600C80A0000F5003700A7
:100E5000C80A0000F5003800C80A0000F500390093
:100E6000C80A0000F5003A00C80A0000F5003B007F
:100E7000C80A0000F5003C00C80A0000F5003D006B
:100E8000C80A0000F5003E00C80A0000F5003F0057
:100E9000C80A0000A80B0000C850000014000000A1
:100EA0007859000045030100F5002000750C03008F
:100EB000850C0300E5010400B50C040006000008E1
:100EC000150D100008500000150D1100085000000D
:100ED000150D120008500000150D130008500000F9
:100EE000150D140008500000150D150008500000E5
:100EF000150D160008500000150D170008500000D1
:100F0000150D180008500000150D190008500000BC
:100F1000150D1A0008500000150D1B0008500000A8
:100F2000150D1C0008500000150D1D000850000094
:100F3000150D1E0008500000150D1F000850000080
:100F4000150D000008500000150D010008500000AC
:100F5000150D020008500000150D03000850000098
:100F6000150D040008500000150D05000850000084
:100F7000150D060008500000150D07000850000070
:100F8000150D080008500000150D0900085000005C
:100F9000150D0A0008500000150D0B000850000048
:100FA000150D0C0008500000150D0D000850000034
:100FB000150D0E0008500000150D0F000850000020
:100FC000350D000001008002980E0000A80B000003
:100FD00045030000C850000014000000B50B0300DA
:100FE000F509010025000100950900012500000018
:100FF000D50B0E000214000043000000D50B0A00C0
:10100000F509000095090000950C00006209000038
:10101000C23000004300000043000000380A000016
:10102000E5010400B50C0400050C000006000008F2
:10103000150C0000E50B3C00C80A0000E50B34006D
:10104000C80A0000E50B2C00C80A0000E50B2400CC
:10105000C80A0000E50B0400C80A0000E50B0C00FC
:10106000C80A0000E50B1400C80A0000E50B1C00CC
:10107000C80A0000150C0100E50B3C00C80A00007E
:10108000E50B3400C80A0000E50B2C00C80A00007C
:10109000E50B2400C80A0000E50B0400C80A0000A4
:1010A000E50B0C00C80A0000E50B1400C80A00009C
:1010B000E50B1C00C80A0000150C0200E50B3C0003
:1010C000C80A0000E50B3400C80A0000E50B2C003C
:1010D000C80A0000E50B2400C80A0000E50B040064
:1010E000C80A0000E50B0C00C80A0000E50B14005C
:1010F000C80A0000E50B1C00C80A0000150C03001C
:10110000E50B3C00C80A0000E50B3400C80A0000EB
:10111000E50B2C00C80A0000E50B2400C80A0000FB
:10112000E50B0400C80A0000E50B0C00C80A00002B
:10113000E50B1400C80A0000E50B1C00C80A0000FB
:10114000150C0400E50B3C00C80A0000E50B340058
:10115000C80A0000E50B2C00C80A0000E50B2400BB
:10116000C80A0000E50B0400C80A0000E50B0C00EB
:10117000C80A0000E50B1400C80A0000E50B1C00BB
:10118000C80A0000150C0500E50B3C00C80A000069
:10119000E50B3400C80A0000E50B2C00C80A00006B
:1011A000E50B2400C80A0000E50B0400C80A000093
:1011B000E50B0C00C80A0000E50B1400C80A00008B
:1011C000E50B1C00C80A0000150C0600E50B3C00EE
:1011D000C80A0000E50B3400C80A0000E50B2C002B
:1011E000C80A0000E50B2400C80A0000E50B040053
:1011F000C80A0000E50B0C00C80A0000E50B14004B
:10120000C80A0000E50B1C00C80A0000150C070006
:10121000E50B3C00C80A0000E50B3400C80A0000DA
:10122000E50B2C00C80A0000E50B2400C80A0000EA
:10123000E50B0400C80A0000E50B0C00C80A00001A
:10124000E50B1400C80A0000E50B1C00C80A0000EA
:10125000150C0800E50B3C00C80A0000E50B340043
:10126000C80A0000E50B2C00C80A0000E50B2400AA
:10127000C80A0000E50B0400C80A0000E50B0C00DA
:10128000C80A0000E50B1400C80A0000E50B1C00AA
:10129000C80A0000150C0900E50B3C00C80A000054
:1012A000E50B3400C80A0000E50B2C00C80A00005A
:1012B000E50B2400C80A0000E50B0400C80A000082
:1012C000E50B0C00C80A0000E50B1400C80A00007A
:1012D000E50B1C00C80A0000C85000001400000004
:1012E000A8590000E8550000F50A00002859000040
:1012F000F50A010028590000F50A020028590000EB
:10130000F50A030028590000F50A040028590000D6
:10131000F50A050028590000F50A060028590000C2
:10132000F50A07002859000001008002980E00000D
:10133000085A0000C850000014000000A85900001E
:10134000080E0000D80F0000B5020400750200006E
:101350006502C03FE5010900B5020900B8100000B0
:1013600065020000E5014100B5024100B81000002F
:10137000650200FE081100009858000048100000A7
:1013800006200208B80D0000A50B040068550000F7
:10139000F50A0000D84D0000F50A0100D84D000004
:1013A000F50A0200D84D0000F50A0300D84D0000F0
:1013B000F50A0400D84D0000F50A0500D84D0000DC
:1013C000F50A0600D84D0000F50A0700D84D0000C8
:1013D00001008002980E0000085A0000C85000006A
:1013E00014000000A8590000E50A0800950B080049
:1013F000F50B0F00D80F0000B502040075020000C5
:101400006502C03FE5010900B5020900B8100000FF
:1014100065020000E5014100B5024100B81000007E
:10142000650200FE08110000B5020400750200000C
:101430006502C03FE5010101B5020101B8100000DD
:10144000650200FE0812000048100000B80D000000
:10145000F50A04001502A0000600200801F40005AA
:1014600006020000A50B0000884C000006020000E8
:10147000A50B0100884C000006020000A50B02002D
:10148000884C000006020000A50B0300884C0000F9
:1014900006020000A50B0400884C000006020000B4
:1014A000A50B0500884C000006020000A50B0600F5
:1014B000884C000006020000A50B0700884C0000C5
:1014C00001000005980E0000085A0000C8500000F6
:1014D00014000000A8590000E50A0800950B080058
:1014E000F50B0900D80F0000B502040075020000DA
:1014F0006502C007E5010900B5020900B810000047
:1015000065020000E5014100B5024100B81000008D
:101510006502001E08110000B502040075020000FB
:101520006502C007E5010101B5020101B810000024
:101530006502001E0812000048100000350200007D
:101540001502A00025022E0006202008B80D00007C
:10155000A50B0400050C0300150C000068550000E5
:10156000D84D000001008002980E0000085A0000CB
:10157000C850000014000000A8590000E501040054
:10158000B50C0000350C0100750C8001850C0200C3
:10159000950C1300450C0900650C1B002815000074
:1015A000450B0200E50A0800950B0800D80F000063
:1015B000B50204007502000065024000E501090063
:1015C000B5020900B810000065020000E501410005
:1015D000B5024100B81000006502007E081100004D
:1015E0009858000048100000B80D000001000000ED
:1015F0001502A10025026E00650B040006202008DC
:101600004853000006002008220000004853000054
:101610004300000001008002650B0C000600200062
:101620004200000048530000430000000100000594
:10163000650C0000450C0F00550C0300750CC00133
:10164000150B0900550B0700350B2900250B0B0066
:101650000600200052000000585400004300000023
:1016600001008002550B0F00350B09000600200019
:1016700052000000585400004300000001008002A6
:10168000250B1300060020005200000058540000F3
:101690004300000001000005980E0000085A0000F9
:1016A000C85000001400000012000000E1750000A6
:1016B00001F4010026000000E175000001F40700BC
:1016C000E601000002000000E175000001F40300E3
:1016D00026000000E175000001F40700E6010000AB
:1016E0004300000006004000160000004300000018
:1016F00026000000017480000900000006002000A0
:10170000120000000602000072010000884C000078
:101710004300000006001C004300000001F48002AA
:10172000090000000600200006020000720100000F
:10173000884C00004300000001F480020900000012
:10174000851300001514000075070000C50D00008A
:10175000550D010009000000B50A03000214000045
:10176000430000000100010001008002B50A0200F0
:101770000214000043000000010007000100800285
:101780000600400009000000350D010002140000B1
:10179000430000000100010001008002350D03003C
:1017A0000214000043000000010007000100800255
:1017B000060040000900000035030200E5010000BA
:1017C00035030000850301008503000009000000C7
:1017D000C5000000951400009804000058040000A3
:1017E000980500002803000002DC0500430000000B
:1017F00048030000A2010000430000008500FF37FD
:10180000D50A4F007500FF3F8500FF3F021400001E
:1018100043000000E50C0100280B0000380D00001B
:1018200025000000E501000535000005E501020086
:1018300015000000B8050000020F00004300000082
:10184000980D00002509010078060000A806000098
:10185000D80600000900000006020000F2020000A5
:1018600001080000E1070000010000000100010084
:101870006200000001080000E10700000100000014
:1018800001000300430000000600400026000000A5
:101890004300000006001C000900000006020000D2
:1018A000F20200000128000001100000E107000022
:1018B000010001006200000001280000011000008A
:1018C000E1070000010003004300000006004000A3
:1018D000260000004300000006001C000900000074
:1018E000F509010095090001021400004300000001
:1018F000F50900009509000001F40001090000004D
:10190000050A6B01050A0801050AB502150D00005C
:10191000D50B0900E50B0000980E000045030100FF
:1019200045030200E84E0000581300008813000031
:10193000D80F0000B5020400750200006502C03F28
:10194000E5010900B5020900B810000065020000B9
:10195000E5014100B5024100B8100000650200FE3B
:10196000081100009858000048100000E50A08001F
:10197000950B0700480F000015029D00350200007E
:101980000502760025022E0006200208B80D000090
:10199000A50B0400050C1100150C0000F50B02004E
:1019A00068550000080E000009000000B5020400A0
:1019B0007502000065024000E5010101B502010168
:1019C000B8100000650200000812000009000000C5
:1019D0005502DD0D784E00005502FF0F784E0000D5
:1019E00009000000280B0000F80B000009000000AF
:1019F00078590000E5010100350001006201000096
:101A00004300000009000000E5010100350000006E
:101A10006201000043000000A80B00000900000064
:101A200000000000613132312D76312E31302E3000
:101A300000000000000000000000000000000000A6
:101A40000000000000000000000000000000000096
:101A50000000000000000000000000000000000086
:101A60000000000000000000000000000000000076
:101A7000000000000000000000000000FFFF000068
:101A800049CE000859CE0008000000009524000847
:101A90003D02000850000000A000010008001001F5
:101AA000000000010300000050000000A000010041
:101AB00008001001000000010300000050000000B9
:101AC000A000010008001001000000010300000058
:101AD00050000000A00001000800100100000001FB
:101AE00003000000000000000000000001000000F2
:101AF0000100010002000100A00000000000000041
:101B000000000000000000000000000000000000D5
:101B100000000000000000000000000000000000C5
:101B200000000000000000000000000000000000B5
:101B300000000000000000000000000000000000A5
:101B40000000000000000000000000000000000095
:101B50000000000000000000000000000000000085
:101B60000000000000000000000000000000000075
:101B70000000000000000000000000000000000065
:101B80000000000000000000000000000000000055
:101B90000000000000000000000000000000000045
:101BA0000000000000000000000000000000000035
:101BB0000000000000000000000000000000000025
:101BC0000000000000000000496E76616C6964202E
:101BD000636F6E6669672068616E646C6500000003
:101BE000636F6E6669670000496E76616C69642098
:101BF000737562737765657020696E64657800003F
:101C0000546F6F206C617267652073656E736F72BD
:101C100020627566666572207573616765000000F5
:101C200072616461725F656E67696E655F613132B2
:101C3000310000004F66667365743A202568752090
:101C40004D6F646966792076616C7565203D20254D
:101C50006C7520746F6F206C6172676520286D61F0
:101C600078696D756D20256C75290000636F6E664F
:101C700070726F6772616D00496E76616C69642085
:101C800064617461206F627461696E656420666F5F
:101C900072207061746368696E67000053746174C8
:101CA00065206E6F7420757365640000656C656DEA
:101CB000656E745F6672616D6500000053637261EA
:101CC000746368206973207573656420627574207D
:101CD0006E6F74207365740053637261746368205F
:101CE000616E64207374617465206E6F7420757307
:101CF00065640000656C656D656E745F73696E6B1D
:101D00005F613132315F63616C6C6261636B0000F3
:101D10004F75747075742063616E206E6F742062ED
:101D2000652073657420666F722073696E6B206521
:101D30006C656D656E740000253032753A25303261
:101D4000753A253032752E253033752028256329C4
:101D500020282573292025730A000000455749567D
:101D600044000000496E76616C6964206E756D6296
:101D70006572206F66207375627377656570730096
:101D80007472616E736C6174696F6E5F6131323150
:101D900000000000496E76616C69642073776565A8
:101DA000705F726174650000656E61626C655F638F
:101DB0006361206E6F742076616C6964207769744A
:101DC0006820646F75626C655F62756666657269CE
:101DD0006E670000537562737765657020256875BE
:101DE0002068617320696E76616C69642050524688
:101DF00000000000496E76616C6964206672616D56
:101E0000655F726174650000496E76616C6964207B
:101E100073657474696E677320666F7220636F6E8A
:101E200074696E756F75735F73776565705F6D6FDD
:101E300064650000696E7465725F6672616D655FEE
:101E400069646C655F7374617465206D757374206B
:101E50006265207468652073616D65206F7220640F
:101E60006565706572207468616E20696E74657254
:101E70005F73776565705F69646C655F73746174C7
:101E800065000000496E76616C696420696E746556
:101E9000725F6672616D655F69646C655F737461C2
:101EA00074650000496E76616C696420696E7465C2
:101EB000725F73776565705F69646C655F73746189
:101EC00074650000496E76616C69642068776161B1
:101ED00073000000496E76616C696420636F6D6207
:101EE000696E6174696F6E206F66206C6F6F7062CF
:101EF00061636B20616E642070726F66696C65004F
:101F0000496E76616C696420636F6D62696E61749D
:101F1000696F6E206F662070726F66696C652061F4
:101F20006E64207072660000496E76616C69642090
:101F300070726F66696C6500496E76616C696420C9
:101F4000737465705F6C656E67746800496E766166
:101F50006C6964206E756D5F706F696E74730000DC
:101F600070686173655F656E68616E63656D656EEF
:101F700074206E6F742076616C6964207769746870
:101F80006F75742073756274726163745F696E5FDC
:101F90006275666665720000496E76616C696420E0
:101FA000737461727420706F696E7400496E76612B
:101FB0006C6964206E756D626572206F6620706F4B
:101FC000696E7473206F722073746570206C656E17
:101FD00067746800496E76616C696420707266008F
:101FE000537461727420706F696E74206F72207206
:101FF000616E676520746F6F20666172000000007B
:10200000537461727420706F696E7420746F6F20E6
:10201000636C6F7365000000496E76616C696420C3
:1020200072656365697665725F6761696E0000005D
:10203000496E76616C696420545820706F776572C0
:1020400020617474656E756174696F6E00000000C4
:102050004661696C656420746F2063616C63756CA4
:102060006174652070756C7365736861706572204A
:1020700073657474696E677321000000546865208D
:102080006D6178696D756D2073776565702072611B
:102090007465206973202564000000002D00000095
:1020A000747275650000000066616C736500000065
:1020B000756E6B6E6F776E0073776565705F7261BA
:1020C00074653A202573256C752E2530366C7500A5
:1020D0006672616D655F726174653A202573256C67
:1020E000752E2530366C75007377656570735F707B
:1020F00065725F6672616D653A2025687500000043
:10210000636F6E74696E756F75735F7377656570F5
:102110005F6D6F64653A202573000000646F75621F
:102120006C655F627566666572696E673A202573D5
:1021300000000000696E7465725F6672616D655FB4
:1021400069646C655F73746174653A20257300007F
:10215000696E7465725F73776565705F69646C65DD
:102160005F73746174653A20257300006E756D5F4E
:102170007375627377656570733A20256875000022
:10218000202073756273776565703A20256C750041
:102190002020202073746172745F706F696E7420E8
:1021A000202020202020202020202020203A202510
:1021B0006C690000202020206E756D5F706F696E65
:1021C0007473202020202020202020202020202068
:1021D000203A202568750000202020207374657047
:1021E0005F6C656E677468202020202020202020EE
:1021F00020202020203A2025687500002020202063
:10220000687761617320202020202020202020205A
:102210002020202020202020203A20256875000042
:102220002020202072656365697665725F67616949
:102230006E2020202020202020202020203A202531
:102240006875000020202020656E61626C655F74F7
:102250007820202020202020202020202020202026
:10226000203A202573000000202020207068617330
:10227000655F656E68616E63656D656E74202020B4
:1022800020202020203A202573000000202020203C
:1022900069715F696D62616C616E63655F636F6DCB
:1022A00070656E736174696F6E3A2025730000006B
:1022B00020202020656E61626C655F6C6F6F7062BC
:1022C00061636B202020202020202020203A202520
:1022D000730000002020202070726F66696C6520FA
:1022E00020202020202020202020202020202020EE
:1022F000203A2025730000002020202070726620E4
:1023000020202020202020202020202020202020CD
:1023100020202020203A2025730000004C6F6164AB
:102320003A205472616E736665722073697A652013
:10233000697320746F206C617267650073656E73DA
:102340006F725F636F6D6D5F61313231000000004D
:102350004E6F7420706F737369626C6520746F20A8
:102360007265636F6E666967757265207768656E02
:1023700020646F75626C6520627566666572696E51
:102380006720697320636F6E6669677572656400A4
:1023900053656E736F7220256C75206E6F7420729A
:1023A0006561647920746F20626520757064617462
:1023B000656400006370645F613132315F6D656137
:1023C000735F73657373696F6E00000041646472BC
:1023D0006573733A20256875204D6F6469667920AE
:1023E00076616C7565203D20256C7520746F6F20BB
:1023F0006C6172676520286D6178696D756D202547
:102400006C752900496E76616C6964206461746141
:10241000206F627461696E656420666F72206C69FA
:102420007665207061746368696E6700496E7661D5
:102430006C69642070726F63657373696E6720687E
:10244000616E646C6500000070726F636573736920
:102450006E670000496E76616C69642073656E7307
:102460006F722068616E646C6500000073656E7346
:102470006F72000053656E736F7220256C75206E4D
:102480006F7420726561647920666F722072756E58
:102490006E696E672061206E65772070726F67725B
:1024A000616D000073656E736F725F70726F746F31
:1024B000636F6C5F6131323100000000496E7661FC
:1024C0006C6964206275666665722073656E736FF1
:1024D0007220256C7500000047656E657269633176
:1024E00020496E7465727275707420616C726561DA
:1024F000647920636C6561726564206F6E2073651A
:102500006E736F7220256C75000000004E6F2065A1
:1025100076656E7420636F6465205B307825785D26
:102520002072656365697665642066726F6D2073DD
:10253000656E736F7220256C750000004572726FB6
:1025400072206576656E7420636F6465205B3078F9
:1025500025785D2072656365697665642066726FB3
:102560006D2073656E736F7220256C75000000001E
:10257000496E76616C6964206576656E7420636F60
:102580006465205B307825785D20726563656976C7
:1025900065642066726F6D2073656E736F7220259F
:1025A0006C75000053707572696F75732065766580
:1025B0006E74207265636569766564207768656E00
:1025C00020444F4E45206578706563746564212012
:1025D0005265636569766564206576656E7420630F
:1025E0006F6465203D2025640000000063616C6914
:1025F00062726174696F6E5F613132315F63616C09
:102600005F73657373696F6E00000000556E6163E0
:102610006B6E6F776C6564676564206576656E7454
:10262000206465746563746564206F6E2073656EE5
:10263000736F7220256C750053656E736F72202561
:102640006C75206E6F7420726561647920666F729C
:10265000206C6F6164696E672061206E6577207001
:10266000726F6772616D00004C6F61642070726FF1
:102670006772616D206661696C656400496E7661A0
:102680006C696420636F6E66696775726174696FE7
:102690006E0000006465746563746F725F707265CC
:1026A00073656E6365000000496E76616C69642035
:1026B00068616E646C6500006465746563746F7254
:1026C0005F70726573656E63655F70726F6365736B
:1026D00073696E67000000004661696C6564207470
:1026E0006F20726573657420627566666572732CFF
:1026F000206E6F206275666665727320616C6C6F08
:102700006361746564000000496E76616C696420E1
:1027100063616C6962726174696F6E004F757420D9
:102720006F66206D656D6F72790000007273735F64
:10273000696E746567726174696F6E00496E766167
:102740006C6964207265666572656E636520667289
:10275000657175656E6379202573256C752E25303E
:10276000366C7520487A00006370645F706C6C5F33
:1027700064697669736F72730000000053656E734D
:102780006F722063616C6962726174696F6E20732D
:10279000746570202564206661696C6564000000C2
:1027A00063616C6962726174696F6E5F613132314D
:1027B00000000000444545505F534C454550000023
:1027C000534C45455000000052454144590000001B
:1027D00050524F46494C455F3100000050524F4621
:1027E000494C455F3200000050524F46494C455F0E
:1027F0003300000050524F46494C455F3400000002
:1028000050524F46494C455F3500000031392E3556
:102810004D487A0031352E364D487A0031332E300E
:102820004D487A00382E374D487A0000362E354D07
:10283000487A0000352E324D487A00004163636FBC
:102840006E65657220736F66747761726520766558
:102850007273696F6E2025730A000000416C6C6F03
:10286000636174652070726573656E636520636F64
:102870006E666967206661696C6564006163635FA9
:102880006465746563746F725F70726573656E639F
:10289000655F636F6E6669675F6372656174652803
:1028A00029206661696C65640000000044657465F8
:1028B00063746F722050726573656E636520436F39
:1028C0006E6669670000000073656E736F723A2070
:1028D000256C75006175746F5F70726F66696C65E9
:1028E0005F656E61626C65643A20257300000000CC
:1028F0006175746F5F737465705F6C656E67746823
:102900005F656E61626C65643A20257300000000AB
:102910006D616E75616C5F70726F66696C653A208F
:10292000257300006D616E75616C5F737465705F17
:102930006C656E6774683A202568750073746172FF
:10294000745F6D3A202573256C752E2530366C75B5
:1029500000000000656E645F6D3A202573256C757C
:102960002E2530366C75000068776161733A20253A
:10297000687500006672616D655F726174655F61A4
:1029800070705F64726976656E3A2025730000008E
:1029900072657365745F66696C746572735F6F6E80
:1029A0005F707265706172653A20257300000000E7
:1029B0006175746F6D617469635F73756273776558
:1029C0006570733A202573007369676E616C5F717F
:1029D00075616C6974793A202573256C752E2530E4
:1029E000366C75004465746563746F72205072654F
:1029F00073656E63652050726F63657373696E678C
:102A000020436F6E66696700696E7465725F6672F7
:102A1000616D655F70726573656E63655F74696D26
:102A2000656F75743A20256875000000696E7465DD
:102A3000725F70686173655F626F6F73745F656EFC
:102A400061626C65643A202573000000696E7472DF
:102A5000615F646574656374696F6E5F656E616202
:102A60006C65643A20257300696E7465725F6465F5
:102A700074656374696F6E5F656E61626C65643AFC
:102A800020257300696E7472615F64657465637498
:102A9000696F6E5F7468726573686F6C643A202545
:102AA00073256C752E2530366C750000696E746563
:102AB000725F646574656374696F6E5F7468726574
:102AC00073686F6C643A202573256C752E2530363B
:102AD0006C750000696E7465725F6672616D655F2A
:102AE000646576696174696F6E5F74696D655F6353
:102AF0006F6E73743A202573256C752E2530366CF5
:102B000075000000696E7465725F6672616D655F65
:102B1000666173745F6375746F66663A202573250A
:102B20006C752E2530366C7500000000696E74657A
:102B3000725F6672616D655F736C6F775F637574EA
:102B40006F66663A202573256C752E2530366C75B8
:102B500000000000696E7472615F6672616D655F8E
:102B600074696D655F636F6E73743A202573256CAD
:102B7000752E2530366C75006E6F6973655F7469EC
:102B80006D655F636F6E73743A202573256C752EC7
:102B90002530366C75000000696E7472615F6F7568
:102BA000747075745F74696D655F636F6E73743A8A
:102BB000202573256C752E2530366C7500000000BD
:102BC000696E7465725F6F75747075745F74696D2A
:102BD000655F636F6E73743A202573256C752E25BF
:102BE00030366C750000000070686173655F616469
:102BF00061707469766974795F74696D655F636F1C
:102C00006E73743A202573256C752E2530366C75DD
:102C10000000000053706172736520495120436FBA
:102C20006E66696700000000496E76616C69642019
:102C300070726573656E636520636F6E66696700A9
:102C4000416C6C6F636174652070726573656E634F
:102C5000652068616E646C65206661696C656400FE
:102C6000706970656C696E655F61313231000000BA
:102C70004661696C656420746F20676574207261B9
:102C800064617220656E67696E65206D657461644C
:102C900061746100706970656C696E655F737562FF
:102CA0007377656570000000506970656C696E65CA
:102CB000206E6F742070726F7065726C7920617312
:102CC00073656D626C656400417373656D626C65FC
:102CD00020737562737765657020706970656C69C3
:102CE0006E65206661696C6564000000416C6C6F04
:102CF000636174652070726F63657373696E6720BA
:102D000068616E646C65206661696C00546865205A
:102D100066696C74657220706172616D657465724C
:102D2000732061726520696E76616C6964000000D1
:102D300073657475705F70726F63657373696E67C6
:102D40005F706172616D6574657273206661696C34
:102D500000000000416C6C6F6361746520627566F1
:102D600066657273206661696C00000070726F6343
:102D7000657373696E675F627566666572735F73AC
:102D800065747570206661696C0000006163635F43
:102D90006465746563746F725F70726573656E638A
:102DA000655F6372656174652829206661696C6579
:102DB000640000006163635F6465746563746F72CF
:102DC0005F70726573656E63655F6765745F62757A
:102DD000666665725F73697A652829206661696C29
:102DE0006564000062756666657220616C6C6F6375
:102DF0006174696F6E206661696C65640000000033
:102E0000556E657870656374656420617369635F8E
:102E1000696420666F756E64203D203078257800E7
:102E200053656E736F7220697320696E2077726FBD
:102E30006E67207374617465000000006163635FF6
:102E400073656E736F725F637265617465282920A4
:102E50006661696C65640000646F5F73656E736FB3
:102E6000725F63616C6962726174696F6E28292098
:102E70006661696C656400006163635F64657465C5
:102E800063746F725F70726573656E63655F707295
:102E900065706172652829206661696C656400004F
:102EA0006163635F73656E736F725F6D6561737588
:102EB0007265206661696C656400000053656E731D
:102EC0006F7220696E746572727570742074696DAA
:102ED000656F757400000000427566666572207348
:102EE000697A6520746F6F20736D616C6C000000EF
:102EF00053656E736F7220256C75204E6F20706560
:102F00006E64696E6720696E7465727275707400A4
:102F100053656E736F7220256C75206576656E74CF
:102F2000206973206E6F742048414E445348414BD2
:102F300045205B307825785D00000000496E7661A1
:102F40006C696420627566666572206C656E677474
:102F5000680000005472616E73666572206461746B
:102F6000612066726F6D2073656E736F7220746F6F
:102F700020686F7374206661696C656400000000EE
:102F80006163635F73656E736F725F726561642006
:102F90006661696C656400006163635F64657465A4
:102FA00063746F725F70726573656E63655F616C89
:102FB000675F6672616D655F6162735F6465765FAE
:102FC000616363756D756C617465206661696C65BC
:102FD000640000006163635F6465746563746F72AD
:102FE0005F70726573656E63655F70726F63657342
:102FF00073206661696C6564000000004D6F746940
:103000006F6E00004E6F206D6F74696F6E00000070
:10301000496E7472612070726573656E63652073AA
:10302000636F72653A2025642C20496E74657220A6
:1030300070726573656E63652073636F72653A20A5
:1030400025642C2044697374616E636520286D6D5E
:10305000293A2025640A0000446174612073617478
:103060007572617465642E205468652064657465AA
:1030700063746F7220726573756C74206973206E4F
:103080006F742072656C6961626C652E00000000CF
:103090004672616D652064656C617965642E2043BC
:1030A0006F756C64206E6F7420726561642064615A
:1030B0007461206661737420656E6F7567682E0099
:1030C000547279206C6F776572696E6720746865D9
:1030D000206672616D652072617465206F72206375
:1030E000616C6C20276163635F73656E736F725FE1
:1030F0007265616427206D6F7265206672657175F7
:10310000656E746C792E000053656E736F72207259
:103110006563616C6962726174696F6E206E65656A
:10312000646564202E2E2E200000000053656E730F
:103130006F7220726563616C6962726174696F6E2F
:1031400020646F6E652100006163635F6465746570
:1031500063746F725F70726573656E63655F616CD7
:10316000675F6672616D655F6162735F6465765FFC
:10317000746F5F6E6F6973655F726174696F2066EB
:1031800061696C6564000000000FC93F000F494091
:1031900000CB9640000FC9400053FB4000CB1641C6
:1031A00000ED2F41000F49410031624100537B4146
:1031B000003A8A4100CB9641005CA34100EDAF414B
:1031C000007EBC41000FC94100A0D5410031E24161
:1031D00000C2EE410053FB4100F20342003A0A42B2
:1031E0000083104200CB164200141D42005C2342B3
:1031F00000A5294200ED2F4200363642007E3C42B7
:1032000000C74242000F4942A2000000F90000003E
:10321000830000006E0000004E000000440000002B
:103220001500000029000000FC000000270000003D
:1032300057000000D1000000F5000000340000003D
:10324000DD000000C0000000DB00000062000000A4
:1032500095000000990000003C00000043000000C1
:103260009000000041000000FE000000510000003E
:1032700063000000AB000000DE000000BB000000A7
:10328000C500000061000000B7000000240000003D
:103290006E0000003A000000420000004D000000F7
:1032A000D2000000E000000006000000490000001D
:1032B0002E000000EA00000009000000D10000001C
:1032C000920000001C000000FE0000001D00000035
:1032D000EB0000001C000000B1000000290000000D
:1032E000A70000003E000000E8000000820000008F
:1032F00035000000F50000002E000000BB000000BB
:103300004400000084000000E90000009C00000070
:103310007000000026000000B40000005F00000004
:103320007E00000041000000390000009100000014
:10333000D6000000390000008300000053000000A8
:1033400039000000F40000009C0000008400000030
:103350005F0000008B000000BD000000F9000000CD
:10336000280000003B0000001F000000F8000000E3
:1033700097000000FF000000DE00000005000000D4
:10338000980000000F000000EF0000002F00000078
:10339000110000008B0000005A0000000A0000002D
:1033A0006D0000001F0000006D00000036000000EE
:1033B0007E000000CF00000027000000CB000000CE
:1033C00009000000B70000004F00000046000000A8
:1033D0003F000000660000009E0000005F0000004B
:1033E000EA0000002D00000075000000270000002A
:1033F000BA000000C7000000EB000000E50000007C
:10340000F10000007B0000003D000000070000000C
:1034100039000000F70000008A00000052000000A0
:1034200092000000EA0000006B000000FB000000BA
:103430005F000000B10000001F0000008D000000D0
:103440005D000000080000005600000003000000BE
:103450003000000046000000FC0000007B0000007F
:103460006B000000AB000000F0000000CF00000087
:10347000BC000000200000009A000000F4000000E2
:10348000360000001D000000A9000000E30000005D
:1034900091000000610000005E000000E6000000F6
:1034A0001B000000080000006500000099000000FB
:1034B000850000005F00000014000000A000000074
:1034C00068000000400000008D000000FF000000C8
:1034D000D8000000800000004D00000073000000D4
:1034E0002700000031000000060000000600000078
:1034F0001500000056000000CA0000007300000024
:10350000A8000000C900000060000000E200000008
:103510007B000000C00000008C0000006B00000079
:103520000000C93F0000F0390000DA370000A23384
:103530000000842E0000502B0000C2270000D02283
:103540000000C41F0000C61B000044170400000058
:103550000700000009000000D1F71737D1F717B7AF
:103560008071313F807131BF0000003F000000BF1B
:1035700000000080DB0F4940DB0F49C0DB0F49BF73
:10358000E4CB1640E4CB16C06937AC316821223356
:10359000B40F14336821A2333863ED3EDA0F493F8C
:0835A0005E987B3FDA0FC93F82
:0835A8007065FF7F01000000C7
:0835B000D1A100080000000099
:0835B800A9A1000800000000B9
:1035C00000093D00100000006262615F63616C5F92
:1035D0006374726C5B785D0074785F667265715FAE
:1035E0006B687A5B785D00002C0000200000000012
:1035F000D003002038040020A004002000000000B8
:1036000000000000000000000000000000000000BA
:1036100000000000000000000000000000000000AA
:10362000000000000000000000000000000000009A
:08363000000000000000000092
:040000050800AB2D17
:00000001FF
