:020000040800F2
:1000000000000120A9830008916C0008956C00088D
:10001000996C00089D6C0008A16C000800000000AD
:10002000000000000000000000000000A56C0008B7
:10003000A96C000800000000AD6C0008B16C00085D
:10004000F9830008F9830008F9830008C16C0008EF
:10005000F9830008F9830008F9830008F983000890
:10006000F9830008FD6C0008F9830008F983000893
:10007000116D00081D6D0008F9830008F983000860
:10008000296D0008356D0008F9830008F983000820
:10009000F9830008F9830008F9830008F983000850
:1000A000F9830008F9830008F9830008F983000840
:1000B000F98300080000000000000000F983000838
:1000C000F9830008416D0008F9830008F9830008EE
:1000D000F9830008F9830008696D0008F9830008B6
:1000E0005571000869710008000000000000000060
:1000F0000000000000000000000000000000000000
:1001000000000000F983000800000000F9830008E7
:100110000000000000000000F9830008F9830008D7
:10012000F9830008F9830008F9830008F9830008BF
:10013000F98300080000000000000000000000003B
:10014000F9830008F9830008F98300080000000023
:10015000F9830008F9830008F9830008F98300088F
:10016000F9830008F9830008F98300080000000003
:10017000F9830008F9830008000000000000000077
:10018000F9830008F9830008F983000800000000E3
:10019000BFF34F8F0549064BCA6802F4E062134370
:1001A000CB60BFF34F8F00BFFDE700BF00ED00E065
:1001B0000400FA0590F824C0BCF1010F3CD070B5E2
:1001C00090F825C00124A44580F824405FFA8CFEF5
:1001D00004D0002380F82430022070BD022580F86E
:1001E000255004680025C5632668456C26F0010685
:1001F000266005F01C05066C0EFA05F57560636057
:100200008368102B036B0BBFA260A160E160E2600A
:100210004BB1236843F00E032360236843F00103CE
:100220000020236070BD236823F00403236023684B
:1002300043F00A032360F0E7022070472DE9F04104
:10024000764C0023237094F86530012B0D46E1684D
:1002500008D0B1F5827F60D1D8B22369002B5CD180
:1002600004285AD1002D58D092B2002A55D094F8C3
:100270006430012B51D094F86530A6682564042BB6
:100280001CBF052384F8653001210023A36684F890
:100290006410A4F84620A4F84E20C4E9153373680E
:1002A000A4F8442023F4C043A564A4F84C20736050
:1002B0006369206EB3F5E06F31D8E36D99697368B7
:1002C000B1F5806F43F4805373607DD08369B3F5DB
:1002D000806F65D094F86530514A042B514B18BF9C
:1002E0001346514A0363514B4363514B18BF1346A6
:1002F000C362B4F84E304FF00008C0F838809BB2AB
:1003000006F10C012A46FFF755FF074660B1A36EC0
:1003100084F8648043F01003A366BDE8F08173683D
:1003200023F480537360D5E77368E06D43F00103F5
:100330007360B4F846300A46C0E90B77C0E90D7720
:1003400029469BB2FFF736FF00284AD133685B0687
:1003500021D5002384F86430736843F02003736070
:10036000736843F002037360E26E2378002BD4D1EC
:1003700041F2873109E072B6237803B930BF62B623
:10038000BFF36F8F2378002BC7D1E36E9B1A8B428C
:10039000F1D9BDE8F081336843F040033360D8E71A
:1003A000736823F480537360B4F84E3013F0010F78
:1003B00073681DD123F400537360B4F84E30C3F357
:1003C0004E03A4F84E3085E7D20773681BD423F49C
:1003D00080437360B4F84630C3F34E03A4F846304C
:1003E00074E7A36E84F8647043F01003A36694E787
:1003F00043F400537360B4F84E30C3F34E0301333B
:10040000A4F84E3066E743F480437360B4F8463096
:10041000C3F34E030133A4F8463057E788000020A9
:100420008D09000889090008A91D00089109000824
:10043000FD1C000870B4436C066C056831682C68BC
:1004400003F01C0304229A400A420ED014F0040F59
:100450000BD02B689B0603D42B6823F004032B607E
:10046000036B7260CBB170BC184702229A400A42FB
:1004700015D014F0020F12D02B68990606D42B6801
:1004800023F00A032B60012380F82530C36A7260D1
:10049000002180F82410002BE5D170BC70470822A1
:1004A0009A400A42F9D02207F7D52A68416B22F018
:1004B0000E022A60012202FA03F300247360C26371
:1004C00080F8244080F825200029E6D070BC084739
:1004D000234A9368D26813F00C0305D00C2B32D05A
:1004E000042B36D11F4870471D4A1168090754BFB5
:1004F000D2F8942012681C4954BFC2F30322C2F3FD
:10050000031251F82200002BEDD0154BDB6803F0ED
:100510000303022B22D0154A032B08BF1046104BB1
:10052000D968DA68DB68C3F34163C2F30622C1F31A
:100530000211013300FB02F201315B00B2FBF1F268
:10054000B2FBF3F0704702F00302012ACCD0002086
:10055000DBE7082B054818BF002070470148DEE79D
:10056000001002400024F40060B2000800127A007B
:10057000064A074B92680749C2F3022213440868EF
:1005800093F8303003F01F03D8407047001002404A
:1005900060B2000800000020064A074B9268074935
:1005A000C2F3C2221344086893F8303003F01F03EB
:1005B000D84070470010024060B2000800000020E0
:1005C000414A036830B4D468A40707D0D46804F063
:1005D00003049C4246D0012030BC7047022B52D00D
:1005E000032B49D0012BF6D112689207F3D5364C74
:1005F000E26822F0730213434268013A43EA0213AD
:10060000E360314C314A236823F080632360D56E68
:1006100003E0D36E5B1B022B39D823681B01F8D48F
:1006200083681B02002934D12169C56821F0784113
:1006300021F4FE4143EAC5630B43236122490B6861
:1006400043F080630B60D46E03E0D36E1B1B022B60
:100650001DD80B681B01F8D582690B691343002074
:100660000B61B9E7002CB6D0D3684268C3F302131C
:1006700001339342AFD1C4E71468A403B7D412681E
:100680005203A8D5B3E712685505A4D5AFE70320F8
:10069000A2E7012921690BD021F0C06121F4FE41BC
:1006A000194343695B08013B41EA43612161C5E7A6
:1006B00021F4C00121F4FE410B43016949080139CD
:1006C00043EA41532361B9E700100240880000204B
:1006D000F0B504680546200583B000F1F2800026DD
:1006E000A1034ED5A54B9A6DD20040F1F5800027AD
:1006F000A349A44A0B6843F480730B60D06E04E0F6
:10070000D36E1B1A022B00F200810B68DB05F7D5B4
:10071000A6BB9A49A86DD1F8903013F4407325D048
:10072000834223D0D1F890C0D1F8903043F4803385
:10073000C1F89030D1F8903023F48033C1F8903074
:100740001CF0010F2CF44073C1F890300ED0D2F899
:100750006CE041F2883C05E0D36EA3EB0E036345E9
:1007600000F2D380D1F890309B07F5D5834AD2F8B8
:10077000903023F440730343C2F89030002F40F0D0
:10078000DC80E10708D57D4A296AD2F8883023F059
:1007900003030B43C2F88830A20708D5774A696A79
:1007A000D2F8883023F00C030B43C2F8883063077B
:1007B00008D5724AA96AD2F8883023F030030B4377
:1007C000C2F88830A70608D56C4AE96AD2F88830A2
:1007D00023F440630B43C2F88830A00508D5674A6C
:1007E000E96BD2F8883023F440230B43C2F88830F9
:1007F000610508D5614A296CD2F8883023F440138A
:100800000B43C2F88830620608D55C4A296BD2F8DF
:10081000883023F440530B43C2F88830230608D5B0
:10082000564A696BD2F8883023F440430B43C2F830
:100830008830E70508D5514AA96BD2F8883023F4EF
:1008400040330B43C2F88830200323D4374661037A
:100850000FD54A4AE96CD2F8883023F040630B4345
:10086000B1F1006FC2F8883000F08380B1F1806F81
:1008700077D03E4662044DD43046230408D53F4A23
:10088000696DD2F8883023F080430B43C2F888307A
:1008900003B0F0BD394AA96CD2F8883023F0406328
:1008A0000B43B1F1006FC2F888304CD0B1F1806FCA
:1008B000CCD10121281DFFF783FE07460028C5D0B3
:1008C000C5E76F6CB7F5000F11D0B7F5400F13D027
:1008D000002F3DD0012603E79A6D42F080529A65C1
:1008E0009B6D03F080530193019B012700E7234A8E
:1008F000D36843F48033D360204AD2F8883023F49D
:1009000040033B43C2F88830E9E60326002F3FF45A
:1009100038AF12E019492A6DD1F8883023F04053DE
:100920001343B2F1805FC1F88830A5D10221281DA0
:10093000FFF746FE00289FD09FE7104A936D23F0F3
:10094000805393651DE7D36843F48013D3607DE73C
:100950003946281DFFF734FE064600287FF4C0AE56
:10096000CAE70121281DFFF72BFE0646002880D08C
:1009700080E7D36843F48013D3607AE70010024025
:100980000070004088000020704700BF704700BF23
:10099000836A19684A6822F003024A601A6E4FF0AF
:1009A000010C42F010021A6683F85DC0704700BF68
:1009B000026852E8003F23F4907342E800310029B6
:1009C000F7D102F1080353E8003F23F0010302F1DD
:1009D000080C4CE800310029F3D1036E012B06D03E
:1009E00000232022C0F8802083660366704752E807
:1009F000003F23F0100342E800310029F0D052E814
:100A0000003F23F0100342E800310029EFD1E7E76F
:100A100070B50568EC6931EA040405D05E1C06D1A6
:100A2000EB6931EA0303FBD10023184670BD154C76
:100A3000E46EA41AA34218D3BBB12C686407E9D5AD
:100A40008029E7D04029E5D0EC6914F008040ED1E4
:100A5000EE693605DED54FF400632B62FFF7A8FF81
:100A60002023C0F8843080F878400323DDE7082491
:100A70002C62FFF79DFF00220123C0F8844080F81C
:100A80007820D2E788000020836A0022A3F85A2049
:100A9000A3F85220704700BF08B518B1074B026891
:100AA0009A4208D0064B074AD3F880300649002006
:100AB0009847002008BD012008BD00BF0FB03713C4
:100AC00088000020ACF10008C4F10008B1F804C0AF
:100AD00093680A899A80BCF1000C18BF4FF0010C92
:100AE000CA7983F800C091F806C083F801C09A70F3
:100AF0009860704708B518B1074B02689A4208D051
:100B0000064B074AD3F8803006490020984700205A
:100B100008BD012008BD00BF0EB0371388000020BB
:100B2000CCF10008E4F100082DE9F041174F1D4613
:100B3000D7F8843013B1BDE8F0411847FB6F4FEA96
:100B40004208002AF7D08F1EA8F1020406468E46FE
:100B50000C443A4632F802CF9CFA9CFCA242A2F81E
:100B600000C0F7D142467146304698470DB9BDE8FE
:100B7000F08137F8023F5BBAA7423B80F7D037F8E5
:100B8000023F5BBAA7423B80F3D1F0E78800002028
:100B900010B1024B9B6F1847704700BF88000020C0
:100BA00010B520B10C4B02689A42044608D00B4B9A
:100BB0000B4AD3F880300B49BDE81040002018479D
:100BC000406818B1C368984700236360002323601E
:100BD0002046BDE81040DBE70DB037138800002049
:100BE000ECF1000808F2000810B50446FFF782FF98
:100BF00000B910BD20690023236008B1FFF7C8FFCA
:100C00002046BDE81040C3E703460068D3F8E8106B
:100C10004268C3F8F0101047704700BF2DE9F04755
:100C2000D0F800800546B8F1000F1ED0D8F89870B3
:100C30000FB3124E07F148044FF00009583754F82B
:100C4000040F18B1B36F9847C4F80090A742F6D1CB
:100C5000D8F89800B36F00B19847B36F40469847F3
:100C6000B36F2846BDE8F0471847044E2846B36FD7
:100C7000BDE8F0471847014EEFE700BF88000020AD
:100C8000F8B50688002A1C460CBF4FF400534FF4F9
:100C90008053B6F59C6F05460F460BD3B34238D24E
:100CA0001D4B1E4AD3F880301D49002098474FF055
:100CB000000C03E04FF49C664FF0010C19491A4AEE
:100CC000C4E9011202F11912E26002F11912226163
:100CD000234600225136628076005122A28223F8F8
:100CE000166B29686A68A868EE68C4F816105A601E
:100CF0009860DE602969A8696A699861196197E856
:100D000003005A61AA8B9A83343484E80300604656
:100D1000F8BD4FF0010CD1E78800002014F2000864
:100D200034F200080100020003001B0000B583B08C
:100D300041F4A041012394464FEA124EADF8001051
:100D4000ADF80230042200236946ADF804E0ADF8A6
:100D500006C0FFF7E9FE03B05DF804FB10B50F4CC9
:100D60008C461146B4F8702003F1020EB2EB4E0F20
:100D700007D2D4F880300A4A0A49BDE81040002062
:100D80001847013B4CF4A04C4B802EF00042A1F8D8
:100D900000C0BDE810400023C6E600BF8800002068
:100DA00048F2000868F2000810B582B00021ADF8E2
:100DB000041043F21C040123032269460094FFF748
:100DC000B3FEBDF80400C0F3C02002B010BD00BFE8
:100DD00030B583B0002201230C46ADF8042043F265
:100DE0003705032269460095FFF79EFE012CBDF8EA
:100DF000043009D0022C0CBF8022C0221A4214BF3A
:100E00000120002003B030BD4022F7E7F0B583B0E9
:100E100043F21C02009201230E460024032269467D
:100E20000746ADF80440FFF77FFEBDF8043013F429
:100E3000006517D141F21B042B4669463846022251
:100E4000009446F40066FFF76FFE38462B4669466D
:100E50000222ADF80040ADF80260FFF765FE012008
:100E600003B0F0BD054B064AD3F880500549204633
:100E70003B46A847204603B0F0BD00BF88000020D5
:100E80007CF20008ACF20008F0B5012983B00546F9
:100E9000144622D002290AD01C4B1D4AD3F88040A8
:100EA0001C4903460020A047002003B0F0BD43F2D8
:100EB000460384270026ADF800302846012303228C
:100EC0006946ADF80260ADF80460FFF72DFEBDF88D
:100ED000040030B16CB90120E7E743F245038327F2
:100EE000E8E70A4B0C4AD3F880400A492B46A04752
:100EF000DAE747F480573346694628460222ADF8C0
:100F00000070ADF80260FFF70FFEE4E788000020F4
:100F1000C4F20008ACF20008E0F20008F0B50129C4
:100F200085B00646154633D0022925D143F2320357
:100F300001240027ADF808300322012302A930461E
:100F4000ADF80A70ADF80C70FFF7EEFDBDF80C308F
:100F50006B8003F00702012A2A802AD013F00600D2
:100F60001AD11849184AD1F8804018490096A0476C
:100F70000024204605B0F0BD124B154AD3F880403E
:100F8000124903460020A0474FF440530024D0E705
:100F900043F233030C46CCE7023A012AE9D9094A65
:100FA0000096D2F8804009490A4A3846A0472F8067
:100FB000DEE70449084AD1F88040044900963846E3
:100FC000A047D5E78800002014F30008ACF2000821
:100FD000C4F2000878F3000844F3000810B582B0AA
:100FE00001AA01210446FFF799FF002201212046B2
:100FF000FFF74AFFBDF80430022B09D00649074A23
:10100000D1F8804006490020A047002002B010BD62
:10101000012002B010BD00BF88000020ACF3000822
:10102000F4F3000810B582B00021ADF8041043F2CB
:1010300031040123032269460094FFF775FDBDF8D2
:1010400004004AF6C043C01AB0FA80F0400902B06A
:1010500010BD00BF10B50C4C94F88810012982B067
:1010600010D90A49D4F8804012F4006F03460848AA
:1010700018BF0846C2F30A01CDE90001054A064936
:101080000220A04702B010BD8800002014F4000820
:101090001CF4000824F4000838F4000810B50A4CC9
:1010A00094F888C0BCF1010F82B00BD92C3989B2F9
:1010B00003461046D4F88040044ACDE900100449A4
:1010C0000220A04702B010BD880000204CF40008A8
:1010D00038F4000830B5094991F88840012C83B0F4
:1010E00009D902F00F04D1F88050054A054900944F
:1010F00003460220A84703B030BD00BF880000208F
:1011000074F4000838F4000810B50A4C94F888C04C
:10111000BCF1010F82B00BD97D3989B2034610466C
:10112000D4F88040044ACDE9001004490220A047C9
:1011300002B010BD8800002094F4000838F40008C4
:1011400010B5A1F1620C144C1CF0010F034694F889
:1011500088E084B01FFA8CF00ED1BEF1010F09D9DE
:101160004008D4F880400292CDE900010B4A0C49B6
:101170000220A04704B010BDBEF1010FFAD940080B
:10118000D4F880400292CDE90001064A04490220C9
:10119000A04704B010BD00BF88000020C4F40008C0
:1011A00038F40008FCF4000810B50B4C94F888C023
:1011B000BCF1010F84B00CD90346A1F58C7080B24C
:1011C000D4F880400090CDE901120220034A04497E
:1011D000A04704B010BD00BF8800002034F500080F
:1011E00038F400082DE9F04F1F4EDFF888B0804634
:1011F00015460FCE91B002AC0FC40FCE0FC40FCE68
:101200000FC49BF888C096E80300BCF1010F84E886
:10121000030007D9DBF88040144A1549009543467E
:101220000220A047DFF850A0DFF8449002AC10AED7
:1012300002E00834B44213D0A3881D42F9D09BF8D1
:101240008820012A4346524649464FF00200F0D911
:1012500027680097DBF880700834B847B442EBD1B8
:1012600011B0BDE8F08F00BF98B200085CF500082F
:1012700038F400088800002078F500082DE9F04FC8
:10128000384A92F88830012BA3B0054605D9D2F828
:1012900080303549354A022098473549DFF8DC90DF
:1012A000DFF8C480782204A808F0C8FF314A02920F
:1012B0000023022202A92846FFF736FC0DF1100B8D
:1012C0000026BBF80440BBF806A0A244A24506DCF9
:1012D00032E0624698470134A4B2A2452CDD44F4C2
:1012E000405C012302A928460322ADF808C0ADF8EE
:1012F0000A60ADF80C60FFF717FCDBF80830BDF8AA
:101300000CC021462846002BE3D1164F97F88820C1
:10131000012A2B464A4641464FF00200DBD9CDF860
:1013200004C0DBF8007000970E4F0134D7F88070CE
:10133000A4B2B847A245D2DC0BF10C0B22AB5B4543
:10134000BFD1084A92F88830012B08D9D2F88030F2
:101350000549094A022023B0BDE8F04F184723B0E1
:10136000BDE8F08F8800002038F400088CF50008F4
:10137000D0B20008D5100100DCF50008C8F500085F
:101380002DE9F04782B0BDF828400B9F03EBC40560
:101390006B88002B45D06E68844601EB0208043E42
:1013A0004FF0000E56F8044F620092B28A4234D3D6
:1013B000424532DAC4F30170012818D002283CD02B
:1013C00098BB521A93B2C4F34459012202FA09F2AB
:1013D00097424BD33449013AD1F8804001923349C6
:1013E000334A0097A047002002B0BDE8F087521AA8
:1013F00092B20CEB42093CF81200B9F8023043EA11
:10140000004323F00F0317B1C4F303442343180C24
:101410002CF81200A9F802306B880EF1010E73450A
:10142000C0D8012002B0BDE8F0871F4B214AD3F895
:1014300080301E4900209847D5E7521A92B20CEB33
:1014400042003CF81290438843EA094323F00F031B
:1014500017B9C4F3034423431C0C2CF812404380F7
:101460006B880EF1010E73459CD8DAE7C4F3044A89
:101470000CEB43043CF813006288C9F1200942EAEE
:1014800000424FF0FF3020FA09F000FA0AF022EA99
:10149000000207FA0AFA42EA0A02100C2CF81300BA
:1014A00062806B88B9E700BF8800002050F6000812
:1014B00018F600085CF600082DE9F04383B01D46DD
:1014C00043F440534FF00008BDF82840ADF8003019
:1014D0008946164669460123032245F4805507468E
:1014E000ADF80280ADF80480FFF71EFBADF80050A8
:1014F000BDF9045004FA09F46C4004EA06025540B0
:101500004346694638460222ADF80250FFF70CFB0D
:1015100003B0BDE8F08300BF30B583B00025294695
:1015200000957B23FF220446FFF7C6FF01210091AF
:1015300020468B230222FFF7BFFF8B2380220095DA
:1015400007212046FFF7B8FF03B030BD70B582B069
:1015500043F2370200230092ADF804300322012346
:1015600069460546FFF7E0FABDF8043013F0C00FF6
:101570001AD143F21C02012300920024694603227F
:101580002846ADF80440FFF7CFFABDF804301B053C
:1015900017D50F4B0F4AD3F880600F4920462B46D2
:1015A000B047204602B070BD094B93F88820002A4E
:1015B000DFD0D3F88040094A07492B460120A047D5
:1015C000D7E72846FFF7A8FF012002B070BD00BF93
:1015D00088000020ACF60008ACF2000880F6000895
:1015E000002870B446DB0029034639DB88420A46EE
:1015F0004BDA0025012429461B04B3FBF2F343F622
:10160000284293425AD946F2D632934261D948F6DB
:10161000720293425FD94AF6494293425DD94DF234
:10162000A30293425BD94FF24B72934298BF0520BD
:1016300045D94FF24C7648F233224CF2A3409B1B23
:1016400002FB03F300EB134014B1C0F5C9301F30A7
:1016500015B1C0F549303F30C1B1404270BC704750
:10166000494209B2884217DA002501240A46034696
:101670002146C1E7404202B20029104614DB9142E4
:101680000B4605DD99BB1D4800E050BB70BC7047A0
:10169000002401252146AFE70028DED000250B46B7
:1016A00002462C460121A7E7494209B28A424FF07F
:1016B0000105DADB0B46002429469DE70020104A8D
:1016C00002EBC00602EB8002D6E93A60D2F8202194
:1016D000B5E70120F3E70220F1E70320EFE704205C
:1016E000EDE700250B4602462C46294684E70125F6
:1016F0001A462C46034600217EE700BF20920100D7
:1017000060B200082DE9F0470646804602EB420031
:101710008CB0154606EB8000002289460DF10C0ABC
:10172000014617464FEA870E54469FED767AB31A64
:1017300075B103EB020CF444DCED007A9C46DCED61
:10174000006A0C3367EEA67A8B4237EE277AF0D127
:101750000EF1040EBEF10C0FA4EC017AE5D10137B5
:10176000032F0AF1100AA2F1040201F10401D9D1F8
:101770009DED045ADDED055ADDED086A6A4606F175
:101780000C01DFED607A43463DB11C4694ED007AD2
:101790000C33834277EE877AF7D108F10408884545
:1017A000E2EC017A00F10400EBD19DED037AF0EE5A
:1017B000C77AF4EE677AF1EE10FA12D69FED526A0C
:1017C000F4EE467AF1EE10FA0BDC9FED506AF4EE7F
:1017D000C67AF1EE10FA04DAB5EE407AF1EE10FABC
:1017E0007DD0F7EE007A87EE872A9DED073A9DEDD2
:1017F0000B7A65EE023A25EE824A65EE237A65EEB3
:10180000A34A33EE673A25EE846AF0EEC32A65EE0A
:10181000047AF4EE622AF1EE10FA76EEE44A76EEFD
:10182000E77A37EE466A06D69FED377AF4EE472A16
:10183000F1EE10FA47DDB7EE007AC7EE032ADDEDD0
:10184000006A9DED017A9DED023A63EEA63A67EEDD
:10185000A27A37EE637A64EEA73A67EE877A36EEBD
:10186000636A24EE264AF0EEC63A73EE677AF4EE27
:10187000633AF1EE10FA77EEC47A06D69FED224A6B
:10188000F4EE443AF1EE10FA2FDD87EE864A01209D
:10189000002364EE844A65EE845A77EE647A89ED1B
:1018A000024A67EEA27A25EE275AC9ED017A76EE52
:1018B000C57A77EEE57A67EE827AC9ED007A336011
:1018C0000CB0BDE8F0879FED117AF4EEC72AF1EE77
:1018D00010FAB0DAB5EE403AF1EE10FAABD10020D2
:1018E000002333600CB0BDE8F0879FED084AF4EEAA
:1018F000C43AF1EE10FAC8DAB5EE406AF1EE10FA29
:10190000EDD0C2E700000000FFFF7F7F00008000F5
:101910002DE9F047C36D8769056900247C80814605
:101920001C7000F14806A04656F8043FFBB1B3F81E
:1019300038C0B3F89400B3F89610B3F8DC2005EB88
:10194000400005EB410105EB420205EB4C0CC3E9FD
:101950001301C3F8A820C3F814C03C701868D3F86A
:10196000E020416883F8E880C3F8E4208847013428
:10197000E4B2042CD8D1D9F80000BDE8F0474368A0
:10198000184700BF0068C368184700BF70B5044619
:10199000806980B1E3694BB1104B93F888202AB17C
:1019A000D3F880300E4A0F49012098472068BDE8DF
:1019B000704083681847094D0B4AD5F880300949B3
:1019C0009847E36943B195F888302BB1D5F880305A
:1019D000034A044901209847002070BD8800002078
:1019E000DCF60008ECF60008FCF6000830B40269EA
:1019F000B0F8423090F8381032F81330032908BF9D
:101A000083F4004340F2E51101FB03F31B0C816CEE
:101A10008446A3F589700880BCF83C10DCF84C00C3
:101A200032F8111039B1BCF8401032F81110012908
:101A300094BF002101210170BCF83E00BCF83A10AF
:101A4000DCF8505032F8111032F81020DCF8544015
:101A500040F2E51000FB02F2A3EB12431BB2002B95
:101A6000BCF94420DCF80000B8BF5B421BB29A42CC
:101A7000A1F10102B2FA82F2ACBF002301235209A4
:101A80002A70237030BC4368184700BF0068C368E1
:101A9000184700BF00688368184700BFD0E90F23CC
:101AA000816B0069184700BF836910B50446CBB14C
:101AB0000E4B93F8882052B963698BB10B4B0C4ADB
:101AC000D3F880300B4900209847002010BDD3F890
:101AD0008030094A0749012098476369002BEDD1FE
:101AE000012010BDC369002BE2D1E5E7880000208A
:101AF00050F7000834F7000818F700082DE9F04FF8
:101B00009B461B68C2F51E66B34294BF9EB2B6B236
:101B1000884674084FEA520183B017464FEA8101A4
:101B20000CD0144B08EB84041944434651F8042BA1
:101B30005A80120C1A800433A342F7D10E4C851E32
:101B400004F1E20A04F1E40914F8013B35F8022F2C
:101B50003946CDE9003240464B463246FFF710FC8D
:101B6000A24501D00028EFD1CBF8006003B0BDE85A
:101B7000F08F00BF88C600089CB300080068C368E7
:101B8000184700BF00688368184700BFF0B482B0F0
:101B90002E4E056800238DF80330F36EF76EC3F107
:101BA00064031A442A4B1B6803EB8303C3EBC30390
:101BB0001B0D02FB03F30193AB6819420AD134E019
:101BC000019C019B013B0193AB68002C08BF0022E4
:101BD00019422AD0B1F5C06F05D12B7BDBB28DF84D
:101BE00003309DF80330F36EDB1B9342E8D36B6840
:101BF000426823F0E003B2F5827F6B6019D0836AFC
:101C0000B3F5005F07D12B6823F400532B602B68DA
:101C100043F400532B600122002380F85D2080F8FC
:101C20005C30032002B0F0BC7047002002B0F0BC72
:101C300070478368B3F5004F02D0B3F5806FDED1F3
:101C40002B6823F040032B60D9E700BF88000020F9
:101C50000000002070B4274D274BEA6E1B68046813
:101C6000EE6EC2F16402114483B0C3F3CB3301FBC7
:101C700003F30193A3681A062CD509E0019A019B8E
:101C8000013B0193A368002A08BF00211B0621D550
:101C9000EB6E9B1B8B42F1D36368426823F0E00339
:101CA000B2F5827F636019D0836AB3F5005F07D114
:101CB000236823F400532360236843F40053236014
:101CC0000122002380F85D2080F85C30032003B0FF
:101CD00070BC7047002003B070BC70478368B3F5D8
:101CE000004F02D0B3F5806FDED1236823F04003AC
:101CF0002360D9E7880000200000002038B5294A79
:101D00000368D56E1B689B061BD4846A2368A2688F
:101D10005868616820F0200058609AB15868B1F5A1
:101D2000827F20F00100586022D029462046FFF72C
:101D300091FFB0B901230022A4F8462084F85D3059
:101D4000236E38BD5A68B1F5827F0CBF22F00302C2
:101D500022F001025A6029462046FFF77BFF002847
:101D6000E8D0236E43F02003236620232366E1E7B7
:101D7000B2F5004F12D11A6822F0400229461A60CB
:101D80002046FFF767FF0028EBD12A464FF4C061D9
:101D90002046FFF7FBFE0028CCD0E2E7B2F5806FCB
:101DA000E9D0C2E788000020F8B51B4D0368EF6E4C
:101DB0001B68846A9B062CD42668736823F0200372
:101DC00073603A464FF4C0512046FFF7DFFE58B922
:101DD00039462046FFF73EFF30B93A464FF4C0611E
:101DE0002046FFF7D3FE38B1236E43F0200323666D
:101DF000236E43F020032366736823F003037360AC
:101E000000220123E287A4F8462084F85D30236E87
:101E10000BB901232B70F8BD8800002030B4124D9F
:101E2000124C00F1BC0C002143680B44024640F800
:101E3000043F12689A1AAA4209DD50F8042CA3F54F
:101E4000C9237E3BA1F5C92103607E399A1AA242BB
:101E500006DA03F5C92301F5C9217E3303607E311B
:101E60008445E1D130BC70473F240300C1DBFCFF57
:101E70002DE9F04FBFB00DF138090D4690460193A2
:101E800000F1020B3EAFCA46002440F6B73631E0FF
:101E900025B335F8141001F01F0E4FEA912C0EF106
:101EA000300E00FB0EF0C1F34411ACF1200C02FB2C
:101EB0000CFC002801F1300102FB01F1B8BF3F30FA
:101EC000BCF1000FB8BF0CF11F0C8011002900EB12
:101ED0006C10B8BF3F3100B241F38F110134182CA0
:101EE00008BF0024FFF77CFB4AF8040BBA450BF14E
:101EF000040B0ED0BBF900203BF9020C02FB02FCE4
:101F000000FB00CCB4451146C2DC00203FB0BDE868
:101F1000F08F0DAC0DF1060109F15C05224652F877
:101F2000043F002BB8BF0F3302311B1195420B80C9
:101F3000F5D14846FFF772FF002254F8043F216EA6
:101F4000A542A3EB01031A44F7D1124B83FB021302
:101F5000D217C2EBA31404F5994330334CF6621246
:101F60009342D2D802AE35460FCD4D4508F1100848
:101F700006F1100648F8100C48F80C1C48F8082C1C
:101F800048F8043CEFD1019B01201C803FB0BDE824
:101F9000F08F00BFABAAAA2A2DE9F04FADF2146D65
:101FA0000446914603938D1C03AE0DF20C67B5F900
:101FB000001035F9020CFFF713FB46F8040FB74287
:101FC00005F10405F3D100214846202207F0C0F9AD
:101FD0000DF16C0A4FF6FF73002104EB44060293E7
:101FE000304DDFF8C48001915346F600A9F1040991
:101FF00040F694578A469B46ABF15C00FFF70EFF14
:10200000ABF160004FF0000C50F8043F026E5845F1
:10201000A3EB02039C44F7D1BCF1000F31DB4FEA84
:102020009C1007FB00F0400D04FB00F006EB1020B5
:10203000C9F80400BAF1000F03D0D9F80030834288
:102040002AD959F8043F4344002BB8BF5B42AB4246
:1020500004D21D460123CDF808A001930AF1010224
:102060001FFA82FABAF1080F0BF1C00BC4D1019923
:1020700011B1DDE902231A8008460DF2146DBDE8A6
:10208000F08FCCF10000800907FB00F0400D04FB4D
:1020900000F0A6EB1020CBE7002108460DF2146DEE
:1020A000BDE8F08F40420F00E0D764FC2DE9F04F0F
:1020B00087B04FF0000E164600EB41090290821ED9
:1020C000CDE90316A9F1120935464FF0010BF2468E
:1020D000F4467046CDF804E005931EE040F2EE2190
:1020E0008B4240DC634500DD9C464FF0000BBEF1A7
:1020F000000F0ABF4FF0000B70460120CAF1000824
:102100004345019BB8BFA4EB060ABB4238BF3B4620
:102110009145019305F102052BD0568A32F8024F02
:10212000331B03F50048B8F5803F2746D6D240F26E
:10213000EE218B422B8007DD178868B9634515DDDA
:102140009C464FF0010ED9E7514917889C45B8BF0E
:102150009C468B42D2DACAE7634500DD9C46864640
:102160004FF0000BCAE74FF0000BE6E74FF0010E0F
:10217000C4E71946DDE90346059BBBF1000F03D117
:10218000002007B0BDE8F08FBEF1000FF8D00028A6
:10219000F6D0CDE9031C0027A4F11C09B84606F1CE
:1021A00012043D463E46BE46D34634F9021F019610
:1021B00001EB810C01EB4C010A22A246A4463CF93A
:1021C000026D02FB06113AF9026F02FB0611013A99
:1021D000F5D1019EA942C4BFF0460D468E42C8BF4C
:1021E00077460EF1010EC8BF0E46F145DDD14CF227
:1021F0005034A542DDE9031CDA46C1DD254CA64278
:10220000BEDABCF1000FBBD0BBF1000FB8D0029C0E
:10221000119D2488C900E4004DB18C4205D2ACEB7D
:102220000402013A0A44B2FBFCF2119D2A60109AA2
:10223000002AA6D0002BA4D0029A08F10E0532F88D
:102240001520B4EBC20F4FEAC20606D2ACEB040471
:10225000013C3444B4FBFCF42D1B029A0E3732F8D7
:102260001720B1EBC20F4FEAC20405D94A1E5244EF
:10227000121BB2FBFAF2BF1A55EA070280D4BD4224
:102280003FF77EAF109A7F1B17601D6079E700BF94
:1022900012FDFFFFB03CFFFF2DE9F04F204C9346AD
:1022A0009A46851E8A1E04F1E20800264FF41E6736
:1022B00004F1E40935F8021F32F8023F994222D0B6
:1022C000237809EBC303588830B3596847F6FF7E7B
:1022D00001EB8003002051F804CB1FFA8CFCE6458B
:1022E00028BFE646604538BF60468B42F3D14FEACF
:1022F0004E0E1FFA8EFE400080B2774528BF77460B
:10230000864238BF064601344445D3D1ABF800704D
:10231000AAF80060BDE8F08F47F6FF7EE7E700BF50
:102320009CB300081149D1F88C20D06810F040000F
:1023300001D0002070474FF0FF3310B4D360CC6E53
:10234000D3685B060FD4032803D10CE0D36858068A
:1023500008D4CB6E1B1BB3F57A7FF7D9032081F825
:10236000AD00EDE700205DF8044B704788000020C9
:10237000094A0A4BD2F88C10CB60D06E04E0D36EC1
:102380001B1AB3F57A7F04D8CB689B06F7D50020DB
:1023900070470320704700BF880000205FFF0300E4
:1023A00008B5114BDA6822F08002DA609A6892066A
:1023B00003D4FFF7DDFF88B908BD9A6822F0200238
:1023C0009A60FFF7D5FF18B1084B032083F8AD00E2
:1023D000054A936843F02003936008BD034B032034
:1023E00083F8AD0008BD00BF002800408800002031
:1023F000F0B5614C94F8AC30012B00F0BB80D4F800
:102400008C100223012284F8AC2084F8AD308B6854
:1024100013F0400C18BF90F803C003780CBF80F88D
:1024200003C04FEA8C5C092B09D900220A3BDBB2BE
:10243000092B02F10102F9D843EA0213DBB21A04B4
:102440004378092B09D900250A3BDBB2092B05F19A
:102450000105F9D843EA0513DBB28678092E4FEA65
:10246000032309D900250A3EF6B2092E05F101051C
:10247000F9D846EA0515EEB290F824E0BEF1090F4E
:102480000DD90025AEF10A0E5FFA8EFEBEF1090FDE
:1024900005F10105F6D84EEA05155FFA85FE456996
:1024A000076A3D4345EA0C052A4313433343456815
:1024B00043EA0E62C3691D43836ACA2048625320FF
:1024C0004862B3F5807F8B6837D023F400738B604C
:1024D000CB68DBB263F42073CB60E06E04E0E36EA4
:1024E0001B1AB3F57A7F1ED8CB689B07F7D50A6213
:1024F0008D648B6843F400738B608B6843F40053E6
:102500008B601E4B1A68002042F4802284F8AC00D5
:102510001A609A6842F480229A60FF2201234A627C
:1025200084F8AD30F0BDFF2203234A6284F8AD3059
:10253000002384F8AC300320F0BD23F480738B605B
:10254000CB68DBB263F4C073CB60E06E04E0E36E93
:102550001B1AB3F57A7FE6D8CB68DE07F7D5CA61D8
:102560004D648B6843F480738B608B6843F48053B5
:102570008B60C6E70220F0BD880000200004014007
:102580002A4A03460068904270B43BD8284A294C36
:1025900014210244B2FBF1F29200022183F82510CB
:1025A00001689D689E691C6421F4FF4C59695A6456
:1025B0002CF0700C294341EA0C01314341F08001B9
:1025C000B5F5804F016014D0596802F01C020F204D
:1025D00090409140174A94426FEA00001AD0D2F816
:1025E000A8442040C2F8A804D2F8A8040143C2F8C5
:1025F000A81400200122D86383F8240083F8252042
:1026000070BC70470C4A0D4C02441421B2FBF1F22D
:102610009200C2E7D4F8A8200240C4F8A820D4F859
:10262000A8201143C4F8A810E3E700BF0704024044
:10263000F8FFFDBF00000240F8FBFDBF00040240B0
:10264000134BDB68C3F30223C3F1070C1A1DBCF163
:10265000040F28BF4FF0040C062A88BFDA1E4FF083
:10266000FF3303FA0CF398BF002221EA03039340DF
:102670001B01421CDBB206D000F1604000F5614056
:1026800080F800337047024A82F82330704700BF59
:1026900000ED00E038B5104D104A2B68A2FB032373
:1026A0009B09013BB3F1807F01D3012038BD4FF07E
:1026B000E0220B495361F02381F8233000240723E3
:1026C0000F2894611361F0D801464FF0FF30FFF7F7
:1026D000B7FF6960204638BD00000020D34D62106E
:1026E00000ED00E010B5504B93F8AC200021012A1A
:1026F00083F8B01000F08480D3F88C20CA21022423
:1027000083F8AD4001205162532183F8AC0051623F
:10271000916821F480619160D168C9B261F49061DF
:10272000D160D16849066DD51F21516191683F483C
:1027300021F0070141F003019160016841F480112B
:102740000160816841F480118160916841F48041A9
:1027500091609168FF2441F480610120916054628E
:1027600083F8AD0093F8B020002183F8AC108AB94B
:1027700072B6BFF34F8FBFF36F8F93F8B02002B9DB
:1027800030BF62B6BFF34F8FBFF36F8F93F8B020A7
:10279000002AEDD093F8AC200021012A83F8B01074
:1027A0002ED0D3F88C000224CA2283F8AD40012138
:1027B00042625322426283F8AC10826822F4806243
:1027C0008260826822F480428260DC6E04E0D96E0E
:1027D000091BB1F57A7F0CD8C26812F00402F6D05A
:1027E000FF2401220021446283F8AC1083F8AD205D
:1027F00010BDFF240321446283F8AC2083F8AD10A0
:10280000FDF7C6FCDC6ED16811F004018CD1D86EE6
:10281000001BB0F57A7FF6D9FF240320546283F8B9
:10282000AC1083F8AD00EBE7880000200004014005
:102830002DE9F04F89B00493002900F0898002F05F
:1028400003077D1EC2F300130295DFF8B0B1694C97
:10285000059302F4403500234FF00108039592469A
:10286000019708FA03FC1CEA01066DD0029F5A008A
:1028700003259540012F6FEA05056CD9019F032FB1
:1028800040F0AC80D0F800C0019F0CEA050C07FABC
:1028900002F242EA0C020260039A002A54D0DBF8EA
:1028A000602042F00102CBF86020DBF8602002F0EB
:1028B00001020792079A23F0030202F1804202F517
:1028C000803203F0030CD2F808E04FEA8C0C0F259D
:1028D00005FA0CF5B0F1904F2EEA050E11D0464DD9
:1028E000A84277D005F58065A84275D005F58065CA
:1028F000A8426DD005F58065A84214BF07250425C0
:1029000000E0002505FA0CF545EA0E059560A26881
:10291000F5431AF4801F0CBF2A403243A260E268DC
:102920001AF4001F0CBF2A403243E26062681AF4B6
:10293000003F0CBF2A403243626022681AF4803F95
:102940000CBF2A4032432260013331FA03F288D1AE
:1029500009B0BDE8F08FD0F80890129F09EA050988
:1029600007FA02FE4EEA090EC0F808E0D0F804E0CB
:10297000059F2EEA0C0E07FA03FC4CEA0E0CC0F879
:1029800004C0049FD0F80CE007FA02FC019F0EEA95
:10299000050E4CEA0E0C022FC0F80CC07FF472AF8B
:1029A0004FEAD30900EB890903F0070CD9F820702E
:1029B0004FEA8C0C4FF00F0E0EFA0CFE27EA0E0EAB
:1029C000139F07FA0CFC4CEA0E0CC9F820C059E71B
:1029D000032597E7012595E7022593E7D0F80CE05A
:1029E000049F0EEA050E07FA02FC4CEA0E0CC0F832
:1029F0000CC047E7000401400004004800100240FA
:102A00002DE9F041C16F05689EB0044600295FD0F2
:102A100025682423E3672A68636A22F001022A609A
:102A2000002B40F0C380D4E90402A3682968034363
:102A30001343E0699E4A03430A4013432B606B68CB
:102A4000E26823F4405313439A4A6B609542A369AA
:102A5000AA6800F0F180216A22F430620B4313432C
:102A6000954AAB6095421BD0944B9D4240F0158136
:102A700003F5E633D3F8883003F00C030C2B00F297
:102A80000F81DFE813F0E0010D010D010D0172016E
:102A90000D010D010D012B010D010D010D01620153
:102AA000874BD3F8883003F00303022B00F0168124
:102AB000032B00F04A81012B00F05781B0F5004F45
:102AC00000F0CA81FDF768FD002800F018810AE1D6
:102AD00080F878105C2207A806F03AFC764B9D42FD
:102AE00000F0BF81754B9D4292D1022707A807973E
:102AF000FDF7EEFD0646002840F0DF81704B714D7A
:102B00009A6D42F400329A659A6D02F40032049292
:102B1000049ADA6C42F00102DA64DB6C03F0010320
:102B2000039307220323CDE90032039903463A4673
:102B30004FF090400F214FF08008FFF779FEC5E974
:102B40002E76C5E93068C5E93266C5E9346605F117
:102B5000B4065D4BC5F8B4303046FFF711FD0028D0
:102B600040F0AB816667102305F1FC06C5E9420819
:102B7000C5E94400C5E94600C5F804313046534B69
:102B8000C5F80071C5F8DC40C5F8FC30FFF7F8FC6B
:102B90000146002840F0918126672620C5F824418F
:102BA000FFF74EFD4A4B40225A6031E71E0705D51C
:102BB0006A68616B22F400420A436A60D80705D54F
:102BC0006A68A16A22F400320A436A60990705D54F
:102BD0006A68E16A22F480320A436A605A0705D5BE
:102BE0006A68216B22F480220A436A60DF0605D5F9
:102BF000AA68A16B22F480520A43AA609E0605D5FA
:102C0000AA68E16B22F400520A43AA60580609D56B
:102C10006A68216C22F480120A43B1F5801F6A6051
:102C200000F00A8119067FF5FEAE6B68A26C23F4F2
:102C3000002313436B60F6E622F43062134320490D
:102C4000AB60D1F8883003F44063B3F5006F00F057
:102C5000F18000F2E880002B00F02981FDF738FCBC
:102C600000284CD0626802EB4203834218D8B0EBD4
:102C7000023F15D8510800230F464FF480761946BD
:102C8000E0FB0671384604F073FB124BA0F540726E
:102C90009A4205D8074BD86031E00F4B9D425AD07D
:102CA0000023C4E91A3301201EB0BDE8F08100BF43
:102CB000F369FFEF0080004000380140004400400D
:102CC00000100240880000206C000240800002409A
:102CD00000E100E0FFFC0F0000480040B0F5004FAD
:102CE000794800F08B80636800EB5300B0FBF3F091
:102CF0004FF6EF73A0F110029A42D1D8E8606A68EB
:102D00007249002322F49042C4E91A336A60AA6827
:102D100022F02A02AA602A6842F001022A60C4F85E
:102D20008430CE6E2B681A0727D42B685B073ED4FD
:102D300000232022E26784F87830C4F88020184607
:102D400023666366B0E7302BAAD1B0F5004F55D0AB
:102D50004FF40040C7E75E4BD3F8883003F03003F0
:102D6000202BBBD0EFD8002B6DD0B0F5004F41D059
:102D7000FDF7AEFB0028C2D0B5E76FF07E433246C8
:102D80004FF400112046FDF743FE0028CDD0236804
:102D900053E8002F22F0800243E800210029F7D1F8
:102DA0002023E367002384F8783003207CE76FF06A
:102DB0007E4332464FF480012046FDF729FE00286D
:102DC000B6D0236853E8002F22F4907243E8002124
:102DD0000029F7D103F1080252E8002F22F0010286
:102DE00003F1080040E800210029F3D12023C4F8B2
:102DF0008030D7E7FDF76CFB002880D0626853086D
:102E000003EB40034FF6EF71B3FBF2F3A3F11002B3
:102E10008A423FF645AF23F00F0292B2C3F342035A
:102E20001343EB606BE7B3F5406F7FF439AF4FF4BA
:102E3000004017E7244815E76A68616C22F4C00275
:102E40000A436A60EEE6B0F5004F38D0FDF790FB1C
:102E500000283FF454AF46E7FDF79EFB0028CDD194
:102E60004DE7012307A80793FDF732FC034620BB7B
:102E7000174A116E41F480411166116E01F48041D0
:102E800006910699D16C41F00101D164D26C072002
:102E900002F00102032105920190009102224FF4F9
:102EA000C0614FF09040059DFFF7C2FCB0E5FDF713
:102EB0005FFB00283FF423AFD4E6FDF769F9FDF787
:102EC00057FB00289AD11AE70024F400880000205C
:102ED000001002400E490F4A10B4CC6E13691B0754
:102EE00006D50C4B5DF8044B1869C0F3C000704761
:102EF000CB6E1B1B8342F4D272B613691B0700D43E
:102F000030BF62B6BFF36F8F13691B07E9D4EFE7D9
:102F1000880000200004004838B50446406818B115
:102F2000FDF762FE00236360206918B107F0B4F971
:102F30000023236125682DB12846FDF7ADFD78B942
:102F400000232360E06818B1FDF72AFE0023E36048
:102F5000064B4FF480529A62BDE83840FFF7C2BB7F
:102F600000232B602846FDF713FEE9E70004004824
:102F700010B41E4C94F8AC30012B33D0D4F88C1024
:102F80000220CA2384F8AD0001224B6253234B6216
:102F900084F8AC208B6823F480738B608B6823F4F7
:102FA00080538B60E06E04E0E26E121AB2F57A7F15
:102FB0000ED8CB6813F00103F6D00020FF220123C6
:102FC0004A6284F8AC0084F8AD305DF8044B704779
:102FD0000320FF224A6284F8AC3084F8AD005DF82B
:102FE000044B704702205DF8044B704788000020B6
:102FF0000CB4F0B5ADB032AB06AE53F8042B05936C
:1030000004460D463046962107F038FA9528C4BF8D
:103010001B4BCDF8AA301B4B1B49DF6EA1FB0731C0
:103020001A4BA3FB0723980B194BA3FB07234FEA6B
:10303000931C184B4FF47A7202FB1C77A3FB00E23F
:103040005209042CC2EB0212A0EB8202A3FB0CE398
:1030500098BF114800974FEA531394BF005D3F207B
:10306000C3EB03130190CDE90256490DACEB83038A
:103070000A4807F0CFF92DB0BDE8F04002B0704724
:103080002E2E2E0088000020B17C219573B2E745DA
:10309000D34D6210898888889CF7000878F700086B
:1030A00070B5094E736F05469847044628B12A4605
:1030B000002106F04DF9204670BDD6F88030034A55
:1030C00003499847204670BD88000020A4F70008F7
:1030D000B4F700082DE9F04F02EBC30787B07B88F7
:1030E000DDF84090F3B18246884600264D467B6865
:1030F00053F82640C4F30170012816D0022830D0BE
:1031000028BBC4F34459012303FA09F39D4231D388
:103110002F4A3049D2F880602F4A013BCDE9005355
:10312000A3B2B04707B0BDE8F08FA3B2194658F874
:10313000232022F00F0215B1C4F30344224350466A
:10314000FDF7F4FD7B8801369E42D0D3EAE7204BA1
:10315000224AD3F880301F49002007B0BDE8F04F65
:103160001847A3B2194658F8232022F00F02002D69
:10317000E5D1E1E71FFA84FB4FF00103ADF80E3013
:103180004BF42043ADF81000CDF81200ADF80C3030
:1031900003A9504601230522FDF7C6FCC9F1200909
:1031A000BDF81220BDF814304FF0FF30C4F30444D2
:1031B00020FA09F0A04043EA024323EA000305FA9B
:1031C00004F4594643EA04025046FDF7AFFDB9E75F
:1031D0008800002050F60008C4F70008FCF700083B
:1031E000F8B516460D464FF4E272014618461C46E5
:1031F00007F024F8B6F8581021B196F85E30191E81
:1032000018BF0121012396F85B2084F8C6312B46B4
:1032100084F8C52133F8262B84F8C411A4F8C821FA
:1032200005F1560104F5E5721F685E689868D3F8E9
:103230000CC0C2F80CC010338B421760566090600F
:1032400002F11002F0D1B5F85630A4F8FA3105F1C8
:10325000580604F5FE7E05F18807B446BCE80F0069
:10326000BC450EF1100E06F110064EF8100C4EF88B
:103270000C1C4EF8082C4EF8043CEED1B5F8883002
:10328000A4F82C3205F18A0304F22E24BA3518680A
:1032900059689A68DE68E6601033AB42206061606E
:1032A000A26004F11004F2D1F8BD00BF2DE9F04F87
:1032B0009846184BDFF860B0B3F8707083B0043AEA
:1032C000043F52087F0897420C9E0190894628BF10
:1032D000174601F1040A0025741BBC4228BF3C4676
:1032E00045EA0B02631E08EB4501A9F80020A9F886
:1032F00002306200504606F0A1FF254401980023E9
:10330000A21C4946FDF710FCAE42E5D803B0BDE86B
:10331000F08F00BF8800002000C0FFFF2DE9F04FB4
:10332000264C87B00026CDE90466B4F87080894643
:10333000002B3DD04FEA5808CDE90102A8F104085E
:103340000D461F464FF4004BB246039325E0029B07
:10335000A5F800B033446B80631EAB80A5F806A0CF
:103360006200002105F1080005F0F2FF29460198EE
:103370000123221DFDF7D8FB04AA134603CA2644E5
:103380006960286009EB460559F81600696803C3AF
:10339000039B9E42A7EB04070AD2B845444628BFC8
:1033A0003C46B845D3D200E0013CE307FCD4CEE76D
:1033B00009F1080007B0BDE8F08F00BF88000020C9
:1033C0002DE9F04F2DED028B1C461B78ADF21C4D04
:1033D00005460F4691460A2B12D8DFE813F021006C
:1033E0000B007200F7007C010002AB02D203240440
:1033F00055042100FDF7F2FD002840F00A852378EE
:10340000C84ED6F88050C84AC8490020A8470020B6
:10341000064626700DF21C4DBDEC028BBDE8F08F08
:10342000C04EDDF84804EC22002105F091FFD6EDF6
:10343000517ADFEDBF5ADFEDBF6AF8EE677AB6EE7C
:10344000006A85EEA77AF4EEE67A37EE067AF1EEB8
:1034500010FABCEEC77A17EE103A1FFA83F800F3A1
:1034600033849FEDB57AF4EEC77AF1EE10FA00F1ED
:103470002B84A8F1100292B2EF2A40F2AD869FEDA4
:10348000AF7ADFEDAF6AD6F8805077EE877A37EE05
:10349000877ABCEEE78ABCEEC77AB8EE477A77EE59
:1034A000C77A67EEA67AFCEEE77A17EE907AA54B1C
:1034B000A54AA64901978DED008A0020A8472378E8
:1034C0009FE7FDF78BFD0490002898D04123002250
:1034D00039462846FFF722FF0023028C0292A0F112
:1034E000020A039398464FF6FF7B5A1E02FB02F234
:1034F000C2EBC202510001F5167CC83A3AF9021F2C
:10350000002B00F073843AF902EC01F57A76A1EB16
:103510000E019142FFF673AF61453FF770AF86EA47
:10352000E672A2EBE67292B25A4505D2990089B2D0
:10353000DDF81080039193460133102BD5D1B8F1FB
:10354000000F3FF45CAF039A82F0300ADDF84824A4
:10355000A2F804A0B0F822B0B0F88020A2EB0B02D1
:10356000B2F5FA6FFFF64BAF7949CDF810A012040F
:10357000A1FB021252094FF0000C20300392664664
:103580004FF6FF7E0AE0514538BF4FF00008013387
:10359000039A9BB2402B944400F05D8730F8021FE1
:1035A000029A8A1A002AB8BF524292B272450BEBB5
:1035B0001C4A38BF96460AF5487238BF1E468A42F2
:1035C00001F54871DFD24FF00008E0E7FDF706FD96
:1035D00000283FF414AF3946002220232846FFF785
:1035E0009DFEB0F9002007468446164601210020C2
:1035F00096463CF9022F02F54873A3EB0E039BB2EB
:10360000B3F5C86F3FF6FBAEB242A8BF084601F162
:103610000101A8BF16462029EAD1072840F2B58645
:103620001728A0F1070340F24B87D3F1200240F0A6
:10363000AF8646AB039303982EA9FEF763F80028E4
:103640003FF4DDAE9DED2E6AB5EE406AF1EE10FA64
:103650003FF4D5AE9DED2F7AB5EE407AF1EE10FA3B
:103660003FF4CDAEDDED306AF1EE666AC6EE877AE4
:10367000F5EEC07AF1EE10FAFFF6C1AEB1EE477A80
:10368000C7EE066AF5EEC06AF1EE10FA7FF5B7AE46
:10369000B7EE007A77EE877AFCEEE77A17EE903A8B
:1036A0009AB23F2AC3F34E033FF6A9AEDDF8482491
:1036B00083F01003D38040F215312846FDF7A6FBB6
:1036C0000426002800F0E58226700DF21C4DBDECAA
:1036D000028BBDE8F08FFDF781FC00283FF48FAE30
:1036E0005023394600222846FFF718FEDDF84834FB
:1036F000CDF81890CDE9045703F10A013023A0F169
:10370000020B9C460846A246124B002447F6FF7661
:10371000CDE9020B5D464FF6E472A646A1461F4670
:10372000B04623E08800002064F8000888F800080C
:10373000F902154F8096984C8096984BBD37063508
:10374000002474499C00010824F8000850F800087F
:10375000ABAAAAAA0080FFFF8E4204F10104C4BFF5
:10376000DE460E460832082C92B21AD035F9021FF6
:103770000FFA82FB4CB135F8020C081A00B28045F2
:10378000A8BF80468742B8BF07460029E4DA8B42CB
:1037900004F10104BCBFD9460B460832082C92B292
:1037A000E4D1A7F51C57103FBFB244F62062974200
:1037B000DDE9020B11D8B8F1000F0ED113F5004F5F
:1037C00000F0DB8547F6FF72964200F03F86AEEBD5
:1037D000090EBEF1080F00F0AD8254460FE6FDF76A
:1037E000FDFB00283FF40BAE4FF4407339462846EA
:1037F0000022FFF793FD0DF1340B00F5C063CDE916
:1038000004B30023029346AB0393484E484F0994F8
:1038100016ABCDE907B50DF1B80906930DF58A7819
:103820000546069CAA46BAF902103AF9040BFDF7C0
:10383000D7FE44F8040B4C45F5D12DACA346AA465F
:10384000BAF96210BAF96000FDF7CAFE4BF8040F2E
:10385000C3450AF1040AF3D1DDE902230DF1540E48
:103860009818002154F8043F5EF8042F9B1AB342C5
:1038700040F35782A3F5C9237E3BB342FADC002B09
:10388000B8BF5B429942B8BF1946A04540F8043B17
:10389000E8D1049B491043F8041F0493029B603352
:1038A0000293059BC0359D42BBD1DDE907B50021E0
:1038B000099C0A460B465BF8040F9042C8BF1946A4
:1038C00003F10103C8BF0246082BF4D10EAB0DF182
:1038D000B70253F82160039B01EB410103EB411157
:1038E0000DF1CF0051F8043BB342ACBF00230123DC
:1038F00002F8013F82421376F4D1002001230246F0
:103900000AE029B119F8011C002904BF1A46012058
:103910000133302B00F0F48319F8011F002AF0D096
:10392000002900F001820130F2E700BF3F240300CC
:10393000C1DBFCFF4FF6FF73ADF83830FDF74EFBEF
:1039400000283FF45CADD54ED54AD6F84431A2FBF1
:103950000328DDF84834B3F8E0304FEA98183946C8
:1039600003FB08F800224FF440732846FFF7D6FC0B
:1039700046AB07461A46039340460EAB3946FEF760
:103980000BFBC84B372283F82420002800F08281EB
:10399000DDF84824BDF838305384C34900932846E5
:1039A000C24A0C23FFF796FB284640F21741FDF769
:1039B0002DFA002800F06E819FEDBD7AF7EE007AB7
:1039C0003D4607F1C00007F5D86E0DF1B80CA0F127
:1039D000C0034FF00008B3F9022002FB02F1B3F973
:1039E0000020043302FB021298429044F3D106EE09
:1039F000908AB8EEE66AC030C6EE076A8645B1EE38
:103A0000E66AC7EE866AECEC016AE0D1DDF848347C
:103A1000DFEDA81ADFEDA80A9FEDA81A03F18809C7
:103A200016AB60370DF1D8089A46039B2EA92A469B
:103A3000B2F90000F1EC016A07EE100AB8EEC77A9D
:103A4000B2F9020027EE267A414567EE077A02F1C5
:103A5000C002C3ED007A07EE900AF8EEE77A32F979
:103A6000600C67EEA67A03F10C0327EE277A67EE67
:103A7000A77A03ED027A07EE100AB8EEC77A43ED93
:103A8000017A27EE267A32F95E0C67EE077AC3EDEB
:103A9000157A07EE900AF8EEE77A67EEA67A27EE37
:103AA000277A67EEA77A83ED167AC3ED177ABFD12E
:103AB000039810225146FDF725FE002800F0EA8009
:103AC000DAED006A9AED017AF1EEE67AB1EE006A7B
:103AD00066EE866A9AED026A67EE075A66EE866AB5
:103AE000B6EE006A76EEE56AF6EE085AB1EEE64A00
:103AF000C6EE276A77EEE57A26EE877A67EEA17A38
:103B000066EE846AF7EE004A77EE867A37EE247A1C
:103B100076EEE56AB3EE0F5A27EE207A66EEA16ADA
:103B2000F4EEC57AF1EE10FA37EE067A76EE866A92
:103B300000F37184F5EEC07AF1EE10FA00F188849A
:103B4000FCEEE77A17EE903A1BB2B4EEC17AF1EED2
:103B500010FA40F351846FEA83536FEA9353F3EE04
:103B60000F7AF4EEE76AF1EE10FA40F3368443F48C
:103B700078730435AF4229F8023F7FF456AF072629
:103B800047E4FDF72BFA00283FF439AC10233946FF
:103B900000222846FFF7C2FBDDF84834B3F88A302C
:103BA0000026844603F01F09C3F344189B0A09F159
:103BB000300908F13008A3F120000296B246B6465B
:103BC00037460CF1020B0BE05345774640F26E820C
:103BD000D6469A46B3B202930136082E00F06882A8
:103BE0003CF926303BF9262009FB03F302FB00F1E8
:103BF000002BB8BF3F33002902FB08F2B8BF1F31CA
:103C00009B11002A03EB6113B8BF3F321BB242F392
:103C10008F1203FB03F302FB0233BB42DCD9734573
:103C2000D2D81F46D8E7FDF7D9F900283FF4E7AB13
:103C30006023394600222846FFF770FBDDF8483440
:103C4000DDF848245633263200210646FEF710F9E7
:103C500000283FF4D4ABDDF84834DDF84824DDF823
:103C600048148833304658328A31FEF701F900286B
:103C70003FF4C5AB40F27C412846FDF7C7F8092662
:103C800000287FF421AD04E0FDF7A8F9002840F0FA
:103C90004781024E2378FFF7B4BB00BF88000020A5
:103CA000D34D62100000002048DA000810BC000864
:103CB00000004042000080420000004200007C42C0
:103CC000BD370635002474491FED037A5FED036AA2
:103CD000D6F880508B4B8C4A8C4977EE877A00203F
:103CE00037EE877ABCEEE78ABCEEC77A8DED008AA4
:103CF000B8EE477AA8F1100877EEC77A67EEA67A91
:103D0000FCEEE77ACDED017A17EE907AA847B8F18C
:103D1000EF0FBFD9D6F88050FFF7C9BB03F5C92311
:103D20007E33BB42FADBAAE50B2800F2E9810846A4
:103D30000A46EDE5F61ADB0093FBF6F3A9EB030365
:103D40000FFA83FEBEF1000FC0F26883BEF11F0FB1
:103D50003FF743AD1FFA8EFE6D4B83F815C00CF193
:103D6000010C5FFA8CFCBCF13A0F20F802EF0BF16A
:103D7000100B7FF4C9ACDDE90457DDF818908023FF
:103D80004A46394600932846624BFFF78FFADDF822
:103D90004834DDF848149B890093CE885E4A5F4919
:103DA00007232846FFF796F95B4A5C4900960823EB
:103DB0002846FFF78FF90323574A584900932846AE
:103DC0000923FFF787F90623534A544900932846ED
:103DD0000A23FFF77FF940F2D6312846FDF716F89F
:103DE0005446052600287FF46FAC52E701F57A733C
:103DF000002BB8BF5B429BB29B4502D80123FFF763
:103E000074BB00229B46DDF8108003920123FFF76C
:103E10006CBB43F232034FF00008469303220123A8
:103E200046A92846ADF81C81FCF77EFE39461223D0
:103E300042462846BDF81C61FFF770FA0146B0F80B
:103E400000E0B0F802C04346043140464FF6FF7729
:103E500046FA03F2D2070BD531F81320A2EB0C027D
:103E6000002AB8BF524292B2974284BF98B2174616
:103E70000133102BECD1431E0D2B3FF6C0AA00F1ED
:103E80000043013B01EB430731F813207B8841F2EB
:103E90008731D21A8A427FF7B2AA4FF6FF72964252
:103EA0003FF4ADAABA889B1A8B427FF7A8AA40F2CA
:103EB000E51303FB0EF31B0CA3F5897313F1140F29
:103EC0001AB2C0F201832C2A40F3FC824F2ACCBFE5
:103ED00004230323DDF848241049A2F800E05080B1
:103EE00093840D4A009025232846FFF7F3F840F20B
:103EF00033212846FCF78AFF022600287FF4E4AB32
:103F0000C7E600BF9C00010824F8000850F800082C
:103F10000000002050BD000810BC000848DA00086E
:103F200039464FF49C6300222846FFF7F7F90DF15C
:103F3000340A0EAF0DF1580B2EAE4FF00008CDF83D
:103F400004805346CAF8008046AA00979021C7F81B
:103F50000080CBF80080C6F800808146FEF7A6F806
:103F600000283FF496AECDE900685B4646AAF021F2
:103F700009F59070FEF79AF800283FF48AAECDE973
:103F800000A839683268CC4BCC4D521A02FB03F3BF
:103F900005FB01F11B0CC3EB5133DDF84814C1F8EC
:103FA000BC30DAF8003005FB03F305FB02F25B0BD3
:103FB000C1F8C020C1F8C43046AA0CAB40F21F11B2
:103FC00009F20230FEF772F800283FF462AECDE944
:103FD000007B0BAB46AA4FF4907109F5A860FEF781
:103FE00065F800283FF455AECDE90086434646AA61
:103FF00009F5F0604FF49071FEF758F800283FF48F
:1040000048AEDAF800203F68DDF82CE0DDF830C07B
:104010003368DBF80010BE1A05FB02F7A84AACEBC8
:104020000E0C02FB0CF25B1A05FB01F805FB0EFE01
:10403000DDF84814120CC2EB5E32C1F8C82005FB53
:104040000CF2C1F8CC209F4A06FB02F2120CC2EB24
:104050005732C1F8D0209C4A05FB06F603FB05F554
:1040600002FB03F31B0CC3EB5833C1F8DC50974D34
:10407000C1F8D460C1F8D8304E1E01F1EB074FF003
:10408000FF3316F8012F0821534043F300022A4062
:10409000013982EA5303F8D1B742F2D1DDF848245E
:1040A000DB43C2F8EC300A26FFF7B3B99E4693E52E
:1040B000B7EB5A0FBFF4A3A9DDF84824029B138481
:1040C0008349844A009328460B23FFF703F8002313
:1040D000804A7F49009328460923FEF7FBFF7E2391
:1040E0007B49009328467B4A0A23FEF7F3FF40F200
:1040F00053412846FCF78AFE00287FF4E5AAC8E56C
:10410000A0F10C03082B3FF67AA902EB5002172A04
:1041100002D9183A172AFCD892B2910089B201F15B
:104120003006DDF84834B6B25F2E1A8140F2C28103
:10413000694BA3FB06239B0903EB4303A6EB431345
:104140004FF000080E46C14699B20127614A00911E
:1041500021235F492846FEF7BDFF5E4A5C49009671
:1041600022232846FEF7B6FF03265A4A58490097ED
:1041700001232846FEF7AEFF564A55490096022312
:104180002846FEF7A7FF3346524A5149CDF8009022
:104190002846FEF79FFF4F4A4D49CDF80080042383
:1041A0002846FEF797FF4B4A4949009705232846C2
:1041B000FEF790FF0023474A45490093284606230F
:1041C000FEF788FF40F2ED312846FCF71FFE062679
:1041D00000287FF479AA5CE577EEC77ADFED3F6AC5
:1041E0009FED3F7A67EEA67AB8F13F0F77EE877AB8
:1041F000FCEEE77A17EE903A9BB200F21A810021AA
:10420000B8F12F0F88BF42468C46DDF84804A0F86D
:10421000E080A0F8E830A0F8E210A0F8E420A0F8D0
:10422000E6C02846B6F87080FDF790F900283FF404
:1042300031AD4FEA590C4FEA5808C44528BFC4466F
:10424000ACF1020CCDE903452CF0010C3B1D40F60E
:104250004C3A02931FFA8CFB4FF00008E146C8F578
:1042600034630C33994594BF5D4655464FEA580474
:1042700068084FEA84010CD0154B07EB8000194405
:104280003B4651F8042BDA80120C9A8004338342A7
:10429000F7D1DDF848340298B3F8E23001931C23DB
:1042A00000932A460B4B4146FDF76AF8D0B9039CB0
:1042B0002378FFF7A6B800BFA82A0400AA0A0100C5
:1042C00054150200A64A07004E750B002083B8ED76
:1042D00048DA000810BC0008ABAAAAAAE8385BB507
:1042E00000007C42DDF848340298B3F8E4300193D2
:1042F0001A2300932A46754B4146FDF741F80028E2
:10430000D5D0DDF848340298B3F8E63001931B238A
:1043100000932A466D4B4146FDF732F80028C6D07F
:10432000DDF848340298B3F8E8300193192300937C
:104330002A46664B4146FDF723F80028B7D02B46A6
:10434000049821463A46D844FCF708FD1FFA88F83D
:1043500040F64B33AAEB0B0A98451FFA8AFA7FF610
:104360007EAFDDE903454FF4AE712846FCF74EFD04
:10437000012600287FF4A8A98BE447F6FF739E422C
:104380007FF4E0AC5446FFF73AB800F1080200238E
:1043900046A9981807EB4000039107EB430707EE87
:1043A000903A37F9026BF8EE677AB842C1ED027ABB
:1043B00007EE906AF8EEE77A03FB03F6C1ED007AA8
:1043C00007EE906AF8EE677A03F10103C1ED017A16
:1043D00001F10C01E3D1FFF72EB9F5EEC06AF1EE61
:1043E00010FA3FF5C6ABFCEEE66A16EE902A43EAF9
:1043F00042131BB2FFF7BDBBB5EEC07AF1EE10FA67
:104400003FF5ADABBCEEC77A17EE102A43EA822324
:104410001BB2FFF7A4BB1F23FFF797BBCEF1000E23
:104420001FFA8EFEBEF11F0F3FF6D7A94EF0200EE9
:1044300092E4B8F1BF0F96BFA8F140024FEAD8024C
:10444000C2F3CF0208F0070C0121DEE6CE4679E484
:104450000023FFF77ABBDDF810A0B8F1000F3EF49F
:10446000CEAFDDF848345E81012300934FF47E53D4
:104470004A463946ADF81831284646ABFEF716FFD6
:10448000124A1349009626232846FEF723FE0F4AB8
:104490000F49CDF800A024232846FEF71BFE40F26A
:1044A000C6212846FCF7B2FC032600287FF40CA99D
:1044B000FFF7EFBB4FF003084FF00109002745E677
:1044C0000F2265E7022305E5012303E510BC000880
:1044D00048DA00082DE9F04F2DED0C8B99B090F8DB
:1044E0005E409B4690F85C300893042CB0F858303E
:1044F000039381468846924615D890ED145AB5EE3E
:10450000C05AF1EE10FA00F1F38190F86630002BFA
:1045100000F08F8290F85B30002B00F08A82D64C3E
:10452000D64A059402E0D44CD54A0594D4F880309C
:10453000D44900209847D9ED157AD4F84431019335
:1045400007EE103AF5EEC07AF1EE10FAB8EE478AAF
:1045500040F3D281C8EE278AF6EE007A78EEA78A79
:10456000039B002B00F0C18199F85E30049399F809
:104570005A30002B40F0C38199F86020022A41F0A4
:104580004E8099F85E40012C00F0CA830024224638
:104590002E990C71AAF8AC21002B00F0B58199F886
:1045A0005F30012B00F0DC83022B00F0D683002B60
:1045B00040F0C78301231A46AAF82630AAF828201B
:1045C00099F86030012B00F0B483022B00F0B08327
:1045D000002B00F0EB83059BAB4AD3F88030A94950
:1045E00000209847B8F1000F00F09281002301935A
:1045F000B8F8E410B8F80830AAF80210B8F8E610D5
:10460000AAF80410B8F8E210AAF80010B8F8E810F8
:10461000AAF80610B8F80210AAF808109B00B8F81B
:104620000410AAF80A109BB2B8F80610AAF80C10E9
:1046300003F13002B8F80A10AAF80E1092B2B8F8D6
:104640002010AAF810105F2AB8F82210AAF8121049
:1046500040F2EB816020B2FBF0F100FB112189B246
:1046600000201A4604460B460121AAF81430AAF885
:10467000162000230322AAF82230AAF81C40AAF828
:104680001E00AAF81810AAF82010AAF81A20ABF8F1
:1046900002300123CBF80A30019B002B00F07B860F
:1046A0000024CDE901440AF13E039FED789A9FED85
:1046B00078AADFED7B9ACDE9068A0AF14E060BF166
:1046C0000E074D469A46049AE3B29A4200F22981B7
:1046D00000233B803B81AAF800300134042C07F111
:1046E00002070AF1020A05F1140506F15606EAD19D
:1046F000DDE9068A0124BAF8AC31012B04D1DDE9E9
:10470000023202FB03F30293BBF80C20039B029DD1
:10471000B9F8640099F863C099F8667099F862E096
:1047200012FB03F2BBF80A30AAF89EE192B24FF6F0
:10473000FF7113448D429BB228BF0D464608591C99
:10474000AAF8A4518CF0010C019DAAF8A6C1033867
:10475000033E89B2AAF8A051AAF8A801AAF8AA6152
:10476000ABF80C20ABF80430ABF80610002F00F0CB
:104770001481413399B240250123ABF80010ABF806
:104780000850AAF8C031B8F1000F03D0B8F80C30C7
:10479000AAF8C231002C40F031812E9A0023136018
:1047A00099ED145A0024089BAAF8B231039B012BFF
:1047B00040F22181B9F85830023B01229BB29FEDB3
:1047C000356ADFED355A99F85A10F1EE007AC8EEE5
:1047D000066A68EE277A68EE255A87EE867AC5EE75
:1047E000867AB6EE006A76EE866A37EE067AFCEED8
:1047F000E66AB5EE405AD9ED155AAAF8AE31F1EE97
:1048000010FA16EE903A77EE867ABCEEC77AAAF8DE
:10481000B02114BF01220022FCEEE77AAAF838206A
:1048200099F85B20AAF8B43117EE103AF5EE405A29
:10483000AAF8B63117EE903AF1EE10FAAAF8B831AC
:1048400014BF01200020002C40F0AA80AAF83010EC
:10485000AAF83220AAF82A0099F861300F4ACAF85B
:10486000BA2101212046AAF82410AAF8BE3119B0B5
:10487000BDEC0C8BBDE8F08F88000020E0F800084C
:104880009CF80008B8F80008DCF900082549123E39
:104890008FC2753D0024744900009643FF0701084C
:1048A00000000000F5EEC07AF1EE10FA00F1D782B8
:1048B00099F85A30002B00F0D582F5EE407AF1EEEF
:1048C00010FA05D1B5EE405AF1EE10FA40F08483AB
:1048D0005FED0D8A059B674AD3F88030664900205A
:1048E0009847039B002B7FF43FAE039B04933EE667
:1048F000624C634A059419E6DFED628A30E62E9A2F
:1049000000231371AAF8AC31B8F1000F7FF46EAE3A
:104910000123CDE90188ABF80280CBF80A30444688
:10492000E9E60123AAF8003099F85C802A8940F270
:10493000FF3340F2FF11B8F1000F18BF0B460AB366
:104940009A421FD8AA7B2B7C62B1022B0AD1059B0D
:104950004D4AD3F8803048490020DDE9068A00241A
:104960009847C8E6E87B002840F0FC81012B00F066
:104970009580059B454AD3F880303F49DDE9068A9A
:10498000984708E0059B424AD3F880303A49002016
:10499000DDE9068A98470024ADE63D463B46ECE655
:1049A000B5EE405AF1EE10FA0CD0C8EE057A77EE6B
:1049B000867AFCEEE77A17EE903AAAF83C301B0CA8
:1049C000AAF83A30002361F30F03F5EE405A62F380
:1049D0001F43F1EE10FAAAF82A00CAF830303FF46B
:1049E0003BAFFCEEE87A17EE903A1A0CAAF82C20AE
:1049F000AAF82E3030E700221346E0E699F85D3041
:104A0000072B3FF6CAAE234A9FED1E9A134493F834
:104A1000F43BAAF8A2312E9B83ED009A049B002B55
:104A200040F0238299ED145ABDE6032001240021B1
:104A30001BE6012C40F2C88199F80F104A46012369
:104A400003E00133A34200F0BF81084692F823102F
:104A5000814202F11402F4D2084D0F4AD5F8804089
:104A6000054905950020A047D9ED157AD5F84431C0
:104A700065E500BF40F90008B8F80008880000208C
:104A8000CCF80008000000000CFA000838FA000812
:104A9000FCF9000860B200080CF900086FF00B0385
:104AA0000B93EB88AA880E93182B099240F2798217
:104AB0001822B3FBF2F102FB11339BB2002B40F042
:104AC000F5828BB20D930A92099B002B40F02E8445
:104AD000059BAF4AD3F88030AE4909989847B8F1A2
:104AE000000F00F018844FF000080223099A0B9978
:104AF00012FB03F39BB209932B6819440B460C91EC
:104B00000E99013A01FB023203F5C3430B9228339D
:104B10004CF25032934208D9059B9F4AD3F880301B
:104B20009C49002098474FF000080B9B03F5C343B6
:104B300028334CF25032934208D9059B974AD3F858
:104B400080309449002098474FF000080C9B002BC0
:104B5000C0F20183182293FBF2F212B20B990029E2
:104B6000C0F2F182182391FBF3F31BB292B29B1AAD
:104B700099B21BB20D981293B1FBF0F14B1C13913B
:104B80000C99119218221FFA83FE91FBF2F302FB9B
:104B90001313002BB8BF18331BB20F930A990A9B4B
:104BA000B2FBF1F2BDF83C10B1FBF3F003FB1010C7
:104BB00083B20C930B9B4FF0180C93FBFCF00CFB97
:104BC00010300028B8BF183003B2013A10930C9887
:104BD00093B20A9A179313FB0200BEF1010FBDF8BE
:104BE000402080B200F0CD82131A18BF01230E932B
:104BF0000C9B994200F0BA820E9B139A1493D21A1E
:104C000092B20B9202460F9BD31A0A9A93FBF2F3CD
:104C10009BB21593012316930C9B89009B00B186D0
:104C2000F386B8F1000F40F0588380230F934FF0C4
:104C300000080F99119B1298A1F14A0292B2C3F198
:104C40002903134411924A08033AF2851AB21392C7
:104C50009BB2121A1293292AA1F10303B38508DC2F
:104C6000059B4F4AD3F880304A49002098474FF0BF
:104C700000080F9B139A143B9A4208DB059B494A94
:104C8000D3F880304349002098474FF000080A9B32
:104C9000013B9B009BB22C2B00F244821E2B40F266
:104CA00054831E3B99B20F231A46A6F84830149B32
:104CB000A6F844300D9BA6F84C100B99A6F84A2094
:104CC000013B169AA6F846300B1E18BF0123119817
:104CD0003086002A1298A6F84230159B708608BFCD
:104CE0000023A6F840207387002900F0EA810E9B7C
:104CF00033B10C9A109B9B1A0A9A93FBF2F39BB266
:104D0000F3870B9B179AB287013B9BB20B930B9BCC
:104D10003387B8F1000F40F03D82DDE9068A3AE6BC
:104D200099F81020013A012A7FF630AC22462FE490
:104D30000023CAF83430B8F1000F3ED001230193AC
:104D400056E4059B184AD3F8803012490020984752
:104D5000B8F1000F7FF44AACDAE500231A462BE4E1
:104D6000002229E4013B042B00F2778401A252F8CF
:104D700023F000BF9D4A0008D14F0008894D00086C
:104D8000C94F0008894D00086FF00C030B9388E6AB
:104D900084FA0008B8F80008D0FA0008E4FA00081D
:104DA00018FB000838FB0008BCF900084FF001139D
:104DB000CAF83430B8F1000FC0D10023ABF802308C
:104DC0000123CBF80A306BE4C24BD9ED157A059379
:104DD000D3F84431019307EE103AF5EEC07AF1EEC4
:104DE00010FAB8EE478A7FF75DADC8EE278AF6EE77
:104DF000007A78EEA78A18EE900A06F0A7F859B163
:104E0000059BB54AD3F88030B44900209847039BEE
:104E1000002B7FF4A9AB69E599F85A30002B7FF499
:104E200059AD039A99F85F10002A99F8602014BFD1
:104E3000204600209142049008D9059BA84AD3F847
:104E40008030A64900209847FFF791BB022A00F066
:104E5000E3832E9A1371AAF8AC31FFF7A0BBDFED04
:104E6000B08ACDE7DFEDAE8ADBE7BAF8AC31BAF84D
:104E7000A421012B00F0C68007EE902ADFED999A5D
:104E8000B8EE67AAB7EE089AB2EE02BA059B9FED9C
:104E9000960AD3F84431019307EE903AF8EE67CAC8
:104EA00080EE2C0A03F006FB99F86030022B6CEEC2
:104EB00080CA00F23B818D4A02EB8301D1ED00AA4A
:104EC000D1ED03BA20469FED96CA9FED89DADFF84F
:104ED0004CB2824E059D01944FF0000899F85E3067
:104EE0005FFA88F4A34240F2A580142303FB0493E5
:104EF0001B7C052B00F28D80022B40F29380022751
:104F0000142303FB0493DB7B052B00F29C83DFE877
:104F100003F03F3C39034542DFED767AF8EE677ADD
:104F200014228CEEA77A02FB04927B0007EB470762
:104F3000BF00118918370433BFB201FB03330233BA
:104F40005B009BB207EE907A87EE0D6A08F10108CC
:104F5000F8EE677A87EE867A07EE903AF8EE677A8F
:104F60009388C7EE865A06EE903AF8EE666AF0EE3F
:104F7000477A45EEA67A77EEA97A77EE897A3CEE03
:104F800027CAABE7DFED5C7AC8E7DFED5C7AC5E7FF
:104F9000DFED5B7AC2E7DFED5B7ABFE7DFED5A7AE0
:104FA000BCE70E9A002A00F081801823B3FBF2F3CD
:104FB00002FB03F3C3F118039BB2002B76D10E9BC7
:104FC0000A9301230D937FE56FF00F030B9368E5C0
:104FD0006FF006030B9364E599F85F2099F8603051
:104FE0009A427FF475AC039B2E9ADFED4D8A002B1D
:104FF00014BF23460023049300231371AAF8AC3195
:10500000FFF7CDBAF0EE499AB0EE49BAB0EE49AA30
:105010003CE70020D5F880305A46314600279847B3
:1050200038466DE7012B03D0022BF2D1032767E747
:10503000042765E7019C00283FF4B2AB9FED337A6B
:10504000DFED2B6A9FED326A99ED145A2E9BCCEE60
:10505000877AB1EE0C7AC7EEA65A2AEE07AA7AEE44
:10506000ABAACAEE257AB0EE007A77EE8B7A77EEAD
:105070008C7A77EEAA7A07EE867A77EE277A86EE32
:10508000A77AB4EEC57AF1EE10FA83ED007A7FF5D7
:105090008AAB059B1F4AD3F880401049FDEEC77AC2
:1050A000002017EE903AA047FFF77ABB059B1A4AFB
:1050B000D3F8803009490020984701230A930D93C3
:1050C0000DE50E9B002B40F029810B9BF3870023FD
:1050D000B3871CE6880000202CF90008B8F8000807
:1050E0006CF900089A999D41F902154F5CBE0008C1
:1050F0000024744920010000C0000000A00000004E
:1051000080000000E001000080010000000020435A
:105110000AD7233CB4FB000870FA000860FA0008C4
:105120000000000000231A461946BEE5059B5FED0E
:1051300004BAD3F880309A4A9A4900209847F0EE92
:105140006BAA0020BFE60B9B1821DB43B3FBF1F3F6
:10515000DB431BB20AE50C9BDA431823B2FBF3F2E4
:10516000D24312B2FAE4824210D10E930E9BAEEB00
:10517000030E1FFA8EF20B920022CDE91432169222
:105180004AE50C9B99424FF00003ECD014930B932B
:105190000E9338E5AB7A172B00F2DE80092B00F274
:1051A000EC80C3F109039AB2152326F8083C069B4C
:1051B00026F8062C002B00F01B8203EB4202938999
:1051C00026F8043C2B7C013B042B00F26B82DFE8C9
:1051D00003F07D626D58030000214FF002080B20A0
:1051E0004FF0050C08228E460B467084A6F82080EE
:1051F00042EA02424FF001080CF1FF30326008FA37
:1052000000F008FA0CF2013A013892B240027081C3
:105210009001520280B23281002260F30F0260F3EB
:105220001F42726099F85D20002B00F0C380BEF130
:10523000000F00F0BF80022A00F222815A4B134473
:1052400093F8F03BB381069B002B00F0C98000234C
:10525000A6F81C803382069B0B91D3E9328C002286
:10526000D3F8C4300A9313460A9908EB1240401A47
:105270000B998842624480F2468101330F2BF3D1AF
:1052800042E100214FF0020806204FF0030C0822F3
:105290008E460B46A9E74FF0010C4FF003080220A1
:1052A000082296214FF0FA0E63469EE7022304215E
:1052B0009C460822082A718433843FF62EAD4FF0B5
:1052C000000E42EA02427146734693E7069B0021B4
:1052D0009A8C4FF0010C0423ECE7EB7B052B00F2DA
:1052E000C781DFE803F00D0A070314104FF4907331
:1052F0000F939EE4C0230F939BE4A0230F9398E4A5
:1053000080230F9395E44FF4F0730F9391E44FF4DF
:10531000C0730F938DE40423FFF7E8BB0C9A109B36
:105320009B1A0A9A93FBF2F39BB2CFE6B8F1000FF7
:105330001DD12B7B53B3059B1C4AD3F880301949F0
:10534000404698470423FFF7D1BB0F2B12D90F3BE0
:105350009AB200210F23A8E4059B154AD3F88030A8
:1053600010490020DDE9068A9847FFF714BB0223A5
:10537000FFF7BCBB0022114697E4102B94BFC3F18A
:105380001E03C3F117039BB200220EE74FF0010882
:105390000423FFF7ABBB019B02931C46FFF7ABB99D
:1053A000DCF90008B8F8000860B2000898FA0008B4
:1053B00050FB0008072A63D8B248024492F8F42B45
:1053C000B281069A62B100223282002B66D1B38389
:1053D0007382F381B3827383F38233830023F38375
:1053E0002B89EA7A3285012B55D0023B9BB20121F1
:1053F000B384AB7B26F8023C83F00103F184738510
:105400000999BBF80C303B800B443981ABF80C3068
:10541000AB88297C06EE903A2B89012907EE103AD9
:10542000338C2AD0022914BFF0EE695AF0EE4A5AA2
:1054300001339BB207EE903AF8EE677AB1EE006A5C
:10544000F8EE666A67EE867AB8EE477A67EEA67A75
:105450000198029B67EE877A014667EEA57A0028DD
:1054600008BF114667EE897A0191FCEEE77A17EEE4
:10547000902A13440293FFF730B9DFED835AD7E740
:10548000059B824AD3F8803081490020DDE9068AF5
:105490009847FFF780BA00231946A9E70123B38391
:1054A000BEF1000F7FF4D7AEA6F812E07246714647
:1054B0000023F181B3827383002A4CD1F282134618
:1054C0009E44069BD3E92F81F04542DA084600232B
:1054D00003F1010C0A931FFA8CF3162B2ED008EB64
:1054E000104CBCEB0E0C0844F2D4002A7FF475AFCC
:1054F0000A9800FB01F108EB1148AEEB0802944555
:10550000C8BF034669E79BB2069A7382D2E9368325
:1055100003EB830208EB1242F92A65DC062003FB49
:1055200000F0052202E0BCF1FA0C52D5114601321E
:1055300092B2142A08EB104C1844F4D1059B554A3A
:10554000D3F8803052490020DDE9068A9847FFF7FA
:1055500022BA002341E7069AD2E9340C704545DAB5
:105560006246984601339BB2162BE7D000EB1241FE
:10557000B1EB0E016244F4D40CFB08F200EB1242D2
:10558000AEEB02029142D8BF98460699728AD1F8D2
:10559000CC30A6F8168003FB02F2D1F8C83003EB3A
:1055A00012430A46D1F8C4100B91F1890A910B9964
:1055B0005B1AD2E9362EC1D40A990CFB08F80EFB0F
:1055C00001F102EB114200EB184002EB000EFA224F
:1055D00076E701FB03F308EB1343C3F1FA039C45A1
:1055E000D8BF1146FA2263E70521FBE79846CCE7CE
:1055F000069B26F8043C2B7C013B042B52D801A2CD
:1056000052F823F03356000897520008AD520008B4
:1056100083520008D95100080123FEF7B4BF2E9A27
:105620001371AAF8AC31B8F1000F7EF4DFAFFFF7C9
:105630006FB900204FF004084FF0010C0222014620
:1056400086460346D1E50020D5F88030124A10493D
:105650009847DFED127A002060E4059B104AD3F8EA
:1056600080300B490020DDE9068A9847FFF793B99F
:10567000059B094AD3F88030054900209847FFF779
:10568000D4BA00BF60B20008CDCC4C3E68FB000825
:10569000B8F8000888FB00080CFB00088000000038
:1056A00060FA0008059B084AD3F880300749DDE915
:1056B000068A00209847562303FB04A30022C3F860
:1056C0006E20FFF768B900BF60FA0008B8F800085C
:1056D0002DE9F04FADF5117D0C46154600214FF434
:1056E000E27206460DF118081FA81F4603F030FEAF
:1056F000CDF8008008AB1FAA29462046FEF7EAFE37
:1057000030B94FF0000840460DF5117DBDE8F08F2F
:1057100094F85B20414608A810ABFBF7B1FA0028CB
:10572000EFD09C9ABDF8523013809D9ABDF8563048
:10573000DFF8ACB013803046BBF87080FBF706FF93
:1057400058B34FEA570A4FEA5808C24528BFC24625
:105750009A9B0397AAF1020A2AF0010A2A46043307
:1057600055464FF00009A0461F4692464A4605ABF3
:1057700039461FA80595FCF7C1F94FEA5901A9441C
:10578000059B9A9A04461FFA89F93046FBF7E6FA18
:10579000B9F51E6F08D2002CE8D1DBF880300D4A35
:1057A0000D4900209847ACE74346A046039F1C469E
:1057B000B8F1000FF1D080239A9900933A46304611
:1057C000064BFDF773FD9B9B224651461FA8FDF734
:1057D00007FD98E7D4FB000834F2000850BD00082C
:1057E000880000202DE9F04FADF5117D06460C46EE
:1057F000154600214FF4E2721FA89B4603F0A8FD56
:105800003C22002110A803F0A3FD9B9B93F8C571D7
:105810006FB15F4B5F4AD3F880305F4900209847F3
:105820004FF0000840460DF5117DBDE8F08F0DF1F9
:105830001808CDF8008008AB1FAA29462046FEF7BD
:1058400049FE0028ECD0414694F85B2008A810AB34
:10585000FBF716FA814680460028E1D09C9ABDF8F5
:10586000523013809D9ABDF8563013809B9805AB3B
:105870000DF112021FA9FCF70FFDBDF81420BDF8B1
:1058800012309A4206D29B9B224629461FA8FDF75A
:10589000A7FCC7E739463046FBF79AFA20B93046ED
:1058A000FBF7C0FB002864D005AB9B980DF11202FA
:1058B0001FA9FCF7F1FCBDF812A0BDF814309A4501
:1058C0000ED9334AD2F8843034490591002B44D0A4
:1058D00005A9304602229847B9F1000FA0D0D2E7BF
:1058E0002B4ACDF80880B2F8701003954FEA5B0B95
:1058F00049088B4528BF8B46981CA0EB0A00ABF1EA
:10590000020B2BF0010B80B29A99834528BF834686
:105910000431A14698465C460D46934604E0A244F5
:105920001FFA8AFAC24511D805AB524629461FA86C
:105930000594FCF7E3F807460028F0D0059B9A9AF7
:105940004FEA5A013046FBF709FAE8E74C46DDF822
:105950000880039DB9465A46B4E7D36F104A0592B2
:10596000304605A904229847B9F1000F3FF458AF1B
:1059700089E7074B93F88820002A3FF451AFD3F80A
:105980008040084A084933460120A04748E700BF45
:1059900088000020E8FB000834F2000880100100B5
:1059A0001080000128FC00084CFC000870B5FEB017
:1059B0004FF4E27204460D460DA8002103AE03F039
:1059C000C7FC00960DAA05AB00212046FEF782FD1C
:1059D00008B97EB070BD94F85B202B46314605A80F
:1059E000FBF74EF9F5E700BFF8B595692B7802EBA8
:1059F00043030F46B3F84460536901466888144670
:105A000003EB4000720004F0EDFB6B88E26D1E4476
:105A100013786E8003B93B791370F8BD2DE9F04F10
:105A20002DED048B038F8DB00546002B00F0158102
:105A3000B0F84030428F0469B0F850E007925B0044
:105A40000293838FC28F34F913300B92BEF1000F93
:105A500000F003811B010893D0E91223D718B0F896
:105A60005200B5F84230DFED8A8ADFF830B2019398
:105A7000FE434FF00008F6EE009A0990C1460496E6
:105A8000CDF828E0834B83FB0710F917C1EBA00189
:105A900001EB4100A7EBC00000281FFA89F886B28D
:105AA000C0F2EB80002FC0F2F180089B09B209041C
:105AB00081FB0301002906DA4FF6FF7C10EB0C0C8A
:105AC000604641F10001079B000C40EA0140991932
:105AD00034F91110A0EB011007EE900AB8EEE79A26
:105AE00029EE289AB0EE490A02F004FFB0EE408A8F
:105AF000B0EE490A02F0A4FC019B002B00F0A2804A
:105B00000B9BB5F844A01E4404EB46030020CDE9EE
:105B1000059703930646009059E095F838C0BCF10C
:105B2000000F4BD007EE101A07EE903AF8EEC76A56
:105B3000F8EEE77A26EE806A27EE887A66EE886AC3
:105B400037EE467A67EE807AB5EEC07A77EEA67ABF
:105B5000F1EE10FA4CBF37EE697A37EE297AF5EE9E
:105B6000C07AF1EE10FABDEEC77A4CBF77EEE97A53
:105B700077EEA97A17EE103AFDEEE77A5B4517EE5D
:105B8000901A47F6FF70B8BF5B468342D5F8549031
:105B9000A8BF03465945B8BF594699F800E081426D
:105BA000A8BF0146BEF1000F04D117EE100A9842BB
:105BB0005BD0E64689F800E01BB209B2A352009B15
:105BC000798053440093019B01369E4238D0009B5C
:105BD00095F839C008EB5302029B92B203EB8202A4
:105BE000A718A35EB7F90210BCF1000F95D0039877
:105BF000B0F800C00CF01F0E0EF1300E03FB0EFECD
:105C00004FEA9C23203BCCF3441C01FB03F3BEF181
:105C1000000F0CF1300C01FB0CFCB8BF0EF13F0E75
:105C2000002BB8BF1F334FEAAE1EBCF1000F0EEBC6
:105C30006313B8BF0CF13F0C1BB24CF38F116CE730
:105C4000DDE90597099B049A1F44D31A04930A9B24
:105C500009F1010999457FF415AF286843680DB033
:105C6000BDEC048BBDE8F04F184717EE900AB0EB7F
:105C7000010E18BF4FF0010E9CE71836B6B2049B18
:105C8000054AA2FB03016FEA11110EE70026F6E7B1
:105C900000008037ABAAAA2AABAAAAAA0080FFFFFD
:105CA0002DE9F04F2DED028BADF5037D4FF4987289
:105CB000002136A803F04CFB9A4D9B499B489C4C15
:105CC00004F0A8FB9B4BC5F84431022285F88820DC
:105CD0000FCC05F170060FC694E803004FF49872DC
:105CE00086E80300002136A803F032FB0123924925
:105CF000389350226C20FDF7D3F90646002800F0B7
:105D0000A9808E4B40F8043B04F10801682204F09E
:105D100095FA30463696FAF7BFFE08B164237360F1
:105D20003046FAF7B9FE08B1642333813046FAF7FA
:105D3000B3FE08B1022373813046FAF7ADFE08B115
:105D4000022333753046FAF7A7FE08B11E23B3814C
:105D50003046FAF7A1FE10B10123A6F85C303046B8
:105D6000FAF79AFE00287FD1DDF8D8804046FAF78E
:105D700093FE002845D0724967221020FDF790F964
:105D8000074600283DD06F4B036098F86240002C16
:105D90006DD06D49B8F85C4038221020FDF780F9CD
:105DA000694982463922FC20FDF77AF90646002C23
:105DB0006BD065493E226020FDF772F901248146CF
:105DC000BAF1000F63D0002E61D014B1B9F1000F09
:105DD0005DD0C6F8989027A9CAF8006008F10400C1
:105DE000FFF7E4FD00285CD1D5F88030574A5649CA
:105DF00098475046FAF712FF00237B603846FAF7BF
:105E0000CFFE534B53481B680021DB6839911C229D
:105E1000012104F095FA504B4FF480529A62FCF73E
:105E200061FC379818B1FAF7DFFE002337933A98F0
:105E300018B104F031FA00233A93399818B1FAF7FF
:105E4000AFFE00233993454804F0D2FA36A8FDF797
:105E500063F803E04248369604F0CAFA0DF5037D74
:105E6000BDEC028BBDE8F08F0223F3747CE736496A
:105E700038221020FDF714F9334982463922FC20DC
:105E8000FDF70EF9A14606469AE7A14698E7504667
:105E9000FAF77EFE3046FAF77BFE4846FAF778FEC0
:105EA000AAE7BDF8B030BDF8BC20D6F8980006903F
:105EB0001A4491B2BDF8B2200C91A6F89E1006F1DA
:105EC000F8015200C6F8841006F1F401C6F8E82083
:105ED000C6F88810002206F1F601C6F89420A6F84C
:105EE0009C20C6F88C1006F1F00206F1F70133870A
:105EF0007262C6F8901030B106F1EC01816106F1D2
:105F0000F5014262C165C6F8D8200C9AA6F8E420D3
:105F1000C6F8DC7098F862E00DF1C60418A80021FC
:105F200026E000BF8800002074BE000864FC000862
:105F3000CCBE000800366E01C4F100080FB0371364
:105F400008F200080DB03713A8FC0008B8FC0008E0
:105F50002800002034FD00080004004814FE00085A
:105F600084FC000834F8022F520820F8022B01317B
:105F7000CAB29645F6D8BDF8B8209DF8D41007915E
:105F80001A4492B20892B8F85C20BDF8BA10099190
:105F90009DED348A0B921146002A00F03181BDF844
:105FA000BE20B2FBF1F21092BDF8B610BDF8B420DD
:105FB000BDF8A2001A440B44DDF89E10A6F87E300E
:105FC000A54B3364A54B7364A54BB364032386F8D8
:105FD00074300F23A6F88030069BA6F87A00C6F826
:105FE0007610A6F87C20002B00F0E8820023299987
:105FF0001191CDE920332A991391CDE92233CDE9CE
:106000002433BDF8AC10129121AA14460DF1BE0143
:10601000D8B2704507D231F8020F22F8020F088972
:1060200010810133F4E7069A0B9B1387109B53876B
:106030000023C2E91333C2E915338A490D9118468A
:10604000894B536089498A4B93600E91894B8A49E9
:10605000D3600F9102F148013A32CDE91487CDE9BE
:1060600016A6C34604911746CDF828E0A0468246FE
:106070000A9B5FFA8AF94B4540F2C58038F8026FF7
:1060800027F8026FB8F808307C493B812F22EC20BA
:106090000593FDF705F8044600287CD0784B794934
:1060A0000364794B436481649BF81410059B0139A8
:1060B000042900F2BC85DFE801F0656B036803008A
:1060C0006FF00C000C9A9BF811C011999BF810E02E
:1060D00084F874E01644129AA4F87A200B9AA4F873
:1060E0007E20109AA4F88020139A84F875C0B6B266
:1060F000BCF1000F18BF1146DBF80420A4F87C6047
:10610000C4F876105B00C4E92120DBF80800C4F86D
:10611000E0300D9BC4F89C300E9BC4F8A0300F9B60
:10612000C4F8A430069BC4F8D43004F1E403C4F8E6
:106130008C00A4F89660A4F8DC606362C4F8D030E8
:10614000002321462387A4F89430504BC4F8D8305C
:1061500004F13C0004F1E803C4F8903041F8980BD6
:10616000E163FBF70FFD0BF1140B0AF101060028A8
:1061700037D02068C3689847049B43F8044FB24661
:10618000049375E76FF00B009CE76FF00F0099E741
:106190006FF0060096E7DDE91487D346179EDDF819
:1061A00058A0069A3A495B46123302EB8303002457
:1061B0005C60384AD5F8803020469847B3464E4652
:1061C000DDF818900497002E00F0CC81013EF3B268
:1061D00009EB83071E46F86C08B1AA6F9047FC6470
:1061E000F1E7D5F880302C4A2449179EDDE9148761
:1061F000D346DDF858A09847AB6F20469847D0E7C4
:106200000B9A1092D0E6DDE916A6DDE91487D6F8E0
:10621000983006930D9BC6F8A4300E9BC6F8A830A4
:106220000F9BC6F8AC30069A1C4BC6F8E03006F15E
:106230003C033360002A00F09B8106F1A003F26367
:106240001360306883689847044658BBD5F880309F
:10625000114A13499847CCE5ED190008951A000832
:106260008D1A00089D1A000811190008A91A0008C3
:106270008D19000885190008190C0008DCFC0008BD
:106280001D5A00087D1B0008851B0008E9590008FD
:10629000ECF6000810FD0008F0FC0008CD0A00082C
:1062A000A8FC00083068C3689847B34ACAF80420BD
:1062B0000023B24ACAF80C20CAF80830C7F804A074
:1062C000ADF8E23198F862E00DF5F1719C461A469E
:1062D000D8B2864536D918A8164630F813000244BD
:1062E00092B2A44621F8026F0133042B0881EFD14A
:1062F000BCF1000F01D0ADF8E221079AB8F85C308C
:106300008DF8F821BDF8E221369C8DED7D8A13FBD6
:1063100002F3ADF8E031089BBB81099BFB8120466D
:106320003997FAF7B9FB20B127A9201DFFF73EFBEB
:1063300058B9934B93481B682122DB68012103F075
:10634000FFFF68E500263046CCE7BDF89C003B9097
:1063500003F09AFF3A900028EBD08B4B4FF4805219
:106360009A61FCF7BFF98949389E37221420FCF75F
:1063700097FE044600283DD08549782240F25E20F1
:10638000FCF78EFE002840D001234FF000084FF4A8
:106390004052804FA0F8C43180F8C63127A920614F
:1063A000A660C4F8048084F80D80276030462792E8
:1063B0000322ADF8A080FAF7B7FBBDF8A03041F298
:1063C0001022934226D0744A7449D5F88070404612
:1063D000B8472046FAF708FC3046FAF7E5FC48B122
:1063E00044460020D5F880306D4A684998472046D9
:1063F000FAF7FAFB624B6B481B6800213791DB68A8
:106400001822012103F09CFF05E520612046FAF7E0
:10641000BFFBEFE73046FAF7C7FC06460028E0D19D
:10642000A068FBF779F8D4F80880032240F24913FA
:10643000009231464046FBF73FF840F249130422F0
:10644000022140460096FBF737F840F2491310222C
:10645000042140460096FBF72FF840F24913202212
:10646000052140460096FBF727F80096404640F28B
:1064700049134FF47F520621FBF71EF837943CACCA
:10648000379EDDE93A1216B13368BB420ED0D5F81B
:106490008030454A3D4900209847394B43481B68A6
:1064A0001322DB68012103F04BFFB4E40029F4D090
:1064B0000094B06806F10D03FCF782FF0028ECD0D1
:1064C000737B0A2B06D04FF4FA70FCF703FD00280B
:1064D000D6D1E2E72C4E4FF48057B762FCF702F9B1
:1064E000B761FCF7FFF8DDE936763046DDE93A982A
:1064F000FAF700FBA8B9224B2D481B681A22DB686B
:10650000012103F01DFF379B23B1224A19689142F4
:1065100000F05383D5F88030234A1C490020984767
:1065200079E424490DF1EF0E4FF0FF324FF0000CEB
:106530001EF8013F08205A4042F300030B40013887
:1065400083EA5202F8D10CF1010CBCF1EC0FEFD14F
:10655000779BD243934238D0D5F88030164A0B4906
:106560009847C8E7DBF89830049F06935E4651E6EB
:1065700006F1A003F36364E6090C00081D0C000893
:106580002800002054FD000800040048E4F1000841
:1065900034F200080EB0371378FD0008ACF20008A2
:1065A00098FD0008B4FD0008CCF10008D0FD0008FB
:1065B000F8FD00082083B8EDE4FD0008994B0D9329
:1065C000994B0E93994B0F9324E63846FAF764FAE9
:1065D000002890D0B068FAF7E7FB04373073002842
:1065E00000F0F082B01D0390301D02903069CDE9BB
:1065F00000904346B06822463946FFF7F3F800287A
:106600003FF479AF0820BDF8E24103F03DFE824639
:10661000002800F00983E00003F036FECAF8040009
:10662000002800F0FE82CAF80040082003F02CFE8B
:106630008046002800F0F282A00003F025FE064606
:10664000C8F80400002800F0E682C8F80040BAF15B
:10665000000F17D1764803F0CBFEBAF1000F3ED100
:10666000B8F1000F06D0D8F8040003F015FE40463C
:1066700003F012FE36A8FCF74FFC6E4803F0B8FE9C
:10668000FFF7ECBB1923CDE904836B4FDDF8DC90F9
:10669000B9F1000F04D0D9F80030684A934226D0EF
:1066A000D5F88030664A6749DDF8108000209847A9
:1066B000654B66481B681A22DB68012103F040FE27
:1066C000379B1BB15D4A196891425AD0D5F880308A
:1066D0005B4A5C49002098475D4803F089FEDAF880
:1066E000040003F0D9FD504603F0D6FDB8E799F851
:1066F0000C306BBBD9F808001521FAF787FB00288E
:106700003CD0012389F80C304FF47A70FCF7E2FB9F
:1067100000283AD0DDF8DC903A9B3B9A0693B9F119
:10672000000F04D0D9F8003044498B4238D0D5F856
:106730008030434A4349DDF8108000209847424B9F
:1067400044481B681722DB68012103F0F9FDB7E715
:10675000D9F810B0D9F808009BF8C6110122FAF751
:1067600093FB9BF8C53163B39BF8C631022B0CBF7A
:10677000012302238BF8C6310028C5D1DDF8108033
:1067800096E79868FAF77AFDA6E72F4B32481B6820
:10679000DDF81080DB681922012103F0D1FD8FE7BD
:1067A000B9F80430B9F806100B44B2EB430F0AD223
:1067B000D5F88030294A2349DDF810800020984719
:1067C000BDE70123D6E7D9F808B0D9F810805846BC
:1067D00098F8C611FAF7FCFA40B9D5F88040204A7B
:1067E0002049DDF810805B46A047A8E798F8C6115D
:1067F00027AA5846FAF792FB10B9DDF810809EE7F9
:10680000BDF89C30032B31D0BDF89E300093D5F8F5
:106810008040154A1349DDF810805B460020A047F0
:106820008DE700BF9D1A0008A91A0008190C00087E
:106830003CFE0008740001089C0001080EB03713EC
:10684000CCF10008E4F100082800002064FE0008F4
:1068500074FF000844FF000880FE00089CFE00084A
:10686000B4FE000834F20008D4FE0008BDF89E30E3
:10687000D9F81000069AC3F30013138090F8C431BE
:1068800023B190F8C6315A1E53425341069A5380A1
:10689000B0F8C831938000F5FD7B00F5E573063252
:1068A000D3F800E0D3F804C09968D3F80C80C2F89C
:1068B0000C8010335B45C2F800E0C2F804C0916060
:1068C00002F11002ECD1069AB0F8FA31D38600F545
:1068D0000B7B00F5FE733832D3F800E0D3F804C028
:1068E0009968D3F80C80C2F80C8010335B45C2F86D
:1068F00000E0C2F804C0916002F11002ECD1069AE7
:10690000B0F82C32A2F8683000F25E2B00F22E2391
:106910006A32D3F800C058689968D3F80CE0C2F81E
:106920000CE010335B45C2F800C05060916002F18A
:106930001002EED1B9F806B0D9F81030D9F8080035
:1069400093F8C631B9F80410BBF5005F00F2268158
:10695000013B069A18BF012302EB41011A035B4673
:10696000FCF7DCFC002800F04681BBF1000F3FF48F
:1069700044AFDDE9393923B11A68AE498A4200F0E3
:10698000E180D5F88030AC4AAC4900209847B9F195
:10699000000F05D1D5F88030A94AA84900209847B2
:1069A000DAF80010BDF8E221819B8A4240F02D8187
:1069B000002A00F0BB80DAF804B09FEDA26A03EB76
:1069C00081005A46B3F902C007EE10CA33F904CB6E
:1069D000B8EEC77A07EE90CA67EE066AF8EEE77A75
:1069E000834277EEA67A82ED017AC2ED007A02F157
:1069F0000802E7D18C4240F00181B0460BEBC4099C
:106A00009BED000ADBED010A02F09CFB0BF1080B89
:106A1000D945A8EC010AF3D18B498C48DFED8C8A6B
:106A20009FED8C8A03F0F6FC4FF0000BD94606EB85
:106A30008B0BDBED007A884AF5EEC07AF1EE10FAA6
:106A400048BFF1EE677A77EEA87A48BF834BBCEE79
:106A5000E77A58BF3B46F8EE476A8DED007A77EE4D
:106A6000E67A2C2167EE887A27A8FCEEE77A09F10E
:106A70000109CDED017A03F0F3FC1FFA89F978489A
:106A800027A903F0C7FC4C45CB4606D919F0070FE0
:106A9000CDD10A2003F0F0FBC9E70A2003F0ECFB9C
:106AA000DFED707A002332464FF0FF31B2EC017A0D
:106AB000B4EEE77AF1EE10FAC8BF194603F101030C
:106AC000C8BFF0EE477A9C42F0D106EB8103D3EDCC
:106AD000006ADFED5F7A9FED5F6A604A6248F5EE1B
:106AE000C06AF1EE10FAF7EE005ABFEE007A58BF16
:106AF000B0EE657A46EE877A58BF3A46BCEEE77A42
:106B0000F8EE476A17EE103A77EEE67A67EE867A85
:106B1000FCEEE77ACDED007A03F07CFC059B013BAF
:106B200005937FF4B3ADDDF81080D8E5002C65D176
:106B30004549464803F06EFC0A2003F09DFB4FF0E8
:106B4000FF31C2E7B9F1000F3FF424AF5A687FA9C3
:106B500099601068038F09EB43034361B0F89430E8
:106B600009EB4303C364B0F8963009EB43030365B4
:106B7000D0F898304BB1B0F89C1009EB4101196185
:106B8000B0F89E1009EB41015961B0F8E430526849
:106B900009EB4303C0F8B030904701E7D5F88030E7
:106BA000324A3349DDF8108000209847D5F880300C
:106BB000304A314900209847C1E59868FAF75EFBF2
:106BC000FFF729B9B068FAF72DFA327B0346002A9D
:106BD0007FF408ADB0683269002B7FF403ADCDE9D6
:106BE00000922246B41D0436434639460394029669
:106BF000FEF76EFD03E5DDF81080D7E71F4B204A56
:106C0000204840F2331102F0ABFB1F4B1F4A1D48D6
:106C10008E2102F0A5FB404603F03EFB4FF000083A
:106C200018E5504603F038FB4FF0000AFDE4002061
:106C3000FFF748BA0DB03713ECF1000808F200086E
:106C40005CFF0008000000008C00010898000108AB
:106C5000BD3706350024744928000108C4F5000832
:106C600038000108000080FF4000010800FF000814
:106C700068F2000818FF000834F20008F4FF00086A
:106C800064BF0008C4FF00089CFF00084CBF000858
:106C9000FEE700BFFEE700BFFEE700BFFEE700BF64
:106CA000FEE700BF704700BF704700BF704700BFDE
:106CB000024AD36E0133D366704700BF88000020BC
:106CC0000C4B0D49D3F88C204FF480104861D168EB
:106CD000490503D4012283F8AD207047D168C9B2B9
:106CE00061F49061D1600120012283F8B00083F843
:106CF000AD2070478800002000040140034B5A6912
:106D0000120744BF08225A61704700BF00040140C7
:106D10000148F9F78FBB00BF580200200148F9F77E
:106D200089BB00BFA00200200148F9F783BB00BF68
:106D30003C0100200148F9F77DBB00BF8401002021
:106D4000084810B4D0F86032D0F8944299691A68B3
:106D50002CB1234600F518705DF8044B18475DF818
:106D6000044B70478800002070B5AE4CD4F84851F1
:106D7000EB692A68A96840F60F00034240F087805B
:106D8000980602D5960600F1F380D4F8A8010128F0
:106D900016D0D80202D5490200F1F4801E0605D4AF
:106DA000590602D5530600F1258170BD1006F7D5AE
:106DB000D4F8B431002BF8D0BDE870409A48184799
:106DC000DE06E6D5D006E4D510232B62AB68B4F816
:106DD000A0215B0640F14281D4F8BC3119684B68B0
:106DE0009BB2002B00F09681934280F09381A4F82F
:106DF000A2310B689E0644D455E8003F23F480730B
:106E000045E800324AB1D4F8482152E8003F23F463
:106E1000807342E800310029F5D1D4F8482102F10D
:106E2000080353E8003F23F00103083242E8003131
:106E30000029F2D1D4F8482102F1080353E8003FB9
:106E400023F04003083242E800310029F2D1202328
:106E5000C4F8C831C4F8A811D4F8482152E8003F5A
:106E600023F0100342E800310029F5D1D4F8BC31F9
:106E700093F82520022A00F054810422DA6383F873
:106E800024100223C4F8AC31B4F8A23170BD11F063
:106E9000010640F09E80654802423FF476AFD80775
:106EA0000FD5D10540F1D68001212962D4F8CC114B
:106EB00041F00101C4F8CC1199076BD5002E40F0C8
:106EC0008C8058077DD51E0700F1C1801E050AD5AC
:106ED000500108D54FF400612962D4F8CC1141F07B
:106EE0002001C4F8CC11D4F8CC1100293FF45DAFD7
:106EF000990602D5920600F1A080D4F8CC21AB68A7
:106F000002F0280203F04003134300F000814648DA
:106F1000F9F74EFDAB685B067FF547AF05F1080357
:106F200053E8003F23F0400305F1080141E8003237
:106F300062B1D4F8482102F1080353E8003F23F07E
:106F40004003083242E800310029F2D1D4F8BC01F4
:106F500000283FF42AAF90F82530354A8263022B8F
:106F600000F0BB800423BDE87040C363F9F78CBD1B
:106F7000D4F8B031002B3FF418AF04F5A470BDE88D
:106F8000704018474FF480132B6270BDD1058BD42D
:106F9000980722D4590714D5002E94D004212962D1
:106FA000D4F8CC11180741F00201C4F8CC118DD5EA
:106FB00008212962D4F8CC1141F00801C4F8CC11A1
:106FC00084E7190782D502F0200131433FF47EAFF8
:106FD000EEE7D807DAD499072CD502212962D4F834
:106FE000CC115E0741F00401C4F8CC11D6D41907C6
:106FF000DED46BE755E8003F23F0400345E800325C
:107000004AB1D4F8482152E8003F23F0400342E857
:1070100000310029F5D120220023C4F8C421C4F88E
:10702000B43170BD88000020D00100202001000490
:10703000890A00085E07B1D4D9E7D4F8B031002B33
:107040003FF45BAF42489847D4F8485155E7900663
:10705000AED43BE798073FF534AF9BE7B4F8A211F5
:10706000B4F8A2319BB289B2002B3FF49EAE91429C
:107070003FF49BAE55E8003F23F4907345E800329F
:107080004AB1D4F8482152E8003F23F4907342E813
:1070900000310029F5D1D4F8482102F1080353E862
:1070A000003F23F00103083242E800310029F2D109
:1070B0002023C4F8C831C4F8B011C4F8A811D4F81A
:1070C000482152E8003F23F0100342E80031002934
:1070D000F5D10223C4F8AC3170BD0268436C11686D
:1070E00021F00E011160116821F0010111600124ED
:1070F000026C03F01C0304FA03F35360002380F8CE
:10710000254080F82430BDE87040F9F7BDBCC4F8D4
:10711000CC3170BD93427FF448AE0B689D06D8D445
:1071200070BD1A681D6C106820F00E0010601068A9
:1071300020F0010010605A6C012002F01C0200FADD
:1071400002F26A6083F8250083F8241099E600BFF4
:10715000D0010020034B5A69120544BF4FF400626E
:107160005A6170470004014010B5194C194AD4F80F
:107170008C304FF4802151619A68D20402D5DA68CC
:10718000D00509D49A68910402D5DA68920513D41F
:10719000012384F8AD3010BDDA68D2B262F4C07257
:1071A0000121DA6084F83C13FBF7E2FE68B9D4F8F9
:1071B0008C3084F83C03E5E7DA68D2B262F42072DE
:1071C000DA60012384F8AD3010BDF8F7E1FF00BFAD
:1071D0008800002000040140034AD2F8883043F4BC
:1071E0007003C2F88830704700ED00E0F0B4C56F5E
:1071F000202D4AD10C4601B112B90120F0BC7047D4
:10720000194600252123C0F88450C3678368294F9D
:10721000A0F85020B3F5805FFE6EA0F8522037D062
:10722000B0F85220036892B2B2B1DA69120604D4FF
:107230004A1C1DD1DA691206FCD504B314F8012BDF
:107240001A85B0F85220013A92B2A0F85220B0F854
:10725000522092B2002AE8D1DA69520604D44C1CBA
:107260001CD1DA695106FCD52023C3670020C5E78D
:10727000FA6E921B914218D3B9B11A68D5E735F866
:10728000022BC2F308021A85DBE70220F0BC70472C
:107290000369002BC4D125461C46C1E7FA6E921B38
:1072A000914202D309B11A68D6E72023C367F0BC24
:1072B000032070478800002000000000000000004C
:1072C00001F0FF01102A2BDB10F0070F08D010F897
:1072D000013B013A8B422DD010F0070F42B3F6D19B
:1072E000F0B441EA012141EA014122F007047FF0B4
:1072F00000070023F0E80256083C85EA010586EA0B
:10730000010685FA47F5A3FA87F586FA47F6A5FA46
:1073100087F68EB9EED1F0BC01F0FF0102F0070252
:1073200032B110F8013B013A83EA010313B1F8D1FD
:107330000020704701387047002D06BF35460338DE
:10734000073815F0010F07D1013015F4807F02BF17
:10735000013015F4C03F0130F0BC0138704700BF68
:10736000034613F8012B002AFBD1181A0138704785
:1073700053B94AB9002908BF00281CBF4FF0FF319C
:107380004FF0FF3000F036B9ADF1080C6DE904CED6
:1073900003F0FCFDDDF804E0DDE9022304B07047F2
:1073A00070B54FF0FF0C4CF4E06C1CEA11541DBF9B
:1073B0001CEA135594EA0C0F95EA0C0F00F0DEF866
:1073C0002C4481EA030621EA4C5123EA4C5350EA4B
:1073D000013518BF52EA033541F4801143F480139C
:1073E00038D0A0FB02CE4FF00005E1FB02E506F02D
:1073F0000042E0FB03E54FF00006E1FB03569CF082
:10740000000F18BF4EF0010EA4F1FF04B6F5007F87
:1074100064F5407404D25FEA4E0E6D4146EB0606F9
:1074200042EAC62141EA55514FEAC52040EA5E5082
:107430004FEACE2EB4F1FD0C88BFBCF5E06F1ED82C
:10744000BEF1004F08BF5FEA500E50F1000041EB63
:10745000045170BD06F0004646EA010140EA020010
:1074600081EA0301B4EB5C04C2BFD4EB0C0541EA32
:10747000045170BD41F480114FF0000E013C00F347
:10748000AB8014F1360FDEBF002001F0004170BD6B
:10749000C4F10004203C35DA0C341BDC04F1140484
:1074A000C4F1200500FA05F320FA04F001FA05F210
:1074B00040EA020001F0004221F0004110EBD370DD
:1074C00021FA04F642EB06015EEA430E08BF20EA09
:1074D000D37070BDC4F10C04C4F1200500FA04F3AC
:1074E00020FA05F001FA04F240EA020001F000413E
:1074F00010EBD37041F100015EEA430E08BF20EAB1
:10750000D37070BDC4F1200500FA05F24EEA020EF8
:1075100020FA04F301FA05F243EA020321FA04F027
:1075200001F0004121FA04F220EA020000EBD370DE
:107530005EEA430E08BF20EAD37070BD94F0000FDE
:107540000FD101F00046400041EB010111F4801F12
:1075500008BF013CF7D041EA060195F0000F18BFC3
:10756000704703F00046520043EB030313F4801FFF
:1075700008BF013DF7D043EA0603704794EA0C0FB9
:107580000CEA135518BF95EA0C0F0CD050EA4106CF
:1075900018BF52EA4306D1D181EA030101F000414C
:1075A0004FF0000070BD50EA410606BF1046194674
:1075B00052EA430619D094EA0C0F02D150EA013680
:1075C00013D195EA0C0F05D152EA03361CBF1046C1
:1075D00019460AD181EA030101F0004141F0FE4160
:1075E00041F470014FF0000070BD41F0FE4141F4E4
:1075F000780170BD704700BF81F0004102E000BF1C
:1076000083F0004330B54FEA41044FEA430594EA62
:10761000050F08BF90EA020F1FBF54EA000C55EA9D
:10762000020C7FEA645C7FEA655C00F0E2804FEA6E
:107630005454D4EB5555B8BF6D420CDD2C4480EA50
:10764000020281EA030382EA000083EA010180EA80
:10765000020281EA0303362D88BF30BD11F0004FCE
:107660004FEA01314FF4801C4CEA113102D0404204
:1076700061EB410113F0004F4FEA03334CEA13333F
:1076800002D0524263EB430394EA050F00F0A78057
:10769000A4F10104D5F1200E0DDB02FA0EFC22FA52
:1076A00005F2801841F1000103FA0EF2801843FA46
:1076B00005F359410EE0A5F120050EF1200E012A37
:1076C00003FA0EFC28BF4CF0020C43FA05F3C01875
:1076D00051EBE37101F0004507D54FF0000EDCF1EE
:1076E000000C7EEB00006EEB0101B1F5801F1BD397
:1076F000B1F5001F0CD349085FEA30004FEA3C0C9B
:1077000004F101044FEA445212F5800F80F09A8090
:10771000BCF1004F08BF5FEA500C50F1000041EB94
:10772000045141EA050130BD5FEA4C0C404141EB98
:107730000101013C28BFB1F5801FE9D291F0000F93
:1077400004BF01460020B1FA81F308BF2033A3F142
:107750000B03B3F120020CDA0C3208DD02F1140C39
:10776000C2F10C0201FA0CF021FA02F10CE002F174
:107770001402D8BFC2F1200C01FA02F120FA0CFC6D
:10778000DCBF41EA0C019040E41AA2BF01EB0451B6
:10779000294330BD6FEA04041F3C1CDA0C340EDCB4
:1077A00004F11404C4F1200220FA04F001FA02F3F7
:1077B00040EA030021FA04F345EA030130BDC4F1B5
:1077C0000C04C4F1200220FA02F001FA04F340EAAA
:1077D0000300294630BD21FA04F0294630BD94F05B
:1077E000000F83F4801306BF81F480110134013D42
:1077F0004EE77FEA645C18BF7FEA655C29D094EAB3
:10780000050F08BF90EA020F05D054EA000C04BF30
:107810001946104630BD91EA030F1EBF002100201B
:1078200030BD5FEA545C05D14000494128BF41F0BA
:10783000004130BD14F580043CBF01F5801130BD1E
:1078400001F0004545F0FE4141F470014FF00000A9
:1078500030BD7FEA645C1ABF194610467FEA655C5A
:107860001CBF0B46024650EA013406BF52EA0335FC
:1078700091EA030F41F4002130BD00BF90F0000FEA
:1078800004BF0021704730B54FF4806404F1320426
:107890004FF000054FF0000150E700BF90F0000FDF
:1078A00004BF0021704730B54FF4806404F1320406
:1078B00010F0004548BF40424FF000013EE700BFD6
:1078C00042004FEAE2014FEA31014FEA02701FBF66
:1078D00012F07F4393F07F4F81F06051704732F098
:1078E0007F4208BF704793F07F4F04BF41F40021EF
:1078F000704730B54FF4607401F0004521F000414D
:107900001CE700BF50EA010208BF704730B54FF0D6
:1079100000050AE050EA010208BF704730B511F0D7
:10792000004502D5404261EB41014FF4806404F10F
:1079300032045FEA915C3FF4D8AE4FF003025FEA95
:10794000DC0C18BF03325FEADC0C18BF033202EB19
:10795000DC02C2F1200300FA03FC20FA02F001FA73
:1079600003FE40EA0E0021FA02F11444BDE600BF16
:107970004A0011D212F5001211D20DD56FF47873AE
:10798000B3EB62520ED44FEAC12343F0004343EA03
:10799000505323FA02F070474FF00000704750EA4E
:1079A000013002D14FF0FF3070474FF000007047B8
:1079B0000348044B834202D0034B03B1184770477E
:1079C0008800002088000020000000000548064BC9
:1079D0001B1AD90F01EBA301491002D0034B03B1CD
:1079E0001847704788000020880000200000000031
:1079F00010B5064C237843B9FFF7DAFF044B13B1F7
:107A00000448AFF300800123237010BDC50300209C
:107A10000000000048B2000808B5054B1BB105493D
:107A20000548AFF30080BDE80840FFF7CFBF00BFB7
:107A300000000000C803002048B200086449654BFC
:107A4000CA682DE980484FF6FF0002401343C7B0D3
:107A50000F20CB60FAF71EFE002800F010835E496D
:107A60000B6803F4C063B3F5007F1ED00B685B4A5C
:107A70005B4823F4C06343F400730B6013684A69E6
:107A8000322404FB03F3B3FBF0F3500503F10103CD
:107A900006D500E023B14A69520503F1FF33F9D45A
:107AA0004D4B5B695F0500F1E8824E4A9368D268EE
:107AB00003F00C03042B1CD00C2B16D049494A4C64
:107AC0000A6842F480720A60E06E04E0E26E121A04
:107AD000022A00F2D2820A685605F7D54A6822F0D7
:107AE000F85242F080524A600CE002F00302022A8F
:107AF000E4D13C493C4C0A684A6822F0F85242F012
:107B000080524A603749D1F8942042F00102C1F80E
:107B10009420E06E04E0E26E121A022A00F2AD82B6
:107B2000D1F894209507F6D5CA6802F00300022820
:107B300000F0E3830C2B00F0A0822A4B1A6851015D
:107B400000F19B821A6822F080721A60E16E04E0F4
:107B5000E26E521A022A00F290821A689201F7D459
:107B6000D8682249224A01400A43DA601A681D494E
:107B700042F080721A60DA6842F08072DA60E26E77
:107B800004E0E36E9B1A022B00F277820B689B01E4
:107B9000F7D5184B1A6855070BD41A6822F007025C
:107BA00042F004021A601B6803F00703042B40F044
:107BB00064820C4A93681368980140F15E8293686E
:107BC00043F003039360E16E41F2883019E000BF97
:107BD00000ED00E00003FA05007000400000002006
:107BE00040420F0000100240880000208C809D0160
:107BF000020A003800200240E36E5B1A834200F262
:107C00003C82936803F00C030C2BF5D1936813F0BE
:107C1000F00F03D0936823F0F0039360CE4A13680B
:107C200003F00703042B0BD9136823F0070343F079
:107C300004031360136803F00703042B40F01D8254
:107C4000C64DAB6823F4E063AB60AB6823F46053CC
:107C5000AB60F8F73DFCAA68C14BC249C2F30312FE
:107C6000134493F81C3D03F01F0320FA03F3486804
:107C70000B60FAF70FFD0646002840F0FE81EB6C22
:107C8000B94F43F00203EB64EB6C03F0020306937D
:107C9000069BEB6C43F08003EB64EB6C03F080031A
:107CA0000593059BEB6C43F00103EB64EB6C4FF029
:107CB000904803F00103049341F2012A4FF01009A8
:107CC000049BC7F828A00223C8F828904FF4881214
:107CD000CDE9000008213846FAF7AAFD07F5C050A3
:107CE0003246CDE9006602230921FAF7A1FD40469C
:107CF000CDE9006602234FF444124FF40061FAF715
:107D000097FD3846032751463346019600970122D6
:107D1000FAF78EFD022332461946CDE90076FAF7CE
:107D200087FD0B46012249464046CDE90076FAF729
:107D30007FFD31460920FAF783FCDFF844A24FF4B7
:107D4000007BCAF800B02820FAF77AFC4FF480765E
:107D5000CAF80460AB6C43F00103AB64AB6C03F096
:107D6000010303930C20039BFAF76AFC4FF4805342
:107D7000CAF800300D20FAF763FC4FF40053CAF83C
:107D800000304846FAF75CFC4FF48033CAF8003004
:107D90001120FAF755FC4FF40033CAF80030734A4B
:107DA000C4F858114FF4E133C4E95411C4E959112E
:107DB000C4E95223C4F86C114FF440730C216C4891
:107DC000C4E95713FAF71CFE002840F05681DFF88B
:107DD000A4C194F86520C4F820B04FF48273C4E9BC
:107DE00002C34FF470636361072363630823C4E92C
:107DF0000600C4E90900C4E90B002061A063E36345
:107E000002F0FF0A002A00F080815A4B022684F813
:107E10006560196821F0400119604FF4417040F627
:107E200008711860002259605348A2660125A3F525
:107E3000584384F86550C4F86032A423C4E9990318
:107E400094F8A102C4E99B52C4E99D22C4E99F228F
:107E500000F0FF01002800F0AE81D4F86032242247
:107E600084F8A1221968D4F8642221F0010122F0DB
:107E7000706219601A619A68D4F86C1222F4004298
:107E800001299A60D4F8682200F00D8142F404427E
:107E900002299A6040F00A815A6842F400625A60EE
:107EA0005968D4F8702241F0007141F400415960E2
:107EB000D4F87412D8680A43D4F8781220F4004039
:107EC00042EA0122D4F87C12D860D4F88002DA6049
:107ED00001431960196841F0010119600022202155
:107EE000C4F8A42284F8A112C4F8902284F8A22233
:107EF00094F8A1122029CDB240F0BF8094F8A012CE
:107F0000012900F0BA80242084F8A102196821F028
:107F100001011960196821F480511960196819600C
:107F2000196841F00101196084F8A15294F8A11276
:107F300084F8A0222029CDB240F09F8084F8A102CD
:107F400019680E4821F001011960196821F4706167
:107F50001960196816E000BF0020024000100240BE
:107F600060B2000800000020000400480044004007
:107F7000D001002000300140E49CD1103C030020DF
:107F800000E100E041F001011960BF4BC4F8B432D8
:107F90004FF461210C2384F8A152C4E9AE12C4E964
:107FA000B022C4E9B232C4E9B42284F8A022C4F8F1
:107FB000D822FAF725FD054600285ED101462C227D
:107FC0000DA801F0C5F9B14AC4F8A8501F23C4F8A0
:107FD000943094F8AD30C4E9232540F2E732C4E987
:107FE0002625C4E9285503F0FF01002B00F05C8131
:107FF0000222D4F88C3084F8AD20DA68D20640F141
:108000000C8194F8AC300125AB4284F8AD5034D0EB
:10801000D4F88C3084F8AC504FF00209CA275326AC
:1080200084F8AD905F625E62FAF77CF9D4F88C3028
:10803000002867D19A6818609A6822F480229A60B2
:108040009A689A60FAF7ACF9D4F88C304FF0FF08D0
:10805000C3F8248070B984F8AD5084F8AD905F62A5
:108060005E6284F8AC50FAF75DF9D4F88C3010B346
:10807000C3F82480002384F8AC30F8F789F8844BE7
:108080001A6E42F001021A661A6E02F0010208929C
:10809000089A9A6D42F080529A659B6D03F0805366
:1080A0000793079BDBE442F400429A605A6822F48B
:1080B00000625A60F4E642F201125A60FAF770F96F
:1080C000D4F88C200346C2F824800028D2D14FF483
:1080D00080720DA8CDE91033CDE9143384F8AD508A
:1080E00084F8AC30ADF834308DF836300E931293FE
:1080F0008DF858501792FAF77BF90028BDD1FDF79B
:10810000CFFDFEE7FF225A62B4E784F864A02B6E2D
:1081100043F480532B662B6E03F480530A930A9B1F
:10812000EB6C43F00103EB64EB6C009703F001038D
:108130000993099B574D052340460193022253465C
:10814000E021FAF775FB544BC4F8E4614FF0010BE2
:108150004FF080084FF480672846C4E9743BC4E9B7
:1081600076AAC4E97BAAC4F8E081C4F8E871FAF7FA
:1081700007FA002881D1C4F82C6205F14806C4E949
:108180008C70464B2566C4F82402A5F5E475C4F846
:1081900038023046C4E987B9C4F82882C4F8F851D7
:1081A000C4F81832FAF7ECF900287FF466AFE665F8
:1081B000C4F8405229E6582219A884F8A01201F008
:1081C000C7F8802318A81893F8F782FA8046002889
:1081D0007FF453AF2E4F3248FA6C3243FA64FA6C94
:1081E00032400C920C9A04210322CDE900212B4647
:1081F00012224FF44061FAF71BFBBB6D43F480037E
:10820000BB65BB6D03F480030B93414621200B9BA0
:10821000FAF716FA234B5E601FE6CA215322596211
:108220005A62FAF77FF8C8B9D4E923329968D4F8CA
:108230009C0021F4E00121F0400199600243D4F850
:10824000A400996802430A43D4F898109A6019610F
:108250001A69D4F8941042EA01421A61FAF7A0F8B8
:10826000D4F88C30002844D1D96CD4F8A820D4F8A4
:10827000A00021F00301D964D96C02430A43FF2115
:10828000DA645962BDE600BF0038014000280040B2
:1082900000100240580200201C0002403000024042
:1082A0000004004800E100E0542230A884F8AC103B
:1082B0004FF4007601F04CF84FF400332FA82F93C1
:1082C0004596F8F705FA014600287FF4D6AE1F4A16
:1082D000D2F8903043F40043C2F890300320FAF70C
:1082E000AFF91B4D08232B602920FAF7A9F96E601E
:1082F0007EE6FF225A62F7F74BFF02F4FE40B0F52C
:10830000206F7FF417AC02F07840B0F1605F7FF42B
:1083100011AC104802427FF40DAC0B689F013FF591
:1083200038AC0B68094843F080730B60CB6843F0AE
:108330008073CB60E26E04E0E36E9B1A022B3FF683
:108340009CAE03689E01F7D523E400BF00100240F5
:1083500000E100E0700060064FF400534B60002025
:10836000704700BF4FF0FF30704700BF01207047DB
:10837000012070470020704708B500F0BFFF1623AA
:1083800003604FF0FF3008BD4FF0FF30704700BF73
:1083900010B54FF6FF731446024892B2FEF726FF5F
:1083A000204610BD3C030020DFF834D0FEF714FF58
:1083B0000C480D490D4A002302E0D458C450043340
:1083C000C4188C42F9D30A4A0A4C002301E0136016
:1083D0000432A242FBD300F097FFFFF72FFBFEE72A
:1083E000000001200000002088000020B0050108E6
:1083F0008800002030050020FEE700000C490D4AEF
:108400000B6810B50C4C121B2BB11844904207D8C6
:108410000860184610BD094B0B6018449042F7D90C
:1084200000F06CFF0C2303604FF0FF33184610BDC3
:10843000E0030020000001200014000030050020AF
:1084400010EE103A194923F000428A421BD9B2F1CA
:10845000FF4F02D330EE400A704700B583B0684644
:1084600000F018F900F003000128DDED010A9DED90
:10847000000A13D002280BD098B9012000F0C2F8EE
:1084800003B05DF804FBDFED0A0A002000F0BAB883
:10849000012000F0B7F8B1EE400AF1E700F030F843
:1084A000EEE700F02DF8B1EE400AE9E7D80F493FBA
:1084B0000000000010EE103AC3F3C7527F3A162AAC
:1084C000194615DC002A0CDB0C481041184205D077
:1084D0004FF4800313410B4423EA000300EE103AEB
:1084E0007047013203F00043F8D143F07E53F5E7C3
:1084F000802AF3D130EE000A704700BFFFFF7F00F3
:1085000010EE103A23F00043B3F1485F2CD2FDEE99
:10851000C07A17EE903A002B60D060EE007A9FEDA3
:10852000317A9FED315ADFED315A9FED316ADFED3F
:10853000316AA7EE875A9FED307AE7EE855AA7EEAB
:10854000A56AA7EE867AE7EE876A67EEA66A60EE0E
:10855000C00AB6EE007AE7EEA60AB7EE000AD7EE3A
:10856000870A30EE600A704760EE007A9FED1D7A50
:108570009FED1D5ADFED1D5A9FED1D6ADFED1D6A4F
:108580001E4AA7EE875A93429FED1B7AE5EE275AC3
:10859000A5EEA76AA6EE277AE7EE276A66EEA76A37
:1085A000D5D9174A934214D803F17F4307EE103A06
:1085B000B7EE006A36EE476A60EEC00AF6EE005A81
:1085C00097EEA57AE7EEA60A37EE607A36EE470A0E
:1085D0007047B6EE076AB5EE027AEDE7B7EE000A2D
:1085E000704700BF4ED747ADF6740F317CF293B49D
:1085F000010DD037ABAA2A3D610BB6BA9999993EC5
:108600000000483F10EE103A23F00043B3F1485FFA
:1086100004D2FDEEC07A17EE903A5BB360EE007ABA
:108620009FED157ADFED155A9FED156ADFED156A9E
:10863000E7EE875A9FED147AA5EEA76A20EE275A37
:10864000E6EE276AA6EEA77A30B9DFED106AE7EE0C
:10865000876AA6EE850A704727EE457AF6EE006A2D
:10866000A0EEA67ADFED0A6AD7EE270AE5EE260A23
:1086700030EE600A704700BFD3C92E2F342FD7B217
:108680001BEF3836010D50B98988083CABAA2ABEC9
:10869000ABAA2A3E70B510EE103A884A23F0004487
:1086A000944286B0054671D9854A94421E4624D824
:1086B00023F00042002BDFED837A834922F00F0282
:1086C000B0EE407A40F3E0808A4270EE677A09BFEC
:1086D0009FED7E7ADFED7E6ADFED7E6A77EEC77A08
:1086E00037EEE67A77EEC77A80ED007A77EEE67AB3
:1086F000C0ED017A012006B070BD774A944252D98C
:10870000B4F1FF4F48D2E215863AA4EBC25307EE0C
:10871000903ABDEEE77ADFED716AB8EEC77A77EE90
:10872000C77A8DED037A67EEA67ABDEEE77AB8EEEA
:10873000C77A77EEC77A8DED047A67EEA67AF5EE02
:10874000407AF1EE10FACDED057A40F09880B5EE62
:10875000407AF1EE10FA0CBF012302236049019127
:108760000221009103A8294600F012F9002EC2DA76
:1087700095ED007AD5ED017AB1EE477AF1EE677AA0
:1087800085ED007AC5ED017A4042B4E7002285ED1F
:10879000000A42600020AEE770EE407AC0ED017A38
:1087A000C0ED007AF6E700F0DDF89FED4E7A9FED20
:1087B000456AF6EE007AE0EE077A9FED457AFDEE27
:1087C000E77A17EE900AF8EEE76A1F28A6EEC60AC7
:1087D00066EE877AB1EE666A20DC434A411E26F0D7
:1087E000004352F8212023F0FF03934216D030EECD
:1087F000677A30EE470A002E30EE670A85ED007A80
:1088000085ED010ABFF677AFB1EE477AB1EE400AC7
:1088100085ED007A85ED010A40426CE730EE677A1B
:10882000E21517EE103AC3F3C753C3EBD453082B2A
:10883000DFDD9FED267A9FED275AF0EE405AE6EEF7
:10884000075A70EE657AE6EE077AD6EE857A35EE4F
:10885000E77A17EE103AC3F3C753D21A192A10DD7C
:108860009FED227A9FED225AB0EE650AA6EE070A26
:1088700075EEC07AE6EE077AD6EE857AB7E703237F
:108880006CE7B0EE650AB4E78A4270EE277A09BF5A
:108890009FED0E7ADFED0E6ADFED0E6A77EE877AD6
:1088A00037EEA67A77EEC77A80ED007A77EEA67A71
:1088B000C0ED017A4FF0FF301DE700BFD80F493FF0
:1088C000E3CB1640800FC93FD00FC93F0044353776
:1088D0004344353708A3852E800F49430000804369
:1088E000D401010884F9223F5401010800A3852E18
:1088F00032318D2410EE103A184923F000428A429A
:108900001AD9B2F1FF4F02D330EE400A704700B5DA
:1089100083B06846FFF7BEFE00F003000128DDEDDE
:10892000010A9DED000A10D0022809D090B9FFF786
:10893000E7FD03B05DF804FBDFED090AFFF7E0BDDA
:10894000FFF7DEFDB1EE400AF3E7FFF75BFEB1EEA5
:10895000400AEEE70120FFF755FEEAE7D80F493F4E
:108960000000000010EE103A23F0004300EE103A31
:10897000704700BFB1EEC00A704700BF10EE103A5A
:1089800023F00040B0F1FF4FACBF00200120704742
:108990002DE9F04F2DED048BDBB01C46944603937C
:1089A0000A46CD4B68991CF1040F53F821608246AA
:1089B00004F1FF38C0F24982BCF1030348BF0CF157
:1089C0000403DB10029301334FEAC30EACEB0E033A
:1089D0000593029B16EB0800A3EB080316D40130A5
:1089E0009FEDBE7A699C18441EA9002BA4BF54F8C1
:1089F000235007EE905A03F10103ACBFF8EEE77A7B
:108A0000F0EE477A8342E1EC017AEED1002EC0F21B
:108A1000B182039B1EA901EB830446AD4FEA830993
:108A20004046F7180AEB8301B8F1000FDFEDAB7A8F
:108A300009DBA3465346F3EC016A3BED017A8B4216
:108A4000E6EE877AF7D10130B842E5EC017A04F11D
:108A50000404E9D10DF1280B0BEB8603CDE9062EBA
:108A6000043B9FEDA09ADFED9E8A059804930AEBE4
:108A7000090446AF0BEB86090096CDF820C05AAB2F
:108A800003EB8603002E13ED140A4FEA860515DD6D
:108A90007B195A4660EE097AB0EE407AFDEEE77A2D
:108AA00073ED016AF8EEE77ABB42A7EEE87A37EE9B
:108AB000A60ABDEEC77AA2EC017AEBD1019000F0D4
:108AC000CFFAF4EE007AB0EE408A20EE270A00F0EA
:108AD0007DFAF2EE007AA0EE678A01980028FDEE9A
:108AE000C89AF8EEE97A38EE678A6CDD06F1FF3E47
:108AF000C0F108035BF82E2042FA03FC0CFA03F3E2
:108B0000D21AC0F1070119EE903A4BF82E200A4113
:108B10006344002A09EE903A00F3F080B5EE408AF3
:108B2000F1EE10FA40F09D80009B9E420ADD5D440C
:108B3000002355F8041D4D4543EA0103F9D1002BEC
:108B400040F0F280009B013B5BF82330002B40F0AB
:108B5000E780049B012153F8042D0131002AFAD04B
:108B6000731C31449C46029D039A05EB030E0EF1E3
:108B7000804E699D32440EF1FF3E07EB83061EAB2B
:108B800005EB8E0E03EB8205DEED017AF8EEE77A57
:108B9000B8F1000F0EF1040EE5EC017ADFED4F7A2B
:108BA00009DB2A465346F3EC016A32ED017AA3420F
:108BB000E6EE877AF7D10CF1010C6145E6EC017A1B
:108BC000E2DA0E465BE740F08F80731E5BF82320ED
:108BD000D211002AA2DD19EE903A002E03F1010312
:108BE00009EE903A40F3D48159464FF0000E51F807
:108BF000043B002B6AD0C3F5807341F8043C04E0C9
:108C00000B68C3F1FF0341F8043B0EF1010E7645FA
:108C1000F6DC01239E4600280ADD012878D00228D0
:108C200006D1711E5BF8213003F03F0C4BF821C0D8
:108C3000022A7FF473AFB7EE000A734630EE488A1B
:108C4000002B3FF46BAF0992019000F009FA38EE67
:108C5000408A0198099AB5EE408AF1EE10FA3FF485
:108C600063AF9246DDE9062EDDF820C00196AEEB3B
:108C70000C00B0EE480A009E009200F0F1F9DFED22
:108C8000186AB4EEE60AF1EE10FADDE90023F0EE20
:108C9000407AC0F250819FED137A059920EE077A51
:108CA0000831BDEEC77A0591B8EEC77A5C1CE7EED5
:108CB000667ABDEEC77AFDEEE77A17EE901A4BF8AA
:108CC000231017EE103A4BF8243046E00EF1010E57
:108CD000B6458CDB9E469EE71805010800000000A3
:108CE000000080430000803BF6EE007AB4EEE78A95
:108CF000F1EE10FA80F2988000220FE70133002E87
:108D000009EE903A3FF770AF002301289E4686D1C6
:108D1000711E5BF8213003F07F0C4BF821C087E710
:108D2000731C9C4619461EE733469246DDE9051240
:108D30005C1EA1F108005BF82410009E059061B94B
:108D400003F18043013B0BEB8303014653F8040D11
:108D5000013C08390028F9D0059105980092B7EE3A
:108D6000000A00F07DF9002C009AB0EE407AC0F2C3
:108D70000581601C46AD5FED256A81000BEB800329
:108D800005EB800073ED017AF8EEE77A5B4567EE5C
:108D9000877A27EE267A60ED017AF3D10DF1C808C3
:108DA0000B1F46A8C718C646A44600259146002EAC
:108DB00073DB844ADFED847A3846002301E0AB425E
:108DC00008DCF2EC016AB0EC017A01339E42E6EE77
:108DD000877AF4DA0CF1FF3CBCF1FF3FEEEC017A4C
:108DE00005F10105A7F10407E1D1689B022B4A4672
:108DF00056DC002B2EDC0ED1DFED737A414431EDD1
:108E0000017A414577EE877AF9D15346002B40F03D
:108E1000AE80C2ED007A19EE903A03F007005BB025
:108E2000BDEC048BBDE8F08F19EE903A002E03F1F3
:108E3000010309EE903AC8BF02223FF7D5AEF7EE24
:108E4000007A37EEC88A022268E600234FF0080E47
:108E50000293BBE59FED5C7A414471ED017A414597
:108E600037EE277AF9D1DDED327A534677EEC77ABD
:108E7000002B75D182ED007A64B133A90123B1ECE6
:108E8000017A01339C4277EE877AF8DA53460BB1C8
:108E9000F1EE677AC2ED017ABDE7DFED4B7A99E733
:108EA000689B032BB7D1002C7ED008EB840595ED91
:108EB000007AA0002B46294671ED017AF0EE476A50
:108EC00037EE277A414577EEC77A81ED007A77EE63
:108ED000A67AC1ED017AEFD1012C65D095ED007A2B
:108EE00008F1040173ED017AF0EE476A37EE277A54
:108EF000994277EEC77A83ED007A77EEA67AC3EDD2
:108F0000017AEFD1031DDFED307A434408F1080800
:108F100033ED017A984577EE877AF9D15346DDED46
:108F2000326A9DED337A73B9C2ED006A82ED017A3F
:108F3000C2ED027A6FE7FDEEC07A1C4617EE901A7A
:108F40004BF8231009E7F1EE666AB1EE477AF1EECD
:108F5000677AC2ED006A82ED017AC2ED027A5AE7C1
:108F6000B1EE477A82ED007A002C86D190E7F1EEDF
:108F7000677A4EE7039B4FEA83096BE5689B022BF8
:108F80000EDC002B13DC7FF446AFDFED0F7A3CE7FD
:108F9000022A7FF4C3ADF7EE007A37EEC88ABDE54A
:108FA000689B032B7FF437AFDFED077AB6E75346B4
:108FB000DDED327A13B9002313606BE74FF0004305
:108FC000136065E7EC0401080000000010EE102AB1
:108FD000C2F3C7537F3B162B22F0004129DC002B44
:108FE000104618DB1A4919410A4221D0DFED197ADF
:108FF00070EE277AF5EEC07AF1EE10FA18DD002A4D
:1090000004DA4FF4000242FA03F3184420EA0103A1
:1090100000EE103A7047DFED0F7A70EE277AF5EE2A
:10902000C07AF1EE10FA03DD002A08DB9FED0A0A90
:109030007047B1F1FF4FFBD330EE000A7047DFED10
:10904000077A0029BFEE000A08BFB0EE670A704732
:10905000FFFF7F00CAF2497100000000000000809D
:1090600010EE103A33F000411A4627D0B1F1FF4F0D
:1090700021D213F0FF4F22D1DFED2B7A2B4A60EE85
:10908000277A904217EE903A33DB4CF2503CC3F310
:10909000C75160451A46A1F1190116DDDFED247AAA
:1090A000DFED246A002BB0EE677AB8BFF0EE667A87
:1090B00027EE870A704730EE000A704770474CF27F
:1090C000503C60454FEAD151E8DC0144FE29E5DC23
:1090D000002915DC11F1160F19DB193122F0FF42BE
:1090E00042EAC15207EE902A9FED130A27EE800A4A
:1090F0007047DFED127A07EE103A27EE270A704725
:1091000022F0FF4242EAC15300EE103A7047DFED11
:109110000B7ADFED0B6A002BB0EE677AB8BFF0EE8A
:10912000667A27EE870A70470000004CB03CFFFFCC
:10913000CAF24971CAF249F1000000336042A20D3F
:109140006042A28D08B52DED048BF0EE408AB0EEA2
:10915000609A00F0D1F8F0EE490AB0EE408AB0EE25
:10916000680A00F00BF8F0EE400AB0EE480ABDECD9
:10917000048BBDE8084000F005B800BFB0EE600AFF
:10918000704700BF08B52DED048BF0EE408AB0EEBD
:10919000609A00F01FF8B0EE408AFFF7EFFB20B1B5
:1091A000B0EE480ABDEC048B08BDB0EE680AFFF7CC
:1091B000E5FB0028F4D0B0EE490AFFF7DFFB0028FA
:1091C000EED000F09BF822239FED018A0360E7E7D1
:1091D0000000807F10EE103A23F0004210EE903A2B
:1091E00023F000439A4202DB194613460A46991AB5
:1091F000B1F1706F00EE103A06EE902A3FDCB3F149
:10920000B14F10B52EDC0024B2F11A5F0ADA42B376
:10921000B2F5000F60DADFED357A66EEA76A20EE70
:10922000270A7E3C30EE666AF4EEC66AF1EE10FA6A
:1092300028D56FF30B0307EE903A30EE277A30EE25
:10924000670A27EE000AA6EEA60AA7EEA70AFFF70E
:1092500091FB34B1E40504F17E5407EE904A20EE10
:10926000270A10BDB3F1FF4F29DA03F15E4302F183
:109270005E4200EE103A06EE902A4424C4E730EE37
:10928000260A70471A4903F500030B4007EE903A8F
:10929000B0EE007AB0EE675A90EE075A02EA010388
:1092A00007EE103A26EE850A76EEC75AA5EEA70A13
:1092B000A6EE060AA7EE270AFFF75CFBC9E714BF74
:1092C00030EE260A9FED0B0ADFED0A7AB2F1FF4F6E
:1092D00008BFB0EE670A10BD03F1085302F108524F
:1092E00000EE103A06EE902A443C9BE70000807E98
:1092F00000F0FFFF0000807F704700BF014B18683F
:10930000704700BF2800002070B50D4D0D4C641B48
:10931000A4100026A64209D10B4D0C4C01F094FF7D
:10932000641BA4100026A64205D170BD55F8043B6D
:1093300098470136EEE755F8043B98470136F2E7C7
:10934000A0050108A0050108A0050108A405010861
:1093500002440346934200D1704703F8011BF9E72A
:109360001FB514461A46094B1B680546D8684CB110
:10937000074B0091CDE9013406492B4600F0B2F8C5
:1093800000F0DEFD044B1C46F3E700BF2800002080
:1093900024050108310501085F050108002310B507
:1093A0000446C0E90033C0E9043383608181436629
:1093B000C2818361194608225C30FFF7C9FF0D4B5B
:1093C00063620D4BA3620D4BE3620D4B23630D4BA8
:1093D00024629C4206D003F16802944202D0D0334A
:1093E0009C4205D104F15800BDE8104000F0BCBA21
:1093F00010BD00BF099500082B9500086395000873
:1094000087950008E4030020024A0349034800F05E
:10941000E3B800BF780000208D9D00082C000020DC
:1094200041680C4B994210B5044601D000F0AEFCE7
:10943000A168094B994202D0204600F0A7FCE168E0
:10944000064B994204D02046BDE8104000F09EBC77
:1094500010BD00BFE40300204C040020B404002031
:1094600010B50B4B0B4C0C4A1A602046002204210D
:10947000FFF794FF04F1680001220921FFF78EFF36
:1094800004F1D0000222BDE810401221FFF786BF90
:109490001C050020E403002009940008014800F0A6
:1094A00064BA00BF21050020014800F05FBA00BF88
:1094B0002105002010B50446FFF7F0FF236A1BB119
:1094C000BDE81040FFF7F0BF044B2362044B1B685C
:1094D000002BF5D1FFF7C4FFF2E700BF219400088D
:1094E0001C0500200EB403B5014603AB054853F834
:1094F000042B0068019300F0C9F802B05DF804EB9A
:1095000003B070472800002010B50C46B1F90E10CA
:1095100000F050F80028ABBF636DA3891B1823F43B
:109520008053ACBF6365A38110BD2DE9F0411F4698
:109530008B89DB0505460C46164605D5B1F90E109C
:109540000223002200F024F8A389B4F90E1023F4BA
:109550008053A38132463B462846BDE8F04100F0E7
:1095600059B810B50C46B1F90E1000F011F8431CB3
:10957000A38915BF606523F4805343F48053A3810E
:1095800018BFA38110BDB1F90E1000F0C9BC0000D6
:1095900038B5074D04460846114600222A601A468F
:1095A000FEF7E8FE431C02D12B6803B1236038BDEF
:1095B0002C05002038B5074D044608461146002208
:1095C0002A601A46FEF7E0FE431C02D12B6803B165
:1095D000236038BD2C0500202DE9F8430746884656
:1095E00014460026D4E90195B9F1010905D524688E
:1095F000002CF7D13046BDE8F883AB89012B07D9A1
:10960000B5F90E30013303D029463846C04706432A
:109610006835E9E738B5074D04460846114600228B
:109620002A601A46FEF7B4FE431C02D12B6803B130
:10963000236038BD2C0500209368013B002B10B43B
:10964000936008DA9469A34201DB0A2903D15DF82B
:10965000044B00F0DDBC1368581C106019700846FC
:109660005DF8044B7047F8B506460F461446D5180A
:10967000AC4201D1002007E014F8011B3A46304605
:10968000FFF7DAFF431CF3D1F8BD00002DE9F04FDE
:109690000D469DB014469846064618B1036A0BB9AC
:1096A000FFF708FF6B6ED90705D4AB899A0502D482
:1096B000A86D00F05AF9AB891B0701D52B699BB93E
:1096C0002946304600F0FAF870B16B6EDC0704D51D
:1096D0004FF0FF301DB0BDE8F08FAB899805F7D48F
:1096E000A86D00F043F9F3E70023099320238DF8D8
:1096F0002930CDF80C803023DFF8AC818DF82A308A
:109700004FF0010923469A4613F8012B0AB1252A86
:10971000F9D1BAEB040B0BD05B4622462946304602
:10972000FFF7A1FF013000F0A780099A5A4409927F
:109730009AF80030002B00F09F8000234FF0FF329A
:10974000CDE905230AF1010A049307938DF85330FC
:109750001A935446052214F8011B5348FDF7B0FD37
:10976000049AD8B9D10644BF20238DF8533013078B
:1097700044BF2B238DF853309AF800302A2B15D094
:10978000079A544600204FF00A0C214611F8013B7D
:10979000303B092B4BD9B0B1079214E0A0EB080382
:1097A00009FA03F313430493A246D2E7039B191D5E
:1097B0001B680391002BBBBF5B4242F00202079380
:1097C0000793B8BF049223782E2B0AD163782A2BF3
:1097D00032D1039B1A1D1B68039243EAE3730234E0
:1097E0000593DFF8D4A0217803225046FDF768FDE9
:1097F00038B1049BA0EB0A0040228240134301349D
:10980000049314F8011B29488DF828100622FDF74F
:1098100057FD00283FD0264B1BBB039B073323F08B
:10982000070308330393099B3B4409936AE70CFB46
:1098300002320C460120A8E70023013405931946A3
:109840004FF00A0C204610F8012B303A092A03D9B0
:10985000002BC6D00591C4E70CFB0121044601236F
:10986000F0E703AB00932A46124B04A93046AFF34E
:1098700000800746781CD6D16B6ED90705D4AB891A
:109880009A0502D4A86D00F071F8AB895B063FF52C
:109890001FAF09981EE703AB00932A46054B04A9A6
:1098A000304600F0D1F8E4E7600501086A050108D8
:1098B00000000000679600086605010838B5294BCE
:1098C000054618680C4618B1036A0BB9FFF7F2FD9C
:1098D000B4F90C30190722D4DA0607D409222A6019
:1098E00043F04003A3814FF0FF3033E0580712D517
:1098F000616B41B104F14403994202D0284600F063
:10990000C5FB00236363A38923F02403A381002301
:10991000636023692360A38943F00803A38123695B
:109920004BB9A38903F42073B3F5007F03D021461C
:10993000284600F01BFCB4F90C3013F001020AD0E9
:109940000022A26062695242A261226942B913F008
:109950008000C5D138BD990758BF6269A260F4E79D
:109960000020F7E7280000207047704770472DE976
:10997000F047164698468A680B69DDF820909342B6
:10998000B8BF1346336091F8432007460C460AB12E
:10999000013333602368990642BF33680233336072
:1099A000256815F0060506D104F1190AE368326846
:1099B0009B1AAB4226DC94F843302268003B18BF68
:1099C000012392062BD404F1430241463846C8478E
:1099D00001301ED02368226903F00603042B02BF66
:1099E000E5683368ED1AA3680CBF25EAE575002524
:1099F0009342C4BF9B1AED1800261A34B5421AD1FF
:109A0000002008E00123524641463846C84701304D
:109A100003D14FF0FF30BDE8F0870135C6E7E1180C
:109A20005A1C302081F84300224494F8451082F8F3
:109A300043100233C7E70123224641463846C84750
:109A40000130E6D00136D9E72DE9FF470F7E0C9EA5
:109A5000782F914680460C469A4601F1430207D87A
:109A6000622F0AD8002F00F0D180582F00F0B88064
:109A700004F1420684F842703AE0A7F16303152B23
:109A8000F6D801A151F823F0E19A0008F59A0008F0
:109A9000719A0008719A0008719A0008719A00087A
:109AA000F59A0008719A0008719A0008719A0008E6
:109AB000719A0008F39B00081F9B0008AD9B0008EB
:109AC000719A0008719A0008159C0008719A0008A4
:109AD0001F9B0008719A0008719A0008B59B000846
:109AE00033681A1D1B68326004F1420684F8423064
:109AF00001239CE033682068191D3160060601D5FA
:109B00001D6803E04506FBD5B3F90050002D03DACC
:109B10002D236D4284F8433058480A2311E0216810
:109B20003368080653F8045B02D4490648BFADB257
:109B30006F2F5248336014BF0A230823002184F892
:109B400043106668A660002E05DB21682E4321F0D5
:109B5000040121604BD01646B5FBF3F103FB11570E
:109B6000C75D06F8017D2F46BB420D46F4D9082B90
:109B70000BD12368DF0708D5236961689942DEBFEE
:109B8000302306F8013C06F1FF36921B2261CDF826
:109B900000A04B4603AA21464046FFF7E8FE0130ED
:109BA0004AD14FF0FF3004B0BDE8F087236843F09E
:109BB000200323603248782784F845702368316891
:109BC0001F0651F8045B02D45F0648BFADB2316096
:109BD000D90744BF43F0200323601DB11023ADE734
:109BE0002648E9E7236823F020032360F6E71646BA
:109BF000BDE7336825686169181D30602E061B6853
:109C000001D5196002E06806FBD5198000232361A5
:109C10001646BCE733681A1D32601E686268002170
:109C20003046FDF74DFB08B1801B6060636823611F
:109C3000002384F84330AAE7236932464946404668
:109C4000D0470130ADD023689B0713D4E068039B55
:109C50009842B8BF1846A6E7012332464946404617
:109C6000D04701309DD00135E36803995B1AAB42C0
:109C7000F2DCEBE7002504F11906F5E771050108B0
:109C800082050108B1F90C202DE9F04116070546BF
:109C90000C4654D44B68002B02DC0B6C002B48DDC7
:109CA000E66A002E45D0002312F480522F68216A04
:109CB0002B6030D0626DA389590705D56368D21A2D
:109CC000636B0BB1236CD21A0023E66A216A284623
:109CD000B047431CA38906D129681D292BD82A4ADD
:109CE000CA40D60727D500226260D90422692260C3
:109CF00004D5421C01D12B6803B96065616B2F60EC
:109D0000B9B104F14403994202D0284600F0BEF9EB
:109D1000002363630DE001232846B0470246501C30
:109D2000C9D12B68002BC6D01D2B01D0162B1ED1FC
:109D30002F60002022E043F040031BB21BE00F69BC
:109D4000002FF6D093070E6808BF4B690F6018BF4D
:109D50000023A6EB07088B60B8F1000FE9DD216A4C
:109D6000A66A43463A462846B047002808DCB4F9BC
:109D70000C3043F04003A3814FF0FF30BDE8F08189
:109D80000744A8EB0008E7E70100402038B50B695D
:109D900005460C4613B90025284638BD18B1036A9C
:109DA0000BB9FFF787FBB4F90C30002BF3D0626ED0
:109DB000D00704D4990502D4A06DFFF7D6FD28463C
:109DC0002146FFF75FFF636EDA070546E4D4A389F7
:109DD0009B05E1D4A06DFFF7C9FDDDE770B50F4E1F
:109DE0000C463168054611B900F002F93060214691
:109DF000284600F0FDF8431C03D14FF0FF34204605
:109E000070BDC41C24F00304A042F8D0211A2846D7
:109E100000F0EEF80130F2D1EFE700BF240500209A
:109E20002DE9F843CD1C25F0030508350C2D38BF6E
:109E30000C25002D064601DBA94204D90C23336012
:109E40000020BDE8F883DFF8D48000F0B1F8D8F83E
:109E500000301C4644BB29463046FFF7BFFF431C79
:109E6000044658D1D8F800402746002F43D1002C93
:109E70004BD023683946304604EB030900F0B8F8AC
:109E8000814542D121686D1A29463046FFF7A6FF69
:109E900001303AD023682B442360D8F800305A6848
:109EA00062BBC8F800700FE02268521B20D40B2A56
:109EB00017D96119A342256018BF5960636808BFAC
:109EC000C8F8001062514B60304600F077F804F19A
:109ED0000B00231D20F00700C21A1CBF1B1AA35041
:109EE000AFE76268A3420CBFC8F800205A60EBE7F6
:109EF00023466468AEE73C467F68B6E71A465B686F
:109F0000A342FBD100235360DEE70C2333603046CD
:109F100000F054F894E70560D6E700BF280500205C
:109F200038B5064D0023044608462B60FEF71AFAA2
:109F3000431C02D12B6803B1236038BD2C050020DF
:109F400008B5062000F02CF8012000F03BFA1F298C
:109F500038B505460C4604D9162303604FF0FF3090
:109F600038BDC26B12B152F821304BB9284600F00F
:109F70003DF8224601462846BDE8384000F024B8A6
:109F8000012B0AD0591C03D1162303600120E7E7F7
:109F9000002142F82410204698470020E0E7000006
:109FA000024B01461868FFF7D2BF00BF280000200F
:109FB0000148FFF7DABC00BF200500200148FFF789
:109FC000D5BC00BF2005002038B5074D002304464E
:109FD000084611462B60FEF7CFF9431C02D12B68CF
:109FE00003B1236038BD00BF2C050020FEF7BEB9C9
:109FF00038B5064D0023044608462B60FEF7FEF9EF
:10A00000431C02D12B6803B1236038BD2C0500200E
:10A01000F8B50E461446054618B1036A0BB9FFF7AA
:10A0200049FAA369A360A3891A0701D5236943B933
:10A0300021462846FFF742FC18B14FF0FF3738465B
:10A04000F8BD23682269981A6369F6B283423746DD
:10A0500005DC21462846FFF799FE0028EDD1A368CC
:10A06000013BA36023685A1C22601E706269431C76
:10A070009A4204D0A389DB07E1D50A2EDFD121461D
:10A080002846FFF783FE0028D9D0D6E738B5054625
:10A09000002941D051F8043C0C1F002BB8BFE41834
:10A0A000FFF786FF1D4A136833B9636014602846C2
:10A0B000BDE83840FFF782BFA34208D920682118C5
:10A0C0008B4201BF19685B6809182160EDE71A46E9
:10A0D0005B680BB1A342FAD911685018A0420BD1AA
:10A0E00020680144501883421160E0D118685B6811
:10A0F000536008441060DAE702D90C232B60D6E7DE
:10A10000206821188B4204BF19685B68636004BF34
:10A11000091821605460CAE738BD00BF2805002037
:10A1200070B50C46B1F90E10002996B015461E46C2
:10A130000DDAA38913F0800F4FF0000114BF402304
:10A140004FF48063002031602B6016B070BD6A460A
:10A1500000F062F80028ECDB019901F47041A1F5F0
:10A160000053594259414FF48063EBE78B89F7B5AF
:10A170009D0706460C4607D504F14703236023617B
:10A180000123636103B0F0BD01AB6A46FFF7C8FF6E
:10A19000009F054639463046FFF742FE48B9B4F9FC
:10A1A0000C309A05EED423F0030343F00203A3819D
:10A1B000E2E7A389206043F08003A381019BC4E907
:10A1C00004075BB1B4F90E10304600F045F828B131
:10A1D000A38923F0030343F00103A381A3891D4353
:10A1E000A581CFE7884210B501EB020402D9844271
:10A1F000234607D8431EA14208D011F8012B03F8CB
:10A20000012FF8E7024401468A4200D110BD13F83D
:10A21000014D02F8014DF7E738B5074D002304461C
:10A22000084611462B60FEF797F8431C02D12B68B5
:10A2300003B1236038BD00BF2C0500200A449142C1
:10A2400000F1FF3300D1704710B511F8014B03F84E
:10A25000014F9142F9D110BD38B5064D0023044697
:10A2600008462B60FEF784F8431C02D12B6803B12B
:10A27000236038BD2C050020024B01461868826817
:10A2800000F06CB828000020024B01461868FFF768
:10A29000C7BD00BF28000020024B01461868FFF729
:10A2A000F5BE00BF280000202DE9F047089C8A4633
:10A2B000904602FB03F9064618B1036A0BB9FFF793
:10A2C000F9F8636EDD0705D4A389980502D4A06D63
:10A2D000FFF74BFBA389190716D52369A3B1002506
:10A2E0004D451FD0A7681AF80510013F002FA76041
:10A2F00004DAA3699F420FDB0A290DD023685A1C98
:10A30000226019700135EBE721463046FFF7D6FA97
:10A310000028E4D0002505E022463046FFF778FE0D
:10A320000130EFD1636EDA0705D4A3899B0502D40F
:10A33000A06DFFF71BFBB5FBF8F0BDE8F087000050
:10A3400007B5009313460A46014603480068FFF725
:10A35000ABFF03B05DF804FB2800002070B50D468C
:10A360001446064618B1036A0BB9FFF7A3F8636EEB
:10A37000D80705D4A389990502D4A06DFFF7F5FA93
:10A38000A368013B002BA36005DAA269934212DBAC
:10A39000EBB20A2B0FD023685A1C22601D70EDB25D
:10A3A000636EDA0705D4A3899B0502D4A06DFFF77D
:10A3B000DDFA284670BD294622463046FFF728FEC2
:10A3C0000546EDE7FEE700BFB1F8C8305A1C92B26F
:10A3D000C82AA1F8C820C85400D0704710B5002082
:10A3E0000C46FDF7D5FF0023A4F8C83010BD00BF10
:10A3F00010B50446FCF7B4FF214602460020FDF7E5
:10A40000C7FF034901220020FDF7C2FF002010BD55
:10A4100074FD00080FB430B5B5B038AC0E4954F82F
:10A42000045BCA2201A8FFF709FF23462A460B480E
:10A43000009401A900F078FDBDF8CC2004462AB9AB
:10A44000204635B0BDE8304004B0704701A9002077
:10A45000FDF79EFFF4E700BFE0F00008C9A3000885
:10A460000CB400B583B004AB53F8042B019300F097
:10A470004BFD03B05DF804EB02B0704700F044BD43
:10A480009A4238BF88547047704700BF2DE9F04F9B
:10A4900083B00F4612990D9C9DF83850984611F0E4
:10A4A000020306469446DDE9100A00932ED1BAF164
:10A4B000000F40F0A280844228D2202C01F0010E2F
:10A4C00000F088810C9B621E1A444FF0300B7346DB
:10A4D00002E0202C00F0E7800134A04202F801BF26
:10A4E000F7D89E4693B1544510D2202C00F0CF816E
:10A4F0000C9B621E1A444FF0300E02E0202C00F03C
:10A5000024810134544502F801EFF7D1CB061FD561
:10A510004A0500F1A580002C40F09E800F9B102B77
:10A5200000F045810F9B022B00F04E810C9B3022E6
:10A530001A70012401F00302002D00F0CA800C9B68
:10A540002D21195501340AB954450ED3654626E02C
:10A5500001F00302202CEFD1002A40F08F80BAF1E5
:10A56000200F88BF202440F289806546A4EB0C0BA5
:10A57000E1462A464346013539462020B04705EBDF
:10A580000B035345F5D30AF1FF35621C2D1B924591
:10A5900038BF002509F10102CC461544C4B10C9B1B
:10A5A000CDF844A005EB040903EB090B1C44CDF8DE
:10A5B00004C09A46ABEB040214F8010D4346394639
:10A5C000B047A2454D46F5D1DDF804C0DDF844A002
:10A5D000009B73B1A5EB0C09D1450AD22A4643462C
:10A5E0003946202009F10109B047D14505F101059F
:10A5F000F4D3284603B0BDE8F08F11F0010E73D0FC
:10A60000002D40F08B8011F00C0F40F087808442C9
:10A61000BFF469AF202C7FF455AFBAF1200F40F2A0
:10A620003281CB0640F1BE804A0500F11981202815
:10A6300016D11F200F9B102B00F0F2800F9B022BD6
:10A640001FD0441C01F0030227E0CB067FF57EAF4C
:10A650004A054FF0200403D4A04262D0544560D094
:10A660000F9B01F00302102B104673D00F9B022B9F
:10A670000ED1202C08D100283FF471AF654620246C
:10A680008DE7044601F003020C9B6220185501344B
:10A69000202C3FF461AF204601340C9B4FF0300E6C
:10A6A00003F800E056E79E46002B00F0CB80BAF19D
:10A6B000200FCAD9CB0675D54A0500F1D1802028D4
:10A6C00000F0DA80BAF1200F40F08D8054461F2050
:10A6D000B0E74B0747D50C9B2B2119550134002AB5
:10A6E0003FF432AF65465AE78442BFF40FAF202CE7
:10A6F0007FF4E8AECC067FF532AF4C053FF52FAFC7
:10A70000202800F0B980BAF1200FDFD00F9B102B6A
:10A710003FF425AF0F9B022B19D120E70AF1FF3A36
:10A7200075E7601E86D10F9B102B6BD00F9B022B01
:10A730007FF4FCAE0C9B0F9C62221A7030225A7080
:10A7400001F00302002DC4D0F9E6CC0680D401F05C
:10A75000030201E78B0611D4202C8CD00C9B7820AF
:10A760001855013494E70D0713D48ABB5445FFF400
:10A77000FCAE002C7FF4EAAE65463AE7202C3FF4AD
:10A780007AAF0C9B18194FF0580E013480F800E096
:10A790007EE70C9B202119550134002A3FF4D4AEEA
:10A7A0006546FCE68D073FF4E0AE6546F7E68806B1
:10A7B0000CD558220C9B1A7030225A70022401F0DA
:10A7C0000302002D85D0BAE66222F3E77822F1E792
:10A7D0006546E3E6BEF1000F50D0CB067FF5B6AE7E
:10A7E0004B057FF524AF0F9B01F00300102B0246B1
:10A7F0003FF441AF0F9B022B7FF4AEAE00287FF4F5
:10A800003DAFACE68A0625D50C9B58221A70302243
:10A810005A70022401F00302002D3FF45AAF8EE675
:10A820008B06A4F1020206D40C9B78209854013CBC
:10A8300001F003022FE70C9B58209854013C01F0D3
:10A84000030228E7CA0682D54A05CCD4202813D0B3
:10A85000202403E70C9B78221A7030225A70D8E724
:10A860000F9B102B01F003003FF405AF0F9B022B51
:10A870003FF401AF02466FE60446DAE6CB063FF549
:10A880003CAF65468BE6CA06DED4654687E6CC0655
:10A890003FF512AF5BE700BF2DE9F04F93B01C9C72
:10A8A0009DF874B01E9DDDF884E02CB92EF01006E2
:10A8B0001EF4806FB64635D11EF0200F14BF4FF046
:10A8C00041094FF061090AAFA9F10A09B84600260B
:10A8D000099002E0202E15D05446B4FBF5FA05FB92
:10A8E0001A4C5FFA8CF0BCF1090F00F1300C8ABFF2
:10A8F00048445FFA8CF0C0B2AC4208F8010B06F194
:10A900000106E7D20998209C05941F9CCDF818E019
:10A91000CDE90354CDE9016B0097FFF7B7FD13B004
:10A92000BDE8F08F26460AAFEDE700BF2DE9F04FF6
:10A9300097B0DDE92478209E219C099356EA040310
:10A940009DF888C0DDF8A0B08E4605D12BF010032D
:10A950001BF4806F9B4645D11BF0200F0EAB14BF3C
:10A960004FF0410A4FF0610ACDF8A0B0CDE90A0ED0
:10A97000CDE90C2CAAF10A0A994600259B4603E072
:10A98000202D17D006460C4621463A46434630460F
:10A99000FCF7EEFCD2B2092A02F130038ABF52441E
:10A9A000DAB2D2B2BE4274EB080409F8012B05F109
:10A9B0000105E5D2DDE90A0EDDE90C2C5B46DDF888
:10A9C000A0B02799059126990093CDE90371CDE9AF
:10A9D000015C099BCDF818B07146FFF757FD17B021
:10A9E000BDE8F08F00250EABEBE700BF10B1D1E959
:10A9F00000311847704700BF2DE9F04F1C46B1F1F8
:10AA0000000A8D4B8FB018BF81462078DDF860B00A
:10AA1000904608BF9946002800F0D381002507E042
:10AA20002A46434651460135C847207800285ED063
:10AA3000252804F10104F3D10023224612F8010B6A
:10AA4000A0F1200110290AD8DFE801F0340909300B
:10AA5000090909090909092C092809092400A0F193
:10AA60003001092951D92A2800F0948000262E2887
:10AA70005CD00021A0F16807122F23D8DFE807F08F
:10AA8000A2229D2295222222222222221E2222223C
:10AA900022221E0043F001031446CEE743F00203D6
:10AAA0001446CAE743F004031446C6E743F0100314
:10AAB0001446C2E743F008031446BEE7607843F447
:10AAC000807301327828144609D863283DD862285B
:10AAD00000F0B88163287DD0252840F03D812A46CA
:10AAE00043465146C847207801350028A0D12C465E
:10AAF000A84501D808F1FF3543462A4651460020B3
:10AB0000C84720460FB0BDE8F08F002606EB86064A
:10AB100000EB46061078A0F1300109291446A6F191
:10AB2000300602F10102F1D92E28A2D16078A0F1FD
:10AB30003001092943F48063174640F2EF802A2848
:10AB400000F002811446013293E7A0F1640E012265
:10AB50005FFA8EFE02FA0EFE384A1EEA020E40F03E
:10AB6000AD80732854D07028B9D143F021030593E8
:10AB70000823049310230391CDF804E002935BF8BB
:10AB8000043B00932A46434651464846FFF784FE5D
:10AB900005464AE75BF8046B6078002E1446BCBF9C
:10ABA00043F002037642013261E760786C2886D177
:10ABB000A07843F44073E21C84E7607843F40073A8
:10ABC00001327FE76078682800F0F68043F0800368
:10ABD000013277E70BF1040298070A9205F10107A9
:10ABE00040F111812A469BF8000043465146C84770
:10ABF000012E88BFAD1940F249813A4643460137DC
:10AC000051462020C847BD42F7D1DDF828B00CE7F7
:10AC10005A4652F804CB0A929CF800B058460029D4
:10AC200040F08C80BBF1000F13D06FF0010E0EF1DD
:10AC3000010EE644624606E089A4000821081200DD
:10AC4000964500F0B38012F8017F002FF8D1A2EBF7
:10AC50000C0E13F4806702D08E4528BF8E4613F089
:10AC600002030B9300F0B080BBF1000F17D0CDE9C9
:10AC70000CE6E3462A460E46434651461FB106F10E
:10AC8000FF3C3EB16646C8471BF8010F01352A4616
:10AC90000028F1D10B9BDDE90CE6002BB5D0764501
:10ACA0002F46B2D93544A5EB0E053A464346013747
:10ACB00051462020C847BD42F7D1A6E76F2800F0D3
:10ACC000BF806DD8692823F0100240F017815F051E
:10ACD00048BF23F01102900500F1DD80D3050BF190
:10ACE000040700F1D580500640F1F6809BF9003052
:10ACF0000391002B4FF00A0102914FEAD371B8BFC4
:10AD00005B42CDE9046201912A46009343465146D5
:10AD10004846FFF7C1FDBB46054686E6002101EB2C
:10AD2000810100EB4100A0F1300117F8010FA0F103
:10AD30003002092AF3D93C467A1C9BE6BBF1000F8E
:10AD400087D001F1FF3E72E75BF8041BA078023464
:10AD500021EAE171621C8DE658287FF4C0AE43F011
:10AD600020031022580524D423F00C0313F40070A0
:10AD70006AD113F4807F0BF1040740F0B2805806CB
:10AD80007BD418064CBFBBF80000DBF80000009035
:10AD9000CDE904630023CDE9022101932A46B5E7FA
:10ADA000782868D023F010030A22DBE7AEEB0C0E04
:10ADB0004FE723F00D03D9E7A07843F0C003E21C6E
:10ADC00080E60446054693E6764540F2948006EB1D
:10ADD000050BCDE90C7CABEB0E0B0F462A46434628
:10ADE000013551462020C8475D45F7D1DDF834C014
:10ADF00039469CF800B00C9F06F1010E5846002819
:10AE00007FF435AF01E7012E3AD96B1E3344CDF8FC
:10AE10002CB02F469B463A464346013751462020E8
:10AE2000C847BB45F7D15B46DDF82CB01A469BF806
:10AE3000000043465146C8473544DDF828B0F4E5E4
:10AE400008228FE702228DE7CDE907630BF1070B9C
:10AE5000002306910492059302932BF0070BFBE865
:10AE600002672A46CDE90067434651464846FFF748
:10AE70005DFD0546D9E5102274E79BF8000086E7E2
:10AE80009BF800002A4643465146C8473D46BCE66B
:10AE9000DBF800302CE70BF1070B2BF0070BDBF88E
:10AEA00004305BF8080B0691D90FCDE907620291D7
:10AEB000024600210A20002BCDE9040102DA5242A9
:10AEC00063EB4303CDE9002351462A4643464846F7
:10AED000FFF72CFD0546A8E51306D9D5BBF90030D0
:10AEE00006E7CDE90221CDE904630190DBF80030EB
:10AEF00000932A460AE70EF1010E7FE764283FF42B
:10AF0000E6AE13460A222DE700B583B084460093CF
:10AF1000044813460A466146FFF76EFD03B05DF82C
:10AF200004FB00BF81A4000810B584B00446CDE93D
:10AF30000241009302A9134603484FF0FF32FFF786
:10AF40005BFD04B010BD00BFEDA90008D0B5FCF753
:10AF5000B7FC0C4B002206460F46FCF721FAFCF723
:10AF600007FD0446FCF78AFC074B0022FCF718FAA1
:10AF700002460B4630463946FCF742FBFCF7F8FC2C
:10AF80002146D0BD0000F03D0000F0412DE9F04722
:10AF9000089D0E4604460F46002B4AD194468C4528
:10AFA000B2FA82F260D942B1C2F12003974020FA8E
:10AFB00003F30CFA02FC1F4394404FEA1C4E1FFAA5
:10AFC0008CF6B7FBFEF1230C0EFB117743EA074327
:10AFD00001FB06F098420AD91CEB030301F1FF378D
:10AFE00080F01581984240F21281023963441B1AA5
:10AFF000A4B2B3FBFEF00EFB103344EA034400FBA3
:10B0000006F6A6420AD91CEB040400F1FF3380F0D7
:10B010000081A64240F2FD806444023840EA0140CB
:10B02000A41B00211DB1D4400023C5E90043BDE8A5
:10B03000F0878B4205D90DB1C5E900010021084612
:10B04000F5E7B3FA83F1002946D1B34202D3824235
:10B0500000F2F580841A66EB030201201746002DEA
:10B06000E5D0C5E90047E2E7002A40F09380A1EB74
:10B070000C034FEA1C471FFA8CFE0121B3FBF7F6C5
:10B0800007FB1630230C43EA00430EFB06F0984200
:10B0900008D91CEB030306F1FF3802D2984200F2F4
:10B0A000D08046461B1AA4B2B3FBF7F007FB10335F
:10B0B00044EA03440EFB00FEA64508D91CEB040439
:10B0C00000F1FF3302D2A64500F2B6801846A4EB89
:10B0D0000E0440EA0640A5E7C1F120078B4022FAA2
:10B0E00007FC4CEA030C06FA01FE20FA07F426FAE4
:10B0F00007F344EA0E0400FA01F84FEA1C404FEA55
:10B100001449B3FBF0FE1FFA8CF600FB1E3349EA2C
:10B1100003430EFB06F9994502FA01F20BD91CEB29
:10B1200003030EF1FF3A80F08580994540F282805A
:10B13000AEF1020E6344A3EB0909A4B2B9FBF0F32C
:10B1400000FB139944EA094403FB06F6A64208D91A
:10B150001CEB040403F1FF3068D2A64266D9023B1F
:10B16000644443EA0E40A41BA0FB02E6B4427346CB
:10B17000B14652D34FD05DB1B8EB030264EB090482
:10B1800004FA07F722FA01F31F43CC40C5E9007423
:10B1900000214CE7C2F1200120FA01F30CFA02FC75
:10B1A00026FA01F1964033434FEA1C471FFA8CFE02
:10B1B000B1FBF7F007FB1016190C41EA064100FB42
:10B1C0000EF68E4204FA02F408D91CEB010100F1DC
:10B1D000FF382DD28E422BD902386144891B9BB295
:10B1E000B1FBF7F607FB161143EA014306FB0EF12C
:10B1F000994208D91CEB030306F1FF3814D2994297
:10B2000012D9023E63445B1A46EA004136E73946EA
:10B21000EDE6184602E7F045ADD2BEEB020366EB61
:10B220000C060138B146A6E74646ECE7034698E728
:10B230004046D3E7D6467EE76444023847E70846EF
:10B240000DE7023E63442DE7F8B500BFF8BC08BC2B
:10B250009E467047F8B500BFF8BC08BC9E467047D4
:10B26000A0860100400D0300801A060000350C0086
:10B2700040420F0080841E0000093D0000127A0049
:10B280000024F40000366E010048E801006CDC0286
:10B290000000000001020304E800010802000000B1
:10B2A000F400010804000000040101080800000087
:10B2B0001401010810000000240101082000000012
:10B2C0003401010840000000440101088000000032
:10B2D000A0000108000001000000000000000000C4
:10B2E0004D000100E5110008000000001C000100F5
:10B2F00055100008000000002C0008009D100008F8
:10B300000000000060000100D510000800000000EF
:10B310007D00080009110008000000006200100014
:10B3200041110008B00001081701010000000000F1
:10B330000000000018011000A9110008CC0001084D
:10B3400037000100000000000000000000000000C5
:10B35000293C0000163B0000D7630000325F00006C
:10B36000738800005D7D00004AAC0000A6970000D5
:10B37000A4D000000FAF00004CF70000A3C40000F1
:10B3800070FB0000F3E80000F6D20000C0BB000034
:10B39000DCA40000E58E0000338200007D7B7C7A17
:10B3A000E7E61BE895B9AAAB0102030405060049CC
:10B3B00048303231332F4B4A9EA09F898A8B8CEDC7
:10B3C000E907ACB191C696CA9ABEC2BACED2D6E24D
:10B3D000DADE7640447F64B5600D218D3C37A66C83
:10B3E0002768582B705C144C5054EEEA08ADB292AA
:10B3F000C797CB9BBFC3BBCFD3D7E3DBDF77414539
:10B400008065B6610E228E3D38A76D2869592C7172
:10B410005D154D5155EFEB09AEB393C898CC9CC068
:10B42000C4BCD0D4D8E4DCE07842468166B7620F71
:10B43000238F3E39A86E296A5A2D725E164E5256D7
:10B44000F0EC0AAFB494C999CD9DC1C5BDD1D5D991
:10B45000E5DDE17943478267B8631024903F3AA95C
:10B460006F2A6B5B2E735F174F5357888586261F95
:10B4700083843BA1A213181A190C0B348711000006
:10B480000000030098C500080000010094C50008F2
:10B490000300010090C50008010001008CC50008F0
:10B4A0000300010088C500080000010084C50008F1
:10B4B0000000010080C50008000001007CC50008F4
:10B4C0000000010078C500080000010074C50008F4
:10B4D0000000010070C50008010C01006CC50008E7
:10B4E000FF03010068C50008BD00010064C5000835
:10B4F000BD00010060C50008BD0001005CC500087A
:10B50000BD00010058C500080000010054C5000836
:10B510000100010050C5000801002000D0C400084F
:10B5200000000100CCC4000800000100C8C40008ED
:10B5300000000100C4C4000800000100C0C40008ED
:10B5400050000200B8C40008C05D0100B4C4000887
:10B5500040010100B0C4000815000100ACC400089F
:10B5600000000100A8C4000800000100A4C40008F5
:10B5700000000100A0C400080100020098C40008F7
:10B58000010003008CC400085D00010088C40008AD
:10B590005D00010084C400085D00010080C4000853
:10B5A0005D0001007CC400080100010078C40008AF
:10B5B0000000010074C400080000010070C400080D
:10B5C000000001006CC400080000010068C400080D
:10B5D0000000010064C400080000010060C400080D
:10B5E000000001005CC400080000010058C400080D
:10B5F0000000010054C400080000030048C4000813
:10B600000000040038C400080000010034C4000831
:10B610000000010030C400080000030024C400083A
:10B620000000010020C400080200020018C4000845
:10B630000000020010C40008000001000CC4000853
:10B640000000010008C400080000010004C4000854
:10B650000000010000C4000800000500ECC3000861
:10B6600000000100E8C3000800000100E4C3000876
:10B6700000000100E0C3000800000100DCC3000876
:10B6800001000500C8C3000801000500B4C300089C
:10B6900001000500A0C30008010005008CC30008DC
:10B6A0000000010088C300080000010084C30008F6
:10B6B0000000010080C30008000001007CC30008F6
:10B6C0000000090058C3000800000A0030C3000849
:10B6D000000005001CC300080000050008C30008A6
:10B6E0000000010004C300080000010000C30008BE
:10B6F00000000100FCC2000800000100F8C20008C0
:10B7000000000100F4C2000800000100F0C20008BF
:10B7100000000100ECC2000800000100E8C20008BF
:10B7200000000100E4C2000800000100E0C20008BF
:10B7300000000100DCC2000800000100D8C20008BF
:10B7400000000100D4C2000800000100D0C20008BF
:10B7500000000100CCC2000800000100C8C20008BF
:10B7600000000100C4C2000800000100C0C20008BF
:10B7700000000100BCC2000800000100B8C20008BF
:10B7800001000500A4C200080100050090C20008E5
:10B79000010005007CC200080100050068C2000825
:10B7A0000100010064C200080100010060C200083D
:10B7B000010001005CC200080100010058C200083D
:10B7C0001700010054C200081700010050C2000811
:10B7D000170001004CC200081700010048C2000811
:10B7E0000700010044C200080700010040C2000831
:10B7F000070001003CC200080700010038C2000831
:10B800000100010034C200080100010030C200083C
:10B81000010001002CC200080100010028C200083C
:10B820000000010024C200080100010020C200083D
:10B83000000001001CC200080000010018C200083E
:10B840000000010014C200080000010010C200083E
:10B850003F0001000CC200080400010008C20008FB
:10B860000000010004C200080100010000C200083D
:10B8700000000100FCC1000803000100F8C100083D
:10B8800003000100F4C1000803000100F0C100083A
:10B8900003000100ECC100089D000100E8C10008A0
:10B8A0004D000100E4C1000801000500D0C10008FE
:10B8B0001F000100CCC1000800000100C8C1000841
:10B8C00001000200C0C1000800000500ACC1000872
:10B8D00000000300A0C100080000030094C100089C
:10B8E0000000030088C100080000010084C10008B6
:10B8F0000000010080C10008000001007CC10008B8
:10B900000000010078C100080000010074C10008B7
:10B910000000010070C10008000001006CC10008B7
:10B920000000010068C100080000020060C10008BA
:10B93000000001005CC100080000010058C10008BF
:10B940000000010054C100080000010050C10008BF
:10B95000000001004CC100080000010048C10008BF
:10B960000000010044C100080000010040C10008BF
:10B97000000005002CC100080000010028C10008DB
:10B980000000010024C100080000010020C10008DF
:10B99000000001001CC100080000010018C10008DF
:10B9A0000000010014C100080000010010C10008DF
:10B9B000000001000CC100080000010008C10008DF
:10B9C0000000010004C100080000010000C10008DF
:10B9D00005000100FCC0000845000100F8C0000897
:10B9E00000000200F0C0000800000200E8C00008EB
:10B9F00000000200E0C0000800000200D8C00008FB
:10BA00000A000100D4C0000800000100D0C00008F6
:10BA100000000100CCC0000800000100C8C0000800
:10BA200000000100C4C0000801000500B0C000080B
:10BA3000010005009CC000080100050088C0000846
:10BA40000100050074C00008000002006CC000087E
:10BA50000000010068C000080000010064C0000888
:10BA60000000010060C00008000001005CC0000888
:10BA70000000010058C000080000010054C0000888
:10BA80000000010050C00008000001004CC0000888
:10BA90000000010048C000080000010044C0000888
:10BAA0000000010040C00008000001003CC0000888
:10BAB0000000010038C000080000010034C0000888
:10BAC0000000010030C00008000001002CC0000888
:10BAD0000000010028C000080000010024C0000888
:10BAE0000000010020C00008000001001CC0000888
:10BAF0000000010018C000080000010014C0000888
:10BB00000000010010C00008000001000CC0000887
:10BB10000000010008C000080000010004C0000887
:10BB20000000010000C0000800000100FCBF000888
:10BB300000000100F8BF000800000100F4BF000889
:10BB400000000100F0BF000800000100ECBF000889
:10BB500000000100E8BF000800000100E4BF000889
:10BB600000000100E0BF000800000100DCBF000889
:10BB700000000100D8BF000800000100D4BF000889
:10BB800000000100D0BF000800000100CCBF000889
:10BB900000000100C8BF000800000100C4BF000889
:10BBA00000000100C0BF000800000100BCBF000889
:10BBB00000000100B8BF000808000100B4BF000881
:10BBC00020000100B0BF000800000100ACBF000869
:10BBD00000000100A8BF000800000100A4BF000889
:10BBE00000000100A0BF0008000001009CBF000889
:10BBF0000000010098BF00080000010094BF000889
:10BC00000000010090BF0008000001008CBF000888
:10BC10000000020080C60008000001007CC6000889
:10BC20000300010078C600080100010074C6000886
:10BC30000300010070C60008000001006CC6000887
:10BC40000000010068C600080000010064C600088A
:10BC50000000010060C600080000040050C6000893
:10BC6000000001004CC600080400010048C600089E
:10BC70000400010044C600080C0302003CC6000892
:10BC8000C05D010038C600084001080018C6000861
:10BC90001500010014C600080000010010C60008CD
:10BCA000000001000CC600080000010008C60008E2
:10BCB00001000300FCC5000802000200F4C50008F2
:10BCC00000000200ECC5000800000100E8C5000803
:10BCD00001000100E4C500083F000100E0C50008C4
:10BCE00004000100DCC5000800000100D8C5000800
:10BCF00001000100D4C5000800000100D0C5000803
:10BD000000000100CCC5000800000100C8C5000803
:10BD100000000100C4C5000805000100C0C50008FE
:10BD200045000100BCC500080A000100B8C50008B4
:10BD300000000100B4C5000808000100B0C50008FB
:10BD400020000200A8C5000800000100A4C50008EA
:10BD500000BE87BD8EBD14BD19BDA0BC27BCAEBB47
:10BD6000ADAD33ACB8AABEA8CBADD2AB58A95FA7D6
:10BD7000DC9FE19B67986C947390F58AF8857A80D4
:10BD8000F9C379C779CBF8CE75D1F4D472D871DB09
:10BD9000F8E0F7E4F5E8F2EC56E952EC4EEFC9F1C1
:10BDA00039F0B3F22DF527F71DF515F68CF784F869
:10BDB000837A897A0F7A147A9A7720772776AD7505
:10BDC0002E6EB46CB96B3F6A4F71D56E5C6CE269D4
:10BDD000DC5F615CE558EA54DE4DDF496146624252
:10BDE000F7017705F608F60BF50E7412F2157119C6
:10BDF00051164F19CC1BCA1E5C28D72B532F4E321D
:10BE0000392C342F2E32A93423399A3A923B093DEA
:10BE1000093D093D093D093D093D093D093D093DF2
:10BE2000093D093D093D093D093D093D093D093DE2
:10BE3000093D093D093D093D093D093D093D093DD2
:10BE4000093D093D093D093D093D093D093D093DC2
:10BE5000060401001F1915120F0D0C0B004026449B
:10BE60009A994742000000000000804085EB514055
:10BE700000000000613132312D76312E31302E300C
:10BE800000000000000000000000000000000000B2
:10BE900000000000000000000000000000000000A2
:10BEA0000000000000000000000000000000000092
:10BEB0000000000000000000000000000000000082
:10BEC000000000000000000000000000FFFF000074
:10BED00089A2000899A2000800000000F12F0008C4
:10BEE0003D02000850000000A00001000800100101
:10BEF000000000010300000050000000A00001004D
:10BF000008001001000000010300000050000000C4
:10BF1000A000010008001001000000010300000063
:10BF200050000000A0000100080010010000000106
:10BF300003000000000000000000000001000000FD
:10BF40000100010002000100A00000006163635FC6
:10BF50006765745F69715F73776565705F76656348
:10BF6000746F72006163635F766563746F725F699B
:10BF7000715F616D706C697475646500000000002C
:10BF80000000000001020304060708093203300024
:10BF9000F702B000C202B0008D02B0005802B0003B
:10BFA000F8029000C30290008E02900059029000A7
:10BFB000E400D000F4009000F700D1000703B000C7
:10BFC000D202B0009D02B0006802B000050331004B
:10BFD000D00231009B0231006602310005033000BF
:10BFE000D00230009B023000660230000603B00031
:10BFF000D102B0009C02B0006702B0000103310022
:10C00000CC02310097023100620231000403B20019
:10C01000CF02B2009A02B2006502B200130310020E
:10C02000DE021002A9021002740210020B031002B9
:10C03000D6021002A10210026C0210020303B0002B
:10C04000CE02B0009902B0006402B0000203B0005A
:10C05000CD02B0009802B0006302B00002033500C8
:10C06000CD02350098023500630235003A01B00078
:10C070004601B00019022500380225003C022500C7
:10C080004302250047022500D7012500F6012500BF
:10C09000FA01250001022500050225009501250071
:10C0A000B4012500B8012500BF012500C30125000A
:10C0B0005301250072012500760125007D01250030
:10C0C00081012500FB029000C602900091029000C1
:10C0D0005C02900047030402FE02081028030810C7
:10C0E000C9020810F302081094020810BE020810DA
:10C0F0005F02081089020810DE00F700DE00F00081
:10C100002402F000E201F000A001F0005E01F00066
:10C11000F3003000F3007700F300D1007100072036
:10C1200072000402A1001002A200100220000810F8
:10C1300027000810310008106F0008107500072054
:10C140001B031002E6021002B10210027C02100270
:10C1500017031002E2021002AD0210027802100270
:10C16000C100B0003901B000FA029000C502900091
:10C17000900290005B029000FC02B001C702B00187
:10C180009202B0015D02B001910008109200081007
:10C19000930008108E0008108F00081090000810FF
:10C1A0008B0008108C0008108D0008103500081056
:10C1B00088000810890008108A00081096000810EE
:10C1C0008400081094000810380008104001B000E6
:10C1D000490125004901260049012700490128009D
:10C1E00049012900B803B001B903B00142020402B9
:10C1F00000020402BE0104027C0104023601510067
:10C20000F2003000F2007700F200D100F500D0001B
:10C210000F031002DA021002A502100270021002CF
:10C22000320331003203320025020720E3010720E8
:10C23000A10107205F01072026020402E401040295
:10C24000A20104026001040228020402E6010402C1
:10C25000A40104026201040241020720FF01072039
:10C26000BD0107207B01072019022B0038022B009B
:10C270003C022B0043022B0047022B00D7012B006E
:10C28000F6012B00FA012B0001022B0005022B0006
:10C2900095012B00B4012B00B8012B00BF012B002E
:10C2A000C3012B0053012B0072012B0076012B00E0
:10C2B0007D012B0081012B002F020720ED010720BB
:10C2C000AB0107206901072031020402EF010402DB
:10C2D000AD0104026B0104025302A4001102A40088
:10C2E000CF01A4008D01A4005202A4001002A400FA
:10C2F000CE01A4008C01A4005102A4000F02A400EE
:10C30000CD01A4008B01A400250007202F000710F9
:10C31000730008107C0008107E0008101F00072022
:10C320002600071030000710740008107B0008106A
:10C3300028000720320007103900081041000710BC
:10C34000460005104B0008204C0008204F00081044
:10C35000540008205500082021000720290007105C
:10C36000330007103A00081040000710470005107E
:10C370004A0008205000081053000810F6029000F0
:10C38000C10290008C029000570290001902370100
:10C39000380237013C0237014302370147023701B7
:10C3A000D7013701F6013701FA01370101023701E0
:10C3B0000502370195013701B4013701B801370192
:10C3C000BF013701C3013701530137017201370142
:10C3D000760137017D013701810137011502B00176
:10C3E000D301B0019101B0014F01B0012E0007103F
:10C3F0006B0007107F0008208000081082000720D3
:10C400001402F000D201F0009001F0004E01F000A3
:10C410002B0330002F0330002B0354002F03540054
:10C42000360007103F00081086000820AF000810F3
:10C43000590010025A001002220008102A000810A9
:10C44000340008103E0008101B000510670008109B
:10C45000680008201F020720DD0107209B0107203C
:10C460005901072020020402DE0104029C0104029B
:10C470005A01040248010402110107202003B001FF
:10C48000EB02B001B602B0018102B0010600240047
:10C490000D002400140024006A0008204A01260030
:10C4A0003301570033015500330153003501B0000B
:10C4B00016010402FB000402000104020B01040245
:10C4C0002B020402E9010402A7010402650104022F
:10C4D00075010620780131007801320079010620CB
:10C4E0008001062083013200840106208A01062093
:10C4F000B7010620BA013100BA013200BB010620A3
:10C50000C2010620C5013200C6010620CC0106206A
:10C51000F9010620FC013100FC013200FD0106207A
:10C520000402062007023200080206200E0206203E
:10C530003B0206203E0231003E0232003F0206204E
:10C5400046020620490232004A0206205002062016
:10C5500028010810C500D0002103B001EC02B00191
:10C56000B702B0018202B0019C0090019D009001D1
:10C57000F902D000C402D0008F02D0005A02D000CD
:10C58000DF005A00DF003900DF005600DF00350011
:10C59000DF005200DF003100B6003200BD00320083
:10C5A000BF0032005C0130003700D000C802D0006C
:10C5B000B4009000B700D100FA000402E200F700D6
:10C5C000E200F000B3003000B3007700B300D10008
:10C5D000D6005100B2003000B2007700B200D100A6
:10C5E000B500D0005C0131005C0132002900300050
:10C5F0002D003000290054002D00540006002400B6
:10C600000D00240014002400D3005700D30055006F
:10C61000D3005300D500B000AC0004021B03040299
:10C62000F5040402FA0404020105040206050402EA
:10C630002105040258050402180504026C010402D5
:10C64000220304023204B0007204B000CF040402DA
:10C65000C9043701CC043701D0043701D3043701B2
:10C660006105B0006305D000E3005A00E300390023
:10C67000E3005600E3003500E3005200E300310020
:10C68000590032006000320030BFC363350301003F
:10C69000E50108003503080085030100850300005B
:10C6A00014000000A847000035030100E501100058
:10C6B000350310008503010085030000140000000D
:10C6C000A847000035030100E501200035032000E4
:10C6D000850301008503000014000000D83200002B
:10C6E00000000000B84B00002508000035080100DC
:10C6F000450801004008000088090000A506A00BBD
:10C700000000000017020000F009000037020000DE
:10C7100070050000A80F0000000000008702000064
:10C7200080020000F0090000B7020000B002000023
:10C73000700500009810000008460000000000008E
:10C74000200300002003000020030000F009000087
:10C75000500300005003000070050000A006000018
:10C76000E0030000C84C0000100C0000404A00002C
:10C77000204C0000480400005835000078360000C6
:10C78000500A0000500A0000E001000040020000D2
:10C79000D702000014000000050800008506C0094B
:10C7A0008006400A800620090900000018370000B2
:10C7B000A80F0000981000000846000009000000C3
:10C7C00018370000404A0000204C0000090000001B
:10C7D00018370000204C00009810000008460000A8
:10C7E00009000000F84900008848000055050000D5
:10C7F000650500004505010009000000E50108008D
:10C80000A50600008515040035030300E5010800B6
:10C8100035030800C506A46EB83700008503010083
:10C8200085030000A038000028380000090000003F
:10C83000D0130000E0060000880800001707000081
:10C8400068250000F00900006809000027080000C2
:10C8500002000000404A0000204C0000B707000022
:10C8600035070300D84E00000A000000350702001B
:10C87000F8090000A00F0000901000000000000068
:10C880000046000088080000600900004300000026
:10C890005708000078280000D813000000000000AE
:10C8A000184800000900000060250000E0140000A6
:10C8B00070280000B028000000190000C02B000004
:10C8C000002C0000201D0000102F0000502F000041
:10C8D0004021000060320000D81300000900000071
:10C8E000E014000009000000F50101000600000846
:10C8F00085150200851501009515FF03A515010C8E
:10C9000009000000A84900001848000025050000A3
:10C91000350500001505010009000000D5070100DC
:10C920002506646B3507890D4507890D85061400BA
:10C93000D84E00002A0000002506000085060000F1
:10C9400045070000104800000900000045000000F5
:10C95000E50186003500840042010000430000002C
:10C96000B50C0B0082CE01004300000068330000CC
:10C97000283900004500010009000000B50C000046
:10C9800009000000B50C000009000000A50B000024
:10C99000F50B0000050C1200150C0000E50B000063
:10C9A000950B0500483B000006202200384200009D
:10C9B000B50204007502000065024000E5010101B6
:10C9C000B5020101A841000065020000783F0000A7
:10C9D000A8420000D83B0000017C0007F2030000E1
:10C9E000017C01000600400043000000010000053A
:10C9F000283C000009000000D5080A00E5081A00DC
:10CA0000450285225502FD0109000000A501000034
:10CA1000D5000000E5000000F50020000501000041
:10CA2000150100002501000035010000850100000E
:10CA3000450100005501000065010000750100007E
:10CA400095010000950001007500FF370900000006
:10CA5000350A0900550A0000C50A0800650A3F08A2
:10CA6000250A6000950A0100250A7F0009000000E0
:10CA7000D83C000002DC050043000000D5000000A7
:10CA8000E5000000750003000205000043000000FF
:10CA90008500030025000000180B000025000100A0
:10CAA000E50102007500000009000000583A00008E
:10CAB000180E000002050000430000008500FF374B
:10CAC000D50A4F007500FF3F8500FF3F5011000061
:10CAD000050A6B01050A0801050AB502E50C01000B
:10CAE0000214000043000000280F0000450301006D
:10CAF0004503020038130000483B000018450000C1
:10CB00005845000078440000A845000025000000BA
:10CB1000E501000535000005E501020015000000F3
:10CB2000020F00004300000018430000883A000094
:10CB3000E501010035000100620100004300000032
:10CB4000C80D0000784E0000250901009500FF4047
:10CB500009000000050D0100250D0100150D15004F
:10CB6000A50A0100450D870009000000A50B000083
:10CB7000F50A000025022E0009000000083B000015
:10CB800078440000E5011F00150B1F00384200002B
:10CB9000C8400000A842000006202200E50A080064
:10CBA000F50A0000883B000002000000E1030003DA
:10CBB0004300000001008002283C00000900000042
:10CBC00035020000150200000602200022000000CD
:10CBD00032000000E17F800001F400001600000038
:10CBE00043000000C601000043000000E7150000FC
:10CBF00002000000F81600004300000006001C00C0
:10CC000035020000901600007200000006020000CD
:10CC100072010000F816000043000000020000004E
:10CC200006001C004300000043000000E71600005F
:10CC30000602000002000000F81600004300000099
:10CC4000090000001200000001F4000012000000C2
:10CC5000E17F80002600000001F401000000800058
:10CC6000E17F8000E601000001F40700000080077A
:10CC7000430000006018000032000000E17F8000E7
:10CC80002600000001F4030000008000E17F800026
:10CC9000E601000001F407000000800743000000E7
:10CCA00006004000160000004300000026000000BF
:10CCB00000008000060000000600000006000000E2
:10CCC0000174800009000000350200001502000018
:10CCD000060220002200000032000000E17F8000F8
:10CCE00001F400001600000043000000C60100002F
:10CCF00043000000071A000002000000181B00009B
:10CD00004300000006001C0035020000B01A0000BD
:10CD1000720000000602000072010000181B0000F3
:10CD2000430000000200000006001C004300000059
:10CD300043000000071B0000060200000200000084
:10CD4000181B000043000000090000001200000052
:10CD500001F4000012000000E17F800026000000C6
:10CD600001F4010000008000E17F8000E601000086
:10CD700001F407000000800743000000801C000051
:10CD800032000000E17F80002600000001F4030073
:10CD900000008000E17F8000E601000001F4070050
:10CDA000000080074300000006004000160000005D
:10CDB0004300000026000000000080000600000084
:10CDC0000600000006000000017480000900000059
:10CDD00035020000150200000602200022000000BB
:10CDE00032000000E17F800001F400001600000026
:10CDF00043000000C601000043000000271E0000A1
:10CE000002000000381F00004300000006001C0064
:10CE100035020000D01E0000720000000602000073
:10CE200072010000381F00004300000002000000F3
:10CE300006001C004300000043000000271F000004
:10CE40000602000002000000381F0000430000003E
:10CE5000090000001200000001F4000012000000B0
:10CE6000E17F80002600000001F401000000800046
:10CE7000E17F8000E601000001F407000000800768
:10CE800043000000A020000032000000E17F80008D
:10CE90002600000001F4030000008000E17F800014
:10CEA000E601000001F407000000800743000000D5
:10CEB00006004000160000004300000026000000AD
:10CEC00000008000060000000600000006000000D0
:10CED0000174800009000000350200001502000006
:10CEE000060220002200000032000000E17F8000E6
:10CEF00001F400001600000043000000C60100001D
:10CF000043000000472200000200000058230000F8
:10CF10004300000006001C0035020000F022000063
:10CF20007200000006020000720100005823000099
:10CF3000430000000200000006001C004300000047
:10CF4000430000004723000006020000020000002A
:10CF500058230000430000000900000012000000F8
:10CF600001F4000012000000E17F800026000000B4
:10CF700001F4010000008000E17F8000E601000074
:10CF800001F407000000800743000000C0240000F7
:10CF900032000000E17F80002600000001F4030061
:10CFA00000008000E17F8000E601000001F407003E
:10CFB000000080074300000006004000160000004B
:10CFC0004300000026000000000080000600000072
:10CFD0000600000006000000017480000900000047
:10CFE00098130000F50B0000050C0000150C000064
:10CFF000E50B0000950B0000E50A000005020000AB
:10D000000620020010340000050B0000050B0C0088
:10D01000050B0000150B0000250B0000350B01006F
:10D02000450B0000550B0000650B00003842000066
:10D03000B50204007502000065020000E501090068
:10D04000B5020900A841000065020000E5014100A9
:10D05000B5024100A841000065020000783E0000D2
:10D06000B50204007502000065020000E50101013F
:10D07000B5020101A841000065020000783F0000F0
:10D08000A8420000182800000900000015095D00F2
:10D09000F508BD00E5010020F508002001000000B2
:10D0A0000900000001000005283C0000004E0000BF
:10D0B0000900000098130000F50B0000050C0000AB
:10D0C000150C0000E50B0000950B0000E50A0000C0
:10D0D000050200000620020010340000050B0000CD
:10D0E000050B0C00050B0000150B0000250B0000C4
:10D0F000350B0100450B0000550B0000650B0000CF
:10D1000038420000B502040075020000650200000C
:10D11000E5010900B5020900A84100006502000010
:10D12000E5014100B5024100A84100006502000090
:10D13000783E0000B50204007502000065020000A0
:10D14000E5010101B5020101A841000065020000EE
:10D15000783F0000A8420000682B00000900000092
:10D1600015095D00F508BD00E5010020F508002067
:10D17000010000000900000001000005283C00003B
:10D18000004E00000900000098130000F50B00009D
:10D19000050C0000150C0000E50B0000950B0000CD
:10D1A000E50A00000502000006200200103400001D
:10D1B000050B0000050B0C00050B0000150B000013
:10D1C000250B0000350B0100450B0000550B00003E
:10D1D000650B000038420000B50204007502000033
:10D1E00065020000E5010900B5020900A841000040
:10D1F00065020000E5014100B5024100A8410000C0
:10D2000065020000783E0000B502040075020000CF
:10D2100065020000E5010101B5020101A84100001D
:10D2200065020000783F0000A8420000B82E000010
:10D230000900000015095D00F508BD00E5010020AA
:10D24000F5080020010000000900000001000005B1
:10D25000283C0000004E0000090000009813000068
:10D26000F50B0000050C0000150C0000E50B00009C
:10D27000950B0000E50A00000502000006200200F0
:10D2800010340000050B0000050B0C00050B00001E
:10D29000150B0000250B0000350B0100450B0000AD
:10D2A000550B0000650B000038420000B502040079
:10D2B0007502000065020000E5010900B5020900E1
:10D2C000A841000065020000E5014100B5024100EF
:10D2D000A841000065020000783E0000B50204008D
:10D2E0007502000065020000E5010101B5020101BF
:10D2F000A841000065020000783F0000A84200003D
:10D30000083200000900000015095D00F508BD00A5
:10D31000E5010020F50800200100000009000000E0
:10D3200001000005283C0000004E0000090000003C
:10D33000E5013100C5082000090000006503C000B8
:10D34000B5070200B5082A00A83200000900000055
:10D3500055080200F5050100350C04000900000025
:10D36000D50701002506E40065070600E50708006B
:10D3700045061400D84E00000A000000F8480000DE
:10D38000284900006507270009000000350C02004D
:10D39000350C0300E5010100050B0100E501020069
:10D3A000D50A0000A20000004300000009000000B0
:10D3B000E5010800A506000025030300E5010800BB
:10D3C00025030800C506046FB83700009503010067
:10D3D000950300002838000009000000150800002F
:10D3E000E5010800A5060800D84E00002A0000004C
:10D3F000090000002508000025060000350703008D
:10D4000045070300D84E00000A0000000900000094
:10D410002508010009000000F501011006000008C0
:10D4200009000000E501040085060400D50701009D
:10D430002506C46DD84E00002A0000000900000037
:10D44000250600008506000009000000E8360000FF
:10D45000184800008848000009000000E50110009D
:10D460003503100009000000E5011000250310003D
:10D4700009000000D507010025061400D84E000061
:10D480002A00000025060000C50600000900000073
:10D49000E5061800D84E00000A000000E50600006E
:10D4A0003508010088090000A506A00B090000004E
:10D4B00005071800D84E00000A000000050700000C
:10D4C0004508010048360000A50640690900000033
:10D4D000E5018600350084004201000043000000A1
:10D4E000E5010300B50C01006200000043000000EC
:10D4F000D50701002506E40065070600E5070800DA
:10D5000045061800D84E00000A000000F848000048
:10D51000284900006507270009000000E501030015
:10D52000B50C03000900000068330000E5010200AB
:10D53000350002006201000043000000E5018400A4
:10D5400035000000090000001502360005020E003B
:10D5500025022E00090000001502360005020E000B
:10D56000250293000900000015094D00F5089D00F3
:10D57000E5010020F50800200900000015095D0004
:10D58000F508BD00E5010020F508002009000000B5
:10D59000E5010020F5080000000000000000000088
:10D5A00025000100E5010200150002002500000031
:10D5B000E5010200150000000900000065007F0081
:10D5C000090000006500000009000000750001006E
:10D5D00009000000D5000000E501020095000200EE
:10D5E00009000000A5010000E5000000F500200092
:10D5F00005010000150100002501000035010000B3
:10D600004501030055010300850103006501030086
:10D610007501030095010300E501F77F9500F57F93
:10D6200009000000E501FF016502E001E5011100CC
:10D63000B5021100A8410000E501FF016502FF01EC
:10D64000E5012100B5022100A8410000E501FF012C
:10D650006502F801E5018100B5028100A8410000E2
:10D6600009000000E501FF016502C001E5010102BA
:10D67000B5020102A8410000E501FF016502FF01BA
:10D68000E5010104B5020104A8410000E501FF0124
:10D690006502F801E5010108B5020108A841000092
:10D6A000E501FF016502FF01E5010110B50201106E
:10D6B000A841000009000000B50204006502003F17
:10D6C000B5020D00F84100006502C0FFB50215006B
:10D6D000F84100006502F0FFB5028500F841000046
:10D6E0006502FFFFB5022500F841000009000000B7
:10D6F000B208000043000000E501F91FB502000078
:10D7000009000000B208000043000000B502040058
:10D7100009000000E501000535000000E5010018E2
:10D7200035000018E501000535000005090000007E
:10D73000E501000535000000E50100183500000096
:10D74000E50100053500000509000000450A01005B
:10D75000450A000065070300D507080025061400E8
:10D7600058490000A847000025073900F5040000CB
:10D770000505803EE5040100D84E00000A000000C7
:10D78000A8470000F84800006507000009000000F5
:10D79000250A0000950A0000250A0000650A00001D
:10D7A00009000000050B0000050B0C00050B000034
:10D7B000150B1F00250B0000350B0100450B000069
:10D7C000550B0000650B000009000000F50B000080
:10D7D000050C0E00150C000009000000950B070059
:10D7E000A50B0400E50A0700F50A04000900000083
:10D7F000D50B0500B50B030009000000D50B050093
:10D80000B50B00000900000038420000B50204001A
:10D81000750200006502C03FE5010101B50201018A
:10D82000A8410000650200FE783F0000A842000009
:10D83000483B000006202200D83B0000F50901000B
:10D84000E50100039509000101F40000D50B050076
:10D85000024B000043000000D50B0900F509000051
:10D86000E501000395090000283C000009000000C4
:10D8700025070000B505010062000000430000001C
:10D88000B5050000E50400000900000035070000B0
:10D89000C50501006200000043000000C50500004E
:10D8A000150500000900000045070000D50501002E
:10D8B0006200000043000000D5050000450500009F
:10D8C0000900000025060000D5070000090000003F
:10D8D00045060000E50700000900000015000400EF
:10D8E000E5010800350000001500000009000000F7
:10D8F00015000800E50110003500000015000000CB
:10D900000900000015001000E501200035000000AE
:10D91000150000000900000095000100E50C000062
:10D92000250900002839000025000100E50102005A
:10D9300015000200E501060085000000E501060073
:10D9400075000000D8450000984E0000E501010078
:10D950003500000062010000430000002844000080
:10D96000D50A000085000100183D0000783D000048
:10D970000900000028330000C500000095140000D5
:10D98000783D0000383D0000F80B00000900000061
:10D99000D80B0000E501010085000000E501010051
:10D9A00075000000383D0000E50102001500000090
:10D9B000F83C000009000000950C1300750C3800BD
:10D9C000850C02001502360005020E0025022E000D
:10D9D000062022001509ED00F508DD01E501002013
:10D9E000F508002001000005010001050100000507
:10D9F00006004000283C0000750C0000850C00006B
:10DA0000950C000009000000350C0000350C0400E6
:10DA1000E5010100050B0000E5010200D50A020046
:10DA200009000000450DFF0009000000450D000041
:10DA3000A50A0000050D00000900000052000000CA
:10DA40004300000009000000300EB36335030100FD
:10DA5000E501080035030800850301008503000087
:10DA600014000000A801000035030100E5011000CA
:10DA70003503100085030100850300001400000039
:10DA8000A801000035030100E50120003503200056
:10DA90008503010085030000140000001500040048
:10DAA000E501080035000000150000000900000035
:10DAB00025070000B50501006200000043000000DA
:10DAC000B5050000E504000009000000250600007F
:10DAD000D50700000900000045060000E50700002A
:10DAE000090000006503C000B5070200B5082A0060
:10DAF000C802000009000000E5013100C50820004F
:10DB0000090000005200000043000000090000006E
:10DB100065007F0009000000A5010000D50000009D
:10DB2000E5000000F50020000501000015010000DF
:10DB300025010000350100008501000045010000BD
:10DB4000550100006501000075010000950100000D
:10DB5000950001007500FF3709000000D5000000A6
:10DB6000E50102009500020009000000A501000087
:10DB7000E5000000F500200005010000150100008F
:10DB80002501000035010000450103005501030097
:10DB90008501030065010300750103009501030081
:10DBA000E501F77F9500F57F09000000B50C000046
:10DBB0000900000045000000E501860035008400F2
:10DBC0004201000043000000B50C0B0082CE0100B2
:10DBD00043000000880800005807000045000100CD
:10DBE00009000000E5010300B50C03000900000076
:10DBF000020F000043000000090000008808000038
:10DC0000E50102003500020062010000430000004F
:10DC1000E50184003500000009000000E5018600F0
:10DC2000350084004201000043000000E5010300CC
:10DC3000B50C01006200000043000000D5070100A0
:10DC40002506E40065070600E507080045061800FC
:10DC5000F80200000A00000018020000480200005C
:10DC60006507270009000000D50701002506E4002C
:10DC700065070600E507080045061400F8020000E5
:10DC80000A00000018020000480200006507270093
:10DC900009000000550D010000000000750700009C
:10DCA000C50D9009750727008513010015140100A3
:10DCB000E501040085130400E501040015140400C7
:10DCC000E501080085130800E501F8011514F801C5
:10DCD00009000000150200000502000025020100F5
:10DCE0000620220015090200F5080400E5010020C5
:10DCF000F5080020090000000214000043000000A5
:10DD0000010001000100800206004000090000003F
:10DD1000350A0900550A0000C50A0800650A3F08CF
:10DD2000250A6000950A0100250A7F00090000000D
:10DD3000250A0000950A0000250A0000650A000077
:10DD400009000000450A0100450A000065070300BC
:10DD5000D50708002506140058010000A80100009E
:10DD600025073900F50400000505803EE5040100A3
:10DD7000F80200000A000000A801000018020000DC
:10DD80006507000009000000450A0100450A00007F
:10DD900009000000050D0100250D0100150D1500FD
:10DDA000A50A0100450D870009000000450DFF0090
:10DDB0000900000015095D00F508BD00E50100201F
:10DDC000F508002009000000D5080A00E5081A003F
:10DDD000450285225502FD010900000015023600AA
:10DDE00005020E002502930009000000E501002055
:10DDF000F508000000000000000000002500010000
:10DE0000E50102001500020025000000E501020006
:10DE10001500000009000000350C0200350C03005D
:10DE2000E5010100050B0100E5010200D50A000033
:10DE3000A20000004300000009000000E501000509
:10DE400035000000E501001835000018E501000567
:10DE50003500000509000000E5010005350000005F
:10DE6000E501001835000000E5010005350000055A
:10DE700009000000B208000043000000E501F91F9E
:10DE8000B502000009000000E501FF016502E001A4
:10DE9000E5011100B5021100B8100000E501FF0115
:10DEA0006502FF01E5012100B5022100B810000064
:10DEB000E501FF016502F801E5018100B50281007D
:10DEC000B810000009000000E501FF016502C00173
:10DED000E5010102B5020102B8100000E501FF01F1
:10DEE0006502FF01E5010104B5020104B81000005C
:10DEF000E501FF016502F801E5010108B50201082D
:10DF0000B8100000E501FF016502FF01E501011005
:10DF1000B5020110B810000009000000D50B050083
:10DF2000B50B030009000000D80F0000B502040083
:10DF3000750200006502C03FE5010101B502010163
:10DF4000B8100000650200FE081200004810000032
:10DF5000580E000006202200B80D0000F50901004F
:10DF6000E50100039509000101F40000D50B05004F
:10DF7000024B000043000000D50B0900F50900002A
:10DF8000E501000395090000980E0000090000005B
:10DF9000050B0000050B0C00050B0000150B1F0006
:10DFA000250B0000350B0100450B0000550B000050
:10DFB000650B000009000000550802005801000030
:10DFC000A80100001802000048020000F505010049
:10DFD000350C0400780200002851000038090000C8
:10DFE000380A000001000000950C1300750C380081
:10DFF000850C0200A2000000C230000043000000B7
:10E0000043000000010001050600400001008002FD
:10E01000750C0001850C1800C80A0000850C38003A
:10E020002503000065070300D50708002506140036
:10E0300058010000F5040000050580028514220047
:10E04000C50A0000080D0000A801000025072106F0
:10E05000E5040100F80200000A000000A801000029
:10E06000E501010025030100C80A0000C50A0100FE
:10E07000080D0000A801000025074D06E504010079
:10E08000F80200000A000000A8010000E5010200FB
:10E0900025030200C80A0000C50A0200080D00009E
:10E0A000A801000025077906E5040100F802000038
:10E0B0000A000000A8010000E50104002503040097
:10E0C000C80A0000C50A0300080D0000A8010000EE
:10E0D0002507A506E5040100F80200000A0000007B
:10E0E000A8010000E501080025030800C80A000097
:10E0F000C50A0400080D0000A80100002507D1068C
:10E10000E5040100F80200000A000000A801000078
:10E11000E501100025031000C80A0000C50A05002B
:10E12000080D0000A80100002507FD06E504010018
:10E13000F80200000A000000A8010000E50120002C
:10E1400025032000C80A0000C50A0600080D0000CB
:10E15000A801000025072907E5040100F8020000D6
:10E160000A000000A8010000E5014000250340006E
:10E17000C80A0000C50A0700080D0000A801000039
:10E1800025075507E5040100F80200000A00000019
:10E19000A8010000E501800025038000C80A0000F6
:10E1A000C50A0800080D0000A80100002507810726
:10E1B000E5040100F80200000A000000A8010000C8
:10E1C000E501000125030001C80A0000C50A090095
:10E1D000080D0000A80100002507AD07E5040100B7
:10E1E000F80200000A000000A8010000E50100029A
:10E1F00025030002C80A0000C50A0A00080D000035
:10E20000A80100002507D907E5040100F802000075
:10E210000A000000A8010000E50100042503000435
:10E22000C80A0000C50A0B00080D0000A801000084
:10E2300025070508E5040100F80200000A000000B7
:10E24000A8010000E501000825030008C80A000035
:10E25000C50A0C00080D0000A801000025073108C0
:10E26000E5040100F80200000A000000A801000017
:10E27000E501001025030010C80A0000C50A0D00C2
:10E28000080D0000A801000025075D08E504010055
:10E29000F80200000A000000A8010000E5010020CB
:10E2A00025030020C80A0000C50A0E00080D000062
:10E2B000A801000025078908E5040100F802000014
:10E2C0000A000000A8010000E5010040250300400D
:10E2D000C80A0000C50A0F00080D0000A8010000D0
:10E2E0002507B508E5040100F80200000A00000057
:10E2F000A8010000E501008025030080C80A000095
:10E3000085140000A80B000018020000C85000008F
:10E310001400000078590000750C8000850C800006
:10E32000B50A0300E5010400B50C0400060000086E
:10E33000950A6100484F0000950A6900484F0000A7
:10E34000950A7100484F0000950A7900484F000077
:10E35000950A4100484F0000950A4900484F0000C7
:10E36000950A5100484F0000950A5900484F000097
:10E37000950A2100484F0000950A2900484F0000E7
:10E38000950A3100484F0000950A3900484F0000B7
:10E39000950A0100484F0000950A0900484F000007
:10E3A000950A1100484F0000950A1900484F0000D7
:10E3B000B50A000001008002750C0200850C020005
:10E3C000E5010400B50C0000C80A0000750C180037
:10E3D000850C0600F5001000C80A0000F5001100C9
:10E3E000C80A0000F5001200C80A0000F50013007A
:10E3F000C80A0000F5001400C80A0000F500150066
:10E40000C80A0000F5001600C80A0000F500170051
:10E41000C80A0000F5001800C80A0000F50019003D
:10E42000C80A0000F5001A00C80A0000F5001B0029
:10E43000C80A0000F5001C00C80A0000F5001D0015
:10E44000C80A0000F5001E00C80A0000F5001F0001
:10E45000C80A0000F5002000C80A0000F5002100ED
:10E46000C80A0000F5002200C80A0000F5002300D9
:10E47000C80A0000F5002400C80A0000F5002500C5
:10E48000C80A0000F5002600C80A0000F5002700B1
:10E49000C80A0000F5002800C80A0000F50029009D
:10E4A000C80A0000F5002A00C80A0000F5002B0089
:10E4B000C80A0000F5002C00C80A0000F5002D0075
:10E4C000C80A0000F5002E00C80A0000F5002F0061
:10E4D000C80A0000F5003000C80A0000F50031004D
:10E4E000C80A0000F5003200C80A0000F500330039
:10E4F000C80A0000F5003400C80A0000F500350025
:10E50000C80A0000F5003600C80A0000F500370010
:10E51000C80A0000F5003800C80A0000F5003900FC
:10E52000C80A0000F5003A00C80A0000F5003B00E8
:10E53000C80A0000F5003C00C80A0000F5003D00D4
:10E54000C80A0000F5003E00C80A0000F5003F00C0
:10E55000C80A0000A80B0000C8500000140000000A
:10E560007859000045030100F5002000750C0300F8
:10E57000850C0300E5010400B50C0400060000084A
:10E58000150D100008500000150D11000850000076
:10E59000150D120008500000150D13000850000062
:10E5A000150D140008500000150D1500085000004E
:10E5B000150D160008500000150D1700085000003A
:10E5C000150D180008500000150D19000850000026
:10E5D000150D1A0008500000150D1B000850000012
:10E5E000150D1C0008500000150D1D0008500000FE
:10E5F000150D1E0008500000150D1F0008500000EA
:10E60000150D000008500000150D01000850000015
:10E61000150D020008500000150D03000850000001
:10E62000150D040008500000150D050008500000ED
:10E63000150D060008500000150D070008500000D9
:10E64000150D080008500000150D090008500000C5
:10E65000150D0A0008500000150D0B0008500000B1
:10E66000150D0C0008500000150D0D00085000009D
:10E67000150D0E0008500000150D0F000850000089
:10E68000350D000001008002980E0000A80B00006C
:10E6900045030000C850000014000000B50B030043
:10E6A000F509010025000100950900012500000081
:10E6B000D50B0E000214000043000000D50B0A0029
:10E6C000F509000095090000950C000062090000A2
:10E6D000C23000004300000043000000380A000080
:10E6E000E5010400B50C0400050C0000060000085C
:10E6F000150C0000E50B3C00C80A0000E50B3400D7
:10E70000C80A0000E50B2C00C80A0000E50B240035
:10E71000C80A0000E50B0400C80A0000E50B0C0065
:10E72000C80A0000E50B1400C80A0000E50B1C0035
:10E73000C80A0000150C0100E50B3C00C80A0000E7
:10E74000E50B3400C80A0000E50B2C00C80A0000E5
:10E75000E50B2400C80A0000E50B0400C80A00000D
:10E76000E50B0C00C80A0000E50B1400C80A000005
:10E77000E50B1C00C80A0000150C0200E50B3C006C
:10E78000C80A0000E50B3400C80A0000E50B2C00A5
:10E79000C80A0000E50B2400C80A0000E50B0400CD
:10E7A000C80A0000E50B0C00C80A0000E50B1400C5
:10E7B000C80A0000E50B1C00C80A0000150C030085
:10E7C000E50B3C00C80A0000E50B3400C80A000055
:10E7D000E50B2C00C80A0000E50B2400C80A000065
:10E7E000E50B0400C80A0000E50B0C00C80A000095
:10E7F000E50B1400C80A0000E50B1C00C80A000065
:10E80000150C0400E50B3C00C80A0000E50B3400C1
:10E81000C80A0000E50B2C00C80A0000E50B240024
:10E82000C80A0000E50B0400C80A0000E50B0C0054
:10E83000C80A0000E50B1400C80A0000E50B1C0024
:10E84000C80A0000150C0500E50B3C00C80A0000D2
:10E85000E50B3400C80A0000E50B2C00C80A0000D4
:10E86000E50B2400C80A0000E50B0400C80A0000FC
:10E87000E50B0C00C80A0000E50B1400C80A0000F4
:10E88000E50B1C00C80A0000150C0600E50B3C0057
:10E89000C80A0000E50B3400C80A0000E50B2C0094
:10E8A000C80A0000E50B2400C80A0000E50B0400BC
:10E8B000C80A0000E50B0C00C80A0000E50B1400B4
:10E8C000C80A0000E50B1C00C80A0000150C070070
:10E8D000E50B3C00C80A0000E50B3400C80A000044
:10E8E000E50B2C00C80A0000E50B2400C80A000054
:10E8F000E50B0400C80A0000E50B0C00C80A000084
:10E90000E50B1400C80A0000E50B1C00C80A000053
:10E91000150C0800E50B3C00C80A0000E50B3400AC
:10E92000C80A0000E50B2C00C80A0000E50B240013
:10E93000C80A0000E50B0400C80A0000E50B0C0043
:10E94000C80A0000E50B1400C80A0000E50B1C0013
:10E95000C80A0000150C0900E50B3C00C80A0000BD
:10E96000E50B3400C80A0000E50B2C00C80A0000C3
:10E97000E50B2400C80A0000E50B0400C80A0000EB
:10E98000E50B0C00C80A0000E50B1400C80A0000E3
:10E99000E50B1C00C80A0000C8500000140000006D
:10E9A000A8590000E8550000F50A000028590000A9
:10E9B000F50A010028590000F50A02002859000054
:10E9C000F50A030028590000F50A04002859000040
:10E9D000F50A050028590000F50A0600285900002C
:10E9E000F50A07002859000001008002980E000077
:10E9F000085A0000C850000014000000A859000088
:10EA0000080E0000D80F0000B502040075020000D7
:10EA10006502C03FE5010900B5020900B810000019
:10EA200065020000E5014100B5024100B810000098
:10EA3000650200FE08110000985800004810000010
:10EA400006200208B80D0000A50B04006855000060
:10EA5000F50A0000D84D0000F50A0100D84D00006D
:10EA6000F50A0200D84D0000F50A0300D84D000059
:10EA7000F50A0400D84D0000F50A0500D84D000045
:10EA8000F50A0600D84D0000F50A0700D84D000031
:10EA900001008002980E0000085A0000C8500000D3
:10EAA00014000000A8590000E50A0800950B0800B2
:10EAB000F50B0F00D80F0000B5020400750200002E
:10EAC0006502C03FE5010900B5020900B810000069
:10EAD00065020000E5014100B5024100B8100000E8
:10EAE000650200FE08110000B50204007502000076
:10EAF0006502C03FE5010101B5020101B810000047
:10EB0000650200FE0812000048100000B80D000069
:10EB1000F50A04001502A0000600200801F4000513
:10EB200006020000A50B0000884C00000602000051
:10EB3000A50B0100884C000006020000A50B020096
:10EB4000884C000006020000A50B0300884C000062
:10EB500006020000A50B0400884C0000060200001D
:10EB6000A50B0500884C000006020000A50B06005E
:10EB7000884C000006020000A50B0700884C00002E
:10EB800001000005980E0000085A0000C85000005F
:10EB900014000000A8590000E50A0800950B0800C1
:10EBA000F50B0900D80F0000B50204007502000043
:10EBB0006502C007E5010900B5020900B8100000B0
:10EBC00065020000E5014100B5024100B8100000F7
:10EBD0006502001E08110000B50204007502000065
:10EBE0006502C007E5010101B5020101B81000008E
:10EBF0006502001E081200004810000035020000E7
:10EC00001502A00025022E0006202008B80D0000E5
:10EC1000A50B0400050C0300150C0000685500004E
:10EC2000D84D000001008002980E0000085A000034
:10EC3000C850000014000000A8590000E5010400BD
:10EC4000B50C0000350C0100750C8001850C02002C
:10EC5000950C1300450C0900650C1B0028150000DD
:10EC6000450B0200E50A0800950B0800D80F0000CC
:10EC7000B50204007502000065024000E5010900CC
:10EC8000B5020900B810000065020000E50141006E
:10EC9000B5024100B81000006502007E08110000B6
:10ECA0009858000048100000B80D00000100000056
:10ECB0001502A10025026E00650B04000620200845
:10ECC00048530000060020082200000048530000BE
:10ECD0004300000001008002650B0C0006002000CC
:10ECE00042000000485300004300000001000005FE
:10ECF000650C0000450C0F00550C0300750CC0019D
:10ED0000150B0900550B0700350B2900250B0B00CF
:10ED1000060020005200000058540000430000008C
:10ED200001008002550B0F00350B09000600200082
:10ED3000520000005854000043000000010080020F
:10ED4000250B13000600200052000000585400005C
:10ED50004300000001000005980E0000085A000062
:10ED6000C85000001400000012000000E17500000F
:10ED700001F4010026000000E175000001F4070025
:10ED8000E601000002000000E175000001F403004C
:10ED900026000000E175000001F40700E601000014
:10EDA0004300000006004000160000004300000081
:10EDB0002600000001748000090000000600200009
:10EDC000120000000602000072010000884C0000E2
:10EDD0004300000006001C004300000001F4800214
:10EDE0000900000006002000060200007201000079
:10EDF000884C00004300000001F48002090000007C
:10EE0000851300001514000075070000C50D0000F3
:10EE1000550D010009000000B50A030002140000AE
:10EE2000430000000100010001008002B50A020059
:10EE300002140000430000000100070001008002EE
:10EE40000600400009000000350D0100021400001A
:10EE5000430000000100010001008002350D0300A5
:10EE600002140000430000000100070001008002BE
:10EE7000060040000900000035030200E501000023
:10EE80003503000085030100850300000900000030
:10EE9000C50000009514000098040000580400000C
:10EEA000980500002803000002DC05004300000074
:10EEB00048030000A2010000430000008500FF3766
:10EEC000D50A4F007500FF3F8500FF3F0214000088
:10EED00043000000E50C0100280B0000380D000085
:10EEE00025000000E501000535000005E5010200F0
:10EEF00015000000B8050000020F000043000000EC
:10EF0000980D00002509010078060000A806000001
:10EF1000D80600000900000006020000F20200000E
:10EF200001080000E10700000100000001000100ED
:10EF30006200000001080000E1070000010000007D
:10EF4000010003004300000006004000260000000E
:10EF50004300000006001C0009000000060200003B
:10EF6000F20200000128000001100000E10700008B
:10EF700001000100620000000128000001100000F3
:10EF8000E10700000100030043000000060040000C
:10EF9000260000004300000006001C0009000000DD
:10EFA000F50901009509000102140000430000006A
:10EFB000F50900009509000001F4000109000000B6
:10EFC000050A6B01050A0801050AB502150D0000C6
:10EFD000D50B0900E50B0000980E00004503010069
:10EFE00045030200E84E000058130000881300009B
:10EFF000D80F0000B5020400750200006502C03F92
:10F00000E5010900B5020900B81000006502000022
:10F01000E5014100B5024100B8100000650200FEA4
:10F02000081100009858000048100000E50A080088
:10F03000950B0700480F000015029D0035020000E7
:10F040000502760025022E0006200208B80D0000F9
:10F05000A50B0400050C1100150C0000F50B0200B7
:10F0600068550000080E000009000000B502040009
:10F070007502000065024000E5010101B5020101D1
:10F08000B81000006502000008120000090000002E
:10F090005502DD0D784E00005502FF0F784E00003E
:10F0A00009000000280B0000F80B00000900000018
:10F0B00078590000E50101003500010062010000FF
:10F0C0004300000009000000E501010035000000D8
:10F0D0006201000043000000A80B000009000000CE
:10F0E0000000000000000000000000000000000020
:10F0F0000000000000000000000000000000000010
:10F1000000000000000000000000000000000000FF
:10F1100000000000000000000000000000000000EF
:10F1200000000000000000000000000000000000DF
:10F1300000000000000000000000000000000000CF
:10F1400000000000000000000000000000000000BF
:10F1500000000000000000000000000000000000AF
:10F16000000000000000000000000000000000009F
:10F17000000000000000000000000000000000008F
:10F18000000000000000000000000000000000007F
:10F19000000000000000000000000000000000006F
:10F1A000000000000000000000000000496E7661D1
:10F1B0006C696420636F6E6669672068616E646C59
:10F1C00065000000636F6E6669670000496E7661D6
:10F1D0006C69642073656E736F722068616E646C15
:10F1E0006500000073656E736F720000496E766192
:10F1F0006C69642070726F63657373696E672068F1
:10F20000616E646C6500000070726F636573736992
:10F210006E670000546F6F206C61726765207365C4
:10F220006E736F72206275666665722075736167B2
:10F230006500000072616461725F656E67696E658A
:10F240005F613132310000004C6F61643A205472CA
:10F25000616E736665722073697A652069732074C4
:10F260006F206C617267650073656E736F725F63A8
:10F270006F6D6D5F613132310000000053656E7358
:10F280006F7220256C75206E6F74207265616479D1
:10F2900020666F722072756E6E696E672061206ED7
:10F2A00065772070726F6772616D000073656E73B1
:10F2B0006F725F70726F746F636F6C5F6131323148
:10F2C00000000000496E76616C69642062756666B4
:10F2D00065722073656E736F7220256C7500000077
:10F2E00047656E657269633120496E746572727527
:10F2F000707420616C726561647920636C65617201
:10F300006564206F6E2073656E736F7220256C7557
:10F31000000000004E6F206576656E7420636F6498
:10F3200065205B307825785D207265636569766558
:10F33000642066726F6D2073656E736F7220256C2A
:10F34000750000004572726F72206576656E7420DC
:10F35000636F6465205B307825785D207265636536
:10F36000697665642066726F6D2073656E736F7267
:10F3700020256C7500000000496E76616C69642080
:10F380006576656E7420636F6465205B30782578E0
:10F390005D2072656365697665642066726F6D20B5
:10F3A00073656E736F7220256C75000053707572F3
:10F3B000696F7573206576656E7420726563656923
:10F3C000766564207768656E20444F4E45206578E9
:10F3D0007065637465642120526563656976656450
:10F3E000206576656E7420636F6465203D2025641A
:10F3F0000000000063616C6962726174696F6E5F26
:10F40000613132315F63616C5F73657373696F6E15
:10F410000000000072756E6E696E670073746F7025
:10F42000706564005B256C755D2053656E736F724B
:10F43000202573402568750073656E736F725F7366
:10F4400074617475735F6131323100005B256C75D6
:10F450005D205363726174636870616420636F6ED2
:10F46000666967202568753A2030782530346878D9
:10F47000000000005B256C755D2077616B65757021
:10F480005F737461747573303A2030782530346856
:10F49000780000005B256C755D20696E7075746D79
:10F4A00075785F77616B6575705F696E70757425CF
:10F4B00068755F636F6E6669673A2030782530340F
:10F4C000687800005B256C755D2077616B657570F1
:10F4D0005F696E7075742568755F77616B657570AF
:10F4E0005F636F6E6669673A20416464723D2568A8
:10F4F000753A203078253034687800005B256C75CB
:10F500005D2077616B6575705F696E7075742568D5
:10F51000755F61636B5F636F6E6669673A20202079
:10F5200020416464723D2568753A20307825303476
:10F53000687800005B256C755D20537461636B20F7
:10F540006C6576656C202568753A20416464723D6F
:10F550002568753A20256875000000005B256C75EC
:10F560005D2041736963206572726F723A20307852
:10F5700025303468780000005B256C755D20202004
:10F580004552524F523A2025730000002D2D2D2D4B
:10F590002D2D20424547494E202D2D2D2D2D2D203E
:10F5A00053656E736F7220537461747573204C6F62
:10F5B00067202D2D2D2D2D2D20424547494E202DE4
:10F5C0002D2D2D2D2D0000005B256C755D202573E4
:10F5D0003A20307825303468780000002D2D2D2D0C
:10F5E0002D2D2D20454E44202D2D2D2D2D2D2D2022
:10F5F00053656E736F7220537461747573204C6F12
:10F6000067202D2D2D2D2D2D2D20454E44202D2DC7
:10F610002D2D2D2D2D0000004F66667365743A2048
:10F62000256875204D6F646966792076616C756513
:10F63000203D20256C7520746F6F206C61726765AA
:10F6400020286D6178696D756D20256C7529000025
:10F65000636F6E6670726F6772616D00496E76617E
:10F660006C69642064617461206F627461696E65A5
:10F670006420666F72207061746368696E67000051
:10F68000556E61636B6E6F776C656467656420654A
:10F6900076656E74206465746563746564206F6E4E
:10F6A0002073656E736F7220256C750053656E73E1
:10F6B0006F7220256C75206E6F742072656164799D
:10F6C00020666F72206C6F6164696E672061206EC6
:10F6D00065772070726F6772616D0000537461749A
:10F6E00065206E6F7420757365640000656C656DD0
:10F6F000656E745F6672616D6500000053637261D0
:10F700007463682069732075736564206275742062
:10F710006E6F742073657400536372617463682044
:10F72000616E64207374617465206E6F74207573EC
:10F7300065640000656C656D656E745F73696E6B02
:10F740005F613132315F63616C6C6261636B0000D9
:10F750004F75747075742063616E206E6F742062D3
:10F76000652073657420666F722073696E6B206507
:10F770006C656D656E740000253032753A25303247
:10F78000753A253032752E253033752028256329AA
:10F7900020282573292025730A0000004557495663
:10F7A000440000004F7574206F66206D656D6F72A8
:10F7B000790000007273735F696E746567726174BB
:10F7C000696F6E00416464726573733A20256875D1
:10F7D000204D6F646966792076616C7565203D20E7
:10F7E000256C7520746F6F206C6172676520286DC1
:10F7F0006178696D756D20256C752900496E76619B
:10F800006C69642064617461206F627461696E6503
:10F810006420666F72206C6976652070617463681D
:10F82000696E6700496E76616C6964207265666511
:10F8300072656E6365206672657175656E637920A9
:10F840002573256C752E2530366C7520487A00009E
:10F850006370645F706C6C5F64697669736F7273F8
:10F860000000000053656E736F722063616C696203
:10F87000726174696F6E20737465702025642066F0
:10F8800061696C656400000063616C696272617437
:10F89000696F6E5F6131323100000000496E766140
:10F8A0006C6964206E756D626572206F6620737579
:10F8B00062737765657073007472616E736C6174E6
:10F8C000696F6E5F6131323100000000496E766110
:10F8D0006C69642073776565705F726174650000A0
:10F8E000656E61626C655F636361206E6F74207624
:10F8F000616C6964207769746820646F75626C65F7
:10F900005F627566666572696E6700005375627343
:10F9100077656570202568752068617320696E764B
:10F92000616C69642050524600000000496E7661A7
:10F930006C6964206672616D655F72617465000058
:10F94000496E76616C69642073657474696E67735F
:10F9500020666F7220636F6E74696E756F75735F6A
:10F9600073776565705F6D6F64650000696E7465BF
:10F97000725F6672616D655F69646C655F73746107
:10F980007465206D757374206265207468652073DA
:10F99000616D65206F7220646565706572207468A2
:10F9A000616E20696E7465725F73776565705F69FB
:10F9B000646C655F7374617465000000496E766104
:10F9C0006C696420696E7465725F6672616D655FF3
:10F9D00069646C655F73746174650000496E76617B
:10F9E0006C696420696E7465725F73776565705FBA
:10F9F00069646C655F73746174650000496E76615B
:10FA00006C6964206877616173000000496E7661FB
:10FA10006C696420636F6D62696E6174696F6E20DA
:10FA20006F66206C6F6F706261636B20616E642023
:10FA300070726F66696C6500496E76616C696420EE
:10FA4000636F6D62696E6174696F6E206F6620709E
:10FA5000726F66696C6520616E642070726600006A
:10FA6000496E76616C69642070726F66696C6500BE
:10FA7000496E76616C696420737465705F6C656E45
:10FA800067746800496E76616C6964206E756D5F9D
:10FA9000706F696E7473000070686173655F656E86
:10FAA00068616E63656D656E74206E6F742076613B
:10FAB0006C696420776974686F75742073756274FB
:10FAC000726163745F696E5F62756666657200007D
:10FAD000496E76616C696420737461727420706F12
:10FAE000696E7400496E76616C6964206E756D6232
:10FAF0006572206F6620706F696E7473206F72205C
:10FB000073746570206C656E67746800496E766109
:10FB10006C69642070726600537461727420706F37
:10FB2000696E74206F722072616E676520746F6FEA
:10FB30002066617200000000537461727420706F5F
:10FB4000696E7420746F6F20636C6F7365000000C2
:10FB5000496E76616C696420726563656976657269
:10FB60005F6761696E000000496E76616C696420B0
:10FB7000545820706F77657220617474656E75617A
:10FB800074696F6E000000004661696C65642074E2
:10FB90006F2063616C63756C6174652070756C7344
:10FBA000657368617065722073657474696E6773DC
:10FBB00021000000546865206D6178696D756D20C5
:10FBC00073776565702072617465206973202564A0
:10FBD000000000004C6F61642070726F6772616D8D
:10FBE000206661696C6564004E6F7420706F73737A
:10FBF00069626C6520746F207265636F6E666967F9
:10FC0000757265207768656E20646F75626C65201B
:10FC1000627566666572696E6720697320636F6ED0
:10FC2000666967757265640053656E736F7220252F
:10FC30006C75206E6F7420726561647920746F201A
:10FC40006265207570646174656400006370645F50
:10FC5000613132315F6D6561735F73657373696FB5
:10FC60006E0000004163636F6E65657220736F669E
:10FC700074776172652076657273696F6E20257383
:10FC80000A0000006163635F636F6E74726F6C5F84
:10FC900068656C7065725F637265617465282920A0
:10FCA0006661696C65640000706970656C696E6599
:10FCB0005F613132310000004661696C6564207417
:10FCC0006F2067657420726164617220656E676978
:10FCD0006E65206D65746164617461007069706542
:10FCE0006C696E655F73756273776565700000009F
:10FCF000506970656C696E65206E6F742070726FEC
:10FD00007065726C7920617373656D626C656400F7
:10FD1000417373656D626C65207375627377656599
:10FD20007020706970656C696E65206661696C65CC
:10FD3000640000004661696C656420746F20637222
:10FD4000656174652070726F63657373696E670AAD
:10FD5000000000006163635F7273735F6765745FC7
:10FD60006275666665725F73697A652829206661C7
:10FD7000696C65640A000000556E6578706563748F
:10FD8000656420617369635F696420666F756E6482
:10FD9000203D20307825780053656E736F7220699E
:10FDA0007320696E2077726F6E672073746174655B
:10FDB000000000004661696C656420746F20637206
:10FDC000656174652073656E736F720A00000000D0
:10FDD00063616C6962726174696F6E206661696CDF
:10FDE00065640A00496E76616C69642063616C69C0
:10FDF00062726174696F6E006163635F73656E73D5
:10FE00006F725F70726570617265206661696C65A2
:10FE1000640A00006163635F636F6E74726F6C5F8E
:10FE200068656C7065725F6163746976617465287A
:10FE300029206661696C6564000000004D656D6F86
:10FE4000727920616C6C6F636174696F6E20666F8C
:10FE50007220766563746F7273206661696C656485
:10FE6000000000006163635F73656E736F725F6DA6
:10FE7000656173757265206661696C65640A00006E
:10FE800053656E736F7220696E74657272757074EB
:10FE90002074696D656F75740A00000042756666AE
:10FEA00065722073697A6520746F6F20736D616C61
:10FEB0006C00000053656E736F7220256C75204EC8
:10FEC0006F2070656E64696E6720696E746572720A
:10FED0007570740053656E736F7220256C752065A4
:10FEE00076656E74206973206E6F742048414E44AD
:10FEF0005348414B45205B307825785D0000000079
:10FF0000496E76616C696420627566666572206C04
:10FF1000656E6774680000005472616E7366657286
:10FF200020646174612066726F6D2073656E736FFB
:10FF30007220746F20686F7374206661696C6564E9
:10FF4000000000006163635F73656E736F725F72C0
:10FF5000656164206661696C65640A00496E76615A
:10FF60006C69642062756666657220696E7075746E
:10FF7000000000006163635F636F6E74726F6C5F9B
:10FF800068656C7065725F6765745F6E657874280C
:10FF900029206661696C6564000000006461746119
:10FFA0005F6C656E677468203D3D20766563746F95
:10FFB000725F6F75742D3E646174615F6C656E670E
:10FFC000746800005372632F6578616D706C65739F
:10FFD0002F68656C7065722F6163635F70726F6309
:10FFE000657373696E675F68656C706572732E63A5
:10FFF00000000000766563746F725F612D3E64617E
:020000040801F1
:1000000074615F6C656E677468203D3D2076656342
:10001000746F725F6F75742D3E646174615F6C659F
:100020006E677468000000002573256C752E2530FE
:10003000366C75200000000025313473200000006C
:1000400048696768657374207065616B20696E64C8
:1000500065783A20256C752C207065616B20616D88
:10006000706C69756465202573256C752E25303696
:100070006C750A004170706C69636174696F6E2001
:1000800066696E6973686564204F4B00416D706CE2
:10009000697475646500000025733A0A0000000069
:1000A00041736963206964656E746974793A00000C
:1000B000537461636B5F6C6576656C5F73746174B8
:1000C00075735F726567697374657200496E7465F4
:1000D00072727570742073746174757320726567C1
:1000E0006973746572000000646F6E655F6572729B
:1000F0006F720000737461636B5F6F766572666C1C
:100100006F770000737461636B5F756E6465726610
:100110006C6F77007370695F756E6B6E6F776E5F73
:10012000636D64007370695F6D697373696E675F97
:1001300061636B006164635F6669666F5F66756CBF
:100140006C0000006164635F746F6F5F666173745D
:1001500000000000000FC93F000F494000CB96404F
:10016000000FC9400053FB4000CB164100ED2F416A
:10017000000F49410031624100537B41003A8A41FE
:1001800000CB9641005CA34100EDAF41007EBC4135
:10019000000FC94100A0D5410031E24100C2EE414B
:1001A0000053FB4100F20342003A0A42008310422E
:1001B00000CB164200141D42005C234200A52942D8
:1001C00000ED2F4200363642007E3C4200C74242DC
:1001D000000F4942A2000000F90000008300000067
:1001E0006E0000004E0000004400000015000000FA
:1001F00029000000FC00000027000000570000005C
:10020000D1000000F500000034000000DD00000017
:10021000C0000000DB00000062000000950000004C
:10022000990000003C000000430000009000000026
:1002300041000000FE0000005100000063000000CB
:10024000AB000000DE000000BB000000C5000000A5
:1002500061000000B7000000240000006E000000F4
:100260003A000000420000004D000000D2000000F3
:10027000E000000006000000490000002E00000021
:10028000EA00000009000000D10000009200000018
:100290001C000000FE0000001D000000EB0000003C
:1002A0001C000000B100000029000000A7000000B1
:1002B0003E000000E8000000820000003500000061
:1002C000F50000002E000000BB000000440000000C
:1002D00084000000E90000009C00000070000000A5
:1002E00026000000B40000005F0000007E00000057
:1002F000410000003900000091000000D60000001D
:1003000039000000830000005300000039000000A5
:10031000F40000009C000000840000005F0000006A
:100320008B000000BD000000F90000002800000064
:100330003B0000001F000000F800000097000000D4
:10034000FF000000DE000000050000009800000033
:100350000F000000EF0000002F000000110000005F
:100360008B0000005A0000000A0000006D00000031
:100370001F0000006D000000360000007E0000003D
:10038000CF00000027000000CB00000009000000A3
:10039000B70000004F000000460000003F000000D2
:1003A000660000009E0000005F000000EA00000000
:1003B0002D0000007500000027000000BA000000BA
:1003C000C7000000EB000000E5000000F1000000A5
:1003D0007B0000003D000000070000003900000025
:1003E000F70000008A0000005200000092000000A8
:1003F000EA0000006B000000FB0000005F0000004E
:10040000B10000001F0000008D0000005D00000032
:10041000080000005600000003000000300000004B
:1004200046000000FC0000007B0000006B000000A4
:10043000AB000000F0000000CF000000BC00000096
:10044000200000009A000000F400000036000000C8
:100450001D000000A9000000E30000009100000062
:10046000610000005E000000E60000001B000000CC
:1004700008000000650000009900000085000000F1
:100480005F00000014000000A000000068000000F1
:10049000400000008D000000FF000000D8000000B8
:1004A000800000004D0000007300000027000000E5
:1004B00031000000060000000600000015000000EA
:1004C00056000000CA00000073000000A8000000F1
:1004D000C900000060000000E20000007B00000096
:1004E000C00000008C0000006B0000000000C93F4D
:1004F0000000F0390000DA370000A2330000842E3B
:100500000000502B0000C2270000D0220000C41FB2
:100510000000C61B00004417040000000700000094
:10052000090000002C2066756E6374696F6E3A20B6
:1005300000617373657274696F6E202225732220C7
:100540006661696C65643A2066696C652022257372
:10055000222C206C696E65202564257325730A00A2
:10056000232D302B2000686C4C006566674546479C
:10057000003031323334353637383941424344451F
:10058000460030313233343536373839616263648E
:08059000656600000000000098
:08059800286DFF7F0100000047
:0805A000197A000800000000B8
:0805A800F179000800000000D9
:1005B00000093D00100000006262615F63616C5FD2
:1005C0006374726C5B785D0074785F667265715FEE
:1005D0006B687A5B785D00002C0000200000000052
:1005E000E40300204C040020B404002000000000BC
:1005F00000000000000000000000000000000000FB
:1006000000000000000000000000000000000000EA
:1006100000000000000000000000000000000000DA
:1006200000000000000000000000000003000000C7
:08063000E403002000000000BB
:04000005080083A9C3
:00000001FF
