:020000040800F2
:1000000000000120E9C10008B11E0008B51E00086B
:10001000B91E0008BD1E0008C11E00080000000037
:10002000000000000000000000000000C51E0008E5
:10003000C91E000800000000CD1E0008D11E0008E7
:1000400039C2000839C2000839C20008E11E0008A0
:1000500039C2000839C2000839C2000839C2000894
:1000600039C200081D1F000839C2000839C2000843
:10007000311F00083D1F000839C2000839C20008BE
:10008000491F0008551F000839C2000839C200087E
:1000900039C2000839C2000839C2000839C2000854
:1000A00039C2000839C2000839C2000839C2000844
:1000B00039C20008000000000000000039C200083A
:1000C00039C20008611F000839C2000839C200089F
:1000D00039C2000839C20008F135000839C20008E9
:1000E000891F00080921000800000000000000002E
:1000F0000000000000000000000000000000000000
:100100000000000039C200080000000039C20008E9
:10011000000000000000000039C2000839C20008D9
:1001200039C2000839C2000839C2000839C20008C3
:1001300039C20008000000000000000000000000BC
:1001400039C2000839C2000839C2000800000000A6
:1001500039C2000839C2000839C2000839C2000893
:1001600039C2000839C2000839C200080000000086
:1001700039C2000839C20008000000000000000079
:1001800039C2000839C2000839C200080000000066
:1001900090F82520022A03D00422C2630120704770
:1001A0000168426C10B50C6824F00E040C600C68F9
:1001B00024F001040C6002F01C02046C012101FA1D
:1001C00002F26260826B80F82510002480F82440DF
:1001D00002B19047002010BD70B4436C066C0568F6
:1001E00031682C6803F01C0304229A400A420ED0A6
:1001F00014F0040F0BD02B689B0603D42B6823F05C
:1002000004032B60036B7260CBB170BC18470222F1
:100210009A400A4215D014F0020F12D02B689906AA
:1002200006D42B6823F00A032B60012380F82530C5
:10023000C36A7260002180F82410002BE5D170BCE5
:10024000704708229A400A42F9D02207F7D52A6857
:10025000416B22F00E022A60012202FA03F300240D
:100260007360C26380F8244080F825200029E6D01E
:1002700070BC0847002310B480F8423090F8412049
:10028000212A4FF0200118D1112280F84110026379
:1002900090F84110046801F028012268436328297E
:1002A00014BF6FF0F2016FF042010A400023226098
:1002B0005DF8044B80F840307047122280F84110FE
:1002C000026390F84120016802F028020C68436341
:1002D000282A14BF6FF0F4026FF04402224000237A
:1002E0000A605DF8044B80F84030704701680B6885
:1002F000002280F842205A040CD50B6823F4804376
:100300000B6090F84130292B0ED090F841302A2B09
:1003100020D070471B04F4D50B6823F400430B6016
:1003200090F84130292BF0D12822212380F8412058
:10033000036390F841300A6803F02803282B14BFA8
:100340006FF0F2036FF04203134000220B6080F85D
:10035000402070472822222380F84120036390F830
:1003600041300A6803F02803282B14BF6FF0F40310
:100370006FF04403134000220B6080F84020704768
:1003800010B400232022174CC4624363036380F837
:10039000412080F842304B07026811D5436A526A07
:1003A0001A70436A028D013343624AB1438D013BA7
:1003B0009BB24385436C013A43F0040302854364D6
:1003C000036890F8412090F841201A68102422F028
:1003D000FE0200211A60DC615DF8044B80F84010D9
:1003E000704700BF0000FFFF10B50446514A94F863
:1003F0004130002084F84200E2626085626C114363
:10040000A3F12802022A236861645DD894F84110A0
:1004100094F8412001F02801282902F0280214BF95
:10042000F6214621282A1A680CBFC9436FF0F6014D
:100430000A40282040491A6084F84100A06B226BD2
:10044000616318B1112A11D0212A0FD0E06B18B1C5
:10045000122A20D0222A1ED094F84130602B4FF06F
:10046000000360D0236384F8403010BD1A68510443
:1004700054D490F82530012BEED0304A826300230B
:1004800084F84030FFF784FE0028EED0A06BBDE872
:100490001040836B18471A68120403D51A6822F4B7
:1004A00000421A6090F82530012BD5D0234A826390
:1004B000002384F84030FFF76BFE0028D5D0E06BB6
:1004C000BDE81040836B184794F8412094F8412010
:1004D0001A6822F0FE021A609A69920748BF986271
:1004E0009A69D10703D49A6942F001029A6194F89B
:1004F0004120602A10D0202284F841209A69920677
:100500000AD59A69D00605D51022DA61626C42F0EC
:10051000040262642022DA6100218FE71A6822F463
:1005200080421A60A5E7202284F8412084F84030F8
:10053000236310BD0000FFFF91170008A10B000806
:1005400030B40368202282B0DA6190F84120212A79
:1005500090F841204AD0222A56D05A68324C0025C1
:1005600022405A60314C4563CD06C46205D5102245
:10057000DA61426C42F00402426490F84120602A41
:100580002DD09A69910744BF00229A629A69D207D6
:1005900003D49A6942F001029A61436C90F84120B9
:1005A000602A0BD053B990F84120212A0AD090F844
:1005B0004120222A06D002B030BC7047416C02B004
:1005C00030BC11E7202280F84120036390F84220DC
:1005D00080F8403080F8423002B030BC70474C07A1
:1005E000CFD55A6AD2B20192019ACAE702F0280224
:1005F0001C68282A14BF6FF0F2026FF042022240FA
:1006000011241A600463A8E790F841201C6802F0E6
:100610002802282A14BF6FF0F4026FF0440222402F
:1006200012241A60046398E700E800FE0000FFFF50
:1006300038B590F84030012B00F085800123CD06BD
:10064000044680F8403001D5D00659D40D063AD57D
:1006500050064DD523681A6822F040021A60628D58
:1006600092B2002A71D05868628D92B2FF2AC0F30C
:10067000090078D8618DE26A89B212F5803F218540
:1006800000F082805FFA81FCE26A4FEA0C4C42EA99
:100690000C020243404D586822F0004228400243B9
:1006A0005A60628D521A92B2628594F84120222AD1
:1006B0001A680CBF42F4004242F480421A600020E3
:1006C00084F8400038BD4D0612D5500610D5638D14
:1006D0009BB2002B40D123685A689201EFD4E26AA2
:1006E00012F5803F34D15A6842F480425A60E6E7FE
:1006F0008B06E4D59306E2D52046FFF721FFDEE71F
:10070000236826481022DA61616C626B41F00401B3
:100710008242616425D022498A4222D021498A42FC
:1007200014BF2022602219680A431A609A6991074F
:1007300044BF00229A629A69D207C0D49A6942F0F3
:1007400001029A61BBE7022038BD5B689A0103D4BD
:100750002046FFF78FFDB2E740212046FFF744FE19
:10076000ADE76022DFE79A69D10306D50121218533
:100770004FF4803C4FF0807289E7FF2121854FF4D0
:100780007F0C4FF0807282E75FFA81FC4FEA0C4CDD
:100790004FF000727BE700BF009C00FC31060008B0
:1007A000C9180008A907000838B590F84030012B97
:1007B00000F0D680012380F84030CB06044602D5F5
:1007C000D00600F1A9808B070BD5900709D52268C8
:1007D000216D91624FF0FF332365002084F84000C3
:1007E00038BD0B063AD5550640F18C8094F841206F
:1007F000236802F028021968282A14BF6FF0F20259
:100800006FF042020A401A601A6842F090021A60C1
:10081000628D92B2002A00F0B880628D92B2FF2AF7
:1008200040F2A2809869654DE16C5A68C0F30040BF
:1008300000280CBF4FF47F004FF4803002EA05021D
:10084000C1F3090142EA000242EA010242F0807269
:100850000CBFFF21012121855A6040E04B0651D594
:1008600050064FD594F84110236855481A6801F096
:100870002801282914BF6FF0F2016FF042010A40ED
:100880001A601A684F4942F090021A6094F841C009
:10089000628D92B2BCF1220F08BF0846FF2A79D9B7
:1008A0009A69C2F30042002AE26CC2F309020CBF4B
:1008B0004FF47F054FF4803542EA000242EA050218
:1008C0005868414D22F0004200EA050042EA000269
:1008D0000CBFFF21012142F0807221855A60628D98
:1008E000521A92B2628594F84120222A1A684FF077
:1008F00000000CBF42F4004242F480421A6084F8C7
:1009000040006DE788067FF568AF93067FF565AF19
:100910002046FFF715FE60E723682C481022DA61B5
:10092000616C626B41F00401824261641AD0284913
:100930008A4217D027498A4214BF202260221968B0
:100940000A431A609A69910744BF00229A629A6921
:10095000D2073FF542AF9A6942F001029A613CE743
:10096000022038BD6022EAE7618D144DE26C5868C0
:1009700089B22840C2F30902CDB242EA05420243DD
:1009800042F0007221855A60A9E740212046FFF716
:100990002BFD22E7618DE26C89B2CDB2C2F3090270
:1009A00042EA05420243084D5868218522F0004280
:1009B0002840024342F000725A6090E7009C00FC1D
:1009C0000020008000240080009800FC3106000810
:1009D000C9180008A907000870B5036804460D4649
:1009E0001968C06A94F841202026213ADE61092A5C
:1009F0000ED8DFE802F06E050D0D0D0D0DA16E0590
:100A000094F841201A6822F0FC021A602222226324
:100A10005A68614E42F400425A605A6832405A6045
:100A20009A69920744BF00229A629A69D60703D452
:100A30009A6942F001029A614A0435D51A6822F493
:100A400080421A60A26B1AB11268526892B2628533
:100A50006A070AD55A6A636A1A70636A0133636265
:100A6000238D25F00405002B5FD1638D9BB21BB154
:100A7000636C43F004036364EB0601D5CE0631D406
:100A8000002384F84230666C6363002E5FD1E36A12
:100A9000424DAB4212D194F8413084F8406020239B
:100AA00084F84130266370BD0E04D1D51A6822F453
:100AB00000421A60E26B002AC6D1C9E72046FFF760
:100AC00015FC2023E56284F8406084F841302663F9
:100AD00070BD94F841201A6822F0FA021A602122AF
:100AE000226395E7638D9BB2002B3DD194F8413092
:100AF000282B48D094F841202368292A4FF010026F
:100B0000DA61BDD110F5803FBAD09A69910744BF30
:100B100000229A629A69D20703D49A6942F00102CC
:100B20009A612046FFF7E2FBAAE7013B2385638D2C
:100B3000013B9BB2638598E794F8412094F84120EB
:100B40001A6822F0FE021A600022226360E7616CDC
:100B50002046FFF749FC94F84130282BA3D12946C1
:100B60002046BDE870400BE423681022DA61636C14
:100B700043F00403636430F0807381D1616C2046DC
:100B8000FFF732FC7CE7B0F1007FB3D12946204665
:100B9000FFF7F6FB74E700BF00E800FE0000FFFF70
:100BA000836A9A6B0AB100219163DA6B0AB1002162
:100BB000916393F84120602A09BF0022002220217E
:100BC00083F841101A63002283F84020704700BF69
:100BD000264A9368D26813F00C0305D00C2B32D050
:100BE000042B3ED122487047204A1168090754BFA0
:100BF000D2F8942012681F4954BFC2F30322C2F3F3
:100C0000031251F82200002BEDD0184BDB6803F0E3
:100C10000303022B23D0184A032B08BF1046134BA3
:100C2000D968DA68DB68C3F34163C2F30622C1F313
:100C30000211013300FB02F201315B00B2FBF1F261
:100C4000B2FBF3F0704702F00302012ACCD0074B4D
:100C5000DB6803F00303022B4FF00000DBD10448F4
:100C6000DDE7082B044818BF002070470010024041
:100C70000024F400A0F3000800127A0021498B6DD3
:100C8000DB0082B01CD5204B1B6803F4C063B3F5B6
:100C9000007F29D080282ED831D0A0F17002B2FA7E
:100CA00082F2520919490B6823F0070313430B60C2
:100CB000086800F00700801A18BF012002B07047D2
:100CC0008B6D114A43F080538B658B6D03F080531D
:100CD0000193019B13688A6D03F4C06322F0805274
:100CE000B3F5007F8A65D5D1802806D9A0288CBFAE
:100CF00002220122D6E70322D4E70022D2E7022211
:100D0000D0E700BF00100240007000400020024009
:100D1000414A036830B4D468A40707D0D46804F00B
:100D200003049C4246D0012030BC7047022B52D0B5
:100D3000032B49D0012BF6D112689207F3D5364C1C
:100D4000E26822F0730213434268013A43EA021355
:100D5000E360314C314A236823F0806323601568D7
:100D600003E013685B1B022B39D823681B01F8D4FE
:100D700083681B02002934D12169C56821F07841BC
:100D800021F4FE4143EAC5630B43236122490B680A
:100D900043F080630B60146803E013681B1B022B95
:100DA0001DD80B681B01F8D582690B69134300201D
:100DB0000B61B9E7002CB6D0D3684268C3F30213C5
:100DC00001339342AFD1C4E71468A403B7D41268C7
:100DD0005203A8D5B3E712685505A4D5AFE70320A1
:100DE000A2E7012921690BD021F0C06121F4FE4165
:100DF000194343695B08013B41EA43612161C5E74F
:100E000021F4C00121F4FE410B4301694908013975
:100E100043EA41532361B9E7001002407800002003
:100E2000704700BF704700BF836A19684A6822F0A4
:100E300003024A601A6E4FF0010C42F010021A666B
:100E400083F85DC0704700BF0368806A1A6812F0BB
:100E5000200228D10368A0F85A2053E8002F22F47A
:100E6000807243E800210029F7D103F1080252E81B
:100E7000002F22F0010203F1080C4CE800210029A8
:100E8000F3D103F1080252E8002F22F0400203F1EF
:100E9000080C4CE800210029F3D12022C0F8802062
:100EA000026E012A03D000234366036E704753E8A5
:100EB000002F22F0100243E800210029F3D053E86C
:100EC000002F22F0100243E800210029EFD1EAE7C9
:100ED000836A01225A661B6E704700BF836A002234
:100EE000A3F85A20A3F85220704700BFD0F8801012
:100EF000B0F85C300268222905D0138B9BB243F016
:100F0000080313837047918C426D0B401370B0F847
:100F10005A30426D013B9BB2A0F85A30B0F85A30BB
:100F200001329BB24265002B45D110B4036853E8EF
:100F3000002F22F4907243E800210029F7D103F139
:100F4000080252E8002F22F0010203F1080444E8ED
:100F500000210029F3D1184A816620249342C0F869
:100F60008040416612D05A6811020FD553E8002F15
:100F700022F0806243E8002141B1016851E8002F6E
:100F800022F0806241E80024002CF7D1026E012A91
:100F90000ED10022026653E8002F22F0100243E82F
:100FA00000210029F7D1DA69D20601D510221A6290
:100FB0005DF8044B7047704700800040D0F8801007
:100FC000B0F85C300268222905D0138B9BB243F045
:100FD00008031383704710B4948C416D234021F8AB
:100FE000023BB0F85A304165013B9BB2A0F85A3041
:100FF000B0F85A309BB2002B40D152E8003F23F4A6
:10100000907342E800310029F7D1016801F108032B
:1010100053E8003F23F0010301F1080C4CE80034D1
:10102000002CF3D12023C0F88030164B84669942FF
:10103000446611D04B681C020ED551E8003F23F0E6
:10104000806341E800343CB152E8003F23F0806304
:1010500042E80034002CF7D1036E012B0ED100239F
:10106000036651E8003F23F0100341E80032002AF4
:10107000F7D1CB69DB0601D510230B625DF8044B79
:10108000704700BF0080004008B518B1074B0268E8
:101090009A4207D0064B074A5B69074900209847E8
:1010A000012008BD90F8620008BD00BF0FB03713E3
:1010B000780000204832010860320108B1F804C00D
:1010C00093680A899A80BCF1000C18BF4FF0010C9C
:1010D000CA7983F800C091F806C083F801C09A70FD
:1010E0009860704703460068D3F8E8104268C3F878
:1010F000F0101047704700BF2DE9F047D0F800808E
:101100000546B8F1000F1ED0D8F898700FB3124EF4
:1011100007F148044FF00009583754F8040F18B18C
:10112000F3689847C4F80090A742F6D1D8F8980021
:10113000F36800B19847F36840469847F36828463B
:10114000BDE8F0471847044E2846F368BDE8F0476D
:101150001847014EEFE700BF780000202DE9F04767
:1011600082B0BDF828400B9F03EBC4056B88002BB1
:1011700044D06E68844601EB0208043E4FF0000E36
:1011800056F8044F620092B28A4233D3424531DAB4
:10119000C4F30170012817D002283AD090BB521A2C
:1011A00093B2C4F34459012202FA09F2974249D397
:1011B0003349013A4C6901923249334A0097A047BA
:1011C000002002B0BDE8F087521A92B20CEB42093F
:1011D0003CF81200B9F8023043EA004323F00F0351
:1011E00017B1C4F303442343180C2CF81200A9F8D8
:1011F00002306B880EF1010E7345C1D8012002B098
:10120000BDE8F0871E4B214A5B691E4900209847C4
:10121000D6E7521A92B20CEB42003CF81290438887
:1012200043EA094323F00F0317B9C4F303442343EC
:101230001C0C2CF8124043806B880EF1010E734594
:101240009ED8DBE7C4F3044A0CEB43043CF81300DC
:101250006288C9F1200942EA00424FF0FF3020FACB
:1012600009F000FA0AF022EA000207FA0AFA42EA52
:101270000A02100C2CF8130062806B88BAE700BFDA
:1012800078000020A032010868320108AC32010861
:101290002DE9F0470646804602EB42008CB0154629
:1012A00006EB8000002289460DF10C0A0146174624
:1012B0004FEA870E54469FED767AB31A75B103EB69
:1012C000020CF444DCED007A9C46DCED006A0C3341
:1012D00067EEA67A8B4237EE277AF0D10EF1040E34
:1012E000BEF10C0FA4EC017AE5D10137032F0AF10E
:1012F000100AA2F1040201F10401D9D19DED045AB2
:10130000DDED055ADDED086A6A4606F10C01DFEDF8
:10131000607A43463DB11C4694ED007A0C3383421B
:1013200077EE877AF7D108F104088845E2EC017A74
:1013300000F10400EBD19DED037AF0EEC77AF4EEF4
:10134000677AF1EE10FA12D69FED526AF4EE467A01
:10135000F1EE10FA0BDC9FED506AF4EEC67AF1EE76
:1013600010FA04DAB5EE407AF1EE10FA7DD0F7EE1D
:10137000007A87EE872A9DED073A9DED0B7A65EEA0
:10138000023A25EE824A65EE237A65EEA34A33EEF1
:10139000673A25EE846AF0EEC32A65EE047AF4EE2D
:1013A000622AF1EE10FA76EEE44A76EEE77A37EE4C
:1013B000466A06D69FED377AF4EE472AF1EE10FA28
:1013C00047DDB7EE007AC7EE032ADDED006A9DED3A
:1013D000017A9DED023A63EEA63A67EEA27A37EE05
:1013E000637A64EEA73A67EE877A36EE636A24EE94
:1013F000264AF0EEC63A73EE677AF4EE633AF1EEFF
:1014000010FA77EEC47A06D69FED224AF4EE443AFB
:10141000F1EE10FA2FDD87EE864A0120002364EEFC
:10142000844A65EE845A77EE647A89ED024A67EE63
:10143000A27A25EE275AC9ED017A76EEC57A77EEC3
:10144000E57A67EE827AC9ED007A33600CB0BDE8C8
:10145000F0879FED117AF4EEC72AF1EE10FAB0DAB8
:10146000B5EE403AF1EE10FAABD100200023336024
:101470000CB0BDE8F0879FED084AF4EEC43AF1EEF7
:1014800010FAC8DAB5EE406AF1EE10FAEDD0C2E714
:1014900000000000FFFF7F7F000080002DE9F04783
:1014A000C36D8769056900247C8081461C7000F14A
:1014B0004806A04656F8043FFBB1B3F838C0B3F86D
:1014C0009400B3F89610B3F8DC2005EB400005EB70
:1014D000410105EB420205EB4C0CC3E91301C3F8D3
:1014E000A820C3F814C03C701868D3F8E020416805
:1014F00083F8E880C3F8E42088470134E4B2042C80
:10150000D8D1D9F80000BDE8F0474368184700BFBC
:101510000068C368184700BF70B50446806970B1A1
:10152000E3693BB10E4B1A7F22B15B690D4A0E494C
:10153000012098472068BDE8704083681847084D2F
:101540000A4A6B6908499847E36933B12B7F23B195
:101550006B69044A044901209847002070BD00BF10
:1015600078000020D0320108E0320108F032010892
:1015700030B40269B0F8423090F8381032F81330C5
:10158000032908BF83F4004340F2E51101FB03F394
:101590001B0C816C8446A3F589700880BCF83C1054
:1015A000DCF84C0032F8111039B1BCF8401032F8B8
:1015B0001110012994BF002101210170BCF83E00E7
:1015C000BCF83A10DCF8505032F8111032F8102004
:1015D000DCF8544040F2E51000FB02F2A3EB1243AA
:1015E0001BB2002BBCF94420DCF80000B8BF5B4202
:1015F0001BB29A42A1F10102B2FA82F2ACBF0023FF
:10160000012352092A70237030BC4368184700BF79
:101610000068C368184700BF00688368184700BFA8
:10162000D0E90F23816B0069184700BF836910B5AB
:101630000446B3B10D4B1A7F4AB963697BB10B4BBA
:101640000B4A5B690B4900209847002010BD5B697D
:10165000094A0849012098476369002BEFD101200E
:1016600010BDC369002BE5D1E7E700BF780000207B
:1016700044330108283301080C3301080068C368AB
:10168000184700BF00688368184700BF70B5114E47
:10169000114A3368A2FB03239B09013BB3F1807F0E
:1016A00001D3012070BD4FF0E0220C495361F023BB
:1016B00081F82330002507230F2895610446136124
:1016C000EFD801464FF0FF3007F044FD7460284624
:1016D00070BD00BF00000020D34D621000ED00E09F
:1016E0000CB4F0B5ADB032AB06AE53F8042B059395
:1016F00004460D46304696210CF060FF9528C4BF85
:101700001B4BCDF8AA301B4B1B491F68A1FB0731AF
:101710001A4BA3FB0723980B194BA3FB07234FEA94
:10172000931C184B4FF47A7202FB1C77A3FB00E268
:101730005209042CC2EB0212A0EB8202A3FB0CE3C1
:1017400098BF114800974FEA531394BF005D3F20A4
:10175000C3EB03130190CDE90256490DACEB8303B3
:101760000A480CF005FF2DB0BDE8F04002B070470C
:101770002E2E2E0078000020B17C219573B2E74513
:10178000D34D621089888888903301086C33010832
:1017900038B590F840C0C56ABCF1010F67D04FF072
:1017A000010C11F0200F04460B4680F840C002D017
:1017B00012F0200F51D1D80615D5D10613D5628D60
:1017C00092B2002A55D194F84120282A74D094F876
:1017D00041202368292A4FF01002DA615CD00020F2
:1017E00084F8400038BD590719D4190701D51007EE
:1017F00039D49907F3D59307F1D5638D9BB2002BAC
:1018000046D0616A236811F8012B9A62638D228D9C
:101810006162013B9BB2013A63852285DFE7500795
:10182000E3D5638D9BB26BB12268636A526A1A700A
:10183000638D616A228D013B0131013A9BB2616285
:1018400022856385638D9BB2002BC8D115F5803F3F
:10185000C5D02046FEF74AFDC1E7FFF7BDF80020DE
:1018600084F84000BEE7204609F064FEB7E7022096
:1018700038BD23681022DA61636C43F004036364AB
:1018800035F08073ABD1616C2046FEF7ADFDA6E765
:1018900035F08073A3D1DCE715F5803F9FD09A69BE
:1018A000950744BF00229A629A69D007D1D49A69F9
:1018B00042F001029A61CCE7B5F1007F87D1194669
:1018C0002046FEF75DFD8AE738B590F840C0C56A4E
:1018D000BCF1010F46D04FF0010C11F0200F04466F
:1018E0000B4680F840C002D012F0200F30D1D9064C
:1018F00026D5D00624D55104C2F3803034D5E16B0F
:1019000009B1120435D4A26B1AB112685268002AC8
:1019100037D023681022DA61636C43F004036364F8
:1019200094F8413035F08072DBB20DD1213B092BA8
:101930004CD8DFE803F049504B4B4B4B4B4B4950D5
:10194000190701D5130709D4002084F8400038BDD9
:10195000FFF742F8002084F84000F8E7204609F03D
:10196000E9FDF1E7022038BD110429D5E16B00291A
:10197000CFD00A685268002A30D1A26B0AB1002881
:101980003AD194F84120282A2ED094F84120236897
:10199000292A4FF01002DA61D6D115F5803FD3D055
:1019A0009A69950744BF00229A629A69D00703D4C6
:1019B0009A6942F001029A612046FEF797FCC3E75C
:1019C00023681022DA61BFE721232363616C20467C
:1019D000FEF70AFDB8E722232363F7E7A26B002A8C
:1019E00097D0002895D090E7B5F1007FCDD119466A
:1019F0002046FEF7C5FCA7E712685268C1E700BFA2
:101A000038B5294A036815681B689B061BD4846A8D
:101A10002368A2685868616820F0200058609AB175
:101A20005868B1F5827F20F00100586022D0294625
:101A3000204606F0D7FAB0B901230022A4F84620C8
:101A400084F85D30236E38BD5A68B1F5827F0CBFD3
:101A500022F0030222F001025A602946204606F0D5
:101A6000C1FA0028E8D0236E43F020032366202328
:101A70002366E1E7B2F5004F12D11A6822F0400266
:101A800029461A60204606F0ADFA0028EBD12A4616
:101A90004FF4C061204606F041FA0028CCD0E2E7BE
:101AA000B2F5806FE9D0C2E778000020F8B51B4D91
:101AB00003682F681B68846A9B062CD426687368A9
:101AC00023F0200373603A464FF4C051204606F0DD
:101AD00025FA58B93946204606F084FA30B93A4614
:101AE0004FF4C061204606F019FA38B1236E43F076
:101AF00020032366236E43F020032366736823F0DC
:101B00000303736000220123E287A4F8462084F8CF
:101B10005D30236E0BB901236B77F8BD7800002090
:101B200008B5144B9FED140A2DED028B93ED088A36
:101B3000B8EE488A08EE900A80EE080A0AF0B2FC75
:101B400028EE008AF3EE087A28EE278AB7EE007AAC
:101B5000C7EE087AF8EEE88A9FED087A67EEA87A71
:101B6000BDEC028B67EE877AB6EE000A27EE800A9C
:101B700008BD00BF78000020F902154FC2F38E4D5A
:101B8000F8B595692B7802EB43030F46B3F8446030
:101B9000536901466888144603EB400072000CF05C
:101BA00089FC6B88E26D1E4413786E8003B93B7923
:101BB0001370F8BDC0EE207A9FED107AF4EEC77A6C
:101BC000F1EE10FA17D89FED0E0A08B527EE800A3D
:101BD0000AF0E4FBB7EE007AF0EE475A40EE005A06
:101BE00030EE006AF1EEE56A76EEC07A06EE677ACC
:101BF000B0EE470A08BD9FED030A7047A800003FFA
:101C0000DB0F4940000000002DE9F04F2DED048B63
:101C1000038F8DB00546002B00F01581B0F84030E1
:101C2000428F0469B0F850E007925B000293838F03
:101C3000C28F34F913300B92BEF1000F00F0038114
:101C40001B010893D0E91223D718B0F85200B5F859
:101C50004230DFED8A8ADFF830B20193FE434FF065
:101C60000008F6EE009A0990C1460496CDF828E0E7
:101C7000834B83FB0710F917C1EBA00101EB410077
:101C8000A7EBC00000281FFA89F886B2C0F2EB80EB
:101C9000002FC0F2F180089B09B2090481FB030107
:101CA000002906DA4FF6FF7C10EB0C0C604641F180
:101CB0000001079B000C40EA0140991934F911100A
:101CC000A0EB011007EE900AB8EEE79A29EE289AE9
:101CD000B0EE490A0AF048FEB0EE408AB0EE490A7A
:101CE0000AF05CFB019B002B00F0A2800B9BB5F877
:101CF00044A01E4404EB46030020CDE9059703935E
:101D00000646009059E095F838C0BCF1000F4BD062
:101D100007EE101A07EE903AF8EEC76AF8EEE77A87
:101D200026EE806A27EE887A66EE886A37EE467A73
:101D300067EE807AB5EEC07A77EEA67AF1EE10FA09
:101D40004CBF37EE697A37EE297AF5EEC07AF1EEBC
:101D500010FABDEEC77A4CBF77EEE97A77EEA97A32
:101D600017EE103AFDEEE77A5B4517EE901A47F64C
:101D7000FF70B8BF5B468342D5F85490A8BF0346B6
:101D80005945B8BF594699F800E08142A8BF0146BD
:101D9000BEF1000F04D117EE100A98425BD0E64660
:101DA00089F800E01BB209B2A352009B798053442A
:101DB0000093019B01369E4238D0009B95F839C0B4
:101DC00008EB5302029B92B203EB8202A718A35EB8
:101DD000B7F90210BCF1000F95D00398B0F800C01D
:101DE0000CF01F0E0EF1300E03FB0EFE4FEA9C238B
:101DF000203BCCF3441C01FB03F3BEF1000F0CF1BC
:101E0000300C01FB0CFCB8BF0EF13F0E002BB8BF2D
:101E10001F334FEAAE1EBCF1000F0EEB6313B8BFC9
:101E20000CF13F0C1BB24CF38F116CE7DDE9059709
:101E3000099B049A1F44D31A04930A9B09F10109D0
:101E400099457FF415AF286843680DB0BDEC048B4D
:101E5000BDE8F04F184717EE900AB0EB010E18BF1F
:101E60004FF0010E9CE71836B6B2049B054AA2FB60
:101E700003016FEA11110EE70026F6E70000803734
:101E8000ABAAAA2AABAAAAAA0080FFFFBFF34F8F72
:101E90000549064BCA6802F4E0621343CB60BFF306
:101EA0004F8F00BFFDE700BF00ED00E00400FA0522
:101EB000FEE700BFFEE700BFFEE700BFFEE700BF92
:101EC000FEE700BF704700BF704700BF704700BF0C
:101ED000024A136801331360704700BF7800002086
:101EE0000C4B0D495A6A4FF480104861D16849057E
:101EF00003D4012283F845207047D168C9B261F448
:101F00009061D1600120012283F8480083F84520C8
:101F1000704700BF7800002000040140034B5A695D
:101F2000120744BF08225A61704700BF00040140F5
:101F30000148FEF751B900BFC40000200148FEF778
:101F40004BB900BF0C0100200148FEF745B900BFA6
:101F5000540100200148FEF73FB900BF9C0100205A
:101F6000084810B4D0F86C31D0F8A04199691A68CB
:101F70002CB1234600F5B6705DF8044B18475DF8A8
:101F8000044B704778000020034B5A69120544BF88
:101F90004FF400625A61704700040140034AD2F8CE
:101FA000883043F47003C2F88830704700ED00E0D9
:101FB00030B4214B5A6AD36813F00803FBD1946AFA
:101FC000156911685268C1F3015000EB800001F0FF
:101FD0007F32C1F3034111EB400118BF174B22F0D0
:101FE000FE4218BF4B43C2F3023101EB8101C2F341
:101FF000032010EB41001CBF4EF6602101FB0033B3
:10200000C2F3021101EB810102F00F0212EB410257
:10201000C5F30E0518BF4FF47A71A5EB040018BF85
:1020200001FB02334FF47A72013502FB00F0B0FB82
:10203000F5F030BC184470477800002080EE360080
:1020400030B52B4D8DB02C22002101A80CF020F9C9
:10205000D5F8C041002C42D0FFF7AAFF254B296BD1
:1020600003910444A3FB0423234A5B0D02FB1344A6
:10207000224AA2FB0402920B4EF6602505FB124495
:102080008DF805201E4A1F48A2FB0352120902EBDD
:102090004202A3EBC2038DF80430A0FB04239B098A
:1020A0004FF47A7202FB134401FB0444A0FB0404C6
:1020B0008DF80630A1EB94114FF480704FF0004280
:1020C0004FF0606302910B900692089305F0DEFFDB
:1020D00018B901A806F0D0FE38B1FFF7D7FE05F019
:1020E000D5FF0028F9D185F8C4010DB030BD00BF7F
:1020F00078000020B17C219580EE360073B2E74570
:10210000ABAAAAAAD34D621010B5154C154A636A42
:102110004FF4802151619A68D20402D5DA68D00563
:1021200012D49A68910402D5DA68920503D4012387
:1021300084F8453010BDDA68D2B262F42072DA60F9
:10214000012384F8453010BDDA68D2B262F4C0725F
:10215000DA60012184F8C411FFF772FF636AE0E7D7
:102160007800002000040140B0F1904F84B017D0F7
:10217000234B984204D0234B98422CD004B0704794
:1021800011B303F1784303F50333DA6C42F0020232
:10219000DA64DB6C03F002030293029B04B0704725
:1021A00059B1194BDA6C42F00102DA64DB6C03F0CE
:1021B00001030193019B04B07047134AD36C23F0D1
:1021C0000103D36404B070470F4AD36C23F00203B9
:1021D000D36404B0704769B103F1784303F5FA336F
:1021E000DA6C42F08002DA64DB6C03F08003039364
:1021F000039BC3E7044AD36C23F08003D364BDE799
:1022000000040048001C00480010024090F824C060
:10221000BCF1010F3CD070B590F825C00124A44555
:1022200080F824405FFA8CFE04D0002380F824302C
:10223000022070BD022580F8255004680025C56382
:102240002668456C26F00106266005F01C05066C24
:102250000EFA05F5756063608368102B036B0BBF86
:10226000A260A160E160E2604BB1236843F00E031D
:102270002360236843F001030020236070BD2368BE
:1022800023F004032360236843F00A032360F0E78C
:10229000022070472DE9F0417E4C0023637794F8CB
:1022A0002532012B0D46D4F8CC1109D0B1F5827F2F
:1022B0006BD1D8B2D4F8D031002B66D1042864D1C8
:1022C000002D62D092B2002A5FD094F82432012B04
:1022D0005BD094F82532D4F8C861C4F80052042BBE
:1022E0001CBF052384F8253201210023C4F82832BD
:1022F00084F82412A4F80622A4F80E22C4E9853337
:102300007368A4F8042223F4C043C4F80852A4F864
:102310000C227360D4F8D431D4F82002B3F5E06F06
:1023200035D8D4F81C3299697368B1F5806F43F4DD
:102330008053736000F081808369B3F5806F68D04B
:1023400094F82532544A042B544B18BF1346544A70
:102350000363544B4363544B18BF1346C362B4F832
:102360000E324FF00008C0F838809BB206F10C0125
:102370002A46FFF74BFF074670B1D4F8283284F89D
:10238000248243F01003C4F82832BDE8F08173685A
:1023900023F480537360D3E77368D4F81C0243F0CE
:1023A00001037360B4F806320A46C0E90B77C0E94E
:1023B0000D7729469BB2FFF729FF00284AD13368E1
:1023C0005B0621D5002384F82432736843F0200390
:1023D0007360736843F0020373602268637F002BAD
:1023E000D3D141F2873109E072B6637F03B930BFC0
:1023F00062B6BFF36F8F637F002BC6D123689B1A31
:102400008B42F1D9BDE8F081336843F0400333607B
:10241000D8E7736823F480537360B4F80E3213F076
:10242000010F73681FD123F400537360B4F80E32A8
:10243000C3F34E03A4F80E3282E7D20773681DD4AB
:1024400023F480437360B4F80632C3F34E03A4F858
:10245000063271E7D4F8283284F8247243F010036E
:10246000C4F8283291E743F400537360B4F80E3295
:10247000C3F34E030133A4F80E3261E743F4804303
:102480007360B4F80632C3F34E030133A4F8063286
:1024900052E700BF78000020250E0008210E00083A
:1024A000AD1A0008290E0008011A00082DE9F04FA6
:1024B00000233E4E4FF00F094FF0030A4DE03C4F12
:1024C000B84265D03B4FB84266D03B4FB84268D067
:1024D000DFF8E8B058450CBF4FF0040B4FF0070B86
:1024E0000BFA04F4A44513D1346824EA0E043460D2
:1024F000746824EA0E047460F46824EA0E04F4603C
:10250000B46824EA0E04B460AC6824EA0804AC6041
:1025100004685D000AFA05F54FEAD30C2C4300EB82
:102520008C0C046003F00704DCF820E0A40009FA36
:1025300004F42EEA0404CCF82040846824EA05045C
:102540008460446824EA02024260C26822EA05020A
:10255000C260013331FA03F218D001229A4012EA24
:10256000010EF6D023F0030505F1804505F5803511
:1025700003F00304D5F808C0A40009FA04F8B0F188
:10258000904F08EA0C0C9AD10024ABE7BDE8F08F1D
:10259000012707FA04F4A5E74FF0020B0BFA04F445
:1025A000A0E74FF0030B0BFA04F49BE70004014093
:1025B0000004004800080048000C004800100048D3
:1025C000F0B5884B02689D68DE680446D00683B08B
:1025D00005F00C0506F0030640F12981002D40F0BE
:1025E000F180804B1B68990700F159817D4B276A68
:1025F0001A68120756BFD3F894301B681B0903F002
:10260000F0039F4200F2D081764B1A6842F0080234
:102610001A601A6822F0F0023A431A605A68E169B7
:1026200022F47F4242EA01225A60002D00F0F0813C
:10263000FEF7CEFA6B4B9A686B4BC2F3031213444E
:102640006A4A93F8303003F01F0320FA03F350680E
:102650001360FFF71BF8002840F026812268D0079E
:1026600000F1E98090071DD50C2D00F0B581E368DD
:102670005C48002B00F06F81036843F480730360B3
:102680005B4B1E6804E01968891B022900F23E8139
:1026900001684905F7D54368216923F0F85343EAF7
:1026A00001634360160716D563694E48002B00F09E
:1026B0000981D0F8943043F00103C0F894304C4BBA
:1026C0001E6804E01968891B022900F21F81D0F8F6
:1026D00094108907F6D550073DD5424B996DC90036
:1026E00000F13781996D41F0805199659B6D03F040
:1026F00080530193019B01203E4E3368DF0540F17A
:10270000F7803B4BA168012900F03481052900F0D6
:102710009381344ED6F8907027F00107C6F8907078
:10272000D6F8907027F00407C6F89070002940F0A2
:102730002881D3F800C041F2883705E01968A1EB81
:102740000C01B94200F2E280D6F890108907F5D466
:10275000002840F05781970616D5636A2149002B5F
:1027600000F03E81D1F89820214B42F00102C1F8DF
:102770009820186804E01A68121A022A00F2C6802B
:10278000D1F898209607F6D5A36ACBB1022B00F0BA
:1027900061810C2D00F087801249154B0A6822F0E8
:1027A00080720A60186804E01A68121A022A00F29D
:1027B000AD800A689201F7D4CA680F4B1340CB6012
:1027C000002071E00C2D00F08F80A3690548002BDC
:1027D00000F09F800168064B41F0010101601F6815
:1027E00011E000BF00100240A0F30008000000202C
:1027F0007800002000700040FCFFEEFE1968C91B45
:10280000022900F2838001688907F7D5036843F045
:10281000080303600368216A23F0F0030B4303609D
:102820004368E16923F47F4343EA01234360D3070C
:1028300020D5082D3CD00C2D38D06368B3F5803FEF
:1028400076D0B3F5A02F00F0EA808D48016821F41E
:1028500080310160016821F480210160002B6CD17E
:10286000884B1F6803E01968C91B64294ED80168AA
:102870008903F8D497077FF515AF042D7FF4F4AEE4
:102880007F4B1B68580501D5E36863B17C4920691B
:102890004B6823F0F85343EA00634B6002E7A369F7
:1028A000002B7FF4A3AE012003B0F0BD032EC4D1F2
:1028B000734B1B689F037FF5D5AE6368002B7FF4D5
:1028C000D1AEF0E7D0F8943023F00103C0F8943093
:1028D0006C4B1E6803E01968891B022916D8D0F8D2
:1028E00094108F07F7D4F6E6012E7FF46EAF78E6EA
:1028F000336843F480733360624B1F683168C905E5
:102900003FF500AF1968C91B0229F7D9032003B0AE
:10291000F0BD01685B4B21F0010101601F6803E01D
:102920001968C91B0229F1D801688907F8D47EE724
:1029300053490B6843F480330B60524B50481F6877
:1029400003E01968C91B6429E0D801688903F8D538
:1029500090E70020D0E6036823F480730360494BBE
:102960001E6803E01968891B0229CFD801684F054A
:10297000F8D497E6424ED6F8901041F00101C6F81F
:102980009010D3F800C03E4E41F2883704E0196839
:10299000A1EB0C01B942B9D8D6F890108907F6D549
:1029A00000283FF4D8AE2DE03846FEF767F900283E
:1029B0007FF479AF324B1A6842F008021A601A6845
:1029C00022F0F0023A431A605A68E16922F47F4229
:1029D00042EA01225A602BE6022E7FF448AE4FE70E
:1029E000D1F89820274B22F00102C1F898201868EE
:1029F00003E01A68121A022A88D8D1F898209207A0
:102A0000F7D4C1E61E498B6D23F080538B65A2E697
:102A10003846FEF733F900283FF40AAE43E703F1E6
:102A20008043A3F53C33196841F48021196019688B
:102A300041F48031196080E71149D1F8906046F087
:102A40000406C1F89060D1F8906046F00106C1F824
:102A5000906096E70A4AE66AD36803F00301B14240
:102A600047D00C2D3FF41FAF05490B685F013FF5C0
:102A70001AAF0A68034B22F080720A60186808E0F7
:102A800000100240780000201A68121A022A3FF64D
:102A90003DAF0A689501F7D4C868334A0240606BBD
:102AA000324342EA0022A06B42EAC062206B013846
:102AB00042EA0012D4E90F506C08013C400801388A
:102AC00042EA445242EA4062CA600A68274842F039
:102AD00080720A60CA6842F08072CA60196804E0B5
:102AE0001A68521A022A3FF611AF02689401F7D50C
:102AF00066E6216B03F070000139B0EB011FB0D125
:102B0000606B03F4FE41B1EB002FAAD1A06B03F080
:102B10007841B1EBC06FA4D1E16B4908013903F4EE
:102B2000C000B0EB415F9CD1216C490803F0C06349
:102B30000139B3EB416F94D1136898013FF540AE72
:102B400011680B4B41F080711160D16841F08071C8
:102B5000D160186804E01968091A02293FF6D6AE58
:102B600011688901F7D52BE68C809D010010024089
:102B700078000020504AF8B5136803F007038B4231
:102B80000BD2136823F007030B431360136803F0A1
:102B900007038B4201D00120F8BD046814F0020E37
:102BA00004F0010368D0454E8568B26802F0F00277
:102BB000954204D9B26822F0F0022A43B260002B99
:102BC00065D04268032A5CD03C4B022A1B686AD05D
:102BD000002A6DD19E07DED5384D394EAB6823F003
:102BE00003031343AB603768920041F2883C03E073
:102BF0003368DB1B634559D8AB6803F00C03934281
:102C0000F6D1BEF1000F41D12B4A136803F0070340
:102C10008B4209D9136823F007030B431360136831
:102C200003F007038B42B6D1620706D5234AC16879
:102C3000936823F4E0630B439360230707D51F4A8F
:102C40000169936823F4605343EAC1039360FDF77D
:102C5000BFFF1A491B4A89681B4CC1F303110A4480
:102C6000034692F83020606802F01F02D3402360D0
:102C7000BDE8F840FEF70ABD002BC5D04268032A24
:102C8000A2D10E4B1B689B01A6D484E785680B4A32
:102C9000936803F0F0039D42B6D2936823F0F003EB
:102CA0002B439360B0E79F0396D474E70320F8BDED
:102CB0005D057FF570AF8FE70020024000100240F5
:102CC00078000020A0F3000800000020F0B50468A0
:102CD0000546200583B000F1F3800026A1034ED500
:102CE000A34B9A6DD20040F1F5800027A149A24A7A
:102CF0000B6843F480730B60106804E013681B1AC0
:102D0000022B00F200810B68DB05F7D5A6BB9849C2
:102D1000A86DD1F8903013F4407325D0834223D0AE
:102D2000D1F890C0D1F8903043F48033C1F890309E
:102D3000D1F8903023F48033C1F890301CF0010FAB
:102D40002CF44073C1F890300ED0D2F800E041F27C
:102D5000883C05E01368A3EB0E03634500F2D380C3
:102D6000D1F890309B07F5D5814AD2F8903023F402
:102D700040730343C2F89030002F40F0C880E10751
:102D800008D57B4A296AD2F8883023F003030B4325
:102D9000C2F88830A20708D5754A696AD2F8883027
:102DA00023F00C030B43C2F88830630708D5704A40
:102DB000A96AD2F8883023F030030B43C2F8883078
:102DC000A70608D56A4AE96AD2F8883023F4406336
:102DD0000B43C2F88830A00508D5654AE96BD2F8E4
:102DE000883023F440230B43C2F88830610508D5AE
:102DF0005F4A296CD2F8883023F440130B43C2F8A1
:102E00008830620608D55A4A296BD2F8883023F4F4
:102E100040530B43C2F88830230608D5544A696BE7
:102E2000D2F8883023F440430B43C2F88830E705DA
:102E300008D54F4AA96BD2F8883023F440330B43AE
:102E4000C2F8883020030ED5494AA96CD2F88830E0
:102E500023F040630B43B1F1006FC2F888305CD0BF
:102E6000B1F1806F74D061030ED5414AE96CD2F89C
:102E7000883023F040630B43B1F1006FC2F8883013
:102E800050D0B1F1806F6BD062040BD538492A6DF8
:102E9000D1F8883023F040531343B2F1805FC1F87A
:102EA00088304DD0230408D5314A696DD2F8883076
:102EB00023F080430B43C2F88830304603B0F0BDA6
:102EC0006F6CB7F5000F10D0B7F5400F12D077B385
:102ED000012603E79A6D42F080529A659B6D03F0DC
:102EE00080530193019B012700E7214AD36843F4F3
:102EF0008033D3601E4AD2F8883023F440033B432A
:102F0000C2F88830E9E60326002F3FF438AF184AAC
:102F1000936D23F08053936531E7D36843F48013B6
:102F2000D360A0E7D36843F48013D360ACE739469D
:102F3000281DFDF7EDFE064600287FF4CFAED9E749
:102F40000221281DFDF7E4FE002818BF0646A9E768
:102F50000121281DFDF7DCFE002818BF064682E788
:102F60000121281DFDF7D4FE002818BF06468BE777
:102F70000010024000700040780000202DE9F04170
:102F8000C16F05689EB00446002947D02423E3673B
:102F90002A68636A22F001022A60002B40F0AD80AB
:102FA000D4E90412A36828680B431343E169A74AD4
:102FB0000B43024013432B606B68E26823F44053D9
:102FC0001343A34A6B609542A369AA6800F0DB80B3
:102FD000206A22F43062034313439E4AAB60954259
:102FE00000F048819C4B9D4240F00C8103F5E63394
:102FF000D3F8883003F00C030C2B00F26181DFE87A
:1030000013F0D2015F015F015F0110015F015F01F9
:103010005F016F015F015F015F01680180F8781057
:103020005C2207A80BF034F98A4B9D4200F0EE8138
:10303000894B9D42AAD1022707A80797FFF746FEB2
:103040000646002840F01882844B854D9A6D42F464
:1030500000329A659A6D02F400320492049ADA6C96
:1030600042F00102DA64DB6C03F0010303930722F0
:103070000323CDE90032039903463A464FF09040CE
:103080000F214FF0800806F0E1F9C5E93876C5E96F
:103090003A68C5E93C66C5E93E6605F1DC06714B58
:1030A000C5F8DC30304605F0B3FF002840F0E4817D
:1030B0006667102305F59276C5E94C08C5E94E0010
:1030C000C5E95000C5F82C313046674BC5F828716A
:1030D000C5F80441C5F8243105F09AFF01460028DF
:1030E00040F0CA8126672620C5F84C4106F032F828
:1030F0005E4B40225A60256848E71E0705D56A687E
:10310000616B22F400420A436A60D80705D56A68F9
:10311000A16A22F400320A436A60990705D56A68F9
:10312000E16A22F480320A436A605A0705D56A6868
:10313000216B22F480220A436A60DF0605D5AA6863
:10314000A16B22F480520A43AA609E0605D5AA68A4
:10315000E16B22F400520A43AA60580609D56A6856
:10316000216C22F480120A43B1F5801F6A6000F0DE
:10317000028119067FF514AF6B68A26C23F400235B
:1031800013436B600CE722F4306213433349AB60A6
:10319000D1F8883003F44063B3F5006F00F0878006
:1031A00000F2E380002B00F05781FDF711FD064689
:1031B000002E7DD16A682A49002322F49042C4E996
:1031C0001A336A60AA6822F02A02AA602A6842F0CA
:1031D00001022A60C4F884300E682B681A0700F1D7
:1031E00085802B685B0700F19C8000232022184615
:1031F000E26784F87830C4F88020236663661EB0E6
:10320000BDE8F0811A4B9D425AD103F5E433D3F85F
:10321000883003F03003202B62D058D8002B00F008
:10322000C280B1F5004F00F02E81FDF7D1FC0028DF
:10323000C0D0636800EB5300B0FBF3F04FF6EF73C0
:10324000A0F110029A423BD8E860B3E7F369FFEFC0
:10325000008000400038014000440040001002405F
:10326000780000206C0002408000024000E100E095
:103270000048004002F55842D2F8883003F00303BA
:10328000022B2DD0032B24D0012BCAD0864BB1F5B5
:10329000004F186800F098809268844BC2F3C222F5
:1032A000134493F8403003F01F03D840BFE7804E2B
:1032B000626802EB4203B34202D8B6EB023F61D927
:1032C0000023C4E91A3301201EB0BDE8F081302B81
:1032D000F6D1B1F5004F00F0D3804FF40040A8E7DD
:1032E000B1F5004F00F0CA807148A2E76FF07E434D
:1032F00032464FF40011204605F0EEFE00283FF460
:1033000070AF236853E8002F22F0800243E80021C9
:103310000029F7D12023E367002384F878300320C5
:10332000D2E76FF07E4332464FF48001204605F02D
:10333000D3FE00283FF459AF236853E8002F22F44E
:10334000907243E800210029F7D103F1080252E806
:10335000002F22F0010203F1080040E800210029BB
:10336000F3D12023C4F88030D6E7B3F5406FA7D15E
:103370004FF400469CE76A68616C22F4C0020A437D
:103380006A60F6E60023500819464FF48077E6FBA2
:10339000070108F009F9474BA0F540729A428FD80F
:1033A000454BD86006E7B1F5004F6FD0434A3F4B1D
:1033B00092683D49C2F302221344086893F84030F2
:1033C00003F01F03D84032E79268384BC2F3C222A1
:1033D000134493F8403003F01F03D84000283FF413
:1033E000E9AE4300626803EB5203B3FBF2F34FF61E
:1033F000EF72A3F1100191423FF662AF23F00F028A
:1034000092B2C3F342031343EB60D3E6012307A850
:103410000793FFF75BFC034670BB284A116E41F42B
:1034200080411166116E01F4804106910699D16CBC
:1034300041F00101D164D26C02F001020592072132
:103440000322CDE90021059802224FF4C0614FF01C
:10345000904005F0FBFF99E58A68144BC2F3022205
:103460001344114A93F84030166803F01F03DE40FE
:10347000002E3FF49FAE1BE7FEF708FD104BB1E7AF
:103480004FF48033AEE7FDF7A3FBA7E70B4A074BEA
:1034900092680549C2F302221344086893F8403049
:1034A00003F01F03D84099E700000020A0F30008B4
:1034B0000024F400FFFC0F000080004000100240D8
:1034C0000048E801F0B4C56F202D4AD10C4601B187
:1034D00012B90120F0BC7047194600252123C0F81D
:1034E0008450C3678368294FA0F85020B3F5805FEC
:1034F0003E68A0F8522037D0B0F85220036892B24C
:10350000B2B1DA69120604D44A1C1DD1DA69120676
:10351000FCD504B314F8012B1A85B0F85220013AF7
:1035200092B2A0F85220B0F8522092B2002AE8D10C
:10353000DA69520604D44C1C1CD1DA695106FCD558
:103540002023C3670020C5E73A68921B914218D335
:10355000B9B11A68D5E735F8022BC2F308021A850B
:10356000DBE70220F0BC70470369002BC4D125467D
:103570001C46C1E73A68921B914202D309B11A680E
:10358000D6E72023C367F0BC0320704778000020F3
:10359000026852E8003F23F4907342E800310029AA
:1035A000F7D102F1080353E8003F23F0010302F1D1
:1035B000080C4CE800310029F3D1036E012B06D032
:1035C00000232022C0F8802083660366704752E8FB
:1035D000003F23F0100342E800310029F0D052E808
:1035E000003F23F0100342E800310029EFD1E7E764
:1035F00070B5AE4CD4F82C52EB692A68A96840F635
:103600000F00034240F08780980602D5960600F12D
:10361000F380D4F88C02012816D0D80202D54902D2
:1036200000F1F4801E0605D4590602D5530600F1B8
:10363000258170BD1006F7D5D4F89832002BF8D04C
:10364000BDE870409A481847DE06E6D5D006E4D5B6
:1036500010232B62AB68B4F884225B0640F14281F0
:10366000D4F8A03219684B689BB2002B00F07C8123
:10367000934280F07981A4F886320B689E0644D488
:1036800055E8003F23F4807345E800324AB1D4F88E
:103690002C2252E8003F23F4807342E800310029D5
:1036A000F5D1D4F82C2202F1080353E8003F23F0AF
:1036B0000103083242E800310029F2D1D4F82C226B
:1036C00002F1080353E8003F23F04003083242E8C8
:1036D00000310029F2D12023C4F8AC32C4F88C1296
:1036E000D4F82C2252E8003F23F0100342E80031C6
:1036F0000029F5D1D4F8A03293F82520022A00F051
:103700003A810422DA6383F824100223C4F8903249
:10371000B4F8863270BD11F0010640F09E80654815
:1037200002423FF476AFD8070FD5D10540F1D680DD
:1037300001212962D4F8B01241F00101C4F8B0129D
:1037400099076BD5002E40F08C8058077DD51E0759
:1037500000F1C1801E050AD5500108D54FF4006163
:103760002962D4F8B01241F02001C4F8B012D4F8A4
:10377000B01200293FF45DAF990602D5920600F120
:10378000A080D4F8B022AB6802F0280203F0400316
:10379000134300F0E6804648FFF7FAFEAB685B068D
:1037A0007FF547AF05F1080353E8003F23F04003DE
:1037B00005F1080141E8003262B1D4F82C2202F18F
:1037C000080353E8003F23F04003083242E8003189
:1037D0000029F2D1D4F8A00200283FF42AAF364BDA
:1037E0008363FCF7D5FC00283FF423AFD4F8A00294
:1037F000BDE87040836B1847D4F89432002B3FF437
:1038000018AF04F50B70BDE8704018474FF48013F3
:103810002B6270BDD1058BD4980722D4590714D5DB
:10382000002E94D004212962D4F8B012180741F078
:103830000201C4F8B0128DD508212962D4F8B01263
:1038400041F00801C4F8B01284E7190782D502F0EC
:10385000200131433FF47EAFEEE7D807DAD4990771
:103860002CD502212962D4F8B0125E0741F0040180
:10387000C4F8B012D6D41907DED46BE755E8003F80
:1038800023F0400345E800324AB1D4F82C2252E834
:10389000003F23F0400342E800310029F5D1202207
:1038A0000023C4F8A822C4F8983270BD7800002024
:1038B000A402002020010004DD0E00085E07B1D440
:1038C000D9E7D4F89432002B3FF45BAF35489847E2
:1038D000D4F82C5255E79006AED43BE798073FF555
:1038E00034AF9BE7B4F88612B4F886329BB289B243
:1038F000002B3FF49EAE91423FF49BAE55E8003F53
:1039000023F4907345E800324AB1D4F82C2252E8EF
:10391000003F23F4907342E800310029F5D1D4F838
:103920002C2202F1080353E8003F23F00103083280
:1039300042E800310029F2D12023C4F8AC32C4F8A7
:103940009412C4F88C12D4F82C2252E8003F23F0D1
:10395000100342E800310029F5D10223C4F8903267
:1039600070BDC4F8B03270BD93427FF462AE0B6894
:103970009D06F2D470BD1A681D6C106820F00E0010
:103980001060106820F0010010605A6C012002F0F5
:103990001C0200FA02F26A6083F8250083F8241002
:1039A000B3E600BFA4020020806A0368C16F10B5AF
:1039B000D0F880409A68120601D521290BD09B6867
:1039C0005B0601D5222C1DD0D0F8843043F01003C3
:1039D000C0F8843010BD0022A0F8522053E8002F18
:1039E00022F0C00243E80021026839B152E8003FEA
:1039F00023F0C00342E800310029F7D12023C36738
:103A00001346DCE70023A0F85A30FFF7C1FDD0F8D9
:103A1000843043F01003C0F8843010BD08B518B1ED
:103A2000064B02689A4207D0054B064A5B69064975
:103A300000209847002008BD012008BD0FB03713B3
:103A400078000020483201086032010810B418B133
:103A50000C4B04689C4207D00B4B0C4A5B690C4929
:103A60005DF8044B00201847032A02D9064B094A87
:103A7000F4E702EB820200EB82005DF8044B018167
:103A8000704700BF0FB0371378000020483201089C
:103A9000603201089833010808B518B10D4B02686F
:103AA0009A4207D00C4B0D4A5B690D49002098479C
:103AB000002008BD032906D9074B0A4A5B6908495B
:103AC00000209847F4E701EB810100EB81000089B9
:103AD00008BD00BF0FB0371378000020483201083E
:103AE00060320108983301082DE9F041174F1D4657
:103AF000BB6913B1BDE8F04118473B694FEA420882
:103B0000002AF7D08F1EA8F1020406468E460C4408
:103B10003A4632F802CF9CFA9CFCA242A2F800C0BE
:103B2000F7D142467146304698470DB9BDE8F0815D
:103B300037F8023F5BBAA7423B80F7D037F8023F25
:103B40005BBAA7423B80F3D1F0E700BF78000020CA
:103B500000B583B041F4A041012394464FEA124ED0
:103B6000ADF80010ADF80230042200236946ADF82C
:103B700004E0ADF806C0FFF7B7FF03B05DF804FB43
:103B800010B1024BDB681847704700BF7800002077
:103B900010B520B10C4B02689A42044607D00B4B7B
:103BA0000B4A5B690B49BDE810400020184740688C
:103BB00018B1C36898470023636000232360204640
:103BC000BDE81040DCE700BF0DB0371378000020DF
:103BD000B0330108CC33010810B520B10B4B02689B
:103BE0009A42044607D00A4B0A4A5B690A49BDE873
:103BF00010400020184700690023236008B1FFF738
:103C0000BFFF2046BDE81040BAE700BF0EB0371333
:103C100078000020D8330108F0330108F8B50546D4
:103C20000088002A1C460CBF4FF400534FF4805309
:103C3000B0F59C6F0E460ED300F151077F00834212
:103C4000BFB235D21C4B1D4A5B691D490020984705
:103C50004FF0000C03E040F662274FF0010C1949C9
:103C6000194AC4E9011202F11912E26002F11912B3
:103C700022612346002262805122A28223F8167B11
:103C800029686A68A868EF68C4F816105A609860D6
:103C9000DF602969A8696A699861196196E803007B
:103CA0005A61AA8B9A83343484E803006046F8BDD5
:103CB0004FF0010CD3E700BF78000020F833010873
:103CC000183401080100020003001B00F8B5164675
:103CD0000D464FF4E272014618461C460AF004FCF9
:103CE000B6F8581021B196F85E30191E18BF0121A0
:103CF000012396F85B2084F8C6312B4684F8C52151
:103D000033F8262B84F8C411A4F8C82105F1560114
:103D100004F5E5721F685E689868D3F80CC0C2F8B5
:103D20000CC010338B4217605660906002F1100295
:103D3000F0D1B5F85630A4F8FA3105F1580604F57B
:103D4000FE7E05F18807B446BCE80F00BC450EF1C5
:103D5000100E06F110064EF8100C4EF80C1C4EF822
:103D6000082C4EF8043CEED1B5F88830A4F82C327B
:103D700005F18A0304F22E24BA35186859689A6846
:103D8000DE68E6601033AB4220606160A26004F13F
:103D90001004F2D1F8BD00BF10B50E4C8C46114690
:103DA000A28803F1020EB2EB4E0F06D263690A4AF3
:103DB0000A49BDE8104000201847013B4CF4A04CD4
:103DC0004B802EF00042A1F800C0BDE81040002357
:103DD0008AE600BF780000202C3401084C3401082A
:103DE000F0B583B043F21C02009201230E4600247A
:103DF000032269460746ADF80440FFF775FEBDF89B
:103E0000043013F4006517D141F21B042B466946B8
:103E100038460222009446F40066FFF765FE3846F5
:103E20002B4669460222ADF80040ADF80260FFF76C
:103E30005BFE012003B0F0BD044B054A5D690549F6
:103E400020463B46A847204603B0F0BD780000203E
:103E50006034010890340108F0B5012983B00546AB
:103E6000144621D0022909D01B4B1C4A5C691C490D
:103E700003460020A047002003B0F0BD43F24603F4
:103E800084270026ADF80030284601230322694626
:103E9000ADF80260ADF80460FFF726FEBDF804003F
:103EA00030B164B90120E7E743F245038327E8E72F
:103EB000094B0C4A5C690A492B46A047DBE747F4EB
:103EC00080573346694628460222ADF80070ADF8A7
:103ED0000260FFF709FEE5E778000020A83401083A
:103EE00090340108C4340108F0B5012985B00646B4
:103EF000154631D0022924D143F232030124002790
:103F0000ADF808300322012302A93046ADF80A704B
:103F1000ADF80C70FFF7E8FDBDF80C306B8003F0D6
:103F20000702012A2A8027D013F0060018D116496B
:103F3000164A4C6916490096A0470024204605B051
:103F4000F0BD114B134A5C69114903460020A0479C
:103F50004FF440530024D2E743F233030C46CEE73C
:103F6000023A012AEAD9084A0096546908490A4ADD
:103F70003846A0472F80E0E70349084A4C690449C6
:103F800000963846A047D8E778000020F8340108AA
:103F900090340108A83401085C350108283501086F
:103FA00010B582B001AA01210446FFF79DFF00224F
:103FB00001212046FFF750FFBDF80430022B08D046
:103FC0000549064A4C6906490020A047002002B076
:103FD00010BD012002B010BD78000020903501080E
:103FE000D83501082DE9F04F2DED108B9BB090F8DE
:103FF0005E401D4690F85C300893042CB0F85830B1
:1040000003938046894616461AD8D0ED147AF5EE09
:10401000C07AF1EE10FA00F1F38190F86630002BCF
:1040200000F08F8290F85B30002B00F08A82024C07
:10403000024A059407E000BF780000203C360108E2
:10404000C54CC64A05946369C54900209847D8ED18
:10405000157A236A009307EE103AF5EEC07AF1EE76
:1040600010FAB8EE478A40F3CF81C8EE278AF6EE01
:10407000007A78EEA78A039B002B00F0A58198F8C0
:104080005E30049398F85A30002B40F0A48198F8E1
:104090006020022A41F0248198F85E40012C00F053
:1040A000E0830024224634990C71A6F8AC21002B41
:1040B00000F0968198F85F30012B00F00384022B0A
:1040C00000F0EA83002B40F0DC8301231A46F384DE
:1040D000328598F86030012B00F0CC83022B00F081
:1040E000C883002B00F00684059B9E4A5B699C49AF
:1040F00000209847B9F1000F00F07681002300936B
:10410000B9F8E410B9F808307180B9F8E610B18058
:10411000B9F8E2103180B9F8E810F180B9F802106E
:1041200031819B00B9F8041071819BB2B9F8061077
:10413000B18103F13002B9F80A10F18192B2B9F8F5
:10414000201031825F2AB9F82210718240F2ED818D
:104150008549A1FB0201890901EB4101A2EB411153
:1041600089B200201A4604460B460121F28203223E
:10417000B38272830023009A7384B483F083318303
:1041800031846B800123C5F80A30002A00F04F8784
:104190000027CDE9017706F13E039FED749A9FED6C
:1041A00074AADFED779ACDE90696B34605F10E0ABB
:1041B00044461E46049AFBB29A4200F2288100232C
:1041C000AAF80030AAF8083033800137042F0AF12A
:1041D000020A06F102060BF1560B04F11404E9D1B0
:1041E000039BAA89DDF804E012FB03F26B8992B20B
:1041F00013449BB2DDE90696591C012089B2009058
:10420000B6F8AC01012804D1DDE9020404FB00F09A
:104210000290029FB8F8640098F863C098F862B002
:104220004FF6FF74A74228BF27464408A4F1030AAB
:1042300098F86640A6F89EB18CF0010C0338A6F8F9
:10424000A6C1A6F8A471A6F8A0E1A6F8A801A6F850
:10425000AAA1AA81AB80E980002C00F0268141331D
:1042600099B24024012329802C81A6F8C031B9F1EC
:10427000000F03D0B9F80C30A6F8C231009B002B18
:1042800040F03D81349A98ED145A00231360089B46
:10429000A6F8B231039B012B40F22E81B8F85830BA
:1042A000023B01229BB29FED336ADFED335A98F84F
:1042B0005A10F1EE007AC8EE066A68EE277A68EEC8
:1042C000255A87EE867AC5EE867AB6EE006A76EED5
:1042D000866A37EE067AFCEEE66AB5EE405AD8ED0D
:1042E000155AA6F8AE31F1EE10FA16EE903A77EEC6
:1042F000867ABCEEC77AA6F8B02114BF012200224C
:10430000FCEEE77A328798F85B20A6F8B43117EE16
:10431000103AA6F8B63117EE903AF5EE405AA6F8E4
:10432000B831009BF1EE10FA14BF01200020002BE1
:1043300040F0BD8031867286708598F861300F4AF2
:104340000098C6F8BA210121B184A6F8BE311BB08D
:10435000BDEC108BBDE8F08F78000020F835010827
:104360001436010838370108ABAAAAAA2549123E1B
:104370008FC2753D0024744900009643FF07010871
:1043800000000000B5EEC07AF1EE10FA00F10683ED
:1043900098F85A20002A00F00483B5EE407AF1EE36
:1043A00010FA05D1F5EE407AF1EE10FA40F0B8833C
:1043B0005FED0D8A059B724A5B6972490020984740
:1043C000039B002B7FF45BAE039B049398F85A3059
:1043D000002B3FF45CAE349A00231371A6F8AC3185
:1043E000B9F1000F7FF48AAE0123A5F802906B812A
:1043F000CE4602214A46CDF80890CDF80090FFE65F
:10440000614C624A05941EE6DFED618A33E60123C2
:10441000338098F85C90228940F2FF3340F2FF111C
:10442000B9F1000F18BF0B4642B39A4226D8A27BBF
:10443000237C3AB1022B05D1059B564A5B69DDE925
:10444000069620E0E07B002840F03E82012B00F041
:10445000AB80059B504A5B694A490090DDE90696AE
:104460009847DDF804E0039BAA8912FB03F26B89ED
:1044700092B213449BB2591C89B2C1E6059B474ACC
:104480005B69DDE906963F4900209847039BAA89AE
:10449000DDF804E012FB03F26B8992B213449BB285
:1044A000591C002089B20090AAE62346DBE6B5EE4F
:1044B000405AF1EE10FA0AD0C8EE057A77EE867A05
:1044C000FCEEE77A17EE903AB3871B0C7387002354
:1044D00061F30F03F5EE405A62F31F43F1EE10FA59
:1044E000708533633FF429AFFCEEE87A17EE903A1B
:1044F0001A0CB285F38520E700221346D3E698F81C
:104500005D30072B15D8264C9FED219A234493F854
:104510004C30A6F8A231349B83ED009A049B002B0B
:1045200040F0428298ED145AB1E6032001240021A4
:104530001CE6349A98ED145A00231360002300936C
:10454000A5E6012C40F2E28198F80F1042460123C3
:1045500003E00133A34200F0D981084692F823100A
:10456000814202F11402F4D2074F0E4A7C690549D8
:1045700005970020A047D8ED157A3B6A6AE500BF91
:104580009C360108143601087800002028360108FE
:104590000000000068370108943701085837010807
:1045A000A0F30008683601086FF00B030993E28856
:1045B000A3880A92182A009340F2938202EB8203A6
:1045C00003EB031303EB032302EB4303C3F3CC021C
:1045D00042EA43339BB240F6AA22934200F2D482CD
:1045E000AF4B0A9AA3FB02231B090E93013B9BB21C
:1045F00015935C230D9318230B930098002840F02B
:10460000D284059BA74A5B69A7499847B9F1000F77
:1046100000F0BC844FF000090222009B099913FBB3
:1046200002F292B20092226811440A460C910A9951
:10463000013B01FB0323099302F5C34328334CF2EA
:104640005032934207D9059B984A5B6996490020EE
:1046500098474FF00009099B03F5C34328334CF2F8
:104660005032934207D9059B914A5B698E490020DD
:1046700098474FF000090C9A002AC0F239838D4800
:1046800080FB0230D217C2EBA00000B2099B002BC6
:10469000C0F22283874981FB0331099BDB17C3EBFF
:1046A000A101119309B280B2091A0C9B0F908148A5
:1046B00080FB03C0C2EBA00288B209B20E9B10912E
:1046C000B0FBF3F0411C0A901FFA81FE0B981821F1
:1046D000B1FBF0F30E930C9B02EB4202B3EBC20270
:1046E00000F1F38213B2139393B20C93099A7148B9
:1046F000119B0B9980FB020CC3EBAC0303EB430C47
:104700000C9BB3FBF1F001FB103081B2B2EBCC0398
:10471000099100F1F7821AB219929BB20E9A0B9886
:10472000511E099A89B21891BEF1010F11FB0021A7
:1047300089B200F0ED82099A0C98824240F0FB8227
:10474000994200F04B840023012213931692149394
:1047500012920E930C9B9A00099BABF882209B004F
:10476000ABF88430B9F1000F40F0F1826C2317935D
:1047700036230C937D223D234FF00009ABF87C30AB
:104780000F9BABF87A200C9A1099C3F129031344BC
:104790001AB21192521A9BB2292A0F9307DC059B79
:1047A000454A5B694049002098474FF00009119B3A
:1047B000179A934207DB059B404A5B693A49002000
:1047C00098474FF000090D9B2C2B00F20C821E2BFA
:1047D00040F2DF831E3B0F229BB20D92ABF89A3062
:1047E000159B0C99ABF89430139BABF87E10ABF88B
:1047F0008E300F990A9BABF880100D99ABF896108C
:10480000ABF89820002B40F0CC81149B002B0E9B22
:1048100008BF00230E93129B002B00F0D383099A4C
:10482000199B9B1A0B9A93FBF2F39BB2169AABF867
:104830009220ABF88C300E9AABF888200023ABF8AE
:104840009030ABF88A300A9BABF88630B9F1000F94
:1048500040F0B882CDF80090DDF804E0DDE906967E
:1048600001E698F81020013A012A7FF61AAC224698
:1048700019E400237363B9F1000F41D001230093C1
:104880003EE4059B0E4A5B69074900209847B9F151
:10489000000F7FF433ACA7E500231A4617E400BFEE
:1048A000ABAAAAAAE0370108143601082C3801087F
:1048B00040380108ABAAAA2A7438010894380108C4
:1048C00018370108002202E4013B042B00F2308576
:1048D00001A252F823F000BFA9450008194B0008B7
:1048E000ED480008114B0008ED4800086FF00C037C
:1048F00009935CE64FF001137363B9F1000FBDD16A
:1049000000236B800123C5F80A3041E4B84B98EDD1
:10491000157A05931B6A009306EE903AB5EEC07ABD
:10492000F1EE10FAB8EE668A7FF72CADC8EE078A72
:10493000F6EE007A78EEA78A18EE900A0AF0A6FB47
:1049400051B1059BAB4A5B69AB4900209847039B7B
:10495000002B7FF494AB38E598F85A20002A7FF4B6
:1049600029AD039B98F85F10002B98F8603014BFB6
:10497000204600209942049007D9059B9F4A5B6915
:104980009D4900209847FFF77DBB022B00F0B284C1
:10499000349B1A71A6F8AC21FFF78CBBDFED988A27
:1049A000CFE7DFED978ADCE7B6F8AC31B6F8A421A3
:1049B000012B00F0CB8007EE902ADFED929AB8EE43
:1049C00067AAB7EE089AF2EE02DA059B9FED8E0A0F
:1049D0001B6A019307EE903AB8EE67FA80EE0F0A71
:1049E00007F060FD98F86030022B2FEE00FA00F21D
:1049F0001F8104EB830498F85E3094ED15EAD4ED42
:104A000018FA002B00F02581009BDFED7DEA9FED79
:104A10007FBA9FED7FDADFED7FCA9FED7FCADFEDC2
:104A20007FBADFED7FAADDF8149044460025227C92
:104A3000052A00F29280022A40F29A804FF0300A52
:104A40000827E27B052A00F26884DFE802F03E4195
:104A50003B034744F0EE4B7A8FEE276A228998F8A1
:104A60005E1002FB077702377F00BFB2A2880135D4
:104A700014349FED6C7AC6EE076A07EE90AAF8EE42
:104A8000677A87EEA66A07EE907AF8EE677A87EE85
:104A9000A67A07EE902AF8EE677AEAB267EE277AEE
:104AA000914277EE867A77EEA97A77EE897A7EEE72
:104AB000A7EABCD898ED145A002B40F0CE800093A2
:104AC000FFF7E5BBF0EE6A7AC6E7F0EE6C7AC3E773
:104AD000F0EE4D7AC0E7F0EE4C7ABDE7F0EE6B7A7F
:104AE000BAE70A9A002A4FD01823B3FBF2F302FB6D
:104AF00003F3C3F118039BB21593002B44D10A9A18
:104B00000B92531E9B009BB20D9301230E9374E5F1
:104B10006FF00F0309934AE56FF00603099346E52A
:104B200098F85F2098F860309A427FF441AC039B7C
:104B3000349ADFED338A002B14BF234600230493FD
:104B400000231371A6F8AC31FFF7B4BAF0EE499A1E
:104B5000F0EE49DAB0EE49AA37E7D9F81430324A14
:104B60002549002098474FF0180A0427002368E7DA
:104B7000012A05D0022AF0D14FF03C0A0A2760E74B
:104B80004FF0480A0C275CE7059B284A5B691A49E5
:104B90000020984700230122CDE90D3215930B9296
:104BA00034E5149B002B0E9B08BF00230E93129B31
:104BB00033B1099A199B9B1A0B9A93FBF2F39BB2A0
:104BC000ABF88C300A9B169AABF89220013B0E9AF8
:104BD000ABF888209BB2189A0A930123ABF88A207D
:104BE000ABF890302FE600230D931A46F6E500BF90
:104BF000780000208836010814360108C8360108FC
:104C0000000000009A999D41F902154F0000904361
:104C100000002043000000430000F0430000C043B8
:104C20000000404300247449BC370108CC37010818
:104C3000059BBE4A5B69BE490020984798F85E30E4
:104C4000002B00F0EF81DFEDBBFA0023B0EE6FEA3E
:104C5000DBE698ED145ADFEDB7EA9FEDB77ADFEDAA
:104C6000B76A349BCFEE077AB1EE0C7AC7EEA65A3C
:104C70002AEE07AA7FEE8EFACAEE257A9FEDB07A69
:104C800077EEAD7AB0EE006A77EEAE7A77EEAF7A75
:104C900027EE877A37EE067A77EE277A86EEA77ABE
:104CA000B4EEC57AF1EE10FA83ED007A7FF5EFAA43
:104CB000059BA44A5C699E49FDEEC77A002017EE69
:104CC000903AA047002300932CE402F1180083B22D
:104CD0000C9303B2139309E509999B4BC943A3FBBA
:104CE0000131099B6FEA1111DB1709B21193DAE464
:104CF0000C9A954BD043A3FB00306FEA101000B222
:104D0000D217C3E403F1180002B283B2199205E589
:104D10000C98824200F05F8100220A921692129251
:104D2000139A9B1A0B9A93FBF2F39BB20E930123F7
:104D3000CDE913330EE5994200F05A810A9B013BFD
:104D40009BB20A930123169312930B46E8E7E37B89
:104D5000052B00F21183DFE803F01A130C032B215B
:104D60004FF486731793D6230C9340F21D128D23B4
:104D700004E5AC23179376230C93BD225D23FDE459
:104D80008C23179356230C939D224D23F6E46C231A
:104D9000179336230C937D223D23EFE44FF4E67303
:104DA00017934FF4CB730C9340F2DD12ED23E5E43F
:104DB0004FF4B67317934FF49B730C9340F27D122C
:104DC000BD23DBE4A37A172B00F2FE80092B00F24F
:104DD0001B81C3F109039AB21523ABF84630069B39
:104DE000ABF84820002B00F05B8203EB4202938972
:104DF000ABF84A30237C013B042B00F29F82DFE8B2
:104E000003F0BA7603A984004FF000094FF4007252
:104E10004FF4C063CDE909234FF0C00E02204FF0DC
:104E2000040C08214A464B46ABF86E000A98ABF8D2
:104E300056000998ABF870C0ABF85800ABF84E10AC
:104E4000ABF85010ABF852E0ABF854E098F85D10B6
:104E5000B9F1000F00F00681002B00F00381022958
:104E600000F27881394B0B4493F84830ABF85A3054
:104E7000069B002B00F019810023ABF85E30012364
:104E8000ABF86A30069B0021D3E932ECD3F8C4902A
:104E90000B460EEB1140A0EB09009042614480F2FA
:104EA0002C8201330F2BF4D1069AABF86030D2E993
:104EB00036E303EB83020EEB1242F92A00F3EC8196
:104EC000062003FB00F0052103E0BCF1FA0C40F1E1
:104ED000D7810A46013189B214290EEB104C1844CF
:104EE000F3D1059B1A4A5B69DDE9069637E100219B
:104EF0004FF40073CDE909134FF0400E03204FF03B
:104F0000020C08219622FA238EE74FF000094FF495
:104F1000F0504FF47853CDE909034FF4F86E0220B6
:104F20004FF00B0C08214A464B467DE73837010805
:104F300014360108000000000000204300247449DA
:104F40000AD7233C10390108ABAAAAAAA0F300088B
:104F5000E43801084FF000094FF4C06C4FF460636F
:104F6000CDE909C34FF4E07E02204FF0060C082182
:104F70004A464B4658E7069B9B8C0422082BCBF8ED
:104F80006E205BD9DDE90696FFF780BA0422FFF7B1
:104F900044BB0D9B0F2B30D9A3F10F020F230D93B0
:104FA00092B200231AE4B9F1000F2AD1237B002B1F
:104FB00033D0059BC44A5B69C449484698470422DC
:104FC000FFF72BBB0A9B31E4059BC14A5B69DDE916
:104FD0000696FFF758BA99427FF49EAE0023CDE9BA
:104FE0001333CDF828E0169312930E93FFF7B2BB5C
:104FF0000023169312930B4692E600221346FFF706
:10500000EDBB0222FFF709BB102B94BFC3F11E03B7
:10501000C3F117039BB20022DFE64FF0010904221F
:10502000FFF7FBBA98ED145A0093FFF730B90098D8
:105030000290864602210246FFF7E2B8ABF84E30F6
:10504000ABF8503040230022ABF85230ABF854306C
:105050004FF40073ABF85630ABF8582098F85D1059
:1050600013469146072975D89A48014491F84C1087
:10507000ABF85A100699C1B10021ABF85E10B9F136
:10508000000F40F08380ABF86A90ABF86090ABF80B
:105090005C90ABF86290ABF86890ABF864904A46CD
:1050A0000023ABF86620ABF86C302389E27AABF8CA
:1050B0007620012B67D0023B9BB20121ABF8723006
:1050C000A37BABF84C3083F00103ABF87410ABF862
:1050D00078300099AB89AAF800300B44AAF8081080
:1050E000AB81A388217C06EE903A2389012907EE43
:1050F000103ABBF86E302AD0022914BFF0EE695A7C
:10510000F0EE4A5A01339BB207EE903AF8EE677A16
:10511000B1EE006AF8EE666A67EE867AB8EE477A14
:1051200067EEA67A0198029B67EE877A014667EEE2
:10513000A57A002808BF114667EE897A0191FCEE36
:10514000E77A17EE902A13440293FFF73EB8DFED9B
:10515000625AD7E7059B614A5B69DDE906965B49C0
:1051600000209847039BAA89DDF804E012FB03F2B4
:105170006B8913FA82F39BB2591C002092B289B258
:105180000090FFF73DB80023194697E70121ABF8DF
:105190006A10002B7FF476AEABF8603019461A46E1
:1051A000ABF85C200022ABF86220ABF868204BBB68
:1051B000ABF864301A4602EB0109069AD2E92FE1F6
:1051C000CE451DDA0846002202F1010C09921FFAB1
:1051D0008CF2162A3FF485AE0EEB104CBCEB090C9A
:1051E0000844F1D4002B7FF45BAF099800FB01F178
:1051F0000EEB1143A9EB03039C45C8BF02464FE7E2
:1052000000224DE7069BD3E9349C894546DA1346D4
:1052100062469E4601339BB2162B3FF462AE09EB09
:105220001240401A6244F4D40CFB0EF209EB124215
:105230008A1A9042D8BF9E460699BBF86020D1F8E2
:10524000CC30BBF85C00099002FB03F3D1F8C82016
:10525000ABF864E002EB13420B46D1F8C410521ACB
:10526000D3E936303FF53DAE09990CFB0EFE00FB4D
:1052700001F103EB114309EB1E401918FA239AE7D9
:1052800002FB03F30EEB1343C3F1FA039C45D8BFB3
:105290000A46FA210B4683E70522FAE79646CBE752
:1052A000069BABF84A30237C013B042B46D801A275
:1052B00052F823F0FF520008EF4E0008094E000894
:1052C000554F00080B4F0008F43701081436010849
:1052D000AC380108A0F30008CDCC4C3EC43801081E
:1052E000349A1371A6F8AC31B9F1000F7EF406AF11
:1052F000FFF77AB80123FEF7D1BE9BB2D4E54FF099
:1053000000094FF40073CDE909934FF0400E0420DB
:10531000CC4602214A464B4686E5D9F814301A4A53
:105320001A4900209847DFED1A7A0023FFF794BB53
:10533000059B184A5B69DDE9069610E7059B154A4F
:105340005B6912490020DDE906969847AA89039B0C
:10535000DDF804E012FB03F26B89562113FA82F3A5
:1053600001FB076100209BB2C1F86E00591C92B28C
:10537000009089B2FEF744BF059B034A5B6903496D
:1053800000209847FFF7F2B9683801081436010881
:1053900000000043BC37010870B5FEB04FF4E27264
:1053A00004460D460DA8002103AE08F071FF0096DB
:1053B0000DAA05AB00212046FEF714FE08B97EB009
:1053C00070BD94F85B202B46314605A8FEF726FCFD
:1053D000F5E700BF10B590B018B10C4B02689A42C7
:1053E00008D00B4B0B4A5B690B4900209847002003
:1053F00010B010BD0C46043001A9FFF7CDFF002806
:10540000F6D0BDF804302360F2E700BF0FB03713C9
:105410007800002048320108603201082DE9F0438D
:1054200083B01D4643F440534FF00008BDF82840B8
:10543000ADF800308946164669460123032245F43B
:1054400080550746ADF80280ADF80480FEF74CFBAE
:10545000ADF80050BDF9045004FA09F46C4004EAB8
:10546000060255404346694638460222ADF80250CE
:10547000FEF73AFB03B0BDE8F08300BF30B583B060
:105480000025294600957B23FF220446FFF7C6FF2F
:105490000121009120468B230222FFF7BFFF8B23BF
:1054A0008022009507212046FFF7B8FF03B030BDEA
:1054B00070B582B043F2370200230092ADF8043099
:1054C0000322012369460546FEF70EFBBDF80430B2
:1054D00013F0C00F19D143F21C02012300920024E3
:1054E000694603222846ADF80440FEF7FDFABDF8F0
:1054F00004301B0514D50D4B0D4A5E690D4920463D
:105500002B46B047204602B070BD084B1A7F002AD8
:10551000E1D05C69084A07492B460120A047DAE739
:105520002846FFF7ABFF012002B070BD78000020D5
:105530005C3901089034010830390108002870B442
:1055400046DB0029034639DB88420A464BDA002550
:10555000012429461B04B3FBF2F343F6284293428D
:105560005AD946F2D632934261D948F67202934232
:105570005FD94AF6494293425DD94DF2A302934264
:105580005BD94FF24B72934298BF052045D94FF239
:105590004C7648F233224CF2A3409B1B02FB03F3F0
:1055A00000EB134014B1C0F5C9301F3015B1C0F580
:1055B00049303F30C1B1404270BC7047494209B2E6
:1055C000884217DA002501240A4603462146C1E72E
:1055D000404202B20029104614DB91420B4605DD21
:1055E00099BB1D4800E050BB70BC704700240125EA
:1055F0002146AFE70028DED000250B4602462C46A8
:105600000121A7E7494209B28A424FF00105DADBDE
:105610000B46002429469DE70020104A02EBC006F5
:1056200002EB8002D6E91B60D2F8A420B5E7012086
:10563000F3E70220F1E70320EFE70420EDE7002580
:105640000B4602462C46294684E701251A462C467D
:10565000034600217EE700BF20920100A0F300086E
:105660002DE9F04FBFB00DF138090D46904601937A
:1056700000F1020B3EAFCA46002440F6B73631E0D7
:1056800025B335F8141001F01F0E4FEA912C0EF1DE
:10569000300E00FB0EF0C1F34411ACF1200C02FB04
:1056A0000CFC002801F1300102FB01F1B8BF3F30D2
:1056B000BCF1000FB8BF0CF11F0C8011002900EBEA
:1056C0006C10B8BF3F3100B241F38F110134182C78
:1056D00008BF0024FFF732FF4AF8040BBA450BF16C
:1056E000040B0ED0BBF900203BF9020C02FB02FCBC
:1056F00000FB00CCB4451146C2DC00203FB0BDE841
:10570000F08F0DAC0DF1060109F15C05224652F84F
:10571000043F002BB8BF0F3302311B1195420B80A1
:10572000F5D1484603F05EF9002254F8043F216E9B
:10573000A542A3EB01031A44F7D1124B83FB0213DA
:10574000D217C2EBA31404F5994330334CF662121E
:105750009342D2D802AE35460FCD4D4508F1100820
:1057600006F1100648F8100C48F80C1C48F8082CF4
:1057700048F8043CEFD1019B01201C803FB0BDE8FC
:10578000F08F00BFABAAAA2A2DE9F04F2DED028BB6
:105790001C461B78ADF21C4D05460F4691460A2B60
:1057A00012D8DFE813F020000B007000F5007A013A
:1057B000FE01A902CF03210452042000FEF7F0FBF2
:1057C000002840F004852378C74E7569C74AC84948
:1057D0000020A8470020064626700DF21C4DBDECA7
:1057E000028BBDE8F08FC04EDDF84804EC220021AA
:1057F00008F04EFDD6ED087ADFEDBE5ADFEDBE6A49
:10580000F8EE677AB6EE006A85EEA77AF4EEE67AED
:1058100037EE067AF1EE10FABCEEC77A17EE103AC0
:105820001FFA83F800F330849FEDB47AF4EEC77A60
:10583000F1EE10FA00F12884A8F1100292B2EF2ADA
:1058400040F2A8869FEDAE7ADFEDAE6A756977EE1D
:10585000877A37EE877ABCEEE78ABCEEC77AB8EE75
:10586000477A77EEC77A67EEA67AFCEEE77A17EE0C
:10587000907AA54BA54AA64901978DED008A002094
:10588000A8472378A1E7FEF78BFB049000289AD065
:10589000412300223946284603F058F90023028CA0
:1058A0000292A0F1020A039398464FF6FF7B5A1E1C
:1058B00002FB02F2C2EBC202510001F5167CC83AAB
:1058C0003AF9021F002B00F06F843AF902EC01F55F
:1058D0007A76A1EB0E019142FFF675AF61453FF775
:1058E00072AF86EAE672A2EBE67292B25A4505D230
:1058F000990089B2DDF81080039193460133102B93
:10590000D5D1B8F1000F3FF45EAF039A82F0300AB0
:10591000DDF84824A2F804A0B0F822B0B0F8802046
:10592000A2EB0B02B2F5FA6FFFF64DAF7949CDF855
:1059300010A01204A1FB021252094FF0000C2030FB
:10594000039266464FF6FF7E0AE0514538BF4FF09E
:1059500000080133039A9BB2402B944400F059870E
:1059600030F8021F029A8A1A002AB8BF524292B235
:1059700072450BEB1C4A38BF96460AF5487238BF91
:105980001E468A4201F54871DFD24FF00008E0E779
:10599000FEF706FB00283FF416AF3946002220230D
:1059A000284603F0D3F8B0F900200746844616468F
:1059B0000121002096463CF9022F02F54873A3EB23
:1059C0000E039BB2B3F5C86F3FF6FDAEB242A8BF5F
:1059D000084601F10101A8BF16462029EAD107288F
:1059E00040F2B1861728A0F1070340F24787D3F1B0
:1059F000200240F0AB8646AB039303982EA9FBF739
:105A000047FC00283FF4DFAE9DED2E6AB5EE406AFC
:105A1000F1EE10FA3FF4D7AE9DED2F7AB5EE407A55
:105A2000F1EE10FA3FF4CFAEDDED306AF1EE666ACA
:105A3000C6EE877AF5EEC07AF1EE10FAFFF6C3AE45
:105A4000B1EE477AC7EE066AF5EEC06AF1EE10FADB
:105A50007FF5B9AEB7EE007A77EE877AFCEEE77A9B
:105A600017EE903A9AB23F2AC3F34E033FF6ABAE1D
:105A7000DDF8482483F01003D38040F21531284626
:105A8000FEF7AEF90426002800F0E48226700DF23D
:105A90001C4DBDEC028BBDE8F08FFEF781FA0028AB
:105AA0003FF491AE502339460022284603F04EF8C9
:105AB000DDF84834CDF81890CDE9045703F10A0118
:105AC0003023A0F1020B9C460846A246124B00244C
:105AD00047F6FF76CDE9020B5D464FF6E472A64627
:105AE000A1461F46B04623E078000020CC390108CB
:105AF000F0390108F902154F8096984C8096984B22
:105B0000BD37063500247449004001088C3901086E
:105B1000B8390108ABAAAAAA0080FFFF8E4204F19F
:105B20000104C4BFDE460E460832082C92B21AD0D9
:105B300035F9021F0FFA82FB4CB135F8020C081A36
:105B400000B28045A8BF80468742B8BF07460029FB
:105B5000E4DA8B4204F10104BCBFD9460B4608329B
:105B6000082C92B2E4D1A7F51C57103FBFB244F6FF
:105B700020629742DDE9020B11D8B8F1000F0ED177
:105B800013F5004F00F0D78547F6FF72964200F0FC
:105B90003B86AEEB090EBEF1080F00F0A982544619
:105BA00011E6FEF7FDF900283FF40DAE4FF4407307
:105BB00039462846002202F0C9FF0DF1340B00F5EA
:105BC000C063CDE904B30023029346AB0393484E70
:105BD000484F099416ABCDE907B50DF1B809069306
:105BE0000DF58A780546069CAA46BAF902103AF9DC
:105BF000040BFFF7A3FC44F8040B4C45F5D12DAC86
:105C0000A346AA46BAF96210BAF96000FFF796FCFB
:105C10004BF8040FC3450AF1040AF3D1DDE902236E
:105C20000DF1540E9818002154F8043F5EF8042F2B
:105C30009B1AB34240F35382A3F5C9237E3BB34280
:105C4000FADC002BB8BF5B429942B8BF1946A045A9
:105C500040F8043BE8D1049B491043F8041F049327
:105C6000029B60330293059BC0359D42BBD1DDE9A9
:105C700007B50021099C0A460B465BF8040F9042C9
:105C8000C8BF194603F10103C8BF0246082BF4D16F
:105C90000EAB0DF1B70253F82160039B01EB4101FC
:105CA00003EB41110DF1CF0051F8043BB342ACBFFF
:105CB0000023012302F8013F82421376F4D1002031
:105CC000012302460AE029B119F8011C002904BF8A
:105CD0001A4601200133302B00F0F08319F8011F20
:105CE000002AF0D0002900F0FD810130F2E700BF6A
:105CF0003F240300C1DBFCFF4FF6FF73ADF83830E3
:105D0000FEF74EF900283FF45EADD44ED44A336A14
:105D1000A2FB0328DDF84834B3F8E0304FEA9818C6
:105D2000394603FB08F800224FF44073284602F07E
:105D30000DFF46AB07461A46039340460EAB394665
:105D400002F07AFEC74B372283F82420002800F0A7
:105D50008281DDF84824BDF838305384C24900936D
:105D60002846C24A0C2303F0EDFA284640F21741B8
:105D7000FEF736F8002800F06E819FEDBD7AF7EE51
:105D8000007A3D4607F1C00007F5D86E0DF1B80C5A
:105D9000A0F1C0034FF00008B3F9022002FB02F1AA
:105DA000B3F90020043302FB021298429044F3D16D
:105DB00006EE908AB8EEE66AC030C6EE076A8645FF
:105DC000B1EEE66AC7EE866AECEC016AE0D1DDF876
:105DD0004834DFEDA81ADFEDA80A9FEDA81A03F1F9
:105DE000880916AB60370DF1D8089A46039B2EA997
:105DF0002A46B2F90000F1EC016A07EE100AB8EE8B
:105E0000C77AB2F9020027EE267A414567EE077A93
:105E100002F1C002C3ED007A07EE900AF8EEE77ACD
:105E200032F9600C67EEA67A03F10C0327EE277AAD
:105E300067EEA77A03ED027A07EE100AB8EEC77A8A
:105E400043ED017A27EE267A32F95E0C67EE077A87
:105E5000C3ED157A07EE900AF8EEE77A67EEA67AB8
:105E600027EE277A67EEA77A83ED167AC3ED177AC5
:105E7000BFD1039810225146FBF70AFA002800F020
:105E8000EA80DAED006A9AED017AF1EEE67AB1EE97
:105E9000006A66EE866A9AED026A67EE075A66EE57
:105EA000866AB6EE006A76EEE56AF6EE085AB1EE5C
:105EB000E64AC6EE276A77EEE57A26EE877A67EE3F
:105EC000A17A66EE846AF7EE004A77EE867A37EEBC
:105ED000247A76EEE56AB3EE0F5A27EE207A66EE64
:105EE000A16AF4EEC57AF1EE10FA37EE067A76EE94
:105EF000866A00F36E84F5EEC07AF1EE10FA00F1D6
:105F00008584FCEEE77A17EE903A1BB2B4EEC17AC4
:105F1000F1EE10FA40F34E846FEA83536FEA935325
:105F2000F3EE0F7AF4EEE76AF1EE10FA40F3338401
:105F300043F478730435AF4229F8023F7FF456AF3B
:105F4000072649E4FEF72CF800283FF43CAC102368
:105F500039460022284602F0F9FDDDF84834B3F84E
:105F60008A300026844603F01F09C3F344189B0AB5
:105F700009F1300908F13008A3F120000296B24679
:105F8000B64637460CF1020B0BE05345774640F21C
:105F90006B82D6469A46B3B202930136082E00F0C1
:105FA00065823CF926303BF9262009FB03F302FB0E
:105FB00000F1002BB8BF3F33002902FB08F2B8BF45
:105FC0001F319B11002A03EB6113B8BF3F321BB294
:105FD00042F38F1203FB03F302FB0233BB42DCD913
:105FE0007345D2D81F46D8E7FDF7DAFF00283FF403
:105FF000EAAB602339460022284602F0A7FDDDF80F
:106000004834DDF848245633263200210646FFF78F
:1060100027FB00283FF4D7ABDDF84834DDF84824EF
:10602000DDF848148833304658328A31FFF718FBC0
:1060300000283FF4C8AB40F27C412846FDF7D0FE73
:10604000092600287FF422AD04E0FDF7A9FF00280F
:1060500040F04481014E2378FFF7B7BB7800002061
:10606000D34D621000000020F419010860F400080C
:1060700000004042000080420000004200007C42DC
:10608000BD370635002474491FED037A5FED036ABE
:1060900075698B4B8B4A8C4977EE877A002037EEF7
:1060A000877ABCEEE78ABCEEC77A8DED008AB8EE3F
:1060B000477AA8F1100877EEC77A67EEA67AFCEE69
:1060C000E77ACDED017A17EE907AA847B8F1EF0F95
:1060D000C1D97569FFF7CDBB03F5C9237E33BB4238
:1060E000FADBAEE50B2800F2E98108460A46F1E545
:1060F000F61ADB0093FBF6F3A9EB03030FFA83FE1A
:10610000BEF1000FC0F26883BEF11F0F3FF747AD2D
:106110001FFA8EFE6D4B83F815C00CF1010C5FFA6F
:106120008CFCBCF13A0F20F802EF0BF1100B7FF45E
:10613000CDACDDE90457DDF8189080234A46394696
:1061400000932846624B02F017FCDDF84834DDF876
:1061500048149B890093CE885E4A5F4907232846EE
:1061600003F0F0F85B4A5C4900960823284603F0E8
:10617000E9F80323574A584900932846092303F0B6
:10618000E1F80623534A5449009328460A2303F0B2
:10619000D9F840F2D6312846FDF722FE54460526AE
:1061A00000287FF473AC55E701F57A73002BB8BF74
:1061B0005B429BB29B4502D80123FFF778BB0022CC
:1061C0009B46DDF8108003920123FFF770BB43F27A
:1061D00032034FF0000846930322012346A92846C4
:1061E000ADF81C81FDF780FC394612234246284653
:1061F000BDF81C6102F0AAFC0146B0F800E0B0F85E
:1062000002C04346043140464FF6FF7746FA03F298
:10621000D2070BD531F81320A2EB0C02002AB8BF2D
:10622000524292B2974284BF98B217460133102B64
:10623000ECD1431E0D2B3FF6C6AA00F10043013BF3
:1062400001EB430731F813207B8841F28731D21AE2
:106250008A427FF7B8AA4FF6FF7296423FF4B3AA7C
:10626000BA889B1A8B427FF7AEAA40F2E51303FB74
:106270000EF31B0CA3F5897313F1140F1AB2C0F2BD
:1062800001832C2A40F3FC824F2ACCBF0423032332
:10629000DDF848241049A2F800E0508093840D4AAC
:1062A00000902523284603F04DF840F2332128467C
:1062B000FDF796FD022600287FF4E8ABCAE600BF92
:1062C000004001088C390108B8390108000000209D
:1062D000A0F5000860F40008F419010839464FF4ED
:1062E0009C630022284602F031FC0DF1340A0EAF07
:1062F0000DF1580B2EAE4FF00008CDF80480534638
:10630000CAF8008046AA00979021C7F80080CBF811
:106310000080C6F80080814602F06AFC00283FF445
:1063200099AECDE900685B4646AAF02109F5907068
:1063300002F05EFC00283FF48DAECDE900A839687C
:106340003268CC4BCC4D521A02FB03F305FB01F132
:106350001B0CC3EB5133DDF84814C1F8BC30DAF83C
:10636000003005FB03F305FB02F25B0BC1F8C02014
:10637000C1F8C43046AA0CAB40F21F1109F202303A
:1063800002F036FC00283FF465AECDE9007B0BAB94
:1063900046AA4FF4907109F5A86002F029FC002884
:1063A0003FF458AECDE90086434646AA09F5F060B1
:1063B0004FF4907102F01CFC00283FF44BAEDAF869
:1063C00000203F68DDF82CE0DDF830C03368DBF8F2
:1063D0000010BE1A05FB02F7A84AACEB0E0C02FB3C
:1063E0000CF25B1A05FB01F805FB0EFEDDF8481404
:1063F000120CC2EB5E32C1F8C82005FB0CF2C1F8EA
:10640000CC209F4A06FB02F2120CC2EB5732C1F8B5
:10641000D0209C4A05FB06F603FB05F502FB03F3BF
:106420001B0CC3EB5833C1F8DC50974DC1F8D46056
:10643000C1F8D8304E1E01F1EB074FF0FF3316F8CC
:10644000012F0821534043F300022A40013982EA18
:106450005303F8D1B742F2D1DDF84824DB43C2F848
:10646000EC300A26FFF7B8B99E4696E5B7EB5A0F0F
:10647000BFF4A9A9DDF84824029B13848349844A08
:10648000009328460B2302F05DFF0023804A7F49DA
:1064900000932846092302F055FF7E237B49009391
:1064A00028467B4A0A2302F04DFF40F2534128461A
:1064B000FDF796FC00287FF4E9AACBE5A0F10C03D8
:1064C000082B3FF680A902EB5002172A02D9183A8E
:1064D000172AFCD892B2910089B201F13006DDF89A
:1064E0004834B6B25F2E1A8140F2C281694BA3FBD9
:1064F00006239B0903EB4303A6EB43134FF000086D
:106500000E46C14699B20127614A009121235F4995
:10651000284602F017FF5E4A5C490096222328466F
:1065200002F010FF03265A4A5849009701232846D3
:1065300002F008FF564A554900960223284602F009
:1065400001FF3346524A5149CDF80090284602F0E7
:10655000F9FE4F4A4D49CDF800800423284602F049
:10656000F1FE4B4A494900970523284602F0EAFE0E
:106570000023474A454900932846062302F0E2FEDD
:1065800040F2ED312846FDF72BFC062600287FF46B
:106590007DAA5FE577EEC77ADFED3F6A9FED3F7A30
:1065A00067EEA67AB8F13F0F77EE877AFCEEE77ACE
:1065B00017EE903A9BB200F21A810021B8F12F0F2A
:1065C00088BF42468C46DDF84804A0F8E080A0F879
:1065D000E830A0F8E210A0F8E420A0F8E6C02846D1
:1065E000B6F80480FEF764FF00283FF434AD4FEAAC
:1065F000590C4FEA5808C44528BFC446ACF1020CF8
:10660000CDE903452CF0010C3B1D40F64C3A0293BA
:106610001FFA8CFB4FF00008E146C8F534630C33D9
:10662000994594BF5D4655464FEA580468084FEABD
:1066300084010CD0154B07EB800019443B4651F800
:10664000042BDA80120C9A8004338342F7D1DDF8F0
:1066500048340298B3F8E23001931C2300932A4691
:106660000B4B4146FAF77AFDD0B9039C2378FFF72C
:10667000ACB800BFA82A0400AA0A01005415020001
:10668000A64A07004E750B002083B8EDF4190108E7
:1066900060F40008ABAAAAAAE8385BB500007C4207
:1066A000DDF848340298B3F8E43001931A230093DC
:1066B0002A46754B4146FAF751FD0028D5D0DDF842
:1066C00048340298B3F8E63001931B2300932A461E
:1066D0006D4B4146FAF742FD0028C6D0DDF848343C
:1066E0000298B3F8E8300193192300932A46664BC9
:1066F0004146FAF733FD0028B7D02B4604982146CF
:106700003A46D844FDF748FB1FFA88F840F64B3369
:10671000AAEB0B0A98451FFA8AFA7FF67EAFDDE9ED
:1067200003454FF4AE712846FDF75AFB01260028B9
:106730007FF4ACA98EE447F6FF739E427FF4E0AC91
:106740005446FFF740B800F10802002346A9981804
:1067500007EB4000039107EB430707EE903A37F948
:10676000026BF8EE677AB842C1ED027A07EE906AE2
:10677000F8EEE77A03FB03F6C1ED007A07EE906AC4
:10678000F8EE677A03F10103C1ED017A01F10C0122
:10679000E3D1FFF732B9F5EEC06AF1EE10FA3FF53A
:1067A000C9ABFCEEE66A16EE902A43EA42131BB22E
:1067B000FFF7C0BBB5EEC07AF1EE10FA3FF5B0AB13
:1067C000BCEEC77A17EE102A43EA82231BB2FFF70A
:1067D000A7BB1F23FFF79ABBCEF1000E1FFA8EFE58
:1067E000BEF11F0F3FF6DBA94EF0200E92E4B8F188
:1067F000BF0F96BFA8F140024FEAD802C2F3CF0202
:1068000008F0070C0121DEE6CE4679E40023FFF70D
:106810007DBBDDF810A0B8F1000F3EF4D4AFDDF879
:1068200048345E81012300934FF47E534A46394633
:10683000ADF81831284646AB02F09EF8124A1349CB
:1068400000962623284602F07DFD0F4A0F49CDF819
:1068500000A02423284602F075FD40F2C6212846F8
:10686000FDF7BEFA032600287FF410A9FFF7F2BB5C
:106870004FF003084FF00109002745E60F2265E7B6
:10688000022305E5012303E560F40008F41901087B
:106890002DE9F04F85B0DFF8ACA0264D264E0393CE
:1068A0000446884617464FF0020B4FF48059CAF849
:1068B000289002F09DFCCAF8189002F099FC14B1DF
:1068C0002368B3420AD06B691C4A1D4900209847CF
:1068D000BBF1010F1CD04FF0010BE6E7002FF7D002
:1068E00004F10D09A068039ACDF800804B463946A3
:1068F000FEF74AFF0028EBD0637B0A2B0CD002F096
:1069000053FC0028E4D00C4B22689A42DBD1E9E723
:10691000002005B0BDE8F08F0A4C03904FF480557D
:10692000A56202F065FCA56102F062FC039805B067
:10693000BDE8F08F780000200EB03713D83301087F
:10694000F0330108000400482DE9F04F9B461B6816
:10695000C2F51E66B34294BF9EB2B6B288467408B2
:106960004FEA520183B017464FEA81010CD0144B15
:1069700008EB84041944434651F8042B5A80120C46
:106980001A800433A342F7D10E4C851E04F1E20AAB
:1069900004F1E40914F8013B35F8022F3946CDE93A
:1069A000003240464B463246FAF7D8FBA24501D0AA
:1069B0000028EFD1CBF8006003B0BDE8F08F00BF36
:1069C00030060108A0F6000808B518B1064B0268A9
:1069D0009A4207D0054B064A5B6906490020984752
:1069E000002008BD012008BD02B137137800002047
:1069F000043A01081C3A010808B518B1064B0268B0
:106A00009A4207D0054B064A5B6906490020984721
:106A1000002008BD012008BD01B137137800002017
:106A2000303A01081C3A0108B8B110B50446406D6F
:106A300020B10A4BDB68984700236365A06D20B145
:106A4000064BDB6898470023A365E06D20B1034B3C
:106A5000DB6898470023E36510BD7047780000208D
:106A600038B50446FFF7C8FF00B938BDE56A1DB167
:106A70000E4B2A689A420FD00D4B0E4A5B690E49A5
:106A800000209847A06AFDF783F800232360204682
:106A9000BDE83840FDF774B82846FFF7C5FF00236E
:106AA0002B602846FDF76CF8ECE700BF03B1371305
:106AB00078000020B0330108403A01082DE9F04188
:106AC000184E1D464FF480530C46B362804617465D
:106AD00002F08EFB1CB12046FFF776FF88B9B8F1B3
:106AE000000F02D04046FFF7BBFF17B13846FDF755
:106AF00073F825B12846BDE8F04107F00BBDBDE8AD
:106B0000F081266C3046FCF789FF28B9002323600A
:106B10002046FDF735F8E2E7002333603046FDF705
:106B20002FF8F3E7000400482DE9F04F2DED068B18
:106B3000B7B080468B46FFF747FF002800F04C8136
:106B4000C7494FF49572382001F0FCFE82460028B8
:106B500000F03D81D8ED138A98F862309FEDC18A2C
:106B6000C14A98ED149AC0F8208088EE880A026025
:106B7000002B40F0FF8098F84430002B40F08F81CC
:106B800098F8465098F84530002B40F06381B8F8EB
:106B9000487005F03DFC07EE907A9FEDB27AF8EE72
:106BA000677A39EE689A67EE877ABDEEC08A89EE19
:106BB000270A01F0ADFEF7EE007A30EE270A05F065
:106BC00071FCBCEEC00AD8F8406010EE103A3046B6
:106BD0009CB2FCF723FF10B1012386F86230D8F88D
:106BE00040603046FCF71AFF00B13575D8F84060B8
:106BF0003046FCF713FF08B186ED018AD8F8400053
:106C000000222146FCF722FFD8F840603046FCF70E
:106C100005FF00B17781D8F840603046FCF7FEFEF2
:106C200050B118EE103A20B2013810FB0730294657
:106C300000B201F031F9F074D8F84040B8F856507D
:106C40002046FCF7EBFE00B1A581D8F8404098F84B
:106C500068502046FCF7E2FE08B184F86A50D8F884
:106C6000404098F858502046FCF7D8FE08B184F808
:106C70006350D8F84040B8F854502046FCF7CEFE98
:106C800008B1A4F85C50D8F8404098F86030D8F8C3
:106C90005C50C8F80C502046002B00F0AA80FCF78E
:106CA000BDFE08B10023A365D8F8400017A9FEF780
:106CB00091FB002800F09280179BD8F840700333B6
:106CC00023F00303CAF830303846FCF7A7FE00284B
:106CD00000F0068165496722102001F033FE009024
:106CE000002800F01181009A614B136097F8624010
:106CF000604938221020002C00F0F580B7F85C4085
:106D000001F020FE5B4906463922FC2001F01AFE04
:106D10000190002C00F0668556493E22602001F06B
:106D200011FE01240546002E00F0F180019B002B8E
:106D300000F0ED8014B1002D00F0E980019B27A93F
:106D4000C3F89850381D3360FEF726FB002840F04A
:106D5000E880494B494A5B69464998473046FAF70B
:106D6000CBF9009B00245C601846FCF711FFCAF8C1
:106D7000284033E001F0CCFDF0EE408A89EE080AAD
:106D800001F0C6FD68EE888A9FED3D9A20EE088AE4
:106D9000B4EEC98AF1EE10FA76D9F4EEC98AF1EEB2
:106DA00010FA2DDDF0EE480AB0EE680A0422002148
:106DB000404601F019FC0446D8F840502846FCF73C
:106DC0002DFE00283FF44BAF85F8624047E72A4B81
:106DD0002C4A5B69224998474FF0000A5046FFF75A
:106DE0003FFE4FF0000A504637B0BDEC068BBDE8C1
:106DF000F08FFCF713FE00283FF456AFA56553E76C
:106E000088EE090A01F084FD05F04CFB00224046A3
:106E1000FCEEC07AF0EE490A17EE905A013DEDB251
:106E2000032D28BF0325012D38BF0125C5F104011D
:106E3000B0EE680AC9B201F069F9F0EE480A0446FA
:106E40000146B0EE490A2A46404601F0CDFB044413
:106E5000E4B2B1E76B1EDBB2042B4FD9012798E6F1
:106E60001C3A01080AD7233B01B13713CC33010880
:106E70000DB03713803A010878000020903A0108DD
:106E80000AD7233F603A0108F0EE480AB0EE680ADC
:106E900001220421404601F039F904468CE79B4B5E
:106EA0009FED9B7A9B48279327A9012211F8015B4C
:106EB0006B1EDBB2042B00EB8303F0EE477A98BF26
:106EC000D3ED007A77EEA77A0132F4EEE87AF1EEAC
:106ED00010FA92B27FF656AE052AE7D1012551E6A7
:106EE000CAF828007AE701F02DFD8B4906463922C1
:106EF000FC2001F027FD2546019014E7874A02EBAC
:106F00004303B3F8887B44E6CAF8280066E73046B6
:106F1000FCF736FE0198FCF733FE2846FCF730FEFE
:106F20001FE7BDF8B040BDF8BC30019923449BB2C7
:106F30000693A1F89E30BDF8B230D1F898000C87C6
:106F400001F1F8025B00C1F8842001F1F402C1F8FC
:106F5000E830C1F88820002301F1F602C1F894302E
:106F6000A1F89C30C1F88C2001F1F00301F1F70287
:106F700002904B62C1F8902030B101F1EC028261C5
:106F800001F1F5024362C265019AC2F8D830069B4E
:106F9000A2F8E430009BC2F8DC3097F862E00DF113
:106FA000C60018A9002205E030F8023F5B0821F86E
:106FB000023B0132D3B29E45F6D8BDF8B8309DF8F9
:106FC000D4200E9223449BB20F93B7F85C30BDF8E7
:106FD000BA2010929DED348A05931A46002B00F0DA
:106FE0000D84BDF8BE30B3FBF2F30A93BDF8B430A4
:106FF000019A2344A2F87C30BDF8B6302344A2F8AD
:107000007E30DDF89E30C2F87630BDF8A230A2F8AE
:107010007A30434B1364434B5364434B93640323D1
:1070200082F874300F23A2F88030029B002B00F00E
:10703000F483002329990C91CDE920332A990D91ED
:10704000CDE92233CDE92433BDF8AC100B9121AA50
:1070500015460DF1BE01D8B2864507D931F8020FA9
:1070600022F8020F088910810133F4E7029A059B88
:1070700013870A9B53870023C2E91333C2E91533F0
:1070800018462A4B53602A492A4B936009912A4B90
:107090002A49D360CDE9148B089102F148042849AC
:1070A00011973A32B9461296CDF84CA00791CDF817
:1070B0000CE016462F468246039A5FFA8AF3934203
:1070C000049380F09F8337F8025F26F8025FB7F8D9
:1070D00008B01C49A6F808B02F22EC2001F032FCC1
:1070E00019498046002800F0A480184B0364184B0F
:1070F0008164436499F814100139042900F2A983CA
:10710000DFE801F08E912894280000BF05040302F7
:107110000000000014FF0008803A0108A0F30008F6
:107120007115000819160008111600089D140008B2
:107130002116000819150008111500082D16000861
:10714000F5100008B43A01087D160008091C000873
:10715000851600086FF00C000B9A99F811C0A8F87A
:107160007A20059AA8F87E200A9A069BA8F8802023
:10717000DDE90C121D44ADB2BCF1000F18BF114681
:10718000D9F80420A8F87C50C8F876104FEA4B03D1
:1071900099F810E088F874E0C8E92120D9F80800CF
:1071A000C8F8E030099BC8F89C30089BC8F8A030AC
:1071B000079BC8F8A430029BC8F8D43008F1E40358
:1071C00088F875C0C8F88C00A8F89650A8F8DC506C
:1071D000C8F82430C8F8D03000234146A8F8383029
:1071E000A8F89430844BC8F8D83008F13C0008F176
:1071F000E803C8F8903041F8980BC8F83C10FAF74B
:1072000041FA09F114090AF10105002800F072821F
:10721000D8F80000C3689847AA4644F8048F4BE7A3
:107220006FF00B0098E76FF0060095E76FF00F0026
:1072300092E7D146DDE91176DDE913A8DDF854B017
:107240006E4D029A6E494B46123302EB83030024C3
:107250005C606C4A6B6920469847039705962F46F9
:10726000049E029D0BE05FFA82F905EB8909D6B214
:10727000D9F84C0008B1FA689047C9F84C40721E22
:10728000002EF0D1019B039FD3F89830059E029306
:10729000019A099BC2F8A430089BC2F8A830079B4A
:1072A000C2F8AC300299584BC2F8E03002F13C030E
:1072B0001360002900F0B88202F1A003D1630B60D3
:1072C000019B18688368984728B94C4B4F4A5B6903
:1072D0004F49984742E5019B1868C36898474D4A53
:1072E00072604D4AF260009A0023B3605660AAF8BB
:1072F000063097F862400AF10E001D46DAB2944259
:10730000BAF8061074D918AA20F8061C32F813200F
:107310001144AAF806100133042B20F8022FEDD1F6
:107320000E9AB7F85C308AF81C20BAF806208AED6D
:10733000068A13FB02F3AAF80430009B0F9A9A8185
:10734000109ADA813549CAF8283040F237126020A5
:10735000D8F8406001F0F6FA0446002800F04582B3
:107360004FF00009CDE900A8244F46604B4610E0DD
:107370007B692B4A2B493046B8469847002D57D198
:10738000D8F81430264A274900209847238909F164
:10739000010923815FFA89F5002EE9D03268DFF810
:1073A00080A0214B9A42B84616D07B691D495246AF
:1073B00000209847002D3BD132681B4B9A42DFD109
:1073C000142303FB056321891B8909F101090B447F
:1073D00023815FFA89F5E4E796F86230AB4227D95A
:1073E000032DEDD97B69114A0E4900209847CDE75E
:1073F00020F8065C00228EE7811B00087800002040
:10740000E0320108E83A0108BD100008C83A010856
:10741000803A0108E5100008F9100008403A010818
:1074200048320108603201080FB037139833010861
:10743000DDE900A8B8F8103098ED0D0A98ED038A40
:10744000D8ED0F8A6381B8F81230A38198F8143010
:10745000A373B5EEC00AD8F81830CB4A6361F1EED9
:1074600010FAD8F81C30226084ED048AC4ED098A31
:10747000A36140F3298128EE000AFFEE007A87EE2F
:10748000800A05F035FAD8ED0E7A84ED070AF5EE9C
:10749000C07AF1EE10FA40F3A28168EE277ABFEECF
:1074A000000A80EE270A05F023FAB5EEC08AF1EE55
:1074B00010FA84ED080A40F20A8198ED090AB5EE47
:1074C000C00AF1EE10FA00F1028198ED0A9AB5EEC9
:1074D000C09AF1EE10FA00F1FA80D8ED089AF5EEB4
:1074E000C09AF1EE10FA00F1F28098ED0BAAB5EE19
:1074F000C0AAF1EE10FA00F1EA80D8ED0CAAF5EE80
:10750000C0AAF1EE10FA00F1E280F0EE480AFAF7B4
:1075100051FBF0EE407AF0EE480AB0EE490AC4EDB5
:107520000A7AFAF747FBF5EEC09AF1EE10FA84ED0D
:107530000B0A40F3858168EE299ABFEE000A80EEBF
:10754000290A05F0D5F9F0EE407AB5EEC0AAF1EEC1
:1075500010FAC4ED0C7A40F3798128EE0AAABFEE46
:10756000000A80EE0A0A05F0C3F9F0EE407AF5EE63
:10757000C0AAF1EE10FAC4ED0D7A40F3648168EE12
:107580002AAABFEE000A80EE2A0A05F0B1F9F0EE51
:10759000407AF5EEC08AF1EE10FAC4ED0E7A40F3AF
:1075A0004C8128EE288ABFEE000A80EE080A05F01A
:1075B0009FF9F0EE407A2389C4ED0F7A2C2003FB6B
:1075C00000F07249702201F0BDF9606520896F49B1
:1075D0007122800001F0B6F9A06520896B49800016
:1075E000722201F0AFF9636DE065002B00F0A98015
:1075F000A36D002B00F0A580002800F0A280D8F831
:10760000405000232365A4F84C30002323646364B6
:10761000A3642846CAF82C40FCF700FA00B1686859
:10762000FAF77EFAD8F840008BED000AF9F72CFD46
:10763000D8F84050441E2846FCF7F0F9E4B206465C
:10764000002868D12146D8F84000FCF725FAD8F880
:10765000407000F1FF393846FCF7E0F9054650B1BB
:10766000032C40F2E8804A4D6B694A4A4A4900209F
:1076700098470025284609FB0050FAF751FA0025E3
:107680008BED010A2B4608E0D8F84000FCF704FA1D
:10769000BBF80C30034401359BB2D8F84000ABF87E
:1076A0000C30F9F7F1FCECB2A0422146ECD898F886
:1076B0006230002B00F0808000230122CBF80830DC
:1076C0008BF80E20FFF78FBB9FED3A0ADBE6304DBB
:1076D000324A6B692D4900209847314A6B692B4922
:1076E000002098472046FCF74BFA0023CAF82C30BC
:1076F000FFF774BB264D2B4A6B692B49DDF854B05C
:107700004446DDE91176D146DDE913A89847EB68D8
:107710002046984795E5032C1ED91D4D1D4A6B69DF
:107720001D4900209847D8F840002146FCF7B4F9DD
:1077300000F1FF39D8F84000FCF770F9002893D128
:1077400097E7134D194A6B69104900209847204666
:10775000FFF76AF9164AC1E7142303FB0455D8F86A
:1077600040006D682146FCF797F9D8F8407000F1A9
:10777000FF393846FCF752F900283FF47CAF142358
:1077800003FB0473588976E703B13713403A0108C5
:107790007800002098330108603201082C3B010872
:1077A000503B0108C83A0108B43A0108743B01088B
:1077B0008C3B010800000000D8F840402046FCF750
:1077C0002DF900B16089FAF7ABF9D8F840408BED9C
:1077D000020A2046FCF722F958B3227D70E71FED1C
:1077E0000B0A62E62546FFF79EBA1B4B1B4A5B69F4
:1077F0001B499847CAF82C40FFF7F0BA059B0A933B
:10780000FFF7F4BB019BDDF854B0D3F89830029336
:10781000DDE91176DDE913A83AE5124B0993124B25
:107820000893124B079333E5019A02F1A003D36347
:1078300046E5022244E73546A1E7DFED0D7ABAE6D8
:10784000DFED0B7A81E6DFED0A7AA2E6DFED087A5A
:107850008DE6002080E400BF780000200C3B01088A
:10786000403A0108211600082D160008F5100008FE
:107870000000000010B582B0104B9FED117A114C42
:10788000019301AA0DF1080E012012F8011B4B1EF5
:10789000DBB2042B04EB830CF0EE477A9CBFDCEDEB
:1078A000007A77EEA77AB4EE670AF1EE10FAA8BF75
:1078B00008469645E9D102B010BD00BF0203040599
:1078C0000000000014FF00082DE9F04F204CDFF805
:1078D000849093469A46851E8A1E04F1E2074FF073
:1078E00000084FF41E6635F8021F32F8023F994235
:1078F00022D0217809EBC1014B8833B349680020BD
:1079000001EB830347F6FF7E51F804CB1FFA8CFC92
:10791000E64528BFE646604538BF60468B42F3D156
:10792000400080B24FEA4E0E80451FFA8EFE38BFEF
:107930008046764528BF76460134BC42D3D1ABF8A9
:107940000060AAF80080BDE8F08F4FF6FE7EF0E7F9
:10795000A0F6000884F70008094A0A4B12680A4991
:10796000D360086804E00B681B1AB3F57A7F04D86B
:10797000D3689B06F7D5002070470320704700BFEF
:107980009C0000205FFF03007800002000284BD0FF
:107990000268264913688A4223F0010310B4136079
:1079A00027D9234B23491344A1FB03131B09224965
:1079B00001649B0000244364146003F01C03012253
:1079C0009A401E4C4A60D4F8A8240F2101FA03F310
:1079D00022EA0303C4F8A8340023C363C0E90B33CD
:1079E000C0E90D335DF8044B80F8253080F8243071
:1079F0007047134B0F491344A1FB03131B090F4995
:107A000001649B0000244364146003F01C03012202
:107A10009A404A60D1F8A8200F2404FA03F322EA1E
:107A20000303C1F8A830D7E7704700BF070402403E
:107A3000F8FBFDBFCDCCCCCC0004024000000240DE
:107A4000F8FFFDBF0138C0B2042822D808B52A4B80
:107A5000DFED2A6A03EB800393ED006AC6EE267A17
:107A6000B3EE087AF4EEC77AF1EE10FA2DED028B40
:107A700011D4FCEEE77A224B17EE902A90B2A3FBCA
:107A80000030000900EB4000C00080B2BDEC028B6A
:107A900008BD00207047F5EEC07AF1EE10FA1DDD4A
:107AA00087EE278AB0EE480A04F0FCFCDFED157A79
:107AB00070EE277A1820B4EEE78AF1EE10FAC4BF10
:107AC000F7EE007A30EE270ABDEC028BBCEEC00A5E
:107AD00010EE103A9BB2B0FBF3F008BDFCEEE77A73
:107AE000182217EE903A9BB2B3FBF2F303EB430379
:107AF000D80080B2CAE700BF14FF00080AD7233BB2
:107B0000ABAAAAAAACC527372DE9F84F89462DEDB7
:107B1000048B064618B1B74B02689A4263D0DFF86F
:107B2000E0A2B54ADAF81030B449002098474FF087
:107B3000010B0024B24FB0462546002E00F0CC8049
:107B40003368AC4A934200F0B2803B69AA4AAB4921
:107B500000209847A94580F0F680A9EB05091FFA97
:107B600089F9A44B32689A4200F02081DFF890A294
:107B7000A44DDAF81030A04AA04900209847D5ED6E
:107B8000007A9FEDA10AB8EE678A80EE080A04F039
:107B900089FC3768974B9F4228EE008AF3EE087AFB
:107BA00028EE278AB7EE007AC7EE087A9FED976A2B
:107BB0009FED977A67EE867AF6EE006A05EE909A68
:107BC00067EEA67AB8EE659A67EE879A3FD1032CE6
:107BD00040F203818A4B8F4A1B698849DFED8C8A0A
:107BE000002098473DE090F862B0BBF1000FA0D1B3
:107BF0009FED879A5C465B4603EB830306EB8303AA
:107C0000D3ED019A7B4FF8EEE99A7E4D9FED7E0A07
:107C1000D5ED007AB8EE678A80EE080A04F042FCDF
:107C2000744B9F4228EE008AF3EE087A28EE278AEA
:107C3000B7EE007AC7EE087ADFED746A67EEA67ACF
:107C4000B6EE007A67EE877A67EEA99ABFD0DFF8C2
:107C5000B0A1DAF81030684A6849DFED6D8A00207B
:107C6000984795ED008A9FED680AB8EE488A69EE5C
:107C7000288A80EE080A04F015FC28EE008AB3EE8C
:107C8000087A28EE078AF7EE007A87EE880A9FEDD9
:107C90005F7A20EE070AF6EE007A20EE270A20EE41
:107CA000280A30EE290ABDEC048BBDE8F88F032CBE
:107CB0005ED93B69574A514900209847A945BA46C1
:107CC00080F0868033684B4AA9EB050993421FFA7E
:107CD00089F97FF44DAF6DE03B694849464A30462B
:107CE0009847A945BA4632D2A9EB0506B6B2454D2A
:107CF000DAF81030404A414900209847D5ED007A23
:107D00009FED410AB8EE678A80EE080A04F0CAFBCC
:107D100020EE087AF3EE087A27EE277AF7EE006A6B
:107D2000C6EE877A9FED396A9FED397A67EE867ADB
:107D3000F6EE006A05EE906A67EEA67AB8EE659AEE
:107D400067EE879A85E733682A4A934226D03B69D3
:107D50002A49294A002098470134E4B25C4508F1D9
:107D600014087FF4EAAE002E41D04FF00009F8E687
:107D7000B8F808302B449BB299450DD2A9EB050900
:107D80001FFA89F907EE909A2346B8EE679A33E70F
:107D9000B8F808302B449BB21D46DDE7032CF7D919
:107DA0003B691C4A154900209847D5E7032CE9D9BF
:107DB000DFF84CA0DAF81030164A1049DFED149ABB
:107DC0000020984707EE909A3768B8EE679A1CE74C
:107DD0003368084A9342BAD1E2E704EB840406EB25
:107DE0008404638908EE903AF8EE688A39E7DFF890
:107DF00010A07CE70FB03713483201086032010849
:107E00007C00002098000020F902154FC2F38E4D2F
:107E1000000000009833010808B50138C0B20428FA
:107E200098BF194B2DED028B98BF03EB8003B0EE8A
:107E3000408AB0EE600A94BFD3ED008ADFED138A6A
:107E400004F01EFADFED127A60EE277AF2EE040AF1
:107E500077EE887AB0EE600A77EEE87AC7EEA00A8D
:107E600004F03EFA04F01EFBDFED0A0A04F0E8FD20
:107E7000F7EE000A04F0C6FDBDEC028BBCEEC00AB2
:107E800010EE103A98B208BD9030010800000000D2
:107E9000000020420080FF4307EE900ADFED1A6ADF
:107EA0009FED1A7AF8EEE77A67EEA67AF4EEC77AD3
:107EB000F1EE10FA03D5481E18BF012070479FED60
:107EC000147AF4EEC77AF1EE10FA17D4B1EE0C7A08
:107ED000F4EEC77AF1EE10FA14D49FED0E7AF4EEB8
:107EE000C77AF1EE10FA0BD49FED0B7AF4EEC77A55
:107EF000F1EE10FA4CBF04200520704701207047B6
:107F000003207047022070470AD7233B666646402D
:107F10003333A34033334B4100009441F0B482B07B
:107F20002E4E056800238DF8033033683768C3F19F
:107F300064031A442A4B1B6803EB8303C3EBC3039C
:107F40001B0D02FB03F30193AB6819420AD134E025
:107F5000019C019B013B0193AB68002C08BF0022F0
:107F600019422AD0B1F5C06F05D12B7BDBB28DF859
:107F700003309DF803303368DB1B9342E8D36B6812
:107F8000426823F0E003B2F5827F6B6019D0836A08
:107F9000B3F5005F07D12B6823F400532B602B68E7
:107FA00043F400532B600122002380F85D2080F809
:107FB0005C30032002B0F0BC7047002002B0F0BC7F
:107FC00070478368B3F5004F02D0B3F5806FDED100
:107FD0002B6823F040032B60D9E700BF7800002016
:107FE0000000002070B4274D274B2A681B680468E6
:107FF0002E68C2F16402114483B0C3F3CB3301FB9A
:1080000003F30193A3681A062CD509E0019A019B9A
:10801000013B0193A368002A08BF00211B0621D55C
:108020002B689B1B8B42F1D36368426823F0E0030B
:10803000B2F5827F636019D0836AB3F5005F07D120
:10804000236823F400532360236843F40053236020
:108050000122002380F85D2080F85C30032003B00B
:1080600070BC7047002003B070BC70478368B3F5E4
:10807000004F02D0B3F5806FDED1236823F04003B8
:108080002360D9E7780000200000002030B41D4DA7
:1080900095F82030012B31D029680220CA2385F8B9
:1080A000210001224B6253234B6285F820208B680C
:1080B000154823F480738B608B6823F480538B60A6
:1080C000046804E00268121BB2F57A7F0DD8CB6811
:1080D00013F00103F6D00020FF2201234A6285F845
:1080E000200085F8213030BC70470320FF224A620F
:1080F00085F8203085F8210030BC7047022030BC64
:10810000704700BF9C00002078000020F0EEC07A8D
:10811000B0EEE07A2DE9F04FF4EE477AF1EE10FA86
:10812000DFEDB96A48BFF0EE477A30EE607A67EE6D
:10813000A67AB0EEC77A2DED0A8BB4EEE77AF1EEAF
:1081400010FA98BFDFEDB17A87B094BF00261646CB
:10815000F0EE60CA8A4698BF70EEA7CA0546FFF7E0
:1081600089FBF0EE408A0446B0EE6C0AFFF782FB12
:10817000052C22D005280CD0A54A4FF00333012C42
:10818000CDE9043200F01982022C40F00C82012764
:108190001FE04FF00333049303F18073A3F5817361
:1081A000012C059300F00482022C00F01182032CB4
:1081B00014BF03270227042014E0052800F00182E1
:1081C0004FF00333049303F18073A3F58173059398
:1081D0000327012800F0E581022800F0EC81032844
:1081E00000F0ED810322C7F101031344DBB29A458D
:1081F000C7F1030E964428BF9A46013A05AB03EB3C
:10820000070CD4B25FFA8EFE00230AE0022F00F0C2
:10821000D680013301F8087CDBB2621CD4B2A645DB
:1082200017D01CF8017B03F11802B8420DEB0201D4
:1082300007F0FD02C0F096819A4540F29381012A31
:10824000E4D1621CD4B20133A64501F8087CDBB24C
:10825000E7D10AF1FF339FED6FBA9FED6F9A9FED63
:108260006FAADFF8D081DFED6E9ADFED6EAA019381
:108270000DF1100B0024CDF800A003961BF8017B34
:108280003846FFF7DFFB019BA342824600F0DA800D
:108290009BF80030013BDBB2042B00F22981624ADB
:1082A00002EB8303D3ED007A77EEA77AF4EEE87A57
:1082B000F1EE10FA40F3CE8007EE10AAB8EE477A3E
:1082C000B0EE688A27EE097A002638EE078A013672
:1082D000B4EEE78AF1EE10FAB6B2F6D488EE090AE7
:1082E00004F0E0F82B6CC8EE897AFDEEC08A77EED8
:1082F0008A7A18EE902A12B208EE902ABDEEE7CAEA
:108300001BB11A68424500F0F680DFF82C91474A0D
:10831000D9F810304649002098472B6C13B11A68E1
:1083200042455BD0D9F81030404A41490020984777
:108330002B6C1BB11A68424500F00881D9F8103047
:108340003A4A3B49002098472B6C1BB11A684245BA
:1083500000F00481D9F81030344A3549002098479C
:108360002B6C95ED190A002B47D1D9F810302F4A04
:108370002F4900209847F8EEE87A2B6C67EE897A4F
:10838000F4EEE97AF1EE10FA40F19580013F18BF62
:10839000012733B11A68424508BFA20078D0DFF840
:1083A0009890D9F81030214A21490020984701348B
:1083B000009AE3B2934274D2F0EE488A5EE7AAEBE9
:1083C0000302D2B203F11801A242694403F101028F
:1083D000FFF423AF01F8087CD3B21EE704EB84025C
:1083E00003EB820282ED01CAA2F80AA0A200224495
:1083F00003EB820295ED190A16811A6842452DD0C9
:10840000DFF83490B1E700BF000000340AD7233C06
:1084100001020304000000000AD7233B17B7D1383C
:10842000666646403333A34014FF00084832010813
:10843000603201080FB037137C00002033334B410A
:1084400000009441F0EE6C7AF4EEE87AF1EE10FA66
:108450003FF732AFB0EE688A00263FE7F8EEE88AD1
:10846000F0EE480A3846029368EE898AFFF7D4FC9A
:10847000029B04EB840203EB8202F4EEE98AF1EE44
:1084800010FA90814FEA840243D5013F18BF0127BB
:10849000224403EB82020134D774009AE3B2934280
:1084A0008AD3039E9246002E62D1504607B0BDEC9F
:1084B0000A8BBDE8F08FF4EEEA7AF1EE10FA66D49A
:1084C000B1EE0C7AF4EEC77AF1EE10FA48D41FED53
:1084D000257AF4EEC77AF1EE10FA5AD41FED287A15
:1084E000F4EEC77AF1EE10FA4CBF0427052750E7E7
:1084F000F0EE4B7ADAE604EB840203EB820282EDC3
:1085000001CA17752B6CA2F80AA023BBDFF8D49020
:1085100020E7F4EEEA8AF1EE10FA3ED4F1EE0C7A9E
:10852000F4EEE78AF1EE10FA35D4DFED2B7AF4EEB3
:10853000E78AF1EE10FA32D4DFED287AF4EEE78A1A
:10854000F1EE10FA4CBF0427052723E7142202FBA3
:108550000432A2F80AA01A684245D7D1A20046E721
:10856000022716E7BAF1000F7FF473AE002E9CD0FD
:108570002D6C0AF1FF34E4B221462846FBF78CFA51
:10858000411C224689B22846FBF760FA8DE7012795
:10859000FFE60327FDE60227FCE6012778E703272D
:1085A000F8E600221FE6032C7FF412AE022710E645
:1085B0000027042016E6012215E6002709E602221C
:1085C00011E6074B4FF00332CDE904230420FFE509
:1085D0000127042006E600BF33334B4100009441DD
:1085E000010203047C0000202DE9F04FB0EEE07A98
:1085F000F0EEC07AF4EE477AF1EE10FADFEDA66AFB
:1086000048BFF0EE477A30EE607A67EEA67A2DED3D
:10861000048BB0EEC77AB4EEE77AF1EE10FA98BFA9
:10862000DFED9E7A89B005464FF00500B0EE608A16
:1086300014469ABF30EEA78A00260126F0EE408A43
:108640000191FFF7FFF9032C09EE900A00F0498130
:10865000042C00F03C81022C44D1914B04934FF048
:108660007E530593631E9BB204AF05AA38EE687A69
:1086700002EB83003B46D3ED007A67EE877A77EE14
:10868000A87AE3EC017A9842F5D19FED869ADFF85B
:108690002CB2039607EB840A4FF00009B7EC017A7D
:1086A000B4EEE87AF1EE10FA12DDF8EE697AB0EE87
:1086B000688A67EE897A002438EE278A0134B4EE9E
:1086C000C78AF1EE10FAA4B2F6D41CBBF0EE488AC9
:1086D0005745E3D1039E6EB9484609B0BDEC048B03
:1086E000BDE8F08F4FF07E530493002CBAD1A14621
:1086F000002EF1D0019B2D6C5C1E4C44E4B221464F
:108700002846FBF7C9F9411C224689B22846FBF7E7
:108710009DF9E1E788EE090A03F0C4FE019A2B6C8B
:108720004A445FFA82F8BDEEC00A10EE102A12B277
:1087300002921BB11A685C498A4241D05B4E5C4987
:10874000336900205A469847286C034618B15649A9
:1087500002688A4261D00020336955495A469847D9
:10876000286C18B1504B02689A426FD000203369D0
:108770004F495A469847286C21464246FBF766F90E
:108780002C6C95ED190A1CB12368474A93423AD0E4
:10879000464E474933695A46002098472C6C1CB115
:1087A000414B22689A426ED0336941495A460020B3
:1087B000984709F10103F0EE488A5FFA83F987E7E9
:1087C000B8F1030F7CD9394E3A4A33693849002051
:1087D00098472B6C002BBED01B68334A9342BAD10A
:1087E0003369344A3249002098472B6C002BBDD0A6
:1087F0001A682D4B9A42B9D1002033692D4A2C4971
:108800009847286CB8E7B8F1030F29D9274E294AB1
:108810003369274900209847C0E7B8F1030FDFD834
:10882000DFED206A9FED247AC8EEA67A142202FBBF
:10883000083377EE877AFDEEE77AC3ED017A18B157
:10884000194B02689A4204D0184E8FE7B8F1030F13
:10885000D2D8142319EE902A03FB08035A818BE720
:10886000F0EE480A0520FFF7D7FA142303FB08436C
:1088700002469A8102980521FFF70EFB142303FBA1
:108880000844E07495E7B8F1030F32D93369094A17
:108890000749002098478CE7000000340AD7233CA2
:1088A000A4703D3F0AD7233B0FB037137C00002054
:1088B000603201089833010817B7D13848320108EF
:1088C000142202FB083205211175286CA8E70B4B16
:1088D00004930B4B05930B4B06934FF07E5307937A
:1088E000C0E6094B0493094B05934FF07E53069362
:1088F000B8E602980521FFF7CFFABFE7D7A3F03E0D
:108900003333333F52B85E3F713D0A3F295C4F3FDE
:1089100008B52DED028BB0EE408A03F0C3FDDFED0C
:10892000087A70EE277AB4EEE78ABDEC028BF1EE9E
:1089300010FAC4BFF7EE007A30EE270A08BD00BF78
:10894000ACC5273770B5094E73680546984704468D
:1089500028B12A46002105F09BFC204670BD3369F2
:10896000034A04499847204670BD00BF7C000020A0
:10897000AC3B0108BC3B01082DE9F04F9846174B72
:10898000DFF85CB01F8883B0043A043F52087F08C8
:1089900097420C9E0190894628BF174601F1040AB0
:1089A0000025741BBC4228BF3C4645EA0B02631EEF
:1089B00008EB4501A9F80020A9F8023062005046F2
:1089C00005F092FD254401980023A21C4946FBF7BF
:1089D0008BF8AE42E5D803B0BDE8F08F7C000020F4
:1089E00000C0FFFF30B4124D124C00F1BC0C00214E
:1089F00043680B44024640F8043F12689A1AAA42A0
:108A000009DD50F8042CA3F5C9237E3BA1F5C9214B
:108A100003607E399A1AA24206DA03F5C92301F5EA
:108A2000C9217E3303607E318445E1D130BC70477B
:108A30003F240300C1DBFCFF2DE9F04FADF2146DC4
:108A40000446914603938D1C03AE0DF20C67B5F9F5
:108A5000001035F9020CFCF771FD46F8040FB7421F
:108A600005F10405F3D100214846202205F010FC51
:108A70000DF16C0A4FF6FF73002104EB44060293DC
:108A8000304DDFF8C48001915346F600A9F1040986
:108A900040F694578A469B46ABF15C00FFF7A2FF75
:108AA000ABF160004FF0000C50F8043F026E5845E7
:108AB000A3EB02039C44F7D1BCF1000F31DB4FEA7A
:108AC0009C1007FB00F0400D04FB00F006EB1020AB
:108AD000C9F80400BAF1000F03D0D9F8003083427E
:108AE0002AD959F8043F4344002BB8BF5B42AB423C
:108AF00004D21D460123CDF808A001930AF101021A
:108B00001FFA82FABAF1080F0BF1C00BC4D1019918
:108B100011B1DDE902231A8008460DF2146DBDE89B
:108B2000F08FCCF10000800907FB00F0400D04FB42
:108B300000F0A6EB1020CBE7002108460DF2146DE3
:108B4000BDE8F08F40420F00E0D764FC2DE9F04F04
:108B5000264C87B00026CDE90466B4F8008089462B
:108B6000002B3DD04FEA5808CDE90102A8F10408D6
:108B70000D461F464FF4004BB246039325E0029B7F
:108B8000A5F800B033446B80631EAB80A5F806A047
:108B90006200002105F1080005F07AFB29460198E2
:108BA0000123221DFAF7A0FF04AA134603CA264494
:108BB0006960286009EB460559F81600696803C327
:108BC000039B9E42A7EB04070AD2B845444628BF40
:108BD0003C46B845D3D200E0013CE307FCD4CEE7E5
:108BE00009F1080007B0BDE8F08F00BF7C0000204D
:108BF0002DE9F04F87B04FF0000E164600EB41090B
:108C00000290821ECDE90316A9F1120935464FF0F4
:108C1000010BF246F4467046CDF804E005931EE0E1
:108C200040F2EE218B4240DC634500DD9C464FF074
:108C3000000BBEF1000F0ABF4FF0000B7046012081
:108C4000CAF100084345019BB8BFA4EB060ABB422A
:108C500038BF3B469145019305F102052BD0568A5A
:108C600032F8024F331B03F50048B8F5803F274622
:108C7000D6D240F2EE218B422B8007DD178868B9EF
:108C8000634515DD9C464FF0010ED9E75149178821
:108C90009C45B8BF9C468B42D2DACAE7634500DDEB
:108CA0009C4686464FF0000BCAE74FF0000BE6E704
:108CB0004FF0010EC4E71946DDE90346059BBBF101
:108CC000000F03D1002007B0BDE8F08FBEF1000F08
:108CD000F8D00028F6D0CDE9031C0027A4F11C0928
:108CE000B84606F112043D463E46BE46D34634F928
:108CF000021F019601EB810C01EB4C010A22A246F6
:108D0000A4463CF9026D02FB06113AF9026F02FB20
:108D10000611013AF5D1019EA942C4BFF0460D46A5
:108D20008E42C8BF77460EF1010EC8BF0E46F14510
:108D3000DDD14CF25034A542DDE9031CDA46C1DD39
:108D4000254CA642BEDABCF1000FBBD0BBF1000F30
:108D5000B8D0029C119D2488C900E4004DB18C421A
:108D600005D2ACEB0402013A0A44B2FBFCF2119DBD
:108D70002A60109A002AA6D0002BA4D0029A08F1EB
:108D80000E0532F81520B4EBC20F4FEAC20606D228
:108D9000ACEB0404013C3444B4FBFCF42D1B029AFC
:108DA0000E3732F81720B1EBC20F4FEAC20405D9D3
:108DB0004A1E5244121BB2FBFAF2BF1A55EA0702CE
:108DC00080D4BD423FF77EAF109A7F1B17601D60B5
:108DD00079E700BF12FDFFFFB03CFFFF30B4104D3C
:108DE0002A68D06810F0400002D0002030BC7047E4
:108DF0000C494FF0FF33D3600C68D3685B06F5D4A1
:108E0000032803D1F2E7D3685806EED40B681B1B86
:108E1000B3F57A7FF7D9032085F82100EDE700BF8D
:108E20009C0000207800002008B5114BDA6822F081
:108E30008002DA609A68920603D4FEF78DFD88B945
:108E400008BD9A6822F020029A60FEF785FD18B1ED
:108E5000084B032083F82100054A936843F0200360
:108E6000936008BD034B032083F8210008BD00BFB9
:108E7000002800409C000020F0B5624C94F820309F
:108E8000012B00F0BC8021680223012284F82020FD
:108E900084F821308B6813F0400C18BF90F803C0A1
:108EA00003780CBF80F803C04FEA8C5C092B09D90A
:108EB00000220A3BDBB2092B02F10102F9D843EA96
:108EC0000213DBB21A044378092B09D900250A3BA7
:108ED000DBB2092B05F10105F9D843EA0513DBB232
:108EE0008678092E4FEA032309D900250A3EF6B2F7
:108EF000092E05F10105F9D846EA0515EEB290F8FC
:108F000024E0BEF1090F0DD90025AEF10A0E5FFA7B
:108F10008EFEBEF1090F05F10105F6D84EEA0515E2
:108F20005FFA85FE4569076A3D4345EA0C052A4319
:108F30001343334343EA0E624668C3691E43836AA0
:108F4000CA20486253204862B3F5807F8B6838D0CE
:108F500023F400738B60CB682B48DBB263F420737F
:108F6000CB60056804E003685B1BB3F57A7F1ED80D
:108F7000CB689B07F7D50A628E648B6843F4007355
:108F80008B608B6843F400538B60204B1A68002081
:108F900042F4802284F820001A609A6842F4802209
:108FA0009A60FF2201234A6284F82130F0BDFF223B
:108FB00003234A6284F82130002384F82030032000
:108FC000F0BD23F480738B60CB680F48DBB263F491
:108FD000C073CB60056804E003685B1BB3F57A7F60
:108FE000E5D8CB68DF07F7D5CA614E648B6843F4D8
:108FF00080738B608B6843F480538B60C5E70220DD
:10900000F0BD00BF9C00002078000020000401405B
:109010002B4A03460068904270B43CD8294A2A493A
:109020002A4C0244A1FB021212099200022183F889
:10903000251001689D689E691C6421F4FF4C5969E4
:109040005A642CF0700C294341EA0C01314341F081
:109050008001B5F5804F016014D0596802F01C0200
:109060000F2090409140194A94426FEA00001BD0B3
:10907000D2F8A8442040C2F8A804D2F8A8040143BA
:10908000C2F8A81400200122D86383F8240083F8D2
:10909000252070BC70470E4A0B490E4C0244A1FBC0
:1090A000021212099200C1E7D4F8A8200240C4F8C5
:1090B000A820D4F8A8201143C4F8A810E2E700BF04
:1090C00007040240F8FFFDBFCDCCCCCC000002402D
:1090D000F8FBFDBF0004024070B506680546F46960
:1090E00031EA040405D0581C05D1F36931EA0303C1
:1090F000FBD1002070BD16480068801A834219D346
:10910000C3B130684407EAD58029E8D04029E6D0C9
:10911000F46914F008040FD1F0690005DFD54FF4AD
:10912000006333622846FAF733FA2023C5F8843007
:1091300085F87840032070BD082428463462FAF789
:1091400027FA002385F878300120C5F8844070BDE7
:1091500078000020134BDB68C3F30223C3F1070C34
:109160001A1DBCF1040F28BF4FF0040C062A88BF5B
:10917000DA1E4FF0FF3303FA0CF398BF002221EA06
:10918000030393401B01421CDBB206D000F1604098
:1091900000F5614080F800337047024A82F82330BE
:1091A000704700BF00ED00E00F49104A08681369DE
:1091B0001B0704D50D4B1869C0F3C00070470B683E
:1091C0001B1AB3F57A7FF5D272B613691B0700D468
:1091D00030BF62B6BFF36F8F13691B07EFD5034B28
:1091E0001869C0F3C00070477800002000040048F0
:1091F00070B5504C504A94F820300021012B11706A
:109200007FD02368022184F82110CA2159620120ED
:10921000532184F820005962996821F48061996093
:10922000D968C9B261F49061D960D96849066AD534
:109230001F2159619968414821F0070141F003015C
:109240009960016841F480110160816841F48011E6
:109250008160996841F480419960996841F4806126
:109260009960FF200121586284F8211011780023B1
:1092700084F8203000295AD172B6BFF34F8FBFF364
:109280006F8F137803B930BF62B6BFF34F8FBFF350
:109290006F8F1378002BEFD094F820300021012B32
:1092A00011702ED02168264D0220CA2384F8210097
:1092B00001224B6253234B6284F820208B6823F4F5
:1092C00080638B608B6823F480438B60286804E0A4
:1092D0002A68121AB2F57A7F0CD8CB6813F004030F
:1092E000F6D0FF2001230022486284F8202084F871
:1092F000213070BDFF200322486284F8203084F8BA
:109300002120F8F7C3FD0E4D2E68D96811F0040135
:109310008ED12868801BB0F57A7FF6D9FF20032212
:10932000586284F8212084F82010F8F7AFFD1370FC
:10933000B8E700BF9C000020C000002000040140EE
:10934000780000202DE9F04F02EBC30787B07B883F
:10935000DDF84090EBB18246884600264D467B689A
:1093600053F82640C4F30170012815D002282ED0EE
:1093700020BBC4F34459012303FA09F39D422FD3C0
:109380002E4A2F4916692F4A013BCDE90053A3B25B
:10939000B04707B0BDE8F08FA3B2194658F82320B4
:1093A00022F00F0215B1C4F3034422435046FAF7EA
:1093B000CFFB7B8801369E42D1D3EAE71F4B224A7E
:1093C0001B691F49002007B0BDE8F04F1847A3B242
:1093D000194658F8232022F00F02002DE6D1E2E7CB
:1093E0001FFA84FB4FF00103ADF80E304BF420431D
:1093F000ADF81000CDF81200ADF80C3003A95046BE
:1094000001230522FAF770FBC9F12009BDF81220EB
:10941000BDF814304FF0FF30C4F3044420FA09F0D3
:10942000A04043EA024323EA000305FA04F4594644
:1094300043EA04025046FAF78BFBBAE77C000020AF
:10944000A0320108CC3B0108043C01082DE9F04F93
:1094500089B00493002900F0888002F003077D1E84
:10946000C2F300130295DFF8D0B1704C059302F4FB
:10947000403500234FF0010803959246019708FA02
:1094800003FC1CEA01066CD0029F5A00032595409C
:10949000012F6FEA05056BD9019F032F40F0BA80B9
:1094A000D0F800C0019F0CEA050C07FA02F242EA6C
:1094B0000C020260039A002A53D0DBF8602042F0CD
:1094C0000102CBF86020DBF8602023F0030505F1F2
:1094D000804502F0010205F58035079203F0030C88
:1094E000079AD5F808E04FEA8C0C0F2202FA0CF22A
:1094F000B0F1904F2EEA020215D04D4FB8427BD00A
:109500004C4FB8427FD0DFF834E170456DD0DFF8C2
:1095100030E170450CBF4FF0040E4FF0070E0EFA0D
:109520000CFE42EA0E02AA60A268F5431AF4801FFC
:109530000CBF2A403243A260E2681AF4001F0CBF3D
:109540002A403243E26062681AF4003F0CBF2A40AE
:109550003243626022681AF4803F0CBF2A403243D3
:109560002260013331FA03F289D109B0BDE8F08FEE
:10957000D0F80890129F09EA050907FA02FE4EEAA0
:10958000090EC0F808E0D0F804E0059F2EEA0C0EA2
:1095900007FA03FC4CEA0E0CC0F804C0049FD0F894
:1095A0000CE007FA02FC019F0EEA050E4CEA0E0CD5
:1095B000022FC0F80CC07FF473AF4FEAD30900EB61
:1095C000890903F0070CD9F820704FEA8C0C4FF092
:1095D0000F0E0EFA0CFE27EA0E0E139F07FA0CFC74
:1095E0004CEA0E0CC9F820C05AE74FF0030E0EFAF1
:1095F0000CFE42EA0E0296E74FF0010E0EFA0CFE48
:1096000042EA0E028FE74FF0020E0EFA0CFE42EA1B
:109610000E0288E7D0F80CE0049F0EEA050E07FA68
:1096200002FC4CEA0E0CC0F80CC039E70004014003
:10963000000400480008004800100240000C0048E8
:109640000010004870B5444D95F841302C689CB02E
:10965000002B46D0242385F8413022686B6822F025
:10966000010223F0706322602361A368EA6823F497
:109670000043012AA360AB6809D043F40443022AE3
:10968000A36007D1636843F40063636006E043F4BA
:109690000043A360636823F40063636062682B691E
:1096A00042F0007242F4004262606A69E16813436A
:1096B000AA6921F4004143EA0223EA69E160E36018
:1096C0002B6A13432360236843F0010323600020C7
:1096D0002023686485F84130286385F842001CB077
:1096E00070BD03F0FF015C2205A885F8401004F06E
:1096F000CFFD1A4B9C42ADD1802305A80593F9F705
:10970000E5FA064630BB164C1648E36C43F00203FC
:10971000E364E36C042203F0020304930192032246
:1097200004990092012312224FF44061FFF78EFE4C
:10973000A36D43F48003A365A36D03F48003039337
:1097400021203146039BFFF705FD074B02225A609B
:109750002C687FE7F8F79AFBE401002000580040EE
:10976000001002400004004800E100E02DE9F04F45
:109770005D4C666A85B0002E55D16368B3F5827F73
:1097800000D0E66194F85D2025680023A36202F012
:10979000FF07002A51D0022384F85D302B68E2686D
:1097A00023F04003B2F5E06F2B6040D84FF48051B6
:1097B00001D00023A362636802F4706CA26803F412
:1097C000827302F404421343226902F0020213433B
:1097D000626902F001021343626B06F0100E02F0A0
:1097E0000800D4E9062640EA0E0006F0380E266A84
:1097F00040EA0C0006F0800C02F40076334343EAA2
:109800000E03120C43EA0C0302F004022B6040EA40
:1098100002030B436B6000200123206684F85D3057
:1098200005B0BDE8F08F0023C4E90433AAE7B2F520
:10983000706F4FF00001BED0BBE72C4B84F85C701A
:109840009D42A8D103F5604305211A6EDFF8AC8074
:1098500042F480521A661A6E02F480520392039AFE
:10986000DA6C42F00102DA64DB6C019103F001036F
:109870000293029B0323009302223B46E0214FF018
:109880009040FFF7E3FD1A49012340464FF0800B5B
:109890004FF4807A4FF48069C8E90013C8E9027771
:1098A000C8E90777C8E904BAC8F81890FFF7B0FB11
:1098B0000123B8B90F4FC4F858807B600E4BF86095
:1098C000C7E907003B6038461023C7E904BAC8F867
:1098D0002840C7F81890BB60FFF79AFB10B967657E
:1098E000BC6258E7F8F7D2FA40020020003001408D
:1098F0001C0002400C01002030000240C400002087
:109900002DE9F04F2DED108BADF56F7D00239A49B9
:109910009A481E9304F02CFE994A9A4C9A4D0223C1
:1099200013709A4B9A4A1A600FCC0FC594E8030043
:10993000962285E8030097496C20FFF703F803900F
:10994000002800F06D81039A934B1360012353604C
:10995000924950226C20FEF7F5FF054638B1904B36
:1099600040F8043B04F10801682204F0BDFD039AAD
:109970008C4C156440F20113A2F84430012382F8A4
:10998000463082F862301375874B93614FF07E53F7
:10999000D3614FF07C531362844B5362844B9362C8
:1099A000844BD3624FF080439363834BD363834BE9
:1099B0001363834B5365834B13611823A2F848301C
:1099C0004FF48073A2F860307F4B53667F4B136572
:1099D000002382F858307E4BD46410465463D3651C
:1099E0001546FCF7F1FF00B1EC64039C2046FCF740
:1099F000EBFF08B1754B2365039C2046FCF7E4FFA1
:109A000010B1012384F86230039C2046FCF7DCFF90
:109A100008B16D4B6366039C2046FCF7D5FF10B17F
:109A2000002384F85830039C2046FCF7CDFF10B18A
:109A30001023A4F85430039C2046FCF7C5FF08B15E
:109A4000634BE365039C2046FCF7BEFF10B1012386
:109A500084F86030039C2046FCF7B6FF10B1012368
:109A600084F86130039C2046FCF7AEFF08B1012367
:109A7000E374039C2046FCF7A7FF08B14A4BA3619F
:109A8000039C2046FCF7A0FF08B14A4BE362039C0D
:109A90002046FCF799FF08B1424B6363039C2046C4
:109AA000FCF792FF08B101232375039C2046FCF7C5
:109AB0008BFF10B14FF07E53E361039C2046FCF70F
:109AC00083FF10B14FF07C532362039C2046FCF7C8
:109AD0007BFF08B1354B6362039C2046FCF774FFA3
:109AE00008B1334BA362039C2046FCF76DFF10B115
:109AF0004FF08043A363039C2046FCF765FF08B149
:109B000003232382039C2046FCF75EFF08B1002359
:109B1000A374039C2046FCF757FF002800F09080B8
:109B2000D4ED176A9FED2B7A2B4BC7EE267AFCEE0D
:109B3000E77AC3ED007AF8F783FA039826A9FCF7D1
:109B4000F3FF0590002800F0E980FCF755FF00289E
:109B500057D0059B1B6A1EA9186CFBF73BFC00281D
:109B60004FD01E9B033323F003031E93059B1B6AF8
:109B700000251E6C2C463DE0A43001082C3C010859
:109B800094000020FC3001087C0000209800002098
:109B900000366E011C3A010802B137136032010829
:109BA0000FB037139A99993E6666A63F0000C040F1
:109BB000CDCC4C3E9A99193E0000A04000002041B7
:109BC00010002000030000010000A0410000204020
:109BD0000000404100007A443802002096F86230CC
:109BE0009D42294630462ED2F9F756FF01350444EE
:109BF000A4B2EDB23046F9F711FF0028EED10123EF
:109C0000EEE7A34804F0A2FC0023039905981A4646
:109C1000FCF754FF0DF56F7DBDEC108BBDE8F08FA8
:109C2000A5F110039B4A1B699B4998479B4804F088
:109C30008DFC9B4B4FF480529A62FFF7D9FAE9E70B
:109C4000DFED986A6EE71E9800EBC4001E9004F0EA
:109C500059FC069000286BD0DFF844924FF48053F3
:109C6000C9F81830FFF7C4FA8F4937221420FEF7DD
:109C700069FE04460490002846D08C49782240F2C0
:109C80005E20FEF75FFE002854D00125884BA0F827
:109C9000C45180F8C651002623604FF44053206120
:109CA000A5606660667303227D937DA92B462846D6
:109CB000ADF8F861F9F718FFBDF8F83141F210225C
:109CC00093423DD07B4A7C4914697C4A3046A04788
:109CD0000498F9F781FF43F21C037D9328462B4635
:109CE00003227DA9ADF8F861F9F7FEFEBDF8F83161
:109CF0001C0509D504966F4B714A1B696A490020FF
:109D000098470498F9F768FF6E4804F01FFC069B1B
:109D1000039905980022FCF7D1FE7BE76A4804F01E
:109D200015FC059B03991A461846FCF7C7FE71E718
:109D3000664867E7049B18611846F9F721FFE3E7D7
:109D400043F21C037D9328462B4603227DA9ADF8E0
:109D5000F861F9F7C9FEBDF8F85115F40065CAD1EC
:109D6000049EB068FBF78AFBB468032240F24913F3
:109D7000009229462046FBF751FB40F2491304228A
:109D8000022120460095FBF749FB40F249131022BF
:109D9000042120460095FBF741FB40F249132022A5
:109DA000052120460095FBF739FB204640F2491378
:109DB0004FF47F5206210095FBF730FB1E9B069A5D
:109DC00041A93046FCF764FD00285FD04FF4805372
:109DD000C9F82830FFF70CFA4FF48053C9F818304F
:109DE000FFF706FA059B3A4A1B681E9C93420FD068
:109DF000304B384A1B69284900209847364804F000
:109E0000A5FBDDE90312069B0598FCF757FE01E769
:109E1000039B324A1B68934206D0264B304A1B698B
:109E20001D4900209847E9E7039B93F86130002B18
:109E300060D1039A049B166C1B681D4A934206D09E
:109E40001C4B284A1B69184900209847D6E7264929
:109E50000DF203100DF2EF174FF0FF3210F8013F33
:109E600008255A4042F300030B40013D83EA5202A9
:109E7000F8D18742F2D17C9BD243934263D00D4B01
:109E80001A4A1B69084928469847B7E71848B6E7B1
:109E9000C43C01084C3C01081C3A01086C3C010818
:109EA0000004004800000000F033010818340108E5
:109EB0000EB037137C00002090340108103D0108DB
:109EC000303D01084C3D01089C3C0108F43C010870
:109ED00001B13713303A01085C3E010802B1371373
:109EE000043A0108D83301082083B8EDB83D0108D1
:109EF000683D0108059BDD6A002D9AD0686D002839
:109F000064D0AB6D002B61D0EB6D002B5ED02B8944
:109F10002C2203FB02F2002104F0BAF92A89A86D71
:109F20000021920004F0B4F92A89E86D0021920022
:109F300004F0AEF900232B646B64AB6400232B6543
:109F4000A5F84C3075E71EB1A14B32689A4206D095
:109F5000A04BA14A1B69A149002098474EE7049FE6
:109F600043F21C03B8687D93371D012303227DA9AA
:109F70000997ADF8F851F9F7B7FDBDF8F831049F2E
:109F800003F4006ABAF1000F14BF012300233B73EE
:109F900026D0D7F808B03F694FF4E27200217DA8BF
:109FA00004F076F932AB3C2200211846079304F006
:109FB0006FF997F8C5A1BAF1000F00F08780854BC3
:109FC000874A1B6987490020984717E7814B864AD3
:109FD0001B698649002098472846FCF725FD28E79D
:109FE000049F43F23103B8687D93032201237DA9C6
:109FF000ADF8F851F9F778FD3B7BBDF8F821002B5F
:10A0000041F0F98104994AF6C0439A42D1F808B068
:10A010000F69C1D04FF4E27229467DA80DF1900876
:10A0200004F036F92AABCDF800807DAA41A9301D95
:10A030000893F9F7D7FF00283FF4E0AE32AB96F86B
:10A040005F20089807934146F9F7E8FD00283FF4A0
:10A05000D5AE079A0499538A8B80D38ACB805D4B07
:10A0600058461E88FBF724FA48B363087608B342C3
:10A0700028BF3346023B23F001030A93069B0433B7
:10A080000B930DF188080A9B0B99C8F800305246D3
:10A0900043467DA8FCF758FCD8F80030069A4FEAF2
:10A0A0005A0106465846F9F777FE0A9B9A441FFA6A
:10A0B0008AFABAF51E6F81F0DC81002EE3D1454BA0
:10A0C0004B4A1B6947490020984797E60DF18808DD
:10A0D0002AABCDF800807DAA41A9301D0893F9F77D
:10A0E00081FF00283FF48AAEDDE9073096F85F2053
:10A0F0004146F9F793FD00283FF480AE079A049992
:10A10000538A8B80D38ACB800DF1760224AB7DA954
:10A110003846FDF7D9FBBDF89020BDF876309A425D
:10A1200081F06F81099A3B4641A97DA8F9F7CEFDE0
:10A13000049B304A1B68934207D0264B2E4A1B696A
:10A140002E49002098472E4859E6049C237B43BBA8
:10A15000A0681521F9F744FE0028F4D001232373E9
:10A16000FFF722F8002800F0F181049B21491B68C9
:10A170001E9A8B4207D0174B1F4A1B691F490020AC
:10A18000984720483BE604998B88C9880B44B2EB7A
:10A19000430F3BD20F4B1C4A1B69184900209847BC
:10A1A000EFE7049B1C69986894F8C6110122F9F73F
:10A1B00053FE94F8C531002B50D094F8C631022BD1
:10A1C0000CBF0123022384F8C6310028C8D1BAE7A6
:10A1D0000FB037137C0000204832010860320108BC
:10A1E000CC3D010818340108883D0108403A0108B7
:10A1F000483E01080EB03713D8330108F033010888
:10A20000843E0108643F0108BC3E0108049B9C6831
:10A210001F69079B4FF0000CC3F800C097F8C66198
:10A22000ADF8F8C143F2370E032201237DA9204681
:10A23000CDF8F4E1F9F758FC012EBDF8F8210FD064
:10A24000022E0CBF8023C02313EA02000AD1934BD5
:10A25000934A1D6993492346A84792E70123B2E731
:10A260004023F1E797F8C611079A2046F9F73CFE1C
:10A27000002886D0079A1388032B09D053880093AF
:10A28000864B894A1D69874923460020A84778E7FD
:10A29000049B069AD3F810E0079B5B88C3F3001376
:10A2A00013809EF8C43123B19EF8C631581E434234
:10A2B0004341069A5380BEF8C83193800EF5FD776E
:10A2C0000EF5E57306321C6858689968DE68D6603A
:10A2D0001033BB4214605060916002F11002F2D161
:10A2E000069ABEF8FA31D3860EF5FE7402F13807ED
:10A2F0000EF50B7C20686168A268E3683E460FC6D5
:10A30000103464453746F5D1069ABEF82C32A2F8CF
:10A3100068300EF22E236A320EF25E2E1C685868E8
:10A320009968DE68D66010337345146050609160A0
:10A3300002F11002F2D1049AD4881369906893F85C
:10A34000C6319188B4F5005F00F29A80013B18BFD6
:10A3500001231A03069B03EB41012346FEF7F6FB9C
:10A36000002800F09380002C3FF40BAF4FF4805393
:10A37000C9F82830FEF73CFF059B4C4A1B68934206
:10A3800007D0464B4A4A1B694A49002098474A4829
:10A3900035E5059B9B6A23B11A6848498A4200F05B
:10A3A000A7803E4B464A1B69464900209847059ABC
:10A3B000536B13B1111D84A89847059B869CD3E964
:10A3C0000B721FB13B6840498B420CD0334B3C4A67
:10A3D0001B693E4900209847304B3D4A1B693B4969
:10A3E00000209847D3E7069BD7ED080A97ED0ACAE5
:10A3F000D7ED0BBAD7ED0CAA97ED0DAA97ED0E9AF3
:10A40000D7ED0F8AD7ED079A03EB02083B6D0E9349
:10A4100007EE103AB8EE477AF7EE007A37EE277A71
:10A420003B890A93C7EE876A08EB830209920B9374
:10A4300037EEE68AB0EE480A02F002FB7A687E6DDB
:10A44000B0EE40BA22B1234811680B9B814279D00B
:10A45000124B214A1B6921490020984700233A6D7D
:10A460000B933B890E92387B1EB114B10B9A052ACF
:10A470006ED80A4B1A4A1B69144900209847ABE76B
:10A48000064B184A1B69184900209847034B174A86
:10A490001B6904490020984773E600BF7C00002038
:10A4A000D43E010818340108F43E010801B1371305
:10A4B000303A01081C3A0108B83F01080DB03713C3
:10A4C000B0330108CC33010803B13713403A010817
:10A4D000D04001080FB0371348320108603201083C
:10A4E0007C3F0108203F01084C340108383F010837
:10A4F0005A68069C84A999601068038F04EB430393
:10A500004361B0F8943004EB4303C364B0F8963071
:10A5100004EB43030365D0F898304BB1B0F89C10BE
:10A5200004EB41011961B0F89E1004EB410159613F
:10A53000B0F8E4300699526801EB4303C0F8B0303C
:10A54000904734E7B2F85C200B928CE7614856E400
:10A55000F0EE4C0AB0EE480A0F930D9002F070FA3C
:10A56000F0EE6B0AB0EE40CAB0EE480A02F068FAAC
:10A57000F0EE6A0AF0EE40BAB0EE480A02F060FA75
:10A58000F0EE4A0AF0EE40AAB0EE480A02F058FA9D
:10A59000F0EE490AB0EE40EAB0EE480A02F050FA96
:10A5A000F0EE680AF0EE40DAB0EE480ACDED11DACE
:10A5B00002F046FADDED0B7A0B9B9FED475A0D98A2
:10A5C000DFED488A9FED45DA1B95B8EE67FAB7EEE6
:10A5D00000AAF1EECF5A5A1E12FB03F292B2CDE955
:10A5E0001787B3460C942DAE15907AEE6AEA3AEED0
:10A5F0004E4A6EEEA57A3AEE6D7ACDED127A07EEFE
:10A60000902AF8EE677ADA1EF1EEE74A93B200225A
:10A610000D92F0EE40CAC4EE247ACDED199ACDED3C
:10A62000137A07EE903AF8EE677A0F9B8DED1ABA1F
:10A6300067EE857A9900C7EE277A0F910D46109341
:10A64000CDED165ACDED147ABDF83430109A9A42F9
:10A6500040F25881089B9FED238A0C9F0022C3E99A
:10A6600000229A60079BC3E900229A601446904634
:10A670009246B7F90010B7F90230DDE907028A44C3
:10A680009844A446AE46146842F8041B091B0468AB
:10A6900040F8043B9642A3EB0403F4D16446022C39
:10A6A000754614D907EE903AF8EEE70A07EE901ACD
:10A6B000B8EEE70A00EEA80A03F048FB0B9A631C09
:10A6C0009A4238EE008A2F440ED01C46D1E701345E
:10A6D0007744CEE7A03E0108BD1B8F40DB0F494009
:10A6E000DB0FC9400000000007EE90AAB8EEE77A41
:10A6F00007EE908AF8EEE77AC7EE0F9A0C9F4FF0BC
:10A70000000887EE8F9A5FED09DAB7F9023000EEA4
:10A71000903AB7F90030F8EEE00A07EE903A70EEA2
:10A72000C90AF8EEE77A20EEA80A77EEE97A2F4414
:10A7300037EE800A03F00AFBA0457DEE80DA08F1CF
:10A740000108E2D1B0EE69BA09EE28BAF0EE490A82
:10A75000B0EE4B0A03F0FAFADDED137ADBED004AB6
:10A76000DDED126A159B2DEEA77ADDED147A28EE49
:10A77000278A7AEE4C7A3AEE6B5A67EE807A4CEE84
:10A78000247ADBED014ACBED007A25EE005A0BEE80
:10A79000A45A77EEC57A8BED015A9BED025AF0EE82
:10A7A000E77A2AEE855A07EEA65ADBED037A8BED9F
:10A7B000025A0EEE277ADBED047A8BED037A9DEDDB
:10A7C000117A07EE278AF0EE48DA8BED048A002B27
:10A7D00000F092800E9B1BB9CBED059A8BED069A8B
:10A7E0009BED058ADBED06FAB0EE480AF0EE6F0A43
:10A7F0000FEEA80A03F0F2FAF0EE490AF0EE407A02
:10A80000B0EE4B0AB0EE67BA03F0E8FA5FED4C6ABF
:10A8100030EE667A77EE4B7AF0EEE77AF4EECD7AA8
:10A82000F1EE10FA17D930EE287A77EE4B7AF0EE87
:10A83000E77AF4EECD7AF1EE10FA0CD930EE267A02
:10A8400077EE4B7AF0EEE77AF4EECD7AF1EE10FA8D
:10A8500088BFB0EE407A7BEE477A9BED097AF0EE46
:10A86000E77A2AEE877A07EEAE7ADBED087A8BED8F
:10A87000097AB0EE47BA9BED077A29EEAE0A69EE87
:10A880002E0A0AEE870A4AEEA70AF4EECADAF1EEB9
:10A8900010FA8BED070ACBED080A30DD00EEA80AAE
:10A8A00003F054FADDED167A20EE277AC7EE2D7A02
:10A8B000B1EE047AF4EE477AF1EE10FAC8BFF0EE8A
:10A8C000477A6BEE277A3AEE6C7ACBED0A7A29EE6C
:10A8D000079A69EE877A4CEE887A0CEEAF9ACBED48
:10A8E000057A8BED069A0D9B01330D930C9B043377
:10A8F0000BF12C0B0C93A7E68BED0AAAF3E75FEDA7
:10A90000877ADEE7DDE91787109BDDED199A9DED6B
:10A910001ABA1B9DD7F854C0D7E91641002B00F096
:10A9200031850F9A1FED916A04EB020EF7EE006A73
:10A9300020460E46624692ED047AB4EEE67AF1EED7
:10A9400010FAF0EE467AC8BFC6EE877A29B192EDCA
:10A95000037A27EE277A86ED007A04362CB192ED41
:10A96000027A67EE277AC0ED007A0430864502F15C
:10A970002C02E0D1A4B10F980CF1280C20442246FF
:10A9800007E092ED007A5CED0B7A67EE877AE2ECF5
:10A99000017A90420CF12C0CF3D1002B00F0F584DD
:10A9A0005FEDB06ADDF824E00022A246B0EE666AF0
:10A9B000C44614461646B1EC017AACEC017AFAECC6
:10A9C000017AB4EEC67AF1EE10FA90B2F4EEE67ABD
:10A9D000C8BFB0EE476AC8BF06460132F1EE10FAB2
:10A9E000C8BF0446C8BFF0EE676A9A42EEEC017A2F
:10A9F000E1D1F7EE007A37EEE9AA37EECB9AD7ED40
:10AA0000108A97ED118A7B892AEE06AA29EE269AEA
:10AA100009EEA8AA0BEE089AF0EE4A8A87ED10AA72
:10AA200087ED119A002B48D0D7ED127AD7ED04AA02
:10AA30005FEDD40A79EE677AF5EEC07AF1EE10FA9E
:10AA400048BFB7F84C2007EE903A46BF013292B2A9
:10AA50000022B8EE678A07EE902A28EE2ABAB8EEEE
:10AA6000670AA7F84C2030EE4B0A01F0CBFFF0EE5E
:10AA7000409A89EE8B0A01F03BFF89EE00BA97ED10
:10AA8000099A87ED11BA29EE890A80EE080A01F0C9
:10AA90002FFFC9EE007AF5EEC07AF1EE10FA40F31E
:10AAA0005E846AEEA7AABFEE000A80EE2A0A01F0D1
:10AAB0001FFF87ED0F0A87ED12BA7B7B3BB1D7ED05
:10AAC000057AB4EEE7AAF1EE10FA00F34C84BB7BF2
:10AAD000002B00F0A583D7ED067A97ED118AF4EEEE
:10AAE000C87AF1EE10FA00F14B849FEDB59A00237D
:10AAF0003A6D511C14BF013200223A65099A8292C4
:10AB00000A9A83929DF81222CDF804828DF8F431CE
:10AB1000CDED7E8A8DED7F8A8DED809A002A00F042
:10AB2000F881A84803F012FD4FF48053C9F818309B
:10AB3000FEF75EFB1E9B069A049841A9FBF7A8FE50
:10AB400000283FF4A3A9A04803F000FD4FF4805370
:10AB5000C9F82830FEF74CFB9C4B1B68002B00F01B
:10AB600084829B4C9B4B9C499C483F2222601A68E4
:10AB7000570358BF1B689A4F54BF03F480334FF4F8
:10AB8000A0236360934B1A6802F00102A2615A6825
:10AB9000C2F30722E2611A6802F0F00222621A6828
:10ABA00002F48072E2605A68C2F304622261D3F850
:10ABB0009020560756BFD3F89030052303F00103C9
:10ABC000A360844BD3F8942002F001026261D3F8B1
:10ABD000982002F0010262621A6812F0807FDA683F
:10ABE00002F00302E262DA68C2F3021202F1010229
:10ABF0002263DA68C2F306226263DA68C2F3415262
:10AC000002F101024FEA4202E263DA68C2F34162F2
:10AC100002F101024FEA42022264DA684FEAD2628C
:10AC2000A2639A6802F00302A2649A6802F0F0023A
:10AC3000E2649A6802F4E06222659A6809684FEA61
:10AC4000D20202F4E06262650CBF01220222A2621B
:10AC500097F8412084F85C200F226264242287F850
:10AC600041203A6801F00701A1651168824221F094
:10AC70000101116000F0BD82DFF8788100237B6460
:10AC800087F8403087F8413002223B6387F8423032
:10AC9000D8F8003088F85D201A6822F040021A6067
:10ACA000504A934200F091824F4E0022C8F8602033
:10ACB000336888F85D202420D6F8801088F85C205E
:10ACC000F0672166196821F0010119601A605A6065
:10ACD0009A60464A934200F06B82454A934200F0E4
:10ACE000BF82DFF814810023D8F80020C6F8843032
:10ACF0002421F36786F87830C6F8803033667366AF
:10AD0000C8F87C10116821F00101116013605360D4
:10AD10009360364B9A4200F03F82354B9A4200F0E6
:10AD200084822C4B0022C8F8842088F87820C8F848
:10AD30007C20C8F88020C8F86020C8F86420DA6C4D
:10AD400002F00102C4F88020DA6CC2F34002C4F8B9
:10AD5000A020DA6CC2F3C012C4F8C020DA6C42F052
:10AD60000102DA64DA6C02F001022192219ADA6CB3
:10AD700042F00202DA64DA6C02F002022092209AB7
:10AD8000DA6C42F08002DA64DB6C4FF0904203F040
:10AD900080031F931F9B116861665168A1669168CB
:10ADA000E166D1682167116A6167516AA167D9F8C4
:10ADB0000010C4F88410D9F80410C4F888101DE0FD
:10ADC00000000000E03F01080440010838020020B4
:10ADD000B403002000100240002002400058004050
:10ADE000E401002000300140A402002000380140AE
:10ADF00000440040400200202C030020D9F8081035
:10AE0000C4F88C10D9F80C10C4F89010D9F82010A0
:10AE1000C4F89410D9F82410984BC4F89810196805
:10AE2000C4F8A4105968C4F8A8109968C4F8AC1004
:10AE3000D968C4F8B010196AC4F8B4105B6AC4F8D1
:10AE4000B830079BD3E9038A01204FF60F714FF00A
:10AE5000030C00FA05F30B424FEA450305F1010527
:10AE600006D0D2F800E00CFA03F343EA0E031360B5
:10AE7000102DEED1002303224EF6F5714846CDE9A0
:10AE8000008AFEF7E3FA7D48002303224FF6F671AD
:10AE9000CDE9008AFEF7DAFA794BDA6C22F001028A
:10AEA000DA64DA6C22F00202DA64DA6C4FF0E02144
:10AEB00022F08002DA640B6923F002030B61F7F7DA
:10AEC00077F8704B1A780546002A40D16E486F49D2
:10AED00007E062B6BFF34F8FBFF36F8F1A78002A77
:10AEE00035D172B6BFF34F8FBFF36F8F1A78002A38
:10AEF000EFD1026822F0070242F0010202600A6903
:10AF000042F004020A6130BF0A6922F004020A61B9
:10AF1000DFE7002B00F0AE805D4803F017FBDFEDAC
:10AF20005D7A5D4829EE279A28EE278A68EEA78A7F
:10AF3000FDEEC97A17EE903AFDEEC87A17EE902A28
:10AF4000FDEEE87A17EE901A03F012FB04E60022F9
:10AF50001A70F7F72DF8401B05D500F1A46000F535
:10AF6000CB2000F580604D4B444D19684FF0E02236
:10AF70000844186013694A4843F002031361F7F765
:10AF80001FFBA16D4748F7F7F5FD01214FF09040F9
:10AF9000F7F7EAF84FF09040636ED4F88010036042
:10AFA000A36E4360E36E8360236FC360636F0362CD
:10AFB0000039A36F436218BF0121F7F7D5F83A486B
:10AFC0000121F7F7D1F8D4F88430D4F8A010C9F8EB
:10AFD0000030D4F88830C9F80430D4F88C30C9F87F
:10AFE0000830D4F89030C9F80C30D4F89430C9F84F
:10AFF00020300039D4F89830C9F8243018BF012126
:10B000002948F7F7B1F801212846F7F7ADF8D4F849
:10B01000A430D4F8C0102B60D4F8A8306B60D4F8FA
:10B02000AC30AB60D4F8B030EB60D4F8B4302B6205
:10B03000D4F8B8306B62003918BF01212846F7F701
:10B0400093F8FEF7FFFA94F85C30282B00F0958017
:10B05000FEF78CFB1548F7F791FF236E222B2DD0BE
:10B060001348F7F78BFFFEF7B7BE124803F06EFAEE
:10B07000FEF7B2BE104803F069FA50E7001C004822
:10B08000001002403C0200200070004000ED00E093
:10B090002040010800007A44344001087800002074
:10B0A000B4030020F803002000040048A40200209C
:10B0B0002C0300207C40010828400108716F726D4C
:10B0C000B6F85830002900F0E580D6F88010202925
:10B0D000C6D1002AC4D0002BC2D03168B7480024A2
:10B0E0008142346602D0496808023CD4706F7265B0
:10B0F00022210024C6F88440A6F85830C6F88010F3
:10B10000316860B18463AE4CC462AE4C0463AE4C33
:10B1100044632431F7F77AF8002840F03E81336920
:10B1200043B1326852E8003F43F4807342E8003193
:10B130000029F6D1326802F1080353E8003F43F0DA
:10B140000103083242E800310029F3D1326802F1EC
:10B15000080353E8003F43F04003083242E800315F
:10B160000029F3D17CE7306850E8001F41F080618E
:10B1700040E80014002CF6D1B8E797F84120202AC7
:10B180007FF466AF3A6887F84130904B7B63136871
:10B1900043F0B80313605BE78D4A136E23F48043DA
:10B1A0004FF4C06113664FF09040F7F77FF9B8E5B0
:10B1B00002F558424FF4C061136E23F480431366C6
:10B1C0004FF09040F7F772F98BE502F56042E0210D
:10B1D000136E23F4805313664FF09040F7F766F92F
:10B1E000D8F85800FCF7D2FBD8F85400FCF7CEFB97
:10B1F0005AE59A6D774822F480029A654FF480618F
:10B20000F7F754F973484FF40061F7F74FF9724BB1
:10B210000222C3F88420BFF34F8FBFF36F8F2BE55B
:10B220009FED6E9A97ED118A62E4694A936D23F45B
:10B23000003393650F214FF09040F7F737F9D8F8B6
:10B240007400FCF7A3FBD8F87000FCF79FFB624B7F
:10B250004022C3F88420BFF34F8FBFF36F8F60E5A8
:10B2600002F5E6320F21936D23F4003393654FF01E
:10B270009040F7F71BF9706FFCF788FB306FFCF715
:10B2800085FB554B4022C3F88420BFF34F8FBFF39B
:10B290006F8F26E5D6F8800020287FF4E1AE002AE3
:10B2A0003FF4DEAE002B3FF4DBAE4448316631683C
:10B2B000814202D04968090239D47265B268A6F8A1
:10B2C0005830A6F85A30B2F5805F4FF00003B366ED
:10B2D00000F08A80002A67D13369002B0CBFFF235E
:10B2E0007F23A6F85C300023C6F884302223C6F8FA
:10B2F0008030326802F1080353E8003F43F0010355
:10B30000083242E800310029F3D1B2683369B2F55E
:10B31000805F16D0324AB266BBB1326852E8003F55
:10B3200043F4907342E800310029F6D198E6306882
:10B3300050E8001F41F0806140E80014002CF6D175
:10B34000BBE7002BE6D1274BB366326852E8003FDB
:10B3500043F0200342E800310029F6D180E69FED5A
:10B360001F0AFFF7A6BB31467868FCF7CDFBD7ED87
:10B37000108A97ED118AB0EE409A0123FFF7B8BB0F
:10B380002146F1E7002C7FF4F6AADFED146A0024D1
:10B39000B0EE666A2646FFF72CBB1023C6F8843051
:10B3A0002023C6F880305BE6B2F1805F99D1336923
:10B3B000002B0CBF7F233F2393E700BF008000409A
:10B3C000490E0008D10E0008A9390008911700089D
:10B3D000001002400004004800E100E0000000000E
:10B3E000ED0E0008BD0F00083369002B40F2FF137B
:10B3F00018BFFF2375E7049BD3F808B01F69FEF759
:10B40000CBBD43F2370324930322012324A95846DA
:10B41000ADF894A0F8F768FBBDF8943013F0C003C2
:10B4200010D1ADF8943043F2310324930322012369
:10B4300024A95846F8F758FBBDF894204AF6C043B3
:10B440009A4223D124AB0DF176027DA93846FCF750
:10B450003BFABDF87660BDF890A0564524D92F4B35
:10B460002493584624A900230222F8F73DFBFEF757
:10B4700059BE002E3EF423AE802300930699284B3C
:10B4800022465846FDF778FAFEF74CBE254B1B784E
:10B49000002B3EF4B3AC244B244A1C6924495B4680
:10B4A0000120A047FEF7AABC1F4B1B8864085B085D
:10B4B000A34228BF23460AF10201023B891B23F065
:10B4C000010389B28B4228BF0B461C46069B0433FE
:10B4D0000A9303E02644B6B2564510D80A9924943C
:10B4E00024AB32467DA8FBF72FFA80460028F1D026
:10B4F000249B069A71085846F8F74EFCEAE7074B7A
:10B500002493584624A900230222F8F7EDFAB8F153
:10B51000000F3EF473ACFEF705BE00BF80100100C3
:10B52000A0F50008940000207C0000200C3E0108DB
:10B53000303E010890F84130026803F02803282BC0
:10B5400005D008210023D16180F840307047C168E0
:10B550009369022930B494699368D56812D1C3F312
:10B56000C21383EA144313F006030BD1816C01313B
:10B570008164816C02290CD108218364D16180F837
:10B58000403006E01368002123F0B803136080F810
:10B59000401030BC704700BF034613F8012B002A4F
:10B5A000FBD1181A0138704753B94AB9002908BFAE
:10B5B00000281CBF4FF0FF314FF0FF3000F036B9CC
:10B5C000ADF1080C6DE904CE03F080FDDDF804E078
:10B5D000DDE9022304B0704770B54FF0FF0C4CF466
:10B5E000E06C1CEA11541DBF1CEA135594EA0C0FC1
:10B5F00095EA0C0F00F0DEF82C4481EA030621EAFC
:10B600004C5123EA4C5350EA013518BF52EA033536
:10B6100041F4801143F4801338D0A0FB02CE4FF0E8
:10B620000005E1FB02E506F00042E0FB03E54FF018
:10B630000006E1FB03569CF0000F18BF4EF0010E10
:10B64000A4F1FF04B6F5007F64F5407404D25FEA0C
:10B650004E0E6D4146EB060642EAC62141EA5551BF
:10B660004FEAC52040EA5E504FEACE2EB4F1FD0C01
:10B6700088BFBCF5E06F1ED8BEF1004F08BF5FEA7F
:10B68000500E50F1000041EB045170BD06F0004631
:10B6900046EA010140EA020081EA0301B4EB5C04DE
:10B6A000C2BFD4EB0C0541EA045170BD41F48011D6
:10B6B0004FF0000E013C00F3AB8014F1360FDEBFFB
:10B6C000002001F0004170BDC4F10004203C35DAD7
:10B6D0000C341BDC04F11404C4F1200500FA05F35A
:10B6E00020FA04F001FA05F240EA020001F00042FB
:10B6F00021F0004110EBD37021FA04F642EB060171
:10B700005EEA430E08BF20EAD37070BDC4F10C049A
:10B71000C4F1200500FA04F320FA05F001FA04F25E
:10B7200040EA020001F0004110EBD37041F100014A
:10B730005EEA430E08BF20EAD37070BDC4F1200555
:10B7400000FA05F24EEA020E20FA04F301FA05F2BD
:10B7500043EA020321FA04F001F0004121FA04F265
:10B7600020EA020000EBD3705EEA430E08BF20EA35
:10B77000D37070BD94F0000F0FD101F0004640006F
:10B7800041EB010111F4801F08BF013CF7D041EAF1
:10B79000060195F0000F18BF704703F000465200F5
:10B7A00043EB030313F4801F08BF013DF7D043EAC6
:10B7B0000603704794EA0C0F0CEA135518BF95EA7C
:10B7C0000C0F0CD050EA410618BF52EA4306D1D103
:10B7D00081EA030101F000414FF0000070BD50EA22
:10B7E000410606BF1046194652EA430619D094EAAC
:10B7F0000C0F02D150EA013613D195EA0C0F05D196
:10B8000052EA03361CBF104619460AD181EA0301E9
:10B8100001F0004141F0FE4141F470014FF00000A1
:10B8200070BD41F0FE4141F4780170BD704700BF2A
:10B8300081F0004102E000BF83F0004330B54FEAE1
:10B8400041044FEA430594EA050F08BF90EA020F4E
:10B850001FBF54EA000C55EA020C7FEA645C7FEAE1
:10B86000655C00F0E2804FEA5454D4EB5555B8BF04
:10B870006D420CDD2C4480EA020281EA030382EA75
:10B88000000083EA010180EA020281EA0303362D07
:10B8900088BF30BD11F0004F4FEA01314FF4801CDA
:10B8A0004CEA113102D0404261EB410113F0004FEC
:10B8B0004FEA03334CEA133302D0524263EB4303A3
:10B8C00094EA050F00F0A780A4F10104D5F1200E41
:10B8D0000DDB02FA0EFC22FA05F2801841F100019C
:10B8E00003FA0EF2801843FA05F359410EE0A5F170
:10B8F00020050EF1200E012A03FA0EFC28BF4CF0A1
:10B90000020C43FA05F3C01851EBE37101F0004556
:10B9100007D54FF0000EDCF1000C7EEB00006EEB63
:10B920000101B1F5801F1BD3B1F5001F0CD34908ED
:10B930005FEA30004FEA3C0C04F101044FEA445244
:10B9400012F5800F80F09A80BCF1004F08BF5FEACB
:10B95000500C50F1000041EB045141EA050130BDAB
:10B960005FEA4C0C404141EB0101013C28BFB1F5BD
:10B97000801FE9D291F0000F04BF01460020B1FA08
:10B9800081F308BF2033A3F10B03B3F120020CDADB
:10B990000C3208DD02F1140CC2F10C0201FA0CF0B9
:10B9A00021FA02F10CE002F11402D8BFC2F1200C1E
:10B9B00001FA02F120FA0CFCDCBF41EA0C019040D4
:10B9C000E41AA2BF01EB0451294330BD6FEA04041D
:10B9D0001F3C1CDA0C340EDC04F11404C4F1200208
:10B9E00020FA04F001FA02F340EA030021FA04F31A
:10B9F00045EA030130BDC4F10C04C4F1200220FA71
:10BA000002F001FA04F340EA0300294630BD21FAAE
:10BA100004F0294630BD94F0000F83F4801306BF74
:10BA200081F480110134013D4EE77FEA645C18BF68
:10BA30007FEA655C29D094EA050F08BF90EA020FFF
:10BA400005D054EA000C04BF1946104630BD91EAF7
:10BA5000030F1EBF0021002030BD5FEA545C05D1FA
:10BA60004000494128BF41F0004130BD14F5800439
:10BA70003CBF01F5801130BD01F0004545F0FE41AD
:10BA800041F470014FF0000030BD7FEA645C1ABFE2
:10BA9000194610467FEA655C1CBF0B46024650EA19
:10BAA000013406BF52EA033591EA030F41F4002145
:10BAB00030BD00BF90F0000F04BF0021704730B5CB
:10BAC0004FF4806404F132044FF000054FF00001A0
:10BAD00050E700BF90F0000F04BF0021704730B561
:10BAE0004FF4806404F1320410F0004548BF404236
:10BAF0004FF000013EE700BF42004FEAE2014FEA8B
:10BB000031014FEA02701FBF12F07F4393F07F4F65
:10BB100081F06051704732F07F4208BF704793F068
:10BB20007F4F04BF41F40021704730B54FF460747B
:10BB300001F0004521F000411CE700BF50EA01027E
:10BB400008BF704730B54FF000050AE050EA010227
:10BB500008BF704730B511F0004502D5404261EB97
:10BB600041014FF4806404F132045FEA915C3FF4D8
:10BB7000D8AE4FF003025FEADC0C18BF03325FEA75
:10BB8000DC0C18BF033202EBDC02C2F1200300FA26
:10BB900003FC20FA02F001FA03FE40EA0E0021FA4B
:10BBA00002F11444BDE600BF4A0011D212F50012A2
:10BBB00011D20DD56FF47873B3EB62520ED44FEA05
:10BBC000C12343F0004343EA505323FA02F0704785
:10BBD0004FF00000704750EA013002D14FF0FF30C3
:10BBE00070474FF0000070470348044B834202D077
:10BBF000034B03B1184770477800002078000020FD
:10BC0000000000000548064B1B1AD90F01EBA301E9
:10BC1000491002D0034B03B1184770477800002049
:10BC2000780000200000000010B5064C237843B9CE
:10BC3000FFF7DAFF044B13B10448AFF30080012390
:10BC4000237010BD780400200000000088F3000875
:10BC500008B5054B1BB105490548AFF30080BDE8A9
:10BC60000840FFF7CFBF00BF000000007C040020A9
:10BC700088F300081B491C4BCA682DE980484FF621
:10BC8000FF0002401343C1B00F20CB60F5F7FEFC6C
:10BC9000002800F05A820021442218A802F0F8FA85
:10BCA0000023CDE90833CDE90A3310490C930B6822
:10BCB00003F4C063B3F5007F29D00B680C4A23F46A
:10BCC000C06343F400730B6013684A693220570560
:10BCD00000FB03F30748B3FBF0F303F1010311D5B5
:10BCE0000BE000BF00ED00E00003FA05007000402B
:10BCF0000000002040420F0023B14A69560503F1BD
:10BD0000FF33F9D4BA4B5B695D0500F1C4810A23A6
:10BD1000189325934FF010084FF48073CDE91B382A
:10BD200002260723012718A82693CDE92266CDE92C
:10BD300027661D972497F6F743FC0346002840F03A
:10BD4000AA81CDE90A330C9308A80F234FF0030909
:10BD50000421CDE90839F6F70DFF0446002840F02C
:10BD60009A81A44DDFF8B0A2EB6C3343EB64EB6C2B
:10BD700033400593059BEB6C43F08003EB64EB6C65
:10BD800003F080030493049BEB6C3B43EB64EB6C8C
:10BD90003B4003934FF0904B039B41F20123CAF8C1
:10BDA00028304FF48812CBF828803346CDE90000C4
:10BDB00008215046FDF74AFB33462246CDE90044B0
:10BDC0008D480921FDF742FB33465846CDE9004432
:10BDD0004FF444124FF40061FDF738FB23463A4616
:10BDE0005046CDE9009441F20121FDF72FFB50466A
:10BDF000334622463146CDE90094FDF727FB334612
:10BE000058463A464146CDE90094FDF71FFB2146CE
:10BE10000920FDF79FF9DFF804924FF40076C9F886
:10BE2000006028202146FDF795F94FF48073C9F88A
:10BE30000430AB6C3B43AB64AB6C3B40029321469C
:10BE40000C20029BFDF786F94FF48053C9F80030AF
:10BE50000D202146FDF77EF94FF40053C9F800305C
:10BE600040462146FDF776F94FF48033C9F800309B
:10BE700011202146FDF76EF94FF40033C9F8003068
:10BE80005E4DC5E98D44C5E99244C5F83C42C5F80C
:10BE900050425B4C4FF4E133C5E98B4305F50B7021
:10BEA0000C244FF44073C5E99043F7F767F8002876
:10BEB00040F0F1800723534AC5F8F4310823C5E95F
:10BEC0007E034FF48273C5E972234FF47063C5E9B2
:10BED0007600C5E97900C5E97B00C5F8E061C5F8E1
:10BEE000D001C5F8D431FDF741FC002840F0D380E3
:10BEF0004549464BC5F88C01C5E95B13A423C5E948
:10BF00005D37C5E95F00C5E96100FDF79BFB0246AF
:10BF1000002840F0C08095F8AD31202BDEB240F013
:10BF2000BA8095F8AC31BB4200F0B580D5F86C31E1
:10BF3000242085F8AD01196821F001011960196804
:10BF400021F4805119601968196019683943196022
:10BF500085F8AD6195F8AD1185F8AC212029CEB2F8
:10BF600040F0998085F8AD01196821F00101196050
:10BF7000196821F470611960196839431960244BFC
:10BF8000C5F8B43205F52D704FF46123C5E9B2420E
:10BF9000C5E9AE32C5E9B022C5E9B42285F8AD6184
:10BFA00085F8AC21C5F8D822F6F7E8FF044600284A
:10BFB00071D12C2201460DA802F06AF9154A2C64B1
:10BFC0001F23EB6295F84530C5E9092440F2E732BA
:10BFD000C5E90C24C5E90E44002B00F08D800D4B03
:10BFE000022285F84520DA68D20656D518E000BF4F
:10BFF0000070004000100240001C00487800002043
:10C00000004400400030014000580040E49CD11042
:10C0100000380140002800400004004800E100E032
:10C0200095F844300124A34285F8454033D06B6A2B
:10C0300085F844404FF00209CA27532685F84590F9
:10C040005F625E62FCF7CAFE6B6AF8B99A681860B4
:10C050009A6822F480229A609A689A60FCF7E4FE5B
:10C060006B6A4FF0FF08C3F8248088B985F8454013
:10C0700085F845905F625E6285F84440FCF7AEFE4D
:10C08000002876D06B6AC3F8248001E0FF225A6250
:10C09000002385F84430F5F7F9FECA21532259628E
:10C0A0005A62FCF79BFEA8B9D5E909329968686B1A
:10C0B00021F4E00121F0400199600243E86B9968A6
:10C0C00002430A43296B9A6019611A69E96A42EAD4
:10C0D00001421A61FCF7A8FE6B6A002871D1D96C85
:10C0E0002A6CA86B21F00301D964D96C02430A437E
:10C0F000FF21DA64596293E7002154222AA885F8C7
:10C1000044104FF4007702F0C3F84FF4003329A82D
:10C1100029933F97F6F7DAFD04460028BBD12B4A56
:10C12000D2F8903043F400430146C2F89030032027
:10C13000FDF710F80823C9F8003029202146FDF743
:10C1400009F8C9F804706B6A4AE7204B1A6E42F08E
:10C1500001021A661A6E02F001020792079A9A6D9E
:10C1600042F080529A659B6D03F080530693069BC4
:10C1700091E56B6A42F201125A60FCF755FE6A6A59
:10C180000346C2F82480002882D14FF480720DA8A3
:10C19000CDE91033CDE9143385F8454085F84430B6
:10C1A000ADF834308DF836300E9312938DF8584038
:10C1B0001792FCF761FE00287FF46DAFFDF7A0FB3E
:10C1C000FEE7FF225A62F5F761FE00BF0010024051
:10C1D00010B54FF6FF731446024892B2F7F772F9A2
:10C1E000204610BD2C030020DFF834D0F5F7D6FE32
:10C1F0000C480D490D4A002302E0D458C4500433C2
:10C20000C4188C42F9D30A4A0A4C002301E0136097
:10C210000432A242FBD302F017F8FFF72BFDFEE732
:10C22000000001200000002078000020484501089F
:10C2300078000020E0050020FEE700000C490D4AD0
:10C240000B6810B50C4C121B2BB11844904207D848
:10C250000860184610BD094B0B6018449042F7D98E
:10C2600001F0ECFF0C2303604FF0FF33184610BDC4
:10C27000940400200000012000140000E0050020CC
:10C2800008B52DED028BB0EE408A00F031FFB4EE20
:10C29000488AF1EE10FA0FD6B5EEC08AF1EE10FA28
:10C2A0000AD8B5EE408AF1EE10FA08D101F0C6FFC7
:10C2B00022239FED090A0360BDEC028B08BD01F04B
:10C2C000BDFFBDEC028B034621221A600348BDE886
:10C2D000084000F00DB900BF000080FF00400108D9
:10C2E00008B52DED048BB0EE608AB0EE409A00F0F8
:10C2F00061FFB4EE488AF1EE10FAF0EE408A0BD6F8
:10C30000B5EE409AF1EE10FA17D1B5EE408AF1EE93
:10C3100010FA06D1F7EE008AB0EE680ABDEC048B85
:10C3200008BDB0EE480A00F063FB0028F4D0B5EE7B
:10C33000C08AF1EE10FAEFD525E000F059FB88B184
:10C34000F5EE408AF1EE10FAE6D1B0EE490A00F0BF
:10C350004FFB0028E0D0B0EE480A00F049FB00286F
:10C36000DAD010E0B0EE490A00F042FB0028E7D036
:10C37000B0EE480A00F03CFB0028E1D0F4EE688AF9
:10C38000F1EE10FA04D601F059FF22230360C3E74F
:10C3900001F054FF21230360BEE700BF10EE103A06
:10C3A000194923F000428A421BD9B2F1FF4F02D350
:10C3B00030EE400A704700B583B0684600F068F977
:10C3C00000F003000128DDED010A9DED000A13D005
:10C3D00002280BD098B9012000F012F903B05DF8E3
:10C3E00004FBDFED0A0A002000F00AB9012000F08A
:10C3F00007F9B1EE400AF1E700F080F8EEE700F04F
:10C400007DF8B1EE400AE9E7D80F493F000000008F
:10C4100010EE102AC2F3C7537F3B162B22F00041C7
:10C4200029DC002B104618DB1A4919410A4221D099
:10C43000DFED197A70EE277AF5EEC07AF1EE10FA98
:10C4400018DD002A04DA4FF4000242FA03F318441C
:10C4500020EA010300EE103A7047DFED0F7A70EE2C
:10C46000277AF5EEC07AF1EE10FA03DD002A08DB38
:10C470009FED0A0A7047B1F1FF4FFBD330EE000A7F
:10C480007047DFED077A0029BFEE000A08BFB0EE63
:10C49000670A7047FFFF7F00CAF249710000000081
:10C4A0000000008010EE103AC3F3C7527F3A162AFC
:10C4B000194615DC002A0CDB0C481041184205D047
:10C4C0004FF4800313410B4423EA000300EE103ABB
:10C4D0007047013203F00043F8D143F07E53F5E793
:10C4E000802AF3D130EE000A704700BFFFFF7F00C3
:10C4F0009FED010A704700BF0000C07F10EE103AA8
:10C5000023F00043B3F1485F2CD2FDEEC07A17EE62
:10C51000903A002B60D060EE007A9FED317A9FED6B
:10C52000315ADFED315A9FED316ADFED316AA7EE06
:10C53000875A9FED307AE7EE855AA7EEA56AA7EEF7
:10C54000867AE7EE876A67EEA66A60EEC00AB6EE04
:10C55000007AE7EEA60AB7EE000AD7EE870A30EEB9
:10C56000600A704760EE007A9FED1D7A9FED1D5ABC
:10C57000DFED1D5A9FED1D6ADFED1D6A1E4AA7EE15
:10C58000875A93429FED1B7AE5EE275AA5EEA76ADC
:10C59000A6EE277AE7EE276A66EEA76AD5D9174A8C
:10C5A000934214D803F17F4307EE103AB7EE006AC6
:10C5B00036EE476A60EEC00AF6EE005A97EEA57AAC
:10C5C000E7EEA60A37EE607A36EE470A7047B6EE17
:10C5D000076AB5EE027AEDE7B7EE000A704700BFD2
:10C5E0004ED747ADF6740F317CF293B4010DD037BE
:10C5F000ABAA2A3D610BB6BA9999993E0000483F13
:10C6000010EE103A23F00043B3F1485F04D2FDEE80
:10C61000C07A17EE903A5BB360EE007A9FED157A20
:10C62000DFED155A9FED156ADFED156AE7EE875AC3
:10C630009FED147AA5EEA76A20EE275AE6EE276A48
:10C64000A6EEA77A30B9DFED106AE7EE876AA6EEAC
:10C65000850A704727EE457AF6EE006AA0EEA67AC4
:10C66000DFED0A6AD7EE270AE5EE260A30EE600A09
:10C67000704700BFD3C92E2F342FD7B21BEF3836E7
:10C68000010D50B98988083CABAA2ABEABAA2A3E44
:10C6900070B510EE103A884A23F00044944286B0F8
:10C6A000054671D9854A94421E4624D823F000429B
:10C6B000002BDFED837A834922F00F02B0EE407A3F
:10C6C00040F3E0808A4270EE677A09BF9FED7E7A80
:10C6D000DFED7E6ADFED7E6A77EEC77A37EEE67AC7
:10C6E00077EEC77A80ED007A77EEE67AC0ED017AD0
:10C6F000012006B070BD774A944252D9B4F1FF4F81
:10C7000048D2E215863AA4EBC25307EE903ABDEE4A
:10C71000E77ADFED716AB8EEC77A77EEC77A8DED0A
:10C72000037A67EEA67ABDEEE77AB8EEC77A77EEBF
:10C73000C77A8DED047A67EEA67AF5EE407AF1EECF
:10C7400010FACDED057A40F09880B5EE407AF1EE22
:10C7500010FA0CBF012302236049019102210091CC
:10C7600003A8294600F0A6F9002EC2DA95ED007A5A
:10C77000D5ED017AB1EE477AF1EE677A85ED007A70
:10C78000C5ED017A4042B4E7002285ED000A42601F
:10C790000020AEE770EE407AC0ED017AC0ED007A7D
:10C7A000F6E700F019F99FED4E7A9FED456AF6EE37
:10C7B000007AE0EE077A9FED457AFDEEE77A17EE14
:10C7C000900AF8EEE76A1F28A6EEC60A66EE877A98
:10C7D000B1EE666A20DC434A411E26F0004352F85F
:10C7E000212023F0FF03934216D030EE677A30EE1B
:10C7F000470A002E30EE670A85ED007A85ED010AC2
:10C80000BFF677AFB1EE477AB1EE400A85ED007A18
:10C8100085ED010A40426CE730EE677AE21517EECB
:10C82000103AC3F3C753C3EBD453082BDFDD9FED9E
:10C83000267A9FED275AF0EE405AE6EE075A70EE40
:10C84000657AE6EE077AD6EE857A35EEE77A17EE68
:10C85000103AC3F3C753D21A192A10DD9FED227A7A
:10C860009FED225AB0EE650AA6EE070A75EEC07A71
:10C87000E6EE077AD6EE857AB7E703236CE7B0EEEB
:10C88000650AB4E78A4270EE277A09BF9FED0E7AF7
:10C89000DFED0E6ADFED0E6A77EE877A37EEA67A65
:10C8A00077EEC77A80ED007A77EEA67AC0ED017A4E
:10C8B0004FF0FF301DE700BFD80F493FE3CB1640D4
:10C8C000800FC93FD00FC93F004435374344353747
:10C8D00008A3852E800F4943000080439041010842
:10C8E00084F9223F1041010800A3852E32318D24A6
:10C8F00008B52DED028BB0EE408A00F09DFFF0EE02
:10C90000408AB0EE480A00F073F868B1DFED127AA1
:10C91000B4EEE78AF1EE10FA0BDCDFED107AB4EE3C
:10C92000E78AF1EE10FA0FD4B0EE680ABDEC028B84
:10C9300008BDDFED0B8A01F081FCB0EE680ABDECAA
:10C94000028B2223036008BD01F078FC2223DFED77
:10C95000058A0360E8E700BF1772B142B5F1CFC2A4
:10C960000000807F0000000010EE103A184923F00C
:10C9700000428A421AD9B2F1FF4F02D330EE400A88
:10C98000704700B583B06846FFF782FE00F00300F1
:10C990000128DDED010A9DED000A10D0022809D022
:10C9A00090B9FFF7ABFD03B05DF804FBDFED090ABA
:10C9B000FFF7A4BDFFF7A2FDB1EE400AF3E7FFF7D2
:10C9C0001FFEB1EE400AEEE70120FFF719FEEAE78D
:10C9D000D80F493F0000000010EE103A23F000434A
:10C9E00000EE103A704700BFB1EEC00A704700BFBA
:10C9F00010EE103A23F00040B0F1FF4FACBF002022
:10CA00000120704708B52DED028BF0EE408AB0EEA4
:10CA1000608A00F033F820B9B0EE480ABDEC028B12
:10CA200008BDB0EE480A00F029F820B1F4EEC88A3B
:10CA3000F1EE10FAF0DDB0EE680ABDEC028B08BD35
:10CA400008B52DED028BF0EE408AB0EE608A00F062
:10CA500015F820B9B0EE480ABDEC028B08BDB0EE67
:10CA6000480A00F00BF820B1F4EEC88AF1EE10FA93
:10CA7000F0D5B0EE680ABDEC028B08BD10EE103A9E
:10CA800033F000400ED0A0F50003B3F1FE4F0DD3FC
:10CA9000074B421E9A4207D9A0F1FF40B0FA80F03E
:10CAA00040097047022070470320704704207047F8
:10CAB000FEFF7F002DE9F04F2DED048BDBB01C460F
:10CAC000944603930A46CD4B68991CF1040F53F822
:10CAD0002160824604F1FF38C0F24982BCF10303B1
:10CAE00048BF0CF10403DB10029301334FEAC30E7D
:10CAF000ACEB0E030593029B16EB0800A3EB0803B7
:10CB000016D401309FEDBE7A699C18441EA9002BF3
:10CB1000A4BF54F8235007EE905A03F10103ACBFB1
:10CB2000F8EEE77AF0EE477A8342E1EC017AEED153
:10CB3000002EC0F2B182039B1EA901EB830446AD17
:10CB40004FEA83094046F7180AEB8301B8F1000F5A
:10CB5000DFEDAB7A09DBA3465346F3EC016A3BED0C
:10CB6000017A8B42E6EE877AF7D10130B842E5ECE4
:10CB7000017A04F10404E9D10DF1280B0BEB8603D3
:10CB8000CDE9062E043B9FEDA09ADFED9E8A059825
:10CB900004930AEB090446AF0BEB86090096CDF827
:10CBA00020C05AAB03EB8603002E13ED140A4FEAA4
:10CBB000860515DD7B195A4660EE097AB0EE407A9B
:10CBC000FDEEE77A73ED016AF8EEE77ABB42A7EE75
:10CBD000E87A37EEA60ABDEEC77AA2EC017AEBD16D
:10CBE000019000F01DFFF4EE007AB0EE408A20EED6
:10CBF000270AFFF70DFCF2EE007AA0EE678A019893
:10CC00000028FDEEC89AF8EEE97A38EE678A6CDD06
:10CC100006F1FF3EC0F108035BF82E2042FA03FC48
:10CC20000CFA03F3D21AC0F1070119EE903A4BF84F
:10CC30002E200A416344002A09EE903A00F3F08066
:10CC4000B5EE408AF1EE10FA40F09D80009B9E42C6
:10CC50000ADD5D44002355F8041D4D4543EA0103F8
:10CC6000F9D1002B40F0F280009B013B5BF82330B0
:10CC7000002B40F0E780049B012153F8042D013183
:10CC8000002AFAD0731C31449C46029D039A05EB9E
:10CC9000030E0EF1804E699D32440EF1FF3E07EB0C
:10CCA00083061EAB05EB8E0E03EB8205DEED017AEB
:10CCB000F8EEE77AB8F1000F0EF1040EE5EC017A18
:10CCC000DFED4F7A09DB2A465346F3EC016A32ED79
:10CCD000017AA342E6EE877AF7D10CF1010C6145A7
:10CCE000E6EC017AE2DA0E465BE740F08F80731ED5
:10CCF0005BF82320D211002AA2DD19EE903A002E13
:10CD000003F1010309EE903A40F3D48159464FF004
:10CD1000000E51F8043B002B6AD0C3F5807341F834
:10CD2000043C04E00B68C3F1FF0341F8043B0EF13F
:10CD3000010E7645F6DC01239E4600280ADD012817
:10CD400078D0022806D1711E5BF8213003F03F0C29
:10CD50004BF821C0022A7FF473AFB7EE000A734686
:10CD600030EE488A002B3FF46BAF0992019000F03F
:10CD700057FE38EE408A0198099AB5EE408AF1EEE6
:10CD800010FA3FF463AF9246DDE9062EDDF820C0CD
:10CD90000196AEEB0C00B0EE480A009E009200F047
:10CDA0003FFEDFED186AB4EEE60AF1EE10FADDE9B7
:10CDB0000023F0EE407AC0F250819FED137A05997E
:10CDC00020EE077A0831BDEEC77A0591B8EEC77A32
:10CDD0005C1CE7EE667ABDEEC77AFDEEE77A17EEE9
:10CDE000901A4BF8231017EE103A4BF8243046E017
:10CDF0000EF1010EB6458CDB9E469EE7D444010839
:10CE000000000000000080430000803BF6EE007A46
:10CE1000B4EEE78AF1EE10FA80F2988000220FE774
:10CE20000133002E09EE903A3FF770AF002301283E
:10CE30009E4686D1711E5BF8213003F07F0C4BF8C3
:10CE400021C087E7731C9C4619461EE7334692466D
:10CE5000DDE905125C1EA1F108005BF82410009EBC
:10CE6000059061B903F18043013B0BEB830301465D
:10CE700053F8040D013C08390028F9D005910598B4
:10CE80000092B7EE000A00F0CBFD002C009AB0EE45
:10CE9000407AC0F20581601C46AD5FED256A8100D5
:10CEA0000BEB800305EB800073ED017AF8EEE77A77
:10CEB0005B4567EE877A27EE267A60ED017AF3D13B
:10CEC0000DF1C8080B1F46A8C718C646A446002582
:10CED0009146002E73DB844ADFED847A38460023C6
:10CEE00001E0AB4208DCF2EC016AB0EC017A0133FC
:10CEF0009E42E6EE877AF4DA0CF1FF3CBCF1FF3F8C
:10CF0000EEEC017A05F10105A7F10407E1D1689B78
:10CF1000022B4A4656DC002B2EDC0ED1DFED737A55
:10CF2000414431ED017A414577EE877AF9D1534694
:10CF3000002B40F0AE80C2ED007A19EE903A03F07B
:10CF400007005BB0BDEC048BBDE8F08F19EE903AA2
:10CF5000002E03F1010309EE903AC8BF02223FF709
:10CF6000D5AEF7EE007A37EEC88A022268E60023D3
:10CF70004FF0080E0293BBE59FED5C7A414471EDE2
:10CF8000017A414537EE277AF9D1DDED327A534601
:10CF900077EEC77A002B75D182ED007A64B133A9A0
:10CFA0000123B1EC017A01339C4277EE877AF8DAFB
:10CFB00053460BB1F1EE677AC2ED017ABDE7DFEDC2
:10CFC0004B7A99E7689B032BB7D1002C7ED008EBF6
:10CFD000840595ED007AA0002B46294671ED017A73
:10CFE000F0EE476A37EE277A414577EEC77A81ED52
:10CFF000007A77EEA67AC1ED017AEFD1012C65D0E7
:10D0000095ED007A08F1040173ED017AF0EE476ABC
:10D0100037EE277A994277EEC77A83ED007A77EE7A
:10D02000A67AC3ED017AEFD1031DDFED307A4344D8
:10D0300008F1080833ED017A984577EE877AF9D13F
:10D040005346DDED326A9DED337A73B9C2ED006A65
:10D0500082ED017AC2ED027A6FE7FDEEC07A1C46DE
:10D0600017EE901A4BF8231009E7F1EE666AB1EE5D
:10D07000477AF1EE677AC2ED006A82ED017AC2ED7D
:10D08000027A5AE7B1EE477A82ED007A002C86D117
:10D0900090E7F1EE677A4EE7039B4FEA83096BE571
:10D0A000689B022B0EDC002B13DC7FF446AFDFED18
:10D0B0000F7A3CE7022A7FF4C3ADF7EE007A37EE31
:10D0C000C88ABDE5689B032B7FF437AFDFED077A95
:10D0D000B6E75346DDED327A13B9002313606BE7F0
:10D0E0004FF00043136065E7A8440108000000000A
:10D0F00008B510EE103A33F000422DED028B2CD023
:10D10000002B1A4632DBB3F1FF4F41DAB3F5000FC3
:10D1100035DB0021D3157F3B0B44D90FC1F17F01D3
:10D1200003EBD373C2F3160207EE903A42EAC15200
:10D1300000EE102AB8EEE78A00F00EFDDFED177A58
:10D140009FED177A20EE270ADFED167AA8EE070A80
:10D15000A8EE270ABDEC028B08BDBDEC028B9FED4B
:10D16000127ADFED127A87EE270A08BDBDEC028B3A
:10D1700070EE407A9FED0D7A87EE870A08BDDFEDED
:10D180000C7A60EE277A6FF0180117EE902AC1E74B
:10D19000BDEC028B30EE000A08BD00BFD95BDE3E5D
:10D1A000DB27543580209A3E000000CC00000000B0
:10D1B0000000004C2DE9F0432DED028B83B0CDED46
:10D1C000010A8DED000ADDE9004535F0004610D179
:10D1D00084F48004640014F5000F1BD9DDED007A9F
:10D1E0009DED017A37EE870A03B0BDEC028BBDE8F6
:10D1F000F08324F00047B7F1FF4F02D8B6F1FF4F9C
:10D200000FD9B4F17E5FE9D185F480056D0015F585
:10D21000000FE3D8B7EE000A03B0BDEC028BBDE807
:10D22000F083002CB84616DBB6F1FF4F00F0F78014
:10D23000B6F17E5F00F02681B5F1804F00F04681A7
:10D24000B5F17C5F40F0388103B0BDEC028BBDE8E6
:10D25000F043FFF7C9BBB6F1974F80F0F080B6F10D
:10D260007E5F80F01981B5F1804F00F02F81B5F11C
:10D270007C5F40F02181FFF7AFFBB7F1FF4FB3D0E8
:10D280004FF00009002F00F0F280B7F17E5F00F050
:10D29000E580E20F013A59EA020300F02181B6F17C
:10D2A0009A4F40F24581924B9F4240F23E82914B11
:10D2B0009F4200F24782F7EE007A30EE670A9FED58
:10D2C0008E6ADFED8E5AF5EE007AA0EE676AF6EE12
:10D2D000006AE6EE406A20EE007ADFED897A9FED83
:10D2E000896A27EE267A67EEC77AE0EE257AF0EEB5
:10D2F000676AE0EE066A16EE903A6FF30B0306EEED
:10D30000903AB0EE667AA0EE467A77EEC77A6FF37F
:10D310000B0507EE105A9DED016ADDED015A36EE60
:10D32000476A67EEA57A26EE877AE6EE267A09F155
:10D33000FF3959EA0209BFEE008A77EE876AB7EE35
:10D34000006A16EE903A18BFB0EE468A002B23F022
:10D35000004240F3B981B2F1864F00F2388200F00A
:10D360001C82B2F17C5F00F20082002210466FF353
:10D370000B0305EE903A75EEC76A9FED637A9FED59
:10D38000633A9FED632ADFED633A9FED634ADFED79
:10D39000634A9FED635A77EEE67A25EE877ADFEDF2
:10D3A000616AA7EEA67AF0EE002AF0EE476AE5EE93
:10D3B000836AB7EE000A26EEA66AF0EE667AE6EE1B
:10D3C000023AE5EEC37AF0EE445AE3EE865A77EE7F
:10D3D000677AB0EE647AA5EE867AF0EE455AE7EE0B
:10D3E000065AB0EE667AA5EEC67AE6EEA77A66EE43
:10D3F000875A37EE626A85EE867A77EE677A77EE3D
:10D40000E67A30EE670A10EE103A1344B3F5000FD7
:10D41000C0F2958100EE103A20EE080AE4E6B7F17A
:10D420007E5F3FF4F7AE32D99FED3F0ADDED017A22
:10D43000002DB8BFF0EE407AB0EE670AD4E6B6F140
:10D44000FF4FECD04FF002099DED000AFFF7C4FA40
:10D45000B7F1FF4F02D0002F7FF417AF002DBCBFF4
:10D46000F7EE007A87EE800A002CBFF6BDAEA7F17A
:10D470007E5757EA090740F0208170EE407A87EE28
:10D48000A70AB1E6002D1ADB9DED000AACE6002DDF
:10D4900021DB9FED250AA7E6F315C3F1960346FAB3
:10D4A00003F202FA03F3B34200F0FA80B6F17E5FB2
:10D4B000E8D0B5F1804F09D04FF00009C4E79DEDE9
:10D4C000007AF7EE007A87EE870A8DE6DDED007AC6
:10D4D00027EEA70A88E6DDED017AB1EE670A83E65A
:10D4E000DDED007A77EEE77A87EEA70A7CE600BFEB
:10D4F000F3FF7F3F0700803FABAAAA3E70A5EC3642
:10D500003BAAB83F00AAB83F8CBEBF350072313F7E
:10D510004CBB31330EEADDB555B38A38610B36BBEF
:10D52000ABAA2A3E1872313F000000000000804B79
:10D5300014F0FF4F40F0F7805FED047A60EE277A39
:10D540006FF0170317EE908AA9484FEAE851C8F325
:10D5500016087F398045194448F07E5340F3DB803C
:10D56000A448804540F3F8809FEDA35A0131F0EEC6
:10D57000453AA3F50003F7EE005A002006EE103AF4
:10D5800076EE257AB7EE007A87EE270A5B1043F035
:10D59000005303F58023034476EE656A07EE901A84
:10D5A00026EE803AB8EEE77A13EE101A07EE903ABC
:10D5B000924BDFED930A9FED938A9FED931ADFED77
:10D5C000932ADFED931A9FED932A77EEE55A1940DF
:10D5D00004EE901A36EE656A63EE035AE4EEE76AEB
:10D5E000F0EE607AE5EE887AE4EEC66AA7EEA51A58
:10D5F00066EE806AE1EE252A73EE247AE2EEA51A41
:10D6000025EEA58AA1EEA52A67EEA67AB0EE084A15
:10D61000B0EE446AE8EE027AA4EEA46ADFED7E0A78
:10D620009FED7E1ADFED7E2A36EE276A16EE101A7F
:10D63000194006EE101A76EE445AE4EEE45A77EEFC
:10D64000E57A67EE837AE6EE867AF0EE675AE4EEE4
:10D65000865A15EE901A194005EE901AF0EE656A9A
:10D66000E4EEC66A77EEE67A67EEA07AE5EE817AB6
:10D6700077EEA37AF0EE676AE5EEA26A76EE856A47
:10D6800076EE876A16EE901A194006EE901A36EE7C
:10D69000C77A37EE457AA5EEE27A77EEC77A36E6B4
:10D6A000B6F17E5F3FF4EEAEB5F1804F3FF40EAFC2
:10D6B00002F00102C2F10209C6E6B9F1010F7FF4DE
:10D6C00093ADB1EE400A8FE556498A4200F2878059
:10D6D0007FF447AE76EEC76AF4EEE76AF1EE10FA31
:10D6E0007DDA03F50043504AC3F3C7517F39C3F3D2
:10D6F00016000A4140F40000C1F117011A40084128
:10D70000404206EE902A37EE667AC20577EE876AC7
:10D7100016EE903A2BE69FED385AF7EE005AF0EEEF
:10D72000453A00202AE700230EE7002D0CDB0020FD
:10D7300003B0BDEC028BBDE8F04300F001BA00F08D
:10D740006FF969E6002DF2DD002003B0BDEC028B1D
:10D75000BDE8F04300F0FAB99FED345ADFED343AFA
:10D76000F7EE085A4FF4001008E7D2157E3A4FF44E
:10D770000001114119442C4AC1F3C7547F3CC1F345
:10D780001600224140F40000C4F11704002B40FAB7
:10D7900004F002EA0102B4DAB2E79FED266A76EEFF
:10D7A000C76A37EE866AB4EEE66AF1EE10FA0EDC6E
:10D7B00003F500431C4AD9157F39C3F316000A410B
:10D7C00040F40000C1F117011A40084199E7B5EE95
:10D7D000C08AF1EE10FA4CBF01200020B5E7B5EE8B
:10D7E000C08AF1EE10FA4CBF01200020A0E700BF74
:10D7F00071C41C00D6B35D000000000000F0FFFF04
:10D8000055326C3E42F1533E05A38B3EABAAAA3E75
:10D81000B76DDB3E9A99193F4F38763FA0C39D36CE
:10D820000038763F00001643000080FF00C0153F1F
:10D83000DCCFD1353CAA383310EE103A23F0004249
:10D84000B2F1FF4F56D84FEAD37100F0958062488D
:10D85000834200F38780002BC0F287805F4B9A429F
:10D860004BD95F4B9A4200F29A805E4B5E4A03EBC3
:10D870008103D3ED004A02EB810281F0010370EED7
:10D88000644AD2ED007A5B1A34EEE70ADFED576A9C
:10D890009FED575ADFED575A9FED576A20EE007AF9
:10D8A000A7EE265ADFED556AE5EE075AE5EE876AE0
:10D8B000A6EE876AF0EE406AE6EE476A20EE266A38
:10D8C000002B42D0B0EE007A37EE667AB7EE000A4F
:10D8D000C6EE076A13F17D0F77EEE67A77EEE47A0B
:10D8E00030EE670A4FDB10EE102A02EBC35300EE56
:10D8F000103A704730EE000A7047B2F1505F0AD21A
:10D90000DFED3F7A70EE277AB7EE007AF4EEC77A51
:10D91000F1EE10FA5DDC60EE007A9FED347ADFED17
:10D92000345A9FED346ADFED356AE7EE875A9FED92
:10D93000327AA7EEA56AE7EE866AA7EEA67AF0EE3F
:10D94000406AE7EEC76A20EE266AF0EE007A76EECD
:10D95000E76AB7EE007AC6EE267A77EEC07A37EE3F
:10D96000670A7047002000F0F1B8264B9A427FF614
:10D9700075AF002000F0E4B8DFED237A002918BF6E
:10D98000B0EE670A704710EE102A643302EBC353FF
:10D99000DFED1E7A00EE103A20EE270A70471C4B8E
:10D9A0009FED1C7ADFED1C6A03EB8103D3ED007A57
:10D9B000E0EE077A9FED197AFDEEE77AF0EE404A45
:10D9C00017EE903AF8EEE77AE7EEE64A67EE877AE6
:10D9D0005AE730EE070A70471772B1421872B13E2B
:10D9E0009115853FE8440108E04401084CBB313300
:10D9F0000EEADDB555B38A38ABAA2A3E610B36BBB9
:10DA0000CAF24971B5F1CF42000000000000800D5C
:10DA1000F04401083BAAB83F8071313FD1F7173776
:10DA200010EE103A33F000411A4627D0B1F1FF4F03
:10DA300021D213F0FF4F22D1DFED2B7A2B4A60EE7B
:10DA4000277A904217EE903A33DB4CF2503CC3F306
:10DA5000C75160451A46A1F1190116DDDFED247AA0
:10DA6000DFED246A002BB0EE677AB8BFF0EE667A7D
:10DA700027EE870A704730EE000A704770474CF275
:10DA8000503C60454FEAD151E8DC0144FE29E5DC19
:10DA9000002915DC11F1160F19DB193122F0FF42B4
:10DAA00042EAC15207EE902A9FED130A27EE800A40
:10DAB0007047DFED127A07EE103A27EE270A70471B
:10DAC00022F0FF4242EAC15300EE103A7047DFED08
:10DAD0000B7ADFED0B6A002BB0EE677AB8BFF0EE81
:10DAE000667A27EE870A70470000004CB03CFFFFC3
:10DAF000CAF24971CAF249F1000000336042A20D36
:10DB00006042A28D10B52DED028BB0EE408A044626
:10DB100000F094FBB0EE480ABDEC028B046010BD2F
:10DB200030B1F1EE407A27EE800A2220FFF7EABFFB
:10DB3000F0EE407A27EE800A2220FFF7E3BF00BF15
:10DB40009FED010AFFF7ECBF000000109FED010AF6
:10DB5000FFF7E6BF0000007010EE102A32F000431D
:10DB60002FD0002A134633DBB2F1FF4F40DAB2F573
:10DB7000000F34DB4FF0000C6448C3F31601084477
:10DB800000F4000282F07E520A43DB1500EE102AF8
:10DB90007F3B5F4A634401F10F0CF7EE007A0CEA19
:10DBA000020230EE670A03EBD05322BBB5EE400A07
:10DBB000F1EE10FA62D1002B40F090809FED550AF3
:10DBC00070479FED557ADFED537A87EE270A70474D
:10DBD00070EE407A9FED4F7A87EE870A7047DFED4F
:10DBE0004F7A60EE277A6FF0180C17EE903AC3E781
:10DBF00030EE000A7047F0EE007A70EE277A07EEFA
:10DC0000103A80EE274A4648C1F55712084402F5FB
:10DC100022720243002A9FED433ADFED434ADFEDD3
:10DC2000435ADFED433A9FED435ADFED437ADFED90
:10DC3000436A24EE046AF8EEC72A26EE067AE7EE77
:10DC4000034AA7EE235AE4EE875AE5EE076AE5EEAB
:10DC5000877A67EE867AE6EE877A2ADDB6EE007A74
:10DC600020EE077A27EE007A77EE877A67EE847ADD
:10DC70003BBB37EE677A30EE470A70479FED307A4C
:10DC8000F6EE007AE0EE477A20EE007A27EE277A69
:10DC9000002BF0D007EE903A9FED2A6ADFED2A6A5A
:10DCA000F8EEE77AA7EEC67A37EE400A97EEA60AB4
:10DCB000704770EE677A67EE847AE3B930EE670AF0
:10DCC00070479FED206ADFED206AE2EE867A37EE3C
:10DCD000677A37EE400A92EEA60A704707EE903A4E
:10DCE0009FED180A9FED187AF8EEE77A27EE800A82
:10DCF000A7EE870A7047DFED136A9FED137AE2EE15
:10DD0000E67A37EEC00A92EE870A704720FB4A0097
:10DD1000F0FF7F0000000000000000CC0000004C7D
:10DD2000305CCFFF9788173E25333A3E2549923E17
:10DD30004FD01C3E298E633EABAA2A3FCDCCCC3EB1
:10DD4000ABAAAA3ED1F717378071313F08B52DED48
:10DD5000048BF0EE408AB0EE609A00F0EDF8F0EE41
:10DD6000490AB0EE408AB0EE680A00F00BF8F0EE17
:10DD7000400AB0EE480ABDEC048BBDE8084000F054
:10DD800005B800BFB0EE600A704700BF08B52DEDC2
:10DD9000048BF0EE408AB0EE609A00F03BF8B0EEF3
:10DDA000408AFEF725FE20B1B0EE480ABDEC048B98
:10DDB00008BDB0EE680AFEF71BFE0028F4D0B0EEF6
:10DDC000490AFEF715FE0028EED000F037FA2223AC
:10DDD0009FED018A0360E7E70000807F08B52DED25
:10DDE000048BF0EE408AB0EE609AFFF7CBFFF0EEC6
:10DDF000490AB0EE408AB0EE680A00F09DF8F0EEF5
:10DE0000400AB0EE480ABDEC048BBDE8084000F0C3
:10DE100095B800BF10EE103A23F0004210EE903A91
:10DE200023F000439A4202DB194613460A46991A28
:10DE3000B1F1706F00EE103A06EE902A3FDCB3F1BC
:10DE4000B14F10B52EDC0024B2F11A5F0ADA42B3EA
:10DE5000B2F5000F60DADFED357A66EEA76A20EEE4
:10DE6000270A7E3C30EE666AF4EEC66AF1EE10FADE
:10DE700028D56FF30B0307EE903A30EE277A30EE99
:10DE8000670A27EE000AA6EEA60AA7EEA70AFEF783
:10DE9000ABFD34B1E40504F17E5407EE904A20EE68
:10DEA000270A10BDB3F1FF4F29DA03F15E4302F1F7
:10DEB0005E4200EE103A06EE902A4424C4E730EEAB
:10DEC000260A70471A4903F500030B4007EE903A03
:10DED000B0EE007AB0EE675A90EE075A02EA0103FC
:10DEE00007EE103A26EE850A76EEC75AA5EEA70A87
:10DEF000A6EE060AA7EE270AFEF776FDC9E714BFCD
:10DF000030EE260A9FED0B0ADFED0A7AB2F1FF4FE1
:10DF100008BFB0EE670A10BD03F1085302F10852C2
:10DF200000EE103A06EE902A443C9BE70000807E0B
:10DF300000F0FFFF0000807F704700BF00F000B8D6
:10DF400010B582B0CDED010A019B23F00042B2F181
:10DF5000FF4FF0EE407A30D810EE100A20F000416A
:10DF6000B1F1FF4F29D8B3F17E5F42D09C1704F086
:10DF7000020444EAD07431B37AB3B2F1FF4F40D017
:10DF8000B1F1FF4F29D0891AB1F1F45F4FEAE152A4
:10DF900034DA002B42DA3C3240DA9FED340A012CAD
:10DFA0004ED0022C43D064B19FED317ADFED317A4F
:10DFB00030EE070A30EE670A03E09DED017A37EE96
:10DFC000270A02B010BD022C10D09FED2B7A032C33
:10DFD00008BFB0EE470A02B010BD9FED280ADFED82
:10DFE000287A0028A8BFB0EE670AEAE79FED210A69
:10DFF000E7E702B0BDE8104000F04AB89FED200A04
:10E00000CDE7B1F1FF4F04F1FF3420D0022C26D828
:10E010001C4B03EB840393ED000AD2E79DED017ADC
:10E0200087EE870AFEF7D8FC00F032F8B7E79FEDDD
:10E03000107ADFED107A30EE070A37EEC00AC0E73B
:10E0400010EE103A03F1004300EE103AB9E7022C4B
:10E0500008D80D4B03EB840393ED000AB1E79FED65
:10E06000030AAEE79FED090AABE700BF000000001E
:10E070002EBDBB33DB0F4940DB0F49C0DB0FC9BFEF
:10E08000DB0FC93FF844010804450108DB0F493F95
:10E0900038B510EE105A25F00044B4F1A14FF0EE5F
:10E0A000407A0DD3B4F1FF4F5BD8DFED517A9FED8D
:10E0B000517A002DCCBFB0EE470AB0EE670A38BDEA
:10E0C0004D4B9C425CD8B4F1445F4DD34FF0FF33CD
:10E0D00027EEA76A9FED495A9FED497ADFED495A2D
:10E0E000DFED494A66EE066A5A1CA6EE857AE6EE30
:10E0F000A54A9FED465ADFED465AA7EE265AE4EEB2
:10E10000A65A9FED447ADFED444AA5EE267AE5EE65
:10E11000A64A9FED425ADFED425AA7EE265A9FEDDE
:10E12000417AA4EEA67AE5EE265A27EE267AA5EEE7
:10E13000867A27EE877A38D03B493C4A01EB830147
:10E14000D1ED006A37EE667A02EB8303D3ED006A05
:10E1500037EE677A002D36EEC70AB0DAB1EE400A24
:10E1600038BD30EE000A38BD9FED317A30EE077AC7
:10E17000F7EE006AB4EEE67AF1EE10FAA6DD38BDED
:10E18000FEF72AFC2B4B9C4212D8A3F5D0039C42ED
:10E1900023D8F0EE007ABFEE007AA0EE277A0023B3
:10E1A00030EE270AC7EE007A92E737EEC70A38BD8D
:10E1B000214B9C420BD8F7EE087AB7EE007AA0EE1E
:10E1C000277A022330EE670AC0EE077A80E7BFEEB7
:10E1D000007AC7EE007A03237AE7F7EE007A30EE92
:10E1E000677A30EE270A0123C7EE007A70E700BF96
:10E1F000DB0FC9BFDB0FC93FFFFFDF3ED769853C9F
:10E2000059DA4B3D21A215BD6BF16EBD356B883DD2
:10E2100095879DBD6E2EBA3D388EE3BD2549123ED1
:10E22000ABAAAA3ECDCC4CBE104501082045010842
:10E23000CAF24971FFFF973FFFFF1B40014B18686F
:10E24000704700BF2800002070B50D4D0D4C641BB9
:10E25000A4100026A64209D10B4D0C4C01F094F8F5
:10E26000641BA4100026A64205D170BD55F8043BDE
:10E2700098470136EEE755F8043B98470136F2E738
:10E280003845010838450108384501083C45010872
:10E2900002440346934200D1704703F8011BF9E79B
:10E2A0007047704770B50F4E0C463168054611B97E
:10E2B00000F0A6F830602146284600F0A1F8431C83
:10E2C00003D14FF0FF34204670BDC41C24F003047A
:10E2D000A042F8D0211A284600F092F80130F2D17D
:10E2E000EFE700BFD40500202DE9F843CD1C25F051
:10E2F000030508350C2D38BF0C25002D064601DB23
:10E30000A94204D90C2333600020BDE8F883DFF86C
:10E31000D48000F069F8D8F800301C4644BB294688
:10E320003046FFF7BFFF431C044658D1D8F80040E1
:10E330002746002F43D1002C4BD023683946304666
:10E3400004EB030900F05CF8814542D121686D1AA5
:10E3500029463046FFF7A6FF01303AD023682B4408
:10E360002360D8F800305A6862BBC8F800700FE02C
:10E370002268521B20D40B2A17D96119A3422560A9
:10E3800018BF5960636808BFC8F8001062514B603D
:10E39000304600F02FF804F10B00231D20F0070099
:10E3A000C21A1CBF1B1AA350AFE76268A3420CBF7E
:10E3B000C8F800205A60EBE723466468AEE73C46A5
:10E3C0007F68B6E71A465B68A342FBD1002353601F
:10E3D000DEE70C233360304600F00CF894E705606C
:10E3E000D6E700BFD80500200148FFF759BF00BF9E
:10E3F000D00500200148FFF754BF00BFD005002022
:10E4000038B5064D0023044608462B60FDF716FF7D
:10E41000431C02D12B6803B1236038BDDC0500200A
:10E4200038B50546002941D051F8043C0C1F002B9B
:10E43000B8BFE418FFF7D8FF1D4A136833B963600B
:10E4400014602846BDE83840FFF7D4BFA34208D97E
:10E45000206821188B4201BF19685B680918216088
:10E46000EDE71A465B680BB1A342FAD91168501860
:10E47000A0420BD120680144501883421160E0D1C2
:10E4800018685B68536008441060DAE702D90C230F
:10E490002B60D6E7206821188B4204BF19685B689F
:10E4A000636004BF091821605460CAE738BD00BF2B
:10E4B000D8050020884210B501EB020402D984423D
:10E4C000234607D8431EA14208D011F8012B03F8B8
:10E4D000012FF8E7024401468A4200D110BD13F82B
:10E4E000014D02F8014DF7E70A44914200F1FF3374
:10E4F00000D1704710B511F8014B03F8014F91425C
:10E50000F9D110BD024B01461868FFF7EDBE00BF00
:10E5100028000020024B01461868FFF781BF00BFAA
:10E5200028000020B1F8C8305A1C92B2C82AA1F8BD
:10E53000C820C85400D0704710B500200C46FDF725
:10E5400047FE0023A4F8C83010BD00BF10B5044634
:10E55000FDF722F8214602460020FDF739FE034967
:10E5600001220020FDF734FE002010BD8C3301088D
:10E570000FB430B5B5B038AC0E4954F8045BCA22BC
:10E5800001A8FFF7B1FF23462A460B48009401A9D2
:10E5900000F06AFDBDF8CC2004462AB9204635B00B
:10E5A000BDE8304004B0704701A90020FDF710FE1F
:10E5B000F4E700BF7C31010825E5000800F044BD08
:10E5C0009A4238BF88547047704700BF2DE9F04F1A
:10E5D00083B00F4612990D9C9DF83850984611F063
:10E5E000020306469446DDE9100A00932ED1BAF1E3
:10E5F000000F40F0A280844228D2202C01F0010EAE
:10E6000000F088810C9B621E1A444FF0300B734659
:10E6100002E0202C00F0E7800134A04202F801BFA4
:10E62000F7D89E4693B1544510D2202C00F0CF81EC
:10E630000C9B621E1A444FF0300E02E0202C00F0BA
:10E6400024810134544502F801EFF7D1CB061FD5E0
:10E650004A0500F1A580002C40F09E800F9B102BF6
:10E6600000F045810F9B022B00F04E810C9B302265
:10E670001A70012401F00302002D00F0CA800C9BE7
:10E680002D21195501340AB954450ED3654626E0AB
:10E6900001F00302202CEFD1002A40F08F80BAF164
:10E6A000200F88BF202440F289806546A4EB0C0B24
:10E6B000E1462A464346013539462020B04705EB5E
:10E6C0000B035345F5D30AF1FF35621C2D1B924510
:10E6D00038BF002509F10102CC461544C4B10C9B9A
:10E6E000CDF844A005EB040903EB090B1C44CDF85D
:10E6F00004C09A46ABEB040214F8010D43463946B8
:10E70000B047A2454D46F5D1DDF804C0DDF844A080
:10E71000009B73B1A5EB0C09D1450AD22A464346AA
:10E720003946202009F10109B047D14505F101051D
:10E73000F4D3284603B0BDE8F08F11F0010E73D07A
:10E74000002D40F08B8011F00C0F40F08780844248
:10E75000BFF469AF202C7FF455AFBAF1200F40F21F
:10E760003281CB0640F1BE804A0500F11981202894
:10E7700016D11F200F9B102B00F0F2800F9B022B55
:10E780001FD0441C01F0030227E0CB067FF57EAFCB
:10E790004A054FF0200403D4A04262D0544560D013
:10E7A0000F9B01F00302102B104673D00F9B022B1E
:10E7B0000ED1202C08D100283FF471AF65462024EB
:10E7C0008DE7044601F003020C9B622018550134CA
:10E7D000202C3FF461AF204601340C9B4FF0300EEB
:10E7E00003F800E056E79E46002B00F0CB80BAF11C
:10E7F000200FCAD9CB0675D54A0500F1D180202853
:10E8000000F0DA80BAF1200F40F08D8054461F20CE
:10E81000B0E74B0747D50C9B2B2119550134002A33
:10E820003FF432AF65465AE78442BFF40FAF202C65
:10E830007FF4E8AECC067FF532AF4C053FF52FAF45
:10E84000202800F0B980BAF1200FDFD00F9B102BE9
:10E850003FF425AF0F9B022B19D120E70AF1FF3AB5
:10E8600075E7601E86D10F9B102B6BD00F9B022B80
:10E870007FF4FCAE0C9B0F9C62221A7030225A70FF
:10E8800001F00302002DC4D0F9E6CC0680D401F0DB
:10E89000030201E78B0611D4202C8CD00C9B78202E
:10E8A0001855013494E70D0713D48ABB5445FFF47F
:10E8B000FCAE002C7FF4EAAE65463AE7202C3FF42C
:10E8C0007AAF0C9B18194FF0580E013480F800E015
:10E8D0007EE70C9B202119550134002A3FF4D4AE69
:10E8E0006546FCE68D073FF4E0AE6546F7E6880630
:10E8F0000CD558220C9B1A7030225A70022401F059
:10E900000302002D85D0BAE66222F3E77822F1E710
:10E910006546E3E6BEF1000F50D0CB067FF5B6AEFC
:10E920004B057FF524AF0F9B01F00300102B02462F
:10E930003FF441AF0F9B022B7FF4AEAE00287FF473
:10E940003DAFACE68A0625D50C9B58221A703022C2
:10E950005A70022401F00302002D3FF45AAF8EE6F4
:10E960008B06A4F1020206D40C9B78209854013C3B
:10E9700001F003022FE70C9B58209854013C01F052
:10E98000030228E7CA0682D54A05CCD4202813D032
:10E99000202403E70C9B78221A7030225A70D8E7A3
:10E9A0000F9B102B01F003003FF405AF0F9B022BD0
:10E9B0003FF401AF02466FE60446DAE6CB063FF5C8
:10E9C0003CAF65468BE6CA06DED4654687E6CC06D4
:10E9D0003FF512AF5BE700BF2DE9F04F93B01C9CF1
:10E9E0009DF874B01E9DDDF884E02CB92EF0100661
:10E9F0001EF4806FB64635D11EF0200F14BF4FF0C5
:10EA000041094FF061090AAFA9F10A09B846002689
:10EA1000099002E0202E15D05446B4FBF5FA05FB10
:10EA20001A4C5FFA8CF0BCF1090F00F1300C8ABF70
:10EA300048445FFA8CF0C0B2AC4208F8010B06F112
:10EA40000106E7D20998209C05941F9CCDF818E098
:10EA5000CDE90354CDE9016B0097FFF7B7FD13B083
:10EA6000BDE8F08F26460AAFEDE700BF2DE9F04F75
:10EA700097B0DDE92478209E219C099356EA04038F
:10EA80009DF888C0DDF8A0B08E4605D12BF01003AC
:10EA90001BF4806F9B4645D11BF0200F0EAB14BFBB
:10EAA0004FF0410A4FF0610ACDF8A0B0CDE90A0E4F
:10EAB000CDE90C2CAAF10A0A994600259B4603E0F1
:10EAC000202D17D006460C4621463A46434630468E
:10EAD000FCF76AFDD2B2092A02F130038ABF524420
:10EAE000DAB2D2B2BE4274EB080409F8012B05F188
:10EAF0000105E5D2DDE90A0EDDE90C2C5B46DDF807
:10EB0000A0B02799059126990093CDE90371CDE92D
:10EB1000015C099BCDF818B07146FFF757FD17B09F
:10EB2000BDE8F08F00250EABEBE700BF10B1D1E9D7
:10EB300000311847704700BF2DE9F04F1C46B1F176
:10EB4000000A8D4B8FB018BF81462078DDF860B089
:10EB5000904608BF9946002800F0D381002507E0C1
:10EB60002A46434651460135C847207800285ED0E2
:10EB7000252804F10104F3D10023224612F8010BE9
:10EB8000A0F1200110290AD8DFE801F0340909308A
:10EB9000090909090909092C092809092400A0F112
:10EBA0003001092951D92A2800F0948000262E2806
:10EBB0005CD00021A0F16807122F23D8DFE807F00E
:10EBC000A2229D2295222222222222221E222222BB
:10EBD00022221E0043F001031446CEE743F0020355
:10EBE0001446CAE743F004031446C6E743F0100393
:10EBF0001446C2E743F008031446BEE7607843F4C6
:10EC0000807301327828144609D863283DD86228D9
:10EC100000F0B88163287DD0252840F03D812A4648
:10EC200043465146C847207801350028A0D12C46DC
:10EC3000A84501D808F1FF3543462A465146002031
:10EC4000C84720460FB0BDE8F08F002606EB8606C9
:10EC500000EB46061078A0F1300109291446A6F110
:10EC6000300602F10102F1D92E28A2D16078A0F17C
:10EC70003001092943F48063174640F2EF802A28C7
:10EC800000F002811446013293E7A0F1640E0122E4
:10EC90005FFA8EFE02FA0EFE384A1EEA020E40F0BD
:10ECA000AD80732854D07028B9D143F02103059367
:10ECB0000823049310230391CDF804E002935BF83A
:10ECC000043B00932A46434651464846FFF784FEDC
:10ECD00005464AE75BF8046B6078002E1446BCBF1B
:10ECE00043F002037642013261E760786C2886D1F6
:10ECF000A07843F44073E21C84E7607843F4007327
:10ED000001327FE76078682800F0F68043F08003E6
:10ED1000013277E70BF1040298070A9205F1010727
:10ED200040F111812A469BF8000043465146C847EE
:10ED3000012E88BFAD1940F249813A46434601375A
:10ED400051462020C847BD42F7D1DDF828B00CE776
:10ED50005A4652F804CB0A929CF800B05846002953
:10ED600040F08C80BBF1000F13D06FF0010E0EF15C
:10ED7000010EE644624606E0C9E5000821081200DB
:10ED8000964500F0B38012F8017F002FF8D1A2EB76
:10ED90000C0E13F4806702D08E4528BF8E4613F008
:10EDA00002030B9300F0B080BBF1000F17D0CDE948
:10EDB0000CE6E3462A460E46434651461FB106F18D
:10EDC000FF3C3EB16646C8471BF8010F01352A4695
:10EDD0000028F1D10B9BDDE90CE6002BB5D0764580
:10EDE0002F46B2D93544A5EB0E053A4643460137C6
:10EDF00051462020C847BD42F7D1A6E76F2800F052
:10EE0000BF806DD8692823F0100240F017815F059C
:10EE100048BF23F01102900500F1DD80D3050BF10E
:10EE2000040700F1D580500640F1F6809BF90030D0
:10EE30000391002B4FF00A0102914FEAD371B8BF42
:10EE40005B42CDE9046201912A4600934346514654
:10EE50004846FFF7C1FDBB46054686E6002101EBAB
:10EE6000810100EB4100A0F1300117F8010FA0F182
:10EE70003002092AF3D93C467A1C9BE6BBF1000F0D
:10EE800087D001F1FF3E72E75BF8041BA0780234E3
:10EE900021EAE171621C8DE658287FF4C0AE43F090
:10EEA00020031022580524D423F00C0313F400701F
:10EEB0006AD113F4807F0BF1040740F0B28058064A
:10EEC0007BD418064CBFBBF80000DBF800000090B4
:10EED000CDE904630023CDE9022101932A46B5E779
:10EEE000782868D023F010030A22DBE7AEEB0C0E83
:10EEF0004FE723F00D03D9E7A07843F0C003E21CED
:10EF000080E60446054693E6764540F2948006EB9B
:10EF1000050BCDE90C7CABEB0E0B0F462A464346A6
:10EF2000013551462020C8475D45F7D1DDF834C092
:10EF300039469CF800B00C9F06F1010E5846002897
:10EF40007FF435AF01E7012E3AD96B1E3344CDF87B
:10EF50002CB02F469B463A46434601375146202067
:10EF6000C847BB45F7D15B46DDF82CB01A469BF885
:10EF7000000043465146C8473544DDF828B0F4E563
:10EF800008228FE702228DE7CDE907630BF1070B1B
:10EF9000002306910492059302932BF0070BFBE8E4
:10EFA00002672A46CDE90067434651464846FFF7C7
:10EFB0005DFD0546D9E5102274E79BF8000086E761
:10EFC0009BF800002A4643465146C8473D46BCE6EA
:10EFD000DBF800302CE70BF1070B2BF0070BDBF80D
:10EFE00004305BF8080B0691D90FCDE90762029156
:10EFF000024600210A20002BCDE9040102DA524228
:10F0000063EB4303CDE9002351462A464346484675
:10F01000FFF72CFD0546A8E51306D9D5BBF900304E
:10F0200006E7CDE90221CDE904630190DBF8003069
:10F0300000932A460AE70EF1010E7FE764283FF4A9
:10F04000E6AE13460A222DE700B583B0844600934E
:10F05000044813460A466146FFF76EFD03B05DF8AB
:10F0600004FB00BFC1E5000810B584B00446CDE93B
:10F070000241009302A9134603484FF0FF32FFF705
:10F080005BFD04B010BD00BF2DEB0008D0B5FCF750
:10F0900033FD0C4B002206460F46FCF79DFAFCF7A9
:10F0A00083FD0446FCF706FD074B0022FCF794FAAB
:10F0B00002460B4630463946FCF7BEFBFCF774FDB2
:10F0C0002146D0BD0000F03D0000F0412DE9F047A1
:10F0D000089D0E4604460F46002B4AD194468C45A7
:10F0E000B2FA82F260D942B1C2F12003974020FA0D
:10F0F00003F30CFA02FC1F4394404FEA1C4E1FFA24
:10F100008CF6B7FBFEF1230C0EFB117743EA0743A5
:10F1100001FB06F098420AD91CEB030301F1FF370B
:10F1200080F01581984240F21281023963441B1A23
:10F13000A4B2B3FBFEF00EFB103344EA034400FB21
:10F1400006F6A6420AD91CEB040400F1FF3380F056
:10F150000081A64240F2FD806444023840EA01404A
:10F16000A41B00211DB1D4400023C5E90043BDE824
:10F17000F0878B4205D90DB1C5E900010021084691
:10F18000F5E7B3FA83F1002946D1B34202D38242B4
:10F1900000F2F580841A66EB030201201746002D69
:10F1A000E5D0C5E90047E2E7002A40F09380A1EBF3
:10F1B0000C034FEA1C471FFA8CFE0121B3FBF7F644
:10F1C00007FB1630230C43EA00430EFB06F098427F
:10F1D00008D91CEB030306F1FF3802D2984200F273
:10F1E000D08046461B1AA4B2B3FBF7F007FB1033DE
:10F1F00044EA03440EFB00FEA64508D91CEB0404B8
:10F2000000F1FF3302D2A64500F2B6801846A4EB07
:10F210000E0440EA0640A5E7C1F120078B4022FA20
:10F2200007FC4CEA030C06FA01FE20FA07F426FA62
:10F2300007F344EA0E0400FA01F84FEA1C404FEAD3
:10F240001449B3FBF0FE1FFA8CF600FB1E3349EAAB
:10F2500003430EFB06F9994502FA01F20BD91CEBA8
:10F2600003030EF1FF3A80F08580994540F28280D9
:10F27000AEF1020E6344A3EB0909A4B2B9FBF0F3AB
:10F2800000FB139944EA094403FB06F6A64208D999
:10F290001CEB040403F1FF3068D2A64266D9023B9E
:10F2A000644443EA0E40A41BA0FB02E6B44273464A
:10F2B000B14652D34FD05DB1B8EB030264EB090401
:10F2C00004FA07F722FA01F31F43CC40C5E90074A2
:10F2D00000214CE7C2F1200120FA01F30CFA02FCF4
:10F2E00026FA01F1964033434FEA1C471FFA8CFE81
:10F2F000B1FBF7F007FB1016190C41EA064100FBC1
:10F300000EF68E4204FA02F408D91CEB010100F15A
:10F31000FF382DD28E422BD902386144891B9BB213
:10F32000B1FBF7F607FB161143EA014306FB0EF1AA
:10F33000994208D91CEB030306F1FF3814D2994215
:10F3400012D9023E63445B1A46EA004136E7394669
:10F35000EDE6184602E7F045ADD2BEEB020366EBE0
:10F360000C060138B146A6E74646ECE7034698E7A7
:10F370004046D3E7D6467EE76444023847E708466E
:10F380000DE7023E63442DE7F8B500BFF8BC08BCAA
:10F390009E467047F8B500BFF8BC08BC9E46704753
:10F3A000A0860100400D0300801A060000350C0005
:10F3B00040420F0080841E0000093D0000127A00C8
:10F3C0000024F40000366E010048E801006CDC0205
:10F3D0000000000000000000010203040607080905
:10F3E0000000000001020304060401001F191512A9
:10F3F0000F0D0C0B004026449A9947420000000074
:10F400000000804085EB514000000000000000003B
:10F4100000000000293C0000163B0000D7630000FC
:10F42000325F0000738800005D7D00004AAC000080
:10F43000A6970000A4D000000FAF00004CF700001A
:10F44000A3C4000070FB0000F3E80000F6D2000047
:10F45000C0BB0000DCA40000E58E00003382000089
:10F46000000002002806010800000100240601082F
:10F470000300010020060108010001001C0601082C
:10F48000030001001806010800000100140601082D
:10F490000000010010060108000001000C06010830
:10F4A000000001000806010800000400F80501083A
:10F4B00000000100F405010804000100F005010846
:10F4C00004000100EC0501080C030200E40501083A
:10F4D000C05D0100E005010840010800C005010809
:10F4E00015000100BC05010800000100B805010875
:10F4F00000000100B405010800000100B00501088A
:10F5000001000300A4050108020002009C05010897
:10F5100000000200940501080000010090050108A8
:10F52000010001008C0501083F0001008805010869
:10F5300004000100840501080000010080050108A5
:10F54000010001007C0501080000010078050108A8
:10F5500000000100740501080000010070050108A9
:10F56000000001006C0501080500010068050108A4
:10F5700045000100640501080A000100600501085A
:10F58000000001005C0501080800010058050108A1
:10F590002000020050050108000001004C05010890
:10F5A00000BE87BD8EBD14BD19BDA0BC27BCAEBBBF
:10F5B000ADAD33ACB8AABEA8CBADD2AB58A95FA74E
:10F5C000DC9FE19B67986C947390F58AF8857A804C
:10F5D000F9C379C779CBF8CE75D1F4D472D871DB81
:10F5E000F8E0F7E4F5E8F2EC56E952EC4EEFC9F139
:10F5F00039F0B3F22DF527F71DF515F68CF784F8E1
:10F60000837A897A0F7A147A9A7720772776AD757C
:10F610002E6EB46CB96B3F6A4F71D56E5C6CE2694B
:10F62000DC5F615CE558EA54DE4DDF4961466242C9
:10F63000F7017705F608F60BF50E7412F21571193D
:10F6400051164F19CC1BCA1E5C28D72B532F4E3294
:10F65000392C342F2E32A93423399A3A923B093D62
:10F66000093D093D093D093D093D093D093D093D6A
:10F67000093D093D093D093D093D093D093D093D5A
:10F68000093D093D093D093D093D093D093D093D4A
:10F69000093D093D093D093D093D093D093D093D3A
:10F6A0007D7B7C7AE7E61BE895B9AAAB01020304EF
:10F6B0000506004948303231332F4B4A9EA09F89BE
:10F6C0008A8B8CEDE907ACB191C696CA9ABEC2BAD4
:10F6D000CED2D6E2DADE7640447F64B5600D218D6D
:10F6E0003C37A66C2768582B705C144C5054EEEADB
:10F6F00008ADB292C797CB9BBFC3BBCFD3D7E3DBD9
:10F70000DF7741458065B6610E228E3D38A76D28B2
:10F7100069592C715D154D5155EFEB09AEB393C886
:10F7200098CC9CC0C4BCD0D4D8E4DCE078424681FC
:10F7300066B7620F238F3E39A86E296A5A2D725E12
:10F74000164E5256F0EC0AAFB494C999CD9DC1C57E
:10F75000BDD1D5D9E5DDE17943478267B86310248F
:10F76000903F3AA96F2A6B5B2E735F174F535788F0
:10F770008586261F83843BA1A213181A190C0B340B
:10F78000871100000000030040050108000001008F
:10F790003C050108030001003805010801000100D3
:10F7A00034050108030001003005010800000100D4
:10F7B0002C050108000001002805010800000100D7
:10F7C00024050108000001002005010800000100D7
:10F7D0001C0501080000010018050108010C0100CA
:10F7E00014050108FF03010010050108BD00010018
:10F7F0000C050108BD00010008050108BD0001005D
:10F8000004050108BD000100000501080000010019
:10F81000FC04010801000100F804010801002000B7
:10F8200078040108000001007404010800000100D0
:10F8300070040108000001006C04010800000100D0
:10F84000680401085000020060040108C05D010066
:10F850005C04010840010100580401081500010082
:10F8600054040108000001005004010800000100D8
:10F870004C040108000001004804010801000200D6
:10F880004004010801000300340401085D00010088
:10F89000300401085D0001002C0401085D00010036
:10F8A000280401085D000100240401080100010092
:10F8B00020040108000001001C04010800000100F0
:10F8C00018040108000001001404010800000100F0
:10F8D00010040108000001000C04010800000100F0
:10F8E00008040108000001000404010800000100F0
:10F8F0000004010800000100FC03010800000300EF
:10F90000F003010800000400E0030108000001000A
:10F91000DC03010800000100D80301080000030017
:10F92000CC03010800000100C80301080200020026
:10F93000C003010800000200B80301080000010034
:10F94000B403010800000100B00301080000010039
:10F95000AC03010800000100A80301080000050035
:10F960009403010800000100900301080000010059
:10F970008C03010800000100880301080000010059
:10F98000840301080100050070030108010005005F
:10F990005C0301080100050048030108010005009F
:10F9A00034030108000001003003010800000100D9
:10F9B0002C030108000001002803010800000100D9
:10F9C00024030108000009000003010800000A00E8
:10F9D000D802010800000500C4020108000005006B
:10F9E000B002010800000100AC02010800000100A3
:10F9F000A802010800000100A402010800000100A3
:10FA0000A0020108000001009C02010800000100A2
:10FA100098020108000001009402010800000100A2
:10FA200090020108000001008C02010800000100A2
:10FA300088020108000001008402010800000100A2
:10FA400080020108000001007C02010800000100A2
:10FA500078020108000001007402010800000100A2
:10FA600070020108000001006C02010800000100A2
:10FA700068020108000001006402010800000100A2
:10FA800060020108010005004C02010801000500A8
:10FA900038020108010005002402010801000500E8
:10FAA00010020108010001000C0201080100010020
:10FAB0000802010801000100040201080100010020
:10FAC0000002010817000100FC01010817000100F5
:10FAD000F801010817000100F401010817000100F6
:10FAE000F001010807000100EC0101080700010016
:10FAF000E801010807000100E40101080700010016
:10FB0000E001010801000100DC0101080100010021
:10FB1000D801010801000100D40101080100010021
:10FB2000D001010800000100CC0101080100010022
:10FB3000C801010800000100C40101080000010023
:10FB4000C001010800000100BC0101080000010023
:10FB5000B80101083F000100B401010804000100E0
:10FB6000B001010800000100AC0101080100010022
:10FB7000A801010800000100A40101080300010020
:10FB8000A0010108030001009C010108030001001D
:10FB90009801010803000100940101089D00010083
:10FBA000900101084D0001008C01010801000500D1
:10FBB000780101081F000100740101080000010024
:10FBC0007001010801000200680101080000050041
:10FBD000540101080000030048010108000003006F
:10FBE0003C01010800000300300101080000010091
:10FBF0002C0101080000010028010108000001009B
:10FC0000240101080000010020010108000001009A
:10FC10001C0101080000010018010108000001009A
:10FC20001401010800000100100101080000020099
:10FC300008010108000001000401010800000100A2
:10FC40000001010800000100FC00010800000100A3
:10FC5000F800010800000100F400010800000100A4
:10FC6000F000010800000100EC00010800000100A4
:10FC7000E800010800000500D400010800000100B0
:10FC8000D000010800000100CC00010800000100C4
:10FC9000C800010800000100C400010800000100C4
:10FCA000C000010800000100BC00010800000100C4
:10FCB000B800010800000100B400010800000100C4
:10FCC000B000010800000100AC00010800000100C4
:10FCD000A800010805000100A4000108450001007A
:10FCE000A0000108000002009800010800000200C6
:10FCF00090000108000002008800010800000200D6
:10FD0000800001080A0001007C00010800000100D9
:10FD100078000108000001007400010800000100E3
:10FD200070000108000001006C00010801000500DE
:10FD30005800010801000500440001080100050009
:10FD400030000108010005001C000108000002004D
:10FD5000140001080000010010000108000001006B
:10FD60000C0001080000010008000108000001006B
:10FD7000040001080000010000000108000001006B
:10FD8000FCFF000800000100F8FF0008000001006F
:10FD9000F4FF000800000100F0FF0008000001006F
:10FDA000ECFF000800000100E8FF0008000001006F
:10FDB000E4FF000800000100E0FF0008000001006F
:10FDC000DCFF000800000100D8FF0008000001006F
:10FDD000D4FF000800000100D0FF0008000001006F
:10FDE000CCFF000800000100C8FF0008000001006F
:10FDF000C4FF000800000100C0FF0008000001006F
:10FE0000BCFF000800000100B8FF0008000001006E
:10FE1000B4FF000800000100B0FF0008000001006E
:10FE2000ACFF000800000100A8FF0008000001006E
:10FE3000A4FF000800000100A0FF0008000001006E
:10FE40009CFF00080000010098FF0008000001006E
:10FE500094FF00080000010090FF0008000001006E
:10FE60008CFF00080000010088FF0008000001006E
:10FE700084FF00080000010080FF0008000001006E
:10FE80007CFF00080000010078FF0008000001006E
:10FE900074FF00080000010070FF0008000001006E
:10FEA0006CFF00080000010068FF0008000001006E
:10FEB00064FF00080000010060FF00080800010066
:10FEC0005CFF00082000010058FF0008000001004E
:10FED00054FF00080000010050FF0008000001006E
:10FEE0004CFF00080000010048FF0008000001006E
:10FEF00044FF00080000010040FF0008000001006E
:10FF00003CFF00080000010038FF0008000001006D
:10FF100034FF00080AD7233D295C8F3D295C0F3E42
:10FF20005C8F423E0AD7A33E0C0018003000480008
:10FF30007800000032033000F702B000C202B000C7
:10FF40008D02B0005802B000F8029000C302900089
:10FF50008E02900059029000E400D000F40090005E
:10FF6000F700D1000703B000D202B0009D02B0003C
:10FF70006802B00005033100D00231009B0231005D
:10FF80006602310005033000D00230009B023000D1
:10FF9000660230000603B000D102B0009C02B0003F
:10FFA0006702B00001033100CC023100970231003A
:10FFB000620231000403B200CF02B2009A02B20022
:10FFC0006502B20013031002DE021002A902100241
:10FFD000740210020B031002D6021002A1021002DA
:10FFE0006C0210020303B000CE02B0009902B00010
:10FFF0006402B0000203B000CD02B0009802B0006D
:020000040801F1
:100000006302B00002033500CD02350098023500CE
:10001000630235003A01B0004601B0001902250024
:10002000380225003C022500430225004702250036
:10003000D7012500F6012500FA012500010225005F
:100040000502250095012500B4012500B801250011
:10005000BF012500C30125005301250072012500C1
:10006000760125007D01250081012500FB0290001D
:10007000C6029000910290005C02900047030402C7
:10008000FE02081028030810C9020810F302081025
:1000900094020810BE0208105F02081089020810BE
:1000A000DE00F700DE00F0002402F000E201F000C4
:1000B000A001F0005E01F000F3003000F3007700D3
:1000C000F300D1007100072072000402A1001002A9
:1000D000A2001002200008102700081031000810AC
:1000E0006F000810750007201B031002E6021002C3
:1000F000B10210027C02100217031002E202100289
:10010000AD02100278021002C100B0003901B00047
:10011000FA029000C5029000900290005B029000ED
:10012000FC02B001C702B0019202B0015D02B00151
:100130009100081092000810930008108E0008101B
:100140008F000810900008108B0008108C00081019
:100150008D0008103500081088000810890008106C
:100160008A000810960008108400081094000810F7
:10017000380008104001B00049012500490126005F
:10018000490127004901280049012900B803B001AD
:10019000B903B0014202040200020402BE010402DB
:1001A0007C01040236015100F2003000F2007700B9
:1001B000F200D100F500D0000F031002DA021002A5
:1001C000A502100270021002320331003203320025
:1001D00025020720E3010720A10107205F01072076
:1001E00026020402E4010402A201040260010402E6
:1001F00028020402E6010402A401040262010402CE
:1002000041020720FF010720BD0107207B010720D5
:1002100019022B0038022B003C022B0043022B005A
:1002200047022B00D7012B00F6012B00FA012B000F
:1002300001022B0005022B0095012B00B4012B00BD
:10024000B8012B00BF012B00C3012B0053012B0071
:1002500072012B0076012B007D012B0081012B0008
:100260002F020720ED010720AB01072069010720BD
:1002700031020402EF010402AD0104026B01040229
:100280005302A4001102A400CF01A4008D01A40018
:100290005202A4001002A400CE01A4008C01A4000C
:1002A0005102A4000F02A400CD01A4008B01A40000
:1002B000250007202F000710730008107C0008108D
:1002C0007E0008101F0007202600071030000710CE
:1002D000740008107B000810280007203200071067
:1002E0003900081041000710460005104B00082097
:1002F0004C0008204F00081054000820550008202A
:100300002100072029000710330007103A000810C9
:1003100040000710470005104A0008205000081050
:1003200053000810F6029000C10290008C02900069
:100330005702900019023701380237013C02370199
:100340004302370147023701D7013701F601370170
:10035000FA01370101023701050237019501370122
:10036000B4013701B8013701BF013701C3013701BB
:100370005301370172013701760137017D013701E1
:10038000810137011502B001D301B0019101B00123
:100390004F01B0012E0007106B0007107F000820EE
:1003A00080000810820007201402F000D201F00043
:1003B0009001F0004E01F0002B0330002F033000BD
:1003C0002B0354002F035400360007103F00081081
:1003D00086000820AF000810590010025A001002D1
:1003E000220008102A000810340008103E000810EF
:1003F0001B00051067000810680008201F02072076
:10040000DD0107209B01072059010720200204027B
:10041000DE0104029C0104025A01040248010402A4
:10042000110107202003B001EB02B001B602B001B8
:100430008102B001060024000D00240014002400F5
:100440006A0008204A012600330157003301550095
:10045000330153003501B00016010402FB00040211
:10046000000104020B0104022B020402E901040250
:10047000A70104026501040275010620780131001C
:1004800078013200790106208001062083013200C4
:10049000840106208A010620B7010620BA01310036
:1004A000BA013200BB010620C2010620C50132009C
:1004B000C6010620CC010620F9010620FC0131000E
:1004C000FC013200FD010620040206200702320072
:1004D000080206200E0206203B0206203E023100E2
:1004E0003E0232003F020620460206204902320048
:1004F0004A0206205002062028010810C500D0003C
:100500002103B001EC02B001B702B0018202B001D8
:100510009C0090019D009001F902D000C402D0001F
:100520008F02D0005A02D000DF005A00DF003900ED
:10053000DF005600DF003500DF005200DF00310031
:10054000B6003200BD003200BF0032005C01300056
:100550003700D000C802D000B4009000B700D1002E
:10056000FA000402E200F700E200F000B3003000FD
:10057000B3007700B300D100D6005100B2003000C4
:10058000B2007700B200D100B500D0005C013100AC
:100590005C013200290030002D0030002900540099
:1005A0002D005400060024000D0024001400240037
:1005B000D3005700D3005500D3005300D500B0003E
:1005C000AC0004021B030402F5040402FA04040252
:1005D000010504020605040221050402580504026F
:1005E000180504026C010402220304023204B00064
:1005F0007204B000CF040402C9043701CC043701EF
:10060000D0043701D30437016105B0006305D00081
:10061000E3005A00E3003900E3005600E300350030
:10062000E3005200E3003100590032006000320064
:1006300030BFC36335030100E5010800350308003E
:10064000850301008503000014000000A847000096
:1006500035030100E501100035031000850301009A
:100660008503000014000000A847000035030100C6
:10067000E50120003503200085030100850300000B
:1006800014000000D832000000000000B84B000049
:100690002508000035080100450801004008000059
:1006A00088090000A506A00B00000000170200004A
:1006B000F00900003702000070050000A80F0000DC
:1006C000000000008702000080020000F009000026
:1006D000B7020000B0020000700500009810000092
:1006E0000846000000000000200300002003000076
:1006F00020030000F0090000500300005003000038
:1007000070050000A0060000E0030000C84C0000D7
:10071000100C0000404A0000204C0000480400007B
:100720005835000078360000500A0000500A0000DA
:10073000E001000040020000D702000014000000A9
:10074000050800008506C0098006400A80062009C9
:100750000900000018370000A80F000098100000E2
:10076000084600000900000018370000404A000059
:10077000204C00000900000018370000204C000049
:10078000981000000846000009000000F849000029
:10079000884800005505000065050000450501007A
:1007A00009000000E5010800A50600008515040009
:1007B00035030300E501080035030800C506A46EF3
:1007C000B83700008503010085030000A038000051
:1007D0002838000009000000D0130000E0060000E7
:1007E000880800001707000068250000F0090000D5
:1007F000680900002708000002000000404A0000CD
:10080000204C0000B707000035070300D84E000059
:100810000A00000035070200F8090000A00F0000E0
:100820009010000000000000004600008808000052
:10083000600900004300000057080000782800000D
:10084000D813000000000000184800000900000054
:1008500060250000E014000070280000B0280000AF
:1008600000190000C02B0000002C0000201D00001B
:10087000102F0000502F00004021000060320000C7
:10088000D813000009000000E01400000900000077
:10089000F50101000600000885150200851501001C
:1008A0009515FF03A515010C09000000A8490000DB
:1008B0001848000025050000350500001505010059
:1008C00009000000D50701002506646B3507890D76
:1008D0004507890D85061400D84E00002A00000047
:1008E00025060000850600004507000010480000AE
:1008F0000900000045000000E50186003500840085
:100900004201000043000000B50C0B0082CE010044
:100910004300000068330000283900004500010052
:1009200009000000B50C000009000000B50C000033
:1009300009000000A50B0000F50B0000050C1200DB
:10094000150C0000E50B0000950B0500483B00006E
:100950000620220038420000B502040075020000A3
:1009600065024000E5010101B5020101A841000056
:1009700065020000783F0000A8420000D83B00005C
:10098000017C0007F2030000017C0100060040002A
:100990004300000001000005283C000009000000A1
:1009A000D5080A00E5081A00450285225502FD0116
:1009B00009000000A5010000D5000000E5000000CE
:1009C000F5002000050100001501000025010000D0
:1009D00035010000850100004501000055010000BF
:1009E00065010000750100009501000095000100FF
:1009F0007500FF3709000000350A0900550A00009C
:100A0000C50A0800650A3F08250A6000950A01002A
:100A1000250A7F0009000000D83C000002DC050028
:100A200043000000D5000000E50000007500030051
:100A300002050000430000008500030025000000BF
:100A4000180B000025000100E50102007500000000
:100A500009000000583A0000180E000002050000CE
:100A6000430000008500FF37D50A4F007500FF3FA7
:100A70008500FF3F50110000050A6B01050A0801BF
:100A8000050AB502E50C0100021400004300000055
:100A9000280F000045030100450302003813000041
:100AA000483B00001845000058450000784400000D
:100AB000A845000025000000E501000535000005FF
:100AC000E501020015000000020F000043000000D5
:100AD00018430000883A0000E501010035000100DC
:100AE0006201000043000000C80D0000784E0000C5
:100AF000250901009500FF4009000000050D0100D7
:100B0000250D0100150D1500A50A0100450D8700F2
:100B100009000000A50B0000F50A000025022E00C8
:100B200009000000083B000078440000E5011F00B8
:100B3000150B1F0038420000C8400000A84200000A
:100B400006202200E50A0800F50A0000883B0000A4
:100B500002000000E10300034300000001008002E6
:100B6000283C0000090000003502000015020000CA
:100B7000060220002200000032000000E17F800019
:100B800001F400001600000043000000C601000050
:100B900043000000E715000002000000F816000006
:100BA0004300000006001C00350200009016000003
:100BB000720000000602000072010000F81600003A
:100BC000430000000200000006001C00430000007B
:100BD00043000000E71600000602000002000000CB
:100BE000F816000043000000090000001200000099
:100BF00001F4000012000000E17F800026000000E8
:100C000001F4010000008000E17F8000E6010000A7
:100C100001F4070000008007430000006018000096
:100C200032000000E17F80002600000001F4030094
:100C300000008000E17F8000E601000001F4070071
:100C4000000080074300000006004000160000007E
:100C500043000000260000000000800006000000A5
:100C6000060000000600000001748000090000007A
:100C700035020000150200000602200022000000DC
:100C800032000000E17F800001F400001600000047
:100C900043000000C601000043000000071A0000E6
:100CA00002000000181B00004300000006001C00AA
:100CB00035020000B01A00007200000006020000B9
:100CC00072010000181B0000430000000200000039
:100CD00006001C004300000043000000071B00004A
:100CE0000602000002000000181B00004300000084
:100CF000090000001200000001F4000012000000D2
:100D0000E17F80002600000001F401000000800067
:100D1000E17F8000E601000001F407000000800789
:100D200043000000801C000032000000E17F8000D2
:100D30002600000001F4030000008000E17F800035
:100D4000E601000001F407000000800743000000F6
:100D500006004000160000004300000026000000CE
:100D600000008000060000000600000006000000F1
:100D70000174800009000000350200001502000027
:100D8000060220002200000032000000E17F800007
:100D900001F400001600000043000000C60100003E
:100DA00043000000271E000002000000381F000062
:100DB0004300000006001C0035020000D01E0000A9
:100DC000720000000602000072010000381F0000DF
:100DD000430000000200000006001C004300000069
:100DE00043000000271F0000060200000200000070
:100DF000381F00004300000009000000120000003E
:100E000001F4000012000000E17F800026000000D5
:100E100001F4010000008000E17F8000E601000095
:100E200001F407000000800743000000A02000003C
:100E300032000000E17F80002600000001F4030082
:100E400000008000E17F8000E601000001F407005F
:100E5000000080074300000006004000160000006C
:100E60004300000026000000000080000600000093
:100E70000600000006000000017480000900000068
:100E800035020000150200000602200022000000CA
:100E900032000000E17F800001F400001600000035
:100EA00043000000C601000043000000472200008C
:100EB00002000000582300004300000006001C0050
:100EC00035020000F022000072000000060200005F
:100ED00072010000582300004300000002000000DF
:100EE00006001C00430000004300000047230000F0
:100EF000060200000200000058230000430000002A
:100F0000090000001200000001F4000012000000BF
:100F1000E17F80002600000001F401000000800055
:100F2000E17F8000E601000001F407000000800777
:100F300043000000C024000032000000E17F800078
:100F40002600000001F4030000008000E17F800023
:100F5000E601000001F407000000800743000000E4
:100F600006004000160000004300000026000000BC
:100F700000008000060000000600000006000000DF
:100F8000017480000900000098130000F50B0000B8
:100F9000050C0000150C0000E50B0000950B00008F
:100FA000E50A0000050200000620020010340000DF
:100FB000050B0000050B0C00050B0000150B0000D5
:100FC000250B0000350B0100450B0000550B000000
:100FD000650B000038420000B502040075020000F5
:100FE00065020000E5010900B5020900A841000002
:100FF00065020000E5014100B5024100A841000082
:1010000065020000783E0000B50204007502000091
:1010100065020000E5010101B5020101A8410000DF
:1010200065020000783F0000A84200001828000078
:101030000900000015095D00F508BD00E50100206C
:10104000F508002001000000090000000100000573
:10105000283C0000004E000009000000981300002A
:10106000F50B0000050C0000150C0000E50B00005E
:10107000950B0000E50A00000502000006200200B2
:1010800010340000050B0000050B0C00050B0000E0
:10109000150B0000250B0000350B0100450B00006F
:1010A000550B0000650B000038420000B50204003B
:1010B0007502000065020000E5010900B5020900A3
:1010C000A841000065020000E5014100B5024100B1
:1010D000A841000065020000783E0000B50204004F
:1010E0007502000065020000E5010101B502010181
:1010F000A841000065020000783F0000A8420000FF
:10110000682B00000900000015095D00F508BD000E
:10111000E5010020F50800200100000009000000A2
:1011200001000005283C0000004E000009000000FE
:1011300098130000F50B0000050C0000150C0000D2
:10114000E50B0000950B0000E50A00000502000019
:101150000620020010340000050B0000050B0C00F7
:10116000050B0000150B0000250B0000350B0100DE
:10117000450B0000550B0000650B000038420000D5
:10118000B50204007502000065020000E5010900D7
:10119000B5020900A841000065020000E501410018
:1011A000B5024100A841000065020000783E000041
:1011B000B50204007502000065020000E5010101AE
:1011C000B5020101A841000065020000783F00005F
:1011D000A8420000B82E00000900000015095D00BB
:1011E000F508BD00E5010020F50800200100000021
:1011F0000900000001000005283C0000004E00002E
:101200000900000098130000F50B0000050C000019
:10121000150C0000E50B0000950B0000E50A00002E
:10122000050200000620020010340000050B00003B
:10123000050B0C00050B0000150B0000250B000032
:10124000350B0100450B0000550B0000650B00003D
:1012500038420000B502040075020000650200007B
:10126000E5010900B5020900A8410000650200007F
:10127000E5014100B5024100A841000065020000FF
:10128000783E0000B502040075020000650200000F
:10129000E5010101B5020101A8410000650200005D
:1012A000783F0000A842000008320000090000005A
:1012B00015095D00F508BD00E5010020F5080020D6
:1012C000010000000900000001000005283C0000AA
:1012D000004E000009000000E5013100C5082000B3
:1012E000090000006503C000B5070200B5082A0028
:1012F000A83200000900000055080200F5050100B1
:10130000350C040009000000D50701002506E400A3
:1013100065070600E507080045061400D84E0000E2
:101320000A000000F848000028490000650727006F
:1013300009000000350C0200350C0300E501010036
:10134000050B0100E5010200D50A0000A200000023
:101350004300000009000000E5010800A5060000A8
:1013600025030300E501080025030800C506046FF6
:10137000B8370000950301009503000028380000ED
:101380000900000015080000E5010800A506080096
:10139000D84E00002A0000000900000025080000C7
:1013A000250600003507030045070300D84E00005E
:1013B0000A000000090000002508010009000000E3
:1013C000F50101100600000809000000E501040015
:1013D00085060400D50701002506C46DD84E00001F
:1013E0002A00000009000000250600008506000014
:1013F00009000000E8360000184800008848000096
:1014000009000000E501100035031000090000008C
:10141000E50110002503100009000000D5070100B8
:1014200025061400D84E00002A0000002506000002
:10143000C506000009000000E5061800D84E0000AF
:101440000A000000E50600003508010088090000D8
:10145000A506A00B0900000005071800D84E0000E3
:101460000A0000000507000045080100483600009A
:10147000A506406909000000E501860035008400EA
:101480004201000043000000E5010300B50C01002B
:101490006200000043000000D50701002506E400BB
:1014A00065070600E507080045061800D84E00004D
:1014B0000A000000F84800002849000065072700DE
:1014C00009000000E5010300B50C0300090000005D
:1014D00068330000E50102003500020062010000EF
:1014E00043000000E5018400350000000900000011
:1014F0001502360005020E0025022E00090000002C
:101500001502360005020E002502930009000000B6
:1015100015094D00F5089D00E5010020F5080020A3
:101520000900000015095D00F508BD00E501002077
:10153000F508002009000000E5010020F508000082
:10154000000000000000000025000100E50102008D
:101550001500020025000000E50102001500000052
:101560000900000065007F00090000006500000020
:10157000090000007500010009000000D50000000E
:10158000E50102009500020009000000A50100002D
:10159000E5000000F5002000050100001501000035
:1015A000250100003501000045010300550103003D
:1015B0008501030065010300750103009501030027
:1015C000E501F77F9500F57F09000000E501FF01C7
:1015D0006502E001E5011100B5021100A84100001B
:1015E000E501FF016502FF01E5012100B5022100CF
:1015F000A8410000E501FF016502F801E501810055
:10160000B5028100A841000009000000E501FF01CA
:101610006502C001E5010102B5020102A841000016
:10162000E501FF016502FF01E5010104B5020104C6
:10163000A8410000E501FF016502F801E50101088C
:10164000B5020108A8410000E501FF016502FF01A4
:10165000E5010110B5020110A841000009000000D9
:10166000B50204006502003FB5020D00F84100001C
:101670006502C0FFB5021500F84100006502F0FFE9
:10168000B5028500F84100006502FFFFB5022500A4
:10169000F841000009000000B2080000430000000B
:1016A000E501F91FB502000009000000B2080000C2
:1016B00043000000B502040009000000E501000538
:1016C00035000000E501001835000018E5010005AF
:1016D0003500000509000000E501000535000000A7
:1016E000E501001835000000E501000535000005A2
:1016F00009000000450A0100450A000065070300D3
:10170000D50708002506140058490000A847000026
:1017100025073900F50400000505803EE5040100B9
:10172000D84E00000A000000A8470000F84800005A
:101730006507000009000000250A0000950A000066
:10174000250A0000650A000009000000050B0000E2
:10175000050B0C00050B0000150B1F00250B0000EE
:10176000350B0100450B0000550B0000650B000018
:1017700009000000F50B0000050C0E00150C000020
:1017800009000000950B0700A50B0400E50A0700FF
:10179000F50A040009000000D50B0500B50B030095
:1017A00009000000D50B0500B50B00000900000082
:1017B00038420000B5020400750200006502C03F17
:1017C000E5010101B5020101A8410000650200FE2A
:1017D000783F0000A8420000483B0000062022009D
:1017E000D83B0000F5090100E5010003950900015F
:1017F00001F40000D50B0500024B0000430000007F
:10180000D50B0900F5090000E5010003950900006A
:10181000283C00000900000025070000B505010074
:101820006200000043000000B5050000E504000070
:101830000900000035070000C50501006200000036
:1018400043000000C5050000150500000900000068
:1018500045070000D50501006200000043000000BC
:10186000D505000045050000090000002506000020
:10187000D50700000900000045060000E50700004C
:101880000900000015000400E50108003500000013
:10189000150000000900000015000800E501100017
:1018A00035000000150000000900000015001000C0
:1018B000E5012000350000001500000009000000CF
:1018C00095000100E50C0000250900002839000002
:1018D00025000100E501020015000200E5010600F7
:1018E00085000000E501060075000000D8450000F5
:1018F000984E0000E5010100350000006201000083
:101900004300000028440000D50A000085000100C3
:10191000183D0000783D0000090000002833000059
:10192000C500000095140000783D0000383D00001F
:10193000F80B000009000000D80B0000E5010100D1
:1019400085000000E501010075000000383D000041
:10195000E501020015000000F83C0000090000004D
:10196000950C1300750C3800850C0200150236002A
:1019700005020E0025022E00062022001509ED00AA
:10198000F508DD01E5010020F50800200100000553
:10199000010001050100000506004000283C000090
:1019A000750C0000850C0000950C0000090000007B
:1019B000350C0000350C0400E5010100050B0000AA
:1019C000E5010200D50A020009000000450DFF00F4
:1019D00009000000450D0000A50A0000050D0000EB
:1019E0000900000052000000430000000900000050
:1019F00000000000300EB36335030100E50108006C
:101A00003503080085030100850300001400000071
:101A1000A801000035030100E501100035031000A6
:101A2000850301008503000014000000A8010000E8
:101A300035030100E5012000350320008503010086
:101A4000850300001400000015000400E5010800F3
:101A50003500000015000000090000002507000007
:101A6000B50501006200000043000000B50500005C
:101A7000E50400000900000025060000D50700006D
:101A80000900000045060000E5070000090000000D
:101A90006503C000B5070200B5082A00C8020000AF
:101AA00009000000E5013100C50820000900000020
:101AB00052000000430000000900000065007F00A4
:101AC00009000000A5010000D5000000E5000000AD
:101AD000F5002000050100001501000025010000AF
:101AE000350100008501000045010000550100009E
:101AF00065010000750100009501000095000100DE
:101B00007500FF3709000000D5000000E501020064
:101B10009500020009000000A5010000E50000009A
:101B2000F50020000501000015010000250100005E
:101B30003501000045010300550103008501030044
:101B4000650103007501030095010300E501F77FBE
:101B50009500F57F09000000B50C000009000000A9
:101B600045000000E50186003500840042010000C8
:101B700043000000B50C0B0082CE010043000000C2
:101B80008808000058070000450001000900000017
:101B9000E5010300B50C030009000000020F00007E
:101BA000430000000900000088080000E501020071
:101BB000350002006201000043000000E5018400DE
:101BC0003500000009000000E501860035008400B2
:101BD0004201000043000000E5010300B50C0100D4
:101BE0006200000043000000D50701002506E40064
:101BF00065070600E507080045061800F802000022
:101C00000A000000180200004802000065072700D3
:101C100009000000D50701002506E400650706005D
:101C2000E507080045061400F80200000A0000005D
:101C300018020000480200006507270009000000A4
:101C4000550D01000000000075070000C50D90094A
:101C5000750727008513010015140100E501040034
:101C600085130400E501040015140400E5010800D3
:101C700085130800E501F8011514F80109000000BA
:101C800015020000050200002502010006202200C6
:101C900015090200F5080400E5010020F508002000
:101CA00009000000021400004300000001000100D0
:101CB000010080020600400009000000350A09000A
:101CC000550A0000C50A0800650A3F08250A600099
:101CD000950A0100250A7F0009000000250A00007E
:101CE000950A0000250A0000650A000009000000AE
:101CF000450A0100450A000065070300D5070800F2
:101D00002506140058010000A8010000250739002D
:101D1000F50400000505803EE5040100F80200001E
:101D20000A000000A801000018020000650700007A
:101D300009000000450A0100450A000009000000F2
:101D4000050D0100250D0100150D1500A50A010066
:101D5000450D870009000000450DFF000900000047
:101D600015095D00F508BD00E5010020F50800201B
:101D700009000000D5080A00E5081A00450285227E
:101D80005502FD01090000001502360005020E0093
:101D90002502930009000000E5010020F50800007D
:101DA000000000000000000025000100E501020025
:101DB0001500020025000000E501020015000000EA
:101DC00009000000350C0200350C0300E50101009C
:101DD000050B0100E5010200D50A0000A200000089
:101DE0004300000009000000E50100053500000087
:101DF000E501001835000018E50100053500000573
:101E000009000000E501000535000000E5010018AB
:101E100035000000E501000535000005090000005F
:101E2000B208000043000000E501F91FB502000000
:101E300009000000E501FF016502E001E501110074
:101E4000B5021100B8100000E501FF016502FF01B5
:101E5000E5012100B5022100B8100000E501FF01F5
:101E60006502F801E5018100B5028100B8100000AB
:101E700009000000E501FF016502C001E501010262
:101E8000B5020102B8100000E501FF016502FF0183
:101E9000E5010104B5020104B8100000E501FF01ED
:101EA0006502F801E5010108B5020108B81000005B
:101EB000E501FF016502FF01E5010110B502011016
:101EC000B810000009000000D50B0500B50B030099
:101ED00009000000D80F0000B502040075020000E0
:101EE0006502C03FE5010101B5020101B810000023
:101EF000650200FE0812000048100000580E0000A5
:101F000006202200B80D0000F5090100E5010003DC
:101F10009509000101F40000D50B0500024B0000FB
:101F200043000000D50B0900F5090000E50100039E
:101F300095090000980E000009000000050B000044
:101F4000050B0C00050B0000150B1F00250B0000F6
:101F5000350B0100450B0000550B0000650B000020
:101F6000090000005508020058010000A801000007
:101F70001802000048020000F5050100350C0400BD
:101F8000780200002851000038090000380A0000DB
:101F900001000000950C1300750C3800850C020040
:101FA000A2000000C2300000430000004300000017
:101FB000010001050600400001008002750C0001CF
:101FC000850C1800C80A0000850C380025030000A5
:101FD00065070300D5070800250614005801000016
:101FE000F50400000505800285142200C50A0000E2
:101FF000080D0000A801000025072106E5040100E6
:10200000F80200000A000000A8010000E50101003C
:1020100025030100C80A0000C50A0100080D0000E0
:10202000A801000025074D06E5040100F8020000A4
:102030000A000000A8010000E501020025030200DB
:10204000C80A0000C50A0200080D0000A80100002F
:1020500025077906E5040100F80200000A000000E7
:10206000A8010000E501040025030400C80A0000DF
:10207000C50A0300080D0000A80100002507A506F9
:10208000E5040100F80200000A000000A8010000B9
:10209000E501080025030800C80A0000C50A04007D
:1020A000080D0000A80100002507D106E504010085
:1020B000F80200000A000000A8010000E50110007D
:1020C00025031000C80A0000C50A0500080D00001D
:1020D000A80100002507FD06E5040100F802000044
:1020E0000A000000A8010000E501200025032000EF
:1020F000C80A0000C50A0600080D0000A80100007B
:1021000025072907E5040100F80200000A00000085
:10211000A8010000E501400025034000C80A0000B6
:10212000C50A0700080D0000A80100002507550793
:10213000E5040100F80200000A000000A801000008
:10214000E501800025038000C80A0000C50A0800D8
:10215000080D0000A801000025078107E504010023
:10216000F80200000A000000A8010000E5010001DB
:1021700025030001C80A0000C50A0900080D000077
:10218000A80100002507AD07E5040100F8020000E2
:102190000A000000A8010000E5010002250300027A
:1021A000C80A0000C50A0A00080D0000A8010000C6
:1021B0002507D907E5040100F80200000A00000025
:1021C000A8010000E501000425030004C80A00007E
:1021D000C50A0B00080D0000A8010000250705082E
:1021E000E5040100F80200000A000000A801000058
:1021F000E501000825030008C80A0000C50A0C0014
:10220000080D0000A801000025073108E5040100C1
:10221000F80200000A000000A8010000E50100101B
:1022200025030010C80A0000C50A0D00080D0000B3
:10223000A801000025075D08E5040100F802000080
:102240000A000000A8010000E5010020250300208D
:10225000C80A0000C50A0E00080D0000A801000011
:1022600025078908E5040100F80200000A000000C3
:10227000A8010000E501004025030040C80A000055
:10228000C50A0F00080D0000A80100002507B508C9
:10229000E5040100F80200000A000000A8010000A7
:1022A000E501008025030080C80A000085140000B5
:1022B000A80B000018020000C85000001400000025
:1022C00078590000750C8000850C8000B50A030069
:1022D000E5010400B50C040006000008950A610041
:1022E000484F0000950A6900484F0000950A7100A8
:1022F000484F0000950A7900484F0000950A4100B8
:10230000484F0000950A4900484F0000950A5100C7
:10231000484F0000950A5900484F0000950A2100D7
:10232000484F0000950A2900484F0000950A3100E7
:10233000484F0000950A3900484F0000950A0100F7
:10234000484F0000950A0900484F0000950A110007
:10235000484F0000950A1900484F0000B50A0000D8
:1023600001008002750C0200850C0200E5010400EA
:10237000B50C0000C80A0000750C1800850C06009A
:10238000F5001000C80A0000F5001100C80A00009E
:10239000F5001200C80A0000F5001300C80A00008A
:1023A000F5001400C80A0000F5001500C80A000076
:1023B000F5001600C80A0000F5001700C80A000062
:1023C000F5001800C80A0000F5001900C80A00004E
:1023D000F5001A00C80A0000F5001B00C80A00003A
:1023E000F5001C00C80A0000F5001D00C80A000026
:1023F000F5001E00C80A0000F5001F00C80A000012
:10240000F5002000C80A0000F5002100C80A0000FD
:10241000F5002200C80A0000F5002300C80A0000E9
:10242000F5002400C80A0000F5002500C80A0000D5
:10243000F5002600C80A0000F5002700C80A0000C1
:10244000F5002800C80A0000F5002900C80A0000AD
:10245000F5002A00C80A0000F5002B00C80A000099
:10246000F5002C00C80A0000F5002D00C80A000085
:10247000F5002E00C80A0000F5002F00C80A000071
:10248000F5003000C80A0000F5003100C80A00005D
:10249000F5003200C80A0000F5003300C80A000049
:1024A000F5003400C80A0000F5003500C80A000035
:1024B000F5003600C80A0000F5003700C80A000021
:1024C000F5003800C80A0000F5003900C80A00000D
:1024D000F5003A00C80A0000F5003B00C80A0000F9
:1024E000F5003C00C80A0000F5003D00C80A0000E5
:1024F000F5003E00C80A0000F5003F00C80A0000D1
:10250000A80B0000C850000014000000785900001B
:1025100045030100F5002000750C0300850C030045
:10252000E5010400B50C040006000008150D1000BC
:1025300008500000150D110008500000150D120084
:1025400008500000150D130008500000150D140070
:1025500008500000150D150008500000150D16005C
:1025600008500000150D170008500000150D180048
:1025700008500000150D190008500000150D1A0034
:1025800008500000150D1B0008500000150D1C0020
:1025900008500000150D1D0008500000150D1E000C
:1025A00008500000150D1F0008500000150D000018
:1025B00008500000150D010008500000150D020024
:1025C00008500000150D030008500000150D040010
:1025D00008500000150D050008500000150D0600FC
:1025E00008500000150D070008500000150D0800E8
:1025F00008500000150D090008500000150D0A00D4
:1026000008500000150D0B0008500000150D0C00BF
:1026100008500000150D0D0008500000150D0E00AB
:1026200008500000150D0F0008500000350D000087
:1026300001008002980E0000A80B00004503000076
:10264000C850000014000000B50B0300F50901009C
:10265000250001009509000125000000D50B0E00A2
:102660000214000043000000D50B0A00F509000029
:1026700095090000950C000062090000C2300000BE
:102680004300000043000000380A0000E501040098
:10269000B50C0400050C000006000008150C000035
:1026A000E50B3C00C80A0000E50B3400C80A000036
:1026B000E50B2C00C80A0000E50B2400C80A000046
:1026C000E50B0400C80A0000E50B0C00C80A000076
:1026D000E50B1400C80A0000E50B1C00C80A000046
:1026E000150C0100E50B3C00C80A0000E50B3400A6
:1026F000C80A0000E50B2C00C80A0000E50B240006
:10270000C80A0000E50B0400C80A0000E50B0C0035
:10271000C80A0000E50B1400C80A0000E50B1C0005
:10272000C80A0000150C0200E50B3C00C80A0000B6
:10273000E50B3400C80A0000E50B2C00C80A0000B5
:10274000E50B2400C80A0000E50B0400C80A0000DD
:10275000E50B0C00C80A0000E50B1400C80A0000D5
:10276000E50B1C00C80A0000150C0300E50B3C003B
:10277000C80A0000E50B3400C80A0000E50B2C0075
:10278000C80A0000E50B2400C80A0000E50B04009D
:10279000C80A0000E50B0C00C80A0000E50B140095
:1027A000C80A0000E50B1C00C80A0000150C040054
:1027B000E50B3C00C80A0000E50B3400C80A000025
:1027C000E50B2C00C80A0000E50B2400C80A000035
:1027D000E50B0400C80A0000E50B0C00C80A000065
:1027E000E50B1400C80A0000E50B1C00C80A000035
:1027F000150C0500E50B3C00C80A0000E50B340091
:10280000C80A0000E50B2C00C80A0000E50B2400F4
:10281000C80A0000E50B0400C80A0000E50B0C0024
:10282000C80A0000E50B1400C80A0000E50B1C00F4
:10283000C80A0000150C0600E50B3C00C80A0000A1
:10284000E50B3400C80A0000E50B2C00C80A0000A4
:10285000E50B2400C80A0000E50B0400C80A0000CC
:10286000E50B0C00C80A0000E50B1400C80A0000C4
:10287000E50B1C00C80A0000150C0700E50B3C0026
:10288000C80A0000E50B3400C80A0000E50B2C0064
:10289000C80A0000E50B2400C80A0000E50B04008C
:1028A000C80A0000E50B0C00C80A0000E50B140084
:1028B000C80A0000E50B1C00C80A0000150C08003F
:1028C000E50B3C00C80A0000E50B3400C80A000014
:1028D000E50B2C00C80A0000E50B2400C80A000024
:1028E000E50B0400C80A0000E50B0C00C80A000054
:1028F000E50B1400C80A0000E50B1C00C80A000024
:10290000150C0900E50B3C00C80A0000E50B34007B
:10291000C80A0000E50B2C00C80A0000E50B2400E3
:10292000C80A0000E50B0400C80A0000E50B0C0013
:10293000C80A0000E50B1400C80A0000E50B1C00E3
:10294000C80A0000C850000014000000A859000088
:10295000E8550000F50A000028590000F50A0100BA
:1029600028590000F50A020028590000F50A030062
:1029700028590000F50A040028590000F50A05004E
:1029800028590000F50A060028590000F50A07003A
:102990002859000001008002980E0000085A00002B
:1029A000C850000014000000A8590000080E0000E4
:1029B000D80F0000B5020400750200006502C03F98
:1029C000E5010900B5020900B81000006502000029
:1029D000E5014100B5024100B8100000650200FEAB
:1029E0000811000098580000481000000620020856
:1029F000B80D0000A50B040068550000F50A0000A2
:102A0000D84D0000F50A0100D84D0000F50A02007B
:102A1000D84D0000F50A0300D84D0000F50A040067
:102A2000D84D0000F50A0500D84D0000F50A060053
:102A3000D84D0000F50A0700D84D000001008002C3
:102A4000980E0000085A0000C85000001400000052
:102A5000A8590000E50A0800950B0800F50B0F00C7
:102A6000D80F0000B5020400750200006502C03FE7
:102A7000E5010900B5020900B81000006502000078
:102A8000E5014100B5024100B8100000650200FEFA
:102A900008110000B5020400750200006502C03F85
:102AA000E5010101B5020101B8100000650200FE58
:102AB0000812000048100000B80D0000F50A0400DC
:102AC0001502A0000600200801F40005060200001F
:102AD000A50B0000884C000006020000A50B0100B9
:102AE000884C000006020000A50B0200884C000084
:102AF00006020000A50B0300884C0000060200003F
:102B0000A50B0400884C000006020000A50B050080
:102B1000884C000006020000A50B0600884C00004F
:102B200006020000A50B0700884C0000010000050C
:102B3000980E0000085A0000C85000001400000061
:102B4000A8590000E50A0800950B0800F50B0900DC
:102B5000D80F0000B5020400750200006502C0072E
:102B6000E5010900B5020900B81000006502000087
:102B7000E5014100B5024100B81000006502001EE9
:102B800008110000B5020400750200006502C007CC
:102B9000E5010101B5020101B81000006502001E47
:102BA0000812000048100000350200001502A000C5
:102BB00025022E0006202008B80D0000A50B0400F9
:102BC000050C0300150C000068550000D84D0000EE
:102BD00001008002980E0000085A0000C850000052
:102BE00014000000A8590000E5010400B50C000025
:102BF000350C0100750C8001850C0200950C13004A
:102C0000450C0900650C1B0028150000450B02004F
:102C1000E50A0800950B0800D80F0000B502040073
:102C20007502000065024000E5010900B5020900D7
:102C3000B810000065020000E5014100B502410046
:102C4000B81000006502007E0811000098580000CE
:102C500048100000B80D0000010000001502A1009E
:102C600025026E00650B0400062020084853000072
:102C70000600200822000000485300004300000026
:102C800001008002650B0C000600200042000000DD
:102C9000485300004300000001000005650C0000DF
:102CA000450C0F00550C0300750CC001150B0900F5
:102CB000550B0700350B2900250B0B0006002000E3
:102CC0005200000058540000430000000100800240
:102CD000550B0F00350B09000600200052000000C4
:102CE000585400004300000001008002250B13002F
:102CF000060020005200000058540000430000006D
:102D000001000005980E0000085A0000C85000009D
:102D10001400000012000000E175000001F4010041
:102D200026000000E175000001F40700E601000044
:102D300002000000E175000001F40300260000001D
:102D4000E175000001F40700E60100004300000007
:102D500006004000160000004300000026000000AE
:102D6000017480000900000006002000120000002D
:102D70000602000072010000884C000043000000C1
:102D800006001C004300000001F48002090000005E
:102D9000060020000602000072010000884C0000BE
:102DA0004300000001F480020900000085130000C8
:102DB0001514000075070000C50D0000550D010039
:102DC00009000000B50A03000214000043000000DF
:102DD0000100010001008002B50A02000214000097
:102DE00043000000010007000100800206004000CF
:102DF00009000000350D010002140000430000002E
:102E00000100010001008002350D030002140000E2
:102E1000430000000100070001008002060040009E
:102E20000900000035030200E50100003503000041
:102E3000850301008503000009000000C5000000B3
:102E40009514000098040000580400009805000044
:102E50002803000002DC05004300000048030000D6
:102E6000A2010000430000008500FF37D50A4F0093
:102E70007500FF3F8500FF3F021400004300000083
:102E8000E50C0100280B0000380D000025000000B3
:102E9000E501000535000005E50102001500000010
:102EA000B8050000020F000043000000980D00006C
:102EB0002509010078060000A8060000D8060000D9
:102EC0000900000006020000F202000001080000F4
:102ED000E1070000010000000100010062000000A5
:102EE00001080000E10700000100000001000300EC
:102EF00043000000060040002600000043000000E0
:102F000006001C000900000006020000F20200009A
:102F10000128000001100000E1070000010001008D
:102F2000620000000128000001100000E10700001D
:102F300001000300430000000600400026000000DE
:102F40004300000006001C0009000000F509010014
:102F5000950900010214000043000000F50900007B
:102F60009509000001F4000109000000050A6B0149
:102F7000050A0801050AB502150D0000D50B090068
:102F8000E50B0000980E0000450301004503020018
:102F9000E84E00005813000088130000D80F00000E
:102FA000B5020400750200006502C03FE50109009A
:102FB000B5020900B810000065020000E5014100FB
:102FC000B5024100B8100000650200FE08110000C3
:102FD0009858000048100000E50A0800950B07000B
:102FE000480F000015029D00350200000502760022
:102FF00025022E0006200208B80D0000A50B0400D3
:10300000050C1100150C0000F50B020068550000BE
:10301000080E000009000000B5020400750200005F
:1030200065024000E5010101B5020101B810000090
:103030006502000008120000090000005502DD0DC5
:10304000784E00005502FF0F784E00000900000086
:10305000280B0000F80B0000090000007859000060
:10306000E50101003500010062010000430000009D
:1030700009000000E50101003500000062010000C8
:1030800043000000A80B0000090000000000000041
:10309000CDCC344133335B41000098410000A44162
:1030A000CDCCAC41613132312D76312E31302E30E4
:1030B0000000000000000000000000000000000010
:1030C0000000000000000000000000000000000000
:1030D00000000000000000000000000000000000F0
:1030E00000000000000000000000000000000000E0
:1030F000000000000000000000000000FFFF0000D2
:1031000005E5000815E5000800000000E1160008CC
:103110009522000850000000A000010008001001E6
:10312000000000010300000050000000A0000100AA
:103130000800100100000001030000005000000022
:10314000A0000100080010010000000103000000C1
:1031500050000000A0000100080010010000000164
:10316000030000000000000000000000010000005B
:103170000100010002000100A000000000000000AA
:10318000000000000000000000000000000000003F
:10319000000000000000000000000000000000002F
:1031A000000000000000000000000000000000001F
:1031B000000000000000000000000000000000000F
:1031C00000000000000000000000000000000000FF
:1031D00000000000000000000000000000000000EF
:1031E00000000000000000000000000000000000DF
:1031F00000000000000000000000000000000000CF
:1032000000000000000000000000000000000000BE
:1032100000000000000000000000000000000000AE
:10322000000000000000000000000000000000009E
:10323000000000000000000000000000000000008E
:103240000000000000000000496E76616C69642097
:10325000636F6E6669672068616E646C650000006C
:10326000636F6E66696700004F66667365743A2027
:10327000256875204D6F646966792076616C756587
:10328000203D20256C7520746F6F206C617267651E
:1032900020286D6178696D756D20256C7529000099
:1032A000636F6E6670726F6772616D00496E7661F2
:1032B0006C69642064617461206F627461696E6519
:1032C0006420666F72207061746368696E670000C5
:1032D0005374617465206E6F7420757365640000AB
:1032E000656C656D656E745F6672616D650000008A
:1032F0005363726174636820697320757365642019
:10330000627574206E6F742073657400536372610C
:1033100074636820616E64207374617465206E6FDD
:103320007420757365640000656C656D656E745F0F
:1033300073696E6B5F613132315F63616C6C6261C6
:10334000636B00004F75747075742063616E206E3E
:103350006F742062652073657420666F72207369D4
:103360006E6B20656C656D656E740000253032757E
:103370003A253032753A253032752E253033752096
:103380002825632920282573292025730A00000099
:103390004557495644000000496E76616C696420C7
:1033A000737562737765657020696E646578000077
:1033B000496E76616C69642070726F6365737369BE
:1033C0006E672068616E646C6500000070726F63E8
:1033D000657373696E670000496E76616C6964207D
:1033E00073656E736F722068616E646C65000000B7
:1033F00073656E736F720000546F6F206C6172673B
:10340000652073656E736F722062756666657220E3
:10341000757361676500000072616461725F656E5B
:1034200067696E655F613132310000004C6F616425
:103430003A205472616E736665722073697A6520F2
:10344000697320746F206C617267650073656E73B9
:103450006F725F636F6D6D5F61313231000000002C
:1034600053656E736F7220256C75206E6F742072B9
:103470006561647920666F722072756E6E696E6721
:103480002061206E65772070726F6772616D000039
:1034900073656E736F725F70726F746F636F6C5F62
:1034A0006131323100000000496E76616C69642040
:1034B0006275666665722073656E736F7220256C27
:1034C0007500000047656E657269633120496E744E
:1034D00065727275707420616C72656164792063C5
:1034E0006C6561726564206F6E2073656E736F72B8
:1034F00020256C75000000004E6F206576656E74A7
:1035000020636F6465205B307825785D2072656389
:1035100065697665642066726F6D2073656E736F82
:103520007220256C750000004572726F72206576FE
:10353000656E7420636F6465205B307825785D204C
:1035400072656365697665642066726F6D20736568
:103550006E736F7220256C7500000000496E7661F5
:103560006C6964206576656E7420636F6465205BAA
:10357000307825785D2072656365697665642066BC
:10358000726F6D2073656E736F7220256C7500000D
:1035900053707572696F7573206576656E742072ED
:1035A00065636569766564207768656E20444F4E73
:1035B0004520657870656374656421205265636594
:1035C00069766564206576656E7420636F64652036
:1035D0003D2025640000000063616C6962726174C3
:1035E000696F6E5F613132315F63616C5F73657308
:1035F00073696F6E00000000496E76616C6964202B
:103600006E756D626572206F662073756273776583
:10361000657073007472616E736C6174696F6E5F54
:103620006131323100000000496E76616C696420BE
:1036300073776565705F726174650000656E6162C5
:103640006C655F636361206E6F742076616C696482
:10365000207769746820646F75626C655F62756657
:10366000666572696E670000537562737765657091
:10367000202568752068617320696E76616C6964C5
:103680002050524600000000496E76616C6964204B
:103690006672616D655F726174650000496E766186
:1036A0006C69642073657474696E677320666F72E9
:1036B00020636F6E74696E756F75735F7377656580
:1036C000705F6D6F64650000696E7465725F66722D
:1036D000616D655F69646C655F7374617465206DAD
:1036E000757374206265207468652073616D652050
:1036F0006F7220646565706572207468616E206900
:103700006E7465725F73776565705F69646C655F21
:103710007374617465000000496E76616C696420A1
:10372000696E7465725F6672616D655F69646C6510
:103730005F73746174650000496E76616C69642022
:10374000696E7465725F73776565705F69646C65D7
:103750005F73746174650000496E76616C69642002
:103760006877616173000000496E76616C6964205E
:10377000636F6D62696E6174696F6E206F66206C35
:103780006F6F706261636B20616E642070726F6630
:10379000696C6500496E76616C696420636F6D6267
:1037A000696E6174696F6E206F662070726F6669F2
:1037B0006C6520616E64207072660000496E7661EF
:1037C0006C69642070726F66696C6500496E766121
:1037D0006C696420737465705F6C656E67746800F3
:1037E000496E76616C6964206E756D5F706F696E8D
:1037F0007473000070686173655F656E68616E6305
:10380000656D656E74206E6F742076616C696420DE
:10381000776974686F75742073756274726163740C
:103820005F696E5F6275666665720000496E7661FB
:103830006C696420737461727420706F696E7400B7
:10384000496E76616C6964206E756D626572206F79
:103850006620706F696E7473206F72207374657068
:10386000206C656E67746800496E76616C696420CF
:1038700070726600537461727420706F696E742088
:103880006F722072616E676520746F6F206661725F
:1038900000000000537461727420706F696E7420B0
:1038A000746F6F20636C6F7365000000496E766102
:1038B0006C69642072656365697665725F676169CA
:1038C0006E000000496E76616C6964205458207067
:1038D0006F77657220617474656E756174696F6E5F
:1038E000000000004661696C656420746F206361AC
:1038F0006C63756C6174652070756C736573686159
:103900007065722073657474696E677321000000BE
:10391000546865206D6178696D756D207377656594
:1039200070207261746520697320256400000000B6
:10393000556E61636B6E6F776C6564676564206557
:1039400076656E74206465746563746564206F6E5B
:103950002073656E736F7220256C750053656E73EE
:103960006F7220256C75206E6F74207265616479AA
:1039700020666F72206C6F6164696E672061206ED3
:1039800065772070726F6772616D0000496E7661B5
:103990006C6964207265666572656E636520667227
:1039A000657175656E6379202573256C752E2530DC
:1039B000366C7520487A00006370645F706C6C5FD1
:1039C00064697669736F72730000000053656E73EB
:1039D0006F722063616C6962726174696F6E2073CB
:1039E000746570202564206661696C656400000060
:1039F00063616C6962726174696F6E5F61313231EB
:103A000000000000496E76616C696420636F6E6629
:103A1000696775726174696F6E0000006465746532
:103A200063746F725F70726573656E63650000002A
:103A3000496E76616C69642068616E646C65000033
:103A40006465746563746F725F70726573656E63CD
:103A5000655F70726F63657373696E670000000065
:103A6000416C6C6F636174652070726573656E6321
:103A7000652068616E646C65206661696C656400D0
:103A8000706970656C696E655F613132310000008C
:103A90004661696C656420746F206765742072618B
:103AA00064617220656E67696E65206D657461641E
:103AB00061746100706970656C696E655F737562D1
:103AC0007377656570000000506970656C696E659C
:103AD000206E6F742070726F7065726C79206173E4
:103AE00073656D626C656400417373656D626C65CE
:103AF00020737562737765657020706970656C6995
:103B00006E65206661696C6564000000416C6C6FD5
:103B1000636174652070726F63657373696E67208B
:103B200068616E646C65206661696C00546865202C
:103B300066696C74657220706172616D657465721E
:103B4000732061726520696E76616C6964000000A3
:103B500073657475705F70726F63657373696E6798
:103B60005F706172616D6574657273206661696C06
:103B700000000000416C6C6F6361746520627566C3
:103B800066657273206661696C00000070726F6315
:103B9000657373696E675F627566666572735F737E
:103BA00065747570206661696C0000004F75742043
:103BB0006F66206D656D6F72790000007273735FC0
:103BC000696E746567726174696F6E0041646472D6
:103BD0006573733A20256875204D6F646966792096
:103BE00076616C7565203D20256C7520746F6F20A3
:103BF0006C6172676520286D6178696D756D20252F
:103C00006C752900496E76616C6964206461746129
:103C1000206F627461696E656420666F72206C69E2
:103C20007665207061746368696E67004163636FD5
:103C30006E65657220736F66747761726520766554
:103C40007273696F6E2025730A000000416C6C6FFF
:103C5000636174652070726573656E636520636F60
:103C60006E666967206661696C6564006163635FA5
:103C70006465746563746F725F70726573656E639B
:103C8000655F636F6E6669675F63726561746528FF
:103C900029206661696C6564000000006163635FF0
:103CA0006465746563746F725F70726573656E636B
:103CB000655F6372656174652829206661696C655A
:103CC000640000006163635F6465746563746F72B0
:103CD0005F70726573656E63655F6765745F62755B
:103CE000666665725F73697A652829206661696C0A
:103CF0006564000062756666657220616C6C6F6356
:103D00006174696F6E206661696C65640000000013
:103D1000556E657870656374656420617369635F6F
:103D2000696420666F756E64203D203078257800C8
:103D300053656E736F7220697320696E2077726F9E
:103D40006E67207374617465000000006163635FD7
:103D500073656E736F725F63726561746528292085
:103D60006661696C65640000646F5F73656E736F94
:103D7000725F63616C6962726174696F6E28292079
:103D80006661696C656400004661696C65642074F5
:103D90006F20726573657420627566666572732C38
:103DA000206E6F206275666665727320616C6C6F41
:103DB0006361746564000000496E76616C6964201B
:103DC00063616C6962726174696F6E004E6F74201A
:103DD000706F737369626C6520746F207265636FB6
:103DE0006E666967757265207768656E20646F75A9
:103DF000626C6520627566666572696E67206973BC
:103E000020636F6E666967757265640053656E73D3
:103E10006F7220256C75206E6F74207265616479F5
:103E200020746F20626520757064617465640000A1
:103E30006370645F613132315F6D6561735F7365BB
:103E40007373696F6E0000004C6F61642070726F55
:103E50006772616D206661696C6564006163635FB0
:103E60006465746563746F725F70726573656E63A9
:103E7000655F707265706172652829206661696C82
:103E8000656400006163635F73656E736F725F6D7D
:103E9000656173757265206661696C656400000018
:103EA00053656E736F7220696E746572727570748B
:103EB0002074696D656F7574000000004275666658
:103EC00065722073697A6520746F6F20736D616C01
:103ED0006C00000053656E736F7220256C75204E68
:103EE0006F2070656E64696E6720696E74657272AA
:103EF0007570740053656E736F7220256C75206544
:103F000076656E74206973206E6F742048414E444C
:103F10005348414B45205B307825785D0000000018
:103F2000496E76616C696420627566666572206CA4
:103F3000656E6774680000005472616E7366657226
:103F400020646174612066726F6D2073656E736F9B
:103F50007220746F20686F7374206661696C656489
:103F6000000000006163635F73656E736F725F7260
:103F7000656164206661696C656400006163635F0C
:103F80006465746563746F725F70726573656E6388
:103F9000655F616C675F6672616D655F6162735FCB
:103FA0006465765F616363756D756C6174652066C9
:103FB00061696C65640000006163635F64657465DA
:103FC00063746F725F70726573656E63655F707244
:103FD0006F63657373206661696C6564000000003F
:103FE00053656E736F7220726563616C6962726192
:103FF00074696F6E206E6565646564202E2E2E20B8
:104000000000000053656E736F7220726563616C0F
:104010006962726174696F6E20646F6E6521000061
:104020004D6F74696F6E00004E6F206D6F74696F15
:104030006E000000496E7472612070726573656E67
:1040400063652073636F72653A2025642C20496E86
:104050007465722070726573656E63652073636F3B
:1040600072653A2025642C2044697374616E63651F
:1040700020286D6D293A2025640A00006163635F82
:10408000696E746567726174696F6E5F7365745F82
:10409000706572696F6469635F77616B65757020C5
:1040A0006D7573742062652063616C6C656420704B
:1040B00072696F7220746F2063616C6C696E672027
:1040C000746869732066756E6374696F6E000000B2
:1040D0006163635F6465746563746F725F7072655A
:1040E00073656E63655F616C675F6672616D655F66
:1040F0006162735F6465765F746F5F6E6F6973652D
:104100005F726174696F206661696C6564000000AC
:10411000000FC93F000F494000CB9640000FC94037
:104120000053FB4000CB164100ED2F41000F4941E9
:104130000031624100537B41003A8A4100CB9641F5
:10414000005CA34100EDAF41007EBC41000FC941BE
:1041500000A0D5410031E24100C2EE410053FB41D5
:1041600000F20342003A0A420083104200CB16429A
:1041700000141D42005C234200A5294200ED2F429D
:1041800000363642007E3C4200C74242000F4942A0
:10419000A2000000F9000000830000006E00000093
:1041A0004E0000004400000015000000290000003F
:1041B000FC0000002700000057000000D1000000B4
:1041C000F500000034000000DD000000C000000029
:1041D000DB00000062000000950000009900000074
:1041E0003C0000004300000090000000410000007F
:1041F000FE0000005100000063000000AB00000062
:10420000DE000000BB000000C500000061000000EF
:10421000B7000000240000006E0000003A0000001B
:10422000420000004D000000D2000000E00000004D
:1042300006000000490000002E000000EA00000017
:1042400009000000D1000000920000001C000000E6
:10425000FE0000001D000000EB0000001C0000003C
:10426000B100000029000000A70000003E0000008F
:10427000E80000008200000035000000F5000000AA
:104280002E000000BB00000044000000840000007D
:10429000E90000009C000000700000002600000003
:1042A000B40000005F0000007E000000410000003C
:1042B0003900000091000000D60000003900000025
:1042C000830000005300000039000000F4000000EB
:1042D0009C000000840000005F0000008B000000D4
:1042E000BD000000F9000000280000003B000000B5
:1042F0001F000000F800000097000000FF00000011
:10430000DE00000005000000980000000F00000023
:10431000EF0000002F000000110000008B000000E3
:104320005A0000000A0000006D0000001F0000009D
:104330006D000000360000007E000000CF0000008D
:1043400027000000CB00000009000000B7000000BB
:104350004F000000460000003F0000006600000023
:104360009E0000005F000000EA0000002D00000039
:104370007500000027000000BA000000C700000020
:10438000EB000000E5000000F10000007B000000F1
:104390003D0000000700000039000000F7000000A9
:1043A0008A0000005200000092000000EA000000B5
:1043B0006B000000FB0000005F000000B100000087
:1043C0001F0000008D0000005D00000008000000DC
:1043D000560000000300000030000000460000000E
:1043E000FC0000007B0000006B000000AB00000040
:1043F000F0000000CF000000BC0000002000000022
:104400009A000000F4000000360000001D000000CB
:10441000A9000000E300000091000000610000001E
:104420005E000000E60000001B0000000800000025
:104430006500000099000000850000005F0000009A
:1044400014000000A0000000680000004000000010
:104450008D000000FF000000D80000008000000078
:104460004D00000073000000270000003100000034
:1044700006000000060000001500000056000000C5
:10448000CA00000073000000A8000000C90000007E
:1044900060000000E20000007B000000C00000009F
:1044A0008C0000006B0000000000C93F0000F039E4
:1044B0000000DA370000A2330000842E0000502BE9
:1044C0000000C2270000D0220000C41F0000C61B4D
:1044D000000044170400000007000000090000006D
:1044E000D1F71737D1F717B78071313F807131BFDE
:1044F0000000003F000000BF00000080DB0F4940CB
:10450000DB0F49C0DB0F49BFE4CB1640E4CB16C03C
:104510006937AC3168212233B40F14336821A233D8
:104520003863ED3EDA0F493F5E987B3FDA0FC93FB3
:084530006870FF7F010000002C
:0845380051BC00080000000066
:0845400029BC00080000000086
:1045480000093D00100000006262615F63616C5FFA
:104558006374726C5B785D0074785F667265715F16
:104568006B687A5B785D00002C000020000000007A
:1045780098040020000500206805002000000000C5
:104588000000000000000000000000000000000023
:104598000000000000000000000000000000000013
:1045A8000000000000000000000000000000000003
:0845B8000000000000000000FB
:040000050800C1E945
:00000001FF
