:020000040800F2
:100000000000012085960008BD3B0008C13B0008A8
:10001000C53B0008C93B0008CD3B000800000000BC
:10002000000000000000000000000000D13B0008BC
:10003000D53B000800000000D93B0008DD3B00086C
:10004000D5960008D5960008D5960008F13B000823
:10005000D5960008D5960008D5960008D5960008D4
:10006000D59600082D3C0008D5960008D5960008C6
:10007000413C00084D3C0008D5960008D596000884
:10008000593C0008653C0008D5960008D596000844
:10009000D5960008D5960008D5960008D596000894
:1000A000D5960008D5960008D5960008D596000884
:1000B000D59600080000000000000000D59600085A
:1000C000D5960008713C0008D5960008D596000822
:1000D000D5960008D596000809440008D596000872
:1000E000993C0008AD3C0008000000000000000042
:1000F0000000000000000000000000000000000000
:1001000000000000D596000800000000D596000809
:100110000000000000000000D5960008D5960008F9
:10012000D5960008D5960008D5960008D596000803
:10013000D59600080000000000000000000000004C
:10014000D5960008D5960008D59600080000000056
:10015000D5960008D5960008D5960008D5960008D3
:10016000D5960008D5960008D59600080000000036
:10017000D5960008D5960008000000000000000099
:10018000D5960008D5960008D59600080000000016
:1001900008B518B1064B02689A4207D0054B064ACB
:1001A0001B69064900209847002008BD012008BDB2
:1001B0000FB0371378000020D8F90008F0F90008D4
:1001C0002DE9F04F8FB002AFBDF860E0019701FB61
:1001D0000E3E0AAC06AE00EB8E0E4FEA810B0DF11F
:1001E0003808BA46B1462546BEF9027049F8047B84
:1001F00007FB07FCBEF9007045F8047B07FB07C747
:1002000045454AF8047BDE44EED14FF0000C019FD7
:1002100001946FF0004A4FF000496546E64657F8F2
:10022000044B1FFA8CFB4C45C4BFA146DE460CF1C3
:10023000010C5445BCBF5D46A246BCF1040FEED193
:100240000EAF07EB8E0E07EB8507019C00254EF8DD
:10025000105C4EF8205C47F8105C47F8205C944630
:100260002F469E4654F8042B56F8043B4445174449
:100270001D44F7D101FB0CE300EB830207EBD777BA
:1002800005EBD5757F106D1020F8237055800FB0E9
:10029000BDE8F08FB1F804C093680A899A80BCF178
:1002A000000C18BF4FF0010CCA7983F800C091F818
:1002B00006C083F801C09A709860704703460068D2
:1002C000D3F8E8104268C3F8F0101047D0E90F23C4
:1002D000816B0069184700BF0068C368184700BFFA
:1002E000704700BF10B1024B9B681847704700BFB2
:1002F0007800002000688368184700BFB5EEC00A88
:10030000DFED0D7A9FED0D7AF1EE10FA54BF30EE6D
:10031000270A37EEC00ADFED087A70EE277AFCEE86
:10032000E77AF8EE677A30EE670A20EE070AFCEE0D
:10033000C07A17EE900A7047BD370635002474491D
:1003400090F824C0BCF1010F3CD070B590F825C0E6
:100350000124A44580F824405FFA8CFE04D00023D9
:1003600080F82430022070BD022580F825500468F2
:100370000025C5632668456C26F00106266005F059
:100380001C05066C0EFA05F5756063608368102B1A
:10039000036B0BBFA260A160E160E2604BB1236818
:1003A00043F00E032360236843F001030020236021
:1003B00070BD236823F004032360236843F00A031D
:1003C0002360F0E7022070472DE9F0417A4C0023CA
:1003D000237694F87D30012B0D46616A08D0B1F583
:1003E000827F64D1D8B2A36A002B60D104285ED189
:1003F000002D5CD092B2002A59D094F87C30012BA9
:1004000055D094F87D30266AA565042B1CBF0523C2
:1004100084F87D3001210023C4F8803084F87C10FA
:10042000A4F85E20A4F86620C4E91B337368A4F81E
:100430005C2023F4C0432566A4F864207360E36A5B
:10044000A06FB3F5E06F34D8636F99697368B1F545
:10045000806F43F48053736000F082808369B3F54A
:10046000806F69D094F87D30544A042B544B18BFE8
:100470001346544A0363544B4363544B18BF13460B
:10048000C362B4F866304FF00008C0F838809BB201
:1004900006F10C012A46FFF753FF074670B1D4F866
:1004A000803084F87C8043F01003C4F88030BDE8CD
:1004B000F081736823F480537360D3E77368606FCF
:1004C00043F001037360B4F85E300A46C0E90B776D
:1004D000C0E90D7729469BB2FFF732FF00284CD1C7
:1004E00033685B0623D5002384F87C30736843F0BF
:1004F00020037360736843F002037360D4F88420B0
:10050000237E002BD3D141F2873109E072B6237EDE
:1005100003B930BF62B6BFF36F8F237E002BC6D105
:10052000D4F884309B1A8B42F0D9BDE8F08133684F
:1005300043F040033360D6E7736823F4805373605D
:10054000B4F8663013F0010F73681FD123F4005321
:100550007360B4F86630C3F34E03A4F8663081E7E5
:10056000D20773681DD423F480437360B4F85E30FF
:10057000C3F34E03A4F85E3070E7D4F8803084F8FB
:100580007C7043F01003C4F8803090E743F40053CC
:100590007360B4F86630C3F34E030133A4F86630D9
:1005A00060E743F480437360B4F85E30C3F34E03F6
:1005B0000133A4F85E3051E7780000208907000875
:1005C00085070008911400088D070008E113000852
:1005D00070B4436C066C056831682C6803F01C032A
:1005E00004229A400A420ED014F0040F0BD02B685C
:1005F0009B0603D42B6823F004032B60036B72600B
:10060000CBB170BC184702229A400A4215D014F0B0
:10061000020F12D02B68990606D42B6823F00A0328
:100620002B60012380F82530C36A7260002180F8B6
:100630002410002BE5D170BC704708229A400A4272
:10064000F9D02207F7D52A68416B22F00E022A6002
:10065000012202FA03F300247360C26380F824408D
:1006600080F825200029E6D070BC0847434A03687B
:1006700030B4D468A40707D0D46804F003049C42C3
:100680004AD0012030BC7047022B56D0032B4DD0EE
:10069000012BF6D112689207F3D5384CE26822F0AC
:1006A000730213434268013A43EA0213E360334C96
:1006B000334A236823F080632360D2F8845004E037
:1006C000D2F884305B1B022B3BD823681B01F7D484
:1006D00083681B02002936D12169C56821F0784161
:1006E00021F4FE4143EAC5630B43236123490B68B0
:1006F00043F080630B60D2F8844004E0D2F8843089
:100700001B1B022B1DD80B681B01F7D582690B69D7
:10071000134300200B61B5E7002CB2D0D3684268C8
:10072000C3F3021301339342ABD1C0E71468A403AF
:10073000B3D412685203A4D5AFE712685505A0D50B
:10074000ABE703209EE7012921690BD021F0C061AE
:1007500021F4FE41194343695B08013B41EA4361CF
:100760002161C3E721F4C00121F4FE410B4301697B
:100770004908013943EA41532361B7E700100240B9
:1007800078000020704700BF704700BF836A196877
:100790004A6822F003024A601A6E4FF0010C42F0E0
:1007A00010021A6683F85DC0704700BF836A00229A
:1007B000A3F85A20A3F85220704700BF08B518B11B
:1007C000074B02689A4207D0064B074A1B69074944
:1007D00000209847002008BDB0F85C0008BD00BFAD
:1007E0000FB0371378000020D8F90008F0F900089E
:1007F00010B520B10C4B02689A42044607D00B4B4F
:100800000B4A1B690B49BDE810400020184740689F
:1008100018B1C36898470023636000232360204613
:10082000BDE810405EE500BF0DB037137800002032
:10083000F8F9000814FA000810B520B10B4B026853
:100840009A42044607D00A4B0A4A1B690A49BDE886
:1008500010400020184700690023236008B1FFF70B
:1008600041FD2046BDE810403CE500BF0EB0371307
:100870007800002020FA000838FA00082DE9F04737
:10088000D0F800800546B8F1000F1ED0D8F8987057
:100890000FB3124E07F148044FF00009583754F8CF
:1008A000040F18B1B3689847C4F80090A742F6D176
:1008B000D8F89800B36800B19847B36840469847A5
:1008C000B3682846BDE8F0471847044E2846B36889
:1008D000BDE8F0471847014EEFE700BF7800002061
:1008E000F8B505460088002A1C460CBF4FF400539B
:1008F0004FF48053B0F59C6F0E460ED300F15107B4
:100900007F008342BFB235D21C4B1D4A1B691D4973
:10091000002098474FF0000C03E040F662274FF0AC
:10092000010C1949194AC4E9011202F11912E260D5
:1009300002F1191222612346002262805122A28212
:1009400023F8167B29686A68A868EF68C4F816104F
:100950005A609860DF602969A8696A6998611961BD
:1009600096E803005A61AA8B9A83343484E8030022
:100970006046F8BD4FF0010CD3E700BF78000020BF
:1009800040FA000860FA00080100020003001B00A2
:1009900010B50C4C94F88810012982B00FD90A497F
:1009A000246912F4006F0346084818BF0846C2F3D2
:1009B0000A01CDE90001064A06490220A04702B01B
:1009C00010BD00BF7800002074FA00087CFA00080F
:1009D00084FA000898FA000810B50A4C94F888C008
:1009E000BCF1010F82B00AD92C3989B203461046F6
:1009F0002469054ACDE9001004490220A04702B04D
:100A000010BD00BF78000020ACFA000898FA00087A
:100A100030B5084991F88840012C83B008D902F01C
:100A20000F040D69044A0549009403460220A847B3
:100A300003B030BD78000020D4FA000898FA00080E
:100A400010B50A4C94F888C0BCF1010F82B00AD9E5
:100A50007D3989B2034610462469054ACDE9001064
:100A600004490220A04702B010BD00BF780000205A
:100A7000F4FA000898FA000810B5A1F1620C134CC2
:100A80001CF0010F034694F888E084B01FFA8CF044
:100A90000DD1BEF1010F08D9400824690292CDE9B9
:100AA00000010B4A0B490220A04704B010BDBEF163
:100AB000010FFAD9400824690292CDE90001064AE3
:100AC00004490220A04704B010BD00BF78000020F8
:100AD00024FB000898FA00085CFB000810B50A4CDB
:100AE00094F888C0BCF1010F84B00BD90346A1F57E
:100AF0008C7080B224690090CDE901120220034A73
:100B00000349A04704B010BD7800002094FB000802
:100B100098FA00082DE9F04F1F4EDFF888B08046A4
:100B200015460FCE91B002AC0FC40FCE0FC40FCE3E
:100B30000FC49BF888C096E80300BCF1010F84E85D
:100B4000030007D9DBF81040144A154900954346C5
:100B50000220A047DFF850A0DFF8449002AC10AEAE
:100B600002E00834B44213D0A3881D42F9D09BF8A8
:100B70008820012A4346524649464FF00200F0D9E8
:100B800027680097DBF810700834B847B442EBD1FF
:100B900011B0BDE8F08F00BF78BA0008BCFB0008B8
:100BA00098FA000878000020D8FB00082DE9F047EB
:100BB00082B0BDF828400B9F03EBC4056B88002B67
:100BC00044D06E68844601EB0208043E4FF0000EEC
:100BD00056F8044F620092B28A4233D3424531DA6A
:100BE000C4F30170012817D002283AD090BB521AE2
:100BF00093B2C4F34459012202FA09F2974249D34D
:100C00003349013A0C6901923249334A0097A047AF
:100C1000002002B0BDE8F087521A92B20CEB4209F4
:100C20003CF81200B9F8023043EA004323F00F0306
:100C300017B1C4F303442343180C2CF81200A9F88D
:100C400002306B880EF1010E7345C1D8012002B04D
:100C5000BDE8F0871E4B214A1B691E4900209847BA
:100C6000D6E7521A92B20CEB42003CF8129043883D
:100C700043EA094323F00F0317B9C4F303442343A2
:100C80001C0C2CF8124043806B880EF1010E73454A
:100C90009ED8DBE7C4F3044A0CEB43043CF8130092
:100CA0006288C9F1200942EA00424FF0FF3020FA81
:100CB00009F000FA0AF022EA000207FA0AFA42EA08
:100CC0000A02100C2CF8130062806B88BAE700BF90
:100CD0007800002024FC0008ECFB000830FC000831
:100CE000002870B446DB0029034639DB88420A46F7
:100CF0004BDA0025012429461B04B3FBF2F343F62B
:100D0000284293425AD946F2D632934260D948F6E5
:100D1000720293425ED94AF6494293425CD94DF23F
:100D2000A30293425AD94FF24B72934298BF0520C7
:100D300045D94FF24C7648F233224CF2A3409B1B2C
:100D400002FB03F300EB134014B1C0F5C9301F30B0
:100D500015B1C0F549303F30C1B1404270BC704759
:100D6000494209B2884217DA002501240A4603469F
:100D70002146C1E7404202B20029104614DB9142ED
:100D80000B4605DD91BB1C4800E048BB70BC7047BA
:100D9000002401252146AFE70028DED000250B46C0
:100DA00002462C460121A7E7494209B28A424FF088
:100DB0000105DADB0B46002429469DE700200F4A97
:100DC00002EBC00602EB8002D6E90E60126FB6E7B6
:100DD0000120F4E70220F2E70320F0E70420EEE729
:100DE00000250B4602462C46294685E701251A4672
:100DF0002C46034600217FE72092010078BA0008C4
:100E00002DE9F0470646804602EB42008CB01546BD
:100E100006EB8000002289460DF10C0A01461746B8
:100E20004FEA870E54469FED767AB31A75B103EBFD
:100E3000020CF444DCED007A9C46DCED006A0C33D5
:100E400067EEA67A8B4237EE277AF0D10EF1040EC8
:100E5000BEF10C0FA4EC017AE5D10137032F0AF1A2
:100E6000100AA2F1040201F10401D9D19DED045A46
:100E7000DDED055ADDED086A6A4606F10C01DFED8D
:100E8000607A43463DB11C4694ED007A0C338342B0
:100E900077EE877AF7D108F104088845E2EC017A09
:100EA00000F10400EBD19DED037AF0EEC77AF4EE89
:100EB000677AF1EE10FA12D69FED526AF4EE467A96
:100EC000F1EE10FA0BDC9FED506AF4EEC67AF1EE0B
:100ED00010FA04DAB5EE407AF1EE10FA7DD0F7EEB2
:100EE000007A87EE872A9DED073A9DED0B7A65EE35
:100EF000023A25EE824A65EE237A65EEA34A33EE86
:100F0000673A25EE846AF0EEC32A65EE047AF4EEC1
:100F1000622AF1EE10FA76EEE44A76EEE77A37EEE0
:100F2000466A06D69FED377AF4EE472AF1EE10FABC
:100F300047DDB7EE007AC7EE032ADDED006A9DEDCE
:100F4000017A9DED023A63EEA63A67EEA27A37EE99
:100F5000637A64EEA73A67EE877A36EE636A24EE28
:100F6000264AF0EEC63A73EE677AF4EE633AF1EE93
:100F700010FA77EEC47A06D69FED224AF4EE443A90
:100F8000F1EE10FA2FDD87EE864A0120002364EE91
:100F9000844A65EE845A77EE647A89ED024A67EEF8
:100FA000A27A25EE275AC9ED017A76EEC57A77EE58
:100FB000E57A67EE827AC9ED007A33600CB0BDE85D
:100FC000F0879FED117AF4EEC72AF1EE10FAB0DA4D
:100FD000B5EE403AF1EE10FAABD1002000233360B9
:100FE0000CB0BDE8F0879FED084AF4EEC43AF1EE8C
:100FF00010FAC8DAB5EE406AF1EE10FAEDD0C2E7A9
:1010000000000000FFFF7F7F000080002DE9F04717
:10101000C36D8769056900247C8081461C7000F1DE
:101020004806A04656F8043FFBB1B3F838C0B3F801
:101030009400B3F89610B3F8DC2005EB400005EB04
:10104000410105EB420205EB4C0CC3E91301C3F867
:10105000A820C3F814C03C701868D3F8E020416899
:1010600083F8E880C3F8E42088470134E4B2042C14
:10107000D8D1D9F80000BDE8F0474368184700BF51
:1010800070B50446806978B1E36943B10F4B93F8BA
:10109000882022B11B690E4A0E490120984720681A
:1010A000BDE8704083681847084D0B4A2B69094911
:1010B0009847E3693BB195F8883023B12B69044A1E
:1010C000044901209847002070BD00BF780000202F
:1010D00054FC000864FC000874FC000830B4026989
:1010E000B0F8423090F8381032F81330032908BFB6
:1010F00083F4004340F2E51101FB03F31B0C816C08
:101100008446A3F589700880BCF83C10DCF84C00DC
:1011100032F8111039B1BCF8401032F81110012921
:1011200094BF002101210170BCF83E00BCF83A10C8
:10113000DCF8505032F8111032F81020DCF854402E
:1011400040F2E51000FB02F2A3EB12431BB2002BAE
:10115000BCF94420DCF80000B8BF5B421BB29A42E5
:10116000A1F10102B2FA82F2ACBF002301235209BD
:101170002A70237030BC4368184700BF0068C368FA
:10118000184700BF836910B50446BBB10D4B93F8F7
:1011900088204AB963697BB10A4B0B4A1B690B492A
:1011A00000209847002010BD1B69094A074901200B
:1011B00098476369002BEFD1012010BDC369002B54
:1011C000E4D1E7E778000020C8FC0008ACFC000888
:1011D00090FC00082DE9F04F9B461B68C2F51E6687
:1011E000B34294BF9EB2B6B2884674084FEA520129
:1011F00083B017464FEA81010CD0144B08EB8404EE
:101200001944434651F8042B5A80120C1A800433B7
:10121000A342F7D10E4C851E04F1E20A04F1E40961
:1012200014F8013B35F8022F3946CDE9003240462B
:101230004B463246FFF7BAFCA24501D00028EFD159
:10124000CBF8006003B0BDE8F08F00BF3CCE0008D3
:1012500004BB00080068C368184700BF00688368C3
:10126000184700BFF0B482B02F4E056800238DF8F8
:101270000330D6F88430D6F88470C3F164031A447E
:101280002A4B1B6803EB8303C3EBC3031B0D02FB59
:1012900003F30193AB6819420AD135E0019C019B2D
:1012A000013B0193AB68002C08BF002219422BD0F0
:1012B000B1F5C06F05D12B7BDBB28DF803309DF803
:1012C0000330D6F88430DB1B9342E7D36B68426867
:1012D00023F0E003B2F5827F6B6019D0836AB3F527
:1012E000005F07D12B6823F400532B602B6843F475
:1012F00000532B600122002380F85D2080F85C30D1
:10130000032002B0F0BC7047002002B0F0BC704770
:101310008368B3F5004F02D0B3F5806FDED12B6840
:1013200023F040032B60D9E7780000200000002064
:1013300070B4294D294BD5F884201B680468D5F872
:101340008460C2F16402114483B0C3F3CB3301FB68
:1013500003F30193A3681A062DD509E0019A019BB6
:10136000013B0193A368002A08BF00211B0622D578
:10137000D5F884309B1B8B42F0D36368426823F01E
:10138000E003B2F5827F636019D0836AB3F5005F32
:1013900007D1236823F400532360236843F40053E8
:1013A00023600122002380F85D2080F85C30032058
:1013B00003B070BC7047002003B070BC70478368F6
:1013C000B3F5004F02D0B3F5806FDED1236823F070
:1013D00040032360D9E700BF780000200000002010
:1013E00038B52A4A0368D2F884501B689B061BD480
:1013F000846A2368A2685868616820F020005860F9
:101400009AB15868B1F5827F20F00100586022D06F
:1014100029462046FFF78CFFB0B901230022A4F82B
:10142000462084F85D30236E38BD5A68B1F5827F5E
:101430000CBF22F0030222F001025A602946204626
:10144000FFF776FF0028E8D0236E43F020032366E1
:1014500020232366E1E7B2F5004F12D11A6822F08B
:10146000400229461A602046FFF762FF0028EBD1B0
:101470002A464FF4C0612046FFF7F4FE0028CCD086
:10148000E2E7B2F5806FE9D0C2E700BF7800002044
:10149000F8B51C4D0368D5F884701B68846A9B06F8
:1014A0002CD42668736823F0200373603A464FF407
:1014B000C0512046FFF7D6FE58B939462046FFF7FF
:1014C00037FF30B93A464FF4C0612046FFF7CAFEF5
:1014D00038B1236E43F020032366236E43F02003CC
:1014E0002366736823F00303736000220123E287FD
:1014F000A4F8462084F85D30236E0BB901232B76C7
:10150000F8BD00BF7800002030B4124D124C00F13D
:10151000BC0C002143680B44024640F8043F1268AB
:101520009A1AAA4209DD50F8042CA3F5C9237E3B80
:10153000A1F5C92103607E399A1AA24206DA03F5A1
:10154000C92301F5C9217E3303607E318445E1D191
:1015500030BC70473F240300C1DBFCFF2DE9F04F96
:10156000BFB00DF138090D469046019300F1020B12
:101570003EAFCA46002440F6B73631E025B335F811
:10158000141001F01F0E4FEA912C0EF1300E00FBEB
:101590000EF0C1F34411ACF1200C02FB0CFC00284E
:1015A00001F1300102FB01F1B8BF3F30BCF1000F87
:1015B000B8BF0CF11F0C8011002900EB6C10B8BFF4
:1015C0003F3100B241F38F110134182C08BF0024C1
:1015D000FFF786FB4AF8040BBA450BF1040B0ED05B
:1015E000BBF900203BF9020C02FB02FC00FB00CC23
:1015F000B4451146C2DC00203FB0BDE8F08F0DAC11
:101600000DF1060109F15C05224652F8043F002B5A
:10161000B8BF0F3302311B1195420B80F5D14846FC
:10162000FFF772FF002254F8043F216EA542A3EB9E
:1016300001031A44F7D1124B83FB0213D217C2EBFA
:10164000A31404F5994330334CF662129342D2D876
:1016500002AE35460FCD4D4508F1100806F11006D3
:1016600048F8100C48F80C1C48F8082C48F8043CC2
:10167000EFD1019B01201C803FB0BDE8F08F00BF7F
:10168000ABAAAA2A2DE9F04F87B04FF0000E1646FC
:1016900000EB41090290821ECDE90316A9F112095F
:1016A00035464FF0010BF246F4467046CDF804E0A3
:1016B00005931EE040F2EE218B4240DC634500DDE5
:1016C0009C464FF0000BBEF1000F0ABF4FF0000B1D
:1016D00070460120CAF100084345019BB8BFA4EB46
:1016E000060ABB4238BF3B469145019305F102050E
:1016F0002BD0568A32F8024F331B03F50048B8F559
:10170000803F2746D6D240F2EE218B422B8007DD68
:10171000178868B9634515DD9C464FF0010ED9E77F
:10172000514917889C45B8BF9C468B42D2DACAE71C
:10173000634500DD9C4686464FF0000BCAE74FF03C
:10174000000BE6E74FF0010EC4E71946DDE903465A
:10175000059BBBF1000F03D1002007B0BDE8F08F5F
:10176000BEF1000FF8D00028F6D0CDE9031C002709
:10177000A4F11C09B84606F112043D463E46BE4699
:10178000D34634F9021F019601EB810C01EB4C01A9
:101790000A22A246A4463CF9026D02FB06113AF960
:1017A000026F02FB0611013AF5D1019EA942C4BFA6
:1017B000F0460D468E42C8BF77460EF1010EC8BFF7
:1017C0000E46F145DDD14CF25034A542DDE9031C53
:1017D000DA46C1DD254CA642BEDABCF1000FBBD013
:1017E000BBF1000FB8D0029C119D2488C900E40011
:1017F0004DB18C4205D2ACEB0402013A0A44B2FB73
:10180000FCF2119D2A60109A002AA6D0002BA4D0C9
:10181000029A08F10E0532F81520B4EBC20F4FEA18
:10182000C20606D2ACEB0404013C3444B4FBFCF425
:101830002D1B029A0E3732F81720B1EBC20F4FEA78
:10184000C20405D94A1E5244121BB2FBFAF2BF1A57
:1018500055EA070280D4BD423FF77EAF109A7F1B46
:1018600017601D6079E700BF12FDFFFFB03CFFFF6E
:10187000F8B5C36900220446A0F886201BB1134ABC
:10188000196891421ED0124B124A1B69124900205E
:1018900098470027658DB4F87620A06F05FB02F20B
:1018A0000021920009F0DCF9002607FB05F2D4F8CC
:1018B0008000A4F87C603146920009F0D1F984F8E8
:1018C0008460F8BDB3F85C70E4E700BF0FB0371375
:1018D00078000020D8F90008F0F9000870B5094E2A
:1018E000736805469847044628B12A46002109F046
:1018F000B7F9204670BD3369034A0449984720462A
:1019000070BD00BF78000020F0FC000800FD00085A
:10191000F8B516460D464FF4E272014618461C46CD
:1019200009F0CAFAB6F8581021B196F85E30191EBF
:1019300018BF0121012396F85B2084F8C6312B469D
:1019400084F8C52133F8262B84F8C411A4F8C821E3
:1019500005F1560104F5E5721F685E689868D3F8D2
:101960000CC0C2F80CC010338B42176056609060F8
:1019700002F11002F0D1B5F85630A4F8FA3105F1B1
:10198000580604F5FE7E05F18807B446BCE80F0052
:10199000BC450EF1100E06F110064EF8100C4EF874
:1019A0000C1C4EF8082C4EF8043CEED1B5F88830EB
:1019B000A4F82C3205F18A0304F22E24BA351868F3
:1019C00059689A68DE68E6601033AB422060616057
:1019D000A26004F11004F2D1F8BD00BF10B41F4C96
:1019E00094F8AC30012B35D0D4F88C100220CA23E7
:1019F00084F8AD0001224B6253234B6284F8AC2083
:101A00008B6823F480738B608B6823F480538B6026
:101A1000D4F8840005E0D4F88420121AB2F57A7F55
:101A20000ED8CB6813F00103F5D00020FF2201236C
:101A30004A6284F8AC0084F8AD305DF8044B70471E
:101A40000320FF224A6284F8AC3084F8AD005DF8D0
:101A5000044B704702205DF8044B7047780000206B
:101A600038B5264B4FF4805204469A6204F0EAFEE1
:101A7000E56925B12846FEF78BFB002838D1206A9E
:101A800008B1FEF7D9FE606A08B1FEF7B1FE206D1D
:101A900008B109F027FAA06D08B109F023FAE06D4A
:101AA00008B109F01FFA206E08B109F01BFA606E48
:101AB00008B109F017FAA06E08B109F013FAE06E48
:101AC00008B109F00FFA206F08B109F00BFAA06F06
:101AD00008B109F007FAD4F8800008B109F002FA59
:101AE000D4F8900018B1BDE8384009F0FBB938BD12
:101AF00000232B602846FEF7F5FBC0E700040048F2
:101B00002DE9F041364B374DDA6C42F0020286B0D7
:101B1000DA64DA6C02F002020392039ADA6C42F0A1
:101B20008002DA64DA6C02F080020492049ADA6CC1
:101B300042F00102DA64DB6C4FF0904603F00103DF
:101B40000024059341F201274FF01008059BAF6276
:101B50002846C6F828800223CDE900444FF48812B5
:101B6000082105F01DF82246CDE900441E48022355
:101B7000092105F015F83046CDE9004402234FF461
:101B800044124FF4006105F00BF839460327234651
:101B9000284601940097012205F002F80223284606
:101BA00022461946CDE9007404F0FAFF02234146AB
:101BB00030460122CDE9007404F0F2FF21460920ED
:101BC00004F0F2FD094D4FF400732B6028202146EC
:101BD00004F0EAFD4FF480736B6006B0BDE8F0815D
:101BE0000010024000040048001C004800E100E032
:101BF00070B5114E114A3368A2FB03239B09013BC8
:101C0000B3F1807F01D3012070BD4FF0E0220C4979
:101C10005361F02381F82330002507230F289561B5
:101C200004461361EFD801464FF0FF3004F0BCFDCD
:101C30007460284670BD00BF00000020D34D6210C4
:101C400000ED00E00CB4F0B5ADB032AB06AE53F829
:101C5000042B059304460D463046962109F096F96B
:101C60009528C4BF1C4BCDF8AA301C4B1C49D3F897
:101C70008470A1FB07311B4BA3FB0723980B1A4B66
:101C8000A3FB07234FEA931C184B4FF47A7202FB15
:101C90001C77A3FB00E25209042CC2EB0212A0EB5A
:101CA0008202A3FB0CE398BF114800974FEA53133D
:101CB00094BF005D3F20C3EB03130190CDE90256B2
:101CC000490DACEB83030B4809F03AF92DB0BDE8A0
:101CD000F04002B0704700BF2E2E2E00780000208A
:101CE000B17C219573B2E745D34D6210898888880D
:101CF00034FD000810FD0008F8B595692B7802EB5B
:101D000043030F46B3F8446053690146688814469C
:101D100003EB4000720009F0B5F86B88E26D1E44D9
:101D200013786E8003B93B791370F8BD2DE9F04F3D
:101D30002DED048B038F8DB00546002B00F015812F
:101D4000B0F84030428F0469B0F850E007925B0071
:101D50000293838FC28F34F913300B92BEF1000FC0
:101D600000F003811B010893D0E91223D718B0F8C3
:101D70005200B5F84230DFED8A8ADFF830B20193C5
:101D8000FE434FF00008F6EE009A0990C146049613
:101D9000CDF828E0834B83FB0710F917C1EBA001B6
:101DA00001EB4100A7EBC00000281FFA89F886B2BA
:101DB000C0F2EB80002FC0F2F180089B09B2090449
:101DC00081FB0301002906DA4FF6FF7C10EB0C0CB7
:101DD000604641F10001079B000C40EA014099195F
:101DE00034F91110A0EB011007EE900AB8EEE79A53
:101DF00029EE289AB0EE490A07F0EAFEB0EE408AD2
:101E0000B0EE490A07F08AFC019B002B00F0A2808B
:101E10000B9BB5F844A01E4404EB46030020CDE91B
:101E2000059703930646009059E095F838C0BCF139
:101E3000000F4BD007EE101A07EE903AF8EEC76A83
:101E4000F8EEE77A26EE806A27EE887A66EE886AF0
:101E500037EE467A67EE807AB5EEC07A77EEA67AEC
:101E6000F1EE10FA4CBF37EE697A37EE297AF5EECB
:101E7000C07AF1EE10FABDEEC77A4CBF77EEE97A80
:101E800077EEA97A17EE103AFDEEE77A5B4517EE8A
:101E9000901A47F6FF70B8BF5B468342D5F854905E
:101EA000A8BF03465945B8BF594699F800E081429A
:101EB000A8BF0146BEF1000F04D117EE100A9842E8
:101EC0005BD0E64689F800E01BB209B2A352009B42
:101ED000798053440093019B01369E4238D0009B89
:101EE00095F839C008EB5302029B92B203EB8202D1
:101EF000A718A35EB7F90210BCF1000F95D00398A4
:101F0000B0F800C00CF01F0E0EF1300E03FB0EFEF9
:101F10004FEA9C23203BCCF3441C01FB03F3BEF1AE
:101F2000000F0CF1300C01FB0CFCB8BF0EF13F0EA2
:101F3000002BB8BF1F334FEAAE1EBCF1000F0EEBF3
:101F40006313B8BF0CF13F0C1BB24CF38F116CE75D
:101F5000DDE90597099B049A1F44D31A04930A9B51
:101F600009F1010999457FF415AF286843680DB060
:101F7000BDEC048BBDE8F04F184717EE900AB0EBAC
:101F8000010E18BF4FF0010E9CE71836B6B2049B45
:101F9000054AA2FB03016FEA11110EE70026F6E7DE
:101FA00000008037ABAAAA2AABAAAAAA0080FFFF2A
:101FB0002DE9F04F2DED108B9BB090F85E401D4643
:101FC00090F85C300893042CB0F8583003938046A6
:101FD000894616461AD8D0ED147AF5EEC07AF1EE9D
:101FE00010FA00F1F58190F86630002B00F0918234
:101FF00090F85B30002B00F08C82024C024A059472
:1020000007E000BF7800002080FD0008C64CC74AEA
:1020100005942369C64900209847D8ED157AD4F86D
:10202000B030009307EE103AF5EEC07AF1EE10FAF8
:10203000B8EE478A40F3D081C8EE278AF6EE007AE0
:1020400078EEA78A039B002B00F0A68198F85E30FB
:10205000049398F85A30002B40F0A58198F860203E
:10206000022A41F0298198F85E40012C00F0E183BA
:102070000024224634990C71A6F8AC21002B00F004
:10208000978198F85F30012B00F00484022B00F058
:10209000EB83002B40F0DD8301231A46F384328565
:1020A00098F86030012B00F0CD83022B00F0C9833B
:1020B000002B00F00784059B9E4A1B699C49002069
:1020C0009847B9F1000F00F0778100230093B9F829
:1020D000E410B9F808307180B9F8E610B180B9F8A9
:1020E000E2103180B9F8E810F180B9F802103181BE
:1020F0009B00B9F8041071819BB2B9F80610B18148
:1021000003F13002B9F80A10F18192B2B9F8201047
:1021100031825F2AB9F82210718240F2EE8186493D
:10212000A1FB0201890901EB4101A2EB411189B236
:1021300000201A4604460B460121F2820322B38294
:1021400072830023009A7384B483F08331833184D3
:102150006B800123C5F80A30002A00F0548700275D
:10216000CDE9017706F13E039FED749A9FED74AAC5
:10217000DFED779ACDE90696B34605F10E0A44469F
:102180001E46049AFBB29A4200F229810023AAF863
:102190000030AAF8083033800137042F0AF1020A10
:1021A00006F102060BF1560B04F11404E9D1039B6E
:1021B000AA89DDF804E012FB03F26B8992B21344A2
:1021C0009BB2DDE90696591C012089B20090B6F851
:1021D000AC01012804D1DDE9020404FB00F0029007
:1021E000029FB8F8640098F863C098F862B04FF6A0
:1021F000FF74A74228BF27464408A4F1030A98F8B1
:102200006640A6F89EB18CF0010C0338A6F8A6C172
:10221000A6F8A471A6F8A0E1A6F8A801A6F8AAA1BC
:10222000AA81AB80E980002C00F02781413399B26C
:102230004024012329802C81A6F8C031B9F1000F78
:1022400003D0B9F80C30A6F8C231009B002B40F047
:102250003E81349A98ED145A00231360089BA6F827
:10226000B231039B012B40F22F81B8F85830023B6A
:1022700001229BB29FED336ADFED335A98F85A1072
:10228000F1EE007AC8EE066A68EE277A68EE255A03
:1022900087EE867AC5EE867AB6EE006A76EE866AB4
:1022A00037EE067AFCEEE66AB5EE405AD8ED155ADE
:1022B000A6F8AE31F1EE10FA16EE903A77EE867A85
:1022C000BCEEC77AA6F8B02114BF01220022FCEEB2
:1022D000E77A328798F85B20A6F8B43117EE103A07
:1022E000A6F8B63117EE903AF5EE405AA6F8B83196
:1022F000009BF1EE10FA14BF01200020002B40F0EB
:10230000BE8031867286708598F861300F4A0098D9
:10231000C6F8BA210121B184A6F8BE311BB0BDECCC
:10232000108BBDE8F08F00BF780000203CFD000856
:1023300058FD00087CFE0008ABAAAAAA2549123E57
:102340008FC2753D0024744900009643FF070108C1
:1023500000000000B5EEC07AF1EE10FA00F107833C
:1023600098F85A20002A00F00583B5EE407AF1EE85
:1023700010FA05D1F5EE407AF1EE10FA40F0BB8389
:102380005FED0D8A059B724A1B69724900209847D0
:10239000039B002B7FF45AAE039B049398F85A30AA
:1023A000002B3FF45BAE349A00231371A6F8AC31D6
:1023B000B9F1000F7FF489AE0123A5F802906B817B
:1023C000CE4602214A46CDF80890CDF80090FEE6B0
:1023D000614C624A05941CE6DFED618A32E6012316
:1023E000338098F85C90228940F2FF3340F2FF116D
:1023F000B9F1000F18BF0B4642B39A4226D8A27B10
:10240000237C3AB1022B05D1059B564A1B69DDE9B5
:10241000069620E0E07B002840F03E82012B00F091
:10242000AB80059B504A1B694A490090DDE906963E
:102430009847DDF804E0039BAA8912FB03F26B893D
:1024400092B213449BB2591C89B2C0E6059B474A1D
:102450001B69DDE906963F4900209847039BAA893E
:10246000DDF804E012FB03F26B8992B213449BB2D5
:10247000591C002089B20090A9E62346DAE6B5EEA1
:10248000405AF1EE10FA0AD0C8EE057A77EE867A55
:10249000FCEEE77A17EE903AB3871B0C73870023A4
:1024A00061F30F03F5EE405A62F31F43F1EE10FAA9
:1024B000708533633FF428AFFCEEE87A17EE903A6C
:1024C0001A0CB285F3851FE700221346D2E698F86E
:1024D0005D30072B15D8264A9FED219A134493F8B7
:1024E0000439A6F8A231349B83ED009A049B002B9B
:1024F00040F0438298ED145AB0E6032001240021F5
:102500001BE6349A98ED145A0023136000230093BD
:10251000A4E6012C40F2E28198F80F104246012314
:1025200003E00133A34200F0D981084692F823105A
:10253000814202F11402F4D2074F0E4A3C69054968
:1025400005970020A047D8ED157AD7F8B03068E598
:10255000E0FD000858FD0008780000206CFD000830
:1025600000000000ACFE0008D8FE00089CFE000839
:1025700078BA0008ACFD00086FF00B030993E288FD
:10258000A3880A92182A009340F2968202EB8203F3
:1025900003EB031303EB032302EB4303C3F3CC026C
:1025A00042EA43339BB240F6AA22934200F2D7821A
:1025B000AF4B0A9AA3FB02231B090E93013B9BB26C
:1025C00015935C230D9318230B930098002840F07B
:1025D000D684059BA74A1B69A7499847B9F1000F04
:1025E00000F0C0844FF000090222009B099913FB00
:1025F00002F292B20092226811440A460C910A99A2
:10260000013B01FB0323099302F5C34328334CF23A
:102610005032934207D9059B984A1B69964900207E
:1026200098474FF00009099B03F5C34328334CF248
:102630005032934207D9059B914A1B698E4900206D
:1026400098474FF000090C9A002AC0F23D838D484C
:1026500080FB0230D217C2EBA00000B2099B002B16
:10266000C0F22683874981FB0331099BDB17C3EB4B
:10267000A101119309B280B2091A0C9B0F908148F5
:1026800080FB03C0C2EBA00288B209B20E9B10917E
:10269000B0FBF3F0411C0A901FFA81FE0B98182141
:1026A000B1FBF0F30E930C9B02EB4202B3EBC202C0
:1026B00000F1F78213B2139393B20C93099A714805
:1026C000119B0B9980FB020CC3EBAC0303EB430C97
:1026D0000C9BB3FBF1F001FB103081B2B2EBCC03E9
:1026E000099100F1FB821AB219929BB20E9A0B98D3
:1026F000511E099A89B21891BEF1010F11FB0021F8
:1027000089B200F0F182099A0C98824240F0FF826F
:10271000994200F04F8400230122139316921493E0
:1027200012920E930C9B9A00099BABF882209B009F
:10273000ABF88430B9F1000F40F0F5826C231793A9
:1027400036230C937D223D234FF00009ABF87C30FB
:102750000F9BABF87A200C9A1099C3F1290313440C
:102760001AB21192521A9BB2292A0F9307DC059BC9
:10277000454A1B694049002098474FF00009119BCA
:10278000179A934207DB059B404A1B693A49002090
:1027900098474FF000090D9B2C2B00F20F821E2B47
:1027A00040F2E3831E3B0F229BB20D92ABF89A30AE
:1027B000159B0C99ABF89430139BABF87E10ABF8DB
:1027C0008E300F990A9BABF880100D99ABF89610DC
:1027D000ABF89820002B40F0CF81149B002B0E9B70
:1027E00008BF00230E93129B002B00F0D783099A99
:1027F000199B9B1A0B9A93FBF2F39BB2169AABF8B8
:102800009220ABF88C300E9AABF888200023ABF8FE
:102810009030ABF88A300A9BABF88630B9F1000FE4
:1028200040F0BC82CDF80090DDF804E0DDE90696CA
:1028300001E698F81020013A012A7FF619AC2246E9
:1028400018E400237363B9F1000F41D00123009312
:102850003DE4059B0E4A1B69074900209847B9F1E2
:10286000000F7FF432ACA7E500231A4616E400BF40
:10287000ABAAAAAA24FF000858FD000870FF0008B0
:1028800084FF0008ABAAAA2AB8FF0008D8FF0008F6
:102890005CFE0008002201E4013B042B00F23485B9
:1028A00001A252F823F000BF79250008EF2A0008A2
:1028B000BD280008E72A0008BD2800086FF00C03B7
:1028C00009935CE64FF001137363B9F1000FBDD1BA
:1028D00000236B800123C5F80A3040E4B94B98ED22
:1028E000157A0593D3F8B030009306EE903AB5EE22
:1028F000C07AF1EE10FAB8EE668A7FF72BADC8EE1B
:10290000078AF6EE007A78EEA78A18EE900A07F0AA
:10291000FFFF51B1059BAC4A1B69AC4900209847A9
:10292000039B002B7FF492AB37E598F85A20002ADE
:102930007FF428AD039B98F85F10002B98F8603067
:1029400014BF204600209942049007D9059BA04A55
:102950001B699E4900209847FFF77BBB022B00F0C4
:10296000B584349B1A71A6F8AC21FFF78ABBDFED62
:10297000998ACFE7DFED978ADCE7B6F8AC31B6F895
:10298000A421012B00F0CD8007EE902ADFED929A72
:10299000B8EE67AAB7EE089AF2EE02DA059B9FED51
:1029A0008F0AD3F8B030019307EE903AB8EE67FA89
:1029B00080EE0F0A06F0ECFE98F86030022B2FEE46
:1029C00000FA00F22181864A98F85E1002EB83003B
:1029D00090ED00EAD0ED03FA002900F02681009B7B
:1029E000DFED7CEA9FED7FBA9FED7FDADFED7FCAF6
:1029F0009FED7FCADFED7FBADFED7FAADDF814908F
:102A000044460025227C052A00F29280022A40F2E8
:102A10009A804FF0300A0827E27B052A00F2698489
:102A2000DFE802F03E413B034744F0EE4B7A8FEE85
:102A3000276A228998F85E1002FB077702377F0029
:102A4000BFB2A288013514349FED6C7AC6EE076AD6
:102A500007EE90AAF8EE677A87EEA66A07EE907AFC
:102A6000F8EE677A87EEA67A07EE902AF8EE677A94
:102A7000EAB267EE277A914277EE867A77EEA97A04
:102A800077EE897A7EEEA7EABCD898ED145A002B2F
:102A900040F0CF800093FFF7E1BBF0EE6A7AC6E723
:102AA000F0EE6C7AC3E7F0EE4D7AC0E7F0EE4C7AC8
:102AB000BDE7F0EE6B7ABAE70A9A002A4FD01823E6
:102AC000B3FBF2F302FB03F3C3F118039BB21593BC
:102AD000002B44D10A9A0B92531E9B009BB20D937C
:102AE00001230E9371E56FF00F03099347E56FF033
:102AF0000603099343E598F85F2098F860309A42FE
:102B00007FF43EAC039B349ADFED328A002B14BF76
:102B100023460023049300231371A6F8AC31FFF77A
:102B2000B0BAF0EE499AF0EE49DAB0EE49AA35E7CC
:102B3000D9F81030324A2549002098474FF0180A3A
:102B40000427002368E7012A05D0022AF0D14FF0BC
:102B50003C0A0A2760E74FF0480A0C275CE7059B10
:102B6000284A1B6919490020984700230122CDE912
:102B70000D3215930B9231E5149B002B0E9B08BF71
:102B800000230E93129B33B1099A199B9B1A0B9A3F
:102B900093FBF2F39BB2ABF88C300A9B169AABF81E
:102BA0009220013B0E9AABF888209BB2189A0A93A8
:102BB0000123ABF88A20ABF890302CE600230D936C
:102BC0001A46F3E578000020CCFD000858FD000807
:102BD0000CFE0008000000009A999D41F902154F73
:102BE00084C300080000904300002043000000431D
:102BF0000000F0430000C04300004043002474493B
:102C000000FF000810FF0008059BBE4A1B69BE4973
:102C10000020984798F85E30002B00F0EF81DFED40
:102C2000BBFA0023B0EE6FEADAE698ED145ADFED56
:102C3000B7EA9FEDB77ADFEDB76A349BCFEE077A3C
:102C4000B1EE0C7AC7EEA65A2AEE07AA7FEE8EFAEC
:102C5000CAEE257A9FEDB07A77EEAD7AB0EE006AD3
:102C600077EEAE7A77EEAF7A27EE877A37EE067A8E
:102C700077EE277A86EEA77AB4EEC57AF1EE10FAEF
:102C800083ED007A7FF5EAAA059BA44A1C699E4958
:102C9000FDEEC77A002017EE903AA047002300937C
:102CA00028E402F1180083B20C9303B2139305E5F4
:102CB00009999B4BC943A3FB0131099B6FEA111191
:102CC000DB1709B21193D6E40C9A954BD043A3FBC2
:102CD00000306FEA101000B2D217BFE403F1180001
:102CE00002B283B2199201E50C98824200F05F8132
:102CF00000220A9216921292139A9B1A0B9A93FB35
:102D0000F2F39BB20E930123CDE913330AE5994206
:102D100000F05A810A9B013B9BB20A930123169350
:102D200012930B46E8E7E37B052B00F21183DFE803
:102D300003F01A130C032B214FF486731793D62339
:102D40000C9340F21D128D2300E5AC2317937623DC
:102D50000C93BD225D23F9E48C23179356230C9327
:102D60009D224D23F2E46C23179336230C937D228E
:102D70003D23EBE44FF4E67317934FF4CB730C93BE
:102D800040F2DD12ED23E1E44FF4B67317934FF4F4
:102D90009B730C9340F27D12BD23D7E4A37A172BCB
:102DA00000F2FE80092B00F21B81C3F109039AB2E5
:102DB0001523ABF84630069BABF84820002B00F0FB
:102DC0005B8203EB42029389ABF84A30237C013BE0
:102DD000042B00F29F82DFE803F0BA7603A9840097
:102DE0004FF000094FF400724FF4C063CDE909239E
:102DF0004FF0C00E02204FF0040C08214A464B460B
:102E0000ABF86E000A98ABF856000998ABF870C0A2
:102E1000ABF85800ABF84E10ABF85010ABF852E0DE
:102E2000ABF854E098F85D10B9F1000F00F006819E
:102E3000002B00F00381022900F27881394B0B440A
:102E400093F80039ABF85A30069B002B00F019813B
:102E50000023ABF85E300123ABF86A30069B0021FB
:102E6000D3E932ECD3F8C4900B460EEB1140A0EB43
:102E700009009042614480F22C8201330F2BF4D17F
:102E8000069AABF86030D2E936E303EB83020EEB2F
:102E90001242F92A00F3EC81062003FB00F0052121
:102EA00003E0BCF1FA0C40F1D7810A46013189B246
:102EB00014290EEB104C1844F3D1059B1A4A1B69D8
:102EC000DDE9069637E100214FF40073CDE90913DF
:102ED0004FF0400E03204FF0020C08219622FA23F7
:102EE0008EE74FF000094FF4F0504FF47853CDE9DE
:102EF00009034FF4F86E02204FF00B0C08214A46EC
:102F00004B467DE77CFE000858FD000800000000ED
:102F100000002043002474490AD7233C54000108D0
:102F2000ABAAAAAA78BA0008280001084FF0000945
:102F30004FF4C06C4FF46063CDE909C34FF4E07EF9
:102F400002204FF0060C08214A464B4658E7069BE4
:102F50009B8C0422082BCBF86E205BD9DDE906960A
:102F6000FFF77CBA0422FFF740BB0D9B0F2B30D933
:102F7000A3F10F020F230D9392B2002316E4B9F1CF
:102F8000000F2AD1237B002B33D0059BC44A1B6939
:102F9000C449484698470422FFF727BB0A9B2DE403
:102FA000059BC14A1B69DDE90696FFF754BA9942B1
:102FB0007FF49EAE0023CDE91333CDF828E01693BD
:102FC00012930E93FFF7AEBB0023169312930B469A
:102FD00092E600221346FFF7E9BB0222FFF705BB8A
:102FE000102B94BFC3F11E03C3F117039BB2002241
:102FF000DFE64FF001090422FFF7F7BA98ED145A03
:103000000093FFF72BB900980290864602210246F2
:10301000FFF7DDB8ABF84E30ABF85030402300225C
:10302000ABF85230ABF854304FF40073ABF8563075
:10303000ABF8582098F85D1013469146072975D8CB
:103040009A48014491F80419ABF85A100699C1B195
:103050000021ABF85E10B9F1000F40F08380ABF8AF
:103060006A90ABF86090ABF85C90ABF86290ABF80C
:103070006890ABF864904A460023ABF86620ABF842
:103080006C302389E27AABF87620012B67D0023BC3
:103090009BB20121ABF87230A37BABF84C3083F0CC
:1030A0000103ABF87410ABF878300099AB89AAF83B
:1030B00000300B44AAF80810AB81A388217C06EEEF
:1030C000903A2389012907EE103ABBF86E302AD0D6
:1030D000022914BFF0EE695AF0EE4A5A01339BB24E
:1030E00007EE903AF8EE677AB1EE006AF8EE666A9B
:1030F00067EE867AB8EE477A67EEA67A0198029B69
:1031000067EE877A014667EEA57A002808BF114668
:1031100067EE897A0191FCEEE77A17EE902A134464
:103120000293FFF739B8DFED625AD7E7059B614A92
:103130001B69DDE906965B4900209847039BAA8935
:10314000DDF804E012FB03F26B8913FA82F39BB201
:10315000591C002092B289B20090FFF738B80023C2
:10316000194697E70121ABF86A10002B7FF476AE81
:10317000ABF8603019461A46ABF85C200022ABF879
:103180006220ABF868204BBBABF864301A4602EB08
:103190000109069AD2E92FE1CE451DDA0846002240
:1031A00002F1010C09921FFA8CF2162A3FF485AE47
:1031B0000EEB104CBCEB090C0844F1D4002B7FF44F
:1031C0005BAF099800FB01F10EEB1143A9EB030380
:1031D0009C45C8BF02464FE700224DE7069BD3E956
:1031E000349C894546DA134662469E4601339BB2BB
:1031F000162B3FF462AE09EB1240401A6244F4D43D
:103200000CFB0EF209EB12428A1A9042D8BF9E467E
:103210000699BBF86020D1F8CC30BBF85C0009906F
:1032200002FB03F3D1F8C820ABF864E002EB1342D1
:103230000B46D1F8C410521AD3E936303FF53DAEF3
:1032400009990CFB0EFE00FB01F103EB114309EBA6
:103250001E401918FA239AE702FB03F30EEB1343FF
:10326000C3F1FA039C45D8BF0A46FA210B4683E70F
:103270000522FAE79646CBE7069BABF84A30237C5B
:10328000013B042B46D801A252F823F0D7320008A4
:10329000C72E0008E12D00082D2F0008E32E00089E
:1032A00038FF000858FD0008F0FF000878BA000851
:1032B000CDCC4C3E08000108349A1371A6F8AC310D
:1032C000B9F1000F7EF401AFFFF776B80123FEF7E6
:1032D000CCBE9BB2D4E54FF000094FF40073CDE9AA
:1032E00009934FF0400E0420CC4602214A464B463B
:1032F00086E5D9F810301A4A1A4900209847DFEDC0
:103300001A7A0023FFF793BB059B184A1B69DDE976
:10331000069610E7059B154A1B6912490020DDE956
:1033200006969847AA89039BDDF804E012FB03F296
:103330006B89562113FA82F301FB076100209BB2CF
:10334000C1F86E00591C92B2009089B2FEF73FBFDF
:10335000059B034A1B69034900209847FFF7EEB914
:10336000ACFF000858FD00080000004300FF000803
:1033700070B5FEB04FF4E27204460D460DA8002170
:1033800003AE07F06DFC00960DAA05AB00212046A8
:10339000FEF70EFE08B97EB070BD94F85B202B4698
:1033A000314605A8FDF79CFAF5E700BF2DE9F04F7F
:1033B0002DED028BC569B5B0044601902846FCF797
:1033C000E7FE002800F03E8125A9281DFFF7D0FF69
:1033D0008146002800F03681D4F81CB0BDF8943046
:1033E00063655846FCF7D4FE002800F04C81AD49D7
:1033F00067221020FEF772FA0746002800F043818A
:10340000A94B03609BF86250A84938221020002D78
:1034100040F02381FEF762FAA44902903922FC2091
:10342000FEF75CFAA8460646029B002B00F03081AE
:10343000002E00F02D811DB1B8F1000F00F02881A1
:10344000029BC6F8988025A91E600BF10400FFF7C7
:103450008FFF002840F03481954B964A1B699349B1
:1034600098470298FDF70AFA00257D603846FDF777
:10347000BFF92F46019C606D676207F02BFD206548
:10348000E069FDF79BF9E66905463046FCF780FEEA
:10349000002800F0FA80D6ED156A019C07EE905ADC
:1034A000F8EE677A94ED045A94ED056A668DC6EEDF
:1034B000A75AA81E80004FEA8608F6EE007AB0EE02
:1034C000677A06EE857A45EE867ABCEEC77AFCEE20
:1034D000E77A17EE102A17EE903A95B2A4F87430F6
:1034E000A4F8765007F0F6FC278DA065BF00049085
:1034F000384607F0EFFCE0658246F00007F0EAFC92
:1035000020668346404607F0E5FC6066039040462F
:1035100007F0E0FCA06602904046019407F0DAFC58
:10352000019B0446D866404607F0D4FC019B8046C8
:1035300006FB05F0C3F87080800007F0CBFC019B10
:1035400005469867384607F0C5FC019B0746C3F857
:103550008000700007F0BEFC019B04995E6AC3F80E
:103560009000DDE90223002E6FD0019E366D002E03
:103570006BD0002969D0BAF1000F66D0BBF1000F03
:1035800063D0002B61D0002A5FD0002C5DD0B8F151
:10359000000F5AD0002D58D0002F56D0002854D0FC
:1035A000019E3046FEF764F9337E002B40F0CC825A
:1035B000019A0123A2F89430019BDD692846FCF7AB
:1035C000E7FD002800F0CF822A89019991F8953013
:1035D000A1F89620002B00F0C882019AD56992F8D4
:1035E00094302846002B00F0C282FCF7D1FD002861
:1035F00000F0BB82A88B019CD4ED007A94ED026AA6
:10360000A188A289A4F89800F7EE006A86EEA77A4E
:10361000002301310132A4F89E10A4F89A30A4F8D6
:103620009C30A4F8A020A4F8A230C6EE867AF2EE70
:10363000046A27EE267A67EEA67A84ED227AC4ED34
:10364000237A04E01C4807F069FC4FF00009484663
:1036500035B0BDEC028BBDE8F08FBBF85C50FEF7D7
:103660003DF9124902903922FC20FEF737F906464F
:10367000002D00F052820D493E226020FEF72EF907
:1036800001258046D0E60027F4E6DFED0C6A04E76A
:103690000298FCF727FE3046FCF724FE4046FCF774
:1036A00021FEE1E614FA00080DB03713740001089A
:1036B00078000020840001080001010800000000DB
:1036C000BDF8A830BDF8B420D6F8988033871A44E6
:1036D00092B20792A6F89E20BDF8AA2006F1F80142
:1036E0005200C6F8841006F1F401C6F8E820C6F8C6
:1036F0008810002206F1F601C6F89420A6F89C2056
:10370000C6F88C1006F1F00206F1F7017262C6F8F5
:103710009010B8F1000F09D006F1EC01C8F81810AC
:1037200006F1F501C8F82420C8F85C10C6F8D820C6
:10373000079AA6F8E420C6F8DC709BF862E00DF169
:10374000BE0516A8002105E035F8022F520820F822
:10375000022B0131CAB29645F6D8BDF8B0209DF8CB
:10376000CC100F911A4492B21092BBF85C20BDF8B5
:10377000B21011919DED328A06921146002A00F096
:10378000CE81BDF8B620B2FBF1F20B92BDF8AC20B1
:103790001A44A6F87C20BDF8AE201A44DDF8963015
:1037A000C6F87630BDF89A30A6F87A30B94B336453
:1037B000B94B7364B94BB364032386F874300F2399
:1037C000A6F87E20A6F88030B8F1000F00F0B18195
:1037D000002327990D91CDE91E3328990E91CDE94B
:1037E0002033CDE92233BDF8A4100C911FAA144652
:1037F0000DF1B601D8B2864507D931F8020F22F88B
:10380000020F088910810133F4E7069BA8F83830CD
:103810000B9BA34AA8F83A3000231946C8E9133392
:10382000C8E9153309929F4B9F4AC8F804300892A3
:103830009E4B9F4AC8F808300A929E4B149608F196
:103840003A02CDE912B7DA46C8F80C3008F148055B
:103850002746CDF810E016468B46CDF85490CDF8AB
:103860000C80049A5FFA8BF39342059380F05A819F
:1038700037F8024F26F8024FB7F808908E49A6F89D
:1038800008902F22EC20FEF729F88C49804600286A
:103890007ED08B4B03648B4B816443649AF8141085
:1038A0000139042900F26981DFE801F0696C036FD6
:1038B00003006FF00C000C9A9AF811C0A8F87A2057
:1038C000069AA8F87E200B9A079BA8F88020DDE9CD
:1038D0000D121C44A4B2BCF1000F18BF1146DAF857
:1038E0000420A8F87C40C8F876104FEA49039AF8FB
:1038F00010E088F874E0C8E92120DAF80800C8F878
:10390000E030099BC8F89C30089BC8F8A0300A9B9F
:10391000C8F8A430039BC8F8D43008F1E40388F851
:1039200075C0C8F88C00A8F89640A8F8DC40C8F824
:103930002430C8F8D03000234146A8F83830A8F821
:103940009430614BC8F8D83008F13C0008F1E80326
:10395000C8F8903041F8980BC8F83C10FDF77EFC91
:103960000AF1140A0BF10104002800F0C380D8F812
:103970000000C3689847A34645F8048F71E76FF0CD
:103980000B0098E76FF0060095E76FF00F0092E7E5
:10399000DDE91376DA46DDF85490DDF848B0DDF85D
:1039A0000C804A4C4A4A4B495346123308EB830376
:1039B00000255D6028462369984703962646059CA6
:1039C0000BE05FFA83FA08EB8A0ADCB2DAF84C0003
:1039D00008B1B3689847CAF84C50631E002CF0D168
:1039E000039ED6F89880099BC6F8A430089BC6F8B9
:1039F000A8300A9BC6F8AC30374BC6F8E03006F169
:103A00003C033360B8F1000F00F09A8006F1A00388
:103A1000C6F83C80C8F8003030688368984728B9F9
:103A20002A4B2E4A1B692E4998471AE53068C3680D
:103A3000984702992B4A019C4A6000232A4A8B60CE
:103A4000CA60796063859BF8625004F132001E46BB
:103A5000DAB29542618D49D916AA20F8061C32F8CF
:103A60001320114461850133042B20F8022FEFD17C
:103A700001990F9ABBF85C3081F840204A8D81EDA6
:103A80000F8A13FB02F30B85109BBB81119BFB81FB
:103A9000F0E400BFDD100008F50200087D11000809
:103AA000CD0200080D1000088511000881100008E3
:103AB000E1020008D9020008A80001085512000818
:103AC0002D1D00085D120008F91C00087800002078
:103AD000DC00010864FC000895020008BC00010835
:103AE00074000108BD0200087D08000820F8066C7B
:103AF0000022B8E7224C234A23692349DDF8549079
:103B00004546DDE91376DDF80C80DA46DDF848B08D
:103B10009847A3682846984744E7A84684E4069A4D
:103B20000B9233E6DDE91469DDE912B7D6F8988027
:103B300059E7164B0993164B0893164B0A9352E715
:103B400006F1A003F36367E7981E5A1E4142414104
:103B5000012A8CBF00220122022B86F8941086F8DD
:103B600095203FF429AD00222FE5002043E5FCF726
:103B70000FFB0028F9D028893DE500209BE600BF17
:103B800078000020BC000108A8000108CD02000850
:103B900085110008E1020008BFF34F8F0549064B6D
:103BA000CA6802F4E0621343CB60BFF34F8F00BFDB
:103BB000FDE700BF00ED00E00400FA05FEE700BFEE
:103BC000FEE700BFFEE700BFFEE700BFFEE700BF65
:103BD000704700BF704700BF704700BF034AD2F86C
:103BE00084300133C2F88430704700BF7800002071
:103BF0000C4B0D49D3F88C204FF480104861D168EC
:103C0000490503D4012283F8AD207047D168C9B2B9
:103C100061F49061D1600120012283F8B40083F83F
:103C2000AD2070477800002000040140034B5A6922
:103C3000120744BF08225A61704700BF00040140C8
:103C40000148FCF7C5BC00BF300100200148FCF76B
:103C5000BFBC00BF780100200148FCF7B9BC00BF21
:103C6000C00100200148FCF7B3BC00BF08020020DF
:103C7000084810B4D0F8D831D0F80C4299691A68C5
:103C80002CB1234600F5EC705DF8044B18475DF845
:103C9000044B704778000020034B5A69120544BF5B
:103CA0004FF400625A6170470004014010B5194C8E
:103CB000194AD4F88C304FF4802151619A68D204AB
:103CC00002D5DA68D00509D49A68910402D5DA6879
:103CD000920513D4012384F8AD3010BDDA68D2B256
:103CE00062F4C0720121DA6084F82C12FDF776FECE
:103CF00068B9D4F88C3084F82C02E5E7DA68D2B2DF
:103D000062F42072DA60012384F8AD3010BDFFF751
:103D100043FF00BF7800002000040140034AD2F8AE
:103D2000883043F47003C2F88830704700ED00E03B
:103D3000244A9368D26813F00C0305D00C2B34D0BE
:103D4000042B38D1204870471E4A1168090754BF18
:103D5000D2F8941011681D4A54BFC1F30321C1F376
:103D6000031102EB8102D2F82409002BEBD0154B92
:103D7000DB6803F00303022B22D0154A032B08BF94
:103D80001046104BD968DA68DB68C3F34163C2F3AD
:103D90000622C1F30211013300FB02F201315B0084
:103DA000B2FBF1F2B2FBF3F0704702F00302012A1A
:103DB000CAD00020DBE7082B054818BF0020704759
:103DC0000148DEE7001002400024F40078BA000841
:103DD00000127A00064A074B92680749C2F3022292
:103DE0001344086893F8543903F01F03D840704710
:103DF0000010024078BA000800000020064A074B75
:103E000092680749C2F3C2221344086893F85439F0
:103E100003F01F03D84070470010024078BA000832
:103E200000000020F0B504680546200583B000F1CD
:103E3000F5800026A10351D5A74B9A6DD20040F121
:103E4000F8800027A549A64A0B6843F480730B60ED
:103E5000D2F8840005E0D2F884301B1A022B00F25D
:103E600001810B68DB05F6D5AEBB9B49A86DD1F887
:103E7000903013F4407326D0834224D0D1F890C000
:103E8000D1F8903043F48033C1F89030D1F89030BD
:103E900023F48033C1F890301CF0010F2CF44073F0
:103EA000C1F890300FD0D2F884E041F2883C06E0AF
:103EB000D2F88430A3EB0E03634500F2D380D1F82F
:103EC00090309B07F4D5844AD2F8903023F44073A5
:103ED0000343C2F89030002F40F0DC80E10708D5A2
:103EE0007D4A296AD2F8883023F003030B43C2F8D5
:103EF0008830A20708D5784A696AD2F8883023F05A
:103F00000C030B43C2F88830630708D5724AA96ACC
:103F1000D2F8883023F030030B43C2F88830A7066C
:103F200008D56D4AE96AD2F8883023F440630B4320
:103F3000C2F88830A00508D5674AE96BD2F8883006
:103F400023F440230B43C2F88830610508D5624A48
:103F5000296CD2F8883023F440130B43C2F8883020
:103F6000620608D55C4A296BD2F8883023F44053A6
:103F70000B43C2F88830230608D5574A696BD2F83C
:103F8000883023F440430B43C2F88830E70508D556
:103F9000514AA96BD2F8883023F440330B43C2F85E
:103FA0008830200323D4374661030FD54A4AE96C91
:103FB000D2F8883023F040630B43B1F1006FC2F8B0
:103FC000883000F08380B1F1806F77D03E46620484
:103FD0004DD43046230408D53F4A696DD2F8883065
:103FE00023F080430B43C2F8883003B0F0BD3A4A57
:103FF000A96CD2F8883023F040630B43B1F1006F15
:10400000C2F888304CD0B1F1806FCCD10121281D8D
:10401000FCF72CFB07460028C5D0C5E76F6CB7F549
:10402000000F11D0B7F5400F13D0002F3DD001265F
:1040300000E79A6D42F080529A659B6D03F08053C1
:104040000193019B0127FDE6234AD36843F48033A3
:10405000D360214AD2F8883023F440033B43C2F8AE
:104060008830E6E60326002F3FF438AF12E01A4905
:104070002A6DD1F8883023F040531343B2F1805FAA
:10408000C1F88830A5D10221281DFCF7EFFA0028DD
:104090009FD09FE7104A936D23F0805393651DE7EF
:1040A000D36843F48013D3607DE73946281DFCF7BD
:1040B000DDFA064600287FF4BDAECAE70121281DBF
:1040C000FCF7D4FA0646002880D080E7D36843F492
:1040D0008013D3607AE700BF0010024000700040F8
:1040E000780000202DE9F043A3B0764C2C2200216B
:1040F000684606F0B5FD744A94F8AD000023C4E9A3
:104100002323C4E92733C4E929331F2140F2E733CD
:10411000C4E92513002846D0022384F8AD30D368C3
:10412000DB066AD594F8AC300125AB4284F8AD507B
:1041300037D0D4F88C3084F8AC504FF00209CA273D
:10414000532684F8AD905F625E6202F0B3F9D4F852
:104150008C3008BB9A6818609A6822F480229A60B2
:104160009A689A6002F0CCF9D4F88C304FF0FF08CE
:10417000C3F8248090B984F8AD5084F8AD905F62A4
:104180005E6284F8AC5002F095F900286BD0D4F848
:104190008C30C3F8248001E0FF225A62002384F8A7
:1041A000AC30FFF7F9FC00F0FF0154220CA884F8B2
:1041B000AC104FF4007606F053FD4FF400330BA81B
:1041C0000B932196FFF72EFE05460028E9D13F4AC2
:1041D000D2F8903043F400430146C2F890300320F7
:1041E00002F0E2FA3A4F08233B602920294602F008
:1041F000DBFA7E60D4F88C208EE7CA21532351620B
:10420000536202F057F9C8B9D4E923329968D4F857
:104210009C0021F4E00121F0400199600243D4F8B0
:10422000A400996802430A43D4F898109A6019616F
:104230001A69D4F8941042EA01421A6102F060F956
:10424000D4F88C30002838D1D96CD4F8A820D4F810
:10425000A00021F00301D964D96C02430A43FF2175
:10426000DA6459625EE7D4F88C3042F201125A6087
:1042700002F046F9D4F88C200346C2F824800028C6
:104280008CD14FF480726846CDE90333CDE9073312
:1042900084F8AD5084F8AC30ADF800308DF80230C1
:1042A000019305938DF824500A9202F051F90028E9
:1042B0007FF477AF23B0BDE8F083FF225A62FFF7A7
:1042C0006BFC00BF78000020002800400010024076
:1042D00000E100E0F0B4C56F202D4CD10C4601B1D7
:1042E00012B90120F0BC7047194600252123C0F8FF
:1042F0008450C36783682B4FA0F85020B3F5805FCC
:10430000D7F88460A0F8522038D0B0F85220036863
:1043100092B2B2B1DA69120604D44A1C1DD1DA692C
:104320001206FCD50CB314F8012B1A85B0F85220F4
:10433000013A92B2A0F85220B0F8522092B2002A6C
:10434000E8D1DA69520604D44C1C1DD1DA69510651
:10435000FCD52023C3670020C4E7D7F88420921B34
:10436000914219D3C1B11A68D4E735F8022BC2F3D0
:1043700008021A85DAE70220F0BC70470369002BB7
:10438000C3D125461C46C0E7D7F88420921B914232
:1043900002D309B11A68D4E72023C367F0BC032015
:1043A000704700BF78000020026852E8003F23F405
:1043B000907342E800310029F7D102F1080353E875
:1043C000003F23F0010302F1080C4CE80031002902
:1043D000F3D1036E012B06D000232022C0F88020E9
:1043E00083660366704752E8003F23F0100342E8FB
:1043F00000310029F0D052E8003F23F0100342E8DA
:1044000000310029EFD1E7E770B5AE4CD4F8305257
:10441000EB692A68A96840F60F00034240F08780E4
:10442000980602D5960600F1F380D4F89002012890
:1044300016D0D80202D5490200F1F4801E0605D438
:10444000590602D5530600F1258170BD1006F7D537
:10445000D4F89C32002BF8D0BDE870409A48184739
:10446000DE06E6D5D006E4D510232B62AB68B4F89F
:1044700088225B0640F14281D4F8A43219684B6867
:104480009BB2002B00F09681934280F09381A4F8B8
:104490008A320B689E0644D455E8003F23F48073AB
:1044A00045E800324AB1D4F8302252E8003F23F404
:1044B000807342E800310029F5D1D4F8302202F1AE
:1044C000080353E8003F23F00103083242E80031BB
:1044D0000029F2D1D4F8302202F1080353E8003F5A
:1044E00023F04003083242E800310029F2D12023B2
:1044F000C4F8B032C4F89012D4F8302252E8003F29
:1045000023F0100342E800310029F5D1D4F8A43299
:1045100093F82520022A00F054810422DA6383F8FC
:1045200024100223C4F89432B4F88A3270BD11F01A
:10453000010640F09E80654802423FF476AFD807FE
:104540000FD5D10540F1D68001212962D4F8B412EB
:1045500041F00101C4F8B41299076BD5002E40F068
:104560008C8058077DD51E0700F1C1801E050AD535
:10457000500108D54FF400612962D4F8B41241F01B
:104580002001C4F8B412D4F8B41200293FF45DAF8E
:10459000990602D5920600F1A080D4F8B422AB6847
:1045A00002F0280203F04003134300F00081464864
:1045B000FFF7FAFEAB685B067FF547AF05F108032E
:1045C00053E8003F23F0400305F1080141E80032C1
:1045D00062B1D4F8302202F1080353E8003F23F01F
:1045E0004003083242E800310029F2D1D4F8A40295
:1045F00000283FF42AAF90F82530354A8263022B19
:1046000000F0BB800423BDE87040C363FCF7CEB864
:10461000D4F89832002B3FF418AF04F50C70BDE8C5
:10462000704018474FF480132B6270BDD1058BD4B6
:10463000980722D4590714D5002E94D0042129625A
:10464000D4F8B412180741F00201C4F8B4128DD5A1
:1046500008212962D4F8B41241F00801C4F8B41258
:1046600084E7190782D502F0200131433FF47EAF81
:10467000EEE7D807DAD499072CD502212962D4F8BD
:10468000B4125E0741F00401C4F8B412D6D419077D
:10469000DED46BE755E8003F23F0400345E80032E5
:1046A0004AB1D4F8302252E8003F23F0400342E8F8
:1046B00000310029F5D120220023C4F8AC22C4F82F
:1046C0009C3270BD78000020A80200202001000468
:1046D000AD0700085E07B1D4D9E7D4F89832002BB3
:1046E0003FF45BAF42489847D4F8305255E7900604
:1046F000AED43BE798073FF534AF9BE7B4F88A1296
:10470000B4F88A329BB289B2002B3FF49EAE91423C
:104710003FF49BAE55E8003F23F4907345E8003228
:104720004AB1D4F8302252E8003F23F4907342E8B3
:1047300000310029F5D1D4F8302202F1080353E802
:10474000003F23F00103083242E800310029F2D192
:104750002023C4F8B032C4F89812C4F89012D4F8E8
:10476000302252E8003F23F0100342E800310029D4
:10477000F5D10223C4F8943270BD0268436C11680D
:1047800021F00E011160116821F001011160012476
:10479000026C03F01C0304FA03F35360002380F857
:1047A000254080F82430BDE87040FBF7FFBFC4F817
:1047B000B43270BD93427FF448AE0B689D06D8D4E6
:1047C00070BD1A681D6C106820F00E001060106833
:1047D00020F0010010605A6C012002F01C0200FA67
:1047E00002F26A6083F8250083F8241099E600BF7E
:1047F000A80200202DE9F041174F1D467B6913B137
:10480000BDE8F0411847FB684FEA4208002AF7D09C
:104810008F1EA8F1020406468E460C443A4632F832
:1048200002CF9CFA9CFCA242A2F800C0F7D14246FB
:104830007146304698470DB9BDE8F08137F8023F20
:104840005BBAA7423B80F7D037F8023F5BBAA7427A
:104850003B80F3D1F0E700BF7800002000B583B0C3
:1048600041F4A041012394464FEA124EADF80010E6
:10487000ADF80230042200236946ADF804E0ADF83B
:1048800006C0FFF7B7FF03B05DF804FB10B50E4C90
:104890008C461146228803F1020EB2EB4E0F06D26F
:1048A00023690A4A0A49BDE8104000201847013B25
:1048B0004CF4A04C4B802EF00042A1F800C0BDE8A3
:1048C0001040002396E700BF780000202401010873
:1048D00044010108F0B583B043F21C0200920123A9
:1048E0000E460024032269460746ADF80440FFF750
:1048F00081FFBDF8043013F4006517D141F21B04A9
:104900002B46694638460222009446F40066FFF7BB
:1049100071FF38462B4669460222ADF80040ADF8DB
:104920000260FFF767FF012003B0F0BD044B054AAA
:104930001D69054920463B46A847204603B0F0BD07
:10494000780000205801010888010108F0B501290C
:1049500083B00546144621D0022909D01B4B1C4ABE
:104960001C691C4903460020A047002003B0F0BD8D
:1049700043F2460384270026ADF800302846012381
:1049800003226946ADF80260ADF80460FFF732FF1C
:10499000BDF8040030B164B90120E7E743F24503F4
:1049A0008327E8E7094B0C4A1C690A492B46A047B4
:1049B000DBE747F480573346694628460222ADF8C4
:1049C0000070ADF80260FFF715FFE5E77800002002
:1049D000A001010888010108BC010108F0B5012906
:1049E00085B00646154631D0022924D143F2320360
:1049F00001240027ADF808300322012302A9304624
:104A0000ADF80A70ADF80C70FFF7F4FEBDF80C308D
:104A10006B8003F00702012A2A8027D013F00600DA
:104A200018D11649164A0C6916490096A047002469
:104A3000204605B0F0BD114B134A1C6911490346CD
:104A40000020A0474FF440530024D2E743F2330341
:104A50000C46CEE7023A012AEAD9084A00961469C0
:104A600008490A4A3846A0472F80E0E70349084A28
:104A70000C69044900963846A047D8E77800002022
:104A8000F001010888010108A00101085402010891
:104A90002002010810B582B001AA01210446FFF7E7
:104AA0009DFF002201212046FFF750FFBDF8043092
:104AB000022B08D00549064A0C6906490020A04788
:104AC000002002B010BD012002B010BD780000200F
:104AD00088020108D00201082DE9F04383B01D4689
:104AE00043F440534FF00008BDF82840ADF80030C3
:104AF0008946164669460123032245F48055074638
:104B0000ADF80280ADF80480FFF774FEADF80050F8
:104B1000BDF9045004FA09F46C4004EA0602554059
:104B20004346694638460222ADF80250FFF762FE5E
:104B300003B0BDE8F08300BF30B583B0002529463F
:104B400000957B23FF220446FFF7C6FF0121009159
:104B500020468B230222FFF7BFFF8B238022009584
:104B600007212046FFF7B8FF03B030BD70B582B013
:104B700043F2370200230092ADF8043003220123F0
:104B800069460546FFF736FEBDF8043013F0C00F46
:104B900019D143F21C02012300920024694603222A
:104BA0002846ADF80440FFF725FEBDF804301B058C
:104BB00015D50E4B0E4A1E690E4920462B46B047AE
:104BC000204602B070BD094B93F88820002AE0D03F
:104BD0001C69094A07492B460120A047D9E7284606
:104BE000FFF7AAFF012002B070BD00BF78000020CF
:104BF0001C03010888010108F00201082DE9F04FAB
:104C0000264C87B00026CDE90466B4F800808946BA
:104C1000002B3DD04FEA5808CDE90102A8F1040865
:104C20000D461F464FF4004BB246039325E0029B0E
:104C3000A5F800B033446B80631EAB80A5F806A0D6
:104C40006200002105F1080006F00AF829460198E3
:104C50000123221DFFF7CEFD04AA134603CA2644F2
:104C60006960286009EB460559F81600696803C3B6
:104C7000039B9E42A7EB04070AD2B845444628BFCF
:104C80003C46B845D3D200E0013CE307FCD4CEE774
:104C900009F1080007B0BDE8F08F00BF78000020E0
:104CA0002DE9F04FADF61C0D4FF0020B0590974B20
:104CB0004FF480541D469C6201F0C4FDAC6101F0CC
:104CC000C1FDDDF81490D9F820300393D9E91475AB
:104CD0001BB11B688E4A93420BD08E4D8E4A2B69B6
:104CE0008E4900209847BBF1010F2BD04FF0010BEC
:104CF000DDE7002FF7D0039A537BD2F808A00A2BE8
:104D000014D8DFE813F026006C04E7036703EE0213
:104D1000D9012101AF007E000B0026005046FFF7AD
:104D2000B9FE002840F07A85039B5B7B794D7C4A75
:104D30002C697C490020A047039A0023BBF1010F96
:104D40005373D3D14FF0000948460DF61C0DBDE852
:104D5000F08F4AAB1846EC220021049305F080FF47
:104D60006C4B0793D3F8B030DFED6F5ADFED6F6A0D
:104D7000069307EE903AF8EE677AB6EE006A85EE93
:104D8000A77AF4EEE67A37EE067AF1EE10FABCEE88
:104D9000C77A17EE103A1FFA83F800F39D849FED4F
:104DA000647AF4EEC77AF1EE10FA00F19584A8F176
:104DB00010039BB2EF2B40F2BE849FED5E7ADFEDD5
:104DC0005E6A079D77EE877A37EE877ABCEEC77A00
:104DD000B8EE477A37EEC77AFCEEE77A27EE267A06
:104DE00017EE904AFCEEC77A17EE907ACDE90047AD
:104DF000524B2C69524A53490020A047039B5B7BCE
:104E000095E75046FFF746FE00288DD039466023CF
:104E100000225046FFF7F2FE0DF5BF730DF5A772A5
:104E200000210546FCF79AFB00283FF47DAF284699
:104E30006CAB60AA0DF5D971FCF790FB00283FF42C
:104E400073AF504640F27C41FFF744FD00283FF429
:104E50006BAF0925039B5D7301F0D0FC00287FF444
:104E600032AF40E75046FFF715FE00283FF45CAF35
:104E70003946102300225046FFF7C0FE4AAB049388
:104E8000BDF8B2310025064603F01F0EC3F3441CE3
:104E90009B0A07950EF1300E0CF1300CA3F120089F
:104EA00006952F462846B41C0CE0069A93423846D5
:104EB00040F2C4850693ABB2174607930135082D1F
:104EC00000F0938536F9253034F925200EFB03F3E5
:104ED00008FB02F1002BB8BF3F3300290CFB02F2A4
:104EE000B8BF1F319B11002A03EB6113B8BF3F32DB
:104EF0001BB242F38F1203FB03F302FB0233834224
:104F0000DCD9BB42D1D81846D8E700BF000400481E
:104F10000EB037137800002020FA000838FA000895
:104F20008C030108B0030108F902154F8096984CD4
:104F30008096984BBD3706350024744980050108DA
:104F40004C030108780301085046FFF7A3FD0C90BD
:104F500000283FF4E9AE524B524A0793D3F8B030E1
:104F6000A2FB03239A094AAB18463946B0F8E00081
:104F7000049300FB02F24FF4407308925046002263
:104F8000FFF73CFE86AB0B90069385AF861C0DF6B3
:104F90001405B6F9001036F9020CFBF7A1FE47F82C
:104FA000040FBD4206F10406F3D10DF1C8084046D6
:104FB0002022002105F054FE3B4B0993089BCDF8BD
:104FC000348003EB4303DB000A93069B4FF0000C95
:104FD00031AF03F15C054FF6FF7EB84664462F46BD
:104FE00076466546A7F15C00FCF78EFA4FF0000CA0
:104FF000A7F1600050F8043F026E8742A3EB020362
:105000009C44F7D1BCF1000FC0F2DF8340F694530B
:105010004FEA9C1003FB00F0089B400D03FB00F0DF
:105020000A9B03EB1020C8F8040024B1D8F8003024
:10503000834240F2068558F8043F099AA3F166734B
:10504000A3F54A33203B002BB8BF5B42934202D208
:105050000C9D09932646621C94B2082C07F1C007E8
:10506000C0D1DDF83480002D00F0EB84049B0F49A3
:105070005E840F4B0096372283F8242050460D4A59
:105080000C2301F089FC504640F21741FFF722FC47
:10509000002840F09185079D039B5B7B47E600BF9E
:1050A00078000020D34D621040420F00FCE1000860
:1050B00000000020D4C300085046FFF7EBFC002896
:1050C0003FF432AE39464FF4407300225046FFF7AA
:1050D00095FD11AB00F5C062CDE9073200220492C4
:1050E000CDE90C3986AA0692B44DB54E1AAACDE97F
:1050F0000AAB0DF1C808099249AF8346099CDA460C
:10510000BAF902103AF9040BFBF7EAFD44F8040B74
:105110004445F5D10DF1C4094C46DA46BAF962109E
:10512000BAF96000FBF7DCFD44F8040FBC420AF159
:10513000040AF3D1069B049A0DF1640E981800211D
:1051400059F8043F5EF8042F9B1AAB4240F3F082FB
:10515000A3F5C9237E3BAB42FADC002BB8BF5B4210
:105160009942B8BF1946B94540F8043BE8D1079BBE
:10517000491043F8041F0793049B60330493089B72
:105180000BF1C00B9B45B9D1DDE90AABDDE90C3968
:10519000002108460A4653F8044F8442C8BF11460E
:1051A00002F10102C8BF2046082AF4D112AB0DF16A
:1051B000C70253F82150069B01EB410103EB41115B
:1051C0000DF1DF0051F8043BAB42ACBF00230123DB
:1051D00002F8013F90421376F4D1002001230246E9
:1051E00018F8011F6AB981B118F8011C69B91A468B
:1051F00001200133302B3FF497AD18F8011F002A2E
:10520000F1D0002900F0D18201300133302BE7D1F9
:10521000A0F10C03082B3FF687AD02EB5002172AD2
:1052200002D9183A172AFCD892B2910089B201F13A
:105230003005ADB25F2DADF8302140F26A84614B8C
:10524000A3FB05239B0903EB4303A5EB43130027B3
:105250000D46B84699B201265B4A009121235B496D
:10526000504601F099FB584A584900952223504670
:1052700001F092FB0325544A5449009601235046FD
:1052800001F08AFB504A514900950223504601F033
:1052900083FB4D4A4D49CDF800802B46504601F026
:1052A0007BFB494A494900970423504601F074FBAF
:1052B000454A464900960523504601F06DFB002300
:1052C000424900935046404A062301F065FB504690
:1052D00040F2ED31FFF7FEFA00283FF425AD062538
:1052E000B8E55046FFF7D6FB00283FF41DAD00227D
:1052F000394650235046FFF781FCCDE908750DF57E
:1053000099723021A0F1020CCDF810B0CDF828A090
:105310008E461046CB462E49002447F6FF76CDE94F
:1053200006E065464FF6E473A046A2460F46B14636
:1053300009E0964204F10104C4BFF0461646083362
:10534000082C9BB21AD035F9022F0FFA83FE4CB10C
:1053500035F8020C101A00B28145A8BF8146874279
:10536000B8BF0746002AE4DA914204F10104BCBF49
:10537000F24611460833082C9BB2E4D1A7F51C571E
:10538000103FBFB244F620639F42DDE906E011D82A
:10539000B9F1000F0ED111F5004F47F6FF7300F081
:1053A00059839E4200F03486A8EB0A08B8F1080F32
:1053B00000F03B86DDF810B0B6E400BF3F240300E8
:1053C000C1DBFCFFABAAAAAAD4C30008FCE1000819
:1053D0000080FFFF5046FFF75DFB00283FF4A4ACC0
:1053E0003946002220235046FFF708FCB0F9002080
:1053F00006460746012115460020144637F9022FBC
:1054000002F548731B1B9BB2B3F5C86F3FF68CAC1B
:105410009542D8BF084601F10101D8BF15462029A1
:10542000EBD1072840F27B831728A0F1070340F255
:105430000786D3F1200240F0758386AB06930DF109
:10544000C80806984146FBF7DBFC00283FF46CAC2B
:1054500098ED006AB5EE406AF1EE10FA3FF464ACE4
:1054600098ED017AB5EE407AF1EE10FA3FF45CACBB
:10547000D8ED026AF1EE666AC6EE877AF5EEC07A7A
:10548000F1EE10FAFFF650ACB1EE477AC7EE066ABD
:10549000F5EEC06AF1EE10FA7FF546ACB7EE007A91
:1054A00077EE877AFCEEE77A17EE903A9AB23F2AC7
:1054B000C3F34E033FF638AC83F01003504640F27E
:1054C0001531ADF82E31FFF705FA00283FF42CAC6A
:1054D0000425BFE45046FFF7DDFA049000283FF4AE
:1054E00023AC4123002239465046FFF787FB0023B7
:1054F000028C0792A0F1020E1C4606934FF6FF782D
:105500003E4608905A1E02FB02F2C2EBC20257004E
:105510003EF9020FC83A07F51677002B00F04B81D1
:105520003EF902CCA0EB0C0C944500F57A71FFF625
:10553000FBABBC453FF7F8AB00290A46B8BF4A426F
:1055400092B2424504D29C009046049A0692A4B2BC
:105550000133102BD6D1069A08993746002A3FF41A
:10556000E3AB4A8C089284F030001446B1F88020F6
:105570000A90121BB2F5FA6F4AAC0494ADF82C01F4
:10558000FFF6D2AB01F120089A491204A1FB0221D7
:105590004A09002109920E464FF6FF70089A38F822
:1055A000024F02EB114C079AA21A002AB8BF5242CE
:1055B00092B282420CF5487E3CBF10461E46A6457C
:1055C00003F1010204F5487480F0E08393B2099A74
:1055D000402B11443FF4A8AB00220692DEE7504670
:1055E000FFF758FA00283FF49FAB86AA144643F20F
:1055F0003203002686930322012321465046ADF84C
:105600001C62FFF7F7F83946122332465046A58848
:10561000FFF7F4FA0146B0F800C047883346304639
:1056200004314FF6FF7645FA03F2D2070AD531F876
:105630001320D21B002AB8BF524292B2B2423CBFE2
:1056400098B216460133102BEDD1431E0D2B3FF6B9
:105650006BAB00F10043013B01EB430631F8132033
:105660007388B688D21A41F287318A427FF75CABE1
:105670004FF6FF7295423FF457AB9B1B8B427FF76F
:1056800053AB40F2E51303FB0CF31B0CA3F589733A
:1056900013F1140F1AB2C0F2D8842C2A40F3D2842A
:1056A0004F2ACCBF0423032353490090ADF82A01AD
:1056B000ADF84C315046514AADF828C1252301F0D0
:1056C0006BF9504640F23321FFF704F900283FF40C
:1056D0002BAB0225FFF7BEBB9FED497ADFED496A90
:1056E000079D494B494A4A4977EE877A002037EEB1
:1056F000877ABCEEC77AB8EE477A37EEC77AFCEE07
:10570000E77A27EE267ACDED007A17EE904AFCEE86
:10571000C77ACDED017A2E6917EE907AB047A8F1DD
:105720001003EF2B3FF662ABB6E403F5C9237E33DB
:10573000B342FADB11E577EEC77ADFED366A9FED0B
:10574000367A049A67EEA67AB8F13F0F77EE877A39
:10575000FCEEE77A17EE901AA2F8E81040F2D28138
:10576000049A0123B8F1BF0FA2F8E23098BFA8F164
:105770004003049A8CBF4FEAD803C3F3CF03A2F8C7
:10578000E43008F00703A2F8E630049B079CA3F876
:10579000E08050462688FFF7E9F9002840F04D8365
:1057A000039B25465B7BFFF7C2BA0B283FF630AD63
:1057B00008460A461DE500F57A73002BB8BF5B4228
:1057C0009BB2434510D301239CE6CCF1000040F688
:1057D0009453800903FB00F0089B400D03FB00F08D
:1057E0000A9BA3EB10201EE49846049B069300241A
:1057F000012387E6ABAAAAAAFCE10008D4C30008EB
:10580000BD37063500247449800501084C030108A2
:1058100078030108E8385BB500007C4239464FF454
:105820009C6300225046FFF7E9F912AB00931AABD4
:10583000984632AB0024049386AB1A461E46019468
:1058400010AB90218146109412941A943294FBF775
:1058500019FF00283FF468AA049D0194009543466F
:105860003246F02109F59070FBF70CFF00283FF459
:105870005BAA10AB0093019412992A68BB4BBC4FF2
:10588000521A02FB03F307FB01F11B0CC3EB51336C
:10589000109907FB01F107FB02F2490B4AA8CDE979
:1058A000793205467B910FAB324640F21F1109F267
:1058B0000230FBF7E7FE00283FF436AA12AB009354
:1058C000CDF804800EAB32464FF4907109F5A86014
:1058D000FBF7D8FE00283FF427AA049B09F5F060E7
:1058E000CDE90043324623464FF490713446FBF72E
:1058F000C9FE00283FF418AA0E980F9AD8F8001095
:10590000109BDDF814A04646DFF89882121A07FBB8
:1059100000FC08FB02F8129807FB02F2C5F8CC2045
:10592000944AC01A07FB03FE00FB02F2049B120C10
:10593000C2EB5E321B68C5F8D0208F4A5B1A07FBAA
:1059400000F007FB01F103FB07F702FB03F34FEA4B
:1059500018481B0CC3EB5133C8EB5C3CC5F8D400B2
:105960008648C5F8DC70C5F8D830C5F8C8C00DF257
:1059700027170DF213294FF0FF3317F8012F0821D5
:10598000534043F300020240013982EA5303F8D145
:10599000B945F2D1039A7A4FDB43C5F8EC304FF4A6
:1059A00080580A235373C7F8288000F04BFFC7F8CC
:1059B000188000F047FFDAE907380693DAF850302C
:1059C0000593DAF854300893B8F1000F05D06D4B09
:1059D000D8F800209A4200F00F826B4B6B4A1B698B
:1059E0006B4900209847FFF7ADB9069BB0EB530F0A
:1059F000BFF49AA9049A079B13846649664A0093E8
:105A000050460B2300F0C8FF0023634A614900930E
:105A10005046092300F0C0FF7E235E4900935046A4
:105A20005D4A0A2300F0B8FF504640F25341FEF7AA
:105A300051FF00287FF40EAAFFF776B91F46FFF743
:105A40003DBA564B079D372283F82420039B5B7B8E
:105A5000FFF76DB99E423FF4ADACB8F1000FC0F254
:105A6000D982B8F11F0F3FF7A5AC1FFA88F84B4B4E
:105A700020F8028F83F815E00EF1010E5FFA8EFE1A
:105A8000BEF13A0F0CF1100C7FF445ACDDE908755E
:105A9000DDF828A080232A46394600935046404B23
:105AA000D946DDF810B000F0CFFCBDF834013A4A19
:105AB0003849BDF82E5100900723504600F06CFF86
:105AC000354A344900950823504600F065FF03230A
:105AD000314A304900935046092300F05DFF062308
:105AE0002C49009350462C4A0A2300F055FF50469B
:105AF00040F2D631FEF7EEFE00283FF415A9052549
:105B0000FFF7A8B9B8F12F0F88BF4346A2F8E430D9
:105B10003BE603274FF001080026FFF79DBB00F18D
:105B20000802002386A9D01806EB4000069106EB78
:105B3000430607EE903A36F9024BF8EE677AB04228
:105B4000C1ED027A07EE904AF8EEE77A03FB03F420
:105B5000C1ED007A07EE904AF8EE677A03F101038F
:105B6000C1ED017A01F10C01E3D168E4A82A040037
:105B7000AA0A0100A64A07004E750B002083B8ED63
:105B8000000400480EB037137800002020FA000807
:105B900038FA0008FCE10008D4C300080000002027
:105BA00014C5000854150200000040420000804265
:105BB0000000004200007C420B9B1FED057AF7EECF
:105BC000007A03F1C00003F5D8664546A0F1C00392
:105BD0000024B3F9022002FB02F1B3F900200433E0
:105BE00002FB021283421444F3D106EE904AB8EE4F
:105BF000E66A03F1C000C6EE076A8642B1EEE66AC5
:105C0000C7EE866AE5EC016AE0D15FED181A5FED38
:105C1000180A1FED181A6CAF00261AAC08F12005FF
:105C20000B9B03EB8602069B4146B2F90000F1ECA8
:105C3000016A07EE100AB8EEC77AB2F9020027EE41
:105C4000267AA94267EE077A02F1C002C3ED007A14
:105C500007EE900AF8EEE77A32F9600C67EEA67A62
:105C600003F10C0327EE277A67EEA77A03ED027A99
:105C700007EE100AB8EEC77A43ED017A27EE267ACE
:105C800032F95E0C67EE077AC3ED157A07EE900ADB
:105C9000F8EEE77A67EEA67A27EE277A67EEA77A1C
:105CA00083ED167AC3ED177ABFD1069810222146EC
:105CB000FBF7A6F800283FF4EEA9D4ED006A94EDB6
:105CC000017AF1EEE67AB1EE006A66EE866A94ED4C
:105CD000026A67EE075A66EE866AB6EE006A76EEEC
:105CE000E56AF6EE085AB1EEE64AC6EE276A77EEA6
:105CF000E57A26EE877A67EEA17A66EE846AF7EE99
:105D0000004A77EE867A37EE247A76EEE56AB3EECD
:105D10000F5A27EE207A66EEA16AF4EEC57AF1EE0C
:105D200010FA37EE067A76EE866A00F33981F5EEE0
:105D3000C07AF1EE10FA00F18181FCEEE77A17EEFD
:105D4000903A1BB2B4EEC17AF1EE10FA40F31A8128
:105D50006FEA83536FEA9353F3EE0F7AF4EEE76A38
:105D6000F1EE10FA40F3008143F478730136182EF7
:105D700027F8023F7FF454AF039B07255D7300F0C3
:105D80003DFD00287EF49FAFFEF7ADBF6445FFF4F4
:105D90001DAC93B2099A402B11447FF4FFAB069BD4
:105DA000002B3EF4C1AF049B5E81012386A80093C3
:105DB0004FF47E532A463946ADF818320346504612
:105DC00000F042FBBC4ABD4900962623504600F035
:105DD000E3FD0A9BB94900935046B74A242300F0DB
:105DE000DBFD504640F2C621FEF774FD00283EF46C
:105DF0009BAF0325FFF72EB8B1490DF227104FF0E6
:105E0000FF3210F8013F08275A4042F300030B40CD
:105E1000013F83EA5202F8D18145F2D1D5F8EC3046
:105E2000D2439342BA4600F09180A64BA64A1B6922
:105E3000A64938469847FEF785BF4FEA550C7608C5
:105E4000B44528BFB446ACF1020C2CF0010C3B1D4C
:105E500006931FFA8CF3CDF824A040F64C36089335
:105E60004FF00008E246089CC8F534630C339A45AD
:105E700088BF34464FEA580560084FEA85010CD0C8
:105E80008E4B07EB800019443B4651F8042BDA8017
:105E9000120C9A8004339842F7D1049B0698B3F809
:105EA000E23001931C2300932246834B4146FAF7CC
:105EB0007DFE00283FF4EFA8049B0698B3F8E43079
:105EC00001931A23009322467B4B4146FAF76EFE5C
:105ED00000283FF4E0A8049B0698B3F8E63001934D
:105EE0001B2300932246744B4146FAF75FFE0028BD
:105EF0003FF4D1A8049B0698B3F8E8300193192326
:105F0000009322466C4B4146FAF750FE00283FF4BE
:105F1000C2A82346099829463A46FEF7B7FC089BD3
:105F20009844F61A1FFA88F840F64B339845B6B2F3
:105F300099D9DDF824A04FF4AE715046FEF7CAFCA3
:105F400000283FF4A8A80125FEF784BF069A1AB1DD
:105F50005F4B12689A4225D05A4B5E4A1B695E49D4
:105F600000209847FEF7EEBEF5EEC06AF1EE10FA9B
:105F70003FF5FCAEFCEEE66A16EE902A43EA4213C9
:105F80001BB2F3E6B5EEC07AF1EE10FA3FF5E4AEDF
:105F9000BCEEC77A17EE102A43EA82231BB2DBE677
:105FA0001F23CFE6D8F80800A780069F43F21C0302
:105FB000236004370123032221460797FEF71AFCCA
:105FC000A38803F40063002B1F4614BF01230023A2
:105FD00088F80C3000F08680D8F81030D8F808B077
:105FE00003934FF4E2720021204604F039FE049836
:105FF0003C22002104F034FE039B93F8C5713FB3AB
:10600000304B364A1B69364900209847FEF79ABE46
:10601000D04622E5C8F100081FFA88F8B8F11F0F32
:106020003FF6C8A948F0200821E5761ACB0093FB7B
:10603000F6F3AAEB03030FFA83F80EE5002381E6DB
:106040000F226FE50223FFF72FBB0123FFF72CBBC5
:1060500010AB00930798334622462946FBF7A8FF6A
:1060600000283EF46FAE069B10A993F85F20049BB6
:106070003046FAF735FC814600283EF463AE049AB8
:106080000398538AA8F80430D38AA8F806300FAAD8
:1060900012AB214600F090F9BDF84820BDF83C3025
:1060A0009A4280F09280039B079A29462046FBF78C
:1060B0002FFCFEF749BE00BFD4C30008FCE1000876
:1060C0002083B8ED78000020C403010838FA0008E6
:1060D0000FB03713D8F90008F0F90008D803010809
:1060E00060FA000843F23103D8F808002360032265
:1060F000A4F804A001232146FEF77CFB98F80C903D
:10610000A288B9F1000F7FF467AF4AF6C043D8F810
:106110001010D8F808B003919A423FF462AF51468C
:106120004FF4E272204604F09BFD12AB00930798F7
:10613000334622462946FBF73BFF00283EF404AED7
:10614000069B12A993F85F20049B3046FAF7C8FB20
:1061500000283EF4F9AD049A538AA8F80430D38A93
:10616000A8F80630DFF890815846B8F80060FEF7CE
:10617000FDFC10B3089A0495730856089E4228BF88
:106180001E46059B023E26F0010603F1040A3D4629
:106190002A4610AB514620461096FBF71BF8109B81
:1061A000059A690807465846FEF770FBAB199DB281
:1061B000B5F51E6F79D2002FEAD1D8F810304B4ACE
:1061C0004B4900209847FEF7BFBD43F237031293B7
:1061D0000322012312A95846ADF84C70FEF70AFBC2
:1061E000BDF84C3013F0C00310D1ADF84C3043F281
:1061F000310312930322012312A95846FEF7FAFA3B
:10620000BDF84C204AF6C0439A4214D1039812AB11
:106210000FAA214600F0D0F8BDF83C70BDF848A0A8
:10622000574516D9334B1293584612A90023022220
:10623000FEF7E0FA37E7304B93F88820002A3EF467
:1062400081AD1C692D4A2E495B460120A047FEF70F
:1062500079BD2949089B0E885A087608964228BFBE
:1062600016460AF10202059B023ED21B26F00106E9
:1062700092B2964203F1040328BF1646049303E04A
:106280003744BFB2574524D80499129612AB3A4608
:106290002046FAF79FFF80460028F1D0129B059A0E
:1062A00079085846FEF7F2FAEAE7049D002F84D0F9
:1062B0008023089A059900935846124B00F0C4F8C1
:1062C000039B079A29462046FBF722FBB946FEF7B7
:1062D0003BBD084B1293584612A900230222FEF739
:1062E00089FAB8F1000F3EF42DADDCE65404010844
:1062F00060FA0008801001007800002018040108EE
:106300003C04010814C50008094A0A4B12680A49EE
:10631000D360086804E00B681B1AB3F57A7F04D8D1
:10632000D3689B06F7D5002070470320704700BF55
:10633000040100205FFF0300FC00002070B5066828
:106340000546F46931EA040405D0581C05D1F36907
:1063500031EA0303FBD1002070BD16480068801AA3
:10636000834219D3C3B130684407EAD58029E8D005
:106370004029E6D0F46914F008040FD1F069000553
:10638000DFD54FF4006333622846FEF70DF8202373
:10639000C5F8843085F87840032070BD082428466D
:1063A0003462FEF701F8002385F878300120C5F843
:1063B000844070BDFC0000202DE9F04F204CDFF838
:1063C000849093469A46851E8A1E04F1E2074FF098
:1063D00000084FF41E6635F8021F32F8023F99425A
:1063E00022D0217809EBC1014B8833B349680020E2
:1063F00001EB830347F6FF7E51F804CB1FFA8CFCB8
:10640000E64528BFE646604538BF60468B42F3D17B
:10641000400080B24FEA4E0E80451FFA8EFE38BF14
:106420008046764528BF76460134BC42D3D1ABF8CE
:106430000060AAF80080BDE8F08F4FF6FE7EF0E71E
:1064400004BB0008E8BB00082DE9F04F9846174B45
:10645000DFF85CB01F8883B0043A043F52087F081D
:1064600097420C9E0190894628BF174601F1040A05
:106470000025741BBC4228BF3C4645EA0B02631E44
:1064800008EB4501A9F80020A9F802306200504647
:1064900004F012FD254401980023A21C4946FEF792
:1064A000A9F9AE42E5D803B0BDE8F08F780000202E
:1064B00000C0FFFF30B4104D2A68D06810F04000D3
:1064C00002D0002030BC70470C494FF0FF33D3603E
:1064D0000C68D3685B06F5D4032803D1F2E7D368D0
:1064E0005806EED40B681B1BB3F57A7FF7D903204F
:1064F00085F82100EDE700BF04010020FC0000202A
:1065000008B5114BDA6822F08002DA609A689206C8
:1065100003D4FFF7F9FE88B908BD9A6822F020027B
:106520009A60FFF7F1FE18B1084B032083F82100B1
:10653000054A936843F02003936008BD034B032092
:1065400083F8210008BD00BF00280040040100209E
:10655000F0B5624C94F82030012B00F0BC8021682B
:106560000223012284F8202084F821308B6813F064
:10657000400C18BF90F803C003780CBF80F803C02C
:106580004FEA8C5C092B09D900220A3BDBB2092BAC
:1065900002F10102F9D843EA0213DBB21A0443788C
:1065A000092B09D900250A3BDBB2092B05F10105AE
:1065B000F9D843EA0513DBB28678092E4FEA0323A4
:1065C00009D900250A3EF6B2092E05F10105F9D8D0
:1065D00046EA0515EEB290F824E0BEF1090F0DD998
:1065E0000025AEF10A0E5FFA8EFEBEF1090F05F12D
:1065F0000105F6D84EEA05155FFA85FE4569076A7A
:106600003D4345EA0C052A431343334343EA0E62F4
:106610004668C3691E43836ACA20486253204862A1
:10662000B3F5807F8B6838D023F400738B60CB6820
:106630002B48DBB263F42073CB60056804E0036889
:106640005B1BB3F57A7F1ED8CB689B07F7D50A6230
:106650008E648B6843F400738B608B6843F4005343
:106660008B60204B1A68002042F4802284F82000BE
:106670001A609A6842F480229A60FF2201234A62DB
:1066800084F82130F0BDFF2203234A6284F82130D0
:10669000002384F820300320F0BD23F480738B6046
:1066A000CB680F48DBB263F4C073CB60056804E0CD
:1066B00003685B1BB3F57A7FE5D8CB68DF07F7D5B6
:1066C000CA614E648B6843F480738B608B6843F4BB
:1066D00080538B60C5E70220F0BD00BF040100209D
:1066E000FC000020000401402A4A03460068904252
:1066F00070B43BD8284A294C14210244B2FBF1F271
:106700009200022183F8251001689D689E691C642F
:1067100021F4FF4C59695A642CF0700C294341EA6A
:106720000C01314341F08001B5F5804F016014D078
:10673000596802F01C020F2090409140174A944281
:106740006FEA00001AD0D2F8A8442040C2F8A8048A
:10675000D2F8A8040143C2F8A81400200122D8638B
:1067600083F8240083F8252070BC70470C4A0D4C38
:1067700002441421B2FBF1F29200C2E7D4F8A8203F
:106780000240C4F8A820D4F8A8201143C4F8A810E7
:10679000E3E700BF07040240F8FFFDBF000002402E
:1067A000F8FBFDBF00040240134BDB68C3F3022378
:1067B000C3F1070C1A1DBCF1040F28BF4FF0040CE5
:1067C000062A88BFDA1E4FF0FF3303FA0CF398BF96
:1067D000002221EA030393401B01421CDBB206D0D6
:1067E00000F1604000F5614080F800337047024AD4
:1067F00082F82330704700BF00ED00E00F49104AD7
:10680000086813691B0704D50D4B1869C0F3C00055
:1068100070470B681B1AB3F57A7FF5D272B613690D
:106820001B0700D430BF62B6BFF36F8F13691B071D
:10683000EFD5034B1869C0F3C0007047FC0000207F
:106840000004004870B5504C504A94F820300021A4
:10685000012B11707FD02368022184F82110CA21F6
:1068600059620120532184F820005962996821F46B
:1068700080619960D968C9B261F49061D960D968C2
:1068800049066AD51F2159619968414821F00701DD
:1068900041F003019960016841F480110160816851
:1068A00041F480118160996841F480419960996850
:1068B00041F480619960FF200121586284F8211021
:1068C0001178002384F8203000295AD172B6BFF322
:1068D0004F8FBFF36F8F137803B930BF62B6BFF32A
:1068E0004F8FBFF36F8F1378002BEFD094F82030C9
:1068F0000021012B11702ED02168264D0220CA23C1
:1069000084F8210001224B6253234B6284F820203B
:106910008B6823F480638B608B6823F480438B60E7
:10692000286804E02A68121AB2F57A7F0CD8CB687E
:1069300013F00403F6D0FF2001230022486284F8FC
:10694000202084F8213070BDFF200322486284F8A3
:10695000203084F82120FDF71FF90E4D2E68D968EC
:1069600011F004018ED12868801BB0F57A7FF6D92A
:10697000FF200322586284F8212084F82010FDF7BC
:106980000BF91370B8E700BF040100202C010020B0
:1069900000040140FC0000202DE9F04F02EBC3078A
:1069A00087B07B88DDF84090EBB1824688460026B0
:1069B0004D467B6853F82640C4F30170012815D07A
:1069C00002282ED020BBC4F34459012303FA09F353
:1069D0009D422FD32E4A2F4916692F4A013BCDE9FC
:1069E0000053A3B2B04707B0BDE8F08FA3B2194679
:1069F00058F8232022F00F0215B1C4F303442243B8
:106A00005046FDF72BFF7B8801369E42D1D3EAE743
:106A10001F4B224A1B691F49002007B0BDE8F04FF9
:106A20001847A3B2194658F8232022F00F02002D70
:106A3000E6D1E2E71FFA84FB4FF00103ADF80E3018
:106A40004BF42043ADF81000CDF81200ADF80C3037
:106A500003A9504601230522FDF7CCFEC9F1200908
:106A6000BDF81220BDF814304FF0FF30C4F30444D9
:106A700020FA09F0A04043EA024323EA000305FAA2
:106A800004F4594643EA04025046FDF7E7FEBAE72C
:106A90007800002024FC00082C0D0108640D01087A
:106AA0002DE9F04F364B1B78012BA3B0054605D9D5
:106AB000344B354A1B693549022098473449DFF881
:106AC000C4A0DFF8D890782204A804F0F5F9314A80
:106AD00002920023022202A92846FDF78BFE0DF147
:106AE000100BBBF80440BBF806201619B44232DA8A
:106AF0004FF0000805E0624698470134A4B2B44262
:106B000029DA44F44050012302A9ADF80800032219
:106B10002846ADF80A80ADF80C80FDF76BFEDBF877
:106B20000830BDF80CC021462846002BE3D1144B99
:106B300016491A78012A2B464A464FF00200DCD942
:106B4000DBF80070CDE9007C0134DAF81070A4B2F3
:106B5000B847B442D5DB0BF10C0B22AB5B45C0D17F
:106B6000074B1B78012B08D9064B0B4A1B690749B9
:106B7000022023B0BDE8F04F184723B0BDE8F08FE6
:106B800000010020780000208C0D010898FA000810
:106B900094F80008D5100100DC0D0108C80D0108AB
:106BA0002DE9F04F89B00493002900F0898002F0AC
:106BB00003077D1EC2F300130295DFF8B0B1694CE4
:106BC000059302F4403500234FF0010803959246E7
:106BD000019708FA03FC1CEA01066DD0029F5A00D7
:106BE00003259540012F6FEA05056CD9019F032FFE
:106BF00040F0AC80D0F800C0019F0CEA050C07FA09
:106C000002F242EA0C020260039A002A54D0DBF836
:106C1000602042F00102CBF86020DBF8602002F037
:106C200001020792079A23F0030202F1804202F563
:106C3000803203F0030CD2F808E04FEA8C0C0F25E9
:106C400005FA0CF5B0F1904F2EEA050E11D0464D25
:106C5000A84277D005F58065A84275D005F5806516
:106C6000A8426DD005F58065A84214BF072504250C
:106C700000E0002505FA0CF545EA0E059560A268CE
:106C8000F5431AF4801F0CBF2A403243A260E26829
:106C90001AF4001F0CBF2A403243E26062681AF403
:106CA000003F0CBF2A403243626022681AF4803FE2
:106CB0000CBF2A4032432260013331FA03F288D1FB
:106CC00009B0BDE8F08FD0F80890129F09EA0509D5
:106CD00007FA02FE4EEA090EC0F808E0D0F804E018
:106CE000059F2EEA0C0E07FA03FC4CEA0E0CC0F8C6
:106CF00004C0049FD0F80CE007FA02FC019F0EEAE2
:106D0000050E4CEA0E0C022FC0F80CC07FF472AFD7
:106D10004FEAD30900EB890903F0070CD9F820707A
:106D20004FEA8C0C4FF00F0E0EFA0CFE27EA0E0EF7
:106D3000139F07FA0CFC4CEA0E0CC9F820C059E767
:106D4000032597E7012595E7022593E7D0F80CE0A6
:106D5000049F0EEA050E07FA02FC4CEA0E0CC0F87E
:106D60000CC047E700040140000400480010024046
:106D70002DE9F041C16F05689EB0044600295FD03F
:106D800025682423E3672A68636A22F001022A60E7
:106D9000002B40F0BB80D4E90402A36829680343B8
:106DA0001343E0699A4A03430A4013432B606B681C
:106DB000E26823F440531343964A6B609542A369FB
:106DC000AA6800F0E980216A22F430620B43134381
:106DD000914AAB6095421BD0904B9D4240F00D8193
:106DE00003F5E633D3F8883003F00C030C2B00F2E4
:106DF0000781DFE813F0DA010501050105016C01E7
:106E000005010501050125010501050105015C01DB
:106E1000834BD3F8883003F00303022B00F010817A
:106E2000032B00F04481012B00F05181B0F5004F9D
:106E300000F0C481FCF7E2FF002800F0128104E1B9
:106E400080F878105C2207A803F00AFF724B9D427D
:106E500000F0B981714B9D4292D1022707A8079794
:106E6000FCF7E0FF0546002840F0D9816C4B6D4EE1
:106E70009A6D42F400329A659A6D02F400320492DF
:106E8000049ADA6C42F00102DA64DB6C03F001036D
:106E9000039307220323CDE90032039903463A46C0
:106EA0000F214FF09040FFF77BFE4FF080085E4BC4
:106EB00033603046C6E90175C6E90358C6E9055591
:106EC000C6E90755FFF710FC0346002840F0A781EC
:106ED000564D6667C5E90338C5E90533C5E907338B
:106EE0001022534BB46228466F60AA602B60FFF7F4
:106EF000FBFB0146002840F0928125672620AC620A
:106F0000FFF752FC4B4B40225A6039E71E0705D56C
:106F10006A68616B22F400420A436A60D80705D5AB
:106F20006A68A16A22F400320A436A60990705D5AB
:106F30006A68E16A22F480320A436A605A0705D51A
:106F40006A68216B22F480220A436A60DF0605D555
:106F5000AA68A16B22F480520A43AA609E0605D556
:106F6000AA68E16B22F400520A43AA60580609D5C8
:106F70006A68216C22F480120A43B1F5801F6A60AE
:106F800000F00C8119067FF506AF6B68A26C23F444
:106F9000002313436B60FEE622F430621343204962
:106FA000AB60D1F8883003F44063B3F5006F00F0B4
:106FB000F38000F2EA80002B00F02B81FCF7B8FE92
:106FC00000284ED0626802EB4203834218D8B0EB2F
:106FD000023F15D8510800230F464FF4807619461A
:106FE000E0FB0671384600F0E3FA134BA0F540725F
:106FF0009A4205D8074BD86033E0104B9D425CD0D5
:107000000023C4E91A3301201EB0BDE8F08100BF9F
:10701000F369FFEF00800040003801400044004069
:1070200000100240C00100206C0002400802002055
:107030008000024000E100E0FFFC0F00004800403B
:10704000B0F5004F794800F08B80636800EB530087
:10705000B0FBF3F04FF6EF73A0F110029A42CFD8D5
:10706000E8606A687249002322F49042C4E91A3346
:107070006A60AA6822F02A02AA602A6842F0010225
:107080002A60C4F884300E682B681A0727D42B684E
:107090005B073ED400232022E26784F87830C4F8EE
:1070A0008020184623666366AEE7302BA8D1B0F582
:1070B000004F55D04FF40040C7E75E4BD3F88830FF
:1070C00003F03003202BBBD0EFD8002B6DD0B0F5F0
:1070D000004F41D0FCF72CFE0028C2D0B5E76FF07E
:1070E0007E4332464FF400112046FFF727F900286F
:1070F000CDD0236853E8002F22F0800243E800211E
:107100000029F7D12023E367002384F87830032097
:107110007AE76FF07E4332464FF480012046FFF756
:107120000DF90028B6D0236853E8002F22F490729E
:1071300043E800210029F7D103F1080252E8002FAB
:1071400022F0010203F1080040E800210029F3D1F8
:107150002023C4F88030D7E7FCF7EAFD002880D070
:107160006268530803EB40034FF6EF71B3FBF2F391
:10717000A3F110028A423FF643AF23F00F0292B20E
:10718000C3F342031343EB606BE7B3F5406F7FF447
:1071900037AF4FF4004015E7244813E76A68616C85
:1071A00022F4C0020A436A60ECE6B0F5004F38D022
:1071B000FCF710FE00283FF454AF46E7FCF71EFE34
:1071C0000028CDD14DE7012307A80793FCF72AFE3D
:1071D000034620BB174A116E41F480411166116EBF
:1071E00001F4804106910699D16C41F00101D1640E
:1071F000D26C072002F00102032105920190009158
:1072000002224FF4C0614FF09040059DFFF7C8FC8B
:10721000B6E5FCF7DFFD00283FF423AFD2E6FCF72C
:10722000BBFCFCF7D7FD00289AD11AE70024F40034
:10723000FC0000200010024081F0004102E000BF8D
:1072400083F0004330B54FEA41044FEA430594EA26
:10725000050F08BF90EA020F1FBF54EA000C55EA61
:10726000020C7FEA645C7FEA655C00F0E2804FEA32
:107270005454D4EB5555B8BF6D420CDD2C4480EA14
:10728000020281EA030382EA000083EA010180EA44
:10729000020281EA0303362D88BF30BD11F0004F92
:1072A0004FEA01314FF4801C4CEA113102D04042C8
:1072B00061EB410113F0004F4FEA03334CEA133303
:1072C00002D0524263EB430394EA050F00F0A7801B
:1072D000A4F10104D5F1200E0DDB02FA0EFC22FA16
:1072E00005F2801841F1000103FA0EF2801843FA0A
:1072F00005F359410EE0A5F120050EF1200E012AFB
:1073000003FA0EFC28BF4CF0020C43FA05F3C01838
:1073100051EBE37101F0004507D54FF0000EDCF1B1
:10732000000C7EEB00006EEB0101B1F5801F1BD35A
:10733000B1F5001F0CD349085FEA30004FEA3C0C5E
:1073400004F101044FEA445212F5800F80F09A8054
:10735000BCF1004F08BF5FEA500C50F1000041EB58
:10736000045141EA050130BD5FEA4C0C404141EB5C
:107370000101013C28BFB1F5801FE9D291F0000F57
:1073800004BF01460020B1FA81F308BF2033A3F106
:107390000B03B3F120020CDA0C3208DD02F1140CFD
:1073A000C2F10C0201FA0CF021FA02F10CE002F138
:1073B0001402D8BFC2F1200C01FA02F120FA0CFC31
:1073C000DCBF41EA0C019040E41AA2BF01EB04517A
:1073D000294330BD6FEA04041F3C1CDA0C340EDC78
:1073E00004F11404C4F1200220FA04F001FA02F3BB
:1073F00040EA030021FA04F345EA030130BDC4F179
:107400000C04C4F1200220FA02F001FA04F340EA6D
:107410000300294630BD21FA04F0294630BD94F01E
:10742000000F83F4801306BF81F480110134013D05
:107430004EE77FEA645C18BF7FEA655C29D094EA76
:10744000050F08BF90EA020F05D054EA000C04BFF4
:107450001946104630BD91EA030F1EBF00210020DF
:1074600030BD5FEA545C05D14000494128BF41F07E
:10747000004130BD14F580043CBF01F5801130BDE2
:1074800001F0004545F0FE4141F470014FF000006D
:1074900030BD7FEA645C1ABF194610467FEA655C1E
:1074A0001CBF0B46024650EA013406BF52EA0335C0
:1074B00091EA030F41F4002130BD00BF90F0000FAE
:1074C00004BF0021704730B54FF4806404F13204EA
:1074D0004FF000054FF0000150E700BF90F0000FA3
:1074E00004BF0021704730B54FF4806404F13204CA
:1074F00010F0004548BF40424FF000013EE700BF9A
:1075000042004FEAE2014FEA31014FEA02701FBF29
:1075100012F07F4393F07F4F81F06051704732F05B
:107520007F4208BF704793F07F4F04BF41F40021B2
:10753000704730B54FF4607401F0004521F0004110
:107540001CE700BF50EA010208BF704730B54FF09A
:1075500000050AE050EA010208BF704730B511F09B
:10756000004502D5404261EB41014FF4806404F1D3
:1075700032045FEA915C3FF4D8AE4FF003025FEA59
:10758000DC0C18BF03325FEADC0C18BF033202EBDD
:10759000DC02C2F1200300FA03FC20FA02F001FA37
:1075A00003FE40EA0E0021FA02F11444BDE600BFDA
:1075B00053B94AB9002908BF00281CBF4FF0FF315A
:1075C0004FF0FF3000F036B9ADF1080C6DE904CE94
:1075D00003F0BEF9DDF804E0DDE9022304B07047F2
:1075E00070B54FF0FF0C4CF4E06C1CEA11541DBF59
:1075F0001CEA135594EA0C0F95EA0C0F00F0DEF824
:107600002C4481EA030621EA4C5123EA4C5350EA08
:10761000013518BF52EA033541F4801143F4801359
:1076200038D0A0FB02CE4FF00005E1FB02E506F0EA
:107630000042E0FB03E54FF00006E1FB03569CF03F
:10764000000F18BF4EF0010EA4F1FF04B6F5007F45
:1076500064F5407404D25FEA4E0E6D4146EB0606B7
:1076600042EAC62141EA55514FEAC52040EA5E5040
:107670004FEACE2EB4F1FD0C88BFBCF5E06F1ED8EA
:10768000BEF1004F08BF5FEA500E50F1000041EB21
:10769000045170BD06F0004646EA010140EA0200CE
:1076A00081EA0301B4EB5C04C2BFD4EB0C0541EAF0
:1076B000045170BD41F480114FF0000E013C00F305
:1076C000AB8014F1360FDEBF002001F0004170BD29
:1076D000C4F10004203C35DA0C341BDC04F1140442
:1076E000C4F1200500FA05F320FA04F001FA05F2CE
:1076F00040EA020001F0004221F0004110EBD3709B
:1077000021FA04F642EB06015EEA430E08BF20EAC6
:10771000D37070BDC4F10C04C4F1200500FA04F369
:1077200020FA05F001FA04F240EA020001F00041FB
:1077300010EBD37041F100015EEA430E08BF20EA6E
:10774000D37070BDC4F1200500FA05F24EEA020EB6
:1077500020FA04F301FA05F243EA020321FA04F0E5
:1077600001F0004121FA04F220EA020000EBD3709C
:107770005EEA430E08BF20EAD37070BD94F0000F9C
:107780000FD101F00046400041EB010111F4801FD0
:1077900008BF013CF7D041EA060195F0000F18BF81
:1077A000704703F00046520043EB030313F4801FBD
:1077B00008BF013DF7D043EA0603704794EA0C0F77
:1077C0000CEA135518BF95EA0C0F0CD050EA41068D
:1077D00018BF52EA4306D1D181EA030101F000410A
:1077E0004FF0000070BD50EA410606BF1046194632
:1077F00052EA430619D094EA0C0F02D150EA01363E
:1078000013D195EA0C0F05D152EA03361CBF10467E
:1078100019460AD181EA030101F0004141F0FE411D
:1078200041F470014FF0000070BD41F0FE4141F4A1
:10783000780170BD704700BF4A0011D212F50012E6
:1078400011D20DD56FF47873B3EB62520ED44FEAB8
:10785000C12343F0004343EA505323FA02F0704738
:107860004FF00000704750EA013002D14FF0FF3076
:1078700070474FF000007047034613F8012B002AB1
:10788000FBD1181A013870470348044B834202D0D9
:10789000034B03B1184770477800002078000020A0
:1078A000000000000548064B1B1AD90F01EBA3018D
:1078B000491002D0034B03B11847704778000020ED
:1078C000780000200000000010B5064C237843B972
:1078D000FFF7DAFF044B13B10448AFF30080012334
:1078E000237010BDB8030020000000005CBA00083F
:1078F00008B5054B1BB105490548AFF30080BDE84D
:107900000840FFF7CFBF00BF00000000BC0300200D
:107910005CBA00087649774BCA682DE980484FF673
:10792000FF0002401343C7B00F20CB60FAF760F9A5
:10793000002848D070490B6803F4C063B3F5007F9A
:107940001ED00B686D4A6E4823F4C06343F4007385
:107950000B6013684A69322404FB03F35405B3FB3C
:10796000F0F303F1010306D500E023B14A695005A5
:1079700003F1FF33F9D4604B5B69590500F12583AE
:10798000604A9368D26803F00C03042B33D00C2BAD
:107990002DD05C495C4C0A68029442F480720A6003
:1079A000D4F8840005E0D4F88420121A022A00F2E8
:1079B0000C830A685205F6D54A6822F0F85242F064
:1079C00080524A6021E04F4B1A6E42F001021A6663
:1079D0001A6E02F001021492149A9A6D42F08052CB
:1079E0009A659B6D03F080531393139BA2E702F0FB
:1079F0000302022ACDD14349434A02920A684A68E7
:107A000022F0F85242F080524A603E49029CD1F87E
:107A1000942042F00102C1F89420D4F8840005E0DB
:107A2000D4F88420121A022A00F2CF82D1F89420CE
:107A30009707F5D5CA6802F00300022801F0C9854E
:107A40000C2B00F0C2822F4B1A68560100F1BD8248
:107A50001A6822F080721A60029AD2F8841006E046
:107A6000029AD2F88420521A022A00F2AE821A68D0
:107A70009501F5D4D8682549254A01400A43DA60C2
:107A80001A68204942F080721A60DA6842F0807207
:107A9000DA60029BD3F8842006E0029BD3F884309E
:107AA0009B1A022B00F291820B689C01F5D5194BB1
:107AB0001A6852070BD41A6822F0070242F0040237
:107AC0001A601B6803F00703042B40F07E820D4A06
:107AD000936813689B0140F178829368029C43F09D
:107AE00003039360D4F8841041F288301AE000BF99
:107AF00000ED00E00003FA050070004000000020E7
:107B000040420F0000100240780000208C809D0150
:107B1000020A003800200240D4F884305B1A834205
:107B200000F25382936803F00C030C2BF4D193689A
:107B300013F0F00F03D0936823F0F0039360C94A69
:107B4000136803F00703042B0BD9136823F0070312
:107B500043F004031360136803F00703042B40F0A1
:107B60003482C14DDFF840B3AB6823F4E063AB600F
:107B7000AB6823F46053AB60FCF7DAF8AB68BB4A40
:107B8000C3F303135B4493F89C3B03F01F0320FAF9
:107B900003F350681360FAF72BF80446002840F00E
:107BA0001482F9F7ADFFAB6C43F00103AB64AB6C2F
:107BB00003F00103129321460C20129BFEF7F4FD03
:107BC000AB4E4FF4805333600D202146FEF7ECFDA1
:107BD0004FF40053336010202146FEF7E5FD4FF4CB
:107BE0008033336011202146FEF7DEFD4FF4003371
:107BF0003360029E9F4BC6F830324FF4E133C6F833
:107C000034320C23C6E990439B48C6F854424FF4E3
:107C10004073C6E98E44C6E99344C6F84832FFF77C
:107C2000A7F8002840F0D181944B33624FF482735F
:107C300073624FF47063C6E90A034FF4007396F859
:107C40007D20B3630723F3640823C6E90C00C6E96B
:107C50000F00C6E91100C6E9140302F0FF04002A70
:107C600000F0BD810299854B854E022481F87D404C
:107C70001A6822F040021A604FF441721A6040F60E
:107C800008725A6001250022C1F8802081F87D50D9
:107C9000C1E97952C1E97B22C1E97D22A3F55843AC
:107CA00091F81922C1F8D831A423C1E9776302F011
:107CB000FF01002A00F0F08102982422D0F8D83188
:107CC00080F819221968D0F8DC2121F0010122F096
:107CD000706219601A619A68D0F8E41122F40042C7
:107CE00001299A60D0F8E02100F0718142F4044249
:107CF00002299A6040F06E815A6842F400625A602C
:107D00005968029D41F0007141F40041D5F8E82125
:107D10005960D96821F40041D960D5F8EC110A43C3
:107D2000D5F8F01142EA0122D5F8F411DA60D5F85D
:107D3000F8210A431A60196841F001011960002214
:107D40002021C5F81C2285F81912C5F8082285F8EB
:107D50001A2295F819122029CCB240F0368195F8F4
:107D60001812012900F03181242085F819021968C0
:107D700021F001011960196821F480511960196816
:107D80001960196841F00101196085F8194295F8E8
:107D9000191285F8182220292E46CCB240F0158100
:107DA00085F819021968374821F00101196019682E
:107DB00021F470611960196841F001011960324BBA
:107DC000C5F8B8324FF461210C2385F81942C5E992
:107DD000AF12C5E9B122C5E9B42285F81822C5F869
:107DE000CC32C5F8D822C5F8DC22FEF7C1FF044624
:107DF000002840F0EA80FCF775F9CDE92544CDE98B
:107E00003344CDE93544CDE93744204931943994A0
:107E10003B943D9441941E481E4C1F4D03F090F836
:107E20001E4BC6F8B030022286F888200FCC0FC552
:107E300094E80300502285E8030019496C20F9F703
:107E40004DFD0546002800F0C781164B40F8043B65
:107E500004F10801682203F02FF828462495F8F76A
:107E600097F923E0002002400010024000000020AB
:107E700000E100E000440040A80200200030014082
:107E8000E49CD110300300200038014024C60008D3
:107E9000900401087CC600087800002000366E01BE
:107EA000F0F900080FB0371378BA000810B11023AA
:107EB000A5F85C30249C2046F8F76AF908B1B64B67
:107EC0006365249C2046F8F763F910B1012384F818
:107ED0005E30249C2046F8F75BF910B1012384F84A
:107EE0005F30249C2046F8F753F910B1022384F840
:107EF0006430249C2046F8F74BF910B1022384F833
:107F00006330249C2046F8F743F908B1032323810A
:107F1000249C2046F8F73CF908B101232375249CE2
:107F20002046F8F735F908B10023A373249C2046B6
:107F3000F8F72EF908B12823A381249C2046F8F7EE
:107F400027F908B100236360249C2046F8F720F944
:107F500008B106236381249D904A914B1D92022112
:107F6000904A219328460023ADF8781022928DF88C
:107F70008C30F8F70DF90446002800F0068195F8DA
:107F80006230022B40F00181249D2846F8F700F969
:107F900040B195F86230012B04D09DF88C30012B54
:107FA00040F2EF83249D2846F8F7F2F8002840F0CD
:107FB000A5802498F8F702FC7B4802F0AFFF1DABC8
:107FC00005930598F9F74CFDFEE7FBF7E5FD42F454
:107FD00000429A605A6822F400625A6090E6029E5B
:107FE00086F87C402B6E43F480532B662B6E03F493
:107FF00080531693169BEB6C43F00103EB64EB6C20
:1080000003F00103159305220323CDE900321599EE
:1080100023464FF090400222E0214FF00108FEF786
:10802000BFFDC6E92F84C6E93544604BC6F8C4409D
:108030005F4CC6F8B830334680274FF480764FF453
:1080400080652046C3E932760293C3F8D050FEF72C
:108050004BFB0028B9D1029BC3E944769C671E46BE
:10806000C3F8185104F14805983CC3E94700C3F828
:108070000C01C3F80481C3F8E0404E4BC6F8003150
:1080800028461023C6F80831FEF72EFB00289CD1A5
:108090007567C6F82841E5E5029B58221EA883F8BB
:1080A000181202F0DDFD80231DA81D93FBF7BAFE18
:1080B0000646002889D12B463F4D4048EA6C2243B2
:1080C000EA64EA6C22401892189A04210322019172
:1080D00000924FF440611222FEF762FDAB6D43F453
:1080E0008003AB65AB6D03F4800317933146212009
:1080F000179BFEF759FB324B5C60DDE595ED158A69
:108100002498F8F75BFBB5EE408AF1EE10FA07EE23
:10811000900A3FF451AFDDED219AB8EEE77A69EEAF
:10812000886AB4EEE67AF1EE10FA5FDDF8EE677A6F
:108130009FED247ADFED245A244B2549254887EE0C
:10814000886AFFEE006AB5EEC06AF1EE10FAF7EE4B
:10815000007A58BFF0EE676AF0EE477A46EE267A6C
:1081600058BF1946BCEEE77AF8EE476A17EE102AB8
:1081700077EEE67A67EEA57AFCEEE77A17EE903AAC
:1081800002F0DEFE1DAB05931BE79DF88C30022B41
:1081900000F0FC820124F7E60000A0433333F33FF4
:1081A0009A99193F0000A041340501081C000240C3
:1081B000300100203000024000100240000400485E
:1081C00000E100E0BD370635002474498005010850
:1081D000C40D01084C0501080348249502F09EFED9
:1081E0001DA8F9F73DFCEFE6B0040108002C01F0F2
:1081F0001D829DF88C50C348DDED1D8ABDF8786066
:108200009DED1F8ABDF880409DED229A02F086FE0A
:1082100015F0FD0F29D1F5EEC08AF1EE10FAF7EE58
:10822000006ADFEDB97AB94BB949BA48BFEE007AB6
:1082300058BFB0EE667A48EE877A58BF1946DFED30
:10824000B66ABCEEE77AB8EE476A17EE102A77EE08
:10825000C67A67EEA67AFCEEE77A17EE903A02F05D
:108260006FFEAE48314602F06BFE6B1E012B29D823
:10827000B5EEC08AF1EE10FAF7EE006ADFEDA27AF1
:10828000A24BA349A648BFEE007A58BFB0EE667A6B
:1082900048EE077A58BF1946DFED9F6ABCEEE77AD1
:1082A000B8EE476A17EE102A77EEC67A67EEA67A1E
:1082B000FCEEE77A17EE903A02F042FE994821462A
:1082C00002F03EFEF5EEC09A9FED8F8A904E8F4CE5
:1082D0009548F1EE10FAFFEE008AB7EE00AA54BFFF
:1082E000B0EE4A7AB0EE687AF0EE487A49EE877AD4
:1082F0004CBF31462146DFED889ABCEEE77AF8EEB6
:10830000476A17EE102A77EEE67A67EEA97AFCEE56
:10831000E77A17EE903A02F013FEB5EEC09AF1EE4E
:1083200010FA58BFF0EE4A8AF0EE487A49EE287A01
:108330004CBF314621467D48BCEEE77AF8EE476AED
:1083400017EE102A77EEE67A67EEA97AFCEEE77A66
:1083500017EE903A02F0F4FD022D96BF0BEB850567
:108360002146D5F8841C724802F0EAFD714802F0FB
:10837000D5FD249E3046F7F70BFF002800F09081D2
:10838000029A92F88830012B40F29F8096ED150AF0
:1083900014696949694AB5EEC00AF1EE10FA4BBF9B
:1083A0005B4B5A4BF1EE406AF0EE406AF7F7A6FFDE
:1083B000DFED557A019076EEA76A0220FCEEE66AC0
:1083C000CDED006AA047029A92F88830012B7CD943
:1083D00096ED160A14695849594AB5EEC00AF1EEED
:1083E00010FA4BBF4A4B494BF1EE406AF0EE406A3F
:1083F000F7F784FFDFED447A019076EEA76A02205A
:10840000FCEEE66ACDED006AA047029D95F8883043
:10841000012B5AD9B6F85C302C694A4A46490220E9
:10842000A04795F88830012B4FD996F85E302C691B
:108430000295454F454D4049454A002B0CBF3B46F0
:108440002B460220A047029991F88830012B3CD995
:1084500096F85F300C693F4A002B0CBF3B462B4619
:108460000D4602203449A04795F88830012B2CD9BD
:1084700096F86330384A2C692F49022B96BF0BEBD4
:108480008303364BD3F8903C0220A047029A92F81F
:108490008830012B19D996F8643014692649304A7E
:1084A000022B96BF0BEB83032C4BD3F8903C02209E
:1084B000A047029A92F88830012B06D9146996F8E1
:1084C0006230284A1C490220A04796F86230002BEF
:1084D00000F0E6804FF000083446C246164DB04624
:1084E000029E96F88820012A40F2D38053463769CD
:1084F0001D4A29460220B84796F88830012B40F2E1
:10850000C68033E084050108BD37063580050108C3
:10851000C40D0108B405010800247449D4050108FC
:10852000EC0501080C0601082006010844060108B4
:108530006806010880060108F0F9000890060108A5
:10854000A8060108C00601087004010868040108B3
:10855000D8060108F40601080C0701087804010890
:1085600028070108440701085807010863683769AC
:10857000894A29460220B84796F88830012B40F2F4
:10858000868023893769854A29460220B84796F8AC
:108590008830012B7BD963893769814A29460220BB
:1085A000B84796F88830012B71D9A38937697D4A7D
:1085B00029460220B84796F88830012B67D9A37B5B
:1085C0003769794A29460220B84796F88830012B46
:1085D0005DD9E37BDFF8E491744A3769002B08BF6B
:1085E0004A4613462946724A0220B84796F8883010
:1085F000012B4CD9237C6D4A3769002B08BF4A46B2
:10860000134629466B4A0220B84796F88830012B5A
:108610003DD9637C654A3769002B08BF4A4613463B
:108620002946654A0220B84796F88830012B2ED992
:10863000A17C5E4A614B3769002918BF13460220AE
:108640005F4A2946B84796F88830012B1FD9237D09
:1086500037695C4A013BDBB2042B96BF0BEB83030B
:10866000594BD3F89C3C29460220B84796F88830ED
:10867000012B0CD9E37C3769544A052B96BF0BEBD1
:108680008303514BD3F8B03C29460220B84798F8F1
:1086900062300AF1010A9A4504F11404FFF421AF93
:1086A0001DAB18460593FAF781FE00285FD0484BB2
:1086B0004FF480529A61FEF7C5F8464937221420DC
:1086C000F9F70CF90546002858D04349782240F2C2
:1086D0005E20F9F703F90446002800F06F810126B7
:1086E0003E4BA0F8C46180F8C66100272B604FF4B0
:1086F00040532861AE606F606F7303221B931BA908
:1087000033463046ADF87070FCF774F8BDF8703041
:1087100041F21022934271D0029A31491469314AD0
:108720003846A0472846F8F787F843F21C031B9306
:10873000304633461BA90322ADF87070FCF75AF897
:10874000BDF87030180519D53D46029B264A1B69B5
:108750002049002098472846F8F76EF80023259313
:10876000224802F0DBFB0598F9F77AF92CE420485F
:1087700002F0D4FB0598F9F773F925E4002325935B
:10878000EEE71C4802F0CAFB00240BE41A4802F092
:10879000C5FB0024FFF7F8BB680701088C07010838
:1087A000B0070108D4070108F807010868040108A8
:1087B0001C08010840080108640801087004010849
:1087C00088080108AC08010878040108D0080108ED
:1087D0000004004838FA000860FA00080EB03713A9
:1087E000880101080C0901082C0901084809010841
:1087F000F408010800050108CC04010843F21C0339
:108800001B933046334603221BA9ADF87070FBF76B
:10881000F1FFBDF8704014F4006496D1A868FCF72D
:108820008BF9AE68032240F249130092214630468C
:10883000FCF752F940F24913042202213046009419
:10884000FCF74AF940F24913102204213046009403
:10885000FCF742F940F249132022052130460094EA
:10886000FCF73AF93046009440F249134FF47F5236
:108870000621FCF731F905982595FCF711FA002837
:108880003FF46EAF259C1CB123685B4A93421CD019
:10889000029B5A4A1B695A4900209847594802F0DE
:1088A0003DFB259B1BB1544A1968914245D0029B60
:1088B000524A1B69524900209847534802F02EFB48
:1088C0000598F9F7CDF8FFF77FBB237B03BBA068C2
:1088D0001521FBF7FFFF0028E0D001232373FDF7EC
:1088E0008DFF00282DD0259DDDE931721DB12B684B
:1088F00041498B422CD0029B404A1B6940490020D1
:108900009847424802F00AFB259B002BCBD1CEE7CB
:108910002569A06895F8C6110122FCF717F895F8AB
:10892000C53113B395F8C631022B0CBF01230223C6
:1089300085F8C6310028D2D1B0E79868FEF7B0F8C4
:10894000BBE7334802F0EAFA259B002BABD1AEE738
:10895000AB88E9880B44B2EB430F08D2029B2D4A47
:108960001B69274900209847CBE70123E0E72C69E2
:10897000AE6894F8C68143F2370E4FF0000C032224
:1089800001231BA93046CDF86CE0ADF870C0FBF7B1
:1089900031FFB8F1010FBDF8702000F01286B8F178
:1089A000020F0CBF8023C02313EA02000CD1029BEC
:1089B000194A1C6919493346A047A2E7286128468D
:1089C000F7F790FC2594CBE694F8C6111BAA304625
:1089D000FCF704F80446002893D0BDF86C30032B54
:1089E00020D0029ABDF86E3014690C4900930C4AED
:1089F00033460020A04784E70EB0371320FA000862
:108A000038FA000860090108700A0108400A0108E4
:108A10007C09010898090108B009010860FA0008FA
:108A2000D0090108BDF86E202B69C2F300123A800C
:108A300093F8C42122B193F8C621511E4A424A41FB
:108A40007A80B3F8C821BA80B91D03F5E57203F541
:108A5000FD78D2F800C056689068D2F80CE0C1F8F2
:108A60000CE010324245C1F800C04E60886001F150
:108A70001001EED1B3F8FA21FA8607F1380103F5B7
:108A8000FE7203F50B78D2F800C056689068D2F8F1
:108A90000CE0C1F80CE010324245C1F800C04E6055
:108AA000886001F11001EED1B3F82C22A7F86820FC
:108AB00007F16A0103F22E2203F25E23D2F800C00E
:108AC00056689068D2F80CE0C1F80CE010329A4277
:108AD000C1F800C04E60886001F11001EED1EE884F
:108AE0002B69A86893F8C631A988B6F5005F00F233
:108AF0003585013B18BF01231A0307EB41013346BB
:108B0000FCF77CF8002800F02F85002E3FF4F9AE2A
:108B1000269B319D23B11A688C498A4200F03E831E
:108B2000029B8B4A1B698B49002098472DB9029BF9
:108B3000894A1B698749002098479DF8B830002B67
:108B400040F0E2809DF8B930002B40F0D6809DF8CF
:108B5000BA30069393B1814802F0E0F9804802F000
:108B6000DDF90598FCF79CF8002800F019850598B8
:108B7000F8F77EFE7B4802F0D1F983E6069BADF85C
:108B80004430249B23B11A6877498A4200F0FE8062
:108B9000029B764A1B69764900209847BDF89C20C5
:108BA00034989200002102F05BF8BDF8FA20BDF87D
:108BB000E8309A4200F24E82BDF8EA90BDF8F030FB
:108BC0004B4500F016839DF80831002B40F0FA81E8
:108BD00098469DF80931002B40F0B781BDF89E50B2
:108BE000419E002D00F09480B44606EB45003346CC
:108BF000002233F8021B012988BF22469842F8D18F
:108C0000002A00F085809DF80811BDF80A41A9B13D
:108C100006EB4400002304E03CF8022B012A88BF45
:108C20000B468445F8D1002B00F08584BDF80E3149
:108C30000133ADF80E310023ADF812319DF8091162
:108C4000D9B106EB4406BDF80C01069C002305E0F3
:108C500036F8022B0133012A88BF0C469AB29042A3
:108C6000F6D80694002C00F06F84BDF81031013363
:108C7000ADF810310023ADF81431BDF89C203D98BB
:108C8000002192008DF8F81001F0EAFFBDF8FA30EB
:108C90000133ADF8FA309DF808210023ADF84430D7
:108CA0009DF80931002A00F02F819DF81611BDF8BA
:108CB0000E41BDF81201BDF87820002940F0CE81A8
:108CC000944280F0CE8100228DF8162101228DF889
:108CD0004420002B40F01B812649274802F030F940
:108CE0009DF84530002B3FF4CDAD022B00F0D18133
:108CF0002049224802F024F9C4E5214802F00EF987
:108D0000204802F00BF922E71F4802F007F919E7A3
:108D1000BDF812310133ADF81231BDF81431013311
:108D2000ADF814319DF8F8300022CDF80E21002B5B
:108D300040F0B1813D98BDF89C203099920002F03E
:108D4000BBF801238DF8F830A5E700BF0DB037134D
:108D5000F8F9000814FA0008580A0108340B010851
:108D6000780B0108CC0B01080FB03713D8F90008B5
:108D7000F0F9000888040108F80B0108100C01083C
:108D8000BC0A0108EC0A0108840A010893F85F2074
:108D9000002A3FF403AFB3F85C2008921F2A7FF645
:108DA000FDAEB3F808A0339B0A933098069F0B944E
:108DB0004FEA8A035146A2F1020B9A46BBB28B429C
:108DC000079380F0D6810A9B0025A3F10408C646CC
:108DD000AC462E46CDF824805446CDE903650DF10E
:108DE00064080DF16C092A46154653183D449AB2A1
:108DF00030F925A0D31900EB8505B5F9026030F9EB
:108E0000235000EB8303A5EB0A05B3F9023048F8C1
:108E1000045B9B1B49F8043B1BAB4345E4D1DDE9F4
:108E20001B239B1A83EAE378A8EBE378DDE9192397
:108E3000DDE903659B1A002BB8BF5B420136434452
:108E40000D445E454EF8043FADB29C44C5D19CFB39
:108E5000FBFCDDF82480089AD8F804300CEB8C0970
:108E6000994508F10406A24602F1FF3800EB870598
:108E700005DA002300930122079BF7F7A1F9089B6D
:108E80000397053B9BB204930124013444455544A8
:108E900031D056F8043F4B45F7DD5C45A2B22DD0EA
:108EA000931C9BB24345039FB5F900C0B5F902205E
:108EB00088BF1FFA88F301FB037300EB830E30F9C0
:108EC00023304FEA4C0C9C44BEF90230520013444C
:108ED000AC4A174682FB0CE2A2EBEC7225F821208B
:108EE00087FB03ECAA1C0134ACEBE37C444522F87D
:108EF00021C05544CDD1039F01375FE7049B009308
:108F0000079BF7F75DF9C0E7002B3FF4E9AE9DF84A
:108F10001721BDF81001BDF81411BDF88030002AEA
:108F200040F0A980984280F0A98000229DF844304A
:108F30008DF8172101228DF84520002B3FF4D8AE83
:108F4000022B7FF4C9AE9049C7E6249BDDF8D09090
:108F500023B11A688D498A4200F00D81029B8C4A28
:108F60001B698C49002098470020BDF80CE19DED5D
:108F7000407ABDF89E50419EC644F045BFF631AEE2
:108F8000AD004FF0000A26F818A006EB480780B1A4
:108F900009EB88020023D2ED007AB4EEE77AF1EE15
:108FA00010FA02D5398801313980013398422A44B8
:108FB000F1D108F101081FFA88F8F045E3DBBDF8AC
:108FC0009E500EE6249BDDF8D0A023B11A686F49AD
:108FD0008A4200F0D380029B6D4A1B696D490020D4
:108FE00098474FF00009BDF80A819DED3F8ABDF812
:108FF0009E50419EB8F1000F3FF4EBAD4FEA48029E
:109000000021304601F02CFE0020AD000346B9F1EE
:10901000000F1AD00AEB83030022D3ED007AB4EEDE
:10902000E78AF1EE10FA02D5318801313180013240
:1090300091452B44F1D1013080B2404506F1020642
:109040000346E7DBBDF80A81C3E5013080B2404545
:10905000FBDBF7E70598F8F70BFCB4E590423FF629
:1090600032AE01228DF8162102228DF84420002B09
:109070007FF44DAF67E799423FF657AF01229DF865
:1090800044308DF8172102228DF84520002B7FF403
:1090900057AF3D492DE6249B23B13C4A19689142C4
:1090A00000F06A82029B3A4A1B693A4900209847BD
:1090B0003D98249B3B9CBDF8EA80BDF89E50064637
:1090C000002B40F06682029B314A1B693149002027
:1090D000984700223D989246AF0008F1FF3307FB06
:1090E000034B04EB85090692314607EB0B034FF067
:1090F000000E5A4604461FFA8EF0824528D9B8F170
:10910000010F18D9CDE9033A4E46CB464FF0010C7A
:109110003DB1F31B584650F804AB43F804ABB342DF
:10912000F9D10CF1010C1FFA8CFCE045BB443E4424
:10913000EED1DDE9033A3DB10E46104656F804CBB8
:1091400040F804CB8342F9D10EF1010E3944D2E745
:10915000069ABDF8F0301344BDF8EA209BB2934262
:1091600028BF1346ADF8F03000232046ADF8FA30A2
:10917000E1E50B9C12E5B3F85C00F6E6B3F85C9011
:1091800031E700BF56555555800401080FB037131D
:10919000D8F90008F0F9000800000000002D3FF4A5
:1091A000C6AC59682EAA9A600868038F05EB430382
:1091B0004361B0F8943005EB4303C364B0F89630D4
:1091C00005EB43030365D0F898304BB1B0F89C2011
:1091D00005EB42021A61B0F89E2005EB42025A618B
:1091E000B0F8E4304A6805EB4303C0F8B03090476C
:1091F000A3E4359B3B99BDF89E505FED195A03934C
:109200001E460D911A464FEA850A00204F468C46AD
:1092100083B2AB4230D21FED207AF0EE476AB7B18D
:109220000CEB80030021B3F900E007EE90EAB3F9FC
:1092300002E0F8EEE77A013176EEA76A07EE90EAEF
:10924000F8EEE77A8F4237EE277A5344EBD147EEB8
:10925000256A0130083607EE907AF8EE677A87EED5
:10926000276A86EEA77A06ED016AF0EE477A46EEA7
:10927000257A46ED027ACBE7039BB94603EBC5019D
:10928000EF0006E0D3ED017AF1EE677AC3ED017AE3
:1092900008339942F6D1DDF80CB00026904612E072
:1092A0001BED018A5BED028AF0EE480AB0EE680A17
:1092B00001F0B6F888EE807A0136C8EE007A0BED40
:1092C000027A4BED017AB3B2AB420BF1080BE7D354
:1092D000389B399E369837995FED518A0E940F97D7
:1092E0004C46089509900A910B930C964FF0000B91
:1092F0004746B1461D46089A1FFA8BF39A427FD91A
:109300005FED5BAA002C00F00F810D9B97ED00CA6A
:10931000D7ED01BA049503EB8B084546B0EE6AAA77
:10932000B0EE6ABAF0EE6A9A002607918046B5F967
:10933000003007EE903AB5F90230F8EEE77A55447E
:1093400027EEAB9A27EE8C8A07EE903AF8EEE77A92
:109350002CEE277A67EEAB7A39EE079A38EE678AF9
:1093600069EE287AF0EE490A38EE278AB0EE480A0C
:1093700001F056F8B1B2012938BF012106EE901A6A
:10938000F0EE407A37EEE97AB0EE480AB8EE668A37
:10939000F0EE490AC7EE086A013679EEA69A77EE32
:1093A000E97A67EE877A3BEE27BA01F081F870EE32
:1093B0004A7AB44287EE887A3AEE07AA30EE4A0A31
:1093C00020EE270A7AEE80AAB1D1049D0799404683
:1093D00007EE904AF8EEE77AE0EC019A8BEE276A06
:1093E0000BF1010B0837CAEEA76AB1EEC67AF1EEAF
:1093F000E67AA1EC017AA5EC01AAE9EC017A7AE718
:10940000249B089DDDE90E4723B18A491A688A42E8
:1094100000F0BC80029B884A1B698849002098475D
:10942000359B0393369B0993379B0A93389B0B9389
:10943000399B0C930020039B309A0D920021349AA3
:109440009FED7F9A0890FB1808460E920F9499465C
:109450002946089B984264D200295DD0DDE90BAB18
:109460000D9B0E9C039E049001FB00F203EB820314
:10947000DDE909879D1C534604EB8204DA46079117
:109480009B4635F9023CD6ED016A96ED007A07EE6F
:10949000903A35F9043BF8EEE77A083667EEA68A8B
:1094A00027EE878A07EE903AF8EEE77A27EE277ADA
:1094B00067EEA67A78EE878A38EE678A68EE897A50
:1094C000F0EE680A38EE278AB0EE480A00F0A8FFEE
:1094D000F8EC017AB7EC017A70EE677AF0EE680A80
:1094E000B0EE480A87EE878A00F0E2FFB145FBEC58
:1094F000017ABAEC017A30EE670A28EE088AC0EEEB
:10950000077A67EEA77A38EE278AF1EEC87AE4EC9C
:10951000017AB6D10498079900F1010C1FFA8CF07A
:1095200097E70F9CFFF74FBBB0EE6AAAB0EE6ABA9E
:10953000F0EE6A9A4CE7ADF80E31BDF81231013306
:10954000ADF81231FFF77ABB069BADF81031BDF8CC
:1095500014310133ADF81431FFF78FBB029B394A48
:109560001B69394900209847029B384A1B693849D2
:1095700000209847FFF7C5B93D98B3F85C203B9CA5
:10958000BDF8EA800646B3F85CA0A5E5B3F85C0038
:1095900051E7284A196891427FF495AD0022F2E71D
:1095A0002C4801F0BBFC259B1BB12B4A196891424A
:1095B0000AD0029B294A1B69294900209847FEF7D7
:1095C00000BD4023FFF7F0B99868FDF769FAFEF790
:1095D000F8BC02F4FE40B0F5206F7EF431AA02F030
:1095E0007840B0F1605F7EF42BAA1E4802427EF400
:1095F00027AA0B6898013EF55AAA0B681A4843F04F
:1096000080730B60CB6843F08073CB60029BD3F810
:10961000842006E0029BD3F884309B1A022B3EF68E
:10962000D4AC03689901F5D5FEF741BA1DAB05939B
:10963000FEF7C7BC0FB03713D8F90008F0F90008DF
:1096400000000000FC09010844010108140A010897
:1096500060FA0008A00B01080EB0371320FA0008CA
:1096600038FA0008700060060010024010B54FF68E
:10967000FF731446024892B2FAF72CFE204610BD42
:1096800030030020DFF834D0FAF748FB0C480D49CE
:109690000D4A002302E0D458C4500433C4188C424D
:1096A000F9D30A4A0A4C002301E013600432A242B3
:1096B000FBD301F0B1FAFEF72DF9FEE7000001201F
:1096C00000000020780000208012010878000020AF
:1096D00020050020FEE700000C490D4A0B6810B57C
:1096E0000C4C121B2BB11844904207D80860184646
:1096F00010BD094B0B6018449042F7D901F086FA6F
:109700000C2303604FF0FF33184610BDD403002034
:1097100000000120001400002005002010EE103A87
:10972000194923F000428A421BD9B2F1FF4F02D3FC
:1097300030EE400A704700B583B0684600F018F973
:1097400000F003000128DDED010A9DED000A13D0B1
:1097500002280BD098B9012000F0C2F803B05DF8E0
:1097600004FBDFED0A0A002000F0BAB8012000F087
:10977000B7F8B1EE400AF1E700F030F8EEE700F09C
:109780002DF8B1EE400AE9E7D80F493F000000008C
:1097900010EE103AC3F3C7527F3A162A194615DC69
:1097A000002A0CDB0C481041184205D04FF480030E
:1097B00013410B4423EA000300EE103A70470132D4
:1097C00003F00043F8D143F07E53F5E7802AF3D14C
:1097D00030EE000A704700BFFFFF7F0010EE103A26
:1097E00023F00043B3F1485F2CD2FDEEC07A17EEB0
:1097F000903A002B60D060EE007A9FED317A9FEDB9
:10980000315ADFED315A9FED316ADFED316AA7EE53
:10981000875A9FED307AE7EE855AA7EEA56AA7EE44
:10982000867AE7EE876A67EEA66A60EEC00AB6EE51
:10983000007AE7EEA60AB7EE000AD7EE870A30EE06
:10984000600A704760EE007A9FED1D7A9FED1D5A09
:10985000DFED1D5A9FED1D6ADFED1D6A1E4AA7EE62
:10986000875A93429FED1B7AE5EE275AA5EEA76A29
:10987000A6EE277AE7EE276A66EEA76AD5D9174AD9
:10988000934214D803F17F4307EE103AB7EE006A13
:1098900036EE476A60EEC00AF6EE005A97EEA57AF9
:1098A000E7EEA60A37EE607A36EE470A7047B6EE64
:1098B000076AB5EE027AEDE7B7EE000A704700BF1F
:1098C0004ED747ADF6740F317CF293B4010DD0370B
:1098D000ABAA2A3D610BB6BA9999993E0000483F60
:1098E00010EE103A23F00043B3F1485F04D2FDEECE
:1098F000C07A17EE903A5BB360EE007A9FED157A6E
:10990000DFED155A9FED156ADFED156AE7EE875A10
:109910009FED147AA5EEA76A20EE275AE6EE276A95
:10992000A6EEA77A30B9DFED106AE7EE876AA6EEF9
:10993000850A704727EE457AF6EE006AA0EEA67A11
:10994000DFED0A6AD7EE270AE5EE260A30EE600A56
:10995000704700BFD3C92E2F342FD7B21BEF383634
:10996000010D50B98988083CABAA2ABEABAA2A3E91
:1099700070B510EE103A884A23F00044944286B045
:10998000054671D9854A94421E4624D823F00042E8
:10999000002BDFED837A834922F00F02B0EE407A8C
:1099A00040F3E0808A4270EE677A09BF9FED7E7ACD
:1099B000DFED7E6ADFED7E6A77EEC77A37EEE67A14
:1099C00077EEC77A80ED007A77EEE67AC0ED017A1D
:1099D000012006B070BD774A944252D9B4F1FF4FCE
:1099E00048D2E215863AA4EBC25307EE903ABDEE98
:1099F000E77ADFED716AB8EEC77A77EEC77A8DED58
:109A0000037A67EEA67ABDEEE77AB8EEC77A77EE0C
:109A1000C77A8DED047A67EEA67AF5EE407AF1EE1C
:109A200010FACDED057A40F09880B5EE407AF1EE6F
:109A300010FA0CBF01230223604901910221009119
:109A400003A8294600F012F9002EC2DA95ED007A3B
:109A5000D5ED017AB1EE477AF1EE677A85ED007ABD
:109A6000C5ED017A4042B4E7002285ED000A42606C
:109A70000020AEE770EE407AC0ED017AC0ED007ACA
:109A8000F6E700F0DDF89FED4E7A9FED456AF6EEC1
:109A9000007AE0EE077A9FED457AFDEEE77A17EE61
:109AA000900AF8EEE76A1F28A6EEC60A66EE877AE5
:109AB000B1EE666A20DC434A411E26F0004352F8AC
:109AC000212023F0FF03934216D030EE677A30EE68
:109AD000470A002E30EE670A85ED007A85ED010A0F
:109AE000BFF677AFB1EE477AB1EE400A85ED007A66
:109AF00085ED010A40426CE730EE677AE21517EE19
:109B0000103AC3F3C753C3EBD453082BDFDD9FEDEB
:109B1000267A9FED275AF0EE405AE6EE075A70EE8D
:109B2000657AE6EE077AD6EE857A35EEE77A17EEB5
:109B3000103AC3F3C753D21A192A10DD9FED227AC7
:109B40009FED225AB0EE650AA6EE070A75EEC07ABE
:109B5000E6EE077AD6EE857AB7E703236CE7B0EE38
:109B6000650AB4E78A4270EE277A09BF9FED0E7A44
:109B7000DFED0E6ADFED0E6A77EE877A37EEA67AB2
:109B800077EEC77A80ED007A77EEA67AC0ED017A9B
:109B90004FF0FF301DE700BFD80F493FE3CB164021
:109BA000800FC93FD00FC93F004435374344353794
:109BB00008A3852E800F494300008043E00E010872
:109BC00084F9223F600E010800A3852E32318D24D6
:109BD00010EE103A184923F000428A421AD9B2F125
:109BE000FF4F02D330EE400A704700B583B068469D
:109BF000FFF7BEFE00F003000128DDED010A9DED38
:109C0000000A10D0022809D090B9FFF7E7FD03B091
:109C10005DF804FBDFED090AFFF7E0BDFFF7DEFDAD
:109C2000B1EE400AF3E7FFF75BFEB1EE400AEEE764
:109C30000120FFF755FEEAE7D80F493F000000007A
:109C400010EE103A23F0004300EE103A704700BFC8
:109C5000B1EEC00A704700BF10EE103A23F000408A
:109C6000B0F1FF4FACBF0020012070472DE9F04F4D
:109C70002DED048BDBB01C46944603930A46CD4B76
:109C800068991CF1040F53F82160824604F1FF38F3
:109C9000C0F24982BCF1030348BF0CF10403DB109E
:109CA000029301334FEAC30EACEB0E030593029B04
:109CB00016EB0800A3EB080316D401309FEDBE7A23
:109CC000699C18441EA9002BA4BF54F8235007EE2A
:109CD000905A03F10103ACBFF8EEE77AF0EE477A51
:109CE0008342E1EC017AEED1002EC0F2B182039BF7
:109CF0001EA901EB830446AD4FEA83094046F718DD
:109D00000AEB8301B8F1000FDFEDAB7A09DBA34664
:109D10005346F3EC016A3BED017A8B42E6EE877A1B
:109D2000F7D10130B842E5EC017A04F10404E9D13D
:109D30000DF1280B0BEB8603CDE9062E043B9FEDBE
:109D4000A09ADFED9E8A059804930AEB090446AFBA
:109D50000BEB86090096CDF820C05AAB03EB8603C7
:109D6000002E13ED140A4FEA860515DD7B195A46BD
:109D700060EE097AB0EE407AFDEEE77A73ED016AA3
:109D8000F8EEE77ABB42A7EEE87A37EEA60ABDEE18
:109D9000C77AA2EC017AEBD1019000F0CFFAF4EE91
:109DA000007AB0EE408A20EE270A00F07DFAF2EE4B
:109DB000007AA0EE678A01980028FDEEC89AF8EEB6
:109DC000E97A38EE678A6CDD06F1FF3EC0F10803E0
:109DD0005BF82E2042FA03FC0CFA03F3D21AC0F10E
:109DE000070119EE903A4BF82E200A416344002AED
:109DF00009EE903A00F3F080B5EE408AF1EE10FAE9
:109E000040F09D80009B9E420ADD5D44002355F892
:109E1000041D4D4543EA0103F9D1002B40F0F280C7
:109E2000009B013B5BF82330002B40F0E780049B54
:109E3000012153F8042D0131002AFAD0731C31445A
:109E40009C46029D039A05EB030E0EF1804E699D20
:109E500032440EF1FF3E07EB83061EAB05EB8E0E80
:109E600003EB8205DEED017AF8EEE77AB8F1000F38
:109E70000EF1040EE5EC017ADFED4F7A09DB2A469C
:109E80005346F3EC016A32ED017AA342E6EE877A9B
:109E9000F7D10CF1010C6145E6EC017AE2DA0E46ED
:109EA0005BE740F08F80731E5BF82320D211002AFD
:109EB000A2DD19EE903A002E03F1010309EE903A6B
:109EC00040F3D48159464FF0000E51F8043B002B6B
:109ED0006AD0C3F5807341F8043C04E00B68C3F119
:109EE000FF0341F8043B0EF1010E7645F6DC012339
:109EF0009E4600280ADD012878D0022806D1711E6E
:109F00005BF8213003F03F0C4BF821C0022A7FF4AC
:109F100073AFB7EE000A734630EE488A002B3FF469
:109F20006BAF0992019000F009FA38EE408A01986F
:109F3000099AB5EE408AF1EE10FA3FF463AF92460B
:109F4000DDE9062EDDF820C00196AEEB0C00B0EE88
:109F5000480A009E009200F0F1F9DFED186AB4EEB5
:109F6000E60AF1EE10FADDE90023F0EE407AC0F2E5
:109F700050819FED137A059920EE077A0831BDEEE6
:109F8000C77A0591B8EEC77A5C1CE7EE667ABDEE3B
:109F9000C77AFDEEE77A17EE901A4BF8231017EE0A
:109FA000103A4BF8243046E00EF1010EB6458CDB3A
:109FB0009E469EE724120108000000000000804336
:109FC0000000803BF6EE007AB4EEE78AF1EE10FA7C
:109FD00080F2988000220FE70133002E09EE903ABC
:109FE0003FF770AF002301289E4686D1711E5BF8B3
:109FF000213003F07F0C4BF821C087E7731C9C468F
:10A0000019461EE733469246DDE905125C1EA1F1B2
:10A0100008005BF82410009E059061B903F18043AD
:10A02000013B0BEB8303014653F8040D013C083957
:10A030000028F9D0059105980092B7EE000A00F0CB
:10A040007DF9002C009AB0EE407AC0F20581601CC8
:10A0500046AD5FED256A81000BEB800305EB8000C8
:10A0600073ED017AF8EEE77A5B4567EE877A27EEC3
:10A07000267A60ED017AF3D10DF1C8080B1F46A8CE
:10A08000C718C646A44600259146002E73DB844AB5
:10A09000DFED847A3846002301E0AB4208DCF2ECC5
:10A0A000016AB0EC017A01339E42E6EE877AF4DA77
:10A0B0000CF1FF3CBCF1FF3FEEEC017A05F101052C
:10A0C000A7F10407E1D1689B022B4A4656DC002B1E
:10A0D0002EDC0ED1DFED737A414431ED017A41453A
:10A0E00077EE877AF9D15346002B40F0AE80C2ED6F
:10A0F000007A19EE903A03F007005BB0BDEC048BD8
:10A10000BDE8F08F19EE903A002E03F1010309EE3D
:10A11000903AC8BF02223FF7D5AEF7EE007A37EE8D
:10A12000C88A022268E600234FF0080E0293BBE5BE
:10A130009FED5C7A414471ED017A414537EE277A13
:10A14000F9D1DDED327A534677EEC77A002B75D11F
:10A1500082ED007A64B133A90123B1EC017A0133B5
:10A160009C4277EE877AF8DA53460BB1F1EE677AC4
:10A17000C2ED017ABDE7DFED4B7A99E7689B032BCF
:10A18000B7D1002C7ED008EB840595ED007AA000B5
:10A190002B46294671ED017AF0EE476A37EE277AB1
:10A1A000414577EEC77A81ED007A77EEA67AC1ED68
:10A1B000017AEFD1012C65D095ED007A08F1040108
:10A1C00073ED017AF0EE476A37EE277A994277EE1F
:10A1D000C77A83ED007A77EEA67AC3ED017AEFD1E4
:10A1E000031DDFED307A434408F1080833ED017AAE
:10A1F000984577EE877AF9D15346DDED326A9DEDC9
:10A20000337A73B9C2ED006A82ED017AC2ED027A47
:10A210006FE7FDEEC07A1C4617EE901A4BF823103C
:10A2200009E7F1EE666AB1EE477AF1EE677AC2EDC0
:10A23000006A82ED017AC2ED027A5AE7B1EE477AFE
:10A2400082ED007A002C86D190E7F1EE677A4EE736
:10A25000039B4FEA83096BE5689B022B0EDC002B06
:10A2600013DC7FF446AFDFED0F7A3CE7022A7FF480
:10A27000C3ADF7EE007A37EEC88ABDE5689B032BC5
:10A280007FF437AFDFED077AB6E75346DDED327A7C
:10A2900013B9002313606BE74FF00043136065E7C9
:10A2A000F81101080000000010EE102AC2F3C75395
:10A2B0007F3B162B22F0004129DC002B104618DBD7
:10A2C0001A4919410A4221D0DFED197A70EE277A36
:10A2D000F5EEC07AF1EE10FA18DD002A04DA4FF438
:10A2E000000242FA03F3184420EA010300EE103A98
:10A2F0007047DFED0F7A70EE277AF5EEC07AF1EE57
:10A3000010FA03DD002A08DB9FED0A0A7047B1F15D
:10A31000FF4FFBD330EE000A7047DFED077A0029CC
:10A32000BFEE000A08BFB0EE670A7047FFFF7F006C
:10A33000CAF24971000000000000008010EE103ADF
:10A3400033F000411A4627D0B1F1FF4F21D213F06C
:10A35000FF4F22D1DFED2B7A2B4A60EE277A904215
:10A3600017EE903A33DB4CF2503CC3F3C7516045D3
:10A370001A46A1F1190116DDDFED247ADFED246A1A
:10A38000002BB0EE677AB8BFF0EE667A27EE870A48
:10A39000704730EE000A704770474CF2503C604501
:10A3A0004FEAD151E8DC0144FE29E5DC002915DC47
:10A3B00011F1160F19DB193122F0FF4242EAC152A6
:10A3C00007EE902A9FED130A27EE800A7047DFED13
:10A3D000127A07EE103A27EE270A704722F0FF4262
:10A3E00042EAC15300EE103A7047DFED0B7ADFED21
:10A3F0000B6A002BB0EE677AB8BFF0EE667A27EEF4
:10A40000870A70470000004CB03CFFFFCAF2497158
:10A41000CAF249F1000000336042A20D6042A28DF1
:10A4200008B52DED048BF0EE408AB0EE609A00F096
:10A43000EDF8F0EE490AB0EE408AB0EE680A00F09E
:10A440000BF8F0EE400AB0EE480ABDEC048BBDE814
:10A45000084000F005B800BFB0EE600A704700BFCA
:10A4600008B52DED048BF0EE408AB0EE609A00F056
:10A470003BF8B0EE408AFFF7EFFB20B1B0EE480AA0
:10A48000BDEC048B08BDB0EE680AFFF7E5FB0028C1
:10A49000F4D0B0EE490AFFF7DFFB0028EED000F061
:10A4A000B5FB22239FED018A0360E7E70000807F70
:10A4B00008B52DED048BF0EE408AB0EE609AFFF700
:10A4C000CBFFF0EE490AB0EE408AB0EE680A00F029
:10A4D0009DF8F0EE400AB0EE480ABDEC048BBDE8F2
:10A4E000084000F095B800BF10EE103A23F000428B
:10A4F00010EE903A23F000439A4202DB19461346CD
:10A500000A46991AB1F1706F00EE103A06EE902AE1
:10A510003FDCB3F1B14F10B52EDC0024B2F11A5F6D
:10A520000ADA42B3B2F5000F60DADFED357A66EE93
:10A53000A76A20EE270A7E3C30EE666AF4EEC66A11
:10A54000F1EE10FA28D56FF30B0307EE903A30EED8
:10A55000277A30EE670A27EE000AA6EEA60AA7EED3
:10A56000A70AFFF775FB34B1E40504F17E5407EE4A
:10A57000904A20EE270A10BDB3F1FF4F29DA03F10C
:10A580005E4302F15E4200EE103A06EE902A442449
:10A59000C4E730EE260A70471A4903F500030B4062
:10A5A00007EE903AB0EE007AB0EE675A90EE075A96
:10A5B00002EA010307EE103A26EE850A76EEC75A44
:10A5C000A5EEA70AA6EE060AA7EE270AFFF740FBAC
:10A5D000C9E714BF30EE260A9FED0B0ADFED0A7AB9
:10A5E000B2F1FF4F08BFB0EE670A10BD03F1085388
:10A5F00002F1085200EE103A06EE902A443C9BE726
:10A600000000807E00F0FFFF0000807F704700BFE9
:10A6100000F000B810B582B0CDED010A019B23F027
:10A620000042B2F1FF4FF0EE407A30D810EE100A3F
:10A6300020F00041B1F1FF4F29D8B3F17E5F42D045
:10A640009C1704F0020444EAD07431B37AB3B2F137
:10A65000FF4F40D0B1F1FF4F29D0891AB1F1F45F1B
:10A660004FEAE15234DA002B42DA3C3240DA9FED15
:10A67000340A012C4ED0022C43D064B19FED317AC4
:10A68000DFED317A30EE070A30EE670A03E09DED28
:10A69000017A37EE270A02B010BD022C10D09FEDD0
:10A6A0002B7A032C08BFB0EE470A02B010BD9FED15
:10A6B000280ADFED287A0028A8BFB0EE670AEAE78B
:10A6C0009FED210AE7E702B0BDE8104000F04AB86C
:10A6D0009FED200ACDE7B1F1FF4F04F1FF3420D008
:10A6E000022C26D81C4B03EB840393ED000AD2E71F
:10A6F0009DED017A87EE870AFFF7A2FA00F032F8A3
:10A70000B7E79FED107ADFED107A30EE070A37EEEB
:10A71000C00AC0E710EE103A03F1004300EE103A11
:10A72000B9E7022C08D80D4B03EB840393ED000A24
:10A73000B1E79FED030AAEE79FED090AABE700BF63
:10A74000000000002EBDBB33DB0F4940DB0F49C0CA
:10A75000DB0FC9BFDB0FC93F301201083C120108F3
:10A76000DB0F493F38B510EE105A25F00044B4F124
:10A77000A14FF0EE407A0DD3B4F1FF4F5BD8DFED7F
:10A78000517A9FED517A002DCCBFB0EE470AB0EE62
:10A79000670A38BD4D4B9C425CD8B4F1445F4DD341
:10A7A0004FF0FF3327EEA76A9FED495A9FED497A94
:10A7B000DFED495ADFED494A66EE066A5A1CA6EEFD
:10A7C000857AE6EEA54A9FED465ADFED465AA7EE9A
:10A7D000265AE4EEA65A9FED447ADFED444AA5EEF0
:10A7E000267AE5EEA64A9FED425ADFED425AA7EEE1
:10A7F000265A9FED417AA4EEA67AE5EE265A27EE78
:10A80000267AA5EE867A27EE877A38D03B493C4AED
:10A8100001EB8301D1ED006A37EE667A02EB830328
:10A82000D3ED006A37EE677A002D36EEC70AB0DA4C
:10A83000B1EE400A38BD30EE000A38BD9FED317AE6
:10A8400030EE077AF7EE006AB4EEE67AF1EE10FA2F
:10A85000A6DD38BDFFF7F4F92B4B9C4212D8A3F5C7
:10A86000D0039C4223D8F0EE007ABFEE007AA0EE2F
:10A87000277A002330EE270AC7EE007A92E737EEF8
:10A88000C70A38BD214B9C420BD8F7EE087AB7EEC9
:10A89000007AA0EE277A022330EE670AC0EE077A2C
:10A8A00080E7BFEE007AC7EE007A03237AE7F7EE7F
:10A8B000007A30EE677A30EE270A0123C7EE007A7D
:10A8C00070E700BFDB0FC9BFDB0FC93FFFFFDF3EF3
:10A8D000D769853C59DA4B3D21A215BD6BF16EBDA0
:10A8E000356B883D95879DBD6E2EBA3D388EE3BD94
:10A8F0002549123EABAAAA3ECDCC4CBE4812010857
:10A9000058120108CAF24971FFFF973FFFFF1B4031
:10A91000D0B5FCF7F5FD0C4B002206460F46FCF7C0
:10A920005FFEFCF789FF0446FCF7C8FD074B0022D9
:10A93000FCF756FE02460B4630463946FCF780FCD3
:10A94000FCF77AFF2146D0BD0000F03D0000F04149
:10A950002DE9F047089D0E4604460F46002B4AD1CC
:10A9600094468C45B2FA82F260D942B1C2F120031A
:10A97000974020FA03F30CFA02FC1F4394404FEA7D
:10A980001C4E1FFA8CF6B7FBFEF1230C0EFB117761
:10A9900043EA074301FB06F098420AD91CEB030384
:10A9A00001F1FF3780F01581984240F2128102399F
:10A9B00063441B1AA4B2B3FBFEF00EFB103344EA4F
:10A9C000034400FB06F6A6420AD91CEB040400F17E
:10A9D000FF3380F00081A64240F2FD8064440238DB
:10A9E00040EA0140A41B00211DB1D4400023C5E969
:10A9F0000043BDE8F0878B4205D90DB1C5E90001E0
:10AA000000210846F5E7B3FA83F1002946D1B342A5
:10AA100002D3824200F2F580841A66EB0302012021
:10AA20001746002DE5D0C5E90047E2E7002A40F0CF
:10AA30009380A1EB0C034FEA1C471FFA8CFE012107
:10AA4000B3FBF7F607FB1630230C43EA00430EFB7B
:10AA500006F0984208D91CEB030306F1FF3802D236
:10AA6000984200F2D08046461B1AA4B2B3FBF7F01E
:10AA700007FB103344EA03440EFB00FEA64508D949
:10AA80001CEB040400F1FF3302D2A64500F2B680AD
:10AA90001846A4EB0E0440EA0640A5E7C1F12007E2
:10AAA0008B4022FA07FC4CEA030C06FA01FE20FA5E
:10AAB00007F426FA07F344EA0E0400FA01F84FEA15
:10AAC0001C404FEA1449B3FBF0FE1FFA8CF600FB62
:10AAD0001E3349EA03430EFB06F9994502FA01F2D7
:10AAE0000BD91CEB03030EF1FF3A80F085809945EA
:10AAF00040F28280AEF1020E6344A3EB0909A4B2D6
:10AB0000B9FBF0F300FB139944EA094403FB06F692
:10AB1000A64208D91CEB040403F1FF3068D2A64218
:10AB200066D9023B644443EA0E40A41BA0FB02E644
:10AB3000B4427346B14652D34FD05DB1B8EB030275
:10AB400064EB090404FA07F722FA01F31F43CC402F
:10AB5000C5E9007400214CE7C2F1200120FA01F39D
:10AB60000CFA02FC26FA01F1964033434FEA1C47E7
:10AB70001FFA8CFEB1FBF7F007FB1016190C41EA27
:10AB8000064100FB0EF68E4204FA02F408D91CEBD3
:10AB9000010100F1FF382DD28E422BD902386144D9
:10ABA000891B9BB2B1FBF7F607FB161143EA014381
:10ABB00006FB0EF1994208D91CEB030306F1FF389E
:10ABC00014D2994212D9023E63445B1A46EA00410C
:10ABD00036E73946EDE6184602E7F045ADD2BEEB62
:10ABE000020366EB0C060138B146A6E74646ECE7E1
:10ABF000034698E74046D3E7D6467EE764440238EA
:10AC000047E708460DE7023E63442DE7014B18680D
:10AC1000704700BF2800002070B50D4D0D4C641B1F
:10AC2000A4100026A64209D10B4D0C4C00F016FFD3
:10AC3000641BA4100026A64205D170BD55F8043B44
:10AC400098470136EEE755F8043B98470136F2E79E
:10AC500070120108701201087012010874120108C4
:10AC600002440346934200D1704703F8011BF9E701
:10AC70007047704770B50F4E0C463168054611B9E4
:10AC800000F0A6F830602146284600F0A1F8431CE9
:10AC900003D14FF0FF34204670BDC41C24F00304E0
:10ACA000A042F8D0211A284600F092F80130F2D1E3
:10ACB000EFE700BF140500202DE9F843CD1C25F077
:10ACC000030508350C2D38BF0C25002D064601DB89
:10ACD000A94204D90C2333600020BDE8F883DFF8D3
:10ACE000D48000F069F8D8F800301C4644BB2946EF
:10ACF0003046FFF7BFFF431C044658D1D8F8004048
:10AD00002746002F43D1002C4BD0236839463046CC
:10AD100004EB030900F05CF8814542D121686D1A0B
:10AD200029463046FFF7A6FF01303AD023682B446E
:10AD30002360D8F800305A6862BBC8F800700FE092
:10AD40002268521B20D40B2A17D96119A34225600F
:10AD500018BF5960636808BFC8F8001062514B60A3
:10AD6000304600F02FF804F10B00231D20F00700FF
:10AD7000C21A1CBF1B1AA350AFE76268A3420CBFE4
:10AD8000C8F800205A60EBE723466468AEE73C460B
:10AD90007F68B6E71A465B68A342FBD10023536085
:10ADA000DEE70C233360304600F00CF894E70560D2
:10ADB000D6E700BF180500200148FFF759BF00BFC4
:10ADC000100500200148FFF754BF00BF1005002008
:10ADD00038B5064D0023044608462B60FEF77CFC80
:10ADE000431C02D12B6803B1236038BD1C05002031
:10ADF00038B50546002941D051F8043C0C1F002B02
:10AE0000B8BFE418FFF7D8FF1D4A136833B9636071
:10AE100014602846BDE83840FFF7D4BFA34208D9E4
:10AE2000206821188B4201BF19685B6809182160EE
:10AE3000EDE71A465B680BB1A342FAD911685018C6
:10AE4000A0420BD120680144501883421160E0D128
:10AE500018685B68536008441060DAE702D90C2375
:10AE60002B60D6E7206821188B4204BF19685B6805
:10AE7000636004BF091821605460CAE738BD00BF91
:10AE800018050020884210B501EB020402D9844263
:10AE9000234607D8431EA14208D011F8012B03F81E
:10AEA000012FF8E7024401468A4200D110BD13F891
:10AEB000014D02F8014DF7E70A44914200F1FF33DA
:10AEC00000D1704710B511F8014B03F8014F9142C2
:10AED000F9D110BD024B01461868FFF7EDBE00BF67
:10AEE00028000020024B01461868FFF781BF00BF11
:10AEF00028000020B1F8C8305A1C92B2C82AA1F824
:10AF0000C820C85400D0704710B500200C46FEF78A
:10AF1000ADFB0023A4F8C83010BD00BF10B5044637
:10AF2000FCF7AAFC214602460020FEF79FFB0349DE
:10AF300001220020FEF79AFB002010BD30FD000822
:10AF40000FB430B5B5B038AC0E4954F8045BCA2222
:10AF500001A8FFF7B1FF23462A460B48009401A938
:10AF600000F06AFDBDF8CC2004462AB9204635B071
:10AF7000BDE8304004B0704701A90020FEF776FB21
:10AF8000F4E700BF0CF90008F5AE000800F044BD7E
:10AF90009A4238BF88547047704700BF2DE9F04F80
:10AFA00083B00F4612990D9C9DF83850984611F0C9
:10AFB000020306469446DDE9100A00932ED1BAF149
:10AFC000000F40F0A280844228D2202C01F0010E14
:10AFD00000F088810C9B621E1A444FF0300B7346C0
:10AFE00002E0202C00F0E7800134A04202F801BF0B
:10AFF000F7D89E4693B1544510D2202C00F0CF8153
:10B000000C9B621E1A444FF0300E02E0202C00F020
:10B0100024810134544502F801EFF7D1CB061FD546
:10B020004A0500F1A580002C40F09E800F9B102B5C
:10B0300000F045810F9B022B00F04E810C9B3022CB
:10B040001A70012401F00302002D00F0CA800C9B4D
:10B050002D21195501340AB954450ED3654626E011
:10B0600001F00302202CEFD1002A40F08F80BAF1CA
:10B07000200F88BF202440F289806546A4EB0C0B8A
:10B08000E1462A464346013539462020B04705EBC4
:10B090000B035345F5D30AF1FF35621C2D1B924576
:10B0A00038BF002509F10102CC461544C4B10C9B00
:10B0B000CDF844A005EB040903EB090B1C44CDF8C3
:10B0C00004C09A46ABEB040214F8010D434639461E
:10B0D000B047A2454D46F5D1DDF804C0DDF844A0E7
:10B0E000009B73B1A5EB0C09D1450AD22A46434611
:10B0F0003946202009F10109B047D14505F1010584
:10B10000F4D3284603B0BDE8F08F11F0010E73D0E0
:10B11000002D40F08B8011F00C0F40F087808442AE
:10B12000BFF469AF202C7FF455AFBAF1200F40F285
:10B130003281CB0640F1BE804A0500F119812028FA
:10B1400016D11F200F9B102B00F0F2800F9B022BBB
:10B150001FD0441C01F0030227E0CB067FF57EAF31
:10B160004A054FF0200403D4A04262D0544560D079
:10B170000F9B01F00302102B104673D00F9B022B84
:10B180000ED1202C08D100283FF471AF6546202451
:10B190008DE7044601F003020C9B62201855013430
:10B1A000202C3FF461AF204601340C9B4FF0300E51
:10B1B00003F800E056E79E46002B00F0CB80BAF182
:10B1C000200FCAD9CB0675D54A0500F1D1802028B9
:10B1D00000F0DA80BAF1200F40F08D8054461F2035
:10B1E000B0E74B0747D50C9B2B2119550134002A9A
:10B1F0003FF432AF65465AE78442BFF40FAF202CCC
:10B200007FF4E8AECC067FF532AF4C053FF52FAFAB
:10B21000202800F0B980BAF1200FDFD00F9B102B4F
:10B220003FF425AF0F9B022B19D120E70AF1FF3A1B
:10B2300075E7601E86D10F9B102B6BD00F9B022BE6
:10B240007FF4FCAE0C9B0F9C62221A7030225A7065
:10B2500001F00302002DC4D0F9E6CC0680D401F041
:10B26000030201E78B0611D4202C8CD00C9B782094
:10B270001855013494E70D0713D48ABB5445FFF4E5
:10B28000FCAE002C7FF4EAAE65463AE7202C3FF492
:10B290007AAF0C9B18194FF0580E013480F800E07B
:10B2A0007EE70C9B202119550134002A3FF4D4AECF
:10B2B0006546FCE68D073FF4E0AE6546F7E6880696
:10B2C0000CD558220C9B1A7030225A70022401F0BF
:10B2D0000302002D85D0BAE66222F3E77822F1E777
:10B2E0006546E3E6BEF1000F50D0CB067FF5B6AE63
:10B2F0004B057FF524AF0F9B01F00300102B024696
:10B300003FF441AF0F9B022B7FF4AEAE00287FF4D9
:10B310003DAFACE68A0625D50C9B58221A70302228
:10B320005A70022401F00302002D3FF45AAF8EE65A
:10B330008B06A4F1020206D40C9B78209854013CA1
:10B3400001F003022FE70C9B58209854013C01F0B8
:10B35000030228E7CA0682D54A05CCD4202813D098
:10B36000202403E70C9B78221A7030225A70D8E709
:10B370000F9B102B01F003003FF405AF0F9B022B36
:10B380003FF401AF02466FE60446DAE6CB063FF52E
:10B390003CAF65468BE6CA06DED4654687E6CC063A
:10B3A0003FF512AF5BE700BF2DE9F04F93B01C9C57
:10B3B0009DF874B01E9DDDF884E02CB92EF01006C7
:10B3C0001EF4806FB64635D11EF0200F14BF4FF02B
:10B3D00041094FF061090AAFA9F10A09B8460026F0
:10B3E000099002E0202E15D05446B4FBF5FA05FB77
:10B3F0001A4C5FFA8CF0BCF1090F00F1300C8ABFD7
:10B4000048445FFA8CF0C0B2AC4208F8010B06F178
:10B410000106E7D20998209C05941F9CCDF818E0FE
:10B42000CDE90354CDE9016B0097FFF7B7FD13B0E9
:10B43000BDE8F08F26460AAFEDE700BF2DE9F04FDB
:10B4400097B0DDE92478209E219C099356EA0403F5
:10B450009DF888C0DDF8A0B08E4605D12BF0100312
:10B460001BF4806F9B4645D11BF0200F0EAB14BF21
:10B470004FF0410A4FF0610ACDF8A0B0CDE90A0EB5
:10B48000CDE90C2CAAF10A0A994600259B4603E057
:10B49000202D17D006460C4621463A4643463046F4
:10B4A000FCF786F8D2B2092A02F130038ABF52446F
:10B4B000DAB2D2B2BE4274EB080409F8012B05F1EE
:10B4C0000105E5D2DDE90A0EDDE90C2C5B46DDF86D
:10B4D000A0B02799059126990093CDE90371CDE994
:10B4E000015C099BCDF818B07146FFF757FD17B006
:10B4F000BDE8F08F00250EABEBE700BF10B1D1E93E
:10B5000000311847704700BF2DE9F04F1C46B1F1DC
:10B51000000A8D4B8FB018BF81462078DDF860B0EF
:10B52000904608BF9946002800F0D381002507E027
:10B530002A46434651460135C847207800285ED048
:10B54000252804F10104F3D10023224612F8010B4F
:10B55000A0F1200110290AD8DFE801F034090930F0
:10B56000090909090909092C092809092400A0F178
:10B570003001092951D92A2800F0948000262E286C
:10B580005CD00021A0F16807122F23D8DFE807F074
:10B59000A2229D2295222222222222221E22222221
:10B5A00022221E0043F001031446CEE743F00203BB
:10B5B0001446CAE743F004031446C6E743F01003F9
:10B5C0001446C2E743F008031446BEE7607843F42C
:10B5D000807301327828144609D863283DD8622840
:10B5E00000F0B88163287DD0252840F03D812A46AF
:10B5F00043465146C847207801350028A0D12C4643
:10B60000A84501D808F1FF3543462A465146002097
:10B61000C84720460FB0BDE8F08F002606EB86062F
:10B6200000EB46061078A0F1300109291446A6F176
:10B63000300602F10102F1D92E28A2D16078A0F1E2
:10B640003001092943F48063174640F2EF802A282D
:10B6500000F002811446013293E7A0F1640E01224A
:10B660005FFA8EFE02FA0EFE384A1EEA020E40F023
:10B67000AD80732854D07028B9D143F021030593CD
:10B680000823049310230391CDF804E002935BF8A0
:10B69000043B00932A46434651464846FFF784FE42
:10B6A00005464AE75BF8046B6078002E1446BCBF81
:10B6B00043F002037642013261E760786C2886D15C
:10B6C000A07843F44073E21C84E7607843F400738D
:10B6D00001327FE76078682800F0F68043F080034D
:10B6E000013277E70BF1040298070A9205F101078E
:10B6F00040F111812A469BF8000043465146C84755
:10B70000012E88BFAD1940F249813A4643460137C0
:10B7100051462020C847BD42F7D1DDF828B00CE7DC
:10B720005A4652F804CB0A929CF800B058460029B9
:10B7300040F08C80BBF1000F13D06FF0010E0EF1C2
:10B74000010EE644624606E099AF000821081200A7
:10B75000964500F0B38012F8017F002FF8D1A2EBDC
:10B760000C0E13F4806702D08E4528BF8E4613F06E
:10B7700002030B9300F0B080BBF1000F17D0CDE9AE
:10B780000CE6E3462A460E46434651461FB106F1F3
:10B79000FF3C3EB16646C8471BF8010F01352A46FB
:10B7A0000028F1D10B9BDDE90CE6002BB5D07645E6
:10B7B0002F46B2D93544A5EB0E053A46434601372C
:10B7C00051462020C847BD42F7D1A6E76F2800F0B8
:10B7D000BF806DD8692823F0100240F017815F0503
:10B7E00048BF23F01102900500F1DD80D3050BF175
:10B7F000040700F1D580500640F1F6809BF9003037
:10B800000391002B4FF00A0102914FEAD371B8BFA8
:10B810005B42CDE9046201912A46009343465146BA
:10B820004846FFF7C1FDBB46054686E6002101EB11
:10B83000810100EB4100A0F1300117F8010FA0F1E8
:10B840003002092AF3D93C467A1C9BE6BBF1000F73
:10B8500087D001F1FF3E72E75BF8041BA078023449
:10B8600021EAE171621C8DE658287FF4C0AE43F0F6
:10B8700020031022580524D423F00C0313F4007085
:10B880006AD113F4807F0BF1040740F0B2805806B0
:10B890007BD418064CBFBBF80000DBF8000000901A
:10B8A000CDE904630023CDE9022101932A46B5E7DF
:10B8B000782868D023F010030A22DBE7AEEB0C0EE9
:10B8C0004FE723F00D03D9E7A07843F0C003E21C53
:10B8D00080E60446054693E6764540F2948006EB02
:10B8E000050BCDE90C7CABEB0E0B0F462A4643460D
:10B8F000013551462020C8475D45F7D1DDF834C0F9
:10B9000039469CF800B00C9F06F1010E58460028FD
:10B910007FF435AF01E7012E3AD96B1E3344CDF8E1
:10B920002CB02F469B463A464346013751462020CD
:10B93000C847BB45F7D15B46DDF82CB01A469BF8EB
:10B94000000043465146C8473544DDF828B0F4E5C9
:10B9500008228FE702228DE7CDE907630BF1070B81
:10B96000002306910492059302932BF0070BFBE84A
:10B9700002672A46CDE90067434651464846FFF72D
:10B980005DFD0546D9E5102274E79BF8000086E7C7
:10B990009BF800002A4643465146C8473D46BCE650
:10B9A000DBF800302CE70BF1070B2BF0070BDBF873
:10B9B00004305BF8080B0691D90FCDE907620291BC
:10B9C000024600210A20002BCDE9040102DA52428E
:10B9D00063EB4303CDE9002351462A4643464846DC
:10B9E000FFF72CFD0546A8E51306D9D5BBF90030B5
:10B9F00006E7CDE90221CDE904630190DBF80030D0
:10BA000000932A460AE70EF1010E7FE764283FF40F
:10BA1000E6AE13460A222DE700B583B084460093B4
:10BA2000044813460A466146FFF76EFD03B05DF811
:10BA300004FB00BF91AF000810B584B00446CDE907
:10BA40000241009302A9134603484FF0FF32FFF76B
:10BA50005BFD04B010BD00BFFDB40008F8B500BF29
:10BA6000F8BC08BC9E467047F8B500BFF8BC08BCDF
:08BA70009E4670470000000033
:10BA7800240C010802000000300C0108040000003A
:10BA8800400C010808000000500C010810000000DC
:10BA9800600C010820000000700C01084000000044
:10BAA800800C010880000000000000000000000079
:10BAB800293C0000163B0000D7630000325F0000FD
:10BAC800738800005D7D00004AAC0000A697000066
:10BAD800A4D000000FAF00004CF70000A3C4000082
:10BAE80070FB0000F3E80000F6D20000C0BB0000C5
:10BAF800DCA40000E58E0000338200007D7B7C7AA8
:10BB0800E7E61BE895B9AAAB01020304050600495C
:10BB180048303231332F4B4A9EA09F898A8B8CED57
:10BB2800E907ACB191C696CA9ABEC2BACED2D6E2DD
:10BB3800DADE7640447F64B5600D218D3C37A66C13
:10BB48002768582B705C144C5054EEEA08ADB2923A
:10BB5800C797CB9BBFC3BBCFD3D7E3DBDF774145C9
:10BB68008065B6610E228E3D38A76D2869592C7103
:10BB78005D154D5155EFEB09AEB393C898CC9CC0F9
:10BB8800C4BCD0D4D8E4DCE07842468166B7620F02
:10BB9800238F3E39A86E296A5A2D725E164E525668
:10BBA800F0EC0AAFB494C999CD9DC1C5BDD1D5D922
:10BBB800E5DDE17943478267B8631024903F3AA9ED
:10BBC8006F2A6B5B2E735F174F5357888586261F26
:10BBD80083843BA1A213181A190C0B348711000097
:10BBE800000003004CCD00080000010048CD00080B
:10BBF8000300010044CD00080100010040CD000809
:10BC0800030001003CCD00080000010038CD000809
:10BC18000000010034CD00080000010030CD00080C
:10BC2800000001002CCD00080000010028CD00080C
:10BC38000000010024CD0008010C010020CD0008FF
:10BC4800FF0301001CCD0008BD00010018CD00084D
:10BC5800BD00010014CD0008BD00010010CD000892
:10BC6800BD0001000CCD00080000010008CD00084F
:10BC78000100010004CD00080100200084CC000868
:10BC88000000010080CC0008000001007CCC000806
:10BC98000000010078CC00080000010074CC000806
:10BCA800500002006CCC0008C05D010068CC0008A0
:10BCB8004001010064CC00081500010060CC0008B8
:10BCC800000001005CCC00080000010058CC00080E
:10BCD8000000010054CC0008010002004CCC000810
:10BCE8000100030040CC00085D0001003CCC0008C6
:10BCF8005D00010038CC00085D00010034CC00086C
:10BD08005D00010030CC0008010001002CCC0008C7
:10BD18000000010028CC00080000010024CC000825
:10BD28000000010020CC0008000001001CCC000825
:10BD38000000010018CC00080000010014CC000825
:10BD48000000010010CC0008000001000CCC000825
:10BD58000000010008CC000800000300FCCB00082C
:10BD680000000400ECCB000800000100E8CB00084C
:10BD780000000100E4CB000800000300D8CB000855
:10BD880000000100D4CB000802000200CCCB000860
:10BD980000000200C4CB000800000100C0CB00086E
:10BDA80000000100BCCB000800000100B8CB00086F
:10BDB80000000100B4CB000800000500A0CB00087B
:10BDC800000001009CCB00080000010098CB00088F
:10BDD8000000010094CB00080000010090CB00088F
:10BDE800010005007CCB00080100050068CB0008B5
:10BDF8000100050054CB00080100050040CB0008F5
:10BE0800000001003CCB00080000010038CB00080E
:10BE18000000010034CB00080000010030CB00080E
:10BE2800000009000CCB000800000A00E4CA000862
:10BE380000000500D0CA000800000500BCCA0008C0
:10BE480000000100B8CA000800000100B4CA0008D8
:10BE580000000100B0CA000800000100ACCA0008D8
:10BE680000000100A8CA000800000100A4CA0008D8
:10BE780000000100A0CA0008000001009CCA0008D8
:10BE88000000010098CA00080000010094CA0008D8
:10BE98000000010090CA0008000001008CCA0008D8
:10BEA8000000010088CA00080000010084CA0008D8
:10BEB8000000010080CA0008000001007CCA0008D8
:10BEC8000000010078CA00080000010074CA0008D8
:10BED8000000010070CA0008000001006CCA0008D8
:10BEE8000100050058CA00080100050044CA0008FE
:10BEF8000100050030CA0008010005001CCA00083E
:10BF08000100010018CA00080100010014CA000855
:10BF18000100010010CA0008010001000CCA000855
:10BF28001700010008CA00081700010004CA000829
:10BF38001700010000CA000817000100FCC900082A
:10BF480007000100F8C9000807000100F4C900084B
:10BF580007000100F0C9000807000100ECC900084B
:10BF680001000100E8C9000801000100E4C9000857
:10BF780001000100E0C9000801000100DCC9000857
:10BF880000000100D8C9000801000100D4C9000858
:10BF980000000100D0C9000800000100CCC9000859
:10BFA80000000100C8C9000800000100C4C9000859
:10BFB8003F000100C0C9000804000100BCC9000816
:10BFC80000000100B8C9000801000100B4C9000858
:10BFD80000000100B0C9000803000100ACC9000856
:10BFE80003000100A8C9000803000100A4C9000853
:10BFF80003000100A0C900089D0001009CC90008B9
:10C008004D00010098C900080100050084C9000816
:10C018001F00010080C90008000001007CC9000859
:10C028000100020074C900080000050060C900088A
:10C038000000030054C900080000030048C90008B4
:10C04800000003003CC900080000010038C90008CE
:10C058000000010034C900080000010030C90008D0
:10C06800000001002CC900080000010028C90008D0
:10C078000000010024C900080000010020C90008D0
:10C08800000001001CC900080000020014C90008D3
:10C098000000010010C90008000001000CC90008D8
:10C0A8000000010008C900080000010004C90008D8
:10C0B8000000010000C9000800000100FCC80008D9
:10C0C80000000100F8C8000800000100F4C80008DA
:10C0D80000000500E0C8000800000100DCC80008F6
:10C0E80000000100D8C8000800000100D4C80008FA
:10C0F80000000100D0C8000800000100CCC80008FA
:10C1080000000100C8C8000800000100C4C80008F9
:10C1180000000100C0C8000800000100BCC80008F9
:10C1280000000100B8C8000800000100B4C80008F9
:10C1380005000100B0C8000845000100ACC80008AF
:10C1480000000200A4C80008000002009CC8000803
:10C158000000020094C80008000002008CC8000813
:10C168000A00010088C800080000010084C800080F
:10C178000000010080C80008000001007CC8000819
:10C188000000010078C800080100050064C8000824
:10C198000100050050C80008010005003CC800085F
:10C1A8000100050028C800080000020020C8000897
:10C1B800000001001CC800080000010018C80008A1
:10C1C8000000010014C800080000010010C80008A1
:10C1D800000001000CC800080000010008C80008A1
:10C1E8000000010004C800080000010000C80008A1
:10C1F80000000100FCC7000800000100F8C70008A3
:10C2080000000100F4C7000800000100F0C70008A2
:10C2180000000100ECC7000800000100E8C70008A2
:10C2280000000100E4C7000800000100E0C70008A2
:10C2380000000100DCC7000800000100D8C70008A2
:10C2480000000100D4C7000800000100D0C70008A2
:10C2580000000100CCC7000800000100C8C70008A2
:10C2680000000100C4C7000800000100C0C70008A2
:10C2780000000100BCC7000800000100B8C70008A2
:10C2880000000100B4C7000800000100B0C70008A2
:10C2980000000100ACC7000800000100A8C70008A2
:10C2A80000000100A4C7000800000100A0C70008A2
:10C2B800000001009CC700080000010098C70008A2
:10C2C8000000010094C700080000010090C70008A2
:10C2D800000001008CC700080000010088C70008A2
:10C2E8000000010084C700080000010080C70008A2
:10C2F800000001007CC700080000010078C70008A2
:10C308000000010074C700080000010070C70008A1
:10C31800000001006CC700080800010068C7000899
:10C328002000010064C700080000010060C7000881
:10C33800000001005CC700080000010058C70008A1
:10C348000000010054C700080000010050C70008A1
:10C35800000001004CC700080000010048C70008A1
:10C368000000010044C700080000010040C70008A1
:10C37800060401001F1915120F0D0C0B004026446E
:10C388009A994742000000000000804085EB514028
:10C3980000000000A0860100400D0300801A06007E
:10C3A80000350C0040420F0080841E0000093D004B
:10C3B80000127A000024F40000366E010048E801FB
:10C3C800006CDC020000000001020304000002000F
:10C3D80034CE00080000010030CE00080300010040
:10C3E8002CCE00080100010028CE0008030001003F
:10C3F80024CE00080000010020CE00080000010043
:10C408001CCE00080000010018CE00080000010042
:10C4180014CE00080000040004CE0008000001004B
:10C4280000CE000804000100FCCD00080400010053
:10C43800F8CD00080C030200F0CD0008C05D010033
:10C44800ECCD000840010800CCCD00081500010023
:10C45800C8CD000800000100C4CD0008000001009C
:10C46800C0CD000800000100BCCD00080100030099
:10C47800B0CD000802000200A8CD000800000200AC
:10C48800A0CD0008000001009CCD000801000100BB
:10C4980098CD00083F00010094CD00080400010079
:10C4A80090CD0008000001008CCD000801000100BB
:10C4B80088CD00080000010084CD000800000100BC
:10C4C80080CD0008000001007CCD000800000100BC
:10C4D80078CD00080500010074CD00084500010072
:10C4E80070CD00080A0001006CCD000800000100B2
:10C4F80068CD00080800010064CD00082000020093
:10C508005CCD00080000010058CD000800BE87BDC2
:10C518008EBD14BD19BDA0BC27BCAEBBADAD33AC40
:10C52800B8AABEA8CBADD2AB58A95FA7DC9FE19B48
:10C5380067986C947390F58AF8857A80F9C379C7FF
:10C5480079CBF8CE75D1F4D472D871DBF8E0F7E482
:10C55800F5E8F2EC56E952EC4EEFC9F139F0B3F2D6
:10C568002DF527F71DF515F68CF784F8837A897A67
:10C578000F7A147A9A7720772776AD752E6EB46C79
:10C58800B96B3F6A4F71D56E5C6CE269DC5F615CC8
:10C59800E558EA54DE4DDF4961466242F701770506
:10C5A800F608F60BF50E7412F215711951164F199B
:10C5B800CC1BCA1E5C28D72B532F4E32392C342F54
:10C5C8002E32A93423399A3A923B093D093D093D57
:10C5D800093D093D093D093D093D093D093D093D23
:10C5E800093D093D093D093D093D093D093D093D13
:10C5F800093D093D093D093D093D093D093D093D03
:10C60800093D093D093D093D093D093D000000007E
:10C6180000000000010203040607080961313231F5
:10C628002D76312E31302E30000000000000000041
:10C6380000000000000000000000000000000000F2
:10C6480000000000000000000000000000000000E2
:10C6580000000000000000000000000000000000D2
:10C6680000000000000000000000000000000000C2
:10C6780000000000FFFF0000D5AE0008E5AE00088E
:10C6880000000000451C0008C90300085000000015
:10C69800A0000100080010010000000103000000D4
:10C6A80050000000A0000100080010010000000177
:10C6B8000300000050000000A00001000800100165
:10C6C800000000010300000050000000A00001006D
:10C6D8000800100100000001030000000000000035
:10C6E800000000000100000001000100020001003C
:10C6F800A0000000E8FF0008180D01081C0D010843
:10C70800900C01089C0C0108A40C0108AC0C010851
:10C71800B80C0108C40C0108D00C0108DC0C010895
:10C72800E80C0108F00C0108F80C0108000D0108DC
:10C73800080D0108100D010832033000F702B0009F
:10C74800C202B0008D02B0005802B000F80290009A
:10C75800C30290008E02900059029000E400D000BD
:10C76800F4009000F700D1000703B000D202B00037
:10C778009D02B0006802B00005033100D00231000C
:10C788009B0231006602310005033000D002300000
:10C798009B023000660230000603B000D102B000F0
:10C7A8009C02B0006702B00001033100CC023100E6
:10C7B80097023100620231000403B200CF02B200D6
:10C7C8009A02B2006502B20013031002DE021002E0
:10C7D800A9021002740210020B031002D602100202
:10C7E800A10210026C0210020303B000CE02B000D6
:10C7F8009902B0006402B0000203B000CD02B0009C
:10C808009802B0006302B00002033500CD02350083
:10C8180098023500630235003A01B0004601B000C5
:10C8280019022500380225003C0225004302250094
:10C8380047022500D7012500F6012500FA01250049
:10C84800010225000502250095012500B4012500F7
:10C85800B8012500BF012500C301250053012500AB
:10C8680072012500760125007D0125008101250042
:10C87800FB029000C6029000910290005C029000BA
:10C8880047030402FE02081028030810C902081012
:10C89800F302081094020810BE0208105F02081084
:10C8A80089020810DE00F700DE00F0002402F00024
:10C8B800E201F000A001F0005E01F000F30030009A
:10C8C800F3007700F300D100710007207200040222
:10C8D800A1001002A2001002200008102700081072
:10C8E800310008106F000810750007201B031002A4
:10C8F800E6021002B10210027C02100217031002B5
:10C90800E2021002AD02100278021002C100B0006B
:10C918003901B000FA029000C50290009002900020
:10C928005B029000FC02B001C702B0019202B001A4
:10C938005D02B001910008109200081093000810E1
:10C948008E0008108F000810900008108B00081047
:10C958008C0008108D000810350008108800081099
:10C96800890008108A000810960008108400081032
:10C9780094000810380008104001B0004901250053
:10C9880049012600490127004901280049012900D9
:10C99800B803B001B903B001420204020002040264
:10C9A800BE0104027C01040236015100F20030008D
:10C9B800F2007700F200D100F500D0000F0310025A
:10C9C800DA021002A50210027002100232033100CE
:10C9D8003203320025020720E3010720A1010720C6
:10C9E8005F01072026020402E4010402A2010402F6
:10C9F8006001040228020402E6010402A401040200
:10CA08006201040241020720FF010720BD0107203F
:10CA18007B01072019022B0038022B003C022B0057
:10CA280043022B0047022B00D7012B00F6012B00F5
:10CA3800FA012B0001022B0005022B0095012B00A7
:10CA4800B4012B00B8012B00BF012B00C3012B0040
:10CA580053012B0072012B0076012B007D012B0066
:10CA680081012B002F020720ED010720AB010720D1
:10CA78006901072031020402EF010402AD0104023A
:10CA88006B0104025302A4001102A400CF01A40008
:10CA98008D01A4005202A4001002A400CE01A4003B
:10CAA8008C01A4005102A4000F02A400CD01A4002F
:10CAB8008B01A400250007202F0007107300081021
:10CAC8007C0008107E0008101F00072026000710B1
:10CAD80030000710740008107B0008102800072099
:10CAE80032000710390008104100071046000510F1
:10CAF8004B0008204C0008204F0008105400082064
:10CB080055000820210007202900071033000710CE
:10CB18003A00081040000710470005104A00082096
:10CB28005000081053000810F6029000C10290004F
:10CB38008C02900057029000190237013802370121
:10CB48003C0237014302370147023701D701370159
:10CB5800F6013701FA0137010102370105023701F1
:10CB680095013701B4013701B8013701BF01370119
:10CB7800C3013701530137017201370176013701CB
:10CB88007D013701810137011502B001D301B001E0
:10CB98009101B0014F01B0012E0007106B00071082
:10CBA8007F00082080000810820007201402F0008F
:10CBB800D201F0009001F0004E01F0002B0330008C
:10CBC8002F0330002B0354002F03540036000710A6
:10CBD8003F00081086000820AF0008105900100216
:10CBE8005A001002220008102A0008103400081009
:10CBF8003E0008101B000510670008106800082098
:10CC08001F020720DD0107209B010720590107208B
:10CC180020020402DE0104029C0104025A010402FB
:10CC280048010402110107202003B001EB02B00102
:10CC3800B602B0018102B001060024000D002400F4
:10CC4800140024006A0008204A0126003301570016
:10CC580033015500330153003501B00016010402B9
:10CC6800FB000402000104020B0104022B0204026F
:10CC7800E9010402A7010402650104027501062006
:10CC88007801310078013200790106208001062000
:10CC980083013200840106208A010620B70106209C
:10CCA800BA013100BA013200BB010620C2010620D8
:10CCB800C5013200C6010620CC010620F901062074
:10CCC800FC013100FC013200FD01062004020620AF
:10CCD80007023200080206200E0206203B02062048
:10CCE8003E0231003E0232003F0206204602062084
:10CCF800490232004A020620500206202801081084
:10CD0800C500D0002103B001EC02B001B702B001A8
:10CD18008202B0019C0090019D009001F902D000B0
:10CD2800C402D0008F02D0005A02D000DF005A009F
:10CD3800DF003900DF005600DF003500DF00520059
:10CD4800DF003100B6003200BD003200BF00320003
:10CD58005C0130003700D000C802D000B400900059
:10CD6800B700D100FA000402E200F700E200F00088
:10CD7800B3003000B3007700B300D100D6005100F3
:10CD8800B2003000B2007700B200D100B500D00088
:10CD98005C0131005C013200290030002D003000B8
:10CDA800290054002D005400060024000D00240022
:10CDB80014002400D3005700D3005500D3005300BB
:10CDC800D500B000AC0004021B030402F504040201
:10CDD800FA040402010504020605040221050402FE
:10CDE80058050402180504026C0104022203040217
:10CDF8003204B0007204B000CF040402C904370141
:10CE0800CC043701D0043701D30437016105B000E1
:10CE18006305D000E3005A00E3003900E300560040
:10CE2800E3003500E3005200E3003100590032000E
:10CE38006000320030BFC36335030100E50108001C
:10CE48003503080085030100850300001400000075
:10CE5800A847000035030100E50110003503100064
:10CE6800850301008503000014000000A8470000A6
:10CE780035030100E501200035032000850301008A
:10CE88008503000014000000D832000000000000F4
:10CE9800B84B0000250800003508010045080100CE
:10CEA8004008000088090000A506A00B000000004B
:10CEB80017020000F00900003702000070050000AA
:10CEC800A80F000000000000870200008002000098
:10CED800F0090000B7020000B00200007005000071
:10CEE8009810000008460000000000002003000021
:10CEF8002003000020030000F00900005003000098
:10CF08005003000070050000A0060000E0030000C8
:10CF1800C84C0000100C0000404A0000204C0000E3
:10CF2800480400005835000078360000500A000018
:10CF3800500A0000E001000040020000D702000093
:10CF480014000000050800008506C0098006400A94
:10CF5800800620090900000018370000A80F00000B
:10CF6800981000000846000009000000183700006B
:10CF7800404A0000204C000009000000183700005B
:10CF8800204C00009810000008460000090000002E
:10CF9800F8490000884800005505000065050000B4
:10CFA8004505010009000000E5010800A50600008C
:10CFB8008515040035030300E50108003503080062
:10CFC800C506A46EB837000085030100850300007C
:10CFD800A03800002838000009000000D013000025
:10CFE800E006000088080000170700006825000018
:10CFF800F00900006809000027080000020000008E
:10D00800404A0000204C0000B70700003507030025
:10D01800D84E00000A00000035070200F809000099
:10D02800A00F000090100000000000000046000063
:10D03800880800006009000043000000570800004D
:10D0480078280000D81300000000000018480000ED
:10D058000900000060250000E014000070280000AE
:10D06800B028000000190000C02B0000002C0000B0
:10D07800201D0000102F0000502F0000402100004C
:10D0880060320000D813000009000000E01400001E
:10D0980009000000F50101000600000885150200DE
:10D0A800851501009515FF03A515010C0900000061
:10D0B800A8490000184800002505000035050000B3
:10D0C8001505010009000000D50701002506646B5D
:10D0D8003507890D4507890D85061400D84E0000CF
:10D0E8002A0000002506000085060000450700000C
:10D0F800104800000900000045000000E501860016
:10D10800350084004201000043000000B50C0B000C
:10D1180082CE010043000000683300002839000077
:10D128004500010009000000B50C000009000000DE
:10D13800B50C000009000000A50B0000F50B00006D
:10D14800050C1200150C0000E50B0000950B0500FE
:10D15800483B00000620220038420000B5020400C7
:10D168007502000065024000E5010101B5020101F8
:10D17800A841000065020000783F0000A8420000B6
:10D18800D83B0000017C0007F2030000017C01008D
:10D19800060040004300000001000005283C000094
:10D1A80009000000D5080A00E5081A004502852292
:10D1B8005502FD0109000000A5010000D50000008E
:10D1C800E5000000F5002000050100001501000041
:10D1D800250100003501000085010000450100001F
:10D1E800550100006501000075010000950100006F
:10D1F800950001007500FF3709000000350A090095
:10D20800550A0000C50A0800650A3F08250A60009B
:10D21800950A0100250A7F0009000000D83C00009B
:10D2280002DC050043000000D5000000E500000016
:10D23800750003000205000043000000850003009C
:10D2480025000000180B000025000100E501020080
:10D258007500000009000000583A0000180E000090
:10D2680002050000430000008500FF37D50A4F0083
:10D278007500FF3F8500FF3F50110000050A6B0154
:10D28800050A0801050AB502E50C010002140000B0
:10D2980043000000280F0000450301004503020079
:10D2A80038130000483B00001845000058450000AE
:10D2B80078440000A845000025000000E5010005AD
:10D2C80035000005E501020015000000020F00000E
:10D2D8004300000018430000883A0000E5010100FF
:10D2E800350001006201000043000000C80D000085
:10D2F800784E0000250901009500FF400900000054
:10D30800050D0100250D0100150D1500A50A0100E8
:10D31800450D870009000000A50B0000F50A000074
:10D3280025022E0009000000083B00007844000098
:10D33800E5011F00150B1F0038420000C84000001F
:10D34800A842000006202200E50A0800F50A0000AD
:10D35800883B000002000000E103000343000000D6
:10D3680001008002283C000009000000350200008E
:10D378001502000006022000220000003200000012
:10D38800E17F800001F40000160000004300000067
:10D39800C601000043000000E7150000020000007D
:10D3A800F81600004300000006001C0035020000CB
:10D3B80090160000720000000602000072010000D2
:10D3C800F8160000430000000200000006001C00E0
:10D3D8004300000043000000E716000006020000BA
:10D3E80002000000F81600004300000009000000D9
:10D3F8001200000001F4000012000000E17F80002C
:10D408002600000001F4010000008000E17F800098
:10D41800E601000001F40700000080074300000057
:10D428006018000032000000E17F80002600000044
:10D4380001F4030000008000E17F8000E6010000A5
:10D4480001F40700000080074300000006004000C8
:10D4580016000000430000002600000000008000C5
:10D4680006000000060000000600000001748000AD
:10D478000900000035020000150200000602200025
:10D488002200000032000000E17F800001F400006B
:10D498001600000043000000C60100004300000021
:10D4A800071A000002000000181B000043000000DB
:10D4B80006001C0035020000B01A000072000000CF
:10D4C8000602000072010000181B00004300000063
:10D4D8000200000006001C0043000000430000009A
:10D4E800071B00000602000002000000181B0000D5
:10D4F80043000000090000001200000001F40000D1
:10D5080012000000E17F80002600000001F4010005
:10D5180000008000E17F8000E601000001F40700C0
:10D528000000800743000000801C0000320000005B
:10D53800E17F80002600000001F403000000800065
:10D54800E17F8000E601000001F407000000800789
:10D5580043000000060040001600000043000000E1
:10D568002600000000008000060000000600000001
:10D578000600000001748000090000003502000068
:10D588001502000006022000220000003200000000
:10D59800E17F800001F40000160000004300000055
:10D5A800C601000043000000271E00000200000022
:10D5B800381F00004300000006001C003502000070
:10D5C800D01E000072000000060200007201000078
:10D5D800381F0000430000000200000006001C0085
:10D5E8004300000043000000271F0000060200005F
:10D5F80002000000381F000043000000090000007E
:10D608001200000001F4000012000000E17F800019
:10D618002600000001F4010000008000E17F800086
:10D62800E601000001F40700000080074300000045
:10D63800A020000032000000E17F800026000000EA
:10D6480001F4030000008000E17F8000E601000093
:10D6580001F40700000080074300000006004000B6
:10D6680016000000430000002600000000008000B3
:10D67800060000000600000006000000017480009B
:10D688000900000035020000150200000602200013
:10D698002200000032000000E17F800001F4000059
:10D6A8001600000043000000C6010000430000000F
:10D6B8004722000002000000582300004300000039
:10D6C80006001C0035020000F02200007200000075
:10D6D8000602000072010000582300004300000009
:10D6E8000200000006001C00430000004300000088
:10D6F8004723000006020000020000005823000033
:10D7080043000000090000001200000001F40000BE
:10D7180012000000E17F80002600000001F40100F3
:10D7280000008000E17F8000E601000001F40700AE
:10D738000000800743000000C02400003200000001
:10D74800E17F80002600000001F403000000800053
:10D75800E17F8000E601000001F407000000800777
:10D7680043000000060040001600000043000000CF
:10D7780026000000000080000600000006000000EF
:10D7880006000000017480000900000098130000E2
:10D79800F50B0000050C0000150C0000E50B00005F
:10D7A800950B0000E50A00000502000006200200B3
:10D7B80010340000050B0000050B0C00050B0000E1
:10D7C800150B0000250B0000350B0100450B000070
:10D7D800550B0000650B000038420000B50204003C
:10D7E8007502000065020000E5010900B5020900A4
:10D7F800A841000065020000E5014100B5024100B2
:10D80800A841000065020000783E0000B50204004F
:10D818007502000065020000E5010101B502010181
:10D82800A841000065020000783F0000A8420000FF
:10D83800182800000900000015095D00F508BD0062
:10D84800E5010020F50800200100000009000000A3
:10D8580001000005283C0000004E000009000000FF
:10D8680098130000F50B0000050C0000150C0000D3
:10D87800E50B0000950B0000E50A0000050200001A
:10D888000620020010340000050B0000050B0C00F8
:10D89800050B0000150B0000250B0000350B0100DF
:10D8A800450B0000550B0000650B000038420000D6
:10D8B800B50204007502000065020000E5010900D8
:10D8C800B5020900A841000065020000E501410019
:10D8D800B5024100A841000065020000783E000042
:10D8E800B50204007502000065020000E5010101AF
:10D8F800B5020101A841000065020000783F000060
:10D90800A8420000682B00000900000015095D000E
:10D91800F508BD00E5010020F50800200100000021
:10D928000900000001000005283C0000004E00002E
:10D938000900000098130000F50B0000050C00001A
:10D94800150C0000E50B0000950B0000E50A00002F
:10D95800050200000620020010340000050B00003C
:10D96800050B0C00050B0000150B0000250B000033
:10D97800350B0100450B0000550B0000650B00003E
:10D9880038420000B502040075020000650200007C
:10D99800E5010900B5020900A84100006502000080
:10D9A800E5014100B5024100A84100006502000000
:10D9B800783E0000B5020400750200006502000010
:10D9C800E5010101B5020101A8410000650200005E
:10D9D800783F0000A8420000B82E000009000000AF
:10D9E80015095D00F508BD00E5010020F5080020D7
:10D9F800010000000900000001000005283C0000AB
:10DA0800004E00000900000098130000F50B00000C
:10DA1800050C0000150C0000E50B0000950B00003C
:10DA2800E50A00000502000006200200103400008C
:10DA3800050B0000050B0C00050B0000150B000082
:10DA4800250B0000350B0100450B0000550B0000AD
:10DA5800650B000038420000B502040075020000A2
:10DA680065020000E5010900B5020900A8410000AF
:10DA780065020000E5014100B5024100A84100002F
:10DA880065020000783E0000B5020400750200003F
:10DA980065020000E5010101B5020101A84100008D
:10DAA80065020000783F0000A8420000083200002C
:10DAB8000900000015095D00F508BD00E50100201A
:10DAC800F508002001000000090000000100000521
:10DAD800283C0000004E000009000000E50131006C
:10DAE800C5082000090000006503C000B507020052
:10DAF800B5082A00A83200000900000055080200F5
:10DB0800F5050100350C040009000000D5070100E7
:10DB18002506E40065070600E50708004506140029
:10DB2800D84E00000A000000F8480000284900000C
:10DB38006507270009000000350C0200350C0300BA
:10DB4800E5010100050B0100E5010200D50A00000E
:10DB5800A20000004300000009000000E5010800E1
:10DB6800A506000025030300E501080025030800B9
:10DB7800C506046FB837000095030100950300003F
:10DB8800283800000900000015080000E501080019
:10DB9800A5060800D84E00002A0000000900000071
:10DBA8002508000025060000350703004507030087
:10DBB800D84E00000A0000000900000025080100F6
:10DBC80009000000F5010110060000080900000026
:10DBD800E501040085060400D50701002506C46D8B
:10DBE800D84E00002A0000000900000025060000A9
:10DBF8008506000009000000E8360000184800000B
:10DC08008848000009000000E501100035031000F5
:10DC180009000000E50110002503100009000000BC
:10DC2800D507010025061400D84E00002A00000080
:10DC380025060000C506000009000000E5061800DA
:10DC4800D84E00000A000000E50600003508010073
:10DC580088090000A506A00B0900000005071800A8
:10DC6800D84E00000A000000050700004508010022
:10DC780048360000A506406909000000E501860055
:10DC8800350084004201000043000000E501030064
:10DC9800B50C01006200000043000000D507010038
:10DCA8002506E40065070600E50708004506180094
:10DCB800D84E00000A000000F8480000284900007B
:10DCC8006507270009000000E5010300B50C030003
:10DCD8000900000068330000E50102003500020079
:10DCE8006201000043000000E501840035000000E7
:10DCF800090000001502360005020E0025022E005C
:10DD0800090000001502360005020E0025029300E6
:10DD18000900000015094D00F5089D00E5010020E7
:10DD2800F50800200900000015095D00F508BD0090
:10DD3800E5010020F508002009000000E5010020A9
:10DD4800F5080000000000000000000025000100A8
:10DD5800E50102001500020025000000E5010200AF
:10DD6800150000000900000065007F0009000000A0
:10DD780065000000090000007500010009000000AE
:10DD8800D5000000E501020095000200090000002E
:10DD9800A5010000E5000000F500200005010000D5
:10DDA80015010000250100003501000045010300B0
:10DDB8005501030085010300650103007501030097
:10DDC80095010300E501F77F9500F57F0900000044
:10DDD800E501FF016502E001E5011100B50211004E
:10DDE800A8410000E501FF016502FF01E5012100EE
:10DDF800B5022100A8410000E501FF016502F80114
:10DE0800E5018100B5028100A84100000900000079
:10DE1800E501FF016502C001E5010102B502010249
:10DE2800A8410000E501FF016502FF01E5010104C9
:10DE3800B5020104A8410000E501FF016502F801EF
:10DE4800E5010108B5020108A8410000E501FF014C
:10DE58006502FF01E5010110B5020110A8410000AB
:10DE680009000000B50204006502003FB5020D007C
:10DE7800F84100006502C0FFB5021500F841000036
:10DE88006502F0FFB5028500F84100006502FFFF5A
:10DE9800B5022500F841000009000000B2080000A2
:10DEA80043000000E501F91FB50200000900000069
:10DEB800B208000043000000B50204000900000099
:10DEC800E501000535000000E501001835000018DF
:10DED800E50100053500000509000000E501000521
:10DEE80035000000E501001835000000E5010005D7
:10DEF8003500000509000000450A0100450A000038
:10DF080065070300D50708002506140058490000D6
:10DF1800A847000025073900F50400000505803EE4
:10DF2800E5040100D84E00000A000000A8470000E0
:10DF3800F84800006507000009000000250A0000F5
:10DF4800950A0000250A0000650A00000900000083
:10DF5800050B0000050B0C00050B0000150B1F003E
:10DF6800250B0000350B0100450B0000550B000088
:10DF7800650B000009000000F50B0000050C0E0001
:10DF8800150C000009000000950B0700A50B040004
:10DF9800E50A0700F50A040009000000D50B050092
:10DFA800B50B030009000000D50B0500B50B0000F8
:10DFB8000900000038420000B502040075020000A4
:10DFC8006502C03FE5010101B5020101A841000059
:10DFD800650200FE783F0000A8420000483B0000B0
:10DFE80006202200D83B0000F5090100E5010003E6
:10DFF8009509000101F40000D50B0500024B000053
:10E0080043000000D50B0900F5090000E5010003F5
:10E0180095090000283C00000900000025070000C1
:10E02800B50501006200000043000000B5050000CE
:10E03800E50400000900000035070000C5050100DF
:10E048006200000043000000C5050000150500003F
:10E058000900000045070000D50501006200000026
:10E0680043000000D5050000450500000900000038
:10E0780025060000D507000009000000450600003D
:10E08800E50700000900000015000400E50108008C
:10E098003500000015000000090000001500080008
:10E0A800E50110003500000015000000090000001F
:10E0B80015001000E50120003500000015000000E3
:10E0C8000900000095000100E50C0000250900008A
:10E0D8002839000025000100E501020015000200B2
:10E0E800E501060085000000E50106007500000056
:10E0F800D8450000984E0000E501010035000000F9
:10E10800620100004300000028440000D50A000016
:10E1180085000100183D0000783D0000090000005E
:10E1280028330000C500000095140000783D000069
:10E13800383D0000F80B000009000000D80B000073
:10E14800E501010085000000E501010075000000FF
:10E15800383D0000E501020015000000F83C000011
:10E1680009000000950C1300750C3800850C02009E
:10E178001502360005020E0025022E000620220098
:10E188001509ED00F508DD01E5010020F50800207E
:10E19800010000050100010501000005060040001E
:10E1A800283C0000750C0000850C0000950C000050
:10E1B80009000000350C0000350C0400E5010100E1
:10E1C800050B0000E5010200D50A02000900000065
:10E1D800450DFF0009000000450D0000A50A0000DC
:10E1E800050D000009000000520000004300000077
:10E1F80009000000300EB36335030100E501080093
:10E2080035030800850301008503000014000000A1
:10E21800A801000035030100E501100035031000D6
:10E22800850301008503000014000000A801000018
:10E2380035030100E50120003503200085030100B6
:10E24800850300001400000015000400E501080023
:10E258003500000015000000090000002507000037
:10E26800B50501006200000043000000B50500008C
:10E27800E50400000900000025060000D50700009D
:10E288000900000045060000E5070000090000003D
:10E298006503C000B5070200B5082A00C8020000DF
:10E2A80009000000E5013100C50820000900000050
:10E2B80052000000430000000900000065007F00D4
:10E2C80009000000A5010000D5000000E5000000DD
:10E2D800F5002000050100001501000025010000DF
:10E2E80035010000850100004501000055010000CE
:10E2F800650100007501000095010000950001000E
:10E308007500FF3709000000D5000000E501020094
:10E318009500020009000000A5010000E5000000CA
:10E32800F50020000501000015010000250100008E
:10E338003501000045010300550103008501030074
:10E34800650103007501030095010300E501F77FEE
:10E358009500F57F09000000B50C000009000000D9
:10E3680045000000E50186003500840042010000F8
:10E3780043000000B50C0B0082CE010043000000F2
:10E388008808000058070000450001000900000047
:10E39800E5010300B50C030009000000020F0000AE
:10E3A800430000000900000088080000E5010200A1
:10E3B800350002006201000043000000E50184000E
:10E3C8003500000009000000E501860035008400E2
:10E3D8004201000043000000E5010300B50C010004
:10E3E8006200000043000000D50701002506E40094
:10E3F80065070600E507080045061800F802000052
:10E408000A00000018020000480200006507270003
:10E4180009000000D50701002506E400650706008D
:10E42800E507080045061400F80200000A0000008D
:10E4380018020000480200006507270009000000D4
:10E44800550D01000000000075070000C50D90097A
:10E45800750727008513010015140100E501040064
:10E4680085130400E501040015140400E501080003
:10E4780085130800E501F8011514F80109000000EA
:10E4880015020000050200002502010006202200F6
:10E4980015090200F5080400E5010020F508002030
:10E4A8000900000002140000430000000100010000
:10E4B800010080020600400009000000350A09003A
:10E4C800550A0000C50A0800650A3F08250A6000C9
:10E4D800950A0100250A7F0009000000250A0000AE
:10E4E800950A0000250A0000650A000009000000DE
:10E4F800450A0100450A000065070300D507080022
:10E508002506140058010000A8010000250739005D
:10E51800F50400000505803EE5040100F80200004E
:10E528000A000000A80100001802000065070000AA
:10E5380009000000450A0100450A00000900000022
:10E54800050D0100250D0100150D1500A50A010096
:10E55800450D870009000000450DFF000900000077
:10E5680015095D00F508BD00E5010020F50800204B
:10E5780009000000D5080A00E5081A0045028522AE
:10E588005502FD01090000001502360005020E00C3
:10E598002502930009000000E5010020F5080000AD
:10E5A800000000000000000025000100E501020055
:10E5B8001500020025000000E5010200150000001A
:10E5C80009000000350C0200350C0300E5010100CC
:10E5D800050B0100E5010200D50A0000A2000000B9
:10E5E8004300000009000000E501000535000000B7
:10E5F800E501001835000018E501000535000005A3
:10E6080009000000E501000535000000E5010018DB
:10E6180035000000E501000535000005090000008F
:10E62800B208000043000000E501F91FB502000030
:10E6380009000000E501FF016502E001E5011100A4
:10E64800B5021100B8100000E501FF016502FF01E5
:10E65800E5012100B5022100B8100000E501FF0125
:10E668006502F801E5018100B5028100B8100000DB
:10E6780009000000E501FF016502C001E501010292
:10E68800B5020102B8100000E501FF016502FF01B3
:10E69800E5010104B5020104B8100000E501FF011D
:10E6A8006502F801E5010108B5020108B81000008B
:10E6B800E501FF016502FF01E5010110B502011046
:10E6C800B810000009000000D50B0500B50B0300C9
:10E6D80009000000D80F0000B50204007502000010
:10E6E8006502C03FE5010101B5020101B810000053
:10E6F800650200FE0812000048100000580E0000D5
:10E7080006202200B80D0000F5090100E50100030C
:10E718009509000101F40000D50B0500024B00002B
:10E7280043000000D50B0900F5090000E5010003CE
:10E7380095090000980E000009000000050B000074
:10E74800050B0C00050B0000150B1F00250B000026
:10E75800350B0100450B0000550B0000650B000050
:10E76800090000005508020058010000A801000037
:10E778001802000048020000F5050100350C0400ED
:10E78800780200002851000038090000380A00000B
:10E7980001000000950C1300750C3800850C020070
:10E7A800A2000000C2300000430000004300000047
:10E7B800010001050600400001008002750C0001FF
:10E7C800850C1800C80A0000850C380025030000D5
:10E7D80065070300D5070800250614005801000046
:10E7E800F50400000505800285142200C50A000012
:10E7F800080D0000A801000025072106E504010016
:10E80800F80200000A000000A8010000E50101006C
:10E8180025030100C80A0000C50A0100080D000010
:10E82800A801000025074D06E5040100F8020000D4
:10E838000A000000A8010000E5010200250302000B
:10E84800C80A0000C50A0200080D0000A80100005F
:10E8580025077906E5040100F80200000A00000017
:10E86800A8010000E501040025030400C80A00000F
:10E87800C50A0300080D0000A80100002507A50629
:10E88800E5040100F80200000A000000A8010000E9
:10E89800E501080025030800C80A0000C50A0400AD
:10E8A800080D0000A80100002507D106E5040100B5
:10E8B800F80200000A000000A8010000E5011000AD
:10E8C80025031000C80A0000C50A0500080D00004D
:10E8D800A80100002507FD06E5040100F802000074
:10E8E8000A000000A8010000E5012000250320001F
:10E8F800C80A0000C50A0600080D0000A8010000AB
:10E9080025072907E5040100F80200000A000000B5
:10E91800A8010000E501400025034000C80A0000E6
:10E92800C50A0700080D0000A801000025075507C3
:10E93800E5040100F80200000A000000A801000038
:10E94800E501800025038000C80A0000C50A080008
:10E95800080D0000A801000025078107E504010053
:10E96800F80200000A000000A8010000E50100010B
:10E9780025030001C80A0000C50A0900080D0000A7
:10E98800A80100002507AD07E5040100F802000012
:10E998000A000000A8010000E501000225030002AA
:10E9A800C80A0000C50A0A00080D0000A8010000F6
:10E9B8002507D907E5040100F80200000A00000055
:10E9C800A8010000E501000425030004C80A0000AE
:10E9D800C50A0B00080D0000A8010000250705085E
:10E9E800E5040100F80200000A000000A801000088
:10E9F800E501000825030008C80A0000C50A0C0044
:10EA0800080D0000A801000025073108E5040100F1
:10EA1800F80200000A000000A8010000E50100104B
:10EA280025030010C80A0000C50A0D00080D0000E3
:10EA3800A801000025075D08E5040100F8020000B0
:10EA48000A000000A8010000E501002025030020BD
:10EA5800C80A0000C50A0E00080D0000A801000041
:10EA680025078908E5040100F80200000A000000F3
:10EA7800A8010000E501004025030040C80A000085
:10EA8800C50A0F00080D0000A80100002507B508F9
:10EA9800E5040100F80200000A000000A8010000D7
:10EAA800E501008025030080C80A000085140000E5
:10EAB800A80B000018020000C85000001400000055
:10EAC80078590000750C8000850C8000B50A030099
:10EAD800E5010400B50C040006000008950A610071
:10EAE800484F0000950A6900484F0000950A7100D8
:10EAF800484F0000950A7900484F0000950A4100E8
:10EB0800484F0000950A4900484F0000950A5100F7
:10EB1800484F0000950A5900484F0000950A210007
:10EB2800484F0000950A2900484F0000950A310017
:10EB3800484F0000950A3900484F0000950A010027
:10EB4800484F0000950A0900484F0000950A110037
:10EB5800484F0000950A1900484F0000B50A000008
:10EB680001008002750C0200850C0200E50104001A
:10EB7800B50C0000C80A0000750C1800850C0600CA
:10EB8800F5001000C80A0000F5001100C80A0000CE
:10EB9800F5001200C80A0000F5001300C80A0000BA
:10EBA800F5001400C80A0000F5001500C80A0000A6
:10EBB800F5001600C80A0000F5001700C80A000092
:10EBC800F5001800C80A0000F5001900C80A00007E
:10EBD800F5001A00C80A0000F5001B00C80A00006A
:10EBE800F5001C00C80A0000F5001D00C80A000056
:10EBF800F5001E00C80A0000F5001F00C80A000042
:10EC0800F5002000C80A0000F5002100C80A00002D
:10EC1800F5002200C80A0000F5002300C80A000019
:10EC2800F5002400C80A0000F5002500C80A000005
:10EC3800F5002600C80A0000F5002700C80A0000F1
:10EC4800F5002800C80A0000F5002900C80A0000DD
:10EC5800F5002A00C80A0000F5002B00C80A0000C9
:10EC6800F5002C00C80A0000F5002D00C80A0000B5
:10EC7800F5002E00C80A0000F5002F00C80A0000A1
:10EC8800F5003000C80A0000F5003100C80A00008D
:10EC9800F5003200C80A0000F5003300C80A000079
:10ECA800F5003400C80A0000F5003500C80A000065
:10ECB800F5003600C80A0000F5003700C80A000051
:10ECC800F5003800C80A0000F5003900C80A00003D
:10ECD800F5003A00C80A0000F5003B00C80A000029
:10ECE800F5003C00C80A0000F5003D00C80A000015
:10ECF800F5003E00C80A0000F5003F00C80A000001
:10ED0800A80B0000C850000014000000785900004B
:10ED180045030100F5002000750C0300850C030075
:10ED2800E5010400B50C040006000008150D1000EC
:10ED380008500000150D110008500000150D1200B4
:10ED480008500000150D130008500000150D1400A0
:10ED580008500000150D150008500000150D16008C
:10ED680008500000150D170008500000150D180078
:10ED780008500000150D190008500000150D1A0064
:10ED880008500000150D1B0008500000150D1C0050
:10ED980008500000150D1D0008500000150D1E003C
:10EDA80008500000150D1F0008500000150D000048
:10EDB80008500000150D010008500000150D020054
:10EDC80008500000150D030008500000150D040040
:10EDD80008500000150D050008500000150D06002C
:10EDE80008500000150D070008500000150D080018
:10EDF80008500000150D090008500000150D0A0004
:10EE080008500000150D0B0008500000150D0C00EF
:10EE180008500000150D0D0008500000150D0E00DB
:10EE280008500000150D0F0008500000350D0000B7
:10EE380001008002980E0000A80B000045030000A6
:10EE4800C850000014000000B50B0300F5090100CC
:10EE5800250001009509000125000000D50B0E00D2
:10EE68000214000043000000D50B0A00F509000059
:10EE780095090000950C000062090000C2300000EE
:10EE88004300000043000000380A0000E5010400C8
:10EE9800B50C0400050C000006000008150C000065
:10EEA800E50B3C00C80A0000E50B3400C80A000066
:10EEB800E50B2C00C80A0000E50B2400C80A000076
:10EEC800E50B0400C80A0000E50B0C00C80A0000A6
:10EED800E50B1400C80A0000E50B1C00C80A000076
:10EEE800150C0100E50B3C00C80A0000E50B3400D6
:10EEF800C80A0000E50B2C00C80A0000E50B240036
:10EF0800C80A0000E50B0400C80A0000E50B0C0065
:10EF1800C80A0000E50B1400C80A0000E50B1C0035
:10EF2800C80A0000150C0200E50B3C00C80A0000E6
:10EF3800E50B3400C80A0000E50B2C00C80A0000E5
:10EF4800E50B2400C80A0000E50B0400C80A00000D
:10EF5800E50B0C00C80A0000E50B1400C80A000005
:10EF6800E50B1C00C80A0000150C0300E50B3C006B
:10EF7800C80A0000E50B3400C80A0000E50B2C00A5
:10EF8800C80A0000E50B2400C80A0000E50B0400CD
:10EF9800C80A0000E50B0C00C80A0000E50B1400C5
:10EFA800C80A0000E50B1C00C80A0000150C040084
:10EFB800E50B3C00C80A0000E50B3400C80A000055
:10EFC800E50B2C00C80A0000E50B2400C80A000065
:10EFD800E50B0400C80A0000E50B0C00C80A000095
:10EFE800E50B1400C80A0000E50B1C00C80A000065
:10EFF800150C0500E50B3C00C80A0000E50B3400C1
:10F00800C80A0000E50B2C00C80A0000E50B240024
:10F01800C80A0000E50B0400C80A0000E50B0C0054
:10F02800C80A0000E50B1400C80A0000E50B1C0024
:10F03800C80A0000150C0600E50B3C00C80A0000D1
:10F04800E50B3400C80A0000E50B2C00C80A0000D4
:10F05800E50B2400C80A0000E50B0400C80A0000FC
:10F06800E50B0C00C80A0000E50B1400C80A0000F4
:10F07800E50B1C00C80A0000150C0700E50B3C0056
:10F08800C80A0000E50B3400C80A0000E50B2C0094
:10F09800C80A0000E50B2400C80A0000E50B0400BC
:10F0A800C80A0000E50B0C00C80A0000E50B1400B4
:10F0B800C80A0000E50B1C00C80A0000150C08006F
:10F0C800E50B3C00C80A0000E50B3400C80A000044
:10F0D800E50B2C00C80A0000E50B2400C80A000054
:10F0E800E50B0400C80A0000E50B0C00C80A000084
:10F0F800E50B1400C80A0000E50B1C00C80A000054
:10F10800150C0900E50B3C00C80A0000E50B3400AB
:10F11800C80A0000E50B2C00C80A0000E50B240013
:10F12800C80A0000E50B0400C80A0000E50B0C0043
:10F13800C80A0000E50B1400C80A0000E50B1C0013
:10F14800C80A0000C850000014000000A8590000B8
:10F15800E8550000F50A000028590000F50A0100EA
:10F1680028590000F50A020028590000F50A030092
:10F1780028590000F50A040028590000F50A05007E
:10F1880028590000F50A060028590000F50A07006A
:10F198002859000001008002980E0000085A00005B
:10F1A800C850000014000000A8590000080E000014
:10F1B800D80F0000B5020400750200006502C03FC8
:10F1C800E5010900B5020900B81000006502000059
:10F1D800E5014100B5024100B8100000650200FEDB
:10F1E8000811000098580000481000000620020886
:10F1F800B80D0000A50B040068550000F50A0000D2
:10F20800D84D0000F50A0100D84D0000F50A0200AB
:10F21800D84D0000F50A0300D84D0000F50A040097
:10F22800D84D0000F50A0500D84D0000F50A060083
:10F23800D84D0000F50A0700D84D000001008002F3
:10F24800980E0000085A0000C85000001400000082
:10F25800A8590000E50A0800950B0800F50B0F00F7
:10F26800D80F0000B5020400750200006502C03F17
:10F27800E5010900B5020900B810000065020000A8
:10F28800E5014100B5024100B8100000650200FE2A
:10F2980008110000B5020400750200006502C03FB5
:10F2A800E5010101B5020101B8100000650200FE88
:10F2B8000812000048100000B80D0000F50A04000C
:10F2C8001502A0000600200801F40005060200004F
:10F2D800A50B0000884C000006020000A50B0100E9
:10F2E800884C000006020000A50B0200884C0000B4
:10F2F80006020000A50B0300884C0000060200006F
:10F30800A50B0400884C000006020000A50B0500B0
:10F31800884C000006020000A50B0600884C00007F
:10F3280006020000A50B0700884C0000010000053C
:10F33800980E0000085A0000C85000001400000091
:10F34800A8590000E50A0800950B0800F50B09000C
:10F35800D80F0000B5020400750200006502C0075E
:10F36800E5010900B5020900B810000065020000B7
:10F37800E5014100B5024100B81000006502001E19
:10F3880008110000B5020400750200006502C007FC
:10F39800E5010101B5020101B81000006502001E77
:10F3A8000812000048100000350200001502A000F5
:10F3B80025022E0006202008B80D0000A50B040029
:10F3C800050C0300150C000068550000D84D00001E
:10F3D80001008002980E0000085A0000C850000082
:10F3E80014000000A8590000E5010400B50C000055
:10F3F800350C0100750C8001850C0200950C13007A
:10F40800450C0900650C1B0028150000450B02007F
:10F41800E50A0800950B0800D80F0000B5020400A3
:10F428007502000065024000E5010900B502090007
:10F43800B810000065020000E5014100B502410076
:10F44800B81000006502007E0811000098580000FE
:10F4580048100000B80D0000010000001502A100CE
:10F4680025026E00650B04000620200848530000A2
:10F478000600200822000000485300004300000056
:10F4880001008002650B0C0006002000420000000D
:10F49800485300004300000001000005650C00000F
:10F4A800450C0F00550C0300750CC001150B090025
:10F4B800550B0700350B2900250B0B000600200013
:10F4C8005200000058540000430000000100800270
:10F4D800550B0F00350B09000600200052000000F4
:10F4E800585400004300000001008002250B13005F
:10F4F800060020005200000058540000430000009D
:10F5080001000005980E0000085A0000C8500000CD
:10F518001400000012000000E175000001F4010071
:10F5280026000000E175000001F40700E601000074
:10F5380002000000E175000001F40300260000004D
:10F54800E175000001F40700E60100004300000037
:10F5580006004000160000004300000026000000DE
:10F56800017480000900000006002000120000005D
:10F578000602000072010000884C000043000000F1
:10F5880006001C004300000001F48002090000008E
:10F59800060020000602000072010000884C0000EE
:10F5A8004300000001F480020900000085130000F8
:10F5B8001514000075070000C50D0000550D010069
:10F5C80009000000B50A030002140000430000000F
:10F5D8000100010001008002B50A020002140000C7
:10F5E80043000000010007000100800206004000FF
:10F5F80009000000350D010002140000430000005E
:10F608000100010001008002350D03000214000012
:10F6180043000000010007000100800206004000CE
:10F628000900000035030200E50100003503000071
:10F63800850301008503000009000000C5000000E3
:10F648009514000098040000580400009805000074
:10F658002803000002DC0500430000004803000006
:10F66800A2010000430000008500FF37D50A4F00C3
:10F678007500FF3F8500FF3F0214000043000000B3
:10F68800E50C0100280B0000380D000025000000E3
:10F69800E501000535000005E50102001500000040
:10F6A800B8050000020F000043000000980D00009C
:10F6B8002509010078060000A8060000D806000009
:10F6C8000900000006020000F20200000108000024
:10F6D800E1070000010000000100010062000000D5
:10F6E80001080000E107000001000000010003001C
:10F6F8004300000006004000260000004300000010
:10F7080006001C000900000006020000F2020000CA
:10F718000128000001100000E107000001000100BD
:10F72800620000000128000001100000E10700004D
:10F73800010003004300000006004000260000000E
:10F748004300000006001C0009000000F509010044
:10F75800950900010214000043000000F5090000AB
:10F768009509000001F4000109000000050A6B0179
:10F77800050A0801050AB502150D0000D50B090098
:10F78800E50B0000980E0000450301004503020048
:10F79800E84E00005813000088130000D80F00003E
:10F7A800B5020400750200006502C03FE5010900CA
:10F7B800B5020900B810000065020000E50141002B
:10F7C800B5024100B8100000650200FE08110000F3
:10F7D8009858000048100000E50A0800950B07003B
:10F7E800480F000015029D00350200000502760052
:10F7F80025022E0006200208B80D0000A50B040003
:10F80800050C1100150C0000F50B020068550000EE
:10F81800080E000009000000B5020400750200008F
:10F8280065024000E5010101B5020101B8100000C0
:10F838006502000008120000090000005502DD0DF5
:10F84800784E00005502FF0F784E000009000000B6
:10F85800280B0000F80B0000090000007859000090
:10F86800E5010100350001006201000043000000CD
:10F8780009000000E50101003500000062010000F8
:10F8880043000000A80B000009000000180E010842
:10F898000000010000000000000000004D00010011
:10F8A800150B0008000000001C0001009109000869
:10F8B800000000002C000800D90900080000000022
:10F8C80060000100110A0008000000007D00080027
:10F8D800410A00080000000062001000790A0008D0
:10F8E800280E0108170101000000000000000000B8
:10F8F80018011000DD0A0008440E01083700010055
:10F9080000000000000000000000000000000000EF
:10F9180000000000000000000000000000000000DF
:10F9280000000000000000000000000000000000CF
:10F9380000000000000000000000000000000000BF
:10F9480000000000000000000000000000000000AF
:10F95800000000000000000000000000000000009F
:10F96800000000000000000000000000000000008F
:10F97800000000000000000000000000000000007F
:10F98800000000000000000000000000000000006F
:10F99800000000000000000000000000000000005F
:10F9A800000000000000000000000000000000004F
:10F9B800000000000000000000000000000000003F
:10F9C800000000000000000000000000000000002F
:10F9D800496E76616C696420636F6E66696720683A
:10F9E800616E646C65000000636F6E666967000095
:10F9F800496E76616C69642070726F6365737369B0
:10FA08006E672068616E646C6500000070726F63D9
:10FA1800657373696E670000496E76616C6964206E
:10FA280073656E736F722068616E646C65000000A8
:10FA380073656E736F720000546F6F206C6172672C
:10FA4800652073656E736F722062756666657220D5
:10FA5800757361676500000072616461725F656E4D
:10FA680067696E655F6131323100000072756E6ED4
:10FA7800696E670073746F70706564005B256C75E0
:10FA88005D2053656E736F7220257340256875007D
:10FA980073656E736F725F7374617475735F6131D0
:10FAA800323100005B256C755D20536372617463AD
:10FAB8006870616420636F6E666967202568753AAF
:10FAC8002030782530346878000000005B256C759C
:10FAD8005D2077616B6575705F73746174757330E1
:10FAE8003A20307825303468780000005B256C7542
:10FAF8005D20696E7075746D75785F77616B65757B
:10FB0800705F696E7075742568755F636F6E66697E
:10FB1800673A203078253034687800005B256C75AA
:10FB28005D2077616B6575705F696E7075742568A7
:10FB3800755F77616B6575705F636F6E6669673A4D
:10FB480020416464723D2568753A20307825303448
:10FB5800687800005B256C755D2077616B65757052
:10FB68005F696E7075742568755F61636B5F636F3D
:10FB78006E6669673A20202020416464723D2568DA
:10FB8800753A203078253034687800005B256C752C
:10FB98005D20537461636B206C6576656C20256805
:10FBA800753A20416464723D2568753A2025687568
:10FBB800000000005B256C755D204173696320655A
:10FBC80072726F723A2030782530346878000000FD
:10FBD8005B256C755D2020204552524F523A2025F6
:10FBE800730000004F66667365743A2025687520B7
:10FBF8004D6F646966792076616C7565203D2025B6
:10FC08006C7520746F6F206C6172676520286D6158
:10FC180078696D756D20256C75290000636F6E66B7
:10FC280070726F6772616D00496E76616C696420ED
:10FC380064617461206F627461696E656420666FC7
:10FC480072207061746368696E6700005374617430
:10FC580065206E6F7420757365640000656C656D52
:10FC6800656E745F6672616D650000005363726152
:10FC780074636820697320757365642062757420E5
:10FC88006E6F7420736574005363726174636820C7
:10FC9800616E64207374617465206E6F742075736F
:10FCA80065640000656C656D656E745F73696E6B85
:10FCB8005F613132315F63616C6C6261636B00005C
:10FCC8004F75747075742063616E206E6F74206256
:10FCD800652073657420666F722073696E6B20658A
:10FCE8006C656D656E7400004F7574206F66206DCD
:10FCF800656D6F72790000007273735F696E746569
:10FD080067726174696F6E00253032753A2530323A
:10FD1800753A253032752E2530337520282563290C
:10FD280020282573292025730A00000045574956C5
:10FD380044000000496E76616C6964206E756D62DE
:10FD48006572206F662073756273776565707300DE
:10FD58007472616E736C6174696F6E5F6131323198
:10FD680000000000496E76616C69642073776565F0
:10FD7800705F726174650000656E61626C655F63D7
:10FD88006361206E6F742076616C69642077697492
:10FD98006820646F75626C655F6275666665726916
:10FDA8006E67000053756273776565702025687506
:10FDB8002068617320696E76616C696420505246D0
:10FDC80000000000496E76616C6964206672616D9E
:10FDD800655F726174650000496E76616C696420C4
:10FDE80073657474696E677320666F7220636F6ED3
:10FDF80074696E756F75735F73776565705F6D6F26
:10FE080064650000696E7465725F6672616D655F36
:10FE180069646C655F7374617465206D75737420B3
:10FE28006265207468652073616D65206F72206457
:10FE38006565706572207468616E20696E7465729C
:10FE48005F73776565705F69646C655F737461740F
:10FE580065000000496E76616C696420696E74659E
:10FE6800725F6672616D655F69646C655F7374610A
:10FE780074650000496E76616C696420696E74650A
:10FE8800725F73776565705F69646C655F737461D1
:10FE980074650000496E76616C69642068776161F9
:10FEA80073000000496E76616C696420636F6D624F
:10FEB800696E6174696F6E206F66206C6F6F706217
:10FEC80061636B20616E642070726F66696C650097
:10FED800496E76616C696420636F6D62696E6174E6
:10FEE800696F6E206F662070726F66696C6520613D
:10FEF8006E64207072660000496E76616C696420D9
:10FF080070726F66696C6500496E76616C69642011
:10FF1800737465705F6C656E67746800496E7661AE
:10FF28006C6964206E756D5F706F696E7473000024
:10FF380070686173655F656E68616E63656D656E37
:10FF480074206E6F742076616C69642077697468B8
:10FF58006F75742073756274726163745F696E5F24
:10FF68006275666665720000496E76616C69642028
:10FF7800737461727420706F696E7400496E766173
:10FF88006C6964206E756D626572206F6620706F93
:10FF9800696E7473206F722073746570206C656E5F
:10FFA80067746800496E76616C69642070726600D7
:10FFB800537461727420706F696E74206F7220724E
:10FFC800616E676520746F6F2066617200000000C3
:10FFD800537461727420706F696E7420746F6F202F
:10FFE800636C6F7365000000496E76616C6964200C
:08FFF8007265636569766572AC
:020000040801F1
:100000005F6761696E000000496E76616C6964200B
:10001000545820706F77657220617474656E7561D5
:1000200074696F6E000000004661696C656420743D
:100030006F2063616C63756C6174652070756C739F
:10004000657368617065722073657474696E677337
:1000500021000000546865206D6178696D756D2020
:1000600073776565702072617465206973202564FB
:1000700000000000706970656C696E655F61313207
:10008000310000004661696C656420746F2067650B
:100090007420726164617220656E67696E65206D9F
:1000A0006574616461746100706970656C696E6526
:1000B0005F737562737765657000000050697065E5
:1000C0006C696E65206E6F742070726F7065726CF3
:1000D0007920617373656D626C656400417373654B
:1000E0006D626C65207375627377656570207069E9
:1000F00070656C696E65206661696C6564000000FE
:100100006163635F7273735F6765745F6275666670
:1001100065725F73697A652829206661696C656418
:10012000000000004C6F61643A205472616E736687
:1001300065722073697A6520697320746F206C6121
:100140007267650073656E736F725F636F6D6D5F6D
:10015000613132310000000053656E736F722025EB
:100160006C75206E6F7420726561647920666F72A1
:100170002072756E6E696E672061206E65772070E3
:10018000726F6772616D000073656E736F725F707E
:10019000726F746F636F6C5F613132310000000009
:1001A000496E76616C69642062756666657220735B
:1001B000656E736F7220256C7500000047656E6573
:1001C0007269633120496E74657272757074206152
:1001D0006C726561647920636C6561726564206F1F
:1001E0006E2073656E736F7220256C7500000000C1
:1001F0004E6F206576656E7420636F6465205B309A
:100200007825785D2072656365697665642066721D
:100210006F6D2073656E736F7220256C7500000022
:100220004572726F72206576656E7420636F6465C7
:10023000205B307825785D2072656365697665643A
:100240002066726F6D2073656E736F7220256C75FA
:1002500000000000496E76616C6964206576656E09
:100260007420636F6465205B307825785D2072654B
:100270006365697665642066726F6D2073656E7361
:100280006F7220256C75000053707572696F7573FD
:10029000206576656E742072656365697665642095
:1002A0007768656E20444F4E4520657870656374AD
:1002B00065642120526563656976656420657665AD
:1002C0006E7420636F6465203D202564000000008B
:1002D00063616C6962726174696F6E5F6131323142
:1002E0005F63616C5F73657373696F6E000000001C
:1002F000556E61636B6E6F776C65646765642065CE
:1003000076656E74206465746563746564206F6ED1
:100310002073656E736F7220256C750053656E7364
:100320006F7220256C75206E6F7420726561647920
:1003300020666F72206C6F6164696E672061206E49
:1003400065772070726F6772616D0000496E76612B
:100350006C6964207265666572656E63652066729D
:10036000657175656E6379202573256C752E253052
:10037000366C7520487A00006370645F706C6C5F47
:1003800064697669736F72730000000053656E7361
:100390006F722063616C6962726174696F6E207341
:1003A000746570202564206661696C6564000000D6
:1003B00063616C6962726174696F6E5F6131323161
:1003C00000000000496E76616C69642063616C69AD
:1003D00062726174696F6E004E6F7420706F737318
:1003E00069626C6520746F207265636F6E66696701
:1003F000757265207768656E20646F75626C652024
:10040000627566666572696E6720697320636F6ED8
:10041000666967757265640053656E736F72202537
:100420006C75206E6F7420726561647920746F2022
:100430006265207570646174656400006370645F58
:10044000613132315F6D6561735F73657373696FBD
:100450006E0000004C6F61642070726F6772616D96
:10046000206661696C656400747275650000000047
:1004700066616C7365000000756E6B6E6F776E0061
:10048000547275650000000046616C7365000000E1
:100490004163636F6E65657220736F667477617216
:1004A000652076657273696F6E2025730A000000FF
:1004B0006163635F636F6E6669675F6372656174D2
:1004C000652829206661696C656400004E756D625F
:1004D0006572206F6620737562737765657073202F
:1004E0006D757374206265203220666F72202763F9
:1004F0006C6F736520616E64206661722700000076
:100500004E756D626572206F6620737562737765D4
:10051000657073206D757374206265203120666F7D
:10052000722027636C6F73652720616E64202766D5
:100530006172270053776565702072617465206D64
:1005400075737420626520736574000043616C6983
:1005500062726174696F6E206475726174696F6E26
:10056000206D757374206265206174206C65617301
:1005700074202573256C752E2530366C7520730A12
:10058000000000005265666572656E6365206170EB
:10059000706C69636174696F6E20546F7563686C09
:1005A00065737320427574746F6E20636F6E666935
:1005B0006700000073656E736974697669747920E9
:1005C000636C6F73653A202573256C752E25303664
:1005D0006C750A0070617469656E636520636C6F89
:1005E00073653A202568750A0000000073656E7314
:1005F00069746976697479206661723A2025732579
:100600006C752E2530366C750A00000070617469B7
:10061000656E6365206661723A202568750A000080
:1006200063616C6962726174696F6E206475726176
:1006300074696F6E3A202573256C752E2530366CE3
:10064000750A000063616C6962726174696F6E2083
:10065000696E74657276616C3A202573256C752E0F
:100660002530366C750A00006D6561737572656DB5
:10067000656E7420747970653A2025730A00000055
:1006800053656E736F7220636F6E6669670000005A
:1006900073776565705F726174653A202573256CA8
:1006A000752E2530366C75006672616D655F7261FE
:1006B00074653A202573256C752E2530366C7500CF
:1006C0007377656570735F7065725F6672616D6583
:1006D0003A20256875000000636F6E74696E756F4F
:1006E00075735F73776565705F6D6F64653A20251C
:1006F00073000000646F75626C655F6275666665A5
:1007000072696E673A20257300000000696E746597
:10071000725F6672616D655F69646C655F73746159
:1007200074653A2025730000696E7465725F737793
:100730006565705F69646C655F73746174653A20A8
:10074000257300006E756D5F7375627377656570F4
:10075000733A2025687500002020737562737765F1
:1007600065703A20256C750020202020737461721A
:10077000745F706F696E742020202020202020205C
:1007800020202020203A20256C69000020202020F5
:100790006E756D5F706F696E74732020202020204D
:1007A0002020202020202020203A202568750000CD
:1007B00020202020737465705F6C656E67746820FC
:1007C000202020202020202020202020203A20250A
:1007D0006875000020202020687761617320202048
:1007E0002020202020202020202020202020202009
:1007F000203A20256875000020202020726563655E
:10080000697665725F6761696E2020202020202054
:1008100020202020203A202568750000202020205C
:10082000656E61626C655F74782020202020202036
:100830002020202020202020203A202573000000A6
:100840002020202070686173655F656E68616E634B
:10085000656D656E7420202020202020203A202500
:10086000730000002020202069715F696D62616C57
:10087000616E63655F636F6D70656E736174696FE0
:100880006E3A20257300000020202020656E6162F2
:100890006C655F6C6F6F706261636B20202020203D
:1008A00020202020203A2025730000002020202036
:1008B00070726F66696C6520202020202020202027
:1008C0002020202020202020203A20257300000016
:1008D0002020202070726620202020202020202030
:1008E000202020202020202020202020203A2025E9
:1008F000730000004661696C656420746F20696E46
:1009000069742068616E646C65000000556E6578DE
:1009100070656374656420617369635F69642066F0
:100920006F756E64203D20307825780053656E73B6
:100930006F7220697320696E2077726F6E67207303
:1009400074617465000000004661696C6564207420
:100950006F20696E69742073656E736F720000009A
:100960006163635F73656E736F725F6D65617375ED
:100970007265206661696C656400000053656E7382
:100980006F7220696E746572727570742074696D0F
:10099000656F7574000000004275666665722073AD
:1009A000697A6520746F6F20736D616C6C00000054
:1009B00053656E736F7220256C75204E6F207065C5
:1009C0006E64696E6720696E74657272757074000A
:1009D00053656E736F7220256C75206576656E7435
:1009E000206973206E6F742048414E445348414B38
:1009F00045205B307825785D00000000496E766107
:100A00006C696420627566666572206C656E6774D9
:100A1000680000005472616E7366657220646174D0
:100A2000612066726F6D2073656E736F7220746FD4
:100A300020686F7374206661696C65640000000053
:100A40006163635F73656E736F725F72656164206B
:100A50006661696C65640000496E76616C6964204A
:100A600062756666657220696E70757400000000BC
:100A70004661696C656420746F206D656173757281
:100A80006500000044617461207361747572617463
:100A900065642E20546865206465746563746F72A4
:100AA00020726573756C74206973206E6F74207288
:100AB000656C6961626C652E000000004672616DB4
:100AC000652064656C617965642E20436F756C6484
:100AD000206E6F74207265616420646174612066A9
:100AE00061737420656E6F7567682E00547279208B
:100AF0006C6F776572696E672074686520667261D5
:100B00006D652072617465206F722063616C6C206A
:100B1000276163635F73656E736F725F7265616493
:100B200027206D6F7265206672657175656E746CD5
:100B3000792E00005468652063757272656E7420AA
:100B400063616C6962726174696F6E206973206E93
:100B50006F742076616C696420666F7220746865BA
:100B60002063757272656E742074656D7065726154
:100B7000747572652E0000005468652073656E738D
:100B80006F72206E6565647320746F2062652072D9
:100B9000652D63616C696272617465642E0000008A
:100BA000646F5F73656E736F725F63616C696272AD
:100BB0006174696F6E5F616E645F7072657061729F
:100BC000652829206661696C6564000054686520A9
:100BD00073656E736F7220776173207375636365DD
:100BE000737366756C6C792072652D63616C6962D4
:100BF00072617465642E0000436C6F7365206465D8
:100C000074656374696F6E3A2025730A00000000F2
:100C100046617220646574656374696F6E3A20255D
:100C2000730A0000646F6E655F6572726F72000018
:100C3000737461636B5F6F766572666C6F770000CB
:100C4000737461636B5F756E646572666C6F770059
:100C50007370695F756E6B6E6F776E5F636D640046
:100C60007370695F6D697373696E675F61636B0051
:100C70006164635F6669666F5F66756C6C00000037
:100C80006164635F746F6F5F66617374000000007E
:100C9000444545505F534C4545500000534C454535
:100CA00050000000524541445900000050524F4648
:100CB000494C455F3100000050524F46494C455F5A
:100CC0003200000050524F46494C455F330000004F
:100CD00050524F46494C455F3400000050524F4639
:100CE000494C455F3500000031392E354D487A00BA
:100CF00031352E364D487A0031332E304D487A004A
:100D0000382E374D487A0000362E354D487A00008F
:100D1000352E324D487A000066617200636C6F7345
:100D20006520616E64206661720000004164647237
:100D30006573733A20256875204D6F646966792064
:100D400076616C7565203D20256C7520746F6F2071
:100D50006C6172676520286D6178696D756D2025FD
:100D60006C752900496E76616C69642064617461F8
:100D7000206F627461696E656420666F72206C69B1
:100D80007665207061746368696E67002D2D2D2D66
:100D90002D2D20424547494E202D2D2D2D2D2D2026
:100DA00053656E736F7220537461747573204C6F4A
:100DB00067202D2D2D2D2D2D20424547494E202DCC
:100DC0002D2D2D2D2D0000005B256C755D202573CC
:100DD0003A20307825303468780000002D2D2D2DF4
:100DE0002D2D2D20454E44202D2D2D2D2D2D2D200A
:100DF00053656E736F7220537461747573204C6FFA
:100E000067202D2D2D2D2D2D2D20454E44202D2DAF
:100E10002D2D2D2D2D00000041736963206964651F
:100E20006E746974793A0000537461636B5F6C652A
:100E300076656C5F7374617475735F7265676973EF
:100E400074657200496E7465727275707420737483
:100E50006174757320726567697374657200000050
:100E6000000FC93F000F494000CB9640000FC9401A
:100E70000053FB4000CB164100ED2F41000F4941CC
:100E80000031624100537B41003A8A4100CB9641D8
:100E9000005CA34100EDAF41007EBC41000FC941A1
:100EA00000A0D5410031E24100C2EE410053FB41B8
:100EB00000F20342003A0A420083104200CB16427D
:100EC00000141D42005C234200A5294200ED2F4280
:100ED00000363642007E3C4200C74242000F494283
:100EE000A2000000F9000000830000006E00000076
:100EF0004E00000044000000150000002900000022
:100F0000FC0000002700000057000000D100000096
:100F1000F500000034000000DD000000C00000000B
:100F2000DB00000062000000950000009900000056
:100F30003C00000043000000900000004100000061
:100F4000FE0000005100000063000000AB00000044
:100F5000DE000000BB000000C500000061000000D2
:100F6000B7000000240000006E0000003A000000FE
:100F7000420000004D000000D2000000E000000030
:100F800006000000490000002E000000EA000000FA
:100F900009000000D1000000920000001C000000C9
:100FA000FE0000001D000000EB0000001C0000001F
:100FB000B100000029000000A70000003E00000072
:100FC000E80000008200000035000000F50000008D
:100FD0002E000000BB000000440000008400000060
:100FE000E90000009C0000007000000026000000E6
:100FF000B40000005F0000007E000000410000001F
:101000003900000091000000D60000003900000007
:10101000830000005300000039000000F4000000CD
:101020009C000000840000005F0000008B000000B6
:10103000BD000000F9000000280000003B00000097
:101040001F000000F800000097000000FF000000F3
:10105000DE00000005000000980000000F00000006
:10106000EF0000002F000000110000008B000000C6
:101070005A0000000A0000006D0000001F00000080
:101080006D000000360000007E000000CF00000070
:1010900027000000CB00000009000000B70000009E
:1010A0004F000000460000003F0000006600000006
:1010B0009E0000005F000000EA0000002D0000001C
:1010C0007500000027000000BA000000C700000003
:1010D000EB000000E5000000F10000007B000000D4
:1010E0003D0000000700000039000000F70000008C
:1010F0008A0000005200000092000000EA00000098
:101100006B000000FB0000005F000000B100000069
:101110001F0000008D0000005D00000008000000BE
:1011200056000000030000003000000046000000F0
:10113000FC0000007B0000006B000000AB00000022
:10114000F0000000CF000000BC0000002000000004
:101150009A000000F4000000360000001D000000AE
:10116000A9000000E3000000910000006100000001
:101170005E000000E60000001B0000000800000008
:101180006500000099000000850000005F0000007D
:1011900014000000A00000006800000040000000F3
:1011A0008D000000FF000000D8000000800000005B
:1011B0004D00000073000000270000003100000017
:1011C00006000000060000001500000056000000A8
:1011D000CA00000073000000A8000000C900000061
:1011E00060000000E20000007B000000C000000082
:1011F0008C0000006B0000000000C93F0000F039C7
:101200000000DA370000A2330000842E0000502BCB
:101210000000C2270000D0220000C41F0000C61B2F
:10122000000044170400000007000000090000004F
:1012300000000080DB0F4940DB0F49C0DB0F49BFD6
:10124000E4CB1640E4CB16C06937AC3168212233B9
:10125000B40F14336821A2333863ED3EDA0F493FEF
:081260005E987B3FDA0FC93FE5
:081268001066FF7F0100000089
:08127000F17800080000000005
:08127800C97800080000000025
:1012800000093D00100000006262615F63616C5FF5
:101290006374726C5B785D0074785F667265715F11
:1012A0006B687A5B785D00002C0000200000000075
:1012B000D803002040040020A80400200000000003
:1012C000000000000000000000000000000000001E
:1012D000000000000000000000000000000000000E
:1012E00000000000000000000000000000000000FE
:0812F0000000000000000000F6
:0400000508009685D4
:00000001FF
