:020000040800F2
:1000000000000120E1F90008753A0008793A00087B
:100010007D3A0008813A0008853A00080000000097
:10002000000000000000000000000000893A000805
:100030008D3A000800000000913A0008953A000847
:1000400031FA000831FA000831FA0008A53A000830
:1000500031FA000831FA000831FA000831FA0008D4
:1000600031FA0008E13A000831FA000831FA0008D4
:10007000F53A0008013B000831FA000831FA00089F
:100080000D3B0008193B000831FA000831FA00085E
:1000900031FA000831FA000831FA000831FA000894
:1000A00031FA000831FA000831FA000831FA000884
:1000B00031FA0008000000000000000031FA0008DA
:1000C00031FA0008253B000831FA000831FA00082F
:1000D00031FA000831FA00087D4E000831FA0008B4
:1000E0004D3B00083D3C00080000000000000000FF
:1000F0000000000000000000000000000000000000
:100100000000000031FA00080000000031FA000889
:10011000000000000000000031FA000831FA000879
:1001200031FA000831FA000831FA000831FA000803
:1001300031FA00080000000000000000000000008C
:1001400031FA000831FA000831FA00080000000016
:1001500031FA000831FA000831FA000831FA0008D3
:1001600031FA000831FA000831FA000800000000F6
:1001700031FA000831FA0008000000000000000019
:1001800031FA000831FA000831FA000800000000D6
:10019000B0F1904F84B017D0234B984204D0234B3A
:1001A00098422CD004B0704711B303F1784303F5A3
:1001B0000333DA6C42F00202DA64DB6C03F0020310
:1001C0000293029B04B0704759B1194BDA6C42F0AC
:1001D0000102DA64DB6C03F001030193019B04B0BC
:1001E0007047134AD36C23F00103D36404B0704703
:1001F0000F4AD36C23F00203D36404B0704769B193
:1002000003F1784303F5FA33DA6C42F08002DA64E2
:10021000DB6C03F080030393039BC3E7044AD36CB6
:1002200023F08003D364BDE700040048001C0048AD
:100230000010024090F824C0BCF1010F3CD070B512
:1002400090F825C00124A44580F824405FFA8CFE74
:1002500004D0002380F82430022070BD022580F8ED
:10026000255004680025C5632668456C26F0010604
:10027000266005F01C05066C0EFA05F575606360D6
:100280008368102B036B0BBFA260A160E160E2608A
:100290004BB1236843F00E032360236843F001034E
:1002A0000020236070BD236823F0040323602368CB
:1002B00043F00A032360F0E7022070472DE9F04184
:1002C000764C0023237094F86530012B0D46E168CD
:1002D00008D0B1F5827F60D1D8B22369002B5CD100
:1002E00004285AD1002D58D092B2002A55D094F843
:1002F0006430012B51D094F86530A6682564042B36
:100300001CBF052384F8653001210023A36684F80F
:100310006410A4F84620A4F84E20C4E9153373688D
:10032000A4F8442023F4C043A564A4F84C207360CF
:100330006369206EB3F5E06F31D8E36D9969736836
:10034000B1F5806F43F4805373607DD08369B3F55A
:10035000806F65D094F86530514A042B514B18BF1B
:100360001346514A0363514B4363514B18BF134625
:10037000C362B4F84E304FF00008C0F838809BB22A
:1003800006F10C012A46FFF755FF074660B1A36E40
:1003900084F8648043F01003A366BDE8F0817368BD
:1003A00023F480537360D5E77368E06D43F0010375
:1003B0007360B4F846300A46C0E90B77C0E90D77A0
:1003C00029469BB2FFF736FF00284AD133685B0607
:1003D00021D5002384F86430736843F020037360F0
:1003E000736843F002037360E26E2378002BD4D16C
:1003F00041F2873109E072B6237803B930BF62B6A3
:10040000BFF36F8F2378002BC7D1E36E9B1A8B420B
:10041000F1D9BDE8F081336843F040033360D8E799
:10042000736823F480537360B4F84E3013F0010FF7
:1004300073681DD123F400537360B4F84E30C3F3D6
:100440004E03A4F84E3085E7D20773681BD423F41B
:1004500080437360B4F84630C3F34E03A4F84630CB
:1004600074E7A36E84F8647043F01003A36694E706
:1004700043F400537360B4F84E30C3F34E030133BA
:10048000A4F84E3066E743F480437360B4F8463016
:10049000C3F34E030133A4F8463057E77800002039
:1004A0005D1200085912000861230008611200085B
:1004B000B522000890F82520022A03D00422C26346
:1004C000012070470168426C10B50C6824F00E04DE
:1004D0000C600C6824F001040C6002F01C02046C37
:1004E000012101FA02F26260826B80F8251000247B
:1004F00080F8244002B19047002010BD70B4436CD6
:10050000066C056831682C6803F01C0304229A40CD
:100510000A420ED014F0040F0BD02B689B0603D4B4
:100520002B6823F004032B60036B7260CBB170BCAB
:10053000184702229A400A4215D014F0020F12D036
:100540002B68990606D42B6823F00A032B6001233D
:1005500080F82530C36A7260002180F82410002BD7
:10056000E5D170BC704708229A400A42F9D02207B0
:10057000F7D52A68416B22F00E022A60012202FAA6
:1005800003F300247360C26380F8244080F82520C0
:100590000029E6D070BC08472DE9F04F00233E4EFD
:1005A0004FF00F094FF0030A4DE03C4FB84265D0C1
:1005B0003B4FB84266D03B4FB84268D0DFF8E8B056
:1005C00058450CBF4FF0040B4FF0070B0BFA04F427
:1005D000A44513D1346824EA0E043460746824EA14
:1005E0000E047460F46824EA0E04F460B46824EA2B
:1005F0000E04B460AC6824EA0804AC6004685D00D2
:100600000AFA05F54FEAD30C2C4300EB8C0C04607E
:1006100003F00704DCF820E0A40009FA04F42EEA51
:100620000404CCF82040846824EA0504846044680B
:1006300024EA02024260C26822EA0502C260013373
:1006400031FA03F218D001229A4012EA010EF6D0D4
:1006500023F0030505F1804505F5803503F003041B
:10066000D5F808C0A40009FA04F8B0F1904F08EAE0
:100670000C0C9AD10024ABE7BDE8F08F012707FAF4
:1006800004F4A5E74FF0020B0BFA04F4A0E74FF0D7
:10069000030B0BFA04F49BE700040140000400483C
:1006A00000080048000C004800100048002310B467
:1006B00080F8423090F84120212A4FF0200118D1D3
:1006C000112280F84110026390F84110046801F093
:1006D000280122684363282914BF6FF0F2016FF0EC
:1006E00042010A40002322605DF8044B80F840304C
:1006F0007047122280F84110026390F8412001688F
:1007000002F028020C684363282A14BF6FF0F40239
:100710006FF04402224000230A605DF8044B80F829
:100720004030704701680B68002280F842205A046C
:100730000CD50B6823F480430B6090F84130292BD3
:100740000ED090F841302A2B20D070471B04F4D5EE
:100750000B6823F400430B6090F84130292BF0D153
:100760002822212380F84120036390F841300A6851
:1007700003F02803282B14BF6FF0F2036FF042033D
:10078000134000220B6080F840207047282222236B
:1007900080F84120036390F841300A6803F0280391
:1007A000282B14BF6FF0F4036FF0440313400022B2
:1007B0000B6080F84020704710B400232022174CB3
:1007C000C4624363036380F8412080F842304B07E2
:1007D000026811D5436A526A1A70436A028D013366
:1007E00043624AB1438D013B9BB24385436C013A5E
:1007F00043F0040302854364036890F8412090F8B5
:1008000041201A68102422F0FE0200211A60DC61E7
:100810005DF8044B80F84010704700BF0000FFFFF8
:1008200010B50446514A94F84130002084F8420043
:10083000E2626085626C1143A3F12802022A2368F8
:1008400061645DD894F8411094F8412001F02801CA
:10085000282902F0280214BFF6214621282A1A6806
:100860000CBFC9436FF0F6010A40282040491A60C6
:1008700084F84100A06B226B616318B1112A11D07A
:10088000212A0FD0E06B18B1122A20D0222A1ED0C4
:1008900094F84130602B4FF0000360D0236384F85C
:1008A000403010BD1A68510454D490F82530012B03
:1008B000EED0304A8263002384F84030FFF7FAFD1F
:1008C0000028EED0A06BBDE81040836B18471A6873
:1008D000120403D51A6822F400421A6090F82530F9
:1008E000012BD5D0234A8263002384F84030FFF7E0
:1008F000E1FD0028D5D0E06BBDE81040836B1847C0
:1009000094F8412094F841201A6822F0FE021A60FF
:100910009A69920748BF98629A69D10703D49A6985
:1009200042F001029A6194F84120602A10D02022FE
:1009300084F841209A6992060AD59A69D00605D5AD
:100940001022DA61626C42F0040262642022DA61F1
:1009500000218FE71A6822F480421A60A5E720225E
:1009600084F8412084F84030236310BD0000FFFF6D
:1009700045200008D90F000830B40368202282B057
:10098000DA6190F84120212A90F841204AD0222AA9
:1009900056D05A68324C002522405A60314C45638B
:1009A000CD06C46205D51022DA61426C42F0040221
:1009B000426490F84120602A2DD09A69910744BF83
:1009C00000229A629A69D20703D49A6942F001021E
:1009D0009A61436C90F84120602A0BD053B990F88B
:1009E0004120212A0AD090F84120222A06D002B0C4
:1009F00030BC7047416C02B030BC11E7202280F857
:100A00004120036390F8422080F8403080F8423063
:100A100002B030BC70474C07CFD55A6AD2B20192AF
:100A2000019ACAE702F028021C68282A14BF6FF056
:100A3000F2026FF04202224011241A600463A8E718
:100A400090F841201C6802F02802282A14BF6FF099
:100A5000F4026FF04402224012241A60046398E703
:100A600000E800FE0000FFFF38B590F84030012B91
:100A700000F085800123CD06044680F8403001D582
:100A8000D00659D40D063AD550064DD523681A68BC
:100A900022F040021A60628D92B2002A71D058682A
:100AA000628D92B2FF2AC0F3090078D8618DE26AA4
:100AB00089B212F5803F218500F082805FFA81FCC7
:100AC000E26A4FEA0C4C42EA0C020243404D58687D
:100AD00022F00042284002435A60628D521A92B2BC
:100AE000628594F84120222A1A680CBF42F4004221
:100AF00042F480421A60002084F8400038BD4D0660
:100B000012D5500610D5638D9BB2002B40D12368BF
:100B10005A689201EFD4E26A12F5803F34D15A68E4
:100B200042F480425A60E6E78B06E4D59306E2D5AC
:100B30002046FFF721FFDEE7236826481022DA610E
:100B4000616C626B41F004018242616425D02249EC
:100B50008A4222D021498A4214BF20226022196889
:100B60000A431A609A69910744BF00229A629A69FF
:100B7000D207C0D49A6942F001029A61BBE7022011
:100B800038BD5B689A0103D42046FFF78FFDB2E7BA
:100B900040212046FFF744FEADE76022DFE79A6977
:100BA000D10306D5012121854FF4803C4FF080729E
:100BB00089E7FF2121854FF47F0C4FF0807282E797
:100BC0005FFA81FC4FEA0C4C4FF000727BE700BFEC
:100BD000009C00FC690A00087D210008E10B000868
:100BE00038B590F84030012B00F0D680012380F812
:100BF0004030CB06044602D5D00600F1A9808B0711
:100C00000BD5900709D52268216D91624FF0FF3313
:100C10002365002084F8400038BD0B063AD5550600
:100C200040F18C8094F84120236802F02802196872
:100C3000282A14BF6FF0F2026FF042020A401A60D5
:100C40001A6842F090021A60628D92B2002A00F097
:100C5000B880628D92B2FF2A40F2A2809869654DF9
:100C6000E16C5A68C0F3004000280CBF4FF47F00CD
:100C70004FF4803002EA0502C1F3090142EA0002A2
:100C800042EA010242F080720CBFFF21012121855E
:100C90005A6040E04B0651D550064FD594F84110AC
:100CA000236855481A6801F02801282914BF6FF0FD
:100CB000F2016FF042010A401A601A684F4942F08F
:100CC00090021A6094F841C0628D92B2BCF1220F7A
:100CD00008BF0846FF2A79D99A69C2F30042002A60
:100CE000E26CC2F309020CBF4FF47F054FF480356C
:100CF00042EA000242EA05025868414D22F00042F1
:100D000000EA050042EA00020CBFFF21012142F087
:100D1000807221855A60628D521A92B2628594F86F
:100D20004120222A1A684FF000000CBF42F4004212
:100D300042F480421A6084F840006DE788067FF52F
:100D400068AF93067FF565AF2046FFF715FE60E7B5
:100D500023682C481022DA61616C626B41F0040157
:100D6000824261641AD028498A4217D027498A42B0
:100D700014BF2022602219680A431A609A699107F9
:100D800044BF00229A629A69D2073FF542AF9A693E
:100D900042F001029A613CE7022038BD6022EAE796
:100DA000618D144DE26C586889B22840C2F3090283
:100DB000CDB242EA0542024342F0007221855A60F8
:100DC000A9E740212046FFF72BFD22E7618DE26C69
:100DD00089B2CDB2C2F3090242EA05420243084D8C
:100DE0005868218522F000422840024342F00072F8
:100DF0005A6090E7009C00FC0020008000240080E6
:100E0000009800FC690A00087D210008E10B000839
:100E100070B5036804460D461968C06A94F841200D
:100E20002026213ADE61092A0ED8DFE802F06E059D
:100E30000D0D0D0D0DA16E0594F841201A6822F0DC
:100E4000FC021A60222222635A68614E42F4004278
:100E50005A605A6832405A609A69920744BF002229
:100E60009A629A69D60703D49A6942F001029A619C
:100E70004A0435D51A6822F480421A60A26B1AB16E
:100E80001268526892B262856A070AD55A6A636A22
:100E90001A70636A01336362238D25F00405002B09
:100EA0005FD1638D9BB21BB1636C43F00403636439
:100EB000EB0601D5CE0631D4002384F84230666CAF
:100EC0006363002E5FD1E36A424DAB4212D194F8C6
:100ED000413084F84060202384F84130266370BD9F
:100EE0000E04D1D51A6822F400421A60E26B002A7F
:100EF000C6D1C9E72046FFF715FC2023E56284F838
:100F0000406084F84130266370BD94F841201A682F
:100F100022F0FA021A602122226395E7638D9BB2C8
:100F2000002B3DD194F84130282B48D094F8412033
:100F30002368292A4FF01002DA61BDD110F5803FF5
:100F4000BAD09A69910744BF00229A629A69D2077F
:100F500003D49A6942F001029A612046FFF7E2FB4E
:100F6000AAE7013B2385638D013B9BB2638598E72C
:100F700094F8412094F841201A6822F0FE021A6089
:100F80000022226360E7616C2046FFF749FC94F879
:100F90004130282BA3D129462046BDE870400BE400
:100FA00023681022DA61636C43F00403636430F059
:100FB000807381D1616C2046FFF732FC7CE7B0F191
:100FC000007FB3D129462046FFF7F6FB74E700BF48
:100FD00000E800FE0000FFFF836A9A6B0AB100215F
:100FE0009163DA6B0AB10021916393F84120602A82
:100FF00009BF00220022202183F841101A63002239
:1010000083F84020704700BF264A9368D26813F0E7
:101010000C0305D00C2B32D0042B3ED12248704754
:10102000204A1168090754BFD2F8942012681F495A
:1010300054BFC2F30322C2F3031251F82200002B63
:10104000EDD0184BDB6803F00303022B23D0184AC2
:10105000032B08BF1046134BD968DA68DB68C3F36B
:101060004163C2F30622C1F30211013300FB02F215
:1010700001315B00B2FBF1F2B2FBF3F0704702F01A
:101080000302012ACCD0074BDB6803F00303022BD9
:101090004FF00000DBD10448DDE7082B044818BFFF
:1010A00000207047001002400024F400582F01086F
:1010B00000127A0021498B6DDB0082B01CD5204BD9
:1010C0001B6803F4C063B3F5007F29D080282ED8B5
:1010D00031D0A0F17002B2FA82F2520919490B68BC
:1010E00023F0070313430B60086800F00700801A21
:1010F00018BF012002B070478B6D114A43F0805336
:101100008B658B6D03F080530193019B13688A6D8F
:1011100003F4C06322F08052B3F5007F8A65D5D115
:10112000802806D9A0288CBF02220122D6E70322FC
:10113000D4E70022D2E70222D0E700BF001002402D
:101140000070004000200240414A036830B4D46877
:10115000A40707D0D46804F003049C4246D00120C1
:1011600030BC7047022B52D0032B49D0012BF6D153
:1011700012689207F3D5364CE26822F073021343EB
:101180004268013A43EA0213E360314C314A236872
:1011900023F080632360D56E03E0D36E5B1B022BCC
:1011A00039D823681B01F8D483681B02002934D185
:1011B0002169C56821F0784121F4FE4143EAC56305
:1011C0000B43236122490B6843F080630B60D46EAC
:1011D00003E0D36E1B1B022B1DD80B681B01F8D537
:1011E00082690B69134300200B61B9E7002CB6D06C
:1011F000D3684268C3F3021301339342AFD1C4E70B
:101200001468A403B7D412685203A8D5B3E71268D0
:101210005505A4D5AFE70320A2E7012921690BD02A
:1012200021F0C06121F4FE41194343695B08013B91
:1012300041EA43612161C5E721F4C00121F4FE4187
:101240000B4301694908013943EA41532361B9E776
:101250000010024078000020704700BF704700BFB8
:10126000836A19684A6822F003024A601A6E4FF0D6
:10127000010C42F010021A6683F85DC0704700BF8F
:101280000368806A1A6812F0200228D10368A0F867
:101290005A2053E8002F22F4807243E800210029ED
:1012A000F7D103F1080252E8002F22F0010203F106
:1012B000080C4CE800210029F3D103F1080252E8A0
:1012C000002F22F0400203F1080C4CE80021002915
:1012D000F3D12022C0F88020026E012A03D000231F
:1012E0004366036E704753E8002F22F0100243E874
:1012F00000210029F3D053E8002F22F0100243E828
:1013000000210029EFD1EAE7836A01225A661B6EA9
:10131000704700BF836A0022A3F85A20A3F8522026
:10132000704700BFD0F88010B0F85C300268222906
:1013300005D0138B9BB243F0080313837047918C45
:10134000426D0B401370B0F85A30426D013B9BB2B6
:10135000A0F85A30B0F85A3001329BB24265002BE7
:1013600045D110B4036853E8002F22F4907243E88B
:1013700000210029F7D103F1080252E8002F22F0E2
:10138000010203F1080444E800210029F3D1184ABE
:10139000816620249342C0F88040416612D05A688A
:1013A00011020FD553E8002F22F0806243E800219C
:1013B00041B1016851E8002F22F0806241E8002429
:1013C000002CF7D1026E012A0ED10022026653E8EA
:1013D000002F22F0100243E800210029F7D1DA693A
:1013E000D20601D510221A625DF8044B704770478F
:1013F00000800040D0F88010B0F85C3002682229EC
:1014000005D0138B9BB243F008031383704710B4CD
:10141000948C416D234021F8023BB0F85A3041656D
:10142000013B9BB2A0F85A30B0F85A309BB2002B67
:1014300040D152E8003F23F4907342E80031002984
:10144000F7D1016801F1080353E8003F23F00103DD
:1014500001F1080C4CE80034002CF3D12023C0F833
:101460008030164B84669942446611D04B681C024A
:101470000ED551E8003F23F0806341E800343CB1D1
:1014800052E8003F23F0806342E80034002CF7D19B
:10149000036E012B0ED10023036651E8003F23F0B9
:1014A000100341E80032002AF7D1CB69DB0601D5F1
:1014B00010230B625DF8044B704700BF00800040B2
:1014C000B1F804C093680A899A80BCF1000C18BF77
:1014D0004FF0010CCA7983F800C091F806C083F878
:1014E00001C09A709860704703460068D3F8E8100E
:1014F0004268C3F8F01010472DE9F047D0F800809B
:101500000546B8F1000F1ED0D8F898700FB3124EF0
:1015100007F148044FF00009583754F8040F18B188
:10152000B36F9847C4F80090A742F6D1D8F8980056
:10153000B36F00B19847B36F40469847B36F2846E2
:10154000BDE8F0471847044E2846B36FBDE8F047A2
:101550001847014EEFE700BF78000020F8B50546B8
:101560000088002A1C460CBF4FF400534FF48053F0
:10157000B0F59C6F0E460FD300F151077F008342F8
:10158000BFB236D21C4B1D4AD3F880301C49002014
:1015900098474FF0000C03E040F662274FF0010C33
:1015A0001849194AC4E9011202F11912E26002F164
:1015B000191222612346002262805122A28223F85E
:1015C000167B29686A68A868EF68C4F816105A6024
:1015D0009860DF602969A8696A699861196196E86D
:1015E00003005A61AA8B9A83343484E8030060466E
:1015F000F8BD4FF0010CD3E778000020346F0108EC
:10160000546F01080100020003001B0010B50C4CD0
:1016100094F88810012982B010D90A49D4F8804082
:1016200012F4006F0346084818BF0846C2F30A01C7
:10163000CDE90001054A06490220A04702B010BDCD
:1016400078000020686F0108706F0108786F01084A
:101650008C6F010810B50A4C94F888C0BCF1010FDA
:1016600082B00BD92C3989B203461046D4F8804099
:10167000044ACDE9001004490220A04702B010BD81
:1016800078000020A06F01088C6F010830B509496F
:1016900091F88840012C83B009D902F00F04D1F8E9
:1016A0008050054A0549009403460220A84703B02C
:1016B00030BD00BF78000020C86F01088C6F0108A2
:1016C00010B50A4C94F888C0BCF1010F82B00BD958
:1016D0007D3989B203461046D4F88040044ACDE9EA
:1016E000001004490220A04702B010BD780000207D
:1016F000E86F01088C6F010810B5A1F1620C144C61
:101700001CF0010F034694F888E084B01FFA8CF0B7
:101710000ED1BEF1010F09D94008D4F880400292E1
:10172000CDE900010B4A0C490220A04704B010BDCE
:10173000BEF1010FFAD94008D4F880400292CDE9F9
:101740000001064A04490220A04704B010BD00BFB2
:1017500078000020187001088C6F01085070010893
:1017600010B50B4C94F888C0BCF1010F84B00CD9B3
:101770000346A1F58C7080B2D4F880400090CDE98A
:1017800001120220034A0449A04704B010BD00BF63
:1017900078000020887001088C6F01082DE9F04F57
:1017A0001F4EDFF888B0804615460FCE91B002ACD0
:1017B0000FC40FCE0FC40FCE0FC49BF888C096E89D
:1017C0000300BCF1010F84E8030007D9DBF8804077
:1017D000144A1549009543460220A047DFF850A05F
:1017E000DFF8449002AC10AE02E00834B44213D0EB
:1017F000A3881D42F9D09BF88820012A434652460F
:1018000049464FF00200F0D927680097DBF8807056
:101810000834B847B442EBD111B0BDE8F08F00BF37
:10182000882F0108B07001088C6F01087800002033
:10183000CC70010870B5114E114A3368A2FB032326
:101840009B09013BB3F1807F01D3012070BD4FF0B4
:10185000E0220C495361F02381F82330002507234F
:101860000F28956104461361EFD801464FF0FF3011
:101870000AF072FD7460284670BD00BF00000020B1
:10188000D34D621000ED00E0F0B5884B02689D6812
:10189000DE680446D00683B005F00C0506F00306AA
:1018A00040F12981002D40F0F180804B1B689907A1
:1018B00000F159817D4B276A1A68120756BFD3F889
:1018C00094301B681B0903F0F0039F4200F2D081A3
:1018D000764B1A6842F008021A601A6822F0F00289
:1018E0003A431A605A68E16922F47F4242EA0122CF
:1018F0005A60002D00F0F081FFF786FB6B4B9A6871
:101900006B4BC2F3031213446A4A93F8683003F036
:101910001F0320FA03F350681360FFF78BFF0028C2
:1019200040F026812268D00700F1E98090071DD59C
:101930000C2D00F0B581E3685C48002B00F06F814E
:10194000036843F4807303605B4BDE6E04E0D96E82
:10195000891B022900F23E8101684905F7D54368D9
:10196000216923F0F85343EA01634360160716D553
:1019700063694E48002B00F00981D0F8943043F0A1
:101980000103C0F894304C4BDE6E04E0D96E891B25
:10199000022900F21F81D0F894108907F6D550076C
:1019A0003DD5424B996DC90000F13781996D41F0E9
:1019B000805199659B6D03F080530193019B012039
:1019C0003E4E3368DF0540F1F7803B4BA1680129AB
:1019D00000F03481052900F09381344ED6F89070E0
:1019E00027F00107C6F89070D6F8907027F004072A
:1019F000C6F89070002940F02881D3F86CC041F2FD
:101A0000883705E0D96EA1EB0C01B94200F2E28003
:101A1000D6F890108907F5D4002840F05781970632
:101A200016D5636A2149002B00F03E81D1F8982039
:101A3000214B42F00102C1F89820D86E04E0DA6E22
:101A4000121A022A00F2C680D1F898209607F6D51D
:101A5000A36ACBB1022B00F061810C2D00F08780CE
:101A60001249154B0A6822F080720A60D86E04E0B1
:101A7000DA6E121A022A00F2AD800A689201F7D4D7
:101A8000CA680F4B1340CB60002071E00C2D00F0B2
:101A90008F80A3690548002B00F09F800168064BEA
:101AA00041F001010160DF6E11E000BF0010024053
:101AB000582F01080000002078000020007000402E
:101AC000FCFFEEFED96EC91B022900F2838001687B
:101AD0008907F7D5036843F0080303600368216AA8
:101AE00023F0F0030B4303604368E16923F47F4371
:101AF00043EA01234360D30720D5082D3CD00C2DA9
:101B000038D06368B3F5803F76D0B3F5A02F00F0EE
:101B1000EA808D48016821F480310160016821F478
:101B200080210160002B6CD1884BDF6E03E0D96E01
:101B3000C91B64294ED801688903F8D497077FF53B
:101B400015AF042D7FF4F4AE7F4B1B68580501D50B
:101B5000E36863B17C4920694B6823F0F85343EA9A
:101B600000634B6002E7A369002B7FF4A3AE012062
:101B700003B0F0BD032EC4D1734B1B689F037FF5E8
:101B8000D5AE6368002B7FF4D1AEF0E7D0F8943087
:101B900023F00103C0F894306C4BDE6E03E0D96E85
:101BA000891B022916D8D0F894108F07F7D4F6E6CF
:101BB000012E7FF46EAF78E6336843F480733360B0
:101BC000624BDF6E3168C9053FF500AFD96EC91BA6
:101BD0000229F7D9032003B0F0BD01685B4B21F067
:101BE00001010160DF6E03E0D96EC91B0229F1D843
:101BF00001688907F8D47EE753490B6843F48033C2
:101C00000B60524B5048DF6E03E0D96EC91B64294C
:101C1000E0D801688903F8D590E70020D0E6036892
:101C200023F480730360494BDE6E03E0D96E891B99
:101C30000229CFD801684F05F8D497E6424ED6F86E
:101C4000901041F00101C6F89010D3F86CC03E4EE0
:101C500041F2883704E0D96EA1EB0C01B942B9D842
:101C6000D6F890108907F6D500283FF4D8AE2DE0BD
:101C70003846FFF71FFA00287FF479AF324B1A6815
:101C800042F008021A601A6822F0F0023A431A6021
:101C90005A68E16922F47F4242EA01225A602BE647
:101CA000022E7FF448AE4FE7D1F89820274B22F060
:101CB0000102C1F89820D86E03E0DA6E121A022AE7
:101CC00088D8D1F898209207F7D4C1E61E498B6DC9
:101CD00023F080538B65A2E63846FFF7EBF9002826
:101CE0003FF40AAE43E703F18043A3F53C331968A0
:101CF00041F480211960196841F48031196080E74E
:101D00001149D1F8906046F00406C1F89060D1F80E
:101D1000906046F00106C1F8906096E70A4AE66ACC
:101D2000D36803F00301B14247D00C2D3FF41FAF3D
:101D300005490B685F013FF51AAF0A68034B22F0B3
:101D400080720A60D86E08E000100240780000201F
:101D5000DA6E121A022A3FF63DAF0A689501F7D4EF
:101D6000C868334A0240606B324342EA0022A06BEB
:101D700042EAC062206B013842EA0012D4E90F50F7
:101D80006C08013C4008013842EA445242EA406291
:101D9000CA600A68274842F080720A60CA6842F046
:101DA0008072CA60D96E04E0DA6E521A022A3FF6D7
:101DB00011AF02689401F7D566E6216B03F070005D
:101DC0000139B0EB011FB0D1606B03F4FE41B1EB00
:101DD000002FAAD1A06B03F07841B1EBC06FA4D162
:101DE000E16B4908013903F4C000B0EB415F9CD1BD
:101DF000216C490803F0C0630139B3EB416F94D102
:101E0000136898013FF540AE11680B4B41F08071AB
:101E10001160D16841F08071D160D86E04E0D96E54
:101E2000091A02293FF6D6AE11688901F7D52BE6CB
:101E30008C809D010010024078000020504AF8B5C7
:101E4000136803F007038B420BD2136823F00703D8
:101E50000B431360136803F007038B4201D001208A
:101E6000F8BD046814F0020E04F0010367D0454E7B
:101E70008568B26802F0F002954204D9B26822F097
:101E8000F0022A43B260002B64D04268032A5BD080
:101E90003C4B022A1B6869D0002A6CD19E07DED514
:101EA000384D394EAB6823F003031343AB60F76E34
:101EB000920041F2883C03E0F36EDB1B634558D887
:101EC000AB6803F00C039342F6D1BEF1000F40D192
:101ED0002B4A136803F007038B4209D9136823F0D8
:101EE00007030B431360136803F007038B42B6D15B
:101EF000620706D5234AC168936823F4E0630B4365
:101F00009360230707D51F4A0169936823F4605340
:101F100043EAC1039360FFF777F81A491B4A8968BF
:101F20001B4CC1F303110A44034692F86820606811
:101F300002F01F02D3402360BDE8F8407AE4002B92
:101F4000C6D04268032AA3D10E4B1B689B01A7D4BD
:101F500085E785680B4A936803F0F0039D42B7D28A
:101F6000936823F0F0032B439360B1E79F0397D46A
:101F700075E70320F8BD5D057FF571AF90E700BF01
:101F8000002002400010024078000020582F010875
:101F9000000000200CB4F0B5ADB032AB06AE53F883
:101FA000042B059304460D463046962110F060FA46
:101FB0009528C4BF1B4BCDF8AA301B4B1B49DF6EC5
:101FC000A1FB07311A4BA3FB0723980B194BA3FB6B
:101FD00007234FEA931C184B4FF47A7202FB1C77CD
:101FE000A3FB00E25209042CC2EB0212A0EB820216
:101FF000A3FB0CE398BF114800974FEA531394BF1B
:10200000005D3F20C3EB03130190CDE90256490D5B
:10201000ACEB83030A4810F005FA2DB0BDE8F040A0
:1020200002B070472E2E2E0078000020B17C219542
:1020300073B2E745D34D621089888888047101081E
:10204000E070010838B590F840C0C56ABCF1010FD6
:1020500067D04FF0010C11F0200F04460B4680F8BA
:1020600040C002D012F0200F51D1D80615D5D106AC
:1020700013D5628D92B2002A55D194F84120282AB6
:1020800074D094F841202368292A4FF01002DA61B5
:102090005CD0002084F8400038BD590719D41907D6
:1020A00001D5100739D49907F3D59307F1D5638D7E
:1020B0009BB2002B46D0616A236811F8012B9A620B
:1020C000638D228D6162013B9BB2013A638522855B
:1020D000DFE75007E3D5638D9BB26BB12268636A7B
:1020E000526A1A70638D616A228D013B0131013A97
:1020F0009BB2616222856385638D9BB2002BC8D140
:1021000015F5803FC5D02046FEF70CFBC1E7FEF772
:102110007FFE002084F84000BEE720460CF044FB20
:10212000B7E7022038BD23681022DA61636C43F000
:102130000403636435F08073ABD1616C2046FEF715
:102140006FFBA6E735F08073A3D1DCE715F5803F80
:102150009FD09A69950744BF00229A629A69D00776
:10216000D1D49A6942F001029A61CCE7B5F1007FBF
:1021700087D119462046FEF71FFB8AE738B590F84D
:1021800040C0C56ABCF1010F46D04FF0010C11F000
:10219000200F04460B4680F840C002D012F0200FFA
:1021A00030D1D90626D5D00624D55104C2F38030CB
:1021B00034D5E16B09B1120435D4A26B1AB112689F
:1021C0005268002A37D023681022DA61636C43F02A
:1021D0000403636494F8413035F08072DBB20DD1B2
:1021E000213B092B4CD8DFE803F049504B4B4B4BBC
:1021F0004B4B4950190701D5130709D4002084F827
:10220000400038BDFEF704FE002084F84000F8E7E7
:1022100020460CF0C9FAF1E7022038BD110429D597
:10222000E16B0029CFD00A685268002A30D1A26B36
:102230000AB100283AD194F84120282A2ED094F8E7
:1022400041202368292A4FF01002DA61D6D115F512
:10225000803FD3D09A69950744BF00229A629A6959
:10226000D00703D49A6942F001029A612046FEF732
:1022700059FAC3E723681022DA61BFE721232363F9
:10228000616C2046FEF7CCFAB8E722232363F7E718
:10229000A26B002A97D0002895D090E7B5F1007F77
:1022A000CDD119462046FEF787FAA7E71268526893
:1022B000C1E700BF38B5294A0368D56E1B689B0685
:1022C0001BD4846A2368A2685868616820F02000E3
:1022D00058609AB15868B1F5827F20F001005860CB
:1022E00022D02946204609F06FFBB0B90123002215
:1022F000A4F8462084F85D30236E38BD5A68B1F5E5
:10230000827F0CBF22F0030222F001025A602946AC
:10231000204609F059FB0028E8D0236E43F0200343
:10232000236620232366E1E7B2F5004F12D11A6835
:1023300022F0400229461A60204609F045FB002899
:10234000EBD12A464FF4C061204609F0D9FA0028A3
:10235000CCD0E2E7B2F5806FE9D0C2E77800002088
:10236000F8B51B4D0368EF6E1B68846A9B062CD47E
:102370002668736823F0200373603A464FF4C05117
:10238000204609F0BDFA58B93946204609F01CFB31
:1023900030B93A464FF4C061204609F0B1FA38B17D
:1023A000236E43F020032366236E43F0200323664D
:1023B000736823F00303736000220123E287A4F80B
:1023C000462084F85D30236E0BB901232B70F8BDD5
:1023D00078000020F8B516460D464FF4E27201462B
:1023E00018461C460FF0DAFFB6F8581021B196F8DF
:1023F0005E30191E18BF0121012396F85B2084F876
:10240000C6312B4684F8C52133F8262B84F8C41135
:10241000A4F8C82105F1560104F5E5721F685E684D
:102420009868D3F80CC0C2F80CC010338B42176008
:102430005660906002F11002F0D1B5F85630A4F861
:10244000FA3105F1580604F5FE7E05F18807B44619
:10245000BCE80F00BC450EF1100E06F110064EF858
:10246000100C4EF80C1C4EF8082C4EF8043CEED123
:10247000B5F88830A4F82C3205F18A0304F22E2432
:10248000BA35186859689A68DE68E6601033AB425E
:1024900020606160A26004F11004F2D1F8BD00BFB9
:1024A0002DE9F04FBFB00DF138090D46904601936C
:1024B00000F1020B3EAFCA46002440F6B73631E0C9
:1024C00025B335F8141001F01F0E4FEA912C0EF1D0
:1024D000300E00FB0EF0C1F34411ACF1200C02FBF6
:1024E0000CFC002801F1300102FB01F1B8BF3F30C4
:1024F000BCF1000FB8BF0CF11F0C8011002900EBDC
:102500006C10B8BF3F3100B241F38F110134182C69
:1025100008BF002407F074FD4AF8040BBA450BF11C
:10252000040B0ED0BBF900203BF9020C02FB02FCAD
:1025300000FB00CCB4451146C2DC00203FB0BDE832
:10254000F08F0DAC0DF1060109F15C05224652F841
:10255000043F002BB8BF0F3302311B1195420B8093
:10256000F5D1484609F0C4FA002254F8043F216E20
:10257000A542A3EB01031A44F7D1124B83FB0213CC
:10258000D217C2EBA31404F5994330334CF6621210
:102590009342D2D802AE35460FCD4D4508F1100812
:1025A00006F1100648F8100C48F80C1C48F8082CE6
:1025B00048F8043CEFD1019B01201C803FB0BDE8EE
:1025C000F08F00BFABAAAA2A2DE9F04F2DED108B9A
:1025D0009BB090F85E401D4690F85C300893042C48
:1025E000B0F8583003938046894616461AD8D0ED85
:1025F000147AF5EEC07AF1EE10FA00F1F88190F855
:102600006630002B00F0978290F85B30002B00F0D2
:102610009282024C024A059407E000BF7800002035
:1026200050710108C74CC84A0594D4F88030C74996
:1026300000209847D8ED157AD4F88C30009307EE37
:10264000103AF5EEC07AF1EE10FAB8EE478A40F390
:10265000D281C8EE278AF6EE007A78EEA78A039B2D
:10266000002B00F0A88198F85E30049398F85A3057
:10267000002B40F0A78198F86020022A41F03E81AB
:1026800098F85E40012C00F0ED8300242246349936
:102690000C71A6F8AC21002B00F0998198F85F30FE
:1026A000012B00F01184022B00F0F883002B40F086
:1026B000E98301231A46F384328598F86030012BB0
:1026C00000F0D983022B00F0D583002B00F0148496
:1026D000059B9F4AD3F880309C4900209847B9F168
:1026E000000F00F0788100230093B9F8E410B9F8E6
:1026F00008307180B9F8E610B180B9F8E210318085
:10270000B9F8E810F180B9F8021031819B00B9F8EE
:10271000041071819BB2B9F80610B18103F1300247
:10272000B9F80A10F18192B2B9F8201031825F2A0B
:10273000B9F82210718240F2F2818649A1FB0201B0
:10274000890901EB4101A2EB411189B200201A462F
:1027500004460B460121F2820322B38272830023D6
:10276000009A7384B483F083318331846B800123B6
:10277000C5F80A30002A00F066870027CDE9017706
:1027800006F13E039FED749A9FED74AADFED779AF0
:10279000CDE90696B34605F10E0A44461E46049A54
:1027A000FBB29A4200F22A810023AAF80030AAF86C
:1027B000083033800137042F0AF1020A06F10206BD
:1027C0000BF1560B04F11404E9D1039BAA89DDF83F
:1027D00004E012FB03F26B8992B213449BB2DDE971
:1027E0000696591C012089B20090B6F8AC01012868
:1027F00004D1DDE9020404FB00F00290029FB8F866
:10280000640098F863C098F862B04FF6FF74A7426E
:1028100028BF27464408A4F1030A98F86640A6F8A2
:102820009EB18CF0010C0338A6F8A6C1A6F8A471DD
:10283000A6F8A0E1A6F8A801A6F8AAA1AA81AB80F3
:10284000E980002C00F02B81413399B24024012310
:1028500029802C81A6F8C031B9F1000F03D0B9F856
:102860000C30A6F8C231009B002B40F04281349A14
:1028700098ED145A00231360089BA6F8B231039B0D
:10288000012B40F23381B8F85830023B01229BB251
:102890009FED336ADFED335A98F85A10F1EE007A63
:1028A000C8EE066A68EE277A68EE255A87EE867AC1
:1028B000C5EE867AB6EE006A76EE866A37EE067A5E
:1028C000FCEEE66AB5EE405AD8ED155AA6F8AE31E0
:1028D000F1EE10FA16EE903A77EE867ABCEEC77AF1
:1028E000A6F8B02114BF01220022FCEEE77A32875D
:1028F00098F85B20A6F8B43117EE103AA6F8B63176
:1029000017EE903AF5EE405AA6F8B831009BF1EE7A
:1029100010FA14BF01200020002B40F0C280318645
:102920007286708598F861300F4A0098C6F8BA210F
:102930000121B184A6F8BE311BB0BDEC108BBDE8FF
:10294000F08F00BF780000200C7101082871010889
:102950004C720108ABAAAAAA2549123E8FC2753D46
:102960000024744900009643FF070108000000009E
:10297000B5EEC07AF1EE10FA00F1158398F85A20FE
:10298000002A00F01383B5EE407AF1EE10FA05D17B
:10299000F5EE407AF1EE10FA40F0C8835FED0D8A53
:1029A000059B754AD3F88030744900209847039BF3
:1029B000002B7FF458AE039B049398F85A30002BF9
:1029C0003FF459AE349A00231371A6F8AC31B9F133
:1029D000000F7FF488AE0123A5F802906B81CE46EC
:1029E00002214A46CDF80890CDF80090FDE6644CEF
:1029F000644A059419E6DFED648A30E601233380EA
:102A000098F85C90228940F2FF3340F2FF11B9F14F
:102A1000000F18BF0B4652B39A4228D8A27B237CE2
:102A200042B1022B06D1059B584AD3F88030DDE92C
:102A3000069622E0E07B002840F04982012B00F05E
:102A4000AF80059B524AD3F880304C490090DDE9B5
:102A500006969847DDF804E0039BAA8912FB03F26F
:102A60006B8992B213449BB2591C89B2BDE6059B97
:102A7000484AD3F88030DDE906964049002098475F
:102A8000039BAA89DDF804E012FB03F26B8992B282
:102A900013449BB2591C002089B20090A5E623463E
:102AA000D6E6B5EE405AF1EE10FA0AD0C8EE057A35
:102AB00077EE867AFCEEE77A17EE903AB3871B0C36
:102AC0007387002361F30F03F5EE405A62F31F434F
:102AD000F1EE10FA708533633FF424AFFCEEE87A30
:102AE00017EE903A1A0CB285F3851BE700221346C5
:102AF000CEE698F85D30072B15D8274C9FED229A2B
:102B0000234493F87C30A6F8A231349B83ED009ADD
:102B1000049B002B40F04D8298ED145AACE6032044
:102B20000124002117E6349A98ED145A002313600B
:102B300000230093A0E6012C40F2EA8198F80F10E0
:102B40004246012303E00133A34200F0E18108463D
:102B500092F82310814202F11402F4D2084F0F4A76
:102B6000D7F88040054905970020A047D8ED157A91
:102B7000D7F88C3062E500BFB071010828710108F8
:102B8000780000203C710108000000007C72010800
:102B9000A87201086C720108582F01087C710108A5
:102BA0006FF00B030993E288A3880A92182A009316
:102BB00040F29D8202EB820303EB031303EB03233A
:102BC00002EB4303C3F3CC0242EA43339BB240F629
:102BD000AA22934200F2DE82B24B0A9AA3FB02239E
:102BE0001B090E93013B9BB215935C230D93182395
:102BF0000B930098002840F0E084059BAA4AD3F884
:102C00008030AA499847B9F1000F00F0C9844FF00D
:102C100000090222009B099913FB02F292B2009272
:102C2000226811440A460C910A99013B01FB0323D7
:102C3000099302F5C34328334CF25032934208D92A
:102C4000059B9B4AD3F880309849002098474FF065
:102C50000009099B03F5C34328334CF250329342D9
:102C600008D9059B934AD3F88030904900209847B3
:102C70004FF000090C9A002AC0F242838E4880FB74
:102C80000230D217C2EBA00000B2099B002BC0F2A9
:102C90002B83894981FB0331099BDB17C3EBA1011E
:102CA000119309B280B2091A0C9B0F90824880FBE5
:102CB00003C0C2EBA00288B209B20E9B1091B0FB18
:102CC000F3F0411C0A901FFA81FE0B981821B1FB0A
:102CD000F0F30E930C9B02EB4202B3EBC20200F145
:102CE000FC8213B2139393B20C93099A7248119B0E
:102CF0000B9980FB020CC3EBAC0303EB430C0C9B66
:102D0000B3FBF1F001FB103081B2B2EBCC030991BF
:102D100000F100831AB219929BB20E9A0B98511EC1
:102D2000099A89B21891BEF1010F11FB002189B2F5
:102D300000F0F682099A0C98824240F0048399428E
:102D400000F05884002301221393169214931292D8
:102D50000E930C9B9A00099BABF882209B00ABF86A
:102D60008430B9F1000F40F0FA826C2317933623B8
:102D70000C937D223D234FF00009ABF87C300F9B74
:102D8000ABF87A200C9A1099C3F1290313441AB2B4
:102D90001192521A9BB2292A0F9308DC059B474ACD
:102DA000D3F880304149002098474FF00009119B2B
:102DB000179A934208DB059B414AD3F880303B4980
:102DC000002098474FF000090D9B2C2B00F2128237
:102DD0001E2B40F2E8831E3B0F229BB20D92ABF8F4
:102DE0009A30159B0C99ABF89430139BABF87E107E
:102DF000ABF88E300F990A9BABF880100D99ABF8A9
:102E00009610ABF89820002B40F0D281149B002B39
:102E10000E9B08BF00230E93129B002B00F0DD8356
:102E2000099A199B9B1A0B9A93FBF2F39BB2169A81
:102E3000ABF89220ABF88C300E9AABF888200023C8
:102E4000ABF89030ABF88A300A9BABF88630B9F11A
:102E5000000F40F0BF82CDF80090DDF804E0DDE91E
:102E60000696F9E598F81020013A012A7FF60DAC94
:102E700022460CE400237363B9F1000F42D0012312
:102E8000009332E4059B0F4AD3F8803007490020B5
:102E90009847B9F1000F7FF426AC9CE500231A4651
:102EA00009E400BFABAAAAAAF472010828710108BC
:102EB0004073010854730108ABAAAA2A8873010859
:102EC000A87301082C7201080022FFF7F4BB013B34
:102ED000042B00F23B8501A252F823F0A12B00083D
:102EE00025310008F12E00081D310008F12E0008E0
:102EF0006FF00C03099356E64FF001137363B9F1B9
:102F0000000FBCD100236B800123C5F80A3034E4E4
:102F1000BA4B98ED157A0593D3F88C30009306EEF2
:102F2000903AB5EEC07AF1EE10FAB8EE668A7FF705
:102F30001FADC8EE078AF6EE007A78EEA78A18EE83
:102F4000900A0EF057FF59B1059BAD4AD3F8803077
:102F5000AC4900209847039B002B7FF484AB2BE502
:102F600098F85A20002A7FF41BAD039B98F85F1055
:102F7000002B98F8603014BF20460020994204903E
:102F800008D9059BA04AD3F880309E490020984775
:102F9000FFF76CBB022B00F0BB84349B1A71A6F8C0
:102FA000AC21FFF77BBBDFED998ACDE7DFED978A98
:102FB000DBE7B6F8AC31B6F8A421012B00F0CC80E9
:102FC00007EE902ADFED929AB8EE67AAB7EE089A5C
:102FD000F2EE02DA059B9FED8F0AD3F88C30019355
:102FE00007EE903AB8EE67FA80EE0F0A0CF080FE1A
:102FF00098F86030022B2FEE00FA00F21F8104EBEC
:10300000830498F85E3094ED21EAD4ED24FA002B85
:1030100000F02681009BDFED7DEA9FED7FBA9FEDFA
:103020007FDADFED7FCA9FED7FCADFED7FBADFED8C
:103030007FAADDF8149044460025227C052A00F280
:103040009280022A40F29A804FF0300A0827E27BF1
:10305000052A00F27084DFE802F03E413B0347445A
:10306000F0EE4B7A8FEE276A228998F85E1002FB09
:10307000077702377F00BFB2A288013514349FED75
:103080006C7AC6EE076A07EE90AAF8EE677A87EECA
:10309000A66A07EE907AF8EE677A87EEA67A07EED0
:1030A000902AF8EE677AEAB267EE277A914277EED5
:1030B000867A77EEA97A77EE897A7EEEA7EABCD88F
:1030C00098ED145A002B40F0CF800093FFF7D4BB4B
:1030D000F0EE6A7AC6E7F0EE6C7AC3E7F0EE4D7A6E
:1030E000C0E7F0EE4C7ABDE7F0EE6B7ABAE70A9AE9
:1030F000002A4FD01823B3FBF2F302FB03F3C3F112
:1031000018039BB21593002B44D10A9A0B92531EBD
:103110009B009BB20D9301230E936AE56FF00F03A2
:10312000099340E56FF0060309933CE598F85F20AA
:1031300098F860309A427FF431AC039B349ADFED0B
:10314000338A002B14BF23460023049300231371FA
:10315000A6F8AC31FFF7A2BAF0EE499AF0EE49DAE0
:10316000B0EE49AA36E7D9F88030324A2549002026
:1031700098474FF0180A0427002368E7012A05D072
:10318000022AF0D14FF03C0A0A2760E74FF0480AC4
:103190000C275CE7059B284AD3F8803019490020AA
:1031A000984700230122CDE90D3215930B922AE5B1
:1031B000149B002B0E9B08BF00230E93129B33B170
:1031C000099A199B9B1A0B9A93FBF2F39BB2ABF8EB
:1031D0008C300A9B169AABF89220013B0E9AABF802
:1031E00088209BB2189A0A930123ABF88A20ABF887
:1031F000903029E600230D931A46F0E57800002070
:103200009C71010828710108DC71010800000000B0
:103210009A999D41F902154F000090430000204308
:10322000000000430000F0430000C04300004043A2
:1032300000247449D0720108E0720108059BC04A5D
:10324000D3F88030BF490020984798F85E30002BB3
:1032500000F0F481DFEDBCFA0023B0EE6FEADAE6AD
:1032600098ED145ADFEDB8EA9FEDB87ADFEDB86A51
:10327000349BCFEE077AB1EE0C7AC7EEA65A2AEE4F
:1032800007AA7FEE8EFACAEE257A9FEDB27A77EE24
:10329000AD7AB0EE006A77EEAE7A77EEAF7A27EECF
:1032A000877A37EE067A77EE277A86EEA77AB4EE3B
:1032B000C57AF1EE10FA83ED007A7FF5DDAA059B61
:1032C000A54AD3F880409F49FDEEC77A002017EE4B
:1032D000903AA047002300931EE402F1180083B245
:1032E0000C9303B2139300E509999C4BC943A3FBCC
:1032F0000131099B6FEA1111DB1709B21193D1E477
:103300000C9A964BD043A3FB00306FEA101000B22A
:10331000D217BAE403F1180002B283B21992FCE4A6
:103320000C98824200F0638100220A921692129257
:10333000139A9B1A0B9A93FBF2F39BB20E93012301
:10334000CDE9133305E5994200F05E810A9B013B0C
:103350009BB20A930123169312930B46E8E7E37B93
:10336000052B00F21983DFE803F01A130C032B215D
:103370004FF486731793D6230C9340F21D128D23BE
:10338000FBE4AC23179376230C93BD225D23F4E476
:103390008C23179356230C939D224D23EDE46C232D
:1033A000179336230C937D223D23E6E44FF4E67316
:1033B00017934FF4CB730C9340F2DD12ED23DCE452
:1033C0004FF4B67317934FF49B730C9340F27D1236
:1033D000BD23D2E4A37A172B00F20181092B00F25E
:1033E0001F81C3F109039AB21523ABF84630069B3F
:1033F000ABF84820002B00F0608203EB4202938977
:10340000ABF84A30237C013B042B00F2A682DFE8B4
:1034100003F0BC7703AB85004FF000094FF4007256
:103420004FF4C063CDE909234FF0C00E02204FF0E6
:10343000040C08214A464B46ABF86E000A98ABF8DC
:1034400056000998ABF870C0ABF85800ABF84E10B6
:10345000ABF85010ABF852E0ABF854E098F85D10C0
:10346000B9F1000F00F00A81002B00F0078102295A
:1034700000F27C813A4B0B4493F87830ABF85A3029
:10348000069B002B00F01D810023ABF85E3001236A
:10349000ABF86A30069B0021D3E932ECD3F8C49034
:1034A0000B460EEB1140A0EB09009042614480F204
:1034B000328201330F2BF4D1069AABF86030D2E997
:1034C00036E303EB83020EEB1242F92A00F3F1819B
:1034D000062003FB00F0052103E0BCF1FA0C40F1EB
:1034E000DC810A46013189B214290EEB104C1844D4
:1034F000F3D1059B1B4AD3F88030DDE906963BE10A
:1035000000214FF40073CDE909134FF0400E032062
:103510004FF0020C08219622FA238DE74FF00009A4
:103520004FF4F0504FF47853CDE909034FF4F86E9F
:1035300002204FF00B0C08214A464B467CE700BFA7
:103540004C720108287101080000000000002043AF
:10355000002474490AD7233C24740108ABAAAAAA00
:10356000582F0108F87301084FF000094FF4C06CA0
:103570004FF46063CDE909C34FF4E07E02204FF0C1
:10358000060C08214A464B4656E7069B9B8C0422B4
:10359000082BCBF86E205DD9DDE90696FFF770BAEF
:1035A0000422FFF737BB0D9B0F2B32D9A3F10F027B
:1035B0000F230D9392B2002311E4B9F1000F2CD127
:1035C000237B002B35D0059BC64AD3F88030C649F3
:1035D000484698470422FFF71DBB0A9B27E4059B3A
:1035E000C24AD3F88030DDE90696FFF746BA994221
:1035F0007FF49AAE0023CDE91333CDF828E016937B
:1036000012930E93FFF7A5BB0023169312930B465C
:103610008EE600221346FFF7E2BB0222FFF7FABA5A
:10362000102B94BFC3F11E03C3F117039BB20022FA
:10363000DBE64FF001090422FFF7ECBA98ED145ACB
:103640000093FFF719B900980290864602210246BE
:10365000FFF7CBB8ABF84E30ABF850304023002228
:10366000ABF85230ABF854304FF40073ABF856302F
:10367000ABF8582098F85D1013469146072975D885
:103680009B48014491F87C10ABF85A100699C1B1DF
:103690000021ABF85E10B9F1000F40F08480ABF868
:1036A0006A90ABF86090ABF85C90ABF86290ABF8C6
:1036B0006890ABF864904A460023ABF86620ABF8FC
:1036C0006C302389E27AABF87620012B68D0023B7C
:1036D0009BB20121ABF87230A37BABF84C3083F086
:1036E0000103ABF87410ABF878300099AB89AAF8F5
:1036F00000300B44AAF80810AB81A388217C06EEA9
:10370000903A2389012907EE103ABBF86E302AD08F
:10371000022914BFF0EE695AF0EE4A5A01339BB207
:1037200007EE903AF8EE677AB1EE006AF8EE666A54
:1037300067EE867AB8EE477A67EEA67A0198029B22
:1037400067EE877A014667EEA57A002808BF114622
:1037500067EE897A0191FCEEE77A17EE902A13441E
:103760000293FFF727B8DFED635AD7E7059B624A5C
:10377000D3F88030DDE906965B4900209847039B2B
:10378000AA89DDF804E012FB03F26B8913FA82F3D5
:103790009BB2591C002092B289B20090FFF725B865
:1037A0000023194696E70121ABF86A10002B7FF43D
:1037B00071AEABF8603019461A46ABF85C200022B7
:1037C000ABF86220ABF868204BBBABF864301A460C
:1037D00002EB0109069AD2E92FE1CE451DDA08462F
:1037E000002202F1010C09921FFA8CF2162A3FF412
:1037F00080AE0EEB104CBCEB090C0844F1D4002B4E
:103800007FF45AAF099800FB01F10EEB1143A9EBCD
:1038100003039C45C8BF02464EE700224CE7069BC7
:10382000D3E9349C894546DA134662469E46013305
:103830009BB2162B3FF45DAE09EB1240401A624476
:10384000F4D40CFB0EF209EB12428A1A9042D8BF54
:103850009E460699BBF86020D1F8CC30BBF85C00DE
:10386000099002FB03F3D1F8C820ABF864E002EB47
:1038700013420B46D1F8C410521AD3E936303FF543
:1038800038AE09990CFB0EFE00FB01F103EB11436E
:1038900009EB1E401918FA239AE702FB03F30EEB1B
:1038A0001343C3F1FA039C45D8BF0A46FA210B46DD
:1038B00083E70522FAE79646CBE7069BABF84A304A
:1038C000237C013B042B48D801A252F823F000BF0F
:1038D0001B39000801350008193400086935000853
:1038E0001D3500080873010828710108C07301081C
:1038F000582F0108CDCC4C3ED8730108349A13716F
:10390000A6F8AC31B9F1000F7EF4EDAEFFF763B865
:103910000123FEF7B7BE9BB2CEE54FF000094FF48E
:103920000073CDE909934FF0400E0420CC460221EC
:103930004A464B4680E5D9F880301C4A1C49002095
:103940009847DFED1C7A0023FFF78CBB059B1A4AD2
:10395000D3F88030DDE906960EE7059B164AD3F8CA
:10396000803013490020DDE906969847AA89039B19
:10397000DDF804E012FB03F26B89562113FA82F39F
:1039800001FB076100209BB2C1F86E00591C92B286
:10399000009089B2FEF729BF059B044AD3F8803016
:1039A000034900209847FFF7E0B900BF7C73010886
:1039B0002871010800000043D0720108BFF34F8F47
:1039C0000549064BCA6802F4E0621343CB60BFF3BB
:1039D0004F8F00BFFDE700BF00ED00E00400FA05D7
:1039E00030B4224BD3F89020D36813F00803FBD1F6
:1039F000946A156911685268C1F3015000EB8000A8
:103A000001F07F32C1F3034111EB400118BF184BA5
:103A100022F0FE4218BF4B43C2F3023101EB810199
:103A2000C2F3032010EB41001CBF4EF6602101FBE6
:103A30000033C2F3021101EB810102F00F0212EB1D
:103A40004102C5F30E0518BF4FF47A71A5EB0400CF
:103A500018BF01FB02334FF47A72013502FB00F00C
:103A6000B0FBF5F030BC1844704700BF7800002070
:103A700080EE3600FEE700BFFEE700BFFEE700BFB6
:103A8000FEE700BFFEE700BF704700BF704700BF02
:103A9000704700BF024AD36E0133D366704700BF40
:103AA000780000200C4B0D49D3F890204FF4801083
:103AB0004861D168490503D4012283F8B1207047D9
:103AC000D168C9B261F49061D1600120012283F80C
:103AD000B40083F8B1207047780000200004014052
:103AE000034B5A69120744BF08225A61704700BF4E
:103AF000000401400148FCF701BD00BF3001002077
:103B00000148FCF7FBBC00BF780100200148FCF72E
:103B1000F5BC00BFC00100200148FCF7EFBC00BFAE
:103B200008020020084810B4D0F8D831D0F80C4270
:103B300099691A682CB1234600F5EC705DF8044BC6
:103B400018475DF8044B704778000020034B5A6912
:103B5000120544BF4FF400625A61704700040140EF
:103B6000034AD2F8883043F47003C2F888307047B3
:103B700000ED00E030B52B4D8DB02C22002101A8C6
:103B80000EF0E0FAD5F82C42002C43D0FFF728FFC6
:103B9000254BD5F89C1003910444A3FB0423234A2E
:103BA0005B0D02FB1344224AA2FB0402920B4EF669
:103BB000602505FB12448DF805201E4A1E48A2FB15
:103BC0000352120902EB4202A3EBC2038DF8043048
:103BD000A0FB04239B094FF47A7202FB134401FB00
:103BE0000444A0FB04048DF80630A1EB94114FF4BB
:103BF00080704FF000424FF0606302910B9006928C
:103C0000089307F035FF18B901A808F037FA38B162
:103C1000FFF7D4FE07F02CFF0028F9D185F8300219
:103C20000DB030BD78000020B17C219580EE3600CB
:103C300073B2E745ABAAAAAAD34D621010B5164CD1
:103C4000164AD4F890304FF4802151619A68D2041A
:103C500002D5DA68D00512D49A68910402D5DA68E0
:103C6000920503D4012384F8B13010BDDA68D2B2D2
:103C700062F42072DA60012384F8B13010BDDA6892
:103C8000D2B262F4C072DA60012184F83012FFF718
:103C900071FFD4F89030DFE7780000200004014085
:103CA000F0B504680546200583B000F1F3800026D6
:103CB000A1034ED5A34B9A6DD20040F1F5800027A9
:103CC000A149A24A0B6843F480730B60D06E04E0F4
:103CD000D36E1B1A022B00F200810B68DB05F7D5AF
:103CE000A6BB9849A86DD1F8903013F4407325D045
:103CF000834223D0D1F890C0D1F8903043F4803380
:103D0000C1F89030D1F8903023F48033C1F890306E
:103D10001CF0010F2CF44073C1F890300ED0D2F893
:103D20006CE041F2883C05E0D36EA3EB0E036345E3
:103D300000F2D380D1F890309B07F5D5814AD2F8B4
:103D4000903023F440730343C2F89030002F40F0CA
:103D5000C880E10708D57B4A296AD2F8883023F069
:103D600003030B43C2F88830A20708D5754A696A75
:103D7000D2F8883023F00C030B43C2F88830630775
:103D800008D5704AA96AD2F8883023F030030B4373
:103D9000C2F88830A70608D56A4AE96AD2F888309E
:103DA00023F440630B43C2F88830A00508D5654A68
:103DB000E96BD2F8883023F440230B43C2F88830F3
:103DC000610508D55F4A296CD2F8883023F4401386
:103DD0000B43C2F88830620608D55A4A296BD2F8DC
:103DE000883023F440530B43C2F88830230608D5AB
:103DF000544A696BD2F8883023F440430B43C2F82D
:103E00008830E70508D54F4AA96BD2F8883023F4EB
:103E100040330B43C2F8883020030ED5494AA96CC1
:103E2000D2F8883023F040630B43B1F1006FC2F841
:103E300088305CD0B1F1806F74D061030ED5414AF7
:103E4000E96CD2F8883023F040630B43B1F1006F86
:103E5000C2F8883050D0B1F1806F6BD062040BD5BE
:103E600038492A6DD1F8883023F040531343B2F11A
:103E7000805FC1F888304DD0230408D5314A696D80
:103E8000D2F8883023F080430B43C2F888303046A4
:103E900003B0F0BD6F6CB7F5000F10D0B7F5400F51
:103EA00012D077B3012603E79A6D42F080529A65EB
:103EB0009B6D03F080530193019B012700E7214A8A
:103EC000D36843F48033D3601E4AD2F8883023F499
:103ED00040033B43C2F88830E9E60326002F3FF455
:103EE00038AF184A936D23F08053936531E7D36858
:103EF00043F48013D360A0E7D36843F48013D36006
:103F0000ACE73946281DFDF71FF9064600287FF467
:103F1000CFAED9E70221281DFDF716F9002818BFFA
:103F20000646A9E70121281DFDF70EF9002818BF54
:103F3000064682E70121281DFDF706F9002818BF73
:103F400006468BE700100240007000407800002019
:103F50002DE9F041C16F05689EB00446002947D0A5
:103F60002423E3672A68636A22F001022A60002B97
:103F700040F0AD80D4E90412A36828680B431343D2
:103F8000E169A74A0B43024013432B606B68E26868
:103F900023F440531343A34A6B609542A369AA6874
:103FA00000F0DB80206A22F43062034313439E4A10
:103FB000AB60954200F048819C4B9D4240F00C81E3
:103FC00003F5E633D3F8883003F00C030C2B00F232
:103FD0006181DFE813F0D2015F015F015F01100131
:103FE0005F015F015F016F015F015F015F016801B8
:103FF00080F878105C2207A80EF0A4F88A4B9D4246
:1040000000F0EE81894B9D42AAD1022707A80797AD
:10401000FFF746FE0646002840F01882844B854D87
:104020009A6D42F400329A659A6D02F4003204925D
:10403000049ADA6C42F00102DA64DB6C03F00103EB
:10404000039307220323CDE90032039903463A463E
:104050004FF090400F214FF080080AF0D7FBC5E9E0
:104060005376C5E95568C5E95766C5E9596605F54A
:10407000A476714BC5F84831304608F0CBF80028DB
:1040800040F0E4816667102305F5C876C5E9670846
:10409000C5E96900C5E96B00C5F898313046674B42
:1040A000C5F89471C5F87041C5F8903108F0B2F8C0
:1040B0000146002840F0CA8126672620C5F8B8418D
:1040C00008F04AF95E4B40225A60256848E71E070F
:1040D00005D56A68616B22F400420A436A60D8071A
:1040E00005D56A68A16A22F400320A436A6099071A
:1040F00005D56A68E16A22F480320A436A605A0789
:1041000005D56A68216B22F480220A436A60DF06C3
:1041100005D5AA68A16B22F480520A43AA609E06C4
:1041200005D5AA68E16B22F400520A43AA6058063A
:1041300009D56A68216C22F480120A43B1F5801F08
:104140006A6000F0028119067FF514AF6B68A26CFB
:1041500023F4002313436B600CE722F43062134313
:104160003349AB60D1F8883003F44063B3F5006F96
:1041700000F0878000F2E380002B00F05781FCF70D
:1041800043FF0646002E7DD16A682A49002322F4A7
:104190009042C4E91A336A60AA6822F02A02AA602F
:1041A0002A6842F001022A60C4F88430CE6E2B687F
:1041B0001A0700F185802B685B0700F19C800023C3
:1041C00020221846E26784F87830C4F880202366FD
:1041D00063661EB0BDE8F0811A4B9D425AD103F5CB
:1041E000E433D3F8883003F03003202B62D058D862
:1041F000002B00F0C280B1F5004F00F02E81FCF7DB
:1042000003FF0028C0D0636800EB5300B0FBF3F05D
:104210004FF6EF73A0F110029A423BD8E860B3E783
:10422000F369FFEF00800040003801400044004087
:1042300000100240780000206C0002408000024024
:1042400000E100E00048004002F55842D2F8883012
:1042500003F00303022B2DD0032B24D0012BCAD053
:10426000864BB1F5004F186800F098809268844B37
:10427000C2F3C222134493F89C3003F01F03D840CA
:10428000BFE7804E626802EB4203B34202D8B6EB4E
:10429000023F61D90023C4E91A3301201EB0BDE8F2
:1042A000F081302BF6D1B1F5004F00F0D3804FF400
:1042B0000040A8E7B1F5004F00F0CA807148A2E7BE
:1042C0006FF07E4332464FF40011204608F006F8A6
:1042D00000283FF470AF236853E8002F22F08002DB
:1042E00043E800210029F7D12023E367002384F865
:1042F00078300320D2E76FF07E4332464FF48001DE
:10430000204607F0EBFF00283FF459AF236853E83D
:10431000002F22F4907243E800210029F7D103F125
:10432000080252E8002F22F0010203F1080040E8E1
:1043300000210029F3D12023C4F88030D6E7B3F55B
:10434000406FA7D14FF400469CE76A68616C22F485
:10435000C0020A436A60F6E60023500819464FF48B
:104360008077E6FB07010AF0C3FE474BA0F54072D9
:104370009A428FD8454BD86006E7B1F5004F6FD011
:10438000434A3F4B92683D49C2F3022213440868F6
:1043900093F89C3003F01F03D84032E79268384B03
:1043A000C2F3C222134493F89C3003F01F03D84099
:1043B00000283FF4E9AE4300626803EB5203B3FB0D
:1043C000F2F34FF6EF72A3F1100191423FF662AFA4
:1043D00023F00F0292B2C3F342031343EB60D3E620
:1043E000012307A80793FFF75BFC034670BB284A2D
:1043F000116E41F480411166116E01F48041069105
:104400000699D16C41F00101D164D26C02F0010235
:10441000059207210322CDE90021059802224FF4DD
:10442000C0614FF090400AF0F1F999E58A68144BA9
:10443000C2F302221344114A93F89C30166803F029
:104440001F03DE40002E3FF49FAE1BE7FFF7B6FAD6
:10445000104BB1E74FF48033AEE7FCF7D5FDA7E78B
:104460000B4A074B92680549C2F3022213440868BD
:1044700093F89C3003F01F03D84099E70000002018
:10448000582F01080024F400FFFC0F0000800040BA
:10449000001002400048E801F0B5CA4CD4F82C32B4
:1044A0008BB0002B00F0D981C74B1A683F21C4F8AC
:1044B0004413520358BF1A68C34B54BF02F48032EE
:1044C0004FF4A022C4F8482319685A68186801F00C
:1044D0000101C2F30722C4E9D71219685A6800F033
:1044E000F00001F48071C4F86403C4F85013D3F8E9
:1044F0009010B648C2F30462C4F854234F0758BF63
:10450000D3F89020B04B54BF02F001020522D3F83B
:104510009410C4F84C23D3F8982001F0010102F064
:104520000102C4F85813C4F868231968DA6811F056
:10453000807F0CBF0121022102F00302C4E9DB12DB
:10454000DA68D968C2F302120132C1F30621C4E964
:10455000DD21D968DA68C1F34151C2F3416201310A
:10456000013249005200C4E9E012D9689A68C90EC4
:1045700002F003020F25C4F88853C4F87C13C4F872
:104580008C2399689A6801F0F00102F4E062C4E9B2
:10459000E4129A68016894F8190284F8A003D2081A
:1045A00002F4E06201F00701C4E9E621242284F864
:1045B0001922D4F8D82186481168824221F00101DD
:1045C000116000F0ED810023A268C4F81C320221C2
:1045D00084F8193284F81832C4F8083284F81A3290
:1045E00084F8651013687B4923F040038A42136006
:1045F00000F0EC810022A266D4F8343284F8652001
:104600002421D4F8B40284F86420C4F8B0121968E4
:10461000C4F8A40321F0010119606F491A608B42AC
:104620005A609A6000F0AD816C4A934200F08C822F
:104630000023D4F8BC22C4F8B8322421C4F8B03224
:1046400084F8AC32C4F8B432C4F89432C4F8983266
:10465000C4F838131168604821F0010182421160EA
:1046600013605360936000F045825C4B9A4200F007
:104670008782554A0023C4F84033C4F83833C4F85D
:104680003C33C4F81C33C4F82033D06CD16C84F8AC
:10469000343300F00100C1F34001C4F8C403C4F88E
:1046A000E413D06CD16C41F00101D164D16CC0F342
:1046B000C01001F001010491C4F804040499D16C04
:1046C00041F00201D164D16C01F002010391039920
:1046D000D16C41F08001D164D26C4FF0904C02F06B
:1046E000800202920299DCF80010C4F8A813DCF8EA
:1046F0000410C4F8AC13DCF80810C4F8B013DCF8EC
:104700000C10C4F8B413DCF82010C4F8B813DCF8AB
:104710002410334AC4F8BC131168C4F8C813516894
:10472000C4F8CC139168C4F8D013D168C4F8D4137A
:10473000106A516AC4F8DC1302F5C052C4F8D803F9
:104740001168C4F8E8135168C4F8EC139168C4F810
:10475000F013D168C4F8F413116A089D526A099ED7
:10476000C4F8F813C4F8FC2301204FF60F714FF082
:10477000030E00FA03F20A424FEA430203F1010377
:1047800006D0DCF800700EFA02F23A43CCF80020B2
:10479000102BEED1CDE900561148002303224EF62E
:1047A000F5710AF033F8CDE900560E4800230322D4
:1047B0004FF6F6710AF02AF8034BDA6C22F0010288
:1047C00012E000BF780000200010024000200240EC
:1047D00000580040003001400038014000440040D3
:1047E00000040048001C0048DA64DA6C22F002027F
:1047F000DA64DA6C4FF0E02122F08002DA640B69AF
:1048000023F002030B61FFF7EBF894F83032054612
:104810004BBBBE49BE4A07E062B6BFF34F8FBFF342
:104820006F8F94F83032F3B972B6BFF34F8FBFF386
:104830006F8F94F83032002BEED10B6823F0070312
:1048400043F001030B60136943F00403136130BFAD
:10485000136923F004031361DEE7AE480BB0BDE833
:10486000F0400DF0CDBD002384F83032FFF7B8F8EA
:10487000401B05D500F1A46000F5CB2000F5806059
:10488000E36E4FF0E0220344E3661369A24843F06D
:1048900002031361FCF7F8FFD4F89C139F48FDF75F
:1048A000CDFA4FF090400121FBF772FCD4F8A82319
:1048B000D4F8C4130260D4F8AC234260D4F8B02317
:1048C0008260D4F8B423C260D4F8B8230262D4F86A
:1048D000BC234262003918BF0121FBF759FC00F5E7
:1048E00080600121FBF754FCD4F8C833D4F8E413FA
:1048F0000360D4F8CC334360D4F8D0338360D4F869
:10490000D433C360D4F8D83303620039D4F8DC332D
:10491000436218BF0121FBF73BFC00F5C0500121A9
:10492000FBF736FCD4F8E833D4F804140360D4F869
:10493000EC334360D4F8F0338360D4F8F433C360CD
:10494000D4F8F8330362D4F8FC334362003918BF5B
:104950000121FBF71DFC0AF055F894F8A033282B31
:1049600000F0B7800AF0E2F86D48FFF7F1FAD4F8EA
:10497000A433222B3BD06B480BB0BDE8F040FFF7CF
:10498000E7BA02F1804202F504324FF4C061136EBF
:1049900023F480434FF090401366FBF7FDFD47E69C
:1049A0009A6D614822F480029A654FF48061FBF7AA
:1049B000F3FD4FF40061FBF7EFFD5C4B0222C3F8FF
:1049C0008420BFF34F8FBFF36F8FFCE5584A136EFF
:1049D00023F48053E02113664FF09040FBF7DCFD99
:1049E000206E0AF06DF9E06D0AF06AF902E6D4F87B
:1049F000A802D4F88822B4F88C32D4F8B412002873
:104A000000F0D9802029B6D1002AB4D0002BB2D032
:104A10000021D4F83452C4F8941246498D4203D090
:104A200069680E0200F147810021C4F8B812222102
:104A3000C4F88822A4F88C32C4F8B4123E49C1628A
:104A40003E4901633E4941630021816305F1240130
:104A5000FBF7F0FB002840F05181D4F8443293B1C9
:104A600055E8003F43F4807345E800324AB1D4F87A
:104A7000342252E8003F43F4807342E800310029B9
:104A8000F5D1D4F8345205F1080353E8003F43F060
:104A9000010305F1080141E8003262B1D4F8342283
:104AA00002F1080353E8003F43F00103083242E8F3
:104AB00000310029F2D1D4F8342202F1080353E87E
:104AC000003F43F04003083242E800310029F2D1B0
:104AD00051E794F81922202A7FF444AFD4F8D82162
:104AE00084F8193213681749C4F80C1243F0B8035C
:104AF000136037E70E4A136E23F480434FF4C0610E
:104B00004FF090401366FBF747FDB2E500700040A0
:104B100000ED00E044740108BC0300200004002004
:104B2000AC020020340300200004004800E100E053
:104B300000100240008000408112000809130008A4
:104B4000355200084520000802F5E6320F21936D2A
:104B500023F4003393654FF09040FBF71DFDD4F82C
:104B6000A8020AF0ADF8D4F8A4020AF0A9F8734B31
:104B70004022C3F88420BFF34F8FBFF36F8F57E5F8
:104B80006F4A936D23F4003393650F214FF09040EB
:104B9000FBF702FDD4F830030AF092F8D4F82C03A6
:104BA0000AF08EF8654B4022C3F88420BFF34F8F84
:104BB000BFF36F8F5DE520297FF4DDAE002A3FF45F
:104BC000DAAE002B3FF4D7AED4F83412C4F8940216
:104BD0005C48814215D04868000212D551E8000FA8
:104BE00040F0806041E800054DB1D4F8340250E84F
:104BF000001F41F0806140E80015002DF5D1D4F888
:104C00003412D4F83C52C4F888220020B5F5805FF5
:104C1000A4F88C32A4F88E32C4F89C0200F085808F
:104C2000002D78D1D4F84432002B0CBFFF207F2018
:104C300000222223C4F8B822A4F89002C4F8B432A7
:104C400001F1080353E8003F43F00103083141E854
:104C5000003262B1D4F8342202F1080353E8003F75
:104C600043F00103083242E800310029F2D1D4F8C0
:104C70003C22D4F84432B2F5805F46D0324AC4F8C0
:104C80009C226BB1D4F8342252E8003F43F4907375
:104C900042E800310029F5D16DE62C4BC4F89C3276
:104CA000D4F8342252E8003F43F0200342E80031B8
:104CB0000029F5D15FE655E8001F41F0806145E825
:104CC000001048B1D4F8340250E8001F41F0806170
:104CD00040E80015002DF5D10021D4F8A802C4F851
:104CE000B8122221D4F83452C4F88822A4F88C32A5
:104CF000C4F8B41200283FF4B0AE9FE6102220237F
:104D0000C4F8B822C4F8B43235E6002BC5D00E4B37
:104D1000C4F89C32B6E7B5F1805F89D1D4F844324B
:104D2000002B0CBF7F203F2082E7D4F84432002BB9
:104D300040F2FF1018BFFF207AE700BF00E100E05B
:104D4000001002400080004025130008F513000801
:104D5000F0B4C56F202D4AD10C4601B112B9012023
:104D6000F0BC7047194600252123C0F88450C36762
:104D70008368294FA0F85020B3F5805FFE6EA0F83D
:104D8000522037D0B0F85220036892B2B2B1DA693B
:104D9000120604D44A1C1DD1DA691206FCD504B3EC
:104DA00014F8012B1A85B0F85220013A92B2A0F8FB
:104DB0005220B0F8522092B2002AE8D1DA695206A5
:104DC00004D44C1C1CD1DA695106FCD52023C367DE
:104DD0000020C5E7FA6E921B914218D3B9B11A6848
:104DE000D5E735F8022BC2F308021A85DBE702206B
:104DF000F0BC70470369002BC4D125461C46C1E7AF
:104E0000FA6E921B914202D309B11A68D6E72023A9
:104E1000C367F0BC0320704778000020026852E8A6
:104E2000003F23F4907342E800310029F7D102F1EA
:104E3000080353E8003F23F0010302F1080C4CE89B
:104E400000310029F3D1036E012B06D0002320226C
:104E5000C0F8802083660366704752E8003F23F065
:104E6000100342E800310029F0D052E8003F23F05F
:104E7000100342E800310029EFD1E7E770B5AE4CEE
:104E8000D4F83452EB692A68A96840F60F0003424F
:104E900040F08780980602D5960600F1F380D4F89A
:104EA0009402012816D0D80202D5490200F1F480FC
:104EB0001E0605D4590602D5530600F1258170BDA2
:104EC0001006F7D5D4F8A032002BF8D0BDE870401A
:104ED0009A481847DE06E6D5D006E4D510232B62A3
:104EE000AB68B4F88C225B0640F14281D4F8A8325A
:104EF00019684B689BB2002B00F07C81934280F0D4
:104F00007981A4F88E320B689E0644D455E8003FA0
:104F100023F4807345E800324AB1D4F8342252E8D1
:104F2000003F23F4807342E800310029F5D1D4F822
:104F3000342202F1080353E8003F23F00103083252
:104F400042E800310029F2D1D4F8342202F10803FA
:104F500053E8003F23F04003083242E800310029C3
:104F6000F2D12023C4F8B432C4F89412D4F8342215
:104F700052E8003F23F0100342E800310029F5D148
:104F8000D4F8A83293F82520022A00F03A810422AE
:104F9000DA6383F824100223C4F89832B4F88E320E
:104FA00070BD11F0010640F09E80654802423FF45A
:104FB00076AFD8070FD5D10540F1D68001212962FF
:104FC000D4F8B81241F00101C4F8B81299076BD5B2
:104FD000002E40F08C8058077DD51E0700F1C1805F
:104FE0001E050AD5500108D54FF400612962D4F896
:104FF000B81241F02001C4F8B812D4F8B812002950
:105000003FF45DAF990602D5920600F1A080D4F876
:10501000B822AB6802F0280203F04003134300F00B
:10502000E6804648FFF7FAFEAB685B067FF547AFC0
:1050300005F1080353E8003F23F0400305F10801A0
:1050400041E8003262B1D4F8342202F1080353E897
:10505000003F23F04003083242E800310029F2D13A
:10506000D4F8A80200283FF42AAF364B8363FBF73D
:1050700021FA00283FF423AFD4F8A802BDE870401D
:10508000836B1847D4F89C32002B3FF418AF04F51B
:105090000D70BDE8704018474FF480132B6270BD4F
:1050A000D1058BD4980722D4590714D5002E94D05B
:1050B00004212962D4F8B812180741F00201C4F89B
:1050C000B8128DD508212962D4F8B81241F0080130
:1050D000C4F8B81284E7190782D502F020013143E1
:1050E0003FF47EAFEEE7D807DAD499072CD502213A
:1050F0002962D4F8B8125E0741F00401C4F8B8126E
:10510000D6D41907DED46BE755E8003F23F04003FF
:1051100045E800324AB1D4F8342252E8003F23F087
:10512000400342E800310029F5D120220023C4F8D1
:10513000B022C4F8A03270BD78000020AC0200207C
:1051400020010004151300085E07B1D4D9E7D4F894
:105150009C32002B3FF45BAF35489847D4F834526B
:1051600055E79006AED43BE798073FF534AF9BE791
:10517000B4F88E12B4F88E329BB289B2002B3FF491
:105180009EAE91423FF49BAE55E8003F23F49073EE
:1051900045E800324AB1D4F8342252E8003F23F403
:1051A000907342E800310029F5D1D4F8342202F19D
:1051B000080353E8003F23F00103083242E80031BE
:1051C0000029F2D12023C4F8B432C4F89C12C4F8E8
:1051D0009412D4F8342252E8003F23F0100342E83E
:1051E00000310029F5D10223C4F8983270BDC4F80B
:1051F000B83270BD93427FF462AE0B689D06F2D464
:1052000070BD1A681D6C106820F00E0010601068E8
:1052100020F0010010605A6C012002F01C0200FA1C
:1052200002F26A6083F8250083F82410B3E600BF19
:10523000AC020020806A0368C16F10B5D0F88040CE
:105240009A68120601D521290BD09B685B0601D50F
:10525000222C1DD0D0F8843043F01003C0F88430E5
:1052600010BD0022A0F8522053E8002F22F0C00207
:1052700043E80021026839B152E8003F23F0C0033F
:1052800042E800310029F7D12023C3671346DCE749
:105290000023A0F85A30FFF7C1FDD0F8843043F066
:1052A0001003C0F8843010BD10B5084950226C209E
:1052B00005F07EF8044630B1054B40F8043B054943
:1052C00068220DF06BF8204610BD00BF98740108ED
:1052D0000FB03713FC2F010808B518B1074B02684F
:1052E0009A4208D0064B074AD3F88030064900207E
:1052F0009847012008BD90F8620008BD0FB0371331
:1053000078000020A07401089874010808B518B14D
:10531000074B02689A4208D0064B074AD3F8803000
:10532000064900209847002008BD012008BD00BFA5
:105330000FB0371378000020A0740108987401089A
:1053400038B504460D46FFF7E1FF08B184F8625016
:1053500038BD00BF10B418B10C4B04689C4208D093
:105360000B4B0C4AD3F880300B495DF8044B0020FE
:105370001847032A02D9064B084AF3E702EB8202D8
:1053800000EB82005DF8044B416070470FB03713AB
:1053900078000020A074010898740108B87401080E
:1053A00010B418B10C4B04689C4208D00B4B0C4A4B
:1053B000D3F880300B495DF8044B00201847032ACE
:1053C00002D9064B084AF3E702EB820200EB8200A7
:1053D0005DF8044B018170470FB03713780000204F
:1053E000A074010898740108B874010810B418B1C9
:1053F0000C4B04689C4208D00B4B0C4AD3F880300D
:105400000B495DF8044B00201847032A02D9064BCC
:10541000084AF3E702EB820200EB82005DF8044BDE
:10542000418170470FB0371378000020A074010845
:1054300098740108B874010810B418B10C4B0468D2
:105440009C4208D00B4B0C4AD3F880300B495DF8D6
:10545000044B00201847032A02D9064B084AF3E7F9
:1054600002EB820200EB820001755DF8044B70478D
:105470000FB0371378000020A07401089874010859
:10548000B874010810B418B10C4B04689C4208D0E1
:105490000B4B0C4AD3F880300B495DF8044B0020CD
:1054A0001847032A02D9064B084AF3E702EB8202A7
:1054B00000EB82005DF8044B818170470FB0371319
:1054C00078000020A074010898740108B8740108DD
:1054D00010B418B10C4B04689C4208D00B4B0C4A1A
:1054E000D3F880300B495DF8044B00201847032A9D
:1054F00002D9064B084AF3E702EB820200EB820076
:1055000081735DF8044B70470FB0371378000020AB
:10551000A074010898740108B874010810B418B197
:105520000C4B04689C4208D00B4B0C4AD3F88030DB
:105530000B495DF8044B00201847032A02D9064B9B
:10554000084AF3E702EB820200EB82005DF8044BAD
:10555000017470470FB0371378000020A074010861
:1055600098740108B874010810B418B10C4B0468A1
:105570009C4208D00B4B0C4AD3F880300B495DF8A5
:10558000044B00201847032A02D9064B084AF3E7C8
:1055900002EB820200EB82005DF8044B417470471D
:1055A0000FB0371378000020A07401089874010828
:1055B000B874010838B504460D46FFF7A7FE08B1D8
:1055C000A4F85C5038BD00BF10B418B10C4B04688F
:1055D0009C4208D00B4B0C4AD3F880300B495DF845
:1055E000044B00201847032A02D9064B084AF3E768
:1055F00002EB820200EB8200C1745DF8044B70473D
:105600000FB0371378000020A074010898740108C7
:10561000B874010810B1024B9B6F1847704700BF68
:105620007800002010B50446FFF770FE00B910BDE9
:10563000002323602046BDE81040EBE770B50C4620
:1056400018B11F4B0168994208D01E4D1E4AD5F86B
:1056500080301E490020984754B370BD3CB3416868
:1056600082600868B0F89430028F04EB430304EBC7
:105670004202C364B0F896304261D0F8982004EB3F
:10568000430303654AB1B0F89C3004EB4303136154
:10569000B0F89E3004EB43035361B0F8E4204B684C
:1056A00004EB4204C0F8B040BDE870401847054D17
:1056B000D5F88030064A0549BDE8704000201847FB
:1056C0000DB0371378000020F4740108E874010865
:1056D000D074010810B520B10C4B02689A42044600
:1056E00008D00B4B0B4AD3F880300B49BDE8104073
:1056F00000201847406818B1C368984700236360CA
:10570000002323602046BDE8104083E70DB0371327
:1057100078000020F4740108E874010810B520B185
:105720000B4B02689A42044608D00A4B0A4AD3F847
:1057300080300A49BDE81040002018470069002366
:10574000236008B1FFF766FF2046BDE8104061E71F
:105750000EB0371378000020107501082875010875
:1057600038B5144B04464FF480529A6206F042FE5C
:105770002368DD68284604F087FEA0B9206A04F09B
:1057800023FE606A0CF020FEE06A0CF01DFEA068AB
:105790000CF01AFE20690CF017FE606810B1BDE82D
:1057A0003840BBE738BD00232B602846FFF732FFA7
:1057B000E4E700BF000400482DE9F041174F1D4603
:1057C000D7F8843013B1BDE8F0411847FB6F4FEABA
:1057D0004208002AF7D08F1EA8F1020406468E4622
:1057E0000C443A4632F802CF9CFA9CFCA242A2F842
:1057F00000C0F7D142467146304698470DB9BDE822
:10580000F08137F8023F5BBAA7423B80F7D037F808
:10581000023F5BBAA7423B80F3D1F0E7780000205B
:1058200000B583B041F4A041012394464FEA124EE3
:10583000ADF80010ADF80230042200236946ADF83F
:1058400004E0ADF806C0FFF7B7FF03B05DF804FB56
:1058500010B50F4C8C461146B4F8702003F1020EBF
:10586000B2EB4E0F07D2D4F880300A4A0A49BDE89D
:10587000104000201847013B4CF4A04C4B802EF008
:105880000042A1F800C0BDE81040002394E700BF2B
:105890007800002030750108507501082DE9F04F9F
:1058A000ADF5137D06460C46154600214FF4E27215
:1058B00021A89A460CF046FC3C22002112A80CF0CC
:1058C00041FC9D9B93F8C5716FB1664B664AD3F856
:1058D00080306649002098474FF0000840460DF59B
:1058E000137DBDE8F08F0DF11808CDF800800AABEC
:1058F00021AA29462046FCF767FE0028ECD0414645
:1059000094F85B200AA812ABFBF728FE804600281B
:10591000E2D09E9ABDF85A3013809F9ABDF85E304F
:1059200013809D9808AB0DF1160221A906F08AFAA2
:10593000BDF82020BDF816309A4206D29D9B224623
:10594000294621A8FCF746FDC8E743F23703089330
:105950000322012308A93046ADF82470FFF72CFF7D
:10596000BDF8243013F0C00310D1ADF8243043F259
:10597000310308930322012308A93046FFF71CFFD7
:10598000BDF824204AF6C0439A425CD19D9808ABEA
:105990000DF1160221A906F055FABDF81690BDF8D2
:1059A00020B0D94508D9324B0893304608A90023C6
:1059B0000222FFF701FFC1E72A499C9AB1F8701053
:1059C000CDF808804FEA5A0349088B4228BF0B469E
:1059D0000BF10201023BA1EB090123F0010389B2A3
:1059E0008B4228BF0B460432AA469FB290460394CE
:1059F0001D4604E0B9441FFA89F9D94511D808AB0E
:105A00004A46414621A8089504F092FC0446002825
:105A1000F0D0089B9C9A4FEA59013046FFF718FFD7
:105A2000E8E7134B089355463046A24608A90023E1
:105A30000222DDF80880039CFFF7BEFEBAF1000FDA
:105A40003FF44AAF7AE7074B93F88820002A3FF4E7
:105A500043AFD3F88040074A074933460120A047A7
:105A60003AE700BF7800002064750108546F010810
:105A700080100100A4750108C8750108F0B583B055
:105A800043F21C02009201230E46002403226946C1
:105A90000746ADF80440FFF78FFEBDF8043013F45D
:105AA000006517D141F21B042B4669463846022295
:105AB000009446F40066FFF77FFE38462B466946A1
:105AC0000222ADF80040ADF80260FFF775FE01203C
:105AD00003B0F0BD054B064AD3F880500549204677
:105AE0003B46A847204603B0F0BD00BF7800002029
:105AF000E075010810760108F0B5012983B005466C
:105B0000144622D002290AD01C4B1D4AD3F88040EB
:105B10001C4903460020A047002003B0F0BD43F21B
:105B2000460384270026ADF80030284601230322CF
:105B30006946ADF80260ADF80460FFF73DFEBDF8C0
:105B4000040030B16CB90120E7E743F24503832735
:105B5000E8E70A4B0C4AD3F880400A492B46A04795
:105B6000DAE747F480573346694628460222ADF803
:105B70000070ADF80260FFF71FFEE4E77800002038
:105B800028760108107601084476010838B520B15E
:105B9000164B02689A42044608D0154B154AD3F8B2
:105BA0008030154900209847002038BD037B43B959
:105BB00080681521FFF762FF0028F5D001232373C9
:105BC00038BD0569806895F8C6110122FFF794FF7A
:105BD00095F8C53143B195F8C631022B0CBF0123AE
:105BE000022385F8C63138BD0123FAE70EB037131A
:105BF000780000201075010828750108F0B501290A
:105C000085B00646154633D0022925D143F232032A
:105C100001240027ADF808300322012302A93046F1
:105C2000ADF80A70ADF80C70FFF7C6FDBDF80C308A
:105C30006B8003F00702012A2A802AD013F00600A5
:105C40001AD11849184AD1F8804018490096A0473F
:105C50000024204605B0F0BD124B154AD3F8804011
:105C6000124903460020A0474FF440530024D0E7D8
:105C700043F233030C46CCE7023A012AE9D9094A38
:105C80000096D2F8804009490A4A3846A0472F803A
:105C9000DEE70449084AD1F88040044900963846B6
:105CA000A047D5E778000020787601081076010833
:105CB00028760108DC760108A87601082DE9F04174
:105CC00084B028B1714B0D460168994204460AD050
:105CD0006F4B704AD3F880306F49002098470020FE
:105CE00004B0BDE8F0818388C1880B44B2EB430F58
:105CF00007D2674B694AD3F880306749002098473C
:105D0000EDE7D0F81080866898F8C67143F2370343
:105D100002930023ADF80C300322012302A9304680
:105D2000FFF74AFD012FBDF80C300DD0022F0CBF3C
:105D30008020C020184009D1554B594AD3F88040E3
:105D400058493346A047CAE74020F3E798F8C61100
:105D500002AA3046FFF752FF0028C0D0BDF8083035
:105D6000032B0BD04A4ABDF80A30D2F880404D4987
:105D700000934D4A33460020A047B0E72169BDF8A3
:105D80000A2091F8C431C2F300122A8033B191F88D
:105D9000C631A3F10103B3FA83F35B096B80B1F859
:105DA000C831AB80AA1D01F5E57301F5FD77D3F885
:105DB00000C05E689868D3F80CE0C2F80CE01033BD
:105DC000BB42C2F800C05660906002F11002EED1F2
:105DD000B1F8FA31EB8605F1380201F5FE7301F5F1
:105DE0000B77D3F800C05E689868D3F80CE0C2F86F
:105DF0000CE01033BB42C2F800C05660906002F164
:105E00001002EED1B1F82C32A5F8683005F16A0223
:105E100001F22E2301F25E21D3F800C05E6898687B
:105E2000D3F80CE0C2F80CE010338B42C2F800C08B
:105E30005660906002F11002EED1E6882369A068F6
:105E4000A18893F8C621B6F5005F0FD8013A18BFB4
:105E5000012205EB41011203334606F06FF898B1B9
:105E6000301E18BF012004B0BDE8F081084C0F4A75
:105E7000D4F880300E4900209847D4F880300D4A7D
:105E80000849002098472AE7014CF6E70EB037137F
:105E900078000020107501082875010810770108A6
:105EA00028770108546F01084877010874770108C2
:105EB000507501088C77010810B582B001AA012144
:105EC0000446FFF79BFE002201212046FFF714FE47
:105ED000BDF80430022B09D00649074AD1F88040AA
:105EE00006490020A047002002B010BD012002B0EA
:105EF00010BD00BF78000020B877010800780108C5
:105F000038B5074D6B6F9847044608B1204638BD39
:105F1000D5F88030034A04499847204638BD00BF71
:105F200078000020207801083078010870B5FEB0B4
:105F30004FF4E27204460D460DA8002103AE0CF0AA
:105F400001F900960DAA05AB00212046FCF73CFBA9
:105F500008B97EB070BD94F85B202B46314605A889
:105F6000FBF7FCFA7EB070BD2DE9F04F2DED028BF2
:105F7000B3B020B1B04B02689A4206460ED0AF4B88
:105F8000AF4AD3F88030AF49002098474FF000085F
:105F9000404633B0BDEC028BBDE8F08F0F46672260
:105FA000A949102004F004FA80460028EED0A74B3F
:105FB000036096F86240A6493822ACB31020B6F8C8
:105FC0005C4004F0F5F9A24982463922FC2004F035
:105FD000EFF90546A4B39E493E22602004F0E8F99B
:105FE00001248146BAF1000F2CD05DB314B1B9F190
:105FF000000F27D0C5F8989023A9CAF80050301D8B
:10600000FFF794FF40BB8D4B924AD3F88030904904
:1060100098475046FBF770FA0024C8F80440404601
:10602000FFF758FBA046B3E7102004F0C1F98849F8
:1060300082463922FC2004F0BBF9A1460546D1E78F
:10604000A146CFE75046FFF7E5FA2846FFF7E2FA08
:106050004846FFF7DFFADFE7BDF8A030BDF8AC2017
:10606000D5F898002B871A4492B20492A5F89E2086
:10607000BDF8A220019005F1F8015200C5F8841086
:1060800005F1F401C5F8E820C5F88810002205F1F3
:10609000F601C5F89420A5F89C20C5F88C1005F1F0
:1060A000F00205F1F7016A62C5F8901030B105F110
:1060B000EC01816105F1F5014262C165C5F8D820A6
:1060C000049AA5F8E420C5F8DC8096F862200292D4
:1060D00062B1029A14A90DF1B60001EB420430F846
:1060E000022F520821F8022BA142F8D1BDF8A820B6
:1060F0009DF8C4100C911A4492B20D92B6F85C202F
:10610000BDF8AA109DED308A03920E9122B1BDF820
:10611000AE200399B2FBF1F20892BDF8A4201A4414
:10612000A5F87C20BDF8A6201A44DDF88E30C5F80D
:106130007630BDF89230A5F87A30474B2B64474B48
:106140006B64474BAB64032385F874300F23A5F8C9
:106150008030019BA5F87E20002B00F0A481002355
:1061600025990991CDE91C3326990A91CDE91E3371
:10617000CDE92033BDF89C10029C0B911DAA9446DA
:106180000DF1AE01D8B2A04207D231F8020F22F8C9
:10619000020F088910810133F4E70199314A4A60FE
:1061A000314A039B8A60314A0B87CA60089B029A76
:1061B0004B870023C1E91333C1E91533002A00F0EE
:1061C00072812B4A06922B4A05922B4A0792019A1A
:1061D000CDF8448002F13A014832CDE90F5ACDE9B9
:1061E00012679A46E14688463746934639F8025F79
:1061F00028F8025FB9F808602049A8F808602F2243
:10620000EC20FFF77DFEEC2200210446002800F080
:10621000AB800BF097FF1A4B1A4A23641A4B636446
:10622000A2643A7D013A042A00F24881DFE802F0D4
:1062300093992E962E0000BF0FB0371378000020E0
:10624000A074010898740108E87401080DB03713B0
:106250004078010850780108C57B00086D7C000873
:10626000657C0008E97A0008657B00085D7B000812
:10627000757C0008817C00082DA300087478010853
:10628000A9860008D57C0008DD7C00086FF00C00B2
:10629000049B797C97F810C084F875101D440B9B03
:1062A000A4F87A30039BA4F87E30089BA4F88030D1
:1062B000DDE90923ADB2002918BF1A467968069BAB
:1062C000C4F87620A4F87C50C4E92110B968C4F859
:1062D0009C30059BC4F8A030079BC4F88C10C4F810
:1062E000A43004F1E401019B61627600224684F847
:1062F00074C0C4F8E060A4F89650A4F8DC50C4F868
:10630000D430C4F8D0106E49C4F8D81004F13C0061
:1063100004F1E801C4F8901042F8980BE26301F030
:10632000DDFC002873D02068C26890470AF1010A9A
:10633000029B4BF8044F5FFA8AF29A4207F1140766
:10634000FFF454AFDDE90F5AD5F89830139F01934D
:10635000DDE911863AE06FF00B0099E76FF00F006E
:1063600096E76FF0060093E7D346DDE91267DDE9B3
:1063700010A80F9DDFF858910199524A0BF11203B2
:1063800001EB83035FFA8BF44FF0000BC3F804B00A
:106390004D49D9F8803058469847029503962546CE
:1063A0004E46DDF8049009E0D4B209EB8404D5B27E
:1063B000E06C08B1B26F9047C4F84CB06A1E002D73
:1063C000F2D1DDE90256D5F898300193069BC5F865
:1063D000A430059BC5F8A830079BC5F8AC30019ADE
:1063E0003A4BC5F8E03005F13C032B60002A61D040
:1063F00005F1A003EA631360286883689847C0B971
:10640000334B344AD3F880303349984701E6DFF8FC
:10641000C090304AD9F8803030490F9DDDE91267CD
:10642000D346DDE910A89847D9F878302046984738
:10643000A2E72868C3689847294ACAF804200023BD
:10644000284ACAF80C20CAF80830C8F804A07B8093
:1064500096F8625014A807F10A011A469C46DCB26D
:10646000A5421CD9048821F8062C224492B27A80D5
:106470000133042B21F8024F00F10200EFD1B6F8EE
:106480005C3087ED058A13FB02F33B800C9B3B7667
:106490000D9BA8F80C300E9BA8F80E3078E521F87B
:1064A00006CC0024E4E7104B0693104B0593104BE9
:1064B00007938BE705F1A003EB639DE70020E7E678
:1064C0004D850008A8780108CC780108C11400089F
:1064D0007800002088780108407801087478010865
:1064E000E9140008F9140008757C0008817C000894
:1064F0002DA3000830B583B00025294600957B23E5
:10650000FF22044603F04CFD0121009120468B231D
:10651000022203F045FD8B238022009507212046AF
:1065200003F03EFD03B030BD70B582B043F23702D8
:1065300000230092ADF8043003220123694605468A
:10654000FFF73AF9BDF8043013F0C00F1AD143F247
:106550001C02012300920024694603222846ADF85C
:106560000440FFF729F9BDF804301B0517D50F4B80
:106570000F4AD3F880600F4920462B46B04720468B
:1065800002B070BD094B93F88820002ADFD0D3F801
:106590008040094A07492B460120A047D7E72846F3
:1065A000FFF7A8FF012002B070BD00BF78000020F7
:1065B0000879010810760108DC7801082DE9F04F10
:1065C0002DED048B1C461B78ADF21C4D05460F4685
:1065D00091460A2B12D8DFE813F021000B0072005D
:1065E000F7007C010002AB02D20324045504210011
:1065F000FFF762FC002840F00A852378C84ED6F8E1
:106600008050C84AC8490020A84700200646267086
:106610000DF21C4DBDEC048BBDE8F08FC04EDDF8D3
:106620005004EC2200210BF08DFDD6ED237ADFED36
:10663000BF5ADFEDBF6AF8EE677AB6EE006A85EE04
:10664000A77AF4EEE67A37EE067AF1EE10FABCEEAF
:10665000C77A17EE103A1FFA83F800F333849FEDE0
:10666000B57AF4EEC77AF1EE10FA00F12B84A8F1B6
:10667000100292B2EF2A40F2AD869FEDAF7ADFEDC5
:10668000AF6AD6F8805077EE877A37EE877ABCEE1D
:10669000E78ABCEEC77AB8EE477A77EEC77A67EE3C
:1066A000A67AFCEEE77A17EE907AA54BA54AA649A2
:1066B00001978DED008A0020A84723789FE7FFF718
:1066C000FBFB0490002898D041230022394628463D
:1066D00005F034FC0023028C0292A0F1020A03931D
:1066E00098464FF6FF7B5A1E02FB02F2C2EBC20233
:1066F000510001F5167CC83A3AF9021F002B00F050
:1067000073843AF902EC01F57A76A1EB0E0191421D
:10671000FFF673AF61453FF770AF86EAE672A2EB12
:10672000E67292B25A4505D2990089B2DDF810801E
:10673000039193460133102BD5D1B8F1000F3FF4EC
:106740005CAF039A82F0300ADDF85024A2F804A06E
:10675000B0F822B0B0F88020A2EB0B02B2F5FA6FCD
:10676000FFF64BAF7949CDF810A01204A1FB02123D
:1067700052094FF0000C2030039266464FF6FF7E20
:106780000AE0514538BF4FF000080133039A9BB22D
:10679000402B944400F05D8730F8021F029A8A1A59
:1067A000002AB8BF524292B272450BEB1C4A38BF66
:1067B00096460AF5487238BF1E468A4201F548716E
:1067C000DFD24FF00008E0E7FFF776FB00283FF448
:1067D00014AF394600222023284605F0AFFBB0F95C
:1067E00000200746844616460121002096463CF9C3
:1067F000022F02F54873A3EB0E039BB2B3F5C86FEB
:106800003FF6FBAEB242A8BF084601F10101A8BFA6
:1068100016462029EAD1072840F2B5861728A0F1AC
:10682000070340F24B87D3F1200240F0AF8646AB1E
:10683000039303982EA903F073FC00283FF4DDAE08
:106840009DED2E6AB5EE406AF1EE10FA3FF4D5AE3A
:106850009DED2F7AB5EE407AF1EE10FA3FF4CDAE11
:10686000DDED306AF1EE666AC6EE877AF5EEC07A43
:10687000F1EE10FAFFF6C1AEB1EE477AC7EE066A46
:10688000F5EEC06AF1EE10FA7FF5B7AEB7EE007A1A
:1068900077EE877AFCEEE77A17EE903A9AB23F2AC3
:1068A000C3F34E033FF6A9AEDDF8502483F0100386
:1068B000D38040F215312846FFF7E0F8042600287F
:1068C00000F0E58226700DF21C4DBDEC048BBDE896
:1068D000F08FFFF7F1FA00283FF48FAE50233946CE
:1068E0000022284605F02AFBDDF85034CDF8189038
:1068F000CDE9045703F10A013023A0F1020B9C46B5
:106900000846A246124B002447F6FF76CDE9020B5B
:106910005D464FF6E472A646A1461F46B04623E008
:1069200078000020787901089C790108F902154F58
:106930008096984C8096984BBD3706350024744954
:106940009C8401083879010864790108ABAAAAAAD5
:106950000080FFFF8E4204F10104C4BFDE460E46F4
:106960000832082C92B21AD035F9021F0FFA82FBB6
:106970004CB135F8020C081A00B28045A8BF804619
:106980008742B8BF07460029E4DA8B4204F10104CC
:10699000BCBFD9460B460832082C92B2E4D1A7F509
:1069A0001C57103FBFB244F620629742DDE9020B4C
:1069B00011D8B8F1000F0ED113F5004F00F0DB85B0
:1069C00047F6FF72964200F03F86AEEB090EBEF12D
:1069D000080F00F0AD8254460FE6FFF76DFA00286D
:1069E0003FF40BAE4FF4407339462846002205F0C1
:1069F000A5FA0DF1340B00F5C063CDE904B3002313
:106A0000029346AB0393484E484F099416ABCDE929
:106A100007B50DF1B80906930DF58A780546069C71
:106A2000AA46BAF902103AF9040B03F0E9FA44F85D
:106A3000040B4C45F5D12DACA346AA46BAF9621019
:106A4000BAF9600003F0DCFA4BF8040FC3450AF111
:106A5000040AF3D1DDE902230DF1540E9818002148
:106A600054F8043F5EF8042F9B1AB34240F3578258
:106A7000A3F5C9237E3BB342FADC002BB8BF5B42CF
:106A80009942B8BF1946A04540F8043BE8D1049BA1
:106A9000491043F8041F0493029B60330293059B43
:106AA000C0359D42BBD1DDE907B50021099C0A46EE
:106AB0000B465BF8040F9042C8BF194603F101036F
:106AC000C8BF0246082BF4D10EAB0DF1B70253F844
:106AD0002160039B01EB410103EB41110DF1CF005C
:106AE00051F8043BB342ACBF0023012302F8013F3D
:106AF00082421376F4D10020012302460AE029B134
:106B000019F8011C002904BF1A4601200133302B5B
:106B100000F0F48319F8011F002AF0D0002900F0DA
:106B200001820130F2E700BF3F240300C1DBFCFF1C
:106B30004FF6FF73ADF83830FFF7BEF900283FF489
:106B40005CADD54ED54AD6F88C30A2FB0328DDF8D3
:106B50005034B3F8E0304FEA9818394603FB08F890
:106B600000224FF44073284605F0E8F946AB07468B
:106B70001A46039340460EAB394604F0E3FFC84B78
:106B8000372283F82420002800F08281DDF8502489
:106B9000BDF838305384C34900932846C24A0C23B9
:106BA00005F0D2FC284640F21741FEF767FF0028A7
:106BB00000F06E819FEDBD7AF7EE007A3D4607F159
:106BC000C00007F5D86E0DF1B80CA0F1C0034FF06E
:106BD0000008B3F9022002FB02F1B3F900200433EC
:106BE00002FB021298429044F3D106EE908AB8EE6E
:106BF000E66AC030C6EE076A8645B1EEE66AC7EEC1
:106C0000866AECEC016AE0D1DDF850349FEDA88A89
:106C10009FEDA89ADFEDA88A03F1880916AB6037CB
:106C20000DF1D8089A46039B2EA92A46B2F9000016
:106C3000F1EC016A07EE100AB2F9020007EE900AC1
:106C4000B8EEC77AF8EEE77A27EE267A67EEA67AEC
:106C5000B2F9600027EE076A27EE277A67EEA77A77
:106C600083ED017A07EE100AB2F96200C3ED027AF1
:106C700007EE900AB8EEC77AF8EEE77A27EE267AA2
:106C800067EEA67A83ED006A27EE076A27EE277A79
:106C900067EEA77A414583ED186A83ED197AC3ED53
:106CA0001A7A02F1C00203F10C03BFD1039810223B
:106CB000514603F035FA002800F0EA80DAED006A68
:106CC0009AED017AF1EEE67AB1EE006A66EE866A36
:106CD0009AED026A67EE075A66EE866AB6EE006AB9
:106CE00076EEE56AF6EE085AB1EEE64AC6EE276A97
:106CF00077EEE57A26EE877A67EE887A66EE846A22
:106D0000F7EE004A77EE867A37EE247A76EEE56A79
:106D1000B3EE0F5A27EE097A66EE886AF4EEC57A6A
:106D2000F1EE10FA37EE067A76EE866A00F3718499
:106D3000F5EEC07AF1EE10FA00F18884FCEEE77A05
:106D400017EE903A1BB2B4EEE87AF1EE10FA40F387
:106D500051846FEA83536FEA9353F3EE0F7AF4EEA4
:106D6000E76AF1EE10FA40F3368443F478730435A1
:106D7000AF4229F8023F7FF456AF072647E4FFF7FA
:106D80009BF800283FF439AC1023394600222846EE
:106D900005F0D4F8DDF85034B3F88A300026844684
:106DA00003F01F09C3F344189B0A09F1300908F1E5
:106DB0003008A3F120000296B246B64637460CF1E1
:106DC000020B0BE05345774640F26E82D6469A4658
:106DD000B3B202930136082E00F068823CF92630E7
:106DE0003BF9262009FB03F302FB00F1002BB8BF9F
:106DF0003F33002902FB08F2B8BF1F319B11002A64
:106E000003EB6113B8BF3F321BB242F38F1203FB97
:106E100003F302FB0233BB42DCD97345D2D81F46D1
:106E2000D8E7FFF749F800283FF4E7AB602339467D
:106E30000022284605F082F8DDF85034DDF85024B1
:106E40005633263200210646FBF72AFB00283FF482
:106E5000D4ABDDF85034DDF85024DDF8501488331D
:106E6000304658328A31FBF71BFB00283FF4C5AB94
:106E700040F27C412846FEF701FE092600287FF4F7
:106E800021AD04E0FFF718F8002840F04781024EDA
:106E90002378FFF7B4BB00BF78000020D34D621009
:106EA0000000002000340108643001080000404266
:106EB000000080420000004200007C42BD370635E1
:106EC000002474491FED037A5FED036AD6F8805001
:106ED0008B4B8C4A8C4977EE877A002037EE877A85
:106EE000BCEEE78ABCEEC77A8DED008AB8EE477A31
:106EF000A8F1100877EEC77A67EEA67AFCEEE77A7B
:106F0000CDED017A17EE907AA847B8F1EF0FBFD90F
:106F1000D6F88050FFF7C9BB03F5C9237E33BB42C7
:106F2000FADBAAE50B2800F2E98108460A46EDE5FE
:106F3000F61ADB0093FBF6F3A9EB03030FFA83FECB
:106F4000BEF1000FC0F26883BEF11F0F3FF743ADE3
:106F50001FFA8EFE6D4B83F815C00CF1010C5FFA21
:106F60008CFCBCF13A0F20F802EF0BF1100B7FF410
:106F7000C9ACDDE90457DDF8189080234A4639464C
:106F800000932846624B04F0A3FFDDF85034DDF88F
:106F900050149B890093CE885E4A5F490723284698
:106FA00005F0D2FA5B4A5C4900960823284605F0B2
:106FB000CBFA0323574A584900932846092305F082
:106FC000C3FA0623534A5449009328460A2305F07E
:106FD000BBFA40F2D6312846FEF750FD544605264E
:106FE00000287FF46FAC52E701F57A73002BB8BF2D
:106FF0005B429BB29B4502D80123FFF774BB002282
:107000009B46DDF8108003920123FFF76CBB43F22F
:1070100032034FF0000846930322012346A9284675
:10702000ADF81C81FEF7C8FB3946122342462846BC
:10703000BDF81C6104F082FF0146B0F800E0B0F832
:1070400002C04346043140464FF6FF7746FA03F24A
:10705000D2070BD531F81320A2EB0C02002AB8BFDF
:10706000524292B2974284BF98B217460133102B16
:10707000ECD1431E0D2B3FF6C0AA00F10043013BAB
:1070800001EB430731F813207B8841F28731D21A94
:107090008A427FF7B2AA4FF6FF7296423FF4ADAA3A
:1070A000BA889B1A8B427FF7A8AA40F2E51303FB2C
:1070B0000EF31B0CA3F5897313F1140F1AB2C0F26F
:1070C00001832C2A40F3FC824F2ACCBF04230323E4
:1070D000DDF850241049A2F800E0508093840D4A56
:1070E00000902523284605F02FFA40F23321284648
:1070F000FEF7C4FC022600287FF4E4ABC7E600BF1D
:107100009C84010838790108647901080000002096
:10711000A4310108643001080034010839464FF4F5
:107120009C630022284604F009FF0DF1340A0EAFDB
:107130000DF1580B2EAE4FF00008CDF804805346E9
:10714000CAF8008046AA00979021C7F80080CBF8C3
:107150000080C6F80080814604F07EFD00283FF4E0
:1071600096AECDE900685B4646AAF02109F590701D
:1071700004F072FD00283FF48AAECDE900A839681A
:107180003268CC4BCC4D521A02FB03F305FB01F1E4
:107190001B0CC3EB5133DDF85014C1F8BC30DAF8E6
:1071A000003005FB03F305FB02F25B0BC1F8C020C6
:1071B000C1F8C43046AA0CAB40F21F1109F20230EC
:1071C00004F04AFD00283FF462AECDE9007B0BAB32
:1071D00046AA4FF4907109F5A86004F03DFD00281F
:1071E0003FF455AECDE90086434646AA09F5F06066
:1071F0004FF4907104F030FD00283FF448AEDAF807
:1072000000203F68DDF82CE0DDF830C03368DBF8A3
:107210000010BE1A05FB02F7A84AACEB0E0C02FBED
:107220000CF25B1A05FB01F805FB0EFEDDF85014AD
:10723000120CC2EB5E32C1F8C82005FB0CF2C1F89B
:10724000CC209F4A06FB02F2120CC2EB5732C1F867
:10725000D0209C4A05FB06F603FB05F502FB03F371
:107260001B0CC3EB5833C1F8DC50974DC1F8D46008
:10727000C1F8D8304E1E01F1EB074FF0FF3316F87E
:10728000012F0821534043F300022A40013982EACA
:107290005303F8D1B742F2D1DDF85024DB43C2F8F2
:1072A000EC300A26FFF7B3B99E4693E5B7EB5A0FC9
:1072B000BFF4A3A9DDF85024029B13848349844AB8
:1072C000009328460B2305F03FF90023804A7F49AD
:1072D00000932846092305F037F97E237B49009364
:1072E00028467B4A0A2305F02FF940F253412846ED
:1072F000FEF7C4FB00287FF4E5AAC8E5A0F10C0363
:10730000082B3FF67AA902EB5002172A02D9183A45
:10731000172AFCD892B2910089B201F13006DDF84B
:107320005034B6B25F2E1A8140F2C281694BA3FB82
:1073300006239B0903EB4303A6EB43134FF000081E
:107340000E46C14699B20127614A009121235F4947
:10735000284605F0F9F85E4A5C4900962223284643
:1073600005F0F2F803265A4A5849009701232846A7
:1073700005F0EAF8564A554900960223284605F0DA
:10738000E3F83346524A5149CDF80090284605F0BB
:10739000DBF84F4A4D49CDF800800423284605F01C
:1073A000D3F84B4A494900970523284605F0CCF805
:1073B0000023474A454900932846062305F0C4F8B0
:1073C00040F2ED312846FEF759FB062600287FF4EF
:1073D00079AA5CE577EEC77ADFED3F6A9FED3F7AE9
:1073E00067EEA67AB8F13F0F77EE877AFCEEE77A80
:1073F00017EE903A9BB200F21A810021B8F12F0FDC
:1074000088BF42468C46DDF85004A0F8E080A0F822
:10741000E830A0F8E210A0F8E420A0F8E6C0284682
:10742000B6F87080FFF780F800283FF431AD4FEADE
:10743000590C4FEA5808C44528BFC446ACF1020CA9
:10744000CDE903452CF0010C3B1D40F64C3A02936C
:107450001FFA8CFB4FF00008E146C8F534630C338B
:10746000994594BF5D4655464FEA580468084FEA6F
:1074700084010CD0154B07EB800019443B4651F8B2
:10748000042BDA80120C9A8004338342F7D1DDF8A2
:1074900050340298B3F8E23001931C2300932A463B
:1074A0000B4B414602F0E2FCD0B9039C2378FFF776
:1074B000A6B800BFA82A0400AA0A010054150200B9
:1074C000A64A07004E750B002083B8ED0034010872
:1074D00064300108ABAAAAAAE8385BB500007C4278
:1074E000DDF850340298B3F8E43001931A23009386
:1074F0002A46754B414602F0B9FC0028D5D0DDF88C
:1075000050340298B3F8E63001931B2300932A46C7
:107510006D4B414602F0AAFC0028C6D0DDF850347D
:107520000298B3F8E8300193192300932A46664B7A
:10753000414602F09BFC0028B7D02B460498214618
:107540003A46D844FEF784F91FFA88F840F64B33E0
:10755000AAEB0B0A98451FFA8AFA7FF67EAFDDE99F
:1075600003454FF4AE712846FEF788FA012600283D
:107570007FF4A8A98BE447F6FF739E427FF4E0AC4A
:107580005446FFF73AB800F10802002346A99818BC
:1075900007EB4000039107EB430737F9026B07EE57
:1075A000903AB8EE677A07EE906AF8EEE77A03FB56
:1075B00003F6C1ED007A07EE906AF8EE677AB842FA
:1075C00081ED027AC1ED017A03F1010301F10C01B1
:1075D000E3D1FFF72EB9F5EEC06AF1EE10FA3FF5F0
:1075E000C6ABFCEEE66A16EE902A43EA42131BB2E3
:1075F000FFF7BDBBB5EEC07AF1EE10FA3FF5ADABCB
:10760000BCEEC77A17EE102A43EA82231BB2FFF7BB
:10761000A4BB1F23FFF797BBCEF1000E1FFA8EFE0F
:10762000BEF11F0F3FF6D7A94EF0200E92E4B8F13D
:10763000BF0F96BFA8F140024FEAD802C2F3CF02B3
:1076400008F0070C0121DEE6CE4679E40023FFF7BF
:107650007ABBDDF810A0B8F1000F3EF4CEAFDDF834
:1076600050345E81012300934FF47E534A463946DD
:10767000ADF81831284646AB04F02AFC124A1349EB
:1076800000962623284604F05FFF0F4A0F49CDF8E5
:1076900000A02423284604F057FF40F2C6212846C4
:1076A000FEF7ECF9032600287FF40CA9FFF7EFBBE7
:1076B0004FF003084FF00109002745E60F2265E768
:1076C000022305E5012303E56430010800340108C5
:1076D0002DE9F04FA5B0DFF894A15F4D5F4E039305
:1076E0000446884617464FF0020B4FF48059CAF8FB
:1076F000289004F07FFECAF8189004F07BFE14B1C5
:107700002368B3420BD0D5F88030554A5549002044
:107710009847BBF1010F1CD04FF0010BE5E7002F9C
:10772000F7D004F10D09A068039ACDF800804B460C
:107730003946FEF743FF0028EBD0637B0A2B15D0B8
:1077400004F034FE0028E4D0444B22689A42DAD197
:10775000E9E745480AF054FEB4B93F4B404AD3F834
:10776000803040490020984700200AE03F4C0390B9
:107770004FF48055A56204F03DFEA56104F03AFE89
:10778000039825B0BDE8F08F344B22689A42E4D1CB
:10779000DFF8C480A56898F88830012B05D9D8F89F
:1077A0008030334A3349022098473349782206A86B
:1077B0000AF0F4FD314A04920023022204A928466B
:1077C000FDF7FAFF0DF1180A0DF190090026BAF83D
:1077D0000440BAF806B0A3445C4505DB2DE09847A9
:1077E0000134A4B25C4528DA0123032204A9284607
:1077F00044F44057ADF81070ADF81260ADF8146065
:10780000FDF7DAFFDAF80830BDF8142021462846E3
:10781000002BE4D198F8881001292B46E0D9019279
:10782000DAF8002000920134D8F88070144A114927
:107830000220A4B2B8475C45D6DB0AF10C0AD14558
:10784000C5D198F88830012B8ED9D8F880300D4AF0
:1078500008490220984787E7780000200EB03713C8
:107860001075010828750108B07901080004004866
:10787000D07901088C6F0108A4320108D5100100ED
:107880000C7A0108207A01082DE9F04FADF5117D41
:107890000C46154600214FF4E27206460DF1180819
:1078A0001FA81F460AF04EFCCDF8008008AB1FAAA7
:1078B00029462046FAF788FE30B94FF000084046C6
:1078C0000DF5117DBDE8F08F94F85B20414608A8C6
:1078D00010ABF9F743FE0028EFD09C9ABDF8523068
:1078E00013809D9ABDF85630DFF8B4A0138030465F
:1078F000BAF87080FEF718FE50B37B084FEA5808BC
:10790000434528BF43469A9A0397023B23F001035D
:107910000432A8461FFA83FB4FF0000902941D466B
:1079200017464A4605AB39461FA8059502F000FDEB
:107930004FEA5901D944059B9A9A04461FFA89F9DE
:107940003046FDF785FFB9F51E6F08D2002CE8D14F
:10795000DAF880300F4A104900209847ADE74546D5
:10796000A046DDE90247B8F1000FF1D080239A99D3
:1079700000933A463046094B04F0AAFA1FA89B9B95
:1079800022462946FAF726FD40460DF5117DBDE851
:10799000F08F00BF5C7A0108546F0108A431010820
:1079A000780000202DE9F04186B030B116461F4620
:1079B0000268444B9A4205460AD0434B434AD3F8E7
:1079C0008030434900209847002006B0BDE8F08190
:1079D000404B721E06F1EB084FF0FF3E12F8010F0C
:1079E00008248EEA000E4EF3000C0CEA030C013C56
:1079F0008CEA5E0EF7D19045F0D1D6F8EC306FEA04
:107A00000E0E73450CD119B1334B0A689A420FD050
:107A10002D4B324AD3F88030314900209847D3E7C4
:107A2000294B304AD3F88030294920469847CBE784
:107A300043F21C030493A868ADF81440012301F13C
:107A40000408032204A9FDF7B7FEBDF8143003F4BF
:107A50000063002B14BF012300232B730FD0A868F1
:107A60002B69AC1D0435CDE9007332460C9B0394A1
:107A700041460295FDF712FF06B0BDE8F08143F2E2
:107A8000310304A90493A868ADF81440012303222C
:107A9000FDF792FE2B7BBDF81410002BDFD14AF6C8
:107AA000C0429142A8682B69DBD0AC1D0435CDE9FA
:107AB000007332460C9B039441460295FFF7E4FEA7
:107AC00083E700BF0EB0371378000020107501085F
:107AD000287501082083B8ED0FB03713A074010892
:107AE00098740108707A01082DE9F047C36D876921
:107AF000056900247C8081461C7000F14806A04680
:107B000056F8043FFBB1B3F838C0B3F89400B3F8AB
:107B10009610B3F8DC2005EB400005EB410105EBC6
:107B2000420205EB4C0CC3E91301C3F8A820C3F8CB
:107B300014C03C701868D3F8E020416883F8E880EE
:107B4000C3F8E42088470134E4B2042CD8D1D9F832
:107B50000000BDE8F0474368184700BF0068C368ED
:107B6000184700BF70B50446806978B1E36943B136
:107B70000F4B1B782BB10F4B0F4A1B690F4901208C
:107B800098472068BDE8704083681847094D0C4A43
:107B90002B690A499847E3693BB1054B1B7823B130
:107BA0002B69054A054901209847002070BD00BF98
:107BB00000010020E8000020387B0108CC78010893
:107BC000487B010830B40269B0F8423090F83810B0
:107BD00032F81330032908BF83F4004340F2E51163
:107BE00001FB03F31B0C816C8446A3F589700880AC
:107BF000BCF83C10DCF84C0032F8111039B1BCF87C
:107C0000401032F81110012994BF002101210170A8
:107C1000BCF83E00BCF83A10DCF8505032F81110B5
:107C200032F81020DCF8544040F2E51000FB02F27C
:107C3000A3EB12431BB2002BBCF94420DCF800007C
:107C4000B8BF5B421BB29A42A1F10102B2FA82F2C2
:107C5000ACBF0023012352092A70237030BC436853
:107C6000184700BF0068C368184700BF00688368F2
:107C7000184700BFD0E90F23816B0069184700BF88
:107C8000836910B50446BBB10D4B1B784BB96369D2
:107C900083B10C4B0C4A1B690C490020984700200B
:107CA00010BD084B0A4A1B690849012098476369BF
:107CB000002BEED1012010BDC369002BE4D1E6E713
:107CC00000010020E80000209C7B0108807B010867
:107CD000647B01080068C368184700BF00688368B8
:107CE000184700BF82B00B46019111B9012002B0C4
:107CF00070470138C0B2042807EE901A98BF0C4BA9
:107D00009FED0C7A88BFDFED0C6AF8EE677A9CBFB6
:107D100003EB8003D3ED006A67EE877A86EEA77ADD
:107D2000FCEEC77A17EE903A98B202B0704700BFE7
:107D3000A04A01080AD7233B0000000008B518B18B
:107D4000084B02689A4207D0074B084A1B6908494A
:107D500000209847002008BD006D003818BF0120A2
:107D600008BD00BF30D1C0ACE8000020C47B0108D2
:107D7000DC7B010808B518B1084B02689A4207D0AD
:107D8000074B084A1B69084900209847002008BD96
:107D9000406D003818BF012008BD00BF30D1C0AC15
:107DA000E8000020C47B0108DC7B010810B590F8D6
:107DB00040400368114A7CB9934207D0104B114AE6
:107DC0001B69114920469847204610BD446D003C70
:107DD00018BF0124204610BD934208D0084B094A21
:107DE0001B690949002001249847204610BD046DF5
:107DF000B4FA84F46409204610BD00BF30D1C0AC91
:107E0000E8000020C47B0108DC7B01082DE9F04775
:107E100020B11A4B02689A42064608D0184B194AFC
:107E20001B691949002098470020BDE8F087B0F889
:107E300044C0BCF1000FF7D0DFF84490DFF850A049
:107E4000DFF85080051D002408E0D9F8103098476D
:107E5000B6F844C00134A3B29C45E5D955F8043FB7
:107E60000A4952460020002BEFD01F684745ECD14D
:107E70001B79022BEED10120BDE8F08752D1C0ACB6
:107E8000E8000020F07B01080C7C0108487C010818
:107E90002C7C0108E1AFA10FB0F84420F8B50546ED
:107EA00082B100240A4F2646A31C55F823301846F9
:107EB00023B1BA681E609047B5F844200134E4B29B
:107EC000A242F1D82846BDE8F840FDF7A3BB00BFA9
:107ED000E800002007EE900A9FED1B7AF8EE677A23
:107EE00067EE877A9FED197AF4EEC77AF1EE10FA11
:107EF00025DDF5EE006A60EE266AB1EE006A86EED8
:107F0000A77AF7EE006AB4EEE67A20EE060AF1EE02
:107F100010FAB6EE006AC8BFBCEEC77A20EE060AB9
:107F2000C8BF17EE103A80EE277ACCBF98B2012076
:107F3000BCEEC77A17EE103A184480B270470120A1
:107F4000B7EE007AF4E700BF0AD7233BACC527376A
:107F500070B5BDF91040BDF8185005EE104ABDF8D7
:107F60001440002B00F08280002D7FD0DDF81CC073
:107F7000DDF820E004EE104A4E1E02EB4304F7EE5B
:107F8000004AFEEE003A0CEB85055CE0591CB3425A
:107F900000EB81014FD207EE903A11ED026AD1ED6C
:107FA000005A51ED016AF8EE677A35EEE67A37EE5F
:107FB000E43A76EE655A76EEC66A65EEA75A77EE33
:107FC000A42A27EE037A77EEA77A37EE257A62EEB7
:107FD000A65A77EEE47A37EE257AF8EE445A27EE81
:107FE000237A67EE877A37EE072A76EEE77A63EE32
:107FF000076AF1EE671AC1EE822A66EE836A27EEFF
:10800000227A36EE666A23EE273AB8EEC52A67EE84
:10801000A27A65EEA26A27EE227A36EE436A37EE3E
:10802000277A76EE826A36EE076A66EE807ACCEDC3
:10803000007A8EED006AA2420CF1040C0EF1040EDF
:1080400014D0AC4512D032F8023B002B9ED1F8EE92
:10805000C57AA24267EE807A0CF1040C4CED017AED
:108060000368CEF800300EF1040EEAD170BD00BFF7
:1080700010B54C081FD001398BB2024600F1040C38
:1080800000EBC40400EBC301D2F804E05CED017A1C
:10809000D1ED006A91ED017A4CED016A0832013BA5
:1080A000A24202ED017A9BB2C1ED007AC1F804E070
:1080B0000CF1080CE6D110BD012952D02DE9F04F8A
:1080C0004FF0000885B089460546174601F1FF3A92
:1080D00043466C46A9EB0303012B03F1FF3636D070
:1080E0004FF0000EF44617E0B4EEE66AF1EE10FA37
:1080F0000BD59CE80F0084E80F009BE80F008CE88C
:108100000F0094E80F008BE80F000EF1010E1FFA2C
:108110008EFEB645F4461AD205EB0C1BDC469CEDF0
:10812000007A9CED026ADBED047ADBED066A0BF166
:10813000100B002FD8D1B4EEE77AF1EE10FAD8DCAC
:108140000EF1010E1FFA8EFEB645F446E4D308F197
:1081500001081FFA88F8D0454346BBD305B0BDE8F7
:10816000F08F70472DE9F84F064618B1344B02687E
:108170009A4224D0334B344A1B6934490020984733
:108180004FF00108DFF8BC90DFF8BCB0DFF8BCA00E
:1081900035460024CEB9D9F810305A4651463046FB
:1081A0009847D9F810305A46514600200134984774
:1081B000A04505F11405EDD1DC20BDE8F88F90F85D
:1081C0006280B8F1000FDDD1F6E733681C4FBB4287
:1081D00012D0D9F810301D495A460020984733680C
:1081E000BB42DED1E2B2032A12D80134444505F184
:1081F0001405E1D0BB42ECD1E2B2032A15D9D9F87B
:108200001030134A1149002098473368BB42C8D147
:10821000D9F810300E4A0D490020013498474445E2
:1082200005F11405C8D03368D1E72A7D6989052A8C
:10823000DBD10129D9D14FF4B070BDE8F88F00BF70
:108240000FB03713E8000020A074010898740108EB
:10825000B87401080138C0B204281FD81C4BDFEDE8
:108260001D6A03EB800393ED006AC6EE267AB5EE35
:10827000007A67EE877AFCEEE77A17EE903A98B2CA
:1082800011B1884228BF0846182809D91823B0FB25
:10829000F3F000EB4000C00080B27047012070474F
:1082A0000028FBD01822B2FBF0F300FB03F3D31A33
:1082B0009BB25BB1013880B2B2FBF0F300FB03F379
:1082C000C3F118039BB2002BF4D17047704700BF75
:1082D000A04A01080AD7233B431EDBB2042B10B58A
:1082E00006D9032A11D0DFED155AB0EE650A10BD8C
:1082F000134C032A04EB8304D4ED055AF5D1FFF7A0
:10830000A9FF94ED000A024606E0FFF7A3FFDFEDA8
:108310000B5A0246B0EE650A1046FFF7DBFD07EE8A
:10832000902A07EE100ADFED076AF8EE677AB8EEDA
:10833000477A67EEA67A47EE875AD6E70000000034
:10834000A04A01080AD7233B0138C0B2042808B567
:1083500097BF074B9FED070A03EB800393ED000ADD
:108360000846FFF7B7FD11FB00F080B208BD00BF63
:10837000A04A010800000000D0ED007AF5EEC07AB6
:10838000F1EE10FA10B504465CD40120D4ED017A68
:10839000F5EEC07AF1EE10FA08D52E4B2E4A1B6985
:1083A0002E4900209847D4ED017A002094ED007A00
:1083B000B4EEE77AF1EE10FA08DD264B284A1B6985
:1083C000264900209847D4ED017A0020B3EE077AC1
:1083D000F4EEC77AF1EE10FA06DD1E4B214A1B6956
:1083E0001E49002098470020D4ED037ABAEE047AA3
:1083F000F4EEC77AF1EE10FA1CD49FED1B7AF4EE7E
:10840000C77AF1EE10FA15DCD4ED087AF5EEC07AF1
:10841000F1EE10FA06D4B7EE007AF4EEC77AF1EE78
:1084200010FA06DD0B4B114A1B690C4900209847D6
:10843000002010BD074B0E4A1B69084900209847D1
:108440000020E1E7034B0B4A1B69044900209847D1
:1084500000209BE7E8000020A47C0108807C010844
:10846000BC7C0108D87C010800000C422C7D01086E
:10847000007D0108647C010870B1012809D008B5AD
:10848000074B084A1B690849002098479FED070AD7
:1084900008BDB0EE000A7047B1EE000A704700BF99
:1084A000E80000205C7D0108747D010800000000E8
:1084B000094A0A4B12680A49D360086804E00B684D
:1084C0001B1AB3F57A7F04D8D3689B06F7D5002032
:1084D00070470320704700BF080100205FFF0300C2
:1084E000E4000020D1ED005AD1ED017A60EE255A6A
:1084F00020EE270A4AB390ED004AD0ED014A90EDF4
:10850000025A0B1D01EBC202D1ED017A13ED017A83
:1085100064EE276A24EE076A76EE806A36EE256AF4
:10852000083124EE877A66EE055A64EEA77A26EEC5
:10853000850A914203ED016A77EE655A37EEC00A6B
:1085400041ED016A03F10803DED17047F8B5956982
:108550002B7802EB43030F46B3F84460536901469E
:108560006888144603EB4000720009F0FDFE6B883A
:10857000E26D1E4413786E8003B93B791370F8BD29
:108580002DE9F041064614461D46B3B103F1FF3C08
:108590001FFA8CFC4FF6FF770CF1060301EBCC02BF
:1085A0009BB20CF1FF3C04EBC3031FFA8CFC106878
:1085B00052685A60BC451860EED1681D4FEA450C00
:1085C00005F10C0780B21FFA8CFCAB1DBFB204EBA7
:1085D000C0000CF10A0C9BB2A04604F1300E2246FA
:1085E00094ED0D7AD4ED0C7A98ED0F6AD8ED0E6A01
:1085F00037EE077A77EEA77A37EE467A77EEE67AA5
:1086000082ED0B7AC2ED0A7AACEB0301D0ED017A70
:1086100090ED007A89B204EBC10191ED016AD1EDD0
:10862000006A77EEA77A37EE077A77EEC67A37EEEA
:10863000667A08F1080804EBC301F04503F1010371
:1086400081ED007AC1ED017AA2F108029BB2C7D197
:10865000D6ED027AD6ED006A96ED017A67EEA66A4B
:10866000B7EE006A37EE667A77EE867A3A46C7EE5C
:10867000273A21463046B0EE630AFFF733FF39460A
:108680002046FFF7F5FCB0EE630A3A462146304635
:10869000FFF728FF39462046FFF7EAFCEA0041468B
:1086A000BDE8F04109F060BE2DE9F04F2DED048BDF
:1086B000038F8DB00546002B00F01581B0F84030D7
:1086C000428F0469B0F850E007925B000293838FF9
:1086D000C28F34F913300B92BEF1000F00F003810A
:1086E0001B010893D0E91223D718B0F85200B5F84F
:1086F0004230DFED8A8ADFF830B20193FE434FF05B
:108700000008F6EE009A0990C1460496CDF828E0DC
:10871000834B83FB0710F917C1EBA00101EB41006C
:10872000A7EBC00000281FFA89F886B2C0F2EB80E0
:10873000002FC0F2F180089B09B2090481FB0301FC
:10874000002906DA4FF6FF7C10EB0C0C604641F175
:108750000001079B000C40EA0140991934F91110FF
:10876000A0EB011007EE900AB8EEE79A29EE289ADE
:10877000B0EE490A07F0FEFDB0EE408AB0EE490ABD
:1087800007F008FA019B002B00F0A2800B9BB5F8C4
:1087900044A01E4404EB46030020CDE90597039353
:1087A0000646009059E095F838C0BCF1000F4BD058
:1087B00007EE101A07EE903AF8EEC76AF8EEE77A7D
:1087C00026EE806A27EE887A66EE886A37EE467A69
:1087D00067EE807AB5EEC07A77EEA67AF1EE10FAFF
:1087E0004CBF37EE697A37EE297AF5EEC07AF1EEB2
:1087F00010FABDEEC77A4CBF77EEE97A77EEA97A28
:1088000017EE103AFDEEE77A5B4517EE901A47F641
:10881000FF70B8BF5B468342D5F85490A8BF0346AB
:108820005945B8BF594699F800E08142A8BF0146B2
:10883000BEF1000F04D117EE100A98425BD0E64655
:1088400089F800E01BB209B2A352009B798053441F
:108850000093019B01369E4238D0009B95F839C0A9
:1088600008EB5302029B92B203EB8202A718A35EAD
:10887000B7F90210BCF1000F95D00398B0F800C012
:108880000CF01F0E0EF1300E03FB0EFE4FEA9C2380
:10889000203BCCF3441C01FB03F3BEF1000F0CF1B1
:1088A000300C01FB0CFCB8BF0EF13F0E002BB8BF23
:1088B0001F334FEAAE1EBCF1000F0EEB6313B8BFBF
:1088C0000CF13F0C1BB24CF38F116CE7DDE90597FF
:1088D000099B049A1F44D31A04930A9B09F10109C6
:1088E00099457FF415AF286843680DB0BDEC048B43
:1088F000BDE8F04F184717EE900AB0EB010E18BF15
:108900004FF0010E9CE71836B6B2049B054AA2FB55
:1089100003016FEA11110EE70026F6E70000803729
:10892000ABAAAA2AABAAAAAA0080FFFF4FF0000CAC
:1089300092ED037ADFED257AC3F800C0C3F804C0D6
:10894000C3F808C0C3F80CC0D9B302EB001C08443C
:1089500002EB0012F0EE676AB0EE676ADCED005AD7
:1089600036EE256A0CF1100C83ED006A5CED035ABB
:1089700076EEA56AC3ED016A5CED025A77EEA57A40
:10898000C3ED027A5CED015AB4EE657AF1EE10FAAD
:1089900048BFB0EE657A6245E0D105EE901AF8EE78
:1089A000655A83ED037A86EE255A012086EEA56A84
:1089B00087EEA57A83ED005A83ED016A83ED027A92
:1089C0007047F0EE676AB0EE676AE6E70000000005
:1089D0002DE9F04F8FB006460B9114460C93FCF72F
:1089E00063FC002800F04B8301218246FCF7E2FD86
:1089F0003046FCF771FC09903046FCF787FC0028F4
:108A000040F0F9808346099DA5EB0B01C9B25046A1
:108A1000FCF796FC3046FFF7A5FB5D4540F2DB8096
:108A20000BEB8B0306EB83030193A64DA64FDFF8F8
:108A3000A4820A900023D14600930D94002E00F0EA
:108A4000DD803368434500F0FD80A04C2A46236951
:108A50003946002098473368434500F0C2812369B6
:108A60002A463946002098473368434500F0EE8196
:108A700023692A463946002098473368434500F069
:108A8000C88123692A463946002098473368434500
:108A900000F0E58123698B4A8B4900209847002329
:108AA000CDE90333CDE907333368434500F0FA805D
:108AB00023692A463946002098473368434500F029
:108AC000D98123692A46394600209847002302228B
:108AD000059302920693DAF80030434500F0FC80DB
:108AE0007A4C2A462369394600209847DAF8003044
:108AF000434500F0C78123692A463946002098473C
:108B0000DAF80030434500F0258223692A463946C9
:108B100000209847DAF80030434500F09C82236932
:108B20002A46394600209847DAF80030434500F0DD
:108B3000208123692A46394600209847DAF8003018
:108B4000434500F0658223692A463946002098474C
:108B5000DAF80030434500F0578223692A46394647
:108B600000209847DAF80030434500F04882236936
:108B70002A46394600209847DAF80030434500F08D
:108B80003A8223692A46394600209847DAF80030AD
:108B9000434500F02C8223692A4639460020984735
:108BA000DAF80030434500F01E8223692A46394630
:108BB00000209847009B099A01330093019B0BF119
:108BC000010B143301935FFA8BF39A4209F11409F4
:108BD0003FF634AF0D9C0C995046FDF7C5F903469E
:108BE000002800F049820B9A0120C2F800A02360FF
:108BF0000FB0BDE8F08F96F812B004E7334C2A4668
:108C0000236939463046984723692A463946304613
:108C1000984723692A4639463046984723692A46A9
:108C200039463046984723692A46394630469847A0
:108C300023692A46394630469847CDE90366CDE98F
:108C400007663EE75FFA8BF2032A40F2E6811F4C8B
:108C50001F4A2369394600209847336843457FF40B
:108C6000FEAE23691A4A39460020984733684345C7
:108C70007FF4FEAE2369164A3946002098473368D0
:108C800043457FF4FEAE2369114A394600209847D8
:108C90003368434500F0E88023692A4639460020BE
:108CA0009847FCE65FFA8BF3032B40F2EA812369D5
:108CB000074A394600209847336843457FF401AF9F
:108CC000DDE000BFA074010898740108E8000020EE
:108CD000B87401080FB03713009B032B00F2A38177
:108CE00003EB830300220AEB830389F80F200122A0
:108CF0005A810023C9F80430DAF800300A9AA9F83A
:108D00000820434539D08F4C2A4623693946002034
:108D10009847DAF8003043457FF415AF049B89F893
:108D20000E30DAF80030434537D0864C2A462369A6
:108D3000394600209847DAF8003043457FF417AFF2
:108D4000079A89F81120434537D07E4C2A4623697B
:108D5000394600209847DAF8003043457FF41BAFCE
:108D6000029B89F81430DAF80030434535D0754C51
:108D70001BE7009A032A00F20481039AA9F80C2049
:108D80004345CBD06F4C2A4623693946002098478B
:108D9000DAF8003043457FF4E0AE089A89F81020F5
:108DA0004345CDD0674C2A46236939460020984771
:108DB000DAF8003043457FF4E4AE059A89F81220D2
:108DC0004345CDD05F4C2A46236939460020984759
:108DD000DAF8003043457FF4E8AE069B89F813309B
:108DE000E8E65FFA8BF2032A3FF63BAF019A927BEB
:108DF000049200220392019A4345117C527C08910F
:108E0000079212D04F4C504A23695049002098478E
:108E10004AE65FFA8BF3032B3FF635AF019A002346
:108E2000527C0393079204930893019B9B7C0593C8
:108E30000BEB8B0306EB83031B7D02934FEA8B0343
:108E40005B4406EB8303DB7C069344E65FFA8BF21C
:108E5000032A3FF60FAF0022CDE90322CBE75FFAEA
:108E60008BF3032B40F2FC802369394A39460020FA
:108E7000984714E65FFA8BF3032B40F205812369D0
:108E8000334A20E6009A032A40F2F0802369304AF0
:108E9000394600209847DAF8003043455ED0236910
:108EA0002A46394600209847DAF8003043457FF4D7
:108EB00036AE2369264A394600209847DAF8003052
:108EC00043455ED023692A46394600209847DAF8A0
:108ED000003043457FF437AE23691D4A39460020F0
:108EE0009847DAF8003043455ED023692A46394670
:108EF00000209847DAF8003043457FF438AE236904
:108F0000134A394600209847DAF8003043455ED0CE
:108F100023692A46394600209847DAF8003043454D
:108F20007FF439AE23690A4A394600209847DAF8B7
:108F3000003043457FF439AE2369054A39460020A5
:108F4000984737E6E8000020A074010898740108EB
:108F5000B8740108009B032B7FF6CBAE23694E4A01
:108F6000394600209847DAF800304345A1D02369FC
:108F70002A46394600209847DAF8003043457FF406
:108F8000D8AD2369444A394600209847DAF80030C2
:108F90004345A1D023692A46394600209847DAF88C
:108FA000003043457FF4D9AD23693B4A3946002060
:108FB0009847DAF800304345A1D023692A4639465C
:108FC00000209847DAF8003043457FF4DAAD236992
:108FD000314A394600209847DAF800304345A1D09D
:108FE00023692A46A0E7009B032BA5D8F5E6009B42
:108FF000032B97D8B4E6009A032AE8D8DDE6009A56
:10900000032A3FF67CAF9BE6009A032ACCD8C4E63D
:10901000009B032B3FF660AF80E6019A9189927B1B
:1090200003910492E7E61D4C1B4A23693946002050
:109030009847DAF8003043453FF428AF23692A46C1
:10904000394600209847DAF80030434586D0236936
:10905000134A144926E7009A032A3FF62AAF4DE641
:109060000023CDE90333CDE90733DEE6142303FB08
:1090700002A301225A813CE65046FCF7D3FA0020B5
:10908000B6E500230593D3E600230593022302935C
:109090000BFA03F3D4E600BFB8740108E80000201F
:1090A000A0740108987401082DE9F04105462DEDE2
:1090B000028B0E461F4682B91032012035F812305D
:1090C000089A07EE903ABDEC028BF8EE677AC7ED8E
:1090D000007A33681360BDE8F081294B90F81D8059
:1090E000D3ED008AB0EE408AF8EE688A9FED250A3B
:1090F00080EE280A06F0FCFD0024B5F828C0E86AD6
:1091000068EE808AB3EE087A68EE878AF7EE007A16
:1091100087EEA87ADFED1C6A27EE267AF6EE007A53
:1091200027EE277A02E0CCB2A0451ED305EB44031C
:10913000611C9A8F12FB0CF210FA82F307EE903A40
:10914000F8EEE77A67EE877AB4EEE78AF1EE10FA86
:10915000E9D554B1A04508D3621ED2B2032A04D87F
:10916000AB185B7E06EB8306A6E7084B084A1B6933
:10917000084900209847BDEC028B0020BDE8F08133
:1091800004010020F902154FC2F38E4DE8000020C3
:109190008C7D0108487C010810B52DED048B9FEDF6
:1091A000119AF0EE408A88EE890A0446B0EE608A91
:1091B00006F09EFD78EE688AB0EE408A88EE890A55
:1091C00006F096FDBDEEC88AFDEEC07A18EE102AB4
:1091D000BDEC048B17EE903A134493FBF4F304FBBD
:1091E00003F010BD0AD7233B10B5B4EEE00AF1EE50
:1091F00010FA2DED068B0446F0EE409AB0EE609A20
:10920000B0EE418AF0EE618A03D5F0EE609AB0EEDE
:10921000409AB4EEE88AF1EE10FA05D5F0EE487AFD
:10922000B0EE688AF0EE678AF0EE490AB0EE680A9E
:1092300007F0EEF8F0EE400AB0EE480A07F006F943
:10924000F0EE680AB0EE40AAB0EE690A07F0E0F866
:10925000F0EE400AB0EE480A07F0F8F830EE4A0A9D
:10926000B4EEC98AB0EEC00AF1EE10FA84ED000A3D
:1092700009DDF4EEE89AF1EE10FACCBF01200020EF
:10928000BDEC068B10BD0020FAE700BF2DE9F041D0
:109290002DED048B0689077C90ED008A044682B090
:1092A00031463A460120FFF717F8B4EEC08AF1EED6
:1092B00010FAA57AB0EE405A05D594F82430D3B10F
:1092C0004FF0010801E04FF00008012D18D82846A2
:1092D0003A463146FFF700F8D4ED017AB4EEE70ADA
:1092E000F1EE10FA48BF48F00808404602B0BDEC65
:1092F000048BBDE8F081012D63D04FF00208E4E754
:10930000032D28463A4628BF03203146FEF7E4FFE6
:10931000D4ED018AF0EE400AF0EE681AB0EE481A79
:10932000B0EE450A01A838EEC89AFFF75DFFC0B15C
:1093300031460120FEF78EFF07EE900ADFED220A8C
:10934000DDED019AF8EE677AB0EE490A67EEA00A01
:1093500007F07CF8F4EEC09AF1EE10FAA8BF48F0DE
:1093600002083A4631462846FEF7B6FF032DF0EED6
:10937000400AACD903203A46FEF7AEFFF0EE681A79
:1093800001A8B0EE481AFFF72FFF00289FD0314602
:109390000320FEF75FFF07EE900ADFED0B0A9DED5D
:1093A000018AF8EE677AB0EE490A67EEA00A07F084
:1093B0004DF8B4EEC08AF1EE10FA88DB48F00408EC
:1093C00085E74FF0080882E70AD7233B30B583B022
:1093D0000446069D0095FEF7E5FA08B903B030BDD6
:1093E000204603B0BDE83040FCF7D0BB10B50138D3
:1093F00082B0C0B2042801913AD81C46214BDFED5F
:10940000227A03EB800393ED007AB4EEE77AF1EE73
:1094100010FA2DDD07EE901ADFED1C6AF8EE677A80
:1094200067EEA67A87EE870A2ABBF6EE007A20EE70
:10943000270ADFED170AB0EEC00A07F007F8DFEDE4
:10944000157A20EE270A06F0DFFBF7EE007A70EEC1
:10945000276A70EE677A80EE267A012087EEA66A88
:1094600084ED007A84ED017A84ED026A02B010BDC9
:10947000002002B010BD30EE000AF6EE007A20EEB9
:10948000270AD6E7A04A0108ACC527370AD7233BED
:10949000DEFFFF3EDB0F494008B507EE901A0138AA
:1094A000F8EE677A9FED307AC0B204282DED028B7A
:1094B00067EE877A55D82D4B03EB800393ED000AB6
:1094C00030EE000A80EE270A06F0C8FBF0EE007AC4
:1094D00030EE278AB6EE000A28EE000A06F0BEFB40
:1094E000BCEEC07AFCEEC87A17EE103AB7EE006A0E
:1094F00070EE465A99B217EE903AF0EE406A86EE58
:10950000257A9AB29FED1A0A71B1002398B207EE3C
:10951000900AF8EE677A013367EE877A994267EE30
:10952000A77A30EE270AF1D138EE668AF7EE007A94
:1095300038EE678A521A002A87EE887A0EDD0023F9
:1095400007EE903AF8EE677A013367EE877A9BB2BE
:1095500067EEA77A934230EE270AF1DBBDEC028B6F
:1095600008BD9FED030AADE70AD7233BA04A0108D7
:10957000000000002DE9F0418CB00022CDE9092265
:109580000B92012204460D4609AB11461046FFF727
:109590002DFF9FED306A20462E4604F1C8022B466F
:1095A000B0F9021007EE101A30F9041BB8EEC77AB2
:1095B00007EE901A67EE066AF8EEE77A83ED017A15
:1095C00077EEA67A904203F1080343ED027AE7D1E1
:1095D00032232A4609A82946FEF7D2FF05F5C878A6
:1095E0002F462C4694ED000AD4ED010A08F0B4F899
:1095F00008344445A7EC010AF4D100219FED157A07
:109600000A46F6EC017AF4EEC77AF1EE10FAC8BF1A
:109610008AB201F10101C8BFB0EE677A3229F0D1F8
:10962000ADF81A2007AA049208AA012303926FF04A
:109630001D020092CDE901339FED070A0024284660
:109640000DF11A020894FEF783FC9DED080A0CB098
:10965000BDE8F081000000000AD7233B2DE9F04F60
:109660002DED028B8DB0154607901C460E46002945
:1096700000F05E81DFF8E0820B68434500F0C380B4
:10968000B04FB14A3B69B149002098473368434520
:1096900000F055813B69AC4AAC4900209847304600
:1096A000FEF760FD0123824606934FF0000909EBA7
:1096B000890306EB83030393DFEDA58A9FEDA58A5B
:1096C0000494002305EBCA040293002E00F0EB8003
:1096D0003368A14A934200F0A4809A4F9A4A3B69AA
:1096E0009A490020984733689B4A934200F0B8801B
:1096F0003B69954A9549002098473368964A9342BA
:1097000000F0DD803B69904A904900209847012293
:1097100002200021174609ABFFF768FE00286DD034
:10972000BAF1000F00F0AC80079B9A1C029B02EB81
:1097300083022B46B2F9001007EE101A32F9021C10
:10974000B8EEC77A07EE901A67EE086AF8EEE77A85
:1097500083ED017A77EEA67A083343ED027A9C42D4
:1097600002F10402E6D1BAF1060F40F289802946DF
:1097700053462A4609A8FEF703FFAAEB470189B220
:10978000002900F08D80059405EBC70705EB8108E3
:109790002C468B4697ED000AD7ED010A07F0DCFF57
:1097A000A4EC010AA04507F10807F3D1059C9FED41
:1097B000697A59462B46F3EC017A67EEA77A984509
:1097C00037EE277AF7D107EE901AF8EE677A029A09
:1097D000C7EE276A52440292039A14320392049A03
:1097E00009F101095FFA89F3F1EEE67AE2EC017A18
:1097F0000492069A9342FFF468AF01200DB0BDECCD
:10980000028BBDE8F08F91F862300693304696F8EF
:109810001290FEF7A7FC069B99458246FFF447AFDE
:10982000EBE75FFA89F3032B7AD9464F4B4A3B6942
:109830004649002098473368474A93427FF458AF1F
:109840003B69464A4149002098473368424A93425F
:109850007FF458AF3B69414A3C490020984756E79E
:109860005FFA89F3032BEBD8039B187D012209EBE8
:10987000890306EB8303598900293DD101274AE773
:10988000304B3749D3F810B0364A072300930020F5
:109890005346D847AAEB470189B200297FF473AF3A
:1098A0009FED2C7A8FE7274F274A3B69274930469F
:1098B0009847254A25493B693046984722E75FFA91
:1098C00089F3032BC6D8039B598900293FF41FAFA6
:1098D00007EE901AB8EE677ADFED1D7ADFED226AA7
:1098E00027EE277A01220220C6EE877AFCEEE77A7D
:1098F00017EE903A9FB20EE7431EDBB2042B07EE41
:10990000901A98BF194FB8EE677A98BF07EB830398
:1099100027EE287A94BFD3ED006AF0EE486AE3E7B9
:10992000039B5A68187D272ACCBF002201229EE79C
:10993000044F054A3B69054930469847AAE601238A
:10994000069363E7E8000020A074010898740108FA
:109950000AD7233B000000000FB03713B87401088A
:10996000E47D0108B07D0108295C8F3DA04A010813
:109970002DE9F04F2DED0A8B95B0B0F86070029391
:1099800043799DF8A0B0B0F83090064601EB870708
:10999000002B50D0C56EB9F1000F40D09FEDCE6ABC
:1099A0002B4607EB8902B7F9021007EE101A37F9B8
:1099B000041BB8EEC77A07EE901A67EE066AF8EE57
:1099C000E77A83ED017A77EEA67ABA4203F10803CB
:1099D00043ED027AE7D1B9F1060F22D94B462A4668
:1099E000294606F14800FEF7CBFD338FF46E728FE7
:1099F00083B1254605EB830604EBC20494ED000A0F
:109A0000D4ED010A07F0A8FEA5EC010AAE4204F16C
:109A10000804F3D115B0BDEC0A8BBDE8F08F4FF010
:109A20000009AE4AAE491469AE4A072300930020EC
:109A30004B46A047D9E709F101059446AC00012344
:109A40000AAA02EB83020133086842F8040C0B2BCC
:109A50002144F5D10595CDE903769FEDA39ADFED7D
:109A6000A38A9FED9D8A0AAC0DF1500AE046654637
:109A700009E0002E40F0D58085ED008A0434A2452F
:109A800005F104051BD0B4F90070B4F90260002F91
:109A9000EFD007EE907AB8EEE70A07EE906AF8EE9C
:109AA000E77A87EE800A07F069FF002FC0F2BF80D7
:109AB0000434A24505F1040505ED010AE3D1DDE911
:109AC0000376059DC446BBF1000F10D096ED157AC4
:109AD000DFED877A27EE277A08F128024346D3ED97
:109AE000007A77EE277AE3EC017A9A42F7D1029B6B
:109AF000002B40F0C580F56ED6F8B820D6F8AC3013
:109B0000B9F1000F8BD0CDE9085602F1280A09F10E
:109B1000010B9FED719A0692B2EE04AA52461FFA0B
:109B20008BFB28460021CDF81CC09A464C1C9FEDAB
:109B30006ABA0D46A1B2DDE90668CDE90410F0EE7F
:109B40004BBA0C4657E0D8ED007A96ED000A30EE9D
:109B5000670A60EE097A79EE400A77EE897AF4EEC8
:109B6000607AF1EE10FA80F1C980B0EE490A0392F2
:109B700007F03AFE0AEB850CF0EE409ABCF9023091
:109B8000039A00EE103AB8EEC00A3AF9253020EEFA
:109B9000091A70EE091A0CEE103AB4EE611AF1EEE1
:109BA00010FAB8EECCCAF0EE60AA80F1B28031EEC5
:109BB0000C1A2AEEA16A29EE817A6AEE817A69EEA0
:109BC000A16A37EE467A77EEA67AF4EE477AF1EE9E
:109BD00010FA73D638EEC77A78EE677A7BEE87BADA
:109BE0003BEE27BA04365C444D44B242A4B2ADB257
:109BF00008F1040822D007EB840CBCF9023008EE0F
:109C0000103A37F9243008EE903A029BB8EEC88A31
:109C1000F8EEE88A002B96D07BEEA8BA3BEE08BAA5
:109C2000E0E7D6BF334BC5ED008A2B6026E7002E58
:109C300021DB30EE090A85ED000A1FE78BEE0A0AE8
:109C4000DDE904108BEE8A8A20EE097A70EE097A3B
:109C5000B4EE677AF1EE10FA69D638EE078A8945D4
:109C6000C0ED017A80ED008A00F108007FF45EAF5C
:109C7000DDE90856AFE6DFED1C7A30EE670A17E73C
:109C800000244A46E046294601E0328E511C11FB71
:109C900004F189B2081BD6F8AC30013180B289B228
:109CA000920007EB810103EB8000013408F076FBA2
:109CB0000A2CEAD1B6F83090C4461CE7F0EE6A0AE6
:109CC000B0EE690A039207F02FFF039AB0EE407AD4
:109CD000F0EE607A7EE700BF00000000E8000020A0
:109CE000E47D0108B07D0108DB0F4940DB0FC93F6F
:109CF000CDCC4C3DDB0FC9BF000000001FED021AA8
:109D00000392FFEE001AF0EE410A07F00DFF039AEE
:109D10002DE71FED071AF7EE001AF0EE410A07F0E3
:109D200003FF039A70EE891AB0EE401A3FE71FED69
:109D30000E1A0391F7EE001AF0EE410ACDE9040283
:109D400007F0F2FEDDE9040270EE897A0399B0EEC5
:109D5000407A82E708B5431EDBB2042B98BF3F4A26
:109D60002DED068B9ABF02EB830393ED0AAA9FEDBC
:109D70003CAAF0EE408AF0EE609AB0EE419AFFF70E
:109D80008BFBF7EE000AB0EE408AB0EE680A06F0F0
:109D90003FFBB4EE400AF1EE10FA12D6DFED317A55
:109DA000B4EE670AF1EE10FA0BDCDFED2F7AB4EEB9
:109DB000E70AF1EE10FA04DAB5EE400AF1EE10FA15
:109DC00047D0B0EEC87AB4EE477AF1EE10FA06D674
:109DD000DFED247AB4EE677AF1EE10FA2DDD05F0AE
:109DE0004BFEB0EE407AB0EE480AB0EE478A05F07E
:109DF00043FEB0EE407AB2EE040A69EE007A67EEF6
:109E0000887A77EEA97A77EEC77A77EECA7AC7EEC4
:109E1000800A05F061FE05F06BFFBDEC068B40F299
:109E2000FF13BCEEC00A10EE102A90B2984228BF71
:109E30001846012838BF012008BDDFED0B7AB4EECB
:109E4000E77AF1EE10FACADAB5EE408AF1EE10FACE
:109E5000C5D1BDEC068B012008BD00BFA04A01089A
:109E600000000000FFFF7F7F000080002DE9F04729
:109E700082B0BDF828400B9F03EBC4056B88002B14
:109E800044D06E68844601EB0208043E4FF0000E99
:109E900056F8044F620092B28A4233D3424531DA17
:109EA000C4F30170012817D002283AD090BB521A8F
:109EB00093B2C4F34459012202FA09F2974249D3FA
:109EC0003349013A0C6901923249334A0097A0475D
:109ED000002002B0BDE8F087521A92B20CEB4209A2
:109EE0003CF81200B9F8023043EA004323F00F03B4
:109EF00017B1C4F303442343180C2CF81200A9F83B
:109F000002306B880EF1010E7345C1D8012002B0FA
:109F1000BDE8F0871E4B214A1B691E490020984767
:109F2000D6E7521A92B20CEB42003CF812904388EA
:109F300043EA094323F00F0317B9C4F3034423434F
:109F40001C0C2CF8124043806B880EF1010E7345F7
:109F50009ED8DBE7C4F3044A0CEB43043CF813003F
:109F60006288C9F1200942EA00424FF0FF3020FA2E
:109F700009F000FA0AF022EA000207FA0AFA42EAB5
:109F80000A02100C2CF8130062806B88BAE700BF3D
:109F9000E8000020347E0108FC7D0108407E0108B5
:109FA0002DE9F04383B01D4643F440534FF00008C1
:109FB000BDF82840ADF800308946164669460123B1
:109FC000032245F480550746ADF80280ADF80480C1
:109FD000FBF7F2FBADF80050BDF9045004FA09F4A8
:109FE0006C4004EA06025540434669463846022260
:109FF000ADF80250FBF7E0FB03B0BDE8F08300BF13
:10A00000002870B446DB0029034639DB88420A4643
:10A010004BDA0025012429461B04B3FBF2F343F677
:10A02000284293425AD946F2D632934260D948F632
:10A03000720293425ED94AF6494293425CD94DF28C
:10A04000A30293425AD94FF24B72934298BF052014
:10A0500045D94FF24C7648F233224CF2A3409B1B79
:10A0600002FB03F300EB134014B1C0F5C9301F30FD
:10A0700015B1C0F549303F30C1B1404270BC7047A6
:10A08000494209B2884217DA002501240A460346EC
:10A090002146C1E7404202B20029104614DB91423A
:10A0A0000B4605DD91BB1C4800E048BB70BC704707
:10A0B000002401252146AFE70028DED000250B460D
:10A0C00002462C460121A7E7494209B28A424FF0D5
:10A0D0000105DADB0B46002429469DE700200F4AE4
:10A0E00002EBC00602EB8002D6E90F60526FB6E7C2
:10A0F0000120F4E70220F2E70320F0E70420EEE776
:10A1000000250B4602462C46294685E701251A46BE
:10A110002C46034600217FE720920100A04A010857
:10A120002DE9F0470646804602EB42008CB015460A
:10A1300006EB8000002289460DF10C0A0146174605
:10A140004FEA870E54469FED767AB31A75B103EB4A
:10A15000020CF444DCED007A9C46DCED006A0C3322
:10A1600067EEA67A8B4237EE277AF0D10EF1040E15
:10A17000BEF10C0FA4EC017AE5D10137032F0AF1EF
:10A18000100AA2F1040201F10401D9D19DED045A93
:10A19000DDED055ADDED086A6A4606F10C01DFEDDA
:10A1A000607A43463DB11C4694ED007A0C338342FD
:10A1B00077EE877AF7D108F104088845E2EC017A56
:10A1C00000F10400EBD19DED037AF0EEC77AF4EED6
:10A1D000677AF1EE10FA12D69FED526AF4EE467AE3
:10A1E000F1EE10FA0BDC9FED506AF4EEC67AF1EE58
:10A1F00010FA04DAB5EE407AF1EE10FA7DD0F7EEFF
:10A20000007A87EE872A9DED073A9DED0B7A65EE81
:10A21000023A25EE824A65EE237A65EEA34A33EED2
:10A22000673A25EE846AF0EEC32A65EE047AF4EE0E
:10A23000622AF1EE10FA76EEE44A76EEE77A37EE2D
:10A24000466A06D69FED377AF4EE472AF1EE10FA09
:10A2500047DDB7EE007AC7EE032ADDED006A9DED1B
:10A26000017A9DED023A63EEA63A67EEA27A37EEE6
:10A27000637A64EEA73A67EE877A36EE636A24EE75
:10A28000264AF0EEC63A73EE677AF4EE633AF1EEE0
:10A2900010FA77EEC47A06D69FED224AF4EE443ADD
:10A2A000F1EE10FA2FDD87EE864A0120002364EEDE
:10A2B000844A65EE845A77EE647A89ED024A67EE45
:10A2C000A27A25EE275AC9ED017A76EEC57A77EEA5
:10A2D000E57A67EE827AC9ED007A33600CB0BDE8AA
:10A2E000F0879FED117AF4EEC72AF1EE10FAB0DA9A
:10A2F000B5EE403AF1EE10FAABD100200023336006
:10A300000CB0BDE8F0879FED084AF4EEC43AF1EED8
:10A3100010FAC8DAB5EE406AF1EE10FAEDD0C2E7F5
:10A3200000000000FFFF7F7F00008000704700BF3B
:10A330002DE9F04F9B461B68C2F51E66B34294BFE1
:10A340009EB2B6B2884674084FEA520183B01746EF
:10A350004FEA81010CD0144B08EB840419444346A6
:10A3600051F8042B5A80120C1A800433A342F7D1FF
:10A370000E4C851E04F1E20A04F1E40914F8013BD5
:10A3800035F8022F3946CDE9003240464B46324679
:10A39000FFF76CFDA24501D00028EFD1CBF800609B
:10A3A00003B0BDE8F08F00BFA85A0108304B010888
:10A3B00038B50546FBF7A4FD044618B12A4600212E
:10A3C00007F0C0FE204638BD68B12B4B02689A42A8
:10A3D00070B5044608D0294B294A1B692949BDE8B4
:10A3E0007040002018477047006D0025256010B1AF
:10A3F000FBF718F92565606E18B1FBF76BF90023C0
:10A400006366606D18B1FBF70DF900236365A06EFC
:10A4100018B1FBF75FF90023A366606C18B1FBF776
:10A4200001F900236364A06D18B1FBF753F9002311
:10A43000A365A06C18B1FBF7F5F80023A364E06DE9
:10A4400018B1FBF747F90023E365E06C18B1FBF79F
:10A45000E9F80023E364206E18B1FBF73BF9002311
:10A460002366E06B18B100230360FDF715FD20465D
:10A47000BDE87040FBF7CEB830D1C0ACE80000209A
:10A48000C47B0108DC7B010808B518B1064B0268E3
:10A490009A4207D0054B064A1B6906490020984797
:10A4A000002008BD012008BD50D1C0ACE80000204C
:10A4B000647E0108DC7B01082DE9F04F2DED048B53
:10A4C000C9B00190FFF7E0FF80B9734F00243B69EA
:10A4D000724A7349002098472046FFF775FF002411
:10A4E000204649B0BDEC048BBDE8F08F6C494FF4B9
:10A4F000BF724FF48670FFF75BFF04460028E4D07C
:10A50000684B0360002180F80411A0F806118C222A
:10A5100025A807F017FE019B043318461D46029339
:10A52000FDF72AFF002800F09B802846FEF7AEFECC
:10A5300000F0010310F00E0F039312D01A1D10F05B
:10A54000060F00F0478781074CBF00F0FD0000F0C8
:10A55000FB00013310F00E0F9BB201D09A42EED1F6
:10A5600003930298FDF708FF0746002876D002986B
:10A57000FEF78CFE10F0010374D19C4610F00E0F14
:10A580003FD0DDF80C90019E00250121E14500F04F
:10A59000060240F2D1831C2303FB0CF80DF1940E4C
:10A5A00025AB434496F814B00EF808B096ED097A3E
:10A5B00096F81680D6ED077AD6F820A083F80280A8
:10A5C000B6F8188083ED017AC3ED027AC3F80CA0C7
:10A5D0005970A3F81080002A00F0E28719761D75E3
:10A5E00083074CBF00F0FD0000F0FB0001350CF1CB
:10A5F000010C10F00E0FEDB21FFA8CFC01D0042DEF
:10A60000C4D1039B002B00F05C82039A25AB1C2174
:10A61000002501FB0231284605E01C33012A08BF52
:10A620003D46994206D05A78002AF6D11C33994209
:10A630003846F8D10790002D66D0012784F8407085
:10A64000FAF732FE054648B10298FDF795FE0590EF
:10A65000002840F086832846FAF7E4FF0E4F36E7DD
:10A6600003907EE7039BA3B1019A536A2693D369B3
:10A670002793136A289302238DF894308DF8AC3019
:10A68000937D8DF89630138BADF8A43001238DF8AF
:10A69000A9304FF0010C71E7E8000020DC7F0108D1
:10A6A000DC7B010830D1C0AC049BDDE90DA4013B8B
:10A6B0005AFA83F3DBB20493049B002BCBD00499AA
:10A6C0002846FAF73DFE28460121FAF773FF019B61
:10A6D000284693F82970FAF719FE08B185F86A70D0
:10A6E00004F1DC012846FBF73FFC0028B3D0A0664C
:10A6F0006565284604F1A40304F1600204F14C01ED
:10A70000FEF766F90028A9D0079B002B40F0E581F1
:10A71000019BA9495D7D236D0D938222636D0E938C
:10A720004FF43570FFF744FE0646002801F06A80BA
:10A73000039BA0F844300246A04B036002F8045F7C
:10A7400000212AABDFF88492049105910A920890C7
:10A7500006919B460994BDF81030039A934280F00D
:10A7600099841BF8141C0B91DDE90D151BF8132CB3
:10A770009BF804300293ABF11407002A08BF0D4682
:10A780000C920FCF16AE34460FC43B682360029B79
:10A79000042B00F2FA808A4940F2D312DC20FBF746
:10A7A000AFFB0446002800F06884C422002127463D
:10A7B000183007F0C7FC834A47F8042B0FCE0FC7A9
:10A7C00033683B60029B63772BB1029A594604F1D0
:10A7D000190007F0E3FD6379002B40F01981012394
:10A7E000A27E029304F11A06002D00F0FD802B6872
:10A7F00075498B4200F01D81744B754A1B69754980
:10A80000002098470023E36232782B686E498B4220
:10A8100000F002816D4B6E4A1B696E49002098471B
:10A820000023238532782B6867498B4200F0BB8078
:10A83000D9F81030664A6749002098470223A37769
:10A8400000232386029B002B2ED0029B604FCDF865
:10A850003CB0B246534404F11E06A0469B461AF88B
:10A86000013B002D00F089802A6857498A425FD059
:10A87000564C574A23695749002098471AF8013C1B
:10A880002A6851498A426AD0236952493A460020CF
:10A890009847002326F8023FDA45B8F83030F383B2
:10A8A000DDD1DDF83CB044466379002B40F0D88020
:10A8B000A4F86030238E258E03EB83035B009BB2EC
:10A8C000B4F828A0A67FA4F86230BAF1000F40F0D7
:10A8D000FA810123B5EB430F63874FEA430240F24D
:10A8E000B5800299A38704EB4100818F994280F0E3
:10A8F000AE84364F384A3B693149089E0020A34652
:10A90000099C98473B69354A2D4900200025984706
:10A91000BB68CBF8005058469847049B023346F872
:10A920002350002535603046FDF7B6FAE563CEE5E5
:10A93000032B09D9D9F81030294A26490020984715
:10A940004C461AF8013C9BE7142202FB03531A8978
:10A95000B8F830301344A8F830301AF8013C032B13
:10A9600006D9D9F810301E4A1A490020984790E7B6
:10A97000142202FB03539B898CE7D9F81030154948
:10A980003A4628464C4698477EE7104F154A3B69A1
:10A990000B490020DDE908649847049B023300223C
:10A9A00046F82320BDE7032A2DD9D9F810300C4AE8
:10A9B00008490020984741E70C7C010852D1C0ACFF
:10A9C000487C0108E1AFA10F0FB03713E800002069
:10A9D000A074010898740108447F0108B87F010839
:10A9E000B87401080C710108D9F81030C44AC5497F
:10A9F00028469847D9F81030C14AC249E56228462E
:10AA00009847258514E7142303FB0252137D16E7AC
:10AA1000627E04F11906E7E6032A54D9D9F810300A
:10AA2000B94AB849002098472B680022228532781D
:10AA3000FAE6032A4CD9D9F81030B34AB1490020BC
:10AA400098472B680022E2623278DFE6AF4FB04AC7
:10AA50003B69B049089E0020A346099C984751E7EE
:10AA600094F819A00026A4F86060BAF1000F25D070
:10AA7000A34FA8460FE0D9F81030A249002098470C
:10AA80000023B4F8602001361344564508F1140839
:10AA9000A4F8603012D03A46002DECD02B689E49C5
:10AAA0008B42E8D1032E06D9D9F81030964A954941
:10AAB00000209847E4E7B8F80830E2E7258E2B46F7
:10AAC000FEE6079324E6142101FB02525289ADE70A
:10AAD000142101FB02525268B5E7002384F840308C
:10AAE000FAF7E2FB054600283FF4B8AD0298FDF7FF
:10AAF00043FC00283FF4AFAD0298FEF7C7FBC70741
:10AB000006467FF5A8AD019B9F891A7D93ED025AF9
:10AB100093ED018A39460120FDF7DEFBF0EE400A95
:10AB2000B0EE450A05F092FC39460120FDF792FB94
:10AB3000074601460120FDF7D5F817FB00F316F094
:10AB4000060F1FFA83F818BF4FEA4806F0EE408A56
:10AB5000F0EE480AB0EE480A38460CBF4646B6B298
:10AB6000FEF71AFBF0EE680AB0EE480A8146384656
:10AB7000FEF712FB07EE900A019BB8EEE78ADFEDC5
:10AB80006D7AD3ED048A0644987D28EE278AFDF776
:10AB900073FCF0EE680AB0EE401A3946B0EE480A8F
:10ABA0000120FFF7D7F800221146A9EB08098046DB
:10ABB0002846FAF7CFFB002201212846FAF7F0FBDE
:10ABC000002201212846FAF711FC00220421284620
:10ABD000FAF732FC002241462846FAF753FC0022DD
:10ABE0000F212846FAF774FC002201212846FAF7C3
:10ABF00095FC284600220121FAF7B6FCA6EB0906CF
:10AC00002846B6B2B6FBF7F6FAF780FB08B1012387
:10AC1000AB74002201212846FAF7D6FC49460122EE
:10AC20002846FAF797FB314601222846FAF7B8FB87
:10AC3000394601222846FAF7D9FB01221146284657
:10AC4000FAF7FAFB414601222846FAF71BFC0122DB
:10AC500005212846FAF73CFC012211462846FAF75E
:10AC60005DFC012211462846FAF77EFC01221146BE
:10AC70002846FAF7A9FC02212846FAF761FB284684
:10AC80000A21FAF797FC019B284693F82960FAF706
:10AC90003DFB08B185F86A6004F1C0012846FBF766
:10ACA00063F900283FF4D7AC60662565284604F1B7
:10ACB000880304F15C0204F14801FDF789FE0028D5
:10ACC0003FF4CCAC24E5731EDBB2042B07EE90AA54
:10ACD00094BF124ADFED126AB8EE677ADFED157A9B
:10ACE0009CBF02EB8303D3ED006A27EE277AC6EE02
:10ACF000877AFCEEE77A17EE903A9BB2EAE500BF5E
:10AD0000A074010898740108B8740108E8000020D4
:10AD10000C7F0108487C01080FB03713A04A0108D6
:10AD200000000000666646403333A34033334B4196
:10AD3000000094410AD7233B002A7FF451AC1C2227
:10AD400025AB039802FB0C32604505F1010104D9E3
:10AD5000137ED618013335751376CDB2042DF3D199
:10AD60004FE40298FEF792FA00F00402904610F0C9
:10AD7000080300F0020282460492089340F0F38335
:10AD80004346002B40F02185049B002B00F02783D5
:10AD9000019E3846B189FDF75DFA01463846FCF759
:10ADA000A1FF11FB00F39BB207EE903A337D032B1A
:10ADB000F8EE675A00F07085019B1FED227AD3ED03
:10ADC000027A45EE877A01271FED2A7AF4EEC77AD8
:10ADD000F1EE10FA00F10D831FED2D7AF4EEC77A33
:10ADE000F1EE10FA00F13685B1EE0C7AF4EEC77A86
:10ADF000F1EE10FA00F11D851FED347AF4EEC77AFA
:10AE0000F1EE10FA00F12A851FED377AF4EEC77AD9
:10AE1000F1EE10FA4CBF042305230693049B002B8C
:10AE200000F09980019BB3F80CB01F7D93ED018A6F
:10AE300059460120FDF70EFA014606460120FCF7AF
:10AE400051FF019B8146987B032828BF0320594668
:10AE50003A46FDF741FA019B19FB06F95FEACA7011
:10AE600093ED029AF0EE408A1FFA89F900F193847B
:10AE7000F0EE490A05F0EAFACB46F0EE408A032FDD
:10AE800000F0DB840023F0EE480AB0EE480A3046BA
:10AE90000493FEF781F9F0EE680A0746B0EE480A1F
:10AEA0003046FEF779F9874208BFB819049B5A4625
:10AEB000BA1A07EE900A09EB0007A2EB030B1F4436
:10AEC000019BB8EEE78A5FED657A987DD3ED048A41
:10AED00028EE278AFDF7D0FAF0EE680AB0EE401AA5
:10AEE0003146B0EE480A0120FEF734FFA7EB0B070E
:10AEF0008146594600222846FAF72CFABFB20022B2
:10AF00002846B7FBF6F73946FAF74AFA31460022E7
:10AF10002846FAF76BFA002201212846FAF78CFA44
:10AF2000494600222846FAF7ADFA00220A212846AF
:10AF3000FAF7CEFA002201212846FAF7EFFA0022AA
:10AF400001212846FAF710FB069900222846FAF755
:10AF50003BFB012304934346002B40F05982089B9E
:10AF6000002B3FF4A9AB019B93ED015A9F7B9E8977
:10AF700093F8149053465B0740F04C84019B314694
:10AF80003846D3ED025AFDF765F901468346384647
:10AF9000FCF7A8FE524611FB00F39BB232F0080208
:10AFA0000B9316BF5B000B9B9BB2B9F1030F0C9385
:10AFB00000F04A8400230A93049BF4EEC55AC3F1BF
:10AFC0000507F1EE10FA5FFA87FA00F1178207EE33
:10AFD00090AAF8EE677AF7EE006A35EEC57A77EE5A
:10AFE000E67A11ABC7EE276A0AF1FF301946002254
:10AFF00096B20132904207EE906AF8EE677AB0EEB0
:10B00000457A07EEA67AA1EC017AF1D848AA02EBBC
:10B010008A0242ED385A1FEDB98A00260DF158090F
:10B0200098465F46B8EC010A80EE080A04F060FE1C
:10B03000FDEEC07A17EE902A92FBF7F207FB02F2C0
:10B0400049F826200136F3B25345EBD302239C4640
:10B0500048AA02EB8C0259F82C6052F8CC0C8642BC
:10B06000194609EB8C0200F014810133DBB29A45DA
:10B0700040F220810FFA83FCEAE79A4F9A4A3B6933
:10B080009A49089E099C83469847049B023346F8D8
:10B0900023B046E4099C089E059BC6F8D032636C39
:10B0A0001593A36C1293E36C1493636DDDF818E0B1
:10B0B00013930025236DC6F8CCE20DF14409E66335
:10B0C00065601193052659F8047B38469FB1FAF75D
:10B0D0001DF920B116A9381DFAF728FF30B9EB1C6D
:10B0E00023F003037F4FA360FFF7F1B9BDF8583099
:10B0F0009D4238BF1D46013EB6B2002EE3D1EB1C87
:10B1000023F00303C4E90233E36B1BB1784A1968E7
:10B11000914207D0734F774A3B697749002098479F
:10B12000FFF7D5B9D3E9B325B2F5E86F38BF4FF4CF
:10B13000E862226126752046FCF700FE074620469D
:10B14000FCF718FE20B1019B1E7DB31E5E425E41DE
:10B1500087F0010786F0010684F8417084F84260A8
:10B160002046FCF707FE002869D1079B53B1002356
:10B170000122A361A283042320B104222362A084BC
:10B1800012FB00331A1D1544291DC4E90A324FF47D
:10B190008033C4E90C51A363FAF786F8054600280A
:10B1A0003FF45CAA00226FF01D01FAF7D3F80022E9
:10B1B00032212846FAF7F4F8002201212846FAF74E
:10B1C00015F9002240212846FAF75CF928460022AA
:10B1D0001021FAF77DF92846FAF798F808B101230B
:10B1E000EB73002201212846FAF798F9284600223D
:10B1F0000121FAF7B9F92846FAF788F808B10123CE
:10B20000AB74002201212846FAF716F90022022128
:10B210002846FAF7D9F901212846FAF7CBF9012196
:10B220002846FAF78DF804F16C012846FAF79CFEDF
:10B2300000283FF410AA6564A065FFF751B9606D5E
:10B24000FAF74AF8079B002B91D1079B94E7C91A9C
:10B250008187D4F82C80AA1A97B2B8F1270F0AFB7D
:10B2600003836363CCBF00220122278704F14803D4
:10B2700051463046FEF7BAF8002840F09481194F45
:10B280001E4A3B691949089EA346099C9847FFF747
:10B2900039BB0AF1FF3003E0566842F8046B013114
:10B2A0008142F9D35FFA80FA534503D2BAF1020F13
:10B2B0007FF4CEAE059B002B3FF4CDA90AF1FF3100
:10B2C000C9B201F1FF38CDF834A0CDF82480DA46B8
:10B2D0009FED0B9ADDF8048008910027CB460E9471
:10B2E00064E000BFE8000020E47E0108487C01081B
:10B2F00052D1C0ACF07B01080C7C0108907F0108A2
:10B300000AD7233B164607EE902A98F8160098F8BD
:10B310000E900593B8EEE78AF61AD8ED048AFDF789
:10B32000ABF828EE098AB0EE401AF0EE680AB0EEEB
:10B33000480A51464846FEF70DFD059B81461946D1
:10B3400022462846FAF706F8B6B222462846B6FB49
:10B35000FAF63146FAF724F8224651462846FAF71B
:10B3600045F898F80E1022462846FAF765F8224666
:10B3700049462846FAF786F822460A212846FAF76F
:10B38000A7F8224601212846FAF7C8F822460121EB
:10B390002846FAF7E9F8224606992846FAF714F9FA
:10B3A0000137089AFBB29A427FF67EA9049BDC190A
:10B3B000E4B2DBF800305BF8042F1FB90C995B1A7C
:10B3C0000A995B1A09998F429CD10B998E180A9998
:10B3D0000E4498E701339BB20393FFF7C2B8CB4BFF
:10B3E0001B782BB13846CA4FCA4A3B69CA499847AD
:10B3F00003277B1E18BF012306930FE5C44FC74ADE
:10B400003B69C549002098470023059311AB02E62C
:10B41000019EB78996F8148096ED015A3946424646
:10B420000320FCF759FFF0EE400AB0EE450A04F0A5
:10B43000EFFF4246B07B96ED025A3946B0EE408AA5
:10B44000FCF74AFFF0EE400AB0EE450A04F0FEFFBA
:10B4500039460320FCF7FEFE074601460320FCF7B1
:10B4600041FC17FB00F35FEA8A721FFA83F91ABFE7
:10B470004FEA490296B24E46B8F1030FF0EE408A09
:10B4800000F005824FF00008F0EE480AB0EE480ADE
:10B490003846FDF781FEF0EE680AB0EE480A0990E2
:10B4A0003846FDF779FE099A824208BFD01907EEA7
:10B4B000900A921B09EB0003A2EB0809019AB8EE6F
:10B4C000E78A4344DFED9B7A907DD2ED048AA3EBBB
:10B4D00009039BB228EE278AB3FBF7F8FCF7CCFFF1
:10B4E000F0EE680AB0EE401A3946B0EE480A032082
:10B4F000FEF730FC4946DDF8109006464A462846DD
:10B50000F9F728FF4A4641462846F9F749FF4A46D7
:10B5100039462846F9F76AFF4A4603212846F9F7D3
:10B520008BFF4A4631462846F9F7ACFF4A460A21C6
:10B530002846F9F7CDFF4A4601212846F9F7EEFFE4
:10B540004A4601212846FAF70FF806994A46284646
:10B55000FAF73AF84B460133DBB20493089B002B11
:10B560003FF4ADA8FFE4019EB77BB1893846FCF7F4
:10B5700071FE01463846FCF7B5FB11FB00F39BB2A8
:10B5800007EE903A337D032BF8EE675A00F0758191
:10B59000019B9FED687AD3ED027A45EE877A13E43A
:10B5A0001A76FFF7CCBBD4ED026A2379B1EE0C7AA0
:10B5B000F2EE007A46EEC77A022BC4ED157A57D91F
:10B5C000032B40F04F8107EE90AADFED5A6AB8EEE8
:10B5D000677A731EDFED527A27EE267ADBB2042BF0
:10B5E000B4EEE77A00F26C81F1EE10FA40F36B8171
:10B5F0004C4A02EB8303D3ED006AB5EE006A26EEF7
:10B60000866AF7EE005AC6EE077AF4EEE57AF1EEB6
:10B6100010FA40F36781FCEEE77A17EE903A9BB29E
:10B62000F1EE007A66EEA77AF6EE006A67EEA67A89
:10B63000C7EE876AA4F85830FCEEE66A16EE902A48
:10B6400092B213449BB2A4F85C3030339BB298455D
:10B65000A4F85A2009DCBAF1000F40F03881A34663
:10B66000089E099C2A4FFFF74DB90023A4F85E30CD
:10B670000B9B022B73D000220C9B7BB905EB85033F
:10B680005B009BB2C4F8A820A4F8B03002EB8302A0
:10B690000A23C4F8B420A4F8BC30283205F10C0306
:10B6A0005B009BB207F11F01A4F8703049099B00B1
:10B6B0006367A4F87C1003EB81030021A166B8073F
:10B6C0004FEA570148BF0131C4F88030A4F8881010
:10B6D00003EB4103012121760A99C4F8D820C4F86C
:10B6E0008C3041F8044F06984861059888620A91A9
:10B6F0000D48216881421FD0054F0C4A3B690C4917
:10B700000020DDE908649847FFF70BB9000100202D
:10B71000E80000207C7E0108807C0108A07E0108F2
:10B72000ACC52737A04A0108E1AFA10F2C7C010866
:10B73000487C01080AD7233B0699033323F003030F
:10B7400019440332059B069122F00302134405932A
:10B75000049B013304930BF11C0BFEF7FCBF00228A
:10B760006379C4F89020BA00A4F89870C4F89C20BB
:10B770007BB1637FA4F8A43002EB8303C4F8C0302C
:10B780001344A4F8C870C4F8CC301A44A4F8D47098
:10B7900072E70123EEE73A460120FCF79DFDF0EE4B
:10B7A000400AB0EE480A04F033FEF0EE490AB0EE6B
:10B7B000408AB0EE680A04F049FE4FEA49039BB2A2
:10B7C000F0EE408A9B46FFF75ABB019E0320B189E9
:10B7D000FCF740FD01460320FCF784FA11FB00F35F
:10B7E0009BB2307D07EE903A0328F8EE675A5ED0A0
:10B7F000019B1FED307AD3ED027A032745EE877A5D
:10B80000FFF7E2BA384F394A3B6939499847E6634E
:10B81000FEF75DBE4A4631463846FCF75DFDF0EE68
:10B82000400AB0EE450A04F0F3FDB0EE405AFFF7CF
:10B83000A5BB02230693FFF7F1BA31460120FCF7BE
:10B8400083FD0346FFF71FBB3846FCF77DFD0A90DA
:10B85000FFF7B2BB01230693FFF7E0BA0323069379
:10B86000FFF7DCBA204F234A3B692349089E00209A
:10B87000A346099C9847FFF745B83846FCF764FD96
:10B8800007EE900AF8EE677A75EEA75A80E6404612
:10B89000FCF75AFD8046F7E53846FCF755FD07EE04
:10B8A000900AF8EE677A75EEA75AFFF785BAFCF7AB
:10B8B0004BFD07EE900AF8EE677A75EEA75A97E708
:10B8C000F1EE10FA0CDCF7EE006A0123B2E6A3EB0E
:10B8D00008039BB2B3FBFAF30133A4F85E30C7E66A
:10B8E000DFED066A01239BE6E8000020C47E010824
:10B8F0000C7C0108747F0108487C010800000000EE
:10B90000F0B482B02E4E056800238DF80330336802
:10B910003768C3F164031A442A4B1B6803EB8303A3
:10B92000C3EBC3031B0D02FB03F30193AB68194286
:10B930000AD134E0019C019B013B0193AB68002CD0
:10B9400008BF002219422AD0B1F5C06F05D12B7B68
:10B95000DBB28DF803309DF803303368DB1B934274
:10B96000E8D36B68426823F0E003B2F5827F6B6036
:10B9700019D0836AB3F5005F07D12B6823F4005315
:10B980002B602B6843F400532B600122002380F8C6
:10B990005D2080F85C30032002B0F0BC70470020CE
:10B9A00002B0F0BC70478368B3F5004F02D0B3F526
:10B9B000806FDED12B6823F040032B60D9E700BFF6
:10B9C000E40000200000002070B4274D274B2A68B7
:10B9D0001B6804682E68C2F16402114483B0C3F38B
:10B9E000CB3301FB03F30193A3681A062CD509E0BE
:10B9F000019A019B013B0193A368002A08BF002123
:10BA00001B0621D52B689B1B8B42F1D363684268D0
:10BA100023F0E003B2F5827F636019D0836AB3F547
:10BA2000005F07D1236823F400532360236843F4A5
:10BA3000005323600122002380F85D2080F85C30F1
:10BA4000032003B070BC7047002003B070BC704787
:10BA50008368B3F5004F02D0B3F5806FDED1236861
:10BA600023F040032360D9E7E40000200000002019
:10BA700030B41D4D95F82030012B31D029680220BB
:10BA8000CA2385F8210001224B6253234B6285F8BB
:10BA900020208B68154823F480738B608B6823F417
:10BAA00080538B60046804E00268121BB2F57A7F51
:10BAB0000DD8CB6813F00103F6D00020FF2201233C
:10BAC0004A6285F8200085F8213030BC7047032099
:10BAD000FF224A6285F8203085F8210030BC70478B
:10BAE000022030BC704700BF08010020E4000020A5
:10BAF00030B4124D124C00F1BC0C002143680B44D1
:10BB0000024640F8043F12689A1AAA4209DD50F82A
:10BB1000042CA3F5C9237E3BA1F5C92103607E391E
:10BB20009A1AA24206DA03F5C92301F5C9217E3328
:10BB300003607E318445E1D130BC70473F2403006F
:10BB4000C1DBFCFF2DE9F04FADF2146D04469146C8
:10BB500003938D1C03AE0DF20C67B5F9001035F997
:10BB6000020CFEF74DFA46F8040FB74205F1040542
:10BB7000F3D100214846202206F0E4FA0DF16C0AC8
:10BB80004FF6FF73002104EB44060293304DDFF8BB
:10BB9000C48001915346F600A9F1040940F6945778
:10BBA0008A469B46ABF15C00FFF7A2FFABF1600059
:10BBB0004FF0000C50F8043F026E5845A3EB02030F
:10BBC0009C44F7D1BCF1000F31DB4FEA9C1007FB1E
:10BBD00000F0400D04FB00F006EB1020C9F8040053
:10BBE000BAF1000F03D0D9F8003083422AD959F8AE
:10BBF000043F4344002BB8BF5B42AB4204D21D4616
:10BC00000123CDF808A001930AF101021FFA82FA7C
:10BC1000BAF1080F0BF1C00BC4D1019911B1DDE9E4
:10BC200002231A8008460DF2146DBDE8F08FCCF1A6
:10BC30000000800907FB00F0400D04FB00F0A6EBBC
:10BC40001020CBE7002108460DF2146DBDE8F08FFF
:10BC500040420F00E0D764FC2DE9F04F87B04FF071
:10BC6000000E164600EB41090290821ECDE9031634
:10BC7000A9F1120935464FF0010BF246F446704621
:10BC8000CDF804E005931EE040F2EE218B4240DC4B
:10BC9000634500DD9C464FF0000BBEF1000F0ABF6C
:10BCA0004FF0000B70460120CAF100084345019B8C
:10BCB000B8BFA4EB060ABB4238BF3B46914501938F
:10BCC00005F102052BD0568A32F8024F331B03F5DB
:10BCD0000048B8F5803F2746D6D240F2EE218B428D
:10BCE0002B8007DD178868B9634515DD9C464FF04A
:10BCF000010ED9E7514917889C45B8BF9C468B4235
:10BD0000D2DACAE7634500DD9C4686464FF0000B59
:10BD1000CAE74FF0000BE6E74FF0010EC4E7194603
:10BD2000DDE90346059BBBF1000F03D1002007B0FE
:10BD3000BDE8F08FBEF1000FF8D00028F6D0CDE9B5
:10BD4000031C0027A4F11C09B84606F112043D4665
:10BD50003E46BE46D34634F9021F019601EB810CE4
:10BD600001EB4C010A22A246A4463CF9026D02FBFB
:10BD700006113AF9026F02FB0611013AF5D1019E54
:10BD8000A942C4BFF0460D468E42C8BF77460EF1A9
:10BD9000010EC8BF0E46F145DDD14CF25034A5422C
:10BDA000DDE9031CDA46C1DD254CA642BEDABCF152
:10BDB000000FBBD0BBF1000FB8D0029C119D2488AE
:10BDC000C900E4004DB18C4205D2ACEB0402013A4B
:10BDD0000A44B2FBFCF2119D2A60109A002AA6D0F8
:10BDE000002BA4D0029A08F10E0532F81520B4EB0E
:10BDF000C20F4FEAC20606D2ACEB0404013C344445
:10BE0000B4FBFCF42D1B029A0E3732F81720B1EB6D
:10BE1000C20F4FEAC20405D94A1E5244121BB2FB9C
:10BE2000FAF2BF1A55EA070280D4BD423FF77EAF4F
:10BE3000109A7F1B17601D6079E700BF12FDFFFF9E
:10BE4000B03CFFFF2DE9F04F204C93469A46851EEB
:10BE50008A1E04F1E2074FF000084FF41E6604F159
:10BE6000E40935F8021F32F8023F994222D02178C6
:10BE700009EBC1014B8833B34968002001EB830310
:10BE800047F6FF7E51F804CB1FFA8CFCE64528BF2D
:10BE9000E646604538BF60468B42F3D1400080B231
:10BEA0004FEA4E0E80451FFA8EFE38BF804676451B
:10BEB00028BF76460134BC42D3D1ABF80060AAF863
:10BEC0000080BDE8F08F4FF6FE7EF0E7304B0108B2
:10BED0002DE9F04F9846174BDFF85CB01F8883B010
:10BEE000043A043F52087F0897420C9E019089460D
:10BEF00028BF174601F1040A0025741BBC4228BF65
:10BF00003C4645EA0B02631E08EB4501A9F80020F8
:10BF1000A9F802306200504606F040FA2544019824
:10BF20000023A21C4946F9F747FCAE42E5D803B00E
:10BF3000BDE8F08FE800002000C0FFFF2DE9F04FC2
:10BF4000264C87B00026CDE90466B4F80080894607
:10BF5000002B3DD04FEA5808CDE90102A8F10408B2
:10BF60000D461F464FF4004BB246039325E0029B5B
:10BF7000A5F800B033446B80631EAB80A5F806A023
:10BF80006200002105F1080006F0DCF8294601985E
:10BF90000123221DF9F710FC04AA134603CA264404
:10BFA0006960286009EB460559F81600696803C303
:10BFB000039B9E42A7EB04070AD2B845444628BF1C
:10BFC0003C46B845D3D200E0013CE307FCD4CEE7C1
:10BFD00009F1080007B0BDE8F08F00BFE8000020BD
:10BFE00030B4104D2A68D06810F0400002D0002014
:10BFF00030BC70470C494FF0FF33D3600C68D368F6
:10C000005B06F5D4032803D1F2E7D3685806EED4D3
:10C010000B681B1BB3F57A7FF7D9032085F8210045
:10C02000EDE700BF08010020E400002008B5114B37
:10C03000DA6822F08002DA609A68920603D4FCF78C
:10C0400037FA88B908BD9A6822F020029A60FCF796
:10C050002FFA18B1084B032083F82100054A936892
:10C0600043F02003936008BD034B032083F82100B5
:10C0700008BD00BF0028004008010020F0B5624C58
:10C0800094F82030012B00F0BC80216802230122AB
:10C0900084F8202084F821308B6813F0400C18BFFE
:10C0A00090F803C003780CBF80F803C04FEA8C5CA3
:10C0B000092B09D900220A3BDBB2092B02F101024C
:10C0C000F9D843EA0213DBB21A044378092B09D9E1
:10C0D00000250A3BDBB2092B05F10105F9D843EA3B
:10C0E0000513DBB28678092E4FEA032309D9002510
:10C0F0000A3EF6B2092E05F10105F9D846EA051502
:10C10000EEB290F824E0BEF1090F0DD90025AEF192
:10C110000A0E5FFA8EFEBEF1090F05F10105F6D891
:10C120004EEA05155FFA85FE4569076A3D4345EA13
:10C130000C052A431343334343EA0E624668C3693E
:10C140001E43836ACA20486253204862B3F5807F49
:10C150008B6838D023F400738B60CB682B48DBB23C
:10C1600063F42073CB60056804E003685B1BB3F5E0
:10C170007A7F1ED8CB689B07F7D50A628E648B68DE
:10C1800043F400738B608B6843F400538B60204B47
:10C190001A68002042F4802284F820001A609A680D
:10C1A00042F480229A60FF2201234A6284F82130FF
:10C1B000F0BDFF2203234A6284F82130002384F873
:10C1C00020300320F0BD23F480738B60CB680F48D0
:10C1D000DBB263F4C073CB60056804E003685B1BEB
:10C1E000B3F57A7FE5D8CB68DF07F7D5CA614E642F
:10C1F0008B6843F480738B608B6843F480538B604F
:10C20000C5E70220F0BD00BF08010020E4000020C7
:10C21000000401402B4A03460068904270B43CD8A9
:10C22000294A2A492A4C0244A1FB0212120992000F
:10C23000022183F8251001689D689E691C6421F421
:10C24000FF4C59695A642CF0700C294341EA0C01E7
:10C25000314341F08001B5F5804F016014D0596839
:10C2600002F01C020F2090409140194A94426FEA5C
:10C2700000001BD0D2F8A8442040C2F8A804D2F88D
:10C28000A8040143C2F8A81400200122D86383F84F
:10C29000240083F8252070BC70470E4A0B490E4CD1
:10C2A0000244A1FB021212099200C1E7D4F8A820AF
:10C2B0000240C4F8A820D4F8A8201143C4F8A8105C
:10C2C000E2E700BF07040240F8FFFDBFCDCCCCCCB5
:10C2D00000000240F8FBFDBF0004024070B5066894
:10C2E0000546F46931EA040405D0581C05D1F36908
:10C2F00031EA0303FBD1002070BD16480068801AA4
:10C30000834219D3C3B130684407EAD58029E8D005
:10C310004029E6D0F46914F008040FD1F069000553
:10C32000DFD54FF4006333622846F8F777FD20230A
:10C33000C5F8843085F87840032070BD082428466D
:10C340003462F8F76BFD002385F878300120C5F8DA
:10C35000844070BDE4000020134BDB68C3F302236C
:10C36000C3F1070C1A1DBCF1040F28BF4FF0040CD9
:10C37000062A88BFDA1E4FF0FF3303FA0CF398BF8A
:10C38000002221EA030393401B01421CDBB206D0CA
:10C3900000F1604000F5614080F800337047024AC8
:10C3A00082F82330704700BF00ED00E00F49104ACB
:10C3B000086813691B0704D50D4B1869C0F3C0004A
:10C3C00070470B681B1AB3F57A7FF5D272B6136902
:10C3D0001B0700D430BF62B6BFF36F8F13691B0712
:10C3E000EFD5034B1869C0F3C0007047E40000208C
:10C3F0000004004870B5504C504A94F82030002199
:10C40000012B11707FD02368022184F82110CA21EA
:10C4100059620120532184F820005962996821F45F
:10C4200080619960D968C9B261F49061D960D968B6
:10C4300049066AD51F2159619968414821F00701D1
:10C4400041F003019960016841F480110160816845
:10C4500041F480118160996841F480419960996844
:10C4600041F480619960FF200121586284F8211015
:10C470001178002384F8203000295AD172B6BFF316
:10C480004F8FBFF36F8F137803B930BF62B6BFF31E
:10C490004F8FBFF36F8F1378002BEFD094F82030BD
:10C4A0000021012B11702ED02168264D0220CA23B5
:10C4B00084F8210001224B6253234B6284F8202030
:10C4C0008B6823F480638B608B6823F480438B60DC
:10C4D000286804E02A68121AB2F57A7F0CD8CB6873
:10C4E00013F00403F6D0FF2001230022486284F8F1
:10C4F000202084F8213070BDFF200322486284F898
:10C50000203084F82120F7F759FA0E4D2E68D968AB
:10C5100011F004018ED12868801BB0F57A7FF6D91E
:10C52000FF200322586284F8212084F82010F7F7B6
:10C5300045FA1370B8E700BF080100202C01002065
:10C5400000040140E40000202DE9F04F02EBC30796
:10C5500087B07B88DDF84090EBB1824688460026A4
:10C560004D467B6853F82640C4F30170012815D06E
:10C5700002282ED020BBC4F34459012303FA09F347
:10C580009D422FD32E4A2F4916692F4A013BCDE9F0
:10C590000053A3B2B04707B0BDE8F08FA3B219466D
:10C5A00058F8232022F00F0215B1C4F303442243AC
:10C5B0005046F9F735F97B8801369E42D1D3EAE738
:10C5C0001F4B224A1B691F49002007B0BDE8F04FEE
:10C5D0001847A3B2194658F8232022F00F02002D65
:10C5E000E6D1E2E71FFA84FB4FF00103ADF80E300D
:10C5F0004BF42043ADF81000CDF81200ADF80C302C
:10C6000003A9504601230522F9F7D6F8C9F12009FC
:10C61000BDF81220BDF814304FF0FF30C4F30444CD
:10C6200020FA09F0A04043EA024323EA000305FA96
:10C6300004F4594643EA04025046F9F7F1F8BAE720
:10C64000E8000020347E01080080010838800108DD
:10C650002DE9F04F2DED0E8BB14DDFF82CB3ADF27F
:10C660002C6D3822002136A805F06CFD20AC00238B
:10C6700005F60411AB483594C4E90033C4E902332C
:10C6800005F0D0FEA84A359F02231370A74AA84B95
:10C69000136005F65C160FCE5D460FC596E80300E5
:10C6A0004FF4A87285E80300A2492C20F9F728FC72
:10C6B000054678B106F1080C06469F4B46F8043B48
:10C6C000BCE80F000FC6BCE80F000FC69CE80300D3
:10C6D00086E80300359BFD60DB68002B00F05A8183
:10C6E000964BE5682360964BA36028464FF07C5339
:10C6F0006360FDF7C9FE08B1924B6B60E56894ED8D
:10C70000018A2846FDF7C0FE48B19FED8F0AF3EE7F
:10C71000070A28EE000A03F099FE85ED020AE56893
:10C720002846FDF7B1FE08B10C23AB81E568284629
:10C73000FDF7AAFE08B10323AB73E5682846FDF7B1
:10C74000A3FE08B132232B83E5682846FDF79CFE43
:10C7500008B100236B75E5682846FDF795FE08B122
:10C760000123AB75E5682846FDF78EFE08B103236B
:10C770002B75E5682846FDF787FE08B1734BEB6122
:10C78000E5682846FDF780FE08B100232B62E568C6
:10C790002846FDF779FE08B100236B62E56828465C
:10C7A000FDF772FE08B16A4B2B61E4682046FDF785
:10C7B0006BFE10B1002384F82830664B4FF47A7278
:10C7C0001A60F7F7D7F9359BD868FDF775FE034671
:10C7D0003D90002800F0DA805F4A0168914214D051
:10C7E0000020DBF810305D4A524998475C4805F05C
:10C7F00007FE5C4805F004FE35A8F8F7B1FF0DF21E
:10C800002C6DBDEC0E8BBDE8F08F80681A695C6BF7
:10C81000419410443F9005F0CFFD3E90002800F079
:10C82000C080204605F0C8FD4090002801F0168524
:10C83000359C2089ADF8E000800005F0BDFD379003
:10C84000002801F010856089ADF8E800800005F04F
:10C85000B3FD3990002801F00B85434B4FF4805213
:10C860000026CDF8EA60CDF8EE609A61FFF7C2FDD0
:10C870003E4937221420FDF79BFD0446002846D090
:10C880003B49782240F25E20FDF792FD002801F03E
:10C89000DF840127374BA0F8C47180F8C67123608C
:10C8A0004FF440532061C4E9016766730322EA93A1
:10C8B000EAA93B463846ADF8AC63F8F77DFFBDF812
:10C8C000AC3341F2102293426FD02B4A2B49DBF854
:10C8D00010503046A8472046F8F720FF43F21C02CC
:10C8E0003B46EA9238460322EAA9ADF8AC63F8F772
:10C8F00063FFBDF8AC331B0509D500240020DBF82D
:10C9000010301F4A194998472046F8F707FF0023BF
:10C910001C48369305F074FD35A8F8F721FF6EE743
:10C92000A04A0108608001080001002004010020E5
:10C9300000366E01DC7B010850D1C0AC8FC2F53CE3
:10C94000030002008FC2753C6666863F0000C84245
:10C9500000004040A402002030D1C0ACC47B0108DC
:10C96000D880010894810108000400482875010856
:10C97000546F01080EB03713BC810108107601080E
:10C98000DC810108F8810108E8000020734805F007
:10C9900037FD2EE7724805F033FD35A8F8F7E0FEC5
:10C9A0002DE7704805F02CFD23E743F21C03EA93C2
:10C9B00038463B460322EAA9ADF8AC63F8F7FCFE23
:10C9C000BDF8AC331B0599D4A068F9F793FDA568B1
:10C9D00003224FF0000940F249130092002128463B
:10C9E000FDF7DEFA40F24913042202212846CDF871
:10C9F0000090FDF7D5FA40F2491310220421284691
:10CA0000CDF80090FDF7CCFA40F249132022052121
:10CA10002846CDF80090FDF7C3FA284640F24913A6
:10CA20004FF47F520621CDF80090FDF7B9FADDE909
:10CA30003E232046AEA93694FAF74AFE002801F0BC
:10CA400049833D9C369DCDF8B891CDE96C99DDE9DF
:10CA50003EA6DDE940821CB1236843498B420CD0DD
:10CA6000DBF81030414A424900209847414805F020
:10CA7000C7FC35A8F8F774FEC1E62169A3680B442A
:10CA80009E42616B10D290460E46DBF810303A4A57
:10CA9000374900209847B045E8D2DBF81030374AD4
:10CAA000334900209847E1E78A42F6D3237D052BDE
:10CAB00001F23B86DFE813F0EA019B012D01F6004D
:10CAC0001A0006002E4B1B78002B01F04783DBF881
:10CAD00010302C4A264901209847237D052B01F070
:10CAE0003D83FFF763FC0028ABD1BFE732465146D8
:10CAF0002846F9F7E3F80A900028B7D094F84030B8
:10CB0000002B41F09985606E6CAA5146F8F796FDAE
:10CB1000D4F8083143B194F84020002A41F0DA8378
:10CB200004F1C0016CA89847E26894F840300E9276
:10CB3000E26B06926E9A08930992002B41F0798578
:10CB4000A369129543440B93E36A0F93069BB3F8D2
:10CB5000441000230793274622E000BFB08001085D
:10CB6000808001080481010830D1C0ACC47B010879
:10CB7000DC7B0108E4820108308201084882010858
:10CB80000001002084820108DBF81030B649B74A62
:10CB900000209847069BB3F84410079B0133079386
:10CBA000BDF81C30994241F20385BDF81C3006984F
:10CBB0009A1C50F82240002CE6D02268AC488242F1
:10CBC000E2D12279022AE8D194F805C0089A624598
:10CBD000E3D1069A0E98A16E257E02EB8303DA69F3
:10CBE0001B6B024452441144E166616F0F9811447B
:10CBF000A167D4F880100A440344C4F88420D4F810
:10CC00009020D4F8CC10089843441A44C4F89420D7
:10CC1000D4F89C201A44C4F8A020D4F8C0201944A9
:10CC20001A44C4F8C420C4F8D010002841F0698325
:10CC3000D4F8A8001844C4F8AC00D4F8B4000344F5
:10CC4000C4F8B830002D41F0878394F86750002D68
:10CC500041F0588328222946EAA805F073FA0123F7
:10CC600009990095EAAA2046FCF782FEB4F8BC2098
:10CC7000D4F8B8009200EAA905F090FB012384F8EB
:10CC800067306379002B41F0608394F866300A9A2C
:10CC9000002A08BF002303F001030A93069BB3F8A0
:10CCA00044107AE7324651462846F9F707F800283B
:10CCB0003FF4DCAE206E6CAA5146F8F7BFFCD4F806
:10CCC00008311BB104F1A4016CA89847236AE268FB
:10CCD000616D6E9843445244FCF7C0FC00283FF459
:10CCE000C5AEE06BFBF792F8002801F0008394F8E2
:10CCF0004030002B41F0F582216D009653462846C6
:10CD0000AEAAFCF763FB00283FF4B0AE0423237502
:10CD1000E7E6324651462846F8F7D0FF00283FF4B0
:10CD2000A5AEE06D6CAA5146F8F788FCD4F808313E
:10CD30001BB104F188016CA89847A369E268216DD2
:10CD40006E9843445244FCF789FC00283FF48EAEB1
:10CD5000484B22689A4201F0B882DBF81030464A0C
:10CD6000464900209847E06BFBF750F80028BED1F9
:10CD70000523C2462375236B4FF0FF320AEB0305F0
:10CD800093B13F48013D0AF1FF344FF0FF3214F8F0
:10CD9000011F08264A4042F300010140013E81EA9A
:10CDA0005202F8D1A542F2D1D2434AF80320DFF86B
:10CDB000D0A0642200216CA805F0C4F93D9A3698F1
:10CDC000DDE93E341AB111682A4DA94271D0DBF871
:10CDD0001030294A2949002098472A4805F010FBBD
:10CDE000294805F00DFB35A8F8F7BAFC07E53246EF
:10CDF00051462846F8F762FF00283FF437AEA06D91
:10CE00006CAA5146F8F71AFCD4F808311BB104F1AA
:10CE10006C016CA89847E1686E98B4F8388051446A
:10CE2000FCF7A8FB42AF07EB8808B4F83AC088EDDE
:10CE3000000ADFF84C8006944FEA8C000DF2071EC2
:10CE400000224FF0FF33904241F21A821EF8011F78
:10CE500008244B4043F3000101EA0801013C81EA48
:10CE60005303F7D10132EEE7487C01082C7C01081E
:10CE7000E1AFA10F30D1C0ACC47B0108DC7B01085D
:10CE80002083B8ED00830108408401080096616C9E
:10CE90005346AEAA2846FAF785FD00283FF4E6ADD2
:10CEA0002846F8F773FE00283FF4E0AD0123237510
:10CEB00017E692F84010002974D1116D0094AEAAC3
:10CEC000FAF770FD002888D03698F8F75FFE002842
:10CED00000F0E686FFF76AFA002800F0EB86DDE94D
:10CEE0003E123698F8F7EAFE0D90002800F0DD8635
:10CEF000DDE93D430E93409B0B931CB12368B54A7B
:10CF0000934209D0DBF81030B34AB4490020984767
:10CF1000B34805F075FA63E70B9B002B00F01D8109
:10CF2000226B0B998B58002A00F0C9860A44551EC3
:10CF3000481E4FF0FF3210F8011F08264A4042F306
:10CF4000000101EA0A01013E81EA5202F7D185425D
:10CF5000F1D1D243934240F00081638F9D00002BBA
:10CF600000F0B1860DF2071005444FF0FF3210F8C3
:10CF7000011F08264A4042F3000101EA0A01013E6E
:10CF800081EA5202F7D18542F1D142A9D24351F848
:10CF9000233093420BD0DBF81030924A8F490020A7
:10CFA0009847B5E701290CBF516D002186E720465F
:10CFB000FAF7FCFE94F840608046002E40F0F080C6
:10CFC0000DF50579B8F10107C4F8F860C4F8FC6004
:10CFD000C4F8006131464FF0A402484618BF01274B
:10CFE00005F0B0F8606E04F1F8050E992A46F8F7DE
:10CFF00025FB94F840E0D4F80831BEF1000F40F072
:10D00000C5802BB104F1C0012846984794F840E050
:10D0100094F8FA30B4F9FCC0002B40F0D78094F8B3
:10D020000431002B00F0A9820D9B84F80431E368E1
:10D030001293E36B0993D4F800310F93BEF1000F04
:10D0400040F0E680A269238F0DF5C56101EB8303F3
:10D05000A3F5A46393ED00BA0B99A36ACB5E119379
:10D06000E36A13930F9B002B00F08980099BB3F8B0
:10D070004430002B7DD00B9B0D9DCDF860C0134438
:10D080001093099BCDF830E0043308930023CDE9D9
:10D090001448CDE91679079312E0DBF81030524AB4
:10D0A0005249002098470C9A00239A4216D0079BB9
:10D0B000099A0133B2F8442007939BB29A4253D99C
:10D0C000089B53F8044F0893002CE6D02368484A85
:10D0D0009342E2D163790C9A9A42E8D1002550221A
:10D0E000294644A8CDF89250CDF89650CDF89A50E4
:10D0F000CDF89E50CDF8A250CDF8A650ADF8AA506C
:10D1000005F020F85022294658A805F01BF85022B7
:10D110002946EAA805F016F858AB279344AB089ABD
:10D120002593EAAB29931423ADF890305369926AA2
:10D130001CB121682E4881426CD0DBF810302A4A9D
:10D140002A49002098470025079B002BAFD1099A58
:10D150009DF8AA3082F8CA32A9E7DBF81030254AD8
:10D160001E4900209847D3E6DDE91448DDE9167929
:10D170002DB1002F40F02A8284F840801EE6DBF8B3
:10D1800010301D4A154900209847C1E6BEF1010F35
:10D1900040F00D82002B3FF43BAF04F1DC0133E79C
:10D1A00000270DF50579C4F8F870C4F8FC70C4F8D0
:10D1B0000071A4223946484604F0C4FF012E04F150
:10D1C000F80540F0F181A06E0D9F0EE7A4F806C1AE
:10D1D0002AE700BF30D1C0ACC47B0108DC7B01086A
:10D1E00018840108A48301082C7C0108487C0108EC
:10D1F000E1AFA10F7C830108FC830108583934BBDF
:10D200008E407C3FF902154FC2F38E4D00000000A6
:10D21000226A18E712990B440E990B4413990A4499
:10D220000B990A44A16E1944E166616F1944A16724
:10D23000D4F880100B44C4F884302379022B13D126
:10D24000D4F890301344C4F89430D4F89C3013448C
:10D25000C4F8A030D4F8C0301344C4F8C430D4F8B3
:10D26000CC301344C4F8D03063794BB9D4F8A8302B
:10D270001344C4F8AC30D4F8B4301A44C4F8B8201D
:10D280002822002100252BA804F05CFF0F990095AF
:10D290002BAA2B462046FCF76BFBB4F83890B9F16B
:10D2A000000F00F00E870D9B119A0A93189B5FEDFB
:10D2B0002DAA1FED2DAA5FED2B8A5FED2E9A1FED93
:10D2C0002E9A9B1AA84619932379AF00032B01F2DB
:10D2D0004282DFE813F04B01EB006E00040063793B
:10D2E000002B00F05D81617F002900F0028501398B
:10D2F00089B204F13E0C5FED3B6A0CEB410104F195
:10D300003C0304F1190233F8020B404508D8188891
:10D31000404505D91078109E06EB8000D0ED006ADC
:10D320008B4202F10102EED1B4F85A20B4F8581041
:10D33000E66E53189BB2434500F21C81A9EB030033
:10D3400080B2404540F21681B4F85E0010440132CC
:10D35000A8EB030342449BB292B20844002900F0B8
:10D36000BA8401EB020C1FED577A06EB830306EB40
:10D37000820206EB8C0CA842DCBFD3ED007A37EEBC
:10D38000277AF2EC017A624537EE277A03F104033B
:10D39000F1D14B009BB2002B00F09D8407EE903A38
:10D3A000B8EE676AC7EE067A94ED157A46EE877A8C
:10D3B000BBE0A37FBDF96420013BDBB2042B08EE88
:10D3C000102A97BF7C4ADFED7D7A02EB8303D3ED11
:10D3D000007AB8EEC88AB0EE000AC8EE270AF1EE6D
:10D3E000600A02F079FBD4F89430628F617F3B448D
:10D3F000D3ED007A637928EE2A7A424437EE0A7A2E
:10D4000020EE276A92B2002B00F0BA80002900F0CB
:10D410007484013904F13C031FFA81FE04F13E0CCF
:10D42000DFED696A06940CEB4E0E184604F11906FE
:10D430001A9330F8024BA24208D30488944205D9CB
:10D440003478109B03EB8404D4ED006A864506F122
:10D450000106EED1069C1A9BD4F8A00066EEA66ADF
:10D4600089B20CEB4101F0EE687A33F8026BB242FC
:10D4700004D31E88964288BFD0ED007A994200F10D
:10D480000400F2D167EEA77A66EE065A66EE876A66
:10D4900027EEA57AD4ED155AE66E37EE267AF1EE30
:10D4A000C77A67EEA57A77EE867A3EE0444B1B6832
:10D4B000069307EE903AB8EE678A1FAE89EE880AA7
:10D4C00002F016FC238D626B109913FB08F312FA1D
:10D4D00083F30DF178096279204668EE007AB3EEA5
:10D4E000087A67EE877AB7EE006A86EE277A08EE4A
:10D4F000103A67EE097AF6EE006A67EEA67AB8EEA1
:10D50000C88A94ED04CACDF8009028EE278A3346E5
:10D51000B0EE480AFBF7C8FD0A90002840F064828C
:10D52000F0EE687AE66EB4F83890A16F3744680977
:10D5300097ED007A51F8203008F01F080122B4EE70
:10D54000E77A013502FA08F2F1EE10FA1FFA85F8CF
:10D55000CCBF13439343C84541F82030FFF4B4AE29
:10D560000A9B002B40F004830D9DEDE5D4ED037A7A
:10D57000E66EDAE7DFED137AD7E7A4F806C154E5E3
:10D58000109BD3ED006A66EEA66A002900F0BB830B
:10D59000D4F8A000013904F13C0304F13E0C5FE72C
:10D5A000109BD3ED006ABFE638460D9F1DE5002BAA
:10D5B0003FF42EAD002127E53C5401080000AC42A9
:10D5C00004010020FFFF7F7F00000000099BB3F8EB
:10D5D000C812CDE90698274693F8048089B303F171
:10D5E0004806002230460891FAF766FD089901299D
:10D5F0004FF0000500F02986324601F1FF39284638
:10D600002C462B460E4602EB0311D1ED036AD1EDF9
:10D61000077A91ED006A91ED047AF4EE676AF1EE13
:10D6200010FA37EE467AC8BFF0EE667AB4EEE77AC3
:10D630000134F1EE10FAA4B200F1A180272D40F2DE
:10D640008C80B8F1010F00F054820025069B142D48
:10D650002A4628BF1422A3F8A020002D00F04982FA
:10D660000698EAAB00211C6840F8044B01319C6825
:10D67000C4648CB2944203F11003F4D3099B0024D8
:10D6800093F8CA52A3F8C842079B87F840300A2A89
:10D69000069B28BF0A22920083F8A25019466CA864
:10D6A00004F07CFE359B9DED6C7AD3ED017A97F802
:10D6B0000421A7F8064177EEC77A87F8044125B11F
:10D6C000BDF8EE300133ADF8EE30BDF8EA10379C0E
:10D6D000BDF8E0004B1C9BB204EB81018342ADF826
:10D6E000EA30C1ED007A00F01682BDF8E850BDF8CE
:10D6F000EC30AB4200F00781002A3FF45AAB002324
:10D700001FED4F8A06930125A64804F079FEDDE956
:10D710003E233698AEA9F9F7DBFF002800F0DA8443
:10D7200000274FF001093D9C3F9A369E3E9BEC97A7
:10D73000CDE9EA771CB121689B48814244D0DBF8EF
:10D7400010309A4A9A49002098479A4804F058FEA7
:10D7500035A8F8F705F8FFF752B8211A89B2002961
:10D760003FF46FAFEAAB03EB05130892FBF7DEF86B
:10D7700000283FF466AF0135089AADB22046A145B6
:10D7800023463FF640AF31468142164640F2AA8119
:10D79000272D3FF656AF091AEAAB324689B203EBA2
:10D7A0000513FBF7C3F800283FF44BAF0135B8F180
:10D7B000010FADB200F03C85069B142D2A4628BF10
:10D7C0001422A3F8A0204BE7A168206901448A42F3
:10D7D00006D2DBF81030784A754900209847B4E744
:10D7E000217D052900F2AF87DFE801F00E23030356
:10D7F000030E724B1B78002BA7D0DBF81030704A59
:10D800006B4901209847A0E70092616CAEAA3046B0
:10D81000FAF7C8F8002898D03046F8F7B7F900288A
:10D8200093D084F81490FEF7C1FD00287FF47BAFFD
:10D830008BE7B046404619461E46F8F73FFA0028E7
:10D8400083D0EAAAA06D3146F7F7F8FED4F8082194
:10D850001AB104F16C01EAA89047E168278FEC98AF
:10D8600042AB314403EB8707FBF784FE638F87ED00
:10D87000000A4FEA830E002B00F0968651480DF205
:10D88000071C4FF0FF3200271CF8011F08264A40F2
:10D8900042F300010140013E81EA5202F8D1013712
:10D8A000BE45F1D842A9D24341F823200523237570
:10D8B000454804F0A5FD069B002B3FF47AAA434B94
:10D8C0004FF480529A62013DFEF794FD359C022D83
:10D8D00000F2E186DFE805F00F0213003C4804F097
:10D8E0008FFDF6F7D9FD394B4FF480529A61FEF760
:10D8F00081FDFFF75EBA374804F082FDF1E7364854
:10D9000004F07EFDEDE7399B002D00F079849FED5A
:10D91000337A03EB85040021F3EC017AF4EE677AA5
:10D92000F1EE10FA01F101007CBF37EE277A81B2E7
:10D930009C42F1D1002900F0638407EE901AF8EEC2
:10D94000677A87EE278AB4EE488AF1EE10FA80F102
:10D950005784B5EEC08AF1EE10FA00F1BA81359B1A
:10D9600093ED007AD3ED017A77EEC77AF4EEC87AB8
:10D97000F1EE10FA40F1AB81DFED197AB4EEE77AFF
:10D98000F1EE10FAC0F2A38102259FED168A002362
:10D99000ADF8EC30ADF8F030002A90D001230693BA
:10D9A000B2E600BF5C84010830D1C0ACC47B010882
:10D9B000DC7B01080085010830820108000100209D
:10D9C000DC8401082083B8EDA0840108000400482D
:10D9D00070850108608501087C8501080000000051
:10D9E000295C8F3D0000C07FA27FA3790692228D23
:10D9F0001A92002B00F07681012B00F07081DBF889
:10DA00001030C34AC349DFEDC4CA00209847D9ED9E
:10DA100000BADDF818901A994846FBF73DFDB5EEBF
:10DA2000C08AF1EE10FAD6ED00DA7FF779ADF5EEA7
:10DA3000C0BAF1EE10FA7FF773ADF7EE000A02F00C
:10DA4000E7FCF7EE000AB0EE40DAB0EE6D0A02F045
:10DA5000DFFCB0EE40EAB0EE4D0A02F00DF8F2EE57
:10DA6000047AB0EE40DAB0EE6B0A2DEE27DA02F05F
:10DA700003F809F1FF33DBB2042B94BFA74ADFEDB3
:10DA8000A6BAF3EE047A60EE27DA98BF02EB8303BE
:10DA9000B0EE4E0A98BFD3ED0ABA01F0EDFFF0EEFA
:10DAA000407AB0EE480AB0EE678A01F0E5FFB2EEC8
:10DAB000047AF0EE6B7A48EE077A3DEE2DDA6CEEE2
:10DAC00087CA77EE8D7A4CEEC07AF3EE040A77EED1
:10DAD0008C7AB0EE470AC7EEA00A01F0FDFFF0EE27
:10DAE000407A1FE5B8F1010F7FF4B0AD002D40F092
:10DAF0009F83099ADFED8A7A92F8CA520023A2F82E
:10DB0000C832079A87F84020A7F8063197F8042111
:10DB100087F80431D3E5002800F0AF83234604EBF7
:10DB2000800102E08B4200F0DD82F3EC017AF4EE3A
:10DB3000677AF1EE10FAF5D7DFED797A4308BDF890
:10DB4000EC10399800EB81000131ADF8EC10BDF814
:10DB5000EE10C0ED007A994204D9BDF8F0300133DF
:10DB6000ADF8F0300023ADF8EA30ADF8EE30BCE5AA
:10DB7000D4F884301B93B9F1010FB4F888301A93AC
:10DB800040F2A3820022012309F1FF30A44690460F
:10DB90001AE05A0903F01F0451F82220E240D4078A
:10DBA0002ED503F18042013A06EB820292ED007A13
:10DBB000D2ED017AB4EEE77A5A1CF1EE10FA92B285
:10DBC00021DB134699450DD95A1E540902F01F0254
:10DBD00051F8244024FA02F2D507DAD401339BB27B
:10DBE0009945F1D80A9BCDF868806446002B40F037
:10DBF000A3800A98DBF810304A4A4B499847B3E4AF
:10DC000002339BB2DEE71F460024134655090697F0
:10DC1000A646AA00BEF1000FD4D18342D2D28A58C0
:10DC200003F01F04E24012F00102CBD006EB8304A4
:10DC300094ED007A069C06EB8404D4ED007AB4EEF1
:10DC4000E77AF1EE10FA09DD5A1CC2F34A15069381
:10DC500093B2AA00BEF1000FDFD0B3E719D5069F3B
:10DC60007C1C670904F01F04199451F82740199F80
:10DC7000FC4014F0010411D01A9A424535D91B9A80
:10DC8000069F22F8187008F101081FFA88F8A646C6
:10DC9000BFE75D1CABB2C5F34A15BAE79646B8E7D5
:10DCA000224804F0ADFBFFF79BB8214804F0A8FB25
:10DCB000FFF796B81F4804F0A3FBFFF791B84FF0A9
:10DCC000FF32FFF746B94FF0FF32FFF75EB900258C
:10DCD0005DE6032559E6DFED107AFFF765BBF0EE50
:10DCE00000CA94E6F1EE00CA91E6CDF828E0A64617
:10DCF0008FE7DFED096AFFF717BBDFED076AF0EE8C
:10DD0000667AFFF7BFBBDFED047AFFF7BBBB00BF4E
:10DD10005C7D0108747D010800000000A04A010834
:10DD20000000C07FCC830108487C010828830108DB
:10DD30006083010844830108BCF83890A44B1A9D05
:10DD40001B689FEDA40A07EE903AB8EE678A142D7F
:10DD50002F4680EE080A28BF1427069701F0C8FF57
:10DD600058AB049344AB039314230293238D019384
:10DD700068EE007AB3EE087A67EE877AF7EE006A0B
:10DD800086EEA77AB4F9343000931B9A49463046A0
:10DD90003B46DFED917A67EE277AB6EE000A27EE72
:10DDA000800AFAF7D5F8ADF89870ADF8A070ADF824
:10DDB000A870002D00F0B5801FAA19921EAA0A9221
:10DDC000864A9FED87AADFED879AEAAB103A0DF5F8
:10DDD000887858AF00261D92994621E0013BDBB2BE
:10DDE000032B00F29180804A02EB8302D2ED007A8D
:10DDF0001D9A02EB830393ED007A069B6BEE277A64
:10DE0000013677EE877AB6B238EE678A9E4208ED21
:10DE1000018A80F0868009F10409002D00F08180DC
:10DE2000B8EC018A0A9BF7EC018A62791099009399
:10DE3000B0EE480A199B2046FBF736F90546A8B90B
:10DE4000119AA37F1932C9DB119A2C2A40DC013BBD
:10DE5000DBB2032B60D8614A02EB8302D2ED007A79
:10DE6000624A02EB830393ED007AC6E7A27FA379AF
:10DE70001B92228D1C92002B00F02081012B00F0C0
:10DE80001A81DBF810305A4A5A499FED559A002002
:10DE900098470A9B1C991B98D3ED00AAFBF7FCFA44
:10DEA000199BB5EEC08AF1EE10FA93ED00CA30DD91
:10DEB000F5EEC08AF1EE10FA05DDF5EEC0AAF1EE3E
:10DEC00010FA00F34E81DFED467AC9ED007AB7E72C
:10DED000013B032B00F23184DFE803F0110C070251
:10DEE0009FED457ADFED457A87E79FED457ADFEDD7
:10DEF000457A82E79FED447ADFED447A7DE79FED36
:10DF0000447ADFED447A78E79FED437ADFED437A98
:10DF100073E7F0EE4A7AD8E7DFED417AB0EE697A3E
:10DF20006BE72379032B00F080810022238FA3EB82
:10DF30004203052B40F2CC805109A36F53F82130E6
:10DF400002F01F01CB4013F0010321D0E16E9FEDE1
:10DF5000247A002301EB82000133F0EC017A9BB2BA
:10DF6000032B37EE277AF7D10332DFED1D7A01EB71
:10DF700082020133F2EC016A9BB2062B77EEA67A9D
:10DF8000F7D1B4EEE77AF1EE10FAACBF012300232B
:10DF90008DF8AA301A9B002B3FF4E6AA069B099A3B
:10DFA000DDF810E15898DDEDEA7ADFED0D8A9FED9E
:10DFB0001D8A013B9BB245AD05EB8307EBAE0A978B
:10DFC000B2F8C83206960DF5B278174649E000BFA0
:10DFD00004010020F902154FC2F38E4D7054010860
:10DFE00000000000053C023C505401088054010828
:10DFF0005C7D0108747D0108B6DF333CAB61E43E13
:10E00000087D003C2409083F1EB0A03C2A99FE3E32
:10E0100061FE083CE6BF0C3FA54A943B0DFB863FE2
:10E02000B0597B3F0AD7233DDBF810309847B7F84B
:10E03000C83218EE101A03F1050C0A9A013307EBE7
:10E040000C1C9BB29542CCF80410A7F8C8323FF4E0
:10E050008BAA069A55F804EBF2EC017A58F8040BF7
:10E060000692272BC04A03F1050C07EB03111AD8BF
:10E07000C1F848E0BD4ED4F800E0C86407EB0C19C5
:10E08000B645BB49C9ED007A4FF00000CCD1A27F64
:10E09000013AD2B2042A18EE901ACED8B54901EB53
:10E0A00082021168C9E7DBF81030B34AB349002097
:10E0B0009847FFF748B8B0EE009AEAE6B1EE009A4A
:10E0C000E7E6D4F88430E66E1B9300231A9335E616
:10E0D00000235DE7AA4804F093F935A8F7F740FB61
:10E0E000FEF78DBB012800F1FF3700F0A880002665
:10E0F000831B012B03F1FF3E1BD000252B4604EBB5
:10E10000830CDCED007A9CED017A591C0135F4EEAC
:10E11000C77AADB289B2F1EE10FA2B4604EB810159
:10E1200005DDD1F80080CCF80080C1ED007AAE4565
:10E13000E5D80136B6B2B742DAD8410804EB81011E
:10E140004308C007D1ED007A7AD451ED016A77EE29
:10E15000A67AB6EE007A67EE877AF0E4C246FEF75A
:10E160000ABEF7EE000A02F053F9F7EE000AF0EEED
:10E1700040BAB0EE4C0A02F04BF9F0EE40CAB0EEF5
:10E180006B0A01F079FCF2EE047AF0EE40BAB0EEE0
:10E19000680A6BEEA7BA01F06FFCF0EE408AB0EEB1
:10E1A0006A0A01F069FC1B9B013BDBB2042B94BFA4
:10E1B000704ADFED7EAAB3EE04CA98BF02EB830378
:10E1C00068EE8C8A20EE0CCAB0EE6C0A98BFD3EDD4
:10E1D0000AAA01F051FCF0EE40CAB0EE480A01F084
:10E1E0004BFCB2EE047A4CEE87AA78EECC7A29EE9C
:10E1F000079A77EEEA7A49EE007A77EEEB7A64E6F0
:10E20000BDF8F030B3EB550F0AD9359BDFED5D7AE1
:10E2100093ED007AB4EEE77AF1EE10FABFF6B4AB04
:10E220009FED628A0125FFF7B2BBB4F85C207DE662
:10E2300001222946EAA8F9F73FFFFFF7BDBA0023FC
:10E2400004EB8304D4ED007A79E42846FFF7A3BAFF
:10E2500020612046F7F7DEF9FEF759BB4A4804F083
:10E26000CFF8FEF7C6BA494804F0CAF8FEF7C1BABB
:10E27000474804F0C5F8FEF7BCBA4FF0FF3736E761
:10E28000DB4347F82C30069C424F2368BB4200F02A
:10E29000D981DBF81030404A404900209847236874
:10E2A000BB427EF4DDAB636D002B3EF4DFAB00962A
:10E2B000E16C53462846AEAAFBF788F800283EF4E6
:10E2C000D5AB03232375FEF70CBC636D002BEED199
:10E2D000FEF749BD012A0CBF04F1DC010021FEF765
:10E2E00021BC012B0CBF616D0021FEF706BD05238B
:10E2F0002375A36ABDF9B42128F80320C246FEF7AE
:10E300003ABD65BB94F86650282285F001050021CE
:10E31000EAA803F017FF099900950023EAAA20460E
:10E32000FBF726FB002D60D11D4B1B78012B05D977
:10E33000DBF810301B4A0E4902209847637923B955
:10E3400094F86730002B7EF4A0AC2379022B3EF4C6
:10E350009CAC0023FEF79BBC089B84F86730238F9E
:10E36000002002EB830327E02C7C0108E1AFA10F22
:10E37000487C0108A04A0108E48301080C7C0108DC
:10E3800014820108295C8F3D248101084C81010819
:10E390007481010830D1C0ACC47B0108DC7B01086A
:10E3A000000100206C820108ACC527370000000086
:10E3B00042F8040B41F8040B9342F9D100230125E4
:10E3C00084F866302376A4F86450BCF1000F3EF464
:10E3D0003CAC19462822EAA803F0B4FE099900953E
:10E3E0000023EAAA2046FBF7C3FA6179607F85AB78
:10E3F0000022C3E90022C3E90222002900F0CF80F5
:10E4000004F1180C1D469E4608E01CF8011F0B9BEA
:10E4100003EB81010132096845F8041B91B288427F
:10E42000F3D87346B4F838E04FF0000C1CE0E26E0D
:10E43000D4F8C41002EB8C0501EB8C0195ED007A49
:10E44000D1ED007AD4F8D02077EE877A02EB8C02F7
:10E45000C1ED007A95ED007AD2ED007A47EE077AA9
:10E460000CF1010CC2ED007A1FFA8CF29645DED851
:10E47000B4F86410012940F2018107EE901A4A1E97
:10E4800092B2B8EE677A07EE902AD4F89420E56E3F
:10E490000D95F8EE677A109287EE276A944600256C
:10E4A0001FE0D4F8C42002EB8502D2ED007AD4F844
:10E4B000D020C7EE876A02EB8502ECEC016AD2ED50
:10E4C000005A0D9AC5EE877A02EB8502013546EEB9
:10E4D000E67AF0EEE77A67EE867AF1EEE76AC2ED69
:10E4E000006AAAB29645DCD8D4F8A0505FED515A24
:10E4F0001FED536A05EB80021192628F0C92CDE9F9
:10E500001376CDE9154104F13C0C01E004350433E8
:10E51000119AAA4200F0AE803CF8024F0C9AA01A61
:10E5200080B28645F2D33CF8021C109E1FED617A42
:10E530008A1A92B206EB82070D9E06EB82061FE056
:10E54000D3ED007AF6EC016A67EEA77A56EEA67A6A
:10E550000132F7EC016AF4EEC57AF0EEE64AF1EE2C
:10E5600010FAF4EEC64AD8BFF0EE657AF1EE10FA72
:10E5700005DDB1EEE75AC5EE267A37EE277A92B27C
:10E5800090421FED765ADBD8621A92B207EE902ABB
:10E59000F8EE677AC7EE276AC5ED006AB6E70B9A10
:10E5A00012681A6001203DE74FF0FF32FFF77AB999
:10E5B00097F840300A9A129D3B44384683F8412030
:10E5C000F9F7F4FB3A183C4692F841200AB987F86B
:10E5D000400094F8413013B194F84230A3B994F854
:10E5E00040300BBB216D00965346AEAA2846F9F782
:10E5F000D9F900283EF43AAA2846F7F7C7FA0028C6
:10E600007EF46BAAFEF732BA052323752046F9F78C
:10E6100095FB80F0010384F84030A36ABDF9B42172
:10E6200028F80320FEF759BA012B0CBF616D0021B9
:10E63000D9E7236AFEF785BA012B0CBFA06E002034
:10E64000FEF762BA236D002B3FF42DAE0096A16C4D
:10E650005346AEAA2846F9F7A5F900283EF406AAC3
:10E660002846F7F793FA00283EF400AA0223237500
:10E67000FEF737BADDE91376DDE91541A38AA3EB8E
:10E68000010CDCF1000343EB0C03013184F866302C
:10E69000A4F8641052E6364803F0B2FED4ED006AE6
:10E6A00094ED017ADFED334ADFED337A9FED335A93
:10E6B0003349344B344837EE667AB7EE004AC8EE39
:10E6C000076ABFEE006A66EEA46AB0EE677AF5EEFE
:10E6D000C06AF1EE10FA58BFB0EE446A46EE867A90
:10E6E00058BF0B46009308EE247AFCEEE76AFCEE76
:10E6F000C75AB8EE666AF8EE653A77EEC67A37EE34
:10E70000637A67EE857A27EE057AFCEEE77A15EEF6
:10E71000902ACDED027AFCEEC77ACDED016A17EEB4
:10E72000903A03F07FFEFFF7DCB8DBF81030174AB1
:10E73000174900209847FEF799B99FED167ADFED4B
:10E74000167AFFF75ABBDBF81030104A1049002048
:10E750009847FEF7FABFDBF81030104A1049002046
:10E7600098470023DFED0F7A0A93FEF7DBBE00BF68
:10E77000248501080000C842BD37063500247449CD
:10E780009C840108087A010838850108C4820108C0
:10E79000DC7B0108AA7A1E3AF964043F747F010801
:10E7A000487C01080000000090F84130026803F046
:10E7B0002803282B05D008210023D16180F84030A0
:10E7C0007047C1689369022930B494699368D56829
:10E7D00012D1C3F3C21383EA144313F006030BD11F
:10E7E000816C01318164816C02290CD10821836420
:10E7F000D16180F8403006E01368002123F0B803AF
:10E80000136080F8401030BC704700BF2DE9F04F16
:10E8100089B00493002900F0888002F003077D1E70
:10E82000C2F300130295DFF8D0B1704C059302F4E7
:10E83000403500234FF0010803959246019708FAEE
:10E8400003FC1CEA01066CD0029F5A000325954088
:10E85000012F6FEA05056BD9019F032F40F0BA80A5
:10E86000D0F800C0019F0CEA050C07FA02F242EA58
:10E870000C020260039A002A53D0DBF8602042F0B9
:10E880000102CBF86020DBF8602023F0030505F1DE
:10E89000804502F0010205F58035079203F0030C74
:10E8A000079AD5F808E04FEA8C0C0F2202FA0CF216
:10E8B000B0F1904F2EEA020215D04D4FB8427BD0F6
:10E8C0004C4FB8427FD0DFF834E170456DD0DFF8AF
:10E8D00030E170450CBF4FF0040E4FF0070E0EFAFA
:10E8E0000CFE42EA0E02AA60A268F5431AF4801FE9
:10E8F0000CBF2A403243A260E2681AF4001F0CBF2A
:10E900002A403243E26062681AF4003F0CBF2A409A
:10E910003243626022681AF4803F0CBF2A403243BF
:10E920002260013331FA03F289D109B0BDE8F08FDA
:10E93000D0F80890129F09EA050907FA02FE4EEA8C
:10E94000090EC0F808E0D0F804E0059F2EEA0C0E8E
:10E9500007FA03FC4CEA0E0CC0F804C0049FD0F880
:10E960000CE007FA02FC019F0EEA050E4CEA0E0CC1
:10E97000022FC0F80CC07FF473AF4FEAD30900EB4D
:10E98000890903F0070CD9F820704FEA8C0C4FF07E
:10E990000F0E0EFA0CFE27EA0E0E139F07FA0CFC60
:10E9A0004CEA0E0CC9F820C05AE74FF0030E0EFADD
:10E9B0000CFE42EA0E0296E74FF0010E0EFA0CFE34
:10E9C00042EA0E028FE74FF0020E0EFA0CFE42EA08
:10E9D0000E0288E7D0F80CE0049F0EEA050E07FA55
:10E9E00002FC4CEA0E0CC0F80CC039E700040140F0
:10E9F000000400480008004800100240000C0048D5
:10EA00000010004870B5444D95F841302C689CB01A
:10EA1000002B46D0242385F8413022686B6822F011
:10EA2000010223F0706322602361A368EA6823F483
:10EA30000043012AA360AB6809D043F40443022ACF
:10EA4000A36007D1636843F40063636006E043F4A6
:10EA50000043A360636823F40063636062682B690A
:10EA600042F0007242F4004262606A69E168134356
:10EA7000AA6921F4004143EA0223EA69E160E36004
:10EA80002B6A13432360236843F0010323600020B3
:10EA90002023686485F84130286385F842001CB063
:10EAA00070BD03F0FF015C2205A885F8401003F05B
:10EAB00049FB1A4B9C42ADD1802305A80593F5F77D
:10EAC000EFF8064630BB164C1648E36C43F00203E1
:10EAD000E364E36C042203F0020304930192032233
:10EAE00004990092012312224FF44061FFF78EFE39
:10EAF000A36D43F48003A365A36D03F48003039324
:10EB000021203146039BFDF727FC074B02225A6068
:10EB10002C687FE7F4F752FF5002002000580040B5
:10EB2000001002400004004800E100E02DE9F04F31
:10EB30005D4C666A85B0002E55D16368B3F5827F5F
:10EB400000D0E66194F85D2025680023A36202F0FE
:10EB5000FF07002A51D0022384F85D302B68E26859
:10EB600023F04003B2F5E06F2B6040D84FF48051A2
:10EB700001D00023A362636802F4706CA26803F4FE
:10EB8000827302F404421343226902F00202134327
:10EB9000626902F001021343626B06F0100E02F08C
:10EBA0000800D4E9062640EA0E0006F0380E266A70
:10EBB00040EA0C0006F0800C02F40076334343EA8E
:10EBC0000E03120C43EA0C0302F004022B6040EA2D
:10EBD00002030B436B6000200123206684F85D3044
:10EBE00005B0BDE8F08F0023C4E90433AAE7B2F50D
:10EBF000706F4FF00001BED0BBE72C4B84F85C7007
:10EC00009D42A8D103F5604305211A6EDFF8AC8060
:10EC100042F480521A661A6E02F480520392039AEA
:10EC2000DA6C42F00102DA64DB6C019103F001035B
:10EC30000293029B0323009302223B46E0214FF004
:10EC40009040FFF7E3FD1A49012340464FF0800B47
:10EC50004FF4807A4FF48069C8E90013C8E902775D
:10EC6000C8E90777C8E904BAC8F81890FDF7D2FADE
:10EC70000123B8B90F4FC4F858807B600E4BF86081
:10EC8000C7E907003B6038461023C7E904BAC8F853
:10EC90002840C7F81890BB60FDF7BCFA10B967654B
:10ECA000BC6258E7F4F78AFE800000200030014083
:10ECB0001C0002407801002030000240300100209A
:10ECC00000284BD00268264913688A4223F00103CA
:10ECD00010B4136027D9234B23491344A1FB03131A
:10ECE0001B09224901649B0000244364146003F063
:10ECF0001C0301229A401E4C4A60D4F8A8240F211C
:10ED000001FA03F322EA0303C4F8A8340023C3631F
:10ED1000C0E90B33C0E90D335DF8044B80F82530B2
:10ED200080F824307047134B0F491344A1FB0313A1
:10ED30001B090F4901649B0000244364146003F025
:10ED40001C0301229A404A60D1F8A8200F2404FA3B
:10ED500003F322EA0303C1F8A830D7E7704700BFE6
:10ED600007040240F8FBFDBFCDCCCCCC0004024030
:10ED700000000240F8FFFDBF81F0004102E000BF4B
:10ED800083F0004330B54FEA41044FEA430594EA6B
:10ED9000050F08BF90EA020F1FBF54EA000C55EAA6
:10EDA000020C7FEA645C7FEA655C00F0E2804FEA77
:10EDB0005454D4EB5555B8BF6D420CDD2C4480EA59
:10EDC000020281EA030382EA000083EA010180EA89
:10EDD000020281EA0303362D88BF30BD11F0004FD7
:10EDE0004FEA01314FF4801C4CEA113102D040420D
:10EDF00061EB410113F0004F4FEA03334CEA133348
:10EE000002D0524263EB430394EA050F00F0A7805F
:10EE1000A4F10104D5F1200E0DDB02FA0EFC22FA5A
:10EE200005F2801841F1000103FA0EF2801843FA4E
:10EE300005F359410EE0A5F120050EF1200E012A3F
:10EE400003FA0EFC28BF4CF0020C43FA05F3C0187D
:10EE500051EBE37101F0004507D54FF0000EDCF1F6
:10EE6000000C7EEB00006EEB0101B1F5801F1BD39F
:10EE7000B1F5001F0CD349085FEA30004FEA3C0CA3
:10EE800004F101044FEA445212F5800F80F09A8099
:10EE9000BCF1004F08BF5FEA500C50F1000041EB9D
:10EEA000045141EA050130BD5FEA4C0C404141EBA1
:10EEB0000101013C28BFB1F5801FE9D291F0000F9C
:10EEC00004BF01460020B1FA81F308BF2033A3F14B
:10EED0000B03B3F120020CDA0C3208DD02F1140C42
:10EEE000C2F10C0201FA0CF021FA02F10CE002F17D
:10EEF0001402D8BFC2F1200C01FA02F120FA0CFC76
:10EF0000DCBF41EA0C019040E41AA2BF01EB0451BE
:10EF1000294330BD6FEA04041F3C1CDA0C340EDCBC
:10EF200004F11404C4F1200220FA04F001FA02F3FF
:10EF300040EA030021FA04F345EA030130BDC4F1BD
:10EF40000C04C4F1200220FA02F001FA04F340EAB2
:10EF50000300294630BD21FA04F0294630BD94F063
:10EF6000000F83F4801306BF81F480110134013D4A
:10EF70004EE77FEA645C18BF7FEA655C29D094EABB
:10EF8000050F08BF90EA020F05D054EA000C04BF39
:10EF90001946104630BD91EA030F1EBF0021002024
:10EFA00030BD5FEA545C05D14000494128BF41F0C3
:10EFB000004130BD14F580043CBF01F5801130BD27
:10EFC00001F0004545F0FE4141F470014FF00000B2
:10EFD00030BD7FEA645C1ABF194610467FEA655C63
:10EFE0001CBF0B46024650EA013406BF52EA033505
:10EFF00091EA030F41F4002130BD00BF90F0000FF3
:10F0000004BF0021704730B54FF4806404F132042E
:10F010004FF000054FF0000150E700BF90F0000FE7
:10F0200004BF0021704730B54FF4806404F132040E
:10F0300010F0004548BF40424FF000013EE700BFDE
:10F0400042004FEAE2014FEA31014FEA02701FBF6E
:10F0500012F07F4393F07F4F81F06051704732F0A0
:10F060007F4208BF704793F07F4F04BF41F40021F7
:10F07000704730B54FF4607401F0004521F0004155
:10F080001CE700BF50EA010208BF704730B54FF0DF
:10F0900000050AE050EA010208BF704730B511F0E0
:10F0A000004502D5404261EB41014FF4806404F118
:10F0B00032045FEA915C3FF4D8AE4FF003025FEA9E
:10F0C000DC0C18BF03325FEADC0C18BF033202EB22
:10F0D000DC02C2F1200300FA03FC20FA02F001FA7C
:10F0E00003FE40EA0E0021FA02F11444BDE600BF1F
:10F0F00053B94AB9002908BF00281CBF4FF0FF319F
:10F100004FF0FF3000F036B9ADF1080C6DE904CED8
:10F1100002F090FEDDF804E0DDE9022304B0704760
:10F1200070B54FF0FF0C4CF4E06C1CEA11541DBF9D
:10F130001CEA135594EA0C0F95EA0C0F00F0DEF868
:10F140002C4481EA030621EA4C5123EA4C5350EA4D
:10F15000013518BF52EA033541F4801143F480139E
:10F1600038D0A0FB02CE4FF00005E1FB02E506F02F
:10F170000042E0FB03E54FF00006E1FB03569CF084
:10F18000000F18BF4EF0010EA4F1FF04B6F5007F8A
:10F1900064F5407404D25FEA4E0E6D4146EB0606FC
:10F1A00042EAC62141EA55514FEAC52040EA5E5085
:10F1B0004FEACE2EB4F1FD0C88BFBCF5E06F1ED82F
:10F1C000BEF1004F08BF5FEA500E50F1000041EB66
:10F1D000045170BD06F0004646EA010140EA020013
:10F1E00081EA0301B4EB5C04C2BFD4EB0C0541EA35
:10F1F000045170BD41F480114FF0000E013C00F34A
:10F20000AB8014F1360FDEBF002001F0004170BD6D
:10F21000C4F10004203C35DA0C341BDC04F1140486
:10F22000C4F1200500FA05F320FA04F001FA05F212
:10F2300040EA020001F0004221F0004110EBD370DF
:10F2400021FA04F642EB06015EEA430E08BF20EA0B
:10F25000D37070BDC4F10C04C4F1200500FA04F3AE
:10F2600020FA05F001FA04F240EA020001F0004140
:10F2700010EBD37041F100015EEA430E08BF20EAB3
:10F28000D37070BDC4F1200500FA05F24EEA020EFB
:10F2900020FA04F301FA05F243EA020321FA04F02A
:10F2A00001F0004121FA04F220EA020000EBD370E1
:10F2B0005EEA430E08BF20EAD37070BD94F0000FE1
:10F2C0000FD101F00046400041EB010111F4801F15
:10F2D00008BF013CF7D041EA060195F0000F18BFC6
:10F2E000704703F00046520043EB030313F4801F02
:10F2F00008BF013DF7D043EA0603704794EA0C0FBC
:10F300000CEA135518BF95EA0C0F0CD050EA4106D1
:10F3100018BF52EA4306D1D181EA030101F000414E
:10F320004FF0000070BD50EA410606BF1046194676
:10F3300052EA430619D094EA0C0F02D150EA013682
:10F3400013D195EA0C0F05D152EA03361CBF1046C3
:10F3500019460AD181EA030101F0004141F0FE4162
:10F3600041F470014FF0000070BD41F0FE4141F4E6
:10F37000780170BD704700BF4A0011D212F500122B
:10F3800011D20DD56FF47873B3EB62520ED44FEAFD
:10F39000C12343F0004343EA505323FA02F070477D
:10F3A0004FF00000704750EA013002D14FF0FF30BB
:10F3B00070474FF000007047034613F8012B002AF6
:10F3C000FBD1181A013870470348044B834202D01E
:10F3D000034B03B1184770477800002078000020E5
:10F3E000000000000548064B1B1AD90F01EBA301D2
:10F3F000491002D0034B03B1184770477800002032
:10F40000780000200000000010B5064C237843B9B6
:10F41000FFF7DAFF044B13B10448AFF30080012378
:10F42000237010BD8004002000000000402F010860
:10F4300008B5054B1BB105490548AFF30080BDE891
:10F440000840FFF7CFBF00BF000000008404002089
:10F45000402F01081B491C4BCA682DE980484FF614
:10F46000FF0002401343C1B00F20CB60F2F7E2F976
:10F47000002800F064820021442218A802F062FEF5
:10F480000023CDE90833CDE90A3310490C930B680A
:10F4900003F4C063B3F5007F29D00B680C4A23F452
:10F4A000C06343F400730B6013684A693220570548
:10F4B00000FB03F30748B3FBF0F303F1010311D59D
:10F4C0000BE000BF00ED00E00003FA050070004013
:10F4D0000000002040420F0023B14A69560503F1A5
:10F4E000FF33F9D4B94B5B695D0500F1C6810A238E
:10F4F000189325934FF010084FF48073CDE91B3813
:10F5000002260723012718A82693CDE92266CDE914
:10F5100027661D972497F2F7B7F90346002840F0B5
:10F52000AC81CDE90A330C9308A80F234FF00309EF
:10F530000421CDE90839F2F781FC0446002840F0A7
:10F540009C81A34DDFF8ACA2EB6C3343EB64EB6C16
:10F5500033400593059BEB6C43F08003EB64EB6C4D
:10F5600003F080030493049BEB6C3B43EB64EB6C74
:10F570003B4003934FF0904B039B41F20123CAF8A9
:10F5800028304FF48812CBF828803346CDE90000AC
:10F5900008215046FFF73AF933462246CDE90044A8
:10F5A0008C480921FFF732F933465846CDE900442B
:10F5B0004FF444124FF40061FFF728F923463A460E
:10F5C0005046CDE9009441F20121FFF71FF9504662
:10F5D000334622463146CDE90094FFF717F933460A
:10F5E00058463A464146CDE90094FFF70FF92146C7
:10F5F0000920FCF7B1FEDFF800924FF40076C9F85D
:10F60000006028202146FCF7A7FE4FF48073C9F85C
:10F610000430AB6C3B43AB64AB6C3B400293214684
:10F620000C20029BFCF798FE4FF48053C9F8003081
:10F630000D202146FCF790FE4FF40053C9F800302E
:10F6400040462146FCF788FE4FF48033C9F800306D
:10F6500011202146FCF780FE4FF40033C9F800303A
:10F660005D4DC5E98F44C5E99444C5F84442C5F8E9
:10F6700058425A4C4FF4E133C5E98D4305F50D70FE
:10F680000C244FF44073C5E99243F4F761FC002861
:10F6900040F0F3800723524A6B630823C5E90E0349
:10F6A0004FF48273C5E902234FF47063C5E9060085
:10F6B000C5E90900C5E90B002E6228616B61FFF7FF
:10F6C00035FA002840F0D9804649474BC5F8F80183
:10F6D000C5E97613A423C5E97837C5E97A00C5E9F9
:10F6E0007C00FFF78FF90246002840F0C68095F8AD
:10F6F0001932202BDEB240F0C08095F81832BB42A0
:10F7000000F0BB80D5F8D831242085F8190219689B
:10F7100021F001011960196821F4805119601968FC
:10F72000196019683943196085F8196295F819123A
:10F7300085F818222029CEB240F09F8085F8190262
:10F74000196821F001011960196821F470611960CC
:10F75000196839431960254BC5F8BC3205F52F707F
:10F760004FF46123C5E9B442C5E9B032C5E9B2221C
:10F77000C5E9B62285F8196285F81822C5F8E02295
:10F78000F4F7E6FB0446002877D12C2201460DA8A9
:10F7900002F0D8FC164AC5F8AC401F23C5F89830D3
:10F7A00095F8B130C5E9242440F2E732C5E92724B1
:10F7B000C5E92944002B00F098800D4B022285F802
:10F7C000B120DA68D2065AD518E000BF00700040B8
:10F7D00000100240001C0048780000200044004057
:10F7E0000030014000580040E49CD1100038014036
:10F7F000002800400004004800E100E095F8B03027
:10F800000124A34285F8B14037D0D5F8903085F86F
:10F81000B0404FF00209CA27532685F8B1905F62C5
:10F820005E62FCF7DDFBD5F8903008BB9A68186083
:10F830009A6822F480229A609A689A60FCF7F6FB34
:10F84000D5F890304FF0FF08C3F8248090B985F8C0
:10F85000B14085F8B1905F625E6285F8B040FCF718
:10F86000BFFB00287FD0D5F89030C3F8248001E09A
:10F87000FF225A62002385F8B030F4F79FF8CA21BE
:10F88000532259625A62FCF7ABFBC8B9D5E924325E
:10F890009968D5F8A00021F4E00121F040019960B9
:10F8A0000243D5F8A800996802430A43D5F89C1092
:10F8B0009A6019611A69D5F8981042EA01421A61F2
:10F8C000FCF7B4FBD5F89030002877D1D96CD5F887
:10F8D000AC20D5F8A40021F00301D964D96C02430F
:10F8E0000A43FF21DA64596288E7002154222AA8DA
:10F8F00085F8B0104FF4007702F024FC4FF4003389
:10F9000029A829933F97F4F7CBF904460028B4D1EE
:10F910002C4AD2F8903043F400430146C2F89030AC
:10F920000320FCF719FD0823C9F8003029202146DF
:10F93000FCF712FDC9F80470D5F890303EE7214B72
:10F940001A6E42F001021A661A6E02F00102079264
:10F95000079A9A6D42F080529A659B6D03F080532E
:10F960000693069B87E5D5F8903042F201125A6063
:10F97000FCF75CFBD5F890200346C2F824800028F1
:10F980007FF478AF4FF480720DA8CDE91033CDE944
:10F99000143385F8B14085F8B030ADF834308DF8C7
:10F9A00036300E9312938DF858401792FCF766FB91
:10F9B00000287FF462AFFCF74BFEFEE7FF225A629D
:10F9C000F3F7FCFF0010024010B54FF6FF7314462A
:10F9D000024892B2F5F7BCF9204610BD340300206E
:10F9E000DFF834D0F4F7BCF80C480D490D4A002379
:10F9F00002E0D458C4500433C4188C42F9D30A4AE4
:10FA00000A4C002301E013600432A242FBD302F04F
:10FA100075FBFFF71FFDFEE700000120000000203E
:10FA200078000020B089010878000020E805002057
:10FA3000FEE700000C490D4A0B6810B50C4C121B78
:10FA40002BB11844904207D80860184610BD094BE6
:10FA50000B6018449042F7D902F04AFB0C23036074
:10FA60004FF0FF33184610BD9C0400200000012019
:10FA700000140000E805002008B52DED028BB0EE63
:10FA8000408A01F03BF8B4EE488AF1EE10FA0FD646
:10FA9000B5EEC08AF1EE10FA0AD8B5EE408AF1EE62
:10FAA00010FA08D102F024FB22239FED090A03601B
:10FAB000BDEC028B08BD02F01BFBBDEC028B0346C4
:10FAC00021221A600348BDE8084000F037B900BFA2
:10FAD000000080FF9C84010808B52DED048BB0EE7A
:10FAE000608AB0EE409A01F06BF8B4EE488AF1EE0D
:10FAF00010FAF0EE408A0BD6B5EE409AF1EE10FA0D
:10FB000017D1B5EE408AF1EE10FA06D1F7EE008A71
:10FB1000B0EE680ABDEC048B08BDB0EE480A00F0F8
:10FB20006DFC0028F4D0B5EEC08AF1EE10FAEFD5E6
:10FB300025E000F063FC88B1F5EE408AF1EE10FAA2
:10FB4000E6D1B0EE490A00F059FC0028E0D0B0EE52
:10FB5000480A00F053FC0028DAD010E0B0EE490A61
:10FB600000F04CFC0028E7D0B0EE480A00F046FC5C
:10FB70000028E1D0F4EE688AF1EE10FA04D602F023
:10FB8000B7FA22230360C3E702F0B2FA212303602D
:10FB9000BEE700BF10EE103A194923F000428A4236
:10FBA0001BD9B2F1FF4F02D330EE400A704700B5C7
:10FBB00083B0684600F072FA00F003000128DDED22
:10FBC000010A9DED000A13D002280BD098B901203C
:10FBD00000F03CF903B05DF804FBDFED0A0A0020F9
:10FBE00000F034B9012000F031F9B1EE400AF1E73C
:10FBF00000F0AAF8EEE700F0A7F8B1EE400AE9E756
:10FC0000D80F493F0000000010EE103A114A23F0CF
:10FC10000043934218D9B3F1FF4F02D330EE400AAC
:10FC2000704700B583B0684600F038FA400000F035
:10FC30000200DDED010A9DED000AC0F1010000F0B7
:10FC40004DF903B05DF804FBDFED030A012000F07D
:10FC500045B900BFDA0F493F0000000010EE102A3E
:10FC6000C2F3C7537F3B162B22F0004129DC002B47
:10FC7000104618DB1A4919410A4221D0DFED197AE2
:10FC800070EE277AF5EEC07AF1EE10FA18DD002A50
:10FC900004DA4FF4000242FA03F3184420EA0103A5
:10FCA00000EE103A7047DFED0F7A70EE277AF5EE2E
:10FCB000C07AF1EE10FA03DD002A08DB9FED0A0A94
:10FCC0007047B1F1FF4FFBD330EE000A7047DFED14
:10FCD000077A0029BFEE000A08BFB0EE670A704736
:10FCE000FFFF7F00CAF249710000000000000080A1
:10FCF00010EE103AC3F3C7527F3A162A194615DCA4
:10FD0000002A0CDB0C481041184205D04FF4800348
:10FD100013410B4423EA000300EE103A704701320E
:10FD200003F00043F8D143F07E53F5E7802AF3D186
:10FD300030EE000A704700BFFFFF7F009FED010A11
:10FD4000704700BF0000C07F10EE103A23F0004360
:10FD5000B3F1485F2CD2FDEEC07A17EE903A002B3B
:10FD600060D060EE007A9FED317A9FED315ADFED81
:10FD7000315A9FED316ADFED316AA7EE875A9FED68
:10FD8000307AE7EE855AA7EEA56AA7EE867AE7EE07
:10FD9000876A67EEA66A60EEC00AB6EE007AE7EE02
:10FDA000A60AB7EE000AD7EE870A30EE600A70475F
:10FDB00060EE007A9FED1D7A9FED1D5ADFED1D5A12
:10FDC0009FED1D6ADFED1D6A1E4AA7EE875A93421A
:10FDD0009FED1B7AE5EE275AA5EEA76AA6EE277AD5
:10FDE000E7EE276A66EEA76AD5D9174A934214D878
:10FDF00003F17F4307EE103AB7EE006A36EE476A2A
:10FE000060EEC00AF6EE005A97EEA57AE7EEA60A73
:10FE100037EE607A36EE470A7047B6EE076AB5EEFF
:10FE2000027AEDE7B7EE000A704700BF4ED747AD44
:10FE3000F6740F317CF293B4010DD037ABAA2A3D92
:10FE4000610BB6BA9999993E0000483F10EE103AFE
:10FE500023F00043B3F1485F04D2FDEEC07A17EE01
:10FE6000903A5BB360EE007A9FED157ADFED155A9C
:10FE70009FED156ADFED156AE7EE875A9FED147A5C
:10FE8000A5EEA76A20EE275AE6EE276AA6EEA77A25
:10FE900030B9DFED106AE7EE876AA6EE850A704793
:10FEA00027EE457AF6EE006AA0EEA67ADFED0A6A42
:10FEB000D7EE270AE5EE260A30EE600A704700BF4B
:10FEC000D3C92E2F342FD7B21BEF3836010D50B9BE
:10FED0008988083CABAA2ABEABAA2A3E08B510EE18
:10FEE000103A23F00042B2F1465FF0EE407A0FD2B2
:10FEF000BDEEC07A17EE101AF9B9431C134300F097
:10FF00009F80012803D0BFEE007A87EE270A08BD44
:10FF100050498A4211D39FED507ADFED506A002B91
:10FF2000BCBFF1EE600AF1EE407A77EE677A36EE0A
:10FF3000E07ADFED4B0A77EE277A67EEA76ADFED0E
:10FF4000494ADFED495A9FED495A9FED496A4149B7
:10FF500026EEA67A8A42E7EE245AA7EE056ADFED7E
:10FF6000454A9FED455AE5EE874AA6EE075ADFED72
:10FF7000435A9FED436AE4EE875AA5EE076ADFED28
:10FF8000414A9FED415AE5EE874AA6EE075A9FED9A
:10FF90003F6ADFED3F5AA4EE876AE5EE075AB0EEFE
:10FFA000467AA5EEA67A27EEA65AB0EE606AA7EECC
:10FFB000056ADFED384AE6EE260AE5EE240A37EE5A
:10FFC000A00A1FD20128A2D0BFEE007AC7EE006AB5
:10FFD000314B10EE102A1A4006EE102A16EE902A27
:10FFE00076EE677A134000EE103AB7EE007A70EEC4
:10FFF000E70AF0EE477AE6EE007AE0EE807AA7EEC6
:020000040801F1
:10000000A60A08BD07EE100AB8EEC77A60EE006ACD
:1000100030EE070A9B1786EE806A03F00203C3F1F5
:100020000103F0EE005A36EE606A06EE903A77EE83
:10003000C67AF8EEE66AA7EEE57A26EE870A08BDEC
:1000400000F0D0F9B7EE007AF0EE407A87EE270A9A
:1000500008BD00BF40A12C3FDA0F493F6821223381
:10006000000000005FAE9BB745F4A3388453D93736
:100070007AC09538C8261A3AB937813916696B3B68
:1000800048DEBE3AA427B33C1F37113C8988083E9E
:10009000D10D5D3DABAAAA3E00F0FFFF70B510EE9A
:1000A000103A884A23F00044944286B0054671D93C
:1000B000854A94421E4624D823F00042002BDFEDEF
:1000C000837A834922F00F02B0EE407A40F3E08059
:1000D0008A4270EE677A09BF9FED7E7ADFED7E6A15
:1000E000DFED7E6A77EEC77A37EEE67A77EEC77A8B
:1000F00080ED007A77EEE67AC0ED017A012006B055
:1001000070BD774A944252D9B4F1FF4F48D2E215FC
:10011000863AA4EBC25307EE903ABDEEE77ADFEDE4
:10012000716AB8EEC77A77EEC77A8DED037A67EE1B
:10013000A67ABDEEE77AB8EEC77A77EEC77A8DED8C
:10014000047A67EEA67AF5EE407AF1EE10FACDED7C
:10015000057A40F09880B5EE407AF1EE10FA0CBFC7
:1001600001230223604901910221009103A829463D
:1001700000F0A6F9002EC2DA95ED007AD5ED017AED
:10018000B1EE477AF1EE677A85ED007AC5ED017A36
:100190004042B4E7002285ED000A42600020AEE74D
:1001A00070EE407AC0ED017AC0ED007AF6E700F01B
:1001B00019F99FED4E7A9FED456AF6EE007AE0EE72
:1001C000077A9FED457AFDEEE77A17EE900AF8EE92
:1001D000E76A1F28A6EEC60A66EE877AB1EE666A5F
:1001E00020DC434A411E26F0004352F8212023F030
:1001F000FF03934216D030EE677A30EE470A002EA6
:1002000030EE670A85ED007A85ED010ABFF677AF1B
:10021000B1EE477AB1EE400A85ED007A85ED010A2C
:1002200040426CE730EE677AE21517EE103AC3F3FE
:10023000C753C3EBD453082BDFDD9FED267A9FED28
:10024000275AF0EE405AE6EE075A70EE657AE6EE6F
:10025000077AD6EE857A35EEE77A17EE103AC3F3D1
:10026000C753D21A192A10DD9FED227A9FED225A28
:10027000B0EE650AA6EE070A75EEC07AE6EE077ADA
:10028000D6EE857AB7E703236CE7B0EE650AB4E7EC
:100290008A4270EE277A09BF9FED0E7ADFED0E6A73
:1002A000DFED0E6A77EE877A37EEA67A77EEC77AB9
:1002B00080ED007A77EEA67AC0ED017A4FF0FF303C
:1002C0001DE700BFD80F493FE3CB1640800FC93F61
:1002D000D00FC93F004435374344353708A3852E36
:1002E000800F4943000080430C86010884F9223FB7
:1002F0008C85010800A3852E32318D2408B52DEDA3
:10030000028BB0EE408A00F09DFFF0EE408AB0EE26
:10031000480A00F073F868B1DFED127AB4EEE78AAC
:10032000F1EE10FA0BDCDFED107AB4EEE78AF1EEB5
:1003300010FA0FD4B0EE680ABDEC028B08BDDFEDF9
:100340000B8A01F0D5FEB0EE680ABDEC028B2223C9
:10035000036008BD01F0CCFE2223DFED058A0360B7
:10036000E8E700BF1772B142B5F1CFC20000807F4D
:100370000000000010EE103A184923F000428A42B3
:100380001AD9B2F1FF4F02D330EE400A704700B5E0
:1003900083B06846FFF782FE00F003000128DDED20
:1003A000010A9DED000A10D0022809D090B9FFF78C
:1003B000CBFC03B05DF804FBDFED090AFFF7C4BC1A
:1003C000FFF7C2FCB1EE400AF3E7FFF73FFDB1EEE5
:1003D000400AEEE70120FFF739FDEAE7D80F493F71
:1003E0000000000010EE103A23F0004300EE103A37
:1003F000704700BFB1EEC00A704700BF10EE103A60
:1004000023F00040B0F1FF4FACBF00200120704747
:1004100008B52DED028BF0EE408AB0EE608A00F058
:1004200033F820B9B0EE480ABDEC028B08BDB0EE3F
:10043000480A00F029F820B1F4EEC88AF1EE10FA6B
:10044000F0DDB0EE680ABDEC028B08BD08B52DEDFD
:10045000028BF0EE408AB0EE608A00F015F820B909
:10046000B0EE480ABDEC028B08BDB0EE480A00F0C1
:100470000BF820B1F4EEC88AF1EE10FAF0D5B0EE28
:10048000680ABDEC028B08BD10EE103A33F0004054
:100490000ED0A0F50003B3F1FE4F0DD3074B421E63
:1004A0009A4207D9A0F1FF40B0FA80F040097047A6
:1004B000022070470320704704207047FEFF7F0032
:1004C0002DE9F04F2DED048BDBB01C4694460393D1
:1004D0000A46CD4B68991CF1040F53F821608246FF
:1004E00004F1FF38C0F24982BCF1030348BF0CF1AC
:1004F0000403DB10029301334FEAC30EACEB0E038F
:100500000593029B16EB0800A3EB080316D40130F9
:100510009FEDBE7A699C18441EA9002BA4BF54F815
:10052000235007EE905A03F10103ACBFF8EEE77ACF
:10053000F0EE477A8342E1EC017AEED1002EC0F270
:10054000B182039B1EA901EB830446AD4FEA8309E8
:100550004046F7180AEB8301B8F1000FDFEDAB7AE4
:1005600009DBA3465346F3EC016A3BED017A8B426B
:10057000E6EE877AF7D10130B842E5EC017A04F172
:100580000404E9D10DF1280B0BEB8603CDE9062E0F
:10059000043B9FEDA09ADFED9E8A059804930AEB39
:1005A000090446AF0BEB86090096CDF820C05AAB84
:1005B00003EB8603002E13ED140A4FEA860515DDC2
:1005C0007B195A4660EE097AB0EE407AFDEEE77A82
:1005D00073ED016AF8EEE77ABB42A7EEE87A37EEF0
:1005E000A60ABDEEC77AA2EC017AEBD1019000F029
:1005F0001DFFF4EE007AB0EE408A20EE270AFFF7E6
:100600002DFBF2EE007AA0EE678A01980028FDEE3D
:10061000C89AF8EEE97A38EE678A6CDD06F1FF3E9B
:10062000C0F108035BF82E2042FA03FC0CFA03F336
:10063000D21AC0F1070119EE903A4BF82E200A4168
:100640006344002A09EE903A00F3F080B5EE408A48
:10065000F1EE10FA40F09D80009B9E420ADD5D4461
:10066000002355F8041D4D4543EA0103F9D1002B41
:1006700040F0F280009B013B5BF82330002B40F000
:10068000E780049B012153F8042D0131002AFAD0A0
:10069000731C31449C46029D039A05EB030E0EF138
:1006A000804E699D32440EF1FF3E07EB83061EAB80
:1006B00005EB8E0E03EB8205DEED017AF8EEE77AAC
:1006C000B8F1000F0EF1040EE5EC017ADFED4F7A80
:1006D00009DB2A465346F3EC016A32ED017AA34264
:1006E000E6EE877AF7D10CF1010C6145E6EC017A70
:1006F000E2DA0E465BE740F08F80731E5BF8232042
:10070000D211002AA2DD19EE903A002E03F1010366
:1007100009EE903A40F3D48159464FF0000E51F85B
:10072000043B002B6AD0C3F5807341F8043C04E01D
:100730000B68C3F1FF0341F8043B0EF1010E76454F
:10074000F6DC01239E4600280ADD012878D0022825
:1007500006D1711E5BF8213003F03F0C4BF821C02D
:10076000022A7FF473AFB7EE000A734630EE488A70
:10077000002B3FF46BAF0992019000F057FE38EE6A
:10078000408A0198099AB5EE408AF1EE10FA3FF4DA
:1007900063AF9246DDE9062EDDF820C00196AEEB90
:1007A0000C00B0EE480A009E009200F03FFEDFED24
:1007B000186AB4EEE60AF1EE10FADDE90023F0EE75
:1007C000407AC0F250819FED137A059920EE077AA6
:1007D0000831BDEEC77A0591B8EEC77A5C1CE7EE2A
:1007E000667ABDEEC77AFDEEE77A17EE901A4BF8FF
:1007F000231017EE103A4BF8243046E00EF1010EAC
:10080000B6458CDB9E469EE750890108000000003B
:10081000000080430000803BF6EE007AB4EEE78AE9
:10082000F1EE10FA80F2988000220FE70133002EDB
:1008300009EE903A3FF770AF002301289E4686D11B
:10084000711E5BF8213003F07F0C4BF821C087E765
:10085000731C9C4619461EE733469246DDE9051295
:100860005C1EA1F108005BF82410009E059061B9A0
:1008700003F18043013B0BEB8303014653F8040D66
:10088000013C08390028F9D0059105980092B7EE8F
:10089000000A00F0CBFD002C009AB0EE407AC0F2C6
:1008A0000581601C46AD5FED256A81000BEB80037E
:1008B00005EB800073ED017AF8EEE77A5B4567EEB1
:1008C000877A27EE267A60ED017AF3D10DF1C80818
:1008D0000B1F46A8C718C646A44600259146002E01
:1008E00073DB844ADFED847A3846002301E0AB42B3
:1008F00008DCF2EC016AB0EC017A01339E42E6EECC
:10090000877AF4DA0CF1FF3CBCF1FF3FEEEC017AA0
:1009100005F10105A7F10407E1D1689B022B4A46C6
:1009200056DC002B2EDC0ED1DFED737A414431ED25
:10093000017A414577EE877AF9D15346002B40F092
:10094000AE80C2ED007A19EE903A03F007005BB07A
:10095000BDEC048BBDE8F08F19EE903A002E03F148
:10096000010309EE903AC8BF02223FF7D5AEF7EE79
:10097000007A37EEC88A022268E600234FF0080E9C
:100980000293BBE59FED5C7A414471ED017A4145EC
:1009900037EE277AF9D1DDED327A534677EEC77A12
:1009A000002B75D182ED007A64B133A90123B1EC3B
:1009B000017A01339C4277EE877AF8DA53460BB11D
:1009C000F1EE677AC2ED017ABDE7DFED4B7A99E788
:1009D000689B032BB7D1002C7ED008EB840595EDE6
:1009E000007AA0002B46294671ED017AF0EE476AA5
:1009F00037EE277A414577EEC77A81ED007A77EEB8
:100A0000A67AC1ED017AEFD1012C65D095ED007A7F
:100A100008F1040173ED017AF0EE476A37EE277AA8
:100A2000994277EEC77A83ED007A77EEA67AC3ED26
:100A3000017AEFD1031DDFED307A434408F1080855
:100A400033ED017A984577EE877AF9D15346DDED9B
:100A5000326A9DED337A73B9C2ED006A82ED017A94
:100A6000C2ED027A6FE7FDEEC07A1C4617EE901ACF
:100A70004BF8231009E7F1EE666AB1EE477AF1EE22
:100A8000677AC2ED006A82ED017AC2ED027A5AE716
:100A9000B1EE477A82ED007A002C86D190E7F1EE34
:100AA000677A4EE7039B4FEA83096BE5689B022B4D
:100AB0000EDC002B13DC7FF446AFDFED0F7A3CE752
:100AC000022A7FF4C3ADF7EE007A37EEC88ABDE59F
:100AD000689B032B7FF437AFDFED077AB6E7534609
:100AE000DDED327A13B9002313606BE74FF000435A
:100AF000136065E7248901080000000008B510EEC6
:100B0000103A33F000422DED028B2CD0002B1A4608
:100B100032DBB3F1FF4F41DAB3F5000F35DB0021D3
:100B2000D3157F3B0B44D90FC1F17F0103EBD37386
:100B3000C2F3160207EE903A42EAC15200EE102AC2
:100B4000B8EEE78A00F00EFDDFED177A9FED177A19
:100B500020EE270ADFED167AA8EE070AA8EE270A8C
:100B6000BDEC028B08BDBDEC028B9FED127ADFED70
:100B7000127A87EE270A08BDBDEC028B70EE407A30
:100B80009FED0D7A87EE870A08BDDFED0C7A60EEE7
:100B9000277A6FF0180117EE902AC1E7BDEC028B9F
:100BA00030EE000A08BD00BFD95BDE3EDB275435BE
:100BB00080209A3E000000CC000000000000004CA5
:100BC0002DE9F0432DED028B83B0CDED010A8DEDC3
:100BD000000ADDE9004535F0004610D184F48004B8
:100BE000640014F5000F1BD9DDED007A9DED017A4C
:100BF00037EE870A03B0BDEC028BBDE8F08324F02A
:100C00000047B7F1FF4F02D8B6F1FF4F0FD9B4F14B
:100C10007E5FE9D185F480056D0015F5000FE3D8FE
:100C2000B7EE000A03B0BDEC028BBDE8F083002CE8
:100C3000B84616DBB6F1FF4F00F0F780B6F17E5FE5
:100C400000F02681B5F1804F00F04681B5F17C5F60
:100C500040F0388103B0BDEC028BBDE8F043FFF7F4
:100C6000C9BBB6F1974F80F0F080B6F17E5F80F09F
:100C70001981B5F1804F00F02F81B5F17C5F40F014
:100C80002181FFF7AFFBB7F1FF4FB3D04FF0000961
:100C9000002F00F0F280B7F17E5F00F0E580E20FF8
:100CA000013A59EA020300F02181B6F19A4F40F26D
:100CB0004581924B9F4240F23E82914B9F4200F20F
:100CC0004782F7EE007A30EE670A9FED8E6ADFED1D
:100CD0008E5AF5EE007AA0EE676AF6EE006AE6EE4E
:100CE000406A20EE007ADFED897A9FED896A27EE6F
:100CF000267A67EEC77AE0EE257AF0EE676AE0EED4
:100D0000066A16EE903A6FF30B0306EE903AB0EED9
:100D1000667AA0EE467A77EEC77A6FF30B0507EE98
:100D2000105A9DED016ADDED015A36EE476A67EE15
:100D3000A57A26EE877AE6EE267A09F1FF3959EA96
:100D40000209BFEE008A77EE876AB7EE006A16EEF8
:100D5000903A18BFB0EE468A002B23F0004240F3D1
:100D6000B981B2F1864F00F2388200F01C82B2F1F4
:100D70007C5F00F20082002210466FF30B0305EE49
:100D8000903A75EEC76A9FED637A9FED633A9FEDE7
:100D9000632ADFED633A9FED634ADFED634A9FED1F
:100DA000635A77EEE67A25EE877ADFED616AA7EE81
:100DB000A67AF0EE002AF0EE476AE5EE836AB7EE17
:100DC000000A26EEA66AF0EE667AE6EE023AE5EE54
:100DD000C37AF0EE445AE3EE865A77EE677AB0EEC5
:100DE000647AA5EE867AF0EE455AE7EE065AB0EE42
:100DF000667AA5EEC67AE6EEA77A66EE875A37EEF1
:100E0000626A85EE867A77EE677A77EEE67A30EE7A
:100E1000670A10EE103A1344B3F5000FC0F2958143
:100E200000EE103A20EE080AE4E6B7F17E5F3FF4E8
:100E3000F7AE32D99FED3F0ADDED017A002DB8BF44
:100E4000F0EE407AB0EE670AD4E6B6F1FF4FECD090
:100E50004FF002099DED000AFFF7C4FAB7F1FF4F0A
:100E600002D0002F7FF417AF002DBCBFF7EE007A41
:100E700087EE800A002CBFF6BDAEA7F17E5757EA79
:100E8000090740F0208170EE407A87EEA70AB1E6AC
:100E9000002D1ADB9DED000AACE6002D21DB9FED55
:100EA000250AA7E6F315C3F1960346FA03F202FA00
:100EB00003F3B34200F0FA80B6F17E5FE8D0B5F1FB
:100EC000804F09D04FF00009C4E79DED007AF7EE9E
:100ED000007A87EE870A8DE6DDED007A27EEA70A15
:100EE00088E6DDED017AB1EE670A83E6DDED007A92
:100EF00077EEE77A87EEA70A7CE600BFF3FF7F3F35
:100F00000700803FABAAAA3E70A5EC363BAAB83FCB
:100F100000AAB83F8CBEBF350072313F4CBB3133A5
:100F20000EEADDB555B38A38610B36BBABAA2A3E53
:100F30001872313F000000000000804B14F0FF4F9A
:100F400040F0F7805FED047A60EE277A6FF01703C8
:100F500017EE908AA9484FEAE851C8F316087F397E
:100F60008045194448F07E5340F3DB80A448804517
:100F700040F3F8809FEDA35A0131F0EE453AA3F516
:100F80000003F7EE005A002006EE103A76EE257ABE
:100F9000B7EE007A87EE270A5B1043F0005303F5A3
:100FA0008023034476EE656A07EE901A26EE803AB7
:100FB000B8EEE77A13EE101A07EE903A924BDFED97
:100FC000930A9FED938A9FED931ADFED932ADFED4D
:100FD000931A9FED932A77EEE55A194004EE901A82
:100FE00036EE656A63EE035AE4EEE76AF0EE607A85
:100FF000E5EE887AE4EEC66AA7EEA51A66EE806A88
:10100000E1EE252A73EE247AE2EEA51A25EEA58AF2
:10101000A1EEA52A67EEA67AB0EE084AB0EE446AC1
:10102000E8EE027AA4EEA46ADFED7E0A9FED7E1A56
:10103000DFED7E2A36EE276A16EE101A194006EE0C
:10104000101A76EE445AE4EEE45A77EEE57A67EE4B
:10105000837AE6EE867AF0EE675AE4EE865A15EE6B
:10106000901A194005EE901AF0EE656AE4EEC66A31
:1010700077EEE67A67EEA07AE5EE817A77EEA37AEC
:10108000F0EE676AE5EEA26A76EE856A76EE876A2A
:1010900016EE901A194006EE901A36EEC77A37EE21
:1010A000457AA5EEE27A77EEC77A36E6B6F17E5F4C
:1010B0003FF4EEAEB5F1804F3FF40EAF02F0010207
:1010C000C2F10209C6E6B9F1010F7FF493ADB1EEAA
:1010D000400A8FE556498A4200F287807FF447AE86
:1010E00076EEC76AF4EEE76AF1EE10FA7DDA03F500
:1010F0000043504AC3F3C7517F39C3F316000A4176
:1011000040F40000C1F117011A400841404206EEC8
:10111000902A37EE667AC20577EE876A16EE903A25
:101120002BE69FED385AF7EE005AF0EE453A0020D4
:101130002AE700230EE7002D0CDB002003B0BDECF6
:10114000028BBDE8F04300F001BA00F06FF969E6E8
:10115000002DF2DD002003B0BDEC028BBDE8F043B2
:1011600000F0FAB99FED345ADFED343AF7EE085A41
:101170004FF4001008E7D2157E3A4FF400011141F8
:1011800019442C4AC1F3C7547F3CC1F316002241D5
:1011900040F40000C4F11704002B40FA04F002EA06
:1011A0000102B4DAB2E79FED266A76EEC76A37EE3F
:1011B000866AB4EEE66AF1EE10FA0EDC03F500433F
:1011C0001C4AD9157F39C3F316000A4140F40000C8
:1011D000C1F117011A40084199E7B5EEC08AF1EE56
:1011E00010FA4CBF01200020B5E7B5EEC08AF1EE41
:1011F00010FA4CBF01200020A0E700BF71C41C0002
:10120000D6B35D000000000000F0FFFF55326C3ED9
:1012100042F1533E05A38B3EABAAAA3EB76DDB3E1F
:101220009A99193F4F38763FA0C39D360038763FD4
:1012300000001643000080FF00C0153FDCCFD13511
:101240003CAA383310EE103A23F00042B2F1FF4FBF
:1012500056D84FEAD37100F095806248834200F37C
:101260008780002BC0F287805F4B9A424BD95F4B3F
:101270009A4200F29A805E4B5E4A03EB8103D3ED03
:10128000004A02EB810281F0010370EE644AD2ED64
:10129000007A5B1A34EEE70ADFED576A9FED575A82
:1012A000DFED575A9FED576A20EE007AA7EE265AD7
:1012B000DFED556AE5EE075AE5EE876AA6EE876A26
:1012C000F0EE406AE6EE476A20EE266A002B42D036
:1012D000B0EE007A37EE667AB7EE000AC6EE076A1D
:1012E00013F17D0F77EEE67A77EEE47A30EE670A57
:1012F0004FDB10EE102A02EBC35300EE103A70479A
:1013000030EE000A7047B2F1505F0AD2DFED3F7A4B
:1013100070EE277AB7EE007AF4EEC77AF1EE10FAA3
:101320005DDC60EE007A9FED347ADFED345A9FED9C
:10133000346ADFED356AE7EE875A9FED327AA7EE21
:10134000A56AE7EE866AA7EEA67AF0EE406AE7EEB7
:10135000C76A20EE266AF0EE007A76EEE76AB7EE0C
:10136000007AC6EE267A77EEC07A37EE670A7047C3
:10137000002000F0F1B8264B9A427FF675AF0020AE
:1013800000F0E4B8DFED237A002918BFB0EE670A59
:10139000704710EE102A643302EBC353DFED1E7A60
:1013A00000EE103A20EE270A70471C4B9FED1C7A86
:1013B000DFED1C6A03EB8103D3ED007AE0EE077AE0
:1013C0009FED197AFDEEE77AF0EE404A17EE903A7B
:1013D000F8EEE77AE7EEE64A67EE877A5AE730EE0C
:1013E000070A70471772B1421872B13E9115853FD6
:1013F000648901085C8901084CBB31330EEADDB514
:1014000055B38A38ABAA2A3E610B36BBCAF2497182
:10141000B5F1CF42000000000000800D6C8901088A
:101420003BAAB83F8071313FD1F7173710EE103A21
:1014300033F000411A4627D0B1F1FF4F21D213F00B
:10144000FF4F22D1DFED2B7A2B4A60EE277A9042B4
:1014500017EE903A33DB4CF2503CC3F3C751604572
:101460001A46A1F1190116DDDFED247ADFED246AB9
:10147000002BB0EE677AB8BFF0EE667A27EE870AE7
:10148000704730EE000A704770474CF2503C6045A0
:101490004FEAD151E8DC0144FE29E5DC002915DCE6
:1014A00011F1160F19DB193122F0FF4242EAC15245
:1014B00007EE902A9FED130A27EE800A7047DFEDB2
:1014C000127A07EE103A27EE270A704722F0FF4201
:1014D00042EAC15300EE103A7047DFED0B7ADFEDC0
:1014E0000B6A002BB0EE677AB8BFF0EE667A27EE93
:1014F000870A70470000004CB03CFFFFCAF24971F8
:10150000CAF249F1000000336042A20D6042A28D90
:1015100010B52DED028BB0EE408A044600F0E8FDD8
:10152000B0EE480ABDEC028B046010BD30B1F1EEA4
:10153000407A27EE800A2220FFF7EABFF0EE407AD9
:1015400027EE800A2220FFF7E3BF00BF9FED010ACC
:10155000FFF7ECBF000000109FED010AFFF7E6BFA8
:101560000000007010EE102A32F000432FD0002A45
:10157000134633DBB2F1FF4F40DAB2F5000F34DB34
:101580004FF0000C6448C3F31601084400F4000255
:1015900082F07E520A43DB1500EE102A7F3B5F4A41
:1015A000634401F10F0CF7EE007A0CEA020230EE10
:1015B000670A03EBD05322BBB5EE400AF1EE10FAF6
:1015C00062D1002B40F090809FED550A70479FED4F
:1015D000557ADFED537A87EE270A704770EE407A2E
:1015E0009FED4F7A87EE870A7047DFED4F7A60EE06
:1015F000277A6FF0180C17EE903AC3E730EE000A26
:101600007047F0EE007A70EE277A07EE103A80EE1F
:10161000274A4648C1F55712084402F52272024390
:10162000002A9FED433ADFED434ADFED435ADFEDF9
:10163000433A9FED435ADFED437ADFED436A24EEF0
:10164000046AF8EEC72A26EE067AE7EE034AA7EE0A
:10165000235AE4EE875AE5EE076AE5EE877A67EEED
:10166000867AE6EE877A2ADDB6EE007A20EE077AF1
:1016700027EE007A77EE877A67EE847A3BBB37EE07
:10168000677A30EE470A70479FED307AF6EE007ABF
:10169000E0EE477A20EE007A27EE277A002BF0D092
:1016A00007EE903A9FED2A6ADFED2A6AF8EEE77AB4
:1016B000A7EEC67A37EE400A97EEA60A704770EE9C
:1016C000677A67EE847AE3B930EE670A70479FED78
:1016D000206ADFED206AE2EE867A37EE677A37EE2F
:1016E000400A92EEA60A704707EE903A9FED180A5C
:1016F0009FED187AF8EEE77A27EE800AA7EE870AC0
:101700007047DFED136A9FED137AE2EEE67A37EE6B
:10171000C00A92EE870A704720FB4A00F0FF7F0064
:1017200000000000000000CC0000004C305CCFFF47
:101730009788173E25333A3E2549923E4FD01C3EAE
:10174000298E633EABAA2A3FCDCCCC3EABAAAA3EA3
:10175000D1F717378071313F08B52DED048BF0EECE
:10176000408AB0EE609A00F007F9F0EE490AB0EE58
:10177000408AB0EE680A00F00BF8F0EE400AB0EED6
:10178000480ABDEC048BBDE8084000F005B800BF76
:10179000B0EE600A704700BF08B52DED048BF0EE87
:1017A000408AB0EE609A00F055F8B0EE408AFEF73D
:1017B00025FE20B1B0EE480ABDEC048B08BDB0EEAA
:1017C000680AFEF71BFE0028F4D0B0EE490AFEF7C7
:1017D00015FE0028EED000F08BFC22239FED018A3D
:1017E0000360E7E70000807F08B52DED048BF0EE85
:1017F000408AB0EE609A00F0BFF8F0EE490AB0EE11
:10180000408AB0EE680AFFF7C3FFB0EE409AB0EE30
:10181000480AFEF773FDF0EE408AB0EE490AFEF783
:10182000B9F9B0EE408AB0EE490AFEF7A3FD28EE02
:10183000288ADFED077A68EE277AB0EE407AE7EE85
:10184000287AF0EE480ABDEC048BB0EE670A08BDBA
:101850000000000010EE103A23F0004210EE903A23
:1018600023F000439A4202DB194613460A46991AAE
:10187000B1F1706F00EE103A06EE902A3FDCB3F142
:10188000B14F10B52EDC0024B2F11A5F0ADA42B370
:10189000B2F5000F60DADFED357A66EEA76A20EE6A
:1018A000270A7E3C30EE666AF4EEC66AF1EE10FA64
:1018B00028D56FF30B0307EE903A30EE277A30EE1F
:1018C000670A27EE000AA6EEA60AA7EEA70AFEF709
:1018D00091FD34B1E40504F17E5407EE904A20EE08
:1018E000270A10BDB3F1FF4F29DA03F15E4302F17D
:1018F0005E4200EE103A06EE902A4424C4E730EE31
:10190000260A70471A4903F500030B4007EE903A88
:10191000B0EE007AB0EE675A90EE075A02EA010381
:1019200007EE103A26EE850A76EEC75AA5EEA70A0C
:10193000A6EE060AA7EE270AFEF75CFDC9E714BF6C
:1019400030EE260A9FED0B0ADFED0A7AB2F1FF4F67
:1019500008BFB0EE670A10BD03F1085302F1085248
:1019600000EE103A06EE902A443C9BE70000807E91
:1019700000F0FFFF0000807F704700BF38B510EE19
:10198000105A25F00044B4F1A14FF0EE407A0DD387
:10199000B4F1FF4F5BD8DFED517A9FED517A002D06
:1019A000CCBFB0EE470AB0EE670A38BD4D4B9C4243
:1019B0005CD8B4F1445F4DD34FF0FF3327EEA76AF4
:1019C0009FED495A9FED497ADFED495ADFED494ACB
:1019D00066EE066A5A1CA6EE857AE6EEA54A9FEDEB
:1019E000465ADFED465AA7EE265AE4EEA65A9FED78
:1019F000447ADFED444AA5EE267AE5EEA64A9FED4D
:101A0000425ADFED425AA7EE265A9FED417AA4EEE4
:101A1000A67AE5EE265A27EE267AA5EE867A27EEF6
:101A2000877A38D03B493C4A01EB8301D1ED006A0B
:101A300037EE667A02EB8303D3ED006A37EE677AFE
:101A4000002D36EEC70AB0DAB1EE400A38BD30EEEE
:101A5000000A38BD9FED317A30EE077AF7EE006A62
:101A6000B4EEE67AF1EE10FAA6DD38BDFEF7BAFC68
:101A70002B4B9C4212D8A3F5D0039C4223D8F0EE06
:101A8000007ABFEE007AA0EE277A002330EE270A14
:101A9000C7EE007A92E737EEC70A38BD214B9C4269
:101AA0000BD8F7EE087AB7EE007AA0EE277A022379
:101AB00030EE670AC0EE077A80E7BFEE007AC7EE25
:101AC000007A03237AE7F7EE007A30EE677A30EE99
:101AD000270A0123C7EE007A70E700BFDB0FC9BFFA
:101AE000DB0FC93FFFFFDF3ED769853C59DA4B3D2D
:101AF00021A215BD6BF16EBD356B883D95879DBDEF
:101B00006E2EBA3D388EE3BD2549123EABAAAA3EE1
:101B1000CDCC4CBE7489010884890108CAF2497190
:101B2000FFFF973FFFFF1B4060EE016A20EEA16AB6
:101B300020EE215A76EEC67A61EE205AF4EE677AEC
:101B4000F1EE10FA35EE257A04D6B0EE670AF0EE23
:101B5000470A7047B4EE477AF1EE10FAF5D79FEDD9
:101B6000A14AF0EEC04AF4EE444AF1EE10FAF0EE6B
:101B7000E03A00F3A080F4EE443AF1EE10FA00F3FC
:101B80009A800023DFED974AB0EEC14AB4EE644A72
:101B9000F1EE10FAF0EEE13A48DCF4EE643AF1EEE0
:101BA00010FA43DC9BBBF0EEE66AF4EE646AF1EEF9
:101BB00010FA14DCB0EEC66AB4EE646AF1EE10FA04
:101BC0000DDCB0EEC55AB4EE645AF1EE10FA06DC44
:101BD000F0EEE55AF4EE645AF1EE10FAB5DDB4EE2B
:101BE000400AF1EE10FA80F1F080F4EE600AF1EEB6
:101BF00010FA80F1DD80B4EE411AF1EE10FA80F1B6
:101C0000CA80F4EE611AF1EE10FA80F1B78061EE4D
:101C1000E07A60EE810AE0EE017AE0EE210A9FEDC3
:101C2000727A67EE877A20EE877A8EE7DFED6D7A3B
:101C30009FED6C7AB4EE674AF1EE10FACCBF012347
:101C4000002307EE903A11EE103AF8EEE77A002BF7
:101C5000F0EEE77AF4EE473AB8BFF1EE677AF1EECC
:101C600010FACCBF01230023B0EE671A07EE903ABA
:101C700011EE903AF8EEE77A002BF0EEE77AB4EE48
:101C8000400AB8BFF1EE677AF1EE10FAF0EE671A8B
:101C90005AD6F4EE600AF1EE10FAB8D710EE903A88
:101CA0009FED527ADFED527A002BB4BFF0EE670A57
:101CB000F0EE470AABE79FED4B4AF4EE444AF1EEF3
:101CC00010FACCBF0123002304EE903A9FED454A61
:101CD00010EE103AF8EEE44A002BF0EEE44AF4EE8F
:101CE000443AB8BFF1EE644AF1EE10FACCBF0123DA
:101CF0000023B0EE640A04EE903A10EE903AF8EE4B
:101D0000E44A002BF0EEE44AB4EE411AB8BFF1EE1B
:101D1000644AF1EE10FAF0EE640A22D6F4EE611A8B
:101D2000F1EE10FA78BF0123FFF52CAF11EE903AD7
:101D30009FED2E4ADFED2E4A002BB4BFF0EE641A61
:101D4000F0EE441A01231DE710EE103A9FED277ABA
:101D5000DFED277A002BB4BFB0EE670AB0EE470A7A
:101D600097E711EE103A9FED214ADFED214A002B53
:101D7000B4BFB0EE641AB0EE441ACFE711EE903A59
:101D80009FED1A7ADFED1A7A002BB4BFF0EE671AD6
:101D9000F0EE471A3BE711EE103A9FED147ADFEDB3
:101DA000147A002BB4BFB0EE671AB0EE471A28E7DA
:101DB00010EE903A9FED0D7ADFED0D7A002BB4BF57
:101DC000F0EE670AF0EE470A15E710EE103A9FEDC5
:101DD000077ADFED077A002BB4BFB0EE670AB0EEEA
:101DE000470A02E7FFFF7F7F0000807F00000000BE
:101DF00000000080D0B5FDF723F90C4B0022064609
:101E00000F46FDF78DF9FDF7B7FA0446FDF7F6F832
:101E1000074B0022FDF784F902460B46304639464F
:101E2000FCF7AEFFFDF7A8FA2146D0BD0000F03D5B
:101E30000000F0412DE9F047089D0E4604460F468C
:101E4000002B4AD194468C45B2FA82F260D942B155
:101E5000C2F12003974020FA03F30CFA02FC1F435F
:101E600094404FEA1C4E1FFA8CF6B7FBFEF1230C90
:101E70000EFB117743EA074301FB06F098420AD9AB
:101E80001CEB030301F1FF3780F01581984240F20B
:101E90001281023963441B1AA4B2B3FBFEF00EFB9D
:101EA000103344EA034400FB06F6A6420AD91CEBB1
:101EB000040400F1FF3380F00081A64240F2FD806F
:101EC0006444023840EA0140A41B00211DB1D44003
:101ED0000023C5E90043BDE8F0878B4205D90DB169
:101EE000C5E9000100210846F5E7B3FA83F10029AE
:101EF00046D1B34202D3824200F2F580841A66EBE7
:101F0000030201201746002DE5D0C5E90047E2E7AE
:101F1000002A40F09380A1EB0C034FEA1C471FFA04
:101F20008CFE0121B3FBF7F607FB1630230C43EAC6
:101F300000430EFB06F0984208D91CEB030306F1A0
:101F4000FF3802D2984200F2D08046461B1AA4B253
:101F5000B3FBF7F007FB103344EA03440EFB00FE2B
:101F6000A64508D91CEB040400F1FF3302D2A645B4
:101F700000F2B6801846A4EB0E0440EA0640A5E73E
:101F8000C1F120078B4022FA07FC4CEA030C06FA49
:101F900001FE20FA07F426FA07F344EA0E0400FAD9
:101FA00001F84FEA1C404FEA1449B3FBF0FE1FFA58
:101FB0008CF600FB1E3349EA03430EFB06F99945F4
:101FC00002FA01F20BD91CEB03030EF1FF3A80F089
:101FD0008580994540F28280AEF1020E6344A3EB06
:101FE0000909A4B2B9FBF0F300FB139944EA0944D0
:101FF00003FB06F6A64208D91CEB040403F1FF30EC
:1020000068D2A64266D9023B644443EA0E40A41B50
:10201000A0FB02E6B4427346B14652D34FD05DB145
:10202000B8EB030264EB090404FA07F722FA01F3A0
:102030001F43CC40C5E9007400214CE7C2F12001E8
:1020400020FA01F30CFA02FC26FA01F19640334320
:102050004FEA1C471FFA8CFEB1FBF7F007FB101686
:10206000190C41EA064100FB0EF68E4204FA02F416
:1020700008D91CEB010100F1FF382DD28E422BD97B
:1020800002386144891B9BB2B1FBF7F607FB1611BE
:1020900043EA014306FB0EF1994208D91CEB030306
:1020A00006F1FF3814D2994212D9023E63445B1AFA
:1020B00046EA004136E73946EDE6184602E7F045C4
:1020C000ADD2BEEB020366EB0C060138B146A6E7C3
:1020D0004646ECE7034698E74046D3E7D6467EE718
:1020E0006444023847E708460DE7023E63442DE7A3
:1020F000014B1868704700BF2800002070B50D4DD7
:102100000D4C641BA4100026A64209D10B4D0C4CAB
:1021100000F016FF641BA4100026A64205D170BD76
:1021200055F8043B98470136EEE755F8043B9847CD
:102130000136F2E7A0890108A0890108A0890108F9
:10214000A489010802440346934200D1704703F872
:10215000011BF9E77047704770B50F4E0C463168A8
:10216000054611B900F0A6F830602146284600F077
:10217000A1F8431C03D14FF0FF34204670BDC41CAE
:1021800024F00304A042F8D0211A284600F092F867
:102190000130F2D1EFE700BFDC0500202DE9F84364
:1021A000CD1C25F0030508350C2D38BF0C25002D5E
:1021B000064601DBA94204D90C2333600020BDE8A8
:1021C000F883DFF8D48000F069F8D8F800301C46B6
:1021D00044BB29463046FFF7BFFF431C044658D195
:1021E000D8F800402746002F43D1002C4BD023685D
:1021F0003946304604EB030900F05CF8814542D1D2
:1022000021686D1A29463046FFF7A6FF01303AD003
:1022100023682B442360D8F800305A6862BBC8F8A2
:1022200000700FE02268521B20D40B2A17D96119C5
:10223000A342256018BF5960636808BFC8F8001042
:1022400062514B60304600F02FF804F10B00231D63
:1022500020F00700C21A1CBF1B1AA350AFE7626828
:10226000A3420CBFC8F800205A60EBE7234664681D
:10227000AEE73C467F68B6E71A465B68A342FBD1EF
:1022800000235360DEE70C233360304600F00CF887
:1022900094E70560D6E700BFE00500200148FFF79E
:1022A00059BF00BFD80500200148FFF754BF00BF49
:1022B000D805002038B5064D0023044608462B609B
:1022C000FDF7B8FB431C02D12B6803B1236038BD76
:1022D000E405002038B50546002941D051F8043CFA
:1022E0000C1F002BB8BFE418FFF7D8FF1D4A136876
:1022F00033B9636014602846BDE83840FFF7D4BFA7
:10230000A34208D9206821188B4201BF19685B6875
:1023100009182160EDE71A465B680BB1A342FAD9B0
:1023200011685018A0420BD1206801445018834214
:102330001160E0D118685B68536008441060DAE708
:1023400002D90C232B60D6E7206821188B4204BFEA
:1023500019685B68636004BF091821605460CAE7AC
:1023600038BD00BFE0050020884210B501EB020433
:1023700002D98442234607D8431EA14208D011F84F
:10238000012B03F8012FF8E7024401468A4200D1ED
:1023900010BD13F8014D02F8014DF7E70A449142D0
:1023A00000F1FF3300D1704710B511F8014B03F86D
:1023B000014F9142F9D110BD024B01461868FFF759
:1023C000EDBE00BF28000020024B01461868FFF751
:1023D00081BF00BF28000020B1F8C8305A1C92B25B
:1023E000C82AA1F8C820C85400D0704710B50020F2
:1023F0000C46FDF7E9FA0023A4F8C83010BD00BF71
:1024000010B50446FCF7D8FF214602460020FDF730
:10241000DBFA034901220020FDF7D6FA002010BDA7
:10242000007101080FB430B5B5B038AC0E4954F89E
:10243000045BCA2201A8FFF7B1FF23462A460B48D6
:10244000009401A900F06AFDBDF8CC2004462AB929
:10245000204635B0BDE8304004B0704701A90020E7
:10246000FDF7B2FAF4E700BF686E0108D92301084E
:1024700000F044BD9A4238BF88547047704700BF8F
:102480002DE9F04F83B00F4612990D9C9DF83850FE
:10249000984611F0020306469446DDE9100A0093BF
:1024A0002ED1BAF1000F40F0A280844228D2202C15
:1024B00001F0010E00F088810C9B621E1A444FF05F
:1024C000300B734602E0202C00F0E7800134A0427C
:1024D00002F801BFF7D89E4693B1544510D2202C84
:1024E00000F0CF810C9B621E1A444FF0300E02E0C8
:1024F000202C00F024810134544502F801EFF7D17B
:10250000CB061FD54A0500F1A580002C40F09E8027
:102510000F9B102B00F045810F9B022B00F04E818A
:102520000C9B30221A70012401F00302002D00F0F0
:10253000CA800C9B2D21195501340AB954450ED37C
:10254000654626E001F00302202CEFD1002A40F07E
:102550008F80BAF1200F88BF202440F28980654621
:10256000A4EB0C0BE1462A464346013539462020B0
:10257000B04705EB0B035345F5D30AF1FF35621C59
:102580002D1B924538BF002509F10102CC461544A8
:10259000C4B10C9BCDF844A005EB040903EB090B77
:1025A0001C44CDF804C09A46ABEB040214F8010DAC
:1025B00043463946B047A2454D46F5D1DDF804C043
:1025C000DDF844A0009B73B1A5EB0C09D1450AD2FC
:1025D0002A4643463946202009F10109B047D14532
:1025E00005F10105F4D3284603B0BDE8F08F11F0E2
:1025F000010E73D0002D40F08B8011F00C0F40F0D5
:1026000087808442BFF469AF202C7FF455AFBAF1C4
:10261000200F40F23281CB0640F1BE804A0500F126
:102620001981202816D11F200F9B102B00F0F2805B
:102630000F9B022B1FD0441C01F0030227E0CB06A6
:102640007FF57EAF4A054FF0200403D4A04262D04C
:10265000544560D00F9B01F00302102B104673D03D
:102660000F9B022B0ED1202C08D100283FF471AF14
:10267000654620248DE7044601F003020C9B62208E
:1026800018550134202C3FF461AF204601340C9BD7
:102690004FF0300E03F800E056E79E46002B00F0A6
:1026A000CB80BAF1200FCAD9CB0675D54A0500F107
:1026B000D180202800F0DA80BAF1200F40F08D8020
:1026C00054461F20B0E74B0747D50C9B2B211955CB
:1026D0000134002A3FF432AF65465AE78442BFF422
:1026E0000FAF202C7FF4E8AECC067FF532AF4C055F
:1026F0003FF52FAF202800F0B980BAF1200FDFD0CE
:102700000F9B102B3FF425AF0F9B022B19D120E715
:102710000AF1FF3A75E7601E86D10F9B102B6BD034
:102720000F9B022B7FF4FCAE0C9B0F9C62221A7055
:1027300030225A7001F00302002DC4D0F9E6CC0615
:1027400080D401F0030201E78B0611D4202C8CD039
:102750000C9B78201855013494E70D0713D48ABBDD
:102760005445FFF4FCAE002C7FF4EAAE65463AE730
:10277000202C3FF47AAF0C9B18194FF0580E0134FF
:1027800080F800E07EE70C9B202119550134002AD7
:102790003FF4D4AE6546FCE68D073FF4E0AE6546F7
:1027A000F7E688060CD558220C9B1A7030225A7016
:1027B000022401F00302002D85D0BAE66222F3E77D
:1027C0007822F1E76546E3E6BEF1000F50D0CB0674
:1027D0007FF5B6AE4B057FF524AF0F9B01F00300EC
:1027E000102B02463FF441AF0F9B022B7FF4AEAE9D
:1027F00000287FF43DAFACE68A0625D50C9B582215
:102800001A7030225A70022401F00302002D3FF4A6
:102810005AAF8EE68B06A4F1020206D40C9B7820F8
:102820009854013C01F003022FE70C9B5820985468
:10283000013C01F0030228E7CA0682D54A05CCD440
:10284000202813D0202403E70C9B78221A70302212
:102850005A70D8E70F9B102B01F003003FF405AF2F
:102860000F9B022B3FF401AF02466FE60446DAE607
:10287000CB063FF53CAF65468BE6CA06DED465461F
:1028800087E6CC063FF512AF5BE700BF2DE9F04FBE
:1028900093B01C9C9DF874B01E9DDDF884E02CB9AB
:1028A0002EF010061EF4806FB64635D11EF0200FB4
:1028B00014BF4FF041094FF061090AAFA9F10A09AD
:1028C000B8460026099002E0202E15D05446B4FBED
:1028D000F5FA05FB1A4C5FFA8CF0BCF1090F00F118
:1028E000300C8ABF48445FFA8CF0C0B2AC4208F8A2
:1028F000010B06F10106E7D20998209C05941F9C64
:10290000CDF818E0CDE90354CDE9016B0097FFF74E
:10291000B7FD13B0BDE8F08F26460AAFEDE700BF64
:102920002DE9F04F97B0DDE92478209E219C099392
:1029300056EA04039DF888C0DDF8A0B08E4605D1A4
:102940002BF010031BF4806F9B4645D11BF0200F2A
:102950000EAB14BF4FF0410A4FF0610ACDF8A0B0A2
:10296000CDE90A0ECDE90C2CAAF10A0A99460025F8
:102970009B4603E0202D17D006460C4621463A46DA
:1029800043463046FCF7B4FBD2B2092A02F13003C9
:102990008ABF5244DAB2D2B2BE4274EB080409F8DC
:1029A000012B05F10105E5D2DDE90A0EDDE90C2C6C
:1029B0005B46DDF8A0B02799059126990093CDE9F3
:1029C0000371CDE9015C099BCDF818B07146FFF7A2
:1029D00057FD17B0BDE8F08F00250EABEBE700BF49
:1029E00010B1D1E900311847704700BF2DE9F04F11
:1029F0001C46B1F1000A8D4B8FB018BF814620787C
:102A0000DDF860B0904608BF9946002800F0D381F9
:102A1000002507E02A46434651460135C84720783D
:102A200000285ED0252804F10104F3D100232246BA
:102A300012F8010BA0F1200110290AD8DFE801F0FB
:102A400034090930090909090909092C0928090962
:102A50002400A0F13001092951D92A2800F09480DE
:102A600000262E285CD00021A0F16807122F23D861
:102A7000DFE807F0A2229D22952222222222222292
:102A80001E22222222221E0043F001031446CEE71A
:102A900043F002031446CAE743F004031446C6E7B2
:102AA00043F010031446C2E743F008031446BEE7A0
:102AB000607843F4807301327828144609D863287B
:102AC0003DD8622800F0B88163287DD0252840F0E9
:102AD0003D812A4643465146C847207801350028A3
:102AE000A0D12C46A84501D808F1FF3543462A4617
:102AF00051460020C84720460FB0BDE8F08F0026A1
:102B000006EB860600EB46061078A0F13001092995
:102B10001446A6F1300602F10102F1D92E28A2D105
:102B20006078A0F13001092943F48063174640F230
:102B3000EF802A2800F002811446013293E7A0F1C9
:102B4000640E01225FFA8EFE02FA0EFE384A1EEA79
:102B5000020E40F0AD80732854D07028B9D143F0F4
:102B6000210305930823049310230391CDF804E077
:102B700002935BF8043B00932A464346514648467D
:102B8000FFF784FE05464AE75BF8046B6078002E89
:102B90001446BCBF43F002037642013261E760781D
:102BA0006C2886D1A07843F44073E21C84E76078F7
:102BB00043F4007301327FE76078682800F0F68004
:102BC00043F08003013277E70BF1040298070A9281
:102BD00005F1010740F111812A469BF800004346A8
:102BE0005146C847012E88BFAD1940F249813A4687
:102BF0004346013751462020C847BD42F7D1DDF892
:102C000028B00CE75A4652F804CB0A929CF800B060
:102C10005846002940F08C80BBF1000F13D06FF0B4
:102C2000010E0EF1010EE644624606E07D24010825
:102C300021081200964500F0B38012F8017F002FA2
:102C4000F8D1A2EB0C0E13F4806702D08E4528BF9A
:102C50008E4613F002030B9300F0B080BBF1000F1F
:102C600017D0CDE90CE6E3462A460E4643465146C8
:102C70001FB106F1FF3C3EB16646C8471BF8010F85
:102C800001352A460028F1D10B9BDDE90CE6002B2B
:102C9000B5D076452F46B2D93544A5EB0E053A4658
:102CA0004346013751462020C847BD42F7D1A6E729
:102CB0006F2800F0BF806DD8692823F0100240F023
:102CC00017815F0548BF23F01102900500F1DD80F8
:102CD000D3050BF1040700F1D580500640F1F680D2
:102CE0009BF900300391002B4FF00A0102914FEA4B
:102CF000D371B8BF5B42CDE9046201912A460093CB
:102D0000434651464846FFF7C1FDBB46054686E6A9
:102D1000002101EB810100EB4100A0F1300117F827
:102D2000010FA0F13002092AF3D93C467A1C9BE638
:102D3000BBF1000F87D001F1FF3E72E75BF8041B87
:102D4000A078023421EAE171621C8DE658287FF4F4
:102D5000C0AE43F020031022580524D423F00C0306
:102D600013F400706AD113F4807F0BF1040740F074
:102D7000B28058067BD418064CBFBBF80000DBF8C5
:102D800000000090CDE904630023CDE90221019306
:102D90002A46B5E7782868D023F010030A22DBE73B
:102DA000AEEB0C0E4FE723F00D03D9E7A07843F00C
:102DB000C003E21C80E60446054693E6764540F2F1
:102DC000948006EB050BCDE90C7CABEB0E0B0F46AC
:102DD0002A464346013551462020C8475D45F7D174
:102DE000DDF834C039469CF800B00C9F06F1010EA6
:102DF000584600287FF435AF01E7012E3AD96B1E03
:102E00003344CDF82CB02F469B463A464346013713
:102E100051462020C847BB45F7D15B46DDF82CB0B2
:102E20001A469BF8000043465146C8473544DDF832
:102E300028B0F4E508228FE702228DE7CDE9076389
:102E40000BF1070B002306910492059302932BF0DC
:102E5000070BFBE802672A46CDE900674346514667
:102E60004846FFF75DFD0546D9E5102274E79BF85B
:102E7000000086E79BF800002A4643465146C847B3
:102E80003D46BCE6DBF800302CE70BF1070B2BF0DE
:102E9000070BDBF804305BF8080B0691D90FCDE97E
:102EA00007620291024600210A20002BCDE90401AD
:102EB00002DA524263EB4303CDE9002351462A462E
:102EC00043464846FFF72CFD0546A8E51306D9D52D
:102ED000BBF9003006E7CDE90221CDE9046301909A
:102EE000DBF8003000932A460AE70EF1010E7FE777
:102EF00064283FF4E6AE13460A222DE700B583B0FE
:102F000084460093044813460A466146FFF76EFD67
:102F100003B05DF804FB00BF7524010810B584B050
:102F20000446CDE90241009302A9134603484FF03D
:102F3000FF32FFF75BFD04B010BD00BFE1290108BF
:102F4000F8B500BFF8BC08BC9E467047F8B500BF96
:082F5000F8BC08BC9E46704766
:102F5800A0860100400D0300801A060000350C0011
:102F680040420F0080841E0000093D0000127A00D4
:102F78000024F40000366E010048E801006CDC0211
:102F8800847A010802000000907A01080400000019
:102F9800A07A010808000000B07A010810000000BB
:102FA800C07A010820000000D07A01084000000023
:102FB800E07A010880000000000000000000000026
:102FC8000102030406070809060401001F19151267
:102FD8000F0D0C0B004026449A9947420000000050
:102FE8000000804085EB5140000000000000000018
:102FF8000102030450000000A000010008001001B5
:10300800000000010300000050000000A0000100C3
:10301800080010010000000103000000500000003B
:10302800A0000100080010010000000103000000DA
:1030380050000000A000010008001001000000017D
:103048000300000000000000000000000100000074
:103058000100010002000100A000000000000200C1
:10306800F833010800000100F433010803000100EF
:10307800F033010801000100EC33010803000100EE
:10308800E833010800000100E433010800000100F2
:10309800E033010800000100DC33010800000100F2
:1030A800D833010800000400C833010800000100FB
:1030B800C433010804000100C03301080400010002
:1030C800BC3301080C030200B4330108C05D0100E1
:1030D800B0330108400108009033010815000100D1
:1030E8008C3301080000010088330108000001004A
:1030F8008433010800000100803301080100030047
:1031080074330108020002006C3301080000020059
:103118006433010800000100603301080100010068
:103128005C3301083F000100583301080400010026
:103138005433010800000100503301080100010068
:103148004C33010800000100483301080000010069
:103158004433010800000100403301080000010069
:103168003C3301080500010038330108450001001F
:10317800343301080A00010030330108000001005F
:103188002C33010808000100283301082000020040
:1031980020330108000001001C33010800BE87BD70
:1031A8008EBD14BD19BDA0BC27BCAEBBADAD33AC44
:1031B800B8AABEA8CBADD2AB58A95FA7DC9FE19B4C
:1031C80067986C947390F58AF8857A80F9C379C703
:1031D80079CBF8CE75D1F4D472D871DBF8E0F7E486
:1031E800F5E8F2EC56E952EC4EEFC9F139F0B3F2DA
:1031F8002DF527F71DF515F68CF784F8837A897A6B
:103208000F7A147A9A7720772776AD752E6EB46C7C
:10321800B96B3F6A4F71D56E5C6CE269DC5F615CCB
:10322800E558EA54DE4DDF4961466242F701770509
:10323800F608F60BF50E7412F215711951164F199E
:10324800CC1BCA1E5C28D72B532F4E32392C342F57
:103258002E32A93423399A3A923B093D093D093D5A
:10326800093D093D093D093D093D093D093D093D26
:10327800093D093D093D093D093D093D093D093D16
:10328800093D093D093D093D093D093D093D093D06
:10329800093D093D093D093D093D093DF07A01080F
:1032A8000000010000000000000000004D000100C7
:1032B8009D170008000000001C0001000D16000802
:1032C800000000002C00080055160008000000004F
:1032D800600001008D160008000000007D00080055
:1032E800C11600080000000062001000F91600086E
:1032F800007B010817010100000000000000000029
:1033080018011000611700081C7B01083700010034
:10331800000000005C0130003700D000C802D00077
:10332800B4009000B700D100FA000402E200F700F0
:10333800E200F000B3003000B3007700B300D10022
:10334800D6005100B2003000B2007700B200D100C0
:10335800B500D0005C0131005C013200290030006A
:103368002D003000290054002D00540006002400D0
:103378000D00240014002400D3005700D30055008A
:10338800D3005300D500B000AC0004021B030402B4
:10339800F5040402FA040402010504020605040205
:1033A8002105040258050402180504026C010402F0
:1033B800220304023204B0007204B000CF040402F5
:1033C800C9043701CC043701D0043701D3043701CD
:1033D8006105B0006305D000E3005A00E30039003E
:1033E800E3005600E3003500E3005200E30031003B
:1033F8005900320060003200300EB363350301001B
:10340800E501080035030800850301008503000075
:1034180014000000A801000035030100E5011000B8
:103428003503100085030100850300001400000027
:10343800A801000035030100E50120003503200044
:103448008503010085030000140000001500040036
:10345800E501080035000000150000000900000023
:1034680025070000B50501006200000043000000C8
:10347800B5050000E504000009000000250600006D
:10348800D50700000900000045060000E507000018
:10349800090000006503C000B5070200B5082A004E
:1034A800C802000009000000E5013100C50820003D
:1034B800090000005200000043000000090000005D
:1034C80065007F0009000000A5010000D50000008C
:1034D800E5000000F50020000501000015010000CE
:1034E80025010000350100008501000045010000AC
:1034F80055010000650100007501000095010000FC
:10350800950001007500FF3709000000D500000094
:10351800E50102009500020009000000A501000075
:10352800E5000000F500200005010000150100007D
:103538002501000035010000450103005501030085
:10354800850103006501030075010300950103006F
:10355800E501F77F9500F57F09000000B50C000034
:103568000900000045000000E501860035008400E0
:103578004201000043000000B50C0B0082CE0100A0
:1035880043000000880800005807000045000100BB
:1035980009000000E5010300B50C03000900000064
:1035A800020F000043000000090000008808000026
:1035B800E50102003500020062010000430000003E
:1035C800E50184003500000009000000E5018600DF
:1035D800350084004201000043000000E5010300BB
:1035E800B50C01006200000043000000D50701008F
:1035F8002506E40065070600E507080045061800EB
:10360800F80200000A00000018020000480200004A
:103618006507270009000000D50701002506E4001A
:1036280065070600E507080045061400F8020000D3
:103638000A00000018020000480200006507270081
:1036480009000000550D010000000000750700008A
:10365800C50D900975072700851301001514010091
:10366800E501040085130400E501040015140400B5
:10367800E501080085130800E501F8011514F801B3
:1036880009000000150200000502000025020100E3
:103698000620220015090200F5080400E5010020B3
:1036A800F508002009000000021400004300000093
:1036B800010001000100800206004000090000002E
:1036C800350A0900550A0000C50A0800650A3F08BE
:1036D800250A6000950A0100250A7F0009000000FC
:1036E800250A0000950A0000250A0000650A000066
:1036F80009000000450A0100450A000065070300AB
:10370800D50708002506140058010000A80100008C
:1037180025073900F50400000505803EE504010091
:10372800F80200000A000000A801000018020000CA
:103738006507000009000000450A0100450A00006D
:1037480009000000050D0100250D0100150D1500EB
:10375800A50A0100450D870009000000450DFF007E
:103768000900000015095D00F508BD00E50100200D
:10377800F508002009000000D5080A00E5081A002D
:10378800450285225502FD01090000001502360098
:1037980005020E002502930009000000E501002043
:1037A800F5080000000000000000000025000100EE
:1037B800E50102001500020025000000E5010200F5
:1037C8001500000009000000350C0200350C03004C
:1037D800E5010100050B0100E5010200D50A000022
:1037E800A20000004300000009000000E5010005F8
:1037F80035000000E501001835000018E501000556
:103808003500000509000000E5010005350000004D
:10381800E501001835000000E50100053500000548
:1038280009000000B208000043000000E501F91F8C
:10383800B502000009000000E501FF016502E00192
:10384800E5011100B5021100B8100000E501FF0103
:103858006502FF01E5012100B5022100B810000052
:10386800E501FF016502F801E5018100B50281006B
:10387800B810000009000000E501FF016502C00161
:10388800E5010102B5020102B8100000E501FF01DF
:103898006502FF01E5010104B5020104B81000004A
:1038A800E501FF016502F801E5010108B50201081B
:1038B800B8100000E501FF016502FF01E5010110F4
:1038C800B5020110B810000009000000D50B050072
:1038D800B50B030009000000D80F0000B502040072
:1038E800750200006502C03FE5010101B502010152
:1038F800B8100000650200FE081200004810000021
:10390800580E000006202200B80D0000F50901003D
:10391800E50100039509000101F40000D50B05003D
:10392800024B000043000000D50B0900F509000018
:10393800E501000395090000980E00000900000049
:10394800050B0000050B0C00050B0000150B1F00F4
:10395800250B0000350B0100450B0000550B00003E
:10396800650B00000900000055080200580100001E
:10397800A80100001802000048020000F505010037
:10398800350C0400780200002851000038090000B6
:10399800380A000001000000950C1300750C38006F
:1039A800850C0200A2000000C230000043000000A5
:1039B80043000000010001050600400001008002EC
:1039C800750C0001850C1800C80A0000850C380029
:1039D8002503000065070300D50708002506140025
:1039E80058010000F5040000050580028514220036
:1039F800C50A0000080D0000A801000025072106DF
:103A0800E5040100F80200000A000000A801000017
:103A1800E501010025030100C80A0000C50A0100EC
:103A2800080D0000A801000025074D06E504010067
:103A3800F80200000A000000A8010000E5010200E9
:103A480025030200C80A0000C50A0200080D00008C
:103A5800A801000025077906E5040100F802000026
:103A68000A000000A8010000E50104002503040085
:103A7800C80A0000C50A0300080D0000A8010000DC
:103A88002507A506E5040100F80200000A00000069
:103A9800A8010000E501080025030800C80A000085
:103AA800C50A0400080D0000A80100002507D1067A
:103AB800E5040100F80200000A000000A801000067
:103AC800E501100025031000C80A0000C50A05001A
:103AD800080D0000A80100002507FD06E504010007
:103AE800F80200000A000000A8010000E50120001B
:103AF80025032000C80A0000C50A0600080D0000BA
:103B0800A801000025072907E5040100F8020000C4
:103B18000A000000A8010000E5014000250340005C
:103B2800C80A0000C50A0700080D0000A801000027
:103B380025075507E5040100F80200000A00000007
:103B4800A8010000E501800025038000C80A0000E4
:103B5800C50A0800080D0000A80100002507810714
:103B6800E5040100F80200000A000000A8010000B6
:103B7800E501000125030001C80A0000C50A090083
:103B8800080D0000A80100002507AD07E5040100A5
:103B9800F80200000A000000A8010000E501000288
:103BA80025030002C80A0000C50A0A00080D000023
:103BB800A80100002507D907E5040100F802000064
:103BC8000A000000A8010000E50100042503000424
:103BD800C80A0000C50A0B00080D0000A801000073
:103BE80025070508E5040100F80200000A000000A6
:103BF800A8010000E501000825030008C80A000024
:103C0800C50A0C00080D0000A801000025073108AE
:103C1800E5040100F80200000A000000A801000005
:103C2800E501001025030010C80A0000C50A0D00B0
:103C3800080D0000A801000025075D08E504010043
:103C4800F80200000A000000A8010000E5010020B9
:103C580025030020C80A0000C50A0E00080D000050
:103C6800A801000025078908E5040100F802000002
:103C78000A000000A8010000E501004025030040FB
:103C8800C80A0000C50A0F00080D0000A8010000BE
:103C98002507B508E5040100F80200000A00000045
:103CA800A8010000E501008025030080C80A000083
:103CB80085140000A80B000018020000C85000007E
:103CC8001400000078590000750C8000850C8000F5
:103CD800B50A0300E5010400B50C0400060000085D
:103CE800950A6100484F0000950A6900484F000096
:103CF800950A7100484F0000950A7900484F000066
:103D0800950A4100484F0000950A4900484F0000B5
:103D1800950A5100484F0000950A5900484F000085
:103D2800950A2100484F0000950A2900484F0000D5
:103D3800950A3100484F0000950A3900484F0000A5
:103D4800950A0100484F0000950A0900484F0000F5
:103D5800950A1100484F0000950A1900484F0000C5
:103D6800B50A000001008002750C0200850C0200F3
:103D7800E5010400B50C0000C80A0000750C180025
:103D8800850C0600F5001000C80A0000F5001100B7
:103D9800C80A0000F5001200C80A0000F500130068
:103DA800C80A0000F5001400C80A0000F500150054
:103DB800C80A0000F5001600C80A0000F500170040
:103DC800C80A0000F5001800C80A0000F50019002C
:103DD800C80A0000F5001A00C80A0000F5001B0018
:103DE800C80A0000F5001C00C80A0000F5001D0004
:103DF800C80A0000F5001E00C80A0000F5001F00F0
:103E0800C80A0000F5002000C80A0000F5002100DB
:103E1800C80A0000F5002200C80A0000F5002300C7
:103E2800C80A0000F5002400C80A0000F5002500B3
:103E3800C80A0000F5002600C80A0000F50027009F
:103E4800C80A0000F5002800C80A0000F50029008B
:103E5800C80A0000F5002A00C80A0000F5002B0077
:103E6800C80A0000F5002C00C80A0000F5002D0063
:103E7800C80A0000F5002E00C80A0000F5002F004F
:103E8800C80A0000F5003000C80A0000F50031003B
:103E9800C80A0000F5003200C80A0000F500330027
:103EA800C80A0000F5003400C80A0000F500350013
:103EB800C80A0000F5003600C80A0000F5003700FF
:103EC800C80A0000F5003800C80A0000F5003900EB
:103ED800C80A0000F5003A00C80A0000F5003B00D7
:103EE800C80A0000F5003C00C80A0000F5003D00C3
:103EF800C80A0000F5003E00C80A0000F5003F00AF
:103F0800C80A0000A80B0000C850000014000000F8
:103F18007859000045030100F5002000750C0300E6
:103F2800850C0300E5010400B50C04000600000838
:103F3800150D100008500000150D11000850000064
:103F4800150D120008500000150D13000850000050
:103F5800150D140008500000150D1500085000003C
:103F6800150D160008500000150D17000850000028
:103F7800150D180008500000150D19000850000014
:103F8800150D1A0008500000150D1B000850000000
:103F9800150D1C0008500000150D1D0008500000EC
:103FA800150D1E0008500000150D1F0008500000D8
:103FB800150D000008500000150D01000850000004
:103FC800150D020008500000150D030008500000F0
:103FD800150D040008500000150D050008500000DC
:103FE800150D060008500000150D070008500000C8
:103FF800150D080008500000150D090008500000B4
:10400800150D0A0008500000150D0B00085000009F
:10401800150D0C0008500000150D0D00085000008B
:10402800150D0E0008500000150D0F000850000077
:10403800350D000001008002980E0000A80B00005A
:1040480045030000C850000014000000B50B030031
:10405800F50901002500010095090001250000006F
:10406800D50B0E000214000043000000D50B0A0017
:10407800F509000095090000950C00006209000090
:10408800C23000004300000043000000380A00006E
:10409800E5010400B50C0400050C0000060000084A
:1040A800150C0000E50B3C00C80A0000E50B3400C5
:1040B800C80A0000E50B2C00C80A0000E50B240024
:1040C800C80A0000E50B0400C80A0000E50B0C0054
:1040D800C80A0000E50B1400C80A0000E50B1C0024
:1040E800C80A0000150C0100E50B3C00C80A0000D6
:1040F800E50B3400C80A0000E50B2C00C80A0000D4
:10410800E50B2400C80A0000E50B0400C80A0000FB
:10411800E50B0C00C80A0000E50B1400C80A0000F3
:10412800E50B1C00C80A0000150C0200E50B3C005A
:10413800C80A0000E50B3400C80A0000E50B2C0093
:10414800C80A0000E50B2400C80A0000E50B0400BB
:10415800C80A0000E50B0C00C80A0000E50B1400B3
:10416800C80A0000E50B1C00C80A0000150C030073
:10417800E50B3C00C80A0000E50B3400C80A000043
:10418800E50B2C00C80A0000E50B2400C80A000053
:10419800E50B0400C80A0000E50B0C00C80A000083
:1041A800E50B1400C80A0000E50B1C00C80A000053
:1041B800150C0400E50B3C00C80A0000E50B3400B0
:1041C800C80A0000E50B2C00C80A0000E50B240013
:1041D800C80A0000E50B0400C80A0000E50B0C0043
:1041E800C80A0000E50B1400C80A0000E50B1C0013
:1041F800C80A0000150C0500E50B3C00C80A0000C1
:10420800E50B3400C80A0000E50B2C00C80A0000C2
:10421800E50B2400C80A0000E50B0400C80A0000EA
:10422800E50B0C00C80A0000E50B1400C80A0000E2
:10423800E50B1C00C80A0000150C0600E50B3C0045
:10424800C80A0000E50B3400C80A0000E50B2C0082
:10425800C80A0000E50B2400C80A0000E50B0400AA
:10426800C80A0000E50B0C00C80A0000E50B1400A2
:10427800C80A0000E50B1C00C80A0000150C07005E
:10428800E50B3C00C80A0000E50B3400C80A000032
:10429800E50B2C00C80A0000E50B2400C80A000042
:1042A800E50B0400C80A0000E50B0C00C80A000072
:1042B800E50B1400C80A0000E50B1C00C80A000042
:1042C800150C0800E50B3C00C80A0000E50B34009B
:1042D800C80A0000E50B2C00C80A0000E50B240002
:1042E800C80A0000E50B0400C80A0000E50B0C0032
:1042F800C80A0000E50B1400C80A0000E50B1C0002
:10430800C80A0000150C0900E50B3C00C80A0000AB
:10431800E50B3400C80A0000E50B2C00C80A0000B1
:10432800E50B2400C80A0000E50B0400C80A0000D9
:10433800E50B0C00C80A0000E50B1400C80A0000D1
:10434800E50B1C00C80A0000C8500000140000005B
:10435800A8590000E8550000F50A00002859000097
:10436800F50A010028590000F50A02002859000042
:10437800F50A030028590000F50A0400285900002E
:10438800F50A050028590000F50A0600285900001A
:10439800F50A07002859000001008002980E000065
:1043A800085A0000C850000014000000A859000076
:1043B800080E0000D80F0000B502040075020000C6
:1043C8006502C03FE5010900B5020900B810000008
:1043D80065020000E5014100B5024100B810000087
:1043E800650200FE081100009858000048100000FF
:1043F80006200208B80D0000A50B0400685500004F
:10440800F50A0000D84D0000F50A0100D84D00005B
:10441800F50A0200D84D0000F50A0300D84D000047
:10442800F50A0400D84D0000F50A0500D84D000033
:10443800F50A0600D84D0000F50A0700D84D00001F
:1044480001008002980E0000085A0000C8500000C1
:1044580014000000A8590000E50A0800950B0800A0
:10446800F50B0F00D80F0000B5020400750200001C
:104478006502C03FE5010900B5020900B810000057
:1044880065020000E5014100B5024100B8100000D6
:10449800650200FE08110000B50204007502000064
:1044A8006502C03FE5010101B5020101B810000035
:1044B800650200FE0812000048100000B80D000058
:1044C800F50A04001502A0000600200801F4000502
:1044D80006020000A50B0000884C00000602000040
:1044E800A50B0100884C000006020000A50B020085
:1044F800884C000006020000A50B0300884C000051
:1045080006020000A50B0400884C0000060200000B
:10451800A50B0500884C000006020000A50B06004C
:10452800884C000006020000A50B0700884C00001C
:1045380001000005980E0000085A0000C85000004D
:1045480014000000A8590000E50A0800950B0800AF
:10455800F50B0900D80F0000B50204007502000031
:104568006502C007E5010900B5020900B81000009E
:1045780065020000E5014100B5024100B8100000E5
:104588006502001E08110000B50204007502000053
:104598006502C007E5010101B5020101B81000007C
:1045A8006502001E081200004810000035020000D5
:1045B8001502A00025022E0006202008B80D0000D4
:1045C800A50B0400050C0300150C0000685500003D
:1045D800D84D000001008002980E0000085A000023
:1045E800C850000014000000A8590000E5010400AC
:1045F800B50C0000350C0100750C8001850C02001B
:10460800950C1300450C0900650C1B0028150000CB
:10461800450B0200E50A0800950B0800D80F0000BA
:10462800B50204007502000065024000E5010900BA
:10463800B5020900B810000065020000E50141005C
:10464800B5024100B81000006502007E08110000A4
:104658009858000048100000B80D00000100000044
:104668001502A10025026E00650B04000620200833
:1046780048530000060020082200000048530000AC
:104688004300000001008002650B0C0006002000BA
:1046980042000000485300004300000001000005EC
:1046A800650C0000450C0F00550C0300750CC0018B
:1046B800150B0900550B0700350B2900250B0B00BE
:1046C800060020005200000058540000430000007B
:1046D80001008002550B0F00350B09000600200071
:1046E80052000000585400004300000001008002FE
:1046F800250B13000600200052000000585400004B
:104708004300000001000005980E0000085A000050
:10471800C85000001400000012000000E1750000FD
:1047280001F4010026000000E175000001F4070013
:10473800E601000002000000E175000001F403003A
:1047480026000000E175000001F40700E601000002
:10475800430000000600400016000000430000006F
:1047680026000000017480000900000006002000F7
:10477800120000000602000072010000884C0000D0
:104788004300000006001C004300000001F4800202
:104798000900000006002000060200007201000067
:1047A800884C00004300000001F48002090000006A
:1047B800851300001514000075070000C50D0000E2
:1047C800550D010009000000B50A0300021400009D
:1047D800430000000100010001008002B50A020048
:1047E80002140000430000000100070001008002DD
:1047F8000600400009000000350D01000214000009
:10480800430000000100010001008002350D030093
:1048180002140000430000000100070001008002AC
:10482800060040000900000035030200E501000011
:10483800350300008503010085030000090000001E
:10484800C5000000951400009804000058040000FA
:10485800980500002803000002DC05004300000062
:1048680048030000A2010000430000008500FF3754
:10487800D50A4F007500FF3F8500FF3F0214000076
:1048880043000000E50C0100280B0000380D000073
:1048980025000000E501000535000005E5010200DE
:1048A80015000000B8050000020F000043000000DA
:1048B800980D00002509010078060000A8060000F0
:1048C800D80600000900000006020000F2020000FD
:1048D80001080000E10700000100000001000100DC
:1048E8006200000001080000E1070000010000006C
:1048F80001000300430000000600400026000000FD
:104908004300000006001C00090000000602000029
:10491800F20200000128000001100000E107000079
:1049280001000100620000000128000001100000E1
:10493800E1070000010003004300000006004000FA
:10494800260000004300000006001C0009000000CB
:10495800F509010095090001021400004300000058
:10496800F50900009509000001F4000109000000A4
:10497800050A6B01050A0801050AB502150D0000B4
:10498800D50B0900E50B0000980E00004503010057
:1049980045030200E84E0000581300008813000089
:1049A800D80F0000B5020400750200006502C03F80
:1049B800E5010900B5020900B81000006502000011
:1049C800E5014100B5024100B8100000650200FE93
:1049D800081100009858000048100000E50A080077
:1049E800950B0700480F000015029D0035020000D6
:1049F8000502760025022E0006200208B80D0000E8
:104A0800A50B0400050C1100150C0000F50B0200A5
:104A180068550000080E000009000000B5020400F7
:104A28007502000065024000E5010101B5020101BF
:104A3800B81000006502000008120000090000001C
:104A48005502DD0D784E00005502FF0F784E00002C
:104A580009000000280B0000F80B00000900000006
:104A680078590000E50101003500010062010000ED
:104A78004300000009000000E501010035000000C6
:104A88006201000043000000A80B000009000000BC
:104A980000000000000000000AD7233D295C8F3D7C
:104AA800295C0F3E5C8F423E0AD7A33E8FC2F53D7C
:104AB800295C8F3E295C0F3F5C8F423F0AD7A33F9A
:104AC800CDCC344133335B41000098410000A44110
:104AD800CDCCAC410000000000000000293C0000E3
:104AE800163B0000D7630000325F000073880000A7
:104AF8005D7D00004AAC0000A6970000A4D000002D
:104B08000FAF00004CF70000A3C4000070FB0000CA
:104B1800F3E80000F6D20000C0BB0000DCA40000EF
:104B2800E58E0000338200007D7B7C7AE7E61BE897
:104B380095B9AAAB01020304050600494830323191
:104B4800332F4B4A9EA09F898A8B8CEDE907ACB125
:104B580091C696CA9ABEC2BACED2D6E2DADE7640FC
:104B6800447F64B5600D218D3C37A66C2768582BAF
:104B7800705C144C5054EEEA08ADB292C797CB9BC8
:104B8800BFC3BBCFD3D7E3DBDF7741458065B661D1
:104B98000E228E3D38A76D2869592C715D154D512F
:104BA80055EFEB09AEB393C898CC9CC0C4BCD0D425
:104BB800D8E4DCE07842468166B7620F238F3E393D
:104BC800A86E296A5A2D725E164E5256F0EC0AAF3C
:104BD800B494C999CD9DC1C5BDD1D5D9E5DDE179DB
:104BE80043478267B8631024903F3AA96F2A6B5BEA
:104BF8002E735F174F5357888586261F83843BA1E2
:104C0800A213181A190C0B348711000000000300B6
:104C18009C5A010800000100985A0108030001008D
:104C2800945A010801000100905A0108030001008C
:104C38008C5A010800000100885A01080000010090
:104C4800845A010800000100805A01080000010090
:104C58007C5A010800000100785A01080000010090
:104C6800745A0108010C0100705A0108FF03010081
:104C78006C5A0108BD000100685A0108BD00010016
:104C8800645A0108BD000100605A0108BD00010016
:104C98005C5A010800000100585A0108010001008F
:104CA800545A010801002000D459010800000100ED
:104CB800D059010800000100CC590108000001008A
:104CC800C859010800000100C45901085000020039
:104CD800BC590108C05D0100B85901084001010034
:104CE800B459010815000100B0590108000001007D
:104CF800AC59010800000100A85901080000010092
:104D0800A4590108010002009C5901080100030090
:104D1800905901085D0001008C5901085D000100EF
:104D2800885901085D000100845901085D000100EF
:104D380080590108010001007C59010800000100A8
:104D480078590108000001007459010800000100A9
:104D580070590108000001006C59010800000100A9
:104D680068590108000001006459010800000100A9
:104D780060590108000001005C59010800000100A9
:104D880058590108000003004C59010800000400AC
:104D98003C590108000001003859010800000100D1
:104DA80034590108000003002859010800000100D7
:104DB80024590108020002001C59010800000200E1
:104DC80014590108000001001059010800000100F1
:104DD8000C590108000001000859010800000100F1
:104DE8000459010800000500F058010800000100FE
:104DF800EC58010800000100E85801080000010013
:104E0800E458010800000100E0580108010005000D
:104E1800CC58010801000500B85801080100050038
:104E2800A45801080100050090580108000001007D
:104E38008C58010800000100885801080000010092
:104E4800845801080000010080580108000009008A
:104E58005C58010800000A003458010800000500E9
:104E680020580108000005000C5801080000010046
:104E7800085801080000010004580108000001005A
:104E88000058010800000100FC570108000001005B
:104E9800F857010800000100F4570108000001005C
:104EA800F057010800000100EC570108000001005C
:104EB800E857010800000100E4570108000001005C
:104EC800E057010800000100DC570108000001005C
:104ED800D857010800000100D4570108000001005C
:104EE800D057010800000100CC570108000001005C
:104EF800C857010800000100C4570108000001005C
:104F0800C057010800000100BC5701080100050056
:104F1800A857010801000500945701080100050081
:104F280080570108010005006C57010801000100C5
:104F380068570108010001006457010801000100D9
:104F480060570108010001005C57010817000100C3
:104F580058570108170001005457010817000100AD
:104F680050570108170001004C57010807000100BD
:104F780048570108070001004457010807000100CD
:104F880040570108070001003C57010801000100D3
:104F980038570108010001003457010801000100D9
:104FA80030570108010001002C57010800000100DA
:104FB80028570108010001002457010800000100DA
:104FC80020570108000001001C57010800000100DB
:104FD8001857010800000100145701083F0001009C
:104FE80010570108040001000C57010800000100D7
:104FF80008570108010001000457010800000100DA
:105008000057010803000100FC56010803000100D5
:10501800F856010803000100F456010803000100D6
:10502800F05601089D000100EC5601084D000100F2
:10503800E856010801000500D45601081F000100C8
:10504800D056010800000100CC56010801000200FA
:10505800C456010800000500B0560108000003000E
:10506800A456010800000300985601080000030038
:105078008C56010800000100885601080000010054
:105088008456010800000100805601080000010054
:105098007C56010800000100785601080000010054
:1050A8007456010800000100705601080000010054
:1050B8006C56010800000200645601080000010057
:1050C80060560108000001005C560108000001005C
:1050D800585601080000010054560108000001005C
:1050E80050560108000001004C560108000001005C
:1050F8004856010800000100445601080000050058
:1051080030560108000001002C560108000001007B
:10511800285601080000010024560108000001007B
:1051280020560108000001001C560108000001007B
:10513800185601080000010014560108000001007B
:1051480010560108000001000C560108000001007B
:105158000856010800000100045601080500010076
:105168000056010845000100FC5501080000020036
:10517800F455010800000200EC5501080000020087
:10518800E455010800000200DC5501080A0001008E
:10519800D855010800000100D4550108000001009D
:1051A800D055010800000100CC550108000001009D
:1051B800C855010801000500B455010801000500A3
:1051C800A0550108010005008C55010801000500E3
:1051D8007855010800000200705501080000010020
:1051E8006C55010800000100685501080000010025
:1051F8006455010800000100605501080000010025
:105208005C55010800000100585501080000010024
:105218005455010800000100505501080000010024
:105228004C55010800000100485501080000010024
:105238004455010800000100405501080000010024
:105248003C55010800000100385501080000010024
:105258003455010800000100305501080000010024
:105268002C55010800000100285501080000010024
:105278002455010800000100205501080000010024
:105288001C55010800000100185501080000010024
:105298001455010800000100105501080000010024
:1052A8000C55010800000100085501080000010024
:1052B8000455010800000100005501080000010024
:1052C800FC54010800000100F85401080000010026
:1052D800F454010800000100F05401080000010026
:1052E800EC54010800000100E85401080000010026
:1052F800E454010800000100E05401080000010026
:10530800DC54010800000100D85401080000010025
:10531800D454010800000100D05401080000010025
:10532800CC54010800000100C85401080000010025
:10533800C454010800000100C05401080000010025
:10534800BC54010808000100B854010820000100FD
:10535800B454010800000100B05401080000010025
:10536800AC54010800000100A85401080000010025
:10537800A454010800000100A05401080000010025
:105388009C54010800000100985401080000010025
:105398009454010800000100905401086131323131
:1053A8002D76312E31302E30000000000000000034
:1053B80000000000000000000000000000000000E5
:1053C80000000000000000000000000000000000D5
:1053D80000000000000000000000000000000000C5
:1053E80000000000000000000000000000000000B5
:1053F80000000000FFFF0000B9230108C9230108CD
:1054080000000000951F0008BD0200080000803E53
:10541800000040400000050000007041030100004A
:10542800640000000000C842000000000000003FC7
:1054380000000000000086420000AA420000AC42C2
:105448000000C6420000D0421266513F16881A3F3B
:105458006B7E443F0EC1693F9CC47F3CB357863C7A
:10546800F558443C6852953CA8366B3F5336183F74
:1054780045B3593F0F72803F90FE913CE3179E3C25
:10548800362B723C8FF5BC3C32033000F702B0007B
:10549800C202B0008D02B0005802B000F8029000BD
:1054A800C30290008E02900059029000E400D000E0
:1054B800F4009000F700D1000703B000D202B0005A
:1054C8009D02B0006802B00005033100D00231002F
:1054D8009B0231006602310005033000D002300023
:1054E8009B023000660230000603B000D102B00013
:1054F8009C02B0006702B00001033100CC02310009
:1055080097023100620231000403B200CF02B200F8
:105518009A02B2006502B20013031002DE02100202
:10552800A9021002740210020B031002D602100224
:10553800A10210026C0210020303B000CE02B000F8
:105548009902B0006402B0000203B000CD02B000BE
:105558009802B0006302B00002033500CD023500A6
:1055680098023500630235003A01B0004601B000E8
:1055780019022500380225003C02250043022500B7
:1055880047022500D7012500F6012500FA0125006C
:10559800010225000502250095012500B40125001A
:1055A800B8012500BF012500C301250053012500CE
:1055B80072012500760125007D0125008101250065
:1055C800FB029000C6029000910290005C029000DD
:1055D80047030402FE02081028030810C902081035
:1055E800F302081094020810BE0208105F020810A7
:1055F80089020810DE00F700DE00F0002402F00047
:10560800E201F000A001F0005E01F000F3003000BC
:10561800F3007700F300D100710007207200040244
:10562800A1001002A2001002200008102700081094
:10563800310008106F000810750007201B031002C6
:10564800E6021002B10210027C02100217031002D7
:10565800E2021002AD02100278021002C100B0008E
:105668003901B000FA029000C50290009002900043
:105678005B029000FC02B001C702B0019202B001C7
:105688005D02B00191000810920008109300081004
:105698008E0008108F000810900008108B0008106A
:1056A8008C0008108D0008103500081088000810BC
:1056B800890008108A000810960008108400081055
:1056C80094000810380008104001B0004901250076
:1056D80049012600490127004901280049012900FC
:1056E800B803B001B903B001420204020002040287
:1056F800BE0104027C01040236015100F2003000B0
:10570800F2007700F200D100F500D0000F0310027C
:10571800DA021002A50210027002100232033100F0
:105728003203320025020720E3010720A1010720E8
:105738005F01072026020402E4010402A201040218
:105748006001040228020402E6010402A401040222
:105758006201040241020720FF010720BD01072062
:105768007B01072019022B0038022B003C022B007A
:1057780043022B0047022B00D7012B00F6012B0018
:10578800FA012B0001022B0005022B0095012B00CA
:10579800B4012B00B8012B00BF012B00C3012B0063
:1057A80053012B0072012B0076012B007D012B0089
:1057B80081012B002F020720ED010720AB010720F4
:1057C8006901072031020402EF010402AD0104025D
:1057D8006B0104025302A4001102A400CF01A4002B
:1057E8008D01A4005202A4001002A400CE01A4005E
:1057F8008C01A4005102A4000F02A400CD01A40052
:105808008B01A400250007202F0007107300081043
:105818007C0008107E0008101F00072026000710D3
:1058280030000710740008107B00081028000720BB
:105838003200071039000810410007104600051013
:105848004B0008204C0008204F0008105400082086
:1058580055000820210007202900071033000710F1
:105868003A00081040000710470005104A000820B9
:105878005000081053000810F6029000C102900072
:105888008C02900057029000190237013802370144
:105898003C0237014302370147023701D70137017C
:1058A800F6013701FA013701010237010502370114
:1058B80095013701B4013701B8013701BF0137013C
:1058C800C3013701530137017201370176013701EE
:1058D8007D013701810137011502B001D301B00103
:1058E8009101B0014F01B0012E0007106B000710A5
:1058F8007F00082080000810820007201402F000B2
:10590800D201F0009001F0004E01F0002B033000AE
:105918002F0330002B0354002F03540036000710C8
:105928003F00081086000820AF0008105900100238
:105938005A001002220008102A000810340008102B
:105948003E0008101B0005106700081068000820BA
:105958001F020720DD0107209B01072059010720AE
:1059680020020402DE0104029C0104025A0104021E
:1059780048010402110107202003B001EB02B00125
:10598800B602B0018102B001060024000D00240017
:10599800140024006A0008204A0126003301570039
:1059A80033015500330153003501B00016010402DC
:1059B800FB000402000104020B0104022B02040292
:1059C800E9010402A7010402650104027501062029
:1059D8007801310078013200790106208001062023
:1059E80083013200840106208A010620B7010620BF
:1059F800BA013100BA013200BB010620C2010620FB
:105A0800C5013200C6010620CC010620F901062096
:105A1800FC013100FC013200FD01062004020620D1
:105A280007023200080206200E0206203B0206206A
:105A38003E0231003E0232003F02062046020620A6
:105A4800490232004A0206205002062028010810A6
:105A5800C500D0002103B001EC02B001B702B001CB
:105A68008202B0019C0090019D009001F902D000D3
:105A7800C402D0008F02D0005A02D000DF005A00C2
:105A8800DF003900DF005600DF003500DF0052007C
:105A9800DF003100B6003200BD003200BF00320026
:105AA80030BFC36335030100E50108003503080072
:105AB800850301008503000014000000A8470000CA
:105AC80035030100E50110003503100085030100CE
:105AD8008503000014000000A847000035030100FA
:105AE800E50120003503200085030100850300003F
:105AF80014000000D832000000000000B84B00007D
:105B0800250800003508010045080100400800008C
:105B180088090000A506A00B00000000170200007D
:105B2800F00900003702000070050000A80F00000F
:105B3800000000008702000080020000F009000059
:105B4800B7020000B00200007005000098100000C5
:105B580008460000000000002003000020030000A9
:105B680020030000F009000050030000500300006B
:105B780070050000A0060000E0030000C84C00000B
:105B8800100C0000404A0000204C000048040000AF
:105B98005835000078360000500A0000500A00000E
:105BA800E001000040020000D702000014000000DD
:105BB800050800008506C0098006400A80062009FD
:105BC8000900000018370000A80F00009810000016
:105BD800084600000900000018370000404A00008D
:105BE800204C00000900000018370000204C00007D
:105BF800981000000846000009000000F84900005D
:105C080088480000550500006505000045050100AD
:105C180009000000E5010800A5060000851504003C
:105C280035030300E501080035030800C506A46E26
:105C3800B83700008503010085030000A038000084
:105C48002838000009000000D0130000E00600001A
:105C5800880800001707000068250000F009000008
:105C6800680900002708000002000000404A000000
:105C7800204C0000B707000035070300D84E00008D
:105C88000A00000035070200F8090000A00F000014
:105C98009010000000000000004600008808000086
:105CA8006009000043000000570800007828000041
:105CB800D813000000000000184800000900000088
:105CC80060250000E014000070280000B0280000E3
:105CD80000190000C02B0000002C0000201D00004F
:105CE800102F0000502F00004021000060320000FB
:105CF800D813000009000000E014000009000000AB
:105D0800F50101000600000885150200851501004F
:105D18009515FF03A515010C09000000A84900000E
:105D2800184800002505000035050000150501008C
:105D380009000000D50701002506646B3507890DA9
:105D48004507890D85061400D84E00002A0000007A
:105D580025060000850600004507000010480000E1
:105D68000900000045000000E501860035008400B8
:105D78004201000043000000B50C0B0082CE010078
:105D88004300000068330000283900004500010086
:105D980009000000B50C000009000000B50C000067
:105DA80009000000A50B0000F50B0000050C12000F
:105DB800150C0000E50B0000950B0500483B0000A2
:105DC8000620220038420000B502040075020000D7
:105DD80065024000E5010101B5020101A84100008A
:105DE80065020000783F0000A8420000D83B000090
:105DF800017C0007F2030000017C0100060040005E
:105E08004300000001000005283C000009000000D4
:105E1800D5080A00E5081A00450285225502FD0149
:105E280009000000A5010000D5000000E500000001
:105E3800F500200005010000150100002501000003
:105E480035010000850100004501000055010000F2
:105E58006501000075010000950100009500010032
:105E68007500FF3709000000350A0900550A0000CF
:105E7800C50A0800650A3F08250A6000950A01005E
:105E8800250A7F0009000000D83C000002DC05005C
:105E980043000000D5000000E50000007500030085
:105EA80002050000430000008500030025000000F3
:105EB800180B000025000100E50102007500000034
:105EC80009000000583A0000180E00000205000002
:105ED800430000008500FF37D50A4F007500FF3FDB
:105EE8008500FF3F50110000050A6B01050A0801F3
:105EF800050AB502E50C0100021400004300000089
:105F0800280F000045030100450302003813000074
:105F1800483B000018450000584500007844000040
:105F2800A845000025000000E50100053500000532
:105F3800E501020015000000020F00004300000008
:105F480018430000883A0000E5010100350001000F
:105F58006201000043000000C80D0000784E0000F8
:105F6800250901009500FF4009000000050D01000A
:105F7800250D0100150D1500A50A0100450D870026
:105F880009000000A50B0000F50A000025022E00FC
:105F980009000000083B000078440000E5011F00EC
:105FA800150B1F0038420000C8400000A84200003E
:105FB80006202200E50A0800F50A0000883B0000D8
:105FC80002000000E103000343000000010080021A
:105FD800283C0000090000003502000015020000FE
:105FE800060220002200000032000000E17F80004D
:105FF80001F400001600000043000000C601000084
:1060080043000000E715000002000000F816000039
:106018004300000006001C00350200009016000036
:10602800720000000602000072010000F81600006D
:10603800430000000200000006001C0043000000AE
:1060480043000000E71600000602000002000000FE
:10605800F8160000430000000900000012000000CC
:1060680001F4000012000000E17F8000260000001B
:1060780001F4010000008000E17F8000E6010000DB
:1060880001F40700000080074300000060180000CA
:1060980032000000E17F80002600000001F40300C8
:1060A80000008000E17F8000E601000001F40700A5
:1060B80000008007430000000600400016000000B2
:1060C80043000000260000000000800006000000D9
:1060D80006000000060000000174800009000000AE
:1060E8003502000015020000060220002200000010
:1060F80032000000E17F800001F40000160000007B
:1061080043000000C601000043000000071A000019
:1061180002000000181B00004300000006001C00DD
:1061280035020000B01A00007200000006020000EC
:1061380072010000181B000043000000020000006C
:1061480006001C004300000043000000071B00007D
:106158000602000002000000181B000043000000B7
:10616800090000001200000001F400001200000005
:10617800E17F80002600000001F40100000080009B
:10618800E17F8000E601000001F4070000008007BD
:1061980043000000801C000032000000E17F800006
:1061A8002600000001F4030000008000E17F800069
:1061B800E601000001F4070000008007430000002A
:1061C8000600400016000000430000002600000002
:1061D8000000800006000000060000000600000025
:1061E800017480000900000035020000150200005B
:1061F800060220002200000032000000E17F80003B
:1062080001F400001600000043000000C601000071
:1062180043000000271E000002000000381F000095
:106228004300000006001C0035020000D01E0000DC
:10623800720000000602000072010000381F000012
:10624800430000000200000006001C00430000009C
:1062580043000000271F00000602000002000000A3
:10626800381F000043000000090000001200000071
:1062780001F4000012000000E17F80002600000009
:1062880001F4010000008000E17F8000E6010000C9
:1062980001F407000000800743000000A020000070
:1062A80032000000E17F80002600000001F40300B6
:1062B80000008000E17F8000E601000001F4070093
:1062C80000008007430000000600400016000000A0
:1062D80043000000260000000000800006000000C7
:1062E800060000000600000001748000090000009C
:1062F80035020000150200000602200022000000FE
:1063080032000000E17F800001F400001600000068
:1063180043000000C60100004300000047220000BF
:1063280002000000582300004300000006001C0083
:1063380035020000F0220000720000000602000092
:106348007201000058230000430000000200000012
:1063580006001C0043000000430000004723000023
:10636800060200000200000058230000430000005D
:10637800090000001200000001F4000012000000F3
:10638800E17F80002600000001F401000000800089
:10639800E17F8000E601000001F4070000008007AB
:1063A80043000000C024000032000000E17F8000AC
:1063B8002600000001F4030000008000E17F800057
:1063C800E601000001F40700000080074300000018
:1063D80006004000160000004300000026000000F0
:1063E8000000800006000000060000000600000013
:1063F800017480000900000098130000F50B0000EC
:10640800050C0000150C0000E50B0000950B0000C2
:10641800E50A000005020000062002001034000012
:10642800050B0000050B0C00050B0000150B000008
:10643800250B0000350B0100450B0000550B000033
:10644800650B000038420000B50204007502000028
:1064580065020000E5010900B5020900A841000035
:1064680065020000E5014100B5024100A8410000B5
:1064780065020000783E0000B502040075020000C5
:1064880065020000E5010101B5020101A841000013
:1064980065020000783F0000A842000018280000AC
:1064A8000900000015095D00F508BD00E5010020A0
:1064B800F5080020010000000900000001000005A7
:1064C800283C0000004E000009000000981300005E
:1064D800F50B0000050C0000150C0000E50B000092
:1064E800950B0000E50A00000502000006200200E6
:1064F80010340000050B0000050B0C00050B000014
:10650800150B0000250B0000350B0100450B0000A2
:10651800550B0000650B000038420000B50204006E
:106528007502000065020000E5010900B5020900D6
:10653800A841000065020000E5014100B5024100E4
:10654800A841000065020000783E0000B502040082
:106558007502000065020000E5010101B5020101B4
:10656800A841000065020000783F0000A842000032
:10657800682B00000900000015095D00F508BD0042
:10658800E5010020F50800200100000009000000D6
:1065980001000005283C0000004E00000900000032
:1065A80098130000F50B0000050C0000150C000006
:1065B800E50B0000950B0000E50A0000050200004D
:1065C8000620020010340000050B0000050B0C002B
:1065D800050B0000150B0000250B0000350B010012
:1065E800450B0000550B0000650B00003842000009
:1065F800B50204007502000065020000E50109000B
:10660800B5020900A841000065020000E50141004B
:10661800B5024100A841000065020000783E000074
:10662800B50204007502000065020000E5010101E1
:10663800B5020101A841000065020000783F000092
:10664800A8420000B82E00000900000015095D00EE
:10665800F508BD00E5010020F50800200100000054
:106668000900000001000005283C0000004E000061
:106678000900000098130000F50B0000050C00004D
:10668800150C0000E50B0000950B0000E50A000062
:10669800050200000620020010340000050B00006F
:1066A800050B0C00050B0000150B0000250B000066
:1066B800350B0100450B0000550B0000650B000071
:1066C80038420000B50204007502000065020000AF
:1066D800E5010900B5020900A841000065020000B3
:1066E800E5014100B5024100A84100006502000033
:1066F800783E0000B5020400750200006502000043
:10670800E5010101B5020101A84100006502000090
:10671800783F0000A842000008320000090000008D
:1067280015095D00F508BD00E5010020F508002009
:10673800010000000900000001000005283C0000DD
:10674800004E000009000000E5013100C5082000E6
:10675800090000006503C000B5070200B5082A005B
:10676800A83200000900000055080200F5050100E4
:10677800350C040009000000D50701002506E400D7
:1067880065070600E507080045061400D84E000016
:106798000A000000F84800002849000065072700A3
:1067A80009000000350C0200350C0300E50101006A
:1067B800050B0100E5010200D50A0000A200000057
:1067C8004300000009000000E5010800A5060000DC
:1067D80025030300E501080025030800C506046F2A
:1067E800B837000095030100950300002838000021
:1067F8000900000015080000E5010800A5060800CA
:10680800D84E00002A0000000900000025080000FA
:10681800250600003507030045070300D84E000091
:106828000A00000009000000250801000900000016
:10683800F50101100600000809000000E501040048
:1068480085060400D50701002506C46DD84E000052
:106858002A00000009000000250600008506000047
:1068680009000000E83600001848000088480000C9
:1068780009000000E50110003503100009000000C0
:10688800E50110002503100009000000D5070100EC
:1068980025061400D84E00002A0000002506000036
:1068A800C506000009000000E5061800D84E0000E3
:1068B8000A000000E506000035080100880900000C
:1068C800A506A00B0900000005071800D84E000017
:1068D8000A000000050700004508010048360000CE
:1068E800A506406909000000E5018600350084001E
:1068F8004201000043000000E5010300B50C01005F
:106908006200000043000000D50701002506E400EE
:1069180065070600E507080045061800D84E000080
:106928000A000000F8480000284900006507270011
:1069380009000000E5010300B50C03000900000090
:1069480068330000E5010200350002006201000022
:1069580043000000E5018400350000000900000044
:106968001502360005020E0025022E00090000005F
:106978001502360005020E002502930009000000EA
:1069880015094D00F5089D00E5010020F5080020D7
:106998000900000015095D00F508BD00E5010020AB
:1069A800F508002009000000E5010020F5080000B6
:1069B800000000000000000025000100E5010200C1
:1069C8001500020025000000E50102001500000086
:1069D8000900000065007F00090000006500000054
:1069E800090000007500010009000000D500000042
:1069F800E50102009500020009000000A501000061
:106A0800E5000000F5002000050100001501000068
:106A18002501000035010000450103005501030070
:106A2800850103006501030075010300950103005A
:106A3800E501F77F9500F57F09000000E501FF01FA
:106A48006502E001E5011100B5021100A84100004E
:106A5800E501FF016502FF01E5012100B502210002
:106A6800A8410000E501FF016502F801E501810088
:106A7800B5028100A841000009000000E501FF01FE
:106A88006502C001E5010102B5020102A84100004A
:106A9800E501FF016502FF01E5010104B5020104FA
:106AA800A8410000E501FF016502F801E5010108C0
:106AB800B5020108A8410000E501FF016502FF01D8
:106AC800E5010110B5020110A8410000090000000D
:106AD800B50204006502003FB5020D00F841000050
:106AE8006502C0FFB5021500F84100006502F0FF1D
:106AF800B5028500F84100006502FFFFB5022500D8
:106B0800F841000009000000B2080000430000003E
:106B1800E501F91FB502000009000000B2080000F5
:106B280043000000B502040009000000E50100056B
:106B380035000000E501001835000018E5010005E2
:106B48003500000509000000E501000535000000DA
:106B5800E501001835000000E501000535000005D5
:106B680009000000450A0100450A00006507030006
:106B7800D50708002506140058490000A84700005A
:106B880025073900F50400000505803EE5040100ED
:106B9800D84E00000A000000A8470000F84800008E
:106BA8006507000009000000250A0000950A00009A
:106BB800250A0000650A000009000000050B000016
:106BC800050B0C00050B0000150B1F00250B000022
:106BD800350B0100450B0000550B0000650B00004C
:106BE80009000000F50B0000050C0E00150C000054
:106BF80009000000950B0700A50B0400E50A070033
:106C0800F50A040009000000D50B0500B50B0300C8
:106C180009000000D50B0500B50B000009000000B5
:106C280038420000B5020400750200006502C03F4A
:106C3800E5010101B5020101A8410000650200FE5D
:106C4800783F0000A8420000483B000006202200D0
:106C5800D83B0000F5090100E50100039509000192
:106C680001F40000D50B0500024B000043000000B2
:106C7800D50B0900F5090000E5010003950900009E
:106C8800283C00000900000025070000B5050100A8
:106C98006200000043000000B5050000E5040000A4
:106CA8000900000035070000C5050100620000006A
:106CB80043000000C505000015050000090000009C
:106CC80045070000D50501006200000043000000F0
:106CD800D505000045050000090000002506000054
:106CE800D50700000900000045060000E507000080
:106CF8000900000015000400E50108003500000047
:106D0800150000000900000015000800E50110004A
:106D180035000000150000000900000015001000F3
:106D2800E501200035000000150000000900000002
:106D380095000100E50C0000250900002839000035
:106D480025000100E501020015000200E50106002A
:106D580085000000E501060075000000D845000028
:106D6800984E0000E50101003500000062010000B6
:106D78004300000028440000D50A000085000100F7
:106D8800183D0000783D000009000000283300008D
:106D9800C500000095140000783D0000383D000053
:106DA800F80B000009000000D80B0000E501010005
:106DB80085000000E501010075000000383D000075
:106DC800E501020015000000F83C00000900000081
:106DD800950C1300750C3800850C0200150236005E
:106DE80005020E0025022E00062022001509ED00DE
:106DF800F508DD01E5010020F50800200100000587
:106E0800010001050100000506004000283C0000C3
:106E1800750C0000850C0000950C000009000000AE
:106E2800350C0000350C0400E5010100050B0000DD
:106E3800E5010200D50A020009000000450DFF0027
:106E480009000000450D0000A50A0000050D00001E
:106E58000900000052000000430000000900000083
:106E6800000000000000000000000000000000001A
:106E7800000000000000000000000000000000000A
:106E880000000000000000000000000000000000FA
:106E980000000000000000000000000000000000EA
:106EA80000000000000000000000000000000000DA
:106EB80000000000000000000000000000000000CA
:106EC80000000000000000000000000000000000BA
:106ED80000000000000000000000000000000000AA
:106EE800000000000000000000000000000000009A
:106EF800000000000000000000000000000000008A
:106F08000000000000000000000000000000000079
:106F18000000000000000000000000000000000069
:106F2800000000000000000000000000546F6F2007
:106F38006C617267652073656E736F722062756627
:106F4800666572207573616765000000726164612F
:106F5800725F656E67696E655F613132310000008E
:106F680072756E6E696E670073746F707065640019
:106F78005B256C755D2053656E736F7220257340B9
:106F88002568750073656E736F725F7374617475CD
:106F9800735F6131323100005B256C755D2053638E
:106FA800726174636870616420636F6E66696720DC
:106FB8002568753A2030782530346878000000005C
:106FC8005B256C755D2077616B6575705F737461A7
:106FD800747573303A2030782530346878000000B2
:106FE8005B256C755D20696E7075746D75785F775B
:106FF800616B6575705F696E7075742568755F6320
:107008006F6E6669673A20307825303468780000FA
:107018005B256C755D2077616B6575705F696E7057
:1070280075742568755F77616B6575705F636F6EE2
:107038006669673A20416464723D2568753A203074
:1070480078253034687800005B256C755D207761A1
:107058006B6575705F696E7075742568755F6163BF
:107068006B5F636F6E6669673A2020202041646415
:10707800723D2568753A20307825303468780000EC
:107088005B256C755D20537461636B206C65766558
:107098006C202568753A20416464723D2568753A0C
:1070A80020256875000000005B256C755D20417324
:1070B8006963206572726F723A20307825303468BF
:1070C800780000005B256C755D2020204552524FEA
:1070D800523A202573000000253032753A253032A7
:1070E800753A253032752E253033752028256329C9
:1070F80020282573292025730A0000004557495682
:1071080044000000496E76616C6964206E756D629A
:107118006572206F6620737562737765657073009A
:107128007472616E736C6174696F6E5F6131323154
:1071380000000000496E76616C69642073776565AC
:10714800705F726174650000656E61626C655F6393
:107158006361206E6F742076616C6964207769744E
:107168006820646F75626C655F62756666657269D2
:107178006E670000537562737765657020256875C2
:107188002068617320696E76616C6964205052468C
:1071980000000000496E76616C6964206672616D5A
:1071A800655F726174650000496E76616C69642080
:1071B80073657474696E677320666F7220636F6E8F
:1071C80074696E756F75735F73776565705F6D6FE2
:1071D80064650000696E7465725F6672616D655FF3
:1071E80069646C655F7374617465206D7573742070
:1071F8006265207468652073616D65206F72206414
:107208006565706572207468616E20696E74657258
:107218005F73776565705F69646C655F73746174CB
:1072280065000000496E76616C696420696E74655A
:10723800725F6672616D655F69646C655F737461C6
:1072480074650000496E76616C696420696E7465C6
:10725800725F73776565705F69646C655F7374618D
:1072680074650000496E76616C69642068776161B5
:1072780073000000496E76616C696420636F6D620B
:10728800696E6174696F6E206F66206C6F6F7062D3
:1072980061636B20616E642070726F66696C650053
:1072A800496E76616C696420636F6D62696E6174A2
:1072B800696F6E206F662070726F66696C652061F9
:1072C8006E64207072660000496E76616C69642095
:1072D80070726F66696C6500496E76616C696420CE
:1072E800737465705F6C656E67746800496E76616B
:1072F8006C6964206E756D5F706F696E74730000E1
:1073080070686173655F656E68616E63656D656EF3
:1073180074206E6F742076616C6964207769746874
:107328006F75742073756274726163745F696E5FE0
:107338006275666665720000496E76616C696420E4
:10734800737461727420706F696E7400496E76612F
:107358006C6964206E756D626572206F6620706F4F
:10736800696E7473206F722073746570206C656E1B
:1073780067746800496E76616C6964207072660093
:10738800537461727420706F696E74206F7220720A
:10739800616E676520746F6F20666172000000007F
:1073A800537461727420706F696E7420746F6F20EB
:1073B800636C6F7365000000496E76616C696420C8
:1073C80072656365697665725F6761696E00000062
:1073D800496E76616C696420545820706F776572C5
:1073E80020617474656E756174696F6E00000000C9
:1073F8004661696C656420746F2063616C63756CA9
:107408006174652070756C7365736861706572204E
:1074180073657474696E6773210000005468652091
:107428006D6178696D756D2073776565702072611F
:107438007465206973202564000000006163635F40
:10744800696E746567726174696F6E5F7365745F86
:10745800706572696F6469635F77616B65757020C9
:107468006D7573742062652063616C6C656420704F
:1074780072696F7220746F2063616C6C696E67202B
:10748800746869732066756E6374696F6E000000B6
:10749800636F6E6669670000496E76616C69642087
:1074A800636F6E6669672068616E646C65000000D2
:1074B800496E76616C69642073756273776565706F
:1074C80020696E6465780000496E76616C69642095
:1074D80062756666657220696E70757400000000DA
:1074E80070726F63657373696E670000496E7661C9
:1074F8006C69642070726F63657373696E67206866
:10750800616E646C65000000496E76616C69642088
:1075180073656E736F722068616E646C650000003D
:1075280073656E736F7200004C6F61643A20547219
:10753800616E736665722073697A65206973207459
:107548006F206C617267650073656E736F725F633D
:107558006F6D6D5F61313231000000004E6F742035
:10756800706F737369626C6520746F207265636FE6
:107578006E666967757265207768656E20646F75D9
:10758800626C6520627566666572696E67206973EC
:1075980020636F6E666967757265640053656E7304
:1075A8006F7220256C75206E6F7420726561647926
:1075B80020746F20626520757064617465640000D2
:1075C8006370645F613132315F6D6561735F7365EC
:1075D8007373696F6E00000053656E736F722025B8
:1075E8006C75206E6F7420726561647920666F72A5
:1075F8002072756E6E696E672061206E65772070E7
:10760800726F6772616D000073656E736F725F7081
:10761800726F746F636F6C5F61313231000000000C
:10762800496E76616C69642062756666657220735E
:10763800656E736F7220256C7500000047656E6576
:107648007269633120496E74657272757074206155
:107658006C726561647920636C6561726564206F22
:107668006E2073656E736F7220256C7500000000C4
:107678004E6F206576656E7420636F6465205B309D
:107688007825785D20726563656976656420667221
:107698006F6D2073656E736F7220256C7500000026
:1076A8004572726F72206576656E7420636F6465CB
:1076B800205B307825785D2072656365697665643E
:1076C8002066726F6D2073656E736F7220256C75FE
:1076D80000000000496E76616C6964206576656E0D
:1076E8007420636F6465205B307825785D2072654F
:1076F8006365697665642066726F6D2073656E7365
:107708006F7220256C75000042756666657220737D
:10771800697A6520746F6F20736D616C6C0000006E
:1077280053656E736F7220256C75204E6F207065DF
:107738006E64696E6720696E746572727570740024
:1077480053656E736F7220256C75206576656E744F
:10775800206973206E6F742048414E445348414B52
:1077680045205B307825785D00000000496E766121
:107778006C696420627566666572206C656E6774F4
:10778800680000005472616E7366657220646174EB
:10779800612066726F6D2073656E736F7220746FEF
:1077A80020686F7374206661696C6564000000006E
:1077B80053707572696F7573206576656E74207283
:1077C80065636569766564207768656E20444F4E09
:1077D800452065787065637465642120526563652A
:1077E80069766564206576656E7420636F646520CC
:1077F8003D2025640000000063616C696272617459
:10780800696F6E5F613132315F63616C5F7365739D
:1078180073696F6E000000004F7574206F66206DED
:10782800656D6F72790000007273735F696E7465BD
:1078380067726174696F6E00706970656C696E65F6
:107848005F613132310000004661696C6564207403
:107858006F2067657420726164617220656E676964
:107868006E65206D6574616461746100706970652E
:107878006C696E655F73756273776565700000008B
:10788800506970656C696E65206E6F742070726FD8
:107898007065726C7920617373656D626C656400E4
:1078A800417373656D626C65207375627377656586
:1078B8007020706970656C696E65206661696C65B9
:1078C80064000000656C656D656E745F6672616D5D
:1078D80065000000556E61636B6E6F776C65646759
:1078E8006564206576656E74206465746563746587
:1078F80064206F6E2073656E736F7220256C75003F
:1079080053656E736F7220256C75206E6F742072CC
:107918006561647920666F72206C6F6164696E6757
:107928002061206E65772070726F6772616D00004C
:10793800496E76616C6964207265666572656E630E
:1079480065206672657175656E6379202573256C8F
:10795800752E2530366C7520487A00006370645F98
:10796800706C6C5F64697669736F727300000000F5
:1079780053656E736F722063616C696272617469BA
:107988006F6E2073746570202564206661696C656C
:107998006400000063616C6962726174696F6E5F94
:1079A80061313231000000006163635F73656E739B
:1079B8006F725F63616C6962726174652829206601
:1079C80061696C65640000002D2D2D2D2D2D204240
:1079D8004547494E202D2D2D2D2D2D2053656E7395
:1079E8006F7220537461747573204C6F67202D2D4E
:1079F8002D2D2D2D20424547494E202D2D2D2D2D45
:107A08002D0000005B256C755D2025733A203078C9
:107A180025303468780000002D2D2D2D2D2D2D209A
:107A2800454E44202D2D2D2D2D2D2D2053656E7363
:107A38006F7220537461747573204C6F67202D2DFD
:107A48002D2D2D2D2D20454E44202D2D2D2D2D2D28
:107A58002D0000004C6F61642070726F6772616D59
:107A6800206661696C656400496E76616C696420A2
:107A780063616C6962726174696F6E00646F6E65D0
:107A88005F6572726F720000737461636B5F6F760B
:107A98006572666C6F770000737461636B5F756EF7
:107AA800646572666C6F77007370695F756E6B6E74
:107AB8006F776E5F636D64007370695F6D69737370
:107AC800696E675F61636B006164635F6669666FB7
:107AD8005F66756C6C0000006164635F746F6F5F54
:107AE800666173740000000041736963206964650E
:107AF8006E746974793A0000537461636B5F6C65E6
:107B080076656C5F7374617475735F7265676973AA
:107B180074657200496E746572727570742073743E
:107B2800617475732072656769737465720000000B
:107B38005374617465206E6F7420757365640000FA
:107B48005363726174636820697320757365642078
:107B5800627574206E6F742073657400536372616C
:107B680074636820616E64207374617465206E6F3D
:107B78007420757365640000656C656D656E745F6F
:107B880073696E6B5F613132315F63616C6C626126
:107B9800636B00004F75747075742063616E206E9E
:107BA8006F742062652073657420666F7220736934
:107BB8006E6B20656C656D656E740000496E76614C
:107BC8006C6964206465746563746F722068616EA3
:107BD800646C65006465746563746F725F6469736F
:107BE80074616E6365000000496E76616C6964209B
:107BF80061676772656761746F722068616E646C33
:107C0800650000006465746563746F725F6469730E
:107C180074616E63655F61676772656761746F72CF
:107C280000000000496E76616C69642070726F63B1
:107C38006573736F722068616E646C650000000084
:107C48006465746563746F725F64697374616E638D
:107C5800655F70726F636573736F720053746172DE
:107C680074206D757374206265203E3D2030206D50
:107C780065746572730000006163635F64657465B1
:107C880063746F725F64697374616E63655F747245
:107C9800616E736C6174696F6E000000456E6420DC
:107CA8006D757374206265203E3D2030206D6574CB
:107CB80065727300456E64206D757374206265206B
:107CC8006265796F6E6420737461727400000000DD
:107CD800456E64206973206265796F6E64206D61FA
:107CE800782064697374616E6365206F662032332F
:107CF800206D6574657273005369676E616C2071DD
:107D080075616C697479206F75747369646520692D
:107D18006E74657276616C205B2D31302C203335A2
:107D28005D0000005468726573686F6C6420736549
:107D38006E7369746976697479206F757473696490
:107D48006520696E746572616C205B302C20315D32
:107D580000000000556E6B6E6F776E207265666C62
:107D68006563746F7220736861706500646574651B
:107D780063746F725F64697374616E63655F757451
:107D8800696C730064697374616E6365206973203C
:107D98006F757473696465206D6561737572696E5A
:107DA800672072616E67650066696C7466696C74D9
:107DB80020696E7075742069732025687520627556
:107DC80074206E6565647320746F20626520617429
:107DD800206C65617374202568750000646574659E
:107DE80063746F725F64697374616E63655F616CFD
:107DF800670000004F66667365743A202568752031
:107E08004D6F646966792076616C7565203D202523
:107E18006C7520746F6F206C6172676520286D61C6
:107E280078696D756D20256C75290000636F6E6625
:107E380070726F6772616D00496E76616C6964205B
:107E480064617461206F627461696E656420666F35
:107E580072207061746368696E670000496E7661AC
:107E68006C6964206465746563746F7220636F6EF7
:107E780066696700436C6F73652072616E67652081
:107E880073686F756C6420686176652066697865CB
:107E98006420505246000000496E76616C69642087
:107EA800617267756D656E747320696E20666C6F9C
:107EB80061745F6C696E737061636500436F756CA4
:107EC80064206E6F7420616C6C6F636174652061EF
:107ED800676772656761746F720000004661696C5C
:107EE800656420746F20616C6C6F636174652061D8
:107EF8002070726F636573736F7220696E7374613B
:107F08006E6365004661696C656420746F207365F3
:107F1800742066696C746572206D617267696E2E73
:107F2800204E756D626572206F6620706F696E7481
:107F38007320746F6F20736D616C6C004661696C9F
:107F4800656420746F20636F6E666967757265205B
:107F5800627265616B706F696E74732066696C74A8
:107F68006572206D617267696E000000496E766106
:107F78006C6964207468726573686F6C64206D65E1
:107F880074686F64000000004661696C6564207461
:107F98006F2063616C63756C6174652066696C74CD
:107FA800657220636F656666696369656E747300E0
:107FB8004661696C656420746F20636F6E666967DB
:107FC800757265207468652070726F636573736F6E
:107FD80072000000436F756C64206E6F74206372CA
:107FE80065617465206465746563746F7220686187
:107FF8006E646C6500000000416464726573733AD6
:1080080020256875204D6F646966792076616C75E6
:1080180065203D20256C7520746F6F206C61726738
:108028006520286D6178696D756D20256C7529004E
:10803800496E76616C69642064617461206F627452
:1080480061696E656420666F72206C697665207060
:1080580061746368696E67004163636F6E6565721A
:1080680020736F6674776172652076657273696FC5
:108078006E2025730A0000006163635F64657465A0
:1080880063746F725F64697374616E63655F636F55
:108098006E6669675F637265617465282920666129
:1080A800696C6564000000006163635F6465746502
:1080B80063746F725F64697374616E63655F637222
:1080C800656174652829206661696C656400000033
:1080D8006163635F6465746563746F725F64697319
:1080E80074616E63655F6765745F73697A65732829
:1080F80029206661696C65640000000073656E7311
:108108006F722062756666657220616C6C6F636160
:1081180074696F6E206661696C65640063616C697F
:1081280062726174696F6E2062756666657220613D
:108138006C6C6F636174696F6E206661696C6564ED
:10814800000000006C6576656C20686973746F7256
:10815800792062756666657220616C6C6F63617404
:10816800696F6E206661696C656400006D6564699D
:10817800616E20766563746F7220616C6C6F6361E9
:1081880074696F6E206661696C656400496E697414
:1081980069616C697A696E67206465746563746F78
:1081A8007220636F6E74657874206661696C6564AB
:1081B80000000000556E6578706563746564206121
:1081C8007369635F696420666F756E64203D203053
:1081D8007825780053656E736F7220697320696E15
:1081E8002077726F6E6720737461746500000000F9
:1081F8006163635F73656E736F725F6372656174E9
:10820800652829206661696C6564000053656E7392
:108218006F722063616C6962726174696F6E206647
:1082280061696C656400000053656E736F7220624B
:10823800756666657220746F6F20736D616C6C0073
:1082480043616C6962726174696F6E2072657375DF
:108258006C742073697A6520746F6F20736D616C1C
:108268006C0000004E6F2063616C69627261746912
:108278006F6E206E65656465640000006163635F0E
:108288006465746563746F725F64697374616E6347
:10829800655F63616C6962726174652077617320E0
:1082A80063616C6C65642061667465722069742012
:1082B80077617320646F6E6500000000556E72650B
:1082C80061636861626C6520636F646520776173C0
:1082D8002072656163686564000000004465746528
:1082E80063746F722063616C6962726174696F6E26
:1082F800206661696C6564006163635F64657465C9
:1083080063746F725F64697374616E63655F7072C2
:1083180065706172652829206661696C6564000072
:108328006163635F73656E736F725F6D65617375AB
:1083380072652829206661696C65640053656E73EF
:108348006F7220696E746572727570742074696DCD
:10835800656F7574000000006163635F73656E7319
:108368006F725F726561642829206661696C656453
:108378000000000050726F76696465642073746150
:108388007469632063616C20726573756C7420690D
:108398007320696E76616C696400000050726F76B4
:1083A800696465642064796E616D69632063616CDA
:1083B80020726573756C7420697320696E76616CC0
:1083C800696400004661696C656420746F206465A7
:1083D80074656374207065616B730000436F756C1E
:1083E80064206E6F74206361636865207065616BDB
:1083F8007300000041676772656761746F7220706F
:10840800726F63657373206661696C65642E000022
:108418006163635F6465746563746F725F646973D5
:1084280074616E63655F70726F636573732829206A
:108438006661696C65640000436F756C64206E6FDB
:108448007420676574206E65787420726573756C26
:108458007400000053656E736F7220726563616CFF
:108468006962726174696F6E20616E6420646574FC
:108478006563746F722063616C6962726174696F9D
:108488006E20757064617465206E6565646564202E
:108498002E2E2E200000000053656E736F7220721E
:1084A8006563616C6962726174696F6E20616E6484
:1084B800206465746563746F722063616C696272AD
:1084C8006174696F6E2075706461746520646F6E85
:1084D80065210000496E697469616C2063616C698B
:1084E80062726174696F6E206E6F7420636F6D7055
:1084F8006C657465640000004465746563746F722C
:108508002063616C6962726174696F6E2075706452
:10851800617465206661696C656400004C65766508
:108528006C2077697468696E2072616E67650000F7
:108538004C6576656C3A202573256C752E2530368A
:108548006C7520636D2C202573256C752E253036AF
:108558006C752025250A00004E6F206465746563DC
:1085680074696F6E000000004F766572666C6F77F5
:10857800210000004F7574206F662072616E676578
:1085880000000000000FC93F000F494000CB964093
:10859800000FC9400053FB4000CB164100ED2F41AE
:1085A800000F49410031624100537B41003A8A4142
:1085B80000CB9641005CA34100EDAF41007EBC4179
:1085C800000FC94100A0D5410031E24100C2EE418F
:1085D8000053FB4100F20342003A0A420083104272
:1085E80000CB164200141D42005C234200A529421C
:1085F80000ED2F4200363642007E3C4200C7424220
:10860800000F4942A2000000F900000083000000AA
:108618006E0000004E00000044000000150000003D
:1086280029000000FC00000027000000570000009F
:10863800D1000000F500000034000000DD0000005B
:10864800C0000000DB000000620000009500000090
:10865800990000003C00000043000000900000006A
:1086680041000000FE00000051000000630000000F
:10867800AB000000DE000000BB000000C5000000E9
:1086880061000000B7000000240000006E00000038
:108698003A000000420000004D000000D200000037
:1086A800E000000006000000490000002E00000065
:1086B800EA00000009000000D1000000920000005C
:1086C8001C000000FE0000001D000000EB00000080
:1086D8001C000000B100000029000000A7000000F5
:1086E8003E000000E80000008200000035000000A5
:1086F800F50000002E000000BB0000004400000050
:1087080084000000E90000009C00000070000000E8
:1087180026000000B40000005F0000007E0000009A
:10872800410000003900000091000000D600000060
:1087380039000000830000005300000039000000E9
:10874800F40000009C000000840000005F000000AE
:108758008B000000BD000000F900000028000000A8
:108768003B0000001F000000F80000009700000018
:10877800FF000000DE000000050000009800000077
:108788000F000000EF0000002F00000011000000A3
:108798008B0000005A0000000A0000006D00000075
:1087A8001F0000006D000000360000007E00000081
:1087B800CF00000027000000CB00000009000000E7
:1087C800B70000004F000000460000003F00000016
:1087D800660000009E0000005F000000EA00000044
:1087E8002D0000007500000027000000BA000000FE
:1087F800C7000000EB000000E5000000F1000000E9
:108808007B0000003D000000070000003900000068
:10881800F70000008A0000005200000092000000EB
:10882800EA0000006B000000FB0000005F00000091
:10883800B10000001F0000008D0000005D00000076
:10884800080000005600000003000000300000008F
:1088580046000000FC0000007B0000006B000000E8
:10886800AB000000F0000000CF000000BC000000DA
:10887800200000009A000000F4000000360000000C
:108888001D000000A9000000E300000091000000A6
:10889800610000005E000000E60000001B00000010
:1088A8000800000065000000990000008500000035
:1088B8005F00000014000000A00000006800000035
:1088C800400000008D000000FF000000D8000000FC
:1088D800800000004D000000730000002700000029
:1088E800310000000600000006000000150000002E
:1088F80056000000CA00000073000000A800000035
:10890800C900000060000000E20000007B000000D9
:10891800C00000008C0000006B0000000000C93F90
:108928000000F0390000DA370000A2330000842E7E
:108938000000502B0000C2270000D0220000C41FF6
:108948000000C61B000044170400000007000000D8
:1089580009000000D1F71737D1F717B78071313FF9
:10896800807131BF0000003F000000BF6937AC31A3
:1089780068212233B40F14336821A2333863ED3EE3
:10898800DA0F493F5E987B3FDA0FC93F00000000CD
:08899800206AFF7F01000000CE
:0889A00031F4000800000000A2
:0889A80009F4000800000000C2
:1089B00000093D00100000006262615F63616C5F4E
:1089C0006374726C5B785D0074785F667265715F6A
:1089D0006B687A5B785D00002C00002000000000CE
:1089E000A004002008050020700500200000000001
:1089F0000000000000000000000000000000000077
:108A00000000000000000000000000000000000066
:108A10000000000000000000000000000000000056
:088A200000000000000000004E
:040000050800F9E115
:00000001FF
