:020000040800F2
:1000000000000120C1830008916B0008956B000877
:10001000996B00089D6B0008A16B000800000000B0
:10002000000000000000000000000000A56B0008B8
:10003000A96B000800000000AD6B0008B16B000860
:10004000118400081184000811840008C16B0008A5
:10005000118400081184000811840008118400082C
:1000600011840008FD6B0008118400081184000849
:10007000116C00081D6C0008118400081184000830
:10008000296C0008356C00081184000811840008F0
:1000900011840008118400081184000811840008EC
:1000A00011840008118400081184000811840008DC
:1000B0001184000800000000000000001184000806
:1000C00011840008416C00081184000811840008A4
:1000D0001184000811840008696C0008118400086C
:1000E0005570000869700008000000000000000062
:1000F0000000000000000000000000000000000000
:1001000000000000118400080000000011840008B5
:1001100000000000000000001184000811840008A5
:10012000118400081184000811840008118400085B
:100130001184000800000000000000000000000022
:1001400011840008118400081184000800000000D8
:10015000118400081184000811840008118400082B
:1001600011840008118400081184000800000000B8
:100170001184000811840008000000000000000045
:100180001184000811840008118400080000000098
:10019000BFF34F8F0549064BCA6802F4E062134370
:1001A000CB60BFF34F8F00BFFDE700BF00ED00E065
:1001B0000400FA0590F824C0BCF1010F3CD070B5E2
:1001C00090F825C00124A44580F824405FFA8CFEF5
:1001D00004D0002380F82430022070BD022580F86E
:1001E000255004680025C5632668456C26F0010685
:1001F000266005F01C05066C0EFA05F57560636057
:100200008368102B036B0BBFA260A160E160E2600A
:100210004BB1236843F00E032360236843F00103CE
:100220000020236070BD236823F00403236023684B
:1002300043F00A032360F0E7022070472DE9F04104
:10024000764C0023237094F86530012B0D46E1684D
:1002500008D0B1F5827F60D1D8B22369002B5CD180
:1002600004285AD1002D58D092B2002A55D094F8C3
:100270006430012B51D094F86530A6682564042BB6
:100280001CBF052384F8653001210023A36684F890
:100290006410A4F84620A4F84E20C4E9153373680E
:1002A000A4F8442023F4C043A564A4F84C20736050
:1002B0006369206EB3F5E06F31D8E36D99697368B7
:1002C000B1F5806F43F4805373607DD08369B3F5DB
:1002D000806F65D094F86530514A042B514B18BF9C
:1002E0001346514A0363514B4363514B18BF1346A6
:1002F000C362B4F84E304FF00008C0F838809BB2AB
:1003000006F10C012A46FFF755FF074660B1A36EC0
:1003100084F8648043F01003A366BDE8F08173683D
:1003200023F480537360D5E77368E06D43F00103F5
:100330007360B4F846300A46C0E90B77C0E90D7720
:1003400029469BB2FFF736FF00284AD133685B0687
:1003500021D5002384F86430736843F02003736070
:10036000736843F002037360E26E2378002BD4D1EC
:1003700041F2873109E072B6237803B930BF62B623
:10038000BFF36F8F2378002BC7D1E36E9B1A8B428C
:10039000F1D9BDE8F081336843F040033360D8E71A
:1003A000736823F480537360B4F84E3013F0010F78
:1003B00073681DD123F400537360B4F84E30C3F357
:1003C0004E03A4F84E3085E7D20773681BD423F49C
:1003D00080437360B4F84630C3F34E03A4F846304C
:1003E00074E7A36E84F8647043F01003A36694E787
:1003F00043F400537360B4F84E30C3F34E0301333B
:10040000A4F84E3066E743F480437360B4F8463096
:10041000C3F34E030133A4F8463057E788000020A9
:100420008D09000889090008311E0008910900089B
:10043000851D000870B4436C066C056831682C6833
:1004400003F01C0304229A400A420ED014F0040F59
:100450000BD02B689B0603D42B6823F004032B607E
:10046000036B7260CBB170BC184702229A400A42FB
:1004700015D014F0020F12D02B68990606D42B6801
:1004800023F00A032B60012380F82530C36A7260D1
:10049000002180F82410002BE5D170BC70470822A1
:1004A0009A400A42F9D02207F7D52A68416B22F018
:1004B0000E022A60012202FA03F300247360C26371
:1004C00080F8244080F825200029E6D070BC084739
:1004D000234A9368D26813F00C0305D00C2B32D05A
:1004E000042B36D11F4870471D4A1168090754BFB5
:1004F000D2F8942012681C4954BFC2F30322C2F3FD
:10050000031251F82200002BEDD0154BDB6803F0ED
:100510000303022B22D0154A032B08BF1046104BB1
:10052000D968DA68DB68C3F34163C2F30622C1F31A
:100530000211013300FB02F201315B00B2FBF1F268
:10054000B2FBF3F0704702F00302012ACCD0002086
:10055000DBE7082B054818BF002070470148DEE79D
:10056000001002400024F40060A9000800127A0084
:10057000064A074B92680749C2F3022213440868EF
:1005800093F8303003F01F03D8407047001002404A
:1005900060A9000800000020064A074B926807493E
:1005A000C2F3C2221344086893F8303003F01F03EB
:1005B000D84070470010024060A9000800000020E9
:1005C000414A036830B4D468A40707D0D46804F063
:1005D00003049C4246D0012030BC7047022B52D00D
:1005E000032B49D0012BF6D112689207F3D5364C74
:1005F000E26822F0730213434268013A43EA0213AD
:10060000E360314C314A236823F080632360D56E68
:1006100003E0D36E5B1B022B39D823681B01F8D48F
:1006200083681B02002934D12169C56821F0784113
:1006300021F4FE4143EAC5630B43236122490B6861
:1006400043F080630B60D46E03E0D36E1B1B022B60
:100650001DD80B681B01F8D582690B691343002074
:100660000B61B9E7002CB6D0D3684268C3F302131C
:1006700001339342AFD1C4E71468A403B7D412681E
:100680005203A8D5B3E712685505A4D5AFE70320F8
:10069000A2E7012921690BD021F0C06121F4FE41BC
:1006A000194343695B08013B41EA43612161C5E7A6
:1006B00021F4C00121F4FE410B43016949080139CD
:1006C00043EA41532361B9E700100240880000204B
:1006D000F0B504680546200583B000F1F2800026DD
:1006E000A1034ED5A54B9A6DD20040F1F5800027AD
:1006F000A349A44A0B6843F480730B60D06E04E0F6
:10070000D36E1B1A022B00F200810B68DB05F7D5B4
:10071000A6BB9A49A86DD1F8903013F4407325D048
:10072000834223D0D1F890C0D1F8903043F4803385
:10073000C1F89030D1F8903023F48033C1F8903074
:100740001CF0010F2CF44073C1F890300ED0D2F899
:100750006CE041F2883C05E0D36EA3EB0E036345E9
:1007600000F2D380D1F890309B07F5D5834AD2F8B8
:10077000903023F440730343C2F89030002F40F0D0
:10078000DC80E10708D57D4A296AD2F8883023F059
:1007900003030B43C2F88830A20708D5774A696A79
:1007A000D2F8883023F00C030B43C2F8883063077B
:1007B00008D5724AA96AD2F8883023F030030B4377
:1007C000C2F88830A70608D56C4AE96AD2F88830A2
:1007D00023F440630B43C2F88830A00508D5674A6C
:1007E000E96BD2F8883023F440230B43C2F88830F9
:1007F000610508D5614A296CD2F8883023F440138A
:100800000B43C2F88830620608D55C4A296BD2F8DF
:10081000883023F440530B43C2F88830230608D5B0
:10082000564A696BD2F8883023F440430B43C2F830
:100830008830E70508D5514AA96BD2F8883023F4EF
:1008400040330B43C2F88830200323D4374661037A
:100850000FD54A4AE96CD2F8883023F040630B4345
:10086000B1F1006FC2F8883000F08380B1F1806F81
:1008700077D03E4662044DD43046230408D53F4A23
:10088000696DD2F8883023F080430B43C2F888307A
:1008900003B0F0BD394AA96CD2F8883023F0406328
:1008A0000B43B1F1006FC2F888304CD0B1F1806FCA
:1008B000CCD10121281DFFF783FE07460028C5D0B3
:1008C000C5E76F6CB7F5000F11D0B7F5400F13D027
:1008D000002F3DD0012603E79A6D42F080529A65C1
:1008E0009B6D03F080530193019B012700E7234A8E
:1008F000D36843F48033D360204AD2F8883023F49D
:1009000040033B43C2F88830E9E60326002F3FF45A
:1009100038AF12E019492A6DD1F8883023F04053DE
:100920001343B2F1805FC1F88830A5D10221281DA0
:10093000FFF746FE00289FD09FE7104A936D23F0F3
:10094000805393651DE7D36843F48013D3607DE73C
:100950003946281DFFF734FE064600287FF4C0AE56
:10096000CAE70121281DFFF72BFE0646002880D08C
:1009700080E7D36843F48013D3607AE70010024025
:100980000070004088000020704700BF704700BF23
:10099000836A19684A6822F003024A601A6E4FF0AF
:1009A000010C42F010021A6683F85DC0704700BF68
:1009B000026852E8003F23F4907342E800310029B6
:1009C000F7D102F1080353E8003F23F0010302F1DD
:1009D000080C4CE800310029F3D1036E012B06D03E
:1009E00000232022C0F8802083660366704752E807
:1009F000003F23F0100342E800310029F0D052E814
:100A0000003F23F0100342E800310029EFD1E7E76F
:100A100070B50568EC6931EA040405D05E1C06D1A6
:100A2000EB6931EA0303FBD10023184670BD154C76
:100A3000E46EA41AA34218D3BBB12C686407E9D5AD
:100A40008029E7D04029E5D0EC6914F008040ED1E4
:100A5000EE693605DED54FF400632B62FFF7A8FF81
:100A60002023C0F8843080F878400323DDE7082491
:100A70002C62FFF79DFF00220123C0F8844080F81C
:100A80007820D2E788000020836A0022A3F85A2049
:100A9000A3F85220704700BFB5EEC00ADFED0D7A13
:100AA0009FED0D7AF1EE10FA54BF30EE270A37EEC3
:100AB000C00ADFED087A70EE277AFCEEE77AF8EEEE
:100AC000677A30EE670A20EE070AFCEEC07A17EE6E
:100AD000900A7047BD3706350024744908B518B12F
:100AE000074B02689A4208D0064B074AD3F8803079
:100AF000064900209847002008BD012008BD00BF1E
:100B00000FB0371388000020B4E80008CCE80008D4
:100B1000B1F804C093680A899A80BCF1000C18BF30
:100B20004FF0010CCA7983F800C091F806C083F831
:100B300001C09A709860704708B518B1074B0268F9
:100B40009A4208D0064B074AD3F880300649002065
:100B50009847002008BD012008BD00BF0EB0371324
:100B600088000020D4E80008ECE800082DE9F041F6
:100B7000174F1D46D7F8843013B1BDE8F041184730
:100B8000FB6F4FEA4208002AF7D08F1EA8F102043B
:100B900006468E460C443A4632F802CF9CFA9CFC3C
:100BA000A242A2F800C0F7D14246714630469847AB
:100BB0000DB9BDE8F08137F8023F5BBAA7423B8030
:100BC000F7D037F8023F5BBAA7423B80F3D1F0E79A
:100BD0008800002010B1024B9B6F1847704700BF80
:100BE0008800002010B520B10C4B02689A420446E0
:100BF00008D00B4B0B4AD3F880300B49BDE81040AE
:100C000000201847406818B1C36898470023636004
:100C1000002323602046BDE81040DBE70DB037130A
:100C200088000020F4E8000810E9000810B5044628
:100C3000FFF782FF00B910BD20690023236008B1CF
:100C4000FFF7C8FF2046BDE81040C3E70346006831
:100C5000D3F8E8104268C3F8F0101047704700BF9F
:100C60002DE9F047D0F800800546B8F1000F1ED0FE
:100C7000D8F898700FB3124E07F148044FF00009EE
:100C8000583754F8040F18B1B36F9847C4F8009060
:100C9000A742F6D1D8F89800B36F00B19847B36F68
:100CA00040469847B36F2846BDE8F0471847044EC2
:100CB0002846B36FBDE8F0471847014EEFE700BF85
:100CC00088000020F8B50688002A1C460CBF4FF4A7
:100CD00000534FF48053B6F59C6F05460F460BD377
:100CE000B34238D21D4B1E4AD3F880301D49002034
:100CF00098474FF0000C03E04FF49C664FF0010C56
:100D000019491A4AC4E9011202F11912E26002F10A
:100D10001912226123460022513662807600512248
:100D2000A28223F8166B29686A68A868EE68C4F87E
:100D300016105A609860DE602969A8696A6998612E
:100D4000196197E803005A61AA8B9A83343484E8C6
:100D500003006046F8BD4FF0010CD1E78800002089
:100D60001CE900083CE900080100020003001B0028
:100D700000B583B041F4A041012394464FEA124EDE
:100D8000ADF80010ADF80230042200236946ADF83A
:100D900004E0ADF806C0FFF7E9FE03B05DF804FB20
:100DA00010B50F4C8C461146B4F8702003F1020EBA
:100DB000B2EB4E0F07D2D4F880300A4A0A49BDE898
:100DC000104000201847013B4CF4A04C4B802EF003
:100DD0000042A1F800C0BDE810400023C6E600BFF5
:100DE0008800002050E9000870E9000810B582B0C2
:100DF0000021ADF8041043F21C04012303226946CC
:100E00000094FFF7B3FEBDF80400C0F3C02002B0A9
:100E100010BD00BF30B583B0002201230C46ADF8F1
:100E2000042043F23705032269460095FFF79EFE32
:100E3000012CBDF8043009D0022C0CBF8022C02246
:100E40001A4214BF0120002003B030BD4022F7E752
:100E5000F0B583B043F21C02009201230E46002439
:100E6000032269460746ADF80440FFF77FFEBDF850
:100E7000043013F4006517D141F21B042B46694678
:100E800038460222009446F40066FFF76FFE3846AB
:100E90002B4669460222ADF80040ADF80260FFF72C
:100EA00065FE012003B0F0BD054B064AD3F8805023
:100EB000054920463B46A847204603B0F0BD00BF89
:100EC0008800002084E90008B4E90008F0B5012991
:100ED00083B00546144622D002290AD01C4B1D4A75
:100EE000D3F880401C4903460020A047002003B0EF
:100EF000F0BD43F2460384270026ADF800302846B3
:100F0000012303226946ADF80260ADF80460FFF7E3
:100F10002DFEBDF8040030B16CB90120E7E743F2C3
:100F200045038327E8E70A4B0C4AD3F880400A4977
:100F30002B46A047DAE747F48057334669462846F0
:100F40000222ADF80070ADF80260FFF70FFEE4E793
:100F500088000020CCE90008B4E90008E8E90008AE
:100F6000F0B5012985B00646154633D0022925D1B2
:100F700043F2320301240027ADF808300322012395
:100F800002A93046ADF80A70ADF80C70FFF7EEFD1F
:100F9000BDF80C306B8003F00702012A2A802AD0AA
:100FA00013F006001AD11849184AD1F880401849A0
:100FB0000096A0470024204605B0F0BD124B154A0C
:100FC000D3F88040124903460020A0474FF4405315
:100FD0000024D0E743F233030C46CCE7023A012A5F
:100FE000E9D9094A0096D2F8804009490A4A3846A8
:100FF000A0472F80DEE70449084AD1F88040044921
:1010000000963846A047D5E7880000201CEA000873
:10101000B4E90008CCE9000880EA00084CEA0008BE
:1010200010B582B001AA01210446FFF799FF002202
:1010300001212046FFF74AFFBDF80430022B09D0FA
:101040000649074AD1F8804006490020A047002001
:1010500002B010BD012002B010BD00BF880000200A
:10106000B4EA0008FCEA000810B582B00021ADF82F
:10107000041043F231040123032269460094FFF770
:1010800075FDBDF804004AF6C043C01AB0FA80F0FE
:10109000400902B010BD00BF10B50C4C94F8881088
:1010A000012982B010D90A49D4F8804012F4006FA7
:1010B0000346084818BF0846C2F30A01CDE90001FB
:1010C000054A06490220A04702B010BD8800002052
:1010D0001CEB000824EB00082CEB000840EB000898
:1010E00010B50A4C94F888C0BCF1010F82B00BD93E
:1010F0002C3989B203461046D4F88040044ACDE921
:10110000001004490220A04702B010BD8800002052
:1011100054EB000840EB000830B5094991F88840CD
:10112000012C83B009D902F00F04D1F88050054A90
:101130000549009403460220A84703B030BD00BF14
:10114000880000207CEB000840EB000810B50A4C3A
:1011500094F888C0BCF1010F82B00BD97D3989B2F7
:1011600003461046D4F88040044ACDE900100449F3
:101170000220A04702B010BD880000209CEB0008B0
:1011800040EB000810B5A1F1620C144C1CF0010FEB
:10119000034694F888E084B01FFA8CF00ED1BEF1BB
:1011A000010F09D94008D4F880400292CDE900012E
:1011B0000B4A0C490220A04704B010BDBEF1010F3C
:1011C000FAD94008D4F880400292CDE90001064ADD
:1011D00004490220A04704B010BD00BF88000020D1
:1011E000CCEB000840EB000804EC000810B50B4CF9
:1011F00094F888C0BCF1010F84B00CD90346A1F566
:101200008C7080B2D4F880400090CDE901120220A9
:10121000034A0449A04704B010BD00BF8800002065
:101220003CEC000840EB00082DE9F04F1F4EDFF8C2
:1012300088B0804615460FCE91B002AC0FC40FCED9
:101240000FC40FCE0FC49BF888C096E80300BCF112
:10125000010F84E8030007D9DBF88040144A1549E0
:10126000009543460220A047DFF850A0DFF84490E5
:1012700002AC10AE02E00834B44213D0A3881D4281
:10128000F9D09BF88820012A4346524649464FF040
:101290000200F0D927680097DBF880700834B8475F
:1012A000B442EBD111B0BDE8F08F00BF98A900089F
:1012B00064EC000840EB00088800002080EC000887
:1012C0002DE9F04782B0BDF828400B9F03EBC40521
:1012D0006B88002B45D06E68844601EB0208043E03
:1012E0004FF0000E56F8044F620092B28A4234D397
:1012F000424532DAC4F30170012818D002283CD0EC
:1013000098BB521A93B2C4F34459012202FA09F26B
:1013100097424BD33449013AD1F880400192334986
:10132000334A0097A047002002B0BDE8F087521A68
:1013300092B20CEB42093CF81200B9F8023043EAD1
:10134000004323F00F0317B1C4F303442343180CE5
:101350002CF81200A9F802306B880EF1010E7345CB
:10136000C0D8012002B0BDE8F0871F4B214AD3F856
:1013700080301E4900209847D5E7521A92B20CEBF4
:1013800042003CF81290438843EA094323F00F03DC
:1013900017B9C4F3034423431C0C2CF812404380B8
:1013A0006B880EF1010E73459CD8DAE7C4F3044A4A
:1013B0000CEB43043CF813006288C9F1200942EAAF
:1013C00000424FF0FF3020FA09F000FA0AF022EA5A
:1013D000000207FA0AFA42EA0A02100C2CF813007B
:1013E00062806B88B9E700BF88000020CCEC000861
:1013F00094EC0008D8EC000810B50E4C82B0D4F87C
:101400008430ADF8062041F48051ADF8041023B1CA
:10141000022201A9984702B010BD52BA49BAADF8EC
:1014200006200422ADF80410E36F0DEB020198478B
:10143000F1E700BF880000202DE9F04FA5B0044679
:10144000FFF77AFB10B925B0BDE8F08F364AA568E2
:1014500092F88830012B05D9D2F880303349344ACC
:10146000022098473349DFF8D490DFF8C080782213
:1014700006A808F0BDFA0122D5212846FFF7BCFFD7
:101480000DF1180BBBF80440BBF80620224494422F
:1014900037DA4FF0000A039206E032469847039B82
:1014A0000134A4B29C422CDA44F44056012304A92E
:1014B00028460322ADF81060ADF812A0ADF814A0D4
:1014C000FFF754FBDBF80830BDF8146021462846CE
:1014D000002BE2D1144B93F88820012A2B464A4670
:1014E00041464FF00200DAD9DBF80070CDE9007612
:1014F0000D4ED6F88060B0470134039BA4B29C42E5
:10150000D2DB0BF10C0B24AB5B45BBD1064A92F846
:101510008830012B97D9D2F880300449064A02203E
:1015200025B0BDE8F04F18478800002040EB0008C8
:10153000FCEC0008D0A900084CED000838ED0008CC
:101540002DE9F04383B01D4643F440534FF00008AB
:10155000BDF82840ADF8003089461646694601239B
:10156000032245F480550746ADF80280ADF80480AB
:10157000FFF7FCFAADF80050BDF9045004FA09F485
:101580006C4004EA0602554043466946384602224A
:10159000ADF80250FFF7EAFA03B0BDE8F08300BFF0
:1015A00030B583B00025294600957B23FF220446F1
:1015B000FFF7C6FF0121009120468B230222FFF78F
:1015C000BFFF8B238022009507212046FFF7B8FF3D
:1015D00003B030BD70B582B043F2370200230092F1
:1015E000ADF804300322012369460546FFF7BEFA31
:1015F000BDF8043013F0C00F1AD143F21C020123CE
:1016000000920024694603222846ADF80440FFF703
:10161000ADFABDF804301B0517D50F4B0F4AD3F8B0
:1016200080600F4920462B46B047204602B070BD6F
:10163000094B93F88820002ADFD0D3F88040094A6C
:1016400007492B460120A047D7E72846FFF7A8FF08
:10165000012002B070BD00BF88000020B4ED00087A
:10166000B4E9000888ED0008002870B446DB0029C2
:10167000034639DB88420A464BDA00250124294615
:101680001B04B3FBF2F343F6284293425AD946F2C5
:10169000D632934261D948F6720293425FD94AF634
:1016A000494293425DD94DF2A30293425BD94FF276
:1016B0004B72934298BF052045D94FF24C7648F2C1
:1016C00033224CF2A3409B1B02FB03F300EB1340BD
:1016D00014B1C0F5C9301F3015B1C0F549303F30E5
:1016E000C1B1404270BC7047494209B2884217DA22
:1016F000002501240A4603462146C1E7404202B2C2
:101700000029104614DB91420B4605DD99BB1D48AC
:1017100000E050BB70BC7047002401252146AFE7B4
:101720000028DED000250B4602462C460121A7E703
:10173000494209B28A424FF00105DADB0B46002428
:1017400029469DE70020104A02EBC00602EB80020A
:10175000D6E93A60D2F82021B5E70120F3E702206C
:10176000F1E70320EFE70420EDE700250B460246F2
:101770002C46294684E701251A462C4603460021BB
:101780007EE700BF2092010060A900082DE9F04724
:101790000646804602EB42008CB0154606EB800000
:1017A000002289460DF10C0A014617464FEA870EC2
:1017B00054469FED767AB31A75B103EB020CF444EC
:1017C000DCED007A9C46DCED006A0C3367EEA67A0D
:1017D0008B4237EE277AF0D10EF1040EBEF10C0FDA
:1017E000A4EC017AE5D10137032F0AF1100AA2F126
:1017F000040201F10401D9D19DED045ADDED055A31
:10180000DDED086A6A4606F10C01DFED607A4346B9
:101810003DB11C4694ED007A0C33834277EE877A13
:10182000F7D108F104088845E2EC017A00F10400E0
:10183000EBD19DED037AF0EEC77AF4EE677AF1EE24
:1018400010FA12D69FED526AF4EE467AF1EE10FAD3
:101850000BDC9FED506AF4EEC67AF1EE10FA04DA72
:10186000B5EE407AF1EE10FA7DD0F7EE007A87EE11
:10187000872A9DED073A9DED0B7A65EE023A25EE3B
:10188000824A65EE237A65EEA34A33EE673A25EE87
:10189000846AF0EEC32A65EE047AF4EE622AF1EE71
:1018A00010FA76EEE44A76EEE77A37EE466A06D626
:1018B0009FED377AF4EE472AF1EE10FA47DDB7EEE6
:1018C000007AC7EE032ADDED006A9DED017A9DEDF9
:1018D000023A63EEA63A67EEA27A37EE637A64EED6
:1018E000A73A67EE877A36EE636A24EE264AF0EE70
:1018F000C63A73EE677AF4EE633AF1EE10FA77EED9
:10190000C47A06D69FED224AF4EE443AF1EE10FA7C
:101910002FDD87EE864A0120002364EE844A65EEBF
:10192000845A77EE647A89ED024A67EEA27A25EE50
:10193000275AC9ED017A76EEC57A77EEE57A67EE39
:10194000827AC9ED007A33600CB0BDE8F0879FED74
:10195000117AF4EEC72AF1EE10FAB0DAB5EE403A99
:10196000F1EE10FAABD10020002333600CB0BDE8DB
:10197000F0879FED084AF4EEC43AF1EE10FAC8DAA7
:10198000B5EE406AF1EE10FAEDD0C2E700000000BB
:10199000FFFF7F7F000080002DE9F047C36D87695E
:1019A000056900247C8081461C7000F14806A04631
:1019B00056F8043FFBB1B3F838C0B3F89400B3F85D
:1019C0009610B3F8DC2005EB400005EB410105EB78
:1019D000420205EB4C0CC3E91301C3F8A820C3F87D
:1019E00014C03C701868D3F8E020416883F8E880A0
:1019F000C3F8E42088470134E4B2042CD8D1D9F8E4
:101A00000000BDE8F0474368184700BF0068C3689E
:101A1000184700BF70B50446806980B1E3694BB1D7
:101A2000104B93F888202AB1D3F880300E4A0F4922
:101A3000012098472068BDE8704083681847094D29
:101A40000B4AD5F8803009499847E36943B195F8C6
:101A500088302BB1D5F88030034A044901209847DB
:101A6000002070BD88000020E4ED0008F4ED0008BF
:101A700004EE000830B40269B0F8423090F8381033
:101A800032F81330032908BF83F4004340F2E51114
:101A900001FB03F31B0C816C8446A3F5897008805D
:101AA000BCF83C10DCF84C0032F8111039B1BCF82D
:101AB000401032F81110012994BF0021012101705A
:101AC000BCF83E00BCF83A10DCF8505032F8111067
:101AD00032F81020DCF8544040F2E51000FB02F22E
:101AE000A3EB12431BB2002BBCF94420DCF800002E
:101AF000B8BF5B421BB29A42A1F10102B2FA82F274
:101B0000ACBF0023012352092A70237030BC436804
:101B1000184700BF0068C368184700BF00688368A3
:101B2000184700BFD0E90F23816B0069184700BF39
:101B3000836910B50446CBB10E4B93F8882052B997
:101B400063698BB10B4B0C4AD3F880300B490020F2
:101B50009847002010BDD3F88030094A074901207A
:101B600098476369002BEDD1012010BDC369002B9C
:101B7000E2D1E5E78800002058EE00083CEE0008BE
:101B800020EE00082DE9F04F9B461B68C2F51E664B
:101B9000B34294BF9EB2B6B2884674084FEA52016F
:101BA00083B017464FEA81010CD0144B08EB840434
:101BB0001944434651F8042B5A80120C1A800433FE
:101BC000A342F7D10E4C851E04F1E20A04F1E409A8
:101BD00014F8013B35F8022F3946CDE90032404672
:101BE0004B463246FFF76CFBA24501D00028EFD1EF
:101BF000CBF8006003B0BDE8F08F00BF90BD0008D7
:101C00009CAA00080068C368184700BF0068836882
:101C1000184700BFF0B482B02E4E056800238DF83F
:101C20000330F36EF76EC3F164031A442A4B1B684A
:101C300003EB8303C3EBC3031B0D02FB03F301930D
:101C4000AB6819420AD134E0019C019B013B01932E
:101C5000AB68002C08BF002219422AD0B1F5C06F32
:101C600005D12B7BDBB28DF803309DF80330F36E8A
:101C7000DB1B9342E8D36B68426823F0E003B2F5C4
:101C8000827F6B6019D0836AB3F5005F07D12B6840
:101C900023F400532B602B6843F400532B60012284
:101CA000002380F85D2080F85C30032002B0F0BC97
:101CB0007047002002B0F0BC70478368B3F5004F56
:101CC00002D0B3F5806FDED12B6823F040032B6088
:101CD000D9E700BF880000200000002070B4274D25
:101CE000274BEA6E1B680468EE6EC2F16402114471
:101CF00083B0C3F3CB3301FB03F30193A3681A064C
:101D00002CD509E0019A019B013B0193A368002AAD
:101D100008BF00211B0621D5EB6E9B1B8B42F1D324
:101D20006368426823F0E003B2F5827F636019D0F4
:101D3000836AB3F5005F07D1236823F4005323605F
:101D4000236843F4005323600122002380F85D20C0
:101D500080F85C30032003B070BC7047002003B0F3
:101D600070BC70478368B3F5004F02D0B3F5806F45
:101D7000DED1236823F040032360D9E788000020E8
:101D80000000002038B5294A0368D56E1B689B0601
:101D90001BD4846A2368A2685868616820F0200018
:101DA00058609AB15868B1F5827F20F00100586000
:101DB00022D029462046FFF791FFB0B90123002227
:101DC000A4F8462084F85D30236E38BD5A68B1F51A
:101DD000827F0CBF22F0030222F001025A602946E2
:101DE0002046FFF77BFF0028E8D0236E43F0200356
:101DF000236620232366E1E7B2F5004F12D11A686B
:101E000022F0400229461A602046FFF767FF0028AB
:101E1000EBD12A464FF4C0612046FFF7FBFE0028B5
:101E2000CCD0E2E7B2F5806FE9D0C2E788000020AD
:101E3000F8B51B4D0368EF6E1B68846A9B062CD4B3
:101E40002668736823F0200373603A464FF4C0514C
:101E50002046FFF7DFFE58B939462046FFF73EFF20
:101E600030B93A464FF4C0612046FFF7D3FE38B18F
:101E7000236E43F020032366236E43F02003236682
:101E8000736823F00303736000220123E287A4F840
:101E9000462084F85D30236E0BB901232B70F8BD0A
:101EA0008800002030B4124D124C00F1BC0C00210F
:101EB00043680B44024640F8043F12689A1AAA424B
:101EC00009DD50F8042CA3F5C9237E3BA1F5C921F7
:101ED00003607E399A1AA24206DA03F5C92301F596
:101EE000C9217E3303607E318445E1D130BC704727
:101EF0003F240300C1DBFCFF2DE9F04FBFB00DF123
:101F000038090D469046019300F1020B3EAFCA46D8
:101F1000002440F6B73631E025B335F8141001F04F
:101F20001F0E4FEA912C0EF1300E00FB0EF0C1F3A4
:101F30004411ACF1200C02FB0CFC002801F1300133
:101F400002FB01F1B8BF3F30BCF1000FB8BF0CF18C
:101F50001F0C8011002900EB6C10B8BF3F3100B29C
:101F600041F38F110134182C08BF0024FFF77CFBCC
:101F70004AF8040BBA450BF1040B0ED0BBF9002054
:101F80003BF9020C02FB02FC00FB00CCB4451146FD
:101F9000C2DC00203FB0BDE8F08F0DAC0DF10601B2
:101FA00009F15C05224652F8043F002BB8BF0F33FD
:101FB00002311B1195420B80F5D14846FFF772FFA5
:101FC000002254F8043F216EA542A3EB01031A44FA
:101FD000F7D1124B83FB0213D217C2EBA31404F503
:101FE000994330334CF662129342D2D802AE354652
:101FF0000FCD4D4508F1100806F1100648F8100CF9
:1020000048F80C1C48F8082C48F8043CEFD1019B18
:1020100001201C803FB0BDE8F08F00BFABAAAA2A08
:102020002DE9F04FADF2146D0446914603938D1CDB
:1020300003AE0DF20C67B5F9001035F9020CFFF78D
:1020400013FB46F8040FB74205F10405F3D1002154
:102050004846202207F09EF80DF16C0A4FF6FF73F8
:10206000002104EB44060293304DDFF8C480019157
:102070005346F600A9F1040940F694578A469B4658
:10208000ABF15C00FFF70EFFABF160004FF0000C0E
:1020900050F8043F026E5845A3EB02039C44F7D16D
:1020A000BCF1000F31DB4FEA9C1007FB00F0400D44
:1020B00004FB00F006EB1020C9F80400BAF1000F91
:1020C00003D0D9F8003083422AD959F8043F434459
:1020D000002BB8BF5B42AB4204D21D460123CDF8B2
:1020E00008A001930AF101021FFA82FABAF1080F5F
:1020F0000BF1C00BC4D1019911B1DDE902231A80A3
:1021000008460DF2146DBDE8F08FCCF10000800997
:1021100007FB00F0400D04FB00F0A6EB1020CBE71E
:10212000002108460DF2146DBDE8F08F40420F000B
:10213000E0D764FC2DE9F04F87B04FF0000E164653
:1021400000EB41090290821ECDE90316A9F11209A4
:1021500035464FF0010BF246F4467046CDF804E0E8
:1021600005931EE040F2EE218B4240DC634500DD2A
:102170009C464FF0000BBEF1000F0ABF4FF0000B62
:1021800070460120CAF100084345019BB8BFA4EB8B
:10219000060ABB4238BF3B469145019305F1020553
:1021A0002BD0568A32F8024F331B03F50048B8F59E
:1021B000803F2746D6D240F2EE218B422B8007DDAE
:1021C000178868B9634515DD9C464FF0010ED9E7C5
:1021D000514917889C45B8BF9C468B42D2DACAE762
:1021E000634500DD9C4686464FF0000BCAE74FF082
:1021F000000BE6E74FF0010EC4E71946DDE90346A0
:10220000059BBBF1000F03D1002007B0BDE8F08FA4
:10221000BEF1000FF8D00028F6D0CDE9031C00274E
:10222000A4F11C09B84606F112043D463E46BE46DE
:10223000D34634F9021F019601EB810C01EB4C01EE
:102240000A22A246A4463CF9026D02FB06113AF9A5
:10225000026F02FB0611013AF5D1019EA942C4BFEB
:10226000F0460D468E42C8BF77460EF1010EC8BF3C
:102270000E46F145DDD14CF25034A542DDE9031C98
:10228000DA46C1DD254CA642BEDABCF1000FBBD058
:10229000BBF1000FB8D0029C119D2488C900E40056
:1022A0004DB18C4205D2ACEB0402013A0A44B2FBB8
:1022B000FCF2119D2A60109A002AA6D0002BA4D00F
:1022C000029A08F10E0532F81520B4EBC20F4FEA5E
:1022D000C20606D2ACEB0404013C3444B4FBFCF46B
:1022E0002D1B029A0E3732F81720B1EBC20F4FEABE
:1022F000C20405D94A1E5244121BB2FBFAF2BF1A9D
:1023000055EA070280D4BD423FF77EAF109A7F1B8B
:1023100017601D6079E700BF12FDFFFFB03CFFFFB3
:102320002DE9F04F204C93469A46851E8A1E04F1F3
:10233000E20800264FF41E6704F1E40935F8021F95
:1023400032F8023F994222D0237809EBC303588820
:1023500030B3596847F6FF7E01EB8003002051F847
:1023600004CB1FFA8CFCE64528BFE646604538BF23
:1023700060468B42F3D14FEA4E0E1FFA8EFE4000AC
:1023800080B2774528BF7746864238BF064601347B
:102390004445D3D1ABF80070AAF80060BDE8F08FD7
:1023A00047F6FF7EE7E700BF9CAA00081149D1F875
:1023B0008C20D06810F0400001D0002070474FF012
:1023C000FF3310B4D360CC6ED3685B060FD4032800
:1023D00003D10CE0D368580608D4CB6E1B1BB3F5B1
:1023E0007A7FF7D9032081F8AD00EDE700205DF892
:1023F000044B704788000020094A0A4BD2F88C1021
:10240000CB60D06E04E0D36E1B1AB3F57A7F04D88C
:10241000CB689B06F7D5002070470320704700BFAC
:10242000880000205FFF030008B5114BDA6822F036
:102430008002DA609A68920603D4FFF7DDFF88B95C
:1024400008BD9A6822F020029A60FFF7D5FF18B104
:10245000084B032083F8AD00054A936843F020033E
:10246000936008BD034B032083F8AD0008BD00BF97
:102470000028004088000020F0B5614C94F8AC3092
:10248000012B00F0BB80D4F88C100223012284F8C9
:10249000AC2084F8AD308B6813F0400C18BF90F876
:1024A00003C003780CBF80F803C04FEA8C5C092B93
:1024B00009D900220A3BDBB2092B02F10102F9D84B
:1024C00043EA0213DBB21A044378092B09D9002529
:1024D0000A3BDBB2092B05F10105F9D843EA0513E4
:1024E000DBB28678092E4FEA032309D900250A3E7C
:1024F000F6B2092E05F10105F9D846EA0515EEB246
:1025000090F824E0BEF1090F0DD90025AEF10A0EB6
:102510005FFA8EFEBEF1090F05F10105F6D84EEA0D
:1025200005155FFA85FE4569076A3D4345EA0C05D6
:102530002A4313433343456843EA0E62C3691D438C
:10254000836ACA20486253204862B3F5807F8B6853
:1025500037D023F400738B60CB68DBB263F4207355
:10256000CB60E06E04E0E36E1B1AB3F57A7F1ED8F1
:10257000CB689B07F7D50A628D648B6843F40073C0
:102580008B608B6843F400538B601E4B1A680020ED
:1025900042F4802284F8AC001A609A6842F48022E7
:1025A0009A60FF2201234A6284F8AD30F0BDFF2219
:1025B00003234A6284F8AD30002384F8AC30032052
:1025C000F0BD23F480738B60CB68DBB263F4C0731F
:1025D000CB60E06E04E0E36E1B1AB3F57A7FE6D8B9
:1025E000CB68DE07F7D5CA614D648B6843F480730E
:1025F0008B608B6843F480538B60C6E70220F0BD8C
:1026000088000020000401402A4A034600689042E6
:1026100070B43BD8284A294C14210244B2FBF1F291
:102620009200022183F8251001689D689E691C6450
:1026300021F4FF4C59695A642CF0700C294341EA8B
:102640000C01314341F08001B5F5804F016014D099
:10265000596802F01C020F2090409140174A9442A2
:102660006FEA00001AD0D2F8A8442040C2F8A804AB
:10267000D2F8A8040143C2F8A81400200122D863AC
:1026800083F8240083F8252070BC70470C4A0D4C59
:1026900002441421B2FBF1F29200C2E7D4F8A82060
:1026A0000240C4F8A820D4F8A8201143C4F8A81008
:1026B000E3E700BF07040240F8FFFDBF000002404F
:1026C000F8FBFDBF00040240134BDB68C3F3022399
:1026D000C3F1070C1A1DBCF1040F28BF4FF0040C06
:1026E000062A88BFDA1E4FF0FF3303FA0CF398BFB7
:1026F000002221EA030393401B01421CDBB206D0F7
:1027000000F1604000F5614080F800337047024AF4
:1027100082F82330704700BF00ED00E038B5104D5F
:10272000104A2B68A2FB03239B09013BB3F1807F76
:1027300001D3012038BD4FF0E0220B495361F02353
:1027400081F82330002407230F2894611361F0D807
:1027500001464FF0FF30FFF7B7FF6960204638BDF4
:1027600000000020D34D621000ED00E00F49104A38
:10277000C86E13691B0704D50D4B1869C0F3C00060
:102780007047CB6E1B1AB3F57A7FF5D272B6136918
:102790001B0700D430BF62B6BFF36F8F13691B07EE
:1027A000EFD5034B1869C0F3C000704788000020C4
:1027B0000004004810B5504B93F8AC200021012ACA
:1027C00083F8B01000F08480D3F88C20CA21022452
:1027D00083F8AD4001205162532183F8AC0051626F
:1027E000916821F480619160D168C9B261F490610F
:1027F000D160D16849066DD51F21516191683F486C
:1028000021F0070141F003019160016841F480115A
:102810000160816841F480118160916841F48041D8
:1028200091609168FF2441F48061012091605462BD
:1028300083F8AD0093F8B020002183F8AC108AB97A
:1028400072B6BFF34F8FBFF36F8F93F8B02002B90A
:1028500030BF62B6BFF34F8FBFF36F8F93F8B020D6
:10286000002AEDD093F8AC200021012A83F8B010A3
:102870002ED0D3F88C000224CA2283F8AD40012167
:1028800042625322426283F8AC10826822F4806272
:102890008260826822F480428260DC6E04E0D96E3D
:1028A000091BB1F57A7F0CD8C26812F00402F6D089
:1028B000FF2401220021446283F8AC1083F8AD208C
:1028C00010BDFF240321446283F8AC2083F8AD10CF
:1028D000FDF75EFCDC6ED16811F004018CD1D86E7E
:1028E000001BB0F57A7FF6D9FF240320546283F8E9
:1028F000AC1083F8AD00EBE7880000200004014035
:10290000DFF84CC0F8B51D464FF480531746CCF89D
:10291000283004460E46FFF74DFF17B13846FEF744
:1029200085F916B13046FEF75DF91CB12046FEF779
:10293000D5F830B925B12846BDE8F84007F086B88B
:10294000F8BD002323602046FEF744F9F2E700BFFC
:10295000000400482DE9F041C16F05689EB00446AF
:1029600000295FD025682423E3672A68636A22F080
:1029700001022A60002B40F0C380D4E90402A3685E
:10298000296803431343E0699E4A03430A40134303
:102990002B606B68E26823F4405313439A4A6B60E0
:1029A0009542A369AA6800F0F180216A22F430629E
:1029B0000B431343954AAB6095421BD0944B9D4209
:1029C00040F0158103F5E633D3F8883003F00C03AB
:1029D0000C2B00F20F81DFE813F0E0010D010D0177
:1029E0000D0172010D010D010D012B010D010D01F4
:1029F0000D016201874BD3F8883003F00303022BEB
:102A000000F01681032B00F04A81012B00F0578162
:102A1000B0F5004F00F0CA81FDF7BEFD002800F0C0
:102A200018810AE180F878105C2207A806F0B2FB52
:102A3000764B9D4200F0BF81754B9D4292D102279B
:102A400007A80797FDF744FE0646002840F0DF81FF
:102A5000704B714D9A6D42F400329A659A6D02F492
:102A600000320492049ADA6C42F00102DA64DB6C00
:102A700003F00103039307220323CDE900320399F6
:102A800003463A464FF090400F214FF0800804F083
:102A900093FBC5E92E76C5E93068C5E93266C5E91C
:102AA000346605F1B4065D4BC5F8B4303046FFF727
:102AB000ABFD002840F0AB816667102305F1FC06F2
:102AC000C5E94208C5E94400C5E94600C5F8043136
:102AD0003046534BC5F80071C5F8DC40C5F8FC30F2
:102AE000FFF792FD0146002840F0918126672620DD
:102AF000C5F82441FFF7E8FD4A4B40225A6031E710
:102B00001E0705D56A68616B22F400420A436A60B9
:102B1000D80705D56A68A16A22F400320A436A60C0
:102B2000990705D56A68E16A22F480320A436A602F
:102B30005A0705D56A68216B22F480220A436A602D
:102B4000DF0605D5AA68A16B22F480520A43AA6069
:102B50009E0605D5AA68E16B22F400520A43AA60DA
:102B6000580609D56A68216C22F480120A43B1F52F
:102B7000801F6A6000F00A8119067FF5FEAE6B685F
:102B8000A26C23F4002313436B60F6E622F4306258
:102B900013432049AB60D1F8883003F44063B3F5A8
:102BA000006F00F0F18000F2E880002B00F0298136
:102BB000FDF78EFC00284CD0626802EB4203834292
:102BC00018D8B0EB023F15D8510800230F464FF438
:102BD00080761946E0FB0671384604F0DDFB124BA7
:102BE000A0F540729A4205D8074BD86031E00F4BF0
:102BF0009D425AD00023C4E91A3301201EB0BDE81B
:102C0000F08100BFF369FFEF008000400038014011
:102C10000044004000100240880000206C00024088
:102C20008000024000E100E0FFFC0F00004800408F
:102C3000B0F5004F794800F08B80636800EB5300DB
:102C4000B0FBF3F04FF6EF73A0F110029A42D1D827
:102C5000E8606A687249002322F49042C4E91A339A
:102C60006A60AA6822F02A02AA602A6842F0010279
:102C70002A60C4F88430CE6E2B681A0727D42B68DC
:102C80005B073ED400232022E26784F87830C4F842
:102C90008020184623666366B0E7302BAAD1B0F5D2
:102CA000004F55D04FF40040C7E75E4BD3F8883053
:102CB00003F03003202BBBD0EFD8002B6DD0B0F544
:102CC000004F41D0FDF704FC0028C2D0B5E76FF0FB
:102CD0007E4332464FF400112046FDF799FE00284E
:102CE000CDD0236853E8002F22F0800243E8002172
:102CF0000029F7D12023E367002384F878300320EC
:102D00007CE76FF07E4332464FF480012046FDF7AA
:102D10007FFE0028B6D0236853E8002F22F490727B
:102D200043E800210029F7D103F1080252E8002FFF
:102D300022F0010203F1080040E800210029F3D14C
:102D40002023C4F88030D7E7FDF7C2FB002880D0ED
:102D50006268530803EB40034FF6EF71B3FBF2F3E5
:102D6000A3F110028A423FF645AF23F00F0292B260
:102D7000C3F342031343EB606BE7B3F5406F7FF49B
:102D800039AF4FF4004017E7244815E76A68616CD3
:102D900022F4C0020A436A60EEE6B0F5004F38D074
:102DA000FDF7E6FB00283FF454AF46E7FDF7F4FBE0
:102DB0000028CDD14DE7012307A80793FDF788FC34
:102DC000034620BB174A116E41F480411166116E13
:102DD00001F4804106910699D16C41F00101D16462
:102DE000D26C072002F001020321059201900091AC
:102DF00002224FF4C0614FF09040059D04F0DCF9D1
:102E0000B0E5FDF7B5FB00283FF423AFD4E6FDF7AE
:102E1000BFF9FDF7ADFB00289AD11AE70024F400B2
:102E2000880000200010024010B41E4C94F8AC3012
:102E3000012B33D0D4F88C100220CA2384F8AD00C3
:102E400001224B6253234B6284F8AC208B6823F43D
:102E500080738B608B6823F480538B60E06E04E09A
:102E6000E26E121AB2F57A7F0ED8CB6813F0010326
:102E7000F6D00020FF2201234A6284F8AC0084F8D7
:102E8000AD305DF8044B70470320FF224A6284F89E
:102E9000AC3084F8AD005DF8044B704702205DF85B
:102EA000044B7047880000200CB4F0B5ADB032ABD5
:102EB00006AE53F8042B059304460D463046962182
:102EC00006F05AFE9528C4BF1B4BCDF8AA301B4B09
:102ED0001B49DF6EA1FB07311A4BA3FB0723980B9D
:102EE000194BA3FB07234FEA931C184B4FF47A723C
:102EF00002FB1C77A3FB00E25209042CC2EB021276
:102F0000A0EB8202A3FB0CE398BF114800974FEAA5
:102F1000531394BF005D3F20C3EB03130190CDE931
:102F20000256490DACEB83030A4806F0F1FD2DB0C3
:102F3000BDE8F04002B070472E2E2E008800002021
:102F4000B17C219573B2E745D34D6210898888889A
:102F5000A4EE000880EE000870B5094E736F0546B8
:102F60009847044628B12A46002106F013F9204666
:102F700070BDD6F88030034A03499847204670BD9B
:102F800088000020ACEE0008BCEE00082DE9F04FF0
:102F900002EBC30787B07B88DDF84090F3B182462F
:102FA000884600264D467B6853F82640C4F30170DE
:102FB000012816D0022830D028BBC4F3445901237D
:102FC00003FA09F39D4231D32F4A3049D2F8806089
:102FD0002F4A013BCDE90053A3B2B04707B0BDE88B
:102FE000F08FA3B2194658F8232022F00F0215B132
:102FF000C4F3034422435046FDF7BAFE7B880136F2
:103000009E42D0D3EAE7204B224AD3F880301F49B2
:10301000002007B0BDE8F04F1847A3B2194658F892
:10302000232022F00F02002DE5D1E1E71FFA84FBF7
:103030004FF00103ADF80E304BF42043ADF8100013
:10304000CDF81200ADF80C3003A95046012305223B
:10305000FDF78CFDC9F12009BDF81220BDF8143030
:103060004FF0FF30C4F3044420FA09F0A04043EAD3
:10307000024323EA000305FA04F4594643EA040232
:103080005046FDF775FEB9E788000020CCEC00083B
:10309000CCEE000804EF0008F8B516460D464FF4D4
:1030A000E272014618461C4606F0A2FCB6F858101B
:1030B00021B196F85E30191E18BF0121012396F840
:1030C0005B2084F8C6312B4684F8C52133F8262BC3
:1030D00084F8C411A4F8C82105F1560104F5E5727D
:1030E0001F685E689868D3F80CC0C2F80CC0103333
:1030F0008B4217605660906002F11002F0D1B5F873
:103100005630A4F8FA3105F1580604F5FE7E05F1B3
:103110008807B446BCE80F00BC450EF1100E06F15E
:1031200010064EF8100C4EF80C1C4EF8082C4EF8F9
:10313000043CEED1B5F88830A4F82C3205F18A03AE
:1031400004F22E24BA35186859689A68DE68E66079
:103150001033AB4220606160A26004F11004F2D130
:10316000F8BD00BF2DE9F04F9846184BDFF860B06E
:10317000B3F8707083B0043A043F52087F08974256
:103180000C9E0190894628BF174601F1040A0025CC
:10319000741BBC4228BF3C4645EA0B02631E08EB89
:1031A0004501A9F80020A9F802306200504606F057
:1031B0001FFC254401980023A21C4946FDF7D6FCBC
:1031C000AE42E5D803B0BDE8F08F00BF8800002014
:1031D00000C0FFFF2DE9F04F264C87B00026CDE957
:1031E0000466B4F870808946002B3DD04FEA580839
:1031F000CDE90102A8F104080D461F464FF4004B2B
:10320000B246039325E0029BA5F800B033446B80DF
:10321000631EAB80A5F806A06200002105F108003E
:1032200005F0B8FF294601980123221DFDF79EFCF9
:1032300004AA134603CA26446960286009EB4605C0
:1032400059F81600696803C3039B9E42A7EB040765
:103250000AD2B845444628BF3C46B845D3D200E020
:10326000013CE307FCD4CEE709F1080007B0BDE854
:10327000F08F00BF880000202DE9F04F2DED028B6C
:103280001C461B78ADF21C4D05460F4691460A2B95
:1032900012D8DFE813F021000B007200F7007C0168
:1032A0000002AB02D203240455042100FDF7B8FE4E
:1032B000002840F00A852378C84ED6F88050C84AC6
:1032C000C8490020A8470020064626700DF21C4D74
:1032D000BDEC028BBDE8F08FC04EDDF84804EC2257
:1032E000002105F057FFD6ED517ADFEDBF5ADFED33
:1032F000BF6AF8EE677AB6EE006A85EEA77AF4EE5A
:10330000E67A37EE067AF1EE10FABCEEC77A17EEDF
:10331000103A1FFA83F800F333849FEDB57AF4EE88
:10332000C77AF1EE10FA00F12B84A8F1100292B2E4
:10333000EF2A40F2AD869FEDAF7ADFEDAF6AD6F8A7
:10334000805077EE877A37EE877ABCEEE78ABCEE5C
:10335000C77AB8EE477A77EEC77A67EEA67AFCEEC0
:10336000E77A17EE907AA54BA54AA64901978DED0D
:10337000008A0020A84723789FE7FDF751FE0490BC
:10338000002898D04123002239462846FFF722FF23
:103390000023028C0292A0F1020A039398464FF692
:1033A000FF7B5A1E02FB02F2C2EBC202510001F582
:1033B000167CC83A3AF9021F002B00F073843AF9E0
:1033C00002EC01F57A76A1EB0E019142FFF673AFA4
:1033D00061453FF770AF86EAE672A2EBE67292B201
:1033E0005A4505D2990089B2DDF8108003919346C1
:1033F0000133102BD5D1B8F1000F3FF45CAF039A25
:1034000082F0300ADDF84824A2F804A0B0F822B017
:10341000B0F88020A2EB0B02B2F5FA6FFFF64BAFCB
:103420007949CDF810A01204A1FB021252094FF005
:10343000000C2030039266464FF6FF7E0AE05145AD
:1034400038BF4FF000080133039A9BB2402B9444DD
:1034500000F05D8730F8021F029A8A1A002AB8BF6E
:10346000524292B272450BEB1C4A38BF96460AF59F
:10347000487238BF1E468A4201F54871DFD24FF0CC
:103480000008E0E7FDF7CCFD00283FF414AF394613
:10349000002220232846FFF79DFEB0F900200746B2
:1034A000844616460121002096463CF9022F02F57B
:1034B0004873A3EB0E039BB2B3F5C86F3FF6FBAEA8
:1034C000B242A8BF084601F10101A8BF1646202953
:1034D000EAD1072840F2B5861728A0F1070340F289
:1034E0004B87D3F1200240F0AF8646AB039303989D
:1034F0002EA9FEF74BF900283FF4DDAE9DED2E6AB4
:10350000B5EE406AF1EE10FA3FF4D5AE9DED2F7A9C
:10351000B5EE407AF1EE10FA3FF4CDAEDDED306A53
:10352000F1EE666AC6EE877AF5EEC07AF1EE10FA31
:10353000FFF6C1AEB1EE477AC7EE066AF5EEC06A95
:10354000F1EE10FA7FF5B7AEB7EE007A77EE877A34
:10355000FCEEE77A17EE903A9AB23F2AC3F34E0395
:103560003FF6A9AEDDF8482483F01003D38040F283
:1035700015312846FDF76CFC0426002800F0E58292
:1035800026700DF21C4DBDEC028BBDE8F08FFDF7EF
:1035900047FD00283FF48FAE5023394600222846CD
:1035A000FFF718FEDDF84834CDF81890CDE9045740
:1035B00003F10A013023A0F1020B9C460846A24603
:1035C000124B002447F6FF76CDE9020B5D464FF61D
:1035D000E472A646A1461F46B04623E088000020BC
:1035E0006CEF000890EF0008F902154F8096984C98
:1035F0008096984BBD37063500247449C8E9000809
:103600002CEF000858EF0008ABAAAAAA0080FFFF21
:103610008E4204F10104C4BFDE460E460832082C77
:1036200092B21AD035F9021F0FFA82FB4CB135F86D
:10363000020C081A00B28045A8BF80468742B8BF76
:1036400007460029E4DA8B4204F10104BCBFD946E5
:103650000B460832082C92B2E4D1A7F51C57103F54
:10366000BFB244F620629742DDE9020B11D8B8F1EF
:10367000000F0ED113F5004F00F0DB8547F6FF7207
:10368000964200F03F86AEEB090EBEF1080F00F047
:10369000AD8254460FE6FDF7C3FC00283FF40BAEA5
:1036A0004FF44073394628460022FFF793FD0DF191
:1036B000340B00F5C063CDE904B30023029346AB9D
:1036C0000393484E484F099416ABCDE907B50DF169
:1036D000B80906930DF58A780546069CAA46BAF9FC
:1036E00002103AF9040BFDF7BFFF44F8040B4C45F8
:1036F000F5D12DACA346AA46BAF96210BAF960001A
:10370000FDF7B2FF4BF8040FC3450AF1040AF3D1E9
:10371000DDE902230DF1540E9818002154F8043FFE
:103720005EF8042F9B1AB34240F35782A3F5C923D6
:103730007E3BB342FADC002BB8BF5B429942B8BF74
:103740001946A04540F8043BE8D1049B491043F8D2
:10375000041F0493029B60330293059BC0359D4276
:10376000BBD1DDE907B50021099C0A460B465BF891
:10377000040F9042C8BF194603F10103C8BF0246B7
:10378000082BF4D10EAB0DF1B70253F82160039B67
:1037900001EB410103EB41110DF1CF0051F8043B66
:1037A000B342ACBF0023012302F8013F82421376EB
:1037B000F4D10020012302460AE029B119F8011CC6
:1037C000002904BF1A4601200133302B00F0F48396
:1037D00019F8011F002AF0D0002900F00182013001
:1037E000F2E700BF3F240300C1DBFCFF4FF6FF738D
:1037F000ADF83830FDF714FC00283FF45CADD54E31
:10380000D54AD6F84431A2FB0328DDF84834B3F892
:10381000E0304FEA9818394603FB08F800224FF4CD
:1038200040732846FFF7D6FC46AB07461A4603937B
:1038300040460EAB3946FEF7F3FBC84B372283F800
:103840002420002800F08281DDF84824BDF83830BB
:103850005384C34900932846C24A0C23FFF796FBC2
:10386000284640F21741FDF7F3FA002800F06E8178
:103870009FEDBD7AF7EE007A3D4607F1C00007F5EF
:10388000D86E0DF1B80CA0F1C0034FF00008B3F9E9
:10389000022002FB02F1B3F90020043302FB021202
:1038A00098429044F3D106EE908AB8EEE66AC030B2
:1038B000C6EE076A8645B1EEE66AC7EE866AECECAC
:1038C000016AE0D1DDF84834DFEDA81ADFEDA80A7F
:1038D0009FEDA81A03F1880916AB60370DF1D808DF
:1038E0009A46039B2EA92A46B2F90000F1EC016A20
:1038F00007EE100AB8EEC77AB2F9020027EE267A70
:10390000414567EE077A02F1C002C3ED007A07EE87
:10391000900AF8EEE77A32F9600C67EEA67A03F1C6
:103920000C0327EE277A67EEA77A03ED027A07EEFB
:10393000100AB8EEC77A43ED017A27EE267A32F9FB
:103940005E0C67EE077AC3ED157A07EE900AF8EE83
:10395000E77A67EEA67A27EE277A67EEA77A83EDF5
:10396000167AC3ED177ABFD1039810225146FDF79E
:103970000DFF002800F0EA80DAED006A9AED017A86
:10398000F1EEE67AB1EE006A66EE866A9AED026AB8
:1039900067EE075A66EE866AB6EE006A76EEE56A6C
:1039A000F6EE085AB1EEE64AC6EE276A77EEE57AF9
:1039B00026EE877A67EEA17A66EE846AF7EE004A11
:1039C00077EE867A37EE247A76EEE56AB3EE0F5A12
:1039D00027EE207A66EEA16AF4EEC57AF1EE10FACF
:1039E00037EE067A76EE866A00F37184F5EEC07AD9
:1039F000F1EE10FA00F18884FCEEE77A17EE903AC7
:103A00001BB2B4EEC17AF1EE10FA40F351846FEAC2
:103A100083536FEA9353F3EE0F7AF4EEE76AF1EE15
:103A200010FA40F3368443F478730435AF4229F832
:103A3000023F7FF456AF072647E4FDF7F1FA00286E
:103A40003FF439AC1023394600222846FFF7C2FB69
:103A5000DDF84834B3F88A300026844603F01F09A5
:103A6000C3F344189B0A09F1300908F13008A3F1A7
:103A700020000296B246B64637460CF1020B0BE028
:103A80005345774640F26E82D6469A46B3B20293C9
:103A90000136082E00F068823CF926303BF92620DA
:103AA00009FB03F302FB00F1002BB8BF3F330029F1
:103AB00002FB08F2B8BF1F319B11002A03EB611310
:103AC000B8BF3F321BB242F38F1203FB03F302FB7A
:103AD0000233BB42DCD97345D2D81F46D8E7FDF785
:103AE0009FFA00283FF4E7AB6023394600222846BE
:103AF000FFF770FBDDF84834DDF8482456332632F2
:103B000000210646FEF7F8F900283FF4D4ABDDF8B3
:103B10004834DDF84824DDF84814883330465832FC
:103B20008A31FEF7E9F900283FF4C5AB40F27C4149
:103B30002846FDF78DF9092600287FF421AD04E021
:103B4000FDF76EFA002840F04781024E2378FFF718
:103B5000B4BB00BF88000020D34D621000000020DD
:103B600050D1000810B3000800004042000080421D
:103B70000000004200007C42BD3706350024744935
:103B80001FED037A5FED036AD6F880508B4B8C4AA9
:103B90008C4977EE877A002037EE877ABCEEE78A89
:103BA000BCEEC77A8DED008AB8EE477AA8F110080E
:103BB00077EEC77A67EEA67AFCEEE77ACDED017A6A
:103BC00017EE907AA847B8F1EF0FBFD9D6F880501A
:103BD000FFF7C9BB03F5C9237E33BB42FADBAAE575
:103BE0000B2800F2E98108460A46EDE5F61ADB00EB
:103BF00093FBF6F3A9EB03030FFA83FEBEF1000F6C
:103C0000C0F26883BEF11F0F3FF743AD1FFA8EFE6F
:103C10006D4B83F815C00CF1010C5FFA8CFCBCF104
:103C20003A0F20F802EF0BF1100B7FF4C9ACDDE97D
:103C30000457DDF8189080234A46394600932846F9
:103C4000624BFFF78FFADDF84834DDF848149B89A2
:103C50000093CE885E4A5F4907232846FFF796F90E
:103C60005B4A5C49009608232846FFF78FF9032337
:103C7000574A5849009328460923FFF787F9062336
:103C8000534A5449009328460A23FFF77FF940F22C
:103C9000D6312846FDF7DCF85446052600287FF487
:103CA0006FAC52E701F57A73002BB8BF5B429BB251
:103CB0009B4502D80123FFF774BB00229B46DDF829
:103CC000108003920123FFF76CBB43F232034FF0E5
:103CD000000846930322012346A92846ADF81C811B
:103CE000FCF744FF3946122342462846BDF81C61C2
:103CF000FFF770FA0146B0F800E0B0F802C04346A2
:103D0000043140464FF6FF7746FA03F2D2070BD54F
:103D100031F81320A2EB0C02002AB8BF524292B233
:103D2000974284BF98B217460133102BECD1431E43
:103D30000D2B3FF6C0AA00F10043013B01EB430706
:103D400031F813207B8841F28731D21A8A427FF7FB
:103D5000B2AA4FF6FF7296423FF4ADAABA889B1AF8
:103D60008B427FF7A8AA40F2E51303FB0EF31B0C6E
:103D7000A3F5897313F1140F1AB2C0F201832C2A30
:103D800040F3FC824F2ACCBF04230323DDF84824F0
:103D90001049A2F800E0508093840D4A009025233A
:103DA0002846FFF7F3F840F233212846FDF750F894
:103DB000022600287FF4E4ABC7E600BFC8E900088C
:103DC0002CEF000858EF00080000002050B4000855
:103DD00010B3000850D1000839464FF49C6300220C
:103DE0002846FFF7F7F90DF1340A0EAF0DF1580B25
:103DF0002EAE4FF00008CDF804805346CAF800807C
:103E000046AA00979021C7F80080CBF80080C6F83A
:103E100000808146FEF78EF900283FF496AECDE98A
:103E200000685B4646AAF02109F59070FEF782F91A
:103E300000283FF48AAECDE900A839683268CC4B3F
:103E4000CC4D521A02FB03F305FB01F11B0CC3EB33
:103E50005133DDF84814C1F8BC30DAF8003005FB06
:103E600003F305FB02F25B0BC1F8C020C1F8C430BC
:103E700046AA0CAB40F21F1109F20230FEF75AF9C4
:103E800000283FF462AECDE9007B0BAB46AA4FF4AD
:103E9000907109F5A860FEF74DF900283FF455AE82
:103EA000CDE90086434646AA09F5F0604FF49071CB
:103EB000FEF740F900283FF448AEDAF800203F68EA
:103EC000DDF82CE0DDF830C03368DBF80010BE1AF6
:103ED00005FB02F7A84AACEB0E0C02FB0CF25B1AD6
:103EE00005FB01F805FB0EFEDDF84814120CC2EBD1
:103EF0005E32C1F8C82005FB0CF2C1F8CC209F4A05
:103F000006FB02F2120CC2EB5732C1F8D0209C4AD9
:103F100005FB06F603FB05F502FB03F31B0CC3EBE5
:103F20005833C1F8DC50974DC1F8D460C1F8D8308F
:103F30004E1E01F1EB074FF0FF3316F8012F082159
:103F4000534043F300022A40013982EA5303F8D177
:103F5000B742F2D1DDF84824DB43C2F8EC300A2640
:103F6000FFF7B3B99E4693E5B7EB5A0FBFF4A3A989
:103F7000DDF84824029B13848349844A0093284631
:103F80000B23FFF703F80023804A7F49009328465C
:103F90000923FEF7FBFF7E237B49009328467B4ADB
:103FA0000A23FEF7F3FF40F253412846FCF750FF87
:103FB00000287FF4E5AAC8E5A0F10C03082B3FF622
:103FC0007AA902EB5002172A02D9183A172AFCD80C
:103FD00092B2910089B201F13006DDF84834B6B2F0
:103FE0005F2E1A8140F2C281694BA3FB06239B0915
:103FF00003EB4303A6EB43134FF000080E46C14604
:1040000099B20127614A009121235F492846FEF7B2
:10401000BDFF5E4A5C49009622232846FEF7B6FFA4
:1040200003265A4A5849009701232846FEF7AEFF57
:10403000564A5549009602232846FEF7A7FF334605
:10404000524A5149CDF800902846FEF79FFF4F4A4B
:104050004D49CDF8008004232846FEF797FF4B4AD0
:104060004949009705232846FEF790FF0023474A59
:104070004549009328460623FEF788FF40F2ED31BC
:104080002846FCF7E5FE062600287FF479AA5CE5C1
:1040900077EEC77ADFED3F6A9FED3F7A67EEA67A4B
:1040A000B8F13F0F77EE877AFCEEE77A17EE903A99
:1040B0009BB200F21A810021B8F12F0F88BF42464F
:1040C0008C46DDF84804A0F8E080A0F8E830A0F8BD
:1040D000E210A0F8E420A0F8E6C02846B6F8708008
:1040E000FDF778FA00283FF431AD4FEA590C4FEA5A
:1040F0005808C44528BFC446ACF1020CCDE90345BD
:104100002CF0010C3B1D40F64C3A02931FFA8CFB3D
:104110004FF00008E146C8F534630C33994594BF6D
:104120005D4655464FEA580468084FEA84010CD0B2
:10413000154B07EB800019443B4651F8042BDA80FD
:10414000120C9A8004338342F7D1DDF84834029888
:10415000B3F8E23001931C2300932A460B4B4146EF
:10416000FDF7AEF8D0B9039C2378FFF7A6B800BFDF
:10417000A82A0400AA0A010054150200A64A070052
:104180004E750B002083B8ED50D1000810B3000825
:10419000ABAAAAAAE8385BB500007C42DDF8483437
:1041A0000298B3F8E43001931A2300932A46754B22
:1041B0004146FDF785F80028D5D0DDF8483402984F
:1041C000B3F8E63001931B2300932A466D4B41461A
:1041D000FDF776F80028C6D0DDF848340298B3F829
:1041E000E8300193192300932A46664B4146FDF7B8
:1041F00067F80028B7D02B46049821463A46D844A1
:10420000FCF7CEFD1FFA88F840F64B33AAEB0B0AF9
:1042100098451FFA8AFA7FF67EAFDDE903454FF431
:10422000AE712846FCF714FE012600287FF4A8A9E9
:104230008BE447F6FF739E427FF4E0AC5446FFF7F1
:104240003AB800F10802002346A9981807EB40008D
:10425000039107EB430707EE903A37F9026BF8EE4C
:10426000677AB842C1ED027A07EE906AF8EEE77A13
:1042700003FB03F6C1ED007A07EE906AF8EE677A69
:1042800003F10103C1ED017A01F10C01E3D1FFF764
:104290002EB9F5EEC06AF1EE10FA3FF5C6ABFCEEB2
:1042A000E66A16EE902A43EA42131BB2FFF7BDBB43
:1042B000B5EEC07AF1EE10FA3FF5ADABBCEEC77AC1
:1042C00017EE102A43EA82231BB2FFF7A4BB1F2379
:1042D000FFF797BBCEF1000E1FFA8EFEBEF11F0F47
:1042E0003FF6D7A94EF0200E92E4B8F1BF0F96BF6B
:1042F000A8F140024FEAD802C2F3CF0208F0070C3F
:104300000121DEE6CE4679E40023FFF77ABBDDF833
:1043100010A0B8F1000F3EF4CEAFDDF848345E8156
:10432000012300934FF47E534A463946ADF81831C5
:10433000284646ABFEF716FF124A1349009626237D
:104340002846FEF723FE0F4A0F49CDF800A024238C
:104350002846FEF71BFE40F2C6212846FCF778FDF2
:10436000032600287FF40CA9FFF7EFBB4FF00308EA
:104370004FF00109002745E60F2265E7022305E516
:10438000012303E510B3000850D100082DE9F04FD8
:104390002DED0C8B99B090F85E409B4690F85C3008
:1043A0000893042CB0F8583003938146884692460F
:1043B00015D890ED145AB5EEC05AF1EE10FA00F18E
:1043C000F38190F86630002B00F08F8290F85B301C
:1043D000002B00F08A82D64CD64A059402E0D44CD9
:1043E000D54A0594D4F88030D44900209847D9EDB7
:1043F000157AD4F84431019307EE103AF5EEC07AFD
:10440000F1EE10FAB8EE478A40F3D281C8EE278A5F
:10441000F6EE007A78EEA78A039B002B00F0C181AC
:1044200099F85E30049399F85A30002B40F0C3811C
:1044300099F86020022A41F04E8099F85E40012CE4
:1044400000F0CA83002422462E990C71AAF8AC21F0
:10445000002B00F0B58199F85F30012B00F0DC8370
:10446000022B00F0D683002B40F0C78301231A46AD
:10447000AAF82630AAF8282099F86030012B00F01D
:10448000B483022B00F0B083002B00F0EB83059B7C
:10449000AB4AD3F88030A94900209847B8F1000F03
:1044A00000F0928100230193B8F8E410B8F80830C6
:1044B000AAF80210B8F8E610AAF80410B8F8E2104A
:1044C000AAF80010B8F8E810AAF80610B8F8021018
:1044D000AAF808109B00B8F80410AAF80A109BB2BA
:1044E000B8F80610AAF80C1003F13002B8F80A1058
:1044F000AAF80E1092B2B8F82010AAF810105F2A8D
:10450000B8F82210AAF8121040F2EB816020B2FB3A
:10451000F0F100FB112189B200201A4604460B4637
:104520000121AAF81430AAF8162000230322AAF8C1
:104530002230AAF81C40AAF81E00AAF81810AAF8FF
:104540002010AAF81A20ABF802300123CBF80A3069
:10455000019B002B00F07B860024CDE901440AF189
:104560003E039FED789A9FED78AADFED7B9ACDE927
:10457000068A0AF14E060BF10E074D469A46049A3A
:10458000E3B29A4200F2298100233B803B81AAF8E2
:1045900000300134042C07F102070AF1020A05F188
:1045A000140506F15606EAD1DDE9068A0124BAF8B7
:1045B000AC31012B04D1DDE9023202FB03F302939B
:1045C000BBF80C20039B029DB9F8640099F863C006
:1045D00099F8667099F862E012FB03F2BBF80A30B2
:1045E000AAF89EE192B24FF6FF7113448D429BB23E
:1045F00028BF0D464608591CAAF8A4518CF0010C9E
:10460000019DAAF8A6C10338033E89B2AAF8A051B9
:10461000AAF8A801AAF8AA61ABF80C20ABF80430FC
:10462000ABF80610002F00F01481413399B24025F9
:104630000123ABF80010ABF80850AAF8C031B8F16C
:10464000000F03D0B8F80C30AAF8C231002C40F0AB
:1046500031812E9A0023136099ED145A0024089B8F
:10466000AAF8B231039B012B40F22181B9F85830EE
:10467000023B01229BB29FED356ADFED355A99F876
:104680005A10F1EE007AC8EE066A68EE277A68EEF4
:10469000255A87EE867AC5EE867AB6EE006A76EE01
:1046A000866A37EE067AFCEEE66AB5EE405AD9ED38
:1046B000155AAAF8AE31F1EE10FA16EE903A77EEEE
:1046C000867ABCEEC77AAAF8B02114BF0122002274
:1046D000FCEEE77AAAF8382099F85B20AAF8B43102
:1046E00017EE103AF5EE405AAAF8B63117EE903AA6
:1046F000F1EE10FAAAF8B83114BF01200020002C06
:1047000040F0AA80AAF83010AAF83220AAF82A00AD
:1047100099F861300F4ACAF8BA2101212046AAF857
:104720002410AAF8BE3119B0BDEC0C8BBDE8F08F97
:1047300088000020E8EF0008A4EF0008C0EF0008A0
:10474000E4F000082549123E8FC2753D00247449EB
:1047500000009643FF07010800000000F5EEC07A54
:10476000F1EE10FA00F1D78299F85A30002B00F0E0
:10477000D582F5EE407AF1EE10FA05D1B5EE405A49
:10478000F1EE10FA40F084835FED0D8A059B674AD5
:10479000D3F88030664900209847039B002B7FF4B4
:1047A0003FAE039B04933EE6624C634A059419E6D0
:1047B000DFED628A30E62E9A00231371AAF8AC313D
:1047C000B8F1000F7FF46EAE0123CDE90188ABF89C
:1047D0000280CBF80A304446E9E60123AAF800300B
:1047E00099F85C802A8940F2FF3340F2FF11B8F15A
:1047F000000F18BF0B460AB39A421FD8AA7B2B7C26
:1048000062B1022B0AD1059B4D4AD3F8803048494A
:104810000020DDE9068A00249847C8E6E87B0028E6
:1048200040F0FC81012B00F09580059B454AD3F8B0
:1048300080303F49DDE9068A984708E0059B424AF7
:10484000D3F880303A490020DDE9068A98470024F1
:10485000ADE63D463B46ECE6B5EE405AF1EE10FAC9
:104860000CD0C8EE057A77EE867AFCEEE77A17EE82
:10487000903AAAF83C301B0CAAF83A30002361F3B6
:104880000F03F5EE405A62F31F43F1EE10FAAAF857
:104890002A00CAF830303FF43BAFFCEEE87A17EE5E
:1048A000903A1A0CAAF82C20AAF82E3030E70022F1
:1048B0001346E0E699F85D30072B3FF6CAAE234A6F
:1048C0009FED1E9A134493F8F43BAAF8A2312E9B55
:1048D00083ED009A049B002B40F0238299ED145A3B
:1048E000BDE60320012400211BE6012C40F2C88113
:1048F00099F80F104A46012303E00133A34200F068
:10490000BF81084692F82310814202F11402F4D2CA
:10491000084D0F4AD5F88040054905950020A0476D
:10492000D9ED157AD5F8443165E500BF48F00008A7
:10493000C0EF000888000020D4EF0008000000004D
:1049400014F1000840F1000804F1000860A9000813
:1049500014F000086FF00B030B93EB88AA880E93FA
:10496000182B099240F279821822B3FBF2F102FB74
:1049700011339BB2002B40F0F5828BB20D930A925B
:10498000099B002B40F02E84059BAF4AD3F8803062
:10499000AE4909989847B8F1000F00F018844FF01D
:1049A00000080223099A0B9912FB03F39BB20993A7
:1049B0002B6819440B460C910E99013A01FB023207
:1049C00003F5C3430B9228334CF25032934208D97B
:1049D000059B9F4AD3F880309C49002098474FF0B0
:1049E00000080B9B03F5C34328334CF2503293422B
:1049F00008D9059B974AD3F88030944900209847FE
:104A00004FF000080C9B002BC0F20183182293FB8F
:104A1000F2F212B20B990029C0F2F182182391FB35
:104A2000F3F31BB292B29B1A99B21BB20D98129378
:104A3000B1FBF0F14B1C13910C99119218221FFA43
:104A400083FE91FBF2F302FB1313002BB8BF183364
:104A50001BB20F930A990A9BB2FBF1F2BDF83C100E
:104A6000B1FBF3F003FB101083B20C930B9B4FF0E0
:104A7000180C93FBFCF00CFB10300028B8BF18306A
:104A800003B2013A10930C9893B20A9A179313FB4E
:104A90000200BEF1010FBDF8402080B200F0CD82CF
:104AA000131A18BF01230E930C9B994200F0BA828F
:104AB0000E9B139A1493D21A92B20B9202460F9B3A
:104AC000D31A0A9A93FBF2F39BB215930123169320
:104AD0000C9B89009B00B186F386B8F1000F40F073
:104AE000588380230F934FF000080F99119B129861
:104AF000A1F14A0292B2C3F12903134411924A0868
:104B0000033AF2851AB213929BB2121A1293292A0F
:104B1000A1F10303B38508DC059B4F4AD3F880302D
:104B20004A49002098474FF000080F9B139A143B06
:104B30009A4208DB059B494AD3F88030434900205C
:104B400098474FF000080A9B013B9B009BB22C2B1F
:104B500000F244821E2B40F254831E3B99B20F2375
:104B60001A46A6F84830149BA6F844300D9BA6F8C8
:104B70004C100B99A6F84A20013B169AA6F846302D
:104B80000B1E18BF012311983086002A1298A6F830
:104B90004230159B708608BF0023A6F8402073871B
:104BA000002900F0EA810E9B33B10C9A109B9B1AEE
:104BB0000A9A93FBF2F39BB2F3870B9B179AB28787
:104BC000013B9BB20B930B9B3387B8F1000F40F076
:104BD0003D82DDE9068A3AE699F81020013A012A79
:104BE0007FF630AC22462FE40023CAF83430B8F107
:104BF000000F3ED00123019356E4059B184AD3F8D9
:104C00008030124900209847B8F1000F7FF44AAC79
:104C1000DAE500231A462BE4002229E4013B042BA9
:104C200000F2778401A252F823F000BF5549000832
:104C3000894E0008414C0008814E0008414C000894
:104C40006FF00C030B9388E68CF10008C0EF0008AE
:104C5000D8F10008ECF1000820F2000840F200084A
:104C6000C4F000084FF00113CAF83430B8F1000F57
:104C7000C0D10023ABF802300123CBF80A306BE43B
:104C8000C24BD9ED157A0593D3F84431019307EE61
:104C9000103AF5EEC07AF1EE10FAB8EE478A7FF7D7
:104CA0005DADC8EE278AF6EE007A78EEA78A18EE98
:104CB000900A05F0C9FC59B1059BB54AD3F880307C
:104CC000B44900209847039B002B7FF4A9AB69E50A
:104CD00099F85A30002B7FF459AD039A99F85F1078
:104CE000002A99F8602014BF2046002091420490C9
:104CF00008D9059BA84AD3F88030A64900209847D8
:104D0000FFF791BB022A00F0E3832E9A1371AAF8F1
:104D1000AC31FFF7A0BBDFEDB08ACDE7DFEDAE8AA7
:104D2000DBE7BAF8AC31BAF8A421012B00F0C68059
:104D300007EE902ADFED999AB8EE67AAB7EE089AC7
:104D4000B2EE02BA059B9FED960AD3F84431019367
:104D500007EE903AF8EE67CA80EE2C0A03F0B6FB35
:104D600099F86030022B6CEE80CA00F23B818D4ACC
:104D700002EB8301D1ED00AAD1ED03BA20469FEDED
:104D800096CA9FED89DADFF84CB2824E059D0194F8
:104D90004FF0000899F85E305FFA88F4A34240F2C1
:104DA000A580142303FB04931B7C052B00F28D804C
:104DB000022B40F293800227142303FB0493DB7B36
:104DC000052B00F29C83DFE803F03F3C39034542AA
:104DD000DFED767AF8EE677A14228CEEA77A02FB82
:104DE00004927B0007EB4707BF0011891837043393
:104DF000BFB201FB033302335B009BB207EE907A34
:104E000087EE0D6A08F10108F8EE677A87EE867A78
:104E100007EE903AF8EE677A9388C7EE865A06EE68
:104E2000903AF8EE666AF0EE477A45EEA67A77EEAB
:104E3000A97A77EE897A3CEE27CAABE7DFED5C7A98
:104E4000C8E7DFED5C7AC5E7DFED5B7AC2E7DFED4F
:104E50005B7ABFE7DFED5A7ABCE70E9A002A00F0D2
:104E600081801823B3FBF2F302FB03F3C3F11803B1
:104E70009BB2002B76D10E9B0A9301230D937FE505
:104E80006FF00F030B9368E56FF006030B9364E577
:104E900099F85F2099F860309A427FF475AC039BD3
:104EA0002E9ADFED4D8A002B14BF23460023049376
:104EB00000231371AAF8AC31FFF7CDBAF0EE499A8E
:104EC000B0EE49BAB0EE49AA3CE70020D5F88030F0
:104ED0005A4631460027984738466DE7012B03D0E4
:104EE000022BF2D1032767E7042765E7019C00281E
:104EF0003FF4B2AB9FED337ADFED2B6A9FED326A60
:104F000099ED145A2E9BCCEE877AB1EE0C7AC7EE4F
:104F1000A65A2AEE07AA7AEEABAACAEE257AB0EE16
:104F2000007A77EE8B7A77EE8C7A77EEAA7A07EEB4
:104F3000867A77EE277A86EEA77AB4EEC57AF1EE16
:104F400010FA83ED007A7FF58AAB059B1F4AD3F8F0
:104F500080401049FDEEC77A002017EE903AA04736
:104F6000FFF77ABB059B1A4AD3F880300949002025
:104F7000984701230A930D930DE50E9B002B40F0FB
:104F800029810B9BF3870023B3871CE68800002050
:104F900034F00008C0EF000874F000089A999D41B1
:104FA000F902154F5CB50008002474492001000087
:104FB000C0000000A000000080000000E001000030
:104FC00080010000000020430AD7233CBCF2000807
:104FD00078F1000868F100080000000000231A467C
:104FE0001946BEE5059B5FED04BAD3F880309A4AB6
:104FF0009A4900209847F0EE6BAA0020BFE60B9B71
:105000001821DB43B3FBF1F3DB431BB20AE50C9B36
:10501000DA431823B2FBF3F2D24312B2FAE482422B
:1050200010D10E930E9BAEEB030E1FFA8EF20B9275
:105030000022CDE9143216924AE50C9B99424FF0BA
:105040000003ECD014930B930E9338E5AB7A172B37
:1050500000F2DE80092B00F2EC80C3F109039AB262
:10506000152326F8083C069B26F8062C002B00F09A
:105070001B8203EB4202938926F8043C2B7C013B04
:10508000042B00F26B82DFE803F07D626D580300B1
:1050900000214FF002080B204FF0050C08228E462D
:1050A0000B467084A6F8208042EA02424FF00108C5
:1050B0000CF1FF30326008FA00F008FA0CF2013A05
:1050C000013892B2400270819001520280B2328166
:1050D000002260F30F0260F31F42726099F85D20B6
:1050E000002B00F0C380BEF1000F00F0BF80022A49
:1050F00000F222815A4B134493F8F03BB381069B94
:10510000002B00F0C9800023A6F81C803382069B88
:105110000B91D3E9328C0022D3F8C4300A931346A2
:105120000A9908EB1240401A0B998842624480F2B7
:10513000468101330F2BF3D142E100214FF00208E9
:1051400006204FF0030C08228E460B46A9E74FF0CD
:10515000010C4FF003080220082296214FF0FA0EAE
:1051600063469EE7022304219C460822082A718494
:1051700033843FF62EAD4FF0000E42EA02427146F4
:10518000734693E7069B00219A8C4FF0010C042391
:10519000ECE7EB7B052B00F2C781DFE803F00D0A9B
:1051A000070314104FF490730F939EE4C0230F93E2
:1051B0009BE4A0230F9398E480230F9395E44FF48E
:1051C000F0730F9391E44FF4C0730F938DE40423B5
:1051D000FFF7E8BB0C9A109B9B1A0A9A93FBF2F319
:1051E0009BB2CFE6B8F1000F1DD12B7B53B3059BCB
:1051F0001C4AD3F880301949404698470423FFF7EA
:10520000D1BB0F2B12D90F3B9AB200210F23A8E478
:10521000059B154AD3F8803010490020DDE9068A45
:105220009847FFF714BB0223FFF7BCBB00221146CF
:1052300097E4102B94BFC3F11E03C3F117039BB275
:1052400000220EE74FF001080423FFF7ABBB019BE0
:1052500002931C46FFF7ABB9E4F00008C0EF00086A
:1052600060A90008A0F1000858F20008072A63D8D6
:10527000B248024492F8F42BB281069A62B100223D
:105280003282002B66D1B3837382F381B38273833E
:10529000F38233830023F3832B89EA7A3285012B4F
:1052A00055D0023B9BB20121B384AB7B26F8023C74
:1052B00083F00103F18473850999BBF80C303B80BE
:1052C0000B443981ABF80C30AB88297C06EE903A60
:1052D0002B89012907EE103A338C2AD0022914BFFA
:1052E000F0EE695AF0EE4A5A01339BB207EE903A5B
:1052F000F8EE677AB1EE006AF8EE666A67EE867AD3
:10530000B8EE477A67EEA67A0198029B67EE877A35
:10531000014667EEA57A002808BF114667EE897A34
:105320000191FCEEE77A17EE902A13440293FFF7FF
:1053300030B9DFED835AD7E7059B824AD3F8803036
:1053400081490020DDE9068A9847FFF780BA0023EB
:105350001946A9E70123B383BEF1000F7FF4D7AE4E
:10536000A6F812E0724671460023F181B38273837E
:10537000002A4CD1F28213469E44069BD3E92F812A
:10538000F04542DA0846002303F1010C0A931FFAA4
:105390008CF3162B2ED008EB104CBCEB0E0C0844F3
:1053A000F2D4002A7FF475AF0A9800FB01F108EBF4
:1053B0001148AEEB08029445C8BF034669E79BB2AB
:1053C000069A7382D2E9368303EB830208EB12421A
:1053D000F92A65DC062003FB00F0052202E0BCF19F
:1053E000FA0C52D51146013292B2142A08EB104C35
:1053F0001844F4D1059B554AD3F880305249002017
:10540000DDE9068A9847FFF722BA002341E7069AAA
:10541000D2E9340C704545DA6246984601339BB2B6
:10542000162BE7D000EB1241B1EB0E016244F4D42D
:105430000CFB08F200EB1242AEEB02029142D8BF25
:1054400098460699728AD1F8CC30A6F8168003FBEC
:1054500002F2D1F8C83003EB12430A46D1F8C41067
:105460000B91F1890A910B995B1AD2E9362EC1D4BE
:105470000A990CFB08F80EFB01F102EB114200EB5C
:10548000184002EB000EFA2276E701FB03F308EB6B
:105490001343C3F1FA039C45D8BF1146FA2263E7D0
:1054A0000521FBE79846CCE7069B26F8043C2B7CBD
:1054B000013B042B52D801A252F823F0EB54000810
:1054C0004F510008655100083B51000891500008F9
:1054D0000123FEF7B4BF2E9A1371AAF8AC31B8F1CC
:1054E000000F7EF4DFAFFFF76FB900204FF0040824
:1054F0004FF0010C0222014686460346D1E500200A
:10550000D5F88030124A10499847DFED127A002012
:1055100060E4059B104AD3F880300B490020DDE998
:10552000068A9847FFF793B9059B094AD3F880305C
:10553000054900209847FFF7D4BA00BF60A90008CA
:10554000CDCC4C3E70F20008C0EF000890F200088D
:1055500014F200088000000068F10008059B084A6A
:10556000D3F880300749DDE9068A002098475623A2
:1055700003FB04A30022C3F86E20FFF768B900BF45
:1055800068F10008C0EF000870B5FEB04FF4E27299
:1055900004460D460DA8002103AE03F0FBFD009666
:1055A0000DAA05AB00212046FEF7F0FE08B97EB03B
:1055B00070BD94F85B202B46314605A8FBF782FBB3
:1055C000F5E700BFF8B595692B7802EB43030F466A
:1055D000B3F84460536901466888144603EB400001
:1055E000720004F0D9F96B88E26D1E4413786E8066
:1055F00003B93B791370F8BD2DE9F04F2DED048B05
:10560000038F8DB00546002B00F01581B0F84030B7
:10561000428F0469B0F850E007925B000293838FD9
:10562000C28F34F913300B92BEF1000F00F00381EA
:105630001B010893D0E91223D718B0F85200B5F82F
:105640004230DFED8A8ADFF830B20193FE434FF03B
:105650000008F6EE009A0990C1460496CDF828E0BD
:10566000834B83FB0710F917C1EBA00101EB41004D
:10567000A7EBC00000281FFA89F886B2C0F2EB80C1
:10568000002FC0F2F180089B09B2090481FB0301DD
:10569000002906DA4FF6FF7C10EB0C0C604641F156
:1056A0000001079B000C40EA0140991934F91110E0
:1056B000A0EB011007EE900AB8EEE79A29EE289ABF
:1056C000B0EE490A03F022F9B0EE408AB0EE490A82
:1056D00002F0C2FE019B002B00F0A2800B9BB5F8EC
:1056E00044A01E4404EB46030020CDE90597039334
:1056F0000646009059E095F838C0BCF1000F4BD039
:1057000007EE101A07EE903AF8EEC76AF8EEE77A5D
:1057100026EE806A27EE887A66EE886A37EE467A49
:1057200067EE807AB5EEC07A77EEA67AF1EE10FADF
:105730004CBF37EE697A37EE297AF5EEC07AF1EE92
:1057400010FABDEEC77A4CBF77EEE97A77EEA97A08
:1057500017EE103AFDEEE77A5B4517EE901A47F622
:10576000FF70B8BF5B468342D5F85490A8BF03468C
:105770005945B8BF594699F800E08142A8BF014693
:10578000BEF1000F04D117EE100A98425BD0E64636
:1057900089F800E01BB209B2A352009B7980534400
:1057A0000093019B01369E4238D0009B95F839C08A
:1057B00008EB5302029B92B203EB8202A718A35E8E
:1057C000B7F90210BCF1000F95D00398B0F800C0F3
:1057D0000CF01F0E0EF1300E03FB0EFE4FEA9C2361
:1057E000203BCCF3441C01FB03F3BEF1000F0CF192
:1057F000300C01FB0CFCB8BF0EF13F0E002BB8BF04
:105800001F334FEAAE1EBCF1000F0EEB6313B8BF9F
:105810000CF13F0C1BB24CF38F116CE7DDE90597DF
:10582000099B049A1F44D31A04930A9B09F10109A6
:1058300099457FF415AF286843680DB0BDEC048B23
:10584000BDE8F04F184717EE900AB0EB010E18BFF5
:105850004FF0010E9CE71836B6B2049B054AA2FB36
:1058600003016FEA11110EE70026F6E7000080370A
:10587000ABAAAA2AABAAAAAA0080FFFF2DE9F04F83
:10588000DFF81C83B248ADF5677D08F6144104F0DB
:105890003FF9B049B04BC1F84431022208F66C45DB
:1058A00001F1700481F888200FCD0FC495E8030042
:1058B000502284E80300A9496C20FDF74DFB0490B9
:1058C000002800F08282049CA54B224608F6844101
:1058D00042F8043B10460292682204F089F8204600
:1058E000FBF7FCF8002840F06C82049C2046FBF794
:1058F000F5F810B1032384F86230049C2046FBF7CE
:10590000EDF808B10523A373049C2046FBF7E6F8E5
:1059100008B164236360049C2046FBF7DFF808B1FC
:1059200005232381049C2046FBF7D8F810B10F23F0
:1059300084F82230049C2046FBF7D0F810B14FF4D5
:105940009673A361049C2046FBF7C8F808B11423A2
:10595000A383049C2046FBF7C1F810B1172384F8F9
:105960003630049C2046FBF7B9F810B14FF4FA73B7
:10597000E362049C2046FBF7B1F808B10A232386B2
:105980000498FBF7ABF8002800F0BE81714A92F84A
:105990008830012B40F2AE80049BD2F8804093ED1A
:1059A000150A704A6D49B5EEC00AF1EE10FA4BBF08
:1059B0006D4B6E4BF1EE406AF0EE406AFBF76CF80F
:1059C000DFED6B7A019076EEA76A0220FCEEE66AC4
:1059D000CDED006AA0475F4A92F88830012B40F273
:1059E0008980049B5B4F93ED160AD2F880405B4997
:1059F000604AB5EEC00AF1EE10FA4BBF5A4B5B4B52
:105A0000F1EE406AF0EE406AFBF746F8DFED587AB7
:105A1000019076EEA76A0220FCEEE66ACDED006A00
:105A2000A04797F88830012B64D9049DD7F88040AF
:105A3000B5F85C30504A49490220A04797F88830B1
:105A4000012B57D995F85E3004954C4E4C4D4D4A7C
:105A5000D7F880404149002B0CBF33462B4602202B
:105A6000A04797F88830012B3A4643D9049FD2F8D3
:105A7000804097F85F303949002B0CBF33462B46E6
:105A800015460220404AA04795F88830012B31D9AD
:105A900097F863303D4AD5F880403049022B96BFD5
:105AA00008EB83033A4BD3F8EC3C0220A047294A89
:105AB00092F88830012B1DD9049BD2F8804093F8CE
:105AC0006430344A2549022B96BF08EB8303304BE0
:105AD000D3F8EC3C0220A0471E4A92F88830012BF4
:105AE00008D9049BD2F8804093F862302A4A1B49B7
:105AF0000220A047049B93F86230002B00F0048141
:105B00000026DFF8A0B0154D049CB246114991F86B
:105B10008820012A40F2F1800E46D1F88070534669
:105B20005A4629460220B84796F88830012B40F2A1
:105B3000E180084B194AD3F880701E4629466368F5
:105B40000220B84796F88830012B40F2D3802BE032
:105B5000F4F200088800002000366E01CCE800084E
:105B60000FB0371330F3000834ED0008C8E900081F
:105B7000BD37063548F3000860F30008E4F200087A
:105B8000DCF2000878F3000894F30008ACF3000896
:105B9000ECF20008C8F30008E4F3000808F4000879
:105BA00060A90008F8F30008B94BBA4AD3F880702E
:105BB0001E46294623890220B84796F88830012BD3
:105BC00040F29880B24BB44AD3F880701E46294602
:105BD00063890220B84796F88830012B40F28A800A
:105BE000AB4BAE4AD3F880701E462946A3890220EB
:105BF000B84796F88830012B7CD9A54BA84AD3F832
:105C000080701E462946A37B0220B84796F888304C
:105C1000012B6FD99E4AE37BD2F88010DFF8949273
:105C2000A04FA14A002B0CBF4B463B460E4602201C
:105C30002946B047964A92F88830012B5AD9944A9F
:105C4000237CD2F88010994A002B0CBF4B463B4670
:105C50000E4602202946B0478D4A92F88830012B23
:105C600048D98B4A637C1646002B0CBF4B463B46FB
:105C70002946D2F880708E4A0220B84796F88830BC
:105C8000012B37D9A17C874A8A4B002918BF1346BC
:105C90007F4A1646D2F88070874A29460220B847C4
:105CA00096F88830012B25D9237D794A013BDBB258
:105CB000042B96BF08EB8303804BD3F8F83CD2F853
:105CC00080707F4A29460220B847714B93F888308C
:105CD000012B0FD9E37C6E4A052B98BF08EB830399
:105CE000D2F8807094BFD3F80C3D744B754A2946A6
:105CF0000220B847049B93F862300AF1010A9A45E2
:105D000004F11404FFF402AF0498FAF7E7FE002848
:105D10004AD06D4967221020FDF71EF9089000282F
:105D200042D06A4B0360049B93F86240002C59D028
:105D30006749B3F85C4038221020FDF70DF964493B
:105D400081463922FC20FDF707F90546002C00F0BA
:105D50002E815F493E226020FDF7FEF801230446B4
:105D6000B9F1000F00F01481002D00F0118113B182
:105D7000002C00F00D81C5F898400298C9F8005039
:105D800075A9FFF701FC00283AD1414B514AD3F8DD
:105D900080304F4998474846FAF762FF089A002337
:105DA00053601046FAF71EFF4B4803F09FFE002396
:105DB0001A46194604980DF5677DBDE8F04FFCF7CB
:105DC0009FBD1023A4F85C308FE5444803F08EFE9D
:105DD000434B4FF480529A620DF5677DBDE8F04F5A
:105DE000FCF7E8BC3A4938221020FDF7B5F83849ED
:105DF00081463922FC20FDF7AFF823460546AFE780
:105E0000BDF8E841BDF8F431D5F8988023449AB242
:105E1000BDF8EA310B92A5F89E2005F1F8025B006F
:105E2000C5F8842005F1F402C5F8E830C5F88820EB
:105E3000002305F1F602C5F89430A5F89C30C5F8AA
:105E40008C2005F1F00305F1F7022C876B62C5F891
:105E50009020B8F1000F09D005F1EC02C8F8182025
:105E600005F1F502C8F82430C8F85C20C5F8D83030
:105E70000B9BA5F8E430089BC5F8DC30049B0DF1C2
:105E8000A80B93F862E00DF5FF70594600222FE051
:105E9000880000202CF4000850F4000874F4000876
:105EA00098F40008DCF20008BCF40008E0F40008F4
:105EB00004F50008E4F2000828F50008ECF20008F8
:105EC0004CF5000870F5000810E900080DB0371314
:105ED00094F50008A4F5000820F6000814F3000863
:105EE0000004004830F8023F5B0821F8023B013211
:105EF000D3B29E45F6D8BDF8F03123449EB2049B40
:105F0000B3F85CC0BDF8F2310A93BCF1000F49D17F
:105F1000E246BDF8EE31BDF8EC21DDF8D611BDF852
:105F2000DA01A5F87A002344A5F87E30A54B2B644E
:105F3000A54B6B64A54BAB640323224485F87430F6
:105F40000F23C5F87610A5F87C20A5F88030B8F1AD
:105F5000000F00F0F582002377990E91CDE93C33D4
:105F600078990F91CDE93E33CDE94033BDF8E41186
:105F70000D913DAA09920DF5FB71D8B2864518D94D
:105F800031F8020F22F8020F088910810133F4E77B
:105F90004846FAF71FFE2846FAF71CFE2046FAF795
:105FA00019FEFBE6BDF8F631B3FBFCFAB1E7234678
:105FB000D6E6874A07920023864A0692C8E9133339
:105FC000854A0592C8E915331C46844BC8F804304D
:105FD00008F14802824BC8F80830CDE914CA814B59
:105FE0000392049FA8F838C008F13A02CDE910B92D
:105FF000CDE91265DDF82490A8F83AA0C8F80C3075
:10600000F3461646CDF82480E3B29B450C9340F24C
:106010009E8239F8025F26F8025FB9F8088072495B
:10602000A6F808802F22EC20FCF796FF6F498246E5
:1060300000287BD06E4B03646E4B81644364397DD2
:106040000139042900F27D85DFE801F0676A036DFC
:1060500003006FF00C000D9A97F811C00B9BAAF883
:106060007A20149AAAF87E20159AAAF88020591945
:10607000DDE90E5289B2BCF1000F18BF15467A68EF
:10608000AAF87C10CAF876504FEA480397F810E057
:106090008AF874E0CAE92120B868CAF8E030079BA2
:1060A000CAF89C30069BCAF8A030059BCAF8A430F9
:1060B000099BCAF8D4300AF1E4038AF875C0CAF81B
:1060C0008C00AAF89610AAF8DC10CAF82430CAF896
:1060D000D03000235546AAF83830AAF89430464B01
:1060E000CAF8D8300AF13C000AF1E803CAF8903047
:1060F00045F8980BCAF83C50FBF788FD1437651C2F
:10610000002800F02481DAF80000C3689847039B58
:1061100043F804AF2C46039376E76FF00B009AE741
:106120006FF0060097E76FF00F0094E7DDE910B914
:10613000DDE91265DDF824800394039B2F4A304982
:10614000123308EB830300245C602E4B2046D3F807
:10615000803098470C9F0CE05FFA83FA08EB8A0ABC
:10616000DFB2DAF84C0010B1264B9B6F9847CAF8A3
:106170004C407B1E002FEFD1D5F89880079BC5F8C7
:10618000A430069BC5F8A830059BC5F8AC301E4B63
:10619000C5F8E03005F13C032B60B8F1000F00F0CA
:1061A000DB8105F1A003C5F83C80C8F80030286801
:1061B0008368984770BB134B144AD3F88030144956
:1061C0009847E8E5751A00081D1B0008151B000814
:1061D000251B0008311B00085D0C000899190008F8
:1061E000151A00080D1A0008C8F50008051C00085B
:1061F000F95500080D1C0008C5550008FCF50008FD
:10620000F4ED000888000020110B0008DCF5000800
:1062100094F500082868C3689847B44BC9F804305F
:10622000B34BC9F80C30089B0024C9F80840C3F8E8
:106230000490049B254693F862000DF16E03E2B2D0
:10624000904224D9BBF8002057192946BDB223F843
:10625000021F0134042C1A810BF1020BEFD10498B8
:106260000A9AB0F85C300593089B03959E81DA8109
:10627000FAF734FC20B1029875A9FFF785F948B9FF
:106280009C4803F033FC00230899002292E500218A
:106290000A46DCE7BDF8D4310A93184603F0CEFB7A
:1062A0008246002864D0944B4FF480529A61FCF7E8
:1062B00081FA924937221420FCF74EFE0746002847
:1062C00040D08F49782240F25E20FCF745FE00283E
:1062D00000F0E080012500264FF44053DFF85C8297
:1062E000A0F8C45180F8C65103223861BD607E60B9
:1062F0007E73C7F8008075A9759328462B46ADF8C4
:10630000D861FAF733FCBDF8D83141F2102293423C
:1063100030D07C4A7C49D2F880407C4A3046A04745
:106320003846FAF783FC2846FAF760FD50B1374645
:10633000744B774AD3F8803070490020984738462C
:10634000FAF774FC734803F0D1FB53469CE76D4F9A
:10635000714AD7F880307149DDF824800394DDE973
:1063600010B9DDE912659847BB6F50469847E4E6DF
:106370006B48E8E72846FAF739FD05460028D7D1EB
:10638000B868FBF70DF9BE680322294640F24913AD
:1063900000923046FBF7D4F82246009540F24913AC
:1063A00002213046FBF7CCF82146009540F2491314
:1063B00010223046FBF7C4F8009540F24913202222
:1063C00005213046FBF7BCF80095304640F24913F2
:1063D0004FF47F520621FBF7B3F80A9D07F10D0435
:1063E0003B68434516D0474B4E4AD3F8803043496B
:1063F000002098474C4803F079FB3846FBF71CF81F
:106400000899049853463A46FCF77AFA0DF5677DE9
:10641000BDE8F08F39AB0093B86823462A46514651
:10642000FCF72AFF0028E5D07B7B0A2B04D0FCF781
:106430009DF90028D4D1DDE72F4C4FF48055A5629B
:10644000FCF7B8F9A561FCF7B5F93846FAF774FB23
:1064500008B93648CFE7364939AD4FF0FF32002052
:1064600015F8013B08245A4042F300030B40013C5D
:1064700083EA5202F8D10130EC28F1D1749BD24367
:1064800093420CD01F4B2B4AD3F880301B49204637
:106490009847DEE738613846FAF79CFB52E70498E4
:1064A000FAF71CFB0028D4D0B868FAF79FFC3873C1
:1064B000002855D0D7F808803E694FF4E2720021D9
:1064C00075A802F067FE3C2200212AA802F062FEB5
:1064D00096F8C551002D00F0A9800A4B164AD3F852
:1064E0008030074900209847B3E700BF4D0C0008F3
:1064F000610C000840F6000800040048ECE80008C1
:106500003CE9000888000020B4E9000880F6000893
:10651000A0F60008BCF60008DCF50008C8F5000885
:1065200064F60008D4E80008D8F600089CF70008D4
:106530002083B8EDF8F600080CF700080EB037130A
:106540009A4B07939A4B06939A4B059316E6DDE90F
:1065500010B9DDE912650FE605F1A003EB6326E64D
:10656000B868FAF781FD3A7B002AA3D1D7F80880F2
:106570003E690028A1D121464FF4E27275A819ACFA
:1065800002F008FE0298009422AB75AA39A9FDF723
:10659000FDFE00283FF45DAF049B214693F85F2089
:1065A00022A82AABFAF78EFB00283FF452AFBDF8C1
:1065B000BA30BB80BDF8BE30FB807F4B4046B3F89D
:1065C0007040FBF707F848B30A9B64085B08A342D6
:1065D00028BF2346023B23F0010306930AF104037C
:1065E0009B4600240DF16009069BC9F80030224645
:1065F0004B46594675A8FBF7C5FAD9F80030610833
:10660000054652464046FAF7CBFB069B1C44A4B213
:10661000B4F51E6F80F04182002DE5D1664B674ACC
:10662000D3F8803066490020984712E719AC0298E9
:10663000009422AB75AA39A9FDF7A8FE00283FF403
:1066400008AF049B214693F85F2022A82AABFAF7F3
:1066500039FB00283FF4FDAEBDF8BA30BB80BDF871
:10666000BE30FB800DF160094B460DF15E0275A94D
:106670003046FBF755FEB9F80020BDF85E309A426F
:1066800080F0EF813346029ADFF858B139A975A836
:10669000FCF702FD039E059B16FB03F39BB24FF034
:1066A00005080993D14644463B68464A934209D0BF
:1066B000414B454AD3F8803044490020CA469847A8
:1066C000434898E63B7B53BBB8681521FAF7C0FBFB
:1066D000002838D001233B73FCF748F8002800F06D
:1066E000BB813B68374A934209D0334B364AD3F8D3
:1066F000803036490020CA46984736487BE6FA88FB
:10670000BB8813440A9AB2EB430F1ED22A4B324A7B
:10671000D3F880302D490020CA469847EDE73D69FF
:10672000B86895F8C6110122FAF7D0FB95F8C52193
:10673000F2B195F8C621022A0CBF0122022285F887
:10674000C6210028C8D1CA46BAE7BD68D7F810806C
:10675000284698F8C611FAF75DFB58B9164B1F4A40
:1067600017492C46D3F880502346CA46A847C4E7A9
:106770000122E4E798F8C61175AA2846FAF7F0FB5B
:1067800008B9CA46B9E7BDF8D431032B2CD0BDF8FF
:10679000D6310093084B124A09492C460020D3F801
:1067A00080502346CA46A847A7E700BF251B00081C
:1067B000311B00085D0C00088800002088F70008E5
:1067C0003CE900080EB03713D4E80008ECE80008F4
:1067D000B8F7000898F80008F0F7000808F8000873
:1067E00028F80008DCF80008BDF8D631D7F810A06A
:1067F000C3F30013A9F800309AF8C43123B19AF812
:10680000C6315A1E53425341A9F80230BAF8C83172
:10681000A9F8043009F106020AF5E5730AF5FD7ED0
:106820001D6858689968D3F80CC0C2F80CC01033C2
:10683000734515605060916002F11002F0D1BAF812
:10684000FA31A9F836300AF5FE7509F1380E0AF565
:106850000B7828686968AA68EB68F446ACE80F0012
:1068600010354545E646F4D1BAF82C32A9F868301F
:1068700009F16A020AF22E230AF25E2A1D6858689C
:106880009968D3F80CC0C2F80CC01033534515609A
:106890005060916002F11002F0D1FD883B69B86848
:1068A00093F8C621B988B5F5005F00F2C580013ABA
:1068B00018BF0122120309EB41012B46FCF78AFCA9
:1068C000002800F0CC80002D3FF45BAF089B9E4A6F
:1068D0001B68934200F087809C4B9D4AD3F8803020
:1068E0009C4900209847049B099A1B68B2FBF6F567
:1068F000994A934273D0954B984AD3F8803098497F
:10690000002098470122099B9E4252D80021084648
:10691000002A5BD0CDE90665CDE90B9705920D9471
:106920000A46CDE902200DF16E094FF00008039BE5
:10693000B9F80260B9F80A50029A8A482C9C1E44A1
:10694000414609F10209B6B203F0E2F8CDB104EB19
:10695000860A854F0AF1020600240CB163073AD07B
:1069600036F924203AF9243000920F215A4675A8AE
:1069700003F0F4F8013475A9384603F0C9F8AC42C5
:10698000EBD10A2003F052F808F10108059A5FFAEA
:1069900088F39A42CBD8DDE90220069B07990132A1
:1069A000184493B2994280B2BBD8DDE90B97069E9A
:1069B0000D9C013C7FF478AE049808994B463A460A
:1069C000FBF79EFF694803F091F81FE501318BB298
:1069D0009D42FBD8EDE70A2003F028F8C0E7049BAE
:1069E00093F862208FE7089B2AAA59689A60086882
:1069F000038F09EB43034361B0F8943009EB430381
:106A0000C364B0F8963009EB43030365D0F89830BF
:106A10004BB1B0F89C2009EB42021A61B0F89E20FD
:106A200009EB42025A61B0F8E4304A6809EB4303CB
:106A3000C0F8B030904756E7444B4D4AD3F8803009
:106A40004C490020CA469847404B4B4AD3F8803007
:106A50004A490020984750E64948CA46CBE4CA460E
:106A6000F2E729464046FAF7D5F918B94046FAF751
:106A7000FBFAF0B10DF15E024B4675A93046FBF70B
:106A80004FFCBDF85E40B9F8002094421FD9404643
:106A900001228021FAF7B0FCF4E5002D3FF4BEADF1
:106AA000802300930A9A374B40465146FCF75AFB25
:106AB000E8E5264A92F88830002B3FF4CAACD2F8B9
:106AC00080403149314A43460120A047C1E41F4B71
:106AD0000A99B3F8703049085B088B4228BF0B460F
:106AE000911C023B091B23F0010389B28B4228BF92
:106AF0000B4606930AF104030793934604E0069BB2
:106B00001C44A4B25C4513D8069AC9F80020079922
:106B10004B46224675A8FBF735F805460028EED00F
:106B2000D9F80030524661084046FAF739F9E6E7ED
:106B3000404601228021FAF75FFC002D3FF489AC2A
:106B4000A0E50020FFF787BA0DB0371388000020BA
:106B5000F4E8000810E900080FB03713B4E80008A3
:106B6000CCE80008B0F80008E8F80008F0F80008E1
:106B700054F8000870E900086CF800083CE90008C7
:106B8000D4F7000850B4000870F700084CF700086C
:106B9000FEE700BFFEE700BFFEE700BFFEE700BF65
:106BA000FEE700BF704700BF704700BF704700BFDF
:106BB000024AD36E0133D366704700BF88000020BD
:106BC0000C4B0D49D3F88C204FF480104861D168EC
:106BD000490503D4012283F8AD207047D168C9B2BA
:106BE00061F49061D1600120012283F8B00083F844
:106BF000AD2070478800002000040140034B5A6913
:106C0000120744BF08225A61704700BF00040140C8
:106C10000148F9F70FBC00BF580200200148F9F7FE
:106C200009BC00BFA00200200148F9F703BC00BF67
:106C30003C0100200148F9F7FDBB00BF84010020A2
:106C4000084810B4D0F86032D0F8944299691A68B4
:106C50002CB1234600F518705DF8044B18475DF819
:106C6000044B70478800002070B5AE4CD4F84851F2
:106C7000EB692A68A96840F60F00034240F087805C
:106C8000980602D5960600F1F380D4F8A8010128F1
:106C900016D0D80202D5490200F1F4801E0605D4B0
:106CA000590602D5530600F1258170BD1006F7D5AF
:106CB000D4F8B431002BF8D0BDE870409A4818479A
:106CC000DE06E6D5D006E4D510232B62AB68B4F817
:106CD000A0215B0640F14281D4F8BC3119684B68B1
:106CE0009BB2002B00F09681934280F09381A4F830
:106CF000A2310B689E0644D455E8003F23F480730C
:106D000045E800324AB1D4F8482152E8003F23F464
:106D1000807342E800310029F5D1D4F8482102F10E
:106D2000080353E8003F23F00103083242E8003132
:106D30000029F2D1D4F8482102F1080353E8003FBA
:106D400023F04003083242E800310029F2D1202329
:106D5000C4F8C831C4F8A811D4F8482152E8003F5B
:106D600023F0100342E800310029F5D1D4F8BC31FA
:106D700093F82520022A00F054810422DA6383F874
:106D800024100223C4F8AC31B4F8A23170BD11F064
:106D9000010640F09E80654802423FF476AFD80776
:106DA0000FD5D10540F1D68001212962D4F8CC114C
:106DB00041F00101C4F8CC1199076BD5002E40F0C9
:106DC0008C8058077DD51E0700F1C1801E050AD5AD
:106DD000500108D54FF400612962D4F8CC1141F07C
:106DE0002001C4F8CC11D4F8CC1100293FF45DAFD8
:106DF000990602D5920600F1A080D4F8CC21AB68A8
:106E000002F0280203F04003134300F000814648DB
:106E1000F9F7CEFDAB685B067FF547AF05F10803D8
:106E200053E8003F23F0400305F1080141E8003238
:106E300062B1D4F8482102F1080353E8003F23F07F
:106E40004003083242E800310029F2D1D4F8BC01F5
:106E500000283FF42AAF90F82530354A8263022B90
:106E600000F0BB800423BDE87040C363F9F70CBE9B
:106E7000D4F8B031002B3FF418AF04F5A470BDE88E
:106E8000704018474FF480132B6270BDD1058BD42E
:106E9000980722D4590714D5002E94D004212962D2
:106EA000D4F8CC11180741F00201C4F8CC118DD5EB
:106EB00008212962D4F8CC1141F00801C4F8CC11A2
:106EC00084E7190782D502F0200131433FF47EAFF9
:106ED000EEE7D807DAD499072CD502212962D4F835
:106EE000CC115E0741F00401C4F8CC11D6D41907C7
:106EF000DED46BE755E8003F23F0400345E800325D
:106F00004AB1D4F8482152E8003F23F0400342E858
:106F100000310029F5D120220023C4F8C421C4F88F
:106F2000B43170BD88000020D00100202001000491
:106F3000890A00085E07B1D4D9E7D4F8B031002B34
:106F40003FF45BAF42489847D4F8485155E7900664
:106F5000AED43BE798073FF534AF9BE7B4F8A211F6
:106F6000B4F8A2319BB289B2002B3FF49EAE91429D
:106F70003FF49BAE55E8003F23F4907345E80032A0
:106F80004AB1D4F8482152E8003F23F4907342E814
:106F900000310029F5D1D4F8482102F1080353E863
:106FA000003F23F00103083242E800310029F2D10A
:106FB0002023C4F8C831C4F8B011C4F8A811D4F81B
:106FC000482152E8003F23F0100342E80031002935
:106FD000F5D10223C4F8AC3170BD0268436C11686E
:106FE00021F00E011160116821F0010111600124EE
:106FF000026C03F01C0304FA03F35360002380F8CF
:10700000254080F82430BDE87040F9F73DBDC4F854
:10701000CC3170BD93427FF448AE0B689D06D8D446
:1070200070BD1A681D6C106820F00E0010601068AA
:1070300020F0010010605A6C012002F01C0200FADE
:1070400002F26A6083F8250083F8241099E600BFF5
:10705000D0010020034B5A69120544BF4FF400626F
:107060005A6170470004014010B5194C194AD4F810
:107070008C304FF4802151619A68D20402D5DA68CD
:10708000D00509D49A68910402D5DA68920513D420
:10709000012384F8AD3010BDDA68D2B262F4C07258
:1070A0000121DA6084F83C13FBF7BEFE68B9D4F81E
:1070B0008C3084F83C03E5E7DA68D2B262F42072DF
:1070C000DA60012384F8AD3010BDF9F761F800BF34
:1070D0008800002000040140034AD2F8883043F4BD
:1070E0007003C2F88830704700ED00E0F0B4C56F5F
:1070F000202D4AD10C4601B112B90120F0BC7047D5
:10710000194600252123C0F88450C3678368294F9E
:10711000A0F85020B3F5805FFE6EA0F8522037D063
:10712000B0F85220036892B2B2B1DA69120604D400
:107130004A1C1DD1DA691206FCD504B314F8012BE0
:107140001A85B0F85220013A92B2A0F85220B0F855
:10715000522092B2002AE8D1DA69520604D44C1CBB
:107160001CD1DA695106FCD52023C3670020C5E78E
:10717000FA6E921B914218D3B9B11A68D5E735F867
:10718000022BC2F308021A85DBE70220F0BC70472D
:107190000369002BC4D125461C46C1E7FA6E921B39
:1071A000914202D309B11A68D6E72023C367F0BC25
:1071B00003207047880000202DE9F04F89B0049328
:1071C000002900F0898002F003077D1EC2F300133E
:1071D0000295DFF8B0B1694C059302F44035002305
:1071E0004FF0010803959246019708FA03FC1CEA48
:1071F00001066DD0029F5A0003259540012F6FEACA
:1072000005056CD9019F032F40F0AC80D0F800C079
:10721000019F0CEA050C07FA02F242EA0C02026036
:10722000039A002A54D0DBF8602042F00102CBF828
:107230006020DBF8602002F001020792079A23F039
:10724000030202F1804202F5803203F0030CD2F80F
:1072500008E04FEA8C0C0F2505FA0CF5B0F1904FC1
:107260002EEA050E11D0464DA84277D005F580656F
:10727000A84275D005F58065A8426DD005F58065FA
:10728000A84214BF0725042500E0002505FA0CF5E7
:1072900045EA0E059560A268F5431AF4801F0CBFFD
:1072A0002A403243A260E2681AF4001F0CBF2A4051
:1072B0003243E26062681AF4003F0CBF2A40324356
:1072C000626022681AF4803F0CBF2A403243226079
:1072D000013331FA03F288D109B0BDE8F08FD0F85C
:1072E0000890129F09EA050907FA02FE4EEA090E04
:1072F000C0F808E0D0F804E0059F2EEA0C0E07FA6B
:1073000003FC4CEA0E0CC0F804C0049FD0F80CE05B
:1073100007FA02FC019F0EEA050E4CEA0E0C022F42
:10732000C0F80CC07FF472AF4FEAD30900EB8909B3
:1073300003F0070CD9F820704FEA8C0C4FF00F0EB9
:107340000EFA0CFE27EA0E0E139F07FA0CFC4CEA0D
:107350000E0CC9F820C059E7032597E7012595E7EA
:10736000022593E7D0F80CE0049F0EEA050E07FA19
:1073700002FC4CEA0E0CC0F80CC047E700040140C8
:107380000004004800100240034613F8012B002AB5
:10739000FBD1181A0138704753B94AB9002908BF00
:1073A00000281CBF4FF0FF314FF0FF3000F036B91E
:1073B000ADF1080C6DE904CE03F066F9DDF804E0E8
:1073C000DDE9022304B0704770B54FF0FF0C4CF4B8
:1073D000E06C1CEA11541DBF1CEA135594EA0C0F13
:1073E00095EA0C0F00F0DEF82C4481EA030621EA4E
:1073F0004C5123EA4C5350EA013518BF52EA033589
:1074000041F4801143F4801338D0A0FB02CE4FF03A
:107410000005E1FB02E506F00042E0FB03E54FF06A
:107420000006E1FB03569CF0000F18BF4EF0010E62
:10743000A4F1FF04B6F5007F64F5407404D25FEA5E
:107440004E0E6D4146EB060642EAC62141EA555111
:107450004FEAC52040EA5E504FEACE2EB4F1FD0C53
:1074600088BFBCF5E06F1ED8BEF1004F08BF5FEAD1
:10747000500E50F1000041EB045170BD06F0004683
:1074800046EA010140EA020081EA0301B4EB5C0430
:10749000C2BFD4EB0C0541EA045170BD41F4801128
:1074A0004FF0000E013C00F3AB8014F1360FDEBF4D
:1074B000002001F0004170BDC4F10004203C35DA29
:1074C0000C341BDC04F11404C4F1200500FA05F3AC
:1074D00020FA04F001FA05F240EA020001F000424D
:1074E00021F0004110EBD37021FA04F642EB0601C3
:1074F0005EEA430E08BF20EAD37070BDC4F10C04ED
:10750000C4F1200500FA04F320FA05F001FA04F2B0
:1075100040EA020001F0004110EBD37041F100019C
:107520005EEA430E08BF20EAD37070BDC4F12005A7
:1075300000FA05F24EEA020E20FA04F301FA05F20F
:1075400043EA020321FA04F001F0004121FA04F2B7
:1075500020EA020000EBD3705EEA430E08BF20EA87
:10756000D37070BD94F0000F0FD101F000464000C1
:1075700041EB010111F4801F08BF013CF7D041EA43
:10758000060195F0000F18BF704703F00046520047
:1075900043EB030313F4801F08BF013DF7D043EA18
:1075A0000603704794EA0C0F0CEA135518BF95EACE
:1075B0000C0F0CD050EA410618BF52EA4306D1D155
:1075C00081EA030101F000414FF0000070BD50EA74
:1075D000410606BF1046194652EA430619D094EAFE
:1075E0000C0F02D150EA013613D195EA0C0F05D1E8
:1075F00052EA03361CBF104619460AD181EA03013C
:1076000001F0004141F0FE4141F470014FF00000F3
:1076100070BD41F0FE4141F4780170BD704700BF7C
:1076200081F0004102E000BF83F0004330B54FEA33
:1076300041044FEA430594EA050F08BF90EA020FA0
:107640001FBF54EA000C55EA020C7FEA645C7FEA33
:10765000655C00F0E2804FEA5454D4EB5555B8BF56
:107660006D420CDD2C4480EA020281EA030382EAC7
:10767000000083EA010180EA020281EA0303362D59
:1076800088BF30BD11F0004F4FEA01314FF4801C2C
:107690004CEA113102D0404261EB410113F0004F3E
:1076A0004FEA03334CEA133302D0524263EB4303F5
:1076B00094EA050F00F0A780A4F10104D5F1200E93
:1076C0000DDB02FA0EFC22FA05F2801841F10001EE
:1076D00003FA0EF2801843FA05F359410EE0A5F1C2
:1076E00020050EF1200E012A03FA0EFC28BF4CF0F3
:1076F000020C43FA05F3C01851EBE37101F00045A9
:1077000007D54FF0000EDCF1000C7EEB00006EEBB5
:107710000101B1F5801F1BD3B1F5001F0CD349083F
:107720005FEA30004FEA3C0C04F101044FEA445296
:1077300012F5800F80F09A80BCF1004F08BF5FEA1D
:10774000500C50F1000041EB045141EA050130BDFD
:107750005FEA4C0C404141EB0101013C28BFB1F50F
:10776000801FE9D291F0000F04BF01460020B1FA5A
:1077700081F308BF2033A3F10B03B3F120020CDA2D
:107780000C3208DD02F1140CC2F10C0201FA0CF00B
:1077900021FA02F10CE002F11402D8BFC2F1200C70
:1077A00001FA02F120FA0CFCDCBF41EA0C01904026
:1077B000E41AA2BF01EB0451294330BD6FEA04046F
:1077C0001F3C1CDA0C340EDC04F11404C4F120025A
:1077D00020FA04F001FA02F340EA030021FA04F36C
:1077E00045EA030130BDC4F10C04C4F1200220FAC3
:1077F00002F001FA04F340EA0300294630BD21FA01
:1078000004F0294630BD94F0000F83F4801306BFC6
:1078100081F480110134013D4EE77FEA645C18BFBA
:107820007FEA655C29D094EA050F08BF90EA020F51
:1078300005D054EA000C04BF1946104630BD91EA49
:10784000030F1EBF0021002030BD5FEA545C05D14C
:107850004000494128BF41F0004130BD14F580048B
:107860003CBF01F5801130BD01F0004545F0FE41FF
:1078700041F470014FF0000030BD7FEA645C1ABF34
:10788000194610467FEA655C1CBF0B46024650EA6B
:10789000013406BF52EA033591EA030F41F4002197
:1078A00030BD00BF90F0000F04BF0021704730B51D
:1078B0004FF4806404F132044FF000054FF00001F2
:1078C00050E700BF90F0000F04BF0021704730B5B3
:1078D0004FF4806404F1320410F0004548BF404288
:1078E0004FF000013EE700BF42004FEAE2014FEADD
:1078F00031014FEA02701FBF12F07F4393F07F4FB8
:1079000081F06051704732F07F4208BF704793F0BA
:107910007F4F04BF41F40021704730B54FF46074CD
:1079200001F0004521F000411CE700BF50EA0102D0
:1079300008BF704730B54FF000050AE050EA010279
:1079400008BF704730B511F0004502D5404261EBE9
:1079500041014FF4806404F132045FEA915C3FF42A
:10796000D8AE4FF003025FEADC0C18BF03325FEAC7
:10797000DC0C18BF033202EBDC02C2F1200300FA78
:1079800003FC20FA02F001FA03FE40EA0E0021FA9D
:1079900002F11444BDE600BF4A0011D212F50012F4
:1079A00011D20DD56FF47873B3EB62520ED44FEA57
:1079B000C12343F0004343EA505323FA02F07047D7
:1079C0004FF00000704750EA013002D14FF0FF3015
:1079D00070474FF0000070470348044B834202D0C9
:1079E000034B03B11847704788000020880000202F
:1079F000000000000548064B1B1AD90F01EBA3013C
:107A0000491002D0034B03B118477047880000208B
:107A1000880000200000000010B5064C237843B910
:107A2000FFF7DAFF044B13B10448AFF300800123E2
:107A3000237010BDC50300200000000044A9000809
:107A400008B5054B1BB105490548AFF30080BDE8FB
:107A50000840FFF7CFBF00BF00000000C8030020B0
:107A600044A900086449654BCA682DE980484FF66F
:107A7000FF0002401343C7B00F20CB60FAF74EFE61
:107A8000002800F013835E490B6803F4C063B3F56C
:107A9000007F1ED00B685B4A5B4823F4C06343F44D
:107AA00000730B6013684A69322404FB03F3B3FBD1
:107AB000F0F3500503F1010306D500E023B14A6954
:107AC000520503F1FF33F9D44D4B5B695F0500F1BB
:107AD000EB824E4A9368D26803F00C03042B1CD04F
:107AE0000C2B16D049494A4C0A6842F480720A604D
:107AF000E06E04E0E26E121A022A00F2D5820A68F1
:107B00005605F7D54A6822F0F85242F080524A6092
:107B10000CE002F00302022AE4D13C493C4C0A6822
:107B20004A6822F0F85242F080524A603749D1F850
:107B3000942042F00102C1F89420E06E04E0E26E6D
:107B4000121A022A00F2B082D1F894209507F6D5D5
:107B5000CA6802F00300022800F0E5830C2B00F055
:107B6000A3822A4B1A68510100F19E821A6822F002
:107B700080721A60E16E04E0E26E521A022A00F28C
:107B800093821A689201F7D4D8682249224A0140A8
:107B90000A43DA601A681D4942F080721A60DA6896
:107BA00042F08072DA60E26E04E0E36E9B1A022B10
:107BB00000F27A820B689B01F7D5184B1A685507BB
:107BC0000BD41A6822F0070242F004021A601B6804
:107BD00003F00703042B40F067820C4A9368136894
:107BE000980140F16182936843F003039360E16E72
:107BF00041F2883019E000BF00ED00E00003FA0513
:107C0000007000400000002040420F0000100240C1
:107C1000880000208C809D01020A0038002002406C
:107C2000E36E5B1A834200F23F82936803F00C0319
:107C30000C2BF5D1936813F0F00F03D0936823F069
:107C4000F0039360CE4A136803F00703042B0BD9AB
:107C5000136823F0070343F004031360136803F071
:107C60000703042B40F02082C64DAB6823F4E06389
:107C7000AB60AB6823F46053AB60F8F729FCAA68EB
:107C8000C14BC249C2F30312134493F8243D03F0DD
:107C90001F0320FA03F348680B60FAF73FFD06461E
:107CA000002840F00182EB6CDFF8FCA243F00203F5
:107CB000EB64EB6C03F002030693069BEB6C43F062
:107CC0008003EB64EB6C03F080030593059BEB6C86
:107CD00043F00103EB64EB6C4FF0904803F00103B9
:107CE000049341F201274FF01009049BCAF8287051
:107CF0000223C8F828904FF48812CDE9000008212B
:107D00005046FFF759FA3246CDE90066A0480223F3
:107D10000921FFF751FA4046CDE9006602234FF4EE
:107D200044124FF40061FFF747FA39460327334600
:107D30005046019600970122FFF73EFA0223504673
:107D400032461946CDE90076FFF736FA02230122C2
:107D500049464046CDE90076FFF72EFA3146092024
:107D6000FAF7B2FCDFF844A24FF4007BCAF800B087
:107D70002820FAF7A9FC4FF48076CAF80460AB6CAF
:107D800043F00103AB64AB6C03F0010303930C20DD
:107D9000039BFAF799FC4FF48053CAF800300D208A
:107DA000FAF792FC4FF40053CAF800304846FAF74D
:107DB0008BFC4FF48033CAF800301120FAF784FCB2
:107DC0004FF40033CAF80030724AC4F858114FF427
:107DD000E133C4E95411C4E95911C4E95223C4F888
:107DE0006C114FF440730C216B48C4E95713FAF738
:107DF000B1FD002840F05881DFF8A0C194F865205B
:107E0000C4F820B04FF48273C4E902C34FF4706326
:107E10006361072363630823C4E90600C4E909001A
:107E2000C4E90B002061A063E36302F0FF0A002AAB
:107E300000F08281594B022684F86560196821F0B0
:107E4000400119604FF4417040F60871186000223B
:107E500059605348A2660125A3F5584384F865503C
:107E6000C4F86032A423C4E9990394F8A102C4E9D8
:107E70009B52C4E99D22C4E99F2200F0FF01002823
:107E800000F0B081D4F86032242284F8A12219686D
:107E9000D4F8642221F0010122F0706219601A61A5
:107EA0009A68D4F86C1222F4004201299A60D4F83E
:107EB000682200F00F8142F4044202299A6040F0E7
:107EC0000C815A6842F400625A605968D4F87022F2
:107ED00041F0007141F400415960D4F87412D8683F
:107EE0000A43D4F8781220F4004042EA0122D4F880
:107EF0007C12D860D4F88002DA60014319601968F6
:107F000041F00101196000222021C4F8A42284F864
:107F1000A112C4F8902284F8A22294F8A112202978
:107F2000CDB240F0C18094F8A012012900F0BC80CD
:107F3000242084F8A102196821F001011960196850
:107F400021F48051196019681960196841F0010124
:107F5000196084F8A15294F8A11284F8A022202973
:107F6000CDB240F0A18084F8A10219680D4821F03B
:107F700001011960196821F47061196018E000BFEF
:107F8000002002400010024060A90008000000200C
:107F9000001C004800440040D00100200030014097
:107FA000E49CD1103C0300200004004800E100E004
:107FB000196841F001011960BE4BC4F8B4324FF4A6
:107FC00061210C2384F8A152C4E9AE12C4E9B022A5
:107FD000C4E9B232C4E9B42284F8A022C4F8D82299
:107FE000FAF7B8FC054600285ED101462C220DA800
:107FF00001F0D0F8B04AC4F8A8501F23C4F8943058
:1080000094F8AD30C4E9232540F2E732C4E92625CF
:10801000C4E9285503F0FF01002B00F05B81022228
:10802000D4F88C3084F8AD20DA68D20640F10C81A7
:1080300094F8AC300125AB4284F8AD5034D0D4F87C
:108040008C3084F8AC504FF00209CA27532684F8CC
:10805000AD905F625E62FAF7A9F9D4F88C3000281F
:1080600067D19A6818609A6822F480229A609A68A8
:108070009A60FAF7D9F9D4F88C304FF0FF08C3F8BA
:10808000248070B984F8AD5084F8AD905F625E6270
:1080900084F8AC50FAF78AF9D4F88C3010B3C3F8EE
:1080A0002480002384F8AC30F8F772F8834B1A6E02
:1080B00042F001021A661A6E02F001020892089A52
:1080C0009A6D42F080529A659B6D03F0805307933E
:1080D000079BD8E442F400429A605A6822F4006296
:1080E0005A60F2E642F201125A60FAF79DF9D4F8AA
:1080F0008C200346C2F824800028D2D14FF480722D
:108100000DA8CDE91033CDE9143384F8AD5084F8CF
:10811000AC30ADF834308DF836300E9312938DF8C4
:1081200058501792FAF7A8F90028BDD1FDF7A6FB21
:10813000FEE7FF225A62B4E784F864A02B6E43F492
:1081400080532B662B6E03F480530A930A9BEB6CCF
:1081500043F00103EB64EB6C009703F00103099318
:10816000099B574D05234046019302225346E021C7
:10817000FFF722F8534BC4F8E4614FF0010B4FF0C6
:1081800080084FF480672846C4E9743BC4E976AAA6
:10819000C4E97BAAC4F8E081C4F8E871FAF734FABC
:1081A000002881D1C4F82C6205F14806C4E98C701E
:1081B000454B2566C4F82402A5F5E475C4F83802D9
:1081C0003046C4E987B9C4F82882C4F8F851C4F825
:1081D0001832FAF719FA00287FF466AFE665C4F89A
:1081E000405227E6582219A884F8A01200F0D2FFC6
:1081F000802318A81893F8F76BFA804600287FF4BC
:1082000053AF2E4F3148FA6C3243FA64FA6C324065
:108210000C920C9A04210322CDE900212B46122254
:108220004FF44061FEF7C8FFBB6D43F48003BB65AC
:10823000BB6D03F480030B93414621200B9BFAF79F
:1082400043FA234B5E601DE6CA21532259625A62EB
:10825000FAF7ACF8C8B9D4E923329968D4F89C008D
:1082600021F4E00121F0400199600243D4F8A40018
:10827000996802430A43D4F898109A6019611A6900
:10828000D4F8941042EA01421A61FAF7CDF8D4F812
:108290008C30002843D1D96CD4F8A820D4F8A000A1
:1082A00021F00301D964D96C02430A43FF21DA6447
:1082B0005962BDE60038014000280040001002402D
:1082C000580200201C000240300002400004004818
:1082D00000E100E0542230A884F8AC104FF400769E
:1082E00000F058FF4FF400332FA82F934596F8F76E
:1082F000EFF9014600287FF4D7AE1F4AD2F890303C
:1083000043F40043C2F890300320FAF7DDF91B4D27
:1083100008232B602920FAF7D7F96E607FE6FF2249
:108320005A62F7F735FF02F4FE40B0F5206F7FF494
:1083300015AC02F07840B0F1605F7FF40FAC1048EC
:1083400002427FF40BAC0B689F013FF536AC0B6823
:10835000094843F080730B60CB6843F08073CB60B7
:10836000E26E04E0E36E9B1A022B3FF69DAE0368BB
:108370009E01F7D521E400BF0010024000E100E0BB
:10838000700060064FF400534B600020704700BF40
:108390004FF0FF30704700BF01207047002070474A
:1083A0004FF0FF30704700BF10B54FF6FF73144613
:1083B000024892B2FEF79AFE204610BD3C03002010
:1083C000DFF834D0FEF788FE0C480D490D4A002333
:1083D00002E0D458C4500433C4188C42F9D30A4A7A
:1083E0000A4C002301E013600432A242FBD300F0E8
:1083F000ADFEFFF737FBFEE7000001200000002084
:108400008800002030FE0008880000203005002091
:10841000FEE700000C490D4A0B6810B50C4C121B0E
:108420002BB11844904207D80860184610BD094B7C
:108430000B6018449042F7D900F082FE0C230360D1
:108440004FF0FF33184610BDE0030020000001206C
:10845000001400003005002010EE103A194923F0F6
:1084600000428A421BD9B2F1FF4F02D330EE400ADC
:10847000704700B583B0684600F018F900F00300BB
:108480000128DDED010A9DED000A13D002280BD072
:1084900098B9012000F0C2F803B05DF804FBDFEDED
:1084A0000A0A002000F0BAB8012000F0B7F8B1EED7
:1084B000400AF1E700F030F8EEE700F02DF8B1EEF9
:1084C000400AE9E7D80F493F0000000010EE103ADB
:1084D000C3F3C7527F3A162A194615DC002A0CDB73
:1084E0000C481041184205D04FF4800313410B444F
:1084F00023EA000300EE103A7047013203F0004314
:10850000F8D143F07E53F5E7802AF3D130EE000A2C
:10851000704700BFFFFF7F0010EE103A23F00043CA
:10852000B3F1485F2CD2FDEEC07A17EE903A002BE3
:1085300060D060EE007A9FED317A9FED315ADFED29
:10854000315A9FED316ADFED316AA7EE875A9FED10
:10855000307AE7EE855AA7EEA56AA7EE867AE7EEAF
:10856000876A67EEA66A60EEC00AB6EE007AE7EEAA
:10857000A60AB7EE000AD7EE870A30EE600A704707
:1085800060EE007A9FED1D7A9FED1D5ADFED1D5ABA
:108590009FED1D6ADFED1D6A1E4AA7EE875A9342C2
:1085A0009FED1B7AE5EE275AA5EEA76AA6EE277A7D
:1085B000E7EE276A66EEA76AD5D9174A934214D820
:1085C00003F17F4307EE103AB7EE006A36EE476AD2
:1085D00060EEC00AF6EE005A97EEA57AE7EEA60A1C
:1085E00037EE607A36EE470A7047B6EE076AB5EEA8
:1085F000027AEDE7B7EE000A704700BF4ED747ADED
:10860000F6740F317CF293B4010DD037ABAA2A3D3A
:10861000610BB6BA9999993E0000483F10EE103AA6
:1086200023F00043B3F1485F04D2FDEEC07A17EEA9
:10863000903A5BB360EE007A9FED157ADFED155A44
:108640009FED156ADFED156AE7EE875A9FED147A04
:10865000A5EEA76A20EE275AE6EE276AA6EEA77ACD
:1086600030B9DFED106AE7EE876AA6EE850A70473B
:1086700027EE457AF6EE006AA0EEA67ADFED0A6AEA
:10868000D7EE270AE5EE260A30EE600A704700BFF3
:10869000D3C92E2F342FD7B21BEF3836010D50B966
:1086A0008988083CABAA2ABEABAA2A3E70B510EE58
:1086B000103A884A23F00044944286B0054671D9A6
:1086C000854A94421E4624D823F00042002BDFED59
:1086D000837A834922F00F02B0EE407A40F3E080C3
:1086E0008A4270EE677A09BF9FED7E7ADFED7E6A7F
:1086F000DFED7E6A77EEC77A37EEE67A77EEC77AF5
:1087000080ED007A77EEE67AC0ED017A012006B0BE
:1087100070BD774A944252D9B4F1FF4F48D2E21566
:10872000863AA4EBC25307EE903ABDEEE77ADFED4E
:10873000716AB8EEC77A77EEC77A8DED037A67EE85
:10874000A67ABDEEE77AB8EEC77A77EEC77A8DEDF6
:10875000047A67EEA67AF5EE407AF1EE10FACDEDE6
:10876000057A40F09880B5EE407AF1EE10FA0CBF31
:1087700001230223604901910221009103A82946A7
:1087800000F004F9002EC2DA95ED007AD5ED017AF9
:10879000B1EE477AF1EE677A85ED007AC5ED017AA0
:1087A0004042B4E7002285ED000A42600020AEE7B7
:1087B00070EE407AC0ED017AC0ED007AF6E700F085
:1087C000DDF89FED4E7A9FED456AF6EE007AE0EE19
:1087D000077A9FED457AFDEEE77A17EE900AF8EEFC
:1087E000E76A1F28A6EEC60A66EE877AB1EE666AC9
:1087F00020DC434A411E26F0004352F8212023F09A
:10880000FF03934216D030EE677A30EE470A002E0F
:1088100030EE670A85ED007A85ED010ABFF677AF85
:10882000B1EE477AB1EE400A85ED007A85ED010A96
:1088300040426CE730EE677AE21517EE103AC3F368
:10884000C753C3EBD453082BDFDD9FED267A9FED92
:10885000275AF0EE405AE6EE075A70EE657AE6EED9
:10886000077AD6EE857A35EEE77A17EE103AC3F33B
:10887000C753D21A192A10DD9FED227A9FED225A92
:10888000B0EE650AA6EE070A75EEC07AE6EE077A44
:10889000D6EE857AB7E703236CE7B0EE650AB4E756
:1088A0008A4270EE277A09BF9FED0E7ADFED0E6ADD
:1088B000DFED0E6A77EE877A37EEA67A77EEC77A23
:1088C00080ED007A77EEA67AC0ED017A4FF0FF30A6
:1088D0001DE700BFD80F493FE3CB1640800FC93FCB
:1088E000D00FC93F004435374344353708A3852EA0
:1088F000800F494300008043C4FA000884F9223FF6
:1089000044FA000800A3852E32318D2410EE103A6F
:10891000184923F000428A421AD9B2F1FF4F02D31C
:1089200030EE400A704700B583B06846FFF7BEFEE0
:1089300000F003000128DDED010A9DED000A10D0D2
:10894000022809D090B9FFF7E7FD03B05DF804FBFA
:10895000DFED090AFFF7E0BDFFF7DEFDB1EE400AEB
:10896000F3E7FFF75BFEB1EE400AEEE70120FFF709
:1089700055FEEAE7D80F493F0000000010EE103A1C
:1089800023F0004300EE103A704700BF2DE9F04F8E
:108990002DED048BDBB01C46944603930A46CD4B69
:1089A00068991CF1040F53F82160824604F1FF38E6
:1089B000C0F24982BCF1030348BF0CF10403DB1091
:1089C000029301334FEAC30EACEB0E030593029BF7
:1089D00016EB0800A3EB080316D401309FEDBE7A16
:1089E000699C18441EA9002BA4BF54F8235007EE1D
:1089F000905A03F10103ACBFF8EEE77AF0EE477A44
:108A00008342E1EC017AEED1002EC0F2B182039BE9
:108A10001EA901EB830446AD4FEA83094046F718CF
:108A20000AEB8301B8F1000FDFEDAB7A09DBA34657
:108A30005346F3EC016A3BED017A8B42E6EE877A0E
:108A4000F7D10130B842E5EC017A04F10404E9D130
:108A50000DF1280B0BEB8603CDE9062E043B9FEDB1
:108A6000A09ADFED9E8A059804930AEB090446AFAD
:108A70000BEB86090096CDF820C05AAB03EB8603BA
:108A8000002E13ED140A4FEA860515DD7B195A46B0
:108A900060EE097AB0EE407AFDEEE77A73ED016A96
:108AA000F8EEE77ABB42A7EEE87A37EEA60ABDEE0B
:108AB000C77AA2EC017AEBD1019000F0CFFAF4EE84
:108AC000007AB0EE408A20EE270A00F07DFAF2EE3E
:108AD000007AA0EE678A01980028FDEEC89AF8EEA9
:108AE000E97A38EE678A6CDD06F1FF3EC0F10803D3
:108AF0005BF82E2042FA03FC0CFA03F3D21AC0F101
:108B0000070119EE903A4BF82E200A416344002ADF
:108B100009EE903A00F3F080B5EE408AF1EE10FADB
:108B200040F09D80009B9E420ADD5D44002355F885
:108B3000041D4D4543EA0103F9D1002B40F0F280BA
:108B4000009B013B5BF82330002B40F0E780049B47
:108B5000012153F8042D0131002AFAD0731C31444D
:108B60009C46029D039A05EB030E0EF1804E699D13
:108B700032440EF1FF3E07EB83061EAB05EB8E0E73
:108B800003EB8205DEED017AF8EEE77AB8F1000F2B
:108B90000EF1040EE5EC017ADFED4F7A09DB2A468F
:108BA0005346F3EC016A32ED017AA342E6EE877A8E
:108BB000F7D10CF1010C6145E6EC017AE2DA0E46E0
:108BC0005BE740F08F80731E5BF82320D211002AF0
:108BD000A2DD19EE903A002E03F1010309EE903A5E
:108BE00040F3D48159464FF0000E51F8043B002B5E
:108BF0006AD0C3F5807341F8043C04E00B68C3F10C
:108C0000FF0341F8043B0EF1010E7645F6DC01232B
:108C10009E4600280ADD012878D0022806D1711E60
:108C20005BF8213003F03F0C4BF821C0022A7FF49F
:108C300073AFB7EE000A734630EE488A002B3FF45C
:108C40006BAF0992019000F009FA38EE408A019862
:108C5000099AB5EE408AF1EE10FA3FF463AF9246FE
:108C6000DDE9062EDDF820C00196AEEB0C00B0EE7B
:108C7000480A009E009200F0F1F9DFED186AB4EEA8
:108C8000E60AF1EE10FADDE90023F0EE407AC0F2D8
:108C900050819FED137A059920EE077A0831BDEED9
:108CA000C77A0591B8EEC77A5C1CE7EE667ABDEE2E
:108CB000C77AFDEEE77A17EE901A4BF8231017EEFD
:108CC000103A4BF8243046E00EF1010EB6458CDB2D
:108CD0009E469EE708FE000800000000000080435A
:108CE0000000803BF6EE007AB4EEE78AF1EE10FA6F
:108CF00080F2988000220FE70133002E09EE903AAF
:108D00003FF770AF002301289E4686D1711E5BF8A5
:108D1000213003F07F0C4BF821C087E7731C9C4681
:108D200019461EE733469246DDE905125C1EA1F1A5
:108D300008005BF82410009E059061B903F18043A0
:108D4000013B0BEB8303014653F8040D013C08394A
:108D50000028F9D0059105980092B7EE000A00F0BE
:108D60007DF9002C009AB0EE407AC0F20581601CBB
:108D700046AD5FED256A81000BEB800305EB8000BB
:108D800073ED017AF8EEE77A5B4567EE877A27EEB6
:108D9000267A60ED017AF3D10DF1C8080B1F46A8C1
:108DA000C718C646A44600259146002E73DB844AA8
:108DB000DFED847A3846002301E0AB4208DCF2ECB8
:108DC000016AB0EC017A01339E42E6EE877AF4DA6A
:108DD0000CF1FF3CBCF1FF3FEEEC017A05F101051F
:108DE000A7F10407E1D1689B022B4A4656DC002B11
:108DF0002EDC0ED1DFED737A414431ED017A41452D
:108E000077EE877AF9D15346002B40F0AE80C2ED61
:108E1000007A19EE903A03F007005BB0BDEC048BCA
:108E2000BDE8F08F19EE903A002E03F1010309EE30
:108E3000903AC8BF02223FF7D5AEF7EE007A37EE80
:108E4000C88A022268E600234FF0080E0293BBE5B1
:108E50009FED5C7A414471ED017A414537EE277A06
:108E6000F9D1DDED327A534677EEC77A002B75D112
:108E700082ED007A64B133A90123B1EC017A0133A8
:108E80009C4277EE877AF8DA53460BB1F1EE677AB7
:108E9000C2ED017ABDE7DFED4B7A99E7689B032BC2
:108EA000B7D1002C7ED008EB840595ED007AA000A8
:108EB0002B46294671ED017AF0EE476A37EE277AA4
:108EC000414577EEC77A81ED007A77EEA67AC1ED5B
:108ED000017AEFD1012C65D095ED007A08F10401FB
:108EE00073ED017AF0EE476A37EE277A994277EE12
:108EF000C77A83ED007A77EEA67AC3ED017AEFD1D7
:108F0000031DDFED307A434408F1080833ED017AA0
:108F1000984577EE877AF9D15346DDED326A9DEDBB
:108F2000337A73B9C2ED006A82ED017AC2ED027A3A
:108F30006FE7FDEEC07A1C4617EE901A4BF823102F
:108F400009E7F1EE666AB1EE477AF1EE677AC2EDB3
:108F5000006A82ED017AC2ED027A5AE7B1EE477AF1
:108F600082ED007A002C86D190E7F1EE677A4EE729
:108F7000039B4FEA83096BE5689B022B0EDC002BF9
:108F800013DC7FF446AFDFED0F7A3CE7022A7FF473
:108F9000C3ADF7EE007A37EEC88ABDE5689B032BB8
:108FA0007FF437AFDFED077AB6E75346DDED327A6F
:108FB00013B9002313606BE74FF00043136065E7BC
:108FC000DCFD00080000000010EE102AC2F3C753B9
:108FD0007F3B162B22F0004129DC002B104618DBCA
:108FE0001A4919410A4221D0DFED197A70EE277A29
:108FF000F5EEC07AF1EE10FA18DD002A04DA4FF42B
:10900000000242FA03F3184420EA010300EE103A8A
:109010007047DFED0F7A70EE277AF5EEC07AF1EE49
:1090200010FA03DD002A08DB9FED0A0A7047B1F150
:10903000FF4FFBD330EE000A7047DFED077A0029BF
:10904000BFEE000A08BFB0EE670A7047FFFF7F005F
:10905000CAF24971000000000000008010EE103AD2
:1090600033F000411A4627D0B1F1FF4F21D213F05F
:10907000FF4F22D1DFED2B7A2B4A60EE277A904208
:1090800017EE903A33DB4CF2503CC3F3C7516045C6
:109090001A46A1F1190116DDDFED247ADFED246A0D
:1090A000002BB0EE677AB8BFF0EE667A27EE870A3B
:1090B000704730EE000A704770474CF2503C6045F4
:1090C0004FEAD151E8DC0144FE29E5DC002915DC3A
:1090D00011F1160F19DB193122F0FF4242EAC15299
:1090E00007EE902A9FED130A27EE800A7047DFED06
:1090F000127A07EE103A27EE270A704722F0FF4255
:1091000042EAC15300EE103A7047DFED0B7ADFED13
:109110000B6A002BB0EE677AB8BFF0EE667A27EEE6
:10912000870A70470000004CB03CFFFFCAF249714B
:10913000CAF249F1000000336042A20D6042A28DE4
:10914000014B1868704700BF2800002070B50D4D16
:109150000D4C641BA4100026A64209D10B4D0C4CEB
:1091600001F0F0FB641BA4100026A64205D170BDDF
:1091700055F8043B98470136EEE755F8043B98470D
:109180000136F2E720FE000820FE000820FE00085D
:1091900024FE000802440346934200D1704703F8BE
:1091A000011BF9E7002310B50446C0E90033C0E90C
:1091B0000433836081814366C2818361194608223A
:1091C0005C30FFF7E7FF0D4B63620D4BA3620D4B65
:1091D000E3620D4B23630D4B24629C4206D003F1E6
:1091E0006802944202D0D0339C4205D104F1580069
:1091F000BDE8104000F068B910BD00BFED92000856
:109200000F930008479300086B930008E4030020C5
:10921000024A0349034800F0D1B800BF780000209B
:10922000D99500082C00002041680C4B994210B5DC
:10923000044601D000F0D0F9A168094B994202D050
:10924000204600F0C9F9E168064B994204D0204657
:10925000BDE8104000F0C0B910BD00BFE40300201D
:109260004C040020B404002010B50B4B0B4C0C4AEE
:109270001A60204600220421FFF794FF04F16800E1
:1092800001220921FFF78EFF04F1D0000222BDE880
:1092900010401221FFF786BF1C050020E4030020C8
:1092A00011920008014800F010B900BF210500200C
:1092B000014800F00BB900BF2105002010B504469D
:1092C000FFF7F0FF236A1BB1BDE81040FFF7F0BFC6
:1092D000044B2362044B1B68002BF5D1FFF7C4FF3E
:1092E000F2E700BF299200081C05002010B50C46CB
:1092F000B1F90E1000F050F80028ABBF636DA389E0
:109300001B1823F48053ACBF6365A38110BD2DE906
:10931000F0411F468B89DB0505460C46164605D5F0
:10932000B1F90E100223002200F024F8A389B4F949
:109330000E1023F48053A38132463B462846BDE8F5
:10934000F04100F059B810B50C46B1F90E1000F01C
:1093500011F8431CA38915BF606523F4805343F4BF
:109360008053A38118BFA38110BDB1F90E1000F086
:10937000FDB9000038B5074D0446084611460022E5
:109380002A601A46FFF70AF8431C02D12B6803B182
:10939000236038BD2C05002038B5074D044608462B
:1093A000114600222A601A46FEF7FAFF431C02D13A
:1093B0002B6803B1236038BD2C0500202DE9F8434C
:1093C0000746884614460026D4E90195B9F10109FB
:1093D00005D52468002CF7D13046BDE8F883AB8969
:1093E000012B07D9B5F90E30013303D02946384691
:1093F000C04706436835E9E738B5074D04460846D7
:10940000114600222A601A46FEF7CEFF431C02D105
:109410002B6803B1236038BD2C05002038B5294BDB
:10942000054618680C4618B1036A0BB9FFF746FFEA
:10943000B4F90C30190722D4DA0607D409222A60BD
:1094400043F04003A3814FF0FF3033E0580712D5BB
:10945000616B41B104F14403994202D0284600F007
:10946000EFF900236363A38923F02403A38100237E
:10947000636023692360A38943F00803A381236900
:109480004BB9A38903F42073B3F5007F03D02146C1
:10949000284600F045FAB4F90C3013F001020AD066
:1094A0000022A26062695242A261226942B913F0AD
:1094B0008000C5D138BD990758BF6269A260F4E742
:1094C0000020F7E728000020704770477047000031
:1094D000B1F90C202DE9F041160705460C4654D48D
:1094E0004B68002B02DC0B6C002B48DDE66A002E7B
:1094F00045D0002312F480522F68216A2B6030D0AF
:10950000626DA389590705D56368D21A636B0BB1E5
:10951000236CD21A0023E66A216A2846B047431C0E
:10952000A38906D129681D292BD82A4ACA40D60703
:1095300027D500226260D9042269226004D5421C2A
:1095400001D12B6803B96065616B2F60B9B104F17B
:109550004403994202D0284600F072F90023636365
:109560000DE001232846B0470246501CC9D12B68A4
:10957000002BC6D01D2B01D0162B1ED12F60002032
:1095800022E043F040031BB21BE00F69002FF6D02E
:1095900093070E6808BF4B690F6018BF0023A6EB46
:1095A00007088B60B8F1000FE9DD216AA66A43461F
:1095B0003A462846B047002808DCB4F90C3043F09E
:1095C0004003A3814FF0FF30BDE8F0810744A8EBD2
:1095D0000008E7E70100402038B50B6905460C4656
:1095E00013B90025284638BD18B1036A0BB9FFF737
:1095F00065FEB4F90C30002BF3D0626ED00704D4B2
:10960000990502D4A06DFFF760FF28462146FFF7B9
:109610005FFF636EDA070546E4D4A3899B05E1D4B6
:10962000A06DFFF753FFDDE770B50F4E0C463168B4
:10963000054611B900F0B6F830602146284600F022
:10964000B1F8431C03D14FF0FF34204670BDC41C59
:1096500024F00304A042F8D0211A284600F0A2F812
:109660000130F2D1EFE700BF240500202DE9F843D7
:10967000CD1C25F0030508350C2D38BF0C25002D19
:10968000064601DBA94204D90C2333600020BDE863
:10969000F883DFF8D48000F079F8D8F800301C4661
:1096A00044BB29463046FFF7BFFF431C044658D150
:1096B000D8F800402746002F43D1002C4BD0236818
:1096C0003946304604EB030900F06CF8814542D17D
:1096D00021686D1A29463046FFF7A6FF01303AD0BF
:1096E00023682B442360D8F800305A6862BBC8F85E
:1096F00000700FE02268521B20D40B2A17D9611981
:10970000A342256018BF5960636808BFC8F80010FD
:1097100062514B60304600F03FF804F10B00231D0E
:1097200020F00700C21A1CBF1B1AA350AFE76268E3
:10973000A3420CBFC8F800205A60EBE723466468D8
:10974000AEE73C467F68B6E71A465B68A342FBD1AA
:1097500000235360DEE70C233360304600F01CF832
:1097600094E70560D6E700BF2805002038B5064D10
:109770000023044608462B60FEF70AFE431C02D174
:109780002B6803B1236038BD2C0500200148FFF78A
:109790009CBE00BF200500200148FFF797BE00BF18
:1097A0002005002038B5064D0023044608462B60EE
:1097B000FEF730FE431C02D12B6803B1236038BD95
:1097C0002C050020F8B50E461446054618B1036A6C
:1097D0000BB9FFF773FDA369A360A3891A0701D52D
:1097E000236943B921462846FFF718FE18B14FF008
:1097F000FF373846F8BD23682269981A6369F6B2C4
:109800008342374605DC21462846FFF7E5FE00285F
:10981000EDD1A368013BA36023685A1C22601E702F
:109820006269431C9A4204D0A389DB07E1D50A2E62
:10983000DFD121462846FFF7CFFE0028D9D0D6E752
:1098400038B50546002941D051F8043C0C1F002BC7
:10985000B8BFE418FFF79AFF1D4A136833B9636075
:1098600014602846BDE83840FFF796BFA34208D9E8
:10987000206821188B4201BF19685B6809182160B4
:10988000EDE71A465B680BB1A342FAD9116850188C
:10989000A0420BD120680144501883421160E0D1EE
:1098A00018685B68536008441060DAE702D90C233B
:1098B0002B60D6E7206821188B4204BF19685B68CB
:1098C000636004BF091821605460CAE738BD00BF57
:1098D0002805002070B50C46B1F90E10002996B08D
:1098E00015461E460DDAA38913F0800F4FF00001D4
:1098F00014BF40234FF48063002031602B6016B00A
:1099000070BD6A4600F062F80028ECDB019901F4B2
:109910007041A1F50053594259414FF48063EBE780
:109920008B89F7B59D0706460C4607D504F147031A
:10993000236023610123636103B0F0BD01AB6A467C
:10994000FFF7C8FF009F054639463046FFF78EFEF9
:1099500048B9B4F90C309A05EED423F0030343F070
:109960000203A381E2E7A389206043F08003A3817F
:10997000019BC4E904075BB1B4F90E10304600F056
:1099800045F828B1A38923F0030343F00103A38121
:10999000A3891D43A581CFE7884210B501EB0204DE
:1099A00002D98442234607D8431EA14208D011F8A9
:1099B000012B03F8012FF8E7024401468A4200D147
:1099C00010BD13F8014D02F8014DF7E738B5074D0A
:1099D00000230446084611462B60FEF7D3FC431CC7
:1099E00002D12B6803B1236038BD00BF2C050020D5
:1099F0000A44914200F1FF3300D1704710B511F8CD
:109A0000014B03F8014F9142F9D110BD38B5064D15
:109A10000023044608462B60FEF7BEFC431C02D11F
:109A20002B6803B1236038BD2C050020024B014692
:109A30001868826800F012B828000020024B014626
:109A40001868FFF713BE00BF28000020024B014634
:109A50001868FFF7F5BE00BF2800002070B50D465E
:109A60001446064618B1036A0BB9FFF727FC636E6C
:109A7000D80705D4A389990502D4A06DFFF725FD69
:109A8000A368013B002BA36005DAA269934212DBB5
:109A9000EBB20A2B0FD023685A1C22601D70EDB266
:109AA000636EDA0705D4A3899B0502D4A06DFFF786
:109AB0000DFD284670BD294622463046FFF782FE3E
:109AC0000546EDE7B1F8C8305A1C92B2C82AA1F891
:109AD000C820C85400D0704710B500200C46FEF7CF
:109AE00063FC0023A4F8C83010BD00BF10B50446C5
:109AF000FDF74AFC214602460020FEF755FC0349CB
:109B000001220020FEF750FC002010BDA0EE00084E
:109B10000FB430B5B5B038AC0E4954F8045BCA2266
:109B200001A8FFF765FF23462A460B48009401A9C8
:109B300000F078FDBDF8CC2004462AB9204635B0A7
:109B4000BDE8304004B0704701A90020FEF72CFCAE
:109B5000F4E700BFE8E70008C59A00080CB400B5B8
:109B600083B004AB53F8042B019300F04BFD03B01A
:109B70005DF804EB02B0704700F044BD9A4238BF74
:109B800088547047704700BF2DE9F04F83B00F46EF
:109B900012990D9C9DF83850984611F00203064624
:109BA0009446DDE9100A00932ED1BAF1000F40F07F
:109BB000A280844228D2202C01F0010E00F088817E
:109BC0000C9B621E1A444FF0300B734602E0202CAF
:109BD00000F0E7800134A04202F801BFF7D89E46AA
:109BE00093B1544510D2202C00F0CF810C9B621E03
:109BF0001A444FF0300E02E0202C00F02481013492
:109C0000544502F801EFF7D1CB061FD54A0500F104
:109C1000A580002C40F09E800F9B102B00F045810A
:109C20000F9B022B00F04E810C9B30221A700124F6
:109C300001F00302002D00F0CA800C9B2D21195564
:109C400001340AB954450ED3654626E001F00302FB
:109C5000202CEFD1002A40F08F80BAF1200F88BF6E
:109C6000202440F289806546A4EB0C0BE1462A468D
:109C70004346013539462020B04705EB0B035345D9
:109C8000F5D30AF1FF35621C2D1B924538BF002524
:109C900009F10102CC461544C4B10C9BCDF844A097
:109CA00005EB040903EB090B1C44CDF804C09A46EC
:109CB000ABEB040214F8010D43463946B047A24508
:109CC0004D46F5D1DDF804C0DDF844A0009B73B12A
:109CD000A5EB0C09D1450AD22A4643463946202035
:109CE00009F10109B047D14505F10105F4D3284632
:109CF00003B0BDE8F08F11F0010E73D0002D40F0DD
:109D00008B8011F00C0F40F087808442BFF469AF64
:109D1000202C7FF455AFBAF1200F40F23281CB06F0
:109D200040F1BE804A0500F11981202816D11F207C
:109D30000F9B102B00F0F2800F9B022B1FD0441CB6
:109D400001F0030227E0CB067FF57EAF4A054FF016
:109D5000200403D4A04262D0544560D00F9B01F090
:109D60000302102B104673D00F9B022B0ED1202C18
:109D700008D100283FF471AF654620248DE70446E2
:109D800001F003020C9B622018550134202C3FF493
:109D900061AF204601340C9B4FF0300E03F800E019
:109DA00056E79E46002B00F0CB80BAF1200FCAD9AF
:109DB000CB0675D54A0500F1D180202800F0DA8065
:109DC000BAF1200F40F08D8054461F20B0E74B07BA
:109DD00047D50C9B2B2119550134002A3FF432AF93
:109DE00065465AE78442BFF40FAF202C7FF4E8AEFB
:109DF000CC067FF532AF4C053FF52FAF202800F0A1
:109E0000B980BAF1200FDFD00F9B102B3FF425AFA4
:109E10000F9B022B19D120E70AF1FF3A75E7601E6C
:109E200086D10F9B102B6BD00F9B022B7FF4FCAEC7
:109E30000C9B0F9C62221A7030225A7001F00302B0
:109E4000002DC4D0F9E6CC0680D401F0030201E76E
:109E50008B0611D4202C8CD00C9B78201855013403
:109E600094E70D0713D48ABB5445FFF4FCAE002CD5
:109E70007FF4EAAE65463AE7202C3FF47AAF0C9BBC
:109E800018194FF0580E013480F800E07EE70C9B63
:109E9000202119550134002A3FF4D4AE6546FCE672
:109EA0008D073FF4E0AE6546F7E688060CD55822EC
:109EB0000C9B1A7030225A70022401F00302002D0C
:109EC00085D0BAE66222F3E77822F1E76546E3E659
:109ED000BEF1000F50D0CB067FF5B6AE4B057FF537
:109EE00024AF0F9B01F00300102B02463FF441AF5B
:109EF0000F9B022B7FF4AEAE00287FF43DAFACE6A3
:109F00008A0625D50C9B58221A7030225A700224DA
:109F100001F00302002D3FF45AAF8EE68B06A4F148
:109F2000020206D40C9B78209854013C01F00302F5
:109F30002FE70C9B58209854013C01F0030228E7BE
:109F4000CA0682D54A05CCD4202813D0202403E7A2
:109F50000C9B78221A7030225A70D8E70F9B102B76
:109F600001F003003FF405AF0F9B022B3FF401AF5C
:109F700002466FE60446DAE6CB063FF53CAF65469F
:109F80008BE6CA06DED4654687E6CC063FF512AFFF
:109F90005BE700BF2DE9F04F93B01C9C9DF874B0B7
:109FA0001E9DDDF884E02CB92EF010061EF4806FA3
:109FB000B64635D11EF0200F14BF4FF041094FF0C7
:109FC00061090AAFA9F10A09B8460026099002E022
:109FD000202E15D05446B4FBF5FA05FB1A4C5FFA57
:109FE0008CF0BCF1090F00F1300C8ABF48445FFAD5
:109FF0008CF0C0B2AC4208F8010B06F10106E7D2C2
:10A000000998209C05941F9CCDF818E0CDE90354D5
:10A01000CDE9016B0097FFF7B7FD13B0BDE8F08FF6
:10A0200026460AAFEDE700BF2DE9F04F97B0DDE916
:10A030002478209E219C099356EA04039DF888C049
:10A04000DDF8A0B08E4605D12BF010031BF4806F15
:10A050009B4645D11BF0200F0EAB14BF4FF0410AB9
:10A060004FF0610ACDF8A0B0CDE90A0ECDE90C2C75
:10A07000AAF10A0A994600259B4603E0202D17D035
:10A0800006460C4621463A4643463046FDF784F9DB
:10A09000D2B2092A02F130038ABF5244DAB2D2B2F4
:10A0A000BE4274EB080409F8012B05F10105E5D265
:10A0B000DDE90A0EDDE90C2C5B46DDF8A0B027993E
:10A0C000059126990093CDE90371CDE9015C099BC7
:10A0D000CDF818B07146FFF757FD17B0BDE8F08F07
:10A0E00000250EABEBE700BF10B1D1E900311847F6
:10A0F000704700BF2DE9F04F1C46B1F1000A8D4BAF
:10A100008FB018BF81462078DDF860B0904608BF58
:10A110009946002800F0D381002507E02A464346EF
:10A1200051460135C847207800285ED0252804F123
:10A130000104F3D10023224612F8010BA0F1200103
:10A1400010290AD8DFE801F03409093009090909A2
:10A150000909092C092809092400A0F1300109295D
:10A1600051D92A2800F0948000262E285CD00021A6
:10A17000A0F16807122F23D8DFE807F0A2229D2262
:10A1800095222222222222221E22222222221E0066
:10A1900043F001031446CEE743F002031446CAE736
:10A1A00043F004031446C6E743F010031446C2E725
:10A1B00043F008031446BEE7607843F4807301322D
:10A1C0007828144609D863283DD8622800F0B88161
:10A1D00063287DD0252840F03D812A4643465146DC
:10A1E000C847207801350028A0D12C46A84501D8C1
:10A1F00008F1FF3543462A4651460020C84720460D
:10A200000FB0BDE8F08F002606EB860600EB460691
:10A210001078A0F1300109291446A6F1300602F1A8
:10A220000102F1D92E28A2D16078A0F130010929CC
:10A2300043F48063174640F2EF802A2800F0028141
:10A240001446013293E7A0F1640E01225FFA8EFEFC
:10A2500002FA0EFE384A1EEA020E40F0AD80732864
:10A2600054D07028B9D143F02103059308230493F7
:10A2700010230391CDF804E002935BF8043B0093B4
:10A280002A46434651464846FFF784FE05464AE7BC
:10A290005BF8046B6078002E1446BCBF43F00203E9
:10A2A0007642013261E760786C2886D1A07843F469
:10A2B0004073E21C84E7607843F4007301327FE767
:10A2C0006078682800F0F68043F08003013277E779
:10A2D0000BF1040298070A9205F1010740F1118180
:10A2E0002A469BF8000043465146C847012E88BFC6
:10A2F000AD1940F249813A46434601375146202084
:10A30000C847BD42F7D1DDF828B00CE75A4652F8ED
:10A3100004CB0A929CF800B05846002940F08C808B
:10A32000BBF1000F13D06FF0010E0EF1010EE644E9
:10A33000624606E0859B000821081200964500F061
:10A34000B38012F8017F002FF8D1A2EB0C0E13F4AA
:10A35000806702D08E4528BF8E4613F002030B9310
:10A3600000F0B080BBF1000F17D0CDE90CE6E3465A
:10A370002A460E46434651461FB106F1FF3C3EB108
:10A380006646C8471BF8010F01352A460028F1D15F
:10A390000B9BDDE90CE6002BB5D076452F46B2D9F4
:10A3A0003544A5EB0E053A46434601375146202079
:10A3B000C847BD42F7D1A6E76F2800F0BF806DD82F
:10A3C000692823F0100240F017815F0548BF23F091
:10A3D0001102900500F1DD80D3050BF1040700F1B7
:10A3E000D580500640F1F6809BF900300391002B98
:10A3F0004FF00A0102914FEAD371B8BF5B42CDE939
:10A40000046201912A460093434651464846FFF7AD
:10A41000C1FDBB46054686E6002101EB810100EB4C
:10A420004100A0F1300117F8010FA0F13002092A14
:10A43000F3D93C467A1C9BE6BBF1000F87D001F1B3
:10A44000FF3E72E75BF8041BA078023421EAE17159
:10A45000621C8DE658287FF4C0AE43F02003102222
:10A46000580524D423F00C0313F400706AD113F4BC
:10A47000807F0BF1040740F0B28058067BD41806A9
:10A480004CBFBBF80000DBF800000090CDE904638E
:10A490000023CDE9022101932A46B5E7782868D048
:10A4A00023F010030A22DBE7AEEB0C0E4FE723F09C
:10A4B0000D03D9E7A07843F0C003E21C80E6044610
:10A4C000054693E6764540F2948006EB050BCDE910
:10A4D0000C7CABEB0E0B0F462A464346013551462A
:10A4E0002020C8475D45F7D1DDF834C039469CF8D7
:10A4F00000B00C9F06F1010E584600287FF435AFDE
:10A5000001E7012E3AD96B1E3344CDF82CB02F460B
:10A510009B463A464346013751462020C847BB4533
:10A52000F7D15B46DDF82CB01A469BF80000434695
:10A530005146C8473544DDF828B0F4E508228FE7D6
:10A5400002228DE7CDE907630BF1070B002306918B
:10A550000492059302932BF0070BFBE802672A464F
:10A56000CDE90067434651464846FFF75DFD054685
:10A57000D9E5102274E79BF8000086E79BF80000FD
:10A580002A4643465146C8473D46BCE6DBF8003004
:10A590002CE70BF1070B2BF0070BDBF804305BF813
:10A5A000080B0691D90FCDE90762029102460021FE
:10A5B0000A20002BCDE9040102DA524263EB430387
:10A5C000CDE9002351462A4643464846FFF72CFD75
:10A5D0000546A8E51306D9D5BBF9003006E7CDE955
:10A5E0000221CDE904630190DBF8003000932A4694
:10A5F0000AE70EF1010E7FE764283FF4E6AE13464A
:10A600000A222DE700B583B0844600930448134620
:10A610000A466146FFF76EFD03B05DF804FB00BF1C
:10A620007D9B000810B584B00446CDE9024100933B
:10A6300002A9134603484FF0FF32FFF75BFD04B059
:10A6400010BD00BFE9A00008D0B5FDF74DF90C4BD7
:10A65000002206460F46FCF7B7FEFDF79DF90446BB
:10A66000FDF720F9074B0022FCF7AEFE02460B4631
:10A6700030463946FCF7D8FFFDF78EF92146D0BDAC
:10A680000000F03D0000F0412DE9F047089D0E4626
:10A6900004460F46002B4AD194468C45B2FA82F20A
:10A6A00060D942B1C2F12003974020FA03F30CFABB
:10A6B00002FC1F4394404FEA1C4E1FFA8CF6B7FB76
:10A6C000FEF1230C0EFB117743EA074301FB06F072
:10A6D00098420AD91CEB030301F1FF3780F0158182
:10A6E000984240F21281023963441B1AA4B2B3FBB0
:10A6F000FEF00EFB103344EA034400FB06F6A642CC
:10A700000AD91CEB040400F1FF3380F00081A6425B
:10A7100040F2FD806444023840EA0140A41B00215D
:10A720001DB1D4400023C5E90043BDE8F0878B424A
:10A7300005D90DB1C5E9000100210846F5E7B3FAD6
:10A7400083F1002946D1B34202D3824200F2F58060
:10A75000841A66EB030201201746002DE5D0C5E9F7
:10A760000047E2E7002A40F09380A1EB0C034FEA98
:10A770001C471FFA8CFE0121B3FBF7F607FB1630CE
:10A78000230C43EA00430EFB06F0984208D91CEB69
:10A79000030306F1FF3802D2984200F2D080464609
:10A7A0001B1AA4B2B3FBF7F007FB103344EA0344CF
:10A7B0000EFB00FEA64508D91CEB040400F1FF3394
:10A7C00002D2A64500F2B6801846A4EB0E0440EA79
:10A7D0000640A5E7C1F120078B4022FA07FC4CEAAE
:10A7E000030C06FA01FE20FA07F426FA07F344EAFE
:10A7F0000E0400FA01F84FEA1C404FEA1449B3FB7B
:10A80000F0FE1FFA8CF600FB1E3349EA03430EFBF1
:10A8100006F9994502FA01F20BD91CEB03030EF17C
:10A82000FF3A80F08580994540F28280AEF1020EB9
:10A830006344A3EB0909A4B2B9FBF0F300FB13993D
:10A8400044EA094403FB06F6A64208D91CEB0404BB
:10A8500003F1FF3068D2A64266D9023B644443EA62
:10A860000E40A41BA0FB02E6B4427346B14652D38D
:10A870004FD05DB1B8EB030264EB090404FA07F7AB
:10A8800022FA01F31F43CC40C5E9007400214CE7D4
:10A89000C2F1200120FA01F30CFA02FC26FA01F1C0
:10A8A000964033434FEA1C471FFA8CFEB1FBF7F08A
:10A8B00007FB1016190C41EA064100FB0EF68E420A
:10A8C00004FA02F408D91CEB010100F1FF382DD283
:10A8D0008E422BD902386144891B9BB2B1FBF7F63B
:10A8E00007FB161143EA014306FB0EF1994208D912
:10A8F0001CEB030306F1FF3814D2994212D9023E31
:10A9000063445B1A46EA004136E73946EDE61846ED
:10A9100002E7F045ADD2BEEB020366EB0C06013850
:10A92000B146A6E74646ECE7034698E74046D3E73C
:10A93000D6467EE76444023847E708460DE7023E04
:10A9400063442DE7F8B500BFF8BC08BC9E467047CD
:10A95000F8B500BFF8BC08BC9E4670470000000078
:10A96000A0860100400D0300801A060000350C008F
:10A9700040420F0080841E0000093D0000127A0052
:10A980000024F40000366E010048E801006CDC028F
:10A99000000000000102030490F90008020000001A
:10A9A0009CF9000804000000ACF900080800000051
:10A9B000BCF9000810000000CCF9000820000000DD
:10A9C000DCF9000840000000ECF9000880000000FD
:10A9D000FCF9000800000100000000000000000079
:10A9E0004D00010029120008000000001C000100B9
:10A9F00099100008000000002C000800E110000879
:10AA000000000000600001001911000800000000B3
:10AA10007D0008004D1100080000000062001000D9
:10AA2000851100080CFA0008170101000000000061
:10AA30000000000018011000ED11000828FA0008BD
:10AA400037000100000000000000000000000000CE
:10AA5000293C0000163B0000D7630000325F000075
:10AA6000738800005D7D00004AAC0000A6970000DE
:10AA7000A4D000000FAF00004CF70000A3C40000FA
:10AA800070FB0000F3E80000F6D20000C0BB00003D
:10AA9000DCA40000E58E0000338200007D7B7C7A20
:10AAA000E7E61BE895B9AAAB0102030405060049D5
:10AAB00048303231332F4B4A9EA09F898A8B8CEDD0
:10AAC000E907ACB191C696CA9ABEC2BACED2D6E256
:10AAD000DADE7640447F64B5600D218D3C37A66C8C
:10AAE0002768582B705C144C5054EEEA08ADB292B3
:10AAF000C797CB9BBFC3BBCFD3D7E3DBDF77414542
:10AB00008065B6610E228E3D38A76D2869592C717B
:10AB10005D154D5155EFEB09AEB393C898CC9CC071
:10AB2000C4BCD0D4D8E4DCE07842468166B7620F7A
:10AB3000238F3E39A86E296A5A2D725E164E5256E0
:10AB4000F0EC0AAFB494C999CD9DC1C5BDD1D5D99A
:10AB5000E5DDE17943478267B8631024903F3AA965
:10AB60006F2A6B5B2E735F174F5357888586261F9E
:10AB700083843BA1A213181A190C0B34871100000F
:10AB800000000300A0BC0008000001009CBC0008FD
:10AB90000300010098BC00080100010094BC0008FB
:10ABA0000300010090BC0008000001008CBC0008FC
:10ABB0000000010088BC00080000010084BC0008FF
:10ABC0000000010080BC0008000001007CBC0008FF
:10ABD0000000010078BC0008010C010074BC0008F2
:10ABE000FF03010070BC0008BD0001006CBC000840
:10ABF000BD00010068BC0008BD00010064BC000885
:10AC0000BD00010060BC0008000001005CBC000841
:10AC10000100010058BC000801002000D8BB00085A
:10AC200000000100D4BB000800000100D0BB0008F8
:10AC300000000100CCBB000800000100C8BB0008F8
:10AC400050000200C0BB0008C05D0100BCBB000892
:10AC500040010100B8BB000815000100B4BB0008AA
:10AC600000000100B0BB000800000100ACBB000800
:10AC700000000100A8BB000801000200A0BB000802
:10AC80000100030094BB00085D00010090BB0008B8
:10AC90005D0001008CBB00085D00010088BB00085E
:10ACA0005D00010084BB00080100010080BB0008BA
:10ACB000000001007CBB00080000010078BB000818
:10ACC0000000010074BB00080000010070BB000818
:10ACD000000001006CBB00080000010068BB000818
:10ACE0000000010064BB00080000010060BB000818
:10ACF000000001005CBB00080000030050BB00081E
:10AD00000000040040BB0008000001003CBB00083C
:10AD10000000010038BB0008000003002CBB000845
:10AD20000000010028BB00080200020020BB000850
:10AD30000000020018BB00080000010014BB00085E
:10AD40000000010010BB0008000001000CBB00085F
:10AD50000000010008BB000800000500F4BA00086C
:10AD600000000100F0BA000800000100ECBA000881
:10AD700000000100E8BA000800000100E4BA000881
:10AD800001000500D0BA000801000500BCBA0008A7
:10AD900001000500A8BA00080100050094BA0008E7
:10ADA0000000010090BA0008000001008CBA000801
:10ADB0000000010088BA00080000010084BA000801
:10ADC0000000090060BA000800000A0038BA000854
:10ADD0000000050024BA00080000050010BA0008B1
:10ADE000000001000CBA00080000010008BA0008C9
:10ADF0000000010004BA00080000010000BA0008C9
:10AE000000000100FCB9000800000100F8B90008CA
:10AE100000000100F4B9000800000100F0B90008CA
:10AE200000000100ECB9000800000100E8B90008CA
:10AE300000000100E4B9000800000100E0B90008CA
:10AE400000000100DCB9000800000100D8B90008CA
:10AE500000000100D4B9000800000100D0B90008CA
:10AE600000000100CCB9000800000100C8B90008CA
:10AE700000000100C4B9000800000100C0B90008CA
:10AE800001000500ACB900080100050098B90008F0
:10AE90000100050084B900080100050070B9000830
:10AEA000010001006CB900080100010068B9000848
:10AEB0000100010064B900080100010060B9000848
:10AEC000170001005CB900081700010058B900081C
:10AED0001700010054B900081700010050B900081C
:10AEE000070001004CB900080700010048B900083C
:10AEF0000700010044B900080700010040B900083C
:10AF0000010001003CB900080100010038B9000847
:10AF10000100010034B900080100010030B9000847
:10AF2000000001002CB900080100010028B9000848
:10AF30000000010024B900080000010020B9000849
:10AF4000000001001CB900080000010018B9000849
:10AF50003F00010014B900080400010010B9000806
:10AF6000000001000CB900080100010008B9000848
:10AF70000000010004B900080300010000B9000846
:10AF800003000100FCB8000803000100F8B8000845
:10AF900003000100F4B800089D000100F0B80008AB
:10AFA0004D000100ECB8000801000500D8B8000809
:10AFB0001F000100D4B8000800000100D0B800084C
:10AFC00001000200C8B8000800000500B4B800087D
:10AFD00000000300A8B80008000003009CB80008A7
:10AFE0000000030090B80008000001008CB80008C1
:10AFF0000000010088B800080000010084B80008C3
:10B000000000010080B80008000001007CB80008C2
:10B010000000010078B800080000010074B80008C2
:10B020000000010070B800080000020068B80008C5
:10B030000000010064B800080000010060B80008CA
:10B04000000001005CB800080000010058B80008CA
:10B050000000010054B800080000010050B80008CA
:10B06000000001004CB800080000010048B80008CA
:10B070000000050034B800080000010030B80008E6
:10B08000000001002CB800080000010028B80008EA
:10B090000000010024B800080000010020B80008EA
:10B0A000000001001CB800080000010018B80008EA
:10B0B0000000010014B800080000010010B80008EA
:10B0C000000001000CB800080000010008B80008EA
:10B0D0000500010004B800084500010000B80008A0
:10B0E00000000200F8B7000800000200F0B70008F6
:10B0F00000000200E8B7000800000200E0B7000806
:10B100000A000100DCB7000800000100D8B7000801
:10B1100000000100D4B7000800000100D0B700080B
:10B1200000000100CCB7000801000500B8B7000816
:10B1300001000500A4B700080100050090B7000851
:10B14000010005007CB700080000020074B7000889
:10B150000000010070B70008000001006CB7000893
:10B160000000010068B700080000010064B7000893
:10B170000000010060B70008000001005CB7000893
:10B180000000010058B700080000010054B7000893
:10B190000000010050B70008000001004CB7000893
:10B1A0000000010048B700080000010044B7000893
:10B1B0000000010040B70008000001003CB7000893
:10B1C0000000010038B700080000010034B7000893
:10B1D0000000010030B70008000001002CB7000893
:10B1E0000000010028B700080000010024B7000893
:10B1F0000000010020B70008000001001CB7000893
:10B200000000010018B700080000010014B7000892
:10B210000000010010B70008000001000CB7000892
:10B220000000010008B700080000010004B7000892
:10B230000000010000B7000800000100FCB6000893
:10B2400000000100F8B6000800000100F4B6000894
:10B2500000000100F0B6000800000100ECB6000894
:10B2600000000100E8B6000800000100E4B6000894
:10B2700000000100E0B6000800000100DCB6000894
:10B2800000000100D8B6000800000100D4B6000894
:10B2900000000100D0B6000800000100CCB6000894
:10B2A00000000100C8B6000800000100C4B6000894
:10B2B00000000100C0B6000808000100BCB600088C
:10B2C00020000100B8B6000800000100B4B6000874
:10B2D00000000100B0B6000800000100ACB6000894
:10B2E00000000100A8B6000800000100A4B6000894
:10B2F00000000100A0B60008000001009CB6000894
:10B300000000010098B600080000010094B6000893
:10B310000000020088BD00080000010084BD000894
:10B320000300010080BD0008010001007CBD000891
:10B330000300010078BD00080000010074BD000892
:10B340000000010070BD0008000001006CBD000895
:10B350000000010068BD00080000040058BD00089E
:10B360000000010054BD00080400010050BD0008A9
:10B37000040001004CBD00080C03020044BD00089D
:10B38000C05D010040BD00084001080020BD00086C
:10B39000150001001CBD00080000010018BD0008D8
:10B3A0000000010014BD00080000010010BD0008ED
:10B3B0000100030004BD000802000200FCBC0008FC
:10B3C00000000200F4BC000800000100F0BC00080E
:10B3D00001000100ECBC00083F000100E8BC0008CF
:10B3E00004000100E4BC000800000100E0BC00080B
:10B3F00001000100DCBC000800000100D8BC00080E
:10B4000000000100D4BC000800000100D0BC00080E
:10B4100000000100CCBC000805000100C8BC000809
:10B4200045000100C4BC00080A000100C0BC0008BF
:10B4300000000100BCBC000808000100B8BC000806
:10B4400020000200B0BC000800000100ACBC0008F5
:10B4500000BE87BD8EBD14BD19BDA0BC27BCAEBB50
:10B46000ADAD33ACB8AABEA8CBADD2AB58A95FA7DF
:10B47000DC9FE19B67986C947390F58AF8857A80DD
:10B48000F9C379C779CBF8CE75D1F4D472D871DB12
:10B49000F8E0F7E4F5E8F2EC56E952EC4EEFC9F1CA
:10B4A00039F0B3F22DF527F71DF515F68CF784F872
:10B4B000837A897A0F7A147A9A7720772776AD750E
:10B4C0002E6EB46CB96B3F6A4F71D56E5C6CE269DD
:10B4D000DC5F615CE558EA54DE4DDF49614662425B
:10B4E000F7017705F608F60BF50E7412F2157119CF
:10B4F00051164F19CC1BCA1E5C28D72B532F4E3226
:10B50000392C342F2E32A93423399A3A923B093DF3
:10B51000093D093D093D093D093D093D093D093DFB
:10B52000093D093D093D093D093D093D093D093DEB
:10B53000093D093D093D093D093D093D093D093DDB
:10B54000093D093D093D093D093D093D093D093DCB
:10B55000060401001F1915120F0D0C0B00402644A4
:10B560009A994742000000000000804085EB51405E
:10B5700000000000613132312D76312E31302E3015
:10B5800000000000000000000000000000000000BB
:10B5900000000000000000000000000000000000AB
:10B5A000000000000000000000000000000000009B
:10B5B000000000000000000000000000000000008B
:10B5C000000000000000000000000000FFFF00007D
:10B5D0003D9A00084D9A000800000000A92E0008BE
:10B5E0003D02000850000000A0000100080010010A
:10B5F000000000010300000050000000A000010056
:10B6000008001001000000010300000050000000CD
:10B61000A00001000800100100000001030000006C
:10B6200050000000A000010008001001000000010F
:10B630000300000000000000000000000100000006
:10B640000100010002000100A000000008F900084C
:10B6500014F900081CF9000824F9000830F9000862
:10B660003CF9000848F9000854F9000860F900089E
:10B6700068F9000870F9000878F9000880F90008F6
:10B6800088F9000800000000000000000102030427
:10B690000607080932033000F702B000C202B0000A
:10B6A0008D02B0005802B000F8029000C302900072
:10B6B0008E02900059029000E400D000F400900047
:10B6C000F700D1000703B000D202B0009D02B00025
:10B6D0006802B00005033100D00231009B02310046
:10B6E0006602310005033000D00230009B023000BA
:10B6F000660230000603B000D102B0009C02B00028
:10B700006702B00001033100CC0231009702310022
:10B71000620231000403B200CF02B2009A02B2000A
:10B720006502B20013031002DE021002A902100229
:10B73000740210020B031002D6021002A1021002C2
:10B740006C0210020303B000CE02B0009902B000F8
:10B750006402B0000203B000CD02B0009802B00055
:10B760006302B00002033500CD02350098023500B7
:10B77000630235003A01B0004601B000190225000D
:10B78000380225003C02250043022500470225001F
:10B79000D7012500F6012500FA0125000102250048
:10B7A0000502250095012500B4012500B8012500FA
:10B7B000BF012500C30125005301250072012500AA
:10B7C000760125007D01250081012500FB02900006
:10B7D000C6029000910290005C02900047030402B0
:10B7E000FE02081028030810C9020810F30208100E
:10B7F00094020810BE0208105F02081089020810A7
:10B80000DE00F700DE00F0002402F000E201F000AC
:10B81000A001F0005E01F000F3003000F3007700BB
:10B82000F300D1007100072072000402A100100291
:10B83000A200100220000810270008103100081094
:10B840006F000810750007201B031002E6021002AB
:10B85000B10210027C02100217031002E202100271
:10B86000AD02100278021002C100B0003901B00030
:10B87000FA029000C5029000900290005B029000D6
:10B88000FC02B001C702B0019202B0015D02B0013A
:10B890009100081092000810930008108E00081004
:10B8A0008F000810900008108B0008108C00081002
:10B8B0008D00081035000810880008108900081055
:10B8C0008A000810960008108400081094000810E0
:10B8D000380008104001B000490125004901260048
:10B8E000490127004901280049012900B803B00196
:10B8F000B903B0014202040200020402BE010402C4
:10B900007C01040236015100F2003000F2007700A1
:10B91000F200D100F500D0000F031002DA0210028D
:10B92000A50210027002100232033100320332000D
:10B9300025020720E3010720A10107205F0107205E
:10B9400026020402E4010402A201040260010402CE
:10B9500028020402E6010402A401040262010402B6
:10B9600041020720FF010720BD0107207B010720BE
:10B9700019022B0038022B003C022B0043022B0043
:10B9800047022B00D7012B00F6012B00FA012B00F8
:10B9900001022B0005022B0095012B00B4012B00A6
:10B9A000B8012B00BF012B00C3012B0053012B005A
:10B9B00072012B0076012B007D012B0081012B00F1
:10B9C0002F020720ED010720AB01072069010720A6
:10B9D00031020402EF010402AD0104026B01040212
:10B9E0005302A4001102A400CF01A4008D01A40001
:10B9F0005202A4001002A400CE01A4008C01A400F5
:10BA00005102A4000F02A400CD01A4008B01A400E8
:10BA1000250007202F000710730008107C00081075
:10BA20007E0008101F0007202600071030000710B6
:10BA3000740008107B00081028000720320007104F
:10BA40003900081041000710460005104B0008207F
:10BA50004C0008204F000810540008205500082012
:10BA60002100072029000710330007103A000810B2
:10BA700040000710470005104A0008205000081039
:10BA800053000810F6029000C10290008C02900052
:10BA90005702900019023701380237013C02370182
:10BAA0004302370147023701D7013701F601370159
:10BAB000FA0137010102370105023701950137010B
:10BAC000B4013701B8013701BF013701C3013701A4
:10BAD0005301370172013701760137017D013701CA
:10BAE000810137011502B001D301B0019101B0010C
:10BAF0004F01B0012E0007106B0007107F000820D7
:10BB000080000810820007201402F000D201F0002B
:10BB10009001F0004E01F0002B0330002F033000A5
:10BB20002B0354002F035400360007103F00081069
:10BB300086000820AF000810590010025A001002B9
:10BB4000220008102A000810340008103E000810D7
:10BB50001B00051067000810680008201F0207205E
:10BB6000DD0107209B010720590107202002040264
:10BB7000DE0104029C0104025A010402480104028D
:10BB8000110107202003B001EB02B001B602B001A1
:10BB90008102B001060024000D00240014002400DE
:10BBA0006A0008204A01260033015700330155007E
:10BBB000330153003501B00016010402FB000402FA
:10BBC000000104020B0104022B020402E901040239
:10BBD000A701040265010402750106207801310005
:10BBE00078013200790106208001062083013200AD
:10BBF000840106208A010620B7010620BA0131001F
:10BC0000BA013200BB010620C2010620C501320084
:10BC1000C6010620CC010620F9010620FC013100F6
:10BC2000FC013200FD01062004020620070232005A
:10BC3000080206200E0206203B0206203E023100CA
:10BC40003E0232003F020620460206204902320030
:10BC50004A0206205002062028010810C500D00024
:10BC60002103B001EC02B001B702B0018202B001C1
:10BC70009C0090019D009001F902D000C402D00008
:10BC80008F02D0005A02D000DF005A00DF003900D6
:10BC9000DF005600DF003500DF005200DF0031001A
:10BCA000B6003200BD003200BF0032005C0130003F
:10BCB0003700D000C802D000B4009000B700D10017
:10BCC000FA000402E200F700E200F000B3003000E6
:10BCD000B3007700B300D100D6005100B2003000AD
:10BCE000B2007700B200D100B500D0005C01310095
:10BCF0005C013200290030002D0030002900540082
:10BD00002D005400060024000D002400140024001F
:10BD1000D3005700D3005500D3005300D500B00026
:10BD2000AC0004021B030402F5040402FA0404023A
:10BD30000105040206050402210504025805040257
:10BD4000180504026C010402220304023204B0004C
:10BD50007204B000CF040402C9043701CC043701D7
:10BD6000D0043701D30437016105B0006305D0006A
:10BD7000E3005A00E3003900E3005600E300350019
:10BD8000E3005200E300310059003200600032004D
:10BD900030BFC36335030100E50108003503080027
:10BDA000850301008503000014000000A84700007F
:10BDB00035030100E5011000350310008503010083
:10BDC0008503000014000000A847000035030100AF
:10BDD000E5012000350320008503010085030000F4
:10BDE00014000000D832000000000000B84B000032
:10BDF0002508000035080100450801004008000042
:10BE000088090000A506A00B000000001702000032
:10BE1000F00900003702000070050000A80F0000C4
:10BE2000000000008702000080020000F00900000E
:10BE3000B7020000B002000070050000981000007A
:10BE4000084600000000000020030000200300005E
:10BE500020030000F0090000500300005003000020
:10BE600070050000A0060000E0030000C84C0000C0
:10BE7000100C0000404A0000204C00004804000064
:10BE80005835000078360000500A0000500A0000C3
:10BE9000E001000040020000D70200001400000092
:10BEA000050800008506C0098006400A80062009B2
:10BEB0000900000018370000A80F000098100000CB
:10BEC000084600000900000018370000404A000042
:10BED000204C00000900000018370000204C000032
:10BEE000981000000846000009000000F849000012
:10BEF0008848000055050000650500004505010063
:10BF000009000000E5010800A506000085150400F1
:10BF100035030300E501080035030800C506A46EDB
:10BF2000B83700008503010085030000A038000039
:10BF30002838000009000000D0130000E0060000CF
:10BF4000880800001707000068250000F0090000BD
:10BF5000680900002708000002000000404A0000B5
:10BF6000204C0000B707000035070300D84E000042
:10BF70000A00000035070200F8090000A00F0000C9
:10BF8000901000000000000000460000880800003B
:10BF900060090000430000005708000078280000F6
:10BFA000D81300000000000018480000090000003D
:10BFB00060250000E014000070280000B028000098
:10BFC00000190000C02B0000002C0000201D000004
:10BFD000102F0000502F00004021000060320000B0
:10BFE000D813000009000000E01400000900000060
:10BFF000F501010006000008851502008515010005
:10C000009515FF03A515010C09000000A8490000C3
:10C010001848000025050000350500001505010041
:10C0200009000000D50701002506646B3507890D5E
:10C030004507890D85061400D84E00002A0000002F
:10C040002506000085060000450700001048000096
:10C050000900000045000000E5018600350084006D
:10C060004201000043000000B50C0B0082CE01002D
:10C07000430000006833000028390000450001003B
:10C0800009000000B50C000009000000B50C00001C
:10C0900009000000A50B0000F50B0000050C1200C4
:10C0A000150C0000E50B0000950B0500483B000057
:10C0B0000620220038420000B5020400750200008C
:10C0C00065024000E5010101B5020101A84100003F
:10C0D00065020000783F0000A8420000D83B000045
:10C0E000017C0007F2030000017C01000600400013
:10C0F0004300000001000005283C0000090000008A
:10C10000D5080A00E5081A00450285225502FD01FE
:10C1100009000000A5010000D5000000E5000000B6
:10C12000F5002000050100001501000025010000B8
:10C1300035010000850100004501000055010000A7
:10C1400065010000750100009501000095000100E7
:10C150007500FF3709000000350A0900550A000084
:10C16000C50A0800650A3F08250A6000950A010013
:10C17000250A7F0009000000D83C000002DC050011
:10C1800043000000D5000000E5000000750003003A
:10C1900002050000430000008500030025000000A8
:10C1A000180B000025000100E501020075000000E9
:10C1B00009000000583A0000180E000002050000B7
:10C1C000430000008500FF37D50A4F007500FF3F90
:10C1D0008500FF3F50110000050A6B01050A0801A8
:10C1E000050AB502E50C010002140000430000003E
:10C1F000280F00004503010045030200381300002A
:10C20000483B0000184500005845000078440000F5
:10C21000A845000025000000E501000535000005E7
:10C22000E501020015000000020F000043000000BD
:10C2300018430000883A0000E501010035000100C4
:10C240006201000043000000C80D0000784E0000AD
:10C25000250901009500FF4009000000050D0100BF
:10C26000250D0100150D1500A50A0100450D8700DB
:10C2700009000000A50B0000F50A000025022E00B1
:10C2800009000000083B000078440000E5011F00A1
:10C29000150B1F0038420000C8400000A8420000F3
:10C2A00006202200E50A0800F50A0000883B00008D
:10C2B00002000000E10300034300000001008002CF
:10C2C000283C0000090000003502000015020000B3
:10C2D000060220002200000032000000E17F800002
:10C2E00001F400001600000043000000C601000039
:10C2F00043000000E715000002000000F8160000EF
:10C300004300000006001C003502000090160000EB
:10C31000720000000602000072010000F816000022
:10C32000430000000200000006001C004300000063
:10C3300043000000E71600000602000002000000B3
:10C34000F816000043000000090000001200000081
:10C3500001F4000012000000E17F800026000000D0
:10C3600001F4010000008000E17F8000E601000090
:10C3700001F407000000800743000000601800007F
:10C3800032000000E17F80002600000001F403007D
:10C3900000008000E17F8000E601000001F407005A
:10C3A0000000800743000000060040001600000067
:10C3B000430000002600000000008000060000008E
:10C3C0000600000006000000017480000900000063
:10C3D00035020000150200000602200022000000C5
:10C3E00032000000E17F800001F400001600000030
:10C3F00043000000C601000043000000071A0000CF
:10C4000002000000181B00004300000006001C0092
:10C4100035020000B01A00007200000006020000A1
:10C4200072010000181B0000430000000200000021
:10C4300006001C004300000043000000071B000032
:10C440000602000002000000181B0000430000006C
:10C45000090000001200000001F4000012000000BA
:10C46000E17F80002600000001F401000000800050
:10C47000E17F8000E601000001F407000000800772
:10C4800043000000801C000032000000E17F8000BB
:10C490002600000001F4030000008000E17F80001E
:10C4A000E601000001F407000000800743000000DF
:10C4B00006004000160000004300000026000000B7
:10C4C00000008000060000000600000006000000DA
:10C4D0000174800009000000350200001502000010
:10C4E000060220002200000032000000E17F8000F0
:10C4F00001F400001600000043000000C601000027
:10C5000043000000271E000002000000381F00004A
:10C510004300000006001C0035020000D01E000091
:10C52000720000000602000072010000381F0000C7
:10C53000430000000200000006001C004300000051
:10C5400043000000271F0000060200000200000058
:10C55000381F000043000000090000001200000026
:10C5600001F4000012000000E17F800026000000BE
:10C5700001F4010000008000E17F8000E60100007E
:10C5800001F407000000800743000000A020000025
:10C5900032000000E17F80002600000001F403006B
:10C5A00000008000E17F8000E601000001F4070048
:10C5B0000000800743000000060040001600000055
:10C5C000430000002600000000008000060000007C
:10C5D0000600000006000000017480000900000051
:10C5E00035020000150200000602200022000000B3
:10C5F00032000000E17F800001F40000160000001E
:10C6000043000000C6010000430000004722000074
:10C6100002000000582300004300000006001C0038
:10C6200035020000F0220000720000000602000047
:10C6300072010000582300004300000002000000C7
:10C6400006001C00430000004300000047230000D8
:10C650000602000002000000582300004300000012
:10C66000090000001200000001F4000012000000A8
:10C67000E17F80002600000001F40100000080003E
:10C68000E17F8000E601000001F407000000800760
:10C6900043000000C024000032000000E17F800061
:10C6A0002600000001F4030000008000E17F80000C
:10C6B000E601000001F407000000800743000000CD
:10C6C00006004000160000004300000026000000A5
:10C6D00000008000060000000600000006000000C8
:10C6E000017480000900000098130000F50B0000A1
:10C6F000050C0000150C0000E50B0000950B000078
:10C70000E50A0000050200000620020010340000C7
:10C71000050B0000050B0C00050B0000150B0000BD
:10C72000250B0000350B0100450B0000550B0000E8
:10C73000650B000038420000B502040075020000DD
:10C7400065020000E5010900B5020900A8410000EA
:10C7500065020000E5014100B5024100A84100006A
:10C7600065020000783E0000B5020400750200007A
:10C7700065020000E5010101B5020101A8410000C8
:10C7800065020000783F0000A84200001828000061
:10C790000900000015095D00F508BD00E501002055
:10C7A000F50800200100000009000000010000055C
:10C7B000283C0000004E0000090000009813000013
:10C7C000F50B0000050C0000150C0000E50B000047
:10C7D000950B0000E50A000005020000062002009B
:10C7E00010340000050B0000050B0C00050B0000C9
:10C7F000150B0000250B0000350B0100450B000058
:10C80000550B0000650B000038420000B502040023
:10C810007502000065020000E5010900B50209008B
:10C82000A841000065020000E5014100B502410099
:10C83000A841000065020000783E0000B502040037
:10C840007502000065020000E5010101B502010169
:10C85000A841000065020000783F0000A8420000E7
:10C86000682B00000900000015095D00F508BD00F7
:10C87000E5010020F508002001000000090000008B
:10C8800001000005283C0000004E000009000000E7
:10C8900098130000F50B0000050C0000150C0000BB
:10C8A000E50B0000950B0000E50A00000502000002
:10C8B0000620020010340000050B0000050B0C00E0
:10C8C000050B0000150B0000250B0000350B0100C7
:10C8D000450B0000550B0000650B000038420000BE
:10C8E000B50204007502000065020000E5010900C0
:10C8F000B5020900A841000065020000E501410001
:10C90000B5024100A841000065020000783E000029
:10C91000B50204007502000065020000E501010196
:10C92000B5020101A841000065020000783F000047
:10C93000A8420000B82E00000900000015095D00A3
:10C94000F508BD00E5010020F50800200100000009
:10C950000900000001000005283C0000004E000016
:10C960000900000098130000F50B0000050C000002
:10C97000150C0000E50B0000950B0000E50A000017
:10C98000050200000620020010340000050B000024
:10C99000050B0C00050B0000150B0000250B00001B
:10C9A000350B0100450B0000550B0000650B000026
:10C9B00038420000B5020400750200006502000064
:10C9C000E5010900B5020900A84100006502000068
:10C9D000E5014100B5024100A841000065020000E8
:10C9E000783E0000B50204007502000065020000F8
:10C9F000E5010101B5020101A84100006502000046
:10CA0000783F0000A8420000083200000900000042
:10CA100015095D00F508BD00E5010020F5080020BE
:10CA2000010000000900000001000005283C000092
:10CA3000004E000009000000E5013100C50820009B
:10CA4000090000006503C000B5070200B5082A0010
:10CA5000A83200000900000055080200F505010099
:10CA6000350C040009000000D50701002506E4008C
:10CA700065070600E507080045061400D84E0000CB
:10CA80000A000000F8480000284900006507270058
:10CA900009000000350C0200350C0300E50101001F
:10CAA000050B0100E5010200D50A0000A20000000C
:10CAB0004300000009000000E5010800A506000091
:10CAC00025030300E501080025030800C506046FDF
:10CAD000B8370000950301009503000028380000D6
:10CAE0000900000015080000E5010800A50608007F
:10CAF000D84E00002A0000000900000025080000B0
:10CB0000250600003507030045070300D84E000046
:10CB10000A000000090000002508010009000000CB
:10CB2000F50101100600000809000000E5010400FD
:10CB300085060400D50701002506C46DD84E000007
:10CB40002A000000090000002506000085060000FC
:10CB500009000000E836000018480000884800007E
:10CB600009000000E5011000350310000900000075
:10CB7000E50110002503100009000000D5070100A1
:10CB800025061400D84E00002A00000025060000EB
:10CB9000C506000009000000E5061800D84E000098
:10CBA0000A000000E50600003508010088090000C1
:10CBB000A506A00B0900000005071800D84E0000CC
:10CBC0000A00000005070000450801004836000083
:10CBD000A506406909000000E501860035008400D3
:10CBE0004201000043000000E5010300B50C010014
:10CBF0006200000043000000D50701002506E400A4
:10CC000065070600E507080045061800D84E000035
:10CC10000A000000F84800002849000065072700C6
:10CC200009000000E5010300B50C03000900000045
:10CC300068330000E50102003500020062010000D7
:10CC400043000000E50184003500000009000000F9
:10CC50001502360005020E0025022E000900000014
:10CC60001502360005020E0025029300090000009F
:10CC700015094D00F5089D00E5010020F50800208C
:10CC80000900000015095D00F508BD00E501002060
:10CC9000F508002009000000E5010020F50800006B
:10CCA000000000000000000025000100E501020076
:10CCB0001500020025000000E5010200150000003B
:10CCC0000900000065007F00090000006500000009
:10CCD000090000007500010009000000D5000000F7
:10CCE000E50102009500020009000000A501000016
:10CCF000E5000000F500200005010000150100001E
:10CD00002501000035010000450103005501030025
:10CD1000850103006501030075010300950103000F
:10CD2000E501F77F9500F57F09000000E501FF01AF
:10CD30006502E001E5011100B5021100A841000003
:10CD4000E501FF016502FF01E5012100B5022100B7
:10CD5000A8410000E501FF016502F801E50181003D
:10CD6000B5028100A841000009000000E501FF01B3
:10CD70006502C001E5010102B5020102A8410000FF
:10CD8000E501FF016502FF01E5010104B5020104AF
:10CD9000A8410000E501FF016502F801E501010875
:10CDA000B5020108A8410000E501FF016502FF018D
:10CDB000E5010110B5020110A841000009000000C2
:10CDC000B50204006502003FB5020D00F841000005
:10CDD0006502C0FFB5021500F84100006502F0FFD2
:10CDE000B5028500F84100006502FFFFB50225008D
:10CDF000F841000009000000B208000043000000F4
:10CE0000E501F91FB502000009000000B2080000AA
:10CE100043000000B502040009000000E501000520
:10CE200035000000E501001835000018E501000597
:10CE30003500000509000000E5010005350000008F
:10CE4000E501001835000000E5010005350000058A
:10CE500009000000450A0100450A000065070300BB
:10CE6000D50708002506140058490000A84700000F
:10CE700025073900F50400000505803EE5040100A2
:10CE8000D84E00000A000000A8470000F848000043
:10CE90006507000009000000250A0000950A00004F
:10CEA000250A0000650A000009000000050B0000CB
:10CEB000050B0C00050B0000150B1F00250B0000D7
:10CEC000350B0100450B0000550B0000650B000001
:10CED00009000000F50B0000050C0E00150C000009
:10CEE00009000000950B0700A50B0400E50A0700E8
:10CEF000F50A040009000000D50B0500B50B03007E
:10CF000009000000D50B0500B50B0000090000006A
:10CF100038420000B5020400750200006502C03FFF
:10CF2000E5010101B5020101A8410000650200FE12
:10CF3000783F0000A8420000483B00000620220085
:10CF4000D83B0000F5090100E50100039509000147
:10CF500001F40000D50B0500024B00004300000067
:10CF6000D50B0900F5090000E50100039509000053
:10CF7000283C00000900000025070000B50501005D
:10CF80006200000043000000B5050000E504000059
:10CF90000900000035070000C5050100620000001F
:10CFA00043000000C5050000150500000900000051
:10CFB00045070000D50501006200000043000000A5
:10CFC000D505000045050000090000002506000009
:10CFD000D50700000900000045060000E507000035
:10CFE0000900000015000400E501080035000000FC
:10CFF000150000000900000015000800E501100000
:10D0000035000000150000000900000015001000A8
:10D01000E5012000350000001500000009000000B7
:10D0200095000100E50C00002509000028390000EA
:10D0300025000100E501020015000200E5010600DF
:10D0400085000000E501060075000000D8450000DD
:10D05000984E0000E501010035000000620100006B
:10D060004300000028440000D50A000085000100AC
:10D07000183D0000783D0000090000002833000042
:10D08000C500000095140000783D0000383D000008
:10D09000F80B000009000000D80B0000E5010100BA
:10D0A00085000000E501010075000000383D00002A
:10D0B000E501020015000000F83C00000900000036
:10D0C000950C1300750C3800850C02001502360013
:10D0D00005020E0025022E00062022001509ED0093
:10D0E000F508DD01E5010020F5080020010000053C
:10D0F000010001050100000506004000283C000079
:10D10000750C0000850C0000950C00000900000063
:10D11000350C0000350C0400E5010100050B000092
:10D12000E5010200D50A020009000000450DFF00DC
:10D1300009000000450D0000A50A0000050D0000D3
:10D140000900000052000000430000000900000038
:10D15000300EB36335030100E50108003503080014
:10D16000850301008503000014000000A8010000F1
:10D1700035030100E50110003503100085030100AF
:10D180008503000014000000A80100003503010021
:10D19000E501200035032000850301008503000020
:10D1A0001400000015000400E5010800350000002F
:10D1B000150000000900000025070000B50501006A
:10D1C0006200000043000000B5050000E504000017
:10D1D0000900000025060000D50700000900000036
:10D1E00045060000E5070000090000006503C000D7
:10D1F000B5070200B5082A00C802000009000000B7
:10D20000E5013100C50820000900000052000000BF
:10D21000430000000900000065007F0009000000D5
:10D22000A5010000D5000000E5000000F500200089
:10D230000501000015010000250100003501000076
:10D240008501000045010000550100006501000056
:10D250007501000095010000950001007500FF3781
:10D2600009000000D5000000E50102009500020061
:10D2700009000000A5010000E5000000F500200005
:10D280000501000015010000250100003501000026
:10D2900045010300550103008501030065010300FA
:10D2A0007501030095010300E501F77F9500F57F07
:10D2B00009000000B50C0000090000004500000056
:10D2C000E5018600350084004201000043000000B3
:10D2D000B50C0B0082CE010043000000880800005E
:10D2E000580700004500010009000000E5010300A7
:10D2F000B50C030009000000020F0000430000000D
:10D300000900000088080000E50102003500020065
:10D310006201000043000000E501840035000000C8
:10D3200009000000E501860035008400420100008C
:10D3300043000000E5010300B50C0100620000009D
:10D3400043000000D50701002506E400650706003C
:10D35000E507080045061800F80200000A00000072
:10D3600018020000480200006507270009000000BD
:10D37000D50701002506E40065070600E50708005B
:10D3800045061400F80200000A0000001802000020
:10D39000480200006507270009000000550D010044
:10D3A0000000000075070000C50D900975072700F3
:10D3B0008513010015140100E50104008513040024
:10D3C000E501040015140400E501080085130800B8
:10D3D000E501F8011514F80109000000150200002C
:10D3E00005020000250201000620220015090200A6
:10D3F000F5080400E5010020F50800200900000000
:10D40000021400004300000001000100010080023E
:10D410000600400009000000350A0900550A000016
:10D42000C50A0800650A3F08250A6000950A010040
:10D43000250A7F0009000000250A0000950A000067
:10D44000250A0000650A000009000000450A0100E5
:10D45000450A000065070300D507080025061400EB
:10D4600058010000A801000025073900F50400005C
:10D470000505803EE5040100F80200000A000000F6
:10D48000A801000018020000650700000900000064
:10D49000450A0100450A000009000000050D0100D1
:10D4A000250D0100150D1500A50A0100450D870089
:10D4B00009000000450DFF000900000015095D008E
:10D4C000F508BD00E5010020F50800200900000076
:10D4D000D5080A00E5081A00450285225502FD011B
:10D4E000090000001502360005020E002502930017
:10D4F00009000000E5010020F50800000000000020
:10D500000000000025000100E501020015000200F6
:10D5100025000000E50102001500000009000000E0
:10D52000350C0200350C0300E5010100050B01007C
:10D53000E5010200D50A0000A2000000430000003F
:10D5400009000000E501000535000000E5010018B4
:10D5500035000018E5010005350000050900000050
:10D56000E501000535000000E50100183500000068
:10D57000E50100053500000509000000B2080000C3
:10D5800043000000E501F91FB5020000090000009A
:10D59000E501FF016502E001E5011100B50211009E
:10D5A000B8100000E501FF016502FF01E50121005F
:10D5B000B5022100B8100000E501FF016502F80185
:10D5C000E5018100B5028100B810000009000000EB
:10D5D000E501FF016502C001E5010102B50201029A
:10D5E000B8100000E501FF016502FF01E50101043B
:10D5F000B5020104B8100000E501FF016502F80161
:10D60000E5010108B5020108B8100000E501FF01BD
:10D610006502FF01E5010110B5020110B81000001C
:10D6200009000000D50B0500B50B03000900000040
:10D63000D80F0000B5020400750200006502C03F6B
:10D64000E5010101B5020101B8100000650200FE0C
:10D650000812000048100000580E000006202200AA
:10D66000B80D0000F5090100E5010003950900016E
:10D6700001F40000D50B0500024B00004300000040
:10D68000D50B0900F5090000E5010003950900002C
:10D69000980E000009000000050B0000050B0C00AF
:10D6A000050B0000150B1F00250B0000350B0100BA
:10D6B000450B0000550B0000650B00000900000041
:10D6C0005508020058010000A801000018020000DF
:10D6D00048020000F5050100350C04007802000046
:10D6E0002851000038090000380A0000010000003D
:10D6F000950C1300750C3800850C0200A200000088
:10D70000C23000004300000043000000010001059A
:10D710000600400001008002750C0001850C180015
:10D72000C80A0000850C38002503000065070300C7
:10D73000D50708002506140058010000F504000074
:10D740000505800285142200C50A0000080D0000AE
:10D75000A801000025072106E5040100F8020000E9
:10D760000A000000A8010000E501010025030100F6
:10D77000C80A0000C50A0100080D0000A801000049
:10D7800025074D06E5040100F80200000A0000002C
:10D79000A8010000E501020025030200C80A0000FC
:10D7A000C50A0200080D0000A8010000250779063F
:10D7B000E5040100F80200000A000000A8010000D2
:10D7C000E501040025030400C80A0000C50A03009F
:10D7D000080D0000A80100002507A506E5040100CA
:10D7E000F80200000A000000A8010000E50108009E
:10D7F00025030800C80A0000C50A0400080D00003F
:10D80000A80100002507D106E5040100F802000088
:10D810000A000000A8010000E50110002503100027
:10D82000C80A0000C50A0500080D0000A801000094
:10D830002507FD06E5040100F80200000A000000CB
:10D84000A8010000E501200025032000C80A00000F
:10D85000C50A0600080D0000A801000025072907D9
:10D86000E5040100F80200000A000000A801000021
:10D87000E501400025034000C80A0000C50A070072
:10D88000080D0000A801000025075507E504010068
:10D89000F80200000A000000A8010000E501800075
:10D8A00025038000C80A0000C50A0800080D000012
:10D8B000A801000025078107E5040100F802000027
:10D8C0000A000000A8010000E50100012503000195
:10D8D000C80A0000C50A0900080D0000A8010000E0
:10D8E0002507AD07E5040100F80200000A0000006A
:10D8F000A8010000E501000225030002C80A00009B
:10D90000C50A0A00080D0000A80100002507D90774
:10D91000E5040100F80200000A000000A801000070
:10D92000E501000425030004C80A0000C50A0B0035
:10D93000080D0000A801000025070508E504010006
:10D94000F80200000A000000A8010000E50100083C
:10D9500025030008C80A0000C50A0C00080D0000D5
:10D96000A801000025073108E5040100F8020000C5
:10D970000A000000A8010000E501001025030010C6
:10D98000C80A0000C50A0D00080D0000A80100002B
:10D9900025075D08E5040100F80200000A00000008
:10D9A000A8010000E501002025030020C80A0000AE
:10D9B000C50A0E00080D0000A8010000250789080F
:10D9C000E5040100F80200000A000000A8010000C0
:10D9D000E501004025030040C80A0000C50A0F0009
:10D9E000080D0000A80100002507B508E5040100A6
:10D9F000F80200000A000000A8010000E501008014
:10DA000025030080C80A000085140000A80B000050
:10DA100018020000C85000001400000078590000EF
:10DA2000750C8000850C8000B50A0300E501040038
:10DA3000B50C040006000008950A6100484F00007C
:10DA4000950A6900484F0000950A7100484F000090
:10DA5000950A7900484F0000950A4100484F0000A0
:10DA6000950A4900484F0000950A5100484F0000B0
:10DA7000950A5900484F0000950A2100484F0000C0
:10DA8000950A2900484F0000950A3100484F0000D0
:10DA9000950A3900484F0000950A0100484F0000E0
:10DAA000950A0900484F0000950A1100484F0000F0
:10DAB000950A1900484F0000B50A000001008002D5
:10DAC000750C0200850C0200E5010400B50C000095
:10DAD000C80A0000750C1800850C0600F50010003F
:10DAE000C80A0000F5001100C80A0000F500120085
:10DAF000C80A0000F5001300C80A0000F500140071
:10DB0000C80A0000F5001500C80A0000F50016005C
:10DB1000C80A0000F5001700C80A0000F500180048
:10DB2000C80A0000F5001900C80A0000F5001A0034
:10DB3000C80A0000F5001B00C80A0000F5001C0020
:10DB4000C80A0000F5001D00C80A0000F5001E000C
:10DB5000C80A0000F5001F00C80A0000F5002000F8
:10DB6000C80A0000F5002100C80A0000F5002200E4
:10DB7000C80A0000F5002300C80A0000F5002400D0
:10DB8000C80A0000F5002500C80A0000F5002600BC
:10DB9000C80A0000F5002700C80A0000F5002800A8
:10DBA000C80A0000F5002900C80A0000F5002A0094
:10DBB000C80A0000F5002B00C80A0000F5002C0080
:10DBC000C80A0000F5002D00C80A0000F5002E006C
:10DBD000C80A0000F5002F00C80A0000F500300058
:10DBE000C80A0000F5003100C80A0000F500320044
:10DBF000C80A0000F5003300C80A0000F500340030
:10DC0000C80A0000F5003500C80A0000F50036001B
:10DC1000C80A0000F5003700C80A0000F500380007
:10DC2000C80A0000F5003900C80A0000F5003A00F3
:10DC3000C80A0000F5003B00C80A0000F5003C00DF
:10DC4000C80A0000F5003D00C80A0000F5003E00CB
:10DC5000C80A0000F5003F00C80A0000A80B000039
:10DC6000C85000001400000078590000450301006E
:10DC7000F5002000750C0300850C0300E50104008D
:10DC8000B50C040006000008150D10000850000037
:10DC9000150D110008500000150D1200085000006D
:10DCA000150D130008500000150D14000850000059
:10DCB000150D150008500000150D16000850000045
:10DCC000150D170008500000150D18000850000031
:10DCD000150D190008500000150D1A00085000001D
:10DCE000150D1B0008500000150D1C000850000009
:10DCF000150D1D0008500000150D1E0008500000F5
:10DD0000150D1F0008500000150D00000850000000
:10DD1000150D010008500000150D0200085000000C
:10DD2000150D030008500000150D040008500000F8
:10DD3000150D050008500000150D060008500000E4
:10DD4000150D070008500000150D080008500000D0
:10DD5000150D090008500000150D0A0008500000BC
:10DD6000150D0B0008500000150D0C0008500000A8
:10DD7000150D0D0008500000150D0E000850000094
:10DD8000150D0F0008500000350D00000100800245
:10DD9000980E0000A80B000045030000C8500000CA
:10DDA00014000000B50B0300F50901002500010077
:10DDB0009509000125000000D50B0E00021400009B
:10DDC00043000000D50B0A00F5090000950900008A
:10DDD000950C000062090000C23000004300000002
:10DDE00043000000380A0000E5010400B50C0400FF
:10DDF000050C000006000008150C0000E50B3C00B7
:10DE0000C80A0000E50B3400C80A0000E50B2C002E
:10DE1000C80A0000E50B2400C80A0000E50B040056
:10DE2000C80A0000E50B0C00C80A0000E50B14004E
:10DE3000C80A0000E50B1C00C80A0000150C010010
:10DE4000E50B3C00C80A0000E50B3400C80A0000DE
:10DE5000E50B2C00C80A0000E50B2400C80A0000EE
:10DE6000E50B0400C80A0000E50B0C00C80A00001E
:10DE7000E50B1400C80A0000E50B1C00C80A0000EE
:10DE8000150C0200E50B3C00C80A0000E50B34004D
:10DE9000C80A0000E50B2C00C80A0000E50B2400AE
:10DEA000C80A0000E50B0400C80A0000E50B0C00DE
:10DEB000C80A0000E50B1400C80A0000E50B1C00AE
:10DEC000C80A0000150C0300E50B3C00C80A00005E
:10DED000E50B3400C80A0000E50B2C00C80A00005E
:10DEE000E50B2400C80A0000E50B0400C80A000086
:10DEF000E50B0C00C80A0000E50B1400C80A00007E
:10DF0000E50B1C00C80A0000150C0400E50B3C00E2
:10DF1000C80A0000E50B3400C80A0000E50B2C001D
:10DF2000C80A0000E50B2400C80A0000E50B040045
:10DF3000C80A0000E50B0C00C80A0000E50B14003D
:10DF4000C80A0000E50B1C00C80A0000150C0500FB
:10DF5000E50B3C00C80A0000E50B3400C80A0000CD
:10DF6000E50B2C00C80A0000E50B2400C80A0000DD
:10DF7000E50B0400C80A0000E50B0C00C80A00000D
:10DF8000E50B1400C80A0000E50B1C00C80A0000DD
:10DF9000150C0600E50B3C00C80A0000E50B340038
:10DFA000C80A0000E50B2C00C80A0000E50B24009D
:10DFB000C80A0000E50B0400C80A0000E50B0C00CD
:10DFC000C80A0000E50B1400C80A0000E50B1C009D
:10DFD000C80A0000150C0700E50B3C00C80A000049
:10DFE000E50B3400C80A0000E50B2C00C80A00004D
:10DFF000E50B2400C80A0000E50B0400C80A000075
:10E00000E50B0C00C80A0000E50B1400C80A00006C
:10E01000E50B1C00C80A0000150C0800E50B3C00CD
:10E02000C80A0000E50B3400C80A0000E50B2C000C
:10E03000C80A0000E50B2400C80A0000E50B040034
:10E04000C80A0000E50B0C00C80A0000E50B14002C
:10E05000C80A0000E50B1C00C80A0000150C0900E6
:10E06000E50B3C00C80A0000E50B3400C80A0000BC
:10E07000E50B2C00C80A0000E50B2400C80A0000CC
:10E08000E50B0400C80A0000E50B0C00C80A0000FC
:10E09000E50B1400C80A0000E50B1C00C80A0000CC
:10E0A000C850000014000000A8590000E855000006
:10E0B000F50A000028590000F50A0100285900005F
:10E0C000F50A020028590000F50A0300285900004B
:10E0D000F50A040028590000F50A05002859000037
:10E0E000F50A060028590000F50A07002859000023
:10E0F00001008002980E0000085A0000C85000007D
:10E1000014000000A8590000080E0000D80F0000FD
:10E11000B5020400750200006502C03FE501090078
:10E12000B5020900B810000065020000E5014100D9
:10E13000B5024100B8100000650200FE08110000A1
:10E14000985800004810000006200208B80D000092
:10E15000A50B040068550000F50A0000D84D00002A
:10E16000F50A0100D84D0000F50A0200D84D000064
:10E17000F50A0300D84D0000F50A0400D84D000050
:10E18000F50A0500D84D0000F50A0600D84D00003C
:10E19000F50A0700D84D000001008002980E00002B
:10E1A000085A0000C850000014000000A8590000E0
:10E1B000E50A0800950B0800F50B0F00D80F0000CA
:10E1C000B5020400750200006502C03FE5010900C8
:10E1D000B5020900B810000065020000E501410029
:10E1E000B5024100B8100000650200FE08110000F1
:10E1F000B5020400750200006502C03FE50101019F
:10E20000B5020101B8100000650200FE081200000E
:10E2100048100000B80D0000F50A04001502A00027
:10E220000600200801F4000506020000A50B00000E
:10E23000884C000006020000A50B0100884C00007D
:10E2400006020000A50B0200884C00000602000038
:10E25000A50B0300884C000006020000A50B04007B
:10E26000884C000006020000A50B0500884C000049
:10E2700006020000A50B0600884C00000602000004
:10E28000A50B0700884C000001000005980E000057
:10E29000085A0000C850000014000000A8590000EF
:10E2A000E50A0800950B0800F50B0900D80F0000DF
:10E2B000B5020400750200006502C007E50109000F
:10E2C000B5020900B810000065020000E501410038
:10E2D000B5024100B81000006502001E08110000E0
:10E2E000B5020400750200006502C007E5010101E6
:10E2F000B5020101B81000006502001E08120000FE
:10E3000048100000350200001502A00025022E0072
:10E3100006202008B80D0000A50B0400050C030022
:10E32000150C000068550000D84D00000100800267
:10E33000980E0000085A0000C850000014000000A9
:10E34000A8590000E5010400B50C0000350C0100DF
:10E35000750C8001850C0200950C1300450C09001A
:10E36000650C1B0028150000450B0200E50A08009B
:10E37000950B0800D80F0000B502040075020000DC
:10E3800065024000E5010900B5020900B81000006F
:10E3900065020000E5014100B5024100B81000002F
:10E3A0006502007E08110000985800004810000027
:10E3B000B80D0000010000001502A10025026E004A
:10E3C000650B0400062020084853000006002008C2
:10E3D00022000000485300004300000001008002BA
:10E3E000650B0C00060020004200000048530000AE
:10E3F0004300000001000005650C0000450C0F0003
:10E40000550C0300750CC001150B0900550B0700D6
:10E41000350B2900250B0B000600200052000000E0
:10E42000585400004300000001008002550B0F000B
:10E43000350B09000600200052000000585400006F
:10E440004300000001008002250B1300060020009D
:10E450005200000058540000430000000100000575
:10E46000980E0000085A0000C85000001400000078
:10E4700012000000E175000001F401002600000018
:10E48000E175000001F40700E60100000200000051
:10E49000E175000001F4030026000000E1750000B2
:10E4A00001F40700E6010000430000000600400000
:10E4B00016000000430000002600000001748000E8
:10E4C0000900000006002000120000000602000003
:10E4D00072010000884C00004300000006001C0090
:10E4E0004300000001F48002090000000600200043
:10E4F0000602000072010000884C0000430000008A
:10E5000001F48002090000008513000015140000CA
:10E5100075070000C50D0000550D01000900000041
:10E52000B50A0300021400004300000001000100CE
:10E5300001008002B50A020002140000430000003E
:10E5400001000700010080020600400009000000F1
:10E55000350D01000214000043000000010001001D
:10E5600001008002350D030002140000430000008A
:10E5700001000700010080020600400009000000C1
:10E5800035030200E50100003503000085030100AA
:10E590008503000009000000C5000000951400007C
:10E5A00098040000580400009805000028030000AB
:10E5B00002DC05004300000048030000A201000047
:10E5C000430000008500FF37D50A4F007500FF3F6C
:10E5D0008500FF3F0214000043000000E50C01002D
:10E5E000280B0000380D000025000000E5010005A3
:10E5F00035000005E501020015000000B805000027
:10E60000020F000043000000980D000025090100E2
:10E6100078060000A8060000D806000009000000E7
:10E6200006020000F202000001080000E1070000FD
:10E63000010000000100010062000000010800006C
:10E64000E10700000100000001000300430000009A
:10E6500006004000260000004300000006001C00E9
:10E660000900000006020000F2020000012800007C
:10E6700001100000E107000001000100620000003D
:10E680000128000001100000E10700000100030064
:10E690004300000006004000260000004300000088
:10E6A00006001C0009000000F509010095090001A1
:10E6B0000214000043000000F50900009509000065
:10E6C00001F4000109000000050A6B01050A0801B8
:10E6D000050AB502150D0000D50B0900E50B000079
:10E6E000980E00004503010045030200E84E0000BB
:10E6F0005813000088130000D80F0000B502040072
:10E70000750200006502C03FE5010900B50209007D
:10E71000B810000065020000E5014100B5024100AB
:10E72000B8100000650200FE0811000098580000B3
:10E7300048100000E50A0800950B0700480F00008C
:10E7400015029D00350200000502760025022E000C
:10E7500006200208B80D0000A50B0400050C1100EE
:10E76000150C0000F50B020068550000080E0000B3
:10E7700009000000B50204007502000065024000B7
:10E78000E5010101B5020101B810000065020000B9
:10E7900008120000090000005502DD0D784E00004F
:10E7A0005502FF0F784E000009000000280B000002
:10E7B000F80B00000900000078590000E501010095
:10E7C0003500010062010000430000000900000064
:10E7D000E501010035000000620100004300000077
:10E7E000A80B00000900000000000000000000006D
:10E7F0000000000000000000000000000000000019
:10E800000000000000000000000000000000000008
:10E8100000000000000000000000000000000000F8
:10E8200000000000000000000000000000000000E8
:10E8300000000000000000000000000000000000D8
:10E8400000000000000000000000000000000000C8
:10E8500000000000000000000000000000000000B8
:10E8600000000000000000000000000000000000A8
:10E870000000000000000000000000000000000098
:10E880000000000000000000000000000000000088
:10E890000000000000000000000000000000000078
:10E8A0000000000000000000000000000000000068
:10E8B00000000000496E76616C696420636F6E66CB
:10E8C00069672068616E646C65000000636F6E6646
:10E8D00069670000496E76616C69642073656E73C8
:10E8E0006F722068616E646C6500000073656E7302
:10E8F0006F720000496E76616C69642070726F639C
:10E90000657373696E672068616E646C65000000F2
:10E9100070726F63657373696E670000546F6F2068
:10E920006C617267652073656E736F7220627566C5
:10E9300066657220757361676500000072616461CD
:10E94000725F656E67696E655F613132310000002C
:10E950004C6F61643A205472616E73666572207305
:10E96000697A6520697320746F206C617267650035
:10E9700073656E736F725F636F6D6D5F613132319E
:10E980000000000053656E736F7220256C75206E59
:10E990006F7420726561647920666F722072756E83
:10E9A0006E696E672061206E65772070726F677286
:10E9B000616D000073656E736F725F70726F746F5C
:10E9C000636F6C5F6131323100000000496E766127
:10E9D0006C6964206275666665722073656E736F1C
:10E9E0007220256C7500000047656E6572696331A1
:10E9F00020496E7465727275707420616C72656105
:10EA0000647920636C6561726564206F6E20736544
:10EA10006E736F7220256C75000000004E6F2065CC
:10EA200076656E7420636F6465205B307825785D51
:10EA30002072656365697665642066726F6D207308
:10EA4000656E736F7220256C750000004572726FE1
:10EA500072206576656E7420636F6465205B307824
:10EA600025785D2072656365697665642066726FDE
:10EA70006D2073656E736F7220256C750000000049
:10EA8000496E76616C6964206576656E7420636F8B
:10EA90006465205B307825785D20726563656976F2
:10EAA00065642066726F6D2073656E736F722025CA
:10EAB0006C75000053707572696F757320657665AB
:10EAC0006E74207265636569766564207768656E2B
:10EAD00020444F4E4520657870656374656421203D
:10EAE0005265636569766564206576656E7420633A
:10EAF0006F6465203D2025640000000063616C693F
:10EB000062726174696F6E5F613132315F63616C33
:10EB10005F73657373696F6E0000000072756E6ECF
:10EB2000696E670073746F70706564005B256C7547
:10EB30005D2053656E736F722025734025687500E4
:10EB400073656E736F725F7374617475735F613137
:10EB5000323100005B256C755D2053637261746314
:10EB60006870616420636F6E666967202568753A16
:10EB70002030782530346878000000005B256C7503
:10EB80005D2077616B6575705F7374617475733048
:10EB90003A20307825303468780000005B256C75A9
:10EBA0005D20696E7075746D75785F77616B6575E2
:10EBB000705F696E7075742568755F636F6E6669E6
:10EBC000673A203078253034687800005B256C7512
:10EBD0005D2077616B6575705F696E70757425680F
:10EBE000755F77616B6575705F636F6E6669673AB5
:10EBF00020416464723D2568753A203078253034B0
:10EC0000687800005B256C755D2077616B657570B9
:10EC10005F696E7075742568755F61636B5F636FA4
:10EC20006E6669673A20202020416464723D256841
:10EC3000753A203078253034687800005B256C7593
:10EC40005D20537461636B206C6576656C2025686C
:10EC5000753A20416464723D2568753A20256875CF
:10EC6000000000005B256C755D20417369632065C1
:10EC700072726F723A203078253034687800000064
:10EC80005B256C755D2020204552524F523A20255D
:10EC9000730000004F66667365743A20256875201E
:10ECA0004D6F646966792076616C7565203D20251D
:10ECB0006C7520746F6F206C6172676520286D61C0
:10ECC00078696D756D20256C75290000636F6E661F
:10ECD00070726F6772616D00496E76616C69642055
:10ECE00064617461206F627461696E656420666F2F
:10ECF00072207061746368696E6700002D2D2D2D80
:10ED00002D2D20424547494E202D2D2D2D2D2D20D6
:10ED100053656E736F7220537461747573204C6FFA
:10ED200067202D2D2D2D2D2D20424547494E202D7C
:10ED30002D2D2D2D2D0000005B256C755D2025737C
:10ED40003A20307825303468780000002D2D2D2DA4
:10ED50002D2D2D20454E44202D2D2D2D2D2D2D20BA
:10ED600053656E736F7220537461747573204C6FAA
:10ED700067202D2D2D2D2D2D2D20454E44202D2D60
:10ED80002D2D2D2D2D000000556E61636B6E6F775C
:10ED90006C6564676564206576656E74206465746F
:10EDA0006563746564206F6E2073656E736F722087
:10EDB000256C750053656E736F7220256C75206E1F
:10EDC0006F7420726561647920666F72206C6F6168
:10EDD00064696E672061206E65772070726F67725C
:10EDE000616D00005374617465206E6F74207573DB
:10EDF00065640000656C656D656E745F6672616D5B
:10EE00006500000053637261746368206973207544
:10EE100073656420627574206E6F7420736574006E
:10EE20005363726174636820616E642073746174EB
:10EE300065206E6F7420757365640000656C656D88
:10EE4000656E745F73696E6B5F613132315F6361F0
:10EE50006C6C6261636B00004F7574707574206335
:10EE6000616E206E6F742062652073657420666F1A
:10EE7000722073696E6B20656C656D656E74000041
:10EE8000253032753A253032753A253032752E25C7
:10EE900030337520282563292028257329202573E0
:10EEA0000A00000045574956440000004F75742081
:10EEB0006F66206D656D6F72790000007273735F0D
:10EEC000696E746567726174696F6E004164647223
:10EED0006573733A20256875204D6F6469667920E3
:10EEE00076616C7565203D20256C7520746F6F20F0
:10EEF0006C6172676520286D6178696D756D20257C
:10EF00006C752900496E76616C6964206461746176
:10EF1000206F627461696E656420666F72206C692F
:10EF20007665207061746368696E6700496E76610A
:10EF30006C6964207265666572656E6365206672D1
:10EF4000657175656E6379202573256C752E253086
:10EF5000366C7520487A00006370645F706C6C5F7B
:10EF600064697669736F72730000000053656E7395
:10EF70006F722063616C6962726174696F6E207375
:10EF8000746570202564206661696C65640000000A
:10EF900063616C6962726174696F6E5F6131323195
:10EFA00000000000496E76616C6964206E756D62C8
:10EFB0006572206F66207375627377656570730084
:10EFC0007472616E736C6174696F6E5F613132313E
:10EFD00000000000496E76616C6964207377656596
:10EFE000705F726174650000656E61626C655F637D
:10EFF0006361206E6F742076616C69642077697438
:10F000006820646F75626C655F62756666657269BB
:10F010006E670000537562737765657020256875AB
:10F020002068617320696E76616C69642050524675
:10F0300000000000496E76616C6964206672616D43
:10F04000655F726174650000496E76616C69642069
:10F0500073657474696E677320666F7220636F6E78
:10F0600074696E756F75735F73776565705F6D6FCB
:10F0700064650000696E7465725F6672616D655FDC
:10F0800069646C655F7374617465206D7573742059
:10F090006265207468652073616D65206F722064FD
:10F0A0006565706572207468616E20696E74657242
:10F0B0005F73776565705F69646C655F73746174B5
:10F0C00065000000496E76616C696420696E746544
:10F0D000725F6672616D655F69646C655F737461B0
:10F0E00074650000496E76616C696420696E7465B0
:10F0F000725F73776565705F69646C655F73746177
:10F1000074650000496E76616C696420687761619E
:10F1100073000000496E76616C696420636F6D62F4
:10F12000696E6174696F6E206F66206C6F6F7062BC
:10F1300061636B20616E642070726F66696C65003C
:10F14000496E76616C696420636F6D62696E61748B
:10F15000696F6E206F662070726F66696C652061E2
:10F160006E64207072660000496E76616C6964207E
:10F1700070726F66696C6500496E76616C696420B7
:10F18000737465705F6C656E67746800496E766154
:10F190006C6964206E756D5F706F696E74730000CA
:10F1A00070686173655F656E68616E63656D656EDD
:10F1B00074206E6F742076616C696420776974685E
:10F1C0006F75742073756274726163745F696E5FCA
:10F1D0006275666665720000496E76616C696420CE
:10F1E000737461727420706F696E7400496E766119
:10F1F0006C6964206E756D626572206F6620706F39
:10F20000696E7473206F722073746570206C656E04
:10F2100067746800496E76616C696420707266007C
:10F22000537461727420706F696E74206F722072F3
:10F23000616E676520746F6F206661720000000068
:10F24000537461727420706F696E7420746F6F20D4
:10F25000636C6F7365000000496E76616C696420B1
:10F2600072656365697665725F6761696E0000004B
:10F27000496E76616C696420545820706F776572AE
:10F2800020617474656E756174696F6E00000000B2
:10F290004661696C656420746F2063616C63756C92
:10F2A0006174652070756C73657368617065722038
:10F2B00073657474696E677321000000546865207B
:10F2C0006D6178696D756D20737765657020726109
:10F2D00074652069732025640000000074727565F0
:10F2E0000000000066616C7365000000756E6B6E57
:10F2F0006F776E004163636F6E65657220736F6632
:10F3000074776172652076657273696F6E202573FC
:10F310000A0000006163635F636F6E6669675F6325
:10F3200072656174652829206661696C65640000F6
:10F3300073776565705F726174653A202573256C1B
:10F34000752E2530366C75006672616D655F726171
:10F3500074653A202573256C752E2530366C750042
:10F360007377656570735F7065725F6672616D65F6
:10F370003A20256875000000636F6E74696E756FC2
:10F3800075735F73776565705F6D6F64653A20258F
:10F3900073000000646F75626C655F627566666518
:10F3A00072696E673A20257300000000696E74650B
:10F3B000725F6672616D655F69646C655F737461CD
:10F3C00074653A2025730000696E7465725F737707
:10F3D0006565705F69646C655F73746174653A201C
:10F3E000257300006E756D5F737562737765657068
:10F3F000733A202568750000202073756273776565
:10F4000065703A20256C750020202020737461728D
:10F41000745F706F696E74202020202020202020CF
:10F4200020202020203A20256C6900002020202068
:10F430006E756D5F706F696E7473202020202020C0
:10F440002020202020202020203A20256875000040
:10F4500020202020737465705F6C656E677468206F
:10F46000202020202020202020202020203A20257D
:10F4700068750000202020206877616173202020BB
:10F48000202020202020202020202020202020207C
:10F49000203A2025687500002020202072656365D1
:10F4A000697665725F6761696E20202020202020C8
:10F4B00020202020203A20256875000020202020D0
:10F4C000656E61626C655F747820202020202020AA
:10F4D0002020202020202020203A2025730000001A
:10F4E0002020202070686173655F656E68616E63BF
:10F4F000656D656E7420202020202020203A202574
:10F50000730000002020202069715F696D62616CCA
:10F51000616E63655F636F6D70656E736174696F53
:10F520006E3A20257300000020202020656E616265
:10F530006C655F6C6F6F706261636B2020202020B0
:10F5400020202020203A20257300000020202020A9
:10F5500070726F66696C652020202020202020209A
:10F560002020202020202020203A20257300000089
:10F5700020202020707266202020202020202020A3
:10F58000202020202020202020202020203A20255C
:10F5900073000000706970656C696E655F6131327F
:10F5A000310000004661696C656420746F206765F6
:10F5B0007420726164617220656E67696E65206D8A
:10F5C0006574616461746100706970656C696E6511
:10F5D0005F737562737765657000000050697065D0
:10F5E0006C696E65206E6F742070726F7065726CDE
:10F5F0007920617373656D626C6564004173736536
:10F600006D626C65207375627377656570207069D3
:10F6100070656C696E65206661696C6564000000E8
:10F620006163635F70726F63657373696E675F6355
:10F6300072656174652829206661696C65640000E3
:10F640006163635F7273735F6765745F627566663B
:10F6500065725F73697A652829206661696C6564E3
:10F660000000000062756666657220616C6C6F63F5
:10F670006174696F6E206661696C656400000000EA
:10F68000556E657870656374656420617369635F46
:10F69000696420666F756E64203D2030782578009F
:10F6A00053656E736F7220697320696E2077726F75
:10F6B0006E67207374617465000000006163635FAE
:10F6C00073656E736F725F6372656174652829205C
:10F6D0006661696C656400006163635F73656E7386
:10F6E0006F725F63616C696272617465282920665C
:10F6F00061696C6564000000496E76616C69642024
:10F7000063616C6962726174696F6E004E6F742020
:10F71000706F737369626C6520746F207265636FBC
:10F720006E666967757265207768656E20646F75AF
:10F73000626C6520627566666572696E67206973C2
:10F7400020636F6E666967757265640053656E73DA
:10F750006F7220256C75206E6F74207265616479FC
:10F7600020746F20626520757064617465640000A8
:10F770006370645F613132315F6D6561735F7365C2
:10F780007373696F6E0000004C6F61642070726F5C
:10F790006772616D206661696C6564006163635FB7
:10F7A00073656E736F725F70726570617265282920
:10F7B000206661696C6564006163635F73656E7385
:10F7C0006F725F6D656173757265206661696C65E6
:10F7D0006400000053656E736F7220696E74657209
:10F7E000727570742074696D656F75740000000027
:10F7F0004275666665722073697A6520746F6F2042
:10F80000736D616C6C00000053656E736F72202520
:10F810006C75204E6F2070656E64696E6720696E2E
:10F82000746572727570740053656E736F72202503
:10F830006C75206576656E74206973206E6F742018
:10F8400048414E445348414B45205B307825785D14
:10F8500000000000496E76616C696420627566661E
:10F860006572206C656E6774680000005472616E8A
:10F870007366657220646174612066726F6D2073B7
:10F88000656E736F7220746F20686F737420666189
:10F89000696C6564000000006163635F73656E738B
:10F8A0006F725F72656164206661696C65640000F7
:10F8B00053756273776565703A202568752C2073DF
:10F8C000776565703A202568752C2070726F6365C6
:10F8D0007373656420646174613A0A002568692B5A
:10F8E000256869690000000025313473200000009C
:10F8F0004170706C69636174696F6E2066696E69CE
:10F9000073686564204F4B00444545505F534C4538
:10F9100045500000534C45455000000052454144BD
:10F920005900000050524F46494C455F31000000DD
:10F9300050524F46494C455F3200000050524F46EE
:10F94000494C455F3300000050524F46494C455FDB
:10F950003400000050524F46494C455F35000000CE
:10F9600031392E354D487A0031352E364D487A00E2
:10F9700031332E304D487A00382E374D487A00000A
:10F98000362E354D487A0000352E324D487A00002B
:10F99000646F6E655F6572726F720000737461638D
:10F9A0006B5F6F766572666C6F770000737461636E
:10F9B0006B5F756E646572666C6F77007370695FFC
:10F9C000756E6B6E6F776E5F636D64007370695FE9
:10F9D0006D697373696E675F61636B006164635F18
:10F9E0006669666F5F66756C6C0000006164635FDA
:10F9F000746F6F5F66617374000000004173696328
:10FA0000206964656E746974793A000053746163A7
:10FA10006B5F6C6576656C5F7374617475735F7230
:10FA20006567697374657200496E7465727275708A
:10FA3000742073746174757320726567697374657B
:10FA400072000000000FC93F000F494000CB9640F4
:10FA5000000FC9400053FB4000CB164100ED2F4181
:10FA6000000F49410031624100537B41003A8A4115
:10FA700000CB9641005CA34100EDAF41007EBC414C
:10FA8000000FC94100A0D5410031E24100C2EE4162
:10FA90000053FB4100F20342003A0A420083104245
:10FAA00000CB164200141D42005C234200A52942EF
:10FAB00000ED2F4200363642007E3C4200C74242F3
:10FAC000000F4942A2000000F9000000830000007E
:10FAD0006E0000004E000000440000001500000011
:10FAE00029000000FC000000270000005700000073
:10FAF000D1000000F500000034000000DD0000002F
:10FB0000C0000000DB000000620000009500000063
:10FB1000990000003C00000043000000900000003D
:10FB200041000000FE0000005100000063000000E2
:10FB3000AB000000DE000000BB000000C5000000BC
:10FB400061000000B7000000240000006E0000000B
:10FB50003A000000420000004D000000D20000000A
:10FB6000E000000006000000490000002E00000038
:10FB7000EA00000009000000D1000000920000002F
:10FB80001C000000FE0000001D000000EB00000053
:10FB90001C000000B100000029000000A7000000C8
:10FBA0003E000000E8000000820000003500000078
:10FBB000F50000002E000000BB0000004400000023
:10FBC00084000000E90000009C00000070000000BC
:10FBD00026000000B40000005F0000007E0000006E
:10FBE000410000003900000091000000D600000034
:10FBF00039000000830000005300000039000000BD
:10FC0000F40000009C000000840000005F00000081
:10FC10008B000000BD000000F9000000280000007B
:10FC20003B0000001F000000F800000097000000EB
:10FC3000FF000000DE00000005000000980000004A
:10FC40000F000000EF0000002F0000001100000076
:10FC50008B0000005A0000000A0000006D00000048
:10FC60001F0000006D000000360000007E00000054
:10FC7000CF00000027000000CB00000009000000BA
:10FC8000B70000004F000000460000003F000000E9
:10FC9000660000009E0000005F000000EA00000017
:10FCA0002D0000007500000027000000BA000000D1
:10FCB000C7000000EB000000E5000000F1000000BC
:10FCC0007B0000003D00000007000000390000003C
:10FCD000F70000008A0000005200000092000000BF
:10FCE000EA0000006B000000FB0000005F00000065
:10FCF000B10000001F0000008D0000005D0000004A
:10FD00000800000056000000030000003000000062
:10FD100046000000FC0000007B0000006B000000BB
:10FD2000AB000000F0000000CF000000BC000000AD
:10FD3000200000009A000000F400000036000000DF
:10FD40001D000000A9000000E30000009100000079
:10FD5000610000005E000000E60000001B000000E3
:10FD60000800000065000000990000008500000008
:10FD70005F00000014000000A00000006800000008
:10FD8000400000008D000000FF000000D8000000CF
:10FD9000800000004D0000007300000027000000FC
:10FDA0003100000006000000060000001500000001
:10FDB00056000000CA00000073000000A800000008
:10FDC000C900000060000000E20000007B000000AD
:10FDD000C00000008C0000006B0000000000C93F64
:10FDE0000000F0390000DA370000A2330000842E52
:10FDF0000000502B0000C2270000D0220000C41FCA
:10FE00000000C61B000044170400000007000000AB
:08FE10000900000000000000E1
:08FE18007075FF7F010000007E
:08FE2000417A00080000000017
:08FE2800197A00080000000037
:10FE300000093D00100000006262615F63616C5F59
:10FE40006374726C5B785D0074785F667265715F75
:10FE50006B687A5B785D00002C00002000000000D9
:10FE6000E40300204C040020B40400200000000043
:10FE70000000000000000000000000000000000082
:10FE80000000000000000000000000000000000072
:10FE90000000000000000000000000000000000062
:10FEA000000000000000000000000000030000004F
:08FEB000E40300200000000043
:04000005080083C1AB
:00000001FF
