:020000040800F2
:100000000000012009830008F56B0008F96B000867
:10001000FD6B0008016C0008056C00080000000082
:10002000000000000000000000000000096C000853
:100030000D6C000800000000116C0008156C000831
:10004000598300085983000859830008256C00086B
:100050005983000859830008598300085983000810
:1000600059830008616C000859830008598300080F
:10007000756C0008816C00085983000859830008DA
:100080008D6C0008996C000859830008598300089A
:1000900059830008598300085983000859830008D0
:1000A00059830008598300085983000859830008C0
:1000B0005983000800000000000000005983000878
:1000C00059830008A56C000859830008598300086B
:1000D0005983000859830008CD6C00085983000833
:1000E000B9700008CD70000800000000000000009A
:1000F0000000000000000000000000000000000000
:100100000000000059830008000000005983000827
:100110000000000000000000598300085983000817
:10012000598300085983000859830008598300083F
:1001300059830008000000000000000000000000DB
:100140005983000859830008598300080000000003
:10015000598300085983000859830008598300080F
:1001600059830008598300085983000800000000E3
:1001700059830008598300080000000000000000B7
:1001800059830008598300085983000800000000C3
:10019000BFF34F8F0549064BCA6802F4E062134370
:1001A000CB60BFF34F8F00BFFDE700BF00ED00E065
:1001B0000400FA0590F824C0BCF1010F3CD070B5E2
:1001C00090F825C00124A44580F824405FFA8CFEF5
:1001D00004D0002380F82430022070BD022580F86E
:1001E000255004680025C5632668456C26F0010685
:1001F000266005F01C05066C0EFA05F57560636057
:100200008368102B036B0BBFA260A160E160E2600A
:100210004BB1236843F00E032360236843F00103CE
:100220000020236070BD236823F00403236023684B
:1002300043F00A032360F0E7022070472DE9F04104
:10024000764C0023237094F86530012B0D46E1684D
:1002500008D0B1F5827F60D1D8B22369002B5CD180
:1002600004285AD1002D58D092B2002A55D094F8C3
:100270006430012B51D094F86530A6682564042BB6
:100280001CBF052384F8653001210023A36684F890
:100290006410A4F84620A4F84E20C4E9153373680E
:1002A000A4F8442023F4C043A564A4F84C20736050
:1002B0006369206EB3F5E06F31D8E36D99697368B7
:1002C000B1F5806F43F4805373607DD08369B3F5DB
:1002D000806F65D094F86530514A042B514B18BF9C
:1002E0001346514A0363514B4363514B18BF1346A6
:1002F000C362B4F84E304FF00008C0F838809BB2AB
:1003000006F10C012A46FFF755FF074660B1A36EC0
:1003100084F8648043F01003A366BDE8F08173683D
:1003200023F480537360D5E77368E06D43F00103F5
:100330007360B4F846300A46C0E90B77C0E90D7720
:1003400029469BB2FFF736FF00284AD133685B0687
:1003500021D5002384F86430736843F02003736070
:10036000736843F002037360E26E2378002BD4D1EC
:1003700041F2873109E072B6237803B930BF62B623
:10038000BFF36F8F2378002BC7D1E36E9B1A8B428C
:10039000F1D9BDE8F081336843F040033360D8E71A
:1003A000736823F480537360B4F84E3013F0010F78
:1003B00073681DD123F400537360B4F84E30C3F357
:1003C0004E03A4F84E3085E7D20773681BD423F49C
:1003D00080437360B4F84630C3F34E03A4F846304C
:1003E00074E7A36E84F8647043F01003A36694E787
:1003F00043F400537360B4F84E30C3F34E0301333B
:10040000A4F84E3066E743F480437360B4F8463096
:10041000C3F34E030133A4F8463057E788000020A9
:100420008D09000889090008A91D00089109000824
:10043000FD1C000870B4436C066C056831682C68BC
:1004400003F01C0304229A400A420ED014F0040F59
:100450000BD02B689B0603D42B6823F004032B607E
:10046000036B7260CBB170BC184702229A400A42FB
:1004700015D014F0020F12D02B68990606D42B6801
:1004800023F00A032B60012380F82530C36A7260D1
:10049000002180F82410002BE5D170BC70470822A1
:1004A0009A400A42F9D02207F7D52A68416B22F018
:1004B0000E022A60012202FA03F300247360C26371
:1004C00080F8244080F825200029E6D070BC084739
:1004D000234A9368D26813F00C0305D00C2B32D05A
:1004E000042B36D11F4870471D4A1168090754BFB5
:1004F000D2F8942012681C4954BFC2F30322C2F3FD
:10050000031251F82200002BEDD0154BDB6803F0ED
:100510000303022B22D0154A032B08BF1046104BB1
:10052000D968DA68DB68C3F34163C2F30622C1F31A
:100530000211013300FB02F201315B00B2FBF1F268
:10054000B2FBF3F0704702F00302012ACCD0002086
:10055000DBE7082B054818BF002070470148DEE79D
:10056000001002400024F400A8B1000800127A0034
:10057000064A074B92680749C2F3022213440868EF
:1005800093F8303003F01F03D8407047001002404A
:10059000A8B1000800000020064A074B92680749EE
:1005A000C2F3C2221344086893F8303003F01F03EB
:1005B000D840704700100240A8B100080000002099
:1005C000414A036830B4D468A40707D0D46804F063
:1005D00003049C4246D0012030BC7047022B52D00D
:1005E000032B49D0012BF6D112689207F3D5364C74
:1005F000E26822F0730213434268013A43EA0213AD
:10060000E360314C314A236823F080632360D56E68
:1006100003E0D36E5B1B022B39D823681B01F8D48F
:1006200083681B02002934D12169C56821F0784113
:1006300021F4FE4143EAC5630B43236122490B6861
:1006400043F080630B60D46E03E0D36E1B1B022B60
:100650001DD80B681B01F8D582690B691343002074
:100660000B61B9E7002CB6D0D3684268C3F302131C
:1006700001339342AFD1C4E71468A403B7D412681E
:100680005203A8D5B3E712685505A4D5AFE70320F8
:10069000A2E7012921690BD021F0C06121F4FE41BC
:1006A000194343695B08013B41EA43612161C5E7A6
:1006B00021F4C00121F4FE410B43016949080139CD
:1006C00043EA41532361B9E700100240880000204B
:1006D000F0B504680546200583B000F1F2800026DD
:1006E000A1034ED5A54B9A6DD20040F1F5800027AD
:1006F000A349A44A0B6843F480730B60D06E04E0F6
:10070000D36E1B1A022B00F200810B68DB05F7D5B4
:10071000A6BB9A49A86DD1F8903013F4407325D048
:10072000834223D0D1F890C0D1F8903043F4803385
:10073000C1F89030D1F8903023F48033C1F8903074
:100740001CF0010F2CF44073C1F890300ED0D2F899
:100750006CE041F2883C05E0D36EA3EB0E036345E9
:1007600000F2D380D1F890309B07F5D5834AD2F8B8
:10077000903023F440730343C2F89030002F40F0D0
:10078000DC80E10708D57D4A296AD2F8883023F059
:1007900003030B43C2F88830A20708D5774A696A79
:1007A000D2F8883023F00C030B43C2F8883063077B
:1007B00008D5724AA96AD2F8883023F030030B4377
:1007C000C2F88830A70608D56C4AE96AD2F88830A2
:1007D00023F440630B43C2F88830A00508D5674A6C
:1007E000E96BD2F8883023F440230B43C2F88830F9
:1007F000610508D5614A296CD2F8883023F440138A
:100800000B43C2F88830620608D55C4A296BD2F8DF
:10081000883023F440530B43C2F88830230608D5B0
:10082000564A696BD2F8883023F440430B43C2F830
:100830008830E70508D5514AA96BD2F8883023F4EF
:1008400040330B43C2F88830200323D4374661037A
:100850000FD54A4AE96CD2F8883023F040630B4345
:10086000B1F1006FC2F8883000F08380B1F1806F81
:1008700077D03E4662044DD43046230408D53F4A23
:10088000696DD2F8883023F080430B43C2F888307A
:1008900003B0F0BD394AA96CD2F8883023F0406328
:1008A0000B43B1F1006FC2F888304CD0B1F1806FCA
:1008B000CCD10121281DFFF783FE07460028C5D0B3
:1008C000C5E76F6CB7F5000F11D0B7F5400F13D027
:1008D000002F3DD0012603E79A6D42F080529A65C1
:1008E0009B6D03F080530193019B012700E7234A8E
:1008F000D36843F48033D360204AD2F8883023F49D
:1009000040033B43C2F88830E9E60326002F3FF45A
:1009100038AF12E019492A6DD1F8883023F04053DE
:100920001343B2F1805FC1F88830A5D10221281DA0
:10093000FFF746FE00289FD09FE7104A936D23F0F3
:10094000805393651DE7D36843F48013D3607DE73C
:100950003946281DFFF734FE064600287FF4C0AE56
:10096000CAE70121281DFFF72BFE0646002880D08C
:1009700080E7D36843F48013D3607AE70010024025
:100980000070004088000020704700BF704700BF23
:10099000836A19684A6822F003024A601A6E4FF0AF
:1009A000010C42F010021A6683F85DC0704700BF68
:1009B000026852E8003F23F4907342E800310029B6
:1009C000F7D102F1080353E8003F23F0010302F1DD
:1009D000080C4CE800310029F3D1036E012B06D03E
:1009E00000232022C0F8802083660366704752E807
:1009F000003F23F0100342E800310029F0D052E814
:100A0000003F23F0100342E800310029EFD1E7E76F
:100A100070B50568EC6931EA040405D05E1C06D1A6
:100A2000EB6931EA0303FBD10023184670BD154C76
:100A3000E46EA41AA34218D3BBB12C686407E9D5AD
:100A40008029E7D04029E5D0EC6914F008040ED1E4
:100A5000EE693605DED54FF400632B62FFF7A8FF81
:100A60002023C0F8843080F878400323DDE7082491
:100A70002C62FFF79DFF00220123C0F8844080F81C
:100A80007820D2E788000020836A0022A3F85A2049
:100A9000A3F85220704700BF08B518B1074B026891
:100AA0009A4208D0064B074AD3F880300649002006
:100AB0009847002008BD012008BD00BF0FB03713C4
:100AC00088000020DCF00008F4F00008B1F804C051
:100AD00093680A899A80BCF1000C18BF4FF0010C92
:100AE000CA7983F800C091F806C083F801C09A70F3
:100AF0009860704708B518B1074B02689A4208D051
:100B0000064B074AD3F8803006490020984700205A
:100B100008BD012008BD00BF0EB0371388000020BB
:100B2000FCF0000814F100082DE9F041174F1D46B4
:100B3000D7F8843013B1BDE8F0411847FB6F4FEA96
:100B40004208002AF7D08F1EA8F1020406468E46FE
:100B50000C443A4632F802CF9CFA9CFCA242A2F81E
:100B600000C0F7D142467146304698470DB9BDE8FE
:100B7000F08137F8023F5BBAA7423B80F7D037F8E5
:100B8000023F5BBAA7423B80F3D1F0E78800002028
:100B900010B1024B9B6F1847704700BF88000020C0
:100BA00010B520B10C4B02689A42044608D00B4B9A
:100BB0000B4AD3F880300B49BDE81040002018479D
:100BC000406818B1C368984700236360002323601E
:100BD0002046BDE81040DBE70DB037138800002049
:100BE0001CF1000838F1000810B50446FFF782FF39
:100BF00000B910BD20690023236008B1FFF7C8FFCA
:100C00002046BDE81040C3E703460068D3F8E8106B
:100C10004268C3F8F0101047704700BF2DE9F04755
:100C2000D0F800800546B8F1000F1ED0D8F89870B3
:100C30000FB3124E07F148044FF00009583754F82B
:100C4000040F18B1B36F9847C4F80090A742F6D1CB
:100C5000D8F89800B36F00B19847B36F40469847F3
:100C6000B36F2846BDE8F0471847044E2846B36FD7
:100C7000BDE8F0471847014EEFE700BF88000020AD
:100C8000F8B50688002A1C460CBF4FF400534FF4F9
:100C90008053B6F59C6F05460F460BD3B34238D24E
:100CA0001D4B1E4AD3F880301D49002098474FF055
:100CB000000C03E04FF49C664FF0010C19491A4AEE
:100CC000C4E9011202F11912E26002F11912226163
:100CD000234600225136628076005122A28223F8F8
:100CE000166B29686A68A868EE68C4F816105A601E
:100CF0009860DE602969A8696A699861196197E856
:100D000003005A61AA8B9A83343484E80300604656
:100D1000F8BD4FF0010CD1E78800002044F1000835
:100D200064F100080100020003001B0000B583B05D
:100D300041F4A041012394464FEA124EADF8001051
:100D4000ADF80230042200236946ADF804E0ADF8A6
:100D500006C0FFF7E9FE03B05DF804FB10B50F4CC9
:100D60008C461146B4F8702003F1020EB2EB4E0F20
:100D700007D2D4F880300A4A0A49BDE81040002062
:100D80001847013B4CF4A04C4B802EF00042A1F8D8
:100D900000C0BDE810400023C6E600BF8800002068
:100DA00078F1000898F1000810B582B00021ADF884
:100DB000041043F21C040123032269460094FFF748
:100DC000B3FEBDF80400C0F3C02002B010BD00BFE8
:100DD00030B583B0002201230C46ADF8042043F265
:100DE0003705032269460095FFF79EFE012CBDF8EA
:100DF000043009D0022C0CBF8022C0221A4214BF3A
:100E00000120002003B030BD4022F7E7F0B583B0E9
:100E100043F21C02009201230E460024032269467D
:100E20000746ADF80440FFF77FFEBDF8043013F429
:100E3000006517D141F21B042B4669463846022251
:100E4000009446F40066FFF76FFE38462B4669466D
:100E50000222ADF80040ADF80260FFF765FE012008
:100E600003B0F0BD054B064AD3F880500549204633
:100E70003B46A847204603B0F0BD00BF88000020D5
:100E8000ACF10008DCF10008F0B5012983B005469B
:100E9000144622D002290AD01C4B1D4AD3F88040A8
:100EA0001C4903460020A047002003B0F0BD43F2D8
:100EB000460384270026ADF800302846012303228C
:100EC0006946ADF80260ADF80460FFF72DFEBDF88D
:100ED000040030B16CB90120E7E743F245038327F2
:100EE000E8E70A4B0C4AD3F880400A492B46A04752
:100EF000DAE747F480573346694628460222ADF8C0
:100F00000070ADF80260FFF70FFEE4E788000020F4
:100F1000F4F10008DCF1000810F20008F0B5012936
:100F200085B00646154633D0022925D143F2320357
:100F300001240027ADF808300322012302A930461E
:100F4000ADF80A70ADF80C70FFF7EEFDBDF80C308F
:100F50006B8003F00702012A2A802AD013F00600D2
:100F60001AD11849184AD1F8804018490096A0476C
:100F70000024204605B0F0BD124B154AD3F880403E
:100F8000124903460020A0474FF440530024D0E705
:100F900043F233030C46CCE7023A012AE9D9094A65
:100FA0000096D2F8804009490A4A3846A0472F8067
:100FB000DEE70449084AD1F88040044900963846E3
:100FC000A047D5E78800002044F20008DCF10008C3
:100FD000F4F10008A8F2000874F2000810B582B01D
:100FE00001AA01210446FFF799FF002201212046B2
:100FF000FFF74AFFBDF80430022B09D00649074A23
:10100000D1F8804006490020A047002002B010BD62
:10101000012002B010BD00BF88000020DCF20008F3
:1010200024F3000810B582B00021ADF8041043F29B
:1010300031040123032269460094FFF775FDBDF8D2
:1010400004004AF6C043C01AB0FA80F0400902B06A
:1010500010BD00BF10B50C4C94F88810012982B067
:1010600010D90A49D4F8804012F4006F03460848AA
:1010700018BF0846C2F30A01CDE90001054A064936
:101080000220A04702B010BD8800002044F30008F1
:101090004CF3000854F3000868F3000810B50A4C3C
:1010A00094F888C0BCF1010F82B00BD92C3989B2F9
:1010B00003461046D4F88040044ACDE900100449A4
:1010C0000220A04702B010BD880000207CF3000879
:1010D00068F3000830B5094991F88840012C83B0C5
:1010E00009D902F00F04D1F88050054A054900944F
:1010F00003460220A84703B030BD00BF880000208F
:10110000A4F3000868F3000810B50A4C94F888C0EE
:10111000BCF1010F82B00BD97D3989B2034610466C
:10112000D4F88040044ACDE9001004490220A047C9
:1011300002B010BD88000020C4F3000868F3000866
:1011400010B5A1F1620C144C1CF0010F034694F889
:1011500088E084B01FFA8CF00ED1BEF1010F09D9DE
:101160004008D4F880400292CDE900010B4A0C49B6
:101170000220A04704B010BDBEF1010FFAD940080B
:10118000D4F880400292CDE90001064A04490220C9
:10119000A04704B010BD00BF88000020F4F3000891
:1011A00068F300082CF4000810B50B4C94F888C0C4
:1011B000BCF1010F84B00CD90346A1F58C7080B24C
:1011C000D4F880400090CDE901120220034A04497E
:1011D000A04704B010BD00BF8800002064F40008E0
:1011E00068F300082DE9F04F1F4EDFF888B0804605
:1011F00015460FCE91B002AC0FC40FCE0FC40FCE68
:101200000FC49BF888C096E80300BCF1010F84E886
:10121000030007D9DBF88040144A1549009543467E
:101220000220A047DFF850A0DFF8449002AC10AED7
:1012300002E00834B44213D0A3881D42F9D09BF8D1
:101240008820012A4346524649464FF00200F0D911
:1012500027680097DBF880700834B847B442EBD1B8
:1012600011B0BDE8F08F00BFE0B100088CF40008B9
:1012700068F3000888000020A8F400082DE9F04F6A
:10128000384A92F88830012BA3B0054605D9D2F828
:1012900080303549354A022098473549DFF8DC90DF
:1012A000DFF8C480782204A808F078FF314A02925F
:1012B0000023022202A92846FFF736FC0DF1100B8D
:1012C0000026BBF80440BBF806A0A244A24506DCF9
:1012D00032E0624698470134A4B2A2452CDD44F4C2
:1012E000405C012302A928460322ADF808C0ADF8EE
:1012F0000A60ADF80C60FFF717FCDBF80830BDF8AA
:101300000CC021462846002BE3D1164F97F88820C1
:10131000012A2B464A4641464FF00200DBD9CDF860
:1013200004C0DBF8007000970E4F0134D7F88070CE
:10133000A4B2B847A245D2DC0BF10C0B22AB5B4543
:10134000BFD1084A92F88830012B08D9D2F88030F2
:101350000549094A022023B0BDE8F04F184723B0E1
:10136000BDE8F08F8800002068F30008BCF4000896
:1013700018B20008D51001000CF50008F8F40008B8
:101380002DE9F04782B0BDF828400B9F03EBC40560
:101390006B88002B45D06E68844601EB0208043E42
:1013A0004FF0000E56F8044F620092B28A4234D3D6
:1013B000424532DAC4F30170012818D002283CD02B
:1013C00098BB521A93B2C4F34459012202FA09F2AB
:1013D00097424BD33449013AD1F8804001923349C6
:1013E000334A0097A047002002B0BDE8F087521AA8
:1013F00092B20CEB42093CF81200B9F8023043EA11
:10140000004323F00F0317B1C4F303442343180C24
:101410002CF81200A9F802306B880EF1010E73450A
:10142000C0D8012002B0BDE8F0871F4B214AD3F895
:1014300080301E4900209847D5E7521A92B20CEB33
:1014400042003CF81290438843EA094323F00F031B
:1014500017B9C4F3034423431C0C2CF812404380F7
:101460006B880EF1010E73459CD8DAE7C4F3044A89
:101470000CEB43043CF813006288C9F1200942EAEE
:1014800000424FF0FF3020FA09F000FA0AF022EA99
:10149000000207FA0AFA42EA0A02100C2CF81300BA
:1014A00062806B88B9E700BF8800002080F50008E3
:1014B00048F500088CF500082DE9F04383B01D467F
:1014C00043F440534FF00008BDF82840ADF8003019
:1014D0008946164669460123032245F4805507468E
:1014E000ADF80280ADF80480FFF71EFBADF80050A8
:1014F000BDF9045004FA09F46C4004EA06025540B0
:101500004346694638460222ADF80250FFF70CFB0D
:1015100003B0BDE8F08300BF30B583B00025294695
:1015200000957B23FF220446FFF7C6FF01210091AF
:1015300020468B230222FFF7BFFF8B2380220095DA
:1015400007212046FFF7B8FF03B030BD70B582B069
:1015500043F2370200230092ADF804300322012346
:1015600069460546FFF7E0FABDF8043013F0C00FF6
:101570001AD143F21C02012300920024694603227F
:101580002846ADF80440FFF7CFFABDF804301B053C
:1015900017D50F4B0F4AD3F880600F4920462B46D2
:1015A000B047204602B070BD094B93F88820002A4E
:1015B000DFD0D3F88040094A07492B460120A047D5
:1015C000D7E72846FFF7A8FF012002B070BD00BF93
:1015D00088000020DCF50008DCF10008B0F5000808
:1015E000002870B446DB0029034639DB88420A46EE
:1015F0004BDA0025012429461B04B3FBF2F343F622
:10160000284293425AD946F2D632934261D948F6DB
:10161000720293425FD94AF6494293425DD94DF234
:10162000A30293425BD94FF24B72934298BF0520BD
:1016300045D94FF24C7648F233224CF2A3409B1B23
:1016400002FB03F300EB134014B1C0F5C9301F30A7
:1016500015B1C0F549303F30C1B1404270BC704750
:10166000494209B2884217DA002501240A46034696
:101670002146C1E7404202B20029104614DB9142E4
:101680000B4605DD99BB1D4800E050BB70BC7047A0
:10169000002401252146AFE70028DED000250B46B7
:1016A00002462C460121A7E7494209B28A424FF07F
:1016B0000105DADB0B46002429469DE70020104A8D
:1016C00002EBC00602EB8002D6E93A60D2F8202194
:1016D000B5E70120F3E70220F1E70320EFE704205C
:1016E000EDE700250B4602462C46294684E70125F6
:1016F0001A462C46034600217EE700BF20920100D7
:10170000A8B100082DE9F0470646804602EB4200EA
:101710008CB0154606EB8000002289460DF10C0ABC
:10172000014617464FEA870E54469FED767AB31A64
:1017300075B103EB020CF444DCED007A9C46DCED61
:10174000006A0C3367EEA67A8B4237EE277AF0D127
:101750000EF1040EBEF10C0FA4EC017AE5D10137B5
:10176000032F0AF1100AA2F1040201F10401D9D1F8
:101770009DED045ADDED055ADDED086A6A4606F175
:101780000C01DFED607A43463DB11C4694ED007AD2
:101790000C33834277EE877AF7D108F10408884545
:1017A000E2EC017A00F10400EBD19DED037AF0EE5A
:1017B000C77AF4EE677AF1EE10FA12D69FED526A0C
:1017C000F4EE467AF1EE10FA0BDC9FED506AF4EE7F
:1017D000C67AF1EE10FA04DAB5EE407AF1EE10FABC
:1017E0007DD0F7EE007A87EE872A9DED073A9DEDD2
:1017F0000B7A65EE023A25EE824A65EE237A65EEB3
:10180000A34A33EE673A25EE846AF0EEC32A65EE0A
:10181000047AF4EE622AF1EE10FA76EEE44A76EEFD
:10182000E77A37EE466A06D69FED377AF4EE472A16
:10183000F1EE10FA47DDB7EE007AC7EE032ADDEDD0
:10184000006A9DED017A9DED023A63EEA63A67EEDD
:10185000A27A37EE637A64EEA73A67EE877A36EEBD
:10186000636A24EE264AF0EEC63A73EE677AF4EE27
:10187000633AF1EE10FA77EEC47A06D69FED224A6B
:10188000F4EE443AF1EE10FA2FDD87EE864A01209D
:10189000002364EE844A65EE845A77EE647A89ED1B
:1018A000024A67EEA27A25EE275AC9ED017A76EE52
:1018B000C57A77EEE57A67EE827AC9ED007A336011
:1018C0000CB0BDE8F0879FED117AF4EEC72AF1EE77
:1018D00010FAB0DAB5EE403AF1EE10FAABD10020D2
:1018E000002333600CB0BDE8F0879FED084AF4EEAA
:1018F000C43AF1EE10FAC8DAB5EE406AF1EE10FA29
:10190000EDD0C2E700000000FFFF7F7F00008000F5
:101910002DE9F047C36D8769056900247C80814605
:101920001C7000F14806A04656F8043FFBB1B3F81E
:1019300038C0B3F89400B3F89610B3F8DC2005EB88
:10194000400005EB410105EB420205EB4C0CC3E9FD
:101950001301C3F8A820C3F814C03C701868D3F86A
:10196000E020416883F8E880C3F8E4208847013428
:10197000E4B2042CD8D1D9F80000BDE8F0474368A0
:10198000184700BF0068C368184700BF70B5044619
:10199000806980B1E3694BB1104B93F888202AB17C
:1019A000D3F880300E4A0F49012098472068BDE8DF
:1019B000704083681847094D0B4AD5F880300949B3
:1019C0009847E36943B195F888302BB1D5F880305A
:1019D000034A044901209847002070BD8800002078
:1019E0000CF600081CF600082CF6000830B402695A
:1019F000B0F8423090F8381032F81330032908BF9D
:101A000083F4004340F2E51101FB03F31B0C816CEE
:101A10008446A3F589700880BCF83C10DCF84C00C3
:101A200032F8111039B1BCF8401032F81110012908
:101A300094BF002101210170BCF83E00BCF83A10AF
:101A4000DCF8505032F8111032F81020DCF8544015
:101A500040F2E51000FB02F2A3EB12431BB2002B95
:101A6000BCF94420DCF80000B8BF5B421BB29A42CC
:101A7000A1F10102B2FA82F2ACBF002301235209A4
:101A80002A70237030BC4368184700BF0068C368E1
:101A9000184700BF00688368184700BFD0E90F23CC
:101AA000816B0069184700BF836910B50446CBB14C
:101AB0000E4B93F8882052B963698BB10B4B0C4ADB
:101AC000D3F880300B4900209847002010BDD3F890
:101AD0008030094A0749012098476369002BEDD1FE
:101AE000012010BDC369002BE2D1E5E7880000208A
:101AF00080F6000864F6000848F600082DE9F04F6B
:101B00009B461B68C2F51E66B34294BF9EB2B6B236
:101B1000884674084FEA520183B017464FEA8101A4
:101B20000CD0144B08EB84041944434651F8042BA1
:101B30005A80120C1A800433A342F7D10E4C851E32
:101B400004F1E20A04F1E40914F8013B35F8022F2C
:101B50003946CDE9003240464B463246FFF710FC8D
:101B6000A24501D00028EFD1CBF8006003B0BDE85A
:101B7000F08F00BFB8C50008E4B200080068C36871
:101B8000184700BF00688368184700BFF0B482B0F0
:101B90002E4E056800238DF80330F36EF76EC3F107
:101BA00064031A442A4B1B6803EB8303C3EBC30390
:101BB0001B0D02FB03F30193AB6819420AD134E019
:101BC000019C019B013B0193AB68002C08BF0022E4
:101BD00019422AD0B1F5C06F05D12B7BDBB28DF84D
:101BE00003309DF80330F36EDB1B9342E8D36B6840
:101BF000426823F0E003B2F5827F6B6019D0836AFC
:101C0000B3F5005F07D12B6823F400532B602B68DA
:101C100043F400532B600122002380F85D2080F8FC
:101C20005C30032002B0F0BC7047002002B0F0BC72
:101C300070478368B3F5004F02D0B3F5806FDED1F3
:101C40002B6823F040032B60D9E700BF88000020F9
:101C50000000002070B4274D274BEA6E1B68046813
:101C6000EE6EC2F16402114483B0C3F3CB3301FBC7
:101C700003F30193A3681A062CD509E0019A019B8E
:101C8000013B0193A368002A08BF00211B0621D550
:101C9000EB6E9B1B8B42F1D36368426823F0E00339
:101CA000B2F5827F636019D0836AB3F5005F07D114
:101CB000236823F400532360236843F40053236014
:101CC0000122002380F85D2080F85C30032003B0FF
:101CD00070BC7047002003B070BC70478368B3F5D8
:101CE000004F02D0B3F5806FDED1236823F04003AC
:101CF0002360D9E7880000200000002038B5294A79
:101D00000368D56E1B689B061BD4846A2368A2688F
:101D10005868616820F0200058609AB15868B1F5A1
:101D2000827F20F00100586022D029462046FFF72C
:101D300091FFB0B901230022A4F8462084F85D3059
:101D4000236E38BD5A68B1F5827F0CBF22F00302C2
:101D500022F001025A6029462046FFF77BFF002847
:101D6000E8D0236E43F02003236620232366E1E7B7
:101D7000B2F5004F12D11A6822F0400229461A60CB
:101D80002046FFF767FF0028EBD12A464FF4C061D9
:101D90002046FFF7FBFE0028CCD0E2E7B2F5806FCB
:101DA000E9D0C2E788000020F8B51B4D0368EF6E4C
:101DB0001B68846A9B062CD42668736823F0200372
:101DC00073603A464FF4C0512046FFF7DFFE58B922
:101DD00039462046FFF73EFF30B93A464FF4C0611E
:101DE0002046FFF7D3FE38B1236E43F0200323666D
:101DF000236E43F020032366736823F003037360AC
:101E000000220123E287A4F8462084F85D30236E87
:101E10000BB901232B70F8BD8800002030B4124D9F
:101E2000124C00F1BC0C002143680B44024640F800
:101E3000043F12689A1AAA4209DD50F8042CA3F54F
:101E4000C9237E3BA1F5C92103607E399A1AA242BB
:101E500006DA03F5C92301F5C9217E3303607E311B
:101E60008445E1D130BC70473F240300C1DBFCFF57
:101E70002DE9F04FBFB00DF138090D4690460193A2
:101E800000F1020B3EAFCA46002440F6B73631E0FF
:101E900025B335F8141001F01F0E4FEA912C0EF106
:101EA000300E00FB0EF0C1F34411ACF1200C02FB2C
:101EB0000CFC002801F1300102FB01F1B8BF3F30FA
:101EC000BCF1000FB8BF0CF11F0C8011002900EB12
:101ED0006C10B8BF3F3100B241F38F110134182CA0
:101EE00008BF0024FFF77CFB4AF8040BBA450BF14E
:101EF000040B0ED0BBF900203BF9020C02FB02FCE4
:101F000000FB00CCB4451146C2DC00203FB0BDE868
:101F1000F08F0DAC0DF1060109F15C05224652F877
:101F2000043F002BB8BF0F3302311B1195420B80C9
:101F3000F5D14846FFF772FF002254F8043F216EA6
:101F4000A542A3EB01031A44F7D1124B83FB021302
:101F5000D217C2EBA31404F5994330334CF6621246
:101F60009342D2D802AE35460FCD4D4508F1100848
:101F700006F1100648F8100C48F80C1C48F8082C1C
:101F800048F8043CEFD1019B01201C803FB0BDE824
:101F9000F08F00BFABAAAA2A2DE9F04FADF2146D65
:101FA0000446914603938D1C03AE0DF20C67B5F900
:101FB000001035F9020CFFF713FB46F8040FB74287
:101FC00005F10405F3D100214846202207F070F9FD
:101FD0000DF16C0A4FF6FF73002104EB44060293E7
:101FE000304DDFF8C48001915346F600A9F1040991
:101FF00040F694578A469B46ABF15C00FFF70EFF14
:10200000ABF160004FF0000C50F8043F026E5845F1
:10201000A3EB02039C44F7D1BCF1000F31DB4FEA84
:102020009C1007FB00F0400D04FB00F006EB1020B5
:10203000C9F80400BAF1000F03D0D9F80030834288
:102040002AD959F8043F4344002BB8BF5B42AB4246
:1020500004D21D460123CDF808A001930AF1010224
:102060001FFA82FABAF1080F0BF1C00BC4D1019923
:1020700011B1DDE902231A8008460DF2146DBDE8A6
:10208000F08FCCF10000800907FB00F0400D04FB4D
:1020900000F0A6EB1020CBE7002108460DF2146DEE
:1020A000BDE8F08F40420F00E0D764FC2DE9F04F0F
:1020B00087B04FF0000E164600EB41090290821ED9
:1020C000CDE90316A9F1120935464FF0010BF2468E
:1020D000F4467046CDF804E005931EE040F2EE2190
:1020E0008B4240DC634500DD9C464FF0000BBEF1A7
:1020F000000F0ABF4FF0000B70460120CAF1000824
:102100004345019BB8BFA4EB060ABB4238BF3B4620
:102110009145019305F102052BD0568A32F8024F02
:10212000331B03F50048B8F5803F2746D6D240F26E
:10213000EE218B422B8007DD178868B9634515DDDA
:102140009C464FF0010ED9E7514917889C45B8BF0E
:102150009C468B42D2DACAE7634500DD9C46864640
:102160004FF0000BCAE74FF0000BE6E74FF0010E0F
:10217000C4E71946DDE90346059BBBF1000F03D117
:10218000002007B0BDE8F08FBEF1000FF8D00028A6
:10219000F6D0CDE9031C0027A4F11C09B84606F1CE
:1021A00012043D463E46BE46D34634F9021F019610
:1021B00001EB810C01EB4C010A22A246A4463CF93A
:1021C000026D02FB06113AF9026F02FB0611013A99
:1021D000F5D1019EA942C4BFF0460D468E42C8BF4C
:1021E00077460EF1010EC8BF0E46F145DDD14CF227
:1021F0005034A542DDE9031CDA46C1DD254CA64278
:10220000BEDABCF1000FBBD0BBF1000FB8D0029C0E
:10221000119D2488C900E4004DB18C4205D2ACEB7D
:102220000402013A0A44B2FBFCF2119D2A60109AA2
:10223000002AA6D0002BA4D0029A08F10E0532F88D
:102240001520B4EBC20F4FEAC20606D2ACEB040471
:10225000013C3444B4FBFCF42D1B029A0E3732F8D7
:102260001720B1EBC20F4FEAC20405D94A1E5244EF
:10227000121BB2FBFAF2BF1A55EA070280D4BD4224
:102280003FF77EAF109A7F1B17601D6079E700BF94
:1022900012FDFFFFB03CFFFF2DE9F04F204C9346AD
:1022A0009A46851E8A1E04F1E20800264FF41E6736
:1022B00004F1E40935F8021F32F8023F994222D0B6
:1022C000237809EBC303588830B3596847F6FF7E7B
:1022D00001EB8003002051F804CB1FFA8CFCE6458B
:1022E00028BFE646604538BF60468B42F3D14FEACF
:1022F0004E0E1FFA8EFE400080B2774528BF77460B
:10230000864238BF064601344445D3D1ABF800704D
:10231000AAF80060BDE8F08F47F6FF7EE7E700BF50
:10232000E4B200081149D1F88C20D06810F04000C8
:1023300001D0002070474FF0FF3310B4D360CC6E53
:10234000D3685B060FD4032803D10CE0D36858068A
:1023500008D4CB6E1B1BB3F57A7FF7D9032081F825
:10236000AD00EDE700205DF8044B704788000020C9
:10237000094A0A4BD2F88C10CB60D06E04E0D36EC1
:102380001B1AB3F57A7F04D8CB689B06F7D50020DB
:1023900070470320704700BF880000205FFF0300E4
:1023A00008B5114BDA6822F08002DA609A6892066A
:1023B00003D4FFF7DDFF88B908BD9A6822F0200238
:1023C0009A60FFF7D5FF18B1084B032083F8AD00E2
:1023D000054A936843F02003936008BD034B032034
:1023E00083F8AD0008BD00BF002800408800002031
:1023F000F0B5614C94F8AC30012B00F0BB80D4F800
:102400008C100223012284F8AC2084F8AD308B6854
:1024100013F0400C18BF90F803C003780CBF80F88D
:1024200003C04FEA8C5C092B09D900220A3BDBB2BE
:10243000092B02F10102F9D843EA0213DBB21A04B4
:102440004378092B09D900250A3BDBB2092B05F19A
:102450000105F9D843EA0513DBB28678092E4FEA65
:10246000032309D900250A3EF6B2092E05F101051C
:10247000F9D846EA0515EEB290F824E0BEF1090F4E
:102480000DD90025AEF10A0E5FFA8EFEBEF1090FDE
:1024900005F10105F6D84EEA05155FFA85FE456996
:1024A000076A3D4345EA0C052A4313433343456815
:1024B00043EA0E62C3691D43836ACA2048625320FF
:1024C0004862B3F5807F8B6837D023F400738B604C
:1024D000CB68DBB263F42073CB60E06E04E0E36EA4
:1024E0001B1AB3F57A7F1ED8CB689B07F7D50A6213
:1024F0008D648B6843F400738B608B6843F40053E6
:102500008B601E4B1A68002042F4802284F8AC00D5
:102510001A609A6842F480229A60FF2201234A627C
:1025200084F8AD30F0BDFF2203234A6284F8AD3059
:10253000002384F8AC300320F0BD23F480738B605B
:10254000CB68DBB263F4C073CB60E06E04E0E36E93
:102550001B1AB3F57A7FE6D8CB68DE07F7D5CA61D8
:102560004D648B6843F480738B608B6843F48053B5
:102570008B60C6E70220F0BD880000200004014007
:102580002A4A03460068904270B43BD8284A294C36
:1025900014210244B2FBF1F29200022183F82510CB
:1025A00001689D689E691C6421F4FF4C59695A6456
:1025B0002CF0700C294341EA0C01314341F08001B9
:1025C000B5F5804F016014D0596802F01C020F204D
:1025D00090409140174A94426FEA00001AD0D2F816
:1025E000A8442040C2F8A804D2F8A8040143C2F8C5
:1025F000A81400200122D86383F8240083F8252042
:1026000070BC70470C4A0D4C02441421B2FBF1F22D
:102610009200C2E7D4F8A8200240C4F8A820D4F859
:10262000A8201143C4F8A810E3E700BF0704024044
:10263000F8FFFDBF00000240F8FBFDBF00040240B0
:10264000134BDB68C3F30223C3F1070C1A1DBCF163
:10265000040F28BF4FF0040C062A88BFDA1E4FF083
:10266000FF3303FA0CF398BF002221EA03039340DF
:102670001B01421CDBB206D000F1604000F5614056
:1026800080F800337047024A82F82330704700BF59
:1026900000ED00E038B5104D104A2B68A2FB032373
:1026A0009B09013BB3F1807F01D3012038BD4FF07E
:1026B000E0220B495361F02381F8233000240723E3
:1026C0000F2894611361F0D801464FF0FF30FFF7F7
:1026D000B7FF6960204638BD00000020D34D62106E
:1026E00000ED00E010B5504B93F8AC200021012A1A
:1026F00083F8B01000F08480D3F88C20CA21022423
:1027000083F8AD4001205162532183F8AC0051623F
:10271000916821F480619160D168C9B261F49061DF
:10272000D160D16849066DD51F21516191683F483C
:1027300021F0070141F003019160016841F480112B
:102740000160816841F480118160916841F48041A9
:1027500091609168FF2441F480610120916054628E
:1027600083F8AD0093F8B020002183F8AC108AB94B
:1027700072B6BFF34F8FBFF36F8F93F8B02002B9DB
:1027800030BF62B6BFF34F8FBFF36F8F93F8B020A7
:10279000002AEDD093F8AC200021012A83F8B01074
:1027A0002ED0D3F88C000224CA2283F8AD40012138
:1027B00042625322426283F8AC10826822F4806243
:1027C0008260826822F480428260DC6E04E0D96E0E
:1027D000091BB1F57A7F0CD8C26812F00402F6D05A
:1027E000FF2401220021446283F8AC1083F8AD205D
:1027F00010BDFF240321446283F8AC2083F8AD10A0
:10280000FDF7C6FCDC6ED16811F004018CD1D86EE6
:10281000001BB0F57A7FF6D9FF240320546283F8B9
:10282000AC1083F8AD00EBE7880000200004014005
:102830002DE9F04F89B00493002900F0898002F05F
:1028400003077D1EC2F300130295DFF8B0B1694C97
:10285000059302F4403500234FF00108039592469A
:10286000019708FA03FC1CEA01066DD0029F5A008A
:1028700003259540012F6FEA05056CD9019F032FB1
:1028800040F0AC80D0F800C0019F0CEA050C07FABC
:1028900002F242EA0C020260039A002A54D0DBF8EA
:1028A000602042F00102CBF86020DBF8602002F0EB
:1028B00001020792079A23F0030202F1804202F517
:1028C000803203F0030CD2F808E04FEA8C0C0F259D
:1028D00005FA0CF5B0F1904F2EEA050E11D0464DD9
:1028E000A84277D005F58065A84275D005F58065CA
:1028F000A8426DD005F58065A84214BF07250425C0
:1029000000E0002505FA0CF545EA0E059560A26881
:10291000F5431AF4801F0CBF2A403243A260E268DC
:102920001AF4001F0CBF2A403243E26062681AF4B6
:10293000003F0CBF2A403243626022681AF4803F95
:102940000CBF2A4032432260013331FA03F288D1AE
:1029500009B0BDE8F08FD0F80890129F09EA050988
:1029600007FA02FE4EEA090EC0F808E0D0F804E0CB
:10297000059F2EEA0C0E07FA03FC4CEA0E0CC0F879
:1029800004C0049FD0F80CE007FA02FC019F0EEA95
:10299000050E4CEA0E0C022FC0F80CC07FF472AF8B
:1029A0004FEAD30900EB890903F0070CD9F820702E
:1029B0004FEA8C0C4FF00F0E0EFA0CFE27EA0E0EAB
:1029C000139F07FA0CFC4CEA0E0CC9F820C059E71B
:1029D000032597E7012595E7022593E7D0F80CE05A
:1029E000049F0EEA050E07FA02FC4CEA0E0CC0F832
:1029F0000CC047E7000401400004004800100240FA
:102A00002DE9F041C16F05689EB0044600295FD0F2
:102A100025682423E3672A68636A22F001022A609A
:102A2000002B40F0C380D4E90402A3682968034363
:102A30001343E0699E4A03430A4013432B606B68CB
:102A4000E26823F4405313439A4A6B609542A369AA
:102A5000AA6800F0F180216A22F430620B4313432C
:102A6000954AAB6095421BD0944B9D4240F0158136
:102A700003F5E633D3F8883003F00C030C2B00F297
:102A80000F81DFE813F0E0010D010D010D0172016E
:102A90000D010D010D012B010D010D010D01620153
:102AA000874BD3F8883003F00303022B00F0168124
:102AB000032B00F04A81012B00F05781B0F5004F45
:102AC00000F0CA81FDF768FD002800F018810AE1D6
:102AD00080F878105C2207A806F0EAFB764B9D424E
:102AE00000F0BF81754B9D4292D1022707A807973E
:102AF000FDF7EEFD0646002840F0DF81704B714D7A
:102B00009A6D42F400329A659A6D02F40032049292
:102B1000049ADA6C42F00102DA64DB6C03F0010320
:102B2000039307220323CDE90032039903463A4673
:102B30004FF090400F214FF08008FFF779FEC5E974
:102B40002E76C5E93068C5E93266C5E9346605F117
:102B5000B4065D4BC5F8B4303046FFF711FD0028D0
:102B600040F0AB816667102305F1FC06C5E9420819
:102B7000C5E94400C5E94600C5F804313046534B69
:102B8000C5F80071C5F8DC40C5F8FC30FFF7F8FC6B
:102B90000146002840F0918126672620C5F824418F
:102BA000FFF74EFD4A4B40225A6031E71E0705D51C
:102BB0006A68616B22F400420A436A60D80705D54F
:102BC0006A68A16A22F400320A436A60990705D54F
:102BD0006A68E16A22F480320A436A605A0705D5BE
:102BE0006A68216B22F480220A436A60DF0605D5F9
:102BF000AA68A16B22F480520A43AA609E0605D5FA
:102C0000AA68E16B22F400520A43AA60580609D56B
:102C10006A68216C22F480120A43B1F5801F6A6051
:102C200000F00A8119067FF5FEAE6B68A26C23F4F2
:102C3000002313436B60F6E622F43062134320490D
:102C4000AB60D1F8883003F44063B3F5006F00F057
:102C5000F18000F2E880002B00F02981FDF738FCBC
:102C600000284CD0626802EB4203834218D8B0EBD4
:102C7000023F15D8510800230F464FF480761946BD
:102C8000E0FB0671384604F023FB124BA0F54072BE
:102C90009A4205D8074BD86031E00F4B9D425AD07D
:102CA0000023C4E91A3301201EB0BDE8F08100BF43
:102CB000F369FFEF0080004000380140004400400D
:102CC00000100240880000206C000240800002409A
:102CD00000E100E0FFFC0F0000480040B0F5004FAD
:102CE000794800F08B80636800EB5300B0FBF3F091
:102CF0004FF6EF73A0F110029A42D1D8E8606A68EB
:102D00007249002322F49042C4E91A336A60AA6827
:102D100022F02A02AA602A6842F001022A60C4F85E
:102D20008430CE6E2B681A0727D42B685B073ED4FD
:102D300000232022E26784F87830C4F88020184607
:102D400023666366B0E7302BAAD1B0F5004F55D0AB
:102D50004FF40040C7E75E4BD3F8883003F03003F0
:102D6000202BBBD0EFD8002B6DD0B0F5004F41D059
:102D7000FDF7AEFB0028C2D0B5E76FF07E433246C8
:102D80004FF400112046FDF743FE0028CDD0236804
:102D900053E8002F22F0800243E800210029F7D1F8
:102DA0002023E367002384F8783003207CE76FF06A
:102DB0007E4332464FF480012046FDF729FE00286D
:102DC000B6D0236853E8002F22F4907243E8002124
:102DD0000029F7D103F1080252E8002F22F0010286
:102DE00003F1080040E800210029F3D12023C4F8B2
:102DF0008030D7E7FDF76CFB002880D0626853086D
:102E000003EB40034FF6EF71B3FBF2F3A3F11002B3
:102E10008A423FF645AF23F00F0292B2C3F342035A
:102E20001343EB606BE7B3F5406F7FF439AF4FF4BA
:102E3000004017E7244815E76A68616C22F4C00275
:102E40000A436A60EEE6B0F5004F38D0FDF790FB1C
:102E500000283FF454AF46E7FDF79EFB0028CDD194
:102E60004DE7012307A80793FDF732FC034620BB7B
:102E7000174A116E41F480411166116E01F48041D0
:102E800006910699D16C41F00101D164D26C072002
:102E900002F00102032105920190009102224FF4F9
:102EA000C0614FF09040059DFFF7C2FCB0E5FDF713
:102EB0005FFB00283FF423AFD4E6FDF769F9FDF787
:102EC00057FB00289AD11AE70024F400880000205C
:102ED000001002400E490F4A10B4CC6E13691B0754
:102EE00006D50C4B5DF8044B1869C0F3C000704761
:102EF000CB6E1B1B8342F4D272B613691B0700D43E
:102F000030BF62B6BFF36F8F13691B07E9D4EFE7D9
:102F1000880000200004004838B50446406818B115
:102F2000FDF762FE00236360206918B107F064F9C1
:102F30000023236125682DB12846FDF7ADFD78B942
:102F400000232360E06818B1FDF72AFE0023E36048
:102F5000064B4FF480529A62BDE83840FFF7C2BB7F
:102F600000232B602846FDF713FEE9E70004004824
:102F700010B41E4C94F8AC30012B33D0D4F88C1024
:102F80000220CA2384F8AD0001224B6253234B6216
:102F900084F8AC208B6823F480738B608B6823F4F7
:102FA00080538B60E06E04E0E26E121AB2F57A7F15
:102FB0000ED8CB6813F00103F6D00020FF220123C6
:102FC0004A6284F8AC0084F8AD305DF8044B704779
:102FD0000320FF224A6284F8AC3084F8AD005DF82B
:102FE000044B704702205DF8044B704788000020B6
:102FF0000CB4F0B5ADB032AB06AE53F8042B05936C
:1030000004460D463046962107F0DAF99528C4BFEC
:103010001B4BCDF8AA301B4B1B49DF6EA1FB0731C0
:103020001A4BA3FB0723980B194BA3FB07234FEA6B
:10303000931C184B4FF47A7202FB1C77A3FB00E23F
:103040005209042CC2EB0212A0EB8202A3FB0CE398
:1030500098BF114800974FEA531394BF005D3F207B
:10306000C3EB03130190CDE90256490DACEB83038A
:103070000A4807F07FF92DB0BDE8F04002B0704774
:103080002E2E2E0088000020B17C219573B2E745DA
:10309000D34D621089888888CCF60008A8F600080D
:1030A00070B5094E736F05469847044628B12A4605
:1030B000002106F0FDF8204670BDD6F88030034AA6
:1030C00003499847204670BD88000020D4F60008C8
:1030D000E4F600082DE9F04F02EBC30787B07B88C8
:1030E000DDF84090F3B18246884600264D467B6865
:1030F00053F82640C4F30170012816D0022830D0BE
:1031000028BBC4F34459012303FA09F39D4231D388
:103110002F4A3049D2F880602F4A013BCDE9005355
:10312000A3B2B04707B0BDE8F08FA3B2194658F874
:10313000232022F00F0215B1C4F30344224350466A
:10314000FDF7F4FD7B8801369E42D0D3EAE7204BA1
:10315000224AD3F880301F49002007B0BDE8F04F65
:103160001847A3B2194658F8232022F00F02002D69
:10317000E5D1E1E71FFA84FB4FF00103ADF80E3013
:103180004BF42043ADF81000CDF81200ADF80C3030
:1031900003A9504601230522FDF7C6FCC9F1200909
:1031A000BDF81220BDF814304FF0FF30C4F30444D2
:1031B00020FA09F0A04043EA024323EA000305FA9B
:1031C00004F4594643EA04025046FDF7AFFDB9E75F
:1031D0008800002080F50008F4F600082CF70008AD
:1031E000F8B516460D464FF4E272014618461C46E5
:1031F00006F0D4FFB6F8581021B196F85E30191ECB
:1032000018BF0121012396F85B2084F8C6312B46B4
:1032100084F8C52133F8262B84F8C411A4F8C821FA
:1032200005F1560104F5E5721F685E689868D3F8E9
:103230000CC0C2F80CC010338B421760566090600F
:1032400002F11002F0D1B5F85630A4F8FA3105F1C8
:10325000580604F5FE7E05F18807B446BCE80F0069
:10326000BC450EF1100E06F110064EF8100C4EF88B
:103270000C1C4EF8082C4EF8043CEED1B5F8883002
:10328000A4F82C3205F18A0304F22E24BA3518680A
:1032900059689A68DE68E6601033AB42206061606E
:1032A000A26004F11004F2D1F8BD00BF2DE9F04F87
:1032B0009846184BDFF860B0B3F8707083B0043AEA
:1032C000043F52087F0897420C9E0190894628BF10
:1032D000174601F1040A0025741BBC4228BF3C4676
:1032E00045EA0B02631E08EB4501A9F80020A9F886
:1032F00002306200504606F051FF25440198002339
:10330000A21C4946FDF710FCAE42E5D803B0BDE86B
:10331000F08F00BF8800002000C0FFFF2DE9F04FB4
:10332000264C87B00026CDE90466B4F87080894643
:10333000002B3DD04FEA5808CDE90102A8F104085E
:103340000D461F464FF4004BB246039325E0029B07
:10335000A5F800B033446B80631EAB80A5F806A0CF
:103360006200002105F1080005F0A2FF294601983E
:103370000123221DFDF7D8FB04AA134603CA2644E5
:103380006960286009EB460559F81600696803C3AF
:10339000039B9E42A7EB04070AD2B845444628BFC8
:1033A0003C46B845D3D200E0013CE307FCD4CEE76D
:1033B00009F1080007B0BDE8F08F00BF88000020C9
:1033C0002DE9F04F2DED028B1C461B78ADF21C4D04
:1033D00005460F4691460A2B12D8DFE813F021006C
:1033E0000B007200F7007C010002AB02D203240440
:1033F00055042100FDF7F2FD002840F00A852378EE
:10340000C84ED6F88050C84AC8490020A8470020B6
:10341000064626700DF21C4DBDEC028BBDE8F08F08
:10342000C04EDDF84804EC22002105F041FFD6ED46
:10343000517ADFEDBF5ADFEDBF6AF8EE677AB6EE7C
:10344000006A85EEA77AF4EEE67A37EE067AF1EEB8
:1034500010FABCEEC77A17EE103A1FFA83F800F3A1
:1034600033849FEDB57AF4EEC77AF1EE10FA00F1ED
:103470002B84A8F1100292B2EF2A40F2AD869FEDA4
:10348000AF7ADFEDAF6AD6F8805077EE877A37EE05
:10349000877ABCEEE78ABCEEC77AB8EE477A77EE59
:1034A000C77A67EEA67AFCEEE77A17EE907AA54B1C
:1034B000A54AA64901978DED008A0020A8472378E8
:1034C0009FE7FDF78BFD0490002898D04123002250
:1034D00039462846FFF722FF0023028C0292A0F112
:1034E000020A039398464FF6FF7B5A1E02FB02F234
:1034F000C2EBC202510001F5167CC83A3AF9021F2C
:10350000002B00F073843AF902EC01F57A76A1EB16
:103510000E019142FFF673AF61453FF770AF86EA47
:10352000E672A2EBE67292B25A4505D2990089B2D0
:10353000DDF81080039193460133102BD5D1B8F1FB
:10354000000F3FF45CAF039A82F0300ADDF84824A4
:10355000A2F804A0B0F822B0B0F88020A2EB0B02D1
:10356000B2F5FA6FFFF64BAF7949CDF810A012040F
:10357000A1FB021252094FF0000C20300392664664
:103580004FF6FF7E0AE0514538BF4FF00008013387
:10359000039A9BB2402B944400F05D8730F8021FE1
:1035A000029A8A1A002AB8BF524292B272450BEBB5
:1035B0001C4A38BF96460AF5487238BF1E468A42F2
:1035C00001F54871DFD24FF00008E0E7FDF706FD96
:1035D00000283FF414AF3946002220232846FFF785
:1035E0009DFEB0F9002007468446164601210020C2
:1035F00096463CF9022F02F54873A3EB0E039BB2EB
:10360000B3F5C86F3FF6FBAEB242A8BF084601F162
:103610000101A8BF16462029EAD1072840F2B58645
:103620001728A0F1070340F24B87D3F1200240F0A6
:10363000AF8646AB039303982EA9FEF763F80028E4
:103640003FF4DDAE9DED2E6AB5EE406AF1EE10FA64
:103650003FF4D5AE9DED2F7AB5EE407AF1EE10FA3B
:103660003FF4CDAEDDED306AF1EE666AC6EE877AE4
:10367000F5EEC07AF1EE10FAFFF6C1AEB1EE477A80
:10368000C7EE066AF5EEC06AF1EE10FA7FF5B7AE46
:10369000B7EE007A77EE877AFCEEE77A17EE903A8B
:1036A0009AB23F2AC3F34E033FF6A9AEDDF8482491
:1036B00083F01003D38040F215312846FDF7A6FBB6
:1036C0000426002800F0E58226700DF21C4DBDECAA
:1036D000028BBDE8F08FFDF781FC00283FF48FAE30
:1036E0005023394600222846FFF718FEDDF84834FB
:1036F000CDF81890CDE9045703F10A013023A0F169
:10370000020B9C460846A246124B002447F6FF7661
:10371000CDE9020B5D464FF6E472A646A1461F4670
:10372000B04623E08800002094F70008B8F70008AE
:10373000F902154F8096984C8096984BBD37063508
:103740000024744980FC000854F7000880F7000842
:10375000ABAAAAAA0080FFFF8E4204F10104C4BFF5
:10376000DE460E460832082C92B21AD035F9021FF6
:103770000FFA82FB4CB135F8020C081A00B28045F2
:10378000A8BF80468742B8BF07460029E4DA8B42CB
:1037900004F10104BCBFD9460B460832082C92B292
:1037A000E4D1A7F51C57103FBFB244F62062974200
:1037B000DDE9020B11D8B8F1000F0ED113F5004F5F
:1037C00000F0DB8547F6FF72964200F03F86AEEBD5
:1037D000090EBEF1080F00F0AD8254460FE6FDF76A
:1037E000FDFB00283FF40BAE4FF4407339462846EA
:1037F0000022FFF793FD0DF1340B00F5C063CDE916
:1038000004B30023029346AB0393484E484F0994F8
:1038100016ABCDE907B50DF1B80906930DF58A7819
:103820000546069CAA46BAF902103AF9040BFDF7C0
:10383000D7FE44F8040B4C45F5D12DACA346AA465F
:10384000BAF96210BAF96000FDF7CAFE4BF8040F2E
:10385000C3450AF1040AF3D1DDE902230DF1540E48
:103860009818002154F8043F5EF8042F9B1AB342C5
:1038700040F35782A3F5C9237E3BB342FADC002B09
:10388000B8BF5B429942B8BF1946A04540F8043B17
:10389000E8D1049B491043F8041F0493029B603352
:1038A0000293059BC0359D42BBD1DDE907B50021E0
:1038B000099C0A460B465BF8040F9042C8BF1946A4
:1038C00003F10103C8BF0246082BF4D10EAB0DF182
:1038D000B70253F82160039B01EB410103EB411157
:1038E0000DF1CF0051F8043BB342ACBF00230123DC
:1038F00002F8013F82421376F4D1002001230246F0
:103900000AE029B119F8011C002904BF1A46012058
:103910000133302B00F0F48319F8011F002AF0D096
:10392000002900F001820130F2E700BF3F240300CC
:10393000C1DBFCFF4FF6FF73ADF83830FDF74EFBEF
:1039400000283FF45CADD54ED54AD6F84431A2FBF1
:103950000328DDF84834B3F8E0304FEA98183946C8
:1039600003FB08F800224FF440732846FFF7D6FC0B
:1039700046AB07461A46039340460EAB3946FEF760
:103980000BFBC84B372283F82420002800F08281EB
:10399000DDF84824BDF838305384C34900932846E5
:1039A000C24A0C23FFF796FB284640F21741FDF769
:1039B0002DFA002800F06E819FEDBD7AF7EE007AB7
:1039C0003D4607F1C00007F5D86E0DF1B80CA0F127
:1039D000C0034FF00008B3F9022002FB02F1B3F973
:1039E0000020043302FB021298429044F3D106EE09
:1039F000908AB8EEE66AC030C6EE076A8645B1EE38
:103A0000E66AC7EE866AECEC016AE0D1DDF848347C
:103A1000DFEDA81ADFEDA80A9FEDA81A03F18809C7
:103A200016AB60370DF1D8089A46039B2EA92A469B
:103A3000B2F90000F1EC016A07EE100AB8EEC77A9D
:103A4000B2F9020027EE267A414567EE077A02F1C5
:103A5000C002C3ED007A07EE900AF8EEE77A32F979
:103A6000600C67EEA67A03F10C0327EE277A67EE67
:103A7000A77A03ED027A07EE100AB8EEC77A43ED93
:103A8000017A27EE267A32F95E0C67EE077AC3EDEB
:103A9000157A07EE900AF8EEE77A67EEA67A27EE37
:103AA000277A67EEA77A83ED167AC3ED177ABFD12E
:103AB000039810225146FDF725FE002800F0EA8009
:103AC000DAED006A9AED017AF1EEE67AB1EE006A7B
:103AD00066EE866A9AED026A67EE075A66EE866AB5
:103AE000B6EE006A76EEE56AF6EE085AB1EEE64A00
:103AF000C6EE276A77EEE57A26EE877A67EEA17A38
:103B000066EE846AF7EE004A77EE867A37EE247A1C
:103B100076EEE56AB3EE0F5A27EE207A66EEA16ADA
:103B2000F4EEC57AF1EE10FA37EE067A76EE866A92
:103B300000F37184F5EEC07AF1EE10FA00F188849A
:103B4000FCEEE77A17EE903A1BB2B4EEC17AF1EED2
:103B500010FA40F351846FEA83536FEA9353F3EE04
:103B60000F7AF4EEE76AF1EE10FA40F3368443F48C
:103B700078730435AF4229F8023F7FF456AF072629
:103B800047E4FDF72BFA00283FF439AC10233946FF
:103B900000222846FFF7C2FBDDF84834B3F88A302C
:103BA0000026844603F01F09C3F344189B0A09F159
:103BB000300908F13008A3F120000296B246B6465B
:103BC00037460CF1020B0BE05345774640F26E820C
:103BD000D6469A46B3B202930136082E00F06882A8
:103BE0003CF926303BF9262009FB03F302FB00F1E8
:103BF000002BB8BF3F33002902FB08F2B8BF1F31CA
:103C00009B11002A03EB6113B8BF3F321BB242F392
:103C10008F1203FB03F302FB0233BB42DCD9734573
:103C2000D2D81F46D8E7FDF7D9F900283FF4E7AB13
:103C30006023394600222846FFF770FBDDF8483440
:103C4000DDF848245633263200210646FEF710F9E7
:103C500000283FF4D4ABDDF84834DDF84824DDF823
:103C600048148833304658328A31FEF701F900286B
:103C70003FF4C5AB40F27C412846FDF7C7F8092662
:103C800000287FF421AD04E0FDF7A8F9002840F0FA
:103C90004781024E2378FFF7B4BB00BF88000020A5
:103CA000D34D62100000002078D9000858BB0008EE
:103CB00000004042000080420000004200007C42C0
:103CC000BD370635002474491FED037A5FED036AA2
:103CD000D6F880508B4B8C4A8C4977EE877A00203F
:103CE00037EE877ABCEEE78ABCEEC77A8DED008AA4
:103CF000B8EE477AA8F1100877EEC77A67EEA67A91
:103D0000FCEEE77ACDED017A17EE907AA847B8F18C
:103D1000EF0FBFD9D6F88050FFF7C9BB03F5C92311
:103D20007E33BB42FADBAAE50B2800F2E9810846A4
:103D30000A46EDE5F61ADB0093FBF6F3A9EB030365
:103D40000FFA83FEBEF1000FC0F26883BEF11F0FB1
:103D50003FF743AD1FFA8EFE6D4B83F815C00CF193
:103D6000010C5FFA8CFCBCF13A0F20F802EF0BF16A
:103D7000100B7FF4C9ACDDE90457DDF818908023FF
:103D80004A46394600932846624BFFF78FFADDF822
:103D90004834DDF848149B890093CE885E4A5F4919
:103DA00007232846FFF796F95B4A5C4900960823EB
:103DB0002846FFF78FF90323574A584900932846AE
:103DC0000923FFF787F90623534A544900932846ED
:103DD0000A23FFF77FF940F2D6312846FDF716F89F
:103DE0005446052600287FF46FAC52E701F57A733C
:103DF000002BB8BF5B429BB29B4502D80123FFF763
:103E000074BB00229B46DDF8108003920123FFF76C
:103E10006CBB43F232034FF00008469303220123A8
:103E200046A92846ADF81C81FCF77EFE39461223D0
:103E300042462846BDF81C61FFF770FA0146B0F80B
:103E400000E0B0F802C04346043140464FF6FF7729
:103E500046FA03F2D2070BD531F81320A2EB0C027D
:103E6000002AB8BF524292B2974284BF98B2174616
:103E70000133102BECD1431E0D2B3FF6C0AA00F1ED
:103E80000043013B01EB430731F813207B8841F2EB
:103E90008731D21A8A427FF7B2AA4FF6FF72964252
:103EA0003FF4ADAABA889B1A8B427FF7A8AA40F2CA
:103EB000E51303FB0EF31B0CA3F5897313F1140F29
:103EC0001AB2C0F201832C2A40F3FC824F2ACCBFE5
:103ED00004230323DDF848241049A2F800E05080B1
:103EE00093840D4A009025232846FFF7F3F840F20B
:103EF00033212846FCF78AFF022600287FF4E4AB32
:103F0000C7E600BF80FC000854F7000880F70008EF
:103F10000000002098BC000858BB000878D90008B1
:103F200039464FF49C6300222846FFF7F7F90DF15C
:103F3000340A0EAF0DF1580B2EAE4FF00008CDF83D
:103F400004805346CAF8008046AA00979021C7F81B
:103F50000080CBF80080C6F800808146FEF7A6F806
:103F600000283FF496AECDE900685B4646AAF021F2
:103F700009F59070FEF79AF800283FF48AAECDE973
:103F800000A839683268CC4BCC4D521A02FB03F3BF
:103F900005FB01F11B0CC3EB5133DDF84814C1F8EC
:103FA000BC30DAF8003005FB03F305FB02F25B0BD3
:103FB000C1F8C020C1F8C43046AA0CAB40F21F11B2
:103FC00009F20230FEF772F800283FF462AECDE944
:103FD000007B0BAB46AA4FF4907109F5A860FEF781
:103FE00065F800283FF455AECDE90086434646AA61
:103FF00009F5F0604FF49071FEF758F800283FF48F
:1040000048AEDAF800203F68DDF82CE0DDF830C07B
:104010003368DBF80010BE1A05FB02F7A84AACEBC8
:104020000E0C02FB0CF25B1A05FB01F805FB0EFE01
:10403000DDF84814120CC2EB5E32C1F8C82005FB53
:104040000CF2C1F8CC209F4A06FB02F2120CC2EB24
:104050005732C1F8D0209C4A05FB06F603FB05F554
:1040600002FB03F31B0CC3EB5833C1F8DC50974D34
:10407000C1F8D460C1F8D8304E1E01F1EB074FF003
:10408000FF3316F8012F0821534043F300022A4062
:10409000013982EA5303F8D1B742F2D1DDF848245E
:1040A000DB43C2F8EC300A26FFF7B3B99E4693E52E
:1040B000B7EB5A0FBFF4A3A9DDF84824029B138481
:1040C0008349844A009328460B23FFF703F8002313
:1040D000804A7F49009328460923FEF7FBFF7E2391
:1040E0007B49009328467B4A0A23FEF7F3FF40F200
:1040F00053412846FCF78AFE00287FF4E5AAC8E56C
:10410000A0F10C03082B3FF67AA902EB5002172A04
:1041100002D9183A172AFCD892B2910089B201F15B
:104120003006DDF84834B6B25F2E1A8140F2C28103
:10413000694BA3FB06239B0903EB4303A6EB431345
:104140004FF000080E46C14699B20127614A00911E
:1041500021235F492846FEF7BDFF5E4A5C49009671
:1041600022232846FEF7B6FF03265A4A58490097ED
:1041700001232846FEF7AEFF564A55490096022312
:104180002846FEF7A7FF3346524A5149CDF8009022
:104190002846FEF79FFF4F4A4D49CDF80080042383
:1041A0002846FEF797FF4B4A4949009705232846C2
:1041B000FEF790FF0023474A45490093284606230F
:1041C000FEF788FF40F2ED312846FCF71FFE062679
:1041D00000287FF479AA5CE577EEC77ADFED3F6AC5
:1041E0009FED3F7A67EEA67AB8F13F0F77EE877AB8
:1041F000FCEEE77A17EE903A9BB200F21A810021AA
:10420000B8F12F0F88BF42468C46DDF84804A0F86D
:10421000E080A0F8E830A0F8E210A0F8E420A0F8D0
:10422000E6C02846B6F87080FDF790F900283FF404
:1042300031AD4FEA590C4FEA5808C44528BFC4466F
:10424000ACF1020CCDE903452CF0010C3B1D40F60E
:104250004C3A02931FFA8CFB4FF00008E146C8F578
:1042600034630C33994594BF5D4655464FEA580474
:1042700068084FEA84010CD0154B07EB8000194405
:104280003B4651F8042BDA80120C9A8004338342A7
:10429000F7D1DDF848340298B3F8E23001931C23DB
:1042A00000932A460B4B4146FDF76AF8D0B9039CB0
:1042B0002378FFF7A6B800BFA82A0400AA0A0100C5
:1042C00054150200A64A07004E750B002083B8ED76
:1042D00078D9000858BB0008ABAAAAAAE8385BB591
:1042E00000007C42DDF848340298B3F8E4300193D2
:1042F0001A2300932A46754B4146FDF741F80028E2
:10430000D5D0DDF848340298B3F8E63001931B238A
:1043100000932A466D4B4146FDF732F80028C6D07F
:10432000DDF848340298B3F8E8300193192300937C
:104330002A46664B4146FDF723F80028B7D02B46A6
:10434000049821463A46D844FCF708FD1FFA88F83D
:1043500040F64B33AAEB0B0A98451FFA8AFA7FF610
:104360007EAFDDE903454FF4AE712846FCF74EFD04
:10437000012600287FF4A8A98BE447F6FF739E422C
:104380007FF4E0AC5446FFF73AB800F1080200238E
:1043900046A9981807EB4000039107EB430707EE87
:1043A000903A37F9026BF8EE677AB842C1ED027ABB
:1043B00007EE906AF8EEE77A03FB03F6C1ED007AA8
:1043C00007EE906AF8EE677A03F10103C1ED017A16
:1043D00001F10C01E3D1FFF72EB9F5EEC06AF1EE61
:1043E00010FA3FF5C6ABFCEEE66A16EE902A43EAF9
:1043F00042131BB2FFF7BDBBB5EEC07AF1EE10FA67
:104400003FF5ADABBCEEC77A17EE102A43EA822324
:104410001BB2FFF7A4BB1F23FFF797BBCEF1000E23
:104420001FFA8EFEBEF11F0F3FF6D7A94EF0200EE9
:1044300092E4B8F1BF0F96BFA8F140024FEAD8024C
:10444000C2F3CF0208F0070C0121DEE6CE4679E484
:104450000023FFF77ABBDDF810A0B8F1000F3EF49F
:10446000CEAFDDF848345E81012300934FF47E53D4
:104470004A463946ADF81831284646ABFEF716FFD6
:10448000124A1349009626232846FEF723FE0F4AB8
:104490000F49CDF800A024232846FEF71BFE40F26A
:1044A000C6212846FCF7B2FC032600287FF40CA99D
:1044B000FFF7EFBB4FF003084FF00109002745E677
:1044C0000F2265E7022305E5012303E558BB000839
:1044D00078D900082DE9F04F2DED0C8B99B090F8AC
:1044E0005E409B4690F85C300893042CB0F858303E
:1044F000039381468846924615D890ED145AB5EE3E
:10450000C05AF1EE10FA00F1F38190F86630002BFA
:1045100000F08F8290F85B30002B00F08A82D64C3E
:10452000D64A059402E0D44CD54A0594D4F880309C
:10453000D44900209847D9ED157AD4F84431019335
:1045400007EE103AF5EEC07AF1EE10FAB8EE478AAF
:1045500040F3D281C8EE278AF6EE007A78EEA78A79
:10456000039B002B00F0C18199F85E30049399F809
:104570005A30002B40F0C38199F86020022A41F0A4
:104580004E8099F85E40012C00F0CA830024224638
:104590002E990C71AAF8AC21002B00F0B58199F886
:1045A0005F30012B00F0DC83022B00F0D683002B60
:1045B00040F0C78301231A46AAF82630AAF828201B
:1045C00099F86030012B00F0B483022B00F0B08327
:1045D000002B00F0EB83059BAB4AD3F88030A94950
:1045E00000209847B8F1000F00F09281002301935A
:1045F000B8F8E410B8F80830AAF80210B8F8E610D5
:10460000AAF80410B8F8E210AAF80010B8F8E810F8
:10461000AAF80610B8F80210AAF808109B00B8F81B
:104620000410AAF80A109BB2B8F80610AAF80C10E9
:1046300003F13002B8F80A10AAF80E1092B2B8F8D6
:104640002010AAF810105F2AB8F82210AAF8121049
:1046500040F2EB816020B2FBF0F100FB112189B246
:1046600000201A4604460B460121AAF81430AAF885
:10467000162000230322AAF82230AAF81C40AAF828
:104680001E00AAF81810AAF82010AAF81A20ABF8F1
:1046900002300123CBF80A30019B002B00F07B860F
:1046A0000024CDE901440AF13E039FED789A9FED85
:1046B00078AADFED7B9ACDE9068A0AF14E060BF166
:1046C0000E074D469A46049AE3B29A4200F22981B7
:1046D00000233B803B81AAF800300134042C07F111
:1046E00002070AF1020A05F1140506F15606EAD19D
:1046F000DDE9068A0124BAF8AC31012B04D1DDE9E9
:10470000023202FB03F30293BBF80C20039B029DD1
:10471000B9F8640099F863C099F8667099F862E096
:1047200012FB03F2BBF80A30AAF89EE192B24FF6F0
:10473000FF7113448D429BB228BF0D464608591C99
:10474000AAF8A4518CF0010C019DAAF8A6C1033867
:10475000033E89B2AAF8A051AAF8A801AAF8AA6152
:10476000ABF80C20ABF80430ABF80610002F00F0CB
:104770001481413399B240250123ABF80010ABF806
:104780000850AAF8C031B8F1000F03D0B8F80C30C7
:10479000AAF8C231002C40F031812E9A0023136018
:1047A00099ED145A0024089BAAF8B231039B012BFF
:1047B00040F22181B9F85830023B01229BB29FEDB3
:1047C000356ADFED355A99F85A10F1EE007AC8EEE5
:1047D000066A68EE277A68EE255A87EE867AC5EE75
:1047E000867AB6EE006A76EE866A37EE067AFCEED8
:1047F000E66AB5EE405AD9ED155AAAF8AE31F1EE97
:1048000010FA16EE903A77EE867ABCEEC77AAAF8DE
:10481000B02114BF01220022FCEEE77AAAF838206A
:1048200099F85B20AAF8B43117EE103AF5EE405A29
:10483000AAF8B63117EE903AF1EE10FAAAF8B831AC
:1048400014BF01200020002C40F0AA80AAF83010EC
:10485000AAF83220AAF82A0099F861300F4ACAF85B
:10486000BA2101212046AAF82410AAF8BE3119B0B5
:10487000BDEC0C8BBDE8F08F8800002010F800081C
:10488000CCF70008E8F700080CF900082549123EAB
:104890008FC2753D0024744900009643FF0701084C
:1048A00000000000F5EEC07AF1EE10FA00F1D782B8
:1048B00099F85A30002B00F0D582F5EE407AF1EEEF
:1048C00010FA05D1B5EE405AF1EE10FA40F08483AB
:1048D0005FED0D8A059B674AD3F88030664900205A
:1048E0009847039B002B7FF43FAE039B04933EE667
:1048F000624C634A059419E6DFED628A30E62E9A2F
:1049000000231371AAF8AC31B8F1000F7FF46EAE3A
:104910000123CDE90188ABF80280CBF80A30444688
:10492000E9E60123AAF8003099F85C802A8940F270
:10493000FF3340F2FF11B8F1000F18BF0B460AB366
:104940009A421FD8AA7B2B7C62B1022B0AD1059B0D
:104950004D4AD3F8803048490020DDE9068A00241A
:104960009847C8E6E87B002840F0FC81012B00F066
:104970009580059B454AD3F880303F49DDE9068A9A
:10498000984708E0059B424AD3F880303A49002016
:10499000DDE9068A98470024ADE63D463B46ECE655
:1049A000B5EE405AF1EE10FA0CD0C8EE057A77EE6B
:1049B000867AFCEEE77A17EE903AAAF83C301B0CA8
:1049C000AAF83A30002361F30F03F5EE405A62F380
:1049D0001F43F1EE10FAAAF82A00CAF830303FF46B
:1049E0003BAFFCEEE87A17EE903A1A0CAAF82C20AE
:1049F000AAF82E3030E700221346E0E699F85D3041
:104A0000072B3FF6CAAE234A9FED1E9A134493F834
:104A1000F43BAAF8A2312E9B83ED009A049B002B55
:104A200040F0238299ED145ABDE6032001240021B1
:104A30001BE6012C40F2C88199F80F104A46012369
:104A400003E00133A34200F0BF81084692F823102F
:104A5000814202F11402F4D2084D0F4AD5F8804089
:104A6000054905950020A047D9ED157AD5F84431C0
:104A700065E500BF70F80008E8F70008880000202E
:104A8000FCF70008000000003CF9000868F9000885
:104A90002CF90008A8B100083CF800086FF00B03DF
:104AA0000B93EB88AA880E93182B099240F2798217
:104AB0001822B3FBF2F102FB11339BB2002B40F042
:104AC000F5828BB20D930A92099B002B40F02E8445
:104AD000059BAF4AD3F88030AE4909989847B8F1A2
:104AE000000F00F018844FF000080223099A0B9978
:104AF00012FB03F39BB209932B6819440B460C91EC
:104B00000E99013A01FB023203F5C3430B9228339D
:104B10004CF25032934208D9059B9F4AD3F880301B
:104B20009C49002098474FF000080B9B03F5C343B6
:104B300028334CF25032934208D9059B974AD3F858
:104B400080309449002098474FF000080C9B002BC0
:104B5000C0F20183182293FBF2F212B20B990029E2
:104B6000C0F2F182182391FBF3F31BB292B29B1AAD
:104B700099B21BB20D981293B1FBF0F14B1C13913B
:104B80000C99119218221FFA83FE91FBF2F302FB9B
:104B90001313002BB8BF18331BB20F930A990A9B4B
:104BA000B2FBF1F2BDF83C10B1FBF3F003FB1010C7
:104BB00083B20C930B9B4FF0180C93FBFCF00CFB97
:104BC00010300028B8BF183003B2013A10930C9887
:104BD00093B20A9A179313FB0200BEF1010FBDF8BE
:104BE000402080B200F0CD82131A18BF01230E932B
:104BF0000C9B994200F0BA820E9B139A1493D21A1E
:104C000092B20B9202460F9BD31A0A9A93FBF2F3CD
:104C10009BB21593012316930C9B89009B00B186D0
:104C2000F386B8F1000F40F0588380230F934FF0C4
:104C300000080F99119B1298A1F14A0292B2C3F198
:104C40002903134411924A08033AF2851AB21392C7
:104C50009BB2121A1293292AA1F10303B38508DC2F
:104C6000059B4F4AD3F880304A49002098474FF0BF
:104C700000080F9B139A143B9A4208DB059B494A94
:104C8000D3F880304349002098474FF000080A9B32
:104C9000013B9B009BB22C2B00F244821E2B40F266
:104CA00054831E3B99B20F231A46A6F84830149B32
:104CB000A6F844300D9BA6F84C100B99A6F84A2094
:104CC000013B169AA6F846300B1E18BF0123119817
:104CD0003086002A1298A6F84230159B708608BFCD
:104CE0000023A6F840207387002900F0EA810E9B7C
:104CF00033B10C9A109B9B1A0A9A93FBF2F39BB266
:104D0000F3870B9B179AB287013B9BB20B930B9BCC
:104D10003387B8F1000F40F03D82DDE9068A3AE6BC
:104D200099F81020013A012A7FF630AC22462FE490
:104D30000023CAF83430B8F1000F3ED001230193AC
:104D400056E4059B184AD3F8803012490020984752
:104D5000B8F1000F7FF44AACDAE500231A462BE4E1
:104D6000002229E4013B042B00F2778401A252F8CF
:104D700023F000BF9D4A0008D14F0008894D00086C
:104D8000C94F0008894D00086FF00C030B9388E6AB
:104D9000B4F90008E8F7000800FA000814FA00085F
:104DA00048FA000868FA0008ECF800084FF0011310
:104DB000CAF83430B8F1000FC0D10023ABF802308C
:104DC0000123CBF80A306BE4C24BD9ED157A059379
:104DD000D3F84431019307EE103AF5EEC07AF1EEC4
:104DE00010FAB8EE478A7FF75DADC8EE278AF6EE77
:104DF000007A78EEA78A18EE900A06F049F859B1C1
:104E0000059BB54AD3F88030B44900209847039BEE
:104E1000002B7FF4A9AB69E599F85A30002B7FF499
:104E200059AD039A99F85F10002A99F8602014BFD1
:104E3000204600209142049008D9059BA84AD3F847
:104E40008030A64900209847FFF791BB022A00F066
:104E5000E3832E9A1371AAF8AC31FFF7A0BBDFED04
:104E6000B08ACDE7DFEDAE8ADBE7BAF8AC31BAF84D
:104E7000A421012B00F0C68007EE902ADFED999A5D
:104E8000B8EE67AAB7EE089AB2EE02BA059B9FED9C
:104E9000960AD3F84431019307EE903AF8EE67CAC8
:104EA00080EE2C0A03F0B6FA99F86030022B6CEE13
:104EB00080CA00F23B818D4A02EB8301D1ED00AA4A
:104EC000D1ED03BA20469FED96CA9FED89DADFF84F
:104ED0004CB2824E059D01944FF0000899F85E3067
:104EE0005FFA88F4A34240F2A580142303FB0493E5
:104EF0001B7C052B00F28D80022B40F29380022751
:104F0000142303FB0493DB7B052B00F29C83DFE877
:104F100003F03F3C39034542DFED767AF8EE677ADD
:104F200014228CEEA77A02FB04927B0007EB470762
:104F3000BF00118918370433BFB201FB03330233BA
:104F40005B009BB207EE907A87EE0D6A08F10108CC
:104F5000F8EE677A87EE867A07EE903AF8EE677A8F
:104F60009388C7EE865A06EE903AF8EE666AF0EE3F
:104F7000477A45EEA67A77EEA97A77EE897A3CEE03
:104F800027CAABE7DFED5C7AC8E7DFED5C7AC5E7FF
:104F9000DFED5B7AC2E7DFED5B7ABFE7DFED5A7AE0
:104FA000BCE70E9A002A00F081801823B3FBF2F3CD
:104FB00002FB03F3C3F118039BB2002B76D10E9BC7
:104FC0000A9301230D937FE56FF00F030B9368E5C0
:104FD0006FF006030B9364E599F85F2099F8603051
:104FE0009A427FF475AC039B2E9ADFED4D8A002B1D
:104FF00014BF23460023049300231371AAF8AC3195
:10500000FFF7CDBAF0EE499AB0EE49BAB0EE49AA30
:105010003CE70020D5F880305A46314600279847B3
:1050200038466DE7012B03D0022BF2D1032767E747
:10503000042765E7019C00283FF4B2AB9FED337A6B
:10504000DFED2B6A9FED326A99ED145A2E9BCCEE60
:10505000877AB1EE0C7AC7EEA65A2AEE07AA7AEE44
:10506000ABAACAEE257AB0EE007A77EE8B7A77EEAD
:105070008C7A77EEAA7A07EE867A77EE277A86EE32
:10508000A77AB4EEC57AF1EE10FA83ED007A7FF5D7
:105090008AAB059B1F4AD3F880401049FDEEC77AC2
:1050A000002017EE903AA047FFF77ABB059B1A4AFB
:1050B000D3F8803009490020984701230A930D93C3
:1050C0000DE50E9B002B40F029810B9BF3870023FD
:1050D000B3871CE6880000205CF80008E8F70008A9
:1050E0009CF800089A999D41F902154FA4BD00084B
:1050F0000024744920010000C0000000A00000004E
:1051000080000000E001000080010000000020435A
:105110000AD7233CE4FA0008A0F9000890F9000837
:105120000000000000231A461946BEE5059B5FED0E
:1051300004BAD3F880309A4A9A4900209847F0EE92
:105140006BAA0020BFE60B9B1821DB43B3FBF1F3F6
:10515000DB431BB20AE50C9BDA431823B2FBF3F2E4
:10516000D24312B2FAE4824210D10E930E9BAEEB00
:10517000030E1FFA8EF20B920022CDE91432169222
:105180004AE50C9B99424FF00003ECD014930B932B
:105190000E9338E5AB7A172B00F2DE80092B00F274
:1051A000EC80C3F109039AB2152326F8083C069B4C
:1051B00026F8062C002B00F01B8203EB4202938999
:1051C00026F8043C2B7C013B042B00F26B82DFE8C9
:1051D00003F07D626D58030000214FF002080B20A0
:1051E0004FF0050C08228E460B467084A6F82080EE
:1051F00042EA02424FF001080CF1FF30326008FA37
:1052000000F008FA0CF2013A013892B240027081C3
:105210009001520280B23281002260F30F0260F3EB
:105220001F42726099F85D20002B00F0C380BEF130
:10523000000F00F0BF80022A00F222815A4B134473
:1052400093F8F03BB381069B002B00F0C98000234C
:10525000A6F81C803382069B0B91D3E9328C002286
:10526000D3F8C4300A9313460A9908EB1240401A47
:105270000B998842624480F2468101330F2BF3D1AF
:1052800042E100214FF0020806204FF0030C0822F3
:105290008E460B46A9E74FF0010C4FF003080220A1
:1052A000082296214FF0FA0E63469EE7022304215E
:1052B0009C460822082A718433843FF62EAD4FF0B5
:1052C000000E42EA02427146734693E7069B0021B4
:1052D0009A8C4FF0010C0423ECE7EB7B052B00F2DA
:1052E000C781DFE803F00D0A070314104FF4907331
:1052F0000F939EE4C0230F939BE4A0230F9398E4A5
:1053000080230F9395E44FF4F0730F9391E44FF4DF
:10531000C0730F938DE40423FFF7E8BB0C9A109B36
:105320009B1A0A9A93FBF2F39BB2CFE6B8F1000FF7
:105330001DD12B7B53B3059B1C4AD3F880301949F0
:10534000404698470423FFF7D1BB0F2B12D90F3BE0
:105350009AB200210F23A8E4059B154AD3F88030A8
:1053600010490020DDE9068A9847FFF714BB0223A5
:10537000FFF7BCBB0022114697E4102B94BFC3F18A
:105380001E03C3F117039BB200220EE74FF0010882
:105390000423FFF7ABBB019B02931C46FFF7ABB99D
:1053A0000CF90008E8F70008A8B10008C8F90008DF
:1053B00080FA0008072A63D8B248024492F8F42B16
:1053C000B281069A62B100223282002B66D1B38389
:1053D0007382F381B3827383F38233830023F38375
:1053E0002B89EA7A3285012B55D0023B9BB20121F1
:1053F000B384AB7B26F8023C83F00103F184738510
:105400000999BBF80C303B800B443981ABF80C3068
:10541000AB88297C06EE903A2B89012907EE103AD9
:10542000338C2AD0022914BFF0EE695AF0EE4A5AA2
:1054300001339BB207EE903AF8EE677AB1EE006A5C
:10544000F8EE666A67EE867AB8EE477A67EEA67A75
:105450000198029B67EE877A014667EEA57A0028DD
:1054600008BF114667EE897A0191FCEEE77A17EEE4
:10547000902A13440293FFF730B9DFED835AD7E740
:10548000059B824AD3F8803081490020DDE9068AF5
:105490009847FFF780BA00231946A9E70123B38391
:1054A000BEF1000F7FF4D7AEA6F812E07246714647
:1054B0000023F181B3827383002A4CD1F282134618
:1054C0009E44069BD3E92F81F04542DA084600232B
:1054D00003F1010C0A931FFA8CF3162B2ED008EB64
:1054E000104CBCEB0E0C0844F2D4002A7FF475AFCC
:1054F0000A9800FB01F108EB1148AEEB0802944555
:10550000C8BF034669E79BB2069A7382D2E9368325
:1055100003EB830208EB1242F92A65DC062003FB49
:1055200000F0052202E0BCF1FA0C52D5114601321E
:1055300092B2142A08EB104C1844F4D1059B554A3A
:10554000D3F8803052490020DDE9068A9847FFF7FA
:1055500022BA002341E7069AD2E9340C704545DAB5
:105560006246984601339BB2162BE7D000EB1241FE
:10557000B1EB0E016244F4D40CFB08F200EB1242D2
:10558000AEEB02029142D8BF98460699728AD1F8D2
:10559000CC30A6F8168003FB02F2D1F8C83003EB3A
:1055A00012430A46D1F8C4100B91F1890A910B9964
:1055B0005B1AD2E9362EC1D40A990CFB08F80EFB0F
:1055C00001F102EB114200EB184002EB000EFA224F
:1055D00076E701FB03F308EB1343C3F1FA039C45A1
:1055E000D8BF1146FA2263E70521FBE79846CCE7CE
:1055F000069B26F8043C2B7C013B042B52D801A2CD
:1056000052F823F03356000897520008AD520008B4
:1056100083520008D95100080123FEF7B4BF2E9A27
:105620001371AAF8AC31B8F1000F7EF4DFAFFFF7C9
:105630006FB900204FF004084FF0010C0222014620
:1056400086460346D1E50020D5F88030124A10493D
:105650009847DFED127A002060E4059B104AD3F8EA
:1056600080300B490020DDE9068A9847FFF793B99F
:10567000059B094AD3F88030054900209847FFF779
:10568000D4BA00BFA8B10008CDCC4C3E98FA0008AF
:10569000E8F70008B8FA00083CFA000880000000AB
:1056A00090F90008059B084AD3F880300749DDE9E6
:1056B000068A00209847562303FB04A30022C3F860
:1056C0006E20FFF768B900BF90F90008E8F70008FE
:1056D0002DE9F04FADF5117D0C46154600214FF434
:1056E000E27206460DF118081FA81F4603F0E0FD00
:1056F000CDF8008008AB1FAA29462046FEF7EAFE37
:1057000030B94FF0000840460DF5117DBDE8F08F2F
:1057100094F85B20414608A810ABFBF7B1FA0028CB
:10572000EFD09C9ABDF8523013809D9ABDF8563048
:10573000DFF8ACB013803046BBF87080FBF706FF93
:1057400058B34FEA570A4FEA5808C24528BFC24625
:105750009A9B0397AAF1020A2AF0010A2A46043307
:1057600055464FF00009A0461F4692464A4605ABF3
:1057700039461FA80595FCF7C1F94FEA5901A9441C
:10578000059B9A9A04461FFA89F93046FBF7E6FA18
:10579000B9F51E6F08D2002CE8D1DBF880300D4A35
:1057A0000D4900209847ACE74346A046039F1C469E
:1057B000B8F1000FF1D080239A9900933A46304611
:1057C000064BFDF773FD9B9B224651461FA8FDF734
:1057D00007FD98E704FB000864F1000898BC000886
:1057E000880000202DE9F04FADF5117D06460C46EE
:1057F000154600214FF4E2721FA89B4603F058FDA6
:105800003C22002110A803F053FD9B9B93F8C57127
:105810006FB15F4B5F4AD3F880305F4900209847F3
:105820004FF0000840460DF5117DBDE8F08F0DF1F9
:105830001808CDF8008008AB1FAA29462046FEF7BD
:1058400049FE0028ECD0414694F85B2008A810AB34
:10585000FBF716FA814680460028E1D09C9ABDF8F5
:10586000523013809D9ABDF8563013809B9805AB3B
:105870000DF112021FA9FCF70FFDBDF81420BDF8B1
:1058800012309A4206D29B9B224629461FA8FDF75A
:10589000A7FCC7E739463046FBF79AFA20B93046ED
:1058A000FBF7C0FB002864D005AB9B980DF11202FA
:1058B0001FA9FCF7F1FCBDF812A0BDF814309A4501
:1058C0000ED9334AD2F8843034490591002B44D0A4
:1058D00005A9304602229847B9F1000FA0D0D2E7BF
:1058E0002B4ACDF80880B2F8701003954FEA5B0B95
:1058F00049088B4528BF8B46981CA0EB0A00ABF1EA
:10590000020B2BF0010B80B29A99834528BF834686
:105910000431A14698465C460D46934604E0A244F5
:105920001FFA8AFAC24511D805AB524629461FA86C
:105930000594FCF7E3F807460028F0D0059B9A9AF7
:105940004FEA5A013046FBF709FAE8E74C46DDF822
:105950000880039DB9465A46B4E7D36F104A0592B2
:10596000304605A904229847B9F1000F3FF458AF1B
:1059700089E7074B93F88820002A3FF451AFD3F80A
:105980008040084A084933460120A04748E700BF45
:105990008800002018FB000864F100088010010056
:1059A0001080000158FB00087CFB000870B5FEB0B9
:1059B0004FF4E27204460D460DA8002103AE03F039
:1059C00077FC00960DAA05AB00212046FEF782FD6C
:1059D00008B97EB070BD94F85B202B46314605A80F
:1059E000FBF74EF9F5E700BFF8B595692B7802EBA8
:1059F00043030F46B3F84460536901466888144670
:105A000003EB4000720004F09DFB6B88E26D1E44C6
:105A100013786E8003B93B791370F8BD2DE9F04F10
:105A20002DED048B038F8DB00546002B00F0158102
:105A3000B0F84030428F0469B0F850E007925B0044
:105A40000293838FC28F34F913300B92BEF1000F93
:105A500000F003811B010893D0E91223D718B0F896
:105A60005200B5F84230DFED8A8ADFF830B2019398
:105A7000FE434FF00008F6EE009A0990C1460496E6
:105A8000CDF828E0834B83FB0710F917C1EBA00189
:105A900001EB4100A7EBC00000281FFA89F886B28D
:105AA000C0F2EB80002FC0F2F180089B09B209041C
:105AB00081FB0301002906DA4FF6FF7C10EB0C0C8A
:105AC000604641F10001079B000C40EA0140991932
:105AD00034F91110A0EB011007EE900AB8EEE79A26
:105AE00029EE289AB0EE490A02F0B4FEB0EE408AE0
:105AF000B0EE490A02F054FC019B002B00F0A2809A
:105B00000B9BB5F844A01E4404EB46030020CDE9EE
:105B1000059703930646009059E095F838C0BCF10C
:105B2000000F4BD007EE101A07EE903AF8EEC76A56
:105B3000F8EEE77A26EE806A27EE887A66EE886AC3
:105B400037EE467A67EE807AB5EEC07A77EEA67ABF
:105B5000F1EE10FA4CBF37EE697A37EE297AF5EE9E
:105B6000C07AF1EE10FABDEEC77A4CBF77EEE97A53
:105B700077EEA97A17EE103AFDEEE77A5B4517EE5D
:105B8000901A47F6FF70B8BF5B468342D5F8549031
:105B9000A8BF03465945B8BF594699F800E081426D
:105BA000A8BF0146BEF1000F04D117EE100A9842BB
:105BB0005BD0E64689F800E01BB209B2A352009B15
:105BC000798053440093019B01369E4238D0009B5C
:105BD00095F839C008EB5302029B92B203EB8202A4
:105BE000A718A35EB7F90210BCF1000F95D0039877
:105BF000B0F800C00CF01F0E0EF1300E03FB0EFECD
:105C00004FEA9C23203BCCF3441C01FB03F3BEF181
:105C1000000F0CF1300C01FB0CFCB8BF0EF13F0E75
:105C2000002BB8BF1F334FEAAE1EBCF1000F0EEBC6
:105C30006313B8BF0CF13F0C1BB24CF38F116CE730
:105C4000DDE90597099B049A1F44D31A04930A9B24
:105C500009F1010999457FF415AF286843680DB033
:105C6000BDEC048BBDE8F04F184717EE900AB0EB7F
:105C7000010E18BF4FF0010E9CE71836B6B2049B18
:105C8000054AA2FB03016FEA11110EE70026F6E7B1
:105C900000008037ABAAAA2AABAAAAAA0080FFFFFD
:105CA0002DE9F04F2DED068BADF5037D4FF4987285
:105CB000002136A803F0FCFA9A4D9B499B489C4C66
:105CC00004F058FB9B4BC5F84431022285F888202C
:105CD0000FCC05F170060FC694E803004FF49872DC
:105CE00086E80300002136A803F0E2FA0123924976
:105CF000389350226C20FDF7D3F90646002800F0B7
:105D0000A9808E4B40F8043B04F10801682204F09E
:105D100045FA30463696FAF7BFFE08B16423736041
:105D20003046FAF7B9FE08B1142333813046FAF74A
:105D3000B3FE08B1182373813046FAF7ADFE08B1FF
:105D4000032333753046FAF7A7FE08B11E23B3814B
:105D50003046FAF7A1FE10B11023A6F85C303046A9
:105D6000FAF79AFE00287FD1DDF8D8804046FAF78E
:105D700093FE002845D0724967221020FDF790F964
:105D8000064600283DD06F4B036098F86240002C17
:105D90006DD06D49B8F85C4038221020FDF780F9CD
:105DA000694981463922FC20FDF77AF90746002C23
:105DB0006BD065493E226020FDF772F901248246CE
:105DC000B9F1000F63D0002F61D014B1BAF1000F08
:105DD0005DD0C7F898A027A9C9F8007008F10400A1
:105DE000FFF7E4FD00285CD1D5F88030574A5649CA
:105DF00098474846FAF712FF002373603046FAF7D7
:105E0000CFFE534B53481B680021DB6839911C229D
:105E1000012104F045FA504B4FF480529A62FCF78E
:105E200061FC379818B1FAF7DFFE002337933A98F0
:105E300018B104F0E1F900233A93399818B1FAF750
:105E4000AFFE00233993454804F082FA36A8FDF7E7
:105E500063F803E04248369604F07AFA0DF5037DC4
:105E6000BDEC068BBDE8F08F0223F3747CE7364966
:105E700038221020FDF714F9334981463922FC20DD
:105E8000FDF70EF9A24607469AE7A24698E748466C
:105E9000FAF77EFE3846FAF77BFE5046FAF778FEB0
:105EA000AAE7BDF8B030BDF8BC20D7F8980005903F
:105EB0001A4491B2BDF8B2200F91A7F89E1007F1D5
:105EC000F8015200C7F8841007F1F401C7F8E82080
:105ED000C7F88810002207F1F601C7F89420A7F848
:105EE0009C20C7F88C1007F1F00207F1F7013B87FF
:105EF0007A62C7F8901030B107F1EC01816107F1C7
:105F0000F5014262C165C7F8D8200F9AA7F8E420CE
:105F1000C7F8DC6098F862C00DF1C60418A800212B
:105F200026E000BF88000020BCBD000894FB0008EC
:105F300014BE000800366E01F4F000080FB03713ED
:105F400038F100080DB03713D8FB0008E8FB000853
:105F50002800002064FC00080004004844FD0008FC
:105F6000B4FB000834F8022F520820F8022B01314C
:105F7000CAB26245F6D3BDF8B820BDF8BA1009918F
:105F80001A4492B20892B8F85C209DED348A9DF8CC
:105F9000D4A00A921146002A00F03481BDF8BE2038
:105FA000B2FBF1F20B92BDF8B610BDF8B420BDF80B
:105FB000A2001A440B44DDF89E10A7F87E30B34BC4
:105FC0003B64B34B7B64B34BBB64032387F87430EF
:105FD0000F23A7F88030059BA7F87A00C7F8761042
:105FE000A7F87C20002B00F0CF82299910912A99E4
:105FF00012910023BDF8AC10119121AACDE92033F4
:10600000CDE92233CDE9243314460DF1BE0106E07B
:1060100031F8020F22F8020F088910810133D8B23B
:106020006045F5D3059A0A9B13870B9B5387002382
:10603000C2E91333C2E9153397490E911846974BBD
:1060400053609749974B93600D91974B9749D36055
:106050000C9102F148013A32CDE91386CDE915A938
:10606000C34617970491CDF81CC081462746904639
:10607000079A5FFA89F39A42069340F2C68037F88E
:10608000026F28F8026FB7F808A08949A8F808A09D
:106090002F22EC20FDF704F8044600287CD0854B25
:1060A00085490364854B436481649BF8141001396E
:1060B000042900F27E85DFE801F0666C03690300C5
:1060C0006FF00C00119A9BF811C00F9BA4F87A2076
:1060D0000A9AA4F87E200B9AA4F880209919129AA3
:1060E000109E9BF810E084F874E089B2BCF1000FB8
:1060F00018BF1646DBF80420A4F87C10C4F87660BC
:106100004FEA4A03C4E92120DBF80800C4F8E03074
:106110000E9BC4F89C300D9BC4F8A0300C9BC4F8B7
:10612000A430059BC4F8D43004F1E40384F875C0AE
:10613000C4F88C00A4F89610A4F8DC106362C4F8CC
:10614000D030002326462387A4F894305C4BC4F853
:10615000D83004F13C0004F1E803C4F8903046F86C
:10616000980BE663FBF70EFD0BF1140B09F101062A
:10617000002837D02068C3689847049B43F8044F31
:10618000B146049374E76FF00B009BE76FF00F00CC
:1061900098E76FF0060095E7CB46DDE9146ADDE984
:1061A0001697DDF84C80059A46495B46123302EBA0
:1061B000830300245C60444AD5F880302046984729
:1061C0000496DDE905B60797002E00F0D381731E13
:1061D000DAB20BEB82071646F86C08B1A96F884754
:1061E000FC64F1E7D5F88030384A3149DDF84C805D
:1061F000DDE9146ACB46DDE916979847AB6F204678
:106200009847D0E70A9A0B92CDE6179FDDE91386EF
:10621000DDE915A9D7F8983005930E9BC7F8A4308F
:106220000D9BC7F8A8300C9BC7F8AC30059A284BDB
:10623000C7F8E03007F13C033B60002A00F0A08182
:1062400007F1A003FA63136038688368984704462F
:1062500028B9D5F880301D4A1E499847C9E53868E5
:10626000C36898471C4AC9F8042000231B4AC9F890
:106270000C20C9F80830C6F80490ADF8E23198F85F
:1062800062E00DF5F1719C461A4636E0ED19000802
:10629000951A00088D1A00089D1A000811190008A7
:1062A000A91A00088D19000885190008190C0008A2
:1062B0000CFC00081D5A00087D1B0008851B000807
:1062C000E95900081CF6000840FC000820FC000802
:1062D000CD0A0008D8FB0008090C00081D0C0008B6
:1062E00018A8174630F81300024492B2A44621F8C9
:1062F000027F0133042B088105D0D8B28645EFD840
:1063000000273846F3E7BCF1000F01D0ADF8E221D9
:10631000B8F85C30BDF8E221369C8DED7D8A13FB28
:1063200002F3ADF8E031089B8DF8F8A1B381099B29
:10633000F38120463996FAF7AFFB20B127A9201D3B
:10634000FFF734FB40B9944B94481B682122DB686B
:10635000012103F0A5FF5EE5BDF89C003B9003F032
:1063600043FF3A900028EED08D4B4FF480529A6153
:10637000FCF7B8F98B49389E37221420FCF790FEC1
:10638000044600283ED08849782240F25E20FCF77F
:1063900087FE002800F0E98001234FF000084FF449
:1063A0004052824FA0F8C43180F8C63127A920613D
:1063B000A660C4F8048084F80D80276030462792D8
:1063C0000322ADF8A080FAF7AFFBBDF8A03041F290
:1063D0001022934221D0764A7649D5F88070404603
:1063E000B8472046FAF700FC3046FAF7DDFC48B122
:1063F00044460020D5F880306F4A6A4998472046C5
:10640000FAF7F2FB644B6D481B6800213791DB689B
:106410001822012103F044FFFDE43046FAF7C4FCE2
:1064200006460028E5D1A068FBF776F8D4F8088086
:10643000032240F24913009231464046FBF73CF8F4
:1064400040F249130422022140460096FBF734F83B
:1064500040F249131022042140460096FBF72CF825
:1064600040F249132022052140460096FBF724F80C
:106470000096404640F249134FF47F520621FBF745
:106480001BF837943CAC379EDDE93A1216B13368FD
:10649000BB420ED0D5F88030494A42490020984787
:1064A0003D4B48481B681322DB68012103F0F8FECE
:1064B000B1E40029F4D00094B06806F10D03FCF7B4
:1064C0007FFF0028ECD0737B0A2B06D04FF4FA70C4
:1064D000FCF700FD0028D6D1E2E7314E4FF480579B
:1064E000B762FCF7FFF8B761FCF7FCF8DDE9367638
:1064F0003046DDE93A98FAF7FDFAA8B9264B32485A
:106500001B681A22DB68012103F0CAFE379B23B106
:10651000264A1968914200F01583D5F88030284A40
:1065200020490020984776E428490DF1EF0E4FF0FE
:10653000FF324FF0000C1EF8013F08205A4042F392
:1065400000030B40013883EA5202F8D10CF1010C30
:10655000BCF1EC0FEFD1779BD243934240D0D5F8FA
:1065600080301B4A0F499847C8E720612046FAF758
:106570000FFB47E7079F049ED7F8983005934CE63A
:1065800007F1A003FB635FE6124B0E93124B0D93D2
:10659000124B0C9341E600BF2800002084FC000849
:1065A0000004004814F1000864F100080EB037132D
:1065B000A8FC0008DCF10008C8FC0008E4FC0008A6
:1065C000FCF0000800FD000828FD00082083B8ED5D
:1065D00014FD00089D1A0008A91A0008190C0008EB
:1065E0003846FAF759FA002888D0B068FAF7DCFB89
:1065F00004373073002800F0AA82B01D0390301DCC
:1066000002903069CDE900904346B0682246394691
:10661000FFF7E8F80990099B002B3FF46FAFBDF836
:10662000E2310593082003F0DFFD0490002800F01C
:10663000AB82059B980003F0D7FD049B58600028AF
:1066400000F09F82DDE904321A60082003F0CCFDDF
:106650008146002800F09E82802003F0C5FD04469C
:10666000C9F80400002800F092821023C9F8003015
:10667000049B0BBB714803F06BFEB9F1000F40F0B7
:10668000C280049B002B00F0B9804C46049D6868D2
:1066900003F0B2FD284603F0AFFD36A8FCF73CFC42
:1066A000099B002B3FF4DAAB002C3FF4D7AB6448D6
:1066B00003F04EFEFFF7D2BB05230793379F1FB1B0
:1066C0003B68604A93422AD0D5F880305E4A5F49E1
:1066D000002098475E4B5F481B681A22DB68012147
:1066E00003F0DEFD379B1BB1564A1968914256D024
:1066F000D5F88030544A554900209847564803F051
:1067000027FE002309930124D9F8040003F074FD47
:10671000484603F071FD049B002BB7D1BDE73B7BDE
:1067200043BBB8681521FAF771FB0028D2D00123CA
:106730003B734FF47A70FCF7CDFB002833D0DDF8C3
:10674000DC80DDE93AA2B8F1000F04D0D8F80030BF
:106750003C498B4230D0D5F880303B4A3B49002041
:1067600098473B4B3D481B681722DB68012103F02B
:1067700097FDB7E73E69B86896F8C6110122FAF7A7
:1067800083FB96F8C53133B396F8C631022B0CBFA4
:106790000123022386F8C6310028CAD19AE79868F7
:1067A000FAF76CFDAAE72A4B2D481B681922DB6813
:1067B000012103F075FD95E7B8F80430B8F806102C
:1067C0000B44B2EB430F08D2D5F88030254A1F495D
:1067D00000209847C5E70123DCE7D8F808B0D8F8CF
:1067E0001060584696F8C611FAF7F2FA68B9D5F86B
:1067F00080401D4A1D495B46A047B2E736A8FCF71A
:106800008BFBFFF72BBB00247EE796F8C61127AA67
:106810005846FAF783FB09900028A2D0BDF89C30B7
:10682000032B27D0BDF89E300093D5F88040104A46
:106830000E495B460020A04793E700BF6CFD0008AF
:10684000BCFF00080EB03713FCF0000814F100087C
:106850002800002094FD0008A4FE000874FE000833
:10686000B0FD0008CCFD0008E4FD000864F100085C
:1068700004FE0008BDF89E30D8F81010C3F30013D2
:10688000AAF8003091F8C43123B191F8C6315A1EEC
:1068900053425341AAF80230B1F8C831AAF8043083
:1068A0000AF1060201F5E57301F5FD7B1F685E68DC
:1068B0009868D3F80CC0C2F80CC010335B45176061
:1068C0005660906002F11002F0D1B1F8FA31AAF8E6
:1068D00036300AF1380201F5FE7301F50B7B1F68B3
:1068E0005E689868D3F80CC0C2F80CC010335B45E2
:1068F00017605660906002F11002F0D1B1F82C32AE
:10690000AAF868300AF16A0201F22E2301F25E2130
:106910001F685E689868D3F80CC0C2F80CC01033CA
:106920008B4217605660906002F11002F0D1B8F807
:106930000660D8F81030D8F8080093F8C631B8F8D7
:106940000410B6F5005F00F2F080013B18BF012390
:106950001A030AEB41013346FCF7E0FC002800F083
:10696000EA80002E3FF4FDAEDDE9393823B1924ACA
:106970001968914200F0AD80D5F880308F4A904977
:1069800000209847B8F1000F05D1D5F880308D4A26
:106990008B4900209847059B002B00F09080819B3D
:1069A000BDF8E2A1DFED888A9FED889ACDF82090AE
:1069B00003F102080027BDF8E0310693F7EE009AD4
:1069C0004FEA8A0604F1800BB946CA4500F0EB8015
:1069D000069BB3FBFAF3102B40F0DF802746C64638
:1069E000A446BEF9003007EE103A3EF9023CB8EE7C
:1069F000C77A07EE903A67EE286AF8EEE77A8CEDF0
:106A0000017A77EEA67A0CF1080C4CED027ADC459F
:106A1000B644E6D1DFED6C0AA446B0EE600A9CED08
:106A2000007ADCED017A0CF1080CDC4530EE070A47
:106A300070EEA70AF3D120EE090A60EE890A02F08F
:106A400031FB9FED618AB0EE40AA97ED000AD7EDC9
:106A5000010A02F027FB0837BB4538EE008AF4D163
:106A600028EE098A049B05995A68CAEE087A09F14A
:106A7000010302EB890E994208F1040879EEE77AE6
:106A8000CEED007A01D099469FE74F469FED508AA0
:106A9000DDF82090104690464FF0000A00E09A463C
:106AA000F8EC017AF4EEC87AF1EE10FACCBF2E20A1
:106AB0002A2003F091FBBA450AF10103EFD10A2025
:106AC00003F08AFB079B013B07937FF4F7AD01249A
:106AD0001AE6B8F1000F3FF458AF59687FAA9A60E0
:106AE0000868038F08EB43034361B0F8943008EB68
:106AF0004303C364B0F8963008EB43030365D0F852
:106B000098304BB1B0F89C2008EB42021A61B0F803
:106B10009E2008EB42025A61B0F8E4304A6808EB64
:106B20004303C0F8B030904735E7D5F88030294AA4
:106B3000294900209847D5F88030284A2849002064
:106B400098470EE69868FAF799FBFFF764B9B068C2
:106B5000FAF768FA327B0346002A7FF44EADB0683C
:106B60003269002B7FF449ADCDE900922246B41D75
:106B700004364346394603940296FEF7A9FD099070
:106B800049E5184603F038FB002304935DE54846C9
:106B900003F032FB4FF000096CE5124B124A134828
:106BA0009C2102F08DFB124B0F4A10489A2102F0F3
:106BB00087FB0020FFF786BA0DB037131CF10008E1
:106BC00038F100088CFE0008000000000000803D45
:106BD0000AD7233C30FE000898F1000848FE000860
:106BE00064F1000838FF000894BE000808FF0008A0
:106BF000CCFE0008FEE700BFFEE700BFFEE700BFD7
:106C0000FEE700BFFEE700BF704700BF704700BF50
:106C1000704700BF024AD36E0133D366704700BF8E
:106C2000880000200C4B0D49D3F88C204FF48010C5
:106C30004861D168490503D4012283F8AD2070472B
:106C4000D168C9B261F49061D1600120012283F85A
:106C5000B00083F8AD207047880000200004014098
:106C6000034B5A69120744BF08225A61704700BF9C
:106C7000000401400148F9F7DDBB00BF58020020C5
:106C80000148F9F7D7BB00BFA00200200148F9F77F
:106C9000D1BB00BF3C0100200148F9F7CBBB00BFCE
:106CA00084010020084810B4D0F86032D0F8944233
:106CB00099691A682CB1234600F518705DF8044BE9
:106CC00018475DF8044B70478800002070B5AE4C43
:106CD000D4F84851EB692A68A96840F60F000342CE
:106CE00040F08780980602D5960600F1F380D4F82C
:106CF000A801012816D0D80202D5490200F1F4807B
:106D00001E0605D4590602D5530600F1258170BD33
:106D10001006F7D5D4F8B431002BF8D0BDE8704098
:106D20009A481847DE06E6D5D006E4D510232B6234
:106D3000AB68B4F8A0215B0640F14281D4F8BC31C5
:106D400019684B689BB2002B00F09681934280F04B
:106D50009381A4F8A2310B689E0644D455E8003F05
:106D600023F4807345E800324AB1D4F8482152E850
:106D7000003F23F4807342E800310029F5D1D4F8B4
:106D8000482102F1080353E8003F23F001030832D1
:106D900042E800310029F2D1D4F8482102F1080379
:106DA00053E8003F23F04003083242E80031002955
:106DB000F2D12023C4F8C831C4F8A811D4F848216E
:106DC00052E8003F23F0100342E800310029F5D1DA
:106DD000D4F8BC3193F82520022A00F05481042213
:106DE000DA6383F824100223C4F8AC31B4F8A2317A
:106DF00070BD11F0010640F09E80654802423FF4EC
:106E000076AFD8070FD5D10540F1D6800121296290
:106E1000D4F8CC1141F00101C4F8CC1199076BD51D
:106E2000002E40F08C8058077DD51E0700F1C180F0
:106E30001E050AD5500108D54FF400612962D4F827
:106E4000CC1141F02001C4F8CC11D4F8CC110029A8
:106E50003FF45DAF990602D5920600F1A080D4F808
:106E6000CC21AB6802F0280203F04003134300F08A
:106E700000814648F9F79CFDAB685B067FF547AF9C
:106E800005F1080353E8003F23F0400305F1080132
:106E900041E8003262B1D4F8482102F1080353E816
:106EA000003F23F04003083242E800310029F2D1CC
:106EB000D4F8BC0100283FF42AAF90F82530354AB9
:106EC0008263022B00F0BB800423BDE87040C363E3
:106ED000F9F7DABDD4F8B031002B3FF418AF04F560
:106EE000A470BDE8704018474FF480132B6270BD4A
:106EF000D1058BD4980722D4590714D5002E94D0ED
:106F000004212962D4F8CC11180741F00201C4F819
:106F1000CC118DD508212962D4F8CC1141F008019B
:106F2000C4F8CC1184E7190782D502F0200131435F
:106F30003FF47EAFEEE7D807DAD499072CD50221CB
:106F40002962D4F8CC115E0741F00401C4F8CC11D9
:106F5000D6D41907DED46BE755E8003F23F0400391
:106F600045E800324AB1D4F8482152E8003F23F006
:106F7000400342E800310029F5D120220023C4F863
:106F8000C421C4F8B43170BD88000020D0010020B5
:106F900020010004890A00085E07B1D4D9E7D4F8BB
:106FA000B031002B3FF45BAF42489847D4F84851CA
:106FB00055E79006AED43BE798073FF534AF9BE723
:106FC000B4F8A211B4F8A2319BB289B2002B3FF4FD
:106FD0009EAE91423FF49BAE55E8003F23F4907380
:106FE00045E800324AB1D4F8482152E8003F23F482
:106FF000907342E800310029F5D1D4F8482102F11C
:10700000080353E8003F23F00103083242E800314F
:107010000029F2D12023C4F8C831C4F8B011C4F853
:10702000A811D4F8482152E8003F23F0100342E8A9
:1070300000310029F5D10223C4F8AC3170BD0268DB
:10704000436C116821F00E011160116821F00101FB
:1070500011600124026C03F01C0304FA03F3536073
:10706000002380F8254080F82430BDE87040F9F70F
:107070000BBDC4F8CC3170BD93427FF448AE0B68B1
:107080009D06D8D470BD1A681D6C106820F00E00E3
:107090001060106820F0010010605A6C012002F0AE
:1070A0001C0200FA02F26A6083F8250083F82410BB
:1070B00099E600BFD0010020034B5A69120544BF76
:1070C0004FF400625A6170470004014010B5194C3A
:1070D000194AD4F88C304FF4802151619A68D20457
:1070E00002D5DA68D00509D49A68910402D5DA6825
:1070F000920513D4012384F8AD3010BDDA68D2B202
:1071000062F4C0720121DA6084F83C13FBF730FFAF
:1071100068B9D4F88C3084F83C03E5E7DA68D2B279
:1071200062F42072DA60012384F8AD3010BDF9F703
:107130002FF800BF8800002000040140034AD2F865
:10714000883043F47003C2F88830704700ED00E0E7
:10715000F0B4C56F202D4AD10C4601B112B90120FF
:10716000F0BC7047194600252123C0F88450C3673E
:107170008368294FA0F85020B3F5805FFE6EA0F819
:10718000522037D0B0F85220036892B2B2B1DA6917
:10719000120604D44A1C1DD1DA691206FCD504B3C8
:1071A00014F8012B1A85B0F85220013A92B2A0F8D7
:1071B0005220B0F8522092B2002AE8D1DA69520681
:1071C00004D44C1C1CD1DA695106FCD52023C367BA
:1071D0000020C5E7FA6E921B914218D3B9B11A6824
:1071E000D5E735F8022BC2F308021A85DBE7022047
:1071F000F0BC70470369002BC4D125461C46C1E78B
:10720000FA6E921B914202D309B11A68D6E7202385
:10721000C367F0BC03207047880000200000000016
:1072200001F0FF01102A2BDB10F0070F08D010F837
:10723000013B013A8B422DD010F0070F42B3F6D13B
:10724000F0B441EA012141EA014122F007047FF054
:1072500000070023F0E80256083C85EA010586EAAB
:10726000010685FA47F5A3FA87F586FA47F6A5FAE7
:1072700087F68EB9EED1F0BC01F0FF0102F00702F3
:1072800032B110F8013B013A83EA010313B1F8D19E
:107290000020704701387047002D06BF354603387F
:1072A000073815F0010F07D1013015F4807F02BFB8
:1072B000013015F4C03F0130F0BC0138704700BF09
:1072C000034613F8012B002AFBD1181A0138704726
:1072D00053B94AB9002908BF00281CBF4FF0FF313D
:1072E0004FF0FF3000F036B9ADF1080C6DE904CE77
:1072F00003F0EEFDDDF804E0DDE9022304B07047A1
:1073000070B54FF0FF0C4CF4E06C1CEA11541DBF3B
:107310001CEA135594EA0C0F95EA0C0F00F0DEF806
:107320002C4481EA030621EA4C5123EA4C5350EAEB
:10733000013518BF52EA033541F4801143F480133C
:1073400038D0A0FB02CE4FF00005E1FB02E506F0CD
:107350000042E0FB03E54FF00006E1FB03569CF022
:10736000000F18BF4EF0010EA4F1FF04B6F5007F28
:1073700064F5407404D25FEA4E0E6D4146EB06069A
:1073800042EAC62141EA55514FEAC52040EA5E5023
:107390004FEACE2EB4F1FD0C88BFBCF5E06F1ED8CD
:1073A000BEF1004F08BF5FEA500E50F1000041EB04
:1073B000045170BD06F0004646EA010140EA0200B1
:1073C00081EA0301B4EB5C04C2BFD4EB0C0541EAD3
:1073D000045170BD41F480114FF0000E013C00F3E8
:1073E000AB8014F1360FDEBF002001F0004170BD0C
:1073F000C4F10004203C35DA0C341BDC04F1140425
:10740000C4F1200500FA05F320FA04F001FA05F2B0
:1074100040EA020001F0004221F0004110EBD3707D
:1074200021FA04F642EB06015EEA430E08BF20EAA9
:10743000D37070BDC4F10C04C4F1200500FA04F34C
:1074400020FA05F001FA04F240EA020001F00041DE
:1074500010EBD37041F100015EEA430E08BF20EA51
:10746000D37070BDC4F1200500FA05F24EEA020E99
:1074700020FA04F301FA05F243EA020321FA04F0C8
:1074800001F0004121FA04F220EA020000EBD3707F
:107490005EEA430E08BF20EAD37070BD94F0000F7F
:1074A0000FD101F00046400041EB010111F4801FB3
:1074B00008BF013CF7D041EA060195F0000F18BF64
:1074C000704703F00046520043EB030313F4801FA0
:1074D00008BF013DF7D043EA0603704794EA0C0F5A
:1074E0000CEA135518BF95EA0C0F0CD050EA410670
:1074F00018BF52EA4306D1D181EA030101F00041ED
:107500004FF0000070BD50EA410606BF1046194614
:1075100052EA430619D094EA0C0F02D150EA013620
:1075200013D195EA0C0F05D152EA03361CBF104661
:1075300019460AD181EA030101F0004141F0FE4100
:1075400041F470014FF0000070BD41F0FE4141F484
:10755000780170BD704700BF81F0004102E000BFBC
:1075600083F0004330B54FEA41044FEA430594EA03
:10757000050F08BF90EA020F1FBF54EA000C55EA3E
:10758000020C7FEA645C7FEA655C00F0E2804FEA0F
:107590005454D4EB5555B8BF6D420CDD2C4480EAF1
:1075A000020281EA030382EA000083EA010180EA21
:1075B000020281EA0303362D88BF30BD11F0004F6F
:1075C0004FEA01314FF4801C4CEA113102D04042A5
:1075D00061EB410113F0004F4FEA03334CEA1333E0
:1075E00002D0524263EB430394EA050F00F0A780F8
:1075F000A4F10104D5F1200E0DDB02FA0EFC22FAF3
:1076000005F2801841F1000103FA0EF2801843FAE6
:1076100005F359410EE0A5F120050EF1200E012AD7
:1076200003FA0EFC28BF4CF0020C43FA05F3C01815
:1076300051EBE37101F0004507D54FF0000EDCF18E
:10764000000C7EEB00006EEB0101B1F5801F1BD337
:10765000B1F5001F0CD349085FEA30004FEA3C0C3B
:1076600004F101044FEA445212F5800F80F09A8031
:10767000BCF1004F08BF5FEA500C50F1000041EB35
:10768000045141EA050130BD5FEA4C0C404141EB39
:107690000101013C28BFB1F5801FE9D291F0000F34
:1076A00004BF01460020B1FA81F308BF2033A3F1E3
:1076B0000B03B3F120020CDA0C3208DD02F1140CDA
:1076C000C2F10C0201FA0CF021FA02F10CE002F115
:1076D0001402D8BFC2F1200C01FA02F120FA0CFC0E
:1076E000DCBF41EA0C019040E41AA2BF01EB045157
:1076F000294330BD6FEA04041F3C1CDA0C340EDC55
:1077000004F11404C4F1200220FA04F001FA02F397
:1077100040EA030021FA04F345EA030130BDC4F155
:107720000C04C4F1200220FA02F001FA04F340EA4A
:107730000300294630BD21FA04F0294630BD94F0FB
:10774000000F83F4801306BF81F480110134013DE2
:107750004EE77FEA645C18BF7FEA655C29D094EA53
:10776000050F08BF90EA020F05D054EA000C04BFD1
:107770001946104630BD91EA030F1EBF00210020BC
:1077800030BD5FEA545C05D14000494128BF41F05B
:10779000004130BD14F580043CBF01F5801130BDBF
:1077A00001F0004545F0FE4141F470014FF000004A
:1077B00030BD7FEA645C1ABF194610467FEA655CFB
:1077C0001CBF0B46024650EA013406BF52EA03359D
:1077D00091EA030F41F4002130BD00BF90F0000F8B
:1077E00004BF0021704730B54FF4806404F13204C7
:1077F0004FF000054FF0000150E700BF90F0000F80
:1078000004BF0021704730B54FF4806404F13204A6
:1078100010F0004548BF40424FF000013EE700BF76
:1078200042004FEAE2014FEA31014FEA02701FBF06
:1078300012F07F4393F07F4F81F06051704732F038
:107840007F4208BF704793F07F4F04BF41F400218F
:10785000704730B54FF4607401F0004521F00041ED
:107860001CE700BF50EA010208BF704730B54FF077
:1078700000050AE050EA010208BF704730B511F078
:10788000004502D5404261EB41014FF4806404F1B0
:1078900032045FEA915C3FF4D8AE4FF003025FEA36
:1078A000DC0C18BF03325FEADC0C18BF033202EBBA
:1078B000DC02C2F1200300FA03FC20FA02F001FA14
:1078C00003FE40EA0E0021FA02F11444BDE600BFB7
:1078D0004A0011D212F5001211D20DD56FF478734F
:1078E000B3EB62520ED44FEAC12343F0004343EAA4
:1078F000505323FA02F070474FF00000704750EAEF
:10790000013002D14FF0FF3070474FF00000704758
:107910000348044B834202D0034B03B1184770471E
:107920008800002088000020000000000548064B69
:107930001B1AD90F01EBA301491002D0034B03B16D
:1079400018477047880000208800002000000000D1
:1079500010B5064C237843B9FFF7DAFF044B13B197
:107960000448AFF300800123237010BDC50300203D
:10797000000000008CB1000808B5054B1BB105499B
:107980000548AFF30080BDE80840FFF7CFBF00BF58
:1079900000000000C80300208CB100086449654B5A
:1079A000CA682DE980484FF6FF0002401343C7B074
:1079B0000F20CB60FAF76EFE002800F010835E49BE
:1079C0000B6803F4C063B3F5007F1ED00B685B4AFD
:1079D0005B4823F4C06343F400730B6013684A6987
:1079E000322404FB03F3B3FBF0F3500503F101036E
:1079F00006D500E023B14A69520503F1FF33F9D4FB
:107A00004D4B5B695F0500F1E8824E4A9368D2688E
:107A100003F00C03042B1CD00C2B16D049494A4C04
:107A20000A6842F480720A60E06E04E0E26E121AA4
:107A3000022A00F2D2820A685605F7D54A6822F077
:107A4000F85242F080524A600CE002F00302022A2F
:107A5000E4D13C493C4C0A684A6822F0F85242F0B2
:107A600080524A603749D1F8942042F00102C1F8AF
:107A70009420E06E04E0E26E121A022A00F2AD8257
:107A8000D1F894209507F6D5CA6802F003000228C1
:107A900000F0E3830C2B00F0A0822A4B1A685101FE
:107AA00000F19B821A6822F080721A60E16E04E095
:107AB000E26E521A022A00F290821A689201F7D4FA
:107AC000D8682249224A01400A43DA601A681D49EF
:107AD00042F080721A60DA6842F08072DA60E26E18
:107AE00004E0E36E9B1A022B00F277820B689B0185
:107AF000F7D5184B1A6855070BD41A6822F00702FD
:107B000042F004021A601B6803F00703042B40F0E4
:107B100064820C4A93681368980140F15E8293680E
:107B200043F003039360E16E41F2883019E000BF37
:107B300000ED00E00003FA050070004000000020A6
:107B400040420F0000100240880000208C809D0100
:107B5000020A003800200240E36E5B1A834200F202
:107B60003C82936803F00C030C2BF5D1936813F05F
:107B7000F00F03D0936823F0F0039360CE4A1368AC
:107B800003F00703042B0BD9136823F0070343F01A
:107B900004031360136803F00703042B40F01D82F5
:107BA000C64DAB6823F4E063AB60AB6823F460536D
:107BB000AB60F8F78DFCAA68C14BC249C2F303124F
:107BC000134493F8043D03F01F0320FA03F34868BD
:107BD0000B60FAF75FFD0646002840F0FE81EB6C73
:107BE000B94F43F00203EB64EB6C03F0020306931E
:107BF000069BEB6C43F08003EB64EB6C03F08003BB
:107C00000593059BEB6C43F00103EB64EB6C4FF0C9
:107C1000904803F00103049341F2012A4FF0100948
:107C2000049BC7F828A00223C8F828904FF48812B4
:107C3000CDE9000008213846FAF7FAFD07F5C050F3
:107C40003246CDE9006602230921FAF7F1FD4046EC
:107C5000CDE9006602234FF444124FF40061FAF7B5
:107C6000E7FD384603275146334601960097012227
:107C7000FAF7DEFD022332461946CDE90076FAF71F
:107C8000D7FD0B46012249464046CDE90076FAF77A
:107C9000CFFD31460920FAF7D3FCDFF844A24FF4B8
:107CA000007BCAF800B02820FAF7CAFC4FF48076AF
:107CB000CAF80460AB6C43F00103AB64AB6C03F037
:107CC000010303930C20039BFAF7BAFC4FF4805393
:107CD000CAF800300D20FAF7B3FC4FF40053CAF88D
:107CE00000304846FAF7ACFC4FF48033CAF8003055
:107CF0001120FAF7A5FC4FF40033CAF80030734A9C
:107D0000C4F858114FF4E133C4E95411C4E95911CE
:107D1000C4E95223C4F86C114FF440730C216C4831
:107D2000C4E95713FAF76CFE002840F05681DFF8DB
:107D3000A4C194F86520C4F820B04FF48273C4E95C
:107D400002C34FF470636361072363630823C4E9CC
:107D50000600C4E90900C4E90B002061A063E363E5
:107D600002F0FF0A002A00F080815A4B022684F8B4
:107D70006560196821F0400119604FF4417040F6C8
:107D800008711860002259605348A2660125A3F5C6
:107D9000584384F86550C4F86032A423C4E99903B9
:107DA00094F8A102C4E99B52C4E99D22C4E99F2230
:107DB00000F0FF01002800F0AE81D4F860322422E8
:107DC00084F8A1221968D4F8642221F0010122F07C
:107DD000706219601A619A68D4F86C1222F4004239
:107DE00001299A60D4F8682200F00D8142F404421F
:107DF00002299A6040F00A815A6842F400625A608F
:107E00005968D4F8702241F0007141F40041596082
:107E1000D4F87412D8680A43D4F8781220F40040D9
:107E200042EA0122D4F87C12D860D4F88002DA60E9
:107E300001431960196841F00101196000222021F5
:107E4000C4F8A42284F8A112C4F8902284F8A222D3
:107E500094F8A1122029CDB240F0BF8094F8A0126E
:107E6000012900F0BA80242084F8A102196821F0C9
:107E700001011960196821F48051196019681960AD
:107E8000196841F00101196084F8A15294F8A11217
:107E900084F8A0222029CDB240F09F8084F8A1026E
:107EA00019680E4821F001011960196821F4706108
:107EB0001960196816E000BF00200240001002405F
:107EC000A8B1000800000020000400480044004061
:107ED000D001002000300140E49CD1103C03002080
:107EE00000E100E041F001011960BF4BC4F8B43279
:107EF0004FF461210C2384F8A152C4E9AE12C4E905
:107F0000B022C4E9B232C4E9B42284F8A022C4F891
:107F1000D822FAF775FD054600285ED101462C22CD
:107F20000DA801F0C5F9B14AC4F8A8501F23C4F840
:107F3000943094F8AD30C4E9232540F2E732C4E927
:107F40002625C4E9285503F0FF01002B00F05C81D1
:107F50000222D4F88C3084F8AD20DA68D20640F1E1
:107F60000C8194F8AC300125AB4284F8AD5034D08C
:107F7000D4F88C3084F8AC504FF00209CA2753264D
:107F800084F8AD905F625E62FAF7CCF9D4F88C3079
:107F9000002867D19A6818609A6822F480229A6053
:107FA0009A689A60FAF7FCF9D4F88C304FF0FF0821
:107FB000C3F8248070B984F8AD5084F8AD905F6246
:107FC0005E6284F8AC50FAF7ADF9D4F88C3010B397
:107FD000C3F82480002384F8AC30F8F7D9F8844B38
:107FE0001A6E42F001021A661A6E02F0010208923D
:107FF000089A9A6D42F080529A659B6D03F0805307
:108000000793079BDBE442F400429A605A6822F42B
:1080100000625A60F4E642F201125A60FAF7C0F9BF
:10802000D4F88C200346C2F824800028D2D14FF423
:1080300080720DA8CDE91033CDE9143384F8AD502A
:1080400084F8AC30ADF834308DF836300E9312939E
:108050008DF858501792FAF7CBF90028BDD1FDF7EB
:108060001FFEFEE7FF225A62B4E784F864A02B6E7D
:1080700043F480532B662B6E03F480530A930A9BC0
:10808000EB6C43F00103EB64EB6C009703F001032E
:108090000993099B574D05234046019302225346FD
:1080A000E021FAF7C5FB544BC4F8E4614FF0010B33
:1080B0004FF080084FF480672846C4E9743BC4E958
:1080C00076AAC4E97BAAC4F8E081C4F8E871FAF79B
:1080D00057FA002881D1C4F82C6205F14806C4E99A
:1080E0008C70464B2566C4F82402A5F5E475C4F8E7
:1080F00038023046C4E987B9C4F82882C4F8F85178
:10810000C4F81832FAF73CFA00287FF466AFE66547
:10811000C4F8405229E6582219A884F8A01201F0A8
:10812000C7F8802318A81893F8F7D2FA80460028D9
:108130007FF453AF2E4F3248FA6C3243FA64FA6C34
:1081400032400C920C9A04210322CDE900212B46E7
:1081500012224FF44061FAF76BFBBB6D43F48003CE
:10816000BB65BB6D03F480030B93414621200B9B41
:10817000FAF766FA234B5E601FE6CA215322596262
:108180005A62FAF7CFF8C8B9D4E923329968D4F81B
:108190009C0021F4E00121F0400199600243D4F8F1
:1081A000A400996802430A43D4F898109A601961B0
:1081B0001A69D4F8941042EA01421A61FAF7F0F809
:1081C000D4F88C30002844D1D96CD4F8A820D4F845
:1081D000A00021F00301D964D96C02430A43FF21B6
:1081E000DA645962BDE600BF003801400028004053
:1081F00000100240580200201C00024030000240E3
:108200000004004800E100E0542230A884F8AC10DB
:108210004FF4007601F04CF84FF400332FA82F9361
:108220004596F8F755FA014600287FF4D6AE1F4A66
:10823000D2F8903043F40043C2F890300320FAF7AC
:10824000FFF91B4D08232B602920FAF7F9F96E601E
:108250007EE6FF225A62F7F79BFF02F4FE40B0F57C
:10826000206F7FF417AC02F07840B0F1605F7FF4CC
:1082700011AC104802427FF40DAC0B689F013FF532
:1082800038AC0B68094843F080730B60CB6843F04F
:108290008073CB60E26E04E0E36E9B1A022B3FF624
:1082A0009CAE03689E01F7D523E400BF0010024096
:1082B00000E100E0700060064FF400534B600020C6
:1082C000704700BF4FF0FF30704700BF012070477C
:1082D000012070470020704708B500F0BFFF16234B
:1082E00003604FF0FF3008BD4FF0FF30704700BF14
:1082F00010B54FF6FF731446024892B2FEF728FFFE
:10830000204610BD3C030020DFF834D0FEF716FFF6
:108310000C480D490D4A002302E0D458C4500433E0
:10832000C4188C42F9D30A4A0A4C002301E01360B6
:108330000432A242FBD300F097FFFFF72FFBFEE7CA
:10834000000001200000002088000020E004010857
:108350008800002030050020FEE700000C490D4A8F
:108360000B6810B50C4C121B2BB11844904207D867
:108370000860184610BD094B0B6018449042F7D9AD
:1083800000F06CFF0C2303604FF0FF33184610BD64
:10839000E003002000000120001400003005002050
:1083A00010EE103A194923F000428A421BD9B2F16B
:1083B000FF4F02D330EE400A704700B583B06846E5
:1083C00000F018F900F003000128DDED010A9DED31
:1083D000000A13D002280BD098B9012000F0C2F88F
:1083E00003B05DF804FBDFED0A0A002000F0BAB824
:1083F000012000F0B7F8B1EE400AF1E700F030F8E4
:10840000EEE700F02DF8B1EE400AE9E7D80F493F5A
:108410000000000010EE103AC3F3C7527F3A162A4C
:10842000194615DC002A0CDB0C481041184205D017
:108430004FF4800313410B4423EA000300EE103A8B
:108440007047013203F00043F8D143F07E53F5E763
:10845000802AF3D130EE000A704700BFFFFF7F0093
:1084600010EE103A23F00043B3F1485F2CD2FDEE3A
:10847000C07A17EE903A002B60D060EE007A9FED44
:10848000317A9FED315ADFED315A9FED316ADFEDE0
:10849000316AA7EE875A9FED307AE7EE855AA7EE4C
:1084A000A56AA7EE867AE7EE876A67EEA66A60EEAF
:1084B000C00AB6EE007AE7EEA60AB7EE000AD7EEDB
:1084C000870A30EE600A704760EE007A9FED1D7AF1
:1084D0009FED1D5ADFED1D5A9FED1D6ADFED1D6AF0
:1084E0001E4AA7EE875A93429FED1B7AE5EE275A64
:1084F000A5EEA76AA6EE277AE7EE276A66EEA76AD8
:10850000D5D9174A934214D803F17F4307EE103AA6
:10851000B7EE006A36EE476A60EEC00AF6EE005A21
:1085200097EEA57AE7EEA60A37EE607A36EE470AAE
:108530007047B6EE076AB5EE027AEDE7B7EE000ACD
:10854000704700BF4ED747ADF6740F317CF293B43D
:10855000010DD037ABAA2A3D610BB6BA9999993E65
:108560000000483F10EE103A23F00043B3F1485F9B
:1085700004D2FDEEC07A17EE903A5BB360EE007A5B
:108580009FED157ADFED155A9FED156ADFED156A3F
:10859000E7EE875A9FED147AA5EEA76A20EE275AD8
:1085A000E6EE276AA6EEA77A30B9DFED106AE7EEAD
:1085B000876AA6EE850A704727EE457AF6EE006ACE
:1085C000A0EEA67ADFED0A6AD7EE270AE5EE260AC4
:1085D00030EE600A704700BFD3C92E2F342FD7B2B8
:1085E0001BEF3836010D50B98988083CABAA2ABE6A
:1085F000ABAA2A3E70B510EE103A884A23F0004428
:10860000944286B0054671D9854A94421E4624D8C4
:1086100023F00042002BDFED837A834922F00F0222
:10862000B0EE407A40F3E0808A4270EE677A09BF8C
:108630009FED7E7ADFED7E6ADFED7E6A77EEC77AA8
:1086400037EEE67A77EEC77A80ED007A77EEE67A53
:10865000C0ED017A012006B070BD774A944252D92C
:10866000B4F1FF4F48D2E215863AA4EBC25307EEAD
:10867000903ABDEEE77ADFED716AB8EEC77A77EE31
:10868000C77A8DED037A67EEA67ABDEEE77AB8EE8B
:10869000C77A77EEC77A8DED047A67EEA67AF5EEA3
:1086A000407AF1EE10FACDED057A40F09880B5EE03
:1086B000407AF1EE10FA0CBF0123022360490191C8
:1086C0000221009103A8294600F012F9002EC2DA17
:1086D00095ED007AD5ED017AB1EE477AF1EE677A41
:1086E00085ED007AC5ED017A4042B4E7002285EDC0
:1086F000000A42600020AEE770EE407AC0ED017AD9
:10870000C0ED007AF6E700F0DDF89FED4E7A9FEDC0
:10871000456AF6EE007AE0EE077A9FED457AFDEEC7
:10872000E77A17EE900AF8EEE76A1F28A6EEC60A67
:1087300066EE877AB1EE666A20DC434A411E26F077
:10874000004352F8212023F0FF03934216D030EE6D
:10875000677A30EE470A002E30EE670A85ED007A20
:1087600085ED010ABFF677AFB1EE477AB1EE400A68
:1087700085ED007A85ED010A40426CE730EE677ABC
:10878000E21517EE103AC3F3C753C3EBD453082BCB
:10879000DFDD9FED267A9FED275AF0EE405AE6EE98
:1087A000075A70EE657AE6EE077AD6EE857A35EEF0
:1087B000E77A17EE103AC3F3C753D21A192A10DD1D
:1087C0009FED227A9FED225AB0EE650AA6EE070AC7
:1087D00075EEC07AE6EE077AD6EE857AB7E7032320
:1087E0006CE7B0EE650AB4E78A4270EE277A09BFFB
:1087F0009FED0E7ADFED0E6ADFED0E6A77EE877A77
:1088000037EEA67A77EEC77A80ED007A77EEA67A11
:10881000C0ED017A4FF0FF301DE700BFD80F493F90
:10882000E3CB1640800FC93FD00FC93F0044353716
:108830004344353708A3852E800F49430000804309
:108840000801010884F9223F8800010800A3852E51
:1088500032318D2410EE103A184923F000428A423A
:108860001AD9B2F1FF4F02D330EE400A704700B57B
:1088700083B06846FFF7BEFE00F003000128DDED7F
:10888000010A9DED000A10D0022809D090B9FFF727
:10889000E7FD03B05DF804FBDFED090AFFF7E0BD7B
:1088A000FFF7DEFDB1EE400AF3E7FFF75BFEB1EE46
:1088B000400AEEE70120FFF755FEEAE7D80F493FEF
:1088C0000000000010EE103A23F0004300EE103AD2
:1088D000704700BFB1EEC00A704700BF10EE103AFB
:1088E00023F00040B0F1FF4FACBF002001207047E3
:1088F0002DE9F04F2DED048BDBB01C46944603931D
:108900000A46CD4B68991CF1040F53F8216082464A
:1089100004F1FF38C0F24982BCF1030348BF0CF1F7
:108920000403DB10029301334FEAC30EACEB0E03DA
:108930000593029B16EB0800A3EB080316D4013045
:108940009FEDBE7A699C18441EA9002BA4BF54F861
:10895000235007EE905A03F10103ACBFF8EEE77A1B
:10896000F0EE477A8342E1EC017AEED1002EC0F2BC
:10897000B182039B1EA901EB830446AD4FEA830934
:108980004046F7180AEB8301B8F1000FDFEDAB7A30
:1089900009DBA3465346F3EC016A3BED017A8B42B7
:1089A000E6EE877AF7D10130B842E5EC017A04F1BE
:1089B0000404E9D10DF1280B0BEB8603CDE9062E5B
:1089C000043B9FEDA09ADFED9E8A059804930AEB85
:1089D000090446AF0BEB86090096CDF820C05AABD0
:1089E00003EB8603002E13ED140A4FEA860515DD0E
:1089F0007B195A4660EE097AB0EE407AFDEEE77ACE
:108A000073ED016AF8EEE77ABB42A7EEE87A37EE3B
:108A1000A60ABDEEC77AA2EC017AEBD1019000F074
:108A2000CFFAF4EE007AB0EE408A20EE270A00F08A
:108A30007DFAF2EE007AA0EE678A01980028FDEE3A
:108A4000C89AF8EEE97A38EE678A6CDD06F1FF3EE7
:108A5000C0F108035BF82E2042FA03FC0CFA03F382
:108A6000D21AC0F1070119EE903A4BF82E200A41B4
:108A70006344002A09EE903A00F3F080B5EE408A94
:108A8000F1EE10FA40F09D80009B9E420ADD5D44AD
:108A9000002355F8041D4D4543EA0103F9D1002B8D
:108AA00040F0F280009B013B5BF82330002B40F04C
:108AB000E780049B012153F8042D0131002AFAD0EC
:108AC000731C31449C46029D039A05EB030E0EF184
:108AD000804E699D32440EF1FF3E07EB83061EABCC
:108AE00005EB8E0E03EB8205DEED017AF8EEE77AF8
:108AF000B8F1000F0EF1040EE5EC017ADFED4F7ACC
:108B000009DB2A465346F3EC016A32ED017AA342AF
:108B1000E6EE877AF7D10CF1010C6145E6EC017ABB
:108B2000E2DA0E465BE740F08F80731E5BF823208D
:108B3000D211002AA2DD19EE903A002E03F10103B2
:108B400009EE903A40F3D48159464FF0000E51F8A7
:108B5000043B002B6AD0C3F5807341F8043C04E069
:108B60000B68C3F1FF0341F8043B0EF1010E76459B
:108B7000F6DC01239E4600280ADD012878D0022871
:108B800006D1711E5BF8213003F03F0C4BF821C079
:108B9000022A7FF473AFB7EE000A734630EE488ABC
:108BA000002B3FF46BAF0992019000F009FA38EE08
:108BB000408A0198099AB5EE408AF1EE10FA3FF426
:108BC00063AF9246DDE9062EDDF820C00196AEEBDC
:108BD0000C00B0EE480A009E009200F0F1F9DFEDC3
:108BE000186AB4EEE60AF1EE10FADDE90023F0EEC1
:108BF000407AC0F250819FED137A059920EE077AF2
:108C00000831BDEEC77A0591B8EEC77A5C1CE7EE75
:108C1000667ABDEEC77AFDEEE77A17EE901A4BF84A
:108C2000231017EE103A4BF8243046E00EF1010EF7
:108C3000B6458CDB9E469EE74C0401080000000010
:108C4000000080430000803BF6EE007AB4EEE78A35
:108C5000F1EE10FA80F2988000220FE70133002E27
:108C600009EE903A3FF770AF002301289E4686D167
:108C7000711E5BF8213003F07F0C4BF821C087E7B1
:108C8000731C9C4619461EE733469246DDE90512E1
:108C90005C1EA1F108005BF82410009E059061B9EC
:108CA00003F18043013B0BEB8303014653F8040DB2
:108CB000013C08390028F9D0059105980092B7EEDB
:108CC000000A00F07DF9002C009AB0EE407AC0F264
:108CD0000581601C46AD5FED256A81000BEB8003CA
:108CE00005EB800073ED017AF8EEE77A5B4567EEFD
:108CF000877A27EE267A60ED017AF3D10DF1C80864
:108D00000B1F46A8C718C646A44600259146002E4C
:108D100073DB844ADFED847A3846002301E0AB42FE
:108D200008DCF2EC016AB0EC017A01339E42E6EE17
:108D3000877AF4DA0CF1FF3CBCF1FF3FEEEC017AEC
:108D400005F10105A7F10407E1D1689B022B4A4612
:108D500056DC002B2EDC0ED1DFED737A414431ED71
:108D6000017A414577EE877AF9D15346002B40F0DE
:108D7000AE80C2ED007A19EE903A03F007005BB0C6
:108D8000BDEC048BBDE8F08F19EE903A002E03F194
:108D9000010309EE903AC8BF02223FF7D5AEF7EEC5
:108DA000007A37EEC88A022268E600234FF0080EE8
:108DB0000293BBE59FED5C7A414471ED017A414538
:108DC00037EE277AF9D1DDED327A534677EEC77A5E
:108DD000002B75D182ED007A64B133A90123B1EC87
:108DE000017A01339C4277EE877AF8DA53460BB169
:108DF000F1EE677AC2ED017ABDE7DFED4B7A99E7D4
:108E0000689B032BB7D1002C7ED008EB840595ED31
:108E1000007AA0002B46294671ED017AF0EE476AF0
:108E200037EE277A414577EEC77A81ED007A77EE03
:108E3000A67AC1ED017AEFD1012C65D095ED007ACB
:108E400008F1040173ED017AF0EE476A37EE277AF4
:108E5000994277EEC77A83ED007A77EEA67AC3ED72
:108E6000017AEFD1031DDFED307A434408F10808A1
:108E700033ED017A984577EE877AF9D15346DDEDE7
:108E8000326A9DED337A73B9C2ED006A82ED017AE0
:108E9000C2ED027A6FE7FDEEC07A1C4617EE901A1B
:108EA0004BF8231009E7F1EE666AB1EE477AF1EE6E
:108EB000677AC2ED006A82ED017AC2ED027A5AE762
:108EC000B1EE477A82ED007A002C86D190E7F1EE80
:108ED000677A4EE7039B4FEA83096BE5689B022B99
:108EE0000EDC002B13DC7FF446AFDFED0F7A3CE79E
:108EF000022A7FF4C3ADF7EE007A37EEC88ABDE5EB
:108F0000689B032B7FF437AFDFED077AB6E7534654
:108F1000DDED327A13B9002313606BE74FF00043A5
:108F2000136065E7200401080000000010EE102A1D
:108F3000C2F3C7537F3B162B22F0004129DC002BE4
:108F4000104618DB1A4919410A4221D0DFED197A7F
:108F500070EE277AF5EEC07AF1EE10FA18DD002AED
:108F600004DA4FF4000242FA03F3184420EA010342
:108F700000EE103A7047DFED0F7A70EE277AF5EECB
:108F8000C07AF1EE10FA03DD002A08DB9FED0A0A31
:108F90007047B1F1FF4FFBD330EE000A7047DFEDB1
:108FA000077A0029BFEE000A08BFB0EE670A7047D3
:108FB000FFFF7F00CAF2497100000000000000803E
:108FC00010EE103A33F000411A4627D0B1F1FF4FAE
:108FD00021D213F0FF4F22D1DFED2B7A2B4A60EE26
:108FE000277A904217EE903A33DB4CF2503CC3F3B1
:108FF000C75160451A46A1F1190116DDDFED247A4B
:10900000DFED246A002BB0EE677AB8BFF0EE667A27
:1090100027EE870A704730EE000A704770474CF21F
:10902000503C60454FEAD151E8DC0144FE29E5DCC3
:10903000002915DC11F1160F19DB193122F0FF425E
:1090400042EAC15207EE902A9FED130A27EE800AEA
:109050007047DFED127A07EE103A27EE270A7047C5
:1090600022F0FF4242EAC15300EE103A7047DFEDB2
:109070000B7ADFED0B6A002BB0EE677AB8BFF0EE2B
:10908000667A27EE870A70470000004CB03CFFFF6D
:10909000CAF24971CAF249F1000000336042A20DE0
:1090A0006042A28D08B52DED048BF0EE408AB0EE43
:1090B000609A00F0D1F8F0EE490AB0EE408AB0EEC6
:1090C000680A00F00BF8F0EE400AB0EE480ABDEC7A
:1090D000048BBDE8084000F005B800BFB0EE600AA0
:1090E000704700BF08B52DED048BF0EE408AB0EE5E
:1090F000609A00F01FF8B0EE408AFFF7EFFB20B156
:10910000B0EE480ABDEC048B08BDB0EE680AFFF76C
:10911000E5FB0028F4D0B0EE490AFFF7DFFB00289A
:10912000EED000F09BF822239FED018A0360E7E771
:109130000000807F10EE103A23F0004210EE903ACB
:1091400023F000439A4202DB194613460A46991A55
:10915000B1F1706F00EE103A06EE902A3FDCB3F1E9
:10916000B14F10B52EDC0024B2F11A5F0ADA42B317
:10917000B2F5000F60DADFED357A66EEA76A20EE11
:10918000270A7E3C30EE666AF4EEC66AF1EE10FA0B
:1091900028D56FF30B0307EE903A30EE277A30EEC6
:1091A000670A27EE000AA6EEA60AA7EEA70AFFF7AF
:1091B00091FB34B1E40504F17E5407EE904A20EEB1
:1091C000270A10BDB3F1FF4F29DA03F15E4302F124
:1091D0005E4200EE103A06EE902A4424C4E730EED8
:1091E000260A70471A4903F500030B4007EE903A30
:1091F000B0EE007AB0EE675A90EE075A02EA010329
:1092000007EE103A26EE850A76EEC75AA5EEA70AB3
:10921000A6EE060AA7EE270AFFF75CFBC9E714BF14
:1092200030EE260A9FED0B0ADFED0A7AB2F1FF4F0E
:1092300008BFB0EE670A10BD03F1085302F10852EF
:1092400000EE103A06EE902A443C9BE70000807E38
:1092500000F0FFFF0000807F704700BF014B1868DF
:10926000704700BF2800002070B50D4D0D4C641BE9
:10927000A4100026A64209D10B4D0C4C01F086FF2C
:10928000641BA4100026A64205D170BD55F8043B0E
:1092900098470136EEE755F8043B98470136F2E768
:1092A000D0040108D0040108D0040108D404010846
:1092B00002440346934200D1704703F8011BF9E7CB
:1092C0001FB514461A46094B1B680546D8684CB1B1
:1092D000074B0091CDE9013406492B4600F0B2F866
:1092E00000F0DEFD044B1C46F3E700BF2800002021
:1092F000580401086504010893040108002310B50F
:109300000446C0E90033C0E90433836081814366C9
:10931000C2818361194608225C30FFF7C9FF0D4BFB
:1093200063620D4BA3620D4BE3620D4B23630D4B48
:1093300024629C4206D003F16802944202D0D033EA
:109340009C4205D104F15800BDE8104000F0BCBAC1
:1093500010BD00BF699400088B940008C3940008F6
:10936000E7940008E4030020024A0349034800F0A0
:10937000E3B800BF78000020ED9C00082C0000201E
:1093800041680C4B994210B5044601D000F0AEFC88
:10939000A168094B994202D0204600F0A7FCE16881
:1093A000064B994204D02046BDE8104000F09EBC18
:1093B00010BD00BFE40300204C040020B4040020D2
:1093C00010B50B4B0B4C0C4A1A60204600220421AE
:1093D000FFF794FF04F1680001220921FFF78EFFD7
:1093E00004F1D0000222BDE810401221FFF786BF31
:1093F0001C050020E403002069930008014800F0E8
:1094000064BA00BF21050020014800F05FBA00BF28
:109410002105002010B50446FFF7F0FF236A1BB1B9
:10942000BDE81040FFF7F0BF044B2362044B1B68FC
:10943000002BF5D1FFF7C4FFF2E700BF81930008CE
:109440001C0500200EB403B5014603AB054853F8D4
:10945000042B0068019300F0C9F802B05DF804EB3A
:1094600003B070472800002010B50C46B1F90E106B
:1094700000F050F80028ABBF636DA3891B1823F4DC
:109480008053ACBF6365A38110BD2DE9F0411F4639
:109490008B89DB0505460C46164605D5B1F90E103D
:1094A0000223002200F024F8A389B4F90E1023F45B
:1094B0008053A38132463B462846BDE8F04100F088
:1094C00059B810B50C46B1F90E1000F011F8431C54
:1094D000A38915BF606523F4805343F48053A381AF
:1094E00018BFA38110BDB1F90E1000F0C9BC000077
:1094F00038B5074D04460846114600222A601A4630
:10950000FEF7E8FE431C02D12B6803B1236038BD8F
:109510002C05002038B5074D0446084611460022A8
:109520002A601A46FEF7E0FE431C02D12B6803B105
:10953000236038BD2C0500202DE9F84307468846F6
:1095400014460026D4E90195B9F1010905D524682E
:10955000002CF7D13046BDE8F883AB89012B07D941
:10956000B5F90E30013303D029463846C0470643CB
:109570006835E9E738B5074D04460846114600222C
:109580002A601A46FEF7B4FE431C02D12B6803B1D1
:10959000236038BD2C0500209368013B002B10B4DC
:1095A000936008DA9469A34201DB0A2903D15DF8CC
:1095B000044B00F0DDBC1368581C1060197008469D
:1095C0005DF8044B7047F8B506460F461446D518AB
:1095D000AC4201D1002007E014F8011B3A463046A6
:1095E000FFF7DAFF431CF3D1F8BD00002DE9F04F7F
:1095F0000D469DB014469846064618B1036A0BB94D
:10960000FFF708FF6B6ED90705D4AB899A0502D422
:10961000A86D00F05AF9AB891B0701D52B699BB9DE
:109620002946304600F0FAF870B16B6EDC0704D5BD
:109630004FF0FF301DB0BDE8F08FAB899805F7D42F
:10964000A86D00F043F9F3E70023099320238DF878
:109650002930CDF80C803023DFF8AC818DF82A302A
:109660004FF0010923469A4613F8012B0AB1252A27
:10967000F9D1BAEB040B0BD05B46224629463046A3
:10968000FFF7A1FF013000F0A780099A5A44099220
:109690009AF80030002B00F09F8000234FF0FF323B
:1096A000CDE905230AF1010A049307938DF853309D
:1096B0001A935446052214F8011B5348FDF7B0FDD8
:1096C000049AD8B9D10644BF20238DF8533013072C
:1096D00044BF2B238DF853309AF800302A2B15D035
:1096E000079A544600204FF00A0C214611F8013B1E
:1096F000303B092B4BD9B0B1079214E0A0EB080323
:1097000009FA03F313430493A246D2E7039B191DFE
:109710001B680391002BBBBF5B4242F00202079320
:109720000793B8BF049223782E2B0AD163782A2B93
:1097300032D1039B1A1D1B68039243EAE373023480
:109740000593DFF8D4A0217803225046FDF768FD89
:1097500038B1049BA0EB0A0040228240134301343D
:10976000049314F8011B29488DF828100622FDF7F0
:1097700057FD00283FD0264B1BBB039B073323F02C
:10978000070308330393099B3B4409936AE70CFBE7
:1097900002320C460120A8E7002301340593194644
:1097A0004FF00A0C204610F8012B303A092A03D951
:1097B000002BC6D00591C4E70CFB01210446012310
:1097C000F0E703AB00932A46124B04A93046AFF3EF
:1097D00000800746781CD6D16B6ED90705D4AB89BB
:1097E0009A0502D4A86D00F071F8AB895B063FF5CD
:1097F0001FAF09981EE703AB00932A46054B04A947
:10980000304600F0D1F8E4E7940401089E04010812
:1098100000000000C79500089A04010838B5294BDC
:10982000054618680C4618B1036A0BB9FFF7F2FD3C
:10983000B4F90C30190722D4DA0607D409222A60B9
:1098400043F04003A3814FF0FF3033E0580712D5B7
:10985000616B41B104F14403994202D0284600F003
:10986000C5FB00236363A38923F02403A3810023A2
:10987000636023692360A38943F00803A3812369FC
:109880004BB9A38903F42073B3F5007F03D02146BD
:10989000284600F01BFCB4F90C3013F001020AD08A
:1098A0000022A26062695242A261226942B913F0A9
:1098B0008000C5D138BD990758BF6269A260F4E73E
:1098C0000020F7E7280000207047704770472DE917
:1098D000F047164698468A680B69DDF82090934257
:1098E000B8BF1346336091F8432007460C460AB1CF
:1098F000013333602368990642BF33680233336013
:10990000256815F0060506D104F1190AE3683268E6
:109910009B1AAB4226DC94F843302268003B18BF08
:10992000012392062BD404F1430241463846C8472E
:1099300001301ED02368226903F00603042B02BF06
:10994000E5683368ED1AA3680CBF25EAE5750025C4
:109950009342C4BF9B1AED1800261A34B5421AD19F
:10996000002008E00123524641463846C8470130EE
:1099700003D14FF0FF30BDE8F0870135C6E7E118AD
:109980005A1C302081F84300224494F8451082F894
:1099900043100233C7E70123224641463846C847F1
:1099A0000130E6D00136D9E72DE9FF470F7E0C9E46
:1099B000782F914680460C469A4601F1430207D81B
:1099C000622F0AD8002F00F0D180582F00F0B88005
:1099D00004F1420684F842703AE0A7F16303152BC4
:1099E000F6D801A151F823F0419A0008559A0008D1
:1099F000D1990008D1990008D1990008D19900089F
:109A0000559A0008D1990008D1990008D199000809
:109A1000D1990008539B00087F9A00080D9B00080D
:109A2000D1990008D1990008759B0008D1990008C8
:109A30007F9A0008D1990008D1990008159B000869
:109A400033681A1D1B68326004F1420684F8423004
:109A500001239CE033682068191D3160060601D59A
:109A60001D6803E04506FBD5B3F90050002D03DA6D
:109A70002D236D4284F8433058480A2311E02168B1
:109A80003368080653F8045B02D4490648BFADB2F8
:109A90006F2F5248336014BF0A230823002184F833
:109AA00043106668A660002E05DB21682E4321F076
:109AB000040121604BD01646B5FBF3F103FB1157AF
:109AC000C75D06F8017D2F46BB420D46F4D9082B31
:109AD0000BD12368DF0708D5236961689942DEBF8F
:109AE000302306F8013C06F1FF36921B2261CDF8C7
:109AF00000A04B4603AA21464046FFF7E8FE01308E
:109B00004AD14FF0FF3004B0BDE8F087236843F03E
:109B1000200323603248782784F845702368316831
:109B20001F0651F8045B02D45F0648BFADB2316036
:109B3000D90744BF43F0200323601DB11023ADE7D4
:109B40002648E9E7236823F020032360F6E716465A
:109B5000BDE7336825686169181D30602E061B68F3
:109B600001D5196002E06806FBD519800023236146
:109B70001646BCE733681A1D32601E686268002111
:109B80003046FDF74DFB08B1801B606063682361C0
:109B9000002384F84330AAE7236932464946404609
:109BA000D0470130ADD023689B0713D4E068039BF6
:109BB0009842B8BF1846A6E70123324649464046B8
:109BC000D04701309DD00135E36803995B1AAB4261
:109BD000F2DCEBE7002504F11906F5E7A50401081E
:109BE000B6040108B1F90C202DE9F041160705462D
:109BF0000C4654D44B68002B02DC0B6C002B48DD68
:109C0000E66A002E45D0002312F480522F68216AA4
:109C10002B6030D0626DA389590705D56368D21ACD
:109C2000636B0BB1236CD21A0023E66A216A2846C3
:109C3000B047431CA38906D129681D292BD82A4A7D
:109C4000CA40D60727D500226260D9042269226063
:109C500004D5421C01D12B6803B96065616B2F608C
:109C6000B9B104F14403994202D0284600F0BEF98C
:109C7000002363630DE001232846B0470246501CD1
:109C8000C9D12B68002BC6D01D2B01D0162B1ED19D
:109C90002F60002022E043F040031BB21BE00F695D
:109CA000002FF6D093070E6808BF4B690F6018BFEE
:109CB0000023A6EB07088B60B8F1000FE9DD216AED
:109CC000A66A43463A462846B047002808DCB4F95D
:109CD0000C3043F04003A3814FF0FF30BDE8F0812A
:109CE0000744A8EB0008E7E70100402038B50B69FE
:109CF00005460C4613B90025284638BD18B1036A3D
:109D00000BB9FFF787FBB4F90C30002BF3D0626E70
:109D1000D00704D4990502D4A06DFFF7D6FD2846DC
:109D20002146FFF75FFF636EDA070546E4D4A38997
:109D30009B05E1D4A06DFFF7C9FDDDE770B50F4EBF
:109D40000C463168054611B900F002F93060214631
:109D5000284600F0FDF8431C03D14FF0FF342046A5
:109D600070BDC41C24F00304A042F8D0211A284678
:109D700000F0EEF80130F2D1EFE700BF240500203B
:109D80002DE9F843CD1C25F0030508350C2D38BF0F
:109D90000C25002D064601DBA94204D90C233360B3
:109DA0000020BDE8F883DFF8D48000F0B1F8D8F8DF
:109DB00000301C4644BB29463046FFF7BFFF431C1A
:109DC000044658D1D8F800402746002F43D1002C34
:109DD0004BD023683946304604EB030900F0B8F84D
:109DE000814542D121686D1A29463046FFF7A6FF0A
:109DF00001303AD023682B442360D8F800305A68E9
:109E000062BBC8F800700FE02268521B20D40B2AF6
:109E100017D96119A342256018BF5960636808BF4C
:109E2000C8F8001062514B60304600F077F804F13A
:109E30000B00231D20F00700C21A1CBF1B1AA350E1
:109E4000AFE76268A3420CBFC8F800205A60EBE796
:109E500023466468AEE73C467F68B6E71A465B680F
:109E6000A342FBD100235360DEE70C23336030466E
:109E700000F054F894E70560D6E700BF28050020FD
:109E800038B5064D0023044608462B60FEF71AFA43
:109E9000431C02D12B6803B1236038BD2C05002080
:109EA00008B5062000F02CF8012000F03BFA1F292D
:109EB00038B505460C4604D9162303604FF0FF3031
:109EC00038BDC26B12B152F821304BB9284600F0B0
:109ED0003DF8224601462846BDE8384000F024B847
:109EE000012B0AD0591C03D1162303600120E7E798
:109EF000002142F82410204698470020E0E70000A7
:109F0000024B01461868FFF7D2BF00BF28000020AF
:109F10000148FFF7DABC00BF200500200148FFF729
:109F2000D5BC00BF2005002038B5074D00230446EE
:109F3000084611462B60FEF7CFF9431C02D12B686F
:109F400003B1236038BD00BF2C050020FEF7BEB969
:109F500038B5064D0023044608462B60FEF7FEF98F
:109F6000431C02D12B6803B1236038BD2C050020AF
:109F7000F8B50E461446054618B1036A0BB9FFF74B
:109F800049FAA369A360A3891A0701D5236943B9D4
:109F900021462846FFF742FC18B14FF0FF373846FC
:109FA000F8BD23682269981A6369F6B2834237467E
:109FB00005DC21462846FFF799FE0028EDD1A3686D
:109FC000013BA36023685A1C22601E706269431C17
:109FD0009A4204D0A389DB07E1D50A2EDFD12146BE
:109FE0002846FFF783FE0028D9D0D6E738B50546C6
:109FF000002941D051F8043C0C1F002BB8BFE418D5
:10A00000FFF786FF1D4A136833B963601460284662
:10A01000BDE83840FFF782BFA34208D92068211865
:10A020008B4201BF19685B6809182160EDE71A4689
:10A030005B680BB1A342FAD911685018A0420BD14A
:10A0400020680144501883421160E0D118685B68B1
:10A05000536008441060DAE702D90C232B60D6E77E
:10A06000206821188B4204BF19685B68636004BFD5
:10A07000091821605460CAE738BD00BF28050020D8
:10A0800070B50C46B1F90E10002996B015461E4663
:10A090000DDAA38913F0800F4FF0000114BF4023A5
:10A0A0004FF48063002031602B6016B070BD6A46AB
:10A0B00000F062F80028ECDB019901F47041A1F591
:10A0C0000053594259414FF48063EBE78B89F7B550
:10A0D0009D0706460C4607D504F14703236023611C
:10A0E0000123636103B0F0BD01AB6A46FFF7C8FF0F
:10A0F000009F054639463046FFF742FE48B9B4F99D
:10A100000C309A05EED423F0030343F00203A3813D
:10A11000E2E7A389206043F08003A381019BC4E9A7
:10A1200004075BB1B4F90E10304600F045F828B1D1
:10A13000A38923F0030343F00103A381A3891D43F3
:10A14000A581CFE7884210B501EB020402D9844211
:10A15000234607D8431EA14208D011F8012B03F86B
:10A16000012FF8E7024401468A4200D110BD13F8DE
:10A17000014D02F8014DF7E738B5074D00230446BD
:10A18000084611462B60FEF797F8431C02D12B6856
:10A1900003B1236038BD00BF2C0500200A44914262
:10A1A00000F1FF3300D1704710B511F8014B03F8EF
:10A1B000014F9142F9D110BD38B5064D0023044638
:10A1C00008462B60FEF784F8431C02D12B6803B1CC
:10A1D000236038BD2C050020024B014618688268B8
:10A1E00000F06CB828000020024B01461868FFF709
:10A1F000C7BD00BF28000020024B01461868FFF7CA
:10A20000F5BE00BF280000202DE9F047089C8A46D3
:10A21000904602FB03F9064618B1036A0BB9FFF733
:10A22000F9F8636EDD0705D4A389980502D4A06D03
:10A23000FFF74BFBA389190716D52369A3B10025A6
:10A240004D451FD0A7681AF80510013F002FA760E1
:10A2500004DAA3699F420FDB0A290DD023685A1C38
:10A26000226019700135EBE721463046FFF7D6FA38
:10A270000028E4D0002505E022463046FFF778FEAE
:10A280000130EFD1636EDA0705D4A3899B0502D4B0
:10A29000A06DFFF71BFBB5FBF8F0BDE8F0870000F1
:10A2A00007B5009313460A46014603480068FFF7C6
:10A2B000ABFF03B05DF804FB2800002070B50D462D
:10A2C0001446064618B1036A0BB9FFF7A3F8636E8C
:10A2D000D80705D4A389990502D4A06DFFF7F5FA34
:10A2E000A368013B002BA36005DAA269934212DB4D
:10A2F000EBB20A2B0FD023685A1C22601D70EDB2FE
:10A30000636EDA0705D4A3899B0502D4A06DFFF71D
:10A31000DDFA284670BD294622463046FFF728FE62
:10A320000546EDE7FEE700BFB1F8C8305A1C92B20F
:10A33000C82AA1F8C820C85400D0704710B5002022
:10A340000C46FDF7D5FF0023A4F8C83010BD00BFB0
:10A3500010B50446FCF7B4FF214602460020FDF785
:10A36000C7FF034901220020FDF7C2FF002010BDF6
:10A37000A4FC00080FB430B5B5B038AC0E4954F8A1
:10A38000045BCA2201A8FFF709FF23462A460B48AF
:10A39000009401A900F06AFDBDF8CC2004462AB95A
:10A3A000204635B0BDE8304004B0704701A9002018
:10A3B000FDF79EFFF4E700BF10F0000829A3000896
:10A3C00000F044BD9A4238BF88547047704700BFC0
:10A3D0002DE9F04F83B00F4612990D9C9DF838502F
:10A3E000984611F0020306469446DDE9100A0093F0
:10A3F0002ED1BAF1000F40F0A280844228D2202C46
:10A4000001F0010E00F088810C9B621E1A444FF08F
:10A41000300B734602E0202C00F0E7800134A042AC
:10A4200002F801BFF7D89E4693B1544510D2202CB4
:10A4300000F0CF810C9B621E1A444FF0300E02E0F8
:10A44000202C00F024810134544502F801EFF7D1AB
:10A45000CB061FD54A0500F1A580002C40F09E8058
:10A460000F9B102B00F045810F9B022B00F04E81BB
:10A470000C9B30221A70012401F00302002D00F021
:10A48000CA800C9B2D21195501340AB954450ED3AD
:10A49000654626E001F00302202CEFD1002A40F0AF
:10A4A0008F80BAF1200F88BF202440F28980654652
:10A4B000A4EB0C0BE1462A464346013539462020E1
:10A4C000B04705EB0B035345F5D30AF1FF35621C8A
:10A4D0002D1B924538BF002509F10102CC461544D9
:10A4E000C4B10C9BCDF844A005EB040903EB090BA8
:10A4F0001C44CDF804C09A46ABEB040214F8010DDD
:10A5000043463946B047A2454D46F5D1DDF804C073
:10A51000DDF844A0009B73B1A5EB0C09D1450AD22C
:10A520002A4643463946202009F10109B047D14562
:10A5300005F10105F4D3284603B0BDE8F08F11F012
:10A54000010E73D0002D40F08B8011F00C0F40F005
:10A5500087808442BFF469AF202C7FF455AFBAF1F5
:10A56000200F40F23281CB0640F1BE804A0500F157
:10A570001981202816D11F200F9B102B00F0F2808C
:10A580000F9B022B1FD0441C01F0030227E0CB06D7
:10A590007FF57EAF4A054FF0200403D4A04262D07D
:10A5A000544560D00F9B01F00302102B104673D06E
:10A5B0000F9B022B0ED1202C08D100283FF471AF45
:10A5C000654620248DE7044601F003020C9B6220BF
:10A5D00018550134202C3FF461AF204601340C9B08
:10A5E0004FF0300E03F800E056E79E46002B00F0D7
:10A5F000CB80BAF1200FCAD9CB0675D54A0500F138
:10A60000D180202800F0DA80BAF1200F40F08D8050
:10A6100054461F20B0E74B0747D50C9B2B211955FB
:10A620000134002A3FF432AF65465AE78442BFF452
:10A630000FAF202C7FF4E8AECC067FF532AF4C058F
:10A640003FF52FAF202800F0B980BAF1200FDFD0FE
:10A650000F9B102B3FF425AF0F9B022B19D120E746
:10A660000AF1FF3A75E7601E86D10F9B102B6BD065
:10A670000F9B022B7FF4FCAE0C9B0F9C62221A7086
:10A6800030225A7001F00302002DC4D0F9E6CC0646
:10A6900080D401F0030201E78B0611D4202C8CD06A
:10A6A0000C9B78201855013494E70D0713D48ABB0E
:10A6B0005445FFF4FCAE002C7FF4EAAE65463AE761
:10A6C000202C3FF47AAF0C9B18194FF0580E013430
:10A6D00080F800E07EE70C9B202119550134002A08
:10A6E0003FF4D4AE6546FCE68D073FF4E0AE654628
:10A6F000F7E688060CD558220C9B1A7030225A7047
:10A70000022401F00302002D85D0BAE66222F3E7AD
:10A710007822F1E76546E3E6BEF1000F50D0CB06A4
:10A720007FF5B6AE4B057FF524AF0F9B01F003001C
:10A73000102B02463FF441AF0F9B022B7FF4AEAECD
:10A7400000287FF43DAFACE68A0625D50C9B582245
:10A750001A7030225A70022401F00302002D3FF4D7
:10A760005AAF8EE68B06A4F1020206D40C9B782029
:10A770009854013C01F003022FE70C9B5820985499
:10A78000013C01F0030228E7CA0682D54A05CCD471
:10A79000202813D0202403E70C9B78221A70302243
:10A7A0005A70D8E70F9B102B01F003003FF405AF60
:10A7B0000F9B022B3FF401AF02466FE60446DAE638
:10A7C000CB063FF53CAF65468BE6CA06DED4654650
:10A7D00087E6CC063FF512AF5BE700BF2DE9F04FEF
:10A7E00093B01C9C9DF874B01E9DDDF884E02CB9DC
:10A7F0002EF010061EF4806FB64635D11EF0200FE5
:10A8000014BF4FF041094FF061090AAFA9F10A09DD
:10A81000B8460026099002E0202E15D05446B4FB1D
:10A82000F5FA05FB1A4C5FFA8CF0BCF1090F00F148
:10A83000300C8ABF48445FFA8CF0C0B2AC4208F8D2
:10A84000010B06F10106E7D20998209C05941F9C94
:10A85000CDF818E0CDE90354CDE9016B0097FFF77F
:10A86000B7FD13B0BDE8F08F26460AAFEDE700BF95
:10A870002DE9F04F97B0DDE92478209E219C0993C3
:10A8800056EA04039DF888C0DDF8A0B08E4605D1D5
:10A890002BF010031BF4806F9B4645D11BF0200F5B
:10A8A0000EAB14BF4FF0410A4FF0610ACDF8A0B0D3
:10A8B000CDE90A0ECDE90C2CAAF10A0A9946002529
:10A8C0009B4603E0202D17D006460C4621463A460B
:10A8D00043463046FCF7FCFCD2B2092A02F13003B1
:10A8E0008ABF5244DAB2D2B2BE4274EB080409F80D
:10A8F000012B05F10105E5D2DDE90A0EDDE90C2C9D
:10A900005B46DDF8A0B02799059126990093CDE923
:10A910000371CDE9015C099BCDF818B07146FFF7D2
:10A9200057FD17B0BDE8F08F00250EABEBE700BF79
:10A9300010B1D1E900311847704700BF2DE9F04F41
:10A940001C46B1F1000A8D4B8FB018BF81462078AC
:10A95000DDF860B0904608BF9946002800F0D3812A
:10A96000002507E02A46434651460135C84720786E
:10A9700000285ED0252804F10104F3D100232246EB
:10A9800012F8010BA0F1200110290AD8DFE801F02C
:10A9900034090930090909090909092C0928090993
:10A9A0002400A0F13001092951D92A2800F094800F
:10A9B00000262E285CD00021A0F16807122F23D892
:10A9C000DFE807F0A2229D229522222222222222C3
:10A9D0001E22222222221E0043F001031446CEE74B
:10A9E00043F002031446CAE743F004031446C6E7E3
:10A9F00043F010031446C2E743F008031446BEE7D1
:10AA0000607843F4807301327828144609D86328AB
:10AA10003DD8622800F0B88163287DD0252840F019
:10AA20003D812A4643465146C847207801350028D3
:10AA3000A0D12C46A84501D808F1FF3543462A4647
:10AA400051460020C84720460FB0BDE8F08F0026D1
:10AA500006EB860600EB46061078A0F130010929C6
:10AA60001446A6F1300602F10102F1D92E28A2D136
:10AA70006078A0F13001092943F48063174640F261
:10AA8000EF802A2800F002811446013293E7A0F1FA
:10AA9000640E01225FFA8EFE02FA0EFE384A1EEAAA
:10AAA000020E40F0AD80732854D07028B9D143F025
:10AAB000210305930823049310230391CDF804E0A8
:10AAC00002935BF8043B00932A46434651464846AE
:10AAD000FFF784FE05464AE75BF8046B6078002EBA
:10AAE0001446BCBF43F002037642013261E760784E
:10AAF0006C2886D1A07843F44073E21C84E7607828
:10AB000043F4007301327FE76078682800F0F68034
:10AB100043F08003013277E70BF1040298070A92B1
:10AB200005F1010740F111812A469BF800004346D8
:10AB30005146C847012E88BFAD1940F249813A46B7
:10AB40004346013751462020C847BD42F7D1DDF8C2
:10AB500028B00CE75A4652F804CB0A929CF800B091
:10AB60005846002940F08C80BBF1000F13D06FF0E5
:10AB7000010E0EF1010EE644624606E0CDA3000888
:10AB800021081200964500F0B38012F8017F002FD3
:10AB9000F8D1A2EB0C0E13F4806702D08E4528BFCB
:10ABA0008E4613F002030B9300F0B080BBF1000F50
:10ABB00017D0CDE90CE6E3462A460E4643465146F9
:10ABC0001FB106F1FF3C3EB16646C8471BF8010FB6
:10ABD00001352A460028F1D10B9BDDE90CE6002B5C
:10ABE000B5D076452F46B2D93544A5EB0E053A4689
:10ABF0004346013751462020C847BD42F7D1A6E75A
:10AC00006F2800F0BF806DD8692823F0100240F053
:10AC100017815F0548BF23F01102900500F1DD8028
:10AC2000D3050BF1040700F1D580500640F1F68002
:10AC30009BF900300391002B4FF00A0102914FEA7B
:10AC4000D371B8BF5B42CDE9046201912A460093FB
:10AC5000434651464846FFF7C1FDBB46054686E6DA
:10AC6000002101EB810100EB4100A0F1300117F858
:10AC7000010FA0F13002092AF3D93C467A1C9BE669
:10AC8000BBF1000F87D001F1FF3E72E75BF8041BB8
:10AC9000A078023421EAE171621C8DE658287FF425
:10ACA000C0AE43F020031022580524D423F00C0337
:10ACB00013F400706AD113F4807F0BF1040740F0A5
:10ACC000B28058067BD418064CBFBBF80000DBF8F6
:10ACD00000000090CDE904630023CDE90221019337
:10ACE0002A46B5E7782868D023F010030A22DBE76C
:10ACF000AEEB0C0E4FE723F00D03D9E7A07843F03D
:10AD0000C003E21C80E60446054693E6764540F221
:10AD1000948006EB050BCDE90C7CABEB0E0B0F46DC
:10AD20002A464346013551462020C8475D45F7D1A4
:10AD3000DDF834C039469CF800B00C9F06F1010ED6
:10AD4000584600287FF435AF01E7012E3AD96B1E33
:10AD50003344CDF82CB02F469B463A464346013744
:10AD600051462020C847BB45F7D15B46DDF82CB0E3
:10AD70001A469BF8000043465146C8473544DDF863
:10AD800028B0F4E508228FE702228DE7CDE90763BA
:10AD90000BF1070B002306910492059302932BF00D
:10ADA000070BFBE802672A46CDE900674346514698
:10ADB0004846FFF75DFD0546D9E5102274E79BF88C
:10ADC000000086E79BF800002A4643465146C847E4
:10ADD0003D46BCE6DBF800302CE70BF1070B2BF00F
:10ADE000070BDBF804305BF8080B0691D90FCDE9AF
:10ADF00007620291024600210A20002BCDE90401DE
:10AE000002DA524263EB4303CDE9002351462A465E
:10AE100043464846FFF72CFD0546A8E51306D9D55D
:10AE2000BBF9003006E7CDE90221CDE904630190CA
:10AE3000DBF8003000932A460AE70EF1010E7FE7A7
:10AE400064283FF4E6AE13460A222DE700B583B02E
:10AE500084460093044813460A466146FFF76EFD98
:10AE600003B05DF804FB00BFC5A3000810B584B0B3
:10AE70000446CDE90241009302A9134603484FF06E
:10AE8000FF32FFF75BFD04B010BD00BF31A9000821
:10AE9000D0B5FCF7C5FC0C4B002206460F46FCF76C
:10AEA0002FFAFCF715FD0446FCF798FC074B00222F
:10AEB000FCF726FA02460B4630463946FCF750FBB3
:10AEC000FCF706FD2146D0BD0000F03D0000F0413A
:10AED0002DE9F047089D0E4604460F46002B4AD147
:10AEE00094468C45B2FA82F260D942B1C2F1200395
:10AEF000974020FA03F30CFA02FC1F4394404FEAF8
:10AF00001C4E1FFA8CF6B7FBFEF1230C0EFB1177DB
:10AF100043EA074301FB06F098420AD91CEB0303FE
:10AF200001F1FF3780F01581984240F21281023919
:10AF300063441B1AA4B2B3FBFEF00EFB103344EAC9
:10AF4000034400FB06F6A6420AD91CEB040400F1F8
:10AF5000FF3380F00081A64240F2FD806444023855
:10AF600040EA0140A41B00211DB1D4400023C5E9E3
:10AF70000043BDE8F0878B4205D90DB1C5E900015A
:10AF800000210846F5E7B3FA83F1002946D1B34220
:10AF900002D3824200F2F580841A66EB030201209C
:10AFA0001746002DE5D0C5E90047E2E7002A40F04A
:10AFB0009380A1EB0C034FEA1C471FFA8CFE012182
:10AFC000B3FBF7F607FB1630230C43EA00430EFBF6
:10AFD00006F0984208D91CEB030306F1FF3802D2B1
:10AFE000984200F2D08046461B1AA4B2B3FBF7F099
:10AFF00007FB103344EA03440EFB00FEA64508D9C4
:10B000001CEB040400F1FF3302D2A64500F2B68027
:10B010001846A4EB0E0440EA0640A5E7C1F120075C
:10B020008B4022FA07FC4CEA030C06FA01FE20FAD8
:10B0300007F426FA07F344EA0E0400FA01F84FEA8F
:10B040001C404FEA1449B3FBF0FE1FFA8CF600FBDC
:10B050001E3349EA03430EFB06F9994502FA01F251
:10B060000BD91CEB03030EF1FF3A80F08580994564
:10B0700040F28280AEF1020E6344A3EB0909A4B250
:10B08000B9FBF0F300FB139944EA094403FB06F60D
:10B09000A64208D91CEB040403F1FF3068D2A64293
:10B0A00066D9023B644443EA0E40A41BA0FB02E6BF
:10B0B000B4427346B14652D34FD05DB1B8EB0302F0
:10B0C00064EB090404FA07F722FA01F31F43CC40AA
:10B0D000C5E9007400214CE7C2F1200120FA01F318
:10B0E0000CFA02FC26FA01F1964033434FEA1C4762
:10B0F0001FFA8CFEB1FBF7F007FB1016190C41EAA2
:10B10000064100FB0EF68E4204FA02F408D91CEB4D
:10B11000010100F1FF382DD28E422BD90238614453
:10B12000891B9BB2B1FBF7F607FB161143EA0143FB
:10B1300006FB0EF1994208D91CEB030306F1FF3818
:10B1400014D2994212D9023E63445B1A46EA004186
:10B1500036E73946EDE6184602E7F045ADD2BEEBDC
:10B16000020366EB0C060138B146A6E74646ECE75B
:10B17000034698E74046D3E7D6467EE76444023864
:10B1800047E708460DE7023E63442DE7F8B500BFE8
:10B19000F8BC08BC9E467047F8B500BFF8BC08BCB8
:08B1A0009E467047000000000C
:10B1A800A0860100400D0300801A060000350C003F
:10B1B80040420F0080841E0000093D0000127A0002
:10B1C8000024F40000366E010048E801006CDC023F
:10B1D80000000000010203041C0001080200000036
:10B1E80028000108040000003800010808000000D9
:10B1F8004800010810000000580001082000000065
:10B208006800010840000000780001088000000084
:10B21800D4FF00080000010000000000000000004A
:10B228004D000100E5110008000000001C000100AD
:10B2380055100008000000002C0008009D100008B0
:10B248000000000060000100D510000800000000A8
:10B258007D000800091100080000000062001000CD
:10B2680041110008E4FF0008170101000000000078
:10B278000000000018011000A911000800000108D2
:10B28800370001000000000000000000000000007E
:10B29800293C0000163B0000D7630000325F000025
:10B2A800738800005D7D00004AAC0000A69700008E
:10B2B800A4D000000FAF00004CF70000A3C40000AA
:10B2C80070FB0000F3E80000F6D20000C0BB0000ED
:10B2D800DCA40000E58E0000338200007D7B7C7AD0
:10B2E800E7E61BE895B9AAAB010203040506004985
:10B2F80048303231332F4B4A9EA09F898A8B8CED80
:10B30800E907ACB191C696CA9ABEC2BACED2D6E205
:10B31800DADE7640447F64B5600D218D3C37A66C3B
:10B328002768582B705C144C5054EEEA08ADB29262
:10B33800C797CB9BBFC3BBCFD3D7E3DBDF774145F1
:10B348008065B6610E228E3D38A76D2869592C712B
:10B358005D154D5155EFEB09AEB393C898CC9CC021
:10B36800C4BCD0D4D8E4DCE07842468166B7620F2A
:10B37800238F3E39A86E296A5A2D725E164E525690
:10B38800F0EC0AAFB494C999CD9DC1C5BDD1D5D94A
:10B39800E5DDE17943478267B8631024903F3AA915
:10B3A8006F2A6B5B2E735F174F5357888586261F4E
:10B3B80083843BA1A213181A190C0B3487110000BF
:10B3C80000000300C8C4000800000100C4C400084D
:10B3D80003000100C0C4000801000100BCC400084B
:10B3E80003000100B8C4000800000100B4C400084C
:10B3F80000000100B0C4000800000100ACC400084F
:10B4080000000100A8C4000800000100A4C400084E
:10B4180000000100A0C40008010C01009CC4000841
:10B42800FF03010098C40008BD00010094C400088F
:10B43800BD00010090C40008BD0001008CC40008D4
:10B44800BD00010088C400080000010084C4000891
:10B458000100010080C400080100200000C40008A9
:10B4680000000100FCC3000800000100F8C3000848
:10B4780000000100F4C3000800000100F0C3000848
:10B4880050000200E8C30008C05D0100E4C30008E2
:10B4980040010100E0C3000815000100DCC30008FA
:10B4A80000000100D8C3000800000100D4C3000850
:10B4B80000000100D0C3000801000200C8C3000852
:10B4C80001000300BCC300085D000100B8C3000808
:10B4D8005D000100B4C300085D000100B0C30008AE
:10B4E8005D000100ACC3000801000100A8C300080A
:10B4F80000000100A4C3000800000100A0C3000868
:10B50800000001009CC300080000010098C3000867
:10B518000000010094C300080000010090C3000867
:10B52800000001008CC300080000010088C3000867
:10B538000000010084C300080000030078C300086D
:10B548000000040068C300080000010064C300088C
:10B558000000010060C300080000030054C3000895
:10B568000000010050C300080200020048C30008A0
:10B578000000020040C30008000001003CC30008AE
:10B588000000010038C300080000010034C30008AF
:10B598000000010030C30008000005001CC30008BB
:10B5A8000000010018C300080000010014C30008CF
:10B5B8000000010010C30008000001000CC30008CF
:10B5C80001000500F8C2000801000500E4C20008F7
:10B5D80001000500D0C2000801000500BCC2000837
:10B5E80000000100B8C2000800000100B4C2000851
:10B5F80000000100B0C2000800000100ACC2000851
:10B608000000090088C2000800000A0060C20008A3
:10B61800000005004CC200080000050038C2000800
:10B628000000010034C200080000010030C2000818
:10B63800000001002CC200080000010028C2000818
:10B648000000010024C200080000010020C2000818
:10B65800000001001CC200080000010018C2000818
:10B668000000010014C200080000010010C2000818
:10B67800000001000CC200080000010008C2000818
:10B688000000010004C200080000010000C2000818
:10B6980000000100FCC1000800000100F8C100081A
:10B6A80000000100F4C1000800000100F0C100081A
:10B6B80000000100ECC1000800000100E8C100081A
:10B6C80001000500D4C1000801000500C0C1000840
:10B6D80001000500ACC100080100050098C1000880
:10B6E8000100010094C100080100010090C1000898
:10B6F800010001008CC100080100010088C1000898
:10B708001700010084C100081700010080C100086B
:10B71800170001007CC100081700010078C100086B
:10B728000700010074C100080700010070C100088B
:10B73800070001006CC100080700010068C100088B
:10B748000100010064C100080100010060C1000897
:10B75800010001005CC100080100010058C1000897
:10B768000000010054C100080100010050C1000898
:10B77800000001004CC100080000010048C1000899
:10B788000000010044C100080000010040C1000899
:10B798003F0001003CC100080400010038C1000856
:10B7A8000000010034C100080100010030C1000898
:10B7B800000001002CC100080300010028C1000896
:10B7C8000300010024C100080300010020C1000893
:10B7D800030001001CC100089D00010018C10008F9
:10B7E8004D00010014C100080100050000C1000857
:10B7F8001F000100FCC0000800000100F8C000089C
:10B8080001000200F0C0000800000500DCC00008CC
:10B8180000000300D0C0000800000300C4C00008F6
:10B8280000000300B8C0000800000100B4C0000810
:10B8380000000100B0C0000800000100ACC0000812
:10B8480000000100A8C0000800000100A4C0000812
:10B8580000000100A0C00008000001009CC0000812
:10B868000000010098C000080000020090C0000815
:10B87800000001008CC000080000010088C000081A
:10B888000000010084C000080000010080C000081A
:10B89800000001007CC000080000010078C000081A
:10B8A8000000010074C000080000010070C000081A
:10B8B800000005005CC000080000010058C0000836
:10B8C8000000010054C000080000010050C000083A
:10B8D800000001004CC000080000010048C000083A
:10B8E8000000010044C000080000010040C000083A
:10B8F800000001003CC000080000010038C000083A
:10B908000000010034C000080000010030C0000839
:10B91800050001002CC000084500010028C00008EF
:10B928000000020020C000080000020018C0000843
:10B938000000020010C000080000020008C0000853
:10B948000A00010004C000080000010000C000084F
:10B9580000000100FCBF000800000100F8BF00085B
:10B9680000000100F4BF000801000500E0BF000866
:10B9780001000500CCBF000801000500B8BF0008A1
:10B9880001000500A4BF0008000002009CBF0008D9
:10B998000000010098BF00080000010094BF0008E3
:10B9A8000000010090BF0008000001008CBF0008E3
:10B9B8000000010088BF00080000010084BF0008E3
:10B9C8000000010080BF0008000001007CBF0008E3
:10B9D8000000010078BF00080000010074BF0008E3
:10B9E8000000010070BF0008000001006CBF0008E3
:10B9F8000000010068BF00080000010064BF0008E3
:10BA08000000010060BF0008000001005CBF0008E2
:10BA18000000010058BF00080000010054BF0008E2
:10BA28000000010050BF0008000001004CBF0008E2
:10BA38000000010048BF00080000010044BF0008E2
:10BA48000000010040BF0008000001003CBF0008E2
:10BA58000000010038BF00080000010034BF0008E2
:10BA68000000010030BF0008000001002CBF0008E2
:10BA78000000010028BF00080000010024BF0008E2
:10BA88000000010020BF0008000001001CBF0008E2
:10BA98000000010018BF00080000010014BF0008E2
:10BAA8000000010010BF0008000001000CBF0008E2
:10BAB8000000010008BF00080000010004BF0008E2
:10BAC8000000010000BF000800000100FCBE0008E3
:10BAD80000000100F8BE000800000100F4BE0008E4
:10BAE80000000100F0BE000800000100ECBE0008E4
:10BAF80000000100E8BE000808000100E4BE0008DC
:10BB080020000100E0BE000800000100DCBE0008C3
:10BB180000000100D8BE000800000100D4BE0008E3
:10BB280000000100D0BE000800000100CCBE0008E3
:10BB380000000100C8BE000800000100C4BE0008E3
:10BB480000000100C0BE000800000100BCBE0008E3
:10BB580000000200B0C5000800000100ACC50008E4
:10BB680003000100A8C5000801000100A4C50008E1
:10BB780003000100A0C50008000001009CC50008E2
:10BB88000000010098C500080000010094C50008E5
:10BB98000000010090C500080000040080C50008EE
:10BBA800000001007CC500080400010078C50008F9
:10BBB8000400010074C500080C0302006CC50008ED
:10BBC800C05D010068C500084001080048C50008BC
:10BBD8001500010044C500080000010040C5000828
:10BBE800000001003CC500080000010038C500083D
:10BBF800010003002CC500080200020024C500084B
:10BC0800000002001CC500080000010018C500085B
:10BC18000100010014C500083F00010010C500081C
:10BC2800040001000CC500080000010008C5000858
:10BC38000100010004C500080000010000C500085B
:10BC480000000100FCC4000800000100F8C400085E
:10BC580000000100F4C4000805000100F0C4000859
:10BC680045000100ECC400080A000100E8C400080F
:10BC780000000100E4C4000808000100E0C4000856
:10BC880020000200D8C4000800000100D4C4000845
:10BC980000BE87BD8EBD14BD19BDA0BC27BCAEBB00
:10BCA800ADAD33ACB8AABEA8CBADD2AB58A95FA78F
:10BCB800DC9FE19B67986C947390F58AF8857A808D
:10BCC800F9C379C779CBF8CE75D1F4D472D871DBC2
:10BCD800F8E0F7E4F5E8F2EC56E952EC4EEFC9F17A
:10BCE80039F0B3F22DF527F71DF515F68CF784F822
:10BCF800837A897A0F7A147A9A7720772776AD75BE
:10BD08002E6EB46CB96B3F6A4F71D56E5C6CE2698C
:10BD1800DC5F615CE558EA54DE4DDF49614662420A
:10BD2800F7017705F608F60BF50E7412F21571197E
:10BD380051164F19CC1BCA1E5C28D72B532F4E32D5
:10BD4800392C342F2E32A93423399A3A923B093DA3
:10BD5800093D093D093D093D093D093D093D093DAB
:10BD6800093D093D093D093D093D093D093D093D9B
:10BD7800093D093D093D093D093D093D093D093D8B
:10BD8800093D093D093D093D093D093D093D093D7B
:10BD9800060401001F1915120F0D0C0B0040264454
:10BDA8009A994742000000000000804085EB51400E
:10BDB80000000000613132312D76312E31302E30C5
:10BDC800000000000000000000000000000000006B
:10BDD800000000000000000000000000000000005B
:10BDE800000000000000000000000000000000004B
:10BDF800000000000000000000000000000000003B
:10BE0800000000000000000000000000FFFF00002C
:10BE1800E9A10008F9A1000800000000F12F0008BE
:10BE28003D02000850000000A000010008001001B9
:10BE3800000000010300000050000000A000010005
:10BE4800080010010000000103000000500000007D
:10BE5800A00001000800100100000001030000001C
:10BE680050000000A00001000800100100000001BF
:10BE780003000000000000000000000001000000B6
:10BE88000100010002000100A00000006163635F7F
:10BE98006765745F69715F706F696E745F766563FB
:10BEA800746F72000000000000000000010203042B
:10BEB8000607080932033000F702B000C202B000DA
:10BEC8008D02B0005802B000F8029000C302900042
:10BED8008E02900059029000E400D000F400900017
:10BEE800F700D1000703B000D202B0009D02B000F5
:10BEF8006802B00005033100D00231009B02310016
:10BF08006602310005033000D00230009B02300089
:10BF1800660230000603B000D102B0009C02B000F7
:10BF28006702B00001033100CC02310097023100F2
:10BF3800620231000403B200CF02B2009A02B200DA
:10BF48006502B20013031002DE021002A9021002F9
:10BF5800740210020B031002D6021002A102100292
:10BF68006C0210020303B000CE02B0009902B000C8
:10BF78006402B0000203B000CD02B0009802B00025
:10BF88006302B00002033500CD0235009802350087
:10BF9800630235003A01B0004601B00019022500DD
:10BFA800380225003C0225004302250047022500EF
:10BFB800D7012500F6012500FA0125000102250018
:10BFC8000502250095012500B4012500B8012500CA
:10BFD800BF012500C301250053012500720125007A
:10BFE800760125007D01250081012500FB029000D6
:10BFF800C6029000910290005C0290004703040280
:10C00800FE02081028030810C9020810F3020810DD
:10C0180094020810BE0208105F0208108902081076
:10C02800DE00F700DE00F0002402F000E201F0007C
:10C03800A001F0005E01F000F3003000F30077008B
:10C04800F300D1007100072072000402A100100261
:10C05800A200100220000810270008103100081064
:10C068006F000810750007201B031002E60210027B
:10C07800B10210027C02100217031002E202100241
:10C08800AD02100278021002C100B0003901B00000
:10C09800FA029000C5029000900290005B029000A6
:10C0A800FC02B001C702B0019202B0015D02B0010A
:10C0B8009100081092000810930008108E000810D4
:10C0C8008F000810900008108B0008108C000810D2
:10C0D8008D00081035000810880008108900081025
:10C0E8008A000810960008108400081094000810B0
:10C0F800380008104001B000490125004901260018
:10C10800490127004901280049012900B803B00165
:10C11800B903B0014202040200020402BE01040293
:10C128007C01040236015100F2003000F200770071
:10C13800F200D100F500D0000F031002DA0210025D
:10C14800A5021002700210023203310032033200DD
:10C1580025020720E3010720A10107205F0107202E
:10C1680026020402E4010402A2010402600104029E
:10C1780028020402E6010402A40104026201040286
:10C1880041020720FF010720BD0107207B0107208E
:10C1980019022B0038022B003C022B0043022B0013
:10C1A80047022B00D7012B00F6012B00FA012B00C8
:10C1B80001022B0005022B0095012B00B4012B0076
:10C1C800B8012B00BF012B00C3012B0053012B002A
:10C1D80072012B0076012B007D012B0081012B00C1
:10C1E8002F020720ED010720AB0107206901072076
:10C1F80031020402EF010402AD0104026B010402E2
:10C208005302A4001102A400CF01A4008D01A400D0
:10C218005202A4001002A400CE01A4008C01A400C4
:10C228005102A4000F02A400CD01A4008B01A400B8
:10C23800250007202F000710730008107C00081045
:10C248007E0008101F000720260007103000071086
:10C25800740008107B00081028000720320007101F
:10C268003900081041000710460005104B0008204F
:10C278004C0008204F0008105400082055000820E2
:10C288002100072029000710330007103A00081082
:10C2980040000710470005104A0008205000081009
:10C2A80053000810F6029000C10290008C02900022
:10C2B8005702900019023701380237013C02370152
:10C2C8004302370147023701D7013701F601370129
:10C2D800FA013701010237010502370195013701DB
:10C2E800B4013701B8013701BF013701C301370174
:10C2F8005301370172013701760137017D0137019A
:10C30800810137011502B001D301B0019101B001DB
:10C318004F01B0012E0007106B0007107F000820A6
:10C3280080000810820007201402F000D201F000FB
:10C338009001F0004E01F0002B0330002F03300075
:10C348002B0354002F035400360007103F00081039
:10C3580086000820AF000810590010025A00100289
:10C36800220008102A000810340008103E000810A7
:10C378001B00051067000810680008201F0207202E
:10C38800DD0107209B010720590107202002040234
:10C39800DE0104029C0104025A010402480104025D
:10C3A800110107202003B001EB02B001B602B00171
:10C3B8008102B001060024000D00240014002400AE
:10C3C8006A0008204A01260033015700330155004E
:10C3D800330153003501B00016010402FB000402CA
:10C3E800000104020B0104022B020402E901040209
:10C3F800A7010402650104027501062078013100D5
:10C40800780132007901062080010620830132007C
:10C41800840106208A010620B7010620BA013100EE
:10C42800BA013200BB010620C2010620C501320054
:10C43800C6010620CC010620F9010620FC013100C6
:10C44800FC013200FD01062004020620070232002A
:10C45800080206200E0206203B0206203E0231009A
:10C468003E0232003F020620460206204902320000
:10C478004A0206205002062028010810C500D000F4
:10C488002103B001EC02B001B702B0018202B00191
:10C498009C0090019D009001F902D000C402D000D8
:10C4A8008F02D0005A02D000DF005A00DF003900A6
:10C4B800DF005600DF003500DF005200DF003100EA
:10C4C800B6003200BD003200BF0032005C0130000F
:10C4D8003700D000C802D000B4009000B700D100E7
:10C4E800FA000402E200F700E200F000B3003000B6
:10C4F800B3007700B300D100D6005100B20030007D
:10C50800B2007700B200D100B500D0005C01310064
:10C518005C013200290030002D0030002900540051
:10C528002D005400060024000D00240014002400EF
:10C53800D3005700D3005500D3005300D500B000F6
:10C54800AC0004021B030402F5040402FA0404020A
:10C558000105040206050402210504025805040227
:10C56800180504026C010402220304023204B0001C
:10C578007204B000CF040402C9043701CC043701A7
:10C58800D0043701D30437016105B0006305D0003A
:10C59800E3005A00E3003900E3005600E3003500E9
:10C5A800E3005200E300310059003200600032001D
:10C5B80030BFC36335030100E501080035030800F7
:10C5C800850301008503000014000000A84700004F
:10C5D80035030100E5011000350310008503010053
:10C5E8008503000014000000A8470000350301007F
:10C5F800E5012000350320008503010085030000C4
:10C6080014000000D832000000000000B84B000001
:10C618002508000035080100450801004008000011
:10C6280088090000A506A00B000000001702000002
:10C63800F00900003702000070050000A80F000094
:10C64800000000008702000080020000F0090000DE
:10C65800B7020000B002000070050000981000004A
:10C66800084600000000000020030000200300002E
:10C6780020030000F00900005003000050030000F0
:10C6880070050000A0060000E0030000C84C000090
:10C69800100C0000404A0000204C00004804000034
:10C6A8005835000078360000500A0000500A000093
:10C6B800E001000040020000D70200001400000062
:10C6C800050800008506C0098006400A8006200982
:10C6D8000900000018370000A80F0000981000009B
:10C6E800084600000900000018370000404A000012
:10C6F800204C00000900000018370000204C000002
:10C70800981000000846000009000000F8490000E1
:10C718008848000055050000650500004505010032
:10C7280009000000E5010800A506000085150400C1
:10C7380035030300E501080035030800C506A46EAB
:10C74800B83700008503010085030000A038000009
:10C758002838000009000000D0130000E00600009F
:10C76800880800001707000068250000F00900008D
:10C77800680900002708000002000000404A000085
:10C78800204C0000B707000035070300D84E000012
:10C798000A00000035070200F8090000A00F000099
:10C7A800901000000000000000460000880800000B
:10C7B80060090000430000005708000078280000C6
:10C7C800D81300000000000018480000090000000D
:10C7D80060250000E014000070280000B028000068
:10C7E80000190000C02B0000002C0000201D0000D4
:10C7F800102F0000502F0000402100006032000080
:10C80800D813000009000000E0140000090000002F
:10C81800F5010100060000088515020085150100D4
:10C828009515FF03A515010C09000000A849000093
:10C838001848000025050000350500001505010011
:10C8480009000000D50701002506646B3507890D2E
:10C858004507890D85061400D84E00002A000000FF
:10C868002506000085060000450700001048000066
:10C878000900000045000000E5018600350084003D
:10C888004201000043000000B50C0B0082CE0100FD
:10C89800430000006833000028390000450001000B
:10C8A80009000000B50C000009000000B50C0000EC
:10C8B80009000000A50B0000F50B0000050C120094
:10C8C800150C0000E50B0000950B0500483B000027
:10C8D8000620220038420000B5020400750200005C
:10C8E80065024000E5010101B5020101A84100000F
:10C8F80065020000783F0000A8420000D83B000015
:10C90800017C0007F2030000017C010006004000E2
:10C918004300000001000005283C00000900000059
:10C92800D5080A00E5081A00450285225502FD01CE
:10C9380009000000A5010000D5000000E500000086
:10C94800F500200005010000150100002501000088
:10C958003501000085010000450100005501000077
:10C9680065010000750100009501000095000100B7
:10C978007500FF3709000000350A0900550A000054
:10C98800C50A0800650A3F08250A6000950A0100E3
:10C99800250A7F0009000000D83C000002DC0500E1
:10C9A80043000000D5000000E5000000750003000A
:10C9B8000205000043000000850003002500000078
:10C9C800180B000025000100E501020075000000B9
:10C9D80009000000583A0000180E00000205000087
:10C9E800430000008500FF37D50A4F007500FF3F60
:10C9F8008500FF3F50110000050A6B01050A080178
:10CA0800050AB502E50C010002140000430000000D
:10CA1800280F0000450301004503020038130000F9
:10CA2800483B0000184500005845000078440000C5
:10CA3800A845000025000000E501000535000005B7
:10CA4800E501020015000000020F0000430000008D
:10CA580018430000883A0000E50101003500010094
:10CA68006201000043000000C80D0000784E00007D
:10CA7800250901009500FF4009000000050D01008F
:10CA8800250D0100150D1500A50A0100450D8700AB
:10CA980009000000A50B0000F50A000025022E0081
:10CAA80009000000083B000078440000E5011F0071
:10CAB800150B1F0038420000C8400000A8420000C3
:10CAC80006202200E50A0800F50A0000883B00005D
:10CAD80002000000E103000343000000010080029F
:10CAE800283C000009000000350200001502000083
:10CAF800060220002200000032000000E17F8000D2
:10CB080001F400001600000043000000C601000008
:10CB180043000000E715000002000000F8160000BE
:10CB28004300000006001C003502000090160000BB
:10CB3800720000000602000072010000F8160000F2
:10CB4800430000000200000006001C004300000033
:10CB580043000000E7160000060200000200000083
:10CB6800F816000043000000090000001200000051
:10CB780001F4000012000000E17F800026000000A0
:10CB880001F4010000008000E17F8000E601000060
:10CB980001F407000000800743000000601800004F
:10CBA80032000000E17F80002600000001F403004D
:10CBB80000008000E17F8000E601000001F407002A
:10CBC8000000800743000000060040001600000037
:10CBD800430000002600000000008000060000005E
:10CBE8000600000006000000017480000900000033
:10CBF8003502000015020000060220002200000095
:10CC080032000000E17F800001F4000016000000FF
:10CC180043000000C601000043000000071A00009E
:10CC280002000000181B00004300000006001C0062
:10CC380035020000B01A0000720000000602000071
:10CC480072010000181B00004300000002000000F1
:10CC580006001C004300000043000000071B000002
:10CC68000602000002000000181B0000430000003C
:10CC7800090000001200000001F40000120000008A
:10CC8800E17F80002600000001F401000000800020
:10CC9800E17F8000E601000001F407000000800742
:10CCA80043000000801C000032000000E17F80008B
:10CCB8002600000001F4030000008000E17F8000EE
:10CCC800E601000001F407000000800743000000AF
:10CCD8000600400016000000430000002600000087
:10CCE80000008000060000000600000006000000AA
:10CCF80001748000090000003502000015020000E0
:10CD0800060220002200000032000000E17F8000BF
:10CD180001F400001600000043000000C6010000F6
:10CD280043000000271E000002000000381F00001A
:10CD38004300000006001C0035020000D01E000061
:10CD4800720000000602000072010000381F000097
:10CD5800430000000200000006001C004300000021
:10CD680043000000271F0000060200000200000028
:10CD7800381F0000430000000900000012000000F6
:10CD880001F4000012000000E17F8000260000008E
:10CD980001F4010000008000E17F8000E60100004E
:10CDA80001F407000000800743000000A0200000F5
:10CDB80032000000E17F80002600000001F403003B
:10CDC80000008000E17F8000E601000001F4070018
:10CDD8000000800743000000060040001600000025
:10CDE800430000002600000000008000060000004C
:10CDF8000600000006000000017480000900000021
:10CE08003502000015020000060220002200000082
:10CE180032000000E17F800001F4000016000000ED
:10CE280043000000C6010000430000004722000044
:10CE380002000000582300004300000006001C0008
:10CE480035020000F0220000720000000602000017
:10CE58007201000058230000430000000200000097
:10CE680006001C00430000004300000047230000A8
:10CE780006020000020000005823000043000000E2
:10CE8800090000001200000001F400001200000078
:10CE9800E17F80002600000001F40100000080000E
:10CEA800E17F8000E601000001F407000000800730
:10CEB80043000000C024000032000000E17F800031
:10CEC8002600000001F4030000008000E17F8000DC
:10CED800E601000001F4070000008007430000009D
:10CEE8000600400016000000430000002600000075
:10CEF8000000800006000000060000000600000098
:10CF0800017480000900000098130000F50B000070
:10CF1800050C0000150C0000E50B0000950B000047
:10CF2800E50A000005020000062002001034000097
:10CF3800050B0000050B0C00050B0000150B00008D
:10CF4800250B0000350B0100450B0000550B0000B8
:10CF5800650B000038420000B502040075020000AD
:10CF680065020000E5010900B5020900A8410000BA
:10CF780065020000E5014100B5024100A84100003A
:10CF880065020000783E0000B5020400750200004A
:10CF980065020000E5010101B5020101A841000098
:10CFA80065020000783F0000A84200001828000031
:10CFB8000900000015095D00F508BD00E501002025
:10CFC800F50800200100000009000000010000052C
:10CFD800283C0000004E00000900000098130000E3
:10CFE800F50B0000050C0000150C0000E50B000017
:10CFF800950B0000E50A000005020000062002006B
:10D0080010340000050B0000050B0C00050B000098
:10D01800150B0000250B0000350B0100450B000027
:10D02800550B0000650B000038420000B5020400F3
:10D038007502000065020000E5010900B50209005B
:10D04800A841000065020000E5014100B502410069
:10D05800A841000065020000783E0000B502040007
:10D068007502000065020000E5010101B502010139
:10D07800A841000065020000783F0000A8420000B7
:10D08800682B00000900000015095D00F508BD00C7
:10D09800E5010020F508002001000000090000005B
:10D0A80001000005283C0000004E000009000000B7
:10D0B80098130000F50B0000050C0000150C00008B
:10D0C800E50B0000950B0000E50A000005020000D2
:10D0D8000620020010340000050B0000050B0C00B0
:10D0E800050B0000150B0000250B0000350B010097
:10D0F800450B0000550B0000650B0000384200008E
:10D10800B50204007502000065020000E50109008F
:10D11800B5020900A841000065020000E5014100D0
:10D12800B5024100A841000065020000783E0000F9
:10D13800B50204007502000065020000E501010166
:10D14800B5020101A841000065020000783F000017
:10D15800A8420000B82E00000900000015095D0073
:10D16800F508BD00E5010020F508002001000000D9
:10D178000900000001000005283C0000004E0000E6
:10D188000900000098130000F50B0000050C0000D2
:10D19800150C0000E50B0000950B0000E50A0000E7
:10D1A800050200000620020010340000050B0000F4
:10D1B800050B0C00050B0000150B0000250B0000EB
:10D1C800350B0100450B0000550B0000650B0000F6
:10D1D80038420000B5020400750200006502000034
:10D1E800E5010900B5020900A84100006502000038
:10D1F800E5014100B5024100A841000065020000B8
:10D20800783E0000B50204007502000065020000C7
:10D21800E5010101B5020101A84100006502000015
:10D22800783F0000A8420000083200000900000012
:10D2380015095D00F508BD00E5010020F50800208E
:10D24800010000000900000001000005283C000062
:10D25800004E000009000000E5013100C50820006B
:10D26800090000006503C000B5070200B5082A00E0
:10D27800A83200000900000055080200F505010069
:10D28800350C040009000000D50701002506E4005C
:10D2980065070600E507080045061400D84E00009B
:10D2A8000A000000F8480000284900006507270028
:10D2B80009000000350C0200350C0300E5010100EF
:10D2C800050B0100E5010200D50A0000A2000000DC
:10D2D8004300000009000000E5010800A506000061
:10D2E80025030300E501080025030800C506046FAF
:10D2F800B8370000950301009503000028380000A6
:10D308000900000015080000E5010800A50608004E
:10D31800D84E00002A00000009000000250800007F
:10D32800250600003507030045070300D84E000016
:10D338000A0000000900000025080100090000009B
:10D34800F50101100600000809000000E5010400CD
:10D3580085060400D50701002506C46DD84E0000D7
:10D368002A000000090000002506000085060000CC
:10D3780009000000E836000018480000884800004E
:10D3880009000000E5011000350310000900000045
:10D39800E50110002503100009000000D507010071
:10D3A80025061400D84E00002A00000025060000BB
:10D3B800C506000009000000E5061800D84E000068
:10D3C8000A000000E5060000350801008809000091
:10D3D800A506A00B0900000005071800D84E00009C
:10D3E8000A00000005070000450801004836000053
:10D3F800A506406909000000E501860035008400A3
:10D408004201000043000000E5010300B50C0100E3
:10D418006200000043000000D50701002506E40073
:10D4280065070600E507080045061800D84E000005
:10D438000A000000F8480000284900006507270096
:10D4480009000000E5010300B50C03000900000015
:10D4580068330000E50102003500020062010000A7
:10D4680043000000E50184003500000009000000C9
:10D478001502360005020E0025022E0009000000E4
:10D488001502360005020E0025029300090000006F
:10D4980015094D00F5089D00E5010020F50800205C
:10D4A8000900000015095D00F508BD00E501002030
:10D4B800F508002009000000E5010020F50800003B
:10D4C800000000000000000025000100E501020046
:10D4D8001500020025000000E5010200150000000B
:10D4E8000900000065007F000900000065000000D9
:10D4F800090000007500010009000000D5000000C7
:10D50800E50102009500020009000000A5010000E5
:10D51800E5000000F50020000501000015010000ED
:10D5280025010000350100004501030055010300F5
:10D5380085010300650103007501030095010300DF
:10D54800E501F77F9500F57F09000000E501FF017F
:10D558006502E001E5011100B5021100A8410000D3
:10D56800E501FF016502FF01E5012100B502210087
:10D57800A8410000E501FF016502F801E50181000D
:10D58800B5028100A841000009000000E501FF0183
:10D598006502C001E5010102B5020102A8410000CF
:10D5A800E501FF016502FF01E5010104B50201047F
:10D5B800A8410000E501FF016502F801E501010845
:10D5C800B5020108A8410000E501FF016502FF015D
:10D5D800E5010110B5020110A84100000900000092
:10D5E800B50204006502003FB5020D00F8410000D5
:10D5F8006502C0FFB5021500F84100006502F0FFA2
:10D60800B5028500F84100006502FFFFB50225005C
:10D61800F841000009000000B208000043000000C3
:10D62800E501F91FB502000009000000B20800007A
:10D6380043000000B502040009000000E5010005F0
:10D6480035000000E501001835000018E501000567
:10D658003500000509000000E5010005350000005F
:10D66800E501001835000000E5010005350000055A
:10D6780009000000450A0100450A0000650703008B
:10D68800D50708002506140058490000A8470000DF
:10D6980025073900F50400000505803EE504010072
:10D6A800D84E00000A000000A8470000F848000013
:10D6B8006507000009000000250A0000950A00001F
:10D6C800250A0000650A000009000000050B00009B
:10D6D800050B0C00050B0000150B1F00250B0000A7
:10D6E800350B0100450B0000550B0000650B0000D1
:10D6F80009000000F50B0000050C0E00150C0000D9
:10D7080009000000950B0700A50B0400E50A0700B7
:10D71800F50A040009000000D50B0500B50B03004D
:10D7280009000000D50B0500B50B0000090000003A
:10D7380038420000B5020400750200006502C03FCF
:10D74800E5010101B5020101A8410000650200FEE2
:10D75800783F0000A8420000483B00000620220055
:10D76800D83B0000F5090100E50100039509000117
:10D7780001F40000D50B0500024B00004300000037
:10D78800D50B0900F5090000E50100039509000023
:10D79800283C00000900000025070000B50501002D
:10D7A8006200000043000000B5050000E504000029
:10D7B8000900000035070000C505010062000000EF
:10D7C80043000000C5050000150500000900000021
:10D7D80045070000D5050100620000004300000075
:10D7E800D5050000450500000900000025060000D9
:10D7F800D50700000900000045060000E507000005
:10D808000900000015000400E501080035000000CB
:10D81800150000000900000015000800E5011000CF
:10D828003500000015000000090000001500100078
:10D83800E501200035000000150000000900000087
:10D8480095000100E50C00002509000028390000BA
:10D8580025000100E501020015000200E5010600AF
:10D8680085000000E501060075000000D8450000AD
:10D87800984E0000E501010035000000620100003B
:10D888004300000028440000D50A0000850001007C
:10D89800183D0000783D0000090000002833000012
:10D8A800C500000095140000783D0000383D0000D8
:10D8B800F80B000009000000D80B0000E50101008A
:10D8C80085000000E501010075000000383D0000FA
:10D8D800E501020015000000F83C00000900000006
:10D8E800950C1300750C3800850C020015023600E3
:10D8F80005020E0025022E00062022001509ED0063
:10D90800F508DD01E5010020F5080020010000050B
:10D91800010001050100000506004000283C000048
:10D92800750C0000850C0000950C00000900000033
:10D93800350C0000350C0400E5010100050B000062
:10D94800E5010200D50A020009000000450DFF00AC
:10D9580009000000450D0000A50A0000050D0000A3
:10D968000900000052000000430000000900000008
:10D97800300EB36335030100E501080035030800E4
:10D98800850301008503000014000000A8010000C1
:10D9980035030100E501100035031000850301007F
:10D9A8008503000014000000A801000035030100F1
:10D9B800E5012000350320008503010085030000F0
:10D9C8001400000015000400E501080035000000FF
:10D9D800150000000900000025070000B50501003A
:10D9E8006200000043000000B5050000E5040000E7
:10D9F8000900000025060000D50700000900000006
:10DA080045060000E5070000090000006503C000A6
:10DA1800B5070200B5082A00C80200000900000086
:10DA2800E5013100C508200009000000520000008F
:10DA3800430000000900000065007F0009000000A5
:10DA4800A5010000D5000000E5000000F500200059
:10DA58000501000015010000250100003501000046
:10DA68008501000045010000550100006501000026
:10DA78007501000095010000950001007500FF3751
:10DA880009000000D5000000E50102009500020031
:10DA980009000000A5010000E5000000F5002000D5
:10DAA80005010000150100002501000035010000F6
:10DAB80045010300550103008501030065010300CA
:10DAC8007501030095010300E501F77F9500F57FD7
:10DAD80009000000B50C0000090000004500000026
:10DAE800E501860035008400420100004300000083
:10DAF800B50C0B0082CE010043000000880800002E
:10DB0800580700004500010009000000E501030076
:10DB1800B50C030009000000020F000043000000DC
:10DB28000900000088080000E50102003500020035
:10DB38006201000043000000E50184003500000098
:10DB480009000000E501860035008400420100005C
:10DB580043000000E5010300B50C0100620000006D
:10DB680043000000D50701002506E400650706000C
:10DB7800E507080045061800F80200000A00000042
:10DB8800180200004802000065072700090000008D
:10DB9800D50701002506E40065070600E50708002B
:10DBA80045061400F80200000A00000018020000F0
:10DBB800480200006507270009000000550D010014
:10DBC8000000000075070000C50D900975072700C3
:10DBD8008513010015140100E501040085130400F4
:10DBE800E501040015140400E50108008513080088
:10DBF800E501F8011514F8010900000015020000FC
:10DC08000502000025020100062022001509020075
:10DC1800F5080400E5010020F508002009000000CF
:10DC2800021400004300000001000100010080020E
:10DC38000600400009000000350A0900550A0000E6
:10DC4800C50A0800650A3F08250A6000950A010010
:10DC5800250A7F0009000000250A0000950A000037
:10DC6800250A0000650A000009000000450A0100B5
:10DC7800450A000065070300D507080025061400BB
:10DC880058010000A801000025073900F50400002C
:10DC98000505803EE5040100F80200000A000000C6
:10DCA800A801000018020000650700000900000034
:10DCB800450A0100450A000009000000050D0100A1
:10DCC800250D0100150D1500A50A0100450D870059
:10DCD80009000000450DFF000900000015095D005E
:10DCE800F508BD00E5010020F50800200900000046
:10DCF800D5080A00E5081A00450285225502FD01EB
:10DD0800090000001502360005020E0025029300E6
:10DD180009000000E5010020F508000000000000EF
:10DD28000000000025000100E501020015000200C6
:10DD380025000000E50102001500000009000000B0
:10DD4800350C0200350C0300E5010100050B01004C
:10DD5800E5010200D50A0000A2000000430000000F
:10DD680009000000E501000535000000E501001884
:10DD780035000018E5010005350000050900000020
:10DD8800E501000535000000E50100183500000038
:10DD9800E50100053500000509000000B208000093
:10DDA80043000000E501F91FB5020000090000006A
:10DDB800E501FF016502E001E5011100B50211006E
:10DDC800B8100000E501FF016502FF01E50121002F
:10DDD800B5022100B8100000E501FF016502F80155
:10DDE800E5018100B5028100B810000009000000BB
:10DDF800E501FF016502C001E5010102B50201026A
:10DE0800B8100000E501FF016502FF01E50101040A
:10DE1800B5020104B8100000E501FF016502F80130
:10DE2800E5010108B5020108B8100000E501FF018D
:10DE38006502FF01E5010110B5020110B8100000EC
:10DE480009000000D50B0500B50B03000900000010
:10DE5800D80F0000B5020400750200006502C03F3B
:10DE6800E5010101B5020101B8100000650200FEDC
:10DE78000812000048100000580E0000062022007A
:10DE8800B80D0000F5090100E5010003950900013E
:10DE980001F40000D50B0500024B00004300000010
:10DEA800D50B0900F5090000E501000395090000FC
:10DEB800980E000009000000050B0000050B0C007F
:10DEC800050B0000150B1F00250B0000350B01008A
:10DED800450B0000550B0000650B00000900000011
:10DEE8005508020058010000A801000018020000AF
:10DEF80048020000F5050100350C04007802000016
:10DF08002851000038090000380A0000010000000C
:10DF1800950C1300750C3800850C0200A200000057
:10DF2800C23000004300000043000000010001056A
:10DF38000600400001008002750C0001850C1800E5
:10DF4800C80A0000850C3800250300006507030097
:10DF5800D50708002506140058010000F504000044
:10DF68000505800285142200C50A0000080D00007E
:10DF7800A801000025072106E5040100F8020000B9
:10DF88000A000000A8010000E501010025030100C6
:10DF9800C80A0000C50A0100080D0000A801000019
:10DFA80025074D06E5040100F80200000A000000FC
:10DFB800A8010000E501020025030200C80A0000CC
:10DFC800C50A0200080D0000A8010000250779060F
:10DFD800E5040100F80200000A000000A8010000A2
:10DFE800E501040025030400C80A0000C50A03006F
:10DFF800080D0000A80100002507A506E50401009A
:10E00800F80200000A000000A8010000E50108006D
:10E0180025030800C80A0000C50A0400080D00000E
:10E02800A80100002507D106E5040100F802000058
:10E038000A000000A8010000E501100025031000F7
:10E04800C80A0000C50A0500080D0000A801000064
:10E058002507FD06E5040100F80200000A0000009B
:10E06800A8010000E501200025032000C80A0000DF
:10E07800C50A0600080D0000A801000025072907A9
:10E08800E5040100F80200000A000000A8010000F1
:10E09800E501400025034000C80A0000C50A070042
:10E0A800080D0000A801000025075507E504010038
:10E0B800F80200000A000000A8010000E501800045
:10E0C80025038000C80A0000C50A0800080D0000E2
:10E0D800A801000025078107E5040100F8020000F7
:10E0E8000A000000A8010000E50100012503000165
:10E0F800C80A0000C50A0900080D0000A8010000B0
:10E108002507AD07E5040100F80200000A00000039
:10E11800A8010000E501000225030002C80A00006A
:10E12800C50A0A00080D0000A80100002507D90744
:10E13800E5040100F80200000A000000A801000040
:10E14800E501000425030004C80A0000C50A0B0005
:10E15800080D0000A801000025070508E5040100D6
:10E16800F80200000A000000A8010000E50100080C
:10E1780025030008C80A0000C50A0C00080D0000A5
:10E18800A801000025073108E5040100F802000095
:10E198000A000000A8010000E50100102503001096
:10E1A800C80A0000C50A0D00080D0000A8010000FB
:10E1B80025075D08E5040100F80200000A000000D8
:10E1C800A8010000E501002025030020C80A00007E
:10E1D800C50A0E00080D0000A801000025078908DF
:10E1E800E5040100F80200000A000000A801000090
:10E1F800E501004025030040C80A0000C50A0F00D9
:10E20800080D0000A80100002507B508E504010075
:10E21800F80200000A000000A8010000E5010080E3
:10E2280025030080C80A000085140000A80B000020
:10E2380018020000C85000001400000078590000BF
:10E24800750C8000850C8000B50A0300E501040008
:10E25800B50C040006000008950A6100484F00004C
:10E26800950A6900484F0000950A7100484F000060
:10E27800950A7900484F0000950A4100484F000070
:10E28800950A4900484F0000950A5100484F000080
:10E29800950A5900484F0000950A2100484F000090
:10E2A800950A2900484F0000950A3100484F0000A0
:10E2B800950A3900484F0000950A0100484F0000B0
:10E2C800950A0900484F0000950A1100484F0000C0
:10E2D800950A1900484F0000B50A000001008002A5
:10E2E800750C0200850C0200E5010400B50C000065
:10E2F800C80A0000750C1800850C0600F50010000F
:10E30800C80A0000F5001100C80A0000F500120054
:10E31800C80A0000F5001300C80A0000F500140040
:10E32800C80A0000F5001500C80A0000F50016002C
:10E33800C80A0000F5001700C80A0000F500180018
:10E34800C80A0000F5001900C80A0000F5001A0004
:10E35800C80A0000F5001B00C80A0000F5001C00F0
:10E36800C80A0000F5001D00C80A0000F5001E00DC
:10E37800C80A0000F5001F00C80A0000F5002000C8
:10E38800C80A0000F5002100C80A0000F5002200B4
:10E39800C80A0000F5002300C80A0000F5002400A0
:10E3A800C80A0000F5002500C80A0000F50026008C
:10E3B800C80A0000F5002700C80A0000F500280078
:10E3C800C80A0000F5002900C80A0000F5002A0064
:10E3D800C80A0000F5002B00C80A0000F5002C0050
:10E3E800C80A0000F5002D00C80A0000F5002E003C
:10E3F800C80A0000F5002F00C80A0000F500300028
:10E40800C80A0000F5003100C80A0000F500320013
:10E41800C80A0000F5003300C80A0000F5003400FF
:10E42800C80A0000F5003500C80A0000F5003600EB
:10E43800C80A0000F5003700C80A0000F5003800D7
:10E44800C80A0000F5003900C80A0000F5003A00C3
:10E45800C80A0000F5003B00C80A0000F5003C00AF
:10E46800C80A0000F5003D00C80A0000F5003E009B
:10E47800C80A0000F5003F00C80A0000A80B000009
:10E48800C85000001400000078590000450301003E
:10E49800F5002000750C0300850C0300E50104005D
:10E4A800B50C040006000008150D10000850000007
:10E4B800150D110008500000150D1200085000003D
:10E4C800150D130008500000150D14000850000029
:10E4D800150D150008500000150D16000850000015
:10E4E800150D170008500000150D18000850000001
:10E4F800150D190008500000150D1A0008500000ED
:10E50800150D1B0008500000150D1C0008500000D8
:10E51800150D1D0008500000150D1E0008500000C4
:10E52800150D1F0008500000150D000008500000D0
:10E53800150D010008500000150D020008500000DC
:10E54800150D030008500000150D040008500000C8
:10E55800150D050008500000150D060008500000B4
:10E56800150D070008500000150D080008500000A0
:10E57800150D090008500000150D0A00085000008C
:10E58800150D0B0008500000150D0C000850000078
:10E59800150D0D0008500000150D0E000850000064
:10E5A800150D0F0008500000350D00000100800215
:10E5B800980E0000A80B000045030000C85000009A
:10E5C80014000000B50B0300F50901002500010047
:10E5D8009509000125000000D50B0E00021400006B
:10E5E80043000000D50B0A00F5090000950900005A
:10E5F800950C000062090000C230000043000000D2
:10E6080043000000380A0000E5010400B50C0400CE
:10E61800050C000006000008150C0000E50B3C0086
:10E62800C80A0000E50B3400C80A0000E50B2C00FE
:10E63800C80A0000E50B2400C80A0000E50B040026
:10E64800C80A0000E50B0C00C80A0000E50B14001E
:10E65800C80A0000E50B1C00C80A0000150C0100E0
:10E66800E50B3C00C80A0000E50B3400C80A0000AE
:10E67800E50B2C00C80A0000E50B2400C80A0000BE
:10E68800E50B0400C80A0000E50B0C00C80A0000EE
:10E69800E50B1400C80A0000E50B1C00C80A0000BE
:10E6A800150C0200E50B3C00C80A0000E50B34001D
:10E6B800C80A0000E50B2C00C80A0000E50B24007E
:10E6C800C80A0000E50B0400C80A0000E50B0C00AE
:10E6D800C80A0000E50B1400C80A0000E50B1C007E
:10E6E800C80A0000150C0300E50B3C00C80A00002E
:10E6F800E50B3400C80A0000E50B2C00C80A00002E
:10E70800E50B2400C80A0000E50B0400C80A000055
:10E71800E50B0C00C80A0000E50B1400C80A00004D
:10E72800E50B1C00C80A0000150C0400E50B3C00B2
:10E73800C80A0000E50B3400C80A0000E50B2C00ED
:10E74800C80A0000E50B2400C80A0000E50B040015
:10E75800C80A0000E50B0C00C80A0000E50B14000D
:10E76800C80A0000E50B1C00C80A0000150C0500CB
:10E77800E50B3C00C80A0000E50B3400C80A00009D
:10E78800E50B2C00C80A0000E50B2400C80A0000AD
:10E79800E50B0400C80A0000E50B0C00C80A0000DD
:10E7A800E50B1400C80A0000E50B1C00C80A0000AD
:10E7B800150C0600E50B3C00C80A0000E50B340008
:10E7C800C80A0000E50B2C00C80A0000E50B24006D
:10E7D800C80A0000E50B0400C80A0000E50B0C009D
:10E7E800C80A0000E50B1400C80A0000E50B1C006D
:10E7F800C80A0000150C0700E50B3C00C80A000019
:10E80800E50B3400C80A0000E50B2C00C80A00001C
:10E81800E50B2400C80A0000E50B0400C80A000044
:10E82800E50B0C00C80A0000E50B1400C80A00003C
:10E83800E50B1C00C80A0000150C0800E50B3C009D
:10E84800C80A0000E50B3400C80A0000E50B2C00DC
:10E85800C80A0000E50B2400C80A0000E50B040004
:10E86800C80A0000E50B0C00C80A0000E50B1400FC
:10E87800C80A0000E50B1C00C80A0000150C0900B6
:10E88800E50B3C00C80A0000E50B3400C80A00008C
:10E89800E50B2C00C80A0000E50B2400C80A00009C
:10E8A800E50B0400C80A0000E50B0C00C80A0000CC
:10E8B800E50B1400C80A0000E50B1C00C80A00009C
:10E8C800C850000014000000A8590000E8550000D6
:10E8D800F50A000028590000F50A0100285900002F
:10E8E800F50A020028590000F50A0300285900001B
:10E8F800F50A040028590000F50A05002859000007
:10E90800F50A060028590000F50A070028590000F2
:10E9180001008002980E0000085A0000C85000004C
:10E9280014000000A8590000080E0000D80F0000CD
:10E93800B5020400750200006502C03FE501090048
:10E94800B5020900B810000065020000E5014100A9
:10E95800B5024100B8100000650200FE0811000071
:10E96800985800004810000006200208B80D000062
:10E97800A50B040068550000F50A0000D84D0000FA
:10E98800F50A0100D84D0000F50A0200D84D000034
:10E99800F50A0300D84D0000F50A0400D84D000020
:10E9A800F50A0500D84D0000F50A0600D84D00000C
:10E9B800F50A0700D84D000001008002980E0000FB
:10E9C800085A0000C850000014000000A8590000B0
:10E9D800E50A0800950B0800F50B0F00D80F00009A
:10E9E800B5020400750200006502C03FE501090098
:10E9F800B5020900B810000065020000E5014100F9
:10EA0800B5024100B8100000650200FE08110000C0
:10EA1800B5020400750200006502C03FE50101016E
:10EA2800B5020101B8100000650200FE08120000DE
:10EA380048100000B80D0000F50A04001502A000F7
:10EA48000600200801F4000506020000A50B0000DE
:10EA5800884C000006020000A50B0100884C00004D
:10EA680006020000A50B0200884C00000602000008
:10EA7800A50B0300884C000006020000A50B04004B
:10EA8800884C000006020000A50B0500884C000019
:10EA980006020000A50B0600884C000006020000D4
:10EAA800A50B0700884C000001000005980E000027
:10EAB800085A0000C850000014000000A8590000BF
:10EAC800E50A0800950B0800F50B0900D80F0000AF
:10EAD800B5020400750200006502C007E5010900DF
:10EAE800B5020900B810000065020000E501410008
:10EAF800B5024100B81000006502001E08110000B0
:10EB0800B5020400750200006502C007E5010101B5
:10EB1800B5020101B81000006502001E08120000CD
:10EB280048100000350200001502A00025022E0042
:10EB380006202008B80D0000A50B0400050C0300F2
:10EB4800150C000068550000D84D00000100800237
:10EB5800980E0000085A0000C85000001400000079
:10EB6800A8590000E5010400B50C0000350C0100AF
:10EB7800750C8001850C0200950C1300450C0900EA
:10EB8800650C1B0028150000450B0200E50A08006B
:10EB9800950B0800D80F0000B502040075020000AC
:10EBA80065024000E5010900B5020900B81000003F
:10EBB80065020000E5014100B5024100B8100000FF
:10EBC8006502007E081100009858000048100000F7
:10EBD800B80D0000010000001502A10025026E001A
:10EBE800650B040006202008485300000600200892
:10EBF800220000004853000043000000010080028A
:10EC0800650B0C000600200042000000485300007D
:10EC18004300000001000005650C0000450C0F00D2
:10EC2800550C0300750CC001150B0900550B0700A6
:10EC3800350B2900250B0B000600200052000000B0
:10EC4800585400004300000001008002550B0F00DB
:10EC5800350B09000600200052000000585400003F
:10EC68004300000001008002250B1300060020006D
:10EC78005200000058540000430000000100000545
:10EC8800980E0000085A0000C85000001400000048
:10EC980012000000E175000001F4010026000000E8
:10ECA800E175000001F40700E60100000200000021
:10ECB800E175000001F4030026000000E175000082
:10ECC80001F40700E60100004300000006004000D0
:10ECD80016000000430000002600000001748000B8
:10ECE80009000000060020001200000006020000D3
:10ECF80072010000884C00004300000006001C0060
:10ED08004300000001F48002090000000600200012
:10ED18000602000072010000884C00004300000059
:10ED280001F480020900000085130000151400009A
:10ED380075070000C50D0000550D01000900000011
:10ED4800B50A03000214000043000000010001009E
:10ED580001008002B50A020002140000430000000E
:10ED680001000700010080020600400009000000C1
:10ED7800350D0100021400004300000001000100ED
:10ED880001008002350D030002140000430000005A
:10ED98000100070001008002060040000900000091
:10EDA80035030200E501000035030000850301007A
:10EDB8008503000009000000C5000000951400004C
:10EDC800980400005804000098050000280300007B
:10EDD80002DC05004300000048030000A201000017
:10EDE800430000008500FF37D50A4F007500FF3F3C
:10EDF8008500FF3F0214000043000000E50C0100FD
:10EE0800280B0000380D000025000000E501000572
:10EE180035000005E501020015000000B8050000F6
:10EE2800020F000043000000980D000025090100B2
:10EE380078060000A8060000D806000009000000B7
:10EE480006020000F202000001080000E1070000CD
:10EE5800010000000100010062000000010800003C
:10EE6800E10700000100000001000300430000006A
:10EE780006004000260000004300000006001C00B9
:10EE88000900000006020000F2020000012800004C
:10EE980001100000E107000001000100620000000D
:10EEA8000128000001100000E10700000100030034
:10EEB8004300000006004000260000004300000058
:10EEC80006001C0009000000F50901009509000171
:10EED8000214000043000000F50900009509000035
:10EEE80001F4000109000000050A6B01050A080188
:10EEF800050AB502150D0000D50B0900E50B000049
:10EF0800980E00004503010045030200E84E00008A
:10EF18005813000088130000D80F0000B502040041
:10EF2800750200006502C03FE5010900B50209004D
:10EF3800B810000065020000E5014100B50241007B
:10EF4800B8100000650200FE081100009858000083
:10EF580048100000E50A0800950B0700480F00005C
:10EF680015029D00350200000502760025022E00DC
:10EF780006200208B80D0000A50B0400050C1100BE
:10EF8800150C0000F50B020068550000080E000083
:10EF980009000000B5020400750200006502400087
:10EFA800E5010101B5020101B81000006502000089
:10EFB80008120000090000005502DD0D784E00001F
:10EFC8005502FF0F784E000009000000280B0000D2
:10EFD800F80B00000900000078590000E501010065
:10EFE8003500010062010000430000000900000034
:10EFF800E501010035000000620100004300000047
:10F00800A80B00000900000000000000000000003C
:10F0180000000000000000000000000000000000E8
:10F0280000000000000000000000000000000000D8
:10F0380000000000000000000000000000000000C8
:10F0480000000000000000000000000000000000B8
:10F0580000000000000000000000000000000000A8
:10F068000000000000000000000000000000000098
:10F078000000000000000000000000000000000088
:10F088000000000000000000000000000000000078
:10F098000000000000000000000000000000000068
:10F0A8000000000000000000000000000000000058
:10F0B8000000000000000000000000000000000048
:10F0C8000000000000000000000000000000000038
:10F0D80000000000496E76616C696420636F6E669B
:10F0E80069672068616E646C65000000636F6E6616
:10F0F80069670000496E76616C69642073656E7398
:10F108006F722068616E646C6500000073656E73D1
:10F118006F720000496E76616C69642070726F636B
:10F12800657373696E672068616E646C65000000C2
:10F1380070726F63657373696E670000546F6F2038
:10F148006C617267652073656E736F722062756695
:10F15800666572207573616765000000726164619D
:10F16800725F656E67696E655F61313231000000FC
:10F178004C6F61643A205472616E736665722073D5
:10F18800697A6520697320746F206C617267650005
:10F1980073656E736F725F636F6D6D5F613132316E
:10F1A8000000000053656E736F7220256C75206E29
:10F1B8006F7420726561647920666F722072756E53
:10F1C8006E696E672061206E65772070726F677256
:10F1D800616D000073656E736F725F70726F746F2C
:10F1E800636F6C5F6131323100000000496E7661F7
:10F1F8006C6964206275666665722073656E736FEC
:10F208007220256C7500000047656E657269633170
:10F2180020496E7465727275707420616C726561D4
:10F22800647920636C6561726564206F6E20736514
:10F238006E736F7220256C75000000004E6F20659C
:10F2480076656E7420636F6465205B307825785D21
:10F258002072656365697665642066726F6D2073D8
:10F26800656E736F7220256C750000004572726FB1
:10F2780072206576656E7420636F6465205B3078F4
:10F2880025785D2072656365697665642066726FAE
:10F298006D2073656E736F7220256C750000000019
:10F2A800496E76616C6964206576656E7420636F5B
:10F2B8006465205B307825785D20726563656976C2
:10F2C80065642066726F6D2073656E736F7220259A
:10F2D8006C75000053707572696F7573206576657B
:10F2E8006E74207265636569766564207768656EFB
:10F2F80020444F4E4520657870656374656421200D
:10F308005265636569766564206576656E74206309
:10F318006F6465203D2025640000000063616C690E
:10F3280062726174696F6E5F613132315F63616C03
:10F338005F73657373696F6E0000000072756E6E9F
:10F34800696E670073746F70706564005B256C7517
:10F358005D2053656E736F722025734025687500B4
:10F3680073656E736F725F7374617475735F613107
:10F37800323100005B256C755D20536372617463E4
:10F388006870616420636F6E666967202568753AE6
:10F398002030782530346878000000005B256C75D3
:10F3A8005D2077616B6575705F7374617475733018
:10F3B8003A20307825303468780000005B256C7579
:10F3C8005D20696E7075746D75785F77616B6575B2
:10F3D800705F696E7075742568755F636F6E6669B6
:10F3E800673A203078253034687800005B256C75E2
:10F3F8005D2077616B6575705F696E7075742568DF
:10F40800755F77616B6575705F636F6E6669673A84
:10F4180020416464723D2568753A2030782530347F
:10F42800687800005B256C755D2077616B65757089
:10F438005F696E7075742568755F61636B5F636F74
:10F448006E6669673A20202020416464723D256811
:10F45800753A203078253034687800005B256C7563
:10F468005D20537461636B206C6576656C2025683C
:10F47800753A20416464723D2568753A202568759F
:10F48800000000005B256C755D2041736963206591
:10F4980072726F723A203078253034687800000034
:10F4A8005B256C755D2020204552524F523A20252D
:10F4B800730000002D2D2D2D2D2D20424547494E3E
:10F4C800202D2D2D2D2D2D2053656E736F722053F9
:10F4D8007461747573204C6F67202D2D2D2D2D2D83
:10F4E80020424547494E202D2D2D2D2D2D00000061
:10F4F8005B256C755D2025733A203078253034689B
:10F50800780000002D2D2D2D2D2D2D20454E442029
:10F518002D2D2D2D2D2D2D2053656E736F7220539B
:10F528007461747573204C6F67202D2D2D2D2D2D32
:10F538002D20454E44202D2D2D2D2D2D2D00000044
:10F548004F66667365743A20256875204D6F646947
:10F5580066792076616C7565203D20256C75207470
:10F568006F6F206C6172676520286D6178696D75B1
:10F578006D20256C75290000636F6E6670726F6769
:10F5880072616D00496E76616C69642064617461B2
:10F59800206F627461696E656420666F72207061A5
:10F5A800746368696E670000556E61636B6E6F7790
:10F5B8006C6564676564206576656E74206465743F
:10F5C8006563746564206F6E2073656E736F722057
:10F5D800256C750053656E736F7220256C75206EEF
:10F5E8006F7420726561647920666F72206C6F6138
:10F5F80064696E672061206E65772070726F67722C
:10F60800616D00005374617465206E6F74207573AA
:10F6180065640000656C656D656E745F6672616D2A
:10F628006500000053637261746368206973207514
:10F6380073656420627574206E6F7420736574003E
:10F648005363726174636820616E642073746174BB
:10F6580065206E6F7420757365640000656C656D58
:10F66800656E745F73696E6B5F613132315F6361C0
:10F678006C6C6261636B00004F7574707574206305
:10F68800616E206E6F742062652073657420666FEA
:10F69800722073696E6B20656C656D656E74000011
:10F6A800253032753A253032753A253032752E2597
:10F6B80030337520282563292028257329202573B0
:10F6C8000A00000045574956440000004F75742051
:10F6D8006F66206D656D6F72790000007273735FDD
:10F6E800696E746567726174696F6E0041646472F3
:10F6F8006573733A20256875204D6F6469667920B3
:10F7080076616C7565203D20256C7520746F6F20BF
:10F718006C6172676520286D6178696D756D20254B
:10F728006C752900496E76616C6964206461746146
:10F73800206F627461696E656420666F72206C69FF
:10F748007665207061746368696E6700496E7661DA
:10F758006C6964207265666572656E6365206672A1
:10F76800657175656E6379202573256C752E253056
:10F77800366C7520487A00006370645F706C6C5F4B
:10F7880064697669736F72730000000053656E7365
:10F798006F722063616C6962726174696F6E207345
:10F7A800746570202564206661696C6564000000DA
:10F7B80063616C6962726174696F6E5F6131323165
:10F7C80000000000496E76616C6964206E756D6298
:10F7D8006572206F66207375627377656570730054
:10F7E8007472616E736C6174696F6E5F613132310E
:10F7F80000000000496E76616C6964207377656566
:10F80800705F726174650000656E61626C655F634C
:10F818006361206E6F742076616C69642077697407
:10F828006820646F75626C655F627566666572698B
:10F838006E6700005375627377656570202568757B
:10F848002068617320696E76616C69642050524645
:10F8580000000000496E76616C6964206672616D13
:10F86800655F726174650000496E76616C69642039
:10F8780073657474696E677320666F7220636F6E48
:10F8880074696E756F75735F73776565705F6D6F9B
:10F8980064650000696E7465725F6672616D655FAC
:10F8A80069646C655F7374617465206D7573742029
:10F8B8006265207468652073616D65206F722064CD
:10F8C8006565706572207468616E20696E74657212
:10F8D8005F73776565705F69646C655F7374617485
:10F8E80065000000496E76616C696420696E746514
:10F8F800725F6672616D655F69646C655F73746180
:10F9080074650000496E76616C696420696E74657F
:10F91800725F73776565705F69646C655F73746146
:10F9280074650000496E76616C696420687761616E
:10F9380073000000496E76616C696420636F6D62C4
:10F94800696E6174696F6E206F66206C6F6F70628C
:10F9580061636B20616E642070726F66696C65000C
:10F96800496E76616C696420636F6D62696E61745B
:10F97800696F6E206F662070726F66696C652061B2
:10F988006E64207072660000496E76616C6964204E
:10F9980070726F66696C6500496E76616C69642087
:10F9A800737465705F6C656E67746800496E766124
:10F9B8006C6964206E756D5F706F696E747300009A
:10F9C80070686173655F656E68616E63656D656EAD
:10F9D80074206E6F742076616C696420776974682E
:10F9E8006F75742073756274726163745F696E5F9A
:10F9F8006275666665720000496E76616C6964209E
:10FA0800737461727420706F696E7400496E7661E8
:10FA18006C6964206E756D626572206F6620706F08
:10FA2800696E7473206F722073746570206C656ED4
:10FA380067746800496E76616C696420707266004C
:10FA4800537461727420706F696E74206F722072C3
:10FA5800616E676520746F6F206661720000000038
:10FA6800537461727420706F696E7420746F6F20A4
:10FA7800636C6F7365000000496E76616C69642081
:10FA880072656365697665725F6761696E0000001B
:10FA9800496E76616C696420545820706F7765727E
:10FAA80020617474656E756174696F6E0000000082
:10FAB8004661696C656420746F2063616C63756C62
:10FAC8006174652070756C73657368617065722008
:10FAD80073657474696E677321000000546865204B
:10FAE8006D6178696D756D207377656570207261D9
:10FAF8007465206973202564000000004C6F616400
:10FB08002070726F6772616D206661696C65640050
:10FB18004E6F7420706F737369626C6520746F2008
:10FB28007265636F6E666967757265207768656E62
:10FB380020646F75626C6520627566666572696EB1
:10FB48006720697320636F6E666967757265640004
:10FB580053656E736F7220256C75206E6F742072FA
:10FB68006561647920746F206265207570646174C2
:10FB7800656400006370645F613132315F6D656197
:10FB8800735F73657373696F6E0000004163636F21
:10FB98006E65657220736F6674776172652076652D
:10FBA8007273696F6E2025730A0000006163635FDA
:10FBB800636F6E74726F6C5F68656C7065725F639B
:10FBC80072656174652829206661696C6564000046
:10FBD800706970656C696E655F6131323100000073
:10FBE8004661696C656420746F2067657420726172
:10FBF80064617220656E67696E65206D6574616405
:10FC080061746100706970656C696E655F737562B7
:10FC18007377656570000000506970656C696E6582
:10FC2800206E6F742070726F7065726C79206173CA
:10FC380073656D626C656400417373656D626C65B4
:10FC480020737562737765657020706970656C697B
:10FC58006E65206661696C65640000004661696CC8
:10FC6800656420746F206372656174652070726FBB
:10FC780063657373696E670A000000006163635F00
:10FC88007273735F6765745F6275666665725F73CA
:10FC9800697A652829206661696C65640A00000034
:10FCA800556E657870656374656420617369635F18
:10FCB800696420666F756E64203D20307825780071
:10FCC80053656E736F7220697320696E2077726F47
:10FCD8006E67207374617465000000004661696C8A
:10FCE800656420746F206372656174652073656E46
:10FCF800736F720A0000000063616C69627261745C
:10FD0800696F6E206661696C65640A00496E766188
:10FD18006C69642063616C6962726174696F6E00FA
:10FD28006163635F73656E736F725F707265706134
:10FD38007265206661696C65640A00006163635FCF
:10FD4800636F6E74726F6C5F68656C7065725F610B
:10FD5800637469766174652829206661696C6564D5
:10FD6800000000004D656D6F727920616C6C6F63E7
:10FD78006174696F6E20666F7220766563746F7246
:10FD880073206661696C6564000000006163635FED
:10FD980073656E736F725F6D6561737572652066EA
:10FDA80061696C65640A000053656E736F7220693F
:10FDB8006E746572727570742074696D656F757490
:10FDC8000A0000004275666665722073697A6520CC
:10FDD800746F6F20736D616C6C00000053656E73F7
:10FDE8006F7220256C75204E6F2070656E64696E89
:10FDF8006720696E746572727570740053656E73EE
:10FE08006F7220256C75206576656E742069732085
:10FE18006E6F742048414E445348414B45205B3037
:10FE28007825785D00000000496E76616C69642071
:10FE3800627566666572206C656E6774680000009E
:10FE48005472616E736665722064617461206672B3
:10FE58006F6D2073656E736F7220746F20686F7397
:10FE680074206661696C6564000000006163635F0B
:10FE780073656E736F725F72656164206661696C29
:10FE880065640A00496E76616C696420627566660D
:10FE9800657220696E707574000000006163635FAD
:10FEA800636F6E74726F6C5F68656C7065725F67A4
:10FEB80065745F6E6578742829206661696C65646D
:10FEC80000000000706F696E74203C20636F6E74D0
:10FED800726F6C5F68656C7065725F73746174656E
:10FEE8002D3E70726F635F6D6574612E7377656503
:10FEF800705F646174615F6C656E677468000000B0
:10FF08005372632F6578616D706C65732F68656CCB
:10FF18007065722F6163635F70726F636573736975
:10FF28006E675F68656C706572732E630000000011
:10FF3800766563746F725F6F75742D3E646174616A
:10FF48005F6C656E677468203D3D2028636F6E7432
:10FF5800726F6C5F68656C7065725F7374617465ED
:10FF68002D3E70726F635F6D6574612E6672616D90
:10FF7800655F646174615F6C656E677468202F20CB
:10FF8800636F6E74726F6C5F68656C7065725F73B7
:10FF9800746174652D3E70726F635F6D6574612E58
:10FFA80073776565705F646174615F6C656E6774B3
:10FFB800682900004170706C69636174696F6E2014
:10FFC80066696E6973686564204F4B0041736963A5
:10FFD800206964656E746974793A000053746163CA
:10FFE8006B5F6C6576656C5F7374617475735F7253
:08FFF80065676973746572000E
:020000040801F1
:10000000496E74657272757074207374617475735F
:10001000207265676973746572000000646F6E65B5
:100020005F6572726F720000737461636B5F6F76ED
:100030006572666C6F770000737461636B5F756ED9
:10004000646572666C6F77007370695F756E6B6E56
:100050006F776E5F636D64007370695F6D69737352
:10006000696E675F61636B006164635F6669666F99
:100070005F66756C6C0000006164635F746F6F5F36
:100080006661737400000000000FC93F000F494013
:1000900000CB9640000FC9400053FB4000CB1641F7
:1000A00000ED2F41000F49410031624100537B4177
:1000B000003A8A4100CB9641005CA34100EDAF417C
:1000C000007EBC41000FC94100A0D5410031E24192
:1000D00000C2EE410053FB4100F20342003A0A42E3
:1000E0000083104200CB164200141D42005C2342E4
:1000F00000A5294200ED2F4200363642007E3C42E8
:1001000000C74242000F4942A2000000F90000006F
:10011000830000006E0000004E000000440000005C
:100120001500000029000000FC000000270000006E
:1001300057000000D1000000F5000000340000006E
:10014000DD000000C0000000DB00000062000000D5
:1001500095000000990000003C00000043000000F2
:100160009000000041000000FE000000510000006F
:1001700063000000AB000000DE000000BB000000D8
:10018000C500000061000000B7000000240000006E
:100190006E0000003A000000420000004D00000028
:1001A000D2000000E000000006000000490000004E
:1001B0002E000000EA00000009000000D10000004D
:1001C000920000001C000000FE0000001D00000066
:1001D000EB0000001C000000B1000000290000003E
:1001E000A70000003E000000E800000082000000C0
:1001F00035000000F50000002E000000BB000000EC
:100200004400000084000000E90000009C000000A1
:100210007000000026000000B40000005F00000035
:100220007E00000041000000390000009100000045
:10023000D6000000390000008300000053000000D9
:1002400039000000F40000009C0000008400000061
:100250005F0000008B000000BD000000F9000000FE
:10026000280000003B0000001F000000F800000014
:1002700097000000FF000000DE0000000500000005
:10028000980000000F000000EF0000002F000000A9
:10029000110000008B0000005A0000000A0000005E
:1002A0006D0000001F0000006D000000360000001F
:1002B0007E000000CF00000027000000CB000000FF
:1002C00009000000B70000004F00000046000000D9
:1002D0003F000000660000009E0000005F0000007C
:1002E000EA0000002D00000075000000270000005B
:1002F000BA000000C7000000EB000000E5000000AD
:10030000F10000007B0000003D000000070000003D
:1003100039000000F70000008A00000052000000D1
:1003200092000000EA0000006B000000FB000000EB
:100330005F000000B10000001F0000008D00000001
:100340005D000000080000005600000003000000EF
:100350003000000046000000FC0000007B000000B0
:100360006B000000AB000000F0000000CF000000B8
:10037000BC000000200000009A000000F400000013
:10038000360000001D000000A9000000E30000008E
:1003900091000000610000005E000000E600000027
:1003A0001B0000000800000065000000990000002C
:1003B000850000005F00000014000000A0000000A5
:1003C00068000000400000008D000000FF000000F9
:1003D000D8000000800000004D0000007300000005
:1003E00027000000310000000600000006000000A9
:1003F0001500000056000000CA0000007300000055
:10040000A8000000C900000060000000E200000039
:100410007B000000C00000008C0000006B000000AA
:100420000000C93F0000F0390000DA370000A233B5
:100430000000842E0000502B0000C2270000D022B4
:100440000000C41F0000C61B000044170400000089
:1004500007000000090000002C2066756E637469B7
:100460006F6E3A2000617373657274696F6E20223B
:10047000257322206661696C65643A2066696C6543
:1004800020222573222C206C696E6520256425733B
:1004900025730A00232D302B2000686C4C00656604
:1004A00067454647003031323334353637383941C5
:1004B00042434445460030313233343536373839DB
:0804C0006162636465660000DF
:0804C800586DFF7F01000000E8
:0804D00079790008000000002A
:0804D80051790008000000004A
:1004E00000093D00100000006262615F63616C5FA3
:1004F0006374726C5B785D0074785F667265715FBF
:100500006B687A5B785D00002C0000200000000022
:10051000E40300204C040020B4040020000000008C
:1005200000000000000000000000000000000000CB
:1005300000000000000000000000000000000000BB
:1005400000000000000000000000000000000000AB
:100550000000000000000000000000000300000098
:08056000E4030020000000008C
:040000050800830963
:00000001FF
