:020000040800F2
:1000000000000120F98000089D6A0008A16A00082C
:10001000A56A0008A96A0008AD6A0008000000008F
:10002000000000000000000000000000B16A0008AD
:10003000B56A000800000000B96A0008BD6A00083F
:10004000498100084981000849810008CD6A0008FB
:100050004981000849810008498100084981000858
:1000600049810008096B000849810008498100089E
:100070001D6B0008296B00084981000849810008B0
:10008000356B0008416B0008498100084981000870
:100090004981000849810008498100084981000818
:1000A0004981000849810008498100084981000808
:1000B000498100080000000000000000498100089C
:1000C000498100084D6B00084981000849810008FA
:1000D0004981000849810008756B000849810008C2
:1000E000616F0008756F000800000000000000004C
:1000F0000000000000000000000000000000000000
:10010000000000004981000800000000498100084B
:10011000000000000000000049810008498100083B
:100120004981000849810008498100084981000887
:1001300049810008000000000000000000000000ED
:100140004981000849810008498100080000000039
:100150004981000849810008498100084981000857
:100160004981000849810008498100080000000019
:1001700049810008498100080000000000000000DB
:1001800049810008498100084981000800000000F9
:10019000BFF34F8F0549064BCA6802F4E062134370
:1001A000CB60BFF34F8F00BFFDE700BF00ED00E065
:1001B0000400FA0590F824C0BCF1010F3CD070B5E2
:1001C00090F825C00124A44580F824405FFA8CFEF5
:1001D00004D0002380F82430022070BD022580F86E
:1001E000255004680025C5632668456C26F0010685
:1001F000266005F01C05066C0EFA05F57560636057
:100200008368102B036B0BBFA260A160E160E2600A
:100210004BB1236843F00E032360236843F00103CE
:100220000020236070BD236823F00403236023684B
:1002300043F00A032360F0E7022070472DE9F04104
:10024000764C0023237094F86530012B0D46E1684D
:1002500008D0B1F5827F60D1D8B22369002B5CD180
:1002600004285AD1002D58D092B2002A55D094F8C3
:100270006430012B51D094F86530A6682564042BB6
:100280001CBF052384F8653001210023A36684F890
:100290006410A4F84620A4F84E20C4E9153373680E
:1002A000A4F8442023F4C043A564A4F84C20736050
:1002B0006369206EB3F5E06F31D8E36D99697368B7
:1002C000B1F5806F43F4805373607DD08369B3F5DB
:1002D000806F65D094F86530514A042B514B18BF9C
:1002E0001346514A0363514B4363514B18BF1346A6
:1002F000C362B4F84E304FF00008C0F838809BB2AB
:1003000006F10C012A46FFF755FF074660B1A36EC0
:1003100084F8648043F01003A366BDE8F08173683D
:1003200023F480537360D5E77368E06D43F00103F5
:100330007360B4F846300A46C0E90B77C0E90D7720
:1003400029469BB2FFF736FF00284AD133685B0687
:1003500021D5002384F86430736843F02003736070
:10036000736843F002037360E26E2378002BD4D1EC
:1003700041F2873109E072B6237803B930BF62B623
:10038000BFF36F8F2378002BC7D1E36E9B1A8B428C
:10039000F1D9BDE8F081336843F040033360D8E71A
:1003A000736823F480537360B4F84E3013F0010F78
:1003B00073681DD123F400537360B4F84E30C3F357
:1003C0004E03A4F84E3085E7D20773681BD423F49C
:1003D00080437360B4F84630C3F34E03A4F846304C
:1003E00074E7A36E84F8647043F01003A36694E787
:1003F00043F400537360B4F84E30C3F34E0301333B
:10040000A4F84E3066E743F480437360B4F8463096
:10041000C3F34E030133A4F8463057E788000020A9
:100420008D09000889090008391D00089109000894
:100430008D1C000870B4436C066C056831682C682C
:1004400003F01C0304229A400A420ED014F0040F59
:100450000BD02B689B0603D42B6823F004032B607E
:10046000036B7260CBB170BC184702229A400A42FB
:1004700015D014F0020F12D02B68990606D42B6801
:1004800023F00A032B60012380F82530C36A7260D1
:10049000002180F82410002BE5D170BC70470822A1
:1004A0009A400A42F9D02207F7D52A68416B22F018
:1004B0000E022A60012202FA03F300247360C26371
:1004C00080F8244080F825200029E6D070BC084739
:1004D000234A9368D26813F00C0305D00C2B32D05A
:1004E000042B36D11F4870471D4A1168090754BFB5
:1004F000D2F8942012681C4954BFC2F30322C2F3FD
:10050000031251F82200002BEDD0154BDB6803F0ED
:100510000303022B22D0154A032B08BF1046104BB1
:10052000D968DA68DB68C3F34163C2F30622C1F31A
:100530000211013300FB02F201315B00B2FBF1F268
:10054000B2FBF3F0704702F00302012ACCD0002086
:10055000DBE7082B054818BF002070470148DEE79D
:10056000001002400024F40098A6000800127A004F
:10057000064A074B92680749C2F3022213440868EF
:1005800093F8303003F01F03D8407047001002404A
:1005900098A6000800000020064A074B9268074909
:1005A000C2F3C2221344086893F8303003F01F03EB
:1005B000D84070470010024098A6000800000020B4
:1005C000414A036830B4D468A40707D0D46804F063
:1005D00003049C4246D0012030BC7047022B52D00D
:1005E000032B49D0012BF6D112689207F3D5364C74
:1005F000E26822F0730213434268013A43EA0213AD
:10060000E360314C314A236823F080632360D56E68
:1006100003E0D36E5B1B022B39D823681B01F8D48F
:1006200083681B02002934D12169C56821F0784113
:1006300021F4FE4143EAC5630B43236122490B6861
:1006400043F080630B60D46E03E0D36E1B1B022B60
:100650001DD80B681B01F8D582690B691343002074
:100660000B61B9E7002CB6D0D3684268C3F302131C
:1006700001339342AFD1C4E71468A403B7D412681E
:100680005203A8D5B3E712685505A4D5AFE70320F8
:10069000A2E7012921690BD021F0C06121F4FE41BC
:1006A000194343695B08013B41EA43612161C5E7A6
:1006B00021F4C00121F4FE410B43016949080139CD
:1006C00043EA41532361B9E700100240880000204B
:1006D000F0B504680546200583B000F1F2800026DD
:1006E000A1034ED5A54B9A6DD20040F1F5800027AD
:1006F000A349A44A0B6843F480730B60D06E04E0F6
:10070000D36E1B1A022B00F200810B68DB05F7D5B4
:10071000A6BB9A49A86DD1F8903013F4407325D048
:10072000834223D0D1F890C0D1F8903043F4803385
:10073000C1F89030D1F8903023F48033C1F8903074
:100740001CF0010F2CF44073C1F890300ED0D2F899
:100750006CE041F2883C05E0D36EA3EB0E036345E9
:1007600000F2D380D1F890309B07F5D5834AD2F8B8
:10077000903023F440730343C2F89030002F40F0D0
:10078000DC80E10708D57D4A296AD2F8883023F059
:1007900003030B43C2F88830A20708D5774A696A79
:1007A000D2F8883023F00C030B43C2F8883063077B
:1007B00008D5724AA96AD2F8883023F030030B4377
:1007C000C2F88830A70608D56C4AE96AD2F88830A2
:1007D00023F440630B43C2F88830A00508D5674A6C
:1007E000E96BD2F8883023F440230B43C2F88830F9
:1007F000610508D5614A296CD2F8883023F440138A
:100800000B43C2F88830620608D55C4A296BD2F8DF
:10081000883023F440530B43C2F88830230608D5B0
:10082000564A696BD2F8883023F440430B43C2F830
:100830008830E70508D5514AA96BD2F8883023F4EF
:1008400040330B43C2F88830200323D4374661037A
:100850000FD54A4AE96CD2F8883023F040630B4345
:10086000B1F1006FC2F8883000F08380B1F1806F81
:1008700077D03E4662044DD43046230408D53F4A23
:10088000696DD2F8883023F080430B43C2F888307A
:1008900003B0F0BD394AA96CD2F8883023F0406328
:1008A0000B43B1F1006FC2F888304CD0B1F1806FCA
:1008B000CCD10121281DFFF783FE07460028C5D0B3
:1008C000C5E76F6CB7F5000F11D0B7F5400F13D027
:1008D000002F3DD0012603E79A6D42F080529A65C1
:1008E0009B6D03F080530193019B012700E7234A8E
:1008F000D36843F48033D360204AD2F8883023F49D
:1009000040033B43C2F88830E9E60326002F3FF45A
:1009100038AF12E019492A6DD1F8883023F04053DE
:100920001343B2F1805FC1F88830A5D10221281DA0
:10093000FFF746FE00289FD09FE7104A936D23F0F3
:10094000805393651DE7D36843F48013D3607DE73C
:100950003946281DFFF734FE064600287FF4C0AE56
:10096000CAE70121281DFFF72BFE0646002880D08C
:1009700080E7D36843F48013D3607AE70010024025
:100980000070004088000020704700BF704700BF23
:10099000836A19684A6822F003024A601A6E4FF0AF
:1009A000010C42F010021A6683F85DC0704700BF68
:1009B000026852E8003F23F4907342E800310029B6
:1009C000F7D102F1080353E8003F23F0010302F1DD
:1009D000080C4CE800310029F3D1036E012B06D03E
:1009E00000232022C0F8802083660366704752E807
:1009F000003F23F0100342E800310029F0D052E814
:100A0000003F23F0100342E800310029EFD1E7E76F
:100A100070B50568EC6931EA040405D05E1C06D1A6
:100A2000EB6931EA0303FBD10023184670BD154C76
:100A3000E46EA41AA34218D3BBB12C686407E9D5AD
:100A40008029E7D04029E5D0EC6914F008040ED1E4
:100A5000EE693605DED54FF400632B62FFF7A8FF81
:100A60002023C0F8843080F878400323DDE7082491
:100A70002C62FFF79DFF00220123C0F8844080F81C
:100A80007820D2E788000020836A0022A3F85A2049
:100A9000A3F85220704700BF08B518B1074B026891
:100AA0009A4208D0064B074AD3F880300649002006
:100AB0009847002008BD012008BD00BF0FB03713C4
:100AC00088000020B4E50008CCE50008B1F804C0B7
:100AD00093680A899A80BCF1000C18BF4FF0010C92
:100AE000CA7983F800C091F806C083F801C09A70F3
:100AF0009860704708B518B1074B02689A4208D051
:100B0000064B074AD3F8803006490020984700205A
:100B100008BD012008BD00BF0EB0371388000020BB
:100B2000D4E50008ECE500082DE9F041174F1D461B
:100B3000D7F8843013B1BDE8F0411847FB6F4FEA96
:100B40004208002AF7D08F1EA8F1020406468E46FE
:100B50000C443A4632F802CF9CFA9CFCA242A2F81E
:100B600000C0F7D142467146304698470DB9BDE8FE
:100B7000F08137F8023F5BBAA7423B80F7D037F8E5
:100B8000023F5BBAA7423B80F3D1F0E78800002028
:100B90002DE9F04FA5B00446FFF7ACFF10B925B022
:100BA000BDE8F08FDFF80481A56898F88830012B44
:100BB00005D9D8F88030374A37490220984778223B
:100BC000364906A808F0B0FDD8F88430344A0492BB
:100BD000002B55D004AF0222394628469847DFF84B
:100BE000D0A00DF1180B0026BBF80440BBF806900E
:100BF000A144A14532DD039705E0624698470134E0
:100C0000A4B2A14529DD44F4405C0399ADF810C0BD
:100C1000012328460322ADF81260ADF81460FFF7F7
:100C200083FFDBF80830BDF814C021462846002BAE
:100C3000E3D198F888201849012A2B4652464FF0F4
:100C40000200DCD9DBF80070CDE9007C0134D8F873
:100C50008070A4B2B847A145D5DC039F0BF10C0B03
:100C600024AB9B45C0D198F88830012B97D9D8F890
:100C700080300C4A0849022025B0BDE8F04F1847E3
:100C8000094B049304AFD8F87C3004223946284637
:100C90009847A4E7F4E5000830E60008D0A600086D
:100CA000D510010058E6000810D50001880000208A
:100CB00044E6000810B1024B9B6F1847704700BF15
:100CC0008800002010B520B10C4B02689A420446FF
:100CD00008D00B4B0B4AD3F880300B49BDE81040CD
:100CE00000201847406818B1C36898470023636024
:100CF000002323602046BDE81040DBE70DB037132A
:100D00008800002094E60008B0E6000810B504460C
:100D1000FFF7F0FE00B910BD20690023236008B181
:100D2000FFF7C8FF2046BDE81040C3E70346006850
:100D3000D3F8E8104268C3F8F0101047704700BFBE
:100D40002DE9F047D0F800800546B8F1000F1ED01D
:100D5000D8F898700FB3124E07F148044FF000090D
:100D6000583754F8040F18B1B36F9847C4F800907F
:100D7000A742F6D1D8F89800B36F00B19847B36F87
:100D800040469847B36F2846BDE8F0471847044EE1
:100D90002846B36FBDE8F0471847014EEFE700BFA4
:100DA00088000020F8B505460088002A1C460CBFC4
:100DB0004FF400534FF48053B0F59C6F0E460FD3A1
:100DC00000F151077F008342BFB236D21C4B1D4A4F
:100DD000D3F880301C49002098474FF0000C03E006
:100DE00040F662274FF0010C1849194AC4E9011274
:100DF00002F11912E26002F1191222612346002267
:100E000062805122A28223F8167B29686A68A8684A
:100E1000EF68C4F816105A609860DF602969A86905
:100E20006A699861196196E803005A61AA8B9A83EE
:100E3000343484E803006046F8BD4FF0010CD3E77A
:100E400088000020BCE60008DCE600080100020083
:100E500003001B0000B583B041F4A0410123944678
:100E60004FEA124EADF80010ADF802300422002314
:100E70006946ADF804E0ADF806C0FFF755FE03B0D3
:100E80005DF804FB10B50F4C8C461146B4F8702089
:100E900003F1020EB2EB4E0F07D2D4F880300A4AAB
:100EA0000A49BDE8104000201847013B4CF4A04C13
:100EB0004B802EF00042A1F800C0BDE81040002396
:100EC00032E600BF88000020F0E6000810E70008C6
:100ED000F0B583B043F21C02009201230E460024B9
:100EE000032269460746ADF80440FFF71DFEBDF832
:100EF000043013F4006517D141F21B042B466946F8
:100F000038460222009446F40066FFF70DFE38468C
:100F10002B4669460222ADF80040ADF80260FFF7AB
:100F200003FE012003B0F0BD054B064AD3F8805004
:100F3000054920463B46A847204603B0F0BD00BF08
:100F40008800002024E7000854E70008F0B50129D4
:100F500083B00546144622D002290AD01C4B1D4AF4
:100F6000D3F880401C4903460020A047002003B06E
:100F7000F0BD43F2460384270026ADF80030284632
:100F8000012303226946ADF80260ADF80460FFF763
:100F9000CBFDBDF8040030B16CB90120E7E743F2A6
:100FA00045038327E8E70A4B0C4AD3F880400A49F7
:100FB0002B46A047DAE747F4805733466946284670
:100FC0000222ADF80070ADF80260FFF7ADFDE4E776
:100FD000880000206CE7000854E7000888E7000854
:100FE000F0B5012985B00646154633D0022925D132
:100FF00043F2320301240027ADF808300322012315
:1010000002A93046ADF80A70ADF80C70FFF78CFD00
:10101000BDF80C306B8003F00702012A2A802AD029
:1010200013F006001AD11849184AD1F8804018491F
:101030000096A0470024204605B0F0BD124B154A8B
:10104000D3F88040124903460020A0474FF4405394
:101050000024D0E743F233030C46CCE7023A012ADE
:10106000E9D9094A0096D2F8804009490A4A384627
:10107000A0472F80DEE70449084AD1F880400449A0
:1010800000963846A047D5E788000020BCE7000856
:1010900054E700086CE7000820E80008ECE70008C7
:1010A00010B582B001AA01210446FFF799FF002282
:1010B00001212046FFF74AFFBDF80430022B09D07A
:1010C0000649074AD1F8804006490020A047002081
:1010D00002B010BD012002B010BD00BF880000208A
:1010E00054E800089CE8000810B50C4C94F88810EF
:1010F000012982B010D90A49D4F8804012F4006F57
:101100000346084818BF0846C2F30A01CDE90001AA
:10111000054A06490220A04702B010BD8800002001
:10112000BCE80008C4E80008CCE8000830E6000885
:1011300010B50A4C94F888C0BCF1010F82B00BD9ED
:101140002C3989B203461046D4F88040044ACDE9D0
:10115000001004490220A04702B010BD8800002002
:10116000E0E8000830E6000830B5094991F8884009
:10117000012C83B009D902F00F04D1F88050054A40
:101180000549009403460220A84703B030BD00BFC4
:101190008800002008E9000830E6000810B50A4C75
:1011A00094F888C0BCF1010F82B00BD97D3989B2A7
:1011B00003461046D4F88040044ACDE900100449A3
:1011C0000220A04702B010BD8800002028E90008D6
:1011D00030E6000810B5A1F1620C144C1CF0010FB0
:1011E000034694F888E084B01FFA8CF00ED1BEF16B
:1011F000010F09D94008D4F880400292CDE90001DE
:101200000B4A0C490220A04704B010BDBEF1010FEB
:10121000FAD94008D4F880400292CDE90001064A8C
:1012200004490220A04704B010BD00BF8800002080
:1012300058E9000830E6000890E9000810B50B4CAA
:1012400094F888C0BCF1010F84B00CD90346A1F515
:101250008C7080B2D4F880400090CDE90112022059
:10126000034A0449A04704B010BD00BF8800002015
:10127000C8E9000830E600082DE9F04F1F4EDFF8FE
:1012800088B0804615460FCE91B002AC0FC40FCE89
:101290000FC40FCE0FC49BF888C096E80300BCF1C2
:1012A000010F84E8030007D9DBF88040144A154990
:1012B000009543460220A047DFF850A0DFF8449095
:1012C00002AC10AE02E00834B44213D0A3881D4231
:1012D000F9D09BF88820012A4346524649464FF0F0
:1012E0000200F0D927680097DBF880700834B8470F
:1012F000B442EBD111B0BDE8F08F00BF48A70008A1
:10130000F0E9000830E60008880000200CEA000838
:101310002DE9F04782B0BDF828400B9F03EBC405D0
:101320006B88002B45D06E68844601EB0208043EB2
:101330004FF0000E56F8044F620092B28A4234D346
:10134000424532DAC4F30170012818D002283CD09B
:1013500098BB521A93B2C4F34459012202FA09F21B
:1013600097424BD33449013AD1F880400192334936
:10137000334A0097A047002002B0BDE8F087521A18
:1013800092B20CEB42093CF81200B9F8023043EA81
:10139000004323F00F0317B1C4F303442343180C95
:1013A0002CF81200A9F802306B880EF1010E73457B
:1013B000C0D8012002B0BDE8F0871F4B214AD3F806
:1013C00080301E4900209847D5E7521A92B20CEBA4
:1013D00042003CF81290438843EA094323F00F038C
:1013E00017B9C4F3034423431C0C2CF81240438068
:1013F0006B880EF1010E73459CD8DAE7C4F3044AFA
:101400000CEB43043CF813006288C9F1200942EA5E
:1014100000424FF0FF3020FA09F000FA0AF022EA09
:10142000000207FA0AFA42EA0A02100C2CF813002A
:1014300062806B88B9E700BF8800002058EA000886
:1014400020EA000864EA00082DE9F04383B01D4655
:1014500043F440534FF00008BDF82840ADF8003089
:101460008946164669460123032245F480550746FE
:10147000ADF80280ADF80480FFF756FBADF80050E0
:10148000BDF9045004FA09F46C4004EA0602554020
:101490004346694638460222ADF80250FFF744FB46
:1014A00003B0BDE8F08300BF30B583B00025294606
:1014B00000957B23FF220446FFF7C6FF0121009120
:1014C00020468B230222FFF7BFFF8B23802200954B
:1014D00007212046FFF7B8FF03B030BD70B582B0DA
:1014E00043F2370200230092ADF8043003220123B7
:1014F00069460546FFF718FBBDF8043013F0C00F2E
:101500001AD143F21C0201230092002469460322EF
:101510002846ADF80440FFF707FBBDF804301B0573
:1015200017D50F4B0F4AD3F880600F4920462B4642
:10153000B047204602B070BD094B93F88820002ABE
:10154000DFD0D3F88040094A07492B460120A04745
:10155000D7E72846FFF7A8FF012002B070BD00BF03
:1015600088000020B4EA000854E7000888EA000870
:10157000002870B446DB0029034639DB88420A465E
:101580004BDA0025012429461B04B3FBF2F343F692
:10159000284293425AD946F2D632934261D948F64C
:1015A000720293425FD94AF6494293425DD94DF2A5
:1015B000A30293425BD94FF24B72934298BF05202E
:1015C00045D94FF24C7648F233224CF2A3409B1B94
:1015D00002FB03F300EB134014B1C0F5C9301F3018
:1015E00015B1C0F549303F30C1B1404270BC7047C1
:1015F000494209B2884217DA002501240A46034607
:101600002146C1E7404202B20029104614DB914254
:101610000B4605DD99BB1D4800E050BB70BC704710
:10162000002401252146AFE70028DED000250B4627
:1016300002462C460121A7E7494209B28A424FF0EF
:101640000105DADB0B46002429469DE70020104AFD
:1016500002EBC00602EB8002D6E93A60D2F8202104
:10166000B5E70120F3E70220F1E70320EFE70420CC
:10167000EDE700250B4602462C46294684E7012566
:101680001A462C46034600217EE700BF2092010047
:1016900098A600082DE9F0470646804602EB420076
:1016A0008CB0154606EB8000002289460DF10C0A2D
:1016B000014617464FEA870E54469FED767AB31AD5
:1016C00075B103EB020CF444DCED007A9C46DCEDD2
:1016D000006A0C3367EEA67A8B4237EE277AF0D198
:1016E0000EF1040EBEF10C0FA4EC017AE5D1013726
:1016F000032F0AF1100AA2F1040201F10401D9D169
:101700009DED045ADDED055ADDED086A6A4606F1E5
:101710000C01DFED607A43463DB11C4694ED007A42
:101720000C33834277EE877AF7D108F104088845B5
:10173000E2EC017A00F10400EBD19DED037AF0EECA
:10174000C77AF4EE677AF1EE10FA12D69FED526A7C
:10175000F4EE467AF1EE10FA0BDC9FED506AF4EEEF
:10176000C67AF1EE10FA04DAB5EE407AF1EE10FA2C
:101770007DD0F7EE007A87EE872A9DED073A9DED42
:101780000B7A65EE023A25EE824A65EE237A65EE23
:10179000A34A33EE673A25EE846AF0EEC32A65EE7B
:1017A000047AF4EE622AF1EE10FA76EEE44A76EE6E
:1017B000E77A37EE466A06D69FED377AF4EE472A87
:1017C000F1EE10FA47DDB7EE007AC7EE032ADDED41
:1017D000006A9DED017A9DED023A63EEA63A67EE4E
:1017E000A27A37EE637A64EEA73A67EE877A36EE2E
:1017F000636A24EE264AF0EEC63A73EE677AF4EE98
:10180000633AF1EE10FA77EEC47A06D69FED224ADB
:10181000F4EE443AF1EE10FA2FDD87EE864A01200D
:10182000002364EE844A65EE845A77EE647A89ED8B
:10183000024A67EEA27A25EE275AC9ED017A76EEC2
:10184000C57A77EEE57A67EE827AC9ED007A336081
:101850000CB0BDE8F0879FED117AF4EEC72AF1EEE7
:1018600010FAB0DAB5EE403AF1EE10FAABD1002042
:10187000002333600CB0BDE8F0879FED084AF4EE1A
:10188000C43AF1EE10FAC8DAB5EE406AF1EE10FA99
:10189000EDD0C2E700000000FFFF7F7F0000800066
:1018A0002DE9F047C36D8769056900247C80814676
:1018B0001C7000F14806A04656F8043FFBB1B3F88F
:1018C00038C0B3F89400B3F89610B3F8DC2005EBF9
:1018D000400005EB410105EB420205EB4C0CC3E96E
:1018E0001301C3F8A820C3F814C03C701868D3F8DB
:1018F000E020416883F8E880C3F8E4208847013499
:10190000E4B2042CD8D1D9F80000BDE8F047436810
:10191000184700BF0068C368184700BF70B5044689
:10192000806980B1E3694BB1104B93F888202AB1EC
:10193000D3F880300E4A0F49012098472068BDE84F
:10194000704083681847094D0B4AD5F88030094923
:101950009847E36943B195F888302BB1D5F88030CA
:10196000034A044901209847002070BD88000020E8
:10197000E4EA0008F4EA000804EB000830B4026965
:10198000B0F8423090F8381032F81330032908BF0D
:1019900083F4004340F2E51101FB03F31B0C816C5F
:1019A0008446A3F589700880BCF83C10DCF84C0034
:1019B00032F8111039B1BCF8401032F81110012979
:1019C00094BF002101210170BCF83E00BCF83A1020
:1019D000DCF8505032F8111032F81020DCF8544086
:1019E00040F2E51000FB02F2A3EB12431BB2002B06
:1019F000BCF94420DCF80000B8BF5B421BB29A423D
:101A0000A1F10102B2FA82F2ACBF00230123520914
:101A10002A70237030BC4368184700BF0068C36851
:101A2000184700BF00688368184700BFD0E90F233C
:101A3000816B0069184700BF836910B50446CBB1BC
:101A40000E4B93F8882052B963698BB10B4B0C4A4B
:101A5000D3F880300B4900209847002010BDD3F800
:101A60008030094A0749012098476369002BEDD16E
:101A7000012010BDC369002BE2D1E5E788000020FA
:101A800058EB00083CEB000820EB00082DE9F04F74
:101A90009B461B68C2F51E66B34294BF9EB2B6B2A7
:101AA000884674084FEA520183B017464FEA810115
:101AB0000CD0144B08EB84041944434651F8042B12
:101AC0005A80120C1A800433A342F7D10E4C851EA3
:101AD00004F1E20A04F1E40914F8013B35F8022F9D
:101AE0003946CDE9003240464B463246FFF710FCFE
:101AF000A24501D00028EFD1CBF8006003B0BDE8CB
:101B0000F08F00BF90BA0008D4A700080068C3682F
:101B1000184700BF00688368184700BFF0B482B060
:101B20002E4E056800238DF80330F36EF76EC3F177
:101B300064031A442A4B1B6803EB8303C3EBC30300
:101B40001B0D02FB03F30193AB6819420AD134E089
:101B5000019C019B013B0193AB68002C08BF002254
:101B600019422AD0B1F5C06F05D12B7BDBB28DF8BD
:101B700003309DF80330F36EDB1B9342E8D36B68B0
:101B8000426823F0E003B2F5827F6B6019D0836A6C
:101B9000B3F5005F07D12B6823F400532B602B684B
:101BA00043F400532B600122002380F85D2080F86D
:101BB0005C30032002B0F0BC7047002002B0F0BCE3
:101BC00070478368B3F5004F02D0B3F5806FDED164
:101BD0002B6823F040032B60D9E700BF880000206A
:101BE0000000002070B4274D274BEA6E1B68046884
:101BF000EE6EC2F16402114483B0C3F3CB3301FB38
:101C000003F30193A3681A062CD509E0019A019BFE
:101C1000013B0193A368002A08BF00211B0621D5C0
:101C2000EB6E9B1B8B42F1D36368426823F0E003A9
:101C3000B2F5827F636019D0836AB3F5005F07D184
:101C4000236823F400532360236843F40053236084
:101C50000122002380F85D2080F85C30032003B06F
:101C600070BC7047002003B070BC70478368B3F548
:101C7000004F02D0B3F5806FDED1236823F040031C
:101C80002360D9E7880000200000002038B5294AE9
:101C90000368D56E1B689B061BD4846A2368A26800
:101CA0005868616820F0200058609AB15868B1F512
:101CB000827F20F00100586022D029462046FFF79D
:101CC00091FFB0B901230022A4F8462084F85D30CA
:101CD000236E38BD5A68B1F5827F0CBF22F0030233
:101CE00022F001025A6029462046FFF77BFF0028B8
:101CF000E8D0236E43F02003236620232366E1E728
:101D0000B2F5004F12D11A6822F0400229461A603B
:101D10002046FFF767FF0028EBD12A464FF4C06149
:101D20002046FFF7FBFE0028CCD0E2E7B2F5806F3B
:101D3000E9D0C2E788000020F8B51B4D0368EF6EBC
:101D40001B68846A9B062CD42668736823F02003E2
:101D500073603A464FF4C0512046FFF7DFFE58B992
:101D600039462046FFF73EFF30B93A464FF4C0618E
:101D70002046FFF7D3FE38B1236E43F020032366DD
:101D8000236E43F020032366736823F0030373601C
:101D900000220123E287A4F8462084F85D30236EF8
:101DA0000BB901232B70F8BD8800002030B4124D10
:101DB000124C00F1BC0C002143680B44024640F871
:101DC000043F12689A1AAA4209DD50F8042CA3F5C0
:101DD000C9237E3BA1F5C92103607E399A1AA2422C
:101DE00006DA03F5C92301F5C9217E3303607E318C
:101DF0008445E1D130BC70473F240300C1DBFCFFC8
:101E00002DE9F04FBFB00DF138090D469046019312
:101E100000F1020B3EAFCA46002440F6B73631E06F
:101E200025B335F8141001F01F0E4FEA912C0EF176
:101E3000300E00FB0EF0C1F34411ACF1200C02FB9C
:101E40000CFC002801F1300102FB01F1B8BF3F306A
:101E5000BCF1000FB8BF0CF11F0C8011002900EB82
:101E60006C10B8BF3F3100B241F38F110134182C10
:101E700008BF0024FFF77CFB4AF8040BBA450BF1BE
:101E8000040B0ED0BBF900203BF9020C02FB02FC54
:101E900000FB00CCB4451146C2DC00203FB0BDE8D9
:101EA000F08F0DAC0DF1060109F15C05224652F8E8
:101EB000043F002BB8BF0F3302311B1195420B803A
:101EC000F5D14846FFF772FF002254F8043F216E17
:101ED000A542A3EB01031A44F7D1124B83FB021373
:101EE000D217C2EBA31404F5994330334CF66212B7
:101EF0009342D2D802AE35460FCD4D4508F11008B9
:101F000006F1100648F8100C48F80C1C48F8082C8C
:101F100048F8043CEFD1019B01201C803FB0BDE894
:101F2000F08F00BFABAAAA2A2DE9F04FADF2146DD5
:101F30000446914603938D1C03AE0DF20C67B5F970
:101F4000001035F9020CFFF713FB46F8040FB742F7
:101F500005F10405F3D100214846202206F0B6FF22
:101F60000DF16C0A4FF6FF73002104EB4406029357
:101F7000304DDFF8C48001915346F600A9F1040901
:101F800040F694578A469B46ABF15C00FFF70EFF84
:101F9000ABF160004FF0000C50F8043F026E584562
:101FA000A3EB02039C44F7D1BCF1000F31DB4FEAF5
:101FB0009C1007FB00F0400D04FB00F006EB102026
:101FC000C9F80400BAF1000F03D0D9F800308342F9
:101FD0002AD959F8043F4344002BB8BF5B42AB42B7
:101FE00004D21D460123CDF808A001930AF1010295
:101FF0001FFA82FABAF1080F0BF1C00BC4D1019994
:1020000011B1DDE902231A8008460DF2146DBDE816
:10201000F08FCCF10000800907FB00F0400D04FBBD
:1020200000F0A6EB1020CBE7002108460DF2146D5E
:10203000BDE8F08F40420F00E0D764FC2DE9F04F7F
:1020400087B04FF0000E164600EB41090290821E49
:10205000CDE90316A9F1120935464FF0010BF246FE
:10206000F4467046CDF804E005931EE040F2EE2100
:102070008B4240DC634500DD9C464FF0000BBEF117
:10208000000F0ABF4FF0000B70460120CAF1000894
:102090004345019BB8BFA4EB060ABB4238BF3B4691
:1020A0009145019305F102052BD0568A32F8024F73
:1020B000331B03F50048B8F5803F2746D6D240F2DF
:1020C000EE218B422B8007DD178868B9634515DD4B
:1020D0009C464FF0010ED9E7514917889C45B8BF7F
:1020E0009C468B42D2DACAE7634500DD9C468646B1
:1020F0004FF0000BCAE74FF0000BE6E74FF0010E80
:10210000C4E71946DDE90346059BBBF1000F03D187
:10211000002007B0BDE8F08FBEF1000FF8D0002816
:10212000F6D0CDE9031C0027A4F11C09B84606F13E
:1021300012043D463E46BE46D34634F9021F019680
:1021400001EB810C01EB4C010A22A246A4463CF9AA
:10215000026D02FB06113AF9026F02FB0611013A09
:10216000F5D1019EA942C4BFF0460D468E42C8BFBC
:1021700077460EF1010EC8BF0E46F145DDD14CF297
:102180005034A542DDE9031CDA46C1DD254CA642E8
:10219000BEDABCF1000FBBD0BBF1000FB8D0029C7F
:1021A000119D2488C900E4004DB18C4205D2ACEBEE
:1021B0000402013A0A44B2FBFCF2119D2A60109A13
:1021C000002AA6D0002BA4D0029A08F10E0532F8FE
:1021D0001520B4EBC20F4FEAC20606D2ACEB0404E2
:1021E000013C3444B4FBFCF42D1B029A0E3732F848
:1021F0001720B1EBC20F4FEAC20405D94A1E524460
:10220000121BB2FBFAF2BF1A55EA070280D4BD4294
:102210003FF77EAF109A7F1B17601D6079E700BF04
:1022200012FDFFFFB03CFFFF2DE9F04F204C93461D
:102230009A46851E8A1E04F1E2074FF000084FF40B
:102240001E6604F1E40935F8021F32F8023F994294
:1022500022D0217809EBC1014B8833B349680020B3
:1022600001EB830347F6FF7E51F804CB1FFA8CFC89
:10227000E64528BFE646604538BF60468B42F3D14D
:10228000400080B24FEA4E0E80451FFA8EFE38BFE6
:102290008046764528BF76460134BC42D3D1ABF8A0
:1022A0000060AAF80080BDE8F08F4FF6FE7EF0E7F0
:1022B000D4A700081149D1F88C20D06810F0400054
:1022C00001D0002070474FF0FF3310B4D360CC6EC4
:1022D000D3685B060FD4032803D10CE0D3685806FB
:1022E00008D4CB6E1B1BB3F57A7FF7D9032081F896
:1022F000AD00EDE700205DF8044B7047880000203A
:10230000094A0A4BD2F88C10CB60D06E04E0D36E31
:102310001B1AB3F57A7F04D8CB689B06F7D500204B
:1023200070470320704700BF880000205FFF030054
:1023300008B5114BDA6822F08002DA609A689206DA
:1023400003D4FFF7DDFF88B908BD9A6822F02002A8
:102350009A60FFF7D5FF18B1084B032083F8AD0052
:10236000054A936843F02003936008BD034B0320A4
:1023700083F8AD0008BD00BF0028004088000020A1
:10238000F0B5614C94F8AC30012B00F0BB80D4F870
:102390008C100223012284F8AC2084F8AD308B68C5
:1023A00013F0400C18BF90F803C003780CBF80F8FE
:1023B00003C04FEA8C5C092B09D900220A3BDBB22F
:1023C000092B02F10102F9D843EA0213DBB21A0425
:1023D0004378092B09D900250A3BDBB2092B05F10B
:1023E0000105F9D843EA0513DBB28678092E4FEAD6
:1023F000032309D900250A3EF6B2092E05F101058D
:10240000F9D846EA0515EEB290F824E0BEF1090FBE
:102410000DD90025AEF10A0E5FFA8EFEBEF1090F4E
:1024200005F10105F6D84EEA05155FFA85FE456906
:10243000076A3D4345EA0C052A4313433343456885
:1024400043EA0E62C3691D43836ACA20486253206F
:102450004862B3F5807F8B6837D023F400738B60BC
:10246000CB68DBB263F42073CB60E06E04E0E36E14
:102470001B1AB3F57A7F1ED8CB689B07F7D50A6283
:102480008D648B6843F400738B608B6843F4005356
:102490008B601E4B1A68002042F4802284F8AC0046
:1024A0001A609A6842F480229A60FF2201234A62ED
:1024B00084F8AD30F0BDFF2203234A6284F8AD30CA
:1024C000002384F8AC300320F0BD23F480738B60CC
:1024D000CB68DBB263F4C073CB60E06E04E0E36E04
:1024E0001B1AB3F57A7FE6D8CB68DE07F7D5CA6149
:1024F0004D648B6843F480738B608B6843F4805326
:102500008B60C6E70220F0BD880000200004014077
:102510002A4A03460068904270B43BD8284A294CA6
:1025200014210244B2FBF1F29200022183F825103B
:1025300001689D689E691C6421F4FF4C59695A64C6
:102540002CF0700C294341EA0C01314341F0800129
:10255000B5F5804F016014D0596802F01C020F20BD
:1025600090409140174A94426FEA00001AD0D2F886
:10257000A8442040C2F8A804D2F8A8040143C2F835
:10258000A81400200122D86383F8240083F82520B2
:1025900070BC70470C4A0D4C02441421B2FBF1F29E
:1025A0009200C2E7D4F8A8200240C4F8A820D4F8CA
:1025B000A8201143C4F8A810E3E700BF07040240B5
:1025C000F8FFFDBF00000240F8FBFDBF0004024021
:1025D000134BDB68C3F30223C3F1070C1A1DBCF1D4
:1025E000040F28BF4FF0040C062A88BFDA1E4FF0F4
:1025F000FF3303FA0CF398BF002221EA0303934050
:102600001B01421CDBB206D000F1604000F56140C6
:1026100080F800337047024A82F82330704700BFC9
:1026200000ED00E038B5104D104A2B68A2FB0323E3
:102630009B09013BB3F1807F01D3012038BD4FF0EE
:10264000E0220B495361F02381F823300024072353
:102650000F2894611361F0D801464FF0FF30FFF767
:10266000B7FF6960204638BD00000020D34D6210DE
:1026700000ED00E00F49104AC86E13691B0704D52E
:102680000D4B1869C0F3C0007047CB6E1B1AB3F531
:102690007A7FF5D272B613691B0700D430BF62B6D9
:1026A000BFF36F8F13691B07EFD5034B1869C0F396
:1026B000C0007047880000200004004810B5534B4C
:1026C00093F8AC200021012A83F8B01000F0858037
:1026D000D3F88C20CA21022483F8AD400120516236
:1026E000532183F8AC005162916821F480619160BC
:1026F000D168C9B261F49061D160D16849066ED5E4
:102700001F2151619168424821F0070141F0030106
:102710009160016841F480110160816841F4801189
:102720008160916841F4804191609168FF2441F497
:10273000806101209160546283F8AD0093F8B0107D
:10274000002283F8AC2000295CD172B6BFF34F8F12
:10275000BFF36F8F93F8B02002B930BF62B6BFF3FA
:102760004F8FBFF36F8F93F8B020002AEDD093F80E
:10277000AC200021012A83F8B0102ED0D3F88C00B1
:102780000224CA2283F8AD400121426253224262F0
:1027900083F8AC10826822F480628260826822F43E
:1027A00080428260DC6E04E0D96E091BB1F57A7F4D
:1027B0000CD8C26812F00402F6D0FF2401220021D6
:1027C000446283F8AC1083F8AD2010BDFF240321D0
:1027D000446283F8AC2083F8AD10FDF7D9FCDC6EC1
:1027E000D16811F004018BD1D86E001BB0F57A7F4F
:1027F000F6D9FF240320546283F8AC1083F8AD00AF
:10280000FDF7C6FC83F8B020B8E700BF88000020C1
:10281000000401402DE9F04F89B00493002900F035
:10282000898002F003077D1EC2F300130295DFF8D2
:10283000B0B1694C059302F4403500234FF0010814
:1028400003959246019708FA03FC1CEA01066DD035
:10285000029F5A0003259540012F6FEA05056CD9A8
:10286000019F032F40F0AC80D0F800C0019F0CEA1C
:10287000050C07FA02F242EA0C020260039A002AEF
:1028800054D0DBF8602042F00102CBF86020DBF886
:10289000602002F001020792079A23F0030202F17E
:1028A000804202F5803203F0030CD2F808E04FEAD0
:1028B0008C0C0F2505FA0CF5B0F1904F2EEA050EA1
:1028C00011D0464DA84277D005F58065A84275D055
:1028D00005F58065A8426DD005F58065A84214BF56
:1028E0000725042500E0002505FA0CF545EA0E054C
:1028F0009560A268F5431AF4801F0CBF2A4032434A
:10290000A260E2681AF4001F0CBF2A403243E26062
:1029100062681AF4003F0CBF2A40324362602268AA
:102920001AF4803F0CBF2A4032432260013331FA4F
:1029300003F288D109B0BDE8F08FD0F80890129F5B
:1029400009EA050907FA02FE4EEA090EC0F808E096
:10295000D0F804E0059F2EEA0C0E07FA03FC4CEABF
:102960000E0CC0F804C0049FD0F80CE007FA02FC7B
:10297000019F0EEA050E4CEA0E0C022FC0F80CC0A7
:102980007FF472AF4FEAD30900EB890903F0070C1B
:10299000D9F820704FEA8C0C4FF00F0E0EFA0CFE97
:1029A00027EA0E0E139F07FA0CFC4CEA0E0CC9F82E
:1029B00020C059E7032597E7012595E7022593E70E
:1029C000D0F80CE0049F0EEA050E07FA02FC4CEA70
:1029D0000E0CC0F80CC047E700040140000400489A
:1029E000001002402DE9F041C16F05689EB0044619
:1029F00000295FD025682423E3672A68636A22F0F0
:102A000001022A60002B40F0C380D4E90402A368CD
:102A1000296803431343E0699E4A03430A40134372
:102A20002B606B68E26823F4405313439A4A6B604F
:102A30009542A369AA6800F0F180216A22F430620D
:102A40000B431343954AAB6095421BD0944B9D4278
:102A500040F0158103F5E633D3F8883003F00C031A
:102A60000C2B00F20F81DFE813F0E0010D010D01E6
:102A70000D0172010D010D010D012B010D010D0163
:102A80000D016201874BD3F8883003F00303022B5A
:102A900000F01681032B00F04A81012B00F05781D2
:102AA000B0F5004F00F0CA81FDF776FD002800F078
:102AB00018810AE180F878105C2207A806F006FA6F
:102AC000764B9D4200F0BF81754B9D4292D102270B
:102AD00007A80797FDF7FCFD0646002840F0DF81B8
:102AE000704B714D9A6D42F400329A659A6D02F402
:102AF00000320492049ADA6C42F00102DA64DB6C70
:102B000003F00103039307220323CDE90032039965
:102B100003463A464FF090400F214FF08008FFF7F0
:102B200079FEC5E92E76C5E93068C5E93266C5E9A2
:102B3000346605F1B4065D4BC5F8B4303046FFF796
:102B4000E7FC002840F0AB816667102305F1FC0626
:102B5000C5E94208C5E94400C5E94600C5F80431A5
:102B60003046534BC5F80071C5F8DC40C5F8FC3061
:102B7000FFF7CEFC0146002840F091812667262011
:102B8000C5F82441FFF724FD4A4B40225A6031E743
:102B90001E0705D56A68616B22F400420A436A6029
:102BA000D80705D56A68A16A22F400320A436A6030
:102BB000990705D56A68E16A22F480320A436A609F
:102BC0005A0705D56A68216B22F480220A436A609D
:102BD000DF0605D5AA68A16B22F480520A43AA60D9
:102BE0009E0605D5AA68E16B22F400520A43AA604A
:102BF000580609D56A68216C22F480120A43B1F59F
:102C0000801F6A6000F00A8119067FF5FEAE6B68CE
:102C1000A26C23F4002313436B60F6E622F43062C7
:102C200013432049AB60D1F8883003F44063B3F517
:102C3000006F00F0F18000F2E880002B00F02981A5
:102C4000FDF746FC00284CD0626802EB4203834249
:102C500018D8B0EB023F15D8510800230F464FF4A7
:102C600080761946E0FB0671384604F033FA124BC1
:102C7000A0F540729A4205D8074BD86031E00F4B5F
:102C80009D425AD00023C4E91A3301201EB0BDE88A
:102C9000F08100BFF369FFEF008000400038014081
:102CA0000044004000100240880000206C000240F8
:102CB0008000024000E100E0FFFC0F0000480040FF
:102CC000B0F5004F794800F08B80636800EB53004B
:102CD000B0FBF3F04FF6EF73A0F110029A42D1D897
:102CE000E8606A687249002322F49042C4E91A330A
:102CF0006A60AA6822F02A02AA602A6842F00102E9
:102D00002A60C4F88430CE6E2B681A0727D42B684B
:102D10005B073ED400232022E26784F87830C4F8B1
:102D20008020184623666366B0E7302BAAD1B0F541
:102D3000004F55D04FF40040C7E75E4BD3F88830C2
:102D400003F03003202BBBD0EFD8002B6DD0B0F5B3
:102D5000004F41D0FDF7BCFB0028C2D0B5E76FF0B3
:102D60007E4332464FF400112046FDF751FE002805
:102D7000CDD0236853E8002F22F0800243E80021E1
:102D80000029F7D12023E367002384F8783003205B
:102D90007CE76FF07E4332464FF480012046FDF71A
:102DA00037FE0028B6D0236853E8002F22F4907233
:102DB00043E800210029F7D103F1080252E8002F6F
:102DC00022F0010203F1080040E800210029F3D1BC
:102DD0002023C4F88030D7E7FDF77AFB002880D0A5
:102DE0006268530803EB40034FF6EF71B3FBF2F355
:102DF000A3F110028A423FF645AF23F00F0292B2D0
:102E0000C3F342031343EB606BE7B3F5406F7FF40A
:102E100039AF4FF4004017E7244815E76A68616C42
:102E200022F4C0020A436A60EEE6B0F5004F38D0E3
:102E3000FDF79EFB00283FF454AF46E7FDF7ACFBDF
:102E40000028CDD14DE7012307A80793FDF740FCEB
:102E5000034620BB174A116E41F480411166116E82
:102E600001F4804106910699D16C41F00101D164D1
:102E7000D26C072002F0010203210592019000911B
:102E800002224FF4C0614FF09040059DFFF7C2FC55
:102E9000B0E5FDF76DFB00283FF423AFD4E6FDF766
:102EA00077F9FDF765FB00289AD11AE70024F400B2
:102EB0008800002000100240DFF84CC0F8B51D4625
:102EC0004FF480531746CCF8283004460E46FFF7DF
:102ED000F5FB17B13846FDF719FF16B13046FDF77F
:102EE000F1FE1CB12046FDF7D7FD30B925B12846CB
:102EF000BDE8F84006F046BCF8BD0023236020463C
:102F0000FDF7D8FEF2E700BF0004004810B41E4CE5
:102F100094F8AC30012B33D0D4F88C100220CA23A3
:102F200084F8AD0001224B6253234B6284F8AC203D
:102F30008B6823F480738B608B6823F480538B60E1
:102F4000E06E04E0E26E121AB2F57A7F0ED8CB681A
:102F500013F00103F6D00020FF2201234A6284F817
:102F6000AC0084F8AD305DF8044B70470320FF22BD
:102F70004A6284F8AC3084F8AD005DF8044B7047C9
:102F800002205DF8044B7047880000200CB4F0B5B7
:102F9000ADB032AB06AE53F8042B059304460D4694
:102FA0003046962106F084FC9528C4BF1B4BCDF813
:102FB000AA301B4B1B49DF6EA1FB07311A4BA3FB49
:102FC0000723980B194BA3FB07234FEA931C184BBD
:102FD0004FF47A7202FB1C77A3FB00E25209042C27
:102FE000C2EB0212A0EB8202A3FB0CE398BF1148D4
:102FF00000974FEA531394BF005D3F20C3EB0313C8
:103000000190CDE90256490DACEB83030A4806F066
:103010001BFC2DB0BDE8F04002B070472E2E2E00F4
:1030200088000020B17C219573B2E745D34D621032
:1030300089888888A4EB000880EB000870B5094EE9
:10304000736F05469847044628B12A46002105F0CB
:103050003DFF204670BDD6F88030034A03499847AB
:10306000204670BD88000020ACEB0008BCEB0008D7
:103070002DE9F04F02EBC30787B07B88DDF8409065
:10308000F3B18246884600264D467B6853F82640B9
:10309000C4F30170012816D0022830D028BBC4F335
:1030A0004459012303FA09F39D4231D32F4A304991
:1030B000D2F880602F4A013BCDE90053A3B2B0475C
:1030C00007B0BDE8F08FA3B2194658F8232022F0CC
:1030D0000F0215B1C4F3034422435046FDF7BAFE74
:1030E0007B8801369E42D0D3EAE7204B224AD3F8B0
:1030F00080301F49002007B0BDE8F04F1847A3B249
:10310000194658F8232022F00F02002DE5D1E1E7FF
:103110001FFA84FB4FF00103ADF80E304BF420434F
:10312000ADF81000CDF81200ADF80C3003A95046F0
:1031300001230522FDF7F8FCC9F12009BDF8122092
:10314000BDF814304FF0FF30C4F3044420FA09F006
:10315000A04043EA024323EA000305FA04F4594677
:1031600043EA04025046FDF775FEB9E788000020E7
:1031700058EA0008CCEB000804EC0008F8B5164645
:103180000D464FF4E272014618461C4606F0CCFA92
:10319000B6F8581021B196F85E30191E18BF0121FB
:1031A000012396F85B2084F8C6312B4684F8C521AC
:1031B00033F8262B84F8C411A4F8C82105F1560170
:1031C00004F5E5721F685E689868D3F80CC0C2F811
:1031D0000CC010338B4217605660906002F11002F1
:1031E000F0D1B5F85630A4F8FA3105F1580604F5D7
:1031F000FE7E05F18807B446BCE80F00BC450EF121
:10320000100E06F110064EF8100C4EF80C1C4EF87D
:10321000082C4EF8043CEED1B5F88830A4F82C32D6
:1032200005F18A0304F22E24BA35186859689A68A1
:10323000DE68E6601033AB4220606160A26004F19A
:103240001004F2D1F8BD00BF2DE9F04F9846184B9D
:10325000DFF860B0B3F8707083B0043A043F5208EE
:103260007F0897420C9E0190894628BF174601F1BE
:10327000040A0025741BBC4228BF3C4645EA0B02E9
:10328000631E08EB4501A9F80020A9F8023062008E
:10329000504606F049FA254401980023A21C4946ED
:1032A000FDF742FCAE42E5D803B0BDE8F08F00BFA9
:1032B0008800002000C0FFFF2DE9F04F264C87B0AA
:1032C0000026CDE90466B4F870808946002B3DD015
:1032D0004FEA5808CDE90102A8F104080D461F463F
:1032E0004FF4004BB246039325E0029BA5F800B0D3
:1032F00033446B80631EAB80A5F806A062000021FA
:1033000005F1080005F0E2FD294601980123221D80
:10331000FDF70AFC04AA134603CA26446960286024
:1033200009EB460559F81600696803C3039B9E42E2
:10333000A7EB04070AD2B845444628BF3C46B84527
:10334000D3D200E0013CE307FCD4CEE709F108004A
:1033500007B0BDE8F08F00BF880000202DE9F04FD6
:103360002DED028B1C461B78ADF21C4D05460F4619
:1033700091460A2B12D8DFE813F021000B007200EF
:10338000F7007C010002AB02D203240455042100A3
:10339000FDF786FE002840F00A852378C84ED6F84F
:1033A0008050C84AC8490020A84700200646267019
:1033B0000DF21C4DBDEC028BBDE8F08FC04EDDF868
:1033C0004804EC22002105F081FDD6ED517ADFEDB5
:1033D000BF5ADFEDBF6AF8EE677AB6EE006A85EE97
:1033E000A77AF4EEE67A37EE067AF1EE10FABCEE42
:1033F000C77A17EE103A1FFA83F800F333849FED73
:10340000B57AF4EEC77AF1EE10FA00F12B84A8F148
:10341000100292B2EF2A40F2AD869FEDAF7ADFED57
:10342000AF6AD6F8805077EE877A37EE877ABCEEAF
:10343000E78ABCEEC77AB8EE477A77EEC77A67EECE
:10344000A67AFCEEE77A17EE907AA54BA54AA64934
:1034500001978DED008A0020A84723789FE7FDF7AC
:103460001FFE0490002898D04123002239462846A8
:10347000FFF722FF0023028C0292A0F1020A0393BD
:1034800098464FF6FF7B5A1E02FB02F2C2EBC202C5
:10349000510001F5167CC83A3AF9021F002B00F0E2
:1034A00073843AF902EC01F57A76A1EB0E019142B0
:1034B000FFF673AF61453FF770AF86EAE672A2EBA5
:1034C000E67292B25A4505D2990089B2DDF81080B1
:1034D000039193460133102BD5D1B8F1000F3FF47F
:1034E0005CAF039A82F0300ADDF84824A2F804A009
:1034F000B0F822B0B0F88020A2EB0B02B2F5FA6F60
:10350000FFF64BAF7949CDF810A01204A1FB0212CF
:1035100052094FF0000C2030039266464FF6FF7EB2
:103520000AE0514538BF4FF000080133039A9BB2BF
:10353000402B944400F05D8730F8021F029A8A1AEB
:10354000002AB8BF524292B272450BEB1C4A38BFF8
:1035500096460AF5487238BF1E468A4201F5487100
:10356000DFD24FF00008E0E7FDF79AFD00283FF4B6
:1035700014AF3946002220232846FFF79DFEB0F9FC
:1035800000200746844616460121002096463CF955
:10359000022F02F54873A3EB0E039BB2B3F5C86F7D
:1035A0003FF6FBAEB242A8BF084601F10101A8BF39
:1035B00016462029EAD1072840F2B5861728A0F13F
:1035C000070340F24B87D3F1200240F0AF8646ABB1
:1035D000039303982EA9FEF75DF800283FF4DDAEB3
:1035E0009DED2E6AB5EE406AF1EE10FA3FF4D5AECD
:1035F0009DED2F7AB5EE407AF1EE10FA3FF4CDAEA4
:10360000DDED306AF1EE666AC6EE877AF5EEC07AD5
:10361000F1EE10FAFFF6C1AEB1EE477AC7EE066AD8
:10362000F5EEC06AF1EE10FA7FF5B7AEB7EE007AAC
:1036300077EE877AFCEEE77A17EE903A9AB23F2A55
:10364000C3F34E033FF6A9AEDDF8482483F0100320
:10365000D38040F215312846FDF73AFC04260028B5
:1036600000F0E58226700DF21C4DBDEC028BBDE82A
:10367000F08FFDF715FD00283FF48FAE502339463B
:1036800000222846FFF718FEDDF84834CDF81890E0
:10369000CDE9045703F10A013023A0F1020B9C4647
:1036A0000846A246124B002447F6FF76CDE9020BEE
:1036B0005D464FF6E472A646A1461F46B04623E09B
:1036C000880000206CEC000890EC0008F902154F0F
:1036D0008096984C8096984BBD37063500247449E7
:1036E00068E700082CEC000858EC0008ABAAAAAA6E
:1036F0000080FFFF8E4204F10104C4BFDE460E4687
:103700000832082C92B21AD035F9021F0FFA82FB48
:103710004CB135F8020C081A00B28045A8BF8046AB
:103720008742B8BF07460029E4DA8B4204F101045E
:10373000BCBFD9460B460832082C92B2E4D1A7F59B
:103740001C57103FBFB244F620629742DDE9020BDE
:1037500011D8B8F1000F0ED113F5004F00F0DB8542
:1037600047F6FF72964200F03F86AEEB090EBEF1BF
:10377000080F00F0AD8254460FE6FDF791FC0028DB
:103780003FF40BAE4FF44073394628460022FFF752
:1037900093FD0DF1340B00F5C063CDE904B30023B4
:1037A000029346AB0393484E484F099416ABCDE9BC
:1037B00007B50DF1B80906930DF58A780546069C04
:1037C000AA46BAF902103AF9040BFDF7D1FE44F803
:1037D000040B4C45F5D12DACA346AA46BAF96210AC
:1037E000BAF96000FDF7C4FE4BF8040FC3450AF1B7
:1037F000040AF3D1DDE902230DF1540E98180021DB
:1038000054F8043F5EF8042F9B1AB34240F35782EA
:10381000A3F5C9237E3BB342FADC002BB8BF5B4261
:103820009942B8BF1946A04540F8043BE8D1049B33
:10383000491043F8041F0493029B60330293059BD5
:10384000C0359D42BBD1DDE907B50021099C0A4680
:103850000B465BF8040F9042C8BF194603F1010301
:10386000C8BF0246082BF4D10EAB0DF1B70253F8D6
:103870002160039B01EB410103EB41110DF1CF00EE
:1038800051F8043BB342ACBF0023012302F8013FCF
:1038900082421376F4D10020012302460AE029B1C6
:1038A00019F8011C002904BF1A4601200133302BEE
:1038B00000F0F48319F8011F002AF0D0002900F06D
:1038C00001820130F2E700BF3F240300C1DBFCFFAF
:1038D0004FF6FF73ADF83830FDF7E2FB00283FF4F8
:1038E0005CADD54ED54AD6F84431A2FB0328DDF8AD
:1038F0004834B3F8E0304FEA9818394603FB08F82B
:1039000000224FF440732846FFF7D6FC46AB07462B
:103910001A46039340460EAB3946FEF705FBC84BEB
:10392000372283F82420002800F08281DDF8482423
:10393000BDF838305384C34900932846C24A0C234B
:10394000FFF796FB284640F21741FDF7C1FA002821
:1039500000F06E819FEDBD7AF7EE007A3D4607F1EB
:10396000C00007F5D86E0DF1B80CA0F1C0034FF000
:103970000008B3F9022002FB02F1B3F9002004337E
:1039800002FB021298429044F3D106EE908AB8EE00
:10399000E66AC030C6EE076A8645B1EEE66AC7EE53
:1039A000866AECEC016AE0D1DDF84834DFEDA81A54
:1039B000DFEDA80A9FEDA81A03F1880916AB60375E
:1039C0000DF1D8089A46039B2EA92A46B2F90000A9
:1039D000F1EC016A07EE100AB8EEC77AB2F90200FC
:1039E00027EE267A414567EE077A02F1C002C3ED61
:1039F000007A07EE900AF8EEE77A32F9600C67EE8B
:103A0000A67A03F10C0327EE277A67EEA77A03ED77
:103A1000027A07EE100AB8EEC77A43ED017A27EE74
:103A2000267A32F95E0C67EE077AC3ED157A07EE57
:103A3000900AF8EEE77A67EEA67A27EE277A67EE25
:103A4000A77A83ED167AC3ED177ABFD103981022B7
:103A50005146FDF71FFE002800F0EA80DAED006A0B
:103A60009AED017AF1EEE67AB1EE006A66EE866AC8
:103A70009AED026A67EE075A66EE866AB6EE006A4B
:103A800076EEE56AF6EE085AB1EEE64AC6EE276A29
:103A900077EEE57A26EE877A67EEA17A66EE846A9B
:103AA000F7EE004A77EE867A37EE247A76EEE56A0C
:103AB000B3EE0F5A27EE207A66EEA16AF4EEC57ACD
:103AC000F1EE10FA37EE067A76EE866A00F371842C
:103AD000F5EEC07AF1EE10FA00F18884FCEEE77A98
:103AE00017EE903A1BB2B4EEC17AF1EE10FA40F341
:103AF00051846FEA83536FEA9353F3EE0F7AF4EE37
:103B0000E76AF1EE10FA40F3368443F47873043533
:103B1000AF4229F8023F7FF456AF072647E4FDF78E
:103B2000BFFA00283FF439AC10233946002228465A
:103B3000FFF7C2FBDDF84834B3F88A30002684462C
:103B400003F01F09C3F344189B0A09F1300908F177
:103B50003008A3F120000296B246B64637460CF173
:103B6000020B0BE05345774640F26E82D6469A46EA
:103B7000B3B202930136082E00F068823CF9263079
:103B80003BF9262009FB03F302FB00F1002BB8BF31
:103B90003F33002902FB08F2B8BF1F319B11002AF6
:103BA00003EB6113B8BF3F321BB242F38F1203FB2A
:103BB00003F302FB0233BB42DCD97345D2D81F4664
:103BC000D8E7FDF76DFA00283FF4E7AB60233946EC
:103BD00000222846FFF770FBDDF84834DDF8482462
:103BE0005633263200210646FEF70AF900283FF434
:103BF000D4ABDDF84834DDF84824DDF848148833C8
:103C0000304658328A31FEF7FBF800283FF4C5AB46
:103C100040F27C412846FDF75BF9092600287FF435
:103C200021AD04E0FDF73CFA002840F04781024E48
:103C30002378FFF7B4BB00BF88000020D34D62108B
:103C40000000002050CE000848B0000800004042AC
:103C5000000080420000004200007C42BD37063573
:103C6000002474491FED037A5FED036AD6F8805093
:103C70008B4B8C4A8C4977EE877A002037EE877A17
:103C8000BCEEE78ABCEEC77A8DED008AB8EE477AC3
:103C9000A8F1100877EEC77A67EEA67AFCEEE77A0D
:103CA000CDED017A17EE907AA847B8F1EF0FBFD9A2
:103CB000D6F88050FFF7C9BB03F5C9237E33BB425A
:103CC000FADBAAE50B2800F2E98108460A46EDE591
:103CD000F61ADB0093FBF6F3A9EB03030FFA83FE5E
:103CE000BEF1000FC0F26883BEF11F0F3FF743AD76
:103CF0001FFA8EFE6D4B83F815C00CF1010C5FFAB4
:103D00008CFCBCF13A0F20F802EF0BF1100B7FF4A2
:103D1000C9ACDDE90457DDF8189080234A463946DE
:103D200000932846624BFFF78FFADDF84834DDF840
:103D300048149B890093CE885E4A5F490723284632
:103D4000FFF796F95B4A5C49009608232846FFF77F
:103D50008FF90323574A5849009328460923FFF750
:103D600087F90623534A5449009328460A23FFF74C
:103D70007FF940F2D6312846FDF7AAF854460526C9
:103D800000287FF46FAC52E701F57A73002BB8BFBF
:103D90005B429BB29B4502D80123FFF774BB002214
:103DA0009B46DDF8108003920123FFF76CBB43F2C2
:103DB00032034FF0000846930322012346A9284608
:103DC000ADF81C81FCF7B0FE394612234246284666
:103DD000BDF81C61FFF770FA0146B0F800E0B0F8DA
:103DE00002C04346043140464FF6FF7746FA03F2DD
:103DF000D2070BD531F81320A2EB0C02002AB8BF72
:103E0000524292B2974284BF98B217460133102BA8
:103E1000ECD1431E0D2B3FF6C0AA00F10043013B3D
:103E200001EB430731F813207B8841F28731D21A26
:103E30008A427FF7B2AA4FF6FF7296423FF4ADAACC
:103E4000BA889B1A8B427FF7A8AA40F2E51303FBBE
:103E50000EF31B0CA3F5897313F1140F1AB2C0F201
:103E600001832C2A40F3FC824F2ACCBF0423032376
:103E7000DDF848241049A2F800E0508093840D4AF0
:103E8000009025232846FFF7F3F840F23321284617
:103E9000FDF71EF8022600287FF4E4ABC7E600BF5A
:103EA00068E700082CEC000858EC0008000000202F
:103EB00088B1000848B0000850CE000839464FF4D9
:103EC0009C6300222846FFF7F7F90DF1340A0EAF84
:103ED0000DF1580B2EAE4FF00008CDF8048053467C
:103EE000CAF8008046AA00979021C7F80080CBF856
:103EF0000080C6F800808146FEF7A0F800283FF455
:103F000096AECDE900685B4646AAF02109F59070AF
:103F1000FEF794F800283FF48AAECDE900A839688E
:103F20003268CC4BCC4D521A02FB03F305FB01F176
:103F30001B0CC3EB5133DDF84814C1F8BC30DAF880
:103F4000003005FB03F305FB02F25B0BC1F8C02058
:103F5000C1F8C43046AA0CAB40F21F1109F202307E
:103F6000FEF76CF800283FF462AECDE9007B0BABA6
:103F700046AA4FF4907109F5A860FEF75FF8002893
:103F80003FF455AECDE90086434646AA09F5F060F8
:103F90004FF49071FEF752F800283FF448AEDAF87B
:103FA00000203F68DDF82CE0DDF830C03368DBF836
:103FB0000010BE1A05FB02F7A84AACEB0E0C02FB80
:103FC0000CF25B1A05FB01F805FB0EFEDDF8481448
:103FD000120CC2EB5E32C1F8C82005FB0CF2C1F82E
:103FE000CC209F4A06FB02F2120CC2EB5732C1F8FA
:103FF000D0209C4A05FB06F603FB05F502FB03F304
:104000001B0CC3EB5833C1F8DC50974DC1F8D4609A
:10401000C1F8D8304E1E01F1EB074FF0FF3316F810
:10402000012F0821534043F300022A40013982EA5C
:104030005303F8D1B742F2D1DDF84824DB43C2F88C
:10404000EC300A26FFF7B3B99E4693E5B7EB5A0F5B
:10405000BFF4A3A9DDF84824029B13848349844A52
:10406000009328460B23FFF703F80023804A7F497B
:10407000009328460923FEF7FBFF7E237B4900932C
:1040800028467B4A0A23FEF7F3FF40F253412846B5
:10409000FCF71EFF00287FF4E5AAC8E5A0F10C0399
:1040A000082B3FF67AA902EB5002172A02D9183AD8
:1040B000172AFCD892B2910089B201F13006DDF8DE
:1040C0004834B6B25F2E1A8140F2C281694BA3FB1D
:1040D00006239B0903EB4303A6EB43134FF00008B1
:1040E0000E46C14699B20127614A009121235F49DA
:1040F0002846FEF7BDFF5E4A5C490096222328460B
:10410000FEF7B6FF03265A4A58490097012328466E
:10411000FEF7AEFF564A5549009602232846FEF7A1
:10412000A7FF3346524A5149CDF800902846FEF782
:104130009FFF4F4A4D49CDF8008004232846FEF7E3
:1041400097FF4B4A4949009705232846FEF790FF01
:104150000023474A4549009328460623FEF788FF77
:1041600040F2ED312846FCF7B3FE062600287FF426
:1041700079AA5CE577EEC77ADFED3F6A9FED3F7A7B
:1041800067EEA67AB8F13F0F77EE877AFCEEE77A12
:1041900017EE903A9BB200F21A810021B8F12F0F6E
:1041A00088BF42468C46DDF84804A0F8E080A0F8BD
:1041B000E830A0F8E210A0F8E420A0F8E6C0284615
:1041C000B6F87080FDF78AF900283FF431AD4FEA68
:1041D000590C4FEA5808C44528BFC446ACF1020C3C
:1041E000CDE903452CF0010C3B1D40F64C3A0293FF
:1041F0001FFA8CFB4FF00008E146C8F534630C331E
:10420000994594BF5D4655464FEA580468084FEA01
:1042100084010CD0154B07EB800019443B4651F844
:10422000042BDA80120C9A8004338342F7D1DDF834
:1042300048340298B3F8E23001931C2300932A46D5
:104240000B4B4146FDF764F8D0B9039C2378FFF788
:10425000A6B800BFA82A0400AA0A0100541502004B
:10426000A64A07004E750B002083B8ED50CE00081B
:1042700048B00008ABAAAAAAE8385BB500007C42A7
:10428000DDF848340298B3F8E43001931A23009320
:104290002A46754B4146FDF73BF80028D5D0DDF89E
:1042A00048340298B3F8E63001931B2300932A4662
:1042B0006D4B4146FDF72CF80028C6D0DDF8483498
:1042C0000298B3F8E8300193192300932A46664B0D
:1042D0004146FDF71DF80028B7D02B46049821462B
:1042E0003A46D844FCF7CEFD1FFA88F840F64B3327
:1042F000AAEB0B0A98451FFA8AFA7FF67EAFDDE932
:1043000003454FF4AE712846FCF7E2FD0126002874
:104310007FF4A8A98BE447F6FF739E427FF4E0ACDC
:104320005446FFF73AB800F10802002346A998184E
:1043300007EB4000039107EB430707EE903A37F98C
:10434000026BF8EE677AB842C1ED027A07EE906A26
:10435000F8EEE77A03FB03F6C1ED007A07EE906A08
:10436000F8EE677A03F10103C1ED017A01F10C0166
:10437000E3D1FFF72EB9F5EEC06AF1EE10FA3FF582
:10438000C6ABFCEEE66A16EE902A43EA42131BB275
:10439000FFF7BDBBB5EEC07AF1EE10FA3FF5ADAB5D
:1043A000BCEEC77A17EE102A43EA82231BB2FFF74E
:1043B000A4BB1F23FFF797BBCEF1000E1FFA8EFEA2
:1043C000BEF11F0F3FF6D7A94EF0200E92E4B8F1D0
:1043D000BF0F96BFA8F140024FEAD802C2F3CF0246
:1043E00008F0070C0121DEE6CE4679E40023FFF752
:1043F0007ABBDDF810A0B8F1000F3EF4CEAFDDF8C7
:1044000048345E81012300934FF47E534A46394677
:10441000ADF81831284646ABFEF716FF124A13498D
:10442000009626232846FEF723FE0F4A0F49CDF8B3
:1044300000A024232846FEF71BFE40F2C621284692
:10444000FCF746FD032600287FF40CA9FFF7EFBB1D
:104450004FF003084FF00109002745E60F2265E7FA
:10446000022305E5012303E548B0000850CE00080B
:104470002DE9F04F2DED108B9BB090F85E401D465E
:1044800090F85C300893042CB0F8583003938046C1
:10449000894616461AD8D0ED147AF5EEC07AF1EEB8
:1044A00010FA00F1F88190F86630002B00F0978246
:1044B00090F85B30002B00F09282024C024A059487
:1044C00007E000BF88000020E8EC0008C74CC84A9D
:1044D0000594D4F88030C74900209847D8ED157A64
:1044E000D4F84431009307EE103AF5EEC07AF1EEBD
:1044F00010FAB8EE478A40F3D281C8EE278AF6EE6A
:10450000007A78EEA78A039B002B00F0A88198F828
:104510005E30049398F85A30002B40F0A78198F849
:104520006020022A41F0428198F85E40012C00F0A0
:10453000ED830024224634990C71A6F8AC21002B9F
:1045400000F0998198F85F30012B00F01184022B64
:1045500000F0F883002B40F0E98301231A46F3842E
:10456000328598F86030012B00F0D983022B00F0DF
:10457000D583002B00F01484059B9F4AD3F880302C
:104580009C4900209847B9F1000F00F07881002382
:104590000093B9F8E410B9F808307180B9F8E61062
:1045A000B180B9F8E2103180B9F8E810F180B9F8BB
:1045B000021031819B00B9F8041071819BB2B9F8E7
:1045C0000610B18103F13002B9F80A10F18192B2FC
:1045D000B9F8201031825F2AB9F82210718240F2B6
:1045E000F2818649A1FB0201890901EB4101A2EB9D
:1045F000411189B200201A4604460B460121F2827D
:104600000322B38272830023009A7384B483F083FD
:10461000318331846B800123C5F80A30002A00F011
:104620006A870027CDE9017706F13E039FED749A72
:104630009FED74AADFED779ACDE90696B34605F1B2
:104640000E0A44461E46049AFBB29A4200F22A81A0
:104650000023AAF80030AAF8083033800137042F6D
:104660000AF1020A06F102060BF1560B04F11404DA
:10467000E9D1039BAA89DDF804E012FB03F26B8900
:1046800092B213449BB2DDE90696591C012089B20F
:104690000090B6F8AC01012804D1DDE9020404FB66
:1046A00000F00290029FB8F8640098F863C098F890
:1046B00062B04FF6FF74A74228BF27464408A4F112
:1046C000030A98F86640A6F89EB18CF0010C0338F6
:1046D000A6F8A6C1A6F8A471A6F8A0E1A6F8A801BC
:1046E000A6F8AAA1AA81AB80E980002C00F02B815A
:1046F000413399B24024012329802C81A6F8C0318E
:10470000B9F1000F03D0B9F80C30A6F8C231009B04
:10471000002B40F04281349A98ED145A0023136024
:10472000089BA6F8B231039B012B40F23381B8F805
:104730005830023B01229BB29FED336ADFED335AC2
:1047400098F85A10F1EE007AC8EE066A68EE277AF9
:1047500068EE255A87EE867AC5EE867AB6EE006A4E
:1047600076EE866A37EE067AFCEEE66AB5EE405AD9
:10477000D8ED155AA6F8AE31F1EE10FA16EE903AD1
:1047800077EE867ABCEEC77AA6F8B02114BF012274
:104790000022FCEEE77A328798F85B20A6F8B43165
:1047A00017EE103AA6F8B63117EE903AF5EE405AE9
:1047B000A6F8B831009BF1EE10FA14BF01200020DA
:1047C000002B40F0C28031867286708598F8613087
:1047D0000F4A0098C6F8BA210121B184A6F8BE316B
:1047E0001BB0BDEC108BBDE8F08F00BF880000202F
:1047F000A4EC0008C0EC0008E4ED0008ABAAAAAAEB
:104800002549123E8FC2753D00247449000096432D
:10481000FF07010800000000B5EEC07AF1EE10FAC3
:1048200000F1158398F85A20002A00F01383B5EEA2
:10483000407AF1EE10FA05D1F5EE407AF1EE10FA79
:1048400040F0C9835FED0D8A059B754AD3F880302F
:10485000744900209847039B002B7FF458AE039BBC
:10486000049398F85A30002B3FF459AE349A002341
:104870001371A6F8AC31B9F1000F7FF488AE0123B3
:10488000A5F802906B81CE4602214A46CDF80890E9
:10489000CDF80090FDE6644C644A059419E6DFED1E
:1048A000648A30E60123338098F85C90228940F2D4
:1048B000FF3340F2FF11B9F1000F18BF0B4652B39E
:1048C0009A4228D8A27B237C42B1022B06D1059BB9
:1048D000584AD3F88030DDE9069622E0E07B0028D4
:1048E00040F04982012B00F0AF80059B524AD3F87B
:1048F00080304C490090DDE906969847DDF804E0E9
:10490000039BAA8912FB03F26B8992B213449BB2F8
:10491000591C89B2BDE6059B484AD3F88030DDE9D1
:104920000696404900209847039BAA89DDF804E0D9
:1049300012FB03F26B8992B213449BB2591C002004
:1049400089B20090A5E62346D6E6B5EE405AF1EED0
:1049500010FA0AD0C8EE057A77EE867AFCEEE77A8E
:1049600017EE903AB3871B0C7387002361F30F0394
:10497000F5EE405A62F31F43F1EE10FA708533638F
:104980003FF424AFFCEEE87A17EE903A1A0CB285A9
:10499000F3851BE700221346CEE698F85D30072B1F
:1049A00015D8274A9FED229A134493F8F43BA6F8B2
:1049B000A231349B83ED009A049B002B40F04D8282
:1049C00098ED145AACE603200124002117E6349A2E
:1049D00098ED145A0023136000230093A0E6012CE5
:1049E00040F2EA8198F80F104246012303E00133B8
:1049F000A34200F0E181084692F82310814202F1BF
:104A00001402F4D2084F0F4AD7F8804005490597A1
:104A10000020A047D8ED157AD7F8443162E500BFF1
:104A200048ED0008C0EC000888000020D4EC000825
:104A30000000000014EE000840EE000804EE00083C
:104A400098A6000814ED00086FF00B030993E288A4
:104A5000A3880A92182A009340F29E8202EB8203F6
:104A600003EB031303EB032302EB4303C3F3CC0277
:104A700042EA43339BB240F6AA22934200F2DF821D
:104A8000B24B0A9AA3FB02231B090E93013B9BB274
:104A900015935C230D9318230B930098002840F086
:104AA000E484059BAA4AD3F88030AA499847B9F113
:104AB000000F00F0CD844FF000090222009B0999FD
:104AC00013FB02F292B20092226811440A460C9142
:104AD0000A99013B01FB0323099302F5C3432833E1
:104AE0004CF25032934208D9059B9B4AD3F8803050
:104AF0009849002098474FF00009099B03F5C343EC
:104B000028334CF25032934208D9059B934AD3F88C
:104B100080309049002098474FF000090C9A002AF5
:104B2000C0F246838E4880FB0230D217C2EBA00051
:104B300000B2099B002BC0F22F83894981FB03310E
:104B4000099BDB17C3EBA101119309B280B2091ACB
:104B50000C9B0F90824880FB03C0C2EBA00288B27E
:104B600009B20E9B1091B0FBF3F0411C0A901FFAA2
:104B700081FE0B981821B1FBF0F30E930C9B02EB16
:104B80004202B3EBC20200F1008313B2139393B25B
:104B90000C93099A7248119B0B9980FB020CC3EB92
:104BA000AC0303EB430C0C9BB3FBF1F001FB1030A7
:104BB00081B2B2EBCC03099100F104831AB21992CD
:104BC0009BB20E9A0B98511E099A89B21891BEF1A8
:104BD000010F11FB002189B200F0FA82099A0C98AA
:104BE000824240F00883994200F05C840023012255
:104BF00013931692149312920E930C9B9A00099B96
:104C0000ABF882209B00ABF88430B9F1000F40F084
:104C1000FE826C23179336230C937D223D234FF0A5
:104C20000009ABF87C300F9BABF87A200C9A1099F6
:104C3000C3F1290313441AB21192521A9BB2292AC2
:104C40000F9308DC059B474AD3F880304149002088
:104C500098474FF00009119B179A934208DB059B78
:104C6000414AD3F880303B49002098474FF0000973
:104C70000D9B2C2B00F213821E2B40F2EC831E3B6B
:104C80000F229BB20D92ABF89A30159B0C99ABF8A2
:104C90009430139BABF87E10ABF88E300F990A9BC3
:104CA000ABF880100D99ABF89610ABF89820002B5C
:104CB00040F0D381149B002B0E9B08BF00230E9362
:104CC000129B002B00F0E183099A199B9B1A0B9A07
:104CD00093FBF2F39BB2169AABF89220ABF88C30B0
:104CE0000E9AABF888200023ABF89030ABF88A30EE
:104CF0000A9BABF88630B9F1000F40F0C382CDF8C3
:104D00000090DDF804E0DDE90696F9E598F810205A
:104D1000013A012A7FF60DAC22460CE400237363AE
:104D2000B9F1000F42D00123009332E4059B0F4AF2
:104D3000D3F88030074900209847B9F1000F7FF47D
:104D400026AC9CE500231A4609E400BFABAAAAAA38
:104D50008CEE0008C0EC0008D8EE0008ECEE00086D
:104D6000ABAAAA2A20EF000840EF0008C4ED000813
:104D70000022FFF7F4BB013B042B00F23F8501A2A8
:104D800052F823F0494A0008CF4F0008994D000817
:104D9000C74F0008994D00086FF00C03099356E6C1
:104DA0004FF001137363B9F1000FBCD100236B8086
:104DB0000123C5F80A3034E4BB4B98ED157A05930E
:104DC000D3F84431009306EE903AB5EEC07AF1EE96
:104DD00010FAB8EE668A7FF71FADC8EE078AF6EEC6
:104DE000007A78EEA78A18EE900A05F0C9FA59B150
:104DF000059BAE4AD3F88030AD4900209847039B0D
:104E0000002B7FF484AB2BE598F85A20002A7FF41E
:104E10001BAD039B98F85F10002B98F8603014BF0F
:104E2000204600209942049008D9059BA14AD3F856
:104E300080309F4900209847FFF76CBB022B00F0A1
:104E4000BF84349B1A71A6F8AC21FFF77BBBDFED62
:104E50009A8ACDE7DFED988ADBE7B6F8AC31B6F891
:104E6000A421012B00F0CD8007EE902ADFED939A6C
:104E7000B8EE67AAB7EE089AF2EE02DA059B9FED4C
:104E8000900AD3F84431019307EE903AB8EE67FAEE
:104E900080EE0F0A03F0B6F998F86030022B2FEE7F
:104EA00000FA00F22381874A98F85E1002EB830033
:104EB00090ED00EAD0ED03FA002900F02981009B73
:104EC000DFED7DEA9FED80BA9FED80DADFED80CAED
:104ED0009FED80CADFED80BADFED80AADDF8149087
:104EE00044460025227C052A00F29280022A40F2E4
:104EF0009A804FF0300A0827E27B052A00F273847B
:104F0000DFE802F03E413B034744F0EE4B7A8FEE80
:104F1000276A228998F85E1002FB077702377F0024
:104F2000BFB2A288013514349FED6D7AC6EE076AD0
:104F300007EE90AAF8EE677A87EEA66A07EE907AF7
:104F4000F8EE677A87EEA67A07EE902AF8EE677A8F
:104F5000EAB267EE277A914277EE867A77EEA97AFF
:104F600077EE897A7EEEA7EABCD898ED145A002B2A
:104F700040F0D2800093FFF7D3BBF0EE6A7AC6E729
:104F8000F0EE6C7AC3E7F0EE4D7AC0E7F0EE4C7AC3
:104F9000BDE7F0EE6B7ABAE70A9A002A4FD01823E1
:104FA000B3FBF2F302FB03F3C3F118039BB21593B7
:104FB000002B44D10A9A0B92531E9B009BB20D9377
:104FC00001230E9369E56FF00F0309933FE56FF03E
:104FD000060309933BE598F85F2098F860309A4201
:104FE0007FF430AC039B349ADFED338A002B14BF7F
:104FF00023460023049300231371A6F8AC31FFF776
:10500000A1BAF0EE499AF0EE49DAB0EE49AA35E7D6
:10501000D9F88030334A2649002098474FF0180AC3
:105020000427002368E7012A05D0022AF0D14FF0B7
:105030003C0A0A2760E74FF0480A0C275CE7059B0B
:10504000294AD3F880301A490020984700230122CA
:10505000CDE90D3215930B9229E5149B002B0E9B85
:1050600008BF00230E93129B33B1099A199B9B1A18
:105070000B9A93FBF2F39BB2ABF88C300A9B169A17
:10508000ABF89220013B0E9AABF888209BB2189A9D
:105090000A930123ABF88A20ABF8903028E600236E
:1050A0000D931A46EFE500BF8800002034ED00089C
:1050B000C0EC000874ED0008000000009A999D41C2
:1050C000F902154F94B200080000904300002043FD
:1050D000000000430000F0430000C04300004043D4
:1050E0000024744968EE000878EE0008059BC04A69
:1050F000D3F88030BF490020984798F85E30002BE5
:1051000000F0F481DFEDBCFA0023B0EE6FEAD7E6E1
:1051100098ED145ADFEDB8EA9FEDB87ADFEDB86A82
:10512000349BCFEE077AB1EE0C7AC7EEA65A2AEE80
:1051300007AA7FEE8EFACAEE257A9FEDB27A77EE55
:10514000AD7AB0EE006A77EEAE7A77EEAF7A27EE00
:10515000877A37EE067A77EE277A86EEA77AB4EE6C
:10516000C57AF1EE10FA83ED007A7FF5D9AA059B96
:10517000A54AD3F880409F49FDEEC77A002017EE7C
:10518000903AA047002300931AE402F1180083B27A
:105190000C9303B21393FCE409999C4BC943A3FB02
:1051A0000131099B6FEA1111DB1709B21193CDE4AC
:1051B0000C9A964BD043A3FB00306FEA101000B25C
:1051C000D217B6E403F1180002B283B21992F8E4E0
:1051D0000C98824200F0638100220A921692129289
:1051E000139A9B1A0B9A93FBF2F39BB20E93012333
:1051F000CDE9133301E5994200F05E810A9B013B42
:105200009BB20A930123169312930B46E8E7E37BC4
:10521000052B00F21983DFE803F01A130C032B218E
:105220004FF486731793D6230C9340F21D128D23EF
:10523000F7E4AC23179376230C93BD225D23F0E4AF
:105240008C23179356230C939D224D23E9E46C2362
:10525000179336230C937D223D23E2E44FF4E6734B
:1052600017934FF4CB730C9340F2DD12ED23D8E487
:105270004FF4B67317934FF49B730C9340F27D1267
:10528000BD23CEE4A37A172B00F20181092B00F293
:105290001F81C3F109039AB21523ABF84630069B70
:1052A000ABF84820002B00F0608203EB42029389A8
:1052B000ABF84A30237C013B042B00F2A682DFE8E6
:1052C00003F0BC7703AB85004FF000094FF4007288
:1052D0004FF4C063CDE909234FF0C00E02204FF018
:1052E000040C08214A464B46ABF86E000A98ABF80E
:1052F00056000998ABF870C0ABF85800ABF84E10E8
:10530000ABF85010ABF852E0ABF854E098F85D10F1
:10531000B9F1000F00F00A81002B00F0078102298B
:1053200000F27C813A4B0B4493F8F03BABF85A30D7
:10533000069B002B00F01D810023ABF85E3001239B
:10534000ABF86A30069B0021D3E932ECD3F8C49065
:105350000B460EEB1140A0EB09009042614480F235
:10536000328201330F2BF4D1069AABF86030D2E9C8
:1053700036E303EB83020EEB1242F92A00F3F181CC
:10538000062003FB00F0052103E0BCF1FA0C40F11C
:10539000DC810A46013189B214290EEB104C184405
:1053A000F3D1059B1B4AD3F88030DDE906963BE13B
:1053B00000214FF40073CDE909134FF0400E032094
:1053C0004FF0020C08219622FA238DE74FF00009D6
:1053D0004FF4F0504FF47853CDE909034FF4F86ED1
:1053E00002204FF00B0C08214A464B467CE700BFD9
:1053F000E4ED0008C0EC00080000000000002043BD
:10540000002474490AD7233CBCEF0008ABAAAAAA1F
:1054100098A6000890EF00084FF000094FF4C06C08
:105420004FF46063CDE909C34FF4E07E02204FF0F2
:10543000060C08214A464B4656E7069B9B8C0422E5
:10544000082BCBF86E205DD9DDE90696FFF76CBA24
:105450000422FFF733BB0D9B0F2B32D9A3F10F02B0
:105460000F230D9392B200230DE4B9F1000F2CD15C
:10547000237B002B35D0059BC64AD3F88030C64924
:10548000484698470422FFF719BB0A9B23E4059B73
:10549000C24AD3F88030DDE90696FFF742BA994256
:1054A0007FF49AAE0023CDE91333CDF828E01693AC
:1054B00012930E93FFF7A1BB0023169312930B4692
:1054C0008EE600221346FFF7DEBB0222FFF7F6BA94
:1054D000102B94BFC3F11E03C3F117039BB200222C
:1054E000DBE64FF001090422FFF7E8BA98ED145A01
:1054F0000093FFF715B900980290864602210246F4
:10550000FFF7C7B8ABF84E30ABF85030402300225D
:10551000ABF85230ABF854304FF40073ABF8563060
:10552000ABF8582098F85D1013469146072975D8B6
:105530009B48014491F8F41BABF85A100699C1B18D
:105540000021ABF85E10B9F1000F40F08480ABF899
:105550006A90ABF86090ABF85C90ABF86290ABF8F7
:105560006890ABF864904A460023ABF86620ABF82D
:105570006C302389E27AABF87620012B68D0023BAD
:105580009BB20121ABF87230A37BABF84C3083F0B7
:105590000103ABF87410ABF878300099AB89AAF826
:1055A00000300B44AAF80810AB81A388217C06EEDA
:1055B000903A2389012907EE103ABBF86E302AD0C1
:1055C000022914BFF0EE695AF0EE4A5A01339BB239
:1055D00007EE903AF8EE677AB1EE006AF8EE666A86
:1055E00067EE867AB8EE477A67EEA67A0198029B54
:1055F00067EE877A014667EEA57A002808BF114654
:1056000067EE897A0191FCEEE77A17EE902A13444F
:105610000293FFF723B8DFED635AD7E7059B624A91
:10562000D3F88030DDE906965B4900209847039B5C
:10563000AA89DDF804E012FB03F26B8913FA82F306
:105640009BB2591C002092B289B20090FFF721B89A
:105650000023194696E70121ABF86A10002B7FF46E
:1056600071AEABF8603019461A46ABF85C200022E8
:10567000ABF86220ABF868204BBBABF864301A463D
:1056800002EB0109069AD2E92FE1CE451DDA084660
:10569000002202F1010C09921FFA8CF2162A3FF443
:1056A00080AE0EEB104CBCEB090C0844F1D4002B7F
:1056B0007FF45AAF099800FB01F10EEB1143A9EBFF
:1056C00003039C45C8BF02464EE700224CE7069BF9
:1056D000D3E9349C894546DA134662469E46013337
:1056E0009BB2162B3FF45DAE09EB1240401A6244A8
:1056F000F4D40CFB0EF209EB12428A1A9042D8BF86
:105700009E460699BBF86020D1F8CC30BBF85C000F
:10571000099002FB03F3D1F8C820ABF864E002EB78
:1057200013420B46D1F8C410521AD3E936303FF574
:1057300038AE09990CFB0EFE00FB01F103EB11439F
:1057400009EB1E401918FA239AE702FB03F30EEB4C
:105750001343C3F1FA039C45D8BF0A46FA210B460E
:1057600083E70522FAE79646CBE7069BABF84A307B
:10577000237C013B042B48D801A252F823F000BF40
:10578000CB570008B1530008C9520008195400084B
:10579000CD530008A0EE0008C0EC000858EF000848
:1057A00098A60008CDCC4C3E70EF0008349A1371D7
:1057B000A6F8AC31B9F1000F7EF4E9AEFFF75FB89F
:1057C0000123FEF7B3BE9BB2CEE54FF000094FF4C4
:1057D0000073CDE909934FF0400E0420CC4602211E
:1057E0004A464B4680E5D9F880301C4A1C490020C7
:1057F0009847DFED1C7A0023FFF789BB059B1A4A07
:10580000D3F88030DDE906960EE7059B164AD3F8FB
:10581000803013490020DDE906969847AA89039B4A
:10582000DDF804E012FB03F26B89562113FA82F3D0
:1058300001FB076100209BB2C1F86E00591C92B2B7
:10584000009089B2FEF725BF059B044AD3F880304B
:10585000034900209847FFF7DCB900BF14EF0008A8
:10586000C0EC00080000004368EE000870B5FEB010
:105870004FF4E27204460D460DA8002103AE03F07A
:1058800025FB00960DAA05AB00212046FEF7F0FD92
:1058900008B97EB070BD94F85B202B46314605A850
:1058A000FBF780FAF5E700BFF8B595692B7802EBB6
:1058B00043030F46B3F844605369014668881446B1
:1058C00003EB4000720003F003FF6B88E26D1E449F
:1058D00013786E8003B93B791370F8BD2DE9F04F52
:1058E0002DED048B038F8DB00546002B00F0158144
:1058F000B0F84030428F0469B0F850E007925B0086
:105900000293838FC28F34F913300B92BEF1000FD4
:1059100000F003811B010893D0E91223D718B0F8D7
:105920005200B5F84230DFED8A8ADFF830B20193D9
:10593000FE434FF00008F6EE009A0990C146049627
:10594000CDF828E0834B83FB0710F917C1EBA001CA
:1059500001EB4100A7EBC00000281FFA89F886B2CE
:10596000C0F2EB80002FC0F2F180089B09B209045D
:1059700081FB0301002906DA4FF6FF7C10EB0C0CCB
:10598000604641F10001079B000C40EA0140991973
:1059900034F91110A0EB011007EE900AB8EEE79A67
:1059A00029EE289AB0EE490A02F04CFEB0EE408A89
:1059B000B0EE490A02F0ECFB019B002B00F0A28044
:1059C0000B9BB5F844A01E4404EB46030020CDE930
:1059D000059703930646009059E095F838C0BCF14E
:1059E000000F4BD007EE101A07EE903AF8EEC76A98
:1059F000F8EEE77A26EE806A27EE887A66EE886A05
:105A000037EE467A67EE807AB5EEC07A77EEA67A00
:105A1000F1EE10FA4CBF37EE697A37EE297AF5EEDF
:105A2000C07AF1EE10FABDEEC77A4CBF77EEE97A94
:105A300077EEA97A17EE103AFDEEE77A5B4517EE9E
:105A4000901A47F6FF70B8BF5B468342D5F8549072
:105A5000A8BF03465945B8BF594699F800E08142AE
:105A6000A8BF0146BEF1000F04D117EE100A9842FC
:105A70005BD0E64689F800E01BB209B2A352009B56
:105A8000798053440093019B01369E4238D0009B9D
:105A900095F839C008EB5302029B92B203EB8202E5
:105AA000A718A35EB7F90210BCF1000F95D00398B8
:105AB000B0F800C00CF01F0E0EF1300E03FB0EFE0E
:105AC0004FEA9C23203BCCF3441C01FB03F3BEF1C3
:105AD000000F0CF1300C01FB0CFCB8BF0EF13F0EB7
:105AE000002BB8BF1F334FEAAE1EBCF1000F0EEB08
:105AF0006313B8BF0CF13F0C1BB24CF38F116CE772
:105B0000DDE90597099B049A1F44D31A04930A9B65
:105B100009F1010999457FF415AF286843680DB074
:105B2000BDEC048BBDE8F04F184717EE900AB0EBC0
:105B3000010E18BF4FF0010E9CE71836B6B2049B59
:105B4000054AA2FB03016FEA11110EE70026F6E7F2
:105B500000008037ABAAAA2AABAAAAAA0080FFFF3E
:105B60002DE9F04FAA49DFF8E892AA48AA4CADF512
:105B7000657D03F069FEA94BC9F84431022289F81A
:105B800088200FCC09F170050FC594E8030050225E
:105B900085E80300A2496C20FDF750FA002871D077
:105BA0000246A04B42F8043B82460692104604F19E
:105BB0000801682203F0B8FD5046FAF76DFF00288F
:105BC0005CD15046FAF768FF10B1A023AAF808305C
:105BD0005046FAF761FF002843D09349672210200E
:105BE000FDF72CFA039000283BD0904B03609AF805
:105BF0006240002C53D08E49BAF85C403822102005
:105C0000FDF71CFA8A4906463922FC20FDF716FAF0
:105C10000546002C00F0F98285493E226020FDF700
:105C20000DFA01240746002E47D0002D45D00CB1B7
:105C3000002F42D0C5F898700698356073A9FFF719
:105C400015FE002843D1D9F880307A4A7849984720
:105C50003046FBF775F8039A002353601046FBF7B4
:105C600031F8754803F0DEFD00231A461946504608
:105C70000DF5657DBDE8F04FFDF71EB95023CAF85C
:105C800004309EE76D4803F0CDFD6D4B4FF480521C
:105C90009A620DF5657DBDE8F04FFCF70FBD6449D4
:105CA00038221020FDF7CAF9614906463922FC2046
:105CB000FDF7C4F927460546B5E73046FAF7FAFF7F
:105CC0002846FAF7F7FF3846FAF7F4FFC3E7BDF8BE
:105CD000E001BDF8EC31D5F89810059103449AB273
:105CE000BDF8E2310B92A5F89E2005F1F8025B00A9
:105CF000C5F8842005F1F402C5F8E830C5F888201D
:105D0000002305F1F602C5F89430A5F89C30C5F8DB
:105D10008C2005F1F00305F1F70228876B62C5F8C6
:105D2000902031B105F1EC028A6105F1F5024B6278
:105D3000CA65C5F8D8300B9BA5F8E430039BC5F8BD
:105D4000DC3028AF9AF862E00DF5FB74394600228A
:105D500005E034F8023F5B0821F8023B0132D3B280
:105D60009E45F6D8BDF8E831BDF8EA210792034414
:105D70001FFA83FBBAF85C300A931A46002B40D115
:105D80000A9B0C93BDF8E631BDF8E421DDF8CE1195
:105D900003440244BDF8D201A5F87E30294B2B64A0
:105DA000294B6B64294BAB64032385F874300F23B4
:105DB000A5F88030059BA5F87A00C5F87610A5F8FF
:105DC0007C20002B00F08483002375991191CDE98C
:105DD0003A3376991291CDE93C33CDE93E33BDF8A3
:105DE000DC1110913BAA14460DF5F771D8B2864527
:105DF00030D931F8020F22F8020F088910810133DF
:105E0000F4E7BDF8EE31B3FBF2F30C93BAE700BF51
:105E1000ACB20008DCEF000804B3000800366E01E5
:105E2000CCE500080FB03713B0E600080DB037130B
:105E300018F0000828F00008A4F00008FCEF0008A3
:105E4000000400487D190008251A00081D1A0008E2
:105E500088000020059A0A9B13870C9B5387002318
:105E6000C2E91333C2E9153397490D911846974B90
:105E700053609749974B93600E91974B9749D36026
:105E80000F9102F148013A32CDE914B6D046CDF86F
:105E90004CA0179704918246CDF820E0169516463F
:105EA0002746089A5FFA8AF39A42099340F20383DD
:105EB00037F8025F26F8025FB7F808B08849A6F8FD
:105EC00008B02F22EC20FDF7B9F8864904460028D7
:105ED0007CD0854B0364854B8164436498F814102F
:105EE0000139042900F2B585DFE801F0676D036A26
:105EF00003006FF00C00109A98F811C0A4F87A20F3
:105F00000A9AA4F87E200C9A0B9BA4F88020DDE965
:105F100011121D44ADB2BCF1000F18BF1146D8F8E4
:105F20000420A4F87C50C4F876104FEA4B0398F88C
:105F300010E084F874E0C4E92120D8F80800C4F81F
:105F4000E0300D9BC4F89C300E9BC4F8A0300F9B32
:105F5000C4F8A430059BC4F8D43004F1E40384F8F9
:105F600075C0C4F88C00A4F89650A4F8DC506362A5
:105F7000C4F8D030002321462387A4F894305C4B2A
:105F8000C4F8D83004F13C0004F1E803C4F89030C0
:105F900041F8980BE163FBF7BDFD08F114080AF125
:105FA0000105002800F01F812068C3689847049B02
:105FB00043F8044FAA46049373E76FF00B009AE787
:105FC0006FF00F0097E76FF0060094E7D046DDE929
:105FD0001565DDE913AB179F059A46494346123311
:105FE00002EB830300245C60434AD9F880302046EA
:105FF00098470895DDF81480099D049609E0CBB216
:1060000008EB83061D46F06C10B1D9F8781088476C
:10601000F464691E002DF2D1089D049ED5F89830D5
:1060200005930D9BC5F8A4300E9BC5F8A8300F9BB7
:10603000C5F8AC30059A314BC5F8E03005F13C03AA
:106040002B60002A00F0408205F1A003EA63136090
:1060500028688368984728B9D9F88030284A2949A0
:106060009847F5E52868C3689847274B7360274B26
:10607000F360039B0024B4605E609AF862202546BA
:10608000E3B29A4204F1010402D93B881D44ADB247
:10609000042C07F10207F3D1BAF85C300493039B98
:1060A000079AA3F80CB0DA815046FAF7F5FC20B154
:1060B000069873A9FFF7DAFB60BB154803F0B2FB43
:1060C000002303990022D2E52D1A0008A118000828
:1060D000391A00081D190008151900083D0D00089F
:1060E0004CF000080D1B0008DD580008151B0008C7
:1060F000A9580008F4EA000880F00008CD0A00085A
:1061000060F0000818F000082D0D0008410D00088F
:10611000C4F00008BDF8CC310893184603F02AFB00
:10612000059000286FD0B84B4FF480529A61FCF76D
:10613000C5FAB64937221420FCF780FF83460028B1
:106140004CD0B349782240F25E20FCF777FF00285C
:106150005DD001274FF000084FF44053AD4EA0F83A
:10616000C47180F8C6710322CBF81000CBF8087018
:10617000CBF804808BF80D80CBF8006073A9739383
:1061800038463B46ADF8D081FAF7CEFCBDF8D031A9
:1061900041F21022934240D09F4AA049D9F8804052
:1061A0004046A0475846FAF7B1FD43F21C037393EB
:1061B00073A93B4638460322ADF8D081FAF7B4FC08
:1061C000BDF8D031190509D5C3460020D9F8803073
:1061D000934A8E4998475846FAF798FD914803F03C
:1061E00021FB059B6DE7D9F880308F4A8F49179FB7
:1061F000DDE91565D046DDE913AB9847D9F878306D
:1062000020469847E8E68A48E9E727460BE5CBF8B9
:1062100010005846FAF74EFDE0E743F21C03739373
:1062200038463B46032273A9ADF8D081FAF77CFCCF
:10623000BDF8D07117F40067C7D1DBF80800FBF791
:1062400033F9DBF808800322394640F24913009203
:106250004046FBF7F9F82246009740F24913022125
:106260004046FBF7F1F82146009740F2491310220F
:106270004046FBF7E9F8009740F249132022052138
:106280004046FBF7E1F80097404640F249134FF4CF
:106290007F520621FBF7D8F8089F0BF10D04DBF8BD
:1062A0000030B34215D0D9F88030624A57490020F7
:1062B0009847614803F0B6FA5846FAF769FC059B1F
:1062C00003995A465046FCF7F7FD0DF5657DBDE88C
:1062D000F08F37AB0093DBF80800059923463A4668
:1062E000FDF73CF80028E4D09BF80D300A2B04D0D1
:1062F000FCF7C0F90028D2D1DBE7049B13FB05F3C0
:106300009CB2414B4D4D4FF480529A62FCF7D6F946
:106310000523CDF810A00793A2463B4B4FF48052C3
:106320009A61FCF7CBF9DBF800303A4A934209D086
:10633000D9F880303F4A3549DDF810A00020984751
:106340003F48B7E70DF1DB010DF2C7104FF0FF3208
:1063500011F8013F08245A4042F300032B40013C4E
:1063600083EA5202F8D18842F2D1729BD24393421F
:1063700008D0D9F88030334A2449DDF810A02046EF
:106380009847DDE70499304B0A689A4207D08A465D
:10639000D9F880302D4A2E4920469847D0E743F25D
:1063A0001C03DBF8080073930322012373A9ADF8E3
:1063B000D041FAF7B9FBBDF8D03103F40067002FE4
:1063C00014BF012300238BF80C3045D0DBF81030CC
:1063D000DBF8088009934FF4E272002173A802F001
:1063E00075FD3C22002128A802F070FD099B93F85E
:1063F000C571002F73D0D9F88030164A0449DDF8F2
:1064000010A0002098479BE700040048ECE5000836
:10641000DCE600080EB0371304F1000854E700086A
:1064200024F1000840F1000860F000084CF000087A
:10643000E8F00008D4E500085CF100082083B8ED1E
:1064400020F200087CF100080FB03713B4E5000813
:10645000CCE5000890F1000843F23103DBF80800B6
:1064600073930322012373A9ADF8D041FAF75CFBC3
:106470009BF80C30BDF8D021002BA7D14AF6C043C1
:10648000DBF81010DBF8088009919A42A3D04FF492
:10649000E272214673A81BAE02F018FD0698009622
:1064A00020AB73AA37A9FDF7E3FF002840F0FC8179
:1064B000DDF810A044E7DDE91565D5F89830179FA1
:1064C0000593DDE913ABACE505F1A003EB63BFE594
:1064D0006E4B0D936E4B0E936E4B0F93A1E519AE61
:1064E0000698009620AB73AA37A9FDF7C1FF0028D4
:1064F000DED0049B314693F85F2020A828ABFAF742
:1065000051FC0028D4D0BDF8B230ABF80430BDF84F
:10651000B630ABF806300DF162021BAB099873A9D7
:10652000FBF782FEBDF86C20BDF862309A4280F025
:106530000382099B069A37A973A8FCF71FFEDBF8B4
:106540000030554A934209D0D9F88030534A544913
:10655000DDF810A0002098475248ABE69BF80C30BD
:1065600073BBDBF808001521FAF7B2FC00283ED017
:1065700001238BF80C30FCF77DF8002870D0DBF895
:106580000030454A934209D0D9F88030434A444903
:10659000DDF810A00020984743488BE6BBF80620A2
:1065A000BBF804301344089AB2EB430F22D2D9F857
:1065B00080303E4A3A49DDF810A000209847EBE7CA
:1065C000DBF81060DBF8080096F8C6110122FAF734
:1065D000BDFC96F8C531002B34D096F8C631022B9D
:1065E0000CBF0123022386F8C6310028C3D1DDF891
:1065F00010A0B1E7DBF81080DBF8087098F8C661EE
:1066000043F2370E4FF0000C0322012373A93846E2
:10661000CDF8CCE1ADF8D0C1FAF786FA012EBDF87D
:10662000D0211BD0022E0CBF8023C02313EA02000E
:106630000AD1D9F880401E4A1E49DDF810A03B4619
:10664000A047A9E70123CEE798F8C61173AA3846F8
:10665000FAF7C6FC40B9DDF810A09DE74023E5E756
:10666000DDF810A0144825E6BDF8CC31032B27D067
:10667000BDF8CE310093D9F88040104A0D49DDF8BD
:1066800010A03B460020A04786E700BF2D1A000857
:10669000391A00083D0D00080EB03713D4E5000884
:1066A000ECE500083CF200081CF3000874F2000856
:1066B0008CF20008DCE6000858F20008ACF2000892
:1066C000BDF8CE31DBF81080059AC3F300131380B8
:1066D00098F8C43123B198F8C6315A1E5342534139
:1066E000059A5380B8F8C831938008F5FD7C08F509
:1066F000E57306321E6858689968DF68D760103302
:10670000634516605060916002F11002F2D1059A63
:10671000B8F8FA31D38608F5FE7602F1380C08F5A0
:106720000B7E30687168B268F36867460FC7103631
:106730007645BC46F5D1059AB8F82C32A2F86830F7
:1067400008F22E236A3208F25E281E68586899689B
:10675000DF68D7601033434516605060916002F1E6
:106760001002F2D1BBF80660DBF81030DBF808004D
:1067700093F8C631BBF80410B6F5005F00F28280D2
:10678000013B18BF01231A03059B03EB410133466C
:10679000FCF792FD002800F08480002E3FF45BAFF0
:1067A000AD4B4FF480529A62FBF788FF039BAB4AD4
:1067B0001B6893423BD0D9F88030A94AA9490020F0
:1067C00098471DAEA848B66803F02CF8BAF1000F40
:1067D00016D0DFF8C482B71C0CB1630723D037F999
:1067E000242036F9243000920F21A04A73A803F028
:1067F00051F8013473A9404603F026F85445EBD113
:106800000A2002F0AFFF079B013B07937FF485ADA1
:10681000DDE904A3039950465A46FCF74DFB944822
:1068200003F000F851E50A2002F09CFFD7E7039B34
:10683000059F5A681DAE9E601068038F07EB4303E7
:106840004361B0F8943007EB4303C364B0F896306B
:1068500007EB43030365D0F898304BB1B0F89C10B8
:1068600007EB41011961B0F89E1007EB4101596136
:1068700053680599B0F8E42001EB4202C0F8B0205B
:1068800098479FE7D9F880307A4A7B49DDF810A015
:1068900000209847D9F88030784A794900209847F5
:1068A0007AE6DDF810A0F5E7049B314693F85F2007
:1068B00020A828ABFAF776FA00283FF4F9ADBDF826
:1068C000B230ABF80430BDF8B630ABF80630404615
:1068D000B9F87060FAF702FE28B3089B76085B08E7
:1068E000B34228BF3346023B23F001030A93059BC2
:1068F00004330C9319AE0A9B0C9933603A46334625
:1069000073A8FBF7C3F833680B907908059A4046E3
:10691000FAF7B8FA0A9B1F44BFB2B7F51E6F0B9B7C
:1069200041D2002BE7D1D9F88030564A5449DDF8DE
:1069300010A00020984703E543F237031B9303227E
:1069400001231BA94046ADF87070FAF7EDF8BDF8C9
:10695000703013F0C00310D1ADF8703043F2310342
:106960001B93032201231BA94046FAF7DDF8BDF86B
:1069700070204AF6C0439A4220D10DF16202099874
:106980001BAB73A9FBF750FCBDF86260BDF86C202F
:10699000964222D93C4B1B9340461BA9002302225E
:1069A000FAF7C2F8C5E5002BBDD080230093089A02
:1069B000364B05994046FCF747FCBAE599F8883014
:1069C000DDF810A0002B3FF4BBACD9F88040304A72
:1069D000304943460120A047B2E4B9F87030089925
:1069E0005B0849088B4228BF0B46911C023B891B60
:1069F00023F0010389B28B4228BF0B461F46059B3B
:106A00000433CDE90B3A924603E03E44B6B2564514
:106A100010D80B991B971BAB324673A8FBF736F8BF
:106A20000A900028F1D01B9B059A71084046FAF79E
:106A300029FAEAE7144B1B93404600231BA90222C4
:106A4000DDF830A0FAF770F80A9B002B3FF430AD68
:106A50006FE50020FFF74FBA000400480DB0371370
:106A600094E60008B0E6000834F3000844F3000898
:106A700058F30008D8F2000810E70008F0F2000808
:106A8000DCE600080CF200088010010088B1000864
:106A9000D0F10008F4F1000850F30008FEE700BF51
:106AA000FEE700BFFEE700BFFEE700BFFEE700BF56
:106AB000704700BF704700BF704700BF024AD36EE7
:106AC0000133D366704700BF880000200C4B0D498E
:106AD000D3F88C204FF480104861D168490503D465
:106AE000012283F8AD207047D168C9B261F490618A
:106AF000D1600120012283F8B00083F8AD207047F7
:106B00008800002000040140034B5A69120744BF6B
:106B100008225A61704700BF000401400148F9F79C
:106B200089BC00BF580200200148F9F783BC00BFB0
:106B3000A00200200148F9F77DBC00BF3C01002005
:106B40000148F9F777BC00BF84010020084810B461
:106B5000D0F86032D0F8944299691A682CB1234673
:106B600000F518705DF8044B18475DF8044B70474A
:106B70008800002070B5AE4CD4F84851EB692A6803
:106B8000A96840F60F00034240F08780980602D5BE
:106B9000960600F1F380D4F8A801012816D0D80297
:106BA00002D5490200F1F4801E0605D4590602D52B
:106BB000530600F1258170BD1006F7D5D4F8B43125
:106BC000002BF8D0BDE870409A481847DE06E6D59D
:106BD000D006E4D510232B62AB68B4F8A0215B0685
:106BE00040F14281D4F8BC3119684B689BB2002B4C
:106BF00000F09681934280F09381A4F8A2310B6853
:106C00009E0644D455E8003F23F4807345E80032E3
:106C10004AB1D4F8482152E8003F23F4807342E897
:106C200000310029F5D1D4F8482102F1080353E8D6
:106C3000003F23F00103083242E800310029F2D17D
:106C4000D4F8482102F1080353E8003F23F0400341
:106C5000083242E800310029F2D12023C4F8C831BB
:106C6000C4F8A811D4F8482152E8003F23F01003DB
:106C700042E800310029F5D1D4F8BC3193F8252041
:106C8000022A00F054810422DA6383F824100223DC
:106C9000C4F8AC31B4F8A23170BD11F0010640F077
:106CA0009E80654802423FF476AFD8070FD5D105E4
:106CB00040F1D68001212962D4F8CC1141F00101C4
:106CC000C4F8CC1199076BD5002E40F08C80580782
:106CD0007DD51E0700F1C1801E050AD5500108D5DB
:106CE0004FF400612962D4F8CC1141F02001C4F8BE
:106CF000CC11D4F8CC1100293FF45DAF990602D530
:106D0000920600F1A080D4F8CC21AB6802F02802F2
:106D100003F04003134300F000814648F9F748FEB2
:106D2000AB685B067FF547AF05F1080353E8003F0A
:106D300023F0400305F1080141E8003262B1D4F8C4
:106D4000482102F1080353E8003F23F040030832D2
:106D500042E800310029F2D1D4F8BC0100283FF408
:106D60002AAF90F82530354A8263022B00F0BB80B1
:106D70000423BDE87040C363F9F786BED4F8B03190
:106D8000002B3FF418AF04F5A470BDE8704018471D
:106D90004FF480132B6270BDD1058BD4980722D499
:106DA000590714D5002E94D004212962D4F8CC11AF
:106DB000180741F00201C4F8CC118DD508212962D1
:106DC000D4F8CC1141F00801C4F8CC1184E71907BC
:106DD00082D502F0200131433FF47EAFEEE7D807C1
:106DE000DAD499072CD502212962D4F8CC115E0798
:106DF00041F00401C4F8CC11D6D41907DED46BE7F6
:106E000055E8003F23F0400345E800324AB1D4F88A
:106E1000482152E8003F23F0400342E800310029B6
:106E2000F5D120220023C4F8C421C4F8B43170BDC8
:106E300088000020D001002020010004890A0008F9
:106E40005E07B1D4D9E7D4F8B031002B3FF45BAF83
:106E500042489847D4F8485155E79006AED43BE7EE
:106E600098073FF534AF9BE7B4F8A211B4F8A2310C
:106E70009BB289B2002B3FF49EAE91423FF49BAE91
:106E800055E8003F23F4907345E800324AB1D4F846
:106E9000482152E8003F23F4907342E80031002972
:106EA000F5D1D4F8482102F1080353E8003F23F05C
:106EB0000103083242E800310029F2D12023C4F84E
:106EC000C831C4F8B011C4F8A811D4F8482152E868
:106ED000003F23F0100342E800310029F5D10223DE
:106EE000C4F8AC3170BD0268436C116821F00E012A
:106EF0001160116821F0010111600124026C03F09E
:106F00001C0304FA03F35360002380F8254080F843
:106F10002430BDE87040F9F7B7BDC4F8CC3170BD7E
:106F200093427FF448AE0B689D06D8D470BD1A68B2
:106F30001D6C106820F00E001060106820F0010039
:106F400010605A6C012002F01C0200FA02F26A6022
:106F500083F8250083F8241099E600BFD0010020B3
:106F6000034B5A69120544BF4FF400625A617047DF
:106F70000004014010B5194C194AD4F88C304FF474
:106F8000802151619A68D20402D5DA68D00509D40B
:106F90009A68910402D5DA68920513D4012384F823
:106FA000AD3010BDDA68D2B262F4C0720121DA608D
:106FB00084F83C13FBF7AAFF68B9D4F88C3084F846
:106FC0003C03E5E7DA68D2B262F42072DA600123AA
:106FD00084F8AD3010BDF9F7DBF800BF8800002061
:106FE00000040140034AD2F8883043F47003C2F829
:106FF0008830704700ED00E0F0B4C56F202D4AD115
:107000000C4601B112B90120F0BC704719460025A9
:107010002123C0F88450C3678368294FA0F850200B
:10702000B3F5805FFE6EA0F8522037D0B0F8522042
:10703000036892B2B2B1DA69120604D44A1C1DD1B7
:10704000DA691206FCD504B314F8012B1A85B0F8DE
:107050005220013A92B2A0F85220B0F8522092B2D7
:10706000002AE8D1DA69520604D44C1C1CD1DA6932
:107070005106FCD52023C3670020C5E7FA6E921B9A
:10708000914218D3B9B11A68D5E735F8022BC2F38B
:1070900008021A85DBE70220F0BC70470369002B69
:1070A000C4D125461C46C1E7FA6E921B914202D319
:1070B00009B11A68D6E72023C367F0BC03207047E4
:1070C00088000020034613F8012B002AFBD1181A70
:1070D0000138704753B94AB9002908BF00281CBFBE
:1070E0004FF0FF314FF0FF3000F036B9ADF1080C32
:1070F0006DE904CE03F064F9DDF804E0DDE9022374
:1071000004B0704770B54FF0FF0C4CF4E06C1CEA13
:1071100011541DBF1CEA135594EA0C0F95EA0C0F8D
:1071200000F0DEF82C4481EA030621EA4C5123EA00
:107130004C5350EA013518BF52EA033541F480112F
:1071400043F4801338D0A0FB02CE4FF00005E1FBE2
:1071500002E506F00042E0FB03E54FF00006E1FB2C
:1071600003569CF0000F18BF4EF0010EA4F1FF046F
:10717000B6F5007F64F5407404D25FEA4E0E6D41AF
:1071800046EB060642EAC62141EA55514FEAC520C0
:1071900040EA5E504FEACE2EB4F1FD0C88BFBCF53C
:1071A000E06F1ED8BEF1004F08BF5FEA500E50F1ED
:1071B000000041EB045170BD06F0004646EA0101B3
:1071C00040EA020081EA0301B4EB5C04C2BFD4EBE5
:1071D0000C0541EA045170BD41F480114FF0000EDE
:1071E000013C00F3AB8014F1360FDEBF002001F04C
:1071F000004170BDC4F10004203C35DA0C341BDCC6
:1072000004F11404C4F1200500FA05F320FA04F097
:1072100001FA05F240EA020001F0004221F00041CB
:1072200010EBD37021FA04F642EB06015EEA430E3E
:1072300008BF20EAD37070BDC4F10C04C4F120056E
:1072400000FA04F320FA05F001FA04F240EA020021
:1072500001F0004110EBD37041F100015EEA430EF2
:1072600008BF20EAD37070BDC4F1200500FA05F212
:107270004EEA020E20FA04F301FA05F243EA020391
:1072800021FA04F001F0004121FA04F220EA0200A0
:1072900000EBD3705EEA430E08BF20EAD37070BDE6
:1072A00094F0000F0FD101F00046400041EB0101C6
:1072B00011F4801F08BF013CF7D041EA060195F0A8
:1072C000000F18BF704703F00046520043EB030362
:1072D00013F4801F08BF013DF7D043EA060370474F
:1072E00094EA0C0F0CEA135518BF95EA0C0F0CD05A
:1072F00050EA410618BF52EA4306D1D181EA0301A0
:1073000001F000414FF0000070BD50EA410606BF99
:107310001046194652EA430619D094EA0C0F02D1DE
:1073200050EA013613D195EA0C0F05D152EA033623
:107330001CBF104619460AD181EA030101F0004141
:1073400041F0FE4141F470014FF0000070BD41F08A
:10735000FE4141F4780170BD704700BF81F00041EB
:1073600002E000BF83F0004330B54FEA41044FEA2A
:10737000430594EA050F08BF90EA020F1FBF54EAC5
:10738000000C55EA020C7FEA645C7FEA655C00F061
:10739000E2804FEA5454D4EB5555B8BF6D420CDD32
:1073A0002C4480EA020281EA030382EA000083EAB5
:1073B000010180EA020281EA0303362D88BF30BD55
:1073C00011F0004F4FEA01314FF4801C4CEA1131AB
:1073D00002D0404261EB410113F0004F4FEA03330A
:1073E0004CEA133302D0524263EB430394EA050F95
:1073F00000F0A780A4F10104D5F1200E0DDB02FA04
:107400000EFC22FA05F2801841F1000103FA0EF297
:10741000801843FA05F359410EE0A5F120050EF15D
:10742000200E012A03FA0EFC28BF4CF0020C43FA8E
:1074300005F3C01851EBE37101F0004507D54FF09B
:10744000000EDCF1000C7EEB00006EEB0101B1F5EB
:10745000801F1BD3B1F5001F0CD349085FEA300031
:107460004FEA3C0C04F101044FEA445212F5800F3C
:1074700080F09A80BCF1004F08BF5FEA500C50F1D9
:10748000000041EB045141EA050130BD5FEA4C0CBC
:10749000404141EB0101013C28BFB1F5801FE9D219
:1074A00091F0000F04BF01460020B1FA81F308BF3C
:1074B0002033A3F10B03B3F120020CDA0C3208DD08
:1074C00002F1140CC2F10C0201FA0CF021FA02F1E3
:1074D0000CE002F11402D8BFC2F1200C01FA02F153
:1074E00020FA0CFCDCBF41EA0C019040E41AA2BF78
:1074F00001EB0451294330BD6FEA04041F3C1CDA40
:107500000C340EDC04F11404C4F1200220FA04F05F
:1075100001FA02F340EA030021FA04F345EA030109
:1075200030BDC4F10C04C4F1200220FA02F001FACB
:1075300004F340EA0300294630BD21FA04F029464D
:1075400030BD94F0000F83F4801306BF81F48011E6
:107550000134013D4EE77FEA645C18BF7FEA655C59
:1075600029D094EA050F08BF90EA020F05D054EA2B
:10757000000C04BF1946104630BD91EA030F1EBF30
:107580000021002030BD5FEA545C05D14000494134
:1075900028BF41F0004130BD14F580043CBF01F527
:1075A000801130BD01F0004545F0FE4141F470010D
:1075B0004FF0000030BD7FEA645C1ABF19461046E8
:1075C0007FEA655C1CBF0B46024650EA013406BFE9
:1075D00052EA033591EA030F41F4002130BD00BFA8
:1075E00090F0000F04BF0021704730B54FF4806465
:1075F00004F132044FF000054FF0000150E700BFE6
:1076000090F0000F04BF0021704730B54FF4806444
:1076100004F1320410F0004548BF40424FF0000131
:107620003EE700BF42004FEAE2014FEA31014FEA74
:1076300002701FBF12F07F4393F07F4F81F06051C3
:10764000704732F07F4208BF704793F07F4F04BF0E
:1076500041F40021704730B54FF4607401F00045EB
:1076600021F000411CE700BF50EA010208BF70474B
:1076700030B54FF000050AE050EA010208BF70473C
:1076800030B511F0004502D5404261EB41014FF4A5
:10769000806404F132045FEA915C3FF4D8AE4FF0AD
:1076A00003025FEADC0C18BF03325FEADC0C18BF90
:1076B000033202EBDC02C2F1200300FA03FC20FAE1
:1076C00002F001FA03FE40EA0E0021FA02F114442E
:1076D000BDE600BF4A0011D212F5001211D20DD53D
:1076E0006FF47873B3EB62520ED44FEAC12343F0C8
:1076F000004343EA505323FA02F070474FF0000072
:10770000704750EA013002D14FF0FF3070474FF020
:10771000000070470348044B834202D0034B03B17F
:1077200018477047880000208800002000000000F3
:107730000548064B1B1AD90F01EBA301491002D0D3
:10774000034B03B1184770478800002088000020D1
:107750000000000010B5064C237843B9FFF7DAFFAC
:10776000044B13B10448AFF300800123237010BD14
:10777000C5030020000000007CA6000808B5054BEA
:107780001BB105490548AFF30080BDE80840FFF78D
:10779000CFBF00BF00000000C80300207CA6000887
:1077A0006449654BCA682DE980484FF6FF000240E6
:1077B0001343C7B00F20CB60FAF734FF002800F066
:1077C00010835E490B6803F4C063B3F5007F1ED0DD
:1077D0000B685B4A5B4823F4C06343F400730B609F
:1077E00013684A69322404FB03F3B3FBF0F350053A
:1077F00003F1010306D500E023B14A69520503F104
:10780000FF33F9D44D4B5B695F0500F1E8824E4AC6
:107810009368D26803F00C03042B1CD00C2B16D0F9
:1078200049494A4C0A6842F480720A60E06E04E0FA
:10783000E26E121A022A00F2D2820A685605F7D5C1
:107840004A6822F0F85242F080524A600CE002F09E
:107850000302022AE4D13C493C4C0A684A6822F0FF
:10786000F85242F080524A603749D1F8942042F0F1
:107870000102C1F89420E06E04E0E26E121A022ABE
:1078800000F2AD82D1F894209507F6D5CA6802F0CF
:107890000300022800F0E3830C2B00F0A0822A4BA7
:1078A0001A68510100F19B821A6822F080721A60F6
:1078B000E16E04E0E26E521A022A00F290821A6827
:1078C0009201F7D4D8682249224A01400A43DA607B
:1078D0001A681D4942F080721A60DA6842F08072BC
:1078E000DA60E26E04E0E36E9B1A022B00F277820C
:1078F0000B689B01F7D5184B1A6855070BD41A680B
:1079000022F0070242F004021A601B6803F007032A
:10791000042B40F064820C4A93681368980140F18C
:107920005E82936843F003039360E16E41F2883016
:1079300019E000BF00ED00E00003FA050070004010
:107940000000002040420F0000100240880000208C
:107950008C809D01020A003800200240E36E5B1A11
:10796000834200F23C82936803F00C030C2BF5D1A8
:10797000936813F0F00F03D0936823F0F003936043
:10798000CE4A136803F00703042B0BD9136823F0C6
:10799000070343F004031360136803F00703042B89
:1079A00040F01D82C64DAB6823F4E063AB60AB686A
:1079B00023F46053AB60F8F78BFDAA68C14BC24952
:1079C000C2F30312134493F8EC3C03F01F0320FAB4
:1079D00003F348680B60FAF725FE0646002840F0DE
:1079E000FE81EB6CB94F43F00203EB64EB6C03F0E8
:1079F00002030693069BEB6C43F08003EB64EB6C95
:107A000003F080030593059BEB6C43F00103EB64EB
:107A1000EB6C4FF0904803F00103049341F2012A0C
:107A20004FF01009049BC7F828A00223C8F828903B
:107A30004FF48812CDE9000008213846FAF7EAFE33
:107A400007F5C0503246CDE9006602230921FAF756
:107A5000E1FE4046CDE9006602234FF444124FF4A4
:107A60000061FAF7D7FE38460327514633460196A0
:107A700000970122FAF7CEFE022332461946CDE9DD
:107A80000076FAF7C7FE0B46012249464046CDE98B
:107A90000076FAF7BFFE31460920FAF799FDDFF8C4
:107AA00044A24FF4007BCAF800B02820FAF790FDFA
:107AB0004FF48076CAF80460AB6C43F00103AB640A
:107AC000AB6C03F0010303930C20039BFAF780FDDA
:107AD0004FF48053CAF800300D20FAF779FD4FF4C7
:107AE0000053CAF800304846FAF772FD4FF480336D
:107AF000CAF800301120FAF76BFD4FF40033CAF8D2
:107B00000030734AC4F858114FF4E133C4E95411FA
:107B1000C4E95911C4E95223C4F86C114FF44073FD
:107B20000C216C48C4E95713FAF75CFF002840F0B9
:107B30005681DFF8A4C194F86520C4F820B04FF452
:107B40008273C4E902C34FF4706363610723636304
:107B50000823C4E90600C4E90900C4E90B00206158
:107B6000A063E36302F0FF0A002A00F080815A4B11
:107B7000022684F86560196821F0400119604FF40D
:107B8000417040F608711860002259605348A2669F
:107B90000125A3F5584384F86550C4F86032A42346
:107BA000C4E9990394F8A102C4E99B52C4E99D2257
:107BB000C4E99F2200F0FF01002800F0AE81D4F854
:107BC0006032242284F8A1221968D4F8642221F0BA
:107BD000010122F0706219601A619A68D4F86C127F
:107BE00022F4004201299A60D4F8682200F00D8145
:107BF00042F4044202299A6040F00A815A6842F431
:107C000000625A605968D4F8702241F0007141F462
:107C100000415960D4F87412D8680A43D4F8781235
:107C200020F4004042EA0122D4F87C12D860D4F853
:107C30008002DA6001431960196841F0010119609E
:107C400000222021C4F8A42284F8A112C4F89022B2
:107C500084F8A22294F8A1122029CDB240F0BF806E
:107C600094F8A012012900F0BA80242084F8A1021F
:107C7000196821F001011960196821F48051196017
:107C800019681960196841F00101196084F8A1525E
:107C900094F8A11284F8A0222029CDB240F09F8050
:107CA00084F8A10219680E4821F0010119601968D1
:107CB00021F470611960196816E000BF00200240CD
:107CC0000010024098A600080000002000040048B0
:107CD00000440040D001002000300140E49CD1105D
:107CE0003C03002000E100E041F001011960BF4BBE
:107CF000C4F8B4324FF461210C2384F8A152C4E9D2
:107D0000AE12C4E9B022C4E9B232C4E9B42284F8A4
:107D1000A022C4F8D822FAF765FE054600285ED1F5
:107D200001462C220DA801F0D1F8B14AC4F8A850A0
:107D30001F23C4F8943094F8AD30C4E9232540F2F1
:107D4000E732C4E92625C4E9285503F0FF01002BDA
:107D500000F05C810222D4F88C3084F8AD20DA681F
:107D6000D20640F10C8194F8AC300125AB4284F886
:107D7000AD5034D0D4F88C3084F8AC504FF00209B8
:107D8000CA27532684F8AD905F625E62FAF792FAD2
:107D9000D4F88C30002867D19A6818609A6822F469
:107DA00080229A609A689A60FAF7C2FAD4F88C3006
:107DB0004FF0FF08C3F8248070B984F8AD5084F800
:107DC000AD905F625E6284F8AC50FAF773FAD4F853
:107DD0008C3010B3C3F82480002384F8AC30F8F75B
:107DE000D7F9844B1A6E42F001021A661A6E02F03D
:107DF00001020892089A9A6D42F080529A659B6D32
:107E000003F080530793079BDBE442F400429A603F
:107E10005A6822F400625A60F4E642F201125A6093
:107E2000FAF786FAD4F88C200346C2F8248000289A
:107E3000D2D14FF480720DA8CDE91033CDE91433BF
:107E400084F8AD5084F8AC30ADF834308DF836306D
:107E50000E9312938DF858501792FAF791FA002862
:107E6000BDD1FDF77DFEFEE7FF225A62B4E784F83C
:107E700064A02B6E43F480532B662B6E03F4805367
:107E80000A930A9BEB6C43F00103EB64EB6C0097E5
:107E900003F001030993099B574D052340460193C5
:107EA00002225346E021FAF7B5FC544BC4F8E461D2
:107EB0004FF0010B4FF080084FF480672846C4E96B
:107EC000743BC4E976AAC4E97BAAC4F8E081C4F88B
:107ED000E871FAF71DFB002881D1C4F82C6205F186
:107EE0004806C4E98C70464B2566C4F82402A5F503
:107EF000E475C4F838023046C4E987B9C4F828826A
:107F0000C4F8F851C4F81832FAF702FB00287FF4DD
:107F100066AFE665C4F8405229E6582219A884F8ED
:107F2000A01200F0D3FF802318A81893F8F7D0FB15
:107F3000804600287FF453AF2E4F3248FA6C32430C
:107F4000FA64FA6C32400C920C9A04210322CDE9B7
:107F500000212B4612224FF44061FAF75BFCBB6D07
:107F600043F48003BB65BB6D03F480030B93414670
:107F700021200B9BFAF72CFB234B5E601FE6CA21E6
:107F8000532259625A62FAF795F9C8B9D4E92332F3
:107F90009968D4F89C0021F4E00121F04001996037
:107FA0000243D4F8A400996802430A43D4F8981015
:107FB0009A6019611A69D4F8941042EA01421A6170
:107FC000FAF7B6F9D4F88C30002844D1D96CD4F83B
:107FD000A820D4F8A00021F00301D964D96C024391
:107FE0000A43FF21DA645962BDE600BF0038014050
:107FF0000028004000100240580200201C000240EF
:10800000300002400004004800E100E0542230A8A3
:1080100084F8AC104FF4007600F058FF4FF40033B2
:108020002FA82F934596F8F753FB014600287FF4BD
:10803000D6AE1F4AD2F8903043F40043C2F89030D5
:108040000320FAF7C5FA1B4D08232B602920FAF705
:10805000BFFA6E607EE6FF225A62F8F799F802F4E2
:10806000FE40B0F5206F7FF417AC02F07840B0F11D
:10807000605F7FF411AC104802427FF40DAC0B68D6
:108080009F013FF538AC0B68094843F080730B60E3
:10809000CB6843F08073CB60E26E04E0E36E9B1A22
:1080A000022B3FF69CAE03689E01F7D523E400BF88
:1080B0000010024000E100E0700060064FF4005341
:1080C0004B600020704700BF4FF0FF30704700BF8B
:1080D00001207047002070474FF0FF30704700BF0D
:1080E00010B54FF6FF731446024892B2FEF784FFB4
:1080F000204610BD3C030020DFF834D0FEF772FFAD
:108100000C480D490D4A002302E0D458C4500433F2
:10811000C4188C42F9D30A4A0A4C002301E01360C8
:108120000432A242FBD300F0ADFEFFF739FBFEE7BD
:1081300000000120000000208800002010F8000846
:108140008800002030050020FEE700000C490D4AA1
:108150000B6810B50C4C121B2BB11844904207D879
:108160000860184610BD094B0B6018449042F7D9BF
:1081700000F082FE0C2303604FF0FF33184610BD61
:10818000E003002000000120001400003005002062
:1081900010EE103A194923F000428A421BD9B2F17D
:1081A000FF4F02D330EE400A704700B583B06846F7
:1081B00000F018F900F003000128DDED010A9DED43
:1081C000000A13D002280BD098B9012000F0C2F8A1
:1081D00003B05DF804FBDFED0A0A002000F0BAB836
:1081E000012000F0B7F8B1EE400AF1E700F030F8F6
:1081F000EEE700F02DF8B1EE400AE9E7D80F493F6D
:108200000000000010EE103AC3F3C7527F3A162A5E
:10821000194615DC002A0CDB0C481041184205D029
:108220004FF4800313410B4423EA000300EE103A9D
:108230007047013203F00043F8D143F07E53F5E775
:10824000802AF3D130EE000A704700BFFFFF7F00A5
:1082500010EE103A23F00043B3F1485F2CD2FDEE4C
:10826000C07A17EE903A002B60D060EE007A9FED56
:10827000317A9FED315ADFED315A9FED316ADFEDF2
:10828000316AA7EE875A9FED307AE7EE855AA7EE5E
:10829000A56AA7EE867AE7EE876A67EEA66A60EEC1
:1082A000C00AB6EE007AE7EEA60AB7EE000AD7EEED
:1082B000870A30EE600A704760EE007A9FED1D7A03
:1082C0009FED1D5ADFED1D5A9FED1D6ADFED1D6A02
:1082D0001E4AA7EE875A93429FED1B7AE5EE275A76
:1082E000A5EEA76AA6EE277AE7EE276A66EEA76AEA
:1082F000D5D9174A934214D803F17F4307EE103AB9
:10830000B7EE006A36EE476A60EEC00AF6EE005A33
:1083100097EEA57AE7EEA60A37EE607A36EE470AC0
:108320007047B6EE076AB5EE027AEDE7B7EE000ADF
:10833000704700BF4ED747ADF6740F317CF293B44F
:10834000010DD037ABAA2A3D610BB6BA9999993E77
:108350000000483F10EE103A23F00043B3F1485FAD
:1083600004D2FDEEC07A17EE903A5BB360EE007A6D
:108370009FED157ADFED155A9FED156ADFED156A51
:10838000E7EE875A9FED147AA5EEA76A20EE275AEA
:10839000E6EE276AA6EEA77A30B9DFED106AE7EEBF
:1083A000876AA6EE850A704727EE457AF6EE006AE0
:1083B000A0EEA67ADFED0A6AD7EE270AE5EE260AD6
:1083C00030EE600A704700BFD3C92E2F342FD7B2CA
:1083D0001BEF3836010D50B98988083CABAA2ABE7C
:1083E000ABAA2A3E70B510EE103A884A23F000443A
:1083F000944286B0054671D9854A94421E4624D8D7
:1084000023F00042002BDFED837A834922F00F0234
:10841000B0EE407A40F3E0808A4270EE677A09BF9E
:108420009FED7E7ADFED7E6ADFED7E6A77EEC77ABA
:1084300037EEE67A77EEC77A80ED007A77EEE67A65
:10844000C0ED017A012006B070BD774A944252D93E
:10845000B4F1FF4F48D2E215863AA4EBC25307EEBF
:10846000903ABDEEE77ADFED716AB8EEC77A77EE43
:10847000C77A8DED037A67EEA67ABDEEE77AB8EE9D
:10848000C77A77EEC77A8DED047A67EEA67AF5EEB5
:10849000407AF1EE10FACDED057A40F09880B5EE15
:1084A000407AF1EE10FA0CBF0123022360490191DA
:1084B0000221009103A8294600F004F9002EC2DA37
:1084C00095ED007AD5ED017AB1EE477AF1EE677A53
:1084D00085ED007AC5ED017A4042B4E7002285EDD2
:1084E000000A42600020AEE770EE407AC0ED017AEB
:1084F000C0ED007AF6E700F0DDF89FED4E7A9FEDD3
:10850000456AF6EE007AE0EE077A9FED457AFDEED9
:10851000E77A17EE900AF8EEE76A1F28A6EEC60A79
:1085200066EE877AB1EE666A20DC434A411E26F089
:10853000004352F8212023F0FF03934216D030EE7F
:10854000677A30EE470A002E30EE670A85ED007A32
:1085500085ED010ABFF677AFB1EE477AB1EE400A7A
:1085600085ED007A85ED010A40426CE730EE677ACE
:10857000E21517EE103AC3F3C753C3EBD453082BDD
:10858000DFDD9FED267A9FED275AF0EE405AE6EEAA
:10859000075A70EE657AE6EE077AD6EE857A35EE02
:1085A000E77A17EE103AC3F3C753D21A192A10DD2F
:1085B0009FED227A9FED225AB0EE650AA6EE070AD9
:1085C00075EEC07AE6EE077AD6EE857AB7E7032332
:1085D0006CE7B0EE650AB4E78A4270EE277A09BF0D
:1085E0009FED0E7ADFED0E6ADFED0E6A77EE877A89
:1085F00037EEA67A77EEC77A80ED007A77EEA67A24
:10860000C0ED017A4FF0FF301DE700BFD80F493FA2
:10861000E3CB1640800FC93FD00FC93F0044353728
:108620004344353708A3852E800F4943000080431B
:10863000A4F4000884F9223F24F4000800A3852E46
:1086400032318D2410EE103A184923F000428A424C
:108650001AD9B2F1FF4F02D330EE400A704700B58D
:1086600083B06846FFF7BEFE00F003000128DDED91
:10867000010A9DED000A10D0022809D090B9FFF739
:10868000E7FD03B05DF804FBDFED090AFFF7E0BD8D
:10869000FFF7DEFDB1EE400AF3E7FFF75BFEB1EE58
:1086A000400AEEE70120FFF755FEEAE7D80F493F01
:1086B0000000000010EE103A23F0004300EE103AE4
:1086C000704700BF2DE9F04F2DED048BDBB01C4649
:1086D000944603930A46CD4B68991CF1040F53F856
:1086E0002160824604F1FF38C0F24982BCF10303E5
:1086F00048BF0CF10403DB10029301334FEAC30EB1
:10870000ACEB0E030593029B16EB0800A3EB0803EA
:1087100016D401309FEDBE7A699C18441EA9002B27
:10872000A4BF54F8235007EE905A03F10103ACBFE5
:10873000F8EEE77AF0EE477A8342E1EC017AEED187
:10874000002EC0F2B182039B1EA901EB830446AD4B
:108750004FEA83094046F7180AEB8301B8F1000F8E
:10876000DFEDAB7A09DBA3465346F3EC016A3BED40
:10877000017A8B42E6EE877AF7D10130B842E5EC18
:10878000017A04F10404E9D10DF1280B0BEB860307
:10879000CDE9062E043B9FEDA09ADFED9E8A059859
:1087A00004930AEB090446AF0BEB86090096CDF85B
:1087B00020C05AAB03EB8603002E13ED140A4FEAD8
:1087C000860515DD7B195A4660EE097AB0EE407ACF
:1087D000FDEEE77A73ED016AF8EEE77ABB42A7EEA9
:1087E000E87A37EEA60ABDEEC77AA2EC017AEBD1A1
:1087F000019000F0CFFAF4EE007AB0EE408A20EE5D
:10880000270A00F07DFAF2EE007AA0EE678A01985E
:108810000028FDEEC89AF8EEE97A38EE678A6CDD3A
:1088200006F1FF3EC0F108035BF82E2042FA03FC7C
:108830000CFA03F3D21AC0F1070119EE903A4BF883
:108840002E200A416344002A09EE903A00F3F0809A
:10885000B5EE408AF1EE10FA40F09D80009B9E42FA
:108860000ADD5D44002355F8041D4D4543EA01032C
:10887000F9D1002B40F0F280009B013B5BF82330E4
:10888000002B40F0E780049B012153F8042D0131B7
:10889000002AFAD0731C31449C46029D039A05EBD2
:1088A000030E0EF1804E699D32440EF1FF3E07EB40
:1088B00083061EAB05EB8E0E03EB8205DEED017A1F
:1088C000F8EEE77AB8F1000F0EF1040EE5EC017A4C
:1088D000DFED4F7A09DB2A465346F3EC016A32EDAD
:1088E000017AA342E6EE877AF7D10CF1010C6145DB
:1088F000E6EC017AE2DA0E465BE740F08F80731E09
:108900005BF82320D211002AA2DD19EE903A002E46
:1089100003F1010309EE903A40F3D48159464FF038
:10892000000E51F8043B002B6AD0C3F5807341F868
:10893000043C04E00B68C3F1FF0341F8043B0EF173
:10894000010E7645F6DC01239E4600280ADD01284B
:1089500078D0022806D1711E5BF8213003F03F0C5D
:108960004BF821C0022A7FF473AFB7EE000A7346BA
:1089700030EE488A002B3FF46BAF0992019000F073
:1089800009FA38EE408A0198099AB5EE408AF1EE6C
:1089900010FA3FF463AF9246DDE9062EDDF820C001
:1089A0000196AEEB0C00B0EE480A009E009200F07B
:1089B000F1F9DFED186AB4EEE60AF1EE10FADDE93E
:1089C0000023F0EE407AC0F250819FED137A0599B2
:1089D00020EE077A0831BDEEC77A0591B8EEC77A66
:1089E0005C1CE7EE667ABDEEC77AFDEEE77A17EE1D
:1089F000901A4BF8231017EE103A4BF8243046E04B
:108A00000EF1010EB6458CDB9E469EE7E8F70008A6
:108A100000000000000080430000803BF6EE007A7A
:108A2000B4EEE78AF1EE10FA80F2988000220FE7A8
:108A30000133002E09EE903A3FF770AF0023012872
:108A40009E4686D1711E5BF8213003F07F0C4BF8F7
:108A500021C087E7731C9C4619461EE733469246A1
:108A6000DDE905125C1EA1F108005BF82410009EF0
:108A7000059061B903F18043013B0BEB8303014691
:108A800053F8040D013C08390028F9D005910598E8
:108A90000092B7EE000A00F07DF9002C009AB0EECB
:108AA000407AC0F20581601C46AD5FED256A810009
:108AB0000BEB800305EB800073ED017AF8EEE77AAB
:108AC0005B4567EE877A27EE267A60ED017AF3D16F
:108AD0000DF1C8080B1F46A8C718C646A4460025B6
:108AE0009146002E73DB844ADFED847A38460023FA
:108AF00001E0AB4208DCF2EC016AB0EC017A013330
:108B00009E42E6EE877AF4DA0CF1FF3CBCF1FF3FBF
:108B1000EEEC017A05F10105A7F10407E1D1689BAC
:108B2000022B4A4656DC002B2EDC0ED1DFED737A89
:108B3000414431ED017A414577EE877AF9D15346C8
:108B4000002B40F0AE80C2ED007A19EE903A03F0AF
:108B500007005BB0BDEC048BBDE8F08F19EE903AD6
:108B6000002E03F1010309EE903AC8BF02223FF73D
:108B7000D5AEF7EE007A37EEC88A022268E6002307
:108B80004FF0080E0293BBE59FED5C7A414471ED16
:108B9000017A414537EE277AF9D1DDED327A534635
:108BA00077EEC77A002B75D182ED007A64B133A9D4
:108BB0000123B1EC017A01339C4277EE877AF8DA2F
:108BC00053460BB1F1EE677AC2ED017ABDE7DFEDF6
:108BD0004B7A99E7689B032BB7D1002C7ED008EB2A
:108BE000840595ED007AA0002B46294671ED017AA7
:108BF000F0EE476A37EE277A414577EEC77A81ED86
:108C0000007A77EEA67AC1ED017AEFD1012C65D01A
:108C100095ED007A08F1040173ED017AF0EE476AF0
:108C200037EE277A994277EEC77A83ED007A77EEAE
:108C3000A67AC3ED017AEFD1031DDFED307A43440C
:108C400008F1080833ED017A984577EE877AF9D173
:108C50005346DDED326A9DED337A73B9C2ED006A99
:108C600082ED017AC2ED027A6FE7FDEEC07A1C4612
:108C700017EE901A4BF8231009E7F1EE666AB1EE91
:108C8000477AF1EE677AC2ED006A82ED017AC2EDB1
:108C9000027A5AE7B1EE477A82ED007A002C86D14B
:108CA00090E7F1EE677A4EE7039B4FEA83096BE5A5
:108CB000689B022B0EDC002B13DC7FF446AFDFED4C
:108CC0000F7A3CE7022A7FF4C3ADF7EE007A37EE65
:108CD000C88ABDE5689B032B7FF437AFDFED077AC9
:108CE000B6E75346DDED327A13B9002313606BE724
:108CF0004FF00043136065E7BCF700080000000078
:108D000010EE102AC2F3C7537F3B162B22F000410E
:108D100029DC002B104618DB1A4919410A4221D0E0
:108D2000DFED197A70EE277AF5EEC07AF1EE10FADF
:108D300018DD002A04DA4FF4000242FA03F3184463
:108D400020EA010300EE103A7047DFED0F7A70EE73
:108D5000277AF5EEC07AF1EE10FA03DD002A08DB7F
:108D60009FED0A0A7047B1F1FF4FFBD330EE000AC6
:108D70007047DFED077A0029BFEE000A08BFB0EEAA
:108D8000670A7047FFFF7F00CAF2497100000000C8
:108D90000000008010EE103A33F000411A4627D050
:108DA000B1F1FF4F21D213F0FF4F22D1DFED2B7A2B
:108DB0002B4A60EE277A904217EE903A33DB4CF262
:108DC000503CC3F3C75160451A46A1F1190116DDA5
:108DD000DFED247ADFED246A002BB0EE677AB8BFAE
:108DE000F0EE667A27EE870A704730EE000A704789
:108DF00070474CF2503C60454FEAD151E8DC0144E9
:108E0000FE29E5DC002915DC11F1160F19DB1931FB
:108E100022F0FF4242EAC15207EE902A9FED130A68
:108E200027EE800A7047DFED127A07EE103A27EE40
:108E3000270A704722F0FF4242EAC15300EE103A7F
:108E40007047DFED0B7ADFED0B6A002BB0EE677A2F
:108E5000B8BFF0EE667A27EE870A70470000004C34
:108E6000B03CFFFFCAF24971CAF249F10000003379
:108E70006042A20D6042A28D014B1868704700BF8E
:108E80002800002070B50D4D0D4C641BA410002669
:108E9000A64209D10B4D0C4C01F0F0FB641BA41051
:108EA0000026A64205D170BD55F8043B984701360F
:108EB000EEE755F8043B98470136F2E700F8000862
:108EC00000F8000800F8000804F80008024403460F
:108ED000934200D1704703F8011BF9E7002310B556
:108EE0000446C0E90033C0E90433836081814366EE
:108EF000C2818361194608225C30FFF7E7FF0D4B02
:108F000063620D4BA3620D4BE3620D4B23630D4B6C
:108F100024629C4206D003F16802944202D0D0330E
:108F20009C4205D104F15800BDE8104000F068B93A
:108F300010BD00BF25900008479000087F900008F2
:108F4000A3900008E4030020024A0349034800F00C
:108F5000D1B800BF78000020119300082C00002039
:108F600041680C4B994210B5044601D000F0D0F98D
:108F7000A168094B994202D0204600F0C9F9E16886
:108F8000064B994204D02046BDE8104000F0C0B91D
:108F900010BD00BFE40300204C040020B4040020F6
:108FA00010B50B4B0B4C0C4A1A60204600220421D2
:108FB000FFF794FF04F1680001220921FFF78EFFFB
:108FC00004F1D0000222BDE810401221FFF786BF55
:108FD0001C050020E4030020498F0008014800F030
:108FE00010B900BF21050020014800F00BB900BFF7
:108FF0002105002010B50446FFF7F0FF236A1BB1DE
:10900000BDE81040FFF7F0BF044B2362044B1B6820
:10901000002BF5D1FFF7C4FFF2E700BF618F000816
:109020001C05002010B50C46B1F90E1000F050F8E8
:109030000028ABBF636DA3891B1823F48053ACBF1A
:109040006365A38110BD2DE9F0411F468B89DB05C7
:1090500005460C46164605D5B1F90E10022300222E
:1090600000F024F8A389B4F90E1023F48053A381EF
:1090700032463B462846BDE8F04100F059B810B5ED
:109080000C46B1F90E1000F011F8431CA38915BF6E
:10909000606523F4805343F48053A38118BFA381F8
:1090A00010BDB1F90E1000F0FDB9000038B5074D44
:1090B00004460846114600222A601A46FFF70AF8BD
:1090C000431C02D12B6803B1236038BD2C0500205E
:1090D00038B5074D04460846114600222A601A4654
:1090E000FEF7FAFF431C02D12B6803B1236038BDA1
:1090F0002C0500202DE9F843074688461446002633
:10910000D4E90195B9F1010905D52468002CF7D1FE
:109110003046BDE8F883AB89012B07D9B5F90E308D
:10912000013303D029463846C04706436835E9E78E
:1091300038B5074D04460846114600222A601A46F3
:10914000FEF7CEFF431C02D12B6803B1236038BD6C
:109150002C05002038B5294B054618680C4618B177
:10916000036A0BB9FFF746FFB4F90C30190722D494
:10917000DA0607D409222A6043F04003A3814FF0A6
:10918000FF3033E0580712D5616B41B104F144035D
:10919000994202D0284600F0EFF900236363A389C7
:1091A00023F02403A3810023636023692360A38940
:1091B00043F00803A38123694BB9A38903F4207307
:1091C000B3F5007F03D02146284600F045FAB4F9F4
:1091D0000C3013F001020AD00022A26062695242F0
:1091E000A261226942B913F08000C5D138BD990748
:1091F00058BF6269A260F4E70020F7E7280000206A
:109200007047704770470000B1F90C202DE9F0411C
:10921000160705460C4654D44B68002B02DC0B6C39
:10922000002B48DDE66A002E45D0002312F4805260
:109230002F68216A2B6030D0626DA389590705D54C
:109240006368D21A636B0BB1236CD21A0023E66AEF
:10925000216A2846B047431CA38906D129681D29E5
:109260002BD82A4ACA40D60727D500226260D904E3
:109270002269226004D5421C01D12B6803B96065C4
:10928000616B2F60B9B104F14403994202D02846C2
:1092900000F072F9002363630DE001232846B04714
:1092A0000246501CC9D12B68002BC6D01D2B01D003
:1092B000162B1ED12F60002022E043F040031BB28A
:1092C0001BE00F69002FF6D093070E6808BF4B69AB
:1092D0000F6018BF0023A6EB07088B60B8F1000FE2
:1092E000E9DD216AA66A43463A462846B047002887
:1092F00008DCB4F90C3043F04003A3814FF0FF3099
:10930000BDE8F0810744A8EB0008E7E70100402032
:1093100038B50B6905460C4613B90025284638BDFB
:1093200018B1036A0BB9FFF765FEB4F90C30002BD6
:10933000F3D0626ED00704D4990502D4A06DFFF774
:1093400060FF28462146FFF75FFF636EDA07054698
:10935000E4D4A3899B05E1D4A06DFFF753FFDDE7BB
:1093600070B50F4E0C463168054611B900F0B6F8DD
:1093700030602146284600F0B1F8431C03D14FF07D
:10938000FF34204670BDC41C24F00304A042F8D072
:10939000211A284600F0A2F80130F2D1EFE700BF11
:1093A000240500202DE9F843CD1C25F003050835E0
:1093B0000C2D38BF0C25002D064601DBA94204D92F
:1093C0000C2333600020BDE8F883DFF8D48000F080
:1093D00079F8D8F800301C4644BB29463046FFF7E0
:1093E000BFFF431C044658D1D8F800402746002F41
:1093F00043D1002C4BD023683946304604EB030997
:1094000000F06CF8814542D121686D1A294630463A
:10941000FFF7A6FF01303AD023682B442360D8F829
:1094200000305A6862BBC8F800700FE02268521B17
:1094300020D40B2A17D96119A342256018BF59609F
:10944000636808BFC8F8001062514B60304600F0F6
:109450003FF804F10B00231D20F00700C21A1CBFC7
:109460001B1AA350AFE76268A3420CBFC8F80020E4
:109470005A60EBE723466468AEE73C467F68B6E790
:109480001A465B68A342FBD100235360DEE70C233E
:109490003360304600F01CF894E70560D6E700BF63
:1094A0002805002038B5064D0023044608462B60E9
:1094B000FEF70AFE431C02D12B6803B1236038BDBE
:1094C0002C0500200148FFF79CBE00BF20050020AE
:1094D0000148FFF797BE00BF2005002038B5064DB4
:1094E0000023044608462B60FEF730FE431C02D1E1
:1094F0002B6803B1236038BD2C050020F8B50E465B
:109500001446054618B1036A0BB9FFF773FDA3694A
:10951000A360A3891A0701D5236943B921462846C8
:10952000FFF718FE18B14FF0FF373846F8BD236833
:109530002269981A6369F6B28342374605DC2146F0
:109540002846FFF7E5FE0028EDD1A368013BA360A4
:1095500023685A1C22601E706269431C9A4204D020
:10956000A389DB07E1D50A2EDFD121462846FFF784
:10957000CFFE0028D9D0D6E738B50546002941D01E
:1095800051F8043C0C1F002BB8BFE418FFF79AFFFA
:109590001D4A136833B9636014602846BDE838403B
:1095A000FFF796BFA34208D9206821188B4201BF5C
:1095B00019685B6809182160EDE71A465B680BB112
:1095C000A342FAD911685018A0420BD12068014477
:1095D000501883421160E0D118685B6853600844FA
:1095E0001060DAE702D90C232B60D6E72068211837
:1095F0008B4204BF19685B68636004BF091821606F
:109600005460CAE738BD00BF2805002070B50C467D
:10961000B1F90E10002996B015461E460DDAA38941
:1096200013F0800F4FF0000114BF40234FF480630C
:10963000002031602B6016B070BD6A4600F062F801
:109640000028ECDB019901F47041A1F50053594267
:1096500059414FF48063EBE78B89F7B59D070646C8
:109660000C4607D504F1470323602361012363619E
:1096700003B0F0BD01AB6A46FFF7C8FF009F054687
:1096800039463046FFF78EFE48B9B4F90C309A05DA
:10969000EED423F0030343F00203A381E2E7A3899E
:1096A000206043F08003A381019BC4E904075BB100
:1096B000B4F90E10304600F045F828B1A38923F024
:1096C000030343F00103A381A3891D43A581CFE7D1
:1096D000884210B501EB020402D98442234607D820
:1096E000431EA14208D011F8012B03F8012FF8E71F
:1096F000024401468A4200D110BD13F8014D02F820
:10970000014DF7E738B5074D0023044608461146DA
:109710002B60FEF7D3FC431C02D12B6803B12360FE
:1097200038BD00BF2C0500200A44914200F1FF33F0
:1097300000D1704710B511F8014B03F8014F914269
:10974000F9D110BD38B5064D0023044608462B60FC
:10975000FEF7BEFC431C02D12B6803B1236038BD69
:109760002C050020024B01461868826800F012B8F0
:1097700028000020024B01461868FFF713BE00BF07
:1097800028000020024B01461868FFF7F5BE00BF15
:109790002800002070B50D461446064618B1036A2D
:1097A0000BB9FFF727FC636ED80705D4A389990589
:1097B00002D4A06DFFF725FDA368013B002BA36039
:1097C00005DAA269934212DBEBB20A2B0FD02368B1
:1097D0005A1C22601D70EDB2636EDA0705D4A389AE
:1097E0009B0502D4A06DFFF70DFD284670BD2946EC
:1097F00022463046FFF782FE0546EDE7B1F8C83055
:109800005A1C92B2C82AA1F8C820C85400D0704788
:1098100010B500200C46FEF763FC0023A4F8C83006
:1098200010BD00BF10B50446FDF74CFC21460246B2
:109830000020FEF755FC034901220020FEF750FCF2
:10984000002010BDA0EB00080FB430B5B5B038ACA7
:109850000E4954F8045BCA2201A8FFF765FF2346AE
:109860002A460B48009401A900F078FDBDF8CC20F1
:1098700004462AB9204635B0BDE8304004B07047F0
:1098800001A90020FEF72CFCF4E700BFE8E4000883
:10989000FD9700080CB400B583B004AB53F8042B5B
:1098A000019300F04BFD03B05DF804EB02B070478C
:1098B00000F044BD9A4238BF88547047704700BFDB
:1098C0002DE9F04F83B00F4612990D9C9DF838504A
:1098D000984611F0020306469446DDE9100A00930B
:1098E0002ED1BAF1000F40F0A280844228D2202C61
:1098F00001F0010E00F088810C9B621E1A444FF0AB
:10990000300B734602E0202C00F0E7800134A042C7
:1099100002F801BFF7D89E4693B1544510D2202CCF
:1099200000F0CF810C9B621E1A444FF0300E02E013
:10993000202C00F024810134544502F801EFF7D1C6
:10994000CB061FD54A0500F1A580002C40F09E8073
:109950000F9B102B00F045810F9B022B00F04E81D6
:109960000C9B30221A70012401F00302002D00F03C
:10997000CA800C9B2D21195501340AB954450ED3C8
:10998000654626E001F00302202CEFD1002A40F0CA
:109990008F80BAF1200F88BF202440F2898065466D
:1099A000A4EB0C0BE1462A464346013539462020FC
:1099B000B04705EB0B035345F5D30AF1FF35621CA5
:1099C0002D1B924538BF002509F10102CC461544F4
:1099D000C4B10C9BCDF844A005EB040903EB090BC3
:1099E0001C44CDF804C09A46ABEB040214F8010DF8
:1099F00043463946B047A2454D46F5D1DDF804C08F
:109A0000DDF844A0009B73B1A5EB0C09D1450AD247
:109A10002A4643463946202009F10109B047D1457D
:109A200005F10105F4D3284603B0BDE8F08F11F02D
:109A3000010E73D0002D40F08B8011F00C0F40F020
:109A400087808442BFF469AF202C7FF455AFBAF110
:109A5000200F40F23281CB0640F1BE804A0500F172
:109A60001981202816D11F200F9B102B00F0F280A7
:109A70000F9B022B1FD0441C01F0030227E0CB06F2
:109A80007FF57EAF4A054FF0200403D4A04262D098
:109A9000544560D00F9B01F00302102B104673D089
:109AA0000F9B022B0ED1202C08D100283FF471AF60
:109AB000654620248DE7044601F003020C9B6220DA
:109AC00018550134202C3FF461AF204601340C9B23
:109AD0004FF0300E03F800E056E79E46002B00F0F2
:109AE000CB80BAF1200FCAD9CB0675D54A0500F153
:109AF000D180202800F0DA80BAF1200F40F08D806C
:109B000054461F20B0E74B0747D50C9B2B21195516
:109B10000134002A3FF432AF65465AE78442BFF46D
:109B20000FAF202C7FF4E8AECC067FF532AF4C05AA
:109B30003FF52FAF202800F0B980BAF1200FDFD019
:109B40000F9B102B3FF425AF0F9B022B19D120E761
:109B50000AF1FF3A75E7601E86D10F9B102B6BD080
:109B60000F9B022B7FF4FCAE0C9B0F9C62221A70A1
:109B700030225A7001F00302002DC4D0F9E6CC0661
:109B800080D401F0030201E78B0611D4202C8CD085
:109B90000C9B78201855013494E70D0713D48ABB29
:109BA0005445FFF4FCAE002C7FF4EAAE65463AE77C
:109BB000202C3FF47AAF0C9B18194FF0580E01344B
:109BC00080F800E07EE70C9B202119550134002A23
:109BD0003FF4D4AE6546FCE68D073FF4E0AE654643
:109BE000F7E688060CD558220C9B1A7030225A7062
:109BF000022401F00302002D85D0BAE66222F3E7C9
:109C00007822F1E76546E3E6BEF1000F50D0CB06BF
:109C10007FF5B6AE4B057FF524AF0F9B01F0030037
:109C2000102B02463FF441AF0F9B022B7FF4AEAEE8
:109C300000287FF43DAFACE68A0625D50C9B582260
:109C40001A7030225A70022401F00302002D3FF4F2
:109C50005AAF8EE68B06A4F1020206D40C9B782044
:109C60009854013C01F003022FE70C9B58209854B4
:109C7000013C01F0030228E7CA0682D54A05CCD48C
:109C8000202813D0202403E70C9B78221A7030225E
:109C90005A70D8E70F9B102B01F003003FF405AF7B
:109CA0000F9B022B3FF401AF02466FE60446DAE653
:109CB000CB063FF53CAF65468BE6CA06DED465466B
:109CC00087E6CC063FF512AF5BE700BF2DE9F04F0A
:109CD00093B01C9C9DF874B01E9DDDF884E02CB9F7
:109CE0002EF010061EF4806FB64635D11EF0200F00
:109CF00014BF4FF041094FF061090AAFA9F10A09F9
:109D0000B8460026099002E0202E15D05446B4FB38
:109D1000F5FA05FB1A4C5FFA8CF0BCF1090F00F163
:109D2000300C8ABF48445FFA8CF0C0B2AC4208F8ED
:109D3000010B06F10106E7D20998209C05941F9CAF
:109D4000CDF818E0CDE90354CDE9016B0097FFF79A
:109D5000B7FD13B0BDE8F08F26460AAFEDE700BFB0
:109D60002DE9F04F97B0DDE92478209E219C0993DE
:109D700056EA04039DF888C0DDF8A0B08E4605D1F0
:109D80002BF010031BF4806F9B4645D11BF0200F76
:109D90000EAB14BF4FF0410A4FF0610ACDF8A0B0EE
:109DA000CDE90A0ECDE90C2CAAF10A0A9946002544
:109DB0009B4603E0202D17D006460C4621463A4626
:109DC00043463046FDF786F9D2B2092A02F1300344
:109DD0008ABF5244DAB2D2B2BE4274EB080409F828
:109DE000012B05F10105E5D2DDE90A0EDDE90C2CB8
:109DF0005B46DDF8A0B02799059126990093CDE93F
:109E00000371CDE9015C099BCDF818B07146FFF7ED
:109E100057FD17B0BDE8F08F00250EABEBE700BF94
:109E200010B1D1E900311847704700BF2DE9F04F5C
:109E30001C46B1F1000A8D4B8FB018BF81462078C7
:109E4000DDF860B0904608BF9946002800F0D38145
:109E5000002507E02A46434651460135C847207889
:109E600000285ED0252804F10104F3D10023224606
:109E700012F8010BA0F1200110290AD8DFE801F047
:109E800034090930090909090909092C09280909AE
:109E90002400A0F13001092951D92A2800F094802A
:109EA00000262E285CD00021A0F16807122F23D8AD
:109EB000DFE807F0A2229D229522222222222222DE
:109EC0001E22222222221E0043F001031446CEE766
:109ED00043F002031446CAE743F004031446C6E7FE
:109EE00043F010031446C2E743F008031446BEE7EC
:109EF000607843F4807301327828144609D86328C7
:109F00003DD8622800F0B88163287DD0252840F034
:109F10003D812A4643465146C847207801350028EE
:109F2000A0D12C46A84501D808F1FF3543462A4662
:109F300051460020C84720460FB0BDE8F08F0026EC
:109F400006EB860600EB46061078A0F130010929E1
:109F50001446A6F1300602F10102F1D92E28A2D151
:109F60006078A0F13001092943F48063174640F27C
:109F7000EF802A2800F002811446013293E7A0F115
:109F8000640E01225FFA8EFE02FA0EFE384A1EEAC5
:109F9000020E40F0AD80732854D07028B9D143F040
:109FA000210305930823049310230391CDF804E0C3
:109FB00002935BF8043B00932A46434651464846C9
:109FC000FFF784FE05464AE75BF8046B6078002ED5
:109FD0001446BCBF43F002037642013261E7607869
:109FE0006C2886D1A07843F44073E21C84E7607843
:109FF00043F4007301327FE76078682800F0F68050
:10A0000043F08003013277E70BF1040298070A92CC
:10A0100005F1010740F111812A469BF800004346F3
:10A020005146C847012E88BFAD1940F249813A46D2
:10A030004346013751462020C847BD42F7D1DDF8DD
:10A0400028B00CE75A4652F804CB0A929CF800B0AC
:10A050005846002940F08C80BBF1000F13D06FF000
:10A06000010E0EF1010EE644624606E0BD980008BE
:10A0700021081200964500F0B38012F8017F002FEE
:10A08000F8D1A2EB0C0E13F4806702D08E4528BFE6
:10A090008E4613F002030B9300F0B080BBF1000F6B
:10A0A00017D0CDE90CE6E3462A460E464346514614
:10A0B0001FB106F1FF3C3EB16646C8471BF8010FD1
:10A0C00001352A460028F1D10B9BDDE90CE6002B77
:10A0D000B5D076452F46B2D93544A5EB0E053A46A4
:10A0E0004346013751462020C847BD42F7D1A6E775
:10A0F0006F2800F0BF806DD8692823F0100240F06F
:10A1000017815F0548BF23F01102900500F1DD8043
:10A11000D3050BF1040700F1D580500640F1F6801D
:10A120009BF900300391002B4FF00A0102914FEA96
:10A13000D371B8BF5B42CDE9046201912A46009316
:10A14000434651464846FFF7C1FDBB46054686E6F5
:10A15000002101EB810100EB4100A0F1300117F873
:10A16000010FA0F13002092AF3D93C467A1C9BE684
:10A17000BBF1000F87D001F1FF3E72E75BF8041BD3
:10A18000A078023421EAE171621C8DE658287FF440
:10A19000C0AE43F020031022580524D423F00C0352
:10A1A00013F400706AD113F4807F0BF1040740F0C0
:10A1B000B28058067BD418064CBFBBF80000DBF811
:10A1C00000000090CDE904630023CDE90221019352
:10A1D0002A46B5E7782868D023F010030A22DBE787
:10A1E000AEEB0C0E4FE723F00D03D9E7A07843F058
:10A1F000C003E21C80E60446054693E6764540F23D
:10A20000948006EB050BCDE90C7CABEB0E0B0F46F7
:10A210002A464346013551462020C8475D45F7D1BF
:10A22000DDF834C039469CF800B00C9F06F1010EF1
:10A23000584600287FF435AF01E7012E3AD96B1E4E
:10A240003344CDF82CB02F469B463A46434601375F
:10A2500051462020C847BB45F7D15B46DDF82CB0FE
:10A260001A469BF8000043465146C8473544DDF87E
:10A2700028B0F4E508228FE702228DE7CDE90763D5
:10A280000BF1070B002306910492059302932BF028
:10A29000070BFBE802672A46CDE9006743465146B3
:10A2A0004846FFF75DFD0546D9E5102274E79BF8A7
:10A2B000000086E79BF800002A4643465146C847FF
:10A2C0003D46BCE6DBF800302CE70BF1070B2BF02A
:10A2D000070BDBF804305BF8080B0691D90FCDE9CA
:10A2E00007620291024600210A20002BCDE90401F9
:10A2F00002DA524263EB4303CDE9002351462A467A
:10A3000043464846FFF72CFD0546A8E51306D9D578
:10A31000BBF9003006E7CDE90221CDE904630190E5
:10A32000DBF8003000932A460AE70EF1010E7FE7C2
:10A3300064283FF4E6AE13460A222DE700B583B049
:10A3400084460093044813460A466146FFF76EFDB3
:10A3500003B05DF804FB00BFB598000810B584B0E9
:10A360000446CDE90241009302A9134603484FF089
:10A37000FF32FFF75BFD04B010BD00BF219E000857
:10A38000D0B5FDF74FF90C4B002206460F46FCF7FF
:10A39000B9FEFDF79FF90446FDF722F9074B0022AD
:10A3A000FCF7B0FE02460B4630463946FCF7DAFFB2
:10A3B000FDF790F92146D0BD0000F03D0000F041CE
:10A3C0002DE9F047089D0E4604460F46002B4AD162
:10A3D00094468C45B2FA82F260D942B1C2F12003B0
:10A3E000974020FA03F30CFA02FC1F4394404FEA13
:10A3F0001C4E1FFA8CF6B7FBFEF1230C0EFB1177F7
:10A4000043EA074301FB06F098420AD91CEB030319
:10A4100001F1FF3780F01581984240F21281023934
:10A4200063441B1AA4B2B3FBFEF00EFB103344EAE4
:10A43000034400FB06F6A6420AD91CEB040400F113
:10A44000FF3380F00081A64240F2FD806444023870
:10A4500040EA0140A41B00211DB1D4400023C5E9FE
:10A460000043BDE8F0878B4205D90DB1C5E9000175
:10A4700000210846F5E7B3FA83F1002946D1B3423B
:10A4800002D3824200F2F580841A66EB03020120B7
:10A490001746002DE5D0C5E90047E2E7002A40F065
:10A4A0009380A1EB0C034FEA1C471FFA8CFE01219D
:10A4B000B3FBF7F607FB1630230C43EA00430EFB11
:10A4C00006F0984208D91CEB030306F1FF3802D2CC
:10A4D000984200F2D08046461B1AA4B2B3FBF7F0B4
:10A4E00007FB103344EA03440EFB00FEA64508D9DF
:10A4F0001CEB040400F1FF3302D2A64500F2B68043
:10A500001846A4EB0E0440EA0640A5E7C1F1200777
:10A510008B4022FA07FC4CEA030C06FA01FE20FAF3
:10A5200007F426FA07F344EA0E0400FA01F84FEAAA
:10A530001C404FEA1449B3FBF0FE1FFA8CF600FBF7
:10A540001E3349EA03430EFB06F9994502FA01F26C
:10A550000BD91CEB03030EF1FF3A80F0858099457F
:10A5600040F28280AEF1020E6344A3EB0909A4B26B
:10A57000B9FBF0F300FB139944EA094403FB06F628
:10A58000A64208D91CEB040403F1FF3068D2A642AE
:10A5900066D9023B644443EA0E40A41BA0FB02E6DA
:10A5A000B4427346B14652D34FD05DB1B8EB03020B
:10A5B00064EB090404FA07F722FA01F31F43CC40C5
:10A5C000C5E9007400214CE7C2F1200120FA01F333
:10A5D0000CFA02FC26FA01F1964033434FEA1C477D
:10A5E0001FFA8CFEB1FBF7F007FB1016190C41EABD
:10A5F000064100FB0EF68E4204FA02F408D91CEB69
:10A60000010100F1FF382DD28E422BD9023861446E
:10A61000891B9BB2B1FBF7F607FB161143EA014316
:10A6200006FB0EF1994208D91CEB030306F1FF3833
:10A6300014D2994212D9023E63445B1A46EA0041A1
:10A6400036E73946EDE6184602E7F045ADD2BEEBF7
:10A65000020366EB0C060138B146A6E74646ECE776
:10A66000034698E74046D3E7D6467EE7644402387F
:10A6700047E708460DE7023E63442DE7F8B500BF03
:10A68000F8BC08BC9E467047F8B500BFF8BC08BCD3
:08A690009E4670470000000027
:10A69800A0860100400D0300801A060000350C005A
:10A6A80040420F0080841E0000093D0000127A001D
:10A6B8000024F40000366E010048E801006CDC025A
:10A6C8000000000001020304DCF3000800000100A0
:10A6D80000000000000000004D0001007912000891
:10A6E800000000001C000100E91000080000000044
:10A6F8002C00080031110008000000006000010073
:10A7080069110008000000007D0008009D11000884
:10A718000000000062001000D5110008ECF30008EA
:10A7280017010100000000000000000018011000DF
:10A738003D12000808F4000837000100000000007E
:10A7480070F30008020000007CF300080400000019
:10A758008CF30008080000009CF3000810000000BB
:10A76800ACF3000820000000BCF300084000000023
:10A77800CCF300088000000000000000000000008A
:10A78800293C0000163B0000D7630000325F000040
:10A79800738800005D7D00004AAC0000A6970000A9
:10A7A800A4D000000FAF00004CF70000A3C40000C5
:10A7B80070FB0000F3E80000F6D20000C0BB000008
:10A7C800DCA40000E58E0000338200007D7B7C7AEB
:10A7D800E7E61BE895B9AAAB0102030405060049A0
:10A7E80048303231332F4B4A9EA09F898A8B8CED9B
:10A7F800E907ACB191C696CA9ABEC2BACED2D6E221
:10A80800DADE7640447F64B5600D218D3C37A66C56
:10A818002768582B705C144C5054EEEA08ADB2927D
:10A82800C797CB9BBFC3BBCFD3D7E3DBDF7741450C
:10A838008065B6610E228E3D38A76D2869592C7146
:10A848005D154D5155EFEB09AEB393C898CC9CC03C
:10A85800C4BCD0D4D8E4DCE07842468166B7620F45
:10A86800238F3E39A86E296A5A2D725E164E5256AB
:10A87800F0EC0AAFB494C999CD9DC1C5BDD1D5D965
:10A88800E5DDE17943478267B8631024903F3AA930
:10A898006F2A6B5B2E735F174F5357888586261F69
:10A8A80083843BA1A213181A190C0B3487110000DA
:10A8B80000000300A0B90008000001009CB90008CE
:10A8C8000300010098B900080100010094B90008CC
:10A8D8000300010090B90008000001008CB90008CD
:10A8E8000000010088B900080000010084B90008D0
:10A8F8000000010080B90008000001007CB90008D0
:10A908000000010078B90008010C010074B90008C2
:10A91800FF03010070B90008BD0001006CB9000810
:10A92800BD00010068B90008BD00010064B9000855
:10A93800BD00010060B90008000001005CB9000812
:10A948000100010058B9000801002000D8B800082B
:10A9580000000100D4B8000800000100D0B80008C9
:10A9680000000100CCB8000800000100C8B80008C9
:10A9780050000200C0B80008C05D0100BCB8000863
:10A9880040010100B8B8000815000100B4B800087B
:10A9980000000100B0B8000800000100ACB80008D1
:10A9A80000000100A8B8000801000200A0B80008D3
:10A9B8000100030094B800085D00010090B8000889
:10A9C8005D0001008CB800085D00010088B800082F
:10A9D8005D00010084B800080100010080B800088B
:10A9E800000001007CB800080000010078B80008E9
:10A9F8000000010074B800080000010070B80008E9
:10AA0800000001006CB800080000010068B80008E8
:10AA18000000010064B800080000010060B80008E8
:10AA2800000001005CB800080000030050B80008EE
:10AA38000000040040B80008000001003CB800080D
:10AA48000000010038B80008000003002CB8000816
:10AA58000000010028B800080200020020B8000821
:10AA68000000020018B800080000010014B800082F
:10AA78000000010010B80008000001000CB8000830
:10AA88000000010008B8000800000500F4B700083D
:10AA980000000100F0B7000800000100ECB7000852
:10AAA80000000100E8B7000800000100E4B7000852
:10AAB80001000500D0B7000801000500BCB7000878
:10AAC80001000500A8B700080100050094B70008B8
:10AAD8000000010090B70008000001008CB70008D2
:10AAE8000000010088B700080000010084B70008D2
:10AAF8000000090060B7000800000A0038B7000825
:10AB08000000050024B700080000050010B7000881
:10AB1800000001000CB700080000010008B7000899
:10AB28000000010004B700080000010000B7000899
:10AB380000000100FCB6000800000100F8B600089B
:10AB480000000100F4B6000800000100F0B600089B
:10AB580000000100ECB6000800000100E8B600089B
:10AB680000000100E4B6000800000100E0B600089B
:10AB780000000100DCB6000800000100D8B600089B
:10AB880000000100D4B6000800000100D0B600089B
:10AB980000000100CCB6000800000100C8B600089B
:10ABA80000000100C4B6000800000100C0B600089B
:10ABB80001000500ACB600080100050098B60008C1
:10ABC8000100050084B600080100050070B6000801
:10ABD800010001006CB600080100010068B6000819
:10ABE8000100010064B600080100010060B6000819
:10ABF800170001005CB600081700010058B60008ED
:10AC08001700010054B600081700010050B60008EC
:10AC1800070001004CB600080700010048B600080C
:10AC28000700010044B600080700010040B600080C
:10AC3800010001003CB600080100010038B6000818
:10AC48000100010034B600080100010030B6000818
:10AC5800000001002CB600080100010028B6000819
:10AC68000000010024B600080000010020B600081A
:10AC7800000001001CB600080000010018B600081A
:10AC88003F00010014B600080400010010B60008D7
:10AC9800000001000CB600080100010008B6000819
:10ACA8000000010004B600080300010000B6000817
:10ACB80003000100FCB5000803000100F8B5000816
:10ACC80003000100F4B500089D000100F0B500087C
:10ACD8004D000100ECB5000801000500D8B50008DA
:10ACE8001F000100D4B5000800000100D0B500081D
:10ACF80001000200C8B5000800000500B4B500084E
:10AD080000000300A8B50008000003009CB5000877
:10AD18000000030090B50008000001008CB5000891
:10AD28000000010088B500080000010084B5000893
:10AD38000000010080B50008000001007CB5000893
:10AD48000000010078B500080000010074B5000893
:10AD58000000010070B500080000020068B5000896
:10AD68000000010064B500080000010060B500089B
:10AD7800000001005CB500080000010058B500089B
:10AD88000000010054B500080000010050B500089B
:10AD9800000001004CB500080000010048B500089B
:10ADA8000000050034B500080000010030B50008B7
:10ADB800000001002CB500080000010028B50008BB
:10ADC8000000010024B500080000010020B50008BB
:10ADD800000001001CB500080000010018B50008BB
:10ADE8000000010014B500080000010010B50008BB
:10ADF800000001000CB500080000010008B50008BB
:10AE08000500010004B500084500010000B5000870
:10AE180000000200F8B4000800000200F0B40008C6
:10AE280000000200E8B4000800000200E0B40008D6
:10AE38000A000100DCB4000800000100D8B40008D2
:10AE480000000100D4B4000800000100D0B40008DC
:10AE580000000100CCB4000801000500B8B40008E7
:10AE680001000500A4B400080100050090B4000822
:10AE7800010005007CB400080000020074B400085A
:10AE88000000010070B40008000001006CB4000864
:10AE98000000010068B400080000010064B4000864
:10AEA8000000010060B40008000001005CB4000864
:10AEB8000000010058B400080000010054B4000864
:10AEC8000000010050B40008000001004CB4000864
:10AED8000000010048B400080000010044B4000864
:10AEE8000000010040B40008000001003CB4000864
:10AEF8000000010038B400080000010034B4000864
:10AF08000000010030B40008000001002CB4000863
:10AF18000000010028B400080000010024B4000863
:10AF28000000010020B40008000001001CB4000863
:10AF38000000010018B400080000010014B4000863
:10AF48000000010010B40008000001000CB4000863
:10AF58000000010008B400080000010004B4000863
:10AF68000000010000B4000800000100FCB3000864
:10AF780000000100F8B3000800000100F4B3000865
:10AF880000000100F0B3000800000100ECB3000865
:10AF980000000100E8B3000800000100E4B3000865
:10AFA80000000100E0B3000800000100DCB3000865
:10AFB80000000100D8B3000800000100D4B3000865
:10AFC80000000100D0B3000800000100CCB3000865
:10AFD80000000100C8B3000800000100C4B3000865
:10AFE80000000100C0B3000808000100BCB300085D
:10AFF80020000100B8B3000800000100B4B3000845
:10B0080000000100B0B3000800000100ACB3000864
:10B0180000000100A8B3000800000100A4B3000864
:10B0280000000100A0B30008000001009CB3000864
:10B038000000010098B300080000010094B3000864
:10B048000000020088BA00080000010084BA000865
:10B058000300010080BA0008010001007CBA000862
:10B068000300010078BA00080000010074BA000863
:10B078000000010070BA0008000001006CBA000866
:10B088000000010068BA00080000040058BA00086F
:10B098000000010054BA00080400010050BA00087A
:10B0A800040001004CBA00080C03020044BA00086E
:10B0B800C05D010040BA00084001080020BA00083D
:10B0C800150001001CBA00080000010018BA0008A9
:10B0D8000000010014BA00080000010010BA0008BE
:10B0E8000100030004BA000802000200FCB90008CD
:10B0F80000000200F4B9000800000100F0B90008DF
:10B1080001000100ECB900083F000100E8B900089F
:10B1180004000100E4B9000800000100E0B90008DB
:10B1280001000100DCB9000800000100D8B90008DE
:10B1380000000100D4B9000800000100D0B90008DF
:10B1480000000100CCB9000805000100C8B90008DA
:10B1580045000100C4B900080A000100C0B9000890
:10B1680000000100BCB9000808000100B8B90008D7
:10B1780020000200B0B9000800000100ACB90008C6
:10B1880000BE87BD8EBD14BD19BDA0BC27BCAEBB1B
:10B19800ADAD33ACB8AABEA8CBADD2AB58A95FA7AA
:10B1A800DC9FE19B67986C947390F58AF8857A80A8
:10B1B800F9C379C779CBF8CE75D1F4D472D871DBDD
:10B1C800F8E0F7E4F5E8F2EC56E952EC4EEFC9F195
:10B1D80039F0B3F22DF527F71DF515F68CF784F83D
:10B1E800837A897A0F7A147A9A7720772776AD75D9
:10B1F8002E6EB46CB96B3F6A4F71D56E5C6CE269A8
:10B20800DC5F615CE558EA54DE4DDF496146624225
:10B21800F7017705F608F60BF50E7412F215711999
:10B2280051164F19CC1BCA1E5C28D72B532F4E32F0
:10B23800392C342F2E32A93423399A3A923B093DBE
:10B24800093D093D093D093D093D093D093D093DC6
:10B25800093D093D093D093D093D093D093D093DB6
:10B26800093D093D093D093D093D093D093D093DA6
:10B27800093D093D093D093D093D093D093D093D96
:10B28800060401001F1915120F0D0C0B004026446F
:10B298009A994742000000000000804085EB514029
:10B2A80000000000613132312D76312E31302E30E0
:10B2B8000000000000000000000000000000000086
:10B2C8000000000000000000000000000000000076
:10B2D8000000000000000000000000000000000066
:10B2E8000000000000000000000000000000000056
:10B2F800000000000000000000000000FFFF000048
:10B308007597000885970008000000008D2F000839
:10B318003D02000850000000A000010008001001D4
:10B32800000000010300000050000000A000010020
:10B338000800100100000001030000005000000098
:10B34800A000010008001001000000010300000037
:10B3580050000000A00001000800100100000001DA
:10B3680003000000000000000000000001000000D1
:10B378000100010002000100A00000000000000020
:10B388000000000001020304060708093203300028
:10B39800F702B000C202B0008D02B0005802B0003F
:10B3A800F8029000C30290008E02900059029000AB
:10B3B800E400D000F4009000F700D1000703B000CB
:10B3C800D202B0009D02B0006802B000050331004F
:10B3D800D00231009B0231006602310005033000C3
:10B3E800D00230009B023000660230000603B00035
:10B3F800D102B0009C02B0006702B0000103310026
:10B40800CC02310097023100620231000403B2001D
:10B41800CF02B2009A02B2006502B2001303100212
:10B42800DE021002A9021002740210020B031002BD
:10B43800D6021002A10210026C0210020303B0002F
:10B44800CE02B0009902B0006402B0000203B0005E
:10B45800CD02B0009802B0006302B00002033500CC
:10B46800CD02350098023500630235003A01B0007C
:10B478004601B00019022500380225003C022500CB
:10B488004302250047022500D7012500F6012500C3
:10B49800FA01250001022500050225009501250075
:10B4A800B4012500B8012500BF012500C30125000E
:10B4B8005301250072012500760125007D01250034
:10B4C80081012500FB029000C602900091029000C5
:10B4D8005C02900047030402FE02081028030810CB
:10B4E800C9020810F302081094020810BE020810DE
:10B4F8005F02081089020810DE00F700DE00F00085
:10B508002402F000E201F000A001F0005E01F0006A
:10B51800F3003000F3007700F300D100710007203A
:10B5280072000402A1001002A200100220000810FC
:10B5380027000810310008106F0008107500072058
:10B548001B031002E6021002B10210027C02100274
:10B5580017031002E2021002AD0210027802100274
:10B56800C100B0003901B000FA029000C502900095
:10B57800900290005B029000FC02B001C702B0018B
:10B588009202B0015D02B00191000810920008100B
:10B59800930008108E0008108F0008109000081003
:10B5A8008B0008108C0008108D000810350008105A
:10B5B80088000810890008108A00081096000810F2
:10B5C8008400081094000810380008104001B000EA
:10B5D80049012500490126004901270049012800A1
:10B5E80049012900B803B001B903B00142020402BD
:10B5F80000020402BE0104027C010402360151006B
:10B60800F2003000F2007700F200D100F500D0001F
:10B618000F031002DA021002A502100270021002D3
:10B62800320331003203320025020720E3010720EC
:10B63800A10107205F01072026020402E401040299
:10B64800A20104026001040228020402E6010402C5
:10B65800A40104026201040241020720FF0107203D
:10B66800BD0107207B01072019022B0038022B009F
:10B678003C022B0043022B0047022B00D7012B0072
:10B68800F6012B00FA012B0001022B0005022B000A
:10B6980095012B00B4012B00B8012B00BF012B0032
:10B6A800C3012B0053012B0072012B0076012B00E4
:10B6B8007D012B0081012B002F020720ED010720BF
:10B6C800AB0107206901072031020402EF010402DF
:10B6D800AD0104026B0104025302A4001102A4008C
:10B6E800CF01A4008D01A4005202A4001002A400FE
:10B6F800CE01A4008C01A4005102A4000F02A400F2
:10B70800CD01A4008B01A400250007202F000710FD
:10B71800730008107C0008107E0008101F00072026
:10B728002600071030000710740008107B0008106E
:10B7380028000720320007103900081041000710C0
:10B74800460005104B0008204C0008204F00081048
:10B758005400082055000820210007202900071060
:10B76800330007103A000810400007104700051082
:10B778004A0008205000081053000810F6029000F4
:10B78800C10290008C029000570290001902370104
:10B79800380237013C0237014302370147023701BB
:10B7A800D7013701F6013701FA01370101023701E4
:10B7B8000502370195013701B4013701B801370196
:10B7C800BF013701C3013701530137017201370146
:10B7D800760137017D013701810137011502B0017A
:10B7E800D301B0019101B0014F01B0012E00071043
:10B7F8006B0007107F0008208000081082000720D7
:10B808001402F000D201F0009001F0004E01F000A7
:10B818002B0330002F0330002B0354002F03540058
:10B82800360007103F00081086000820AF000810F7
:10B83800590010025A001002220008102A000810AD
:10B84800340008103E0008101B000510670008109F
:10B85800680008201F020720DD0107209B01072040
:10B868005901072020020402DE0104029C0104029F
:10B878005A01040248010402110107202003B00103
:10B88800EB02B001B602B0018102B001060024004B
:10B898000D002400140024006A0008204A01260034
:10B8A8003301570033015500330153003501B0000F
:10B8B80016010402FB000402000104020B01040249
:10B8C8002B020402E9010402A70104026501040233
:10B8D80075010620780131007801320079010620CF
:10B8E8008001062083013200840106208A01062097
:10B8F800B7010620BA013100BA013200BB010620A7
:10B90800C2010620C5013200C6010620CC0106206E
:10B91800F9010620FC013100FC013200FD0106207E
:10B928000402062007023200080206200E02062042
:10B938003B0206203E0231003E0232003F02062052
:10B9480046020620490232004A020620500206201A
:10B9580028010810C500D0002103B001EC02B00195
:10B96800B702B0018202B0019C0090019D009001D5
:10B97800F902D000C402D0008F02D0005A02D000D1
:10B98800DF005A00DF003900DF005600DF00350015
:10B99800DF005200DF003100B6003200BD00320087
:10B9A800BF0032005C0130003700D000C802D00070
:10B9B800B4009000B700D100FA000402E200F700DA
:10B9C800E200F000B3003000B3007700B300D1000C
:10B9D800D6005100B2003000B2007700B200D100AA
:10B9E800B500D0005C0131005C0132002900300054
:10B9F8002D003000290054002D00540006002400BA
:10BA08000D00240014002400D3005700D300550073
:10BA1800D3005300D500B000AC0004021B0304029D
:10BA2800F5040402FA0404020105040206050402EE
:10BA38002105040258050402180504026C010402D9
:10BA4800220304023204B0007204B000CF040402DE
:10BA5800C9043701CC043701D0043701D3043701B6
:10BA68006105B0006305D000E3005A00E300390027
:10BA7800E3005600E3003500E3005200E300310024
:10BA8800590032006000320030BFC3633503010043
:10BA9800E50108003503080085030100850300005F
:10BAA80014000000A847000035030100E50110005C
:10BAB8003503100085030100850300001400000011
:10BAC800A847000035030100E501200035032000E8
:10BAD800850301008503000014000000D83200002F
:10BAE80000000000B84B00002508000035080100E0
:10BAF800450801004008000088090000A506A00BC1
:10BB08000000000017020000F009000037020000E2
:10BB180070050000A80F0000000000008702000068
:10BB280080020000F0090000B7020000B002000027
:10BB38007005000098100000084600000000000092
:10BB4800200300002003000020030000F00900008B
:10BB5800500300005003000070050000A00600001C
:10BB6800E0030000C84C0000100C0000404A000030
:10BB7800204C0000480400005835000078360000CA
:10BB8800500A0000500A0000E001000040020000D6
:10BB9800D702000014000000050800008506C0094F
:10BBA8008006400A800620090900000018370000B6
:10BBB800A80F0000981000000846000009000000C7
:10BBC80018370000404A0000204C0000090000001F
:10BBD80018370000204C00009810000008460000AC
:10BBE80009000000F84900008848000055050000D9
:10BBF800650500004505010009000000E501080091
:10BC0800A50600008515040035030300E5010800BA
:10BC180035030800C506A46EB83700008503010087
:10BC280085030000A0380000283800000900000043
:10BC3800D0130000E0060000880800001707000085
:10BC480068250000F00900006809000027080000C6
:10BC580002000000404A0000204C0000B707000026
:10BC680035070300D84E00000A000000350702001F
:10BC7800F8090000A00F000090100000000000006C
:10BC8800004600008808000060090000430000002A
:10BC98005708000078280000D813000000000000B2
:10BCA800184800000900000060250000E0140000AA
:10BCB80070280000B028000000190000C02B000008
:10BCC800002C0000201D0000102F0000502F000045
:10BCD8004021000060320000D81300000900000075
:10BCE800E014000009000000F5010100060000084A
:10BCF80085150200851501009515FF03A515010C92
:10BD080009000000A84900001848000025050000A7
:10BD1800350500001505010009000000D5070100E0
:10BD28002506646B3507890D4507890D85061400BE
:10BD3800D84E00002A0000002506000085060000F5
:10BD480045070000104800000900000045000000F9
:10BD5800E501860035008400420100004300000030
:10BD6800B50C0B0082CE01004300000068330000D0
:10BD7800283900004500010009000000B50C00004A
:10BD880009000000B50C000009000000A50B000028
:10BD9800F50B0000050C1200150C0000E50B000067
:10BDA800950B0500483B00000620220038420000A1
:10BDB800B50204007502000065024000E5010101BA
:10BDC800B5020101A841000065020000783F0000AB
:10BDD800A8420000D83B0000017C0007F2030000E5
:10BDE800017C01000600400043000000010000053E
:10BDF800283C000009000000D5080A00E5081A00E0
:10BE0800450285225502FD0109000000A501000038
:10BE1800D5000000E5000000F50020000501000045
:10BE28001501000025010000350100008501000012
:10BE38004501000055010000650100007501000082
:10BE480095010000950001007500FF37090000000A
:10BE5800350A0900550A0000C50A0800650A3F08A6
:10BE6800250A6000950A0100250A7F0009000000E4
:10BE7800D83C000002DC050043000000D5000000AB
:10BE8800E500000075000300020500004300000003
:10BE98008500030025000000180B000025000100A4
:10BEA800E50102007500000009000000583A000092
:10BEB800180E000002050000430000008500FF374F
:10BEC800D50A4F007500FF3F8500FF3F5011000065
:10BED800050A6B01050A0801050AB502E50C01000F
:10BEE8000214000043000000280F00004503010071
:10BEF8004503020038130000483B000018450000C5
:10BF08005845000078440000A845000025000000BE
:10BF1800E501000535000005E501020015000000F7
:10BF2800020F00004300000018430000883A000098
:10BF3800E501010035000100620100004300000036
:10BF4800C80D0000784E0000250901009500FF404B
:10BF580009000000050D0100250D0100150D150053
:10BF6800A50A0100450D870009000000A50B000087
:10BF7800F50A000025022E0009000000083B000019
:10BF880078440000E5011F00150B1F00384200002F
:10BF9800C8400000A842000006202200E50A080068
:10BFA800F50A0000883B000002000000E1030003DE
:10BFB8004300000001008002283C00000900000046
:10BFC80035020000150200000602200022000000D1
:10BFD80032000000E17F800001F40000160000003C
:10BFE80043000000C601000043000000E715000000
:10BFF80002000000F81600004300000006001C00C4
:10C0080035020000901600007200000006020000D1
:10C0180072010000F8160000430000000200000052
:10C0280006001C004300000043000000E716000063
:10C038000602000002000000F8160000430000009D
:10C04800090000001200000001F4000012000000C6
:10C05800E17F80002600000001F40100000080005C
:10C06800E17F8000E601000001F40700000080077E
:10C07800430000006018000032000000E17F8000EB
:10C088002600000001F4030000008000E17F80002A
:10C09800E601000001F407000000800743000000EB
:10C0A80006004000160000004300000026000000C3
:10C0B80000008000060000000600000006000000E6
:10C0C800017480000900000035020000150200001C
:10C0D800060220002200000032000000E17F8000FC
:10C0E80001F400001600000043000000C601000033
:10C0F80043000000071A000002000000181B00009F
:10C108004300000006001C0035020000B01A0000C1
:10C11800720000000602000072010000181B0000F7
:10C12800430000000200000006001C00430000005D
:10C1380043000000071B0000060200000200000088
:10C14800181B000043000000090000001200000056
:10C1580001F4000012000000E17F800026000000CA
:10C1680001F4010000008000E17F8000E60100008A
:10C1780001F407000000800743000000801C000055
:10C1880032000000E17F80002600000001F4030077
:10C1980000008000E17F8000E601000001F4070054
:10C1A8000000800743000000060040001600000061
:10C1B8004300000026000000000080000600000088
:10C1C800060000000600000001748000090000005D
:10C1D80035020000150200000602200022000000BF
:10C1E80032000000E17F800001F40000160000002A
:10C1F80043000000C601000043000000271E0000A5
:10C2080002000000381F00004300000006001C0068
:10C2180035020000D01E0000720000000602000077
:10C2280072010000381F00004300000002000000F7
:10C2380006001C004300000043000000271F000008
:10C248000602000002000000381F00004300000042
:10C25800090000001200000001F4000012000000B4
:10C26800E17F80002600000001F40100000080004A
:10C27800E17F8000E601000001F40700000080076C
:10C2880043000000A020000032000000E17F800091
:10C298002600000001F4030000008000E17F800018
:10C2A800E601000001F407000000800743000000D9
:10C2B80006004000160000004300000026000000B1
:10C2C80000008000060000000600000006000000D4
:10C2D800017480000900000035020000150200000A
:10C2E800060220002200000032000000E17F8000EA
:10C2F80001F400001600000043000000C601000021
:10C3080043000000472200000200000058230000FC
:10C318004300000006001C0035020000F022000067
:10C32800720000000602000072010000582300009D
:10C33800430000000200000006001C00430000004B
:10C34800430000004723000006020000020000002E
:10C3580058230000430000000900000012000000FC
:10C3680001F4000012000000E17F800026000000B8
:10C3780001F4010000008000E17F8000E601000078
:10C3880001F407000000800743000000C0240000FB
:10C3980032000000E17F80002600000001F4030065
:10C3A80000008000E17F8000E601000001F4070042
:10C3B800000080074300000006004000160000004F
:10C3C8004300000026000000000080000600000076
:10C3D800060000000600000001748000090000004B
:10C3E80098130000F50B0000050C0000150C000068
:10C3F800E50B0000950B0000E50A000005020000AF
:10C408000620020010340000050B0000050B0C008C
:10C41800050B0000150B0000250B0000350B010073
:10C42800450B0000550B0000650B0000384200006A
:10C43800B50204007502000065020000E50109006C
:10C44800B5020900A841000065020000E5014100AD
:10C45800B5024100A841000065020000783E0000D6
:10C46800B50204007502000065020000E501010143
:10C47800B5020101A841000065020000783F0000F4
:10C48800A8420000182800000900000015095D00F6
:10C49800F508BD00E5010020F508002001000000B6
:10C4A8000900000001000005283C0000004E0000C3
:10C4B8000900000098130000F50B0000050C0000AF
:10C4C800150C0000E50B0000950B0000E50A0000C4
:10C4D800050200000620020010340000050B0000D1
:10C4E800050B0C00050B0000150B0000250B0000C8
:10C4F800350B0100450B0000550B0000650B0000D3
:10C5080038420000B5020400750200006502000010
:10C51800E5010900B5020900A84100006502000014
:10C52800E5014100B5024100A84100006502000094
:10C53800783E0000B50204007502000065020000A4
:10C54800E5010101B5020101A841000065020000F2
:10C55800783F0000A8420000682B00000900000096
:10C5680015095D00F508BD00E5010020F50800206B
:10C57800010000000900000001000005283C00003F
:10C58800004E00000900000098130000F50B0000A1
:10C59800050C0000150C0000E50B0000950B0000D1
:10C5A800E50A000005020000062002001034000021
:10C5B800050B0000050B0C00050B0000150B000017
:10C5C800250B0000350B0100450B0000550B000042
:10C5D800650B000038420000B50204007502000037
:10C5E80065020000E5010900B5020900A841000044
:10C5F80065020000E5014100B5024100A8410000C4
:10C6080065020000783E0000B502040075020000D3
:10C6180065020000E5010101B5020101A841000021
:10C6280065020000783F0000A8420000B82E000014
:10C638000900000015095D00F508BD00E5010020AE
:10C64800F5080020010000000900000001000005B5
:10C65800283C0000004E000009000000981300006C
:10C66800F50B0000050C0000150C0000E50B0000A0
:10C67800950B0000E50A00000502000006200200F4
:10C6880010340000050B0000050B0C00050B000022
:10C69800150B0000250B0000350B0100450B0000B1
:10C6A800550B0000650B000038420000B50204007D
:10C6B8007502000065020000E5010900B5020900E5
:10C6C800A841000065020000E5014100B5024100F3
:10C6D800A841000065020000783E0000B502040091
:10C6E8007502000065020000E5010101B5020101C3
:10C6F800A841000065020000783F0000A842000041
:10C70800083200000900000015095D00F508BD00A9
:10C71800E5010020F50800200100000009000000E4
:10C7280001000005283C0000004E00000900000040
:10C73800E5013100C5082000090000006503C000BC
:10C74800B5070200B5082A00A83200000900000059
:10C7580055080200F5050100350C04000900000029
:10C76800D50701002506E40065070600E50708006F
:10C7780045061400D84E00000A000000F8480000E2
:10C78800284900006507270009000000350C020051
:10C79800350C0300E5010100050B0100E50102006D
:10C7A800D50A0000A20000004300000009000000B4
:10C7B800E5010800A506000025030300E5010800BF
:10C7C80025030800C506046FB8370000950301006B
:10C7D8009503000028380000090000001508000033
:10C7E800E5010800A5060800D84E00002A00000050
:10C7F8000900000025080000250600003507030091
:10C8080045070300D84E00000A0000000900000098
:10C818002508010009000000F501011006000008C4
:10C8280009000000E501040085060400D5070100A1
:10C838002506C46DD84E00002A000000090000003B
:10C84800250600008506000009000000E836000003
:10C85800184800008848000009000000E5011000A1
:10C868003503100009000000E50110002503100041
:10C8780009000000D507010025061400D84E000065
:10C888002A00000025060000C50600000900000077
:10C89800E5061800D84E00000A000000E506000072
:10C8A8003508010088090000A506A00B0900000052
:10C8B80005071800D84E00000A0000000507000010
:10C8C8004508010048360000A50640690900000037
:10C8D800E5018600350084004201000043000000A5
:10C8E800E5010300B50C01006200000043000000F0
:10C8F800D50701002506E40065070600E5070800DE
:10C9080045061800D84E00000A000000F84800004C
:10C91800284900006507270009000000E501030019
:10C92800B50C03000900000068330000E5010200AF
:10C93800350002006201000043000000E5018400A8
:10C9480035000000090000001502360005020E003F
:10C9580025022E00090000001502360005020E000F
:10C96800250293000900000015094D00F5089D00F7
:10C97800E5010020F50800200900000015095D0008
:10C98800F508BD00E5010020F508002009000000B9
:10C99800E5010020F508000000000000000000008C
:10C9A80025000100E5010200150002002500000035
:10C9B800E5010200150000000900000065007F0085
:10C9C8000900000065000000090000007500010072
:10C9D80009000000D5000000E501020095000200F2
:10C9E80009000000A5010000E5000000F500200096
:10C9F80005010000150100002501000035010000B7
:10CA0800450103005501030085010300650103008A
:10CA18007501030095010300E501F77F9500F57F97
:10CA280009000000E501FF016502E001E5011100D0
:10CA3800B5021100A8410000E501FF016502FF01F0
:10CA4800E5012100B5022100A8410000E501FF0130
:10CA58006502F801E5018100B5028100A8410000E6
:10CA680009000000E501FF016502C001E5010102BE
:10CA7800B5020102A8410000E501FF016502FF01BE
:10CA8800E5010104B5020104A8410000E501FF0128
:10CA98006502F801E5010108B5020108A841000096
:10CAA800E501FF016502FF01E5010110B502011072
:10CAB800A841000009000000B50204006502003F1B
:10CAC800B5020D00F84100006502C0FFB50215006F
:10CAD800F84100006502F0FFB5028500F84100004A
:10CAE8006502FFFFB5022500F841000009000000BB
:10CAF800B208000043000000E501F91FB50200007C
:10CB080009000000B208000043000000B50204005C
:10CB180009000000E501000535000000E5010018E6
:10CB280035000018E5010005350000050900000082
:10CB3800E501000535000000E5010018350000009A
:10CB4800E50100053500000509000000450A01005F
:10CB5800450A000065070300D507080025061400EC
:10CB680058490000A847000025073900F5040000CF
:10CB78000505803EE5040100D84E00000A000000CB
:10CB8800A8470000F84800006507000009000000F9
:10CB9800250A0000950A0000250A0000650A000021
:10CBA80009000000050B0000050B0C00050B000038
:10CBB800150B1F00250B0000350B0100450B00006D
:10CBC800550B0000650B000009000000F50B000084
:10CBD800050C0E00150C000009000000950B07005D
:10CBE800A50B0400E50A0700F50A04000900000087
:10CBF800D50B0500B50B030009000000D50B050097
:10CC0800B50B00000900000038420000B50204001E
:10CC1800750200006502C03FE5010101B50201018E
:10CC2800A8410000650200FE783F0000A84200000D
:10CC3800483B000006202200D83B0000F50901000F
:10CC4800E50100039509000101F40000D50B05007A
:10CC5800024B000043000000D50B0900F509000055
:10CC6800E501000395090000283C000009000000C8
:10CC780025070000B5050100620000004300000020
:10CC8800B5050000E50400000900000035070000B4
:10CC9800C50501006200000043000000C505000052
:10CCA800150500000900000045070000D505010032
:10CCB8006200000043000000D505000045050000A3
:10CCC8000900000025060000D50700000900000043
:10CCD80045060000E50700000900000015000400F3
:10CCE800E5010800350000001500000009000000FB
:10CCF80015000800E50110003500000015000000CF
:10CD08000900000015001000E501200035000000B2
:10CD1800150000000900000095000100E50C000066
:10CD2800250900002839000025000100E50102005E
:10CD380015000200E501060085000000E501060077
:10CD480075000000D8450000984E0000E50101007C
:10CD58003500000062010000430000002844000084
:10CD6800D50A000085000100183D0000783D00004C
:10CD78000900000028330000C500000095140000D9
:10CD8800783D0000383D0000F80B00000900000065
:10CD9800D80B0000E501010085000000E501010055
:10CDA80075000000383D0000E50102001500000094
:10CDB800F83C000009000000950C1300750C3800C1
:10CDC800850C02001502360005020E0025022E0011
:10CDD800062022001509ED00F508DD01E501002017
:10CDE800F50800200100000501000105010000050B
:10CDF80006004000283C0000750C0000850C00006F
:10CE0800950C000009000000350C0000350C0400EA
:10CE1800E5010100050B0000E5010200D50A02004A
:10CE280009000000450DFF0009000000450D000045
:10CE3800A50A0000050D00000900000052000000CE
:10CE48004300000009000000300EB3633503010001
:10CE5800E50108003503080085030100850300008B
:10CE680014000000A801000035030100E5011000CE
:10CE7800350310008503010085030000140000003D
:10CE8800A801000035030100E5012000350320005A
:10CE9800850301008503000014000000150004004C
:10CEA800E501080035000000150000000900000039
:10CEB80025070000B50501006200000043000000DE
:10CEC800B5050000E5040000090000002506000083
:10CED800D50700000900000045060000E50700002E
:10CEE800090000006503C000B5070200B5082A0064
:10CEF800C802000009000000E5013100C508200053
:10CF08000900000052000000430000000900000072
:10CF180065007F0009000000A5010000D5000000A1
:10CF2800E5000000F50020000501000015010000E3
:10CF380025010000350100008501000045010000C1
:10CF48005501000065010000750100009501000011
:10CF5800950001007500FF3709000000D5000000AA
:10CF6800E50102009500020009000000A50100008B
:10CF7800E5000000F5002000050100001501000093
:10CF8800250100003501000045010300550103009B
:10CF98008501030065010300750103009501030085
:10CFA800E501F77F9500F57F09000000B50C00004A
:10CFB8000900000045000000E501860035008400F6
:10CFC8004201000043000000B50C0B0082CE0100B6
:10CFD80043000000880800005807000045000100D1
:10CFE80009000000E5010300B50C0300090000007A
:10CFF800020F00004300000009000000880800003C
:10D00800E501020035000200620100004300000053
:10D01800E50184003500000009000000E5018600F4
:10D02800350084004201000043000000E5010300D0
:10D03800B50C01006200000043000000D5070100A4
:10D048002506E40065070600E50708004506180000
:10D05800F80200000A000000180200004802000060
:10D068006507270009000000D50701002506E40030
:10D0780065070600E507080045061400F8020000E9
:10D088000A00000018020000480200006507270097
:10D0980009000000550D01000000000075070000A0
:10D0A800C50D9009750727008513010015140100A7
:10D0B800E501040085130400E501040015140400CB
:10D0C800E501080085130800E501F8011514F801C9
:10D0D80009000000150200000502000025020100F9
:10D0E8000620220015090200F5080400E5010020C9
:10D0F800F5080020090000000214000043000000A9
:10D108000100010001008002060040000900000043
:10D11800350A0900550A0000C50A0800650A3F08D3
:10D12800250A6000950A0100250A7F000900000011
:10D13800250A0000950A0000250A0000650A00007B
:10D1480009000000450A0100450A000065070300C0
:10D15800D50708002506140058010000A8010000A2
:10D1680025073900F50400000505803EE5040100A7
:10D17800F80200000A000000A801000018020000E0
:10D188006507000009000000450A0100450A000083
:10D1980009000000050D0100250D0100150D150001
:10D1A800A50A0100450D870009000000450DFF0094
:10D1B8000900000015095D00F508BD00E501002023
:10D1C800F508002009000000D5080A00E5081A0043
:10D1D800450285225502FD010900000015023600AE
:10D1E80005020E002502930009000000E501002059
:10D1F800F508000000000000000000002500010004
:10D20800E50102001500020025000000E50102000A
:10D218001500000009000000350C0200350C030061
:10D22800E5010100050B0100E5010200D50A000037
:10D23800A20000004300000009000000E50100050D
:10D2480035000000E501001835000018E50100056B
:10D258003500000509000000E50100053500000063
:10D26800E501001835000000E5010005350000055E
:10D2780009000000B208000043000000E501F91FA2
:10D28800B502000009000000E501FF016502E001A8
:10D29800E5011100B5021100B8100000E501FF0119
:10D2A8006502FF01E5012100B5022100B810000068
:10D2B800E501FF016502F801E5018100B502810081
:10D2C800B810000009000000E501FF016502C00177
:10D2D800E5010102B5020102B8100000E501FF01F5
:10D2E8006502FF01E5010104B5020104B810000060
:10D2F800E501FF016502F801E5010108B502010831
:10D30800B8100000E501FF016502FF01E501011009
:10D31800B5020110B810000009000000D50B050087
:10D32800B50B030009000000D80F0000B502040087
:10D33800750200006502C03FE5010101B502010167
:10D34800B8100000650200FE081200004810000036
:10D35800580E000006202200B80D0000F509010053
:10D36800E50100039509000101F40000D50B050053
:10D37800024B000043000000D50B0900F50900002E
:10D38800E501000395090000980E0000090000005F
:10D39800050B0000050B0C00050B0000150B1F000A
:10D3A800250B0000350B0100450B0000550B000054
:10D3B800650B000009000000550802005801000034
:10D3C800A80100001802000048020000F50501004D
:10D3D800350C0400780200002851000038090000CC
:10D3E800380A000001000000950C1300750C380085
:10D3F800850C0200A2000000C230000043000000BB
:10D408004300000001000105060040000100800201
:10D41800750C0001850C1800C80A0000850C38003E
:10D428002503000065070300D5070800250614003A
:10D4380058010000F504000005058002851422004B
:10D44800C50A0000080D0000A801000025072106F4
:10D45800E5040100F80200000A000000A80100002D
:10D46800E501010025030100C80A0000C50A010002
:10D47800080D0000A801000025074D06E50401007D
:10D48800F80200000A000000A8010000E5010200FF
:10D4980025030200C80A0000C50A0200080D0000A2
:10D4A800A801000025077906E5040100F80200003C
:10D4B8000A000000A8010000E5010400250304009B
:10D4C800C80A0000C50A0300080D0000A8010000F2
:10D4D8002507A506E5040100F80200000A0000007F
:10D4E800A8010000E501080025030800C80A00009B
:10D4F800C50A0400080D0000A80100002507D10690
:10D50800E5040100F80200000A000000A80100007C
:10D51800E501100025031000C80A0000C50A05002F
:10D52800080D0000A80100002507FD06E50401001C
:10D53800F80200000A000000A8010000E501200030
:10D5480025032000C80A0000C50A0600080D0000CF
:10D55800A801000025072907E5040100F8020000DA
:10D568000A000000A8010000E50140002503400072
:10D57800C80A0000C50A0700080D0000A80100003D
:10D5880025075507E5040100F80200000A0000001D
:10D59800A8010000E501800025038000C80A0000FA
:10D5A800C50A0800080D0000A8010000250781072A
:10D5B800E5040100F80200000A000000A8010000CC
:10D5C800E501000125030001C80A0000C50A090099
:10D5D800080D0000A80100002507AD07E5040100BB
:10D5E800F80200000A000000A8010000E50100029E
:10D5F80025030002C80A0000C50A0A00080D000039
:10D60800A80100002507D907E5040100F802000079
:10D618000A000000A8010000E50100042503000439
:10D62800C80A0000C50A0B00080D0000A801000088
:10D6380025070508E5040100F80200000A000000BB
:10D64800A8010000E501000825030008C80A000039
:10D65800C50A0C00080D0000A801000025073108C4
:10D66800E5040100F80200000A000000A80100001B
:10D67800E501001025030010C80A0000C50A0D00C6
:10D68800080D0000A801000025075D08E504010059
:10D69800F80200000A000000A8010000E5010020CF
:10D6A80025030020C80A0000C50A0E00080D000066
:10D6B800A801000025078908E5040100F802000018
:10D6C8000A000000A8010000E50100402503004011
:10D6D800C80A0000C50A0F00080D0000A8010000D4
:10D6E8002507B508E5040100F80200000A0000005B
:10D6F800A8010000E501008025030080C80A000099
:10D7080085140000A80B000018020000C850000093
:10D718001400000078590000750C8000850C80000A
:10D72800B50A0300E5010400B50C04000600000872
:10D73800950A6100484F0000950A6900484F0000AB
:10D74800950A7100484F0000950A7900484F00007B
:10D75800950A4100484F0000950A4900484F0000CB
:10D76800950A5100484F0000950A5900484F00009B
:10D77800950A2100484F0000950A2900484F0000EB
:10D78800950A3100484F0000950A3900484F0000BB
:10D79800950A0100484F0000950A0900484F00000B
:10D7A800950A1100484F0000950A1900484F0000DB
:10D7B800B50A000001008002750C0200850C020009
:10D7C800E5010400B50C0000C80A0000750C18003B
:10D7D800850C0600F5001000C80A0000F5001100CD
:10D7E800C80A0000F5001200C80A0000F50013007E
:10D7F800C80A0000F5001400C80A0000F50015006A
:10D80800C80A0000F5001600C80A0000F500170055
:10D81800C80A0000F5001800C80A0000F500190041
:10D82800C80A0000F5001A00C80A0000F5001B002D
:10D83800C80A0000F5001C00C80A0000F5001D0019
:10D84800C80A0000F5001E00C80A0000F5001F0005
:10D85800C80A0000F5002000C80A0000F5002100F1
:10D86800C80A0000F5002200C80A0000F5002300DD
:10D87800C80A0000F5002400C80A0000F5002500C9
:10D88800C80A0000F5002600C80A0000F5002700B5
:10D89800C80A0000F5002800C80A0000F5002900A1
:10D8A800C80A0000F5002A00C80A0000F5002B008D
:10D8B800C80A0000F5002C00C80A0000F5002D0079
:10D8C800C80A0000F5002E00C80A0000F5002F0065
:10D8D800C80A0000F5003000C80A0000F500310051
:10D8E800C80A0000F5003200C80A0000F50033003D
:10D8F800C80A0000F5003400C80A0000F500350029
:10D90800C80A0000F5003600C80A0000F500370014
:10D91800C80A0000F5003800C80A0000F500390000
:10D92800C80A0000F5003A00C80A0000F5003B00EC
:10D93800C80A0000F5003C00C80A0000F5003D00D8
:10D94800C80A0000F5003E00C80A0000F5003F00C4
:10D95800C80A0000A80B0000C8500000140000000E
:10D968007859000045030100F5002000750C0300FC
:10D97800850C0300E5010400B50C0400060000084E
:10D98800150D100008500000150D1100085000007A
:10D99800150D120008500000150D13000850000066
:10D9A800150D140008500000150D15000850000052
:10D9B800150D160008500000150D1700085000003E
:10D9C800150D180008500000150D1900085000002A
:10D9D800150D1A0008500000150D1B000850000016
:10D9E800150D1C0008500000150D1D000850000002
:10D9F800150D1E0008500000150D1F0008500000EE
:10DA0800150D000008500000150D01000850000019
:10DA1800150D020008500000150D03000850000005
:10DA2800150D040008500000150D050008500000F1
:10DA3800150D060008500000150D070008500000DD
:10DA4800150D080008500000150D090008500000C9
:10DA5800150D0A0008500000150D0B0008500000B5
:10DA6800150D0C0008500000150D0D0008500000A1
:10DA7800150D0E0008500000150D0F00085000008D
:10DA8800350D000001008002980E0000A80B000070
:10DA980045030000C850000014000000B50B030047
:10DAA800F509010025000100950900012500000085
:10DAB800D50B0E000214000043000000D50B0A002D
:10DAC800F509000095090000950C000062090000A6
:10DAD800C23000004300000043000000380A000084
:10DAE800E5010400B50C0400050C00000600000860
:10DAF800150C0000E50B3C00C80A0000E50B3400DB
:10DB0800C80A0000E50B2C00C80A0000E50B240039
:10DB1800C80A0000E50B0400C80A0000E50B0C0069
:10DB2800C80A0000E50B1400C80A0000E50B1C0039
:10DB3800C80A0000150C0100E50B3C00C80A0000EB
:10DB4800E50B3400C80A0000E50B2C00C80A0000E9
:10DB5800E50B2400C80A0000E50B0400C80A000011
:10DB6800E50B0C00C80A0000E50B1400C80A000009
:10DB7800E50B1C00C80A0000150C0200E50B3C0070
:10DB8800C80A0000E50B3400C80A0000E50B2C00A9
:10DB9800C80A0000E50B2400C80A0000E50B0400D1
:10DBA800C80A0000E50B0C00C80A0000E50B1400C9
:10DBB800C80A0000E50B1C00C80A0000150C030089
:10DBC800E50B3C00C80A0000E50B3400C80A000059
:10DBD800E50B2C00C80A0000E50B2400C80A000069
:10DBE800E50B0400C80A0000E50B0C00C80A000099
:10DBF800E50B1400C80A0000E50B1C00C80A000069
:10DC0800150C0400E50B3C00C80A0000E50B3400C5
:10DC1800C80A0000E50B2C00C80A0000E50B240028
:10DC2800C80A0000E50B0400C80A0000E50B0C0058
:10DC3800C80A0000E50B1400C80A0000E50B1C0028
:10DC4800C80A0000150C0500E50B3C00C80A0000D6
:10DC5800E50B3400C80A0000E50B2C00C80A0000D8
:10DC6800E50B2400C80A0000E50B0400C80A000000
:10DC7800E50B0C00C80A0000E50B1400C80A0000F8
:10DC8800E50B1C00C80A0000150C0600E50B3C005B
:10DC9800C80A0000E50B3400C80A0000E50B2C0098
:10DCA800C80A0000E50B2400C80A0000E50B0400C0
:10DCB800C80A0000E50B0C00C80A0000E50B1400B8
:10DCC800C80A0000E50B1C00C80A0000150C070074
:10DCD800E50B3C00C80A0000E50B3400C80A000048
:10DCE800E50B2C00C80A0000E50B2400C80A000058
:10DCF800E50B0400C80A0000E50B0C00C80A000088
:10DD0800E50B1400C80A0000E50B1C00C80A000057
:10DD1800150C0800E50B3C00C80A0000E50B3400B0
:10DD2800C80A0000E50B2C00C80A0000E50B240017
:10DD3800C80A0000E50B0400C80A0000E50B0C0047
:10DD4800C80A0000E50B1400C80A0000E50B1C0017
:10DD5800C80A0000150C0900E50B3C00C80A0000C1
:10DD6800E50B3400C80A0000E50B2C00C80A0000C7
:10DD7800E50B2400C80A0000E50B0400C80A0000EF
:10DD8800E50B0C00C80A0000E50B1400C80A0000E7
:10DD9800E50B1C00C80A0000C85000001400000071
:10DDA800A8590000E8550000F50A000028590000AD
:10DDB800F50A010028590000F50A02002859000058
:10DDC800F50A030028590000F50A04002859000044
:10DDD800F50A050028590000F50A06002859000030
:10DDE800F50A07002859000001008002980E00007B
:10DDF800085A0000C850000014000000A85900008C
:10DE0800080E0000D80F0000B502040075020000DB
:10DE18006502C03FE5010900B5020900B81000001D
:10DE280065020000E5014100B5024100B81000009C
:10DE3800650200FE08110000985800004810000014
:10DE480006200208B80D0000A50B04006855000064
:10DE5800F50A0000D84D0000F50A0100D84D000071
:10DE6800F50A0200D84D0000F50A0300D84D00005D
:10DE7800F50A0400D84D0000F50A0500D84D000049
:10DE8800F50A0600D84D0000F50A0700D84D000035
:10DE980001008002980E0000085A0000C8500000D7
:10DEA80014000000A8590000E50A0800950B0800B6
:10DEB800F50B0F00D80F0000B50204007502000032
:10DEC8006502C03FE5010900B5020900B81000006D
:10DED80065020000E5014100B5024100B8100000EC
:10DEE800650200FE08110000B5020400750200007A
:10DEF8006502C03FE5010101B5020101B81000004B
:10DF0800650200FE0812000048100000B80D00006D
:10DF1800F50A04001502A0000600200801F4000517
:10DF280006020000A50B0000884C00000602000055
:10DF3800A50B0100884C000006020000A50B02009A
:10DF4800884C000006020000A50B0300884C000066
:10DF580006020000A50B0400884C00000602000021
:10DF6800A50B0500884C000006020000A50B060062
:10DF7800884C000006020000A50B0700884C000032
:10DF880001000005980E0000085A0000C850000063
:10DF980014000000A8590000E50A0800950B0800C5
:10DFA800F50B0900D80F0000B50204007502000047
:10DFB8006502C007E5010900B5020900B8100000B4
:10DFC80065020000E5014100B5024100B8100000FB
:10DFD8006502001E08110000B50204007502000069
:10DFE8006502C007E5010101B5020101B810000092
:10DFF8006502001E081200004810000035020000EB
:10E008001502A00025022E0006202008B80D0000E9
:10E01800A50B0400050C0300150C00006855000052
:10E02800D84D000001008002980E0000085A000038
:10E03800C850000014000000A8590000E5010400C1
:10E04800B50C0000350C0100750C8001850C020030
:10E05800950C1300450C0900650C1B0028150000E1
:10E06800450B0200E50A0800950B0800D80F0000D0
:10E07800B50204007502000065024000E5010900D0
:10E08800B5020900B810000065020000E501410072
:10E09800B5024100B81000006502007E08110000BA
:10E0A8009858000048100000B80D0000010000005A
:10E0B8001502A10025026E00650B04000620200849
:10E0C80048530000060020082200000048530000C2
:10E0D8004300000001008002650B0C0006002000D0
:10E0E8004200000048530000430000000100000502
:10E0F800650C0000450C0F00550C0300750CC001A1
:10E10800150B0900550B0700350B2900250B0B00D3
:10E118000600200052000000585400004300000090
:10E1280001008002550B0F00350B09000600200086
:10E138005200000058540000430000000100800213
:10E14800250B130006002000520000005854000060
:10E158004300000001000005980E0000085A000066
:10E16800C85000001400000012000000E175000013
:10E1780001F4010026000000E175000001F4070029
:10E18800E601000002000000E175000001F4030050
:10E1980026000000E175000001F40700E601000018
:10E1A8004300000006004000160000004300000085
:10E1B800260000000174800009000000060020000D
:10E1C800120000000602000072010000884C0000E6
:10E1D8004300000006001C004300000001F4800218
:10E1E800090000000600200006020000720100007D
:10E1F800884C00004300000001F480020900000080
:10E20800851300001514000075070000C50D0000F7
:10E21800550D010009000000B50A030002140000B2
:10E22800430000000100010001008002B50A02005D
:10E2380002140000430000000100070001008002F2
:10E248000600400009000000350D0100021400001E
:10E25800430000000100010001008002350D0300A9
:10E2680002140000430000000100070001008002C2
:10E27800060040000900000035030200E501000027
:10E288003503000085030100850300000900000034
:10E29800C500000095140000980400005804000010
:10E2A800980500002803000002DC05004300000078
:10E2B80048030000A2010000430000008500FF376A
:10E2C800D50A4F007500FF3F8500FF3F021400008C
:10E2D80043000000E50C0100280B0000380D000089
:10E2E80025000000E501000535000005E5010200F4
:10E2F80015000000B8050000020F000043000000F0
:10E30800980D00002509010078060000A806000005
:10E31800D80600000900000006020000F202000012
:10E3280001080000E10700000100000001000100F1
:10E338006200000001080000E10700000100000081
:10E348000100030043000000060040002600000012
:10E358004300000006001C0009000000060200003F
:10E36800F20200000128000001100000E10700008F
:10E3780001000100620000000128000001100000F7
:10E38800E107000001000300430000000600400010
:10E39800260000004300000006001C0009000000E1
:10E3A800F50901009509000102140000430000006E
:10E3B800F50900009509000001F4000109000000BA
:10E3C800050A6B01050A0801050AB502150D0000CA
:10E3D800D50B0900E50B0000980E0000450301006D
:10E3E80045030200E84E000058130000881300009F
:10E3F800D80F0000B5020400750200006502C03F96
:10E40800E5010900B5020900B81000006502000026
:10E41800E5014100B5024100B8100000650200FEA8
:10E42800081100009858000048100000E50A08008C
:10E43800950B0700480F000015029D0035020000EB
:10E448000502760025022E0006200208B80D0000FD
:10E45800A50B0400050C1100150C0000F50B0200BB
:10E4680068550000080E000009000000B50204000D
:10E478007502000065024000E5010101B5020101D5
:10E48800B810000065020000081200000900000032
:10E498005502DD0D784E00005502FF0F784E000042
:10E4A80009000000280B0000F80B0000090000001C
:10E4B80078590000E5010100350001006201000003
:10E4C8004300000009000000E501010035000000DC
:10E4D8006201000043000000A80B000009000000D2
:10E4E8000000000000000000000000000000000024
:10E4F8000000000000000000000000000000000014
:10E508000000000000000000000000000000000003
:10E5180000000000000000000000000000000000F3
:10E5280000000000000000000000000000000000E3
:10E5380000000000000000000000000000000000D3
:10E5480000000000000000000000000000000000C3
:10E5580000000000000000000000000000000000B3
:10E5680000000000000000000000000000000000A3
:10E578000000000000000000000000000000000093
:10E588000000000000000000000000000000000083
:10E598000000000000000000000000000000000073
:10E5A800000000000000000000000000496E7661D5
:10E5B8006C696420636F6E6669672068616E646C5D
:10E5C80065000000636F6E6669670000496E7661DA
:10E5D8006C69642073656E736F722068616E646C19
:10E5E8006500000073656E736F7200002D2D2D2D70
:10E5F8002D2D20424547494E202D2D2D2D2D2D20E6
:10E6080053656E736F7220537461747573204C6F09
:10E6180067202D2D2D2D2D2D20424547494E202D8B
:10E628002D2D2D2D2D00000073656E736F725F7395
:10E6380074617475735F6131323100005B256C75EC
:10E648005D2025733A203078253034687800000042
:10E658002D2D2D2D2D2D2D20454E44202D2D2D2DAC
:10E668002D2D2D2053656E736F7220537461747550
:10E6780073204C6F67202D2D2D2D2D2D2D20454ECF
:10E6880044202D2D2D2D2D2D2D000000496E766155
:10E698006C69642070726F63657373696E67206854
:10E6A800616E646C6500000070726F6365737369F6
:10E6B8006E670000546F6F206C6172676520736528
:10E6C8006E736F7220627566666572207573616716
:10E6D8006500000072616461725F656E67696E65EE
:10E6E8005F613132310000004C6F61643A2054722E
:10E6F800616E736665722073697A65206973207428
:10E708006F206C617267650073656E736F725F630B
:10E718006F6D6D5F613132310000000053656E73BB
:10E728006F7220256C75206E6F7420726561647934
:10E7380020666F722072756E6E696E672061206E3A
:10E7480065772070726F6772616D000073656E7314
:10E758006F725F70726F746F636F6C5F61313231AB
:10E7680000000000496E76616C6964206275666617
:10E7780065722073656E736F7220256C75000000DA
:10E7880047656E657269633120496E74657272758A
:10E79800707420616C726561647920636C65617264
:10E7A8006564206F6E2073656E736F7220256C75BB
:10E7B800000000004E6F206576656E7420636F64FC
:10E7C80065205B307825785D2072656365697665BC
:10E7D800642066726F6D2073656E736F7220256C8E
:10E7E800750000004572726F72206576656E742040
:10E7F800636F6465205B307825785D20726563659A
:10E80800697665642066726F6D2073656E736F72CA
:10E8180020256C7500000000496E76616C696420E3
:10E828006576656E7420636F6465205B3078257843
:10E838005D2072656365697665642066726F6D2018
:10E8480073656E736F7220256C7500005370757256
:10E85800696F7573206576656E7420726563656986
:10E86800766564207768656E20444F4E452065784C
:10E8780070656374656421205265636569766564B3
:10E88800206576656E7420636F6465203D2025647D
:10E898000000000063616C6962726174696F6E5F89
:10E8A800613132315F63616C5F73657373696F6E79
:10E8B8000000000072756E6E696E670073746F7089
:10E8C800706564005B256C755D2053656E736F72AF
:10E8D80020257340256875005B256C755D205363A2
:10E8E800726174636870616420636F6E6669672023
:10E8F8002568753A203078253034687800000000A3
:10E908005B256C755D2077616B6575705F737461ED
:10E91800747573303A2030782530346878000000F8
:10E928005B256C755D20696E7075746D75785F77A1
:10E93800616B6575705F696E7075742568755F6366
:10E948006F6E6669673A2030782530346878000041
:10E958005B256C755D2077616B6575705F696E709E
:10E9680075742568755F77616B6575705F636F6E29
:10E978006669673A20416464723D2568753A2030BB
:10E9880078253034687800005B256C755D207761E8
:10E998006B6575705F696E7075742568755F616306
:10E9A8006B5F636F6E6669673A202020204164645C
:10E9B800723D2568753A2030782530346878000033
:10E9C8005B256C755D20537461636B206C6576659F
:10E9D8006C202568753A20416464723D2568753A53
:10E9E80020256875000000005B256C755D2041736B
:10E9F8006963206572726F723A2030782530346806
:10EA0800780000005B256C755D2020204552524F30
:10EA1800523A2025730000004F66667365743A20E9
:10EA2800256875204D6F646966792076616C756517
:10EA3800203D20256C7520746F6F206C61726765AE
:10EA480020286D6178696D756D20256C7529000029
:10EA5800636F6E6670726F6772616D00496E766182
:10EA68006C69642064617461206F627461696E65A9
:10EA78006420666F72207061746368696E67000055
:10EA8800556E61636B6E6F776C656467656420654E
:10EA980076656E74206465746563746564206F6E52
:10EAA8002073656E736F7220256C750053656E73E5
:10EAB8006F7220256C75206E6F74207265616479A1
:10EAC80020666F72206C6F6164696E672061206ECA
:10EAD80065772070726F6772616D0000537461749E
:10EAE80065206E6F7420757365640000656C656DD4
:10EAF800656E745F6672616D6500000053637261D4
:10EB08007463682069732075736564206275742066
:10EB18006E6F742073657400536372617463682048
:10EB2800616E64207374617465206E6F74207573F0
:10EB380065640000656C656D656E745F73696E6B06
:10EB48005F613132315F63616C6C6261636B0000DD
:10EB58004F75747075742063616E206E6F742062D7
:10EB6800652073657420666F722073696E6B20650B
:10EB78006C656D656E740000253032753A2530324B
:10EB8800753A253032752E253033752028256329AE
:10EB980020282573292025730A0000004557495667
:10EBA800440000004F7574206F66206D656D6F72AC
:10EBB800790000007273735F696E746567726174BF
:10EBC800696F6E00416464726573733A20256875D5
:10EBD800204D6F646966792076616C7565203D20EB
:10EBE800256C7520746F6F206C6172676520286DC5
:10EBF8006178696D756D20256C752900496E76619F
:10EC08006C69642064617461206F627461696E6507
:10EC18006420666F72206C69766520706174636821
:10EC2800696E6700496E76616C6964207265666515
:10EC380072656E6365206672657175656E637920AD
:10EC48002573256C752E2530366C7520487A0000A2
:10EC58006370645F706C6C5F64697669736F7273FC
:10EC68000000000053656E736F722063616C696207
:10EC7800726174696F6E20737465702025642066F4
:10EC880061696C656400000063616C69627261743B
:10EC9800696F6E5F6131323100000000496E766144
:10ECA8006C6964206E756D626572206F662073757D
:10ECB80062737765657073007472616E736C6174EA
:10ECC800696F6E5F6131323100000000496E766114
:10ECD8006C69642073776565705F726174650000A4
:10ECE800656E61626C655F636361206E6F74207628
:10ECF800616C6964207769746820646F75626C65FB
:10ED08005F627566666572696E6700005375627347
:10ED180077656570202568752068617320696E764F
:10ED2800616C69642050524600000000496E7661AB
:10ED38006C6964206672616D655F7261746500005C
:10ED4800496E76616C69642073657474696E677363
:10ED580020666F7220636F6E74696E756F75735F6E
:10ED680073776565705F6D6F64650000696E7465C3
:10ED7800725F6672616D655F69646C655F7374610B
:10ED88007465206D757374206265207468652073DE
:10ED9800616D65206F7220646565706572207468A6
:10EDA800616E20696E7465725F73776565705F69FF
:10EDB800646C655F7374617465000000496E766108
:10EDC8006C696420696E7465725F6672616D655FF7
:10EDD80069646C655F73746174650000496E76617F
:10EDE8006C696420696E7465725F73776565705FBE
:10EDF80069646C655F73746174650000496E76615F
:10EE08006C6964206877616173000000496E7661FF
:10EE18006C696420636F6D62696E6174696F6E20DE
:10EE28006F66206C6F6F706261636B20616E642027
:10EE380070726F66696C6500496E76616C696420F2
:10EE4800636F6D62696E6174696F6E206F662070A2
:10EE5800726F66696C6520616E642070726600006E
:10EE6800496E76616C69642070726F66696C6500C2
:10EE7800496E76616C696420737465705F6C656E49
:10EE880067746800496E76616C6964206E756D5FA1
:10EE9800706F696E7473000070686173655F656E8A
:10EEA80068616E63656D656E74206E6F742076613F
:10EEB8006C696420776974686F75742073756274FF
:10EEC800726163745F696E5F627566666572000081
:10EED800496E76616C696420737461727420706F16
:10EEE800696E7400496E76616C6964206E756D6236
:10EEF8006572206F6620706F696E7473206F722060
:10EF080073746570206C656E67746800496E76610D
:10EF18006C69642070726600537461727420706F3B
:10EF2800696E74206F722072616E676520746F6FEE
:10EF38002066617200000000537461727420706F63
:10EF4800696E7420746F6F20636C6F7365000000C6
:10EF5800496E76616C69642072656365697665726D
:10EF68005F6761696E000000496E76616C696420B4
:10EF7800545820706F77657220617474656E75617E
:10EF880074696F6E000000004661696C65642074E6
:10EF98006F2063616C63756C6174652070756C7348
:10EFA800657368617065722073657474696E6773E0
:10EFB80021000000546865206D6178696D756D20C9
:10EFC80073776565702072617465206973202564A4
:10EFD800000000004163636F6E65657220736F66A1
:10EFE80074776172652076657273696F6E20257318
:10EFF8000A0000006163635F636F6E6669675F6341
:10F0080072656174652829206661696C6564000011
:10F01800706970656C696E655F613132310000003E
:10F028004661696C656420746F206765742072613D
:10F0380064617220656E67696E65206D65746164D0
:10F0480061746100706970656C696E655F73756283
:10F058007377656570000000506970656C696E654E
:10F06800206E6F742070726F7065726C7920617396
:10F0780073656D626C656400417373656D626C6580
:10F0880020737562737765657020706970656C6947
:10F098006E65206661696C65640000006163635F8A
:10F0A80070726F63657373696E675F6372656174AD
:10F0B800652829206661696C656400006163635F87
:10F0C8007273735F6765745F6275666665725F7396
:10F0D800697A652829206661696C6564000000000A
:10F0E80062756666657220616C6C6F636174696FC6
:10F0F8006E206661696C656400000000556E657875
:10F1080070656374656420617369635F6964206610
:10F118006F756E64203D20307825780053656E73D6
:10F128006F7220697320696E2077726F6E67207323
:10F1380074617465000000006163635F73656E73DA
:10F148006F725F6372656174652829206661696CF6
:10F15800656400006163635F73656E736F725F63FC
:10F16800616C6962726174652829206661696C65E1
:10F1780064000000496E76616C69642063616C69A3
:10F1880062726174696F6E004E6F7420706F737372
:10F1980069626C6520746F207265636F6E6669675B
:10F1A800757265207768656E20646F75626C65207E
:10F1B800627566666572696E6720697320636F6E33
:10F1C800666967757265640053656E736F72202592
:10F1D8006C75206E6F7420726561647920746F207D
:10F1E8006265207570646174656400006370645FB3
:10F1F800613132315F6D6561735F73657373696F18
:10F208006E0000004C6F61642070726F6772616DF0
:10F21800206661696C6564006163635F73656E7322
:10F228006F725F7072657061726528292066616906
:10F238006C6564006163635F73656E736F725F6DA5
:10F24800656173757265206661696C6564000000AC
:10F2580053656E736F7220696E746572727570741F
:10F268002074696D656F75740000000042756666EC
:10F2780065722073697A6520746F6F20736D616C95
:10F288006C00000053656E736F7220256C75204EFC
:10F298006F2070656E64696E6720696E746572723E
:10F2A8007570740053656E736F7220256C752065D8
:10F2B80076656E74206973206E6F742048414E44E1
:10F2C8005348414B45205B307825785D00000000AD
:10F2D800496E76616C696420627566666572206C39
:10F2E800656E6774680000005472616E73666572BB
:10F2F80020646174612066726F6D2073656E736F30
:10F308007220746F20686F7374206661696C65641D
:10F31800000000006163635F73656E736F725F72F4
:10F32800656164206661696C6564000050726F6392
:10F33800657373656420646174613A002568692B9C
:10F348002568696900000000253134732000000039
:10F358004170706C69636174696F6E2066696E696B
:10F3680073686564204F4B00646F6E655F657272E9
:10F378006F720000737461636B5F6F766572666CA1
:10F388006F770000737461636B5F756E6465726696
:10F398006C6F77007370695F756E6B6E6F776E5FF9
:10F3A800636D64007370695F6D697373696E675F1D
:10F3B80061636B006164635F6669666F5F66756C45
:10F3C8006C0000006164635F746F6F5F66617374E3
:10F3D8000000000041736963206964656E74697494
:10F3E800793A0000537461636B5F6C6576656C5F96
:10F3F8007374617475735F7265676973746572009D
:10F40800496E746572727570742073746174757363
:10F41800207265676973746572000000000FC93F48
:10F42800000F494000CB9640000FC9400053FB40F5
:10F4380000CB164100ED2F41000F494100316241D8
:10F4480000537B41003A8A4100CB9641005CA341BE
:10F4580000EDAF41007EBC41000FC94100A0D5417D
:10F468000031E24100C2EE410053FB4100F2034289
:10F47800003A0A420083104200CB164200141D4293
:10F48800005C234200A5294200ED2F420036364297
:10F49800007E3C4200C74242000F4942A2000000E1
:10F4A800F9000000830000006E0000004E0000001C
:10F4B800440000001500000029000000FC000000C6
:10F4C8002700000057000000D1000000F5000000F0
:10F4D80034000000DD000000C0000000DB00000078
:10F4E8006200000095000000990000003C00000048
:10F4F800430000009000000041000000FE000000F2
:10F508005100000063000000AB000000DE000000B6
:10F51800BB000000C500000061000000B70000004B
:10F52800240000006E0000003A00000042000000C5
:10F538004D000000D2000000E000000006000000BE
:10F54800490000002E000000EA0000000900000049
:10F55800D1000000920000001C000000FE00000026
:10F568001D000000EB0000001C000000B1000000BE
:10F5780029000000A70000003E000000E80000008D
:10F588008200000035000000F50000002E00000099
:10F59800BB0000004400000084000000E9000000F7
:10F5A8009C0000007000000026000000B40000006D
:10F5B8005F0000007E0000004100000039000000EC
:10F5C80091000000D6000000390000008300000010
:10F5D8005300000039000000F40000009C00000007
:10F5E800840000005F0000008B000000BD000000E8
:10F5F800F9000000280000003B0000001F00000088
:10F60800F800000097000000FF000000DE00000086
:10F6180005000000980000000F000000EF00000047
:10F628002F000000110000008B0000005A000000AD
:10F638000A0000006D0000001F0000006D000000BF
:10F64800360000007E000000CF0000002700000008
:10F65800CB00000009000000B70000004F000000C8
:10F66800460000003F000000660000009E00000009
:10F678005F000000EA0000002D0000007500000097
:10F6880027000000BA000000C7000000EB000000DF
:10F69800E5000000F10000007B0000003D000000D4
:10F6A8000700000039000000F70000008A00000091
:10F6B8005200000092000000EA0000006B00000009
:10F6C800FB0000005F000000B10000001F00000008
:10F6D8008D0000005D0000000800000056000000DA
:10F6E800030000003000000046000000FC0000009D
:10F6F8007B0000006B000000AB000000F000000081
:10F70800CF000000BC000000200000009A000000AC
:10F71800F4000000360000001D000000A9000000F1
:10F72800E300000091000000610000005E0000009E
:10F73800E60000001B000000080000006500000053
:10F7480099000000850000005F0000001400000020
:10F75800A000000068000000400000008D000000CC
:10F76800FF000000D8000000800000004D000000ED
:10F7780073000000270000003100000006000000B0
:10F78800060000001500000056000000CA00000036
:10F7980073000000A8000000C9000000600000001D
:10F7A800E20000007B000000C00000008C000000A8
:10F7B8006B0000000000C93F0000F0390000DA3794
:10F7C8000000A2330000842E0000502B0000C22746
:10F7D8000000D0220000C41F0000C61B0000441710
:10F7E80004000000070000000900000000000000FD
:08F7F800CC78FF7F0100000046
:08F800007D7700080000000004
:08F80800557700080000000024
:10F8100000093D00100000006262615F63616C5F7F
:10F820006374726C5B785D0074785F667265715F9B
:10F830006B687A5B785D00002C00002000000000FF
:10F84000E40300204C040020B40400200000000069
:10F8500000000000000000000000000000000000A8
:10F860000000000000000000000000000000000098
:10F870000000000000000000000000000000000088
:10F880000000000000000000000000000300000075
:08F89000E40300200000000069
:04000005080080F976
:00000001FF
