:020000040800F2
:100000000000012021810008C56A0008C96A0008B3
:10001000CD6A0008D16A0008D56A00080000000017
:10002000000000000000000000000000D96A000885
:10003000DD6A000800000000E16A0008E56A0008C7
:10004000718100087181000871810008F56A00085B
:1000500071810008718100087181000871810008B8
:1000600071810008316B00087181000871810008FE
:10007000456B0008516B0008718100087181000810
:100080005D6B0008696B00087181000871810008D0
:100090007181000871810008718100087181000878
:1000A0007181000871810008718100087181000868
:1000B000718100080000000000000000718100084C
:1000C00071810008756B000871810008718100085A
:1000D00071810008718100089D6B00087181000822
:1000E000896F00089D6F00080000000000000000FC
:1000F0000000000000000000000000000000000000
:1001000000000000718100080000000071810008FB
:1001100000000000000000007181000871810008EB
:1001200071810008718100087181000871810008E7
:1001300071810008000000000000000000000000C5
:1001400071810008718100087181000800000000C1
:1001500071810008718100087181000871810008B7
:1001600071810008718100087181000800000000A1
:10017000718100087181000800000000000000008B
:100180007181000871810008718100080000000081
:10019000BFF34F8F0549064BCA6802F4E062134370
:1001A000CB60BFF34F8F00BFFDE700BF00ED00E065
:1001B0000400FA0590F824C0BCF1010F3CD070B5E2
:1001C00090F825C00124A44580F824405FFA8CFEF5
:1001D00004D0002380F82430022070BD022580F86E
:1001E000255004680025C5632668456C26F0010685
:1001F000266005F01C05066C0EFA05F57560636057
:100200008368102B036B0BBFA260A160E160E2600A
:100210004BB1236843F00E032360236843F00103CE
:100220000020236070BD236823F00403236023684B
:1002300043F00A032360F0E7022070472DE9F04104
:10024000764C0023237094F86530012B0D46E1684D
:1002500008D0B1F5827F60D1D8B22369002B5CD180
:1002600004285AD1002D58D092B2002A55D094F8C3
:100270006430012B51D094F86530A6682564042BB6
:100280001CBF052384F8653001210023A36684F890
:100290006410A4F84620A4F84E20C4E9153373680E
:1002A000A4F8442023F4C043A564A4F84C20736050
:1002B0006369206EB3F5E06F31D8E36D99697368B7
:1002C000B1F5806F43F4805373607DD08369B3F5DB
:1002D000806F65D094F86530514A042B514B18BF9C
:1002E0001346514A0363514B4363514B18BF1346A6
:1002F000C362B4F84E304FF00008C0F838809BB2AB
:1003000006F10C012A46FFF755FF074660B1A36EC0
:1003100084F8648043F01003A366BDE8F08173683D
:1003200023F480537360D5E77368E06D43F00103F5
:100330007360B4F846300A46C0E90B77C0E90D7720
:1003400029469BB2FFF736FF00284AD133685B0687
:1003500021D5002384F86430736843F02003736070
:10036000736843F002037360E26E2378002BD4D1EC
:1003700041F2873109E072B6237803B930BF62B623
:10038000BFF36F8F2378002BC7D1E36E9B1A8B428C
:10039000F1D9BDE8F081336843F040033360D8E71A
:1003A000736823F480537360B4F84E3013F0010F78
:1003B00073681DD123F400537360B4F84E30C3F357
:1003C0004E03A4F84E3085E7D20773681BD423F49C
:1003D00080437360B4F84630C3F34E03A4F846304C
:1003E00074E7A36E84F8647043F01003A36694E787
:1003F00043F400537360B4F84E30C3F34E0301333B
:10040000A4F84E3066E743F480437360B4F8463096
:10041000C3F34E030133A4F8463057E788000020A9
:100420008D09000889090008BD1C00089109000811
:10043000111C000870B4436C066C056831682C68A8
:1004400003F01C0304229A400A420ED014F0040F59
:100450000BD02B689B0603D42B6823F004032B607E
:10046000036B7260CBB170BC184702229A400A42FB
:1004700015D014F0020F12D02B68990606D42B6801
:1004800023F00A032B60012380F82530C36A7260D1
:10049000002180F82410002BE5D170BC70470822A1
:1004A0009A400A42F9D02207F7D52A68416B22F018
:1004B0000E022A60012202FA03F300247360C26371
:1004C00080F8244080F825200029E6D070BC084739
:1004D000234A9368D26813F00C0305D00C2B32D05A
:1004E000042B36D11F4870471D4A1168090754BFB5
:1004F000D2F8942012681C4954BFC2F30322C2F3FD
:10050000031251F82200002BEDD0154BDB6803F0ED
:100510000303022B22D0154A032B08BF1046104BB1
:10052000D968DA68DB68C3F34163C2F30622C1F31A
:100530000211013300FB02F201315B00B2FBF1F268
:10054000B2FBF3F0704702F00302012ACCD0002086
:10055000DBE7082B054818BF002070470148DEE79D
:10056000001002400024F400C0A6000800127A0027
:10057000064A074B92680749C2F3022213440868EF
:1005800093F8303003F01F03D8407047001002404A
:10059000C0A6000800000020064A074B92680749E1
:1005A000C2F3C2221344086893F8303003F01F03EB
:1005B000D840704700100240C0A60008000000208C
:1005C000414A036830B4D468A40707D0D46804F063
:1005D00003049C4246D0012030BC7047022B52D00D
:1005E000032B49D0012BF6D112689207F3D5364C74
:1005F000E26822F0730213434268013A43EA0213AD
:10060000E360314C314A236823F080632360D56E68
:1006100003E0D36E5B1B022B39D823681B01F8D48F
:1006200083681B02002934D12169C56821F0784113
:1006300021F4FE4143EAC5630B43236122490B6861
:1006400043F080630B60D46E03E0D36E1B1B022B60
:100650001DD80B681B01F8D582690B691343002074
:100660000B61B9E7002CB6D0D3684268C3F302131C
:1006700001339342AFD1C4E71468A403B7D412681E
:100680005203A8D5B3E712685505A4D5AFE70320F8
:10069000A2E7012921690BD021F0C06121F4FE41BC
:1006A000194343695B08013B41EA43612161C5E7A6
:1006B00021F4C00121F4FE410B43016949080139CD
:1006C00043EA41532361B9E700100240880000204B
:1006D000F0B504680546200583B000F1F2800026DD
:1006E000A1034ED5A54B9A6DD20040F1F5800027AD
:1006F000A349A44A0B6843F480730B60D06E04E0F6
:10070000D36E1B1A022B00F200810B68DB05F7D5B4
:10071000A6BB9A49A86DD1F8903013F4407325D048
:10072000834223D0D1F890C0D1F8903043F4803385
:10073000C1F89030D1F8903023F48033C1F8903074
:100740001CF0010F2CF44073C1F890300ED0D2F899
:100750006CE041F2883C05E0D36EA3EB0E036345E9
:1007600000F2D380D1F890309B07F5D5834AD2F8B8
:10077000903023F440730343C2F89030002F40F0D0
:10078000DC80E10708D57D4A296AD2F8883023F059
:1007900003030B43C2F88830A20708D5774A696A79
:1007A000D2F8883023F00C030B43C2F8883063077B
:1007B00008D5724AA96AD2F8883023F030030B4377
:1007C000C2F88830A70608D56C4AE96AD2F88830A2
:1007D00023F440630B43C2F88830A00508D5674A6C
:1007E000E96BD2F8883023F440230B43C2F88830F9
:1007F000610508D5614A296CD2F8883023F440138A
:100800000B43C2F88830620608D55C4A296BD2F8DF
:10081000883023F440530B43C2F88830230608D5B0
:10082000564A696BD2F8883023F440430B43C2F830
:100830008830E70508D5514AA96BD2F8883023F4EF
:1008400040330B43C2F88830200323D4374661037A
:100850000FD54A4AE96CD2F8883023F040630B4345
:10086000B1F1006FC2F8883000F08380B1F1806F81
:1008700077D03E4662044DD43046230408D53F4A23
:10088000696DD2F8883023F080430B43C2F888307A
:1008900003B0F0BD394AA96CD2F8883023F0406328
:1008A0000B43B1F1006FC2F888304CD0B1F1806FCA
:1008B000CCD10121281DFFF783FE07460028C5D0B3
:1008C000C5E76F6CB7F5000F11D0B7F5400F13D027
:1008D000002F3DD0012603E79A6D42F080529A65C1
:1008E0009B6D03F080530193019B012700E7234A8E
:1008F000D36843F48033D360204AD2F8883023F49D
:1009000040033B43C2F88830E9E60326002F3FF45A
:1009100038AF12E019492A6DD1F8883023F04053DE
:100920001343B2F1805FC1F88830A5D10221281DA0
:10093000FFF746FE00289FD09FE7104A936D23F0F3
:10094000805393651DE7D36843F48013D3607DE73C
:100950003946281DFFF734FE064600287FF4C0AE56
:10096000CAE70121281DFFF72BFE0646002880D08C
:1009700080E7D36843F48013D3607AE70010024025
:100980000070004088000020704700BF704700BF23
:10099000836A19684A6822F003024A601A6E4FF0AF
:1009A000010C42F010021A6683F85DC0704700BF68
:1009B000026852E8003F23F4907342E800310029B6
:1009C000F7D102F1080353E8003F23F0010302F1DD
:1009D000080C4CE800310029F3D1036E012B06D03E
:1009E00000232022C0F8802083660366704752E807
:1009F000003F23F0100342E800310029F0D052E814
:100A0000003F23F0100342E800310029EFD1E7E76F
:100A100070B50568EC6931EA040405D05E1C06D1A6
:100A2000EB6931EA0303FBD10023184670BD154C76
:100A3000E46EA41AA34218D3BBB12C686407E9D5AD
:100A40008029E7D04029E5D0EC6914F008040ED1E4
:100A5000EE693605DED54FF400632B62FFF7A8FF81
:100A60002023C0F8843080F878400323DDE7082491
:100A70002C62FFF79DFF00220123C0F8844080F81C
:100A80007820D2E788000020836A0022A3F85A2049
:100A9000A3F85220704700BFB1F804C093680A89D8
:100AA0009A80BCF1000C18BF4FF0010CCA7983F892
:100AB00000C091F806C083F801C09A709860704732
:100AC00008B518B1074B02689A4208D0064B074A8E
:100AD000D3F88030064900209847002008BD012047
:100AE00008BD00BF0EB0371388000020E8E50008FD
:100AF00000E600082DE9F041174F1D46D7F8843075
:100B000013B1BDE8F0411847FB6F4FEA4208002AD5
:100B1000F7D08F1EA8F1020406468E460C443A46D2
:100B200032F802CF9CFA9CFCA242A2F800C0F7D196
:100B300042467146304698470DB9BDE8F08137F816
:100B4000023F5BBAA7423B80F7D037F8023F5BBA5F
:100B5000A7423B80F3D1F0E7880000202DE9F04F59
:100B6000A5B00446FFF7ACFF10B925B0BDE8F08F83
:100B7000DFF80481A56898F88830012B05D9D8F8EA
:100B80008030374A3749022098477822364906A8EC
:100B900008F0DEFDD8F88430344A0492002B55D09A
:100BA00004AF0222394628469847DFF8D0A00DF15D
:100BB000180B0026BBF80440BBF80690A144A145E1
:100BC00032DD039705E0624698470134A4B2A1459F
:100BD00029DD44F4405C0399ADF810C00123284698
:100BE0000322ADF81260ADF81460FFF783FFDBF865
:100BF0000830BDF814C021462846002BE3D198F8F0
:100C000088201849012A2B4652464FF00200DCD9B1
:100C1000DBF80070CDE9007C0134D8F88070A4B214
:100C2000B847A145D5DC039F0BF10C0B24AB9B45CA
:100C3000C0D198F88830012B97D9D8F880300C4A69
:100C40000849022025B0BDE8F04F1847094B04932E
:100C500004AFD8F87C300422394628469847A4E7E8
:100C600008E6000844E60008F8A60008D5100100D0
:100C70006CE6000810D500018800002058E6000846
:100C800010B1024B9B6F1847704700BF88000020CF
:100C900010B50446FFF714FF00B910BD206900230A
:100CA000236008B1FFF7ECFF2046BDE81040E7E7FE
:100CB00003460068D3F8E8104268C3F8F010104704
:100CC000704700BF2DE9F047D0F800800546B8F125
:100CD000000F1ED0D8F898700FB3124E07F14804D9
:100CE0004FF00009583754F8040F18B1B36F984704
:100CF000C4F80090A742F6D1D8F89800B36F00B1BD
:100D00009847B36F40469847B36F2846BDE8F04711
:100D10001847044E2846B36FBDE8F0471847014E08
:100D2000EFE700BF88000020F8B505460088002ADC
:100D30001C460CBF4FF400534FF48053B0F59C6F2A
:100D40000E460FD300F151077F008342BFB236D267
:100D50001C4B1D4AD3F880301C49002098474FF0A7
:100D6000000C03E040F662274FF0010C1849194AC5
:100D7000C4E9011202F11912E26002F119122261B2
:100D80002346002262805122A28223F8167B296822
:100D90006A68A868EF68C4F816105A609860DF6047
:100DA0002969A8696A699861196196E803005A611E
:100DB000AA8B9A83343484E803006046F8BD4FF070
:100DC000010CD3E788000020A8E60008C8E6000868
:100DD0000100020003001B0000B583B041F4A041F4
:100DE000012394464FEA124EADF80010ADF80230E0
:100DF000042200236946ADF804E0ADF806C0FFF711
:100E000079FE03B05DF804FB10B50F4C8C4611461B
:100E1000B4F8702003F1020EB2EB4E0F07D2D4F8F3
:100E200080300A4A0A49BDE8104000201847013BBB
:100E30004CF4A04C4B802EF00042A1F800C0BDE85D
:100E40001040002356E600BF88000020DCE60008C2
:100E5000FCE60008F0B583B043F21C0200920123C7
:100E60000E460024032269460746ADF80440FFF70A
:100E700041FEBDF8043013F4006517D141F21B04A4
:100E80002B46694638460222009446F40066FFF776
:100E900031FE38462B4669460222ADF80040ADF8D7
:100EA0000260FFF727FE012003B0F0BD054B064AA4
:100EB000D3F88050054920463B46A847204603B05A
:100EC000F0BD00BF8800002010E7000840E70008E0
:100ED000F0B5012983B00546144622D002290AD074
:100EE0001C4B1D4AD3F880401C4903460020A047F4
:100EF000002003B0F0BD43F2460384270026ADF87E
:100F000000302846012303226946ADF80260ADF89F
:100F10000460FFF7EFFDBDF8040030B16CB90120AB
:100F2000E7E743F245038327E8E70A4B0C4AD3F887
:100F300080400A492B46A047DAE747F480573346FA
:100F4000694628460222ADF80070ADF80260FFF74E
:100F5000D1FDE4E78800002058E7000840E70008DA
:100F600074E70008F0B5012985B00646154633D070
:100F7000022925D143F2320301240027ADF80830BD
:100F80000322012302A93046ADF80A70ADF80C70B7
:100F9000FFF7B0FDBDF80C306B8003F00702012AAB
:100FA0002A802AD013F006001AD11849184AD1F81D
:100FB000804018490096A0470024204605B0F0BDA7
:100FC000124B154AD3F88040124903460020A0472F
:100FD0004FF440530024D0E743F233030C46CCE7F0
:100FE000023A012AE9D9094A0096D2F88040094913
:100FF0000A4A3846A0472F80DEE70449084AD1F85C
:101000008040044900963846A047D5E78800002074
:10101000A8E7000840E7000858E700080CE80008C7
:10102000D8E7000810B582B001AA01210446FFF7F5
:1010300099FF002201212046FFF74AFFBDF8043046
:10104000022B09D00649074AD1F880400649002002
:10105000A047002002B010BD012002B010BD00BFAB
:101060008800002040E8000888E8000810B50C4C13
:1010700094F88810012982B010D90A49D4F8804028
:1010800012F4006F0346084818BF0846C2F30A016D
:10109000CDE90001054A06490220A04702B010BD73
:1010A00088000020A8E80008B0E80008B8E80008B8
:1010B00044E6000810B50A4C94F888C0BCF1010F52
:1010C00082B00BD92C3989B203461046D4F880403F
:1010D000044ACDE9001004490220A04702B010BD27
:1010E00088000020CCE8000844E6000830B5094933
:1010F00091F88840012C83B009D902F00F04D1F88F
:101100008050054A0549009403460220A84703B0D1
:1011100030BD00BF88000020F4E8000844E6000865
:1011200010B50A4C94F888C0BCF1010F82B00BD9FD
:101130007D3989B203461046D4F88040044ACDE98F
:10114000001004490220A04702B010BD8800002012
:1011500014E9000844E6000810B5A1F1620C144C33
:101160001CF0010F034694F888E084B01FFA8CF05D
:101170000ED1BEF1010F09D94008D4F88040029287
:10118000CDE900010B4A0C490220A04704B010BD74
:10119000BEF1010FFAD94008D4F880400292CDE99F
:1011A0000001064A04490220A04704B010BD00BF58
:1011B0008800002044E9000844E600087CE90008B3
:1011C00010B50B4C94F888C0BCF1010F84B00CD959
:1011D0000346A1F58C7080B2D4F880400090CDE930
:1011E00001120220034A0449A04704B010BD00BF09
:1011F00088000020B4E9000844E600082DE9F04F1B
:101200001F4EDFF888B0804615460FCE91B002AC75
:101210000FC40FCE0FC40FCE0FC49BF888C096E842
:101220000300BCF1010F84E8030007D9DBF880401C
:10123000144A1549009543460220A047DFF850A004
:10124000DFF8449002AC10AE02E00834B44213D090
:10125000A3881D42F9D09BF88820012A43465246B4
:1012600049464FF00200F0D927680097DBF88070FC
:101270000834B847B442EBD111B0BDE8F08F00BFDD
:1012800070A70008DCE9000844E600088800002098
:10129000F8E900082DE9F04782B0BDF828400B9F1F
:1012A00003EBC4056B88002B45D06E68844601EBC8
:1012B0000208043E4FF0000E56F8044F620092B24E
:1012C0008A4234D3424532DAC4F30170012818D07F
:1012D00002283CD098BB521A93B2C4F3445901225D
:1012E00002FA09F297424BD33449013AD1F88040CF
:1012F00001923349334A0097A047002002B0BDE86D
:10130000F087521A92B20CEB42093CF81200B9F87D
:10131000023043EA004323F00F0317B1C4F3034440
:101320002343180C2CF81200A9F802306B880EF138
:10133000010E7345C0D8012002B0BDE8F0871F4BF5
:10134000214AD3F880301E4900209847D5E7521A29
:1013500092B20CEB42003CF81290438843EA0943F6
:1013600023F00F0317B9C4F3034423431C0C2CF8D8
:10137000124043806B880EF1010E73459CD8DAE76A
:10138000C4F3044A0CEB43043CF813006288C9F12F
:10139000200942EA00424FF0FF3020FA09F000FA3B
:1013A0000AF022EA000207FA0AFA42EA0A02100CDC
:1013B0002CF8130062806B88B9E700BF880000201A
:1013C00044EA00080CEA000850EA00082DE9F0435E
:1013D00083B01D4643F440534FF00008BDF8284049
:1013E000ADF800308946164669460123032245F4CC
:1013F00080550746ADF80280ADF80480FFF77AFB10
:10140000ADF80050BDF9045004FA09F46C4004EA48
:10141000060255404346694638460222ADF802505E
:10142000FFF768FB03B0BDE8F08300BF30B583B0C1
:101430000025294600957B23FF220446FFF7C6FFBF
:101440000121009120468B230222FFF7BFFF8B234F
:101450008022009507212046FFF7B8FF03B030BD7A
:1014600070B582B043F2370200230092ADF8043029
:101470000322012369460546FFF73CFBBDF8043013
:1014800013F0C00F1AD143F21C0201230092002472
:10149000694603222846ADF80440FFF72BFBBDF850
:1014A00004301B0517D50F4B0F4AD3F880600F4946
:1014B00020462B46B047204602B070BD094B93F83A
:1014C0008820002ADFD0D3F88040094A07492B46FC
:1014D0000120A047D7E72846FFF7A8FF012002B068
:1014E00070BD00BF88000020A0EA000840E70008A7
:1014F00074EA0008002870B446DB0029034639DB93
:1015000088420A464BDA0025012429461B04B3FB16
:10151000F2F343F6284293425AD946F2D632934226
:1015200061D948F6720293425FD94AF64942934222
:101530005DD94DF2A30293425BD94FF24B729342B5
:1015400098BF052045D94FF24C7648F233224CF231
:10155000A3409B1B02FB03F300EB134014B1C0F547
:10156000C9301F3015B1C0F549303F30C1B14042DC
:1015700070BC7047494209B2884217DA002501243D
:101580000A4603462146C1E7404202B200291046FE
:1015900014DB91420B4605DD99BB1D4800E050BBB2
:1015A00070BC7047002401252146AFE70028DED03B
:1015B00000250B4602462C460121A7E7494209B205
:1015C0008A424FF00105DADB0B46002429469DE7ED
:1015D0000020104A02EBC00602EB8002D6E93A6016
:1015E000D2F82021B5E70120F3E70220F1E703203C
:1015F000EFE70420EDE700250B4602462C4629467E
:1016000084E701251A462C46034600217EE700BFE9
:1016100020920100C0A600082DE9F047064680464A
:1016200002EB42008CB0154606EB80000022894692
:101630000DF10C0A014617464FEA870E54469FEDFE
:10164000767AB31A75B103EB020CF444DCED007A40
:101650009C46DCED006A0C3367EEA67A8B4237EECF
:10166000277AF0D10EF1040EBEF10C0FA4EC017A32
:10167000E5D10137032F0AF1100AA2F1040201F1AA
:101680000401D9D19DED045ADDED055ADDED086A5E
:101690006A4606F10C01DFED607A43463DB11C4617
:1016A00094ED007A0C33834277EE877AF7D108F114
:1016B00004088845E2EC017A00F10400EBD19DEDCD
:1016C000037AF0EEC77AF4EE677AF1EE10FA12D6EA
:1016D0009FED526AF4EE467AF1EE10FA0BDC9FEDC4
:1016E000506AF4EEC67AF1EE10FA04DAB5EE407AFA
:1016F000F1EE10FA7DD0F7EE007A87EE872A9DEDA5
:10170000073A9DED0B7A65EE023A25EE824A65EEC8
:10171000237A65EEA34A33EE673A25EE846AF0EE4B
:10172000C32A65EE047AF4EE622AF1EE10FA76EE40
:10173000E44A76EEE77A37EE466A06D69FED377AC8
:10174000F4EE472AF1EE10FA47DDB7EE007AC7EE65
:10175000032ADDED006A9DED017A9DED023A63EE0C
:10176000A63A67EEA27A37EE637A64EEA73A67EE9E
:10177000877A36EE636A24EE264AF0EEC63A73EEB6
:10178000677AF4EE633AF1EE10FA77EEC47A06D691
:101790009FED224AF4EE443AF1EE10FA2FDD87EE87
:1017A000864A0120002364EE844A65EE845A77EE6F
:1017B000647A89ED024A67EEA27A25EE275AC9EDCE
:1017C000017A76EEC57A77EEE57A67EE827AC9ED30
:1017D000007A33600CB0BDE8F0879FED117AF4EE2B
:1017E000C72AF1EE10FAB0DAB5EE403AF1EE10FA8F
:1017F000ABD10020002333600CB0BDE8F0879FED33
:10180000084AF4EEC43AF1EE10FAC8DAB5EE406ACE
:10181000F1EE10FAEDD0C2E700000000FFFF7F7F7D
:10182000000080002DE9F047C36D87690569002439
:101830007C8081461C7000F14806A04656F8043FA3
:10184000FBB1B3F838C0B3F89400B3F89610B3F80E
:10185000DC2005EB400005EB410105EB420205EB06
:101860004C0CC3E91301C3F8A820C3F814C03C70A2
:101870001868D3F8E020416883F8E880C3F8E420D2
:1018800088470134E4B2042CD8D1D9F80000BDE86F
:10189000F0474368184700BF0068C368184700BF97
:1018A00070B50446806980B1E3694BB1104B93F881
:1018B00088202AB1D3F880300E4A0F49012098477A
:1018C0002068BDE8704083681847094D0B4AD5F879
:1018D000803009499847E36943B195F888302BB1C6
:1018E000D5F88030034A044901209847002070BD94
:1018F00088000020D0EA0008E0EA0008F0EA0008CA
:1019000030B40269B0F8423090F8381032F8133031
:10191000032908BF83F4004340F2E51101FB03F300
:101920001B0C816C8446A3F589700880BCF83C10C0
:10193000DCF84C0032F8111039B1BCF8401032F824
:101940001110012994BF002101210170BCF83E0053
:10195000BCF83A10DCF8505032F8111032F8102070
:10196000DCF8544040F2E51000FB02F2A3EB124316
:101970001BB2002BBCF94420DCF80000B8BF5B426E
:101980001BB29A42A1F10102B2FA82F2ACBF00236B
:10199000012352092A70237030BC4368184700BFE6
:1019A0000068C368184700BF00688368184700BF15
:1019B000D0E90F23816B0069184700BF836910B518
:1019C0000446CBB10E4B93F8882052B963698BB1B2
:1019D0000B4B0C4AD3F880300B490020984700206D
:1019E00010BDD3F88030094A074901209847636940
:1019F000002BEDD1012010BDC369002BE2D1E5E73A
:101A00008800002044EB000828EB00080CEB0008DD
:101A10002DE9F04F9B461B68C2F51E66B34294BF8A
:101A20009EB2B6B2884674084FEA520183B0174698
:101A30004FEA81010CD0144B08EB8404194443464F
:101A400051F8042B5A80120C1A800433A342F7D1A8
:101A50000E4C851E04F1E20A04F1E40914F8013B7E
:101A600035F8022F3946CDE9003240464B46324622
:101A7000FFF710FCA24501D00028EFD1CBF80060A1
:101A800003B0BDE8F08F00BFC4BA0008FCA700088F
:101A90000068C368184700BF00688368184700BF24
:101AA000F0B482B02E4E056800238DF80330F36E3B
:101AB000F76EC3F164031A442A4B1B6803EB8303DC
:101AC000C3EBC3031B0D02FB03F30193AB68194285
:101AD0000AD134E0019C019B013B0193AB68002CCF
:101AE00008BF002219422AD0B1F5C06F05D12B7B67
:101AF000DBB28DF803309DF80330F36EDB1B9342AD
:101B0000E8D36B68426823F0E003B2F5827F6B6034
:101B100019D0836AB3F5005F07D12B6823F4005313
:101B20002B602B6843F400532B600122002380F8C4
:101B30005D2080F85C30032002B0F0BC70470020CC
:101B400002B0F0BC70478368B3F5004F02D0B3F524
:101B5000806FDED12B6823F040032B60D9E700BFF4
:101B6000880000200000002070B4274D274BEA6E4B
:101B70001B680468EE6EC2F16402114483B0C3F3C3
:101B8000CB3301FB03F30193A3681A062CD509E0BC
:101B9000019A019B013B0193A368002A08BF002121
:101BA0001B0621D5EB6E9B1B8B42F1D36368426809
:101BB00023F0E003B2F5827F636019D0836AB3F546
:101BC000005F07D1236823F400532360236843F4A4
:101BD000005323600122002380F85D2080F85C30F0
:101BE000032003B070BC7047002003B070BC704786
:101BF0008368B3F5004F02D0B3F5806FDED1236860
:101C000023F040032360D9E7880000200000002073
:101C100038B5294A0368D56E1B689B061BD4846AB5
:101C20002368A2685868616820F0200058609AB163
:101C30005868B1F5827F20F00100586022D0294613
:101C40002046FFF791FFB0B901230022A4F84620F7
:101C500084F85D30236E38BD5A68B1F5827F0CBFC1
:101C600022F0030222F001025A6029462046FFF7C3
:101C70007BFF0028E8D0236E43F020032366202357
:101C80002366E1E7B2F5004F12D11A6822F0400254
:101C900029461A602046FFF767FF0028EBD12A4645
:101CA0004FF4C0612046FFF7FBFE0028CCD0E2E7EE
:101CB000B2F5806FE9D0C2E788000020F8B51B4D6F
:101CC0000368EF6E1B68846A9B062CD426687368D1
:101CD00023F0200373603A464FF4C0512046FFF7CB
:101CE000DFFE58B939462046FFF73EFF30B93A4685
:101CF0004FF4C0612046FFF7D3FE38B1236E43F0A6
:101D000020032366236E43F020032366736823F0C9
:101D10000303736000220123E287A4F8462084F8BD
:101D20005D30236E0BB901232B70F8BD88000020B5
:101D300030B4124D124C00F1BC0C002143680B442E
:101D4000024640F8043F12689A1AAA4209DD50F888
:101D5000042CA3F5C9237E3BA1F5C92103607E397C
:101D60009A1AA24206DA03F5C92301F5C9217E3386
:101D700003607E318445E1D130BC70473F240300CD
:101D8000C1DBFCFF2DE9F04FBFB00DF138090D4666
:101D90009046019300F1020B3EAFCA46002440F684
:101DA000B73631E025B335F8141001F01F0E4FEAB5
:101DB000912C0EF1300E00FB0EF0C1F34411ACF18A
:101DC000200C02FB0CFC002801F1300102FB01F1A8
:101DD000B8BF3F30BCF1000FB8BF0CF11F0C801131
:101DE000002900EB6C10B8BF3F3100B241F38F11F6
:101DF0000134182C08BF0024FFF77CFB4AF8040BC1
:101E0000BA450BF1040B0ED0BBF900203BF9020CD4
:101E100002FB02FC00FB00CCB4451146C2DC0020F2
:101E20003FB0BDE8F08F0DAC0DF1060109F15C0586
:101E3000224652F8043F002BB8BF0F3302311B116A
:101E400095420B80F5D14846FFF772FF002254F807
:101E5000043F216EA542A3EB01031A44F7D1124BB4
:101E600083FB0213D217C2EBA31404F5994330335A
:101E70004CF662129342D2D802AE35460FCD4D4594
:101E800008F1100806F1100648F8100C48F80C1C70
:101E900048F8082C48F8043CEFD1019B01201C8035
:101EA0003FB0BDE8F08F00BFABAAAA2A2DE9F04FE2
:101EB000ADF2146D0446914603938D1C03AE0DF2F2
:101EC0000C67B5F9001035F9020CFFF713FB46F863
:101ED000040FB74205F10405F3D100214846202242
:101EE00007F008F80DF16C0A4FF6FF73002104EBC0
:101EF00044060293304DDFF8C48001915346F6004A
:101F0000A9F1040940F694578A469B46ABF15C0060
:101F1000FFF70EFFABF160004FF0000C50F8043FEC
:101F2000026E5845A3EB02039C44F7D1BCF1000FAD
:101F300031DB4FEA9C1007FB00F0400D04FB00F082
:101F400006EB1020C9F80400BAF1000F03D0D9F84D
:101F5000003083422AD959F8043F4344002BB8BFCC
:101F60005B42AB4204D21D460123CDF808A0019389
:101F70000AF101021FFA82FABAF1080F0BF1C00B45
:101F8000C4D1019911B1DDE902231A8008460DF28E
:101F9000146DBDE8F08FCCF10000800907FB00F064
:101FA000400D04FB00F0A6EB1020CBE70021084613
:101FB0000DF2146DBDE8F08F40420F00E0D764FCD5
:101FC0002DE9F04F87B04FF0000E164600EB4109A7
:101FD0000290821ECDE90316A9F1120935464FF091
:101FE000010BF246F4467046CDF804E005931EE07E
:101FF00040F2EE218B4240DC634500DD9C464FF011
:10200000000BBEF1000F0ABF4FF0000B704601201D
:10201000CAF100084345019BB8BFA4EB060ABB42C6
:1020200038BF3B469145019305F102052BD0568AF6
:1020300032F8024F331B03F50048B8F5803F2746BE
:10204000D6D240F2EE218B422B8007DD178868B98B
:10205000634515DD9C464FF0010ED9E751491788BD
:102060009C45B8BF9C468B42D2DACAE7634500DD87
:102070009C4686464FF0000BCAE74FF0000BE6E7A0
:102080004FF0010EC4E71946DDE90346059BBBF19D
:10209000000F03D1002007B0BDE8F08FBEF1000FA4
:1020A000F8D00028F6D0CDE9031C0027A4F11C09C4
:1020B000B84606F112043D463E46BE46D34634F9C4
:1020C000021F019601EB810C01EB4C010A22A24692
:1020D000A4463CF9026D02FB06113AF9026F02FBBD
:1020E0000611013AF5D1019EA942C4BFF0460D4642
:1020F0008E42C8BF77460EF1010EC8BF0E46F145AD
:10210000DDD14CF25034A542DDE9031CDA46C1DDD5
:10211000254CA642BEDABCF1000FBBD0BBF1000FCC
:10212000B8D0029C119D2488C900E4004DB18C42B6
:1021300005D2ACEB0402013A0A44B2FBFCF2119D59
:102140002A60109A002AA6D0002BA4D0029A08F187
:102150000E0532F81520B4EBC20F4FEAC20606D2C4
:10216000ACEB0404013C3444B4FBFCF42D1B029A98
:102170000E3732F81720B1EBC20F4FEAC20405D96F
:102180004A1E5244121BB2FBFAF2BF1A55EA07026A
:1021900080D4BD423FF77EAF109A7F1B17601D6051
:1021A00079E700BF12FDFFFFB03CFFFF2DE9F04FC4
:1021B000204C93469A46851E8A1E04F1E2074FF092
:1021C00000084FF41E6604F1E40935F8021F32F8E6
:1021D000023F994222D0217809EBC1014B8833B3E9
:1021E0004968002001EB830347F6FF7E51F804CBDA
:1021F0001FFA8CFCE64528BFE646604538BF6046BE
:102200008B42F3D1400080B24FEA4E0E80451FFA58
:102210008EFE38BF8046764528BF76460134BC42E4
:10222000D3D1ABF80060AAF80080BDE8F08F4FF67C
:10223000FE7EF0E7FCA700081149D1F88C20D06899
:1022400010F0400001D0002070474FF0FF3310B471
:10225000D360CC6ED3685B060FD4032803D10CE0A7
:10226000D368580608D4CB6E1B1BB3F57A7FF7D919
:10227000032081F8AD00EDE700205DF8044B7047C6
:1022800088000020094A0A4BD2F88C10CB60D06E2F
:1022900004E0D36E1B1AB3F57A7F04D8CB689B0693
:1022A000F7D5002070470320704700BF880000204A
:1022B0005FFF030008B5114BDA6822F08002DA6094
:1022C0009A68920603D4FFF7DDFF88B908BD9A68C3
:1022D00022F020029A60FFF7D5FF18B1084B0320C7
:1022E00083F8AD00054A936843F02003936008BD6E
:1022F000034B032083F8AD0008BD00BF0028004059
:1023000088000020F0B5614C94F8AC30012B00F04F
:10231000BB80D4F88C100223012284F8AC2084F80E
:10232000AD308B6813F0400C18BF90F803C00378F1
:102330000CBF80F803C04FEA8C5C092B09D900223E
:102340000A3BDBB2092B02F10102F9D843EA02137E
:10235000DBB21A044378092B09D900250A3BDBB20A
:10236000092B05F10105F9D843EA0513DBB286789C
:10237000092E4FEA032309D900250A3EF6B2092E99
:1023800005F10105F9D846EA0515EEB290F824E00A
:10239000BEF1090F0DD90025AEF10A0E5FFA8EFECF
:1023A000BEF1090F05F10105F6D84EEA05155FFAF1
:1023B00085FE4569076A3D4345EA0C052A431343F8
:1023C0003343456843EA0E62C3691D43836ACA20EA
:1023D000486253204862B3F5807F8B6837D023F47E
:1023E00000738B60CB68DBB263F42073CB60E06E6C
:1023F00004E0E36E1B1AB3F57A7F1ED8CB689B0707
:10240000F7D50A628D648B6843F400738B608B6828
:1024100043F400538B601E4B1A68002042F4802264
:1024200084F8AC001A609A6842F480229A60FF2215
:1024300001234A6284F8AD30F0BDFF2203234A62D3
:1024400084F8AD30002384F8AC300320F0BD23F4D1
:1024500080738B60CB68DBB263F4C073CB60E06EDB
:1024600004E0E36E1B1AB3F57A7FE6D8CB68DE078B
:10247000F7D5CA614D648B6843F480738B608B68B9
:1024800043F480538B60C6E70220F0BD8800002033
:10249000000401402A4A03460068904270B43BD8C9
:1024A000284A294C14210244B2FBF1F29200022185
:1024B00083F8251001689D689E691C6421F4FF4C17
:1024C00059695A642CF0700C294341EA0C013143DC
:1024D00041F08001B5F5804F016014D0596802F0D9
:1024E0001C020F2090409140174A94426FEA00006E
:1024F0001AD0D2F8A8442040C2F8A804D2F8A80400
:102500000143C2F8A81400200122D86383F82400F4
:1025100083F8252070BC70470C4A0D4C02441421EE
:10252000B2FBF1F29200C2E7D4F8A8200240C4F84E
:10253000A820D4F8A8201143C4F8A810E3E700BFEE
:1025400007040240F8FFFDBF00000240F8FBFDBF9A
:1025500000040240134BDB68C3F30223C3F1070CF2
:102560001A1DBCF1040F28BF4FF0040C062A88BFC7
:10257000DA1E4FF0FF3303FA0CF398BF002221EA72
:10258000030393401B01421CDBB206D000F1604004
:1025900000F5614080F800337047024A82F823302A
:1025A000704700BF00ED00E038B5104D104A2B68B1
:1025B000A2FB03239B09013BB3F1807F01D30120E0
:1025C00038BD4FF0E0220B495361F02381F82330EE
:1025D000002407230F2894611361F0D801464FF0BF
:1025E000FF30FFF7B7FF6960204638BD00000020CC
:1025F000D34D621000ED00E00F49104AC86E136918
:102600001B0704D50D4B1869C0F3C0007047CB6E93
:102610001B1AB3F57A7FF5D272B613691B0700D483
:1026200030BF62B6BFF36F8F13691B07EFD5034B43
:102630001869C0F3C00070478800002000040048FB
:1026400010B5504B93F8AC200021012A83F8B0104C
:1026500000F08480D3F88C20CA21022483F8AD4096
:1026600001205162532183F8AC005162916821F43A
:1026700080619160D168C9B261F49061D160D16824
:1026800049066DD51F21516191683F4821F007012E
:1026900041F003019160016841F48011016081689B
:1026A00041F480118160916841F4804191609168AA
:1026B000FF2441F4806101209160546283F8AD00F1
:1026C00093F8B020002183F8AC108AB972B6BFF33A
:1026D0004F8FBFF36F8F93F8B02002B930BF62B64F
:1026E000BFF34F8FBFF36F8F93F8B020002AEDD068
:1026F00093F8AC200021012A83F8B0102ED0D3F833
:102700008C000224CA2283F8AD4001214262532288
:10271000426283F8AC10826822F480628260826830
:1027200022F480428260DC6E04E0D96E091BB1F5B0
:102730007A7F0CD8C26812F00402F6D0FF2401227E
:102740000021446283F8AC1083F8AD2010BDFF2453
:102750000321446283F8AC2083F8AD10FDF718FD27
:10276000DC6ED16811F004018CD1D86E001BB0F57D
:102770007A7FF6D9FF240320546283F8AC1083F8E3
:10278000AD00EBE788000020000401402DE9F04F88
:1027900089B00493002900F0898002F003077D1EB0
:1027A000C2F300130295DFF8B0B1694C059302F44F
:1027B000403500234FF0010803959246019708FA2F
:1027C00003FC1CEA01066DD0029F5A0003259540C8
:1027D000012F6FEA05056CD9019F032F40F0AC80F3
:1027E000D0F800C0019F0CEA050C07FA02F242EA99
:1027F0000C020260039A002A54D0DBF8602042F0F9
:102800000102CBF86020DBF8602002F001020792A1
:10281000079A23F0030202F1804202F5803203F0AE
:10282000030CD2F808E04FEA8C0C0F2505FA0CF5E2
:10283000B0F1904F2EEA050E11D0464DA84277D048
:1028400005F58065A84275D005F58065A8426DD074
:1028500005F58065A84214BF0725042500E0002582
:1028600005FA0CF545EA0E059560A268F5431AF4E1
:10287000801F0CBF2A403243A260E2681AF4001F96
:102880000CBF2A403243E26062681AF4003F0CBF7A
:102890002A403243626022681AF4803F0CBF2A400B
:1028A00032432260013331FA03F288D109B0BDE826
:1028B000F08FD0F80890129F09EA050907FA02FE86
:1028C0004EEA090EC0F808E0D0F804E0059F2EEAB1
:1028D0000C0E07FA03FC4CEA0E0CC0F804C0049F6F
:1028E000D0F80CE007FA02FC019F0EEA050E4CEA54
:1028F0000E0C022FC0F80CC07FF472AF4FEAD30960
:1029000000EB890903F0070CD9F820704FEA8C0C12
:102910004FF00F0E0EFA0CFE27EA0E0E139F07FA69
:102920000CFC4CEA0E0CC9F820C059E7032597E7C8
:10293000012595E7022593E7D0F80CE0049F0EEA05
:10294000050E07FA02FC4CEA0E0CC0F80CC047E773
:102950000004014000040048001002402DE9F0414D
:10296000C16F05689EB0044600295FD02568242306
:10297000E3672A68636A22F001022A60002B40F0B4
:10298000C380D4E90402A368296803431343E069C0
:102990009E4A03430A4013432B606B68E26823F4AA
:1029A000405313439A4A6B609542A369AA6800F0AA
:1029B000F180216A22F430620B431343954AAB60E5
:1029C00095421BD0944B9D4240F0158103F5E633B0
:1029D000D3F8883003F00C030C2B00F20F81DFE8F2
:1029E00013F0E0010D010D010D0172010D010D014A
:1029F0000D012B010D010D010D016201874BD3F873
:102A0000883003F00303022B00F01681032B00F043
:102A10004A81012B00F05781B0F5004F00F0CA81C8
:102A2000FDF7BAFD002800F018810AE180F878105F
:102A30005C2207A806F05EFA764B9D4200F0BF814B
:102A4000754B9D4292D1022707A80797FDF740FEDC
:102A50000646002840F0DF81704B714D9A6D42F4BC
:102A600000329A659A6D02F400320492049ADA6C8C
:102A700042F00102DA64DB6C03F0010303930722E6
:102A80000323CDE90032039903463A464FF09040C4
:102A90000F214FF08008FFF779FEC5E92E76C5E9D2
:102AA0003068C5E93266C5E9346605F1B4065D4BA8
:102AB000C5F8B4303046FFF7EDFC002840F0AB819C
:102AC0006667102305F1FC06C5E94208C5E9440024
:102AD000C5E94600C5F804313046534BC5F80071CE
:102AE000C5F8DC40C5F8FC30FFF7D4FC01460028EF
:102AF00040F0918126672620C5F82441FFF72AFD82
:102B00004A4B40225A6031E71E0705D56A68616B5F
:102B100022F400420A436A60D80705D56A68A16AB0
:102B200022F400320A436A60990705D56A68E16AAF
:102B300022F480320A436A605A0705D56A68216B1D
:102B400022F480220A436A60DF0605D5AA68A16BD9
:102B500022F480520A43AA609E0605D5AA68E16B5A
:102B600022F400520A43AA60580609D56A68216C0B
:102B700022F480120A43B1F5801F6A6000F00A81D6
:102B800019067FF5FEAE6B68A26C23F40023134395
:102B90006B60F6E622F4306213432049AB60D1F853
:102BA000883003F44063B3F5006F00F0F18000F269
:102BB000E880002B00F02981FDF78AFC00284CD02A
:102BC000626802EB4203834218D8B0EB023F15D88B
:102BD000510800230F464FF480761946E0FB06713A
:102BE000384604F08BFA124BA0F540729A4205D891
:102BF000074BD86031E00F4B9D425AD00023C4E907
:102C00001A3301201EB0BDE8F08100BFF369FFEF69
:102C100000800040003801400044004000100240A5
:102C2000880000206C0002408000024000E100E0CB
:102C3000FFFC0F0000480040B0F5004F794800F05D
:102C40008B80636800EB5300B0FBF3F04FF6EF733B
:102C5000A0F110029A42D1D8E8606A687249002354
:102C600022F49042C4E91A336A60AA6822F02A0268
:102C7000AA602A6842F001022A60C4F88430CE6E4D
:102C80002B681A0727D42B685B073ED40023202229
:102C9000E26784F87830C4F88020184623666366BB
:102CA000B0E7302BAAD1B0F5004F55D04FF400401B
:102CB000C7E75E4BD3F8883003F03003202BBBD03E
:102CC000EFD8002B6DD0B0F5004F41D0FDF700FCE0
:102CD0000028C2D0B5E76FF07E4332464FF40011B2
:102CE0002046FDF795FE0028CDD0236853E8002F3D
:102CF00022F0800243E800210029F7D12023E36776
:102D0000002384F8783003207CE76FF07E4332465E
:102D10004FF480012046FDF77BFE0028B6D02368E3
:102D200053E8002F22F4907243E800210029F7D1E4
:102D300003F1080252E8002F22F0010203F108001B
:102D400040E800210029F3D12023C4F88030D7E7E0
:102D5000FDF7BEFB002880D06268530803EB4003F8
:102D60004FF6EF71B3FBF2F3A3F110028A423FF684
:102D700045AF23F00F0292B2C3F342031343EB605B
:102D80006BE7B3F5406F7FF439AF4FF4004017E7BE
:102D9000244815E76A68616C22F4C0020A436A603D
:102DA000EEE6B0F5004F38D0FDF7E2FB00283FF427
:102DB00054AF46E7FDF7F0FB0028CDD14DE70123E6
:102DC00007A80793FDF784FC034620BB174A116E42
:102DD00041F480411166116E01F48041069106991B
:102DE000D16C41F00101D164D26C072002F00102E4
:102DF000032105920190009102224FF4C0614FF02F
:102E00009040059DFFF7C2FCB0E5FDF7B1FB00283F
:102E10003FF423AFD4E6FDF7BBF9FDF7A9FB00288B
:102E20009AD11AE70024F400880000200010024024
:102E30002DE9F04F294F9B464FF4805383B0154640
:102E4000BB6204460E46FFF7FBFB15B12846FDF7B3
:102E50001FFFDFF8A090224FDFF89C80A6F1040A44
:102E6000043C13E0D7F880301E4A1F4900209847E1
:102E700054F8040F40B1036843451DD0D7F88030A3
:102E80001A4A1B4900209847AE421BD055465AF8B3
:102E9000043F002BECD01A684A45E3D1586828B1AA
:102EA000C26801939047019B00225A6000221A6079
:102EB0001846BA6F9047DBE700230360BB6F984763
:102EC000AE42E3D1BBF1000F05D0584603B0BDE8D8
:102ED000F04F06F06BBC03B0BDE8F08F0004004873
:102EE000880000206CEB000888EB000894EB0008D9
:102EF000ACEB00080DB037130FB0371310B41E4CF5
:102F000094F8AC30012B33D0D4F88C100220CA23B3
:102F100084F8AD0001224B6253234B6284F8AC204D
:102F20008B6823F480738B608B6823F480538B60F1
:102F3000E06E04E0E26E121AB2F57A7F0ED8CB682A
:102F400013F00103F6D00020FF2201234A6284F827
:102F5000AC0084F8AD305DF8044B70470320FF22CD
:102F60004A6284F8AC3084F8AD005DF8044B7047D9
:102F700002205DF8044B7047880000200CB4F0B5C7
:102F8000ADB032AB06AE53F8042B059304460D46A4
:102F90003046962106F0A0FC9528C4BF1B4BCDF807
:102FA000AA301B4B1B49DF6EA1FB07311A4BA3FB59
:102FB0000723980B194BA3FB07234FEA931C184BCD
:102FC0004FF47A7202FB1C77A3FB00E25209042C37
:102FD000C2EB0212A0EB8202A3FB0CE398BF1148E4
:102FE00000974FEA531394BF005D3F20C3EB0313D8
:102FF0000190CDE90256490DACEB83030A4806F077
:1030000037FC2DB0BDE8F04002B070472E2E2E00E8
:1030100088000020B17C219573B2E745D34D621042
:1030200089888888D8EB0008B4EB000870B5094E91
:10303000736F05469847044628B12A46002105F0DB
:1030400059FF204670BDD6F88030034A034998479F
:10305000204670BD88000020E0EB0008F0EB00087F
:103060002DE9F04F02EBC30787B07B88DDF8409075
:10307000F3B18246884600264D467B6853F82640C9
:10308000C4F30170012816D0022830D028BBC4F345
:103090004459012303FA09F39D4231D32F4A3049A1
:1030A000D2F880602F4A013BCDE90053A3B2B0476C
:1030B00007B0BDE8F08FA3B2194658F8232022F0DC
:1030C0000F0215B1C4F3034422435046FDF784FEBA
:1030D0007B8801369E42D0D3EAE7204B224AD3F8C0
:1030E00080301F49002007B0BDE8F04F1847A3B259
:1030F000194658F8232022F00F02002DE5D1E1E710
:103100001FFA84FB4FF00103ADF80E304BF420435F
:10311000ADF81000CDF81200ADF80C3003A9504600
:1031200001230522FDF7E6FCC9F12009BDF81220B4
:10313000BDF814304FF0FF30C4F3044420FA09F016
:10314000A04043EA024323EA000305FA04F4594687
:1031500043EA04025046FDF73FFEB9E7880000202D
:1031600044EA000800EC000838EC0008F8B5164600
:103170000D464FF4E272014618461C4606F0E8FA86
:10318000B6F8581021B196F85E30191E18BF01210B
:10319000012396F85B2084F8C6312B4684F8C521BC
:1031A00033F8262B84F8C411A4F8C82105F1560180
:1031B00004F5E5721F685E689868D3F80CC0C2F821
:1031C0000CC010338B4217605660906002F1100201
:1031D000F0D1B5F85630A4F8FA3105F1580604F5E7
:1031E000FE7E05F18807B446BCE80F00BC450EF131
:1031F000100E06F110064EF8100C4EF80C1C4EF88E
:10320000082C4EF8043CEED1B5F88830A4F82C32E6
:1032100005F18A0304F22E24BA35186859689A68B1
:10322000DE68E6601033AB4220606160A26004F1AA
:103230001004F2D1F8BD00BF2DE9F04F9846184BAD
:10324000DFF860B0B3F8707083B0043A043F5208FE
:103250007F0897420C9E0190894628BF174601F1CE
:10326000040A0025741BBC4228BF3C4645EA0B02F9
:10327000631E08EB4501A9F80020A9F8023062009E
:10328000504606F065FA254401980023A21C4946E1
:10329000FDF730FCAE42E5D803B0BDE8F08F00BFCB
:1032A0008800002000C0FFFF2DE9F04F264C87B0BA
:1032B0000026CDE90466B4F870808946002B3DD025
:1032C0004FEA5808CDE90102A8F104080D461F464F
:1032D0004FF4004BB246039325E0029BA5F800B0E3
:1032E00033446B80631EAB80A5F806A0620000210A
:1032F00005F1080005F0FEFD294601980123221D75
:10330000FDF7F8FB04AA134603CA26446960286047
:1033100009EB460559F81600696803C3039B9E42F2
:10332000A7EB04070AD2B845444628BF3C46B84537
:10333000D3D200E0013CE307FCD4CEE709F108005A
:1033400007B0BDE8F08F00BF880000202DE9F04FE6
:103350002DED028B1C461B78ADF21C4D05460F4629
:1033600091460A2B12D8DFE813F021000B007200FF
:10337000F7007C010002AB02D203240455042100B3
:10338000FDF750FE002840F00A852378C84ED6F895
:103390008050C84AC8490020A84700200646267029
:1033A0000DF21C4DBDEC028BBDE8F08FC04EDDF878
:1033B0004804EC22002105F09DFDD6ED517ADFEDA9
:1033C000BF5ADFEDBF6AF8EE677AB6EE006A85EEA7
:1033D000A77AF4EEE67A37EE067AF1EE10FABCEE52
:1033E000C77A17EE103A1FFA83F800F333849FED83
:1033F000B57AF4EEC77AF1EE10FA00F12B84A8F159
:10340000100292B2EF2A40F2AD869FEDAF7ADFED67
:10341000AF6AD6F8805077EE877A37EE877ABCEEBF
:10342000E78ABCEEC77AB8EE477A77EEC77A67EEDE
:10343000A67AFCEEE77A17EE907AA54BA54AA64944
:1034400001978DED008A0020A84723789FE7FDF7BC
:10345000E9FD0490002898D04123002239462846EF
:10346000FFF722FF0023028C0292A0F1020A0393CD
:1034700098464FF6FF7B5A1E02FB02F2C2EBC202D5
:10348000510001F5167CC83A3AF9021F002B00F0F2
:1034900073843AF902EC01F57A76A1EB0E019142C0
:1034A000FFF673AF61453FF770AF86EAE672A2EBB5
:1034B000E67292B25A4505D2990089B2DDF81080C1
:1034C000039193460133102BD5D1B8F1000F3FF48F
:1034D0005CAF039A82F0300ADDF84824A2F804A019
:1034E000B0F822B0B0F88020A2EB0B02B2F5FA6F70
:1034F000FFF64BAF7949CDF810A01204A1FB0212E0
:1035000052094FF0000C2030039266464FF6FF7EC2
:103510000AE0514538BF4FF000080133039A9BB2CF
:10352000402B944400F05D8730F8021F029A8A1AFB
:10353000002AB8BF524292B272450BEB1C4A38BF08
:1035400096460AF5487238BF1E468A4201F5487110
:10355000DFD24FF00008E0E7FDF764FD00283FF4FC
:1035600014AF3946002220232846FFF79DFEB0F90C
:1035700000200746844616460121002096463CF965
:10358000022F02F54873A3EB0E039BB2B3F5C86F8D
:103590003FF6FBAEB242A8BF084601F10101A8BF49
:1035A00016462029EAD1072840F2B5861728A0F14F
:1035B000070340F24B87D3F1200240F0AF8646ABC1
:1035C000039303982EA9FEF727F800283FF4DDAEF9
:1035D0009DED2E6AB5EE406AF1EE10FA3FF4D5AEDD
:1035E0009DED2F7AB5EE407AF1EE10FA3FF4CDAEB4
:1035F000DDED306AF1EE666AC6EE877AF5EEC07AE6
:10360000F1EE10FAFFF6C1AEB1EE477AC7EE066AE8
:10361000F5EEC06AF1EE10FA7FF5B7AEB7EE007ABC
:1036200077EE877AFCEEE77A17EE903A9AB23F2A65
:10363000C3F34E033FF6A9AEDDF8482483F0100330
:10364000D38040F215312846FDF704FC04260028FB
:1036500000F0E58226700DF21C4DBDEC028BBDE83A
:10366000F08FFDF7DFFC00283FF48FAE5023394682
:1036700000222846FFF718FEDDF84834CDF81890F0
:10368000CDE9045703F10A013023A0F1020B9C4657
:103690000846A246124B002447F6FF76CDE9020BFE
:1036A0005D464FF6E472A646A1461F46B04623E0AB
:1036B00088000020A0EC0008C4EC0008F902154FB7
:1036C0008096984C8096984BBD37063500247449F7
:1036D00054E7000860EC00088CEC0008ABAAAAAA2A
:1036E0000080FFFF8E4204F10104C4BFDE460E4697
:1036F0000832082C92B21AD035F9021F0FFA82FB59
:103700004CB135F8020C081A00B28045A8BF8046BB
:103710008742B8BF07460029E4DA8B4204F101046E
:10372000BCBFD9460B460832082C92B2E4D1A7F5AB
:103730001C57103FBFB244F620629742DDE9020BEE
:1037400011D8B8F1000F0ED113F5004F00F0DB8552
:1037500047F6FF72964200F03F86AEEB090EBEF1CF
:10376000080F00F0AD8254460FE6FDF75BFC002821
:103770003FF40BAE4FF44073394628460022FFF762
:1037800093FD0DF1340B00F5C063CDE904B30023C4
:10379000029346AB0393484E484F099416ABCDE9CC
:1037A00007B50DF1B80906930DF58A780546069C14
:1037B000AA46BAF902103AF9040BFDF79BFE44F849
:1037C000040B4C45F5D12DACA346AA46BAF96210BC
:1037D000BAF96000FDF78EFE4BF8040FC3450AF1FD
:1037E000040AF3D1DDE902230DF1540E98180021EB
:1037F00054F8043F5EF8042F9B1AB34240F35782FB
:10380000A3F5C9237E3BB342FADC002BB8BF5B4271
:103810009942B8BF1946A04540F8043BE8D1049B43
:10382000491043F8041F0493029B60330293059BE5
:10383000C0359D42BBD1DDE907B50021099C0A4690
:103840000B465BF8040F9042C8BF194603F1010311
:10385000C8BF0246082BF4D10EAB0DF1B70253F8E6
:103860002160039B01EB410103EB41110DF1CF00FE
:1038700051F8043BB342ACBF0023012302F8013FDF
:1038800082421376F4D10020012302460AE029B1D6
:1038900019F8011C002904BF1A4601200133302BFE
:1038A00000F0F48319F8011F002AF0D0002900F07D
:1038B00001820130F2E700BF3F240300C1DBFCFFBF
:1038C0004FF6FF73ADF83830FDF7ACFB00283FF43E
:1038D0005CADD54ED54AD6F84431A2FB0328DDF8BD
:1038E0004834B3F8E0304FEA9818394603FB08F83B
:1038F00000224FF440732846FFF7D6FC46AB07463C
:103900001A46039340460EAB3946FEF7CFFAC84B32
:10391000372283F82420002800F08281DDF8482433
:10392000BDF838305384C34900932846C24A0C235B
:10393000FFF796FB284640F21741FDF78BFA002867
:1039400000F06E819FEDBD7AF7EE007A3D4607F1FB
:10395000C00007F5D86E0DF1B80CA0F1C0034FF010
:103960000008B3F9022002FB02F1B3F9002004338E
:1039700002FB021298429044F3D106EE908AB8EE10
:10398000E66AC030C6EE076A8645B1EEE66AC7EE63
:10399000866AECEC016AE0D1DDF84834DFEDA81A64
:1039A000DFEDA80A9FEDA81A03F1880916AB60376E
:1039B0000DF1D8089A46039B2EA92A46B2F90000B9
:1039C000F1EC016A07EE100AB8EEC77AB2F902000C
:1039D00027EE267A414567EE077A02F1C002C3ED71
:1039E000007A07EE900AF8EEE77A32F9600C67EE9B
:1039F000A67A03F10C0327EE277A67EEA77A03ED88
:103A0000027A07EE100AB8EEC77A43ED017A27EE84
:103A1000267A32F95E0C67EE077AC3ED157A07EE67
:103A2000900AF8EEE77A67EEA67A27EE277A67EE35
:103A3000A77A83ED167AC3ED177ABFD103981022C7
:103A40005146FDF7E9FD002800F0EA80DAED006A52
:103A50009AED017AF1EEE67AB1EE006A66EE866AD8
:103A60009AED026A67EE075A66EE866AB6EE006A5B
:103A700076EEE56AF6EE085AB1EEE64AC6EE276A39
:103A800077EEE57A26EE877A67EEA17A66EE846AAB
:103A9000F7EE004A77EE867A37EE247A76EEE56A1C
:103AA000B3EE0F5A27EE207A66EEA16AF4EEC57ADD
:103AB000F1EE10FA37EE067A76EE866A00F371843C
:103AC000F5EEC07AF1EE10FA00F18884FCEEE77AA8
:103AD00017EE903A1BB2B4EEC17AF1EE10FA40F351
:103AE00051846FEA83536FEA9353F3EE0F7AF4EE47
:103AF000E76AF1EE10FA40F3368443F47873043544
:103B0000AF4229F8023F7FF456AF072647E4FDF79E
:103B100089FA00283FF439AC1023394600222846A0
:103B2000FFF7C2FBDDF84834B3F88A30002684463C
:103B300003F01F09C3F344189B0A09F1300908F187
:103B40003008A3F120000296B246B64637460CF183
:103B5000020B0BE05345774640F26E82D6469A46FA
:103B6000B3B202930136082E00F068823CF9263089
:103B70003BF9262009FB03F302FB00F1002BB8BF41
:103B80003F33002902FB08F2B8BF1F319B11002A06
:103B900003EB6113B8BF3F321BB242F38F1203FB3A
:103BA00003F302FB0233BB42DCD97345D2D81F4674
:103BB000D8E7FDF737FA00283FF4E7AB6023394632
:103BC00000222846FFF770FBDDF84834DDF8482472
:103BD0005633263200210646FEF7D4F800283FF47B
:103BE000D4ABDDF84834DDF84824DDF848148833D8
:103BF000304658328A31FEF7C5F800283FF4C5AB8D
:103C000040F27C412846FDF725F9092600287FF47B
:103C100021AD04E0FDF706FA002840F04781024E8E
:103C20002378FFF7B4BB00BF88000020D34D62109B
:103C30000000002084CE000870B000080000404260
:103C4000000080420000004200007C42BD37063583
:103C5000002474491FED037A5FED036AD6F88050A3
:103C60008B4B8C4A8C4977EE877A002037EE877A27
:103C7000BCEEE78ABCEEC77A8DED008AB8EE477AD3
:103C8000A8F1100877EEC77A67EEA67AFCEEE77A1D
:103C9000CDED017A17EE907AA847B8F1EF0FBFD9B2
:103CA000D6F88050FFF7C9BB03F5C9237E33BB426A
:103CB000FADBAAE50B2800F2E98108460A46EDE5A1
:103CC000F61ADB0093FBF6F3A9EB03030FFA83FE6E
:103CD000BEF1000FC0F26883BEF11F0F3FF743AD86
:103CE0001FFA8EFE6D4B83F815C00CF1010C5FFAC4
:103CF0008CFCBCF13A0F20F802EF0BF1100B7FF4B3
:103D0000C9ACDDE90457DDF8189080234A463946EE
:103D100000932846624BFFF78FFADDF84834DDF850
:103D200048149B890093CE885E4A5F490723284642
:103D3000FFF796F95B4A5C49009608232846FFF78F
:103D40008FF90323574A5849009328460923FFF760
:103D500087F90623534A5449009328460A23FFF75C
:103D60007FF940F2D6312846FDF774F8544605260F
:103D700000287FF46FAC52E701F57A73002BB8BFCF
:103D80005B429BB29B4502D80123FFF774BB002224
:103D90009B46DDF8108003920123FFF76CBB43F2D2
:103DA00032034FF0000846930322012346A9284618
:103DB000ADF81C81FCF79EFE394612234246284688
:103DC000BDF81C61FFF770FA0146B0F800E0B0F8EA
:103DD00002C04346043140464FF6FF7746FA03F2ED
:103DE000D2070BD531F81320A2EB0C02002AB8BF82
:103DF000524292B2974284BF98B217460133102BB9
:103E0000ECD1431E0D2B3FF6C0AA00F10043013B4D
:103E100001EB430731F813207B8841F28731D21A36
:103E20008A427FF7B2AA4FF6FF7296423FF4ADAADC
:103E3000BA889B1A8B427FF7A8AA40F2E51303FBCE
:103E40000EF31B0CA3F5897313F1140F1AB2C0F211
:103E500001832C2A40F3FC824F2ACCBF0423032386
:103E6000DDF848241049A2F800E0508093840D4A00
:103E7000009025232846FFF7F3F840F23321284627
:103E8000FCF7E8FF022600287FF4E4ABC7E600BF9A
:103E900054E7000860EC00088CEC000800000020EB
:103EA000B0B1000870B0000884CE000839464FF465
:103EB0009C6300222846FFF7F7F90DF1340A0EAF94
:103EC0000DF1580B2EAE4FF00008CDF8048053468C
:103ED000CAF8008046AA00979021C7F80080CBF866
:103EE0000080C6F800808146FEF76AF800283FF49B
:103EF00096AECDE900685B4646AAF02109F59070C0
:103F0000FEF75EF800283FF48AAECDE900A83968D4
:103F10003268CC4BCC4D521A02FB03F305FB01F186
:103F20001B0CC3EB5133DDF84814C1F8BC30DAF890
:103F3000003005FB03F305FB02F25B0BC1F8C02068
:103F4000C1F8C43046AA0CAB40F21F1109F202308E
:103F5000FEF736F800283FF462AECDE9007B0BABEC
:103F600046AA4FF4907109F5A860FEF729F80028D9
:103F70003FF455AECDE90086434646AA09F5F06008
:103F80004FF49071FEF71CF800283FF448AEDAF8C1
:103F900000203F68DDF82CE0DDF830C03368DBF846
:103FA0000010BE1A05FB02F7A84AACEB0E0C02FB90
:103FB0000CF25B1A05FB01F805FB0EFEDDF8481458
:103FC000120CC2EB5E32C1F8C82005FB0CF2C1F83E
:103FD000CC209F4A06FB02F2120CC2EB5732C1F80A
:103FE000D0209C4A05FB06F603FB05F502FB03F314
:103FF0001B0CC3EB5833C1F8DC50974DC1F8D460AB
:10400000C1F8D8304E1E01F1EB074FF0FF3316F820
:10401000012F0821534043F300022A40013982EA6C
:104020005303F8D1B742F2D1DDF84824DB43C2F89C
:10403000EC300A26FFF7B3B99E4693E5B7EB5A0F6B
:10404000BFF4A3A9DDF84824029B13848349844A62
:10405000009328460B23FFF703F80023804A7F498B
:10406000009328460923FEF7FBFF7E237B4900933C
:1040700028467B4A0A23FEF7F3FF40F253412846C5
:10408000FCF7E8FE00287FF4E5AAC8E5A0F10C03E0
:10409000082B3FF67AA902EB5002172A02D9183AE8
:1040A000172AFCD892B2910089B201F13006DDF8EE
:1040B0004834B6B25F2E1A8140F2C281694BA3FB2D
:1040C00006239B0903EB4303A6EB43134FF00008C1
:1040D0000E46C14699B20127614A009121235F49EA
:1040E0002846FEF7BDFF5E4A5C490096222328461B
:1040F000FEF7B6FF03265A4A58490097012328467F
:10410000FEF7AEFF564A5549009602232846FEF7B1
:10411000A7FF3346524A5149CDF800902846FEF792
:104120009FFF4F4A4D49CDF8008004232846FEF7F3
:1041300097FF4B4A4949009705232846FEF790FF11
:104140000023474A4549009328460623FEF788FF87
:1041500040F2ED312846FCF77DFE062600287FF46C
:1041600079AA5CE577EEC77ADFED3F6A9FED3F7A8B
:1041700067EEA67AB8F13F0F77EE877AFCEEE77A22
:1041800017EE903A9BB200F21A810021B8F12F0F7E
:1041900088BF42468C46DDF84804A0F8E080A0F8CD
:1041A000E830A0F8E210A0F8E420A0F8E6C0284625
:1041B000B6F87080FDF754F900283FF431AD4FEAAE
:1041C000590C4FEA5808C44528BFC446ACF1020C4C
:1041D000CDE903452CF0010C3B1D40F64C3A02930F
:1041E0001FFA8CFB4FF00008E146C8F534630C332E
:1041F000994594BF5D4655464FEA580468084FEA12
:1042000084010CD0154B07EB800019443B4651F854
:10421000042BDA80120C9A8004338342F7D1DDF844
:1042200048340298B3F8E23001931C2300932A46E5
:104230000B4B4146FDF72EF8D0B9039C2378FFF7CE
:10424000A6B800BFA82A0400AA0A0100541502005B
:10425000A64A07004E750B002083B8ED84CE0008F7
:1042600070B00008ABAAAAAAE8385BB500007C428F
:10427000DDF848340298B3F8E43001931A23009330
:104280002A46754B4146FDF705F80028D5D0DDF8E4
:1042900048340298B3F8E63001931B2300932A4672
:1042A0006D4B4146FCF7F6FF0028C6D0DDF84834D8
:1042B0000298B3F8E8300193192300932A46664B1D
:1042C0004146FCF7E7FF0028B7D02B46049821466B
:1042D0003A46D844FCF798FD1FFA88F840F64B336D
:1042E000AAEB0B0A98451FFA8AFA7FF67EAFDDE942
:1042F00003454FF4AE712846FCF7ACFD01260028BB
:104300007FF4A8A98BE447F6FF739E427FF4E0ACEC
:104310005446FFF73AB800F10802002346A998185E
:1043200007EB4000039107EB430707EE903A37F99C
:10433000026BF8EE677AB842C1ED027A07EE906A36
:10434000F8EEE77A03FB03F6C1ED007A07EE906A18
:10435000F8EE677A03F10103C1ED017A01F10C0176
:10436000E3D1FFF72EB9F5EEC06AF1EE10FA3FF592
:10437000C6ABFCEEE66A16EE902A43EA42131BB285
:10438000FFF7BDBBB5EEC07AF1EE10FA3FF5ADAB6D
:10439000BCEEC77A17EE102A43EA82231BB2FFF75E
:1043A000A4BB1F23FFF797BBCEF1000E1FFA8EFEB2
:1043B000BEF11F0F3FF6D7A94EF0200E92E4B8F1E0
:1043C000BF0F96BFA8F140024FEAD802C2F3CF0256
:1043D00008F0070C0121DEE6CE4679E40023FFF762
:1043E0007ABBDDF810A0B8F1000F3EF4CEAFDDF8D7
:1043F00048345E81012300934FF47E534A46394688
:10440000ADF81831284646ABFEF716FF124A13499D
:10441000009626232846FEF723FE0F4A0F49CDF8C3
:1044200000A024232846FEF71BFE40F2C6212846A2
:10443000FCF710FD032600287FF40CA9FFF7EFBB63
:104440004FF003084FF00109002745E60F2265E70A
:10445000022305E5012303E570B0000884CE0008BF
:104460002DE9F04F2DED108B9BB090F85E401D466E
:1044700090F85C300893042CB0F8583003938046D1
:10448000894616461AD8D0ED147AF5EEC07AF1EEC8
:1044900010FA00F1F88190F86630002B00F0978256
:1044A00090F85B30002B00F09282024C024A059497
:1044B00007E000BF880000201CED0008C74CC84A78
:1044C0000594D4F88030C74900209847D8ED157A74
:1044D000D4F84431009307EE103AF5EEC07AF1EECD
:1044E00010FAB8EE478A40F3D281C8EE278AF6EE7A
:1044F000007A78EEA78A039B002B00F0A88198F839
:104500005E30049398F85A30002B40F0A78198F859
:104510006020022A41F0428198F85E40012C00F0B0
:10452000ED830024224634990C71A6F8AC21002BAF
:1045300000F0998198F85F30012B00F01184022B74
:1045400000F0F883002B40F0E98301231A46F3843E
:10455000328598F86030012B00F0D983022B00F0EF
:10456000D583002B00F01484059B9F4AD3F880303C
:104570009C4900209847B9F1000F00F07881002392
:104580000093B9F8E410B9F808307180B9F8E61072
:10459000B180B9F8E2103180B9F8E810F180B9F8CB
:1045A000021031819B00B9F8041071819BB2B9F8F7
:1045B0000610B18103F13002B9F80A10F18192B20C
:1045C000B9F8201031825F2AB9F82210718240F2C6
:1045D000F2818649A1FB0201890901EB4101A2EBAD
:1045E000411189B200201A4604460B460121F2828D
:1045F0000322B38272830023009A7384B483F0830E
:10460000318331846B800123C5F80A30002A00F021
:104610006A870027CDE9017706F13E039FED749A82
:104620009FED74AADFED779ACDE90696B34605F1C2
:104630000E0A44461E46049AFBB29A4200F22A81B0
:104640000023AAF80030AAF8083033800137042F7D
:104650000AF1020A06F102060BF1560B04F11404EA
:10466000E9D1039BAA89DDF804E012FB03F26B8910
:1046700092B213449BB2DDE90696591C012089B21F
:104680000090B6F8AC01012804D1DDE9020404FB76
:1046900000F00290029FB8F8640098F863C098F8A0
:1046A00062B04FF6FF74A74228BF27464408A4F122
:1046B000030A98F86640A6F89EB18CF0010C033806
:1046C000A6F8A6C1A6F8A471A6F8A0E1A6F8A801CC
:1046D000A6F8AAA1AA81AB80E980002C00F02B816A
:1046E000413399B24024012329802C81A6F8C0319E
:1046F000B9F1000F03D0B9F80C30A6F8C231009B15
:10470000002B40F04281349A98ED145A0023136034
:10471000089BA6F8B231039B012B40F23381B8F815
:104720005830023B01229BB29FED336ADFED335AD2
:1047300098F85A10F1EE007AC8EE066A68EE277A09
:1047400068EE255A87EE867AC5EE867AB6EE006A5E
:1047500076EE866A37EE067AFCEEE66AB5EE405AE9
:10476000D8ED155AA6F8AE31F1EE10FA16EE903AE1
:1047700077EE867ABCEEC77AA6F8B02114BF012284
:104780000022FCEEE77A328798F85B20A6F8B43175
:1047900017EE103AA6F8B63117EE903AF5EE405AF9
:1047A000A6F8B831009BF1EE10FA14BF01200020EA
:1047B000002B40F0C28031867286708598F8613097
:1047C0000F4A0098C6F8BA210121B184A6F8BE317B
:1047D0001BB0BDEC108BBDE8F08F00BF880000203F
:1047E000D8EC0008F4EC000818EE0008ABAAAAAA5E
:1047F0002549123E8FC2753D00247449000096433E
:10480000FF07010800000000B5EEC07AF1EE10FAD3
:1048100000F1158398F85A20002A00F01383B5EEB2
:10482000407AF1EE10FA05D1F5EE407AF1EE10FA89
:1048300040F0C9835FED0D8A059B754AD3F880303F
:10484000744900209847039B002B7FF458AE039BCC
:10485000049398F85A30002B3FF459AE349A002351
:104860001371A6F8AC31B9F1000F7FF488AE0123C3
:10487000A5F802906B81CE4602214A46CDF80890F9
:10488000CDF80090FDE6644C644A059419E6DFED2E
:10489000648A30E60123338098F85C90228940F2E4
:1048A000FF3340F2FF11B9F1000F18BF0B4652B3AE
:1048B0009A4228D8A27B237C42B1022B06D1059BC9
:1048C000584AD3F88030DDE9069622E0E07B0028E4
:1048D00040F04982012B00F0AF80059B524AD3F88B
:1048E00080304C490090DDE906969847DDF804E0F9
:1048F000039BAA8912FB03F26B8992B213449BB209
:10490000591C89B2BDE6059B484AD3F88030DDE9E1
:104910000696404900209847039BAA89DDF804E0E9
:1049200012FB03F26B8992B213449BB2591C002014
:1049300089B20090A5E62346D6E6B5EE405AF1EEE0
:1049400010FA0AD0C8EE057A77EE867AFCEEE77A9E
:1049500017EE903AB3871B0C7387002361F30F03A4
:10496000F5EE405A62F31F43F1EE10FA708533639F
:104970003FF424AFFCEEE87A17EE903A1A0CB285B9
:10498000F3851BE700221346CEE698F85D30072B2F
:1049900015D8274A9FED229A134493F8F43BA6F8C2
:1049A000A231349B83ED009A049B002B40F04D8292
:1049B00098ED145AACE603200124002117E6349A3E
:1049C00098ED145A0023136000230093A0E6012CF5
:1049D00040F2EA8198F80F104246012303E00133C8
:1049E000A34200F0E181084692F82310814202F1CF
:1049F0001402F4D2084F0F4AD7F8804005490597B2
:104A00000020A047D8ED157AD7F8443162E500BF01
:104A10007CED0008F4EC00088800002008ED000898
:104A20000000000048EE000874EE000838EE0008B0
:104A3000C0A6000848ED00086FF00B030993E28858
:104A4000A3880A92182A009340F29E8202EB820306
:104A500003EB031303EB032302EB4303C3F3CC0287
:104A600042EA43339BB240F6AA22934200F2DF822D
:104A7000B24B0A9AA3FB02231B090E93013B9BB284
:104A800015935C230D9318230B930098002840F096
:104A9000E484059BAA4AD3F88030AA499847B9F123
:104AA000000F00F0CD844FF000090222009B09990D
:104AB00013FB02F292B20092226811440A460C9152
:104AC0000A99013B01FB0323099302F5C3432833F1
:104AD0004CF25032934208D9059B9B4AD3F8803060
:104AE0009849002098474FF00009099B03F5C343FC
:104AF00028334CF25032934208D9059B934AD3F89D
:104B000080309049002098474FF000090C9A002A05
:104B1000C0F246838E4880FB0230D217C2EBA00061
:104B200000B2099B002BC0F22F83894981FB03311E
:104B3000099BDB17C3EBA101119309B280B2091ADB
:104B40000C9B0F90824880FB03C0C2EBA00288B28E
:104B500009B20E9B1091B0FBF3F0411C0A901FFAB2
:104B600081FE0B981821B1FBF0F30E930C9B02EB26
:104B70004202B3EBC20200F1008313B2139393B26B
:104B80000C93099A7248119B0B9980FB020CC3EBA2
:104B9000AC0303EB430C0C9BB3FBF1F001FB1030B7
:104BA00081B2B2EBCC03099100F104831AB21992DD
:104BB0009BB20E9A0B98511E099A89B21891BEF1B8
:104BC000010F11FB002189B200F0FA82099A0C98BA
:104BD000824240F00883994200F05C840023012265
:104BE00013931692149312920E930C9B9A00099BA6
:104BF000ABF882209B00ABF88430B9F1000F40F095
:104C0000FE826C23179336230C937D223D234FF0B5
:104C10000009ABF87C300F9BABF87A200C9A109906
:104C2000C3F1290313441AB21192521A9BB2292AD2
:104C30000F9308DC059B474AD3F880304149002098
:104C400098474FF00009119B179A934208DB059B88
:104C5000414AD3F880303B49002098474FF0000983
:104C60000D9B2C2B00F213821E2B40F2EC831E3B7B
:104C70000F229BB20D92ABF89A30159B0C99ABF8B2
:104C80009430139BABF87E10ABF88E300F990A9BD3
:104C9000ABF880100D99ABF89610ABF89820002B6C
:104CA00040F0D381149B002B0E9B08BF00230E9372
:104CB000129B002B00F0E183099A199B9B1A0B9A17
:104CC00093FBF2F39BB2169AABF89220ABF88C30C0
:104CD0000E9AABF888200023ABF89030ABF88A30FE
:104CE0000A9BABF88630B9F1000F40F0C382CDF8D3
:104CF0000090DDF804E0DDE90696F9E598F810206B
:104D0000013A012A7FF60DAC22460CE400237363BE
:104D1000B9F1000F42D00123009332E4059B0F4A02
:104D2000D3F88030074900209847B9F1000F7FF48D
:104D300026AC9CE500231A4609E400BFABAAAAAA48
:104D4000C0EE0008F4EC00080CEF000820EF0008AB
:104D5000ABAAAA2A54EF000874EF0008F8ED000887
:104D60000022FFF7F4BB013B042B00F23F8501A2B8
:104D700052F823F0394A0008BF4F0008894D000857
:104D8000B74F0008894D00086FF00C03099356E6F1
:104D90004FF001137363B9F1000FBCD100236B8096
:104DA0000123C5F80A3034E4BB4B98ED157A05931E
:104DB000D3F84431009306EE903AB5EEC07AF1EEA6
:104DC00010FAB8EE668A7FF71FADC8EE078AF6EED6
:104DD000007A78EEA78A18EE900A05F0E5FA59B144
:104DE000059BAE4AD3F88030AD4900209847039B1D
:104DF000002B7FF484AB2BE598F85A20002A7FF42F
:104E00001BAD039B98F85F10002B98F8603014BF1F
:104E1000204600209942049008D9059BA14AD3F866
:104E200080309F4900209847FFF76CBB022B00F0B1
:104E3000BF84349B1A71A6F8AC21FFF77BBBDFED72
:104E40009A8ACDE7DFED988ADBE7B6F8AC31B6F8A1
:104E5000A421012B00F0CD8007EE902ADFED939A7C
:104E6000B8EE67AAB7EE089AF2EE02DA059B9FED5C
:104E7000900AD3F84431019307EE903AB8EE67FAFE
:104E800080EE0F0A03F0D2F998F86030022B2FEE73
:104E900000FA00F22381874A98F85E1002EB830043
:104EA00090ED00EAD0ED03FA002900F02981009B83
:104EB000DFED7DEA9FED80BA9FED80DADFED80CAFD
:104EC0009FED80CADFED80BADFED80AADDF8149097
:104ED00044460025227C052A00F29280022A40F2F4
:104EE0009A804FF0300A0827E27B052A00F273848B
:104EF000DFE802F03E413B034744F0EE4B7A8FEE91
:104F0000276A228998F85E1002FB077702377F0034
:104F1000BFB2A288013514349FED6D7AC6EE076AE0
:104F200007EE90AAF8EE677A87EEA66A07EE907A07
:104F3000F8EE677A87EEA67A07EE902AF8EE677A9F
:104F4000EAB267EE277A914277EE867A77EEA97A0F
:104F500077EE897A7EEEA7EABCD898ED145A002B3A
:104F600040F0D2800093FFF7D3BBF0EE6A7AC6E739
:104F7000F0EE6C7AC3E7F0EE4D7AC0E7F0EE4C7AD3
:104F8000BDE7F0EE6B7ABAE70A9A002A4FD01823F1
:104F9000B3FBF2F302FB03F3C3F118039BB21593C7
:104FA000002B44D10A9A0B92531E9B009BB20D9387
:104FB00001230E9369E56FF00F0309933FE56FF04E
:104FC000060309933BE598F85F2098F860309A4211
:104FD0007FF430AC039B349ADFED338A002B14BF8F
:104FE00023460023049300231371A6F8AC31FFF786
:104FF000A1BAF0EE499AF0EE49DAB0EE49AA35E7E7
:10500000D9F88030334A2649002098474FF0180AD3
:105010000427002368E7012A05D0022AF0D14FF0C7
:105020003C0A0A2760E74FF0480A0C275CE7059B1B
:10503000294AD3F880301A490020984700230122DA
:10504000CDE90D3215930B9229E5149B002B0E9B95
:1050500008BF00230E93129B33B1099A199B9B1A28
:105060000B9A93FBF2F39BB2ABF88C300A9B169A27
:10507000ABF89220013B0E9AABF888209BB2189AAD
:105080000A930123ABF88A20ABF8903028E600237E
:105090000D931A46EFE500BF8800002068ED000878
:1050A000F4EC0008A8ED0008000000009A999D416A
:1050B000F902154FBCB200080000904300002043E5
:1050C000000000430000F0430000C04300004043E4
:1050D000002474499CEE0008ACEE0008059BC04A11
:1050E000D3F88030BF490020984798F85E30002BF5
:1050F00000F0F481DFEDBCFA0023B0EE6FEAD7E6F2
:1051000098ED145ADFEDB8EA9FEDB87ADFEDB86A92
:10511000349BCFEE077AB1EE0C7AC7EEA65A2AEE90
:1051200007AA7FEE8EFACAEE257A9FEDB27A77EE65
:10513000AD7AB0EE006A77EEAE7A77EEAF7A27EE10
:10514000877A37EE067A77EE277A86EEA77AB4EE7C
:10515000C57AF1EE10FA83ED007A7FF5D9AA059BA6
:10516000A54AD3F880409F49FDEEC77A002017EE8C
:10517000903AA047002300931AE402F1180083B28A
:105180000C9303B21393FCE409999C4BC943A3FB12
:105190000131099B6FEA1111DB1709B21193CDE4BC
:1051A0000C9A964BD043A3FB00306FEA101000B26C
:1051B000D217B6E403F1180002B283B21992F8E4F0
:1051C0000C98824200F0638100220A921692129299
:1051D000139A9B1A0B9A93FBF2F39BB20E93012343
:1051E000CDE9133301E5994200F05E810A9B013B52
:1051F0009BB20A930123169312930B46E8E7E37BD5
:10520000052B00F21983DFE803F01A130C032B219E
:105210004FF486731793D6230C9340F21D128D23FF
:10522000F7E4AC23179376230C93BD225D23F0E4BF
:105230008C23179356230C939D224D23E9E46C2372
:10524000179336230C937D223D23E2E44FF4E6735B
:1052500017934FF4CB730C9340F2DD12ED23D8E497
:105260004FF4B67317934FF49B730C9340F27D1277
:10527000BD23CEE4A37A172B00F20181092B00F2A3
:105280001F81C3F109039AB21523ABF84630069B80
:10529000ABF84820002B00F0608203EB42029389B8
:1052A000ABF84A30237C013B042B00F2A682DFE8F6
:1052B00003F0BC7703AB85004FF000094FF4007298
:1052C0004FF4C063CDE909234FF0C00E02204FF028
:1052D000040C08214A464B46ABF86E000A98ABF81E
:1052E00056000998ABF870C0ABF85800ABF84E10F8
:1052F000ABF85010ABF852E0ABF854E098F85D1002
:10530000B9F1000F00F00A81002B00F0078102299B
:1053100000F27C813A4B0B4493F8F03BABF85A30E7
:10532000069B002B00F01D810023ABF85E300123AB
:10533000ABF86A30069B0021D3E932ECD3F8C49075
:105340000B460EEB1140A0EB09009042614480F245
:10535000328201330F2BF4D1069AABF86030D2E9D8
:1053600036E303EB83020EEB1242F92A00F3F181DC
:10537000062003FB00F0052103E0BCF1FA0C40F12C
:10538000DC810A46013189B214290EEB104C184415
:10539000F3D1059B1B4AD3F88030DDE906963BE14B
:1053A00000214FF40073CDE909134FF0400E0320A4
:1053B0004FF0020C08219622FA238DE74FF00009E6
:1053C0004FF4F0504FF47853CDE909034FF4F86EE1
:1053D00002204FF00B0C08214A464B467CE700BFE9
:1053E00018EE0008F4EC0008000000000000204364
:1053F000002474490AD7233CF0EF0008ABAAAAAAFC
:10540000C0A60008C4EF00084FF000094FF4C06CBC
:105410004FF46063CDE909C34FF4E07E02204FF002
:10542000060C08214A464B4656E7069B9B8C0422F5
:10543000082BCBF86E205DD9DDE90696FFF76CBA34
:105440000422FFF733BB0D9B0F2B32D9A3F10F02C0
:105450000F230D9392B200230DE4B9F1000F2CD16C
:10546000237B002B35D0059BC64AD3F88030C64934
:10547000484698470422FFF719BB0A9B23E4059B83
:10548000C24AD3F88030DDE90696FFF742BA994266
:105490007FF49AAE0023CDE91333CDF828E01693BC
:1054A00012930E93FFF7A1BB0023169312930B46A2
:1054B0008EE600221346FFF7DEBB0222FFF7F6BAA4
:1054C000102B94BFC3F11E03C3F117039BB200223C
:1054D000DBE64FF001090422FFF7E8BA98ED145A11
:1054E0000093FFF715B90098029086460221024604
:1054F000FFF7C7B8ABF84E30ABF85030402300226E
:10550000ABF85230ABF854304FF40073ABF8563070
:10551000ABF8582098F85D1013469146072975D8C6
:105520009B48014491F8F41BABF85A100699C1B19D
:105530000021ABF85E10B9F1000F40F08480ABF8A9
:105540006A90ABF86090ABF85C90ABF86290ABF807
:105550006890ABF864904A460023ABF86620ABF83D
:105560006C302389E27AABF87620012B68D0023BBD
:105570009BB20121ABF87230A37BABF84C3083F0C7
:105580000103ABF87410ABF878300099AB89AAF836
:1055900000300B44AAF80810AB81A388217C06EEEA
:1055A000903A2389012907EE103ABBF86E302AD0D1
:1055B000022914BFF0EE695AF0EE4A5A01339BB249
:1055C00007EE903AF8EE677AB1EE006AF8EE666A96
:1055D00067EE867AB8EE477A67EEA67A0198029B64
:1055E00067EE877A014667EEA57A002808BF114664
:1055F00067EE897A0191FCEEE77A17EE902A134460
:105600000293FFF723B8DFED635AD7E7059B624AA1
:10561000D3F88030DDE906965B4900209847039B6C
:10562000AA89DDF804E012FB03F26B8913FA82F316
:105630009BB2591C002092B289B20090FFF721B8AA
:105640000023194696E70121ABF86A10002B7FF47E
:1056500071AEABF8603019461A46ABF85C200022F8
:10566000ABF86220ABF868204BBBABF864301A464D
:1056700002EB0109069AD2E92FE1CE451DDA084670
:10568000002202F1010C09921FFA8CF2162A3FF453
:1056900080AE0EEB104CBCEB090C0844F1D4002B8F
:1056A0007FF45AAF099800FB01F10EEB1143A9EB0F
:1056B00003039C45C8BF02464EE700224CE7069B09
:1056C000D3E9349C894546DA134662469E46013347
:1056D0009BB2162B3FF45DAE09EB1240401A6244B8
:1056E000F4D40CFB0EF209EB12428A1A9042D8BF96
:1056F0009E460699BBF86020D1F8CC30BBF85C0020
:10570000099002FB03F3D1F8C820ABF864E002EB88
:1057100013420B46D1F8C410521AD3E936303FF584
:1057200038AE09990CFB0EFE00FB01F103EB1143AF
:1057300009EB1E401918FA239AE702FB03F30EEB5C
:105740001343C3F1FA039C45D8BF0A46FA210B461E
:1057500083E70522FAE79646CBE7069BABF84A308B
:10576000237C013B042B48D801A252F823F000BF50
:10577000BB570008A1530008B9520008095400089B
:10578000BD530008D4EE0008F4EC00088CEF0008CC
:10579000C0A60008CDCC4C3EA4EF0008349A13718B
:1057A000A6F8AC31B9F1000F7EF4E9AEFFF75FB8AF
:1057B0000123FEF7B3BE9BB2CEE54FF000094FF4D4
:1057C0000073CDE909934FF0400E0420CC4602212E
:1057D0004A464B4680E5D9F880301C4A1C490020D7
:1057E0009847DFED1C7A0023FFF789BB059B1A4A17
:1057F000D3F88030DDE906960EE7059B164AD3F80C
:10580000803013490020DDE906969847AA89039B5A
:10581000DDF804E012FB03F26B89562113FA82F3E0
:1058200001FB076100209BB2C1F86E00591C92B2C7
:10583000009089B2FEF725BF059B044AD3F880305B
:10584000034900209847FFF7DCB900BF48EF000884
:10585000F4EC0008000000439CEE000870B5FEB0B8
:105860004FF4E27204460D460DA8002103AE03F08A
:1058700041FB00960DAA05AB00212046FEF7F0FD86
:1058800008B97EB070BD94F85B202B46314605A860
:10589000FBF74AFA7EB070BDF8B595692B7802EB3C
:1058A00043030F46B3F844605369014668881446C1
:1058B00003EB4000720003F01FFF6B88E26D1E4493
:1058C00013786E8003B93B791370F8BD2DE9F04F62
:1058D0002DED048B038F8DB00546002B00F0158154
:1058E000B0F84030428F0469B0F850E007925B0096
:1058F0000293838FC28F34F913300B92BEF1000FE5
:1059000000F003811B010893D0E91223D718B0F8E7
:105910005200B5F84230DFED8A8ADFF830B20193E9
:10592000FE434FF00008F6EE009A0990C146049637
:10593000CDF828E0834B83FB0710F917C1EBA001DA
:1059400001EB4100A7EBC00000281FFA89F886B2DE
:10595000C0F2EB80002FC0F2F180089B09B209046D
:1059600081FB0301002906DA4FF6FF7C10EB0C0CDB
:10597000604641F10001079B000C40EA0140991983
:1059800034F91110A0EB011007EE900AB8EEE79A77
:1059900029EE289AB0EE490A02F068FEB0EE408A7D
:1059A000B0EE490A02F008FC019B002B00F0A28037
:1059B0000B9BB5F844A01E4404EB46030020CDE940
:1059C000059703930646009059E095F838C0BCF15E
:1059D000000F4BD007EE101A07EE903AF8EEC76AA8
:1059E000F8EEE77A26EE806A27EE887A66EE886A15
:1059F00037EE467A67EE807AB5EEC07A77EEA67A11
:105A0000F1EE10FA4CBF37EE697A37EE297AF5EEEF
:105A1000C07AF1EE10FABDEEC77A4CBF77EEE97AA4
:105A200077EEA97A17EE103AFDEEE77A5B4517EEAE
:105A3000901A47F6FF70B8BF5B468342D5F8549082
:105A4000A8BF03465945B8BF594699F800E08142BE
:105A5000A8BF0146BEF1000F04D117EE100A98420C
:105A60005BD0E64689F800E01BB209B2A352009B66
:105A7000798053440093019B01369E4238D0009BAD
:105A800095F839C008EB5302029B92B203EB8202F5
:105A9000A718A35EB7F90210BCF1000F95D00398C8
:105AA000B0F800C00CF01F0E0EF1300E03FB0EFE1E
:105AB0004FEA9C23203BCCF3441C01FB03F3BEF1D3
:105AC000000F0CF1300C01FB0CFCB8BF0EF13F0EC7
:105AD000002BB8BF1F334FEAAE1EBCF1000F0EEB18
:105AE0006313B8BF0CF13F0C1BB24CF38F116CE782
:105AF000DDE90597099B049A1F44D31A04930A9B76
:105B000009F1010999457FF415AF286843680DB084
:105B1000BDEC048BBDE8F04F184717EE900AB0EBD0
:105B2000010E18BF4FF0010E9CE71836B6B2049B69
:105B3000054AA2FB03016FEA11110EE70026F6E702
:105B400000008037ABAAAA2AABAAAAAA0080FFFF4E
:105B50002DE9F04FB54CDFF8149394E80700ADF54C
:105B60007F7D0DF1A40A00258AE8070004F10C01ED
:105B7000AF48CDE91E55CDE9205503F079FEAD4B78
:105B8000C9F8443102232A46643489F8883020ABAE
:105B9000CDE903320FCC059509F170050FC594E8E6
:105BA000030085E80300A44950226C20FDF73EFA6B
:105BB00005468046002863D0A04B48F8043BA04926
:105BC0006822404603F0C4FD049B9E491EAA102093
:105BD00042F82350BAF900306B60BAF802302B81DA
:105BE000BAF80430A5F85C306722FDF71FFA834647
:105BF00000283ED0944B036095F8624093493822C8
:105C00001020002C4DD1FDF711FA90490690392251
:105C1000FC20FDF70BFA07462046069B002B00F000
:105C2000B684002F00F0EE8014B1002800F0EA8066
:105C3000069CC7F898008DA927604046FFF70EFE26
:105C4000002843D1D9F88030814A804927469847B7
:105C50003846FBF737F87C4BDBF8002000209A42EF
:105C6000CBF8040000F01B82D9F88030794A7549DE
:105C70009847049B784820AA002442F8234004E077
:105C8000049B76481EAA42F8235003F0DFFD002350
:105C90001A4620A91EA8FDF7CBF80DF57F7DBDE8BB
:105CA000F08FB5F85C40FDF7C1F9684906903922DC
:105CB000FC20FDF7BBF90746002C00F0E8816349A2
:105CC0003E226020FDF7B2F90124A6E7BDF84802A4
:105CD000BDF85432D7F89810099103449AB2BDF830
:105CE0004A320B92A7F89E2007F1F8025B00C7F832
:105CF000842007F1F402C7F8E830C7F888200023B1
:105D000007F1F602C7F89430A7F89C30C7F88C204A
:105D100007F1F00307F1F70238877B62C7F890209C
:105D200031B107F1EC028A6107F1F5024B62CA65F5
:105D3000C7F8D8300B9BA7F8E430C7F8DCB095F86B
:105D40006230089363B1089B42AA0DF25E2102EB18
:105D5000430431F8023F5B0822F8023B9442F8D139
:105D6000BDF85032BDF85222119203449BB21093F9
:105D7000B5F85C300C93002B40F08B811293BDF88A
:105D80004E32BDF84C22DDF8361203440244BDF811
:105D90003A02A7F87E30324B3B64324B7B64324B85
:105DA000BB64032387F874300F23A7F8803007F112
:105DB0003C031B93099BA7F87A00C7F87610A7F855
:105DC0007C20002B00F0F28300238F991491CDE901
:105DD000543390991591CDE95633CDE95833BDF838
:105DE0004412089C139155AA94460DF25621D8B23C
:105DF000A0423DD231F8020F22F8020F088910812B
:105E00000133F4E73C46069FD9F878300646384619
:105E100098471CB1D9F8783020469847002E3FF4B7
:105E20001AAFD9F878303046984714E7D4B2000852
:105E300010F0000800366E01ACEB00080FB037130D
:105E400050B3000888EB00080DB037134CF0000881
:105E50005CF000086CEB0008D8F0000830F0000897
:105E600001190008A9190008A119000888000020DC
:105E7000099A0C9B1387129B53870023C2E91333A3
:105E8000C2E91533A7490E911846A74B5360A7499D
:105E9000A74B93600F91A74BA749D3600D9102F1D7
:105EA00048013A32CDE9165BCDE919A82E4618977C
:105EB0000791154667468046089A5FFA88F3934231
:105EC0000A9380F0678337F802AF25F802AFB7F87E
:105ED00008B09A49A5F808B02F22EC20FDF7A6F8E3
:105EE000974A0446002876D0964B0364964B82640A
:105EF0004364327D013A3C30042A00F2BF85DFE87A
:105F000002F06164036703006FF00C0C139996F8BC
:105F100011E0A4F87A100C99A4F87E101299A4F854
:105F200080100B9BDDE9141253449BB2BEF1000FAD
:105F300018BF11467268A4F87C30C4F876104FEA96
:105F40004B0A96F810B084F874B0C4E9212CB268FA
:105F5000C4F88C200E9AC4F89C20A4F896300F9AAE
:105F6000A4F8DC30099BC4F8A020C4F8D4300D9A02
:105F700084F875E004F1E403C4F8A4206362C4F873
:105F8000E0A0C4F8D030002321462387A4F8943041
:105F90006E4BC4F8D83004F1E803C4F8903041F8EF
:105FA000980BE163FBF778FD143608F1010B00282C
:105FB0005CD02068C3689847079B43F8044FD846D5
:105FC000079379E76FF00B0CA0E76FF0060C9DE7E5
:105FD0006FF00F0C9AE7DDE9165BDDE9187A4646AB
:105FE000DDF868805A4A5B493346099E123306EB56
:105FF000830300245C602046D9F8803098470795D9
:1060000008970A9D09E0CBB206EB83071D46F86CA2
:1060100010B1D9F878108847FC64691E002DF2D1C0
:10602000DDE90757D7F8983009930E9BC7F8A430DD
:106030000F9BC7F8A8300D9BC7F8AC30099A1B9B83
:106040003B60454BC7F8E03007F1A003002A00F0A1
:10605000AB82FA63136038688368984730BBD9F81D
:1060600080303E4A3E49069F9847F1E5D9F8803096
:106070003A4A3249DDE9165BDDE9187A4646DDF831
:1060800068809847D9F8783020469847AAE7204694
:10609000C3E5BDF856320C9AB3FBF2F36EE6CBF8CB
:1060A0000000D9F8783058469847E2E53868C36868
:1060B0009847069A2B4B536000242B4BD360946077
:1060C000CBF8042095F8620042A92346E2B2904240
:1060D00004F1010402D90A8813449BB2042C01F193
:1060E0000201F3D1039A109942F804BB0392B5F868
:1060F0005C20ABF80C1012FB03F2049B1199ABF877
:106100000E105B4203F01C0334A82968C252174BDF
:10611000994233D0D9F88030154A16490020984763
:106120001548B2E5B119000825180008BD19000886
:10613000A118000899180008C10C000880F0000898
:10614000911A0008CD580008991A000899580008BB
:10615000B4F00008E0EA0008990A000894F000088A
:106160004CF00008B10C0008C50C00080FB0371344
:1061700094EB0008ACEB0008F8F0000840468DA94D
:10618000FFF76CFB0028CBD0BDF83432059A9A4259
:1061900038BF1A46049B05920AF1060A01250BB97D
:1061A000049500E5059803F0F9FA0690002862D0FE
:1061B000AB4B4FF480529A61FCF742FAA94937225F
:1061C0001420FCF733FF834600284AD0A6497822E2
:1061D00040F25E20FCF72AFF00284ED000264FF444
:1061E0004053A24FA0F8C45180F8C6510322CBF807
:1061F0001000CBF80850CBF804608BF80D60CBF89A
:1062000000708DA98D9328462B46ADF83862FAF7B9
:1062100071FCBDF8383241F21022934233D0944AD7
:106220009449D9F880403046A0475846FAF730FDE7
:1062300043F21C038D938DA92B4628460322ADF80B
:106240003862FAF757FCBDF83832190509D5B3465C
:106250000020D9F88030884A824998475846FAF792
:1062600017FD864803F0F2FA069B002220A91EA81B
:10627000FCF7DEFD11E58248F4E7CBF81000584644
:10628000FAF7FEFCEDE743F21C038D9328462B46FC
:1062900003228DA9ADF83862FAF72CFCBDF83862FC
:1062A00016F40066D4D1DBF80800FBF7BFF8DBF882
:1062B00008500322284640F2491300923146FBF76A
:1062C00085F82246284640F2491302210096FBF742
:1062D0007DF82146284640F2491310220096FBF72C
:1062E00075F8284640F24913202205210096FBF755
:1062F0006DF82846009640F249134FF47F5206216C
:10630000FBF764F8059D0BF10D04DBF80030BB4290
:1063100012D0D9F880305B4A5249002098475A4839
:1063200003F094FA5846FAF719FC069B5A4620A93E
:106330001EA8FCF77DFDB0E451ABDBF80800069920
:1063400000932A462346FDF701F80028E7D09BF882
:106350000D300A2B04D0FCF74FF90028D5D1DEE729
:106360003F4C4FF48055A562FCF76AF9A561FCF734
:1063700067F9464D0527002303930797039ADBF837
:1063800000301EA951F82260384A934207D0D9F84C
:1063900080303C4A3349002098473D48C0E70DF221
:1063A00043110DF22F204FF0FF3211F8013F082466
:1063B0005A4042F300032B40013C83EA5202F8D1D9
:1063C0008842F2D18C9BD243934206D0D9F88030D8
:1063D000304A244920469847DFE71EB12E4B3268E9
:1063E0009A4206D0D9F880302C4A2D49002098478F
:1063F000D3E743F21C03DBF808008D93032201234B
:106400008DA9371DADF838420997FAF773FBBDF82F
:10641000383203F4006ABAF1000F14BF01230023DD
:106420008BF80C3040D0DBF80830DBF81080089394
:106430004FF4E27200218DA802F05CFD3C220021A5
:1064400042A802F057FD98F8C5A1BAF1000F00F07C
:10645000B480D9F88030134A0349002098479CE75C
:106460000004004800E60008C8E600080EB0371334
:1064700038F1000840E7000858F1000874F10008FE
:106480001CF10008E8E5000890F100082083B8ED51
:1064900054F20008B0F100080FB0371394EB000875
:1064A000ACEB0008C4F1000843F23103DBF808004C
:1064B0008D93032201238DA9ADF83842FAF71AFB18
:1064C0009BF80C30BDF83822002BACD14AF6C04303
:1064D000DBF80810DBF8108008919A42A8D04FF43E
:1064E000E27221468DA824AF02F004FD00972CAB88
:1064F0008DAA51A9301DFDF7B3FF00283FF44DAF21
:1065000096F85F2039462CA842ABFAF70DFC00281C
:106510003FF443AFBDF81A31ABF80430BDF81E317B
:106520000898ABF80630B9F87060FAF799FF38B3FD
:10653000059B76085B08B34228BF3346023B23F035
:1065400001030A93069B04330B9322AF0A9B0B991A
:106550003B6052463B468DA8FBF75AFA3B68069AC9
:106560004FEA5A0106460898FAF74EFC0A9B9A44ED
:106570001FFA8AFABAF51E6F80F0F781002EE5D176
:10658000D9F880306F4A70490020984705E70646E1
:106590003C463EE4DDE9187AD7F89830DDF86880AB
:1065A0000993DDE9165B40E5FB6354E5674B0E9309
:1065B000674B0F93674B0D9337E522AF00972CABDA
:1065C0008DAA51A9301DFDF74BFF00283FF4E5AE21
:1065D00096F85F2039462CA842ABFAF7A5FB0028B5
:1065E0003FF4DBAEBDF81A31ABF80430BDF81E3114
:1065F000ABF806300DF1760224AB8DA94046FBF7CF
:10660000D5FDBDF89020BDF876309A4280F0B98172
:10661000099A434651A98DA8FCF7A8FDDBF8003084
:106620004D4A934207D0D9F880304C4A4C4900205B
:1066300098474C4874E69BF80C305BBBDBF80800CD
:106640001521FAF707FC0028F3D001238BF80C3052
:10665000FBF7D2FF002800F08681DBF800303E4ACD
:10666000934207D0D9F880303C4A3D4900209847F2
:106670003D4855E6BBF80620BBF804301344059AA4
:10668000B2EB430F1DD2D9F88030384A344900208C
:106690009847EDE7DBF81060DBF8080096F8C611C4
:1066A0000122FAF715FC96F8C5318BB396F8C6317E
:1066B000022B0CBF0123022386F8C6310028C7D164
:1066C000B7E7DBF81080DBF8087098F8C66143F292
:1066D000370E4FF0000C032201238DA93846CDF868
:1066E00034E2ADF838C2FAF705FA012EBDF83822C7
:1066F00000F03781022E0CBF8023C02313EA020072
:1067000008D1D9F880401A4A0F493B46A047AFE765
:106710000123D1E798F8C6118DAA3846FAF722FC72
:106720000028A5D0BDF83432032B25D0BDF8363271
:106730000093D9F880400F4A03493B460020A04708
:1067400096E700BF40F20008C8E60008B11900084B
:10675000BD190008C10C00080EB03713E8E50008A9
:1067600000E6000870F2000850F30008A8F20008E4
:10677000C0F20008E0F20008BDF83632DBF8108005
:10678000069AC3F30013138098F8C43123B198F824
:10679000C6315A1E53425341069A5380B8F8C83145
:1067A000938008F5FD7C08F5E57306321E6858688D
:1067B0009968DF68D7601033634516605060916058
:1067C00002F11002F2D1069AB8F8FA31D38608F530
:1067D000FE7602F1380C08F50B7E30687168B268FD
:1067E000F36867460FC710367645BC46F5D1069A62
:1067F000B8F82C32A2F8683008F22E236A3208F278
:106800005E281E6858689968DF68D7601033434572
:1068100016605060916002F11002F2D1BBF8066080
:10682000DBF81030DBF8080093F8C631BBF8041031
:10683000B6F5005F00F28880013B18BF01231A0300
:10684000069B03EB41013346FCF72EFD002800F0C8
:106850008180002E3FF40CAF039B20AA52F8233016
:106860001BB11A6887498A4244D0D9F88030864AD9
:1068700086490020984726AE0399B76884484B4262
:1068800003F01C0334AAD65A02F0F2FFBEB1DFF8BF
:1068900030A207F102080CB1630718D038F92420A0
:1068A00037F9243000920F217A4A8DA803F006F8B8
:1068B00001348DA9504602F0DBFFA642EBD10A203D
:1068C00002F064FF039B33B9049B039356E50A204F
:1068D00002F05CFFE2E7079F013F7FF44CAD1EA88A
:1068E000069B5A4620A9FCF7A3FA6B4802F0AEFFBC
:1068F000FFF7D3B95A68069F26AE9E601068038FD3
:1069000007EB43034361B0F8943007EB4303C364E0
:10691000B0F8963007EB43030365D0F898304BB1DD
:10692000B0F89C1007EB41011961B0F89E1007EB1D
:1069300041015961B0F8E4300699526801EB430314
:10694000C0F8B030904797E7D9F88030534A54499F
:1069500000209847D9F88030524A53490020984780
:1069600086E64023CAE65148DAE4002E3FF408AE3A
:1069700080230093DDE9052108984D4BFCF75CFC72
:1069800046E643F2370324930898ADF894A0012318
:10699000032224A9FAF7AEF8BDF8943013F0C0032F
:1069A00010D1ADF8943043F2310324930322012334
:1069B000089824A9FAF79EF8BDF894204AF6C04337
:1069C0009A4215D124AB0DF176028DA94046FBF712
:1069D000EDFBBDF87660BDF890A0564515D9354B56
:1069E0002493089824A900230222FAF783F80FE6DB
:1069F00099F88830002B3FF4D0ACD9F88040089B40
:106A00002D4A2E490120A047C7E4B9F87030059AF5
:106A10005B0851088B4228BF0B460AF10201023B7A
:106A2000891B23F0010389B28B4228BF0B461F4606
:106A3000069B04330B9303E03E44B6B2564510D890
:106A40000B99249724AB32468DA8FAF7E1FF0A9000
:106A50000028F1D0249B069A08987108FAF7D4F917
:106A6000EAE7144B24930898002324A90222FAF79A
:106A700041F80A9B002B3FF490ACC9E54FF0000CA5
:106A8000FFF744BA0DB037136CEB000888EB000831
:106A900068F3000888F300089CF300080CF3000872
:106AA000FCE6000824F30008C8E600088CF20008A1
:106AB000B0B100088010010004F2000828F20008BC
:106AC00094F30008FEE700BFFEE700BFFEE700BF4B
:106AD000FEE700BFFEE700BF704700BF704700BF82
:106AE000704700BF024AD36E0133D366704700BFC0
:106AF000880000200C4B0D49D3F88C204FF48010F7
:106B00004861D168490503D4012283F8AD2070475C
:106B1000D168C9B261F49061D1600120012283F88B
:106B2000B00083F8AD2070478800002000040140C9
:106B3000034B5A69120744BF08225A61704700BFCD
:106B4000000401400148F9F775BC00BF580200205D
:106B50000148F9F76FBC00BFA00200200148F9F717
:106B600069BC00BF3C0100200148F9F763BC00BFCD
:106B700084010020084810B4D0F86032D0F8944264
:106B800099691A682CB1234600F518705DF8044B1A
:106B900018475DF8044B70478800002070B5AE4C74
:106BA000D4F84851EB692A68A96840F60F000342FF
:106BB00040F08780980602D5960600F1F380D4F85D
:106BC000A801012816D0D80202D5490200F1F480AC
:106BD0001E0605D4590602D5530600F1258170BD65
:106BE0001006F7D5D4F8B431002BF8D0BDE87040CA
:106BF0009A481847DE06E6D5D006E4D510232B6266
:106C0000AB68B4F8A0215B0640F14281D4F8BC31F6
:106C100019684B689BB2002B00F09681934280F07C
:106C20009381A4F8A2310B689E0644D455E8003F36
:106C300023F4807345E800324AB1D4F8482152E881
:106C4000003F23F4807342E800310029F5D1D4F8E5
:106C5000482102F1080353E8003F23F00103083202
:106C600042E800310029F2D1D4F8482102F10803AA
:106C700053E8003F23F04003083242E80031002986
:106C8000F2D12023C4F8C831C4F8A811D4F848219F
:106C900052E8003F23F0100342E800310029F5D10B
:106CA000D4F8BC3193F82520022A00F05481042244
:106CB000DA6383F824100223C4F8AC31B4F8A231AB
:106CC00070BD11F0010640F09E80654802423FF41D
:106CD00076AFD8070FD5D10540F1D68001212962C2
:106CE000D4F8CC1141F00101C4F8CC1199076BD54F
:106CF000002E40F08C8058077DD51E0700F1C18022
:106D00001E050AD5500108D54FF400612962D4F858
:106D1000CC1141F02001C4F8CC11D4F8CC110029D9
:106D20003FF45DAF990602D5920600F1A080D4F839
:106D3000CC21AB6802F0280203F04003134300F0BB
:106D400000814648F9F734FEAB685B067FF547AF34
:106D500005F1080353E8003F23F0400305F1080163
:106D600041E8003262B1D4F8482102F1080353E847
:106D7000003F23F04003083242E800310029F2D1FD
:106D8000D4F8BC0100283FF42AAF90F82530354AEA
:106D90008263022B00F0BB800423BDE87040C36314
:106DA000F9F772BED4F8B031002B3FF418AF04F5F8
:106DB000A470BDE8704018474FF480132B6270BD7B
:106DC000D1058BD4980722D4590714D5002E94D01E
:106DD00004212962D4F8CC11180741F00201C4F84B
:106DE000CC118DD508212962D4F8CC1141F00801CD
:106DF000C4F8CC1184E7190782D502F02001314391
:106E00003FF47EAFEEE7D807DAD499072CD50221FC
:106E10002962D4F8CC115E0741F00401C4F8CC110A
:106E2000D6D41907DED46BE755E8003F23F04003C2
:106E300045E800324AB1D4F8482152E8003F23F037
:106E4000400342E800310029F5D120220023C4F894
:106E5000C421C4F8B43170BD88000020D0010020E6
:106E600020010004890A00085E07B1D4D9E7D4F8EC
:106E7000B031002B3FF45BAF42489847D4F84851FB
:106E800055E79006AED43BE798073FF534AF9BE754
:106E9000B4F8A211B4F8A2319BB289B2002B3FF42E
:106EA0009EAE91423FF49BAE55E8003F23F49073B1
:106EB00045E800324AB1D4F8482152E8003F23F4B3
:106EC000907342E800310029F5D1D4F8482102F14D
:106ED000080353E8003F23F00103083242E8003181
:106EE0000029F2D12023C4F8C831C4F8B011C4F885
:106EF000A811D4F8482152E8003F23F0100342E8DB
:106F000000310029F5D10223C4F8AC3170BD02680C
:106F1000436C116821F00E011160116821F001012C
:106F200011600124026C03F01C0304FA03F35360A4
:106F3000002380F8254080F82430BDE87040F9F740
:106F4000A3BDC4F8CC3170BD93427FF448AE0B684A
:106F50009D06D8D470BD1A681D6C106820F00E0014
:106F60001060106820F0010010605A6C012002F0DF
:106F70001C0200FA02F26A6083F8250083F82410EC
:106F800099E600BFD0010020034B5A69120544BFA7
:106F90004FF400625A6170470004014010B5194C6B
:106FA000194AD4F88C304FF4802151619A68D20488
:106FB00002D5DA68D00509D49A68910402D5DA6856
:106FC000920513D4012384F8AD3010BDDA68D2B233
:106FD00062F4C0720121DA6084F83C13FBF78EFF83
:106FE00068B9D4F88C3084F83C03E5E7DA68D2B2AB
:106FF00062F42072DA60012384F8AD3010BDF9F735
:10700000C7F800BF8800002000040140034AD2F8FE
:10701000883043F47003C2F88830704700ED00E018
:10702000F0B4C56F202D4AD10C4601B112B9012030
:10703000F0BC7047194600252123C0F88450C3676F
:107040008368294FA0F85020B3F5805FFE6EA0F84A
:10705000522037D0B0F85220036892B2B2B1DA6948
:10706000120604D44A1C1DD1DA691206FCD504B3F9
:1070700014F8012B1A85B0F85220013A92B2A0F808
:107080005220B0F8522092B2002AE8D1DA695206B2
:1070900004D44C1C1CD1DA695106FCD52023C367EB
:1070A0000020C5E7FA6E921B914218D3B9B11A6855
:1070B000D5E735F8022BC2F308021A85DBE7022078
:1070C000F0BC70470369002BC4D125461C46C1E7BC
:1070D000FA6E921B914202D309B11A68D6E72023B7
:1070E000C367F0BC0320704788000020034613F8F4
:1070F000012B002AFBD1181A0138704753B94AB93D
:10710000002908BF00281CBF4FF0FF314FF0FF30AF
:1071100000F036B9ADF1080C6DE904CE03F064F966
:10712000DDF804E0DDE9022304B0704770B54FF0EC
:10713000FF0C4CF4E06C1CEA11541DBF1CEA135503
:1071400094EA0C0F95EA0C0F00F0DEF82C4481EA6B
:10715000030621EA4C5123EA4C5350EA013518BF8B
:1071600052EA033541F4801143F4801338D0A0FB78
:1071700002CE4FF00005E1FB02E506F00042E0FB25
:1071800003E54FF00006E1FB03569CF0000F18BF2B
:107190004EF0010EA4F1FF04B6F5007F64F54074D3
:1071A00004D25FEA4E0E6D4146EB060642EAC62166
:1071B00041EA55514FEAC52040EA5E504FEACE2ED3
:1071C000B4F1FD0C88BFBCF5E06F1ED8BEF1004FD6
:1071D00008BF5FEA500E50F1000041EB045170BD52
:1071E00006F0004646EA010140EA020081EA030196
:1071F000B4EB5C04C2BFD4EB0C0541EA045170BD92
:1072000041F480114FF0000E013C00F3AB8014F10B
:10721000360FDEBF002001F0004170BDC4F1000454
:10722000203C35DA0C341BDC04F11404C4F12005D5
:1072300000FA05F320FA04F001FA05F240EA020030
:1072400001F0004221F0004110EBD37021FA04F666
:1072500042EB06015EEA430E08BF20EAD37070BD20
:10726000C4F10C04C4F1200500FA04F320FA05F07F
:1072700001FA04F240EA020001F0004110EBD37081
:1072800041F100015EEA430E08BF20EAD37070BDF1
:10729000C4F1200500FA05F24EEA020E20FA04F3CA
:1072A00001FA05F243EA020321FA04F001F0004179
:1072B00021FA04F220EA020000EBD3705EEA430EEA
:1072C00008BF20EAD37070BD94F0000F0FD101F019
:1072D0000046400041EB010111F4801F08BF013C52
:1072E000F7D041EA060195F0000F18BF704703F090
:1072F0000046520043EB030313F4801F08BF013D17
:10730000F7D043EA0603704794EA0C0F0CEA1355D2
:1073100018BF95EA0C0F0CD050EA410618BF52EA8C
:107320004306D1D181EA030101F000414FF0000092
:1073300070BD50EA410606BF1046194652EA4306A0
:1073400019D094EA0C0F02D150EA013613D195EA14
:107350000C0F05D152EA03361CBF104619460AD15C
:1073600081EA030101F0004141F0FE4141F4700166
:107370004FF0000070BD41F0FE4141F4780170BD56
:10738000704700BF81F0004102E000BF83F000437E
:1073900030B54FEA41044FEA430594EA050F08BFB0
:1073A00090EA020F1FBF54EA000C55EA020C7FEA74
:1073B000645C7FEA655C00F0E2804FEA5454D4EBF1
:1073C0005555B8BF6D420CDD2C4480EA020281EABB
:1073D000030382EA000083EA010180EA020281EAF3
:1073E0000303362D88BF30BD11F0004F4FEA013145
:1073F0004FF4801C4CEA113102D0404261EB410154
:1074000013F0004F4FEA03334CEA133302D05242D9
:1074100063EB430394EA050F00F0A780A4F1010495
:10742000D5F1200E0DDB02FA0EFC22FA05F28018CF
:1074300041F1000103FA0EF2801843FA05F35941B5
:107440000EE0A5F120050EF1200E012A03FA0EFC34
:1074500028BF4CF0020C43FA05F3C01851EBE3715E
:1074600001F0004507D54FF0000EDCF1000C7EEB7B
:1074700000006EEB0101B1F5801F1BD3B1F5001FB9
:107480000CD349085FEA30004FEA3C0C04F10104D8
:107490004FEA445212F5800F80F09A80BCF1004F01
:1074A00008BF5FEA500C50F1000041EB045141EA83
:1074B000050130BD5FEA4C0C404141EB0101013C4C
:1074C00028BFB1F5801FE9D291F0000F04BF01463B
:1074D0000020B1FA81F308BF2033A3F10B03B3F10D
:1074E00020020CDA0C3208DD02F1140CC2F10C029D
:1074F00001FA0CF021FA02F10CE002F11402D8BFFB
:10750000C2F1200C01FA02F120FA0CFCDCBF41EAC6
:107510000C019040E41AA2BF01EB0451294330BD95
:107520006FEA04041F3C1CDA0C340EDC04F1140472
:10753000C4F1200220FA04F001FA02F340EA030049
:1075400021FA04F345EA030130BDC4F10C04C4F18F
:10755000200220FA02F001FA04F340EA030029466F
:1075600030BD21FA04F0294630BD94F0000F83F4B9
:10757000801306BF81F480110134013D4EE77FEA9C
:10758000645C18BF7FEA655C29D094EA050F08BFE8
:1075900090EA020F05D054EA000C04BF19461046C9
:1075A00030BD91EA030F1EBF0021002030BD5FEA0D
:1075B000545C05D14000494128BF41F0004130BD35
:1075C00014F580043CBF01F5801130BD01F0004589
:1075D00045F0FE4141F470014FF0000030BD7FEAFC
:1075E000645C1ABF194610467FEA655C1CBF0B46F7
:1075F000024650EA013406BF52EA033591EA030F0E
:1076000041F4002130BD00BF90F0000F04BF002105
:10761000704730B54FF4806404F132044FF0000538
:107620004FF0000150E700BF90F0000F04BF0021B1
:10763000704730B54FF4806404F1320410F0004517
:1076400048BF40424FF000013EE700BF42004FEA12
:10765000E2014FEA31014FEA02701FBF12F07F438F
:1076600093F07F4F81F06051704732F07F4208BF46
:10767000704793F07F4F04BF41F40021704730B54D
:107680004FF4607401F0004521F000411CE700BF99
:1076900050EA010208BF704730B54FF000050AE01C
:1076A00050EA010208BF704730B511F0004502D51D
:1076B000404261EB41014FF4806404F132045FEA1F
:1076C000915C3FF4D8AE4FF003025FEADC0C18BFC8
:1076D00003325FEADC0C18BF033202EBDC02C2F1BA
:1076E000200300FA03FC20FA02F001FA03FE40EA4C
:1076F0000E0021FA02F11444BDE600BF4A0011D287
:1077000012F5001211D20DD56FF47873B3EB6252FB
:107710000ED44FEAC12343F0004343EA505323FA07
:1077200002F070474FF00000704750EA013002D17C
:107730004FF0FF3070474FF0000070470348044B94
:10774000834202D0034B03B11847704788000020E2
:1077500088000020000000000548064B1B1AD90FC6
:1077600001EBA301491002D0034B03B11847704746
:1077700088000020880000200000000010B5064CA2
:10778000237843B9FFF7DAFF044B13B10448AFF392
:1077900000800123237010BDC503002000000000FD
:1077A000A4A6000808B5054B1BB105490548AFF371
:1077B0000080BDE80840FFF7CFBF00BF0000000019
:1077C000C8030020A4A600086449654BCA682DE9D7
:1077D00080484FF6FF0002401343C7B00F20CB6034
:1077E000FAF7E2FE002800F010835E490B6803F40C
:1077F000C063B3F5007F1ED00B685B4A5B4823F47F
:10780000C06343F400730B6013684A69322404FBBD
:1078100003F3B3FBF0F3500503F1010306D500E0D9
:1078200023B14A69520503F1FF33F9D44D4B5B692B
:107830005F0500F1E8824E4A9368D26803F00C03BA
:10784000042B1CD00C2B16D049494A4C0A6842F430
:1078500080720A60E06E04E0E26E121A022A00F200
:10786000D2820A685605F7D54A6822F0F85242F0EB
:1078700080524A600CE002F00302022AE4D13C4943
:107880003C4C0A684A6822F0F85242F080524A6042
:107890003749D1F8942042F00102C1F89420E06EFB
:1078A00004E0E26E121A022A00F2AD82D1F89420AE
:1078B0009507F6D5CA6802F00300022800F0E383BA
:1078C0000C2B00F0A0822A4B1A68510100F19B8218
:1078D0001A6822F080721A60E16E04E0E26E521AB9
:1078E000022A00F290821A689201F7D4D8682249DD
:1078F000224A01400A43DA601A681D4942F0807248
:107900001A60DA6842F08072DA60E26E04E0E36ED8
:107910009B1A022B00F277820B689B01F7D5184B5C
:107920001A6855070BD41A6822F0070242F00402C5
:107930001A601B6803F00703042B40F064820C4AB2
:1079400093681368980140F15E82936843F00303E3
:107950009360E16E41F2883019E000BF00ED00E075
:107960000003FA05007000400000002040420F00B4
:1079700000100240880000208C809D01020A00381F
:1079800000200240E36E5B1A834200F23C8293685F
:1079900003F00C030C2BF5D1936813F0F00F03D018
:1079A000936823F0F0039360CE4A136803F0070353
:1079B000042B0BD9136823F0070343F0040313606F
:1079C000136803F00703042B40F01D82C64DAB681B
:1079D00023F4E063AB60AB6823F46053AB60F8F76B
:1079E00077FDAA68C14BC249C2F30312134493F84E
:1079F000F83C03F01F0320FA03F348680B60FAF722
:107A0000D3FD0646002840F0FE81EB6CB94F43F0F1
:107A10000203EB64EB6C03F002030693069BEB6C32
:107A200043F08003EB64EB6C03F080030593059B4C
:107A3000EB6C43F00103EB64EB6C4FF0904803F008
:107A40000103049341F2012A4FF01009049BC7F887
:107A500028A00223C8F828904FF48812CDE900002E
:107A600008213846FAF792FE07F5C0503246CDE9B4
:107A7000006602230921FAF789FE4046CDE9006637
:107A800002234FF444124FF40061FAF77FFE3846A8
:107A9000032751463346019600970122FAF776FEF6
:107AA000022332461946CDE90076FAF76FFE0B46FF
:107AB000012249464046CDE90076FAF767FE314695
:107AC0000920FAF747FDDFF844A24FF4007BCAF81B
:107AD00000B02820FAF73EFD4FF48076CAF8046023
:107AE000AB6C43F00103AB64AB6C03F00103039395
:107AF0000C20039BFAF72EFD4FF48053CAF8003098
:107B00000D20FAF727FD4FF40053CAF8003048461D
:107B1000FAF720FD4FF48033CAF800301120FAF74D
:107B200019FD4FF40033CAF80030734AC4F85811F5
:107B30004FF4E133C4E95411C4E95911C4E95223A3
:107B4000C4F86C114FF440730C216C48C4E957130E
:107B5000FAF704FF002840F05681DFF8A4C194F83A
:107B60006520C4F820B04FF48273C4E902C34FF417
:107B700070636361072363630823C4E90600C4E9F3
:107B80000900C4E90B002061A063E36302F0FF0A6F
:107B9000002A00F080815A4B022684F8656019683B
:107BA00021F0400119604FF4417040F608711860EF
:107BB000002259605348A2660125A3F5584384F872
:107BC0006550C4F86032A423C4E9990394F8A10273
:107BD000C4E99B52C4E99D22C4E99F2200F0FF0141
:107BE000002800F0AE81D4F86032242284F8A1226B
:107BF0001968D4F8642221F0010122F07062196042
:107C00001A619A68D4F86C1222F4004201299A6031
:107C1000D4F8682200F00D8142F4044202299A60EF
:107C200040F00A815A6842F400625A605968D4F8F8
:107C3000702241F0007141F400415960D4F874128F
:107C4000D8680A43D4F8781220F4004042EA0122AE
:107C5000D4F87C12D860D4F88002DA60014319604D
:107C6000196841F00101196000222021C4F8A42202
:107C700084F8A112C4F8902284F8A22294F8A112E8
:107C80002029CDB240F0BF8094F8A012012900F065
:107C9000BA80242084F8A102196821F0010119603A
:107CA000196821F48051196019681960196841F048
:107CB0000101196084F8A15294F8A11284F8A0225D
:107CC0002029CDB240F09F8084F8A10219680E48A7
:107CD00021F001011960196821F4706119601968B7
:107CE00016E000BF0020024000100240C0A60008BD
:107CF000000000200004004800440040D0010020A3
:107D000000300140E49CD1103C03002000E100E081
:107D100041F001011960BF4BC4F8B4324FF4612146
:107D20000C2384F8A152C4E9AE12C4E9B022C4E91C
:107D3000B232C4E9B42284F8A022C4F8D822FAF7F7
:107D40000DFE054600285ED101462C220DA801F04B
:107D5000D1F8B14AC4F8A8501F23C4F8943094F85D
:107D6000AD30C4E9232540F2E732C4E92625C4E951
:107D7000285503F0FF01002B00F05C810222D4F8AB
:107D80008C3084F8AD20DA68D20640F10C8194F88A
:107D9000AC300125AB4284F8AD5034D0D4F88C30EF
:107DA00084F8AC504FF00209CA27532684F8AD90EE
:107DB0005F625E62FAF740FAD4F88C30002867D12F
:107DC0009A6818609A6822F480229A609A689A6089
:107DD000FAF770FAD4F88C304FF0FF08C3F824801B
:107DE00070B984F8AD5084F8AD905F625E6284F83B
:107DF000AC50FAF721FAD4F88C3010B3C3F82480D1
:107E0000002384F8AC30F8F7C3F9844B1A6E42F0C3
:107E100001021A661A6E02F001020892089A9A6D1F
:107E200042F080529A659B6D03F080530793079B45
:107E3000DBE442F400429A605A6822F400625A601D
:107E4000F4E642F201125A60FAF734FAD4F88C20C0
:107E50000346C2F824800028D2D14FF480720DA8C6
:107E6000CDE91033CDE9143384F8AD5084F8AC304B
:107E7000ADF834308DF836300E9312938DF858509B
:107E80001792FAF73FFA0028BDD1FDF761FEFEE731
:107E9000FF225A62B4E784F864A02B6E43F4805347
:107EA0002B662B6E03F480530A930A9BEB6C43F012
:107EB0000103EB64EB6C009703F001030993099B4A
:107EC000574D05234046019302225346E021FAF71D
:107ED0005DFC544BC4F8E4614FF0010B4FF0800897
:107EE0004FF480672846C4E9743BC4E976AAC4E924
:107EF0007BAAC4F8E081C4F8E871FAF7CBFA00284D
:107F000081D1C4F82C6205F14806C4E98C70464B57
:107F10002566C4F82402A5F5E475C4F83802304695
:107F2000C4E987B9C4F82882C4F8F851C4F81832F3
:107F3000FAF7B0FA00287FF466AFE665C4F840525D
:107F400029E6582219A884F8A01200F0D3FF802354
:107F500018A81893F8F7BCFB804600287FF453AFAD
:107F60002E4F3248FA6C3243FA64FA6C32400C926B
:107F70000C9A04210322CDE900212B4612224FF452
:107F80004061FAF703FCBB6D43F48003BB65BB6D36
:107F900003F480030B93414621200B9BFAF7DAFA96
:107FA000234B5E601FE6CA21532259625A62FAF7D8
:107FB00043F9C8B9D4E923329968D4F89C0021F474
:107FC000E00121F0400199600243D4F8A4009968CF
:107FD00002430A43D4F898109A6019611A69D4F8D8
:107FE000941042EA01421A61FAF764F9D4F88C302D
:107FF000002844D1D96CD4F8A820D4F8A00021F0EE
:108000000301D964D96C02430A43FF21DA6459623F
:10801000BDE600BF003801400028004000100240CB
:10802000580200201C0002403000024000040048BA
:1080300000E100E0542230A884F8AC104FF4007640
:1080400000F058FF4FF400332FA82F934596F8F710
:108050003FFB014600287FF4D6AE1F4AD2F890308D
:1080600043F40043C2F890300320FAF773FA1B4D33
:1080700008232B602920FAF76DFA6E607EE6FF2256
:108080005A62F8F785F802F4FE40B0F5206F7FF4ED
:1080900017AC02F07840B0F1605F7FF411AC10488B
:1080A00002427FF40DAC0B689F013FF538AC0B68C2
:1080B000094843F080730B60CB6843F08073CB605A
:1080C000E26E04E0E36E9B1A022B3FF69CAE03685F
:1080D0009E01F7D523E400BF0010024000E100E05C
:1080E000700060064FF400534B600020704700BFE3
:1080F0004FF0FF30704700BF0120704700207047ED
:108100004FF0FF30704700BF10B54FF6FF731446B5
:10811000024892B2FEF784FF204610BD3C030020C7
:10812000DFF834D0FEF772FF0C480D490D4A0023EA
:1081300002E0D458C4500433C4188C42F9D30A4A1C
:108140000A4C002301E013600432A242FBD300F08A
:10815000ADFEFFF739FBFEE7000001200000002024
:108160008800002050F8000888000020300500201A
:10817000FEE700000C490D4A0B6810B50C4C121BB1
:108180002BB11844904207D80860184610BD094B1F
:108190000B6018449042F7D900F082FE0C23036074
:1081A0004FF0FF33184610BDE0030020000001200F
:1081B000001400003005002010EE103A194923F099
:1081C00000428A421BD9B2F1FF4F02D330EE400A7F
:1081D000704700B583B0684600F018F900F003005E
:1081E0000128DDED010A9DED000A13D002280BD015
:1081F00098B9012000F0C2F803B05DF804FBDFED90
:108200000A0A002000F0BAB8012000F0B7F8B1EE79
:10821000400AF1E700F030F8EEE700F02DF8B1EE9B
:10822000400AE9E7D80F493F0000000010EE103A7D
:10823000C3F3C7527F3A162A194615DC002A0CDB15
:108240000C481041184205D04FF4800313410B44F1
:1082500023EA000300EE103A7047013203F00043B6
:10826000F8D143F07E53F5E7802AF3D130EE000ACF
:10827000704700BFFFFF7F0010EE103A23F000436D
:10828000B3F1485F2CD2FDEEC07A17EE903A002B86
:1082900060D060EE007A9FED317A9FED315ADFEDCC
:1082A000315A9FED316ADFED316AA7EE875A9FEDB3
:1082B000307AE7EE855AA7EEA56AA7EE867AE7EE52
:1082C000876A67EEA66A60EEC00AB6EE007AE7EE4D
:1082D000A60AB7EE000AD7EE870A30EE600A7047AA
:1082E00060EE007A9FED1D7A9FED1D5ADFED1D5A5D
:1082F0009FED1D6ADFED1D6A1E4AA7EE875A934265
:108300009FED1B7AE5EE275AA5EEA76AA6EE277A1F
:10831000E7EE276A66EEA76AD5D9174A934214D8C2
:1083200003F17F4307EE103AB7EE006A36EE476A74
:1083300060EEC00AF6EE005A97EEA57AE7EEA60ABE
:1083400037EE607A36EE470A7047B6EE076AB5EE4A
:10835000027AEDE7B7EE000A704700BF4ED747AD8F
:10836000F6740F317CF293B4010DD037ABAA2A3DDD
:10837000610BB6BA9999993E0000483F10EE103A49
:1083800023F00043B3F1485F04D2FDEEC07A17EE4C
:10839000903A5BB360EE007A9FED157ADFED155AE7
:1083A0009FED156ADFED156AE7EE875A9FED147AA7
:1083B000A5EEA76A20EE275AE6EE276AA6EEA77A70
:1083C00030B9DFED106AE7EE876AA6EE850A7047DE
:1083D00027EE457AF6EE006AA0EEA67ADFED0A6A8D
:1083E000D7EE270AE5EE260A30EE600A704700BF96
:1083F000D3C92E2F342FD7B21BEF3836010D50B909
:108400008988083CABAA2ABEABAA2A3E70B510EEFA
:10841000103A884A23F00044944286B0054671D948
:10842000854A94421E4624D823F00042002BDFEDFB
:10843000837A834922F00F02B0EE407A40F3E08065
:108440008A4270EE677A09BF9FED7E7ADFED7E6A21
:10845000DFED7E6A77EEC77A37EEE67A77EEC77A97
:1084600080ED007A77EEE67AC0ED017A012006B061
:1084700070BD774A944252D9B4F1FF4F48D2E21509
:10848000863AA4EBC25307EE903ABDEEE77ADFEDF1
:10849000716AB8EEC77A77EEC77A8DED037A67EE28
:1084A000A67ABDEEE77AB8EEC77A77EEC77A8DED99
:1084B000047A67EEA67AF5EE407AF1EE10FACDED89
:1084C000057A40F09880B5EE407AF1EE10FA0CBFD4
:1084D00001230223604901910221009103A829464A
:1084E00000F004F9002EC2DA95ED007AD5ED017A9C
:1084F000B1EE477AF1EE677A85ED007AC5ED017A43
:108500004042B4E7002285ED000A42600020AEE759
:1085100070EE407AC0ED017AC0ED007AF6E700F027
:10852000DDF89FED4E7A9FED456AF6EE007AE0EEBB
:10853000077A9FED457AFDEEE77A17EE900AF8EE9E
:10854000E76A1F28A6EEC60A66EE877AB1EE666A6B
:1085500020DC434A411E26F0004352F8212023F03C
:10856000FF03934216D030EE677A30EE470A002EB2
:1085700030EE670A85ED007A85ED010ABFF677AF28
:10858000B1EE477AB1EE400A85ED007A85ED010A39
:1085900040426CE730EE677AE21517EE103AC3F30B
:1085A000C753C3EBD453082BDFDD9FED267A9FED35
:1085B000275AF0EE405AE6EE075A70EE657AE6EE7C
:1085C000077AD6EE857A35EEE77A17EE103AC3F3DE
:1085D000C753D21A192A10DD9FED227A9FED225A35
:1085E000B0EE650AA6EE070A75EEC07AE6EE077AE7
:1085F000D6EE857AB7E703236CE7B0EE650AB4E7F9
:108600008A4270EE277A09BF9FED0E7ADFED0E6A7F
:10861000DFED0E6A77EE877A37EEA67A77EEC77AC5
:1086200080ED007A77EEA67AC0ED017A4FF0FF3048
:108630001DE700BFD80F493FE3CB1640800FC93F6D
:10864000D00FC93F004435374344353708A3852E42
:10865000800F494300008043E8F4000884F9223F7A
:1086600068F4000800A3852E32318D2410EE103AF4
:10867000184923F000428A421AD9B2F1FF4F02D3BF
:1086800030EE400A704700B583B06846FFF7BEFE83
:1086900000F003000128DDED010A9DED000A10D075
:1086A000022809D090B9FFF7E7FD03B05DF804FB9D
:1086B000DFED090AFFF7E0BDFFF7DEFDB1EE400A8E
:1086C000F3E7FFF75BFEB1EE400AEEE70120FFF7AC
:1086D00055FEEAE7D80F493F0000000010EE103ABF
:1086E00023F0004300EE103A704700BF2DE9F04F31
:1086F0002DED048BDBB01C46944603930A46CD4B0C
:1087000068991CF1040F53F82160824604F1FF3888
:10871000C0F24982BCF1030348BF0CF10403DB1033
:10872000029301334FEAC30EACEB0E030593029B99
:1087300016EB0800A3EB080316D401309FEDBE7AB8
:10874000699C18441EA9002BA4BF54F8235007EEBF
:10875000905A03F10103ACBFF8EEE77AF0EE477AE6
:108760008342E1EC017AEED1002EC0F2B182039B8C
:108770001EA901EB830446AD4FEA83094046F71872
:108780000AEB8301B8F1000FDFEDAB7A09DBA346FA
:108790005346F3EC016A3BED017A8B42E6EE877AB1
:1087A000F7D10130B842E5EC017A04F10404E9D1D3
:1087B0000DF1280B0BEB8603CDE9062E043B9FED54
:1087C000A09ADFED9E8A059804930AEB090446AF50
:1087D0000BEB86090096CDF820C05AAB03EB86035D
:1087E000002E13ED140A4FEA860515DD7B195A4653
:1087F00060EE097AB0EE407AFDEEE77A73ED016A39
:10880000F8EEE77ABB42A7EEE87A37EEA60ABDEEAD
:10881000C77AA2EC017AEBD1019000F0CFFAF4EE26
:10882000007AB0EE408A20EE270A00F07DFAF2EEE0
:10883000007AA0EE678A01980028FDEEC89AF8EE4B
:10884000E97A38EE678A6CDD06F1FF3EC0F1080375
:108850005BF82E2042FA03FC0CFA03F3D21AC0F1A3
:10886000070119EE903A4BF82E200A416344002A82
:1088700009EE903A00F3F080B5EE408AF1EE10FA7E
:1088800040F09D80009B9E420ADD5D44002355F828
:10889000041D4D4543EA0103F9D1002B40F0F2805D
:1088A000009B013B5BF82330002B40F0E780049BEA
:1088B000012153F8042D0131002AFAD0731C3144F0
:1088C0009C46029D039A05EB030E0EF1804E699DB6
:1088D00032440EF1FF3E07EB83061EAB05EB8E0E16
:1088E00003EB8205DEED017AF8EEE77AB8F1000FCE
:1088F0000EF1040EE5EC017ADFED4F7A09DB2A4632
:108900005346F3EC016A32ED017AA342E6EE877A30
:10891000F7D10CF1010C6145E6EC017AE2DA0E4682
:108920005BE740F08F80731E5BF82320D211002A92
:10893000A2DD19EE903A002E03F1010309EE903A00
:1089400040F3D48159464FF0000E51F8043B002B00
:108950006AD0C3F5807341F8043C04E00B68C3F1AE
:10896000FF0341F8043B0EF1010E7645F6DC0123CE
:108970009E4600280ADD012878D0022806D1711E03
:108980005BF8213003F03F0C4BF821C0022A7FF442
:1089900073AFB7EE000A734630EE488A002B3FF4FF
:1089A0006BAF0992019000F009FA38EE408A019805
:1089B000099AB5EE408AF1EE10FA3FF463AF9246A1
:1089C000DDE9062EDDF820C00196AEEB0C00B0EE1E
:1089D000480A009E009200F0F1F9DFED186AB4EE4B
:1089E000E60AF1EE10FADDE90023F0EE407AC0F27B
:1089F00050819FED137A059920EE077A0831BDEE7C
:108A0000C77A0591B8EEC77A5C1CE7EE667ABDEED0
:108A1000C77AFDEEE77A17EE901A4BF8231017EE9F
:108A2000103A4BF8243046E00EF1010EB6458CDBCF
:108A30009E469EE72CF800080000000000008043DE
:108A40000000803BF6EE007AB4EEE78AF1EE10FA11
:108A500080F2988000220FE70133002E09EE903A51
:108A60003FF770AF002301289E4686D1711E5BF848
:108A7000213003F07F0C4BF821C087E7731C9C4624
:108A800019461EE733469246DDE905125C1EA1F148
:108A900008005BF82410009E059061B903F1804343
:108AA000013B0BEB8303014653F8040D013C0839ED
:108AB0000028F9D0059105980092B7EE000A00F061
:108AC0007DF9002C009AB0EE407AC0F20581601C5E
:108AD00046AD5FED256A81000BEB800305EB80005E
:108AE00073ED017AF8EEE77A5B4567EE877A27EE59
:108AF000267A60ED017AF3D10DF1C8080B1F46A864
:108B0000C718C646A44600259146002E73DB844A4A
:108B1000DFED847A3846002301E0AB4208DCF2EC5A
:108B2000016AB0EC017A01339E42E6EE877AF4DA0C
:108B30000CF1FF3CBCF1FF3FEEEC017A05F10105C1
:108B4000A7F10407E1D1689B022B4A4656DC002BB3
:108B50002EDC0ED1DFED737A414431ED017A4145CF
:108B600077EE877AF9D15346002B40F0AE80C2ED04
:108B7000007A19EE903A03F007005BB0BDEC048B6D
:108B8000BDE8F08F19EE903A002E03F1010309EED3
:108B9000903AC8BF02223FF7D5AEF7EE007A37EE23
:108BA000C88A022268E600234FF0080E0293BBE554
:108BB0009FED5C7A414471ED017A414537EE277AA9
:108BC000F9D1DDED327A534677EEC77A002B75D1B5
:108BD00082ED007A64B133A90123B1EC017A01334B
:108BE0009C4277EE877AF8DA53460BB1F1EE677A5A
:108BF000C2ED017ABDE7DFED4B7A99E7689B032B65
:108C0000B7D1002C7ED008EB840595ED007AA0004A
:108C10002B46294671ED017AF0EE476A37EE277A46
:108C2000414577EEC77A81ED007A77EEA67AC1EDFD
:108C3000017AEFD1012C65D095ED007A08F104019D
:108C400073ED017AF0EE476A37EE277A994277EEB4
:108C5000C77A83ED007A77EEA67AC3ED017AEFD179
:108C6000031DDFED307A434408F1080833ED017A43
:108C7000984577EE877AF9D15346DDED326A9DED5E
:108C8000337A73B9C2ED006A82ED017AC2ED027ADD
:108C90006FE7FDEEC07A1C4617EE901A4BF82310D2
:108CA00009E7F1EE666AB1EE477AF1EE677AC2ED56
:108CB000006A82ED017AC2ED027A5AE7B1EE477A94
:108CC00082ED007A002C86D190E7F1EE677A4EE7CC
:108CD000039B4FEA83096BE5689B022B0EDC002B9C
:108CE00013DC7FF446AFDFED0F7A3CE7022A7FF416
:108CF000C3ADF7EE007A37EEC88ABDE5689B032B5B
:108D00007FF437AFDFED077AB6E75346DDED327A11
:108D100013B9002313606BE74FF00043136065E75E
:108D200000F800080000000010EE102AC2F3C7533C
:108D30007F3B162B22F0004129DC002B104618DB6C
:108D40001A4919410A4221D0DFED197A70EE277ACB
:108D5000F5EEC07AF1EE10FA18DD002A04DA4FF4CD
:108D6000000242FA03F3184420EA010300EE103A2D
:108D70007047DFED0F7A70EE277AF5EEC07AF1EEEC
:108D800010FA03DD002A08DB9FED0A0A7047B1F1F3
:108D9000FF4FFBD330EE000A7047DFED077A002962
:108DA000BFEE000A08BFB0EE670A7047FFFF7F0002
:108DB000CAF24971000000000000008010EE103A75
:108DC00033F000411A4627D0B1F1FF4F21D213F002
:108DD000FF4F22D1DFED2B7A2B4A60EE277A9042AB
:108DE00017EE903A33DB4CF2503CC3F3C751604569
:108DF0001A46A1F1190116DDDFED247ADFED246AB0
:108E0000002BB0EE677AB8BFF0EE667A27EE870ADD
:108E1000704730EE000A704770474CF2503C604596
:108E20004FEAD151E8DC0144FE29E5DC002915DCDC
:108E300011F1160F19DB193122F0FF4242EAC1523B
:108E400007EE902A9FED130A27EE800A7047DFEDA8
:108E5000127A07EE103A27EE270A704722F0FF42F7
:108E600042EAC15300EE103A7047DFED0B7ADFEDB6
:108E70000B6A002BB0EE677AB8BFF0EE667A27EE89
:108E8000870A70470000004CB03CFFFFCAF24971EE
:108E9000CAF249F1000000336042A20D6042A28D87
:108EA000014B1868704700BF2800002070B50D4DB9
:108EB0000D4C641BA4100026A64209D10B4D0C4C8E
:108EC00001F0F0FB641BA4100026A64205D170BD82
:108ED00055F8043B98470136EEE755F8043B9847B0
:108EE0000136F2E740F8000840F8000840F80008B2
:108EF00044F8000802440346934200D1704703F847
:108F0000011BF9E7002310B50446C0E90033C0E9AE
:108F10000433836081814366C281836119460822DC
:108F20005C30FFF7E7FF0D4B63620D4BA3620D4B07
:108F3000E3620D4B23630D4B24629C4206D003F188
:108F40006802944202D0D0339C4205D104F158000B
:108F5000BDE8104000F068B910BD00BF4D9000089A
:108F60006F900008A7900008CB900008E403002051
:108F7000024A0349034800F0D1B800BF780000203E
:108F8000399300082C00002041680C4B994210B521
:108F9000044601D000F0D0F9A168094B994202D0F3
:108FA000204600F0C9F9E168064B994204D02046FA
:108FB000BDE8104000F0C0B910BD00BFE4030020C0
:108FC0004C040020B404002010B50B4B0B4C0C4A91
:108FD0001A60204600220421FFF794FF04F1680084
:108FE00001220921FFF78EFF04F1D0000222BDE823
:108FF00010401221FFF786BF1C050020E40300206B
:10900000718F0008014800F010B900BF2105002051
:10901000014800F00BB900BF2105002010B504463F
:10902000FFF7F0FF236A1BB1BDE81040FFF7F0BF68
:10903000044B2362044B1B68002BF5D1FFF7C4FFE0
:10904000F2E700BF898F00081C05002010B50C4610
:10905000B1F90E1000F050F80028ABBF636DA38982
:109060001B1823F48053ACBF6365A38110BD2DE9A9
:10907000F0411F468B89DB0505460C46164605D593
:10908000B1F90E100223002200F024F8A389B4F9EC
:109090000E1023F48053A38132463B462846BDE898
:1090A000F04100F059B810B50C46B1F90E1000F0BF
:1090B00011F8431CA38915BF606523F4805343F462
:1090C0008053A38118BFA38110BDB1F90E1000F029
:1090D000FDB9000038B5074D044608461146002288
:1090E0002A601A46FFF70AF8431C02D12B6803B125
:1090F000236038BD2C05002038B5074D04460846CE
:10910000114600222A601A46FEF7FAFF431C02D1DC
:109110002B6803B1236038BD2C0500202DE9F843EE
:109120000746884614460026D4E90195B9F101099D
:1091300005D52468002CF7D13046BDE8F883AB890B
:10914000012B07D9B5F90E30013303D02946384633
:10915000C04706436835E9E738B5074D0446084679
:10916000114600222A601A46FEF7CEFF431C02D1A8
:109170002B6803B1236038BD2C05002038B5294B7E
:10918000054618680C4618B1036A0BB9FFF746FF8D
:10919000B4F90C30190722D4DA0607D409222A6060
:1091A00043F04003A3814FF0FF3033E0580712D55E
:1091B000616B41B104F14403994202D0284600F0AA
:1091C000EFF900236363A38923F02403A381002321
:1091D000636023692360A38943F00803A3812369A3
:1091E0004BB9A38903F42073B3F5007F03D0214664
:1091F000284600F045FAB4F90C3013F001020AD009
:109200000022A26062695242A261226942B913F04F
:109210008000C5D138BD990758BF6269A260F4E7E4
:109220000020F7E7280000207047704770470000D3
:10923000B1F90C202DE9F041160705460C4654D42F
:109240004B68002B02DC0B6C002B48DDE66A002E1D
:1092500045D0002312F480522F68216A2B6030D051
:10926000626DA389590705D56368D21A636B0BB188
:10927000236CD21A0023E66A216A2846B047431CB1
:10928000A38906D129681D292BD82A4ACA40D607A6
:1092900027D500226260D9042269226004D5421CCD
:1092A00001D12B6803B96065616B2F60B9B104F11E
:1092B0004403994202D0284600F072F90023636308
:1092C0000DE001232846B0470246501CC9D12B6847
:1092D000002BC6D01D2B01D0162B1ED12F600020D5
:1092E00022E043F040031BB21BE00F69002FF6D0D1
:1092F00093070E6808BF4B690F6018BF0023A6EBE9
:1093000007088B60B8F1000FE9DD216AA66A4346C1
:109310003A462846B047002808DCB4F90C3043F040
:109320004003A3814FF0FF30BDE8F0810744A8EB74
:109330000008E7E70100402038B50B6905460C46F8
:1093400013B90025284638BD18B1036A0BB9FFF7D9
:1093500065FEB4F90C30002BF3D0626ED00704D454
:10936000990502D4A06DFFF760FF28462146FFF75C
:109370005FFF636EDA070546E4D4A3899B05E1D459
:10938000A06DFFF753FFDDE770B50F4E0C46316857
:10939000054611B900F0B6F830602146284600F0C5
:1093A000B1F8431C03D14FF0FF34204670BDC41CFC
:1093B00024F00304A042F8D0211A284600F0A2F8B5
:1093C0000130F2D1EFE700BF240500202DE9F8437A
:1093D000CD1C25F0030508350C2D38BF0C25002DBC
:1093E000064601DBA94204D90C2333600020BDE806
:1093F000F883DFF8D48000F079F8D8F800301C4604
:1094000044BB29463046FFF7BFFF431C044658D1F2
:10941000D8F800402746002F43D1002C4BD02368BA
:109420003946304604EB030900F06CF8814542D11F
:1094300021686D1A29463046FFF7A6FF01303AD061
:1094400023682B442360D8F800305A6862BBC8F800
:1094500000700FE02268521B20D40B2A17D9611923
:10946000A342256018BF5960636808BFC8F80010A0
:1094700062514B60304600F03FF804F10B00231DB1
:1094800020F00700C21A1CBF1B1AA350AFE7626886
:10949000A3420CBFC8F800205A60EBE7234664687B
:1094A000AEE73C467F68B6E71A465B68A342FBD14D
:1094B00000235360DEE70C233360304600F01CF8D5
:1094C00094E70560D6E700BF2805002038B5064DB3
:1094D0000023044608462B60FEF70AFE431C02D117
:1094E0002B6803B1236038BD2C0500200148FFF72D
:1094F0009CBE00BF200500200148FFF797BE00BFBB
:109500002005002038B5064D0023044608462B6090
:10951000FEF730FE431C02D12B6803B1236038BD37
:109520002C050020F8B50E461446054618B1036A0E
:109530000BB9FFF773FDA369A360A3891A0701D5CF
:10954000236943B921462846FFF718FE18B14FF0AA
:10955000FF373846F8BD23682269981A6369F6B266
:109560008342374605DC21462846FFF7E5FE002802
:10957000EDD1A368013BA36023685A1C22601E70D2
:109580006269431C9A4204D0A389DB07E1D50A2E05
:10959000DFD121462846FFF7CFFE0028D9D0D6E7F5
:1095A00038B50546002941D051F8043C0C1F002B6A
:1095B000B8BFE418FFF79AFF1D4A136833B9636018
:1095C00014602846BDE83840FFF796BFA34208D98B
:1095D000206821188B4201BF19685B680918216057
:1095E000EDE71A465B680BB1A342FAD9116850182F
:1095F000A0420BD120680144501883421160E0D191
:1096000018685B68536008441060DAE702D90C23DD
:109610002B60D6E7206821188B4204BF19685B686D
:10962000636004BF091821605460CAE738BD00BFF9
:109630002805002070B50C46B1F90E10002996B02F
:1096400015461E460DDAA38913F0800F4FF0000176
:1096500014BF40234FF48063002031602B6016B0AC
:1096600070BD6A4600F062F80028ECDB019901F455
:109670007041A1F50053594259414FF48063EBE723
:109680008B89F7B59D0706460C4607D504F14703BD
:10969000236023610123636103B0F0BD01AB6A461F
:1096A000FFF7C8FF009F054639463046FFF78EFE9C
:1096B00048B9B4F90C309A05EED423F0030343F013
:1096C0000203A381E2E7A389206043F08003A38122
:1096D000019BC4E904075BB1B4F90E10304600F0F9
:1096E00045F828B1A38923F0030343F00103A381C4
:1096F000A3891D43A581CFE7884210B501EB020481
:1097000002D98442234607D8431EA14208D011F84B
:10971000012B03F8012FF8E7024401468A4200D1E9
:1097200010BD13F8014D02F8014DF7E738B5074DAC
:1097300000230446084611462B60FEF7D3FC431C69
:1097400002D12B6803B1236038BD00BF2C05002077
:109750000A44914200F1FF3300D1704710B511F86F
:10976000014B03F8014F9142F9D110BD38B5064DB8
:109770000023044608462B60FEF7BEFC431C02D1C2
:109780002B6803B1236038BD2C050020024B014635
:109790001868826800F012B828000020024B0146C9
:1097A0001868FFF713BE00BF28000020024B0146D7
:1097B0001868FFF7F5BE00BF2800002070B50D4601
:1097C0001446064618B1036A0BB9FFF727FC636E0F
:1097D000D80705D4A389990502D4A06DFFF725FD0C
:1097E000A368013B002BA36005DAA269934212DB58
:1097F000EBB20A2B0FD023685A1C22601D70EDB209
:10980000636EDA0705D4A3899B0502D4A06DFFF728
:109810000DFD284670BD294622463046FFF782FEE0
:109820000546EDE7B1F8C8305A1C92B2C82AA1F833
:10983000C820C85400D0704710B500200C46FEF771
:1098400063FC0023A4F8C83010BD00BF10B5044667
:10985000FDF74CFC214602460020FEF755FC03496B
:1098600001220020FEF750FC002010BDD4EB0008C0
:109870000FB430B5B5B038AC0E4954F8045BCA2209
:1098800001A8FFF765FF23462A460B48009401A96B
:1098900000F078FDBDF8CC2004462AB9204635B04A
:1098A000BDE8304004B0704701A90020FEF72CFC51
:1098B000F4E700BF1CE50008259800080CB400B5CB
:1098C00083B004AB53F8042B019300F04BFD03B0BD
:1098D0005DF804EB02B0704700F044BD9A4238BF17
:1098E00088547047704700BF2DE9F04F83B00F4692
:1098F00012990D9C9DF83850984611F002030646C7
:109900009446DDE9100A00932ED1BAF1000F40F021
:10991000A280844228D2202C01F0010E00F0888120
:109920000C9B621E1A444FF0300B734602E0202C51
:1099300000F0E7800134A04202F801BFF7D89E464C
:1099400093B1544510D2202C00F0CF810C9B621EA5
:109950001A444FF0300E02E0202C00F02481013434
:10996000544502F801EFF7D1CB061FD54A0500F1A7
:10997000A580002C40F09E800F9B102B00F04581AD
:109980000F9B022B00F04E810C9B30221A70012499
:1099900001F00302002D00F0CA800C9B2D21195507
:1099A00001340AB954450ED3654626E001F003029E
:1099B000202CEFD1002A40F08F80BAF1200F88BF11
:1099C000202440F289806546A4EB0C0BE1462A4630
:1099D0004346013539462020B04705EB0B0353457C
:1099E000F5D30AF1FF35621C2D1B924538BF0025C7
:1099F00009F10102CC461544C4B10C9BCDF844A03A
:109A000005EB040903EB090B1C44CDF804C09A468E
:109A1000ABEB040214F8010D43463946B047A245AA
:109A20004D46F5D1DDF804C0DDF844A0009B73B1CC
:109A3000A5EB0C09D1450AD22A46434639462020D7
:109A400009F10109B047D14505F10105F4D32846D4
:109A500003B0BDE8F08F11F0010E73D0002D40F07F
:109A60008B8011F00C0F40F087808442BFF469AF07
:109A7000202C7FF455AFBAF1200F40F23281CB0693
:109A800040F1BE804A0500F11981202816D11F201F
:109A90000F9B102B00F0F2800F9B022B1FD0441C59
:109AA00001F0030227E0CB067FF57EAF4A054FF0B9
:109AB000200403D4A04262D0544560D00F9B01F033
:109AC0000302102B104673D00F9B022B0ED1202CBB
:109AD00008D100283FF471AF654620248DE7044685
:109AE00001F003020C9B622018550134202C3FF436
:109AF00061AF204601340C9B4FF0300E03F800E0BC
:109B000056E79E46002B00F0CB80BAF1200FCAD951
:109B1000CB0675D54A0500F1D180202800F0DA8007
:109B2000BAF1200F40F08D8054461F20B0E74B075C
:109B300047D50C9B2B2119550134002A3FF432AF35
:109B400065465AE78442BFF40FAF202C7FF4E8AE9D
:109B5000CC067FF532AF4C053FF52FAF202800F043
:109B6000B980BAF1200FDFD00F9B102B3FF425AF47
:109B70000F9B022B19D120E70AF1FF3A75E7601E0F
:109B800086D10F9B102B6BD00F9B022B7FF4FCAE6A
:109B90000C9B0F9C62221A7030225A7001F0030253
:109BA000002DC4D0F9E6CC0680D401F0030201E711
:109BB0008B0611D4202C8CD00C9B782018550134A6
:109BC00094E70D0713D48ABB5445FFF4FCAE002C78
:109BD0007FF4EAAE65463AE7202C3FF47AAF0C9B5F
:109BE00018194FF0580E013480F800E07EE70C9B06
:109BF000202119550134002A3FF4D4AE6546FCE615
:109C00008D073FF4E0AE6546F7E688060CD558228E
:109C10000C9B1A7030225A70022401F00302002DAE
:109C200085D0BAE66222F3E77822F1E76546E3E6FB
:109C3000BEF1000F50D0CB067FF5B6AE4B057FF5D9
:109C400024AF0F9B01F00300102B02463FF441AFFD
:109C50000F9B022B7FF4AEAE00287FF43DAFACE645
:109C60008A0625D50C9B58221A7030225A7002247D
:109C700001F00302002D3FF45AAF8EE68B06A4F1EB
:109C8000020206D40C9B78209854013C01F0030298
:109C90002FE70C9B58209854013C01F0030228E761
:109CA000CA0682D54A05CCD4202813D0202403E745
:109CB0000C9B78221A7030225A70D8E70F9B102B19
:109CC00001F003003FF405AF0F9B022B3FF401AFFF
:109CD00002466FE60446DAE6CB063FF53CAF654642
:109CE0008BE6CA06DED4654687E6CC063FF512AFA2
:109CF0005BE700BF2DE9F04F93B01C9C9DF874B05A
:109D00001E9DDDF884E02CB92EF010061EF4806F45
:109D1000B64635D11EF0200F14BF4FF041094FF069
:109D200061090AAFA9F10A09B8460026099002E0C4
:109D3000202E15D05446B4FBF5FA05FB1A4C5FFAF9
:109D40008CF0BCF1090F00F1300C8ABF48445FFA77
:109D50008CF0C0B2AC4208F8010B06F10106E7D264
:109D60000998209C05941F9CCDF818E0CDE9035478
:109D7000CDE9016B0097FFF7B7FD13B0BDE8F08F99
:109D800026460AAFEDE700BF2DE9F04F97B0DDE9B9
:109D90002478209E219C099356EA04039DF888C0EC
:109DA000DDF8A0B08E4605D12BF010031BF4806FB8
:109DB0009B4645D11BF0200F0EAB14BF4FF0410A5C
:109DC0004FF0610ACDF8A0B0CDE90A0ECDE90C2C18
:109DD000AAF10A0A994600259B4603E0202D17D0D8
:109DE00006460C4621463A4643463046FDF786F97C
:109DF000D2B2092A02F130038ABF5244DAB2D2B297
:109E0000BE4274EB080409F8012B05F10105E5D207
:109E1000DDE90A0EDDE90C2C5B46DDF8A0B02799E0
:109E2000059126990093CDE90371CDE9015C099B69
:109E3000CDF818B07146FFF757FD17B0BDE8F08FA9
:109E400000250EABEBE700BF10B1D1E90031184798
:109E5000704700BF2DE9F04F1C46B1F1000A8D4B51
:109E60008FB018BF81462078DDF860B0904608BFFB
:109E70009946002800F0D381002507E02A46434692
:109E800051460135C847207800285ED0252804F1C6
:109E90000104F3D10023224612F8010BA0F12001A6
:109EA00010290AD8DFE801F0340909300909090945
:109EB0000909092C092809092400A0F13001092900
:109EC00051D92A2800F0948000262E285CD0002149
:109ED000A0F16807122F23D8DFE807F0A2229D2205
:109EE00095222222222222221E22222222221E0009
:109EF00043F001031446CEE743F002031446CAE7D9
:109F000043F004031446C6E743F010031446C2E7C7
:109F100043F008031446BEE7607843F480730132CF
:109F20007828144609D863283DD8622800F0B88103
:109F300063287DD0252840F03D812A46434651467E
:109F4000C847207801350028A0D12C46A84501D863
:109F500008F1FF3543462A4651460020C8472046AF
:109F60000FB0BDE8F08F002606EB860600EB460634
:109F70001078A0F1300109291446A6F1300602F14B
:109F80000102F1D92E28A2D16078A0F1300109296F
:109F900043F48063174640F2EF802A2800F00281E4
:109FA0001446013293E7A0F1640E01225FFA8EFE9F
:109FB00002FA0EFE384A1EEA020E40F0AD80732807
:109FC00054D07028B9D143F021030593082304939A
:109FD00010230391CDF804E002935BF8043B009357
:109FE0002A46434651464846FFF784FE05464AE75F
:109FF0005BF8046B6078002E1446BCBF43F002038C
:10A000007642013261E760786C2886D1A07843F40B
:10A010004073E21C84E7607843F4007301327FE709
:10A020006078682800F0F68043F08003013277E71B
:10A030000BF1040298070A9205F1010740F1118122
:10A040002A469BF8000043465146C847012E88BF68
:10A05000AD1940F249813A46434601375146202026
:10A06000C847BD42F7D1DDF828B00CE75A4652F890
:10A0700004CB0A929CF800B05846002940F08C802E
:10A08000BBF1000F13D06FF0010E0EF1010EE6448C
:10A09000624606E0E598000821081200964500F0A7
:10A0A000B38012F8017F002FF8D1A2EB0C0E13F44D
:10A0B000806702D08E4528BF8E4613F002030B93B3
:10A0C00000F0B080BBF1000F17D0CDE90CE6E346FD
:10A0D0002A460E46434651461FB106F1FF3C3EB1AB
:10A0E0006646C8471BF8010F01352A460028F1D102
:10A0F0000B9BDDE90CE6002BB5D076452F46B2D997
:10A100003544A5EB0E053A4643460137514620201B
:10A11000C847BD42F7D1A6E76F2800F0BF806DD8D1
:10A12000692823F0100240F017815F0548BF23F033
:10A130001102900500F1DD80D3050BF1040700F159
:10A14000D580500640F1F6809BF900300391002B3A
:10A150004FF00A0102914FEAD371B8BF5B42CDE9DB
:10A16000046201912A460093434651464846FFF750
:10A17000C1FDBB46054686E6002101EB810100EBEF
:10A180004100A0F1300117F8010FA0F13002092AB7
:10A19000F3D93C467A1C9BE6BBF1000F87D001F156
:10A1A000FF3E72E75BF8041BA078023421EAE171FC
:10A1B000621C8DE658287FF4C0AE43F020031022C5
:10A1C000580524D423F00C0313F400706AD113F45F
:10A1D000807F0BF1040740F0B28058067BD418064C
:10A1E0004CBFBBF80000DBF800000090CDE9046331
:10A1F0000023CDE9022101932A46B5E7782868D0EB
:10A2000023F010030A22DBE7AEEB0C0E4FE723F03E
:10A210000D03D9E7A07843F0C003E21C80E60446B2
:10A22000054693E6764540F2948006EB050BCDE9B2
:10A230000C7CABEB0E0B0F462A46434601355146CC
:10A240002020C8475D45F7D1DDF834C039469CF879
:10A2500000B00C9F06F1010E584600287FF435AF80
:10A2600001E7012E3AD96B1E3344CDF82CB02F46AE
:10A270009B463A464346013751462020C847BB45D6
:10A28000F7D15B46DDF82CB01A469BF80000434638
:10A290005146C8473544DDF828B0F4E508228FE779
:10A2A00002228DE7CDE907630BF1070B002306912E
:10A2B0000492059302932BF0070BFBE802672A46F2
:10A2C000CDE90067434651464846FFF75DFD054628
:10A2D000D9E5102274E79BF8000086E79BF80000A0
:10A2E0002A4643465146C8473D46BCE6DBF80030A7
:10A2F0002CE70BF1070B2BF0070BDBF804305BF8B6
:10A30000080B0691D90FCDE90762029102460021A0
:10A310000A20002BCDE9040102DA524263EB430329
:10A32000CDE9002351462A4643464846FFF72CFD17
:10A330000546A8E51306D9D5BBF9003006E7CDE9F7
:10A340000221CDE904630190DBF8003000932A4636
:10A350000AE70EF1010E7FE764283FF4E6AE1346EC
:10A360000A222DE700B583B08446009304481346C3
:10A370000A466146FFF76EFD03B05DF804FB00BFBF
:10A38000DD98000810B584B00446CDE90241009381
:10A3900002A9134603484FF0FF32FFF75BFD04B0FC
:10A3A00010BD00BF499E0008D0B5FDF74FF90C4B1A
:10A3B000002206460F46FCF7B9FEFDF79FF904465A
:10A3C000FDF722F9074B0022FCF7B0FE02460B46D0
:10A3D00030463946FCF7DAFFFDF790F92146D0BD4B
:10A3E0000000F03D0000F0412DE9F047089D0E46C9
:10A3F00004460F46002B4AD194468C45B2FA82F2AD
:10A4000060D942B1C2F12003974020FA03F30CFA5D
:10A4100002FC1F4394404FEA1C4E1FFA8CF6B7FB18
:10A42000FEF1230C0EFB117743EA074301FB06F014
:10A4300098420AD91CEB030301F1FF3780F0158124
:10A44000984240F21281023963441B1AA4B2B3FB52
:10A45000FEF00EFB103344EA034400FB06F6A6426E
:10A460000AD91CEB040400F1FF3380F00081A642FE
:10A4700040F2FD806444023840EA0140A41B002100
:10A480001DB1D4400023C5E90043BDE8F0878B42ED
:10A4900005D90DB1C5E9000100210846F5E7B3FA79
:10A4A00083F1002946D1B34202D3824200F2F58003
:10A4B000841A66EB030201201746002DE5D0C5E99A
:10A4C0000047E2E7002A40F09380A1EB0C034FEA3B
:10A4D0001C471FFA8CFE0121B3FBF7F607FB163071
:10A4E000230C43EA00430EFB06F0984208D91CEB0C
:10A4F000030306F1FF3802D2984200F2D0804646AC
:10A500001B1AA4B2B3FBF7F007FB103344EA034471
:10A510000EFB00FEA64508D91CEB040400F1FF3336
:10A5200002D2A64500F2B6801846A4EB0E0440EA1B
:10A530000640A5E7C1F120078B4022FA07FC4CEA50
:10A54000030C06FA01FE20FA07F426FA07F344EAA0
:10A550000E0400FA01F84FEA1C404FEA1449B3FB1D
:10A56000F0FE1FFA8CF600FB1E3349EA03430EFB94
:10A5700006F9994502FA01F20BD91CEB03030EF11F
:10A58000FF3A80F08580994540F28280AEF1020E5C
:10A590006344A3EB0909A4B2B9FBF0F300FB1399E0
:10A5A00044EA094403FB06F6A64208D91CEB04045E
:10A5B00003F1FF3068D2A64266D9023B644443EA05
:10A5C0000E40A41BA0FB02E6B4427346B14652D330
:10A5D0004FD05DB1B8EB030264EB090404FA07F74E
:10A5E00022FA01F31F43CC40C5E9007400214CE777
:10A5F000C2F1200120FA01F30CFA02FC26FA01F163
:10A60000964033434FEA1C471FFA8CFEB1FBF7F02C
:10A6100007FB1016190C41EA064100FB0EF68E42AC
:10A6200004FA02F408D91CEB010100F1FF382DD225
:10A630008E422BD902386144891B9BB2B1FBF7F6DD
:10A6400007FB161143EA014306FB0EF1994208D9B4
:10A650001CEB030306F1FF3814D2994212D9023ED3
:10A6600063445B1A46EA004136E73946EDE6184690
:10A6700002E7F045ADD2BEEB020366EB0C060138F3
:10A68000B146A6E74646ECE7034698E74046D3E7DF
:10A69000D6467EE76444023847E708460DE7023EA7
:10A6A00063442DE7F8B500BFF8BC08BC9E46704770
:10A6B000F8B500BFF8BC08BC9E467047000000001B
:10A6C000A0860100400D0300801A060000350C0032
:10A6D00040420F0080841E0000093D0000127A00F5
:10A6E0000024F40000366E010048E801006CDC0232
:10A6F000000000000102030420F400080000010033
:10A7000000000000000000004D000100FD110008E5
:10A71000000000001C0001006D1000080000000097
:10A720002C000800B51000080000000060000100C7
:10A73000ED100008000000007D0008002111000855
:10A7400000000000620010005911000830F40008F9
:10A7500017010100000000000000000018011000B7
:10A76000C11100084CF4000837000100000000008F
:10A77000B4F3000802000000C0F300080400000069
:10A78000D0F3000808000000E0F30008100000000B
:10A79000F0F300082000000000F400084000000072
:10A7A00010F400088000000000000000000000001D
:10A7B000293C0000163B0000D7630000325F000018
:10A7C000738800005D7D00004AAC0000A697000081
:10A7D000A4D000000FAF00004CF70000A3C400009D
:10A7E00070FB0000F3E80000F6D20000C0BB0000E0
:10A7F000DCA40000E58E0000338200007D7B7C7AC3
:10A80000E7E61BE895B9AAAB010203040506004977
:10A8100048303231332F4B4A9EA09F898A8B8CED72
:10A82000E907ACB191C696CA9ABEC2BACED2D6E2F8
:10A83000DADE7640447F64B5600D218D3C37A66C2E
:10A840002768582B705C144C5054EEEA08ADB29255
:10A85000C797CB9BBFC3BBCFD3D7E3DBDF774145E4
:10A860008065B6610E228E3D38A76D2869592C711E
:10A870005D154D5155EFEB09AEB393C898CC9CC014
:10A88000C4BCD0D4D8E4DCE07842468166B7620F1D
:10A89000238F3E39A86E296A5A2D725E164E525683
:10A8A000F0EC0AAFB494C999CD9DC1C5BDD1D5D93D
:10A8B000E5DDE17943478267B8631024903F3AA908
:10A8C0006F2A6B5B2E735F174F5357888586261F41
:10A8D00083843BA1A213181A190C0B3487110000B2
:10A8E00000000300D4B9000800000100D0B900083E
:10A8F00003000100CCB9000801000100C8B900083C
:10A9000003000100C4B9000800000100C0B900083C
:10A9100000000100BCB9000800000100B8B900083F
:10A9200000000100B4B9000800000100B0B900083F
:10A9300000000100ACB90008010C0100A8B9000832
:10A94000FF030100A4B90008BD000100A0B9000880
:10A95000BD0001009CB90008BD00010098B90008C5
:10A96000BD00010094B900080000010090B9000882
:10A97000010001008CB90008010020000CB900089A
:10A980000000010008B900080000010004B9000837
:10A990000000010000B9000800000100FCB8000838
:10A9A00050000200F4B80008C05D0100F0B80008D3
:10A9B00040010100ECB8000815000100E8B80008EB
:10A9C00000000100E4B8000800000100E0B8000841
:10A9D00000000100DCB8000801000200D4B8000843
:10A9E00001000300C8B800085D000100C4B80008F9
:10A9F0005D000100C0B800085D000100BCB800089F
:10AA00005D000100B8B8000801000100B4B80008FA
:10AA100000000100B0B8000800000100ACB8000858
:10AA200000000100A8B8000800000100A4B8000858
:10AA300000000100A0B80008000001009CB8000858
:10AA40000000010098B800080000010094B8000858
:10AA50000000010090B800080000030084B800085E
:10AA60000000040074B800080000010070B800087D
:10AA7000000001006CB800080000030060B8000886
:10AA8000000001005CB800080200020054B8000891
:10AA9000000002004CB800080000010048B800089F
:10AAA0000000010044B800080000010040B80008A0
:10AAB000000001003CB800080000050028B80008AC
:10AAC0000000010024B800080000010020B80008C0
:10AAD000000001001CB800080000010018B80008C0
:10AAE0000100050004B8000801000500F0B70008E7
:10AAF00001000500DCB7000801000500C8B7000828
:10AB000000000100C4B7000800000100C0B7000841
:10AB100000000100BCB7000800000100B8B7000841
:10AB20000000090094B7000800000A006CB7000894
:10AB30000000050058B700080000050044B70008F1
:10AB40000000010040B70008000001003CB7000809
:10AB50000000010038B700080000010034B7000809
:10AB60000000010030B70008000001002CB7000809
:10AB70000000010028B700080000010024B7000809
:10AB80000000010020B70008000001001CB7000809
:10AB90000000010018B700080000010014B7000809
:10ABA0000000010010B70008000001000CB7000809
:10ABB0000000010008B700080000010004B7000809
:10ABC0000000010000B7000800000100FCB600080A
:10ABD00000000100F8B6000800000100F4B600080B
:10ABE00001000500E0B6000801000500CCB6000831
:10ABF00001000500B8B6000801000500A4B6000871
:10AC000001000100A0B60008010001009CB6000888
:10AC10000100010098B600080100010094B6000888
:10AC20001700010090B60008170001008CB600085C
:10AC30001700010088B600081700010084B600085C
:10AC40000700010080B60008070001007CB600087C
:10AC50000700010078B600080700010074B600087C
:10AC60000100010070B60008010001006CB6000888
:10AC70000100010068B600080100010064B6000888
:10AC80000000010060B60008010001005CB6000889
:10AC90000000010058B600080000010054B600088A
:10ACA0000000010050B60008000001004CB600088A
:10ACB0003F00010048B600080400010044B6000847
:10ACC0000000010040B60008010001003CB6000889
:10ACD0000000010038B600080300010034B6000887
:10ACE0000300010030B60008030001002CB6000884
:10ACF0000300010028B600089D00010024B60008EA
:10AD00004D00010020B60008010005000CB6000847
:10AD10001F00010008B600080000010004B600088A
:10AD200001000200FCB5000800000500E8B50008BD
:10AD300000000300DCB5000800000300D0B50008E7
:10AD400000000300C4B5000800000100C0B5000801
:10AD500000000100BCB5000800000100B8B5000803
:10AD600000000100B4B5000800000100B0B5000803
:10AD700000000100ACB5000800000100A8B5000803
:10AD800000000100A4B50008000002009CB5000806
:10AD90000000010098B500080000010094B500080B
:10ADA0000000010090B50008000001008CB500080B
:10ADB0000000010088B500080000010084B500080B
:10ADC0000000010080B50008000001007CB500080B
:10ADD0000000050068B500080000010064B5000827
:10ADE0000000010060B50008000001005CB500082B
:10ADF0000000010058B500080000010054B500082B
:10AE00000000010050B50008000001004CB500082A
:10AE10000000010048B500080000010044B500082A
:10AE20000000010040B50008000001003CB500082A
:10AE30000500010038B500084500010034B50008E0
:10AE4000000002002CB500080000020024B5000834
:10AE5000000002001CB500080000020014B5000844
:10AE60000A00010010B50008000001000CB5000840
:10AE70000000010008B500080000010004B500084A
:10AE80000000010000B5000801000500ECB4000856
:10AE900001000500D8B4000801000500C4B4000892
:10AEA00001000500B0B4000800000200A8B40008CA
:10AEB00000000100A4B4000800000100A0B40008D4
:10AEC000000001009CB400080000010098B40008D4
:10AED0000000010094B400080000010090B40008D4
:10AEE000000001008CB400080000010088B40008D4
:10AEF0000000010084B400080000010080B40008D4
:10AF0000000001007CB400080000010078B40008D3
:10AF10000000010074B400080000010070B40008D3
:10AF2000000001006CB400080000010068B40008D3
:10AF30000000010064B400080000010060B40008D3
:10AF4000000001005CB400080000010058B40008D3
:10AF50000000010054B400080000010050B40008D3
:10AF6000000001004CB400080000010048B40008D3
:10AF70000000010044B400080000010040B40008D3
:10AF8000000001003CB400080000010038B40008D3
:10AF90000000010034B400080000010030B40008D3
:10AFA000000001002CB400080000010028B40008D3
:10AFB0000000010024B400080000010020B40008D3
:10AFC000000001001CB400080000010018B40008D3
:10AFD0000000010014B400080000010010B40008D3
:10AFE000000001000CB400080000010008B40008D3
:10AFF0000000010004B400080000010000B40008D3
:10B0000000000100FCB3000800000100F8B30008D4
:10B0100000000100F4B3000808000100F0B30008CC
:10B0200020000100ECB3000800000100E8B30008B4
:10B0300000000100E4B3000800000100E0B30008D4
:10B0400000000100DCB3000800000100D8B30008D4
:10B0500000000100D4B3000800000100D0B30008D4
:10B0600000000100CCB3000800000100C8B30008D4
:10B0700000000200BCBA000800000100B8BA0008D5
:10B0800003000100B4BA000801000100B0BA0008D2
:10B0900003000100ACBA000800000100A8BA0008D3
:10B0A00000000100A4BA000800000100A0BA0008D6
:10B0B000000001009CBA0008000004008CBA0008DF
:10B0C0000000010088BA00080400010084BA0008EA
:10B0D0000400010080BA00080C03020078BA0008DE
:10B0E000C05D010074BA00084001080054BA0008AD
:10B0F0001500010050BA0008000001004CBA000819
:10B100000000010048BA00080000010044BA00082D
:10B110000100030038BA00080200020030BA00083B
:10B120000000020028BA00080000010024BA00084C
:10B130000100010020BA00083F0001001CBA00080D
:10B140000400010018BA00080000010014BA000849
:10B150000100010010BA0008000001000CBA00084C
:10B160000000010008BA00080000010004BA00084D
:10B170000000010000BA000805000100FCB9000849
:10B1800045000100F8B900080A000100F4B9000800
:10B1900000000100F0B9000808000100ECB9000847
:10B1A00020000200E4B9000800000100E0B9000836
:10B1B00000BE87BD8EBD14BD19BDA0BC27BCAEBBF3
:10B1C000ADAD33ACB8AABEA8CBADD2AB58A95FA782
:10B1D000DC9FE19B67986C947390F58AF8857A8080
:10B1E000F9C379C779CBF8CE75D1F4D472D871DBB5
:10B1F000F8E0F7E4F5E8F2EC56E952EC4EEFC9F16D
:10B2000039F0B3F22DF527F71DF515F68CF784F814
:10B21000837A897A0F7A147A9A7720772776AD75B0
:10B220002E6EB46CB96B3F6A4F71D56E5C6CE2697F
:10B23000DC5F615CE558EA54DE4DDF4961466242FD
:10B24000F7017705F608F60BF50E7412F215711971
:10B2500051164F19CC1BCA1E5C28D72B532F4E32C8
:10B26000392C342F2E32A93423399A3A923B093D96
:10B27000093D093D093D093D093D093D093D093D9E
:10B28000093D093D093D093D093D093D093D093D8E
:10B29000093D093D093D093D093D093D093D093D7E
:10B2A000093D093D093D093D093D093D093D093D6E
:10B2B000060401001F1915120F0D0C0B0040264447
:10B2C0009A994742000000000000804085EB514001
:10B2D00000000000640064000100780078000300B2
:10B2E000613132312D76312E31302E3000000000A8
:10B2F000000000000000000000000000000000004E
:10B30000000000000000000000000000000000003D
:10B31000000000000000000000000000000000002D
:10B32000000000000000000000000000000000001D
:10B330000000000000000000FFFF00009D970008D3
:10B34000AD970008000000007D2F00083D020008B6
:10B3500050000000A00001000800100100000001E2
:10B360000300000050000000A000010008001001D0
:10B37000000000010300000050000000A0000100D8
:10B380000800100100000001030000005000000050
:10B39000A0000100080010010000000103000000EF
:10B3A000000000000000000001000000010001009A
:10B3B00002000100A00000000000000000000000EA
:10B3C000010203040607080932033000F702B00047
:10B3D000C202B0008D02B0005802B000F802900026
:10B3E000C30290008E02900059029000E400D00049
:10B3F000F4009000F700D1000703B000D202B000C3
:10B400009D02B0006802B00005033100D002310097
:10B410009B0231006602310005033000D00230008B
:10B420009B023000660230000603B000D102B0007B
:10B430009C02B0006702B00001033100CC02310071
:10B4400097023100620231000403B200CF02B20061
:10B450009A02B2006502B20013031002DE0210026B
:10B46000A9021002740210020B031002D60210028D
:10B47000A10210026C0210020303B000CE02B00061
:10B480009902B0006402B0000203B000CD02B00027
:10B490009802B0006302B00002033500CD0235000F
:10B4A00098023500630235003A01B0004601B00051
:10B4B00019022500380225003C0225004302250020
:10B4C00047022500D7012500F6012500FA012500D5
:10B4D000010225000502250095012500B401250083
:10B4E000B8012500BF012500C30125005301250037
:10B4F00072012500760125007D01250081012500CE
:10B50000FB029000C6029000910290005C02900045
:10B5100047030402FE02081028030810C90208109D
:10B52000F302081094020810BE0208105F0208100F
:10B5300089020810DE00F700DE00F0002402F000AF
:10B54000E201F000A001F0005E01F000F300300025
:10B55000F3007700F300D1007100072072000402AD
:10B56000A1001002A20010022000081027000810FD
:10B57000310008106F000810750007201B0310022F
:10B58000E6021002B10210027C0210021703100240
:10B59000E2021002AD02100278021002C100B000F7
:10B5A0003901B000FA029000C502900090029000AC
:10B5B0005B029000FC02B001C702B0019202B00130
:10B5C0005D02B0019100081092000810930008106D
:10B5D0008E0008108F000810900008108B000810D3
:10B5E0008C0008108D000810350008108800081025
:10B5F000890008108A0008109600081084000810BE
:10B6000094000810380008104001B00049012500DE
:10B610004901260049012700490128004901290064
:10B62000B803B001B903B0014202040200020402EF
:10B63000BE0104027C01040236015100F200300018
:10B64000F2007700F200D100F500D0000F031002E5
:10B65000DA021002A5021002700210023203310059
:10B660003203320025020720E3010720A101072051
:10B670005F01072026020402E4010402A201040281
:10B680006001040228020402E6010402A40104028B
:10B690006201040241020720FF010720BD010720CB
:10B6A0007B01072019022B0038022B003C022B00E3
:10B6B00043022B0047022B00D7012B00F6012B0081
:10B6C000FA012B0001022B0005022B0095012B0033
:10B6D000B4012B00B8012B00BF012B00C3012B00CC
:10B6E00053012B0072012B0076012B007D012B00F2
:10B6F00081012B002F020720ED010720AB0107205D
:10B700006901072031020402EF010402AD010402C5
:10B710006B0104025302A4001102A400CF01A40093
:10B720008D01A4005202A4001002A400CE01A400C6
:10B730008C01A4005102A4000F02A400CD01A400BA
:10B740008B01A400250007202F00071073000810AC
:10B750007C0008107E0008101F000720260007103C
:10B7600030000710740008107B0008102800072024
:10B77000320007103900081041000710460005107C
:10B780004B0008204C0008204F00081054000820EF
:10B79000550008202100072029000710330007105A
:10B7A0003A00081040000710470005104A00082022
:10B7B0005000081053000810F6029000C1029000DB
:10B7C0008C029000570290001902370138023701AD
:10B7D0003C0237014302370147023701D7013701E5
:10B7E000F6013701FA01370101023701050237017D
:10B7F00095013701B4013701B8013701BF013701A5
:10B80000C301370153013701720137017601370156
:10B810007D013701810137011502B001D301B0016B
:10B820009101B0014F01B0012E0007106B0007100D
:10B830007F00082080000810820007201402F0001A
:10B84000D201F0009001F0004E01F0002B03300017
:10B850002F0330002B0354002F0354003600071031
:10B860003F00081086000820AF00081059001002A1
:10B870005A001002220008102A0008103400081094
:10B880003E0008101B000510670008106800082023
:10B890001F020720DD0107209B0107205901072017
:10B8A00020020402DE0104029C0104025A01040287
:10B8B00048010402110107202003B001EB02B0018E
:10B8C000B602B0018102B001060024000D00240080
:10B8D000140024006A0008204A01260033015700A2
:10B8E00033015500330153003501B0001601040245
:10B8F000FB000402000104020B0104022B020402FB
:10B90000E9010402A7010402650104027501062091
:10B91000780131007801320079010620800106208B
:10B9200083013200840106208A010620B701062027
:10B93000BA013100BA013200BB010620C201062063
:10B94000C5013200C6010620CC010620F9010620FF
:10B95000FC013100FC013200FD010620040206203A
:10B9600007023200080206200E0206203B020620D3
:10B970003E0231003E0232003F020620460206200F
:10B98000490232004A02062050020620280108100F
:10B99000C500D0002103B001EC02B001B702B00134
:10B9A0008202B0019C0090019D009001F902D0003C
:10B9B000C402D0008F02D0005A02D000DF005A002B
:10B9C000DF003900DF005600DF003500DF005200E5
:10B9D000DF003100B6003200BD003200BF0032008F
:10B9E0005C0130003700D000C802D000B4009000E5
:10B9F000B700D100FA000402E200F700E200F00014
:10BA0000B3003000B3007700B300D100D60051007E
:10BA1000B2003000B2007700B200D100B500D00013
:10BA20005C0131005C013200290030002D00300043
:10BA3000290054002D005400060024000D002400AD
:10BA400014002400D3005700D3005500D300530046
:10BA5000D500B000AC0004021B030402F50404028C
:10BA6000FA04040201050402060504022105040289
:10BA700058050402180504026C01040222030402A2
:10BA80003204B0007204B000CF040402C9043701CC
:10BA9000CC043701D0043701D30437016105B0006D
:10BAA0006305D000E3005A00E3003900E3005600CC
:10BAB000E3003500E3005200E3003100590032009A
:10BAC0006000320030BFC36335030100E5010800A8
:10BAD0003503080085030100850300001400000001
:10BAE000A847000035030100E501100035031000F0
:10BAF000850301008503000014000000A847000032
:10BB000035030100E5012000350320008503010015
:10BB10008503000014000000D8320000000000007F
:10BB2000B84B000025080000350801004508010059
:10BB30004008000088090000A506A00B00000000D6
:10BB400017020000F0090000370200007005000035
:10BB5000A80F000000000000870200008002000023
:10BB6000F0090000B7020000B002000070050000FC
:10BB700098100000084600000000000020030000AC
:10BB80002003000020030000F00900005003000023
:10BB90005003000070050000A0060000E003000054
:10BBA000C84C0000100C0000404A0000204C00006F
:10BBB000480400005835000078360000500A0000A4
:10BBC000500A0000E001000040020000D70200001F
:10BBD00014000000050800008506C0098006400A20
:10BBE000800620090900000018370000A80F000097
:10BBF00098100000084600000900000018370000F7
:10BC0000404A0000204C00000900000018370000E6
:10BC1000204C0000981000000846000009000000B9
:10BC2000F84900008848000055050000650500003F
:10BC30004505010009000000E5010800A506000017
:10BC40008515040035030300E501080035030800ED
:10BC5000C506A46EB8370000850301008503000007
:10BC6000A03800002838000009000000D0130000B0
:10BC7000E0060000880800001707000068250000A3
:10BC8000F009000068090000270800000200000019
:10BC9000404A0000204C0000B707000035070300B1
:10BCA000D84E00000A00000035070200F809000025
:10BCB000A00F0000901000000000000000460000EF
:10BCC00088080000600900004300000057080000D9
:10BCD00078280000D8130000000000001848000079
:10BCE0000900000060250000E0140000702800003A
:10BCF000B028000000190000C02B0000002C00003C
:10BD0000201D0000102F0000502F000040210000D7
:10BD100060320000D813000009000000E0140000A9
:10BD200009000000F5010100060000088515020069
:10BD3000851501009515FF03A515010C09000000EC
:10BD4000A84900001848000025050000350500003E
:10BD50001505010009000000D50701002506646BE8
:10BD60003507890D4507890D85061400D84E00005A
:10BD70002A00000025060000850600004507000097
:10BD8000104800000900000045000000E5018600A1
:10BD9000350084004201000043000000B50C0B0098
:10BDA00082CE010043000000683300002839000003
:10BDB0004500010009000000B50C0000090000006A
:10BDC000B50C000009000000A50B0000F50B0000F9
:10BDD000050C1200150C0000E50B0000950B05008A
:10BDE000483B00000620220038420000B502040053
:10BDF0007502000065024000E5010101B502010184
:10BE0000A841000065020000783F0000A842000041
:10BE1000D83B0000017C0007F2030000017C010018
:10BE2000060040004300000001000005283C00001F
:10BE300009000000D5080A00E5081A00450285221D
:10BE40005502FD0109000000A5010000D500000019
:10BE5000E5000000F50020000501000015010000CC
:10BE600025010000350100008501000045010000AA
:10BE700055010000650100007501000095010000FA
:10BE8000950001007500FF3709000000350A090020
:10BE9000550A0000C50A0800650A3F08250A600027
:10BEA000950A0100250A7F0009000000D83C000027
:10BEB00002DC050043000000D5000000E5000000A2
:10BEC0007500030002050000430000008500030028
:10BED00025000000180B000025000100E50102000C
:10BEE0007500000009000000583A0000180E00001C
:10BEF00002050000430000008500FF37D50A4F000F
:10BF00007500FF3F8500FF3F50110000050A6B01DF
:10BF1000050A0801050AB502E50C0100021400003B
:10BF200043000000280F0000450301004503020004
:10BF300038130000483B0000184500005845000039
:10BF400078440000A845000025000000E501000538
:10BF500035000005E501020015000000020F000099
:10BF60004300000018430000883A0000E50101008A
:10BF7000350001006201000043000000C80D000010
:10BF8000784E0000250901009500FF4009000000DF
:10BF9000050D0100250D0100150D1500A50A010074
:10BFA000450D870009000000A50B0000F50A000000
:10BFB00025022E0009000000083B00007844000024
:10BFC000E5011F00150B1F0038420000C8400000AB
:10BFD000A842000006202200E50A0800F50A000039
:10BFE000883B000002000000E10300034300000062
:10BFF00001008002283C000009000000350200001A
:10C00000150200000602200022000000320000009D
:10C01000E17F800001F400001600000043000000F2
:10C02000C601000043000000E71500000200000008
:10C03000F81600004300000006001C003502000056
:10C04000901600007200000006020000720100005D
:10C05000F8160000430000000200000006001C006B
:10C060004300000043000000E71600000602000045
:10C0700002000000F8160000430000000900000064
:10C080001200000001F4000012000000E17F8000B7
:10C090002600000001F4010000008000E17F800024
:10C0A000E601000001F407000000800743000000E3
:10C0B0006018000032000000E17F800026000000D0
:10C0C00001F4030000008000E17F8000E601000031
:10C0D00001F4070000008007430000000600400054
:10C0E0001600000043000000260000000000800051
:10C0F0000600000006000000060000000174800039
:10C1000009000000350200001502000006022000B0
:10C110002200000032000000E17F800001F40000F6
:10C120001600000043000000C601000043000000AC
:10C13000071A000002000000181B00004300000066
:10C1400006001C0035020000B01A0000720000005A
:10C150000602000072010000181B000043000000EE
:10C160000200000006001C00430000004300000025
:10C17000071B00000602000002000000181B000060
:10C1800043000000090000001200000001F400005C
:10C1900012000000E17F80002600000001F4010091
:10C1A00000008000E17F8000E601000001F407004C
:10C1B0000000800743000000801C000032000000E7
:10C1C000E17F80002600000001F4030000008000F1
:10C1D000E17F8000E601000001F407000000800715
:10C1E000430000000600400016000000430000006D
:10C1F000260000000000800006000000060000008D
:10C2000006000000017480000900000035020000F3
:10C21000150200000602200022000000320000008B
:10C22000E17F800001F400001600000043000000E0
:10C23000C601000043000000271E000002000000AD
:10C24000381F00004300000006001C0035020000FB
:10C25000D01E000072000000060200007201000003
:10C26000381F0000430000000200000006001C0010
:10C270004300000043000000271F000006020000EA
:10C2800002000000381F0000430000000900000009
:10C290001200000001F4000012000000E17F8000A5
:10C2A0002600000001F4010000008000E17F800012
:10C2B000E601000001F407000000800743000000D1
:10C2C000A020000032000000E17F80002600000076
:10C2D00001F4030000008000E17F8000E60100001F
:10C2E00001F4070000008007430000000600400042
:10C2F000160000004300000026000000000080003F
:10C300000600000006000000060000000174800026
:10C31000090000003502000015020000060220009E
:10C320002200000032000000E17F800001F40000E4
:10C330001600000043000000C6010000430000009A
:10C3400047220000020000005823000043000000C4
:10C3500006001C0035020000F02200007200000000
:10C360000602000072010000582300004300000094
:10C370000200000006001C00430000004300000013
:10C3800047230000060200000200000058230000BE
:10C3900043000000090000001200000001F400004A
:10C3A00012000000E17F80002600000001F401007F
:10C3B00000008000E17F8000E601000001F407003A
:10C3C0000000800743000000C0240000320000008D
:10C3D000E17F80002600000001F4030000008000DF
:10C3E000E17F8000E601000001F407000000800703
:10C3F000430000000600400016000000430000005B
:10C40000260000000000800006000000060000007A
:10C41000060000000174800009000000981300006D
:10C42000F50B0000050C0000150C0000E50B0000EA
:10C43000950B0000E50A000005020000062002003E
:10C4400010340000050B0000050B0C00050B00006C
:10C45000150B0000250B0000350B0100450B0000FB
:10C46000550B0000650B000038420000B5020400C7
:10C470007502000065020000E5010900B50209002F
:10C48000A841000065020000E5014100B50241003D
:10C49000A841000065020000783E0000B5020400DB
:10C4A0007502000065020000E5010101B50201010D
:10C4B000A841000065020000783F0000A84200008B
:10C4C000182800000900000015095D00F508BD00EE
:10C4D000E5010020F508002001000000090000002F
:10C4E00001000005283C0000004E0000090000008B
:10C4F00098130000F50B0000050C0000150C00005F
:10C50000E50B0000950B0000E50A000005020000A5
:10C510000620020010340000050B0000050B0C0083
:10C52000050B0000150B0000250B0000350B01006A
:10C53000450B0000550B0000650B00003842000061
:10C54000B50204007502000065020000E501090063
:10C55000B5020900A841000065020000E5014100A4
:10C56000B5024100A841000065020000783E0000CD
:10C57000B50204007502000065020000E50101013A
:10C58000B5020101A841000065020000783F0000EB
:10C59000A8420000682B00000900000015095D009A
:10C5A000F508BD00E5010020F508002001000000AD
:10C5B0000900000001000005283C0000004E0000BA
:10C5C0000900000098130000F50B0000050C0000A6
:10C5D000150C0000E50B0000950B0000E50A0000BB
:10C5E000050200000620020010340000050B0000C8
:10C5F000050B0C00050B0000150B0000250B0000BF
:10C60000350B0100450B0000550B0000650B0000C9
:10C6100038420000B5020400750200006502000007
:10C62000E5010900B5020900A8410000650200000B
:10C63000E5014100B5024100A8410000650200008B
:10C64000783E0000B502040075020000650200009B
:10C65000E5010101B5020101A841000065020000E9
:10C66000783F0000A8420000B82E0000090000003A
:10C6700015095D00F508BD00E5010020F508002062
:10C68000010000000900000001000005283C000036
:10C69000004E00000900000098130000F50B000098
:10C6A000050C0000150C0000E50B0000950B0000C8
:10C6B000E50A000005020000062002001034000018
:10C6C000050B0000050B0C00050B0000150B00000E
:10C6D000250B0000350B0100450B0000550B000039
:10C6E000650B000038420000B5020400750200002E
:10C6F00065020000E5010900B5020900A84100003B
:10C7000065020000E5014100B5024100A8410000BA
:10C7100065020000783E0000B502040075020000CA
:10C7200065020000E5010101B5020101A841000018
:10C7300065020000783F0000A842000008320000B7
:10C740000900000015095D00F508BD00E5010020A5
:10C75000F5080020010000000900000001000005AC
:10C76000283C0000004E000009000000E5013100F7
:10C77000C5082000090000006503C000B5070200DD
:10C78000B5082A00A8320000090000005508020080
:10C79000F5050100350C040009000000D507010073
:10C7A0002506E40065070600E507080045061400B5
:10C7B000D84E00000A000000F84800002849000098
:10C7C0006507270009000000350C0200350C030046
:10C7D000E5010100050B0100E5010200D50A00009A
:10C7E000A20000004300000009000000E50108006D
:10C7F000A506000025030300E50108002503080045
:10C80000C506046FB83700009503010095030000CA
:10C81000283800000900000015080000E5010800A4
:10C82000A5060800D84E00002A00000009000000FC
:10C830002508000025060000350703004507030012
:10C84000D84E00000A000000090000002508010081
:10C8500009000000F50101100600000809000000B1
:10C86000E501040085060400D50701002506C46D16
:10C87000D84E00002A000000090000002506000034
:10C880008506000009000000E83600001848000096
:10C890008848000009000000E50110003503100081
:10C8A00009000000E5011000250310000900000048
:10C8B000D507010025061400D84E00002A0000000C
:10C8C00025060000C506000009000000E506180066
:10C8D000D84E00000A000000E506000035080100FF
:10C8E00088090000A506A00B090000000507180034
:10C8F000D84E00000A0000000507000045080100AE
:10C9000048360000A506406909000000E5018600E0
:10C91000350084004201000043000000E5010300EF
:10C92000B50C01006200000043000000D5070100C3
:10C930002506E40065070600E5070800450618001F
:10C94000D84E00000A000000F84800002849000006
:10C950006507270009000000E5010300B50C03008E
:10C960000900000068330000E50102003500020004
:10C970006201000043000000E50184003500000072
:10C98000090000001502360005020E0025022E00E7
:10C99000090000001502360005020E002502930072
:10C9A0000900000015094D00F5089D00E501002073
:10C9B000F50800200900000015095D00F508BD001C
:10C9C000E5010020F508002009000000E501002035
:10C9D000F508000000000000000000002500010034
:10C9E000E50102001500020025000000E50102003B
:10C9F000150000000900000065007F00090000002C
:10CA00006500000009000000750001000900000039
:10CA1000D5000000E50102009500020009000000B9
:10CA2000A5010000E5000000F50020000501000060
:10CA3000150100002501000035010000450103003B
:10CA40005501030085010300650103007501030022
:10CA500095010300E501F77F9500F57F09000000CF
:10CA6000E501FF016502E001E5011100B5021100D9
:10CA7000A8410000E501FF016502FF01E501210079
:10CA8000B5022100A8410000E501FF016502F8019F
:10CA9000E5018100B5028100A84100000900000005
:10CAA000E501FF016502C001E5010102B5020102D5
:10CAB000A8410000E501FF016502FF01E501010455
:10CAC000B5020104A8410000E501FF016502F8017B
:10CAD000E5010108B5020108A8410000E501FF01D8
:10CAE0006502FF01E5010110B5020110A841000037
:10CAF00009000000B50204006502003FB5020D0008
:10CB0000F84100006502C0FFB5021500F8410000C1
:10CB10006502F0FFB5028500F84100006502FFFFE5
:10CB2000B5022500F841000009000000B20800002D
:10CB300043000000E501F91FB502000009000000F4
:10CB4000B208000043000000B50204000900000024
:10CB5000E501000535000000E5010018350000186A
:10CB6000E50100053500000509000000E5010005AC
:10CB700035000000E501001835000000E501000562
:10CB80003500000509000000450A0100450A0000C3
:10CB900065070300D5070800250614005849000062
:10CBA000A847000025073900F50400000505803E70
:10CBB000E5040100D84E00000A000000A84700006C
:10CBC000F84800006507000009000000250A000081
:10CBD000950A0000250A0000650A0000090000000F
:10CBE000050B0000050B0C00050B0000150B1F00CA
:10CBF000250B0000350B0100450B0000550B000014
:10CC0000650B000009000000F50B0000050C0E008C
:10CC1000150C000009000000950B0700A50B04008F
:10CC2000E50A0700F50A040009000000D50B05001D
:10CC3000B50B030009000000D50B0500B50B000083
:10CC40000900000038420000B5020400750200002F
:10CC50006502C03FE5010101B5020101A8410000E4
:10CC6000650200FE783F0000A8420000483B00003B
:10CC700006202200D83B0000F5090100E501000371
:10CC80009509000101F40000D50B0500024B0000DE
:10CC900043000000D50B0900F5090000E501000381
:10CCA00095090000283C000009000000250700004D
:10CCB000B50501006200000043000000B50500005A
:10CCC000E50400000900000035070000C50501006B
:10CCD0006200000043000000C505000015050000CB
:10CCE0000900000045070000D505010062000000B2
:10CCF00043000000D50500004505000009000000C4
:10CD000025060000D50700000900000045060000C8
:10CD1000E50700000900000015000400E501080017
:10CD20003500000015000000090000001500080093
:10CD3000E5011000350000001500000009000000AA
:10CD400015001000E501200035000000150000006E
:10CD50000900000095000100E50C00002509000015
:10CD60002839000025000100E5010200150002003D
:10CD7000E501060085000000E501060075000000E1
:10CD8000D8450000984E0000E50101003500000084
:10CD9000620100004300000028440000D50A0000A2
:10CDA00085000100183D0000783D000009000000EA
:10CDB00028330000C500000095140000783D0000F5
:10CDC000383D0000F80B000009000000D80B0000FF
:10CDD000E501010085000000E5010100750000008B
:10CDE000383D0000E501020015000000F83C00009D
:10CDF00009000000950C1300750C3800850C02002A
:10CE00001502360005020E0025022E000620220023
:10CE10001509ED00F508DD01E5010020F508002009
:10CE200001000005010001050100000506004000A9
:10CE3000283C0000750C0000850C0000950C0000DB
:10CE400009000000350C0000350C0400E50101006C
:10CE5000050B0000E5010200D50A020009000000F0
:10CE6000450DFF0009000000450D0000A50A000067
:10CE7000050D000009000000520000004300000002
:10CE800009000000300EB36335030100E50108001E
:10CE9000350308008503010085030000140000002D
:10CEA000A801000035030100E50110003503100062
:10CEB000850301008503000014000000A8010000A4
:10CEC00035030100E5012000350320008503010042
:10CED000850300001400000015000400E5010800AF
:10CEE00035000000150000000900000025070000C3
:10CEF000B50501006200000043000000B505000018
:10CF0000E50400000900000025060000D507000028
:10CF10000900000045060000E507000009000000C8
:10CF20006503C000B5070200B5082A00C80200006A
:10CF300009000000E5013100C508200009000000DB
:10CF400052000000430000000900000065007F005F
:10CF500009000000A5010000D5000000E500000068
:10CF6000F50020000501000015010000250100006A
:10CF70003501000085010000450100005501000059
:10CF80006501000075010000950100009500010099
:10CF90007500FF3709000000D5000000E501020020
:10CFA0009500020009000000A5010000E500000056
:10CFB000F50020000501000015010000250100001A
:10CFC0003501000045010300550103008501030000
:10CFD000650103007501030095010300E501F77F7A
:10CFE0009500F57F09000000B50C00000900000065
:10CFF00045000000E5018600350084004201000084
:10D0000043000000B50C0B0082CE0100430000007D
:10D0100088080000580700004500010009000000D2
:10D02000E5010300B50C030009000000020F000039
:10D03000430000000900000088080000E50102002C
:10D04000350002006201000043000000E501840099
:10D050003500000009000000E5018600350084006D
:10D060004201000043000000E5010300B50C01008F
:10D070006200000043000000D50701002506E4001F
:10D0800065070600E507080045061800F8020000DD
:10D090000A0000001802000048020000650727008F
:10D0A00009000000D50701002506E4006507060019
:10D0B000E507080045061400F80200000A00000019
:10D0C0001802000048020000650727000900000060
:10D0D000550D01000000000075070000C50D900906
:10D0E000750727008513010015140100E5010400F0
:10D0F00085130400E501040015140400E50108008F
:10D1000085130800E501F8011514F8010900000075
:10D110001502000005020000250201000620220081
:10D1200015090200F5080400E5010020F5080020BB
:10D13000090000000214000043000000010001008B
:10D14000010080020600400009000000350A0900C5
:10D15000550A0000C50A0800650A3F08250A600054
:10D16000950A0100250A7F0009000000250A000039
:10D17000950A0000250A0000650A00000900000069
:10D18000450A0100450A000065070300D5070800AD
:10D190002506140058010000A801000025073900E9
:10D1A000F50400000505803EE5040100F8020000DA
:10D1B0000A000000A8010000180200006507000036
:10D1C00009000000450A0100450A000009000000AE
:10D1D000050D0100250D0100150D1500A50A010022
:10D1E000450D870009000000450DFF000900000003
:10D1F00015095D00F508BD00E5010020F5080020D7
:10D2000009000000D5080A00E5081A004502852239
:10D210005502FD01090000001502360005020E004E
:10D220002502930009000000E5010020F508000038
:10D23000000000000000000025000100E5010200E0
:10D240001500020025000000E501020015000000A5
:10D2500009000000350C0200350C0300E501010057
:10D26000050B0100E5010200D50A0000A200000044
:10D270004300000009000000E50100053500000042
:10D28000E501001835000018E5010005350000052E
:10D2900009000000E501000535000000E501001867
:10D2A00035000000E501000535000005090000001B
:10D2B000B208000043000000E501F91FB5020000BC
:10D2C00009000000E501FF016502E001E501110030
:10D2D000B5021100B8100000E501FF016502FF0171
:10D2E000E5012100B5022100B8100000E501FF01B1
:10D2F0006502F801E5018100B5028100B810000067
:10D3000009000000E501FF016502C001E50101021D
:10D31000B5020102B8100000E501FF016502FF013E
:10D32000E5010104B5020104B8100000E501FF01A8
:10D330006502F801E5010108B5020108B810000016
:10D34000E501FF016502FF01E5010110B5020110D1
:10D35000B810000009000000D50B0500B50B030054
:10D3600009000000D80F0000B5020400750200009B
:10D370006502C03FE5010101B5020101B8100000DE
:10D38000650200FE0812000048100000580E000060
:10D3900006202200B80D0000F5090100E501000398
:10D3A0009509000101F40000D50B0500024B0000B7
:10D3B00043000000D50B0900F5090000E50100035A
:10D3C00095090000980E000009000000050B000000
:10D3D000050B0C00050B0000150B1F00250B0000B2
:10D3E000350B0100450B0000550B0000650B0000DC
:10D3F000090000005508020058010000A8010000C3
:10D400001802000048020000F5050100350C040078
:10D41000780200002851000038090000380A000096
:10D4200001000000950C1300750C3800850C0200FB
:10D43000A2000000C23000004300000043000000D2
:10D44000010001050600400001008002750C00018A
:10D45000850C1800C80A0000850C38002503000060
:10D4600065070300D50708002506140058010000D1
:10D47000F50400000505800285142200C50A00009D
:10D48000080D0000A801000025072106E5040100A1
:10D49000F80200000A000000A8010000E5010100F8
:10D4A00025030100C80A0000C50A0100080D00009C
:10D4B000A801000025074D06E5040100F802000060
:10D4C0000A000000A8010000E50102002503020097
:10D4D000C80A0000C50A0200080D0000A8010000EB
:10D4E00025077906E5040100F80200000A000000A3
:10D4F000A8010000E501040025030400C80A00009B
:10D50000C50A0300080D0000A80100002507A506B4
:10D51000E5040100F80200000A000000A801000074
:10D52000E501080025030800C80A0000C50A040038
:10D53000080D0000A80100002507D106E504010040
:10D54000F80200000A000000A8010000E501100038
:10D5500025031000C80A0000C50A0500080D0000D8
:10D56000A80100002507FD06E5040100F8020000FF
:10D570000A000000A8010000E501200025032000AA
:10D58000C80A0000C50A0600080D0000A801000036
:10D5900025072907E5040100F80200000A00000041
:10D5A000A8010000E501400025034000C80A000072
:10D5B000C50A0700080D0000A8010000250755074F
:10D5C000E5040100F80200000A000000A8010000C4
:10D5D000E501800025038000C80A0000C50A080094
:10D5E000080D0000A801000025078107E5040100DF
:10D5F000F80200000A000000A8010000E501000197
:10D6000025030001C80A0000C50A0900080D000032
:10D61000A80100002507AD07E5040100F80200009D
:10D620000A000000A8010000E50100022503000235
:10D63000C80A0000C50A0A00080D0000A801000081
:10D640002507D907E5040100F80200000A000000E0
:10D65000A8010000E501000425030004C80A000039
:10D66000C50A0B00080D0000A801000025070508E9
:10D67000E5040100F80200000A000000A801000013
:10D68000E501000825030008C80A0000C50A0C00CF
:10D69000080D0000A801000025073108E50401007D
:10D6A000F80200000A000000A8010000E5010010D7
:10D6B00025030010C80A0000C50A0D00080D00006F
:10D6C000A801000025075D08E5040100F80200003C
:10D6D0000A000000A8010000E50100202503002049
:10D6E000C80A0000C50A0E00080D0000A8010000CD
:10D6F00025078908E5040100F80200000A0000007F
:10D70000A8010000E501004025030040C80A000010
:10D71000C50A0F00080D0000A80100002507B50884
:10D72000E5040100F80200000A000000A801000062
:10D73000E501008025030080C80A00008514000070
:10D74000A80B000018020000C850000014000000E0
:10D7500078590000750C8000850C8000B50A030024
:10D76000E5010400B50C040006000008950A6100FC
:10D77000484F0000950A6900484F0000950A710063
:10D78000484F0000950A7900484F0000950A410073
:10D79000484F0000950A4900484F0000950A510083
:10D7A000484F0000950A5900484F0000950A210093
:10D7B000484F0000950A2900484F0000950A3100A3
:10D7C000484F0000950A3900484F0000950A0100B3
:10D7D000484F0000950A0900484F0000950A1100C3
:10D7E000484F0000950A1900484F0000B50A000094
:10D7F00001008002750C0200850C0200E5010400A6
:10D80000B50C0000C80A0000750C1800850C060055
:10D81000F5001000C80A0000F5001100C80A000059
:10D82000F5001200C80A0000F5001300C80A000045
:10D83000F5001400C80A0000F5001500C80A000031
:10D84000F5001600C80A0000F5001700C80A00001D
:10D85000F5001800C80A0000F5001900C80A000009
:10D86000F5001A00C80A0000F5001B00C80A0000F5
:10D87000F5001C00C80A0000F5001D00C80A0000E1
:10D88000F5001E00C80A0000F5001F00C80A0000CD
:10D89000F5002000C80A0000F5002100C80A0000B9
:10D8A000F5002200C80A0000F5002300C80A0000A5
:10D8B000F5002400C80A0000F5002500C80A000091
:10D8C000F5002600C80A0000F5002700C80A00007D
:10D8D000F5002800C80A0000F5002900C80A000069
:10D8E000F5002A00C80A0000F5002B00C80A000055
:10D8F000F5002C00C80A0000F5002D00C80A000041
:10D90000F5002E00C80A0000F5002F00C80A00002C
:10D91000F5003000C80A0000F5003100C80A000018
:10D92000F5003200C80A0000F5003300C80A000004
:10D93000F5003400C80A0000F5003500C80A0000F0
:10D94000F5003600C80A0000F5003700C80A0000DC
:10D95000F5003800C80A0000F5003900C80A0000C8
:10D96000F5003A00C80A0000F5003B00C80A0000B4
:10D97000F5003C00C80A0000F5003D00C80A0000A0
:10D98000F5003E00C80A0000F5003F00C80A00008C
:10D99000A80B0000C85000001400000078590000D7
:10D9A00045030100F5002000750C0300850C030001
:10D9B000E5010400B50C040006000008150D100078
:10D9C00008500000150D110008500000150D120040
:10D9D00008500000150D130008500000150D14002C
:10D9E00008500000150D150008500000150D160018
:10D9F00008500000150D170008500000150D180004
:10DA000008500000150D190008500000150D1A00EF
:10DA100008500000150D1B0008500000150D1C00DB
:10DA200008500000150D1D0008500000150D1E00C7
:10DA300008500000150D1F0008500000150D0000D3
:10DA400008500000150D010008500000150D0200DF
:10DA500008500000150D030008500000150D0400CB
:10DA600008500000150D050008500000150D0600B7
:10DA700008500000150D070008500000150D0800A3
:10DA800008500000150D090008500000150D0A008F
:10DA900008500000150D0B0008500000150D0C007B
:10DAA00008500000150D0D0008500000150D0E0067
:10DAB00008500000150D0F0008500000350D000043
:10DAC00001008002980E0000A80B00004503000032
:10DAD000C850000014000000B50B0300F509010058
:10DAE000250001009509000125000000D50B0E005E
:10DAF0000214000043000000D50B0A00F5090000E5
:10DB000095090000950C000062090000C230000079
:10DB10004300000043000000380A0000E501040053
:10DB2000B50C0400050C000006000008150C0000F0
:10DB3000E50B3C00C80A0000E50B3400C80A0000F1
:10DB4000E50B2C00C80A0000E50B2400C80A000001
:10DB5000E50B0400C80A0000E50B0C00C80A000031
:10DB6000E50B1400C80A0000E50B1C00C80A000001
:10DB7000150C0100E50B3C00C80A0000E50B340061
:10DB8000C80A0000E50B2C00C80A0000E50B2400C1
:10DB9000C80A0000E50B0400C80A0000E50B0C00F1
:10DBA000C80A0000E50B1400C80A0000E50B1C00C1
:10DBB000C80A0000150C0200E50B3C00C80A000072
:10DBC000E50B3400C80A0000E50B2C00C80A000071
:10DBD000E50B2400C80A0000E50B0400C80A000099
:10DBE000E50B0C00C80A0000E50B1400C80A000091
:10DBF000E50B1C00C80A0000150C0300E50B3C00F7
:10DC0000C80A0000E50B3400C80A0000E50B2C0030
:10DC1000C80A0000E50B2400C80A0000E50B040058
:10DC2000C80A0000E50B0C00C80A0000E50B140050
:10DC3000C80A0000E50B1C00C80A0000150C04000F
:10DC4000E50B3C00C80A0000E50B3400C80A0000E0
:10DC5000E50B2C00C80A0000E50B2400C80A0000F0
:10DC6000E50B0400C80A0000E50B0C00C80A000020
:10DC7000E50B1400C80A0000E50B1C00C80A0000F0
:10DC8000150C0500E50B3C00C80A0000E50B34004C
:10DC9000C80A0000E50B2C00C80A0000E50B2400B0
:10DCA000C80A0000E50B0400C80A0000E50B0C00E0
:10DCB000C80A0000E50B1400C80A0000E50B1C00B0
:10DCC000C80A0000150C0600E50B3C00C80A00005D
:10DCD000E50B3400C80A0000E50B2C00C80A000060
:10DCE000E50B2400C80A0000E50B0400C80A000088
:10DCF000E50B0C00C80A0000E50B1400C80A000080
:10DD0000E50B1C00C80A0000150C0700E50B3C00E1
:10DD1000C80A0000E50B3400C80A0000E50B2C001F
:10DD2000C80A0000E50B2400C80A0000E50B040047
:10DD3000C80A0000E50B0C00C80A0000E50B14003F
:10DD4000C80A0000E50B1C00C80A0000150C0800FA
:10DD5000E50B3C00C80A0000E50B3400C80A0000CF
:10DD6000E50B2C00C80A0000E50B2400C80A0000DF
:10DD7000E50B0400C80A0000E50B0C00C80A00000F
:10DD8000E50B1400C80A0000E50B1C00C80A0000DF
:10DD9000150C0900E50B3C00C80A0000E50B340037
:10DDA000C80A0000E50B2C00C80A0000E50B24009F
:10DDB000C80A0000E50B0400C80A0000E50B0C00CF
:10DDC000C80A0000E50B1400C80A0000E50B1C009F
:10DDD000C80A0000C850000014000000A859000044
:10DDE000E8550000F50A000028590000F50A010076
:10DDF00028590000F50A020028590000F50A03001E
:10DE000028590000F50A040028590000F50A050009
:10DE100028590000F50A060028590000F50A0700F5
:10DE20002859000001008002980E0000085A0000E6
:10DE3000C850000014000000A8590000080E00009F
:10DE4000D80F0000B5020400750200006502C03F53
:10DE5000E5010900B5020900B810000065020000E4
:10DE6000E5014100B5024100B8100000650200FE66
:10DE70000811000098580000481000000620020811
:10DE8000B80D0000A50B040068550000F50A00005D
:10DE9000D84D0000F50A0100D84D0000F50A020037
:10DEA000D84D0000F50A0300D84D0000F50A040023
:10DEB000D84D0000F50A0500D84D0000F50A06000F
:10DEC000D84D0000F50A0700D84D0000010080027F
:10DED000980E0000085A0000C8500000140000000E
:10DEE000A8590000E50A0800950B0800F50B0F0083
:10DEF000D80F0000B5020400750200006502C03FA3
:10DF0000E5010900B5020900B81000006502000033
:10DF1000E5014100B5024100B8100000650200FEB5
:10DF200008110000B5020400750200006502C03F40
:10DF3000E5010101B5020101B8100000650200FE13
:10DF40000812000048100000B80D0000F50A040097
:10DF50001502A0000600200801F4000506020000DA
:10DF6000A50B0000884C000006020000A50B010074
:10DF7000884C000006020000A50B0200884C00003F
:10DF800006020000A50B0300884C000006020000FA
:10DF9000A50B0400884C000006020000A50B05003C
:10DFA000884C000006020000A50B0600884C00000B
:10DFB00006020000A50B0700884C000001000005C8
:10DFC000980E0000085A0000C8500000140000001D
:10DFD000A8590000E50A0800950B0800F50B090098
:10DFE000D80F0000B5020400750200006502C007EA
:10DFF000E5010900B5020900B81000006502000043
:10E00000E5014100B5024100B81000006502001EA4
:10E0100008110000B5020400750200006502C00787
:10E02000E5010101B5020101B81000006502001E02
:10E030000812000048100000350200001502A00080
:10E0400025022E0006202008B80D0000A50B0400B4
:10E05000050C0300150C000068550000D84D0000A9
:10E0600001008002980E0000085A0000C85000000D
:10E0700014000000A8590000E5010400B50C0000E0
:10E08000350C0100750C8001850C0200950C130005
:10E09000450C0900650C1B0028150000450B02000B
:10E0A000E50A0800950B0800D80F0000B50204002F
:10E0B0007502000065024000E5010900B502090093
:10E0C000B810000065020000E5014100B502410002
:10E0D000B81000006502007E08110000985800008A
:10E0E00048100000B80D0000010000001502A1005A
:10E0F00025026E00650B040006202008485300002E
:10E1000006002008220000004853000043000000E1
:10E1100001008002650B0C00060020004200000098
:10E12000485300004300000001000005650C00009A
:10E13000450C0F00550C0300750CC001150B0900B0
:10E14000550B0700350B2900250B0B00060020009E
:10E1500052000000585400004300000001008002FB
:10E16000550B0F00350B090006002000520000007F
:10E17000585400004300000001008002250B1300EA
:10E180000600200052000000585400004300000028
:10E1900001000005980E0000085A0000C850000059
:10E1A0001400000012000000E175000001F40100FD
:10E1B00026000000E175000001F40700E601000000
:10E1C00002000000E175000001F4030026000000D9
:10E1D000E175000001F40700E601000043000000C3
:10E1E000060040001600000043000000260000006A
:10E1F00001748000090000000600200012000000E9
:10E200000602000072010000884C0000430000007C
:10E2100006001C004300000001F480020900000019
:10E22000060020000602000072010000884C000079
:10E230004300000001F48002090000008513000083
:10E240001514000075070000C50D0000550D0100F4
:10E2500009000000B50A030002140000430000009A
:10E260000100010001008002B50A02000214000052
:10E27000430000000100070001008002060040008A
:10E2800009000000350D01000214000043000000E9
:10E290000100010001008002350D0300021400009E
:10E2A000430000000100070001008002060040005A
:10E2B0000900000035030200E501000035030000FD
:10E2C000850301008503000009000000C50000006F
:10E2D0009514000098040000580400009805000000
:10E2E0002803000002DC0500430000004803000092
:10E2F000A2010000430000008500FF37D50A4F004F
:10E300007500FF3F8500FF3F02140000430000003E
:10E31000E50C0100280B0000380D0000250000006E
:10E32000E501000535000005E501020015000000CB
:10E33000B8050000020F000043000000980D000027
:10E340002509010078060000A8060000D806000094
:10E350000900000006020000F202000001080000AF
:10E36000E107000001000000010001006200000060
:10E3700001080000E10700000100000001000300A7
:10E38000430000000600400026000000430000009B
:10E3900006001C000900000006020000F202000056
:10E3A0000128000001100000E10700000100010049
:10E3B000620000000128000001100000E1070000D9
:10E3C000010003004300000006004000260000009A
:10E3D0004300000006001C0009000000F5090100D0
:10E3E000950900010214000043000000F509000037
:10E3F0009509000001F4000109000000050A6B0105
:10E40000050A0801050AB502150D0000D50B090023
:10E41000E50B0000980E00004503010045030200D3
:10E42000E84E00005813000088130000D80F0000C9
:10E43000B5020400750200006502C03FE501090055
:10E44000B5020900B810000065020000E5014100B6
:10E45000B5024100B8100000650200FE081100007E
:10E460009858000048100000E50A0800950B0700C6
:10E47000480F000015029D003502000005027600DD
:10E4800025022E0006200208B80D0000A50B04008E
:10E49000050C1100150C0000F50B0200685500007A
:10E4A000080E000009000000B5020400750200001B
:10E4B00065024000E5010101B5020101B81000004C
:10E4C0006502000008120000090000005502DD0D81
:10E4D000784E00005502FF0F784E00000900000042
:10E4E000280B0000F80B000009000000785900001C
:10E4F000E501010035000100620100004300000059
:10E5000009000000E5010100350000006201000083
:10E5100043000000A80B00000900000000000000FC
:10E5200000000000000000000000000000000000EB
:10E5300000000000000000000000000000000000DB
:10E5400000000000000000000000000000000000CB
:10E5500000000000000000000000000000000000BB
:10E5600000000000000000000000000000000000AB
:10E57000000000000000000000000000000000009B
:10E58000000000000000000000000000000000008B
:10E59000000000000000000000000000000000007B
:10E5A000000000000000000000000000000000006B
:10E5B000000000000000000000000000000000005B
:10E5C000000000000000000000000000000000004B
:10E5D000000000000000000000000000000000003B
:10E5E0000000000000000000496E76616C69642044
:10E5F00073656E736F722068616E646C65000000F5
:10E6000073656E736F7200002D2D2D2D2D2D204200
:10E610004547494E202D2D2D2D2D2D2053656E73F0
:10E620006F7220537461747573204C6F67202D2DA9
:10E630002D2D2D2D20424547494E202D2D2D2D2DA0
:10E640002D00000073656E736F725F737461747573
:10E65000735F6131323100005B256C755D2025737D
:10E660003A20307825303468780000002D2D2D2D8B
:10E670002D2D2D20454E44202D2D2D2D2D2D2D20A1
:10E6800053656E736F7220537461747573204C6F91
:10E6900067202D2D2D2D2D2D2D20454E44202D2D47
:10E6A0002D2D2D2D2D000000546F6F206C61726791
:10E6B000652073656E736F72206275666665722081
:10E6C000757361676500000072616461725F656EF9
:10E6D00067696E655F613132310000004C6F6164C3
:10E6E0003A205472616E736665722073697A652090
:10E6F000697320746F206C617267650073656E7357
:10E700006F725F636F6D6D5F6131323100000000C9
:10E7100053656E736F7220256C75206E6F74207256
:10E720006561647920666F722072756E6E696E67BE
:10E730002061206E65772070726F6772616D0000D6
:10E7400073656E736F725F70726F746F636F6C5FFF
:10E750006131323100000000496E76616C696420DD
:10E760006275666665722073656E736F7220256CC4
:10E770007500000047656E657269633120496E74EB
:10E7800065727275707420616C7265616479206362
:10E790006C6561726564206F6E2073656E736F7255
:10E7A00020256C75000000004E6F206576656E7444
:10E7B00020636F6465205B307825785D2072656327
:10E7C00065697665642066726F6D2073656E736F20
:10E7D0007220256C750000004572726F722065769C
:10E7E000656E7420636F6465205B307825785D20EA
:10E7F00072656365697665642066726F6D20736506
:10E800006E736F7220256C7500000000496E766192
:10E810006C6964206576656E7420636F6465205B47
:10E82000307825785D207265636569766564206659
:10E83000726F6D2073656E736F7220256C750000AA
:10E8400053707572696F7573206576656E7420728A
:10E8500065636569766564207768656E20444F4E10
:10E860004520657870656374656421205265636531
:10E8700069766564206576656E7420636F646520D3
:10E880003D2025640000000063616C696272617460
:10E89000696F6E5F613132315F63616C5F736573A5
:10E8A00073696F6E0000000072756E6E696E6700AE
:10E8B00073746F70706564005B256C755D205365C3
:10E8C0006E736F7220257340256875005B256C752B
:10E8D0005D205363726174636870616420636F6E5E
:10E8E000666967202568753A203078253034687865
:10E8F000000000005B256C755D2077616B657570AD
:10E900005F737461747573303A20307825303468E1
:10E91000780000005B256C755D20696E7075746D04
:10E9200075785F77616B6575705F696E707574255A
:10E9300068755F636F6E6669673A2030782530349A
:10E94000687800005B256C755D2077616B6575707C
:10E950005F696E7075742568755F77616B6575703A
:10E960005F636F6E6669673A20416464723D256833
:10E97000753A203078253034687800005B256C7556
:10E980005D2077616B6575705F696E707574256861
:10E99000755F61636B5F636F6E6669673A20202005
:10E9A00020416464723D2568753A20307825303402
:10E9B000687800005B256C755D20537461636B2083
:10E9C0006C6576656C202568753A20416464723DFB
:10E9D0002568753A20256875000000005B256C7578
:10E9E0005D2041736963206572726F723A203078DE
:10E9F00025303468780000005B256C755D20202090
:10EA00004552524F523A2025730000004F666673FC
:10EA100065743A20256875204D6F646966792076A3
:10EA2000616C7565203D20256C7520746F6F206CBE
:10EA30006172676520286D6178696D756D20256C40
:10EA400075290000636F6E6670726F6772616D008A
:10EA5000496E76616C69642064617461206F6274D0
:10EA600061696E656420666F7220706174636869A5
:10EA70006E670000556E61636B6E6F776C656467DF
:10EA80006564206576656E7420646574656374657D
:10EA900064206F6E2073656E736F7220256C750035
:10EAA00053656E736F7220256C75206E6F742072C3
:10EAB0006561647920666F72206C6F6164696E674E
:10EAC0002061206E65772070726F6772616D000043
:10EAD0005374617465206E6F7420757365640000F3
:10EAE000656C656D656E745F6672616D65000000D2
:10EAF0005363726174636820697320757365642061
:10EB0000627574206E6F7420736574005363726154
:10EB100074636820616E64207374617465206E6F25
:10EB20007420757365640000656C656D656E745F57
:10EB300073696E6B5F613132315F63616C6C62610E
:10EB4000636B00004F75747075742063616E206E86
:10EB50006F742062652073657420666F722073691C
:10EB60006E6B20656C656D656E740000496E766134
:10EB70006C69642070726F63657373696E67206877
:10EB8000616E646C6500000070726F636573736919
:10EB90006E670000496E76616C696420636F6E6613
:10EBA00069672068616E646C65000000636F6E6663
:10EBB00069670000253032753A253032753A2530C4
:10EBC00032752E253033752028256329202825739A
:10EBD000292025730A0000004557495644000000CB
:10EBE0004F7574206F66206D656D6F72790000003F
:10EBF0007273735F696E746567726174696F6E00BA
:10EC0000416464726573733A20256875204D6F64A2
:10EC10006966792076616C7565203D20256C7520CC
:10EC2000746F6F206C6172676520286D6178696D03
:10EC3000756D20256C752900496E76616C696420BC
:10EC400064617461206F627461696E656420666FCF
:10EC500072206C697665207061746368696E670004
:10EC6000496E76616C6964207265666572656E6373
:10EC700065206672657175656E6379202573256CF4
:10EC8000752E2530366C7520487A00006370645FFD
:10EC9000706C6C5F64697669736F7273000000005A
:10ECA00053656E736F722063616C6962726174691F
:10ECB0006F6E2073746570202564206661696C65D1
:10ECC0006400000063616C6962726174696F6E5FF9
:10ECD0006131323100000000496E76616C69642058
:10ECE0006E756D626572206F6620737562737765ED
:10ECF000657073007472616E736C6174696F6E5FBE
:10ED00006131323100000000496E76616C69642027
:10ED100073776565705F726174650000656E61622E
:10ED20006C655F636361206E6F742076616C6964EB
:10ED3000207769746820646F75626C655F627566C0
:10ED4000666572696E6700005375627377656570FA
:10ED5000202568752068617320696E76616C69642E
:10ED60002050524600000000496E76616C696420B4
:10ED70006672616D655F726174650000496E7661EF
:10ED80006C69642073657474696E677320666F7252
:10ED900020636F6E74696E756F75735F73776565E9
:10EDA000705F6D6F64650000696E7465725F667296
:10EDB000616D655F69646C655F7374617465206D16
:10EDC000757374206265207468652073616D6520B9
:10EDD0006F7220646565706572207468616E206969
:10EDE0006E7465725F73776565705F69646C655F8B
:10EDF0007374617465000000496E76616C6964200B
:10EE0000696E7465725F6672616D655F69646C6579
:10EE10005F73746174650000496E76616C6964208B
:10EE2000696E7465725F73776565705F69646C6540
:10EE30005F73746174650000496E76616C6964206B
:10EE40006877616173000000496E76616C696420C7
:10EE5000636F6D62696E6174696F6E206F66206C9E
:10EE60006F6F706261636B20616E642070726F6699
:10EE7000696C6500496E76616C696420636F6D62D0
:10EE8000696E6174696F6E206F662070726F66695B
:10EE90006C6520616E64207072660000496E766158
:10EEA0006C69642070726F66696C6500496E76618A
:10EEB0006C696420737465705F6C656E677468005C
:10EEC000496E76616C6964206E756D5F706F696EF6
:10EED0007473000070686173655F656E68616E636E
:10EEE000656D656E74206E6F742076616C69642048
:10EEF000776974686F757420737562747261637476
:10EF00005F696E5F6275666665720000496E766164
:10EF10006C696420737461727420706F696E740020
:10EF2000496E76616C6964206E756D626572206FE2
:10EF30006620706F696E7473206F722073746570D1
:10EF4000206C656E67746800496E76616C69642038
:10EF500070726600537461727420706F696E7420F1
:10EF60006F722072616E676520746F6F20666172C8
:10EF700000000000537461727420706F696E742019
:10EF8000746F6F20636C6F7365000000496E76616B
:10EF90006C69642072656365697665725F67616933
:10EFA0006E000000496E76616C69642054582070D0
:10EFB0006F77657220617474656E756174696F6EC8
:10EFC000000000004661696C656420746F20636115
:10EFD0006C63756C6174652070756C7365736861C2
:10EFE0007065722073657474696E67732100000028
:10EFF000546865206D6178696D756D2073776565FE
:10F00000702072617465206973202564000000001F
:10F010004163636F6E65657220736F6674776172AA
:10F02000652076657273696F6E2025730A00000093
:10F030006163635F636F6E6669675F637265617466
:10F04000652829206661696C6564000070697065D7
:10F050006C696E655F613132310000004661696C38
:10F06000656420746F20676574207261646172202A
:10F07000656E67696E65206D6574616461746100B9
:10F08000706970656C696E655F73756273776565CD
:10F0900070000000506970656C696E65206E6F7459
:10F0A0002070726F7065726C7920617373656D6228
:10F0B0006C656400417373656D626C652073756285
:10F0C000737765657020706970656C696E65206620
:10F0D00061696C65640000006163635F70726F63F7
:10F0E000657373696E675F63726561746528292053
:10F0F0006661696C656400006163635F7273735F6E
:10F100006765745F6275666665725F73697A6528A4
:10F1100029206661696C656400000000627566669E
:10F12000657220616C6C6F636174696F6E206661DB
:10F13000696C656400000000556E657870656374E5
:10F14000656420617369635F696420666F756E64CE
:10F15000203D20307825780053656E736F722069EA
:10F160007320696E2077726F6E67207374617465A7
:10F17000000000006163635F73656E736F725F63AD
:10F1800072656174652829206661696C6564000098
:10F190006163635F73656E736F725F63616C6962F5
:10F1A000726174652829206661696C6564000000DD
:10F1B000496E76616C69642063616C696272617426
:10F1C000696F6E004E6F7420706F737369626C6547
:10F1D00020746F207265636F6E6669677572652053
:10F1E0007768656E20646F75626C6520627566660F
:10F1F0006572696E6720697320636F6E66696775F3
:10F200007265640053656E736F7220256C75206E95
:10F210006F7420726561647920746F206265207557
:10F2200070646174656400006370645F61313231E1
:10F230005F6D6561735F73657373696F6E00000066
:10F240004C6F61642070726F6772616D20666169D6
:10F250006C6564006163635F73656E736F725F708A
:10F260007265706172652829206661696C65640049
:10F270006163635F73656E736F725F6D65617375F4
:10F280007265206661696C656400000053656E7389
:10F290006F7220696E746572727570742074696D16
:10F2A000656F7574000000004275666665722073B4
:10F2B000697A6520746F6F20736D616C6C0000005B
:10F2C00053656E736F7220256C75204E6F207065CC
:10F2D0006E64696E6720696E746572727570740011
:10F2E00053656E736F7220256C75206576656E743C
:10F2F000206973206E6F742048414E445348414B3F
:10F3000045205B307825785D00000000496E76610D
:10F310006C696420627566666572206C656E6774E0
:10F32000680000005472616E7366657220646174D7
:10F33000612066726F6D2073656E736F7220746FDB
:10F3400020686F7374206661696C6564000000005A
:10F350006163635F73656E736F725F726561642072
:10F360006661696C6564000050726F6365737365F4
:10F3700064206461746120666F7220636F6E6669D9
:10F380006720256C753A0A002568692B256869692C
:10F390000000000025313473200000004170706CC3
:10F3A00069636174696F6E2066696E69736865640C
:10F3B000204F4B00646F6E655F6572726F72000064
:10F3C000737461636B5F6F766572666C6F77000054
:10F3D000737461636B5F756E646572666C6F7700E2
:10F3E0007370695F756E6B6E6F776E5F636D6400CF
:10F3F0007370695F6D697373696E675F61636B00DA
:10F400006164635F6669666F5F66756C6C000000BF
:10F410006164635F746F6F5F666173740000000006
:10F4200041736963206964656E746974793A000098
:10F43000537461636B5F6C6576656C5F7374617444
:10F4400075735F726567697374657200496E746580
:10F45000727275707420737461747573207265674D
:10F460006973746572000000000FC93F000F4940C6
:10F4700000CB9640000FC9400053FB4000CB164123
:10F4800000ED2F41000F49410031624100537B41A3
:10F49000003A8A4100CB9641005CA34100EDAF41A8
:10F4A000007EBC41000FC94100A0D5410031E241BE
:10F4B00000C2EE410053FB4100F20342003A0A420F
:10F4C0000083104200CB164200141D42005C234210
:10F4D00000A5294200ED2F4200363642007E3C4214
:10F4E00000C74242000F4942A2000000F90000009C
:10F4F000830000006E0000004E0000004400000089
:10F500001500000029000000FC000000270000009A
:10F5100057000000D1000000F5000000340000009A
:10F52000DD000000C0000000DB0000006200000001
:10F5300095000000990000003C000000430000001E
:10F540009000000041000000FE000000510000009B
:10F5500063000000AB000000DE000000BB00000004
:10F56000C500000061000000B7000000240000009A
:10F570006E0000003A000000420000004D00000054
:10F58000D2000000E000000006000000490000007A
:10F590002E000000EA00000009000000D100000079
:10F5A000920000001C000000FE0000001D00000092
:10F5B000EB0000001C000000B1000000290000006A
:10F5C000A70000003E000000E800000082000000EC
:10F5D00035000000F50000002E000000BB00000018
:10F5E0004400000084000000E90000009C000000CE
:10F5F0007000000026000000B40000005F00000062
:10F600007E00000041000000390000009100000071
:10F61000D600000039000000830000005300000005
:10F6200039000000F40000009C000000840000008D
:10F630005F0000008B000000BD000000F90000002A
:10F64000280000003B0000001F000000F800000040
:10F6500097000000FF000000DE0000000500000031
:10F66000980000000F000000EF0000002F000000D5
:10F67000110000008B0000005A0000000A0000008A
:10F680006D0000001F0000006D000000360000004B
:10F690007E000000CF00000027000000CB0000002B
:10F6A00009000000B70000004F0000004600000005
:10F6B0003F000000660000009E0000005F000000A8
:10F6C000EA0000002D000000750000002700000087
:10F6D000BA000000C7000000EB000000E5000000D9
:10F6E000F10000007B0000003D000000070000006A
:10F6F00039000000F70000008A00000052000000FE
:10F7000092000000EA0000006B000000FB00000017
:10F710005F000000B10000001F0000008D0000002D
:10F720005D0000000800000056000000030000001B
:10F730003000000046000000FC0000007B000000DC
:10F740006B000000AB000000F0000000CF000000E4
:10F75000BC000000200000009A000000F40000003F
:10F76000360000001D000000A9000000E3000000BA
:10F7700091000000610000005E000000E600000053
:10F780001B00000008000000650000009900000058
:10F79000850000005F00000014000000A0000000D1
:10F7A00068000000400000008D000000FF00000025
:10F7B000D8000000800000004D0000007300000031
:10F7C00027000000310000000600000006000000D5
:10F7D0001500000056000000CA0000007300000081
:10F7E000A8000000C900000060000000E200000066
:10F7F0007B000000C00000008C0000006B000000D7
:10F800000000C93F0000F0390000DA370000A233E1
:10F810000000842E0000502B0000C2270000D022E0
:10F820000000C41F0000C61B0000441704000000B5
:08F830000700000009000000C0
:08F83800B478FF7F010000001D
:08F84000A5770008000000009C
:08F848007D77000800000000BC
:10F8500000093D00100000006262615F63616C5F3F
:10F860006374726C5B785D0074785F667265715F5B
:10F870006B687A5B785D00002C00002000000000BF
:10F88000E40300204C040020B40400200000000029
:10F890000000000000000000000000000000000068
:10F8A0000000000000000000000000000000000058
:10F8B0000000000000000000000000000000000048
:10F8C0000000000000000000000000000300000035
:08F8D000E40300200000000029
:04000005080081214D
:00000001FF
