:020000040800F2
:100000000000012089850008A95F0008AD5F000895
:10001000B15F0008B55F0008B95F0008000000008C
:10002000000000000000000000000000BD5F0008AC
:10003000C15F000800000000C55F0008C95F00083C
:10004000D9850008D9850008D9850008DD5F00083A
:10005000D9850008D9850008D9850008D985000808
:10006000D985000819600008D9850008D9850008DD
:100070002D60000839600008D9850008D98500087E
:100080004560000851600008D9850008D98500083E
:10009000D9850008D9850008D9850008D9850008C8
:1000A000D9850008D9850008D9850008D9850008B8
:1000B000D98500080000000000000000D985000874
:1000C000D98500085D600008D9850008D985000839
:1000D000D9850008D985000885600008D985000801
:1000E0007164000885640008000000000000000042
:1000F0000000000000000000000000000000000000
:1001000000000000D985000800000000D985000823
:100110000000000000000000D9850008D985000813
:10012000D9850008D9850008D9850008D985000837
:10013000D985000800000000000000000000000059
:10014000D9850008D9850008D9850008000000007D
:10015000D9850008D9850008D9850008D985000807
:10016000D9850008D9850008D9850008000000005D
:10017000D9850008D98500080000000000000000B3
:10018000D9850008D9850008D9850008000000003D
:10019000BFF34F8F0549064BCA6802F4E062134370
:1001A000CB60BFF34F8F00BFFDE700BF00ED00E065
:1001B0000400FA0508B518B1064B02689A4207D048
:1001C000054B064A1B69064900209847002008BDD8
:1001D000012008BD0EB03713880000207CEA00081B
:1001E00094EA0008B1F804C093680A899A80BCF1C7
:1001F000000C18BF4FF0010CCA7983F800C091F8C9
:1002000006C083F801C09A70986070470346006882
:10021000D3F8E8104268C3F8F0101047D0E90F2374
:10022000816B0069184700BF0068C368184700BFAA
:10023000704700BF10B1024B9B681847704700BF62
:100240008800002000688368184700BF08B518B10F
:10025000064B02689A4207D0054B064A1B690649BD
:1002600000209847002008BD012008BD0FB03713BB
:10027000880000209CEA0008B4EA0008B5EEC00A35
:10028000DFED0D7A9FED0D7AF1EE10FA54BF30EEEE
:10029000270A37EEC00ADFED087A70EE277AFCEE07
:1002A000E77AF8EE677A30EE670A20EE070AFCEE8E
:1002B000C07A17EE900A7047BD370635002474499E
:1002C00090F824C0BCF1010F3CD070B590F825C067
:1002D0000124A44580F824405FFA8CFE04D000235A
:1002E00080F82430022070BD022580F82550046873
:1002F0000025C5632668456C26F00106266005F0DA
:100300001C05066C0EFA05F5756063608368102B9A
:10031000036B0BBFA260A160E160E2604BB1236898
:1003200043F00E032360236843F0010300202360A1
:1003300070BD236823F004032360236843F00A039D
:100340002360F0E7022070472DE9F0417A4C00234A
:10035000237694F87D30012B0D46616A08D0B1F503
:10036000827F64D1D8B2A36A002B60D104285ED109
:10037000002D5CD092B2002A59D094F87C30012B29
:1003800055D094F87D30266AA565042B1CBF052343
:1003900084F87D3001210023C4F8803084F87C107B
:1003A000A4F85E20A4F86620C4E91B337368A4F89F
:1003B0005C2023F4C0432566A4F864207360E36ADC
:1003C000A06FB3F5E06F34D8636F99697368B1F5C6
:1003D000806F43F48053736000F082808369B3F5CB
:1003E000806F69D094F87D30544A042B544B18BF69
:1003F0001346544A0363544B4363544B18BF13468C
:10040000C362B4F866304FF00008C0F838809BB281
:1004100006F10C012A46FFF753FF074670B1D4F8E6
:10042000803084F87C8043F01003C4F88030BDE84D
:10043000F081736823F480537360D3E77368606F4F
:1004400043F001037360B4F85E300A46C0E90B77ED
:10045000C0E90D7729469BB2FFF732FF00284CD147
:1004600033685B0623D5002384F87C30736843F03F
:1004700020037360736843F002037360D4F8842030
:10048000237E002BD3D141F2873109E072B6237E5F
:1004900003B930BF62B6BFF36F8F237E002BC6D186
:1004A000D4F884309B1A8B42F0D9BDE8F0813368D0
:1004B00043F040033360D6E7736823F480537360DE
:1004C000B4F8663013F0010F73681FD123F40053A2
:1004D0007360B4F86630C3F34E03A4F8663081E766
:1004E000D20773681DD423F480437360B4F85E3080
:1004F000C3F34E03A4F85E3070E7D4F8803084F87C
:100500007C7043F01003C4F8803090E743F400534C
:100510007360B4F86630C3F34E030133A4F8663059
:1005200060E743F480437360B4F85E30C3F34E0376
:100530000133A4F85E3051E788000020B90A0008B2
:10054000B50A0008791D0008BD0A0008C91C00088A
:1005500070B4436C066C056831682C6803F01C03AA
:1005600004229A400A420ED014F0040F0BD02B68DC
:100570009B0603D42B6823F004032B60036B72608B
:10058000CBB170BC184702229A400A4215D014F031
:10059000020F12D02B68990606D42B6823F00A03A9
:1005A0002B60012380F82530C36A7260002180F837
:1005B0002410002BE5D170BC704708229A400A42F3
:1005C000F9D02207F7D52A68416B22F00E022A6083
:1005D000012202FA03F300247360C26380F824400E
:1005E00080F825200029E6D070BC0847234A93688C
:1005F000D26813F00C0305D00C2B32D0042B36D16B
:100600001F4870471D4A1168090754BFD2F894204B
:1006100012681C4954BFC2F30322C2F3031251F8FB
:100620002200002BEDD0154BDB6803F00303022BF7
:1006300022D0154A032B08BF1046104BD968DA6840
:10064000DB68C3F34163C2F30622C1F30211013335
:1006500000FB02F201315B00B2FBF1F2B2FBF3F0FE
:10066000704702F00302012ACCD00020DBE7082B00
:10067000054818BF002070470148DEE7001002401F
:100680000024F40028AB000800127A00064A074B49
:1006900092680749C2F302221344086893F8303085
:1006A00003F01F03D84070470010024028AB000839
:1006B00000000020064A074B92680749C2F3C22295
:1006C0001344086893F8303003F01F03D840704794
:1006D0000010024028AB000800000020434A0368D5
:1006E00030B4D468A40707D0D46804F003049C4253
:1006F0004AD0012030BC7047022B56D0032B4DD07E
:10070000012BF6D112689207F3D5384CE26822F03B
:10071000730213434268013A43EA0213E360334C25
:10072000334A236823F080632360D2F8845004E0C6
:10073000D2F884305B1B022B3BD823681B01F7D413
:1007400083681B02002936D12169C56821F07841F0
:1007500021F4FE4143EAC5630B43236123490B683F
:1007600043F080630B60D2F8844004E0D2F8843018
:100770001B1B022B1DD80B681B01F7D582690B6967
:10078000134300200B61B5E7002CB2D0D368426858
:10079000C3F3021301339342ABD1C0E71468A4033F
:1007A000B3D412685203A4D5AFE712685505A0D59B
:1007B000ABE703209EE7012921690BD021F0C0613E
:1007C00021F4FE41194343695B08013B41EA43615F
:1007D0002161C3E721F4C00121F4FE410B4301690B
:1007E0004908013943EA41532361B7E70010024049
:1007F00088000020F0B504680546200583B000F1AC
:10080000F5800026A10351D5A74B9A6DD20040F187
:10081000F8800027A549A64A0B6843F480730B6053
:10082000D2F8840005E0D2F884301B1A022B00F2C3
:1008300001810B68DB05F6D5AEBB9B49A86DD1F8ED
:10084000903013F4407326D0834224D0D1F890C066
:10085000D1F8903043F48033C1F89030D1F8903023
:1008600023F48033C1F890301CF0010F2CF4407356
:10087000C1F890300FD0D2F884E041F2883C06E015
:10088000D2F88430A3EB0E03634500F2D380D1F895
:1008900090309B07F4D5844AD2F8903023F440730B
:1008A0000343C2F89030002F40F0DC80E10708D508
:1008B0007D4A296AD2F8883023F003030B43C2F83B
:1008C0008830A20708D5784A696AD2F8883023F0C0
:1008D0000C030B43C2F88830630708D5724AA96A33
:1008E000D2F8883023F030030B43C2F88830A706D3
:1008F00008D56D4AE96AD2F8883023F440630B4387
:10090000C2F88830A00508D5674AE96BD2F888306C
:1009100023F440230B43C2F88830610508D5624AAE
:10092000296CD2F8883023F440130B43C2F8883086
:10093000620608D55C4A296BD2F8883023F440530C
:100940000B43C2F88830230608D5574A696BD2F8A2
:10095000883023F440430B43C2F88830E70508D5BC
:10096000514AA96BD2F8883023F440330B43C2F8C4
:100970008830200323D4374661030FD54A4AE96CF7
:10098000D2F8883023F040630B43B1F1006FC2F816
:10099000883000F08380B1F1806F77D03E466204EA
:1009A0004DD43046230408D53F4A696DD2F88830CB
:1009B00023F080430B43C2F8883003B0F0BD3A4ABD
:1009C000A96CD2F8883023F040630B43B1F1006F7B
:1009D000C2F888304CD0B1F1806FCCD10121281DF4
:1009E000FFF77CFE07460028C5D0C5E76F6CB7F55A
:1009F000000F11D0B7F5400F13D0002F3DD00126C6
:100A000000E79A6D42F080529A659B6D03F0805327
:100A10000193019B0127FDE6234AD36843F4803309
:100A2000D360214AD2F8883023F440033B43C2F814
:100A30008830E6E60326002F3FF438AF12E01A496B
:100A40002A6DD1F8883023F040531343B2F1805F10
:100A5000C1F88830A5D10221281DFFF73FFE0028EC
:100A60009FD09FE7104A936D23F0805393651DE755
:100A7000D36843F48013D3607DE73946281DFFF720
:100A80002DFE064600287FF4BDAECAE70121281DD1
:100A9000FFF724FE0646002880D080E7D36843F4A1
:100AA0008013D3607AE700BF00100240007000405E
:100AB00088000020704700BF704700BF836A196834
:100AC0004A6822F003024A601A6E4FF0010C42F0AD
:100AD00010021A6683F85DC0704700BF026852E8D2
:100AE000003F23F4907342E800310029F7D102F16E
:100AF000080353E8003F23F0010302F1080C4CE81F
:100B000000310029F3D1036E012B06D000232022EF
:100B1000C0F8802083660366704752E8003F23F0E8
:100B2000100342E800310029F0D052E8003F23F0E2
:100B3000100342E800310029EFD1E7E770B50568FE
:100B4000EC6931EA040405D05E1C06D1EB6931EA98
:100B50000303FBD10023184670BD164CD4F8844023
:100B6000A41AA34218D3BBB12C686407E8D5802926
:100B7000E6D04029E4D0EC6914F008040ED1EE6907
:100B80003605DDD54FF400632B62FFF7A7FF202366
:100B9000C0F8843080F878400323DCE708242C6216
:100BA000FFF79CFF00220123C0F8844080F87820E2
:100BB000D1E700BF88000020836A0022A3F85A20F2
:100BC000A3F85220704700BF10B520B10C4B02684B
:100BD0009A42044607D00B4B0B4A1B690B49BDE8F0
:100BE000104000201847406818B1C3689847002398
:100BF0006360002323602046BDE81040FFF71ABB66
:100C00000DB0371388000020BCEA0008D8EA0008BD
:100C100010B50446FFF7CEFA00B910BD20690023D5
:100C2000236008B1FFF706FB2046BDE81040FFF740
:100C300001BB00BF2DE9F041174F1D467B6913B181
:100C4000BDE8F0411847FB684FEA4208002AF7D098
:100C50008F1EA8F1020406468E460C443A4632F82E
:100C600002CF9CFA9CFCA242A2F800C0F7D14246F7
:100C70007146304698470DB9BDE8F08137F8023F1C
:100C80005BBAA7423B80F7D037F8023F5BBAA74276
:100C90003B80F3D1F0E700BF880000202DE9F04F42
:100CA000A5B00446FFF786FA10B925B0BDE8F08F6D
:100CB000DFF80481A56898F88830012B05D9D8F8A9
:100CC0001030374A3749022098477822364906A81B
:100CD00008F072FFD8F81430344A0492002B55D033
:100CE00004AF0222394628469847DFF8D0A00DF11C
:100CF000180B0026BBF80440BBF80690A144A145A0
:100D000032DD039705E0624698470134A4B2A1455D
:100D100029DD44F4405C0399ADF810C00123284656
:100D20000322ADF81260ADF81460FFF783FFDBF823
:100D30000830BDF814C021462846002BE3D198F8AE
:100D400088201849012A2B4652464FF00200DCD970
:100D5000DBF80070CDE9007C0134D8F81070A4B243
:100D6000B847A145D5DC039F0BF10C0B24AB9B4589
:100D7000C0D198F88830012B97D9D8F810300C4A98
:100D80000849022025B0BDE8F04F1847094B0493ED
:100D900004AFD8F80C300422394628469847A4E717
:100DA000E4EA000820EB000860AB0008D510010061
:100DB00048EB000810D500018800002034EB000843
:100DC0002DE9F047D0F800800546B8F1000F1ED09D
:100DD000D8F898700FB3124E07F148044FF000098D
:100DE000583754F8040F18B1B3689847C4F8009006
:100DF000A742F6D1D8F89800B36800B19847B36815
:100E000040469847B3682846BDE8F0471847044E67
:100E10002846B368BDE8F0471847014EEFE700BF2A
:100E200088000020F8B505460088002A1C460CBF43
:100E30004FF400534FF48053B0F59C6F0E460ED321
:100E400000F151077F008342BFB235D21C4B1D4ACF
:100E50001B691D49002098474FF0000C03E040F645
:100E600062274FF0010C1949194AC4E9011202F135
:100E70001912E26002F119122261234600226280F7
:100E80005122A28223F8167B29686A68A868EF6855
:100E9000C4F816105A609860DF602969A8696A6909
:100EA0009861196196E803005A61AA8B9A833434D9
:100EB00084E803006046F8BD4FF0010CD3E700BFA3
:100EC0008800002084EB0008A4EB00080100020069
:100ED00003001B0000B583B041F4A04101239446F8
:100EE0004FEA124EADF80010ADF802300422002394
:100EF0006946ADF804E0ADF806C0FFF79BFE03B00D
:100F00005DF804FB10B50E4C8C461146228803F1A7
:100F1000020EB2EB4E0F06D223690A4A0A49BDE817
:100F2000104000201847013B4CF4A04C4B802EF0A1
:100F30000042A1F800C0BDE8104000237AE600BFDF
:100F400088000020B8EB0008D8EB0008F0B583B0AB
:100F500043F21C02009201230E460024032269463C
:100F60000746ADF80440FFF765FEBDF8043013F402
:100F7000006517D141F21B042B4669463846022210
:100F8000009446F40066FFF755FE38462B46694646
:100F90000222ADF80040ADF80260FFF74BFE0120E1
:100FA00003B0F0BD044B054A1D69054920463B4688
:100FB000A847204603B0F0BD88000020ECEB0008F5
:100FC0001CEC0008F0B5012983B00546144621D079
:100FD000022909D01B4B1C4A1C691C4903460020EE
:100FE000A047002003B0F0BD43F24603842700264B
:100FF000ADF800302846012303226946ADF80260AF
:10100000ADF80460FFF716FEBDF8040030B164B916
:101010000120E7E743F245038327E8E7094B0C4A41
:101020001C690A492B46A047DBE747F48057334643
:10103000694628460222ADF80070ADF80260FFF75D
:10104000F9FDE5E78800002034EC00081CEC0008FE
:1010500050EC0008F0B5012985B00646154631D0A0
:10106000022924D143F2320301240027ADF80830CD
:101070000322012302A93046ADF80A70ADF80C70C6
:10108000FFF7D8FDBDF80C306B8003F00702012A92
:101090002A8027D013F0060018D11649164A0C6989
:1010A00016490096A0470024204605B0F0BD114B1C
:1010B000134A1C69114903460020A0474FF44053CE
:1010C0000024D2E743F233030C46CEE7023A012A6A
:1010D000EAD9084A0096146908490A4A3846A047DE
:1010E0002F80E0E70349084A0C6904490096384616
:1010F000A047D8E78800002084EC00081CEC00081A
:1011000034EC0008E8EC0008B4EC000810B582B03C
:1011100001AA01210446FFF79DFF0022012120467C
:10112000FFF750FFBDF80430022B08D00549064AEE
:101130000C6906490020A047002002B010BD012024
:1011400002B010BD880000201CED000864ED00080E
:1011500010B50C4C94F88810012982B00FD90A49B7
:10116000246912F4006F0346084818BF0846C2F30A
:101170000A01CDE90001064A06490220A04702B053
:1011800010BD00BF8800002084ED00088CED000831
:1011900094ED000820EB000810B50A4C94F888C0C4
:1011A000BCF1010F82B00AD92C3989B2034610462E
:1011B0002469054ACDE9001004490220A04702B085
:1011C00010BD00BF88000020A8ED000820EB00083B
:1011D00030B5084991F88840012C83B008D902F055
:1011E0000F040D69044A0549009403460220A847EC
:1011F00003B030BD88000020D0ED000820EB0008CF
:1012000010B50A4C94F888C0BCF1010F82B00AD91D
:101210007D3989B2034610462469054ACDE900109C
:1012200004490220A04702B010BD00BF8800002082
:10123000F0ED000820EB000810B5A1F1620C134C92
:101240001CF0010F034694F888E084B01FFA8CF07C
:101250000DD1BEF1010F08D9400824690292CDE9F1
:1012600000010B4A0B490220A04704B010BDBEF19B
:10127000010FFAD9400824690292CDE90001064A1B
:1012800004490220A04704B010BD00BF8800002020
:1012900020EE000820EB000858EE000810B50A4CBC
:1012A00094F888C0BCF1010F84B00BD90346A1F5B6
:1012B0008C7080B224690090CDE901120220034AAB
:1012C0000349A04704B010BD8800002090EE00083C
:1012D00020EB00082DE9F04F1F4EDFF888B0804664
:1012E00015460FCE91B002AC0FC40FCE0FC40FCE77
:1012F0000FC49BF888C096E80300BCF1010F84E896
:10130000030007D9DBF81040144A154900954346FD
:101310000220A047DFF850A0DFF8449002AC10AEE6
:1013200002E00834B44213D0A3881D42F9D09BF8E0
:101330008820012A4346524649464FF00200F0D920
:1013400027680097DBF810700834B847B442EBD137
:1013500011B0BDE8F08F00BFD8AB0008B8EE0008B0
:1013600020EB000888000020D4EE00082DE9F047AB
:1013700082B0BDF828400B9F03EBC4056B88002B9F
:1013800044D06E68844601EB0208043E4FF0000E24
:1013900056F8044F620092B28A4233D3424531DAA2
:1013A000C4F30170012817D002283AD090BB521A1A
:1013B00093B2C4F34459012202FA09F2974249D385
:1013C0003349013A0C6901923249334A0097A047E8
:1013D000002002B0BDE8F087521A92B20CEB42092D
:1013E0003CF81200B9F8023043EA004323F00F033F
:1013F00017B1C4F303442343180C2CF81200A9F8C6
:1014000002306B880EF1010E7345C1D8012002B085
:10141000BDE8F0871E4B214A1B691E4900209847F2
:10142000D6E7521A92B20CEB42003CF81290438875
:1014300043EA094323F00F0317B9C4F303442343DA
:101440001C0C2CF8124043806B880EF1010E734582
:101450009ED8DBE7C4F3044A0CEB43043CF81300CA
:101460006288C9F1200942EA00424FF0FF3020FAB9
:1014700009F000FA0AF022EA000207FA0AFA42EA40
:101480000A02100C2CF8130062806B88BAE700BFC8
:101490008800002020EF0008E8EE00082CEF00088C
:1014A0002DE9F04383B01D4643F440534FF000084C
:1014B000BDF82840ADF8003089461646694601233C
:1014C000032245F480550746ADF80280ADF804804C
:1014D000FFF7B0FBADF80050BDF9045004FA09F471
:1014E0006C4004EA060255404346694638460222EB
:1014F000ADF80250FFF79EFB03B0BDE8F08300BFDC
:1015000030B583B00025294600957B23FF22044691
:10151000FFF7C6FF0121009120468B230222FFF72F
:10152000BFFF8B238022009507212046FFF7B8FFDD
:1015300003B030BD70B582B043F237020023009291
:10154000ADF804300322012369460546FFF772FB1C
:10155000BDF8043013F0C00F19D143F21C0201236F
:1015600000920024694603222846ADF80440FFF7A4
:1015700061FBBDF804301B0515D50E4B0E4A1E69E4
:101580000E4920462B46B047204602B070BD094B9D
:1015900093F88820002AE0D01C69094A07492B46A5
:1015A0000120A047D9E72846FFF7AAFF012002B093
:1015B00070BD00BF880000207CEF00081CEC000814
:1015C00050EF0008002870B446DB0029034639DBE1
:1015D00088420A464BDA0025012429461B04B3FB46
:1015E000F2F343F6284293425AD946F2D632934256
:1015F00061D948F6720293425FD94AF64942934252
:101600005DD94DF2A30293425BD94FF24B729342E4
:1016100098BF052045D94FF24C7648F233224CF260
:10162000A3409B1B02FB03F300EB134014B1C0F576
:10163000C9301F3015B1C0F549303F30C1B140420B
:1016400070BC7047494209B2884217DA002501246C
:101650000A4603462146C1E7404202B2002910462D
:1016600014DB91420B4605DD99BB1D4800E050BBE1
:1016700070BC7047002401252146AFE70028DED06A
:1016800000250B4602462C460121A7E7494209B234
:101690008A424FF00105DADB0B46002429469DE71C
:1016A0000020104A02EBC00602EB8002D6E93A6045
:1016B000D2F82021B5E70120F3E70220F1E703206B
:1016C000EFE70420EDE700250B4602462C462946AD
:1016D00084E701251A462C46034600217EE700BF19
:1016E0002092010028AB00082DE9F047064680460D
:1016F00002EB42008CB0154606EB800000228946C2
:101700000DF10C0A014617464FEA870E54469FED2D
:10171000767AB31A75B103EB020CF444DCED007A6F
:101720009C46DCED006A0C3367EEA67A8B4237EEFE
:10173000277AF0D10EF1040EBEF10C0FA4EC017A61
:10174000E5D10137032F0AF1100AA2F1040201F1D9
:101750000401D9D19DED045ADDED055ADDED086A8D
:101760006A4606F10C01DFED607A43463DB11C4646
:1017700094ED007A0C33834277EE877AF7D108F143
:1017800004088845E2EC017A00F10400EBD19DEDFC
:10179000037AF0EEC77AF4EE677AF1EE10FA12D619
:1017A0009FED526AF4EE467AF1EE10FA0BDC9FEDF3
:1017B000506AF4EEC67AF1EE10FA04DAB5EE407A29
:1017C000F1EE10FA7DD0F7EE007A87EE872A9DEDD4
:1017D000073A9DED0B7A65EE023A25EE824A65EEF8
:1017E000237A65EEA34A33EE673A25EE846AF0EE7B
:1017F000C32A65EE047AF4EE622AF1EE10FA76EE70
:10180000E44A76EEE77A37EE466A06D69FED377AF7
:10181000F4EE472AF1EE10FA47DDB7EE007AC7EE94
:10182000032ADDED006A9DED017A9DED023A63EE3B
:10183000A63A67EEA27A37EE637A64EEA73A67EECD
:10184000877A36EE636A24EE264AF0EEC63A73EEE5
:10185000677AF4EE633AF1EE10FA77EEC47A06D6C0
:101860009FED224AF4EE443AF1EE10FA2FDD87EEB6
:10187000864A0120002364EE844A65EE845A77EE9E
:10188000647A89ED024A67EEA27A25EE275AC9EDFD
:10189000017A76EEC57A77EEE57A67EE827AC9ED5F
:1018A000007A33600CB0BDE8F0879FED117AF4EE5A
:1018B000C72AF1EE10FAB0DAB5EE403AF1EE10FABE
:1018C000ABD10020002333600CB0BDE8F0879FED62
:1018D000084AF4EEC43AF1EE10FAC8DAB5EE406AFE
:1018E000F1EE10FAEDD0C2E700000000FFFF7F7FAD
:1018F000000080002DE9F047C36D87690569002469
:101900007C8081461C7000F14806A04656F8043FD2
:10191000FBB1B3F838C0B3F89400B3F89610B3F83D
:10192000DC2005EB400005EB410105EB420205EB35
:101930004C0CC3E91301C3F8A820C3F814C03C70D1
:101940001868D3F8E020416883F8E880C3F8E42001
:1019500088470134E4B2042CD8D1D9F80000BDE89E
:10196000F0474368184700BF70B50446806978B1F6
:10197000E36943B10F4B93F8882022B11B690E4AEB
:101980000E49012098472068BDE8704083681847D9
:10199000084D0B4A2B6909499847E3693BB195F813
:1019A000883023B12B69044A04490120984700205C
:1019B00070BD00BF88000020ACEF0008BCEF00083D
:1019C000CCEF000830B40269B0F8423090F838101B
:1019D00032F81330032908BF83F4004340F2E511C5
:1019E00001FB03F31B0C816C8446A3F5897008800E
:1019F000BCF83C10DCF84C0032F8111039B1BCF8DE
:101A0000401032F81110012994BF0021012101700A
:101A1000BCF83E00BCF83A10DCF8505032F8111017
:101A200032F81020DCF8544040F2E51000FB02F2DE
:101A3000A3EB12431BB2002BBCF94420DCF80000DE
:101A4000B8BF5B421BB29A42A1F10102B2FA82F224
:101A5000ACBF0023012352092A70237030BC4368B5
:101A6000184700BF0068C368184700BF836910B5F6
:101A70000446BBB10D4B93F888204AB963697BB12A
:101A80000A4B0B4A1B690B4900209847002010BDE8
:101A90001B69094A0749012098476369002BEFD168
:101AA000012010BDC369002BE4D1E7E788000020C6
:101AB00020F0000804F00008E8EF00082DE9F04FDE
:101AC0009B461B68C2F51E66B34294BF9EB2B6B277
:101AD000884674084FEA520183B017464FEA8101E5
:101AE0000CD0144B08EB84041944434651F8042BE2
:101AF0005A80120C1A800433A342F7D10E4C851E73
:101B000004F1E20A04F1E40914F8013B35F8022F6C
:101B10003946CDE9003240464B463246FFF726FCB7
:101B2000A24501D00028EFD1CBF8006003B0BDE89A
:101B3000F08F00BF58BF000864AC00080068C3689D
:101B4000184700BF00688368184700BFF0B482B030
:101B50002F4E056800238DF80330D6F88430D6F870
:101B60008470C3F164031A442A4B1B6803EB83039C
:101B7000C3EBC3031B0D02FB03F30193AB681942D4
:101B80000AD135E0019C019B013B0193AB68002C1D
:101B900008BF002219422BD0B1F5C06F05D12B7BB5
:101BA000DBB28DF803309DF80330D6F88430DB1BB0
:101BB0009342E7D36B68426823F0E003B2F5827F7B
:101BC0006B6019D0836AB3F5005F07D12B6823F4EB
:101BD00000532B602B6843F400532B600122002339
:101BE00080F85D2080F85C30032002B0F0BC7047C4
:101BF000002002B0F0BC70478368B3F5004F02D0FC
:101C0000B3F5806FDED12B6823F040032B60D9E75A
:101C1000880000200000002070B4294D294BD5F821
:101C200084201B680468D5F88460C2F16402114402
:101C300083B0C3F3CB3301FB03F30193A3681A060C
:101C40002DD509E0019A019B013B0193A368002A6D
:101C500008BF00211B0622D5D5F884309B1B8B4280
:101C6000F0D36368426823F0E003B2F5827F6360DB
:101C700019D0836AB3F5005F07D1236823F40053BA
:101C80002360236843F4005323600122002380F87B
:101C90005D2080F85C30032003B070BC70470020EA
:101CA00003B070BC70478368B3F5004F02D0B3F542
:101CB000806FDED1236823F040032360D9E700BFA3
:101CC000880000200000002038B52A4A0368D2F8B6
:101CD00084501B689B061BD4846A2368A2685868DA
:101CE000616820F0200058609AB15868B1F5827F91
:101CF00020F00100586022D029462046FFF78CFFD3
:101D0000B0B901230022A4F8462084F85D30236E88
:101D100038BD5A68B1F5827F0CBF22F0030222F071
:101D200001025A6029462046FFF776FF0028E8D0D6
:101D3000236E43F02003236620232366E1E7B2F5F8
:101D4000004F12D11A6822F0400229461A6020463C
:101D5000FFF762FF0028EBD12A464FF4C06120460E
:101D6000FFF7F4FE0028CCD0E2E7B2F5806FE9D0AF
:101D7000C2E700BF88000020F8B51C4D0368D5F805
:101D800084701B68846A9B062CD42668736823F0D1
:101D9000200373603A464FF4C0512046FFF7D6FE49
:101DA00058B939462046FFF737FF30B93A464FF465
:101DB000C0612046FFF7CAFE38B1236E43F020030E
:101DC0002366236E43F020032366736823F0030326
:101DD000736000220123E287A4F8462084F85D3076
:101DE000236E0BB901232B76F8BD00BF88000020BD
:101DF00030B4124D124C00F1BC0C002143680B446E
:101E0000024640F8043F12689A1AAA4209DD50F8C7
:101E1000042CA3F5C9237E3BA1F5C92103607E39BB
:101E20009A1AA24206DA03F5C92301F5C9217E33C5
:101E300003607E318445E1D130BC70473F2403000C
:101E4000C1DBFCFF2DE9F04FBFB00DF138090D46A5
:101E50009046019300F1020B3EAFCA46002440F6C3
:101E6000B73631E025B335F8141001F01F0E4FEAF4
:101E7000912C0EF1300E00FB0EF0C1F34411ACF1C9
:101E8000200C02FB0CFC002801F1300102FB01F1E7
:101E9000B8BF3F30BCF1000FB8BF0CF11F0C801170
:101EA000002900EB6C10B8BF3F3100B241F38F1135
:101EB0000134182C08BF0024FFF784FB4AF8040BF8
:101EC000BA450BF1040B0ED0BBF900203BF9020C14
:101ED00002FB02FC00FB00CCB4451146C2DC002032
:101EE0003FB0BDE8F08F0DAC0DF1060109F15C05C6
:101EF000224652F8043F002BB8BF0F3302311B11AA
:101F000095420B80F5D14846FFF772FF002254F846
:101F1000043F216EA542A3EB01031A44F7D1124BF3
:101F200083FB0213D217C2EBA31404F59943303399
:101F30004CF662129342D2D802AE35460FCD4D45D3
:101F400008F1100806F1100648F8100C48F80C1CAF
:101F500048F8082C48F8043CEFD1019B01201C8074
:101F60003FB0BDE8F08F00BFABAAAA2A2DE9F04F21
:101F700087B04FF0000E164600EB41090290821E1A
:101F8000CDE90316A9F1120935464FF0010BF246CF
:101F9000F4467046CDF804E005931EE040F2EE21D1
:101FA0008B4240DC634500DD9C464FF0000BBEF1E8
:101FB000000F0ABF4FF0000B70460120CAF1000865
:101FC0004345019BB8BFA4EB060ABB4238BF3B4662
:101FD0009145019305F102052BD0568A32F8024F44
:101FE000331B03F50048B8F5803F2746D6D240F2B0
:101FF000EE218B422B8007DD178868B9634515DD1C
:102000009C464FF0010ED9E7514917889C45B8BF4F
:102010009C468B42D2DACAE7634500DD9C46864681
:102020004FF0000BCAE74FF0000BE6E74FF0010E50
:10203000C4E71946DDE90346059BBBF1000F03D158
:10204000002007B0BDE8F08FBEF1000FF8D00028E7
:10205000F6D0CDE9031C0027A4F11C09B84606F10F
:1020600012043D463E46BE46D34634F9021F019651
:1020700001EB810C01EB4C010A22A246A4463CF97B
:10208000026D02FB06113AF9026F02FB0611013ADA
:10209000F5D1019EA942C4BFF0460D468E42C8BF8D
:1020A00077460EF1010EC8BF0E46F145DDD14CF268
:1020B0005034A542DDE9031CDA46C1DD254CA642B9
:1020C000BEDABCF1000FBBD0BBF1000FB8D0029C50
:1020D000119D2488C900E4004DB18C4205D2ACEBBF
:1020E0000402013A0A44B2FBFCF2119D2A60109AE4
:1020F000002AA6D0002BA4D0029A08F10E0532F8CF
:102100001520B4EBC20F4FEAC20606D2ACEB0404B2
:10211000013C3444B4FBFCF42D1B029A0E3732F818
:102120001720B1EBC20F4FEAC20405D94A1E524430
:10213000121BB2FBFAF2BF1A55EA070280D4BD4265
:102140003FF77EAF109A7F1B17601D6079E700BFD5
:1021500012FDFFFFB03CFFFF2DE9F04F204C9346EE
:102160009A46851E8A1E04F1E2074FF000084FF4DC
:102170001E6604F1E40935F8021F32F8023F994265
:1021800022D0217809EBC1014B8833B34968002084
:1021900001EB830347F6FF7E51F804CB1FFA8CFC5A
:1021A000E64528BFE646604538BF60468B42F3D11E
:1021B000400080B24FEA4E0E80451FFA8EFE38BFB7
:1021C0008046764528BF76460134BC42D3D1ABF871
:1021D0000060AAF80080BDE8F08F4FF6FE7EF0E7C1
:1021E00064AC00081249D1F88C20D06810F040008F
:1021F00001D0002070474FF0FF3310B4D360D1F806
:102200008440D3685B0610D4032803D10DE0D36863
:10221000580609D4D1F884301B1BB3F57A7FF6D960
:10222000032081F8AD00ECE700205DF8044B704717
:10223000880000200A4A0B4BD2F88C10CB60D2F8F1
:10224000840005E0D2F884301B1AB3F57A7F04D8F5
:10225000CB689B06F6D5002070470320704700BF6F
:10226000880000205FFF030008B5114BDA6822F0F8
:102270008002DA609A68920603D4FFF7DBFF88B920
:1022800008BD9A6822F020029A60FFF7D3FF18B1C8
:10229000084B032083F8AD00054A936843F0200300
:1022A000936008BD034B032083F8AD0008BD00BF59
:1022B0000028004088000020F0B5634C94F8AC3052
:1022C000012B00F0BF80D4F88C100223012284F887
:1022D000AC2084F8AD308B6813F0400C18BF90F838
:1022E00003C003780CBF80F803C04FEA8C5C092B55
:1022F00009D900220A3BDBB2092B02F10102F9D80D
:1023000043EA0213DBB21A044378092B09D90025EA
:102310000A3BDBB2092B05F10105F9D843EA0513A5
:10232000DBB28678092E4FEA032309D900250A3E3D
:10233000F6B2092E05F10105F9D846EA0515EEB207
:1023400090F824E0BEF1090F0DD90025AEF10A0E78
:102350005FFA8EFEBEF1090F05F10105F6D84EEACF
:1023600005155FFA85FE4569076A3D4345EA0C0598
:102370002A4313433343456843EA0E62C3691D434E
:10238000836ACA20486253204862B3F5807F8B6815
:1023900039D023F400738B60CB68DBB263F4207315
:1023A000CB60D4F8840005E0D4F884301B1AB3F570
:1023B0007A7F1ED8CB689B07F6D50A628D648B683E
:1023C00043F400738B608B6843F400538B601F4BA6
:1023D0001A68002042F4802284F8AC001A609A68DF
:1023E00042F480229A60FF2201234A6284F8AD30D1
:1023F000F0BDFF2203234A6284F8AD30002384F845
:10240000AC300320F0BD23F480738B60CB68DBB26B
:1024100063F4C073CB60D4F8840005E0D4F8843052
:102420001B1AB3F57A7FE4D8CB68DE07F6D5CA610C
:102430004D648B6843F480738B608B6843F48053E6
:102440008B60C4E70220F0BD88000020000401403A
:102450002A4A03460068904270B43BD8284A294C67
:1024600014210244B2FBF1F29200022183F82510FC
:1024700001689D689E691C6421F4FF4C59695A6487
:102480002CF0700C294341EA0C01314341F08001EA
:10249000B5F5804F016014D0596802F01C020F207E
:1024A00090409140174A94426FEA00001AD0D2F847
:1024B000A8442040C2F8A804D2F8A8040143C2F8F6
:1024C000A81400200122D86383F8240083F8252073
:1024D00070BC70470C4A0D4C02441421B2FBF1F25F
:1024E0009200C2E7D4F8A8200240C4F8A820D4F88B
:1024F000A8201143C4F8A810E3E700BF0704024076
:10250000F8FFFDBF00000240F8FBFDBF00040240E1
:10251000134BDB68C3F30223C3F1070C1A1DBCF194
:10252000040F28BF4FF0040C062A88BFDA1E4FF0B4
:10253000FF3303FA0CF398BF002221EA0303934010
:102540001B01421CDBB206D000F1604000F5614087
:1025500080F800337047024A82F82330704700BF8A
:1025600000ED00E038B5104D104A2B68A2FB0323A4
:102570009B09013BB3F1807F01D3012038BD4FF0AF
:10258000E0220B495361F02381F823300024072314
:102590000F2894611361F0D801464FF0FF30FFF728
:1025A000B7FF6960204638BD00000020D34D62109F
:1025B00000ED00E01049114AD1F8840013691B07AF
:1025C00004D50E4B1869C0F3C0007047D1F88430B1
:1025D0001B1AB3F57A7FF4D272B613691B0700D4C5
:1025E00030BF62B6BFF36F8F13691B07EED5034B85
:1025F0001869C0F3C000704788000020000400483C
:1026000010B5554B93F8AC200021012A83F8B01087
:1026100000F08780D3F88C20CA21022483F8AD40D3
:1026200001205162532183F8AC005162916821F47A
:1026300080619160D168C9B261F49061D160D16864
:10264000490670D51F2151619168444821F0070166
:1026500041F003019160016841F4801101608168DB
:1026600041F480118160916841F4804191609168EA
:10267000FF2441F4806101209160546283F8AD0031
:1026800093F8B010002283F8AC20002960D172B614
:10269000BFF34F8FBFF36F8F93F8B02002B930BFF5
:1026A00062B6BFF34F8FBFF36F8F93F8B020002A4D
:1026B000EDD093F8AC200021012A83F8B01030D07F
:1026C000D3F88C000224CA2283F8AD400121426273
:1026D0005322426283F8AC10826822F480628260E6
:1026E000826822F480428260D3F8844005E0D3F807
:1026F0008410091BB1F57A7F0CD8C26812F004026D
:10270000F5D0FF2401220021446283F8AC1083F845
:10271000AD2010BDFF240321446283F8AC2083F870
:10272000AD10FDF735FDD3F88440D16811F00401F8
:1027300088D1D3F88400001BB0F57A7FF5D9FF2447
:102740000320546283F8AC1083F8AD00FDF720FD40
:1027500083F8B020B4E700BF8800002000040140E7
:102760002DE9F04F89B00493002900F0898002F030
:1027700003077D1EC2F300130295DFF8B0B1694C68
:10278000059302F4403500234FF00108039592466B
:10279000019708FA03FC1CEA01066DD0029F5A005B
:1027A00003259540012F6FEA05056CD9019F032F82
:1027B00040F0AC80D0F800C0019F0CEA050C07FA8D
:1027C00002F242EA0C020260039A002A54D0DBF8BB
:1027D000602042F00102CBF86020DBF8602002F0BC
:1027E00001020792079A23F0030202F1804202F5E8
:1027F000803203F0030CD2F808E04FEA8C0C0F256E
:1028000005FA0CF5B0F1904F2EEA050E11D0464DA9
:10281000A84277D005F58065A84275D005F580659A
:10282000A8426DD005F58065A84214BF0725042590
:1028300000E0002505FA0CF545EA0E059560A26852
:10284000F5431AF4801F0CBF2A403243A260E268AD
:102850001AF4001F0CBF2A403243E26062681AF487
:10286000003F0CBF2A403243626022681AF4803F66
:102870000CBF2A4032432260013331FA03F288D17F
:1028800009B0BDE8F08FD0F80890129F09EA050959
:1028900007FA02FE4EEA090EC0F808E0D0F804E09C
:1028A000059F2EEA0C0E07FA03FC4CEA0E0CC0F84A
:1028B00004C0049FD0F80CE007FA02FC019F0EEA66
:1028C000050E4CEA0E0C022FC0F80CC07FF472AF5C
:1028D0004FEAD30900EB890903F0070CD9F82070FF
:1028E0004FEA8C0C4FF00F0E0EFA0CFE27EA0E0E7C
:1028F000139F07FA0CFC4CEA0E0CC9F820C059E7EC
:10290000032597E7012595E7022593E7D0F80CE02A
:10291000049F0EEA050E07FA02FC4CEA0E0CC0F802
:102920000CC047E7000401400004004800100240CA
:102930002DE9F041C16F05689EB0044600295FD0C3
:1029400025682423E3672A68636A22F001022A606B
:10295000002B40F0C380D4E90402A3682968034334
:102960001343E0699E4A03430A4013432B606B689C
:10297000E26823F4405313439A4A6B609542A3697B
:10298000AA6800F0F180216A22F430620B431343FD
:10299000954AAB6095421BD0944B9D4240F0158107
:1029A00003F5E633D3F8883003F00C030C2B00F268
:1029B0000F81DFE813F0E2010D010D010D0173013C
:1029C0000D010D010D012B010D010D010D01630123
:1029D000874BD3F8883003F00303022B00F01681F5
:1029E000032B00F04B81012B00F05881B0F5004F14
:1029F00000F0CC81FDF75EFE002800F018810AE1AE
:102A000080F878105C2207A806F0A8FC764B9D425F
:102A100000F0C181754B9D4292D1022707A807970C
:102A2000FDF7E8FE0646002840F0E181704B714D4D
:102A30009A6D42F400329A659A6D02F40032049263
:102A4000049ADA6C42F00102DA64DB6C03F00103F1
:102A5000039307220323CDE90032039903463A4644
:102A60004FF090400F214FF08008FFF779FEC5E945
:102A70002E76C5E93068C5E93266C5E9346605F1E8
:102A8000B4065D4BC5F8B4303046FFF7E1FC0028D2
:102A900040F0AD816667102305F1FC06C5E94208E8
:102AA000C5E94400C5E94600C5F804313046534B3A
:102AB000C5F80071C5F8DC40C5F8FC30FFF7C8FC6C
:102AC0000146002840F0938126672620C5F824415E
:102AD000FFF71EFD4A4B40225A6031E71E0705D51D
:102AE0006A68616B22F400420A436A60D80705D520
:102AF0006A68A16A22F400320A436A60990705D520
:102B00006A68E16A22F480320A436A605A0705D58E
:102B10006A68216B22F480220A436A60DF0605D5C9
:102B2000AA68A16B22F480520A43AA609E0605D5CA
:102B3000AA68E16B22F400520A43AA60580609D53C
:102B40006A68216C22F480120A43B1F5801F6A6022
:102B500000F00C8119067FF5FEAE6B68A26C23F4C1
:102B6000002313436B60F6E622F4306213432049DE
:102B7000AB60D1F8883003F44063B3F5006F00F028
:102B8000F38000F2EA80002B00F02B81FDF72EFD90
:102B900000284CD0626802EB4203834218D8B0EBA5
:102BA000023F15D8510800230F464FF4807619468E
:102BB000E0FB0671384603F019FD124BA0F5407298
:102BC0009A4205D8074BD86031E00F4B9D425BD04D
:102BD0000023C4E91A3301201EB0BDE8F08100BF14
:102BE000F369FFEF008000400038014000440040DE
:102BF00000100240880000206C000240800002406B
:102C000000E100E0FFFC0F0000480040B0F5004F7D
:102C10007A4800F08D80636800EB5300B0FBF3F05E
:102C20004FF6EF73A0F110029A42D1D8E8606A68BB
:102C30007349002322F49042C4E91A336A60AA68F7
:102C400022F02A02AA602A6842F001022A60C4F82F
:102C50008430D1F884602B681A0727D42B685B076F
:102C60003ED400232022E26784F87830C4F8802024
:102C7000184623666366AFE7302BA9D1B0F5004F45
:102C800056D04FF40040C6E75E4BD3F8883003F0CF
:102C90003003202BBAD0EFD8002B6ED0B0F5004F08
:102CA00041D0FDF7A3FC0028C1D0B4E76FF07E430C
:102CB00032464FF400112046FDF740FF0028CDD0EA
:102CC000236853E8002F22F0800243E80021002906
:102CD000F7D12023E367002384F8783003207BE7D3
:102CE0006FF07E4332464FF480012046FDF726FF09
:102CF0000028B6D0236853E8002F22F4907243E8EE
:102D000000210029F7D103F1080252E8002F22F038
:102D1000010203F1080040E800210029F3D120233B
:102D2000C4F88030D7E7FDF761FC00283FF47FAF9F
:102D30006268530803EB40034FF6EF71B3FBF2F305
:102D4000A3F110028A423FF643AF23F00F0292B282
:102D5000C3F342031343EB6069E7B3F5406F7FF4BD
:102D600037AF4FF4004015E7244813E76A68616CF9
:102D700022F4C0020A436A60ECE6B0F5004F38D096
:102D8000FDF784FC00283FF452AF44E7FDF792FCC6
:102D90000028CDD14BE7012307A80793FDF72AFDB3
:102DA000034620BB174A116E41F480411166116E33
:102DB00001F4804106910699D16C41F00101D16482
:102DC000D26C072002F001020321059201900091CC
:102DD00002224FF4C0614FF09040059DFFF7C0FC08
:102DE000AEE5FDF753FC00283FF421AFD2E6FDF736
:102DF000CFF9FDF74BFC00289AD118E70024F40026
:102E00008800002000100240DFF84CC0F8B51D46D5
:102E10004FF480531746CCF8283004460E46FFF78F
:102E2000EFFB17B13846FDF7F3FE16B13046FDF75C
:102E3000CBFE1CB12046FDF709FA30B925B1284672
:102E4000BDE8F84006F0E6BEF8BD0023236020464A
:102E5000FDF7F0F9F2E700BF0004004810B41F4C82
:102E600094F8AC30012B35D0D4F88C100220CA2352
:102E700084F8AD0001224B6253234B6284F8AC20EE
:102E80008B6823F480738B608B6823F480538B6092
:102E9000D4F8840005E0D4F88420121AB2F57A7FC1
:102EA0000ED8CB6813F00103F5D00020FF220123D8
:102EB0004A6284F8AC0084F8AD305DF8044B70478A
:102EC0000320FF224A6284F8AC3084F8AD005DF83C
:102ED000044B704702205DF8044B704788000020C7
:102EE000F8B516460D464FF4E272014618461C46E8
:102EF00006F062FEB6F8581021B196F85E30191E41
:102F000018BF0121012396F85B2084F8C6312B46B7
:102F100084F8C52133F8262B84F8C411A4F8C821FD
:102F200005F1560104F5E5721F685E689868D3F8EC
:102F30000CC0C2F80CC010338B4217605660906012
:102F400002F11002F0D1B5F85630A4F8FA3105F1CB
:102F5000580604F5FE7E05F18807B446BCE80F006C
:102F6000BC450EF1100E06F110064EF8100C4EF88E
:102F70000C1C4EF8082C4EF8043CEED1B5F8883005
:102F8000A4F82C3205F18A0304F22E24BA3518680D
:102F900059689A68DE68E6601033AB422060616071
:102FA000A26004F11004F2D1F8BD00BF2DE9F04F8A
:102FB0009846174BDFF85CB01F8883B0043A043F93
:102FC00052087F0897420C9E0190894628BF1746F9
:102FD00001F1040A0025741BBC4228BF3C4645EAA7
:102FE0000B02631E08EB4501A9F80020A9F8023086
:102FF0006200504606F0E0FD254401980023A21C23
:103000004946FDF717FEAE42E5D803B0BDE8F08FA4
:103010008800002000C0FFFFF8B595692B7802EB0F
:1030200043030F46B3F84460536901466888144669
:1030300003EB4000720006F093FD6B88E26D1E44C6
:1030400013786E8003B93B791370F8BD2DE9F04F0A
:103050002DED048B038F8DB00546002B00F01581FC
:10306000B0F84030428F0469B0F850E007925B003E
:103070000293838FC28F34F913300B92BEF1000F8D
:1030800000F003811B010893D0E91223D718B0F890
:103090005200B5F84230DFED8A8ADFF830B2019392
:1030A000FE434FF00008F6EE009A0990C1460496E0
:1030B000CDF828E0834B83FB0710F917C1EBA00183
:1030C00001EB4100A7EBC00000281FFA89F886B287
:1030D000C0F2EB80002FC0F2F180089B09B2090416
:1030E00081FB0301002906DA4FF6FF7C10EB0C0C84
:1030F000604641F10001079B000C40EA014099192C
:1031000034F91110A0EB011007EE900AB8EEE79A1F
:1031100029EE289AB0EE490A05F0DCFCB0EE408AB0
:10312000B0EE490A05F07CFA019B002B00F0A2806A
:103130000B9BB5F844A01E4404EB46030020CDE9E8
:10314000059703930646009059E095F838C0BCF106
:10315000000F4BD007EE101A07EE903AF8EEC76A50
:10316000F8EEE77A26EE806A27EE887A66EE886ABD
:1031700037EE467A67EE807AB5EEC07A77EEA67AB9
:10318000F1EE10FA4CBF37EE697A37EE297AF5EE98
:10319000C07AF1EE10FABDEEC77A4CBF77EEE97A4D
:1031A00077EEA97A17EE103AFDEEE77A5B4517EE57
:1031B000901A47F6FF70B8BF5B468342D5F854902B
:1031C000A8BF03465945B8BF594699F800E0814267
:1031D000A8BF0146BEF1000F04D117EE100A9842B5
:1031E0005BD0E64689F800E01BB209B2A352009B0F
:1031F000798053440093019B01369E4238D0009B56
:1032000095F839C008EB5302029B92B203EB82029D
:10321000A718A35EB7F90210BCF1000F95D0039870
:10322000B0F800C00CF01F0E0EF1300E03FB0EFEC6
:103230004FEA9C23203BCCF3441C01FB03F3BEF17B
:10324000000F0CF1300C01FB0CFCB8BF0EF13F0E6F
:10325000002BB8BF1F334FEAAE1EBCF1000F0EEBC0
:103260006313B8BF0CF13F0C1BB24CF38F116CE72A
:10327000DDE90597099B049A1F44D31A04930A9B1E
:1032800009F1010999457FF415AF286843680DB02D
:10329000BDEC048BBDE8F04F184717EE900AB0EB79
:1032A000010E18BF4FF0010E9CE71836B6B2049B12
:1032B000054AA2FB03016FEA11110EE70026F6E7AB
:1032C00000008037ABAAAA2AABAAAAAA0080FFFFF7
:1032D0000CB4F0B5ADB032AB06AE53F8042B059389
:1032E00004460D463046962106F02AFD9528C4BFB7
:1032F0001C4BCDF8AA301C4B1C49D3F88470A1FBA1
:1033000007311B4BA3FB0723980B1A4BA3FB072387
:103310004FEA931C184B4FF47A7202FB1C77A3FB05
:1033200000E25209042CC2EB0212A0EB8202A3FBC2
:103330000CE398BF114800974FEA531394BF005D08
:103340003F20C3EB03130190CDE90256490DACEBCE
:1033500083030B4806F0C0FC2DB0BDE8F04002B07E
:10336000704700BF2E2E2E0088000020B17C2195D2
:1033700073B2E745D34D6210898888886CF00008E5
:1033800048F0000870B5094E736805469847044632
:1033900028B12A46002105F0E1FF204670BD3369BF
:1033A000034A04499847204670BD00BF88000020AA
:1033B00074F0000884F000082DE9F04F264C87B027
:1033C0000026CDE90466B4F800808946002B3DD084
:1033D0004FEA5808CDE90102A8F104080D461F463E
:1033E0004FF4004BB246039325E0029BA5F800B0D2
:1033F00033446B80631EAB80A5F806A062000021F9
:1034000005F1080005F0AAFF294601980123221DB5
:10341000FDF710FC04AA134603CA2644696028601D
:1034200009EB460559F81600696803C3039B9E42E1
:10343000A7EB04070AD2B845444628BF3C46B84526
:10344000D3D200E0013CE307FCD4CEE709F1080049
:1034500007B0BDE8F08F00BF880000202DE9F04FD5
:1034600002EBC30787B07B88DDF84090EBB1824662
:10347000884600264D467B6853F82640C4F3017009
:10348000012815D002282ED020BBC4F344590123B3
:1034900003FA09F39D422FD32E4A2F4916692F4A6A
:1034A000013BCDE90053A3B2B04707B0BDE8F08FB0
:1034B000A3B2194658F8232022F00F0215B1C4F325
:1034C000034422435046FDF705FD7B8801369E42AA
:1034D000D1D3EAE71F4B224A1B691F49002007B0DE
:1034E000BDE8F04F1847A3B2194658F8232022F040
:1034F0000F02002DE6D1E2E71FFA84FB4FF0010333
:10350000ADF80E304BF42043ADF81000CDF81200AA
:10351000ADF80C3003A9504601230522FDF78AFBC4
:10352000C9F12009BDF81220BDF814304FF0FF306A
:10353000C4F3044420FA09F0A04043EA024323EA1A
:10354000000305FA04F4594643EA04025046FDF725
:10355000C1FCBAE78800002020EF000894F00008C2
:10356000CCF000082DE9F04F2DED108B9BB090F8BA
:103570005E401D4690F85C300893042CB0F858303B
:1035800003938046894616461AD8D0ED147AF5EE94
:10359000C07AF1EE10FA00F1F58190F86630002B58
:1035A00000F0918290F85B30002B00F08C82024C8E
:1035B000024A059407E000BF8800002038F10008A7
:1035C000C64CC74A05942369C64900209847D8EDE0
:1035D000157AD4F84431009307EE103AF5EEC07A2C
:1035E000F1EE10FAB8EE478A40F3D081C8EE278A90
:1035F000F6EE007A78EEA78A039B002B00F0A681F6
:1036000098F85E30049398F85A30002B40F0A5816A
:1036100098F86020022A41F0298198F85E40012C38
:1036200000F0E1830024224634990C71A6F8AC2105
:10363000002B00F0978198F85F30012B00F0048494
:10364000022B00F0EB83002B40F0DD8301231A46B0
:10365000F384328598F86030012B00F0CD83022B83
:1036600000F0C983002B00F00784059B9E4A1B696C
:103670009C4900209847B9F1000F00F077810023A2
:103680000093B9F8E410B9F808307180B9F8E61081
:10369000B180B9F8E2103180B9F8E810F180B9F8DA
:1036A000021031819B00B9F8041071819BB2B9F806
:1036B0000610B18103F13002B9F80A10F18192B21B
:1036C000B9F8201031825F2AB9F82210718240F2D5
:1036D000EE818649A1FB0201890901EB4101A2EBC0
:1036E000411189B200201A4604460B460121F2829C
:1036F0000322B38272830023009A7384B483F0831D
:10370000318331846B800123C5F80A30002A00F030
:1037100054870027CDE9017706F13E039FED749AA7
:103720009FED74AADFED779ACDE90696B34605F1D1
:103730000E0A44461E46049AFBB29A4200F22981C0
:103740000023AAF80030AAF8083033800137042F8C
:103750000AF1020A06F102060BF1560B04F11404F9
:10376000E9D1039BAA89DDF804E012FB03F26B891F
:1037700092B213449BB2DDE90696591C012089B22E
:103780000090B6F8AC01012804D1DDE9020404FB85
:1037900000F00290029FB8F8640098F863C098F8AF
:1037A00062B04FF6FF74A74228BF27464408A4F131
:1037B000030A98F86640A6F89EB18CF0010C033815
:1037C000A6F8A6C1A6F8A471A6F8A0E1A6F8A801DB
:1037D000A6F8AAA1AA81AB80E980002C00F027817D
:1037E000413399B24024012329802C81A6F8C031AD
:1037F000B9F1000F03D0B9F80C30A6F8C231009B24
:10380000002B40F03E81349A98ED145A0023136047
:10381000089BA6F8B231039B012B40F22F81B8F828
:103820005830023B01229BB29FED336ADFED335AE1
:1038300098F85A10F1EE007AC8EE066A68EE277A18
:1038400068EE255A87EE867AC5EE867AB6EE006A6D
:1038500076EE866A37EE067AFCEEE66AB5EE405AF8
:10386000D8ED155AA6F8AE31F1EE10FA16EE903AF0
:1038700077EE867ABCEEC77AA6F8B02114BF012293
:103880000022FCEEE77A328798F85B20A6F8B43184
:1038900017EE103AA6F8B63117EE903AF5EE405A08
:1038A000A6F8B831009BF1EE10FA14BF01200020F9
:1038B000002B40F0BE8031867286708598F86130AA
:1038C0000F4A0098C6F8BA210121B184A6F8BE318A
:1038D0001BB0BDEC108BBDE8F08F00BF880000204E
:1038E000F4F0000810F1000834F20008ABAAAAAA0C
:1038F0002549123E8FC2753D00247449000096434D
:10390000FF07010800000000B5EEC07AF1EE10FAE2
:1039100000F1078398F85A20002A00F00583B5EEDD
:10392000407AF1EE10FA05D1F5EE407AF1EE10FA98
:1039300040F0BB835FED0D8A059B724A1B6972499B
:1039400000209847039B002B7FF45AAE039B0493FF
:1039500098F85A30002B3FF45BAE349A0023137171
:10396000A6F8AC31B9F1000F7FF489AE0123A5F8B8
:1039700002906B81CE4602214A46CDF80890CDF8E0
:103980000090FEE6614C624A05941CE6DFED618A18
:1039900032E60123338098F85C90228940F2FF33AD
:1039A00040F2FF11B9F1000F18BF0B4642B39A4223
:1039B00026D8A27B237C3AB1022B05D1059B564A1F
:1039C0001B69DDE9069620E0E07B002840F03E829E
:1039D000012B00F0AB80059B504A1B694A490090BF
:1039E000DDE906969847DDF804E0039BAA8912FBFF
:1039F00003F26B8992B213449BB2591C89B2C0E6A0
:103A0000059B474A1B69DDE906963F490020984718
:103A1000039BAA89DDF804E012FB03F26B8992B2E2
:103A200013449BB2591C002089B20090A9E623469A
:103A3000DAE6B5EE405AF1EE10FA0AD0C8EE057A91
:103A400077EE867AFCEEE77A17EE903AB3871B0C96
:103A50007387002361F30F03F5EE405A62F31F43AF
:103A6000F1EE10FA708533633FF428AFFCEEE87A8C
:103A700017EE903A1A0CB285F3851FE70022134621
:103A8000D2E698F85D30072B15D8264A9FED219A8B
:103A9000134493F8B439A6F8A231349B83ED009A0D
:103AA000049B002B40F0438298ED145AB0E60320AB
:103AB000012400211BE6349A98ED145A0023136068
:103AC00000230093A4E6012C40F2E28198F80F1045
:103AD0004246012303E00133A34200F0D9810846A6
:103AE00092F82310814202F11402F4D2074F0E4AD9
:103AF0003C69054905970020A047D8ED157AD7F80D
:103B0000443168E598F1000810F1000888000020B1
:103B100024F100080000000064F2000890F20008A0
:103B200054F2000828AB000864F100086FF00B03A2
:103B30000993E288A3880A92182A009340F2968299
:103B400002EB820303EB031303EB032302EB4303B8
:103B5000C3F3CC0242EA43339BB240F6AA2293421B
:103B600000F2D782AF4B0A9AA3FB02231B090E93E4
:103B7000013B9BB215935C230D9318230B93009884
:103B8000002840F0D684059BA74A1B69A74998479F
:103B9000B9F1000F00F0C0844FF000090222009B31
:103BA000099913FB02F292B20092226811440A466C
:103BB0000C910A99013B01FB0323099302F5C343CE
:103BC00028334CF25032934207D9059B984A1B691F
:103BD0009649002098474FF00009099B03F5C3431D
:103BE00028334CF25032934207D9059B914A1B6906
:103BF0008E49002098474FF000090C9A002AC0F225
:103C00003D838D4880FB0230D217C2EBA00000B28A
:103C1000099B002BC0F22683874981FB0331099B56
:103C2000DB17C3EBA101119309B280B2091A0C9BF7
:103C30000F90814880FB03C0C2EBA00288B209B29A
:103C40000E9B1091B0FBF3F0411C0A901FFA81FE0D
:103C50000B981821B1FBF0F30E930C9B02EB420280
:103C6000B3EBC20200F1F78213B2139393B20C9339
:103C7000099A7148119B0B9980FB020CC3EBAC03B2
:103C800003EB430C0C9BB3FBF1F001FB103081B252
:103C9000B2EBCC03099100F1FB821AB219929BB2EC
:103CA0000E9A0B98511E099A89B21891BEF1010F14
:103CB00011FB002189B200F0F182099A0C9882422E
:103CC00040F0FF82994200F04F84002301221393B9
:103CD0001692149312920E930C9B9A00099BABF8C8
:103CE00082209B00ABF88430B9F1000F40F0F582E0
:103CF0006C23179336230C937D223D234FF000094C
:103D0000ABF87C300F9BABF87A200C9A1099C3F17A
:103D1000290313441AB21192521A9BB2292A0F9303
:103D200007DC059B454A1B694049002098474FF036
:103D30000009119B179A934207DB059B404A1B69B8
:103D40003A49002098474FF000090D9B2C2B00F2B8
:103D50000F821E2B40F2E3831E3B0F229BB20D927B
:103D6000ABF89A30159B0C99ABF89430139BABF8D9
:103D70007E10ABF88E300F990A9BABF880100D992E
:103D8000ABF89610ABF89820002B40F0CF81149B35
:103D9000002B0E9B08BF00230E93129B002B00F0FC
:103DA000D783099A199B9B1A0B9A93FBF2F39BB248
:103DB000169AABF89220ABF88C300E9AABF88820AC
:103DC0000023ABF89030ABF88A300A9BABF8863012
:103DD000B9F1000F40F0BC82CDF80090DDF804E0AE
:103DE000DDE9069601E698F81020013A012A7FF6EF
:103DF00019AC224618E400237363B9F1000F41D0D7
:103E0000012300933DE4059B0E4A1B6907490020EE
:103E10009847B9F1000F7FF432ACA7E500231A46AA
:103E200016E400BFABAAAAAADCF2000810F1000851
:103E300028F300083CF30008ABAAAA2A70F3000894
:103E400090F3000814F20008002201E4013B042B67
:103E500000F2348501A252F823F000BF2D3B000888
:103E6000A3400008713E00089B400008713E000816
:103E70006FF00C0309935CE64FF001137363B9F123
:103E8000000FBDD100236B800123C5F80A3040E448
:103E9000B94B98ED157A0593D3F84431009306EEAB
:103EA000903AB5EEC07AF1EE10FAB8EE668A7FF776
:103EB0002BADC8EE078AF6EE007A78EEA78A18EEE8
:103EC000900A06F0A5FC51B1059BAC4A1B69AC49B0
:103ED00000209847039B002B7FF492AB37E598F8BE
:103EE0005A20002A7FF428AD039B98F85F10002B1E
:103EF00098F8603014BF204600209942049007D9FA
:103F0000059BA04A1B699E4900209847FFF77BBB91
:103F1000022B00F0B584349B1A71A6F8AC21FFF790
:103F20008ABBDFED998ACFE7DFED978ADCE7B6F849
:103F3000AC31B6F8A421012B00F0CD8007EE902A19
:103F4000DFED929AB8EE67AAB7EE089AF2EE02DABF
:103F5000059B9FED8F0AD3F84431019307EE903A09
:103F6000B8EE67FA80EE0F0A04F094FB98F8603020
:103F7000022B2FEE00FA00F22181864A98F85E109B
:103F800002EB830090ED00EAD0ED03FA002900F087
:103F90002681009BDFED7CEA9FED7FBA9FED7FDA03
:103FA000DFED7FCA9FED7FCADFED7FBADFED7FAA2D
:103FB000DDF8149044460025227C052A00F2928008
:103FC000022A40F29A804FF0300A0827E27B052A45
:103FD00000F26984DFE802F03E413B034744F0EE23
:103FE0004B7A8FEE276A228998F85E1002FB0777DA
:103FF00002377F00BFB2A288013514349FED6C7A7E
:10400000C6EE076A07EE90AAF8EE677A87EEA66A10
:1040100007EE907AF8EE677A87EEA67A07EE902A96
:10402000F8EE677AEAB267EE277A914277EE867AFF
:1040300077EEA97A77EE897A7EEEA7EABCD898ED7A
:10404000145A002B40F0CF800093FFF7E1BBF0EE55
:104050006A7AC6E7F0EE6C7AC3E7F0EE4D7AC0E715
:10406000F0EE4C7ABDE7F0EE6B7ABAE70A9A002AD6
:104070004FD01823B3FBF2F302FB03F3C3F1180391
:104080009BB21593002B44D10A9A0B92531E9B00AE
:104090009BB20D9301230E9371E56FF00F0309930B
:1040A00047E56FF00603099343E598F85F2098F819
:1040B00060309A427FF43EAC039B349ADFED328A43
:1040C000002B14BF23460023049300231371A6F88A
:1040D000AC31FFF7B0BAF0EE499AF0EE49DAB0EE43
:1040E00049AA35E7D9F81030324A254900209847C7
:1040F0004FF0180A0427002368E7012A05D0022A96
:10410000F0D14FF03C0A0A2760E74FF0480A0C272D
:104110005CE7059B284A1B69194900209847002342
:104120000122CDE90D3215930B9231E5149B002B42
:104130000E9B08BF00230E93129B33B1099A199B63
:104140009B1A0B9A93FBF2F39BB2ABF88C300A9B51
:10415000169AABF89220013B0E9AABF888209BB2DE
:10416000189A0A930123ABF88A20ABF890302CE61A
:1041700000230D931A46F3E58800002084F100081F
:1041800010F10008C4F10008000000009A999D4158
:10419000F902154FE4B400080000904300002043EA
:1041A000000000430000F0430000C0430000404313
:1041B00000247449B8F20008C8F20008059BBE4A02
:1041C0001B69BE490020984798F85E30002B00F02C
:1041D000EF81DFEDBBFA0023B0EE6FEADAE698ED8F
:1041E000145ADFEDB7EA9FEDB77ADFEDB76A349B7B
:1041F000CFEE077AB1EE0C7AC7EEA65A2AEE07AADE
:104200007FEE8EFACAEE257A9FEDB07A77EEAD7A20
:10421000B0EE006A77EEAE7A77EEAF7A27EE877A65
:1042200037EE067A77EE277A86EEA77AB4EEC57A6D
:10423000F1EE10FA83ED007A7FF5EAAA059BA44A15
:104240001C699E49FDEEC77A002017EE903AA04700
:104250000023009328E402F1180083B20C9303B208
:10426000139305E509999B4BC943A3FB0131099BB6
:104270006FEA1111DB1709B21193D6E40C9A954B32
:10428000D043A3FB00306FEA101000B2D217BFE496
:1042900003F1180002B283B2199201E50C98824230
:1042A00000F05F8100220A9216921292139A9B1AD2
:1042B0000B9A93FBF2F39BB20E930123CDE91333D8
:1042C0000AE5994200F05A810A9B013B9BB20A938E
:1042D0000123169312930B46E8E7E37B052B00F2CC
:1042E0001183DFE803F01A130C032B214FF48673BC
:1042F0001793D6230C9340F21D128D2300E5AC23B7
:10430000179376230C93BD225D23F9E48C23179336
:1043100056230C939D224D23F2E46C2317933623EE
:104320000C937D223D23EBE44FF4E67317934FF497
:10433000CB730C9340F2DD12ED23E1E44FF4B6733E
:1043400017934FF49B730C9340F27D12BD23D7E477
:10435000A37A172B00F2FE80092B00F21B81C3F118
:1043600009039AB21523ABF84630069BABF84820F8
:10437000002B00F05B8203EB42029389ABF84A30DA
:10438000237C013B042B00F29F82DFE803F0BA7626
:1043900003A984004FF000094FF400724FF4C0638A
:1043A000CDE909234FF0C00E02204FF0040C082184
:1043B0004A464B46ABF86E000A98ABF8560009988F
:1043C000ABF870C0ABF85800ABF84E10ABF850101B
:1043D000ABF852E0ABF854E098F85D10B9F1000F7B
:1043E00000F00681002B00F00381022900F27881A1
:1043F000394B0B4493F8B039ABF85A30069B002B7D
:1044000000F019810023ABF85E300123ABF86A306D
:10441000069B0021D3E932ECD3F8C4900B460EEB97
:104420001140A0EB09009042614480F22C820133DC
:104430000F2BF4D1069AABF86030D2E936E303EBE8
:1044400083020EEB1242F92A00F3EC81062003FBF3
:1044500000F0052103E0BCF1FA0C40F1D7810A46D7
:10446000013189B214290EEB104C1844F3D1059B8D
:104470001A4A1B69DDE9069637E100214FF4007303
:10448000CDE909134FF0400E03204FF0020C082134
:104490009622FA238EE74FF000094FF4F0504FF4C4
:1044A0007853CDE909034FF4F86E02204FF00B0C5E
:1044B00008214A464B467DE734F2000810F1000817
:1044C0000000000000002043002474490AD7233C68
:1044D0000CF40008ABAAAAAA28AB0008E0F3000875
:1044E0004FF000094FF4C06C4FF46063CDE909C38D
:1044F0004FF4E07E02204FF0060C08214A464B465E
:1045000058E7069B9B8C0422082BCBF86E205BD9C6
:10451000DDE90696FFF77CBA0422FFF740BB0D9B4E
:104520000F2B30D9A3F10F020F230D9392B200236A
:1045300016E4B9F1000F2AD1237B002B33D0059B61
:10454000C44A1B69C449484698470422FFF727BB61
:104550000A9B2DE4059BC14A1B69DDE90696FFF71E
:1045600054BA99427FF49EAE0023CDE91333CDF8BF
:1045700028E0169312930E93FFF7AEBB0023169319
:1045800012930B4692E600221346FFF7E9BB022284
:10459000FFF705BB102B94BFC3F11E03C3F1170334
:1045A0009BB20022DFE64FF001090422FFF7F7BAC1
:1045B00098ED145A0093FFF72BB9009802908646A5
:1045C00002210246FFF7DDB8ABF84E30ABF85030B1
:1045D00040230022ABF85230ABF854304FF4007354
:1045E000ABF85630ABF8582098F85D10134691465A
:1045F000072975D89A48014491F8B419ABF85A10B4
:104600000699C1B10021ABF85E10B9F1000F40F07E
:104610008380ABF86A90ABF86090ABF85C90ABF835
:104620006290ABF86890ABF864904A460023ABF810
:104630006620ABF86C302389E27AABF87620012B48
:1046400067D0023B9BB20121ABF87230A37BABF881
:104650004C3083F00103ABF87410ABF8783000995C
:10466000AB89AAF800300B44AAF80810AB81A388E4
:10467000217C06EE903A2389012907EE103ABBF817
:104680006E302AD0022914BFF0EE695AF0EE4A5A71
:1046900001339BB207EE903AF8EE677AB1EE006A0A
:1046A000F8EE666A67EE867AB8EE477A67EEA67A23
:1046B0000198029B67EE877A014667EEA57A00288B
:1046C00008BF114667EE897A0191FCEEE77A17EE92
:1046D000902A13440293FFF739B8DFED625AD7E707
:1046E000059B614A1B69DDE906965B4900209847F6
:1046F000039BAA89DDF804E012FB03F26B8913FA2D
:1047000082F39BB2591C002092B289B20090FFF74D
:1047100038B80023194697E70121ABF86A10002B3F
:104720007FF476AEABF8603019461A46ABF85C20E1
:104730000022ABF86220ABF868204BBBABF86430CA
:104740001A4602EB0109069AD2E92FE1CE451DDA9D
:104750000846002202F1010C09921FFA8CF2162A77
:104760003FF485AE0EEB104CBCEB090C0844F1D4C1
:10477000002B7FF45BAF099800FB01F10EEB1143B6
:10478000A9EB03039C45C8BF02464FE700224DE753
:10479000069BD3E9349C894546DA134662469E4619
:1047A00001339BB2162B3FF462AE09EB1240401A64
:1047B0006244F4D40CFB0EF209EB12428A1A9042C6
:1047C000D8BF9E460699BBF86020D1F8CC30BBF824
:1047D0005C00099002FB03F3D1F8C820ABF864E059
:1047E00002EB13420B46D1F8C410521AD3E936300B
:1047F0003FF53DAE09990CFB0EFE00FB01F103EB0A
:10480000114309EB1E401918FA239AE702FB03F340
:104810000EEB1343C3F1FA039C45D8BF0A46FA21B5
:104820000B4683E70522FAE79646CBE7069BABF8F3
:104830004A30237C013B042B46D801A252F823F0D6
:104840008B4800087B44000895430008E1440008B9
:1048500097440008F0F2000810F10008A8F30008DF
:1048600028AB0008CDCC4C3EC0F30008349A13713D
:10487000A6F8AC31B9F1000F7EF401AFFFF776B8BE
:104880000123FEF7CCBE9BB2D4E54FF000094FF4F4
:104890000073CDE909934FF0400E0420CC4602216D
:1048A0004A464B4686E5D9F810301A4A1A49002084
:1048B0009847DFED1A7A0023FFF793BB059B184A50
:1048C0001B69DDE9069610E7059B154A1B6912492D
:1048D0000020DDE906969847AA89039BDDF804E0ED
:1048E00012FB03F26B89562113FA82F301FB076175
:1048F00000209BB2C1F86E00591C92B2009089B2A0
:10490000FEF73FBF059B034A1B69034900209847F8
:10491000FFF7EEB964F3000810F10008000000434F
:10492000B8F200082DE9F04FADF6240DDFF87CA2B7
:1049300002900891039206934FF0020B974B4FF4AD
:1049400080541D469C62FDF75BFEAC61FDF758FE8E
:10495000029B5BB9DAF81030914A924900209847DF
:10496000BBF1010F32D04FF0010BE7E71B688E4A15
:104970009342EFD1039B002BF2D0DDF8089099F819
:104980000D30D9F808400A2B14D8DFE813F02500C1
:104990007804F2037103F302DD012501B1007B000D
:1049A0000B0025002046FCF7B1FB002840F0AC8549
:1049B000029B5B7B7D4E7E4A34697E490020A04786
:1049C000029A0023BBF1010F5373CCD1002630466D
:1049D0000DF6240DBDE8F08F4CAEEC2200213046E0
:1049E00004F0BCFC714B0493D3F84431DFED725AF0
:1049F000DFED726A059307EE903AF8EE677AB6EE4D
:104A0000006A85EEA77AF4EEE67A37EE067AF1EEE2
:104A100010FABCEEC77A17EE103A9DB200F3AC84E0
:104A20009FED677AF4EEC77AF1EE10FA00F1A484F4
:104A3000A5F110039BB2EF2B40F2CF849FED617A7A
:104A4000DFED616A049E77EE877A37EE877ABCEEF7
:104A5000C77AB8EE477A37EEC77AFCEEE77A27EEE8
:104A6000267A17EE904AFCEEC77A17EE907ACDE9D7
:104A70000047564B3469564A56490020A047029BCE
:104A80005B7B98E72046FCF741FB002890D0039918
:104A9000602300222046FEF78FFC0DF5C3730DF551
:104AA000AB7200210546FDF7CDF9002880D02846DD
:104AB0006EAB62AA0DF5DD71FDF7C4F900283FF475
:104AC00077AF204640F27C41FCF740FA00283FF4E3
:104AD0006FAF092589F80D50FDF76CFD00283FF4F4
:104AE0003FAFD9F80030304A93427FF433AF46E706
:104AF0002046FCF70BFB00283FF45AAF4CAE1023C6
:104B0000039900222046FEF757FCB6F88A3003F0DE
:104B10001F08C3F3441E9B0A0746203B002504934D
:104B2000BB1C099508F130080EF1300E0795AC4614
:104B3000284605930CE0079B9A42604640F2CD84DC
:104B40009C46ABB2079209930135082D00F09D8475
:104B5000059A37F9253032F92520049908FB03F32B
:104B600002FB01F1002BB8BF3F33002902FB0EF21C
:104B7000B8BF1F319B11002A03EB6113B8BF3F324E
:104B80001BB242F38F1203FB03F302FB0232824299
:104B9000DAD96245CFD81046D6E700BF00040048F6
:104BA0007CEA000894EA00080EB037138800002061
:104BB0006CF4000890F40008F902154F8096984CA8
:104BC0008096984BBD3706350024744930EC0008B8
:104BD0002CF4000858F400082046FCF797FA0D90D2
:104BE00000283FF4E5AE524B524A0493D3F84431C7
:104BF000BDF81012A2FB03239A0901FB02F24FF445
:104C000040730792039900222046FEF7D5FB88AB3C
:104C10004CAE0C9005930DF50778871C0DF61C051E
:104C2000B7F9001037F9020CFCF7CCFC48F8040F78
:104C3000454507F10407F3D10DF1D00820220021EA
:104C4000404604F08BFB3C4B0993079B0E9403EB0F
:104C50004303DB000A93059B0F9603F15C054FF6B7
:104C6000FF734FF0000E33AA0B932B467446754624
:104C700016461F46A7F15C00FDF7BAF84FF0000C8E
:104C8000A7F1600050F8043F026E8742A3EB0203D5
:104C90009C44F7D1BCF1000FC0F2E18340F694537D
:104CA0004FEA9C1003FB00F0079B400D03FB00F054
:104CB0000A9B03EB102070601DB13368834240F201
:104CC000F98456F8043F099AA3F16673A3F54A33B1
:104CD000203B002BB8BF5B42934202D20D9C09934C
:104CE0000B95691C8DB2082D07F1C007C2D1A646ED
:104CF000DDE90E46BEF1000F00F0DC840B9B7384EF
:104D000000930E4B0E49372283F8242020460D4A8B
:104D10000C23FEF7A3FB204640F21741FCF716F9DF
:104D2000002840F07D85029B049E5B7B43E600BF2C
:104D300088000020D34D621040420F000000002088
:104D400018D30008FCB400082046FCF7DFF900285F
:104D50003FF42EAE4FF4407300220399BE4DBF4E78
:104D60002046FEF729FB00F5C06213AB0A92002231
:104D70000492CDE90C4388AA05921CAACDE90EB98C
:104D800007930DF1D0080B924BAF81460B9CCB469D
:104D9000BBF902103BF9040BFCF714FC44F8040BBC
:104DA0004445F5D133AA1446CB460992BBF96210AB
:104DB000BBF96000FCF706FC44F8040FBC420BF1A1
:104DC000040BF3D1DDE90413099A58180DF16C0EA8
:104DD000002152F8043F5EF8044F1B1BAB4240F326
:104DE000F982A3F5C9237E3BAB42FADC002BB8BFA6
:104DF0005B429942B8BF1946BA4240F8043BE8D139
:104E0000079B491043F8041F0793049B60330493E6
:104E10000A9B09F1C0099945B8D1DDE90C43DDE9E8
:104E20000EB9002108460A4653F8045F8542C8BF00
:104E3000114602F10102C8BF2846082AF4D114AB7A
:104E40000DF1CF0253F82150059B01EB410103EB1B
:104E500041110DF1E70051F8043BAB42ACBF002318
:104E6000012302F8013F90421376F4D10020012380
:104E7000024618F8011F6AB981B118F8011C69B916
:104E80001A4601200133302B3FF492AD18F8011F70
:104E9000002AF1D0002900F0D28201300133302BFA
:104EA000E7D1A0F10C03082B3FF682AD02EB5002D4
:104EB000172A02D9183A172AFCD892B2910089B25F
:104EC00001F13005ADB25F2DADF8382140F25584C7
:104ED000634BA3FB05239B0903EB4303A5EB4313A0
:104EE00000270D46B84699B201265E4A009121235B
:104EF0005D492046FEF7B2FA5A4A5B4900952223E3
:104F00002046FEF7ABFA0325564A5749009601237F
:104F10002046FEF7A3FA534A534900950223204640
:104F2000FEF79CFA4F4A5049CDF800802B462046A8
:104F3000FEF794FA4B4A4C49009704232046FEF7AB
:104F40008DFA484A4849009605232046FEF786FA1E
:104F50000023454900932046424A0623FEF77EFA85
:104F6000204640F2ED31FBF7F1FF00283FF420AD81
:104F70000625AFE52046FCF7C9F800283FF418AD38
:104F80000399002250232046FEF716FA0DF59D7274
:104F9000871E3021CDF810B00A948C4638469346CF
:104FA000CDF814903149CDF81CC0002447F6FF76A7
:104FB00005464FF6E473A646A1460F46B046CDF827
:104FC00024B009E0B24204F10104BCBFDE4616463B
:104FD0000833082C9BB21CD035F9022F0FFA83FB43
:104FE0005CB135F802CCA2EB0C0C0FFA8CFCE0455E
:104FF000A8BFE0466745B8BF6746002AE2DA8A42A2
:1050000004F10104C4BFD94611460833082C9BB2F1
:10501000E2D1A7F51C57103FBFB244F620639F4270
:10502000DDF81CC0DDF824B011D8B8F1000F0ED1A6
:1050300011F5004F47F6FF7300F045839E4200F0E4
:10504000EA85AEEB090EBEF1080F00F01E86DDE921
:1050500004B30293ACE400BF3F240300C1DBFCFFB8
:10506000ABAAAAAAFCB4000818D300080080FFFF6E
:105070002046FCF74BF800283FF49AAC0399002235
:1050800020232046FEF798F9B0F90020064607468F
:10509000012115460020944637F9022F02F5487386
:1050A000A3EB0C039BB2B3F5C86F3FF681ACAA42E9
:1050B000A8BF084601F10101A8BF15462029EAD181
:1050C000072840F260831728A0F1070340F2D98532
:1050D000D3F1200240F05A8388AB05930DF1D0083C
:1050E00005984146FCF700FB00283FF461AC98EDC1
:1050F000006AB5EE406AF1EE10FA3FF459AC98ED53
:10510000017AB5EE407AF1EE10FA3FF451ACD8EDE9
:10511000026AF1EE666AC6EE877AF5EEC07AF1EEC3
:1051200010FAFFF645ACB1EE477AC7EE066AF5EE27
:10513000C06AF1EE10FA7FF53BACB7EE007A77EE7D
:10514000877AFCEEE77A17EE903A9AB23F2AC3F3D9
:105150004E033FF62DAC83F01003204640F215318C
:10516000ADF83631FBF7F2FE00283FF421AC042500
:10517000B0E42046FBF7CAFF079000283FF418ACC4
:105180000399412300222046FEF716F90023028CE2
:1051900005920146A0F1020C984604934FF6FF7E5B
:1051A0005A1E02FB02F2C2EBC202500000F5167654
:1051B000C83A3CF9020F002B00F047813CF9027C11
:1051C00000F57A75C01B9042FFF6F2ABB0423FF794
:1051D000EFAB85EAE572A2EBE57292B2724506D2B8
:1051E0004FEA83089646079A04921FFA88F801331B
:1051F000102BD5D1049A002A3FF4DAAB88F03000A6
:10520000B1F88020B1F822800990A2EB0802B2F533
:10521000FA6F4CAEB080FFF6CBABB1480A961204E1
:10522000A0FB0202520900202031079205464FF6EA
:10523000FF77A64631F8022F059EA2EB060CBCF1C3
:10524000000FB8BFCCF1000C1FFA8CFCBC4508EB7A
:10525000104438BF674604F5487C38BF1D46944566
:1052600003F1010602F5487280F0BE83079AB3B2DB
:10527000402B10443FF49CAB00220492DAE7204616
:10528000FBF744FF00283FF493AB88AA154643F28E
:105290003203002629468893032201232046ADF8D5
:1052A0002462FBF7C7FC0399AD88122332462046DF
:1052B000FEF782F80146B0F800C047883346304612
:1052C00004314FF6FF7645FA03F2D2070AD531F8DA
:1052D0001320D21B002AB8BF524292B2964284BF1A
:1052E00098B216460133102BEDD1431E0D2B3FF61D
:1052F0005FAB00F10043013B01EB430631F81320A3
:10530000738841F28731D21A8A427FF751AB4FF648
:10531000FF7295423FF44CABB2889B1A8B427FF7E9
:1053200047AB40F2E51303FB0CF31B0CA3F58973A9
:1053300013F1140F1AB2C0F2FC852C2A40F3F68543
:105340004F2ACCBF0423032366490090ADF83201F5
:10535000ADF854312046644AADF830C12523FEF73C
:105360007DF8204640F23321FBF7F0FD00283FF4A2
:105370001FAB0225FFF7AEBB9FED5C7ADFED5C6AE9
:10538000049E5C4B5C4A5D4977EE877AA84637EE0F
:10539000877A0020BCEEC77AB8EE477A37EEC77A34
:1053A000FCEEE77A27EE267ACDED007A17EE904AEA
:1053B000FCEEC77ACDED017A356917EE907AA847F1
:1053C000A8F11005EF2D3FF652ABFFF758BB03F5E0
:1053D000C9237E33B342FADB08E577EEC77ADFED07
:1053E000486A9FED487A67EEA67A3F2D77EE877A76
:1053F000FCEEE77A17EE902AA6F8E82040F2B78193
:105400000123BF2DA6F8E23096BFA5F14003EB08BB
:10541000C3F3CF03A6F8E43005F00703A6F8E6309F
:10542000049FA6F8E05020463D88FCF783F800284A
:1054300040F03183029B3E465B7BFFF7BCBA0B28F2
:105440003FF62FAD08460A461CE500F57A73002B9F
:10545000B8BF5B429BB2734510D30123A0E6CCF1E9
:10546000000040F69453800903FB00F0079B400DB9
:1054700003FB00F00A9BA3EB10201CE49E46079B55
:1054800004934FF0000801238AE6079BB0EB530F0B
:10549000BFF48EAA099B3384134A12490093204615
:1054A0000B23FDF7DBFF00230F4A0E490093204634
:1054B0000923FDF7D3FF7E230A49009320460A4AB9
:1054C0000A23FDF7CBFF204640F25341FBF73EFD98
:1054D00000287FF4FFAAFFF76BBA9446FFF734BBAE
:1054E000ABAAAAAA18D30008FCB40008BD37063539
:1054F0000024744930EC00082CF4000858F400082B
:10550000E8385BB500007C4203994FF49C630022AD
:105510002046FDF751FF14AB00931CAB059334AB51
:1055200000251F4688AB1A460493019512AB9021C3
:105530008146129514951C953495FCF717FD0028AB
:105540003FF436AADDE90463019500973246F02165
:1055500009F59070FCF70AFD00283FF429AA12AB68
:105560000093019514993A689A4B9B4C521A02FB8E
:1055700003F304FB01F11B0CC3EB5133129904FB41
:1055800001F104FB02F2490B4CA8CDE97B320790F4
:105590007D9111AB324640F21F1109F20230FCF747
:1055A000E5FC00283FF404AA059B019314AB00938B
:1055B000049A10AB4FF4907109F5A860FCF7D6FC83
:1055C00000283FF4F5A9CDE90057049A2B4609F5C8
:1055D000F0604FF49071FCF7C9FC00283FF4E8A993
:1055E000109B059A11981268129E1499B846C01A19
:1055F00004FB03FCD8F80030079F9B1A04FB02FE53
:10560000764A00FB02F2120CC2EB5C32C7F8C820EB
:10561000734A891B01FB02F204FB06F6120CC2EB73
:105620005632C7F8D0206F4A04FB00F004FB01F1AA
:1056300003FB04F402FB03F31B0CC3EB5E33C7F85C
:10564000D4106949C7F8CC00C7F8D830C7F8DC4097
:105650000DF22F100DF21B264FF0FF3310F8012F23
:105660000824534043F300020A40013C82EA5303FA
:10567000F8D18642F2D1029DDFF89091DB43C7F862
:10568000EC304FF4805A0A236B73C9F828A0FCF75A
:10569000B7FFC9F818A0FCF7B3FF544B2A689A4229
:1056A00000F0D981524B534A1B6953492046984711
:1056B000FFF78CB9514B049E372283F82420029BBC
:1056C0005B7BFFF778B99E423FF4C1ACBEF1000F9F
:1056D000C0F29682BEF11F0F3FF7B9AC1FFA8EFEE3
:1056E000464B2BF802EF83F815C00CF1010C5FFA62
:1056F0008CFCBCF13A0F00F110007FF453AC0A9C13
:10570000069A03998023009320463D4BDDE904B9B6
:10571000FDF74CFCBDF83C013A4A3B49BDF8365117
:10572000009007232046FDF799FE364A364900953A
:1057300008232046FDF792FE0323324A32490093A4
:1057400020460923FDF78AFE06232F4900932046B1
:105750002C4A0A23FDF782FE204640F2D631FBF7A1
:10576000F5FB00283FF424A90525FFF7B3B92F2D39
:1057700088BF2B46A6F8E43052E603274FF0010815
:105780000026FFF7B2BB00F10802002388A9D01859
:1057900006EB4000059106EB430607EE903A36F91A
:1057A000025BF8EE677AB042C1ED027A07EE905ADA
:1057B000F8EEE77A03FB03F5C1ED007A07EE905AA5
:1057C000F8EE677A03F10103C1ED017A01F10C01F2
:1057D000E3D183E4A82A0400AA0A010054150200B8
:1057E000A64A07004E750B002083B8ED0EB03713A4
:1057F000880000207CEA000894EA000800000020ED
:105800003CB60008FCB4000818D3000800040048A7
:1058100000004042000080420000004200007C4244
:105820000C9B1FED057AF7EE007A1C4603F1C005CC
:1058300003F5D8674646A5F1C0030020B3F902205E
:1058400002FB02F1B3F90020043302FB0212AB4267
:105850001044F3D106EE900AB8EEE66A03F1C005F3
:10586000C6EE076AAF42B1EEE66AC7EE866AE6ECBC
:10587000016AE0D10C9F5FED191A5FED190A1FED67
:10588000191A60376EAE1CA908F12005059B404629
:105890002246B2F900C0F0EC016A07EE10CAB8EE79
:1058A000C77AB2F902C027EE267AA84267EE077AD5
:1058B00002F1C002C3ED007A07EE90CAF8EEE77A73
:1058C00032F960CC67EEA67A03F10C0327EE277A53
:1058D00067EEA77A03ED027A07EE10CAB8EEC77A30
:1058E00043ED017A27EE267A32F95ECC67EE077A2D
:1058F000C3ED157A07EE90CAF8EEE77A67EEA67A5E
:1059000027EE277A67EEA77A83ED167AC3ED177A2A
:10591000BFD1059807911022FBF7E6FE07990028F2
:105920003FF401AAD1ED006A91ED017AF1EEE67A39
:10593000B1EE006A66EE866A91ED026A67EE075A7A
:1059400066EE866AB6EE006A76EEE56AF6EE085A0C
:10595000B1EEE64AC6EE276A77EEE57A26EE877A5A
:1059600067EEA17A66EE846AF7EE004A77EE867AF1
:1059700037EE247A76EEE56AB3EE0F5A27EE207AF8
:1059800066EEA16AF4EEC57AF1EE10FA37EE067A09
:1059900076EE866A00F32481F5EEC07AF1EE10FA15
:1059A00000F17181FCEEE77A17EE903A1BB2B4EE8B
:1059B000C17AF1EE10FA40F305816FEA83536FEA82
:1059C0009353F3EE0F7AF4EEE76AF1EE10FA40F338
:1059D000EB8043F478730434BC4226F8023F7FF432
:1059E00055AF0725FFF776B8A242FFF43FAC079A00
:1059F000B3B2402B10447FF41DAC049B0A9E744646
:105A0000002B3EF4D5AF0123758188AA00934FF493
:105A10007E5370460399ADF820321346069AFDF77F
:105A2000C5FAB84AB849009526232046FDF716FD69
:105A3000099BB54900932046B24A2423FDF70EFD89
:105A4000204640F2C621FBF781FA00283EF4B0AFB1
:105A50000325FFF73FB8AD490DF22F104FF0FF328D
:105A600010F8013F08245A4042F300030B40013C68
:105A700083EA5202F8D18642F2D1D7F8EC30D24311
:105A8000934200F0AF80A24BA24A1B69A249204674
:105A90009847FEF79BBF069B0A944FEA530C6D088C
:105AA000AC4528BFAC46039BCDF82490ACF1020C6A
:105AB0002CF0010C043305931FFA8CF340F64C379D
:105AC00007934FF000086546079CC8F534630C3314
:105AD0009D4288BF3C464FEA580960084FEA890159
:105AE0000CD0894B1944039B03EB800051F8042B25
:105AF000DA80120C9A8004339842F7D1B6F8E2307B
:105B000001931C23009305987E4B22464146FBF7E8
:105B10002DFC28B9099B0293049E5B7BFEF74BBFCB
:105B2000B6F8E43001931A2300930598754B22468A
:105B30004146FBF71BFC0028ECD0B6F8E630019399
:105B40001B23009305986F4B22464146FBF70EFC42
:105B50000028DFD0B6F8E8300193192300930598A8
:105B6000684B22464146FBF701FC0028D2D0234671
:105B7000039A0A984946FBF7C5F9079B9844FF1A10
:105B80001FFA88F840F64B339845BFB29CD9DDE93F
:105B900009944FF4AE712046FBF7D8F900283FF482
:105BA000C2A80125FEF796BFF5EEC06AF1EE10FA25
:105BB0003FF511AFFCEEE66A16EE902A43EA421377
:105BC0001BB208E7B5EEC07AF1EE10FA3FF5F9AE78
:105BD000BCEEC77A17EE102A43EA82231BB2F0E626
:105BE0001F23E4E6089A1AB14C4B12689A4214D06B
:105BF000474B4B4A1B694B4900209847FEF7E6BECE
:105C0000CEF1000E1FFA8EFEBEF11F0F3FF61FAA47
:105C10004EF0200E64E5CE4658E50499029D089E9C
:105C2000A8688C8043F21C0389460B600322012381
:105C300004360796FAF7FEFFB9F804A00AF4006AE2
:105C4000BAF1000F14BF012300232B7370D0D5F8D5
:105C50000890D5F810B004984FF4E272002103F0D8
:105C60007DFB3C220021404603F078FB9BF8C541B8
:105C7000A4B1274B2C4A1B692C4900209847FEF7FA
:105C8000A5BE0F2282E5002391E6761ACB0093FB96
:105C9000F6F3A9EB03030FFA83FE17E512AB0093AB
:105CA0000798DDE904233946FDF75CFC00283EF443
:105CB0008DAE089B059893F85F2012A94346FBF729
:105CC000B1F8064600283EF481AE029AB8F81230C8
:105CD0009380B8F81630D380049914AB11AA5846B3
:105CE000FCF73AFABDF85020BDF844309A4280F0F3
:105CF0009080079A04985B463946FDF7F1F8FEF765
:105D000066BE00BFFCB4000818D300082083B8EDBD
:105D100088000020A4F4000894EA00080FB03713AC
:105D20009CEA0008B4EA0008B8F40008A4EB0008F4
:105D30000499029D8C8043F231030B600322A86812
:105D400001238946FAF776FF2E7BB9F80420002E4E
:105D500040F0E68002994AF6C0439A42D1F8089092
:105D6000D1F810B03FF477AF2146049C4FF4E272B3
:105D7000204603F0F3FA14AB00930798059B2246E4
:105D80003946FDF7EFFB00283EF421AE089B05984D
:105D900093F85F2014A94346FBF744F800283EF42B
:105DA00016AE029AB8F81230694D9380B8F81630E2
:105DB000D38048462C88FBF7BDFB18B3069A6308CE
:105DC00054089C4228BF1C46039B023C043324F029
:105DD00001040293524602990498129412ABFBF705
:105DE0006DFE4FEA5A01A244129B039A80461FFAA5
:105DF0008AFA4846FBF786F8BAF51E6F3FD2B8F12B
:105E0000000FE7D12B69534A534900209847FEF70A
:105E1000DEBD43F2370314930322012314A948463D
:105E2000ADF85440FAF706FFBDF8543013F0C00344
:105E300010D1ADF8543043F23103149303220123FF
:105E400014A94846FAF7F6FEBDF854204AF6C043B6
:105E50009A4228D1049914AB11AA5846FCF77CF950
:105E6000BDF84480BDF850A0D0452AD93B4B1493CF
:105E7000484614A900230222FAF7DCFE39E7B8F1FC
:105E8000000FBFD08023069A039900934846344BF5
:105E9000FDF78CF8079A04985B463946FDF720F821
:105EA0004646FEF794BD2A4B93F88820002A3EF41C
:105EB0008DAD1C692B4A2C494B460120A047FEF7AB
:105EC00085BD2349069B0C885A086408944228BF64
:105ED00014460AF10202039B023CA2EB080224F0E2
:105EE000010492B2944203F1040328BF14460293C2
:105EF00004E0A0441FFA88F8D0451DD80299049800
:105F0000149414AB4246FBF7D9FD05460028F0D0A7
:105F1000149B039A4FEA58014846FAF7F3FFE8E763
:105F2000029BD3F80890D3F810B094E60223FFF751
:105F30000BBA0123FFF708BA084B1493484614A97B
:105F400000230222FAF776FE002D3EF43FADD0E6A4
:105F50008800002034F50008A4EB00088010010040
:105F60003CB60008F8F400081CF5000870B5FEB057
:105F70004FF4E27204460D460DA8002103AE03F073
:105F8000EDF900960DAA05AB00212046FDF7EAFACF
:105F900008B97EB070BD94F85B202B46314605A849
:105FA000FAF740FFF5E700BFFEE700BFFEE700BFDE
:105FB000FEE700BFFEE700BFFEE700BF704700BF7F
:105FC000704700BF704700BF034AD2F884300133E6
:105FD000C2F88430704700BF880000200C4B0D4988
:105FE000D3F88C204FF480104861D168490503D460
:105FF000012283F8AD207047D168C9B261F4906185
:10600000D1600120012283F8B00083F8AD207047F1
:106010008800002000040140034B5A69120744BF66
:1060200008225A61704700BF000401400148FAF796
:106030008FBA00BF580200200148FAF789BA00BFA2
:10604000A00200200148FAF783BA00BF3C010020FB
:106050000148FAF77DBA00BF84010020084810B457
:10606000D0F86032D0F8944299691A682CB123466E
:1060700000F518705DF8044B18475DF8044B704745
:106080008800002070B5AE4CD4F84851EB692A68FE
:10609000A96840F60F00034240F08780980602D5B9
:1060A000960600F1F380D4F8A801012816D0D80292
:1060B00002D5490200F1F4801E0605D4590602D526
:1060C000530600F1258170BD1006F7D5D4F8B43120
:1060D000002BF8D0BDE870409A481847DE06E6D598
:1060E000D006E4D510232B62AB68B4F8A0215B0680
:1060F00040F14281D4F8BC3119684B689BB2002B47
:1061000000F09681934280F09381A4F8A2310B684D
:106110009E0644D455E8003F23F4807345E80032DE
:106120004AB1D4F8482152E8003F23F4807342E892
:1061300000310029F5D1D4F8482102F1080353E8D1
:10614000003F23F00103083242E800310029F2D178
:10615000D4F8482102F1080353E8003F23F040033C
:10616000083242E800310029F2D12023C4F8C831B6
:10617000C4F8A811D4F8482152E8003F23F01003D6
:1061800042E800310029F5D1D4F8BC3193F825203C
:10619000022A00F054810422DA6383F824100223D7
:1061A000C4F8AC31B4F8A23170BD11F0010640F072
:1061B0009E80654802423FF476AFD8070FD5D105DF
:1061C00040F1D68001212962D4F8CC1141F00101BF
:1061D000C4F8CC1199076BD5002E40F08C8058077D
:1061E0007DD51E0700F1C1801E050AD5500108D5D6
:1061F0004FF400612962D4F8CC1141F02001C4F8B9
:10620000CC11D4F8CC1100293FF45DAF990602D52A
:10621000920600F1A080D4F8CC21AB6802F02802ED
:1062200003F04003134300F000814648FAF756FCA0
:10623000AB685B067FF547AF05F1080353E8003F05
:1062400023F0400305F1080141E8003262B1D4F8BF
:10625000482102F1080353E8003F23F040030832CD
:1062600042E800310029F2D1D4F8BC0100283FF403
:106270002AAF90F82530354A8263022B00F0BB80AC
:106280000423BDE87040C363FAF796BCD4F8B0317C
:10629000002B3FF418AF04F5A470BDE87040184718
:1062A0004FF480132B6270BDD1058BD4980722D494
:1062B000590714D5002E94D004212962D4F8CC11AA
:1062C000180741F00201C4F8CC118DD508212962CC
:1062D000D4F8CC1141F00801C4F8CC1184E71907B7
:1062E00082D502F0200131433FF47EAFEEE7D807BC
:1062F000DAD499072CD502212962D4F8CC115E0793
:1063000041F00401C4F8CC11D6D41907DED46BE7F0
:1063100055E8003F23F0400345E800324AB1D4F885
:10632000482152E8003F23F0400342E800310029B1
:10633000F5D120220023C4F8C421C4F8B43170BDC3
:1063400088000020D001002020010004B90B0008C3
:106350005E07B1D4D9E7D4F8B031002B3FF45BAF7E
:1063600042489847D4F8485155E79006AED43BE7E9
:1063700098073FF534AF9BE7B4F8A211B4F8A23107
:106380009BB289B2002B3FF49EAE91423FF49BAE8C
:1063900055E8003F23F4907345E800324AB1D4F841
:1063A000482152E8003F23F4907342E8003100296D
:1063B000F5D1D4F8482102F1080353E8003F23F057
:1063C0000103083242E800310029F2D12023C4F849
:1063D000C831C4F8B011C4F8A811D4F8482152E863
:1063E000003F23F0100342E800310029F5D10223D9
:1063F000C4F8AC3170BD0268436C116821F00E0125
:106400001160116821F0010111600124026C03F098
:106410001C0304FA03F35360002380F8254080F83E
:106420002430BDE87040FAF7C7BBC4F8CC3170BD6A
:1064300093427FF448AE0B689D06D8D470BD1A68AD
:106440001D6C106820F00E001060106820F0010034
:1064500010605A6C012002F01C0200FA02F26A601D
:1064600083F8250083F8241099E600BFD0010020AE
:10647000034B5A69120544BF4FF400625A617047DA
:106480000004014010B5194C194AD4F88C304FF46F
:10649000802151619A68D20402D5DA68D00509D406
:1064A0009A68910402D5DA68920513D4012384F81E
:1064B000AD3010BDDA68D2B262F4C0720121DA6088
:1064C00084F83C13FCF7CAFC68B9D4F88C3084F823
:1064D0003C03E5E7DA68D2B262F42072DA600123A5
:1064E00084F8AD3010BDF9F753FE00BF88000020DE
:1064F00000040140034AD2F8883043F47003C2F824
:106500008830704700ED00E0F0B4C56F202D4CD10D
:106510000C4601B112B90120F0BC704719460025A4
:106520002123C0F88450C36783682B4FA0F8502004
:10653000B3F5805FD7F88460A0F8522038D0B0F867
:106540005220036892B2B2B1DA69120604D44A1C2E
:106550001DD1DA691206FCD50CB314F8012B1A858B
:10656000B0F85220013A92B2A0F85220B0F852206E
:1065700092B2002AE8D1DA69520604D44C1C1DD12B
:10658000DA695106FCD52023C3670020C4E7D7F899
:106590008420921B914219D3C1B11A68D4E735F80F
:1065A000022BC2F308021A85DAE70220F0BC70471A
:1065B0000369002BC3D125461C46C0E7D7F88420C9
:1065C000921B914202D309B11A68D4E72023C36712
:1065D000F0BC0320704700BF88000020034613F87A
:1065E000012B002AFBD1181A0138704753B94AB958
:1065F000002908BF00281CBF4FF0FF314FF0FF30CB
:1066000000F036B9ADF1080C6DE904CE04F020F9C4
:10661000DDF804E0DDE9022304B0704770B54FF007
:10662000FF0C4CF4E06C1CEA11541DBF1CEA13551E
:1066300094EA0C0F95EA0C0F00F0DEF82C4481EA86
:10664000030621EA4C5123EA4C5350EA013518BFA6
:1066500052EA033541F4801143F4801338D0A0FB93
:1066600002CE4FF00005E1FB02E506F00042E0FB40
:1066700003E54FF00006E1FB03569CF0000F18BF46
:106680004EF0010EA4F1FF04B6F5007F64F54074EE
:1066900004D25FEA4E0E6D4146EB060642EAC62181
:1066A00041EA55514FEAC52040EA5E504FEACE2EEE
:1066B000B4F1FD0C88BFBCF5E06F1ED8BEF1004FF1
:1066C00008BF5FEA500E50F1000041EB045170BD6D
:1066D00006F0004646EA010140EA020081EA0301B1
:1066E000B4EB5C04C2BFD4EB0C0541EA045170BDAD
:1066F00041F480114FF0000E013C00F3AB8014F127
:10670000360FDEBF002001F0004170BDC4F100046F
:10671000203C35DA0C341BDC04F11404C4F12005F0
:1067200000FA05F320FA04F001FA05F240EA02004B
:1067300001F0004221F0004110EBD37021FA04F681
:1067400042EB06015EEA430E08BF20EAD37070BD3B
:10675000C4F10C04C4F1200500FA04F320FA05F09A
:1067600001FA04F240EA020001F0004110EBD3709C
:1067700041F100015EEA430E08BF20EAD37070BD0C
:10678000C4F1200500FA05F24EEA020E20FA04F3E5
:1067900001FA05F243EA020321FA04F001F0004194
:1067A00021FA04F220EA020000EBD3705EEA430E05
:1067B00008BF20EAD37070BD94F0000F0FD101F034
:1067C0000046400041EB010111F4801F08BF013C6D
:1067D000F7D041EA060195F0000F18BF704703F0AB
:1067E0000046520043EB030313F4801F08BF013D32
:1067F000F7D043EA0603704794EA0C0F0CEA1355EE
:1068000018BF95EA0C0F0CD050EA410618BF52EAA7
:106810004306D1D181EA030101F000414FF00000AD
:1068200070BD50EA410606BF1046194652EA4306BB
:1068300019D094EA0C0F02D150EA013613D195EA2F
:106840000C0F05D152EA03361CBF104619460AD177
:1068500081EA030101F0004141F0FE4141F4700181
:106860004FF0000070BD41F0FE4141F4780170BD71
:10687000704700BF81F0004102E000BF83F0004399
:1068800030B54FEA41044FEA430594EA050F08BFCB
:1068900090EA020F1FBF54EA000C55EA020C7FEA8F
:1068A000645C7FEA655C00F0E2804FEA5454D4EB0C
:1068B0005555B8BF6D420CDD2C4480EA020281EAD6
:1068C000030382EA000083EA010180EA020281EA0E
:1068D0000303362D88BF30BD11F0004F4FEA013160
:1068E0004FF4801C4CEA113102D0404261EB41016F
:1068F00013F0004F4FEA03334CEA133302D05242F5
:1069000063EB430394EA050F00F0A780A4F10104B0
:10691000D5F1200E0DDB02FA0EFC22FA05F28018EA
:1069200041F1000103FA0EF2801843FA05F35941D0
:106930000EE0A5F120050EF1200E012A03FA0EFC4F
:1069400028BF4CF0020C43FA05F3C01851EBE37179
:1069500001F0004507D54FF0000EDCF1000C7EEB96
:1069600000006EEB0101B1F5801F1BD3B1F5001FD4
:106970000CD349085FEA30004FEA3C0C04F10104F3
:106980004FEA445212F5800F80F09A80BCF1004F1C
:1069900008BF5FEA500C50F1000041EB045141EA9E
:1069A000050130BD5FEA4C0C404141EB0101013C67
:1069B00028BFB1F5801FE9D291F0000F04BF014656
:1069C0000020B1FA81F308BF2033A3F10B03B3F128
:1069D00020020CDA0C3208DD02F1140CC2F10C02B8
:1069E00001FA0CF021FA02F10CE002F11402D8BF16
:1069F000C2F1200C01FA02F120FA0CFCDCBF41EAE2
:106A00000C019040E41AA2BF01EB0451294330BDB0
:106A10006FEA04041F3C1CDA0C340EDC04F114048D
:106A2000C4F1200220FA04F001FA02F340EA030064
:106A300021FA04F345EA030130BDC4F10C04C4F1AA
:106A4000200220FA02F001FA04F340EA030029468A
:106A500030BD21FA04F0294630BD94F0000F83F4D4
:106A6000801306BF81F480110134013D4EE77FEAB7
:106A7000645C18BF7FEA655C29D094EA050F08BF03
:106A800090EA020F05D054EA000C04BF19461046E4
:106A900030BD91EA030F1EBF0021002030BD5FEA28
:106AA000545C05D14000494128BF41F0004130BD50
:106AB00014F580043CBF01F5801130BD01F00045A4
:106AC00045F0FE4141F470014FF0000030BD7FEA17
:106AD000645C1ABF194610467FEA655C1CBF0B4612
:106AE000024650EA013406BF52EA033591EA030F29
:106AF00041F4002130BD00BF90F0000F04BF002121
:106B0000704730B54FF4806404F132044FF0000553
:106B10004FF0000150E700BF90F0000F04BF0021CC
:106B2000704730B54FF4806404F1320410F0004532
:106B300048BF40424FF000013EE700BF42004FEA2D
:106B4000E2014FEA31014FEA02701FBF12F07F43AA
:106B500093F07F4F81F06051704732F07F4208BF61
:106B6000704793F07F4F04BF41F40021704730B568
:106B70004FF4607401F0004521F000411CE700BFB4
:106B800050EA010208BF704730B54FF000050AE037
:106B900050EA010208BF704730B511F0004502D538
:106BA000404261EB41014FF4806404F132045FEA3A
:106BB000915C3FF4D8AE4FF003025FEADC0C18BFE3
:106BC00003325FEADC0C18BF033202EBDC02C2F1D5
:106BD000200300FA03FC20FA02F001FA03FE40EA67
:106BE0000E0021FA02F11444BDE600BF4A0011D2A2
:106BF00012F5001211D20DD56FF47873B3EB625217
:106C00000ED44FEAC12343F0004343EA505323FA22
:106C100002F070474FF00000704750EA013002D197
:106C20004FF0FF3070474FF0000070470348044BAF
:106C3000834202D0034B03B11847704788000020FD
:106C400088000020000000000548064B1B1AD90FE1
:106C500001EBA301491002D0034B03B11847704761
:106C600088000020880000200000000010B5064CBD
:106C7000237843B9FFF7DAFF044B13B10448AFF3AD
:106C800000800123237010BDC50300200000000018
:106C90000CAB000808B5054B1BB105490548AFF31F
:106CA0000080BDE80840FFF7CFBF00BF0000000034
:106CB000C80300200CAB00086849694BCA682DE97D
:106CC00080484FF6FF0002401343DBB00F20CB603B
:106CD000FBF748FC002800F01D8362490B6803F4B1
:106CE000C063B3F5007F1ED00B685F4A5F4823F492
:106CF000C06343F400730B6013684A69322404FBD9
:106D000003F3B3FBF0F3500503F1010306D500E0F4
:106D100023B14A69520503F1FF33F9D4514B5B6942
:106D20005F0500F1F582524A9368D26803F00C03C4
:106D3000042B1ED00C2B18D04D494E4C0A6842F43F
:106D400080720A60D4F8840005E0D4F88420121A16
:106D5000022A00F2DD820A685605F6D54A6822F05A
:106D6000F85242F080524A600CE002F00302022A1C
:106D7000E2D13F493F4C0A684A6822F0F85242F09B
:106D800080524A603A49D1F8942042F00102C1F899
:106D90009420D4F8840005E0D4F88420121A022A42
:106DA00000F2B682D1F894209507F5D5CA6802F0B2
:106DB0000300022801F034820C2B00F0A9822C4B36
:106DC0001A68510100F1A4821A6822F080721A60D8
:106DD000D4F8841005E0D4F88420521A022A00F274
:106DE00097821A689201F6D4D8682349234A014051
:106DF0000A43DA601A681E4942F080721A60DA6843
:106E000042F08072DA60D4F8842005E0D4F884304F
:106E10009B1A022B00F27C820B689F01F6D5184B5F
:106E20001A6850070BD41A6822F0070242F00402D5
:106E30001A601B6803F00703042B40F069820C4AB8
:106E400093681368990140F16382936843F00303E8
:106E50009360D4F8841041F2883019E000ED00E02E
:106E60000003FA05007000400000002040420F00BF
:106E700000100240880000208C809D01020A00382A
:106E800000200240D4F884305B1A834200F2408232
:106E9000936803F00C030C2BF4D1936813F0F00FFC
:106EA00003D0936823F0F0039360CF4A136803F094
:106EB0000703042B0BD9136823F0070343F00403E3
:106EC0001360136803F00703042B40F02182C74DC1
:106ED000AB6823F4E063AB60AB6823F46053AB6052
:106EE000F9F784FBAB68C249C24AC3F303130B44EE
:106EF00093F8143C03F01F0320FA03F35068136067
:106F0000FBF730FB0646002840F00282EB6CBA4FDC
:106F100043F00203EB64EB6C03F002031A931A9B39
:106F2000EB6C43F08003EB64EB6C03F0800319938C
:106F3000199BEB6C43F00103EB64EB6C4FF0904852
:106F400003F00103189341F2012B4FF01009189B35
:106F5000C7F828B00223C8F828904FF48812CDE96A
:106F6000000008213846FBF7FBFB07F5C05032460E
:106F7000CDE9006602230921FBF7F2FB4046CDE98B
:106F8000006602234FF444124FF40061FBF7E8FB64
:106F90003846032759463346019600970122FBF7EE
:106FA000DFFB022332461946CDE90076FBF7D8FB1A
:106FB0000B46012249464046CDE90076FBF7D0FB5F
:106FC00031460920FBF7A4FADFF840B24FF4007A0B
:106FD000CBF800A02820FBF79BFA4FF48076CBF883
:106FE0000460AA6C42F00102AA64AA6C02F00102D9
:106FF00017920C20179AFBF78BFA4FF48052CBF8BC
:1070000000200D20FBF784FA4FF40052CBF800204B
:107010004846FBF77DFA4FF48032CBF80020112070
:10702000FBF776FA4FF40032CBF80020DFF8E0B13E
:107030007248C4F858114FF4E132C4E952B20C233B
:107040004FF44072C4E95411C4E95911C4E95732EC
:10705000C4F86C11FBF76CFC002840F05981DFF894
:10706000A0C194F87D20C4F838A04FF48273C4E91D
:1070700008C34FF47063E3620723E3640823C4E9A1
:107080000C00C4E90F00C4E91100A062206563652B
:1070900002F0FF0B002A00F0BC83594B594F022528
:1070A00084F87D501A6822F040021A604FF4417251
:1070B0001A6040F608725A6001260022C4F8802047
:1070C00084F87D60A3F55843C4E99B62C4E99D221E
:1070D000C4E99F2294F8A122C4F86032A423C4E931
:1070E000997302F0FF01002A00F0E983D4F86032BE
:1070F000242284F8A1221968D4F8642221F0010125
:1071000022F0706219601A619A68D4F86C1222F445
:10711000004201299A60D4F8682200F00F8142F4FD
:10712000044202299A6040F00C815A6842F40062DD
:107130005A605968D4F8702241F0007141F400415E
:107140005960D96821F40041D960D4F874120A4317
:10715000D4F8781242EA0122D4F87C12DA60D4F82A
:1071600080220A431A60196841F001011960002267
:107170002021C4F8A42284F8A112C4F8902284F833
:10718000A22294F8A1122029CDB240F0C18094F837
:10719000A012012900F0BC80242084F8A102196803
:1071A00021F001011960196821F4805119601968F2
:1071B0001960196841F00101196084F8A15294F82E
:1071C000A11284F8A0222029CDB240F0A18084F839
:1071D000A10219680C4821F001011960196821F415
:1071E00070611960196815E000200240001002402B
:1071F00028AB00080000002000040048D001002057
:1072000000300140E49CD1103C03002000E100E08C
:107210000044004041F0010119604C4BC4F8B43205
:107220004FF461210C2384F8A152C4E9AE12C4E9E1
:10723000B022C4E9B322C4E9B52284F8A022C4F87C
:10724000C832FBF775FB0546002861D101462C22A8
:1072500021A802F083F83E4BC4F88C301F23C4E908
:10726000245340F2E733C4F8983094F8AD30C4E9C1
:107270002755C4E9295503F0FF01002B00F08A834C
:107280000222D4F88C3084F8AD20DA68D00640F1C0
:10729000498394F8AC300125AB4284F8AD5037D027
:1072A000D4F88C3084F8AC5002274FF0CA094FF064
:1072B000530884F8AD70C3F82490C3F82480FAF71B
:1072C00091FFD4F88C30002840F0A0829A681860B2
:1072D0009A6822F480229A609A689A60FAF7C4FF4A
:1072E000D4F88C30FF265E6278B984F8AD5084F80B
:1072F000AD70C3F82490C3F8248084F8AC50FAF73A
:1073000071FFD4F88C3038B35E62002384F8AC305F
:10731000F8F73EFF0F4B1A6E42F001021A661A6E22
:1073200002F001021C921C9A9A6D42F080529A65FA
:107330009B6D03F080531B931B9BCEE442F40042F1
:107340009A605A6822F400625A60F2E600380140FE
:10735000002800400010024042F201125A60FAF781
:1073600083FFD4F88C305E620028CED1CDE92400B2
:10737000CDE9280084F8AC00ADF884008DF88600D3
:10738000229026904FF4807321A884F8AD508DF898
:10739000A8502B93FAF790FF0028B9D1B149B24811
:1073A000B24DB34E02F098FCB24BC4F844310FCD4D
:1073B0000FC695E80300502286E80300AE4984F822
:1073C00088706C20FBF7DEFF8346002800F02C83DA
:1073D0008046AA4B48F8043B05F108016822404664
:1073E00002F0EAFB5846F8F731FF10B15023CBF812
:1073F00004305846F8F72AFF10B1A023ABF8083044
:107400005846F8F723FF002800F0A78194F8883049
:10741000012B40F29E809BED150A2569984A9649FA
:10742000B5EEC00AF1EE10FA4BBF964B964BF1EE5B
:10743000406AF0EE406AF8F721FFDFED947A0190A0
:1074400076EEA76A0220FCEEE66ACDED006AA84758
:1074500094F88830012B7CD99BED160A25698C4A5B
:107460008549B5EEC00AF1EE10FA4BBF854B864B4D
:10747000F1EE406AF0EE406AF8F700FFDFED837A44
:10748000019076EEA76A0220FCEEE66ACDED006A76
:10749000A84794F88830012B5BD9BBF85C3025698C
:1074A0007C4A75490220A84794F88830012B50D9AE
:1074B0009BF85E30784F794E2569794A6E49002BEA
:1074C0000CBF3B4633460220A84794F88830012B76
:1074D0003FD99BF85F302569724A6749002B0CBF82
:1074E0003B4633460220A84794F88830012B30D918
:1074F0009BF8633025696049022B96BF6A4A6B4B43
:1075000002EB83034FF0020098BFD3F8FC3C684ABB
:10751000A84794F88830012B1BD99BF86430256963
:107520005549022B96BF604A604B02EB83034FF034
:10753000020098BFD3F8FC3C5E4AA84794F8883014
:10754000012B06D925699BF862305B4A4A49022023
:10755000A8479BF86230002B00F0FF800027CDE9A0
:107560000278DFF878A1444E5D4694F88820012A1D
:1075700040F2E980029B2769524631460220B84713
:1075800094F88830012B40F2DC806B684B4A276905
:1075900031460220B84794F88830012B40F2D18060
:1075A0002B89474A276931460220B84794F888302A
:1075B000012B40F2C6806B89424A2769314602207E
:1075C000B84794F88830012B40F2BB80AB893E4A23
:1075D000276931460220B84794F88830012B40F2E1
:1075E000B080AB7B394A276931460220B84794F80E
:1075F0008830012B40F2A580EB7BDFF89C80DFF820
:107600009C90334A2769002B0CBF43464B463146BA
:107610000220B84794F88830012B40F292802B7CEE
:107620002C4A2769002B0CBF43464B4631460220AB
:10763000B84794F88830012B40F283806B7C264A4F
:107640002769002B0CBF43464B4631460220B84702
:1076500094F88830012B74D9A97C104A0E4B276905
:107660003EE000BF4CB7000860F50008A4B7000872
:107670008800002000366E01B4EA00080FB037130E
:107680009CF500081CEB000830EC0008BD370635FF
:10769000B4F50008CCF5000850F5000848F50008DE
:1076A000E4F5000800F6000828AB000858F50008CB
:1076B00018F6000834F6000850F6000874F60008C2
:1076C00098F60008BCF60008E0F6000804F7000889
:1076D00028F700084CF7000870F7000864F6000867
:1076E000002918BF13460220BF4A3146B84794F814
:1076F0008830012B25D92B7DD4F81080013BDBB2DB
:10770000042B96BFB94ABA4B02EB8303314698BFAC
:10771000D3F8083DB74A0220C04794F88830012BBF
:107720000FD9EB7CD4F81080052B96BFAF4AB04B35
:1077300002EB8303314698BFD3F81C3DAE4A0220CA
:10774000C0479BF86230029A01329A42029205F1D8
:107750001405FFF40AAFDDF80C805846F8F776FD03
:10776000002849D0A54967221020FBF70BFE0390A3
:10777000002841D0A24B03609BF86250A1493822F7
:107780001020002D00F05A81BBF85C50FBF7FAFD89
:107790009C4982463922FC20FBF7F4FD0646002D69
:1077A00000F0FF8197493E226020FBF7EBFD0123AB
:1077B0000546BAF1000F00F04C81002E00F049811F
:1077C00013B1002D00F04581C6F8985043A9CAF8BE
:1077D00000604046FEF7CAFB002840F04481236960
:1077E000894A884998475046F9F7EAFA039A0023EC
:1077F00053601046F9F7E8F9844802F05BFA002379
:107800001A4619465846FBF7FFFAFEE7FF225A626E
:107810007BE584F87CB02B6E43F480532B662B6E93
:1078200003F480531E931E9BEB6C43F00103EB6447
:10783000EB6C009703F001031D931D9B744D052312
:107840004046019302225B46E021FAF789FF714B23
:10785000C4F8E461C4E976BBC4E97BBB4FF080089F
:107860004FF0010B4FF480672846C4E9743BC4F81D
:10787000E081C4F8E871FAF7EBFD00287FF448AD29
:10788000C4E98A8605F14806C4E98D00624BA56704
:10789000C4F82402A5F5D8753046C4E987B9C4F800
:1078A0003072C4F8F851C4F81832FAF7D1FD002844
:1078B0007FF42EAD6667C4F84052FFF7EEBB582246
:1078C0002DA884F8A01201F049FD80232CA82C9348
:1078D000F8F790FF074600287FF41AAD33464F4E65
:1078E0004F48F26C2A43F264F26C2A402092209AAC
:1078F00004210322019100924FF440611222FAF711
:107900002FFFB36D43F48003B365B36D03F48003BD
:107910001F93394621201F9BFAF7FAFD414B5D600A
:10792000FFF7E4BBCA225A6253225A62FAF75AFCA2
:10793000D8B9D4F88C30D4F89C009A6822F4E002CC
:1079400022F040029A60D4F8902099680243D4F85B
:10795000A40002430A439A60D4F898201A611A6975
:10796000D4F8941042EA01421A61FAF77DFCD4F887
:107970008C30002833D1DA6CD4F8A00022F0030256
:10798000DA64D4F8A820D96C02430A43DA64FF22EF
:107990005A627EE4542244A884F8AC104FF4007676
:1079A00001F0DCFC4FF4003343A843935996F8F7F9
:1079B00021FF014600287FF4ABAC184AD2F8903082
:1079C00043F400430320C2F89030FAF7A1FD154DAF
:1079D00008232B602920FAF79BFD6E6050E4FF22FC
:1079E0005A62F8F7D5FB00BF94F7000828AB0008EF
:1079F00058F50008B8F70008DCF70008D8EA0008D6
:107A00000DB0371300F8000810F800088CF80008D3
:107A1000580200201C0002403000024000100240CA
:107A20000004004800E100E0BB4802F043F9BB4B12
:107A30004FF480529A62FAF7E3FDE6E6FBF7A2FC08
:107A4000B74982463922FC20FBF79CFC2B460646B0
:107A5000AFE65046F8F7EEFB3046F8F7EBFB28466A
:107A6000F8F7E8FBC2E6BDF82031BDF82C21D6F8C6
:107A700098701A4491B2BDF822210D91A6F89E107B
:107A800006F1F8015200C6F8841006F1F401C6F8B8
:107A9000E820C6F88810002206F1F601C6F8942006
:107AA000A6F89C20C6F88C1006F1F00206F1F7014A
:107AB00033877262C6F8901037B106F1EC01B961F4
:107AC00006F1F5017A62F965C6F8D8200D9AA6F894
:107AD000E420039AC6F8DC209BF8622004920DF59E
:107AE0009B7521A80021944605E035F8022F520825
:107AF00020F8022B0131CAB26245F6D3BDF8282125
:107B0000BDF82A110C911A4492B20B92BBF85C207A
:107B100005921146002A00F05A81BDF82E21B2FBD1
:107B2000F1F20692BDF82611BDF82421BDF812012C
:107B30001A440B44DDF80E11A6F87E30794B3364FD
:107B4000794B7364794BB364032386F874300F2345
:107B5000A6F87A00C6F87610A6F87C20A6F8803041
:107B6000002F00F037810020459A1392CDE92F00B5
:107B7000469A1592CDE93100CDE93300BDF81C21BC
:107B8000149230AB9C460DF59772049DC1B2A94288
:107B900009D232F8021F23F8021F1189198101301E
:107BA000F3E72B4605E6059B614A3B87069B7B87EF
:107BB000089200235F4A099219465F4A0792C7E973
:107BC0001333C7E915335D4B7B6007F148025C4B0B
:107BD000BB6002925B4B119407F13A02CDE90EBAF9
:107BE000D946FB6010969246E3460C46CDF8488095
:107BF0000A97049B5FFA84F8434540F208833BF8F8
:107C0000026F2AF8026FBBF808704F49AAF8087093
:107C10002F22EC20FBF7B6FB0546002800F09E80E3
:107C20004A4B03644A4B43644A4B836499F81410EB
:107C30000139042900F26884DFE801F06467036A0F
:107C400003006FF00C00149A99F811C00D9BA5F871
:107C50007A20059AA5F87E20069AA5F88020991921
:107C6000159A139E99F810E085F874E089B2BCF17A
:107C7000000F18BF1646D9F80420A5F87C10C5F8E7
:107C800076607B00C5E92120D9F80800C5F8E0300E
:107C9000314BC5F8D830089BC5F89C30099BC5F816
:107CA000A030079BC5F8A4300A9BC5F8D43005F175
:107CB000E4032E4685F875C0C5F88C00A5F896102B
:107CC000A5F8DC106B62C5F8D03000232B87A5F82F
:107CD000943005F13C0005F1E803C5F8903046F812
:107CE000980BEE63F9F72EFF09F11409661C0028C2
:107CF0005DD02868C3689847029B43F8045F344608
:107D0000029376E76FF00B009DE76FF006009AE7AD
:107D10006FF00F0097E700BF80F5000800040048EF
:107D200000F80008C519000845020008651A000897
:107D30001D0200086D1A000831020008F51800083D
:107D4000691900082902000834F800084D300008BD
:107D5000451B00083D1B000819300008C14602946D
:107D6000DDE90EBADDE91148109E0A9F029B834AA5
:107D70008349123307EB830300255D60284623699E
:107D80009847CDF80880B0462646B9F1000F00F0BC
:107D9000378209F1FF395FFA89F407EB84045FFA4F
:107DA00089F9E06C08B1B3689847E564EDE702949F
:107DB000C146DDE91148734A23697349109E0A9F41
:107DC000DDE90EBA9847A36828469847CEE7059A9A
:107DD0000692A7E66D4B08936D4B09936D4B079385
:107DE000089BC6F8A430099BC6F8A830079BC6F8C4
:107DF000AC30694BC6F8E03006F13C033360002F2D
:107E000000F0ED8106F1A003F7633B603068836802
:107E1000984720B923695B4A60499847E3E4306892
:107E2000C36898475E4BCAF804305E4BCAF80C3002
:107E3000039B0025CAF80850C3F804A09BF86220F1
:107E40002F46EBB29A4204D921AB33F815301F44C8
:107E5000BFB20135042DF4D1BBF85C300293039B13
:107E60000B9A9A810C9ADA815846F8F7EFF920B10B
:107E7000404643A9FEF77AF848B94B4801F01AFF8B
:107E8000002303991A465846FAF7BEFFBDE4BDF831
:107E90000C310593184601F0B5FE8246002862D0E9
:107EA000424B4FF480529A61FAF7AAFB40493722BD
:107EB0001420FBF767FA064600284AD03D4978228D
:107EC00040F25E20FBF75EFA002800F083814FF05D
:107ED0000108394BA0F8C48180F8C6814FF0000931
:107EE00033604FF440533061C6F80880C6F8049000
:107EF00086F80D900322439343A943464046ADF8CC
:107F00001091F8F797FEBDF8103141F2102293421C
:107F10005ED02A4A2A4925694846A8473046F8F7DC
:107F200077FE43F21C0343A9439340464346032292
:107F3000ADF81091F8F77EFEBDF81031190508D59F
:107F40004E46002023691F4A194998473046F8F7E2
:107F50005FFE1D4801F0AEFE0399534600225846CD
:107F6000FAF752FF51E4194801F0A4FE0399534671
:107F700052465846FAF748FF47E400BF68F8000841
:107F8000BCEF000848F8000834F800081D0200089B
:107F90006D1A000831020008E501000800F8000829
:107FA0000D020008C10D0008ACF8000800040048EC
:107FB00094EA0008A4EB00080EB03713ECF80008B0
:107FC0001CEC00080CF9000828F90008D0F800089B
:107FD00043F21C03439340464346032243A9ADF8B2
:107FE0001091F8F727FEBDF8108118F40068A8D1A9
:107FF000B068F9F785FAD6F80890032240F24913E1
:10800000009241464846F9F74BFA40F249132A4696
:1080100002214846CDF80080F9F742FA294640F29D
:10802000491310224846CDF80080F9F739FA40F29A
:108030004913202205214846CDF80080F9F730FA8F
:10804000484640F249134FF47F520621CDF8008094
:10805000F9F726FA059B524659463046FCF762FC72
:10806000002800F0A980029B049413FB07F31FFA79
:1080700083F9052306930AF1060307930AF13803EF
:1080800008930AF16A030993CDF808B04F463368A4
:10809000894A934215D0049C884A23698849DDF8AF
:1080A00008B000209847874801F004FE3046F8F7F2
:1080B000F5FD0399534632465846FAF7A5FEFFF7F9
:1080C000A4BB337B002B36D1B0681521F8F73EFFF7
:1080D000002845D001233373FAF76CFA002800F02A
:1080E000CA803368744A934215D0049C734A23694A
:1080F0007349DDF808B000209847734801F0DAFDB5
:108100003046F8F7CBFD0399534632465846FAF706
:108110007BFEFFF77ABBF288B3881344059AB2EB73
:10812000430F20D2049C694A23696549DDF808B0F1
:1081300000209847E1E73469B06894F8C61101223D
:10814000F8F740FF94F8C521002A33D094F8C621EF
:10815000022A0CBF0122022284F8C6210028BBD1CA
:10816000DDF808B09FE73469D6F8088094F8C65166
:1081700043F2370E4FF0000C0322012343A940467F
:10818000CDF80CE1ADF810C1F8F754FD012DBDF8A4
:10819000102133D0022D0CBF8023C02313EA02002C
:1081A00021D1049C4A4A24694A49DDF808B0434673
:1081B000A047A2E70122CFE7474801F07BFD304608
:1081C000F8F76CFD0399534632465846FAF71CFE01
:1081D000FFF71BBB30613046F8F72CF8B9E606F123
:1081E000A003F36312E694F8C61143AA4046F8F7D9
:1081F00031FF00284FD1DDF808B07EE74023CDE7FE
:1082000034464646DDF80880D6F89870E8E5DDE9A2
:108210001064DDE90EBADDF84880D6F89870DFE525
:1082200002F4FE40B0F5206F7EF4C6AD02F0784057
:10823000B0F1605F7EF4C0AD284802427EF4BCAD70
:108240000B689E013EF5EBAD0B68254843F080734B
:108250000B60CB6843F08073CB60D4F8842005E0DA
:10826000D4F884309B1A022B3FF652A803689D0174
:10827000F6D5FEF7D4BDDDF808B01A4801F01AFDB6
:108280003046F8F70BFD0399534632465846FAF745
:10829000BBFDFFF7BABABDF80C31032B26D0049C06
:1082A000BDF80E2124690B49009243460E4ADDF8C1
:1082B00008B00020A04720E70EB037137CEA000882
:1082C00094EA000870F9000850FA0008A8F90008BC
:1082D000C0F90008A4EB000844F90008700060062B
:1082E000001002408CF90008E0F90008BDF80E31DA
:1082F000D6F81080C3F30013AAF8003098F8C43100
:1083000023B198F8C6315A1E53425341AAF802309D
:10831000B8F8C831079AAAF8043008F5FD7C08F5CA
:10832000E5731C6858689968DD68D560103363454B
:1083300014605060916002F11002F2D1B8F8FA3185
:10834000DDF820C0AAF8363008F5FE7408F50B7E7B
:1083500020686168A268E36865460FC510347445FB
:10836000AC46F5D1B8F82C32099AAAF8683008F270
:108370002E2308F25E281C6858689968DD68D5606D
:108380001033434514605060916002F11002F2D145
:10839000F4883369B06893F8C621B188B4F5005FFA
:1083A00000F29080013A18BF012212030AEB41014A
:1083B0002346FBF701F8002800F09280002C3FF4E0
:1083C0001AAF039B524A1B68934252D0049B5149F7
:1083D0001B69514A002098479DF8B24014B34F489A
:1083E00001F068FC4E4801F065FC059B029952467D
:1083F0003046FCF797FA002876D04A4801F05AFC3C
:10840000069B013B06937FF442AEDDF808B003996A
:10841000584653463246FAF7F7FC434801F04AFC07
:10842000FFF7F3B941482E9D01F044FCCFB1DFF8CE
:1084300014B1DFF8149105F102080CB1630714D0F0
:1084400038F9242035F9243000920F215A4643A8E8
:1084500001F068FC013443A9484601F03DFCBC42F0
:10846000EBD10A2001F0C6FBCAE70A2001F0C2FBEB
:10847000E6E7039B2CAA59689A600868038F0AEB09
:1084800043034361B0F894300AEB4303C364B0F88C
:1084900096300AEB43030365D0F898304BB1B0F83F
:1084A0009C200AEB42021A61B0F89E200AEB4202BD
:1084B0005A61B0F8E4304A680AEB4303C0F8B030C0
:1084C000904789E7049C1A4A23691A49DDF808B0E5
:1084D000002098472369184A1849002098470CE65D
:1084E000DDF808B0049CF5E7DDF808B0144801F0A9
:1084F000E1FB3046F8F7D2FB039953463246584623
:10850000FAF782FCFFF781B90020FFF79CBB00BFA0
:108510000DB03713D8EA0008BCEA000868FA000872
:10852000ACFA0008D4FA000824FB000800FB00089D
:108530000CFA0008D8EB000824FA0008A4EB0008A5
:1085400044F9000810FB00081CFB00084FF400531E
:108550004B600020704700BF4FF0FF30704700BFF6
:1085600001207047002070474FF0FF30704700BF78
:1085700010B54FF6FF731446024892B2FDF7C4FFE0
:10858000204610BD3C030020DFF834D0FDF7B2FFD9
:108590000C480D490D4A002302E0D458C45004335E
:1085A000C4188C42F9D30A4A0A4C002301E0136034
:1085B0000432A242FBD300F0ADFEFEF77DFBFEE7E6
:1085C0000000012000000020880000206000010859
:1085D0008800002030050020FEE700000C490D4A0D
:1085E0000B6810B50C4C121B2BB11844904207D8E5
:1085F0000860184610BD094B0B6018449042F7D92B
:1086000000F082FE0C2303604FF0FF33184610BDCC
:10861000E0030020000001200014000030050020CD
:1086200010EE103A194923F000428A421BD9B2F1E8
:10863000FF4F02D330EE400A704700B583B0684662
:1086400000F018F900F003000128DDED010A9DEDAE
:10865000000A13D002280BD098B9012000F0C2F80C
:1086600003B05DF804FBDFED0A0A002000F0BAB8A1
:10867000012000F0B7F8B1EE400AF1E700F030F861
:10868000EEE700F02DF8B1EE400AE9E7D80F493FD8
:108690000000000010EE103AC3F3C7527F3A162ACA
:1086A000194615DC002A0CDB0C481041184205D095
:1086B0004FF4800313410B4423EA000300EE103A09
:1086C0007047013203F00043F8D143F07E53F5E7E1
:1086D000802AF3D130EE000A704700BFFFFF7F0011
:1086E00010EE103A23F00043B3F1485F2CD2FDEEB8
:1086F000C07A17EE903A002B60D060EE007A9FEDC2
:10870000317A9FED315ADFED315A9FED316ADFED5D
:10871000316AA7EE875A9FED307AE7EE855AA7EEC9
:10872000A56AA7EE867AE7EE876A67EEA66A60EE2C
:10873000C00AB6EE007AE7EEA60AB7EE000AD7EE58
:10874000870A30EE600A704760EE007A9FED1D7A6E
:108750009FED1D5ADFED1D5A9FED1D6ADFED1D6A6D
:108760001E4AA7EE875A93429FED1B7AE5EE275AE1
:10877000A5EEA76AA6EE277AE7EE276A66EEA76A55
:10878000D5D9174A934214D803F17F4307EE103A24
:10879000B7EE006A36EE476A60EEC00AF6EE005A9F
:1087A00097EEA57AE7EEA60A37EE607A36EE470A2C
:1087B0007047B6EE076AB5EE027AEDE7B7EE000A4B
:1087C000704700BF4ED747ADF6740F317CF293B4BB
:1087D000010DD037ABAA2A3D610BB6BA9999993EE3
:1087E0000000483F10EE103A23F00043B3F1485F19
:1087F00004D2FDEEC07A17EE903A5BB360EE007AD9
:108800009FED157ADFED155A9FED156ADFED156ABC
:10881000E7EE875A9FED147AA5EEA76A20EE275A55
:10882000E6EE276AA6EEA77A30B9DFED106AE7EE2A
:10883000876AA6EE850A704727EE457AF6EE006A4B
:10884000A0EEA67ADFED0A6AD7EE270AE5EE260A41
:1088500030EE600A704700BFD3C92E2F342FD7B235
:108860001BEF3836010D50B98988083CABAA2ABEE7
:10887000ABAA2A3E70B510EE103A884A23F00044A5
:10888000944286B0054671D9854A94421E4624D842
:1088900023F00042002BDFED837A834922F00F02A0
:1088A000B0EE407A40F3E0808A4270EE677A09BF0A
:1088B0009FED7E7ADFED7E6ADFED7E6A77EEC77A26
:1088C00037EEE67A77EEC77A80ED007A77EEE67AD1
:1088D000C0ED017A012006B070BD774A944252D9AA
:1088E000B4F1FF4F48D2E215863AA4EBC25307EE2B
:1088F000903ABDEEE77ADFED716AB8EEC77A77EEAF
:10890000C77A8DED037A67EEA67ABDEEE77AB8EE08
:10891000C77A77EEC77A8DED047A67EEA67AF5EE20
:10892000407AF1EE10FACDED057A40F09880B5EE80
:10893000407AF1EE10FA0CBF012302236049019145
:108940000221009103A8294600F004F9002EC2DAA2
:1089500095ED007AD5ED017AB1EE477AF1EE677ABE
:1089600085ED007AC5ED017A4042B4E7002285ED3D
:10897000000A42600020AEE770EE407AC0ED017A56
:10898000C0ED007AF6E700F0DDF89FED4E7A9FED3E
:10899000456AF6EE007AE0EE077A9FED457AFDEE45
:1089A000E77A17EE900AF8EEE76A1F28A6EEC60AE5
:1089B00066EE877AB1EE666A20DC434A411E26F0F5
:1089C000004352F8212023F0FF03934216D030EEEB
:1089D000677A30EE470A002E30EE670A85ED007A9E
:1089E00085ED010ABFF677AFB1EE477AB1EE400AE6
:1089F00085ED007A85ED010A40426CE730EE677A3A
:108A0000E21517EE103AC3F3C753C3EBD453082B48
:108A1000DFDD9FED267A9FED275AF0EE405AE6EE15
:108A2000075A70EE657AE6EE077AD6EE857A35EE6D
:108A3000E77A17EE103AC3F3C753D21A192A10DD9A
:108A40009FED227A9FED225AB0EE650AA6EE070A44
:108A500075EEC07AE6EE077AD6EE857AB7E703239D
:108A60006CE7B0EE650AB4E78A4270EE277A09BF78
:108A70009FED0E7ADFED0E6ADFED0E6A77EE877AF4
:108A800037EEA67A77EEC77A80ED007A77EEA67A8F
:108A9000C0ED017A4FF0FF301DE700BFD80F493F0E
:108AA000E3CB1640800FC93FD00FC93F0044353794
:108AB0004344353708A3852E800F49430000804387
:108AC000F8FC000884F9223F78FC000800A3852EFA
:108AD00032318D2410EE103A184923F000428A42B8
:108AE0001AD9B2F1FF4F02D330EE400A704700B5F9
:108AF00083B06846FFF7BEFE00F003000128DDEDFD
:108B0000010A9DED000A10D0022809D090B9FFF7A4
:108B1000E7FD03B05DF804FBDFED090AFFF7E0BDF8
:108B2000FFF7DEFDB1EE400AF3E7FFF75BFEB1EEC3
:108B3000400AEEE70120FFF755FEEAE7D80F493F6C
:108B40000000000010EE103A23F0004300EE103A4F
:108B5000704700BF2DE9F04F2DED048BDBB01C46B4
:108B6000944603930A46CD4B68991CF1040F53F8C1
:108B70002160824604F1FF38C0F24982BCF1030350
:108B800048BF0CF10403DB10029301334FEAC30E1C
:108B9000ACEB0E030593029B16EB0800A3EB080356
:108BA00016D401309FEDBE7A699C18441EA9002B93
:108BB000A4BF54F8235007EE905A03F10103ACBF51
:108BC000F8EEE77AF0EE477A8342E1EC017AEED1F3
:108BD000002EC0F2B182039B1EA901EB830446ADB7
:108BE0004FEA83094046F7180AEB8301B8F1000FFA
:108BF000DFEDAB7A09DBA3465346F3EC016A3BEDAC
:108C0000017A8B42E6EE877AF7D10130B842E5EC83
:108C1000017A04F10404E9D10DF1280B0BEB860372
:108C2000CDE9062E043B9FEDA09ADFED9E8A0598C4
:108C300004930AEB090446AF0BEB86090096CDF8C6
:108C400020C05AAB03EB8603002E13ED140A4FEA43
:108C5000860515DD7B195A4660EE097AB0EE407A3A
:108C6000FDEEE77A73ED016AF8EEE77ABB42A7EE14
:108C7000E87A37EEA60ABDEEC77AA2EC017AEBD10C
:108C8000019000F0CFFAF4EE007AB0EE408A20EEC8
:108C9000270A00F07DFAF2EE007AA0EE678A0198CA
:108CA0000028FDEEC89AF8EEE97A38EE678A6CDDA6
:108CB00006F1FF3EC0F108035BF82E2042FA03FCE8
:108CC0000CFA03F3D21AC0F1070119EE903A4BF8EF
:108CD0002E200A416344002A09EE903A00F3F08006
:108CE000B5EE408AF1EE10FA40F09D80009B9E4266
:108CF0000ADD5D44002355F8041D4D4543EA010398
:108D0000F9D1002B40F0F280009B013B5BF823304F
:108D1000002B40F0E780049B012153F8042D013122
:108D2000002AFAD0731C31449C46029D039A05EB3D
:108D3000030E0EF1804E699D32440EF1FF3E07EBAB
:108D400083061EAB05EB8E0E03EB8205DEED017A8A
:108D5000F8EEE77AB8F1000F0EF1040EE5EC017AB7
:108D6000DFED4F7A09DB2A465346F3EC016A32ED18
:108D7000017AA342E6EE877AF7D10CF1010C614546
:108D8000E6EC017AE2DA0E465BE740F08F80731E74
:108D90005BF82320D211002AA2DD19EE903A002EB2
:108DA00003F1010309EE903A40F3D48159464FF0A4
:108DB000000E51F8043B002B6AD0C3F5807341F8D4
:108DC000043C04E00B68C3F1FF0341F8043B0EF1DF
:108DD000010E7645F6DC01239E4600280ADD0128B7
:108DE00078D0022806D1711E5BF8213003F03F0CC9
:108DF0004BF821C0022A7FF473AFB7EE000A734626
:108E000030EE488A002B3FF46BAF0992019000F0DE
:108E100009FA38EE408A0198099AB5EE408AF1EED7
:108E200010FA3FF463AF9246DDE9062EDDF820C06C
:108E30000196AEEB0C00B0EE480A009E009200F0E6
:108E4000F1F9DFED186AB4EEE60AF1EE10FADDE9A9
:108E50000023F0EE407AC0F250819FED137A05991D
:108E600020EE077A0831BDEEC77A0591B8EEC77AD1
:108E70005C1CE7EE667ABDEEC77AFDEEE77A17EE88
:108E8000901A4BF8231017EE103A4BF8243046E0B6
:108E90000EF1010EB6458CDB9E469EE73C000108B4
:108EA00000000000000080430000803BF6EE007AE6
:108EB000B4EEE78AF1EE10FA80F2988000220FE714
:108EC0000133002E09EE903A3FF770AF00230128DE
:108ED0009E4686D1711E5BF8213003F07F0C4BF863
:108EE00021C087E7731C9C4619461EE7334692460D
:108EF000DDE905125C1EA1F108005BF82410009E5C
:108F0000059061B903F18043013B0BEB83030146FC
:108F100053F8040D013C08390028F9D00591059853
:108F20000092B7EE000A00F07DF9002C009AB0EE36
:108F3000407AC0F20581601C46AD5FED256A810074
:108F40000BEB800305EB800073ED017AF8EEE77A16
:108F50005B4567EE877A27EE267A60ED017AF3D1DA
:108F60000DF1C8080B1F46A8C718C646A446002521
:108F70009146002E73DB844ADFED847A3846002365
:108F800001E0AB4208DCF2EC016AB0EC017A01339B
:108F90009E42E6EE877AF4DA0CF1FF3CBCF1FF3F2B
:108FA000EEEC017A05F10105A7F10407E1D1689B18
:108FB000022B4A4656DC002B2EDC0ED1DFED737AF5
:108FC000414431ED017A414577EE877AF9D1534634
:108FD000002B40F0AE80C2ED007A19EE903A03F01B
:108FE00007005BB0BDEC048BBDE8F08F19EE903A42
:108FF000002E03F1010309EE903AC8BF02223FF7A9
:10900000D5AEF7EE007A37EEC88A022268E6002372
:109010004FF0080E0293BBE59FED5C7A414471ED81
:10902000017A414537EE277AF9D1DDED327A5346A0
:1090300077EEC77A002B75D182ED007A64B133A93F
:109040000123B1EC017A01339C4277EE877AF8DA9A
:1090500053460BB1F1EE677AC2ED017ABDE7DFED61
:109060004B7A99E7689B032BB7D1002C7ED008EB95
:10907000840595ED007AA0002B46294671ED017A12
:10908000F0EE476A37EE277A414577EEC77A81EDF1
:10909000007A77EEA67AC1ED017AEFD1012C65D086
:1090A00095ED007A08F1040173ED017AF0EE476A5C
:1090B00037EE277A994277EEC77A83ED007A77EE1A
:1090C000A67AC3ED017AEFD1031DDFED307A434478
:1090D00008F1080833ED017A984577EE877AF9D1DF
:1090E0005346DDED326A9DED337A73B9C2ED006A05
:1090F00082ED017AC2ED027A6FE7FDEEC07A1C467E
:1091000017EE901A4BF8231009E7F1EE666AB1EEFC
:10911000477AF1EE677AC2ED006A82ED017AC2ED1C
:10912000027A5AE7B1EE477A82ED007A002C86D1B6
:1091300090E7F1EE677A4EE7039B4FEA83096BE510
:10914000689B022B0EDC002B13DC7FF446AFDFEDB7
:109150000F7A3CE7022A7FF4C3ADF7EE007A37EED0
:10916000C88ABDE5689B032B7FF437AFDFED077A34
:10917000B6E75346DDED327A13B9002313606BE78F
:109180004FF00043136065E7100001080000000085
:1091900010EE102AC2F3C7537F3B162B22F000417A
:1091A00029DC002B104618DB1A4919410A4221D04C
:1091B000DFED197A70EE277AF5EEC07AF1EE10FA4B
:1091C00018DD002A04DA4FF4000242FA03F31844CF
:1091D00020EA010300EE103A7047DFED0F7A70EEDF
:1091E000277AF5EEC07AF1EE10FA03DD002A08DBEB
:1091F0009FED0A0A7047B1F1FF4FFBD330EE000A32
:109200007047DFED077A0029BFEE000A08BFB0EE15
:10921000670A7047FFFF7F00CAF249710000000033
:109220000000008010EE103A33F000411A4627D0BB
:10923000B1F1FF4F21D213F0FF4F22D1DFED2B7A96
:109240002B4A60EE277A904217EE903A33DB4CF2CD
:10925000503CC3F3C75160451A46A1F1190116DD10
:10926000DFED247ADFED246A002BB0EE677AB8BF19
:10927000F0EE667A27EE870A704730EE000A7047F4
:1092800070474CF2503C60454FEAD151E8DC014454
:10929000FE29E5DC002915DC11F1160F19DB193167
:1092A00022F0FF4242EAC15207EE902A9FED130AD4
:1092B00027EE800A7047DFED127A07EE103A27EEAC
:1092C000270A704722F0FF4242EAC15300EE103AEB
:1092D0007047DFED0B7ADFED0B6A002BB0EE677A9B
:1092E000B8BFF0EE667A27EE870A70470000004CA0
:1092F000B03CFFFFCAF24971CAF249F100000033E5
:109300006042A20D6042A28D014B1868704700BFF9
:109310002800002070B50D4D0D4C641BA4100026D4
:10932000A64209D10B4D0C4C01F0F0FB641BA410BC
:109330000026A64205D170BD55F8043B984701367A
:10934000EEE755F8043B98470136F2E75000010874
:10935000500001085000010854000108024403466F
:10936000934200D1704703F8011BF9E7002310B5C1
:109370000446C0E90033C0E9043383608181436659
:10938000C2818361194608225C30FFF7E7FF0D4B6D
:1093900063620D4BA3620D4BE3620D4B23630D4BD8
:1093A00024629C4206D003F16802944202D0D0337A
:1093B0009C4205D104F15800BDE8104000F068B9A6
:1093C00010BD00BFB5940008D79400080F950008A1
:1093D00033950008E4030020024A0349034800F0E3
:1093E000D1B800BF78000020A19700082C00002011
:1093F00041680C4B994210B5044601D000F0D0F9F9
:10940000A168094B994202D0204600F0C9F9E168F1
:10941000064B994204D02046BDE8104000F0C0B988
:1094200010BD00BFE40300204C040020B404002061
:1094300010B50B4B0B4C0C4A1A602046002204213D
:10944000FFF794FF04F1680001220921FFF78EFF66
:1094500004F1D0000222BDE810401221FFF786BFC0
:109460001C050020E4030020D9930008014800F007
:1094700010B900BF21050020014800F00BB900BF62
:109480002105002010B50446FFF7F0FF236A1BB149
:10949000BDE81040FFF7F0BF044B2362044B1B688C
:1094A000002BF5D1FFF7C4FFF2E700BFF1930008EE
:1094B0001C05002010B50C46B1F90E1000F050F854
:1094C0000028ABBF636DA3891B1823F48053ACBF86
:1094D0006365A38110BD2DE9F0411F468B89DB0533
:1094E00005460C46164605D5B1F90E10022300229A
:1094F00000F024F8A389B4F90E1023F48053A3815B
:1095000032463B462846BDE8F04100F059B810B558
:109510000C46B1F90E1000F011F8431CA38915BFD9
:10952000606523F4805343F48053A38118BFA38163
:1095300010BDB1F90E1000F0FDB9000038B5074DAF
:1095400004460846114600222A601A46FFF70AF828
:10955000431C02D12B6803B1236038BD2C050020C9
:1095600038B5074D04460846114600222A601A46BF
:10957000FEF7FAFF431C02D12B6803B1236038BD0C
:109580002C0500202DE9F84307468846144600269E
:10959000D4E90195B9F1010905D52468002CF7D16A
:1095A0003046BDE8F883AB89012B07D9B5F90E30F9
:1095B000013303D029463846C04706436835E9E7FA
:1095C00038B5074D04460846114600222A601A465F
:1095D000FEF7CEFF431C02D12B6803B1236038BDD8
:1095E0002C05002038B5294B054618680C4618B1E3
:1095F000036A0BB9FFF746FFB4F90C30190722D400
:10960000DA0607D409222A6043F04003A3814FF011
:10961000FF3033E0580712D5616B41B104F14403C8
:10962000994202D0284600F0EFF900236363A38932
:1096300023F02403A3810023636023692360A389AB
:1096400043F00803A38123694BB9A38903F4207372
:10965000B3F5007F03D02146284600F045FAB4F95F
:109660000C3013F001020AD00022A260626952425B
:10967000A261226942B913F08000C5D138BD9907B3
:1096800058BF6269A260F4E70020F7E728000020D5
:109690007047704770470000B1F90C202DE9F04188
:1096A000160705460C4654D44B68002B02DC0B6CA5
:1096B000002B48DDE66A002E45D0002312F48052CC
:1096C0002F68216A2B6030D0626DA389590705D5B8
:1096D0006368D21A636B0BB1236CD21A0023E66A5B
:1096E000216A2846B047431CA38906D129681D2951
:1096F0002BD82A4ACA40D60727D500226260D9044F
:109700002269226004D5421C01D12B6803B960652F
:10971000616B2F60B9B104F14403994202D028462D
:1097200000F072F9002363630DE001232846B0477F
:109730000246501CC9D12B68002BC6D01D2B01D06E
:10974000162B1ED12F60002022E043F040031BB2F5
:109750001BE00F69002FF6D093070E6808BF4B6916
:109760000F6018BF0023A6EB07088B60B8F1000F4D
:10977000E9DD216AA66A43463A462846B0470028F2
:1097800008DCB4F90C3043F04003A3814FF0FF3004
:10979000BDE8F0810744A8EB0008E7E7010040209E
:1097A00038B50B6905460C4613B90025284638BD67
:1097B00018B1036A0BB9FFF765FEB4F90C30002B42
:1097C000F3D0626ED00704D4990502D4A06DFFF7E0
:1097D00060FF28462146FFF75FFF636EDA07054604
:1097E000E4D4A3899B05E1D4A06DFFF753FFDDE727
:1097F00070B50F4E0C463168054611B900F0B6F849
:1098000030602146284600F0B1F8431C03D14FF0E8
:10981000FF34204670BDC41C24F00304A042F8D0DD
:10982000211A284600F0A2F80130F2D1EFE700BF7C
:10983000240500202DE9F843CD1C25F0030508354B
:109840000C2D38BF0C25002D064601DBA94204D99A
:109850000C2333600020BDE8F883DFF8D48000F0EB
:1098600079F8D8F800301C4644BB29463046FFF74B
:10987000BFFF431C044658D1D8F800402746002FAC
:1098800043D1002C4BD023683946304604EB030902
:1098900000F06CF8814542D121686D1A29463046A6
:1098A000FFF7A6FF01303AD023682B442360D8F895
:1098B00000305A6862BBC8F800700FE02268521B83
:1098C00020D40B2A17D96119A342256018BF59600B
:1098D000636808BFC8F8001062514B60304600F062
:1098E0003FF804F10B00231D20F00700C21A1CBF33
:1098F0001B1AA350AFE76268A3420CBFC8F8002050
:109900005A60EBE723466468AEE73C467F68B6E7FB
:109910001A465B68A342FBD100235360DEE70C23A9
:109920003360304600F01CF894E70560D6E700BFCE
:109930002805002038B5064D0023044608462B6054
:10994000FEF70AFE431C02D12B6803B1236038BD29
:109950002C0500200148FFF79CBE00BF2005002019
:109960000148FFF797BE00BF2005002038B5064D1F
:109970000023044608462B60FEF730FE431C02D14C
:109980002B6803B1236038BD2C050020F8B50E46C6
:109990001446054618B1036A0BB9FFF773FDA369B6
:1099A000A360A3891A0701D5236943B92146284634
:1099B000FFF718FE18B14FF0FF373846F8BD23689F
:1099C0002269981A6369F6B28342374605DC21465C
:1099D0002846FFF7E5FE0028EDD1A368013BA36010
:1099E00023685A1C22601E706269431C9A4204D08C
:1099F000A389DB07E1D50A2EDFD121462846FFF7F0
:109A0000CFFE0028D9D0D6E738B50546002941D089
:109A100051F8043C0C1F002BB8BFE418FFF79AFF65
:109A20001D4A136833B9636014602846BDE83840A6
:109A3000FFF796BFA34208D9206821188B4201BFC7
:109A400019685B6809182160EDE71A465B680BB17D
:109A5000A342FAD911685018A0420BD120680144E2
:109A6000501883421160E0D118685B685360084465
:109A70001060DAE702D90C232B60D6E720682118A2
:109A80008B4204BF19685B68636004BF09182160DA
:109A90005460CAE738BD00BF2805002070B50C46E9
:109AA000B1F90E10002996B015461E460DDAA389AD
:109AB00013F0800F4FF0000114BF40234FF4806378
:109AC000002031602B6016B070BD6A4600F062F86D
:109AD0000028ECDB019901F47041A1F500535942D3
:109AE00059414FF48063EBE78B89F7B59D07064634
:109AF0000C4607D504F1470323602361012363610A
:109B000003B0F0BD01AB6A46FFF7C8FF009F0546F2
:109B100039463046FFF78EFE48B9B4F90C309A0545
:109B2000EED423F0030343F00203A381E2E7A38909
:109B3000206043F08003A381019BC4E904075BB16B
:109B4000B4F90E10304600F045F828B1A38923F08F
:109B5000030343F00103A381A3891D43A581CFE73C
:109B6000884210B501EB020402D98442234607D88B
:109B7000431EA14208D011F8012B03F8012FF8E78A
:109B8000024401468A4200D110BD13F8014D02F88B
:109B9000014DF7E738B5074D002304460846114646
:109BA0002B60FEF7D3FC431C02D12B6803B123606A
:109BB00038BD00BF2C0500200A44914200F1FF335C
:109BC00000D1704710B511F8014B03F8014F9142D5
:109BD000F9D110BD38B5064D0023044608462B6068
:109BE000FEF7BEFC431C02D12B6803B1236038BDD5
:109BF0002C050020024B01461868826800F012B85C
:109C000028000020024B01461868FFF713BE00BF72
:109C100028000020024B01461868FFF7F5BE00BF80
:109C20002800002070B50D461446064618B1036A98
:109C30000BB9FFF727FC636ED80705D4A3899905F4
:109C400002D4A06DFFF725FDA368013B002BA360A4
:109C500005DAA269934212DBEBB20A2B0FD023681C
:109C60005A1C22601D70EDB2636EDA0705D4A38919
:109C70009B0502D4A06DFFF70DFD284670BD294657
:109C800022463046FFF782FE0546EDE7B1F8C830C0
:109C90005A1C92B2C82AA1F8C820C85400D07047F4
:109CA00010B500200C46FEF763FC0023A4F8C83072
:109CB00010BD00BF10B50446FCF790FC21460246DB
:109CC0000020FEF755FC034901220020FEF750FC5E
:109CD000002010BD68F000080FB430B5B5B038AC46
:109CE0000E4954F8045BCA2201A8FFF765FF23461A
:109CF0002A460B48009401A900F078FDBDF8CC205D
:109D000004462AB9204635B0BDE8304004B070475B
:109D100001A90020FEF72CFCF4E700BFB0E9000821
:109D20008D9C00080CB400B583B004AB53F8042B31
:109D3000019300F04BFD03B05DF804EB02B07047F7
:109D400000F044BD9A4238BF88547047704700BF46
:109D50002DE9F04F83B00F4612990D9C9DF83850B5
:109D6000984611F0020306469446DDE9100A009376
:109D70002ED1BAF1000F40F0A280844228D2202CCC
:109D800001F0010E00F088810C9B621E1A444FF016
:109D9000300B734602E0202C00F0E7800134A04233
:109DA00002F801BFF7D89E4693B1544510D2202C3B
:109DB00000F0CF810C9B621E1A444FF0300E02E07F
:109DC000202C00F024810134544502F801EFF7D132
:109DD000CB061FD54A0500F1A580002C40F09E80DF
:109DE0000F9B102B00F045810F9B022B00F04E8142
:109DF0000C9B30221A70012401F00302002D00F0A8
:109E0000CA800C9B2D21195501340AB954450ED333
:109E1000654626E001F00302202CEFD1002A40F035
:109E20008F80BAF1200F88BF202440F289806546D8
:109E3000A4EB0C0BE1462A46434601353946202067
:109E4000B04705EB0B035345F5D30AF1FF35621C10
:109E50002D1B924538BF002509F10102CC4615445F
:109E6000C4B10C9BCDF844A005EB040903EB090B2E
:109E70001C44CDF804C09A46ABEB040214F8010D63
:109E800043463946B047A2454D46F5D1DDF804C0FA
:109E9000DDF844A0009B73B1A5EB0C09D1450AD2B3
:109EA0002A4643463946202009F10109B047D145E9
:109EB00005F10105F4D3284603B0BDE8F08F11F099
:109EC000010E73D0002D40F08B8011F00C0F40F08C
:109ED00087808442BFF469AF202C7FF455AFBAF17C
:109EE000200F40F23281CB0640F1BE804A0500F1DE
:109EF0001981202816D11F200F9B102B00F0F28013
:109F00000F9B022B1FD0441C01F0030227E0CB065D
:109F10007FF57EAF4A054FF0200403D4A04262D003
:109F2000544560D00F9B01F00302102B104673D0F4
:109F30000F9B022B0ED1202C08D100283FF471AFCB
:109F4000654620248DE7044601F003020C9B622045
:109F500018550134202C3FF461AF204601340C9B8E
:109F60004FF0300E03F800E056E79E46002B00F05D
:109F7000CB80BAF1200FCAD9CB0675D54A0500F1BE
:109F8000D180202800F0DA80BAF1200F40F08D80D7
:109F900054461F20B0E74B0747D50C9B2B21195582
:109FA0000134002A3FF432AF65465AE78442BFF4D9
:109FB0000FAF202C7FF4E8AECC067FF532AF4C0516
:109FC0003FF52FAF202800F0B980BAF1200FDFD085
:109FD0000F9B102B3FF425AF0F9B022B19D120E7CD
:109FE0000AF1FF3A75E7601E86D10F9B102B6BD0EC
:109FF0000F9B022B7FF4FCAE0C9B0F9C62221A700D
:10A0000030225A7001F00302002DC4D0F9E6CC06CC
:10A0100080D401F0030201E78B0611D4202C8CD0F0
:10A020000C9B78201855013494E70D0713D48ABB94
:10A030005445FFF4FCAE002C7FF4EAAE65463AE7E7
:10A04000202C3FF47AAF0C9B18194FF0580E0134B6
:10A0500080F800E07EE70C9B202119550134002A8E
:10A060003FF4D4AE6546FCE68D073FF4E0AE6546AE
:10A07000F7E688060CD558220C9B1A7030225A70CD
:10A08000022401F00302002D85D0BAE66222F3E734
:10A090007822F1E76546E3E6BEF1000F50D0CB062B
:10A0A0007FF5B6AE4B057FF524AF0F9B01F00300A3
:10A0B000102B02463FF441AF0F9B022B7FF4AEAE54
:10A0C00000287FF43DAFACE68A0625D50C9B5822CC
:10A0D0001A7030225A70022401F00302002D3FF45E
:10A0E0005AAF8EE68B06A4F1020206D40C9B7820B0
:10A0F0009854013C01F003022FE70C9B5820985420
:10A10000013C01F0030228E7CA0682D54A05CCD4F7
:10A11000202813D0202403E70C9B78221A703022C9
:10A120005A70D8E70F9B102B01F003003FF405AFE6
:10A130000F9B022B3FF401AF02466FE60446DAE6BE
:10A14000CB063FF53CAF65468BE6CA06DED46546D6
:10A1500087E6CC063FF512AF5BE700BF2DE9F04F75
:10A1600093B01C9C9DF874B01E9DDDF884E02CB962
:10A170002EF010061EF4806FB64635D11EF0200F6B
:10A1800014BF4FF041094FF061090AAFA9F10A0964
:10A19000B8460026099002E0202E15D05446B4FBA4
:10A1A000F5FA05FB1A4C5FFA8CF0BCF1090F00F1CF
:10A1B000300C8ABF48445FFA8CF0C0B2AC4208F859
:10A1C000010B06F10106E7D20998209C05941F9C1B
:10A1D000CDF818E0CDE90354CDE9016B0097FFF706
:10A1E000B7FD13B0BDE8F08F26460AAFEDE700BF1C
:10A1F0002DE9F04F97B0DDE92478209E219C09934A
:10A2000056EA04039DF888C0DDF8A0B08E4605D15B
:10A210002BF010031BF4806F9B4645D11BF0200FE1
:10A220000EAB14BF4FF0410A4FF0610ACDF8A0B059
:10A23000CDE90A0ECDE90C2CAAF10A0A99460025AF
:10A240009B4603E0202D17D006460C4621463A4691
:10A2500043463046FCF7CAF9D2B2092A02F130036C
:10A260008ABF5244DAB2D2B2BE4274EB080409F893
:10A27000012B05F10105E5D2DDE90A0EDDE90C2C23
:10A280005B46DDF8A0B02799059126990093CDE9AA
:10A290000371CDE9015C099BCDF818B07146FFF759
:10A2A00057FD17B0BDE8F08F00250EABEBE700BF00
:10A2B00010B1D1E900311847704700BF2DE9F04FC8
:10A2C0001C46B1F1000A8D4B8FB018BF8146207833
:10A2D000DDF860B0904608BF9946002800F0D381B1
:10A2E000002507E02A46434651460135C8472078F5
:10A2F00000285ED0252804F10104F3D10023224672
:10A3000012F8010BA0F1200110290AD8DFE801F0B2
:10A3100034090930090909090909092C0928090919
:10A320002400A0F13001092951D92A2800F0948095
:10A3300000262E285CD00021A0F16807122F23D818
:10A34000DFE807F0A2229D22952222222222222249
:10A350001E22222222221E0043F001031446CEE7D1
:10A3600043F002031446CAE743F004031446C6E769
:10A3700043F010031446C2E743F008031446BEE757
:10A38000607843F4807301327828144609D8632832
:10A390003DD8622800F0B88163287DD0252840F0A0
:10A3A0003D812A4643465146C8472078013500285A
:10A3B000A0D12C46A84501D808F1FF3543462A46CE
:10A3C00051460020C84720460FB0BDE8F08F002658
:10A3D00006EB860600EB46061078A0F1300109294D
:10A3E0001446A6F1300602F10102F1D92E28A2D1BD
:10A3F0006078A0F13001092943F48063174640F2E8
:10A40000EF802A2800F002811446013293E7A0F180
:10A41000640E01225FFA8EFE02FA0EFE384A1EEA30
:10A42000020E40F0AD80732854D07028B9D143F0AB
:10A43000210305930823049310230391CDF804E02E
:10A4400002935BF8043B00932A4643465146484634
:10A45000FFF784FE05464AE75BF8046B6078002E40
:10A460001446BCBF43F002037642013261E76078D4
:10A470006C2886D1A07843F44073E21C84E76078AE
:10A4800043F4007301327FE76078682800F0F680BB
:10A4900043F08003013277E70BF1040298070A9238
:10A4A00005F1010740F111812A469BF8000043465F
:10A4B0005146C847012E88BFAD1940F249813A463E
:10A4C0004346013751462020C847BD42F7D1DDF849
:10A4D00028B00CE75A4652F804CB0A929CF800B018
:10A4E0005846002940F08C80BBF1000F13D06FF06C
:10A4F000010E0EF1010EE644624606E04D9D000895
:10A5000021081200964500F0B38012F8017F002F59
:10A51000F8D1A2EB0C0E13F4806702D08E4528BF51
:10A520008E4613F002030B9300F0B080BBF1000FD6
:10A5300017D0CDE90CE6E3462A460E46434651467F
:10A540001FB106F1FF3C3EB16646C8471BF8010F3C
:10A5500001352A460028F1D10B9BDDE90CE6002BE2
:10A56000B5D076452F46B2D93544A5EB0E053A460F
:10A570004346013751462020C847BD42F7D1A6E7E0
:10A580006F2800F0BF806DD8692823F0100240F0DA
:10A5900017815F0548BF23F01102900500F1DD80AF
:10A5A000D3050BF1040700F1D580500640F1F68089
:10A5B0009BF900300391002B4FF00A0102914FEA02
:10A5C000D371B8BF5B42CDE9046201912A46009382
:10A5D000434651464846FFF7C1FDBB46054686E661
:10A5E000002101EB810100EB4100A0F1300117F8DF
:10A5F000010FA0F13002092AF3D93C467A1C9BE6F0
:10A60000BBF1000F87D001F1FF3E72E75BF8041B3E
:10A61000A078023421EAE171621C8DE658287FF4AB
:10A62000C0AE43F020031022580524D423F00C03BD
:10A6300013F400706AD113F4807F0BF1040740F02B
:10A64000B28058067BD418064CBFBBF80000DBF87C
:10A6500000000090CDE904630023CDE902210193BD
:10A660002A46B5E7782868D023F010030A22DBE7F2
:10A67000AEEB0C0E4FE723F00D03D9E7A07843F0C3
:10A68000C003E21C80E60446054693E6764540F2A8
:10A69000948006EB050BCDE90C7CABEB0E0B0F4663
:10A6A0002A464346013551462020C8475D45F7D12B
:10A6B000DDF834C039469CF800B00C9F06F1010E5D
:10A6C000584600287FF435AF01E7012E3AD96B1EBA
:10A6D0003344CDF82CB02F469B463A4643460137CB
:10A6E00051462020C847BB45F7D15B46DDF82CB06A
:10A6F0001A469BF8000043465146C8473544DDF8EA
:10A7000028B0F4E508228FE702228DE7CDE9076340
:10A710000BF1070B002306910492059302932BF093
:10A72000070BFBE802672A46CDE90067434651461E
:10A730004846FFF75DFD0546D9E5102274E79BF812
:10A74000000086E79BF800002A4643465146C8476A
:10A750003D46BCE6DBF800302CE70BF1070B2BF095
:10A76000070BDBF804305BF8080B0691D90FCDE935
:10A7700007620291024600210A20002BCDE9040164
:10A7800002DA524263EB4303CDE9002351462A46E5
:10A7900043464846FFF72CFD0546A8E51306D9D5E4
:10A7A000BBF9003006E7CDE90221CDE90463019051
:10A7B000DBF8003000932A460AE70EF1010E7FE72E
:10A7C00064283FF4E6AE13460A222DE700B583B0B5
:10A7D00084460093044813460A466146FFF76EFD1F
:10A7E00003B05DF804FB00BF459D000810B584B0C0
:10A7F0000446CDE90241009302A9134603484FF0F5
:10A80000FF32FFF75BFD04B010BD00BFB1A200082E
:10A81000D0B5FCF793F90C4B002206460F46FBF728
:10A82000FDFEFCF7E3F90446FCF766F9074B00224E
:10A83000FBF7F4FE02460B4630463946FCF71EF89D
:10A84000FCF7D4F92146D0BD0000F03D0000F041F6
:10A850002DE9F047089D0E4604460F46002B4AD1CD
:10A8600094468C45B2FA82F260D942B1C2F120031B
:10A87000974020FA03F30CFA02FC1F4394404FEA7E
:10A880001C4E1FFA8CF6B7FBFEF1230C0EFB117762
:10A8900043EA074301FB06F098420AD91CEB030385
:10A8A00001F1FF3780F01581984240F212810239A0
:10A8B00063441B1AA4B2B3FBFEF00EFB103344EA50
:10A8C000034400FB06F6A6420AD91CEB040400F17F
:10A8D000FF3380F00081A64240F2FD8064440238DC
:10A8E00040EA0140A41B00211DB1D4400023C5E96A
:10A8F0000043BDE8F0878B4205D90DB1C5E90001E1
:10A9000000210846F5E7B3FA83F1002946D1B342A6
:10A9100002D3824200F2F580841A66EB0302012022
:10A920001746002DE5D0C5E90047E2E7002A40F0D0
:10A930009380A1EB0C034FEA1C471FFA8CFE012108
:10A94000B3FBF7F607FB1630230C43EA00430EFB7C
:10A9500006F0984208D91CEB030306F1FF3802D237
:10A96000984200F2D08046461B1AA4B2B3FBF7F01F
:10A9700007FB103344EA03440EFB00FEA64508D94A
:10A980001CEB040400F1FF3302D2A64500F2B680AE
:10A990001846A4EB0E0440EA0640A5E7C1F12007E3
:10A9A0008B4022FA07FC4CEA030C06FA01FE20FA5F
:10A9B00007F426FA07F344EA0E0400FA01F84FEA16
:10A9C0001C404FEA1449B3FBF0FE1FFA8CF600FB63
:10A9D0001E3349EA03430EFB06F9994502FA01F2D8
:10A9E0000BD91CEB03030EF1FF3A80F085809945EB
:10A9F00040F28280AEF1020E6344A3EB0909A4B2D7
:10AA0000B9FBF0F300FB139944EA094403FB06F693
:10AA1000A64208D91CEB040403F1FF3068D2A64219
:10AA200066D9023B644443EA0E40A41BA0FB02E645
:10AA3000B4427346B14652D34FD05DB1B8EB030276
:10AA400064EB090404FA07F722FA01F31F43CC4030
:10AA5000C5E9007400214CE7C2F1200120FA01F39E
:10AA60000CFA02FC26FA01F1964033434FEA1C47E8
:10AA70001FFA8CFEB1FBF7F007FB1016190C41EA28
:10AA8000064100FB0EF68E4204FA02F408D91CEBD4
:10AA9000010100F1FF382DD28E422BD902386144DA
:10AAA000891B9BB2B1FBF7F607FB161143EA014382
:10AAB00006FB0EF1994208D91CEB030306F1FF389F
:10AAC00014D2994212D9023E63445B1A46EA00410D
:10AAD00036E73946EDE6184602E7F045ADD2BEEB63
:10AAE000020366EB0C060138B146A6E74646ECE7E2
:10AAF000034698E74046D3E7D6467EE764440238EB
:10AB000047E708460DE7023E63442DE7F8B500BF6E
:10AB1000F8BC08BC9E467047F8B500BFF8BC08BC3E
:08AB20009E4670470000000092
:10AB2800A0860100400D0300801A060000350C00C5
:10AB380040420F0080841E0000093D0000127A0088
:10AB48000024F40000366E010048E801006CDC02C5
:10AB58000000000001020304A8FB00080000010037
:10AB680000000000000000004D000100D5120008A0
:10AB7800000000001C000100511100080000000046
:10AB88002C00080099110008000000006000010076
:10AB9800D1110008000000007D0008000112000823
:10ABA800000000006200100039120008B8FB00081D
:10ABB800170101000000000000000000180110004B
:10ABC8009D120008D4FB00083700010000000000B7
:10ABD8003CFB00080200000048FB000804000000DD
:10ABE80058FB00080800000068FB0008100000007F
:10ABF80078FB00082000000088FB000840000000E7
:10AC080098FB000880000000000000000000000021
:10AC1800293C0000163B0000D7630000325F0000AB
:10AC2800738800005D7D00004AAC0000A697000014
:10AC3800A4D000000FAF00004CF70000A3C4000030
:10AC480070FB0000F3E80000F6D20000C0BB000073
:10AC5800DCA40000E58E0000338200007D7B7C7A56
:10AC6800E7E61BE895B9AAAB01020304050600490B
:10AC780048303231332F4B4A9EA09F898A8B8CED06
:10AC8800E907ACB191C696CA9ABEC2BACED2D6E28C
:10AC9800DADE7640447F64B5600D218D3C37A66CC2
:10ACA8002768582B705C144C5054EEEA08ADB292E9
:10ACB800C797CB9BBFC3BBCFD3D7E3DBDF77414578
:10ACC8008065B6610E228E3D38A76D2869592C71B2
:10ACD8005D154D5155EFEB09AEB393C898CC9CC0A8
:10ACE800C4BCD0D4D8E4DCE07842468166B7620FB1
:10ACF800238F3E39A86E296A5A2D725E164E525617
:10AD0800F0EC0AAFB494C999CD9DC1C5BDD1D5D9D0
:10AD1800E5DDE17943478267B8631024903F3AA99B
:10AD28006F2A6B5B2E735F174F5357888586261FD4
:10AD380083843BA1A213181A190C0B348711000045
:10AD48000000030068BE00080000010064BE00089F
:10AD58000300010060BE0008010001005CBE00089D
:10AD68000300010058BE00080000010054BE00089E
:10AD78000000010050BE0008000001004CBE0008A1
:10AD88000000010048BE00080000010044BE0008A1
:10AD98000000010040BE0008010C01003CBE000894
:10ADA800FF03010038BE0008BD00010034BE0008E2
:10ADB800BD00010030BE0008BD0001002CBE000827
:10ADC800BD00010028BE00080000010024BE0008E4
:10ADD8000100010020BE000801002000A0BD0008FD
:10ADE800000001009CBD00080000010098BD00089B
:10ADF8000000010094BD00080000010090BD00089B
:10AE08005000020088BD0008C05D010084BD000834
:10AE18004001010080BD0008150001007CBD00084C
:10AE28000000010078BD00080000010074BD0008A2
:10AE38000000010070BD00080100020068BD0008A4
:10AE4800010003005CBD00085D00010058BD00085A
:10AE58005D00010054BD00085D00010050BD000800
:10AE68005D0001004CBD00080100010048BD00085C
:10AE78000000010044BD00080000010040BD0008BA
:10AE8800000001003CBD00080000010038BD0008BA
:10AE98000000010034BD00080000010030BD0008BA
:10AEA800000001002CBD00080000010028BD0008BA
:10AEB8000000010024BD00080000030018BD0008C0
:10AEC8000000040008BD00080000010004BD0008DF
:10AED8000000010000BD000800000300F4BC0008E9
:10AEE80000000100F0BC000802000200E8BC0008F5
:10AEF80000000200E0BC000800000100DCBC000803
:10AF080000000100D8BC000800000100D4BC000803
:10AF180000000100D0BC000800000500BCBC00080F
:10AF280000000100B8BC000800000100B4BC000823
:10AF380000000100B0BC000800000100ACBC000823
:10AF48000100050098BC00080100050084BC000849
:10AF58000100050070BC0008010005005CBC000889
:10AF68000000010058BC00080000010054BC0008A3
:10AF78000000010050BC0008000001004CBC0008A3
:10AF88000000090028BC000800000A0000BC0008F6
:10AF980000000500ECBB000800000500D8BB000855
:10AFA80000000100D4BB000800000100D0BB00086D
:10AFB80000000100CCBB000800000100C8BB00086D
:10AFC80000000100C4BB000800000100C0BB00086D
:10AFD80000000100BCBB000800000100B8BB00086D
:10AFE80000000100B4BB000800000100B0BB00086D
:10AFF80000000100ACBB000800000100A8BB00086D
:10B0080000000100A4BB000800000100A0BB00086C
:10B01800000001009CBB00080000010098BB00086C
:10B028000000010094BB00080000010090BB00086C
:10B03800000001008CBB00080000010088BB00086C
:10B048000100050074BB00080100050060BB000892
:10B05800010005004CBB00080100050038BB0008D2
:10B068000100010034BB00080100010030BB0008EA
:10B07800010001002CBB00080100010028BB0008EA
:10B088001700010024BB00081700010020BB0008BE
:10B09800170001001CBB00081700010018BB0008BE
:10B0A8000700010014BB00080700010010BB0008DE
:10B0B800070001000CBB00080700010008BB0008DE
:10B0C8000100010004BB00080100010000BB0008EA
:10B0D80001000100FCBA000801000100F8BA0008EC
:10B0E80000000100F4BA000801000100F0BA0008ED
:10B0F80000000100ECBA000800000100E8BA0008EE
:10B1080000000100E4BA000800000100E0BA0008ED
:10B118003F000100DCBA000804000100D8BA0008AA
:10B1280000000100D4BA000801000100D0BA0008EC
:10B1380000000100CCBA000803000100C8BA0008EA
:10B1480003000100C4BA000803000100C0BA0008E7
:10B1580003000100BCBA00089D000100B8BA00084D
:10B168004D000100B4BA000801000500A0BA0008AB
:10B178001F0001009CBA00080000010098BA0008EE
:10B188000100020090BA0008000005007CBA00081F
:10B198000000030070BA00080000030064BA000849
:10B1A8000000030058BA00080000010054BA000863
:10B1B8000000010050BA0008000001004CBA000865
:10B1C8000000010048BA00080000010044BA000865
:10B1D8000000010040BA0008000001003CBA000865
:10B1E8000000010038BA00080000020030BA000868
:10B1F800000001002CBA00080000010028BA00086D
:10B208000000010024BA00080000010020BA00086C
:10B21800000001001CBA00080000010018BA00086C
:10B228000000010014BA00080000010010BA00086C
:10B2380000000500FCB9000800000100F8B900088A
:10B2480000000100F4B9000800000100F0B900088E
:10B2580000000100ECB9000800000100E8B900088E
:10B2680000000100E4B9000800000100E0B900088E
:10B2780000000100DCB9000800000100D8B900088E
:10B2880000000100D4B9000800000100D0B900088E
:10B2980005000100CCB9000845000100C8B9000844
:10B2A80000000200C0B9000800000200B8B9000898
:10B2B80000000200B0B9000800000200A8B90008A8
:10B2C8000A000100A4B9000800000100A0B90008A4
:10B2D800000001009CB900080000010098B90008AE
:10B2E8000000010094B900080100050080B90008B9
:10B2F800010005006CB900080100050058B90008F4
:10B308000100050044B90008000002003CB900082B
:10B318000000010038B900080000010034B9000835
:10B328000000010030B90008000001002CB9000835
:10B338000000010028B900080000010024B9000835
:10B348000000010020B90008000001001CB9000835
:10B358000000010018B900080000010014B9000835
:10B368000000010010B90008000001000CB9000835
:10B378000000010008B900080000010004B9000835
:10B388000000010000B9000800000100FCB8000836
:10B3980000000100F8B8000800000100F4B8000837
:10B3A80000000100F0B8000800000100ECB8000837
:10B3B80000000100E8B8000800000100E4B8000837
:10B3C80000000100E0B8000800000100DCB8000837
:10B3D80000000100D8B8000800000100D4B8000837
:10B3E80000000100D0B8000800000100CCB8000837
:10B3F80000000100C8B8000800000100C4B8000837
:10B4080000000100C0B8000800000100BCB8000836
:10B4180000000100B8B8000800000100B4B8000836
:10B4280000000100B0B8000800000100ACB8000836
:10B4380000000100A8B8000800000100A4B8000836
:10B4480000000100A0B80008000001009CB8000836
:10B458000000010098B800080000010094B8000836
:10B468000000010090B80008000001008CB8000836
:10B478000000010088B800080800010084B800082E
:10B488002000010080B80008000001007CB8000816
:10B498000000010078B800080000010074B8000836
:10B4A8000000010070B80008000001006CB8000836
:10B4B8000000010068B800080000010064B8000836
:10B4C8000000010060B80008000001005CB8000836
:10B4D800060401001F1915120F0D0C0B004026441D
:10B4E8009A994742000000000000804085EB5140D7
:10B4F800000000000000020050BF0008000001002A
:10B508004CBF00080300010048BF0008010001000B
:10B5180044BF00080300010040BF0008000001000C
:10B528003CBF00080000010038BF0008000001000F
:10B5380034BF00080000010030BF0008000004000C
:10B5480020BF0008000001001CBF00080400010023
:10B5580018BF00080400010014BF00080C03020013
:10B568000CBF0008C05D010008BF000840010800CA
:10B57800E8BE000815000100E4BE00080000010054
:10B58800E0BE000800000100DCBE00080000010069
:10B59800D8BE000801000300CCBE0008020002006B
:10B5A800C4BE000800000200BCBE00080000010084
:10B5B800B8BE000801000100B4BE00083F00010049
:10B5C800B0BE000804000100ACBE00080000010085
:10B5D800A8BE000801000100A4BE00080000010088
:10B5E800A0BE0008000001009CBE00080000010089
:10B5F80098BE00080000010094BE00080500010084
:10B6080090BE0008450001008CBE00080A00010039
:10B6180088BE00080000010084BE00080800010080
:10B6280080BE00082000020078BE0008000001006B
:10B6380074BE000800BE87BD8EBD14BD19BDA0BC78
:10B6480027BCAEBBADAD33ACB8AABEA8CBADD2ABB0
:10B6580058A95FA7DC9FE19B67986C947390F58A63
:10B66800F8857A80F9C379C779CBF8CE75D1F4D447
:10B6780072D871DBF8E0F7E4F5E8F2EC56E952EC41
:10B688004EEFC9F139F0B3F22DF527F71DF515F690
:10B698008CF784F8837A897A0F7A147A9A772077E4
:10B6A8002776AD752E6EB46CB96B3F6A4F71D56E47
:10B6B8005C6CE269DC5F615CE558EA54DE4DDF49A9
:10B6C80061466242F7017705F608F60BF50E74122B
:10B6D800F215711951164F19CC1BCA1E5C28D72BAD
:10B6E800532F4E32392C342F2E32A93423399A3A1B
:10B6F800923B093D093D093D093D093D093D093D8B
:10B70800093D093D093D093D093D093D093D093D01
:10B71800093D093D093D093D093D093D093D093DF1
:10B72800093D093D093D093D093D093D093D093DE1
:10B73800093D093D0000000000000000010203046B
:10B7480006070809613132312D76312E31302E301D
:10B7580000000000000000000000000000000000E1
:10B7680000000000000000000000000000000000D1
:10B7780000000000000000000000000000000000C1
:10B7880000000000000000000000000000000000B1
:10B79800000000000000000000000000FFFF0000A3
:10B7A800059C0008159C000800000000D132000824
:10B7B8004903000850000000A00001000800100123
:10B7C800000000010300000050000000A00001007C
:10B7D80008001001000000010300000050000000F4
:10B7E800A000010008001001000000010300000093
:10B7F80050000000A0000100080010010000000136
:10B80800030000000000000000000000010000002C
:10B818000100010002000100A0000000F0FB000888
:10B82800FCFB000804FC00080CFC000818FC0008DD
:10B8380024FC000830FC00083CFC000848FC000818
:10B8480050FC000858FC000860FC000868FC000870
:10B8580070FC000832033000F702B000C202B000EA
:10B868008D02B0005802B000F8029000C3029000A8
:10B878008E02900059029000E400D000F40090007D
:10B88800F700D1000703B000D202B0009D02B0005B
:10B898006802B00005033100D00231009B0231007C
:10B8A8006602310005033000D00230009B023000F0
:10B8B800660230000603B000D102B0009C02B0005E
:10B8C8006702B00001033100CC0231009702310059
:10B8D800620231000403B200CF02B2009A02B20041
:10B8E8006502B20013031002DE021002A902100260
:10B8F800740210020B031002D6021002A1021002F9
:10B908006C0210020303B000CE02B0009902B0002E
:10B918006402B0000203B000CD02B0009802B0008B
:10B928006302B00002033500CD02350098023500ED
:10B93800630235003A01B0004601B0001902250043
:10B94800380225003C022500430225004702250055
:10B95800D7012500F6012500FA012500010225007E
:10B968000502250095012500B4012500B801250030
:10B97800BF012500C30125005301250072012500E0
:10B98800760125007D01250081012500FB0290003C
:10B99800C6029000910290005C02900047030402E6
:10B9A800FE02081028030810C9020810F302081044
:10B9B80094020810BE0208105F02081089020810DD
:10B9C800DE00F700DE00F0002402F000E201F000E3
:10B9D800A001F0005E01F000F3003000F3007700F2
:10B9E800F300D1007100072072000402A1001002C8
:10B9F800A2001002200008102700081031000810CB
:10BA08006F000810750007201B031002E6021002E1
:10BA1800B10210027C02100217031002E2021002A7
:10BA2800AD02100278021002C100B0003901B00066
:10BA3800FA029000C5029000900290005B0290000C
:10BA4800FC02B001C702B0019202B0015D02B00170
:10BA58009100081092000810930008108E0008103A
:10BA68008F000810900008108B0008108C00081038
:10BA78008D0008103500081088000810890008108B
:10BA88008A00081096000810840008109400081016
:10BA9800380008104001B00049012500490126007E
:10BAA800490127004901280049012900B803B001CC
:10BAB800B903B0014202040200020402BE010402FA
:10BAC8007C01040236015100F2003000F2007700D8
:10BAD800F200D100F500D0000F031002DA021002C4
:10BAE800A502100270021002320331003203320044
:10BAF80025020720E3010720A10107205F01072095
:10BB080026020402E4010402A20104026001040204
:10BB180028020402E6010402A401040262010402EC
:10BB280041020720FF010720BD0107207B010720F4
:10BB380019022B0038022B003C022B0043022B0079
:10BB480047022B00D7012B00F6012B00FA012B002E
:10BB580001022B0005022B0095012B00B4012B00DC
:10BB6800B8012B00BF012B00C3012B0053012B0090
:10BB780072012B0076012B007D012B0081012B0027
:10BB88002F020720ED010720AB01072069010720DC
:10BB980031020402EF010402AD0104026B01040248
:10BBA8005302A4001102A400CF01A4008D01A40037
:10BBB8005202A4001002A400CE01A4008C01A4002B
:10BBC8005102A4000F02A400CD01A4008B01A4001F
:10BBD800250007202F000710730008107C000810AC
:10BBE8007E0008101F0007202600071030000710ED
:10BBF800740008107B000810280007203200071086
:10BC08003900081041000710460005104B000820B5
:10BC18004C0008204F000810540008205500082048
:10BC28002100072029000710330007103A000810E8
:10BC380040000710470005104A000820500008106F
:10BC480053000810F6029000C10290008C02900088
:10BC58005702900019023701380237013C023701B8
:10BC68004302370147023701D7013701F60137018F
:10BC7800FA01370101023701050237019501370141
:10BC8800B4013701B8013701BF013701C3013701DA
:10BC98005301370172013701760137017D01370100
:10BCA800810137011502B001D301B0019101B00142
:10BCB8004F01B0012E0007106B0007107F0008200D
:10BCC80080000810820007201402F000D201F00062
:10BCD8009001F0004E01F0002B0330002F033000DC
:10BCE8002B0354002F035400360007103F000810A0
:10BCF80086000820AF000810590010025A001002F0
:10BD0800220008102A000810340008103E0008100D
:10BD18001B00051067000810680008201F02072094
:10BD2800DD0107209B01072059010720200204029A
:10BD3800DE0104029C0104025A01040248010402C3
:10BD4800110107202003B001EB02B001B602B001D7
:10BD58008102B001060024000D0024001400240014
:10BD68006A0008204A0126003301570033015500B4
:10BD7800330153003501B00016010402FB00040230
:10BD8800000104020B0104022B020402E90104026F
:10BD9800A70104026501040275010620780131003B
:10BDA80078013200790106208001062083013200E3
:10BDB800840106208A010620B7010620BA01310055
:10BDC800BA013200BB010620C2010620C5013200BB
:10BDD800C6010620CC010620F9010620FC0131002D
:10BDE800FC013200FD010620040206200702320091
:10BDF800080206200E0206203B0206203E02310001
:10BE08003E0232003F020620460206204902320066
:10BE18004A0206205002062028010810C500D0005A
:10BE28002103B001EC02B001B702B0018202B001F7
:10BE38009C0090019D009001F902D000C402D0003E
:10BE48008F02D0005A02D000DF005A00DF0039000C
:10BE5800DF005600DF003500DF005200DF00310050
:10BE6800B6003200BD003200BF0032005C01300075
:10BE78003700D000C802D000B4009000B700D1004D
:10BE8800FA000402E200F700E200F000B30030001C
:10BE9800B3007700B300D100D6005100B2003000E3
:10BEA800B2007700B200D100B500D0005C013100CB
:10BEB8005C013200290030002D00300029005400B8
:10BEC8002D005400060024000D0024001400240056
:10BED800D3005700D3005500D3005300D500B0005D
:10BEE800AC0004021B030402F5040402FA04040271
:10BEF800010504020605040221050402580504028E
:10BF0800180504026C010402220304023204B00082
:10BF18007204B000CF040402C9043701CC0437010D
:10BF2800D0043701D30437016105B0006305D000A0
:10BF3800E3005A00E3003900E3005600E30035004F
:10BF4800E3005200E3003100590032006000320083
:10BF580030BFC36335030100E5010800350308005D
:10BF6800850301008503000014000000A8470000B5
:10BF780035030100E50110003503100085030100B9
:10BF88008503000014000000A847000035030100E5
:10BF9800E50120003503200085030100850300002A
:10BFA80014000000D832000000000000B84B000068
:10BFB8002508000035080100450801004008000078
:10BFC80088090000A506A00B000000001702000069
:10BFD800F00900003702000070050000A80F0000FB
:10BFE800000000008702000080020000F009000045
:10BFF800B7020000B00200007005000098100000B1
:10C008000846000000000000200300002003000094
:10C0180020030000F0090000500300005003000056
:10C0280070050000A0060000E0030000C84C0000F6
:10C03800100C0000404A0000204C0000480400009A
:10C048005835000078360000500A0000500A0000F9
:10C05800E001000040020000D702000014000000C8
:10C06800050800008506C0098006400A80062009E8
:10C078000900000018370000A80F00009810000001
:10C08800084600000900000018370000404A000078
:10C09800204C00000900000018370000204C000068
:10C0A800981000000846000009000000F849000048
:10C0B8008848000055050000650500004505010099
:10C0C80009000000E5010800A50600008515040028
:10C0D80035030300E501080035030800C506A46E12
:10C0E800B83700008503010085030000A038000070
:10C0F8002838000009000000D0130000E006000006
:10C10800880800001707000068250000F0090000F3
:10C11800680900002708000002000000404A0000EB
:10C12800204C0000B707000035070300D84E000078
:10C138000A00000035070200F8090000A00F0000FF
:10C148009010000000000000004600008808000071
:10C15800600900004300000057080000782800002C
:10C16800D813000000000000184800000900000073
:10C1780060250000E014000070280000B0280000CE
:10C1880000190000C02B0000002C0000201D00003A
:10C19800102F0000502F00004021000060320000E6
:10C1A800D813000009000000E01400000900000096
:10C1B800F50101000600000885150200851501003B
:10C1C8009515FF03A515010C09000000A8490000FA
:10C1D8001848000025050000350500001505010078
:10C1E80009000000D50701002506646B3507890D95
:10C1F8004507890D85061400D84E00002A00000066
:10C2080025060000850600004507000010480000CC
:10C218000900000045000000E501860035008400A3
:10C228004201000043000000B50C0B0082CE010063
:10C238004300000068330000283900004500010071
:10C2480009000000B50C000009000000B50C000052
:10C2580009000000A50B0000F50B0000050C1200FA
:10C26800150C0000E50B0000950B0500483B00008D
:10C278000620220038420000B502040075020000C2
:10C2880065024000E5010101B5020101A841000075
:10C2980065020000783F0000A8420000D83B00007B
:10C2A800017C0007F2030000017C01000600400049
:10C2B8004300000001000005283C000009000000C0
:10C2C800D5080A00E5081A00450285225502FD0135
:10C2D80009000000A5010000D5000000E5000000ED
:10C2E800F5002000050100001501000025010000EF
:10C2F80035010000850100004501000055010000DE
:10C30800650100007501000095010000950001001D
:10C318007500FF3709000000350A0900550A0000BA
:10C32800C50A0800650A3F08250A6000950A010049
:10C33800250A7F0009000000D83C000002DC050047
:10C3480043000000D5000000E50000007500030070
:10C3580002050000430000008500030025000000DE
:10C36800180B000025000100E5010200750000001F
:10C3780009000000583A0000180E000002050000ED
:10C38800430000008500FF37D50A4F007500FF3FC6
:10C398008500FF3F50110000050A6B01050A0801DE
:10C3A800050AB502E50C0100021400004300000074
:10C3B800280F000045030100450302003813000060
:10C3C800483B00001845000058450000784400002C
:10C3D800A845000025000000E5010005350000051E
:10C3E800E501020015000000020F000043000000F4
:10C3F80018430000883A0000E501010035000100FB
:10C408006201000043000000C80D0000784E0000E3
:10C41800250901009500FF4009000000050D0100F5
:10C42800250D0100150D1500A50A0100450D870011
:10C4380009000000A50B0000F50A000025022E00E7
:10C4480009000000083B000078440000E5011F00D7
:10C45800150B1F0038420000C8400000A842000029
:10C4680006202200E50A0800F50A0000883B0000C3
:10C4780002000000E1030003430000000100800205
:10C48800283C0000090000003502000015020000E9
:10C49800060220002200000032000000E17F800038
:10C4A80001F400001600000043000000C60100006F
:10C4B80043000000E715000002000000F816000025
:10C4C8004300000006001C00350200009016000022
:10C4D800720000000602000072010000F816000059
:10C4E800430000000200000006001C00430000009A
:10C4F80043000000E71600000602000002000000EA
:10C50800F8160000430000000900000012000000B7
:10C5180001F4000012000000E17F80002600000006
:10C5280001F4010000008000E17F8000E6010000C6
:10C5380001F40700000080074300000060180000B5
:10C5480032000000E17F80002600000001F40300B3
:10C5580000008000E17F8000E601000001F4070090
:10C56800000080074300000006004000160000009D
:10C5780043000000260000000000800006000000C4
:10C588000600000006000000017480000900000099
:10C5980035020000150200000602200022000000FB
:10C5A80032000000E17F800001F400001600000066
:10C5B80043000000C601000043000000071A000005
:10C5C80002000000181B00004300000006001C00C9
:10C5D80035020000B01A00007200000006020000D8
:10C5E80072010000181B0000430000000200000058
:10C5F80006001C004300000043000000071B000069
:10C608000602000002000000181B000043000000A2
:10C61800090000001200000001F4000012000000F0
:10C62800E17F80002600000001F401000000800086
:10C63800E17F8000E601000001F4070000008007A8
:10C6480043000000801C000032000000E17F8000F1
:10C658002600000001F4030000008000E17F800054
:10C66800E601000001F40700000080074300000015
:10C6780006004000160000004300000026000000ED
:10C688000000800006000000060000000600000010
:10C698000174800009000000350200001502000046
:10C6A800060220002200000032000000E17F800026
:10C6B80001F400001600000043000000C60100005D
:10C6C80043000000271E000002000000381F000081
:10C6D8004300000006001C0035020000D01E0000C8
:10C6E800720000000602000072010000381F0000FE
:10C6F800430000000200000006001C004300000088
:10C7080043000000271F000006020000020000008E
:10C71800381F00004300000009000000120000005C
:10C7280001F4000012000000E17F800026000000F4
:10C7380001F4010000008000E17F8000E6010000B4
:10C7480001F407000000800743000000A02000005B
:10C7580032000000E17F80002600000001F40300A1
:10C7680000008000E17F8000E601000001F407007E
:10C77800000080074300000006004000160000008B
:10C7880043000000260000000000800006000000B2
:10C798000600000006000000017480000900000087
:10C7A80035020000150200000602200022000000E9
:10C7B80032000000E17F800001F400001600000054
:10C7C80043000000C60100004300000047220000AB
:10C7D80002000000582300004300000006001C006F
:10C7E80035020000F022000072000000060200007E
:10C7F80072010000582300004300000002000000FE
:10C8080006001C004300000043000000472300000E
:10C818000602000002000000582300004300000048
:10C82800090000001200000001F4000012000000DE
:10C83800E17F80002600000001F401000000800074
:10C84800E17F8000E601000001F407000000800796
:10C8580043000000C024000032000000E17F800097
:10C868002600000001F4030000008000E17F800042
:10C87800E601000001F40700000080074300000003
:10C8880006004000160000004300000026000000DB
:10C8980000008000060000000600000006000000FE
:10C8A800017480000900000098130000F50B0000D7
:10C8B800050C0000150C0000E50B0000950B0000AE
:10C8C800E50A0000050200000620020010340000FE
:10C8D800050B0000050B0C00050B0000150B0000F4
:10C8E800250B0000350B0100450B0000550B00001F
:10C8F800650B000038420000B50204007502000014
:10C9080065020000E5010900B5020900A841000020
:10C9180065020000E5014100B5024100A8410000A0
:10C9280065020000783E0000B502040075020000B0
:10C9380065020000E5010101B5020101A8410000FE
:10C9480065020000783F0000A84200001828000097
:10C958000900000015095D00F508BD00E50100208B
:10C96800F508002001000000090000000100000592
:10C97800283C0000004E0000090000009813000049
:10C98800F50B0000050C0000150C0000E50B00007D
:10C99800950B0000E50A00000502000006200200D1
:10C9A80010340000050B0000050B0C00050B0000FF
:10C9B800150B0000250B0000350B0100450B00008E
:10C9C800550B0000650B000038420000B50204005A
:10C9D8007502000065020000E5010900B5020900C2
:10C9E800A841000065020000E5014100B5024100D0
:10C9F800A841000065020000783E0000B50204006E
:10CA08007502000065020000E5010101B50201019F
:10CA1800A841000065020000783F0000A84200001D
:10CA2800682B00000900000015095D00F508BD002D
:10CA3800E5010020F50800200100000009000000C1
:10CA480001000005283C0000004E0000090000001D
:10CA580098130000F50B0000050C0000150C0000F1
:10CA6800E50B0000950B0000E50A00000502000038
:10CA78000620020010340000050B0000050B0C0016
:10CA8800050B0000150B0000250B0000350B0100FD
:10CA9800450B0000550B0000650B000038420000F4
:10CAA800B50204007502000065020000E5010900F6
:10CAB800B5020900A841000065020000E501410037
:10CAC800B5024100A841000065020000783E000060
:10CAD800B50204007502000065020000E5010101CD
:10CAE800B5020101A841000065020000783F00007E
:10CAF800A8420000B82E00000900000015095D00DA
:10CB0800F508BD00E5010020F5080020010000003F
:10CB18000900000001000005283C0000004E00004C
:10CB28000900000098130000F50B0000050C000038
:10CB3800150C0000E50B0000950B0000E50A00004D
:10CB4800050200000620020010340000050B00005A
:10CB5800050B0C00050B0000150B0000250B000051
:10CB6800350B0100450B0000550B0000650B00005C
:10CB780038420000B502040075020000650200009A
:10CB8800E5010900B5020900A8410000650200009E
:10CB9800E5014100B5024100A8410000650200001E
:10CBA800783E0000B502040075020000650200002E
:10CBB800E5010101B5020101A8410000650200007C
:10CBC800783F0000A8420000083200000900000079
:10CBD80015095D00F508BD00E5010020F5080020F5
:10CBE800010000000900000001000005283C0000C9
:10CBF800004E000009000000E5013100C5082000D2
:10CC0800090000006503C000B5070200B5082A0046
:10CC1800A83200000900000055080200F5050100CF
:10CC2800350C040009000000D50701002506E400C2
:10CC380065070600E507080045061400D84E000001
:10CC48000A000000F848000028490000650727008E
:10CC580009000000350C0200350C0300E501010055
:10CC6800050B0100E5010200D50A0000A200000042
:10CC78004300000009000000E5010800A5060000C7
:10CC880025030300E501080025030800C506046F15
:10CC9800B83700009503010095030000283800000C
:10CCA8000900000015080000E5010800A5060800B5
:10CCB800D84E00002A0000000900000025080000E6
:10CCC800250600003507030045070300D84E00007D
:10CCD8000A00000009000000250801000900000002
:10CCE800F50101100600000809000000E501040034
:10CCF80085060400D50701002506C46DD84E00003E
:10CD08002A00000009000000250600008506000032
:10CD180009000000E83600001848000088480000B4
:10CD280009000000E50110003503100009000000AB
:10CD3800E50110002503100009000000D5070100D7
:10CD480025061400D84E00002A0000002506000021
:10CD5800C506000009000000E5061800D84E0000CE
:10CD68000A000000E50600003508010088090000F7
:10CD7800A506A00B0900000005071800D84E000002
:10CD88000A000000050700004508010048360000B9
:10CD9800A506406909000000E50186003500840009
:10CDA8004201000043000000E5010300B50C01004A
:10CDB8006200000043000000D50701002506E400DA
:10CDC80065070600E507080045061800D84E00006C
:10CDD8000A000000F84800002849000065072700FD
:10CDE80009000000E5010300B50C0300090000007C
:10CDF80068330000E501020035000200620100000E
:10CE080043000000E501840035000000090000002F
:10CE18001502360005020E0025022E00090000004A
:10CE28001502360005020E002502930009000000D5
:10CE380015094D00F5089D00E5010020F5080020C2
:10CE48000900000015095D00F508BD00E501002096
:10CE5800F508002009000000E5010020F5080000A1
:10CE6800000000000000000025000100E5010200AC
:10CE78001500020025000000E50102001500000071
:10CE88000900000065007F0009000000650000003F
:10CE9800090000007500010009000000D50000002D
:10CEA800E50102009500020009000000A50100004C
:10CEB800E5000000F5002000050100001501000054
:10CEC800250100003501000045010300550103005C
:10CED8008501030065010300750103009501030046
:10CEE800E501F77F9500F57F09000000E501FF01E6
:10CEF8006502E001E5011100B5021100A84100003A
:10CF0800E501FF016502FF01E5012100B5022100ED
:10CF1800A8410000E501FF016502F801E501810073
:10CF2800B5028100A841000009000000E501FF01E9
:10CF38006502C001E5010102B5020102A841000035
:10CF4800E501FF016502FF01E5010104B5020104E5
:10CF5800A8410000E501FF016502F801E5010108AB
:10CF6800B5020108A8410000E501FF016502FF01C3
:10CF7800E5010110B5020110A841000009000000F8
:10CF8800B50204006502003FB5020D00F84100003B
:10CF98006502C0FFB5021500F84100006502F0FF08
:10CFA800B5028500F84100006502FFFFB5022500C3
:10CFB800F841000009000000B2080000430000002A
:10CFC800E501F91FB502000009000000B2080000E1
:10CFD80043000000B502040009000000E501000557
:10CFE80035000000E501001835000018E5010005CE
:10CFF8003500000509000000E501000535000000C6
:10D00800E501001835000000E501000535000005C0
:10D0180009000000450A0100450A000065070300F1
:10D02800D50708002506140058490000A847000045
:10D0380025073900F50400000505803EE5040100D8
:10D04800D84E00000A000000A8470000F848000079
:10D058006507000009000000250A0000950A000085
:10D06800250A0000650A000009000000050B000001
:10D07800050B0C00050B0000150B1F00250B00000D
:10D08800350B0100450B0000550B0000650B000037
:10D0980009000000F50B0000050C0E00150C00003F
:10D0A80009000000950B0700A50B0400E50A07001E
:10D0B800F50A040009000000D50B0500B50B0300B4
:10D0C80009000000D50B0500B50B000009000000A1
:10D0D80038420000B5020400750200006502C03F36
:10D0E800E5010101B5020101A8410000650200FE49
:10D0F800783F0000A8420000483B000006202200BC
:10D10800D83B0000F5090100E5010003950900017D
:10D1180001F40000D50B0500024B0000430000009D
:10D12800D50B0900F5090000E50100039509000089
:10D13800283C00000900000025070000B505010093
:10D148006200000043000000B5050000E50400008F
:10D158000900000035070000C50501006200000055
:10D1680043000000C5050000150500000900000087
:10D1780045070000D50501006200000043000000DB
:10D18800D50500004505000009000000250600003F
:10D19800D50700000900000045060000E50700006B
:10D1A8000900000015000400E50108003500000032
:10D1B800150000000900000015000800E501100036
:10D1C80035000000150000000900000015001000DF
:10D1D800E5012000350000001500000009000000EE
:10D1E80095000100E50C0000250900002839000021
:10D1F80025000100E501020015000200E501060016
:10D2080085000000E501060075000000D845000013
:10D21800984E0000E50101003500000062010000A1
:10D228004300000028440000D50A000085000100E2
:10D23800183D0000783D0000090000002833000078
:10D24800C500000095140000783D0000383D00003E
:10D25800F80B000009000000D80B0000E5010100F0
:10D2680085000000E501010075000000383D000060
:10D27800E501020015000000F83C0000090000006C
:10D28800950C1300750C3800850C02001502360049
:10D2980005020E0025022E00062022001509ED00C9
:10D2A800F508DD01E5010020F50800200100000572
:10D2B800010001050100000506004000283C0000AF
:10D2C800750C0000850C0000950C0000090000009A
:10D2D800350C0000350C0400E5010100050B0000C9
:10D2E800E5010200D50A020009000000450DFF0013
:10D2F80009000000450D0000A50A0000050D00000A
:10D30800090000005200000043000000090000006E
:10D31800300EB36335030100E5010800350308004A
:10D32800850301008503000014000000A801000027
:10D3380035030100E50110003503100085030100E5
:10D348008503000014000000A80100003503010057
:10D35800E501200035032000850301008503000056
:10D368001400000015000400E50108003500000065
:10D37800150000000900000025070000B5050100A0
:10D388006200000043000000B5050000E50400004D
:10D398000900000025060000D5070000090000006C
:10D3A80045060000E5070000090000006503C0000D
:10D3B800B5070200B5082A00C802000009000000ED
:10D3C800E5013100C50820000900000052000000F6
:10D3D800430000000900000065007F00090000000C
:10D3E800A5010000D5000000E5000000F5002000C0
:10D3F80005010000150100002501000035010000AD
:10D40800850100004501000055010000650100008C
:10D418007501000095010000950001007500FF37B7
:10D4280009000000D5000000E50102009500020097
:10D4380009000000A5010000E5000000F50020003B
:10D44800050100001501000025010000350100005C
:10D458004501030055010300850103006501030030
:10D468007501030095010300E501F77F9500F57F3D
:10D4780009000000B50C000009000000450000008C
:10D48800E5018600350084004201000043000000E9
:10D49800B50C0B0082CE0100430000008808000094
:10D4A800580700004500010009000000E5010300DD
:10D4B800B50C030009000000020F00004300000043
:10D4C8000900000088080000E5010200350002009C
:10D4D8006201000043000000E501840035000000FF
:10D4E80009000000E50186003500840042010000C3
:10D4F80043000000E5010300B50C010062000000D4
:10D5080043000000D50701002506E4006507060072
:10D51800E507080045061800F80200000A000000A8
:10D5280018020000480200006507270009000000F3
:10D53800D50701002506E40065070600E507080091
:10D5480045061400F80200000A0000001802000056
:10D55800480200006507270009000000550D01007A
:10D568000000000075070000C50D90097507270029
:10D578008513010015140100E5010400851304005A
:10D58800E501040015140400E501080085130800EE
:10D59800E501F8011514F801090000001502000062
:10D5A80005020000250201000620220015090200DC
:10D5B800F5080400E5010020F50800200900000036
:10D5C8000214000043000000010001000100800275
:10D5D8000600400009000000350A0900550A00004D
:10D5E800C50A0800650A3F08250A6000950A010077
:10D5F800250A7F0009000000250A0000950A00009E
:10D60800250A0000650A000009000000450A01001B
:10D61800450A000065070300D50708002506140021
:10D6280058010000A801000025073900F504000092
:10D638000505803EE5040100F80200000A0000002C
:10D64800A80100001802000065070000090000009A
:10D65800450A0100450A000009000000050D010007
:10D66800250D0100150D1500A50A0100450D8700BF
:10D6780009000000450DFF000900000015095D00C4
:10D68800F508BD00E5010020F508002009000000AC
:10D69800D5080A00E5081A00450285225502FD0151
:10D6A800090000001502360005020E00250293004D
:10D6B80009000000E5010020F50800000000000056
:10D6C8000000000025000100E5010200150002002D
:10D6D80025000000E5010200150000000900000017
:10D6E800350C0200350C0300E5010100050B0100B3
:10D6F800E5010200D50A0000A20000004300000076
:10D7080009000000E501000535000000E5010018EA
:10D7180035000018E5010005350000050900000086
:10D72800E501000535000000E5010018350000009E
:10D73800E50100053500000509000000B2080000F9
:10D7480043000000E501F91FB502000009000000D0
:10D75800E501FF016502E001E5011100B5021100D4
:10D76800B8100000E501FF016502FF01E501210095
:10D77800B5022100B8100000E501FF016502F801BB
:10D78800E5018100B5028100B81000000900000021
:10D79800E501FF016502C001E5010102B5020102D0
:10D7A800B8100000E501FF016502FF01E501010471
:10D7B800B5020104B8100000E501FF016502F80197
:10D7C800E5010108B5020108B8100000E501FF01F4
:10D7D8006502FF01E5010110B5020110B810000053
:10D7E80009000000D50B0500B50B03000900000077
:10D7F800D80F0000B5020400750200006502C03FA2
:10D80800E5010101B5020101B8100000650200FE42
:10D818000812000048100000580E000006202200E0
:10D82800B80D0000F5090100E501000395090001A4
:10D8380001F40000D50B0500024B00004300000076
:10D84800D50B0900F5090000E50100039509000062
:10D85800980E000009000000050B0000050B0C00E5
:10D86800050B0000150B1F00250B0000350B0100F0
:10D87800450B0000550B0000650B00000900000077
:10D888005508020058010000A80100001802000015
:10D8980048020000F5050100350C0400780200007C
:10D8A8002851000038090000380A00000100000073
:10D8B800950C1300750C3800850C0200A2000000BE
:10D8C800C2300000430000004300000001000105D1
:10D8D8000600400001008002750C0001850C18004C
:10D8E800C80A0000850C38002503000065070300FE
:10D8F800D50708002506140058010000F5040000AB
:10D908000505800285142200C50A0000080D0000E4
:10D91800A801000025072106E5040100F80200001F
:10D928000A000000A8010000E5010100250301002C
:10D93800C80A0000C50A0100080D0000A80100007F
:10D9480025074D06E5040100F80200000A00000062
:10D95800A8010000E501020025030200C80A000032
:10D96800C50A0200080D0000A80100002507790675
:10D97800E5040100F80200000A000000A801000008
:10D98800E501040025030400C80A0000C50A0300D5
:10D99800080D0000A80100002507A506E504010000
:10D9A800F80200000A000000A8010000E5010800D4
:10D9B80025030800C80A0000C50A0400080D000075
:10D9C800A80100002507D106E5040100F8020000BF
:10D9D8000A000000A8010000E5011000250310005E
:10D9E800C80A0000C50A0500080D0000A8010000CB
:10D9F8002507FD06E5040100F80200000A00000002
:10DA0800A8010000E501200025032000C80A000045
:10DA1800C50A0600080D0000A8010000250729070F
:10DA2800E5040100F80200000A000000A801000057
:10DA3800E501400025034000C80A0000C50A0700A8
:10DA4800080D0000A801000025075507E50401009E
:10DA5800F80200000A000000A8010000E5018000AB
:10DA680025038000C80A0000C50A0800080D000048
:10DA7800A801000025078107E5040100F80200005D
:10DA88000A000000A8010000E501000125030001CB
:10DA9800C80A0000C50A0900080D0000A801000016
:10DAA8002507AD07E5040100F80200000A000000A0
:10DAB800A8010000E501000225030002C80A0000D1
:10DAC800C50A0A00080D0000A80100002507D907AB
:10DAD800E5040100F80200000A000000A8010000A7
:10DAE800E501000425030004C80A0000C50A0B006C
:10DAF800080D0000A801000025070508E50401003D
:10DB0800F80200000A000000A8010000E501000872
:10DB180025030008C80A0000C50A0C00080D00000B
:10DB2800A801000025073108E5040100F8020000FB
:10DB38000A000000A8010000E501001025030010FC
:10DB4800C80A0000C50A0D00080D0000A801000061
:10DB580025075D08E5040100F80200000A0000003E
:10DB6800A8010000E501002025030020C80A0000E4
:10DB7800C50A0E00080D0000A80100002507890845
:10DB8800E5040100F80200000A000000A8010000F6
:10DB9800E501004025030040C80A0000C50A0F003F
:10DBA800080D0000A80100002507B508E5040100DC
:10DBB800F80200000A000000A8010000E50100804A
:10DBC80025030080C80A000085140000A80B000087
:10DBD80018020000C8500000140000007859000026
:10DBE800750C8000850C8000B50A0300E50104006F
:10DBF800B50C040006000008950A6100484F0000B3
:10DC0800950A6900484F0000950A7100484F0000C6
:10DC1800950A7900484F0000950A4100484F0000D6
:10DC2800950A4900484F0000950A5100484F0000E6
:10DC3800950A5900484F0000950A2100484F0000F6
:10DC4800950A2900484F0000950A3100484F000006
:10DC5800950A3900484F0000950A0100484F000016
:10DC6800950A0900484F0000950A1100484F000026
:10DC7800950A1900484F0000B50A0000010080020B
:10DC8800750C0200850C0200E5010400B50C0000CB
:10DC9800C80A0000750C1800850C0600F500100075
:10DCA800C80A0000F5001100C80A0000F5001200BB
:10DCB800C80A0000F5001300C80A0000F5001400A7
:10DCC800C80A0000F5001500C80A0000F500160093
:10DCD800C80A0000F5001700C80A0000F50018007F
:10DCE800C80A0000F5001900C80A0000F5001A006B
:10DCF800C80A0000F5001B00C80A0000F5001C0057
:10DD0800C80A0000F5001D00C80A0000F5001E0042
:10DD1800C80A0000F5001F00C80A0000F50020002E
:10DD2800C80A0000F5002100C80A0000F50022001A
:10DD3800C80A0000F5002300C80A0000F500240006
:10DD4800C80A0000F5002500C80A0000F5002600F2
:10DD5800C80A0000F5002700C80A0000F5002800DE
:10DD6800C80A0000F5002900C80A0000F5002A00CA
:10DD7800C80A0000F5002B00C80A0000F5002C00B6
:10DD8800C80A0000F5002D00C80A0000F5002E00A2
:10DD9800C80A0000F5002F00C80A0000F50030008E
:10DDA800C80A0000F5003100C80A0000F50032007A
:10DDB800C80A0000F5003300C80A0000F500340066
:10DDC800C80A0000F5003500C80A0000F500360052
:10DDD800C80A0000F5003700C80A0000F50038003E
:10DDE800C80A0000F5003900C80A0000F5003A002A
:10DDF800C80A0000F5003B00C80A0000F5003C0016
:10DE0800C80A0000F5003D00C80A0000F5003E0001
:10DE1800C80A0000F5003F00C80A0000A80B00006F
:10DE2800C8500000140000007859000045030100A4
:10DE3800F5002000750C0300850C0300E5010400C3
:10DE4800B50C040006000008150D1000085000006D
:10DE5800150D110008500000150D120008500000A3
:10DE6800150D130008500000150D1400085000008F
:10DE7800150D150008500000150D1600085000007B
:10DE8800150D170008500000150D18000850000067
:10DE9800150D190008500000150D1A000850000053
:10DEA800150D1B0008500000150D1C00085000003F
:10DEB800150D1D0008500000150D1E00085000002B
:10DEC800150D1F0008500000150D00000850000037
:10DED800150D010008500000150D02000850000043
:10DEE800150D030008500000150D0400085000002F
:10DEF800150D050008500000150D0600085000001B
:10DF0800150D070008500000150D08000850000006
:10DF1800150D090008500000150D0A0008500000F2
:10DF2800150D0B0008500000150D0C0008500000DE
:10DF3800150D0D0008500000150D0E0008500000CA
:10DF4800150D0F0008500000350D0000010080027B
:10DF5800980E0000A80B000045030000C850000000
:10DF680014000000B50B0300F509010025000100AD
:10DF78009509000125000000D50B0E0002140000D1
:10DF880043000000D50B0A00F509000095090000C0
:10DF9800950C000062090000C23000004300000038
:10DFA80043000000380A0000E5010400B50C040035
:10DFB800050C000006000008150C0000E50B3C00ED
:10DFC800C80A0000E50B3400C80A0000E50B2C0065
:10DFD800C80A0000E50B2400C80A0000E50B04008D
:10DFE800C80A0000E50B0C00C80A0000E50B140085
:10DFF800C80A0000E50B1C00C80A0000150C010047
:10E00800E50B3C00C80A0000E50B3400C80A000014
:10E01800E50B2C00C80A0000E50B2400C80A000024
:10E02800E50B0400C80A0000E50B0C00C80A000054
:10E03800E50B1400C80A0000E50B1C00C80A000024
:10E04800150C0200E50B3C00C80A0000E50B340083
:10E05800C80A0000E50B2C00C80A0000E50B2400E4
:10E06800C80A0000E50B0400C80A0000E50B0C0014
:10E07800C80A0000E50B1400C80A0000E50B1C00E4
:10E08800C80A0000150C0300E50B3C00C80A000094
:10E09800E50B3400C80A0000E50B2C00C80A000094
:10E0A800E50B2400C80A0000E50B0400C80A0000BC
:10E0B800E50B0C00C80A0000E50B1400C80A0000B4
:10E0C800E50B1C00C80A0000150C0400E50B3C0019
:10E0D800C80A0000E50B3400C80A0000E50B2C0054
:10E0E800C80A0000E50B2400C80A0000E50B04007C
:10E0F800C80A0000E50B0C00C80A0000E50B140074
:10E10800C80A0000E50B1C00C80A0000150C050031
:10E11800E50B3C00C80A0000E50B3400C80A000003
:10E12800E50B2C00C80A0000E50B2400C80A000013
:10E13800E50B0400C80A0000E50B0C00C80A000043
:10E14800E50B1400C80A0000E50B1C00C80A000013
:10E15800150C0600E50B3C00C80A0000E50B34006E
:10E16800C80A0000E50B2C00C80A0000E50B2400D3
:10E17800C80A0000E50B0400C80A0000E50B0C0003
:10E18800C80A0000E50B1400C80A0000E50B1C00D3
:10E19800C80A0000150C0700E50B3C00C80A00007F
:10E1A800E50B3400C80A0000E50B2C00C80A000083
:10E1B800E50B2400C80A0000E50B0400C80A0000AB
:10E1C800E50B0C00C80A0000E50B1400C80A0000A3
:10E1D800E50B1C00C80A0000150C0800E50B3C0004
:10E1E800C80A0000E50B3400C80A0000E50B2C0043
:10E1F800C80A0000E50B2400C80A0000E50B04006B
:10E20800C80A0000E50B0C00C80A0000E50B140062
:10E21800C80A0000E50B1C00C80A0000150C09001C
:10E22800E50B3C00C80A0000E50B3400C80A0000F2
:10E23800E50B2C00C80A0000E50B2400C80A000002
:10E24800E50B0400C80A0000E50B0C00C80A000032
:10E25800E50B1400C80A0000E50B1C00C80A000002
:10E26800C850000014000000A8590000E85500003C
:10E27800F50A000028590000F50A01002859000095
:10E28800F50A020028590000F50A03002859000081
:10E29800F50A040028590000F50A0500285900006D
:10E2A800F50A060028590000F50A07002859000059
:10E2B80001008002980E0000085A0000C8500000B3
:10E2C80014000000A8590000080E0000D80F000034
:10E2D800B5020400750200006502C03FE5010900AF
:10E2E800B5020900B810000065020000E501410010
:10E2F800B5024100B8100000650200FE08110000D8
:10E30800985800004810000006200208B80D0000C8
:10E31800A50B040068550000F50A0000D84D000060
:10E32800F50A0100D84D0000F50A0200D84D00009A
:10E33800F50A0300D84D0000F50A0400D84D000086
:10E34800F50A0500D84D0000F50A0600D84D000072
:10E35800F50A0700D84D000001008002980E000061
:10E36800085A0000C850000014000000A859000016
:10E37800E50A0800950B0800F50B0F00D80F000000
:10E38800B5020400750200006502C03FE5010900FE
:10E39800B5020900B810000065020000E50141005F
:10E3A800B5024100B8100000650200FE0811000027
:10E3B800B5020400750200006502C03FE5010101D5
:10E3C800B5020101B8100000650200FE0812000045
:10E3D80048100000B80D0000F50A04001502A0005E
:10E3E8000600200801F4000506020000A50B000045
:10E3F800884C000006020000A50B0100884C0000B4
:10E4080006020000A50B0200884C0000060200006E
:10E41800A50B0300884C000006020000A50B0400B1
:10E42800884C000006020000A50B0500884C00007F
:10E4380006020000A50B0600884C0000060200003A
:10E44800A50B0700884C000001000005980E00008D
:10E45800085A0000C850000014000000A859000025
:10E46800E50A0800950B0800F50B0900D80F000015
:10E47800B5020400750200006502C007E501090045
:10E48800B5020900B810000065020000E50141006E
:10E49800B5024100B81000006502001E0811000016
:10E4A800B5020400750200006502C007E50101011C
:10E4B800B5020101B81000006502001E0812000034
:10E4C80048100000350200001502A00025022E00A9
:10E4D80006202008B80D0000A50B0400050C030059
:10E4E800150C000068550000D84D0000010080029E
:10E4F800980E0000085A0000C850000014000000E0
:10E50800A8590000E5010400B50C0000350C010015
:10E51800750C8001850C0200950C1300450C090050
:10E52800650C1B0028150000450B0200E50A0800D1
:10E53800950B0800D80F0000B50204007502000012
:10E5480065024000E5010900B5020900B8100000A5
:10E5580065020000E5014100B5024100B810000065
:10E568006502007E0811000098580000481000005D
:10E57800B80D0000010000001502A10025026E0080
:10E58800650B0400062020084853000006002008F8
:10E5980022000000485300004300000001008002F0
:10E5A800650B0C00060020004200000048530000E4
:10E5B8004300000001000005650C0000450C0F0039
:10E5C800550C0300750CC001150B0900550B07000D
:10E5D800350B2900250B0B00060020005200000017
:10E5E800585400004300000001008002550B0F0042
:10E5F800350B0900060020005200000058540000A6
:10E608004300000001008002250B130006002000D3
:10E6180052000000585400004300000001000005AB
:10E62800980E0000085A0000C850000014000000AE
:10E6380012000000E175000001F40100260000004E
:10E64800E175000001F40700E60100000200000087
:10E65800E175000001F4030026000000E1750000E8
:10E6680001F40700E6010000430000000600400036
:10E67800160000004300000026000000017480001E
:10E688000900000006002000120000000602000039
:10E6980072010000884C00004300000006001C00C6
:10E6A8004300000001F48002090000000600200079
:10E6B8000602000072010000884C000043000000C0
:10E6C80001F4800209000000851300001514000001
:10E6D80075070000C50D0000550D01000900000078
:10E6E800B50A030002140000430000000100010005
:10E6F80001008002B50A0200021400004300000075
:10E708000100070001008002060040000900000027
:10E71800350D010002140000430000000100010053
:10E7280001008002350D03000214000043000000C0
:10E7380001000700010080020600400009000000F7
:10E7480035030200E50100003503000085030100E0
:10E758008503000009000000C500000095140000B2
:10E7680098040000580400009805000028030000E1
:10E7780002DC05004300000048030000A20100007D
:10E78800430000008500FF37D50A4F007500FF3FA2
:10E798008500FF3F0214000043000000E50C010063
:10E7A800280B0000380D000025000000E5010005D9
:10E7B80035000005E501020015000000B80500005D
:10E7C800020F000043000000980D00002509010019
:10E7D80078060000A8060000D8060000090000001E
:10E7E80006020000F202000001080000E107000034
:10E7F80001000000010001006200000001080000A3
:10E80800E1070000010000000100030043000000D0
:10E8180006004000260000004300000006001C001F
:10E828000900000006020000F202000001280000B2
:10E8380001100000E1070000010001006200000073
:10E848000128000001100000E1070000010003009A
:10E8580043000000060040002600000043000000BE
:10E8680006001C0009000000F509010095090001D7
:10E878000214000043000000F5090000950900009B
:10E8880001F4000109000000050A6B01050A0801EE
:10E89800050AB502150D0000D50B0900E50B0000AF
:10E8A800980E00004503010045030200E84E0000F1
:10E8B8005813000088130000D80F0000B5020400A8
:10E8C800750200006502C03FE5010900B5020900B4
:10E8D800B810000065020000E5014100B5024100E2
:10E8E800B8100000650200FE0811000098580000EA
:10E8F80048100000E50A0800950B0700480F0000C3
:10E9080015029D00350200000502760025022E0042
:10E9180006200208B80D0000A50B0400050C110024
:10E92800150C0000F50B020068550000080E0000E9
:10E9380009000000B50204007502000065024000ED
:10E94800E5010101B5020101B810000065020000EF
:10E9580008120000090000005502DD0D784E000085
:10E968005502FF0F784E000009000000280B000038
:10E97800F80B00000900000078590000E5010100CB
:10E98800350001006201000043000000090000009A
:10E99800E5010100350000006201000043000000AD
:10E9A800A80B0000090000000000000000000000A3
:10E9B800000000000000000000000000000000004F
:10E9C800000000000000000000000000000000003F
:10E9D800000000000000000000000000000000002F
:10E9E800000000000000000000000000000000001F
:10E9F800000000000000000000000000000000000F
:10EA080000000000000000000000000000000000FE
:10EA180000000000000000000000000000000000EE
:10EA280000000000000000000000000000000000DE
:10EA380000000000000000000000000000000000CE
:10EA480000000000000000000000000000000000BE
:10EA580000000000000000000000000000000000AE
:10EA6800000000000000000000000000000000009E
:10EA780000000000496E76616C69642073656E73EE
:10EA88006F722068616E646C6500000073656E7358
:10EA98006F720000496E76616C696420636F6E6600
:10EAA80069672068616E646C65000000636F6E665C
:10EAB80069670000496E76616C69642070726F63E3
:10EAC800657373696E672068616E646C6500000029
:10EAD80070726F63657373696E6700002D2D2D2D3D
:10EAE8002D2D20424547494E202D2D2D2D2D2D20F1
:10EAF80053656E736F7220537461747573204C6F15
:10EB080067202D2D2D2D2D2D20424547494E202D96
:10EB18002D2D2D2D2D00000073656E736F725F73A0
:10EB280074617475735F6131323100005B256C75F7
:10EB38005D2025733A20307825303468780000004D
:10EB48002D2D2D2D2D2D2D20454E44202D2D2D2DB7
:10EB58002D2D2D2053656E736F722053746174755B
:10EB680073204C6F67202D2D2D2D2D2D2D20454EDA
:10EB780044202D2D2D2D2D2D2D000000546F6F209C
:10EB88006C617267652073656E736F72206275665B
:10EB98006665722075736167650000007261646163
:10EBA800725F656E67696E655F61313231000000C2
:10EBB8004C6F61643A205472616E7366657220739B
:10EBC800697A6520697320746F206C6172676500CB
:10EBD80073656E736F725F636F6D6D5F6131323134
:10EBE8000000000053656E736F7220256C75206EEF
:10EBF8006F7420726561647920666F722072756E19
:10EC08006E696E672061206E65772070726F67721B
:10EC1800616D000073656E736F725F70726F746FF1
:10EC2800636F6C5F6131323100000000496E7661BC
:10EC38006C6964206275666665722073656E736FB1
:10EC48007220256C7500000047656E657269633136
:10EC580020496E7465727275707420616C7265619A
:10EC6800647920636C6561726564206F6E207365DA
:10EC78006E736F7220256C75000000004E6F206562
:10EC880076656E7420636F6465205B307825785DE7
:10EC98002072656365697665642066726F6D20739E
:10ECA800656E736F7220256C750000004572726F77
:10ECB80072206576656E7420636F6465205B3078BA
:10ECC80025785D2072656365697665642066726F74
:10ECD8006D2073656E736F7220256C7500000000DF
:10ECE800496E76616C6964206576656E7420636F21
:10ECF8006465205B307825785D2072656365697688
:10ED080065642066726F6D2073656E736F7220255F
:10ED18006C75000053707572696F75732065766540
:10ED28006E74207265636569766564207768656EC0
:10ED380020444F4E452065787065637465642120D2
:10ED48005265636569766564206576656E742063CF
:10ED58006F6465203D2025640000000063616C69D4
:10ED680062726174696F6E5F613132315F63616CC9
:10ED78005F73657373696F6E0000000072756E6E65
:10ED8800696E670073746F70706564005B256C75DD
:10ED98005D2053656E736F7220257340256875007A
:10EDA8005B256C755D205363726174636870616480
:10EDB80020636F6E666967202568753A203078256C
:10EDC80030346878000000005B256C755D20776141
:10EDD8006B6575705F737461747573303A20307841
:10EDE80025303468780000005B256C755D20696EFD
:10EDF8007075746D75785F77616B6575705F696E36
:10EE08007075742568755F636F6E6669673A203040
:10EE180078253034687800005B256C755D20776153
:10EE28006B6575705F696E7075742568755F77615D
:10EE38006B6575705F636F6E6669673A20416464DD
:10EE4800723D2568753A203078253034687800009E
:10EE58005B256C755D2077616B6575705F696E7099
:10EE680075742568755F61636B5F636F6E6669674C
:10EE78003A20202020416464723D2568753A20308C
:10EE880078253034687800005B256C755D205374F4
:10EE980061636B206C6576656C202568753A204146
:10EEA8006464723D2568753A202568750000000085
:10EEB8005B256C755D2041736963206572726F72A2
:10EEC8003A20307825303468780000005B256C756E
:10EED8005D2020204552524F523A202573000000F1
:10EEE8004F66667365743A20256875204D6F6469AE
:10EEF80066792076616C7565203D20256C752074D7
:10EF08006F6F206C6172676520286D6178696D7517
:10EF18006D20256C75290000636F6E6670726F67CF
:10EF280072616D00496E76616C6964206461746118
:10EF3800206F627461696E656420666F722070610B
:10EF4800746368696E670000556E61636B6E6F77F6
:10EF58006C6564676564206576656E7420646574A5
:10EF68006563746564206F6E2073656E736F7220BD
:10EF7800256C750053656E736F7220256C75206E55
:10EF88006F7420726561647920666F72206C6F619E
:10EF980064696E672061206E65772070726F677292
:10EFA800616D00005374617465206E6F7420757311
:10EFB80065640000656C656D656E745F6672616D91
:10EFC800650000005363726174636820697320757B
:10EFD80073656420627574206E6F742073657400A5
:10EFE8005363726174636820616E64207374617422
:10EFF80065206E6F7420757365640000656C656DBF
:10F00800656E745F73696E6B5F613132315F636126
:10F018006C6C6261636B00004F757470757420636B
:10F02800616E206E6F742062652073657420666F50
:10F03800722073696E6B20656C656D656E74000077
:10F04800253032753A253032753A253032752E25FD
:10F058003033752028256329202825732920257316
:10F068000A00000045574956440000004F757420B7
:10F078006F66206D656D6F72790000007273735F43
:10F08800696E746567726174696F6E004164647259
:10F098006573733A20256875204D6F646966792019
:10F0A80076616C7565203D20256C7520746F6F2026
:10F0B8006C6172676520286D6178696D756D2025B2
:10F0C8006C752900496E76616C69642064617461AD
:10F0D800206F627461696E656420666F72206C6966
:10F0E8007665207061746368696E6700496E766141
:10F0F8006C6964206E756D626572206F6620737529
:10F1080062737765657073007472616E736C617495
:10F11800696F6E5F6131323100000000496E7661BF
:10F128006C69642073776565705F7261746500004F
:10F13800656E61626C655F636361206E6F742076D3
:10F14800616C6964207769746820646F75626C65A6
:10F158005F627566666572696E67000053756273F3
:10F1680077656570202568752068617320696E76FB
:10F17800616C69642050524600000000496E766157
:10F188006C6964206672616D655F72617465000008
:10F19800496E76616C69642073657474696E67730F
:10F1A80020666F7220636F6E74696E756F75735F1A
:10F1B80073776565705F6D6F64650000696E74656F
:10F1C800725F6672616D655F69646C655F737461B7
:10F1D8007465206D7573742062652074686520738A
:10F1E800616D65206F722064656570657220746852
:10F1F800616E20696E7465725F73776565705F69AB
:10F20800646C655F7374617465000000496E7661B3
:10F218006C696420696E7465725F6672616D655FA2
:10F2280069646C655F73746174650000496E76612A
:10F238006C696420696E7465725F73776565705F69
:10F2480069646C655F73746174650000496E76610A
:10F258006C6964206877616173000000496E7661AB
:10F268006C696420636F6D62696E6174696F6E208A
:10F278006F66206C6F6F706261636B20616E6420D3
:10F2880070726F66696C6500496E76616C6964209E
:10F29800636F6D62696E6174696F6E206F6620704E
:10F2A800726F66696C6520616E642070726600001A
:10F2B800496E76616C69642070726F66696C65006E
:10F2C800496E76616C696420737465705F6C656EF5
:10F2D80067746800496E76616C6964206E756D5F4D
:10F2E800706F696E7473000070686173655F656E36
:10F2F80068616E63656D656E74206E6F74207661EB
:10F308006C696420776974686F75742073756274AA
:10F31800726163745F696E5F62756666657200002C
:10F32800496E76616C696420737461727420706FC1
:10F33800696E7400496E76616C6964206E756D62E1
:10F348006572206F6620706F696E7473206F72200B
:10F3580073746570206C656E67746800496E7661B9
:10F368006C69642070726600537461727420706FE7
:10F37800696E74206F722072616E676520746F6F9A
:10F388002066617200000000537461727420706F0F
:10F39800696E7420746F6F20636C6F736500000072
:10F3A800496E76616C696420726563656976657219
:10F3B8005F6761696E000000496E76616C69642060
:10F3C800545820706F77657220617474656E75612A
:10F3D80074696F6E000000004661696C6564207492
:10F3E8006F2063616C63756C6174652070756C73F4
:10F3F800657368617065722073657474696E67738C
:10F4080021000000546865206D6178696D756D2074
:10F41800737765657020726174652069732025644F
:10F4280000000000496E76616C696420726566654B
:10F4380072656E6365206672657175656E637920A5
:10F448002573256C752E2530366C7520487A00009A
:10F458006370645F706C6C5F64697669736F7273F4
:10F468000000000053656E736F722063616C6962FF
:10F47800726174696F6E20737465702025642066EC
:10F4880061696C656400000063616C696272617433
:10F49800696F6E5F6131323100000000496E76613C
:10F4A8006C69642063616C6962726174696F6E0073
:10F4B8004E6F7420706F737369626C6520746F206F
:10F4C8007265636F6E666967757265207768656EC9
:10F4D80020646F75626C6520627566666572696E18
:10F4E8006720697320636F6E66696775726564006B
:10F4F80053656E736F7220256C75206E6F74207261
:10F508006561647920746F20626520757064617428
:10F51800656400006370645F613132315F6D6561FD
:10F52800735F73657373696F6E0000004C6F61647D
:10F538002070726F6772616D206661696C65640026
:10F54800747275650000000066616C7365000000E8
:10F55800756E6B6E6F776E004163636F6E65657273
:10F5680020736F6674776172652076657273696F50
:10F578006E2025730A0000006163635F636F6E6627
:10F5880069675F6372656174652829206661696CC3
:10F598006564000073776565705F726174653A2011
:10F5A8002573256C752E2530366C75006672616D75
:10F5B800655F726174653A202573256C752E253058
:10F5C800366C75007377656570735F7065725F661A
:10F5D80072616D653A20256875000000636F6E746E
:10F5E800696E756F75735F73776565705F6D6F644E
:10F5F800653A202573000000646F75626C655F6270
:10F608007566666572696E673A20257300000000AA
:10F61800696E7465725F6672616D655F69646C6559
:10F628005F73746174653A2025730000696E7465B0
:10F63800725F73776565705F69646C655F73746129
:10F6480074653A20257300006E756D5F737562737B
:10F6580077656570733A20256875000020207375FA
:10F668006273776565703A20256C7500202020202C
:10F6780073746172745F706F696E7420202020202B
:10F688002020202020202020203A20256C690000FE
:10F69800202020206E756D5F706F696E7473202056
:10F6A800202020202020202020202020203A202533
:10F6B8006875000020202020737465705F6C656E8B
:10F6C800677468202020202020202020202020204F
:10F6D800203A202568750000202020206877616185
:10F6E80073202020202020202020202020202020BF
:10F6F80020202020203A2025687500002020202086
:10F7080072656365697665725F6761696E2020203E
:10F718002020202020202020203A20256875000065
:10F7280020202020656E61626C655F74782020203F
:10F73800202020202020202020202020203A2025A2
:10F74800730000002020202070686173655F656E7B
:10F7580068616E63656D656E74202020202020200E
:10F76800203A2025730000002020202069715F695D
:10F778006D62616C616E63655F636F6D70656E73FA
:10F788006174696F6E3A20257300000020202020E4
:10F79800656E61626C655F6C6F6F706261636B2030
:10F7A8002020202020202020203A2025730000003F
:10F7B8002020202070726F66696C65202020202030
:10F7C800202020202020202020202020203A202512
:10F7D8007300000020202020707266202020202046
:10F7E8002020202020202020202020202020202011
:10F7F800203A202573000000706970656C696E6599
:10F808005F613132310000004661696C65642074C3
:10F818006F2067657420726164617220656E676924
:10F828006E65206D657461646174610070697065EE
:10F838006C696E655F73756273776565700000004B
:10F84800506970656C696E65206E6F742070726F98
:10F858007065726C7920617373656D626C656400A4
:10F86800417373656D626C65207375627377656546
:10F878007020706970656C696E65206661696C6579
:10F88800640000006163635F70726F63657373691E
:10F898006E675F6372656174652829206661696CAB
:10F8A800656400006163635F7273735F6765745FAB
:10F8B8006275666665725F73697A65282920666174
:10F8C800696C656400000000627566666572206197
:10F8D8006C6C6F636174696F6E206661696C6564D6
:10F8E80000000000556E657870656374656420617A
:10F8F8007369635F696420666F756E64203D2030AC
:10F908007825780053656E736F7220697320696E6D
:10F918002077726F6E672073746174650000000051
:10F928006163635F73656E736F725F637265617441
:10F93800652829206661696C65640000646F5F73DF
:10F94800656E736F725F63616C6962726174696F0F
:10F958006E5F616E645F70726570617265282920E0
:10F968006661696C656400006163635F73656E73EB
:10F978006F725F6D656173757265206661696C652C
:10F988006400000053656E736F7220696E7465724F
:10F99800727570742074696D656F7574000000006D
:10F9A8004275666665722073697A6520746F6F2088
:10F9B800736D616C6C00000053656E736F72202567
:10F9C8006C75204E6F2070656E64696E6720696E75
:10F9D800746572727570740053656E736F7220254A
:10F9E8006C75206576656E74206973206E6F74205F
:10F9F80048414E445348414B45205B307825785D5B
:10FA080000000000496E76616C6964206275666664
:10FA18006572206C656E6774680000005472616ED0
:10FA28007366657220646174612066726F6D2073FD
:10FA3800656E736F7220746F20686F7374206661CF
:10FA4800696C6564000000006163635F73656E73D1
:10FA58006F725F72656164206661696C656400003D
:10FA68005468652063757272656E742063616C6991
:10FA780062726174696F6E206973206E6F7420768C
:10FA8800616C696420666F722074686520637572A2
:10FA980072656E742074656D7065726174757265D7
:10FAA8002E0000005468652073656E736F72206EB7
:10FAB8006565647320746F2062652072652D6361CB
:10FAC8006C696272617465642E0000005468652078
:10FAD80073656E736F7220776173207375636365E6
:10FAE800737366756C6C792072652D63616C6962DD
:10FAF80072617465642E000050726F63657373657C
:10FB08006420646174613A002568692B2568696915
:10FB18000000000025313473200000004170706C33
:10FB280069636174696F6E2066696E69736865647C
:10FB3800204F4B00646F6E655F6572726F720000D4
:10FB4800737461636B5F6F766572666C6F770000C4
:10FB5800737461636B5F756E646572666C6F770052
:10FB68007370695F756E6B6E6F776E5F636D64003F
:10FB78007370695F6D697373696E675F61636B004A
:10FB88006164635F6669666F5F66756C6C00000030
:10FB98006164635F746F6F5F666173740000000077
:10FBA80041736963206964656E746974793A000009
:10FBB800537461636B5F6C6576656C5F73746174B5
:10FBC80075735F726567697374657200496E7465F1
:10FBD80072727570742073746174757320726567BE
:10FBE8006973746572000000444545505F534C4585
:10FBF80045500000534C45455000000052454144D3
:10FC08005900000050524F46494C455F31000000F2
:10FC180050524F46494C455F3200000050524F4603
:10FC2800494C455F3300000050524F46494C455FF0
:10FC38003400000050524F46494C455F35000000E3
:10FC480031392E354D487A0031352E364D487A00F7
:10FC580031332E304D487A00382E374D487A00001F
:10FC6800362E354D487A0000352E324D487A000040
:10FC7800000FC93F000F494000CB9640000FC94014
:10FC88000053FB4000CB164100ED2F41000F4941C6
:10FC98000031624100537B41003A8A4100CB9641D2
:10FCA800005CA34100EDAF41007EBC41000FC9419B
:10FCB80000A0D5410031E24100C2EE410053FB41B2
:10FCC80000F20342003A0A420083104200CB164277
:10FCD80000141D42005C234200A5294200ED2F427A
:10FCE80000363642007E3C4200C74242000F49427D
:10FCF800A2000000F9000000830000006E00000070
:10FD08004E0000004400000015000000290000001B
:10FD1800FC0000002700000057000000D100000090
:10FD2800F500000034000000DD000000C000000005
:10FD3800DB00000062000000950000009900000050
:10FD48003C0000004300000090000000410000005B
:10FD5800FE0000005100000063000000AB0000003E
:10FD6800DE000000BB000000C500000061000000CC
:10FD7800B7000000240000006E0000003A000000F8
:10FD8800420000004D000000D2000000E00000002A
:10FD980006000000490000002E000000EA000000F4
:10FDA80009000000D1000000920000001C000000C3
:10FDB800FE0000001D000000EB0000001C00000019
:10FDC800B100000029000000A70000003E0000006C
:10FDD800E80000008200000035000000F500000087
:10FDE8002E000000BB00000044000000840000005A
:10FDF800E90000009C0000007000000026000000E0
:10FE0800B40000005F0000007E0000004100000018
:10FE18003900000091000000D60000003900000001
:10FE2800830000005300000039000000F4000000C7
:10FE38009C000000840000005F0000008B000000B0
:10FE4800BD000000F9000000280000003B00000091
:10FE58001F000000F800000097000000FF000000ED
:10FE6800DE00000005000000980000000F00000000
:10FE7800EF0000002F000000110000008B000000C0
:10FE88005A0000000A0000006D0000001F0000007A
:10FE98006D000000360000007E000000CF0000006A
:10FEA80027000000CB00000009000000B700000098
:10FEB8004F000000460000003F0000006600000000
:10FEC8009E0000005F000000EA0000002D00000016
:10FED8007500000027000000BA000000C7000000FD
:10FEE800EB000000E5000000F10000007B000000CE
:10FEF8003D0000000700000039000000F700000086
:10FF08008A0000005200000092000000EA00000091
:10FF18006B000000FB0000005F000000B100000063
:10FF28001F0000008D0000005D00000008000000B8
:10FF380056000000030000003000000046000000EA
:10FF4800FC0000007B0000006B000000AB0000001C
:10FF5800F0000000CF000000BC00000020000000FE
:10FF68009A000000F4000000360000001D000000A8
:10FF7800A9000000E30000009100000061000000FB
:10FF88005E000000E60000001B0000000800000002
:10FF98006500000099000000850000005F00000077
:10FFA80014000000A00000006800000040000000ED
:10FFB8008D000000FF000000D80000008000000055
:10FFC8004D00000073000000270000003100000011
:10FFD80006000000060000001500000056000000A2
:10FFE800CA00000073000000A8000000C90000005B
:08FFF80060000000E2000000BF
:020000040801F1
:100000007B000000C00000008C0000006B000000BE
:100010000000C93F0000F0390000DA370000A233C9
:100020000000842E0000502B0000C2270000D022C8
:100030000000C41F0000C61B00004417040000009D
:080040000700000009000000A8
:080048009465FF7F0100000038
:08005000956C0008000000009F
:080058006D6C000800000000BF
:1000600000093D00100000006262615F63616C5F27
:100070006374726C5B785D0074785F667265715F43
:100080006B687A5B785D00002C00002000000000A7
:10009000E40300204C040020B40400200000000011
:1000A0000000000000000000000000000000000050
:1000B0000000000000000000000000000000000040
:1000C0000000000000000000000000000000000030
:1000D000000000000000000000000000030000001D
:0800E000E40300200000000011
:0400000508008589E1
:00000001FF
