:020000040800F2
:100000000000012059F30008C53E0008C93E000861
:10001000CD3E0008D13E0008D53E0008000000009B
:10002000000000000000000000000000D93E0008B1
:10003000DD3E000800000000E13E0008E53E00084B
:10004000A9F30008A9F30008A9F30008F53E000889
:10005000A9F30008A9F30008A9F30008A9F3000810
:10006000A9F30008313F0008A9F30008A9F300082C
:10007000453F0008513F0008A9F30008A9F3000814
:100080005D3F0008693F0008A9F30008A9F30008D4
:10009000A9F30008A9F30008A9F30008A9F30008D0
:1000A000A9F30008A9F30008A9F30008A9F30008C0
:1000B000A9F300080000000000000000A9F30008F8
:1000C000A9F30008753F0008A9F30008A9F3000888
:1000D000A9F30008A9F30008CD520008A9F300080D
:1000E0009D3F00088D400008000000000000000057
:1000F0000000000000000000000000000000000000
:1001000000000000A9F3000800000000A9F30008A7
:100110000000000000000000A9F30008A9F3000897
:10012000A9F30008A9F30008A9F30008A9F300083F
:10013000A9F300080000000000000000000000001B
:10014000A9F30008A9F30008A9F3000800000000C3
:10015000A9F30008A9F30008A9F30008A9F300080F
:10016000A9F30008A9F30008A9F3000800000000A3
:10017000A9F30008A9F30008000000000000000037
:10018000A9F30008A9F30008A9F300080000000083
:10019000B0F1904F84B017D0234B984204D0234B3A
:1001A00098422CD004B0704711B303F1784303F5A3
:1001B0000333DA6C42F00202DA64DB6C03F0020310
:1001C0000293029B04B0704759B1194BDA6C42F0AC
:1001D0000102DA64DB6C03F001030193019B04B0BC
:1001E0007047134AD36C23F00103D36404B0704703
:1001F0000F4AD36C23F00203D36404B0704769B193
:1002000003F1784303F5FA33DA6C42F08002DA64E2
:10021000DB6C03F080030393039BC3E7044AD36CB6
:1002200023F08003D364BDE700040048001C0048AD
:100230000010024090F824C0BCF1010F3CD070B512
:1002400090F825C00124A44580F824405FFA8CFE74
:1002500004D0002380F82430022070BD022580F8ED
:10026000255004680025C5632668456C26F0010604
:10027000266005F01C05066C0EFA05F575606360D6
:100280008368102B036B0BBFA260A160E160E2608A
:100290004BB1236843F00E032360236843F001034E
:1002A0000020236070BD236823F0040323602368CB
:1002B00043F00A032360F0E7022070472DE9F04184
:1002C000764C0023237094F86530012B0D46E168CD
:1002D00008D0B1F5827F60D1D8B22369002B5CD100
:1002E00004285AD1002D58D092B2002A55D094F843
:1002F0006430012B51D094F86530A6682564042B36
:100300001CBF052384F8653001210023A36684F80F
:100310006410A4F84620A4F84E20C4E9153373688D
:10032000A4F8442023F4C043A564A4F84C207360CF
:100330006369206EB3F5E06F31D8E36D9969736836
:10034000B1F5806F43F4805373607DD08369B3F55A
:10035000806F65D094F86530514A042B514B18BF1B
:100360001346514A0363514B4363514B18BF134625
:10037000C362B4F84E304FF00008C0F838809BB22A
:1003800006F10C012A46FFF755FF074660B1A36E40
:1003900084F8648043F01003A366BDE8F0817368BD
:1003A00023F480537360D5E77368E06D43F0010375
:1003B0007360B4F846300A46C0E90B77C0E90D77A0
:1003C00029469BB2FFF736FF00284AD133685B0607
:1003D00021D5002384F86430736843F020037360F0
:1003E000736843F002037360E26E2378002BD4D16C
:1003F00041F2873109E072B6237803B930BF62B6A3
:10040000BFF36F8F2378002BC7D1E36E9B1A8B420B
:10041000F1D9BDE8F081336843F040033360D8E799
:10042000736823F480537360B4F84E3013F0010FF7
:1004300073681DD123F400537360B4F84E30C3F3D6
:100440004E03A4F84E3085E7D20773681BD423F41B
:1004500080437360B4F84630C3F34E03A4F84630CB
:1004600074E7A36E84F8647043F01003A36694E706
:1004700043F400537360B4F84E30C3F34E030133BA
:10048000A4F84E3066E743F480437360B4F8463016
:10049000C3F34E030133A4F8463057E78800002029
:1004A0005D12000859120008E525000861120008D5
:1004B0003925000890F82520022A03D00422C263BF
:1004C000012070470168426C10B50C6824F00E04DE
:1004D0000C600C6824F001040C6002F01C02046C37
:1004E000012101FA02F26260826B80F8251000247B
:1004F00080F8244002B19047002010BD70B4436CD6
:10050000066C056831682C6803F01C0304229A40CD
:100510000A420ED014F0040F0BD02B689B0603D4B4
:100520002B6823F004032B60036B7260CBB170BCAB
:10053000184702229A400A4215D014F0020F12D036
:100540002B68990606D42B6823F00A032B6001233D
:1005500080F82530C36A7260002180F82410002BD7
:10056000E5D170BC704708229A400A42F9D02207B0
:10057000F7D52A68416B22F00E022A60012202FAA6
:1005800003F300247360C26380F8244080F82520C0
:100590000029E6D070BC08472DE9F04F00233E4EFD
:1005A0004FF00F094FF0030A4DE03C4FB84265D0C1
:1005B0003B4FB84266D03B4FB84268D0DFF8E8B056
:1005C00058450CBF4FF0040B4FF0070B0BFA04F427
:1005D000A44513D1346824EA0E043460746824EA14
:1005E0000E047460F46824EA0E04F460B46824EA2B
:1005F0000E04B460AC6824EA0804AC6004685D00D2
:100600000AFA05F54FEAD30C2C4300EB8C0C04607E
:1006100003F00704DCF820E0A40009FA04F42EEA51
:100620000404CCF82040846824EA0504846044680B
:1006300024EA02024260C26822EA0502C260013373
:1006400031FA03F218D001229A4012EA010EF6D0D4
:1006500023F0030505F1804505F5803503F003041B
:10066000D5F808C0A40009FA04F8B0F1904F08EAE0
:100670000C0C9AD10024ABE7BDE8F08F012707FAF4
:1006800004F4A5E74FF0020B0BFA04F4A0E74FF0D7
:10069000030B0BFA04F49BE700040140000400483C
:1006A00000080048000C004800100048002310B467
:1006B00080F8423090F84120212A4FF0200118D1D3
:1006C000112280F84110026390F84110046801F093
:1006D000280122684363282914BF6FF0F2016FF0EC
:1006E00042010A40002322605DF8044B80F840304C
:1006F0007047122280F84110026390F8412001688F
:1007000002F028020C684363282A14BF6FF0F40239
:100710006FF04402224000230A605DF8044B80F829
:100720004030704701680B68002280F842205A046C
:100730000CD50B6823F480430B6090F84130292BD3
:100740000ED090F841302A2B20D070471B04F4D5EE
:100750000B6823F400430B6090F84130292BF0D153
:100760002822212380F84120036390F841300A6851
:1007700003F02803282B14BF6FF0F2036FF042033D
:10078000134000220B6080F840207047282222236B
:1007900080F84120036390F841300A6803F0280391
:1007A000282B14BF6FF0F4036FF0440313400022B2
:1007B0000B6080F84020704710B400232022174CB3
:1007C000C4624363036380F8412080F842304B07E2
:1007D000026811D5436A526A1A70436A028D013366
:1007E00043624AB1438D013B9BB24385436C013A5E
:1007F00043F0040302854364036890F8412090F8B5
:1008000041201A68102422F0FE0200211A60DC61E7
:100810005DF8044B80F84010704700BF0000FFFFF8
:1008200010B50446514A94F84130002084F8420043
:10083000E2626085626C1143A3F12802022A2368F8
:1008400061645DD894F8411094F8412001F02801CA
:10085000282902F0280214BFF6214621282A1A6806
:100860000CBFC9436FF0F6010A40282040491A60C6
:1008700084F84100A06B226B616318B1112A11D07A
:10088000212A0FD0E06B18B1122A20D0222A1ED0C4
:1008900094F84130602B4FF0000360D0236384F85C
:1008A000403010BD1A68510454D490F82530012B03
:1008B000EED0304A8263002384F84030FFF7FAFD1F
:1008C0000028EED0A06BBDE81040836B18471A6873
:1008D000120403D51A6822F400421A6090F82530F9
:1008E000012BD5D0234A8263002384F84030FFF7E0
:1008F000E1FD0028D5D0E06BBDE81040836B1847C0
:1009000094F8412094F841201A6822F0FE021A60FF
:100910009A69920748BF98629A69D10703D49A6985
:1009200042F001029A6194F84120602A10D02022FE
:1009300084F841209A6992060AD59A69D00605D5AD
:100940001022DA61626C42F0040262642022DA61F1
:1009500000218FE71A6822F480421A60A5E720225E
:1009600084F8412084F84030236310BD0000FFFF6D
:10097000C9220008D90F000830B40368202282B0D1
:10098000DA6190F84120212A90F841204AD0222AA9
:1009900056D05A68324C002522405A60314C45638B
:1009A000CD06C46205D51022DA61426C42F0040221
:1009B000426490F84120602A2DD09A69910744BF83
:1009C00000229A629A69D20703D49A6942F001021E
:1009D0009A61436C90F84120602A0BD053B990F88B
:1009E0004120212A0AD090F84120222A06D002B0C4
:1009F00030BC7047416C02B030BC11E7202280F857
:100A00004120036390F8422080F8403080F8423063
:100A100002B030BC70474C07CFD55A6AD2B20192AF
:100A2000019ACAE702F028021C68282A14BF6FF056
:100A3000F2026FF04202224011241A600463A8E718
:100A400090F841201C6802F02802282A14BF6FF099
:100A5000F4026FF04402224012241A60046398E703
:100A600000E800FE0000FFFF38B590F84030012B91
:100A700000F085800123CD06044680F8403001D582
:100A8000D00659D40D063AD550064DD523681A68BC
:100A900022F040021A60628D92B2002A71D058682A
:100AA000628D92B2FF2AC0F3090078D8618DE26AA4
:100AB00089B212F5803F218500F082805FFA81FCC7
:100AC000E26A4FEA0C4C42EA0C020243404D58687D
:100AD00022F00042284002435A60628D521A92B2BC
:100AE000628594F84120222A1A680CBF42F4004221
:100AF00042F480421A60002084F8400038BD4D0660
:100B000012D5500610D5638D9BB2002B40D12368BF
:100B10005A689201EFD4E26A12F5803F34D15A68E4
:100B200042F480425A60E6E78B06E4D59306E2D5AC
:100B30002046FFF721FFDEE7236826481022DA610E
:100B4000616C626B41F004018242616425D02249EC
:100B50008A4222D021498A4214BF20226022196889
:100B60000A431A609A69910744BF00229A629A69FF
:100B7000D207C0D49A6942F001029A61BBE7022011
:100B800038BD5B689A0103D42046FFF78FFDB2E7BA
:100B900040212046FFF744FEADE76022DFE79A6977
:100BA000D10306D5012121854FF4803C4FF080729E
:100BB00089E7FF2121854FF47F0C4FF0807282E797
:100BC0005FFA81FC4FEA0C4C4FF000727BE700BFEC
:100BD000009C00FC690A000801240008E10B0008E1
:100BE00038B590F84030012B00F0D680012380F812
:100BF0004030CB06044602D5D00600F1A9808B0711
:100C00000BD5900709D52268216D91624FF0FF3313
:100C10002365002084F8400038BD0B063AD5550600
:100C200040F18C8094F84120236802F02802196872
:100C3000282A14BF6FF0F2026FF042020A401A60D5
:100C40001A6842F090021A60628D92B2002A00F097
:100C5000B880628D92B2FF2A40F2A2809869654DF9
:100C6000E16C5A68C0F3004000280CBF4FF47F00CD
:100C70004FF4803002EA0502C1F3090142EA0002A2
:100C800042EA010242F080720CBFFF21012121855E
:100C90005A6040E04B0651D550064FD594F84110AC
:100CA000236855481A6801F02801282914BF6FF0FD
:100CB000F2016FF042010A401A601A684F4942F08F
:100CC00090021A6094F841C0628D92B2BCF1220F7A
:100CD00008BF0846FF2A79D99A69C2F30042002A60
:100CE000E26CC2F309020CBF4FF47F054FF480356C
:100CF00042EA000242EA05025868414D22F00042F1
:100D000000EA050042EA00020CBFFF21012142F087
:100D1000807221855A60628D521A92B2628594F86F
:100D20004120222A1A684FF000000CBF42F4004212
:100D300042F480421A6084F840006DE788067FF52F
:100D400068AF93067FF565AF2046FFF715FE60E7B5
:100D500023682C481022DA61616C626B41F0040157
:100D6000824261641AD028498A4217D027498A42B0
:100D700014BF2022602219680A431A609A699107F9
:100D800044BF00229A629A69D2073FF542AF9A693E
:100D900042F001029A613CE7022038BD6022EAE796
:100DA000618D144DE26C586889B22840C2F3090283
:100DB000CDB242EA0542024342F0007221855A60F8
:100DC000A9E740212046FFF72BFD22E7618DE26C69
:100DD00089B2CDB2C2F3090242EA05420243084D8C
:100DE0005868218522F000422840024342F00072F8
:100DF0005A6090E7009C00FC0020008000240080E6
:100E0000009800FC690A000801240008E10B0008B2
:100E100070B5036804460D461968C06A94F841200D
:100E20002026213ADE61092A0ED8DFE802F06E059D
:100E30000D0D0D0D0DA16E0594F841201A6822F0DC
:100E4000FC021A60222222635A68614E42F4004278
:100E50005A605A6832405A609A69920744BF002229
:100E60009A629A69D60703D49A6942F001029A619C
:100E70004A0435D51A6822F480421A60A26B1AB16E
:100E80001268526892B262856A070AD55A6A636A22
:100E90001A70636A01336362238D25F00405002B09
:100EA0005FD1638D9BB21BB1636C43F00403636439
:100EB000EB0601D5CE0631D4002384F84230666CAF
:100EC0006363002E5FD1E36A424DAB4212D194F8C6
:100ED000413084F84060202384F84130266370BD9F
:100EE0000E04D1D51A6822F400421A60E26B002A7F
:100EF000C6D1C9E72046FFF715FC2023E56284F838
:100F0000406084F84130266370BD94F841201A682F
:100F100022F0FA021A602122226395E7638D9BB2C8
:100F2000002B3DD194F84130282B48D094F8412033
:100F30002368292A4FF01002DA61BDD110F5803FF5
:100F4000BAD09A69910744BF00229A629A69D2077F
:100F500003D49A6942F001029A612046FFF7E2FB4E
:100F6000AAE7013B2385638D013B9BB2638598E72C
:100F700094F8412094F841201A6822F0FE021A6089
:100F80000022226360E7616C2046FFF749FC94F879
:100F90004130282BA3D129462046BDE870400BE400
:100FA00023681022DA61636C43F00403636430F059
:100FB000807381D1616C2046FFF732FC7CE7B0F191
:100FC000007FB3D129462046FFF7F6FB74E700BF48
:100FD00000E800FE0000FFFF836A9A6B0AB100215F
:100FE0009163DA6B0AB10021916393F84120602A82
:100FF00009BF00220022202183F841101A63002239
:1010000083F84020704700BF264A9368D26813F0E7
:101010000C0305D00C2B32D0042B3ED12248704754
:10102000204A1168090754BFD2F8942012681F495A
:1010300054BFC2F30322C2F3031251F82200002B63
:10104000EDD0184BDB6803F00303022B23D0184AC2
:10105000032B08BF1046134BD968DA68DB68C3F36B
:101060004163C2F30622C1F30211013300FB02F215
:1010700001315B00B2FBF1F2B2FBF3F0704702F01A
:101080000302012ACCD0074BDB6803F00303022BD9
:101090004FF00000DBD10448DDE7082B044818BFFF
:1010A00000207047001002400024F400702F010857
:1010B00000127A0021498B6DDB0082B01CD5204BD9
:1010C0001B6803F4C063B3F5007F29D080282ED8B5
:1010D00031D0A0F17002B2FA82F2520919490B68BC
:1010E00023F0070313430B60086800F00700801A21
:1010F00018BF012002B070478B6D114A43F0805336
:101100008B658B6D03F080530193019B13688A6D8F
:1011100003F4C06322F08052B3F5007F8A65D5D115
:10112000802806D9A0288CBF02220122D6E70322FC
:10113000D4E70022D2E70222D0E700BF001002402D
:101140000070004000200240414A036830B4D46877
:10115000A40707D0D46804F003049C4246D00120C1
:1011600030BC7047022B52D0032B49D0012BF6D153
:1011700012689207F3D5364CE26822F073021343EB
:101180004268013A43EA0213E360314C314A236872
:1011900023F080632360D56E03E0D36E5B1B022BCC
:1011A00039D823681B01F8D483681B02002934D185
:1011B0002169C56821F0784121F4FE4143EAC56305
:1011C0000B43236122490B6843F080630B60D46EAC
:1011D00003E0D36E1B1B022B1DD80B681B01F8D537
:1011E00082690B69134300200B61B9E7002CB6D06C
:1011F000D3684268C3F3021301339342AFD1C4E70B
:101200001468A403B7D412685203A8D5B3E71268D0
:101210005505A4D5AFE70320A2E7012921690BD02A
:1012200021F0C06121F4FE41194343695B08013B91
:1012300041EA43612161C5E721F4C00121F4FE4187
:101240000B4301694908013943EA41532361B9E776
:101250000010024088000020704700BF704700BFA8
:10126000836A19684A6822F003024A601A6E4FF0D6
:10127000010C42F010021A6683F85DC0704700BF8F
:101280000368806A1A6812F0200228D10368A0F867
:101290005A2053E8002F22F4807243E800210029ED
:1012A000F7D103F1080252E8002F22F0010203F106
:1012B000080C4CE800210029F3D103F1080252E8A0
:1012C000002F22F0400203F1080C4CE80021002915
:1012D000F3D12022C0F88020026E012A03D000231F
:1012E0004366036E704753E8002F22F0100243E874
:1012F00000210029F3D053E8002F22F0100243E828
:1013000000210029EFD1EAE7836A01225A661B6EA9
:10131000704700BF836A0022A3F85A20A3F8522026
:10132000704700BFD0F88010B0F85C300268222906
:1013300005D0138B9BB243F0080313837047918C45
:10134000426D0B401370B0F85A30426D013B9BB2B6
:10135000A0F85A30B0F85A3001329BB24265002BE7
:1013600045D110B4036853E8002F22F4907243E88B
:1013700000210029F7D103F1080252E8002F22F0E2
:10138000010203F1080444E800210029F3D1184ABE
:10139000816620249342C0F88040416612D05A688A
:1013A00011020FD553E8002F22F0806243E800219C
:1013B00041B1016851E8002F22F0806241E8002429
:1013C000002CF7D1026E012A0ED10022026653E8EA
:1013D000002F22F0100243E800210029F7D1DA693A
:1013E000D20601D510221A625DF8044B704770478F
:1013F00000800040D0F88010B0F85C3002682229EC
:1014000005D0138B9BB243F008031383704710B4CD
:10141000948C416D234021F8023BB0F85A3041656D
:10142000013B9BB2A0F85A30B0F85A309BB2002B67
:1014300040D152E8003F23F4907342E80031002984
:10144000F7D1016801F1080353E8003F23F00103DD
:1014500001F1080C4CE80034002CF3D12023C0F833
:101460008030164B84669942446611D04B681C024A
:101470000ED551E8003F23F0806341E800343CB1D1
:1014800052E8003F23F0806342E80034002CF7D19B
:10149000036E012B0ED10023036651E8003F23F0B9
:1014A000100341E80032002AF7D1CB69DB0601D5F1
:1014B00010230B625DF8044B704700BF00800040B2
:1014C00010B418B10C4B04689C4208D00B4B0C4A6A
:1014D000D3F880300B495DF8044B00201847032AED
:1014E00002D9064B084AF3E702EB820200EB8200C6
:1014F0005DF8044B416070470FB03713880000203F
:10150000986E0108B06E0108B86E010810B418B1E9
:101510000C4B04689C4208D00B4B0C4AD3F880302B
:101520000B495DF8044B00201847032A02D9064BEB
:10153000084AF3E702EB820200EB82005DF8044BFD
:10154000018170470FB0371388000020986E0108A2
:10155000B06E0108B86E010810B418B10C4B0468E5
:101560009C4208D00B4B0C4AD3F880300B495DF8F5
:10157000044B00201847032A02D9064B084AF3E718
:1015800002EB820200EB82005DF8044B4181704760
:101590000FB0371388000020986E0108B06E010864
:1015A000B86E010810B418B10C4B04689C4208D006
:1015B0000B4B0C4AD3F880300B495DF8044B0020EC
:1015C0001847032A02D9064B084AF3E702EB8202C6
:1015D00000EB820001755DF8044B70470FB03713C4
:1015E00088000020986E0108B06E0108B86E0108EE
:1015F00010B418B10C4B04689C4208D00B4B0C4A39
:10160000D3F880300B495DF8044B00201847032ABB
:1016100002D9064B084AF3E702EB820200EB820094
:101620005DF8044B818170470FB0371388000020AC
:10163000986E0108B06E0108B86E010810B418B1B8
:101640000C4B04689C4208D00B4B0C4AD3F88030FA
:101650000B495DF8044B00201847032A02D9064BBA
:10166000084AF3E702EB820200EB820081735DF827
:10167000044B70470FB0371388000020986E0108A4
:10168000B06E0108B86E010810B418B10C4B0468B4
:101690009C4208D00B4B0C4AD3F880300B495DF8C4
:1016A000044B00201847032A02D9064B084AF3E7E7
:1016B00002EB820200EB82005DF8044B017470477C
:1016C0000FB0371388000020986E0108B06E010833
:1016D000B86E010810B418B10C4B04689C4208D0D5
:1016E0000B4B0C4AD3F880300B495DF8044B0020BB
:1016F0001847032A02D9064B084AF3E702EB820295
:1017000000EB82005DF8044B417470470FB0371353
:1017100088000020986E0108B06E0108B86E0108BC
:1017200010B418B10C4B04689C4208D00B4B0C4A07
:10173000D3F880300B495DF8044B00201847032A8A
:1017400002D9064B084AF3E702EB820200EB820063
:10175000C1745DF8044B70470FB037138800002048
:10176000986E0108B06E0108B86E0108B1F804C0A7
:1017700093680A899A80BCF1000C18BF4FF0010CE5
:10178000CA7983F800C091F806C083F801C09A7046
:101790009860704703460068D3F8E8104268C3F8C1
:1017A000F0101047D0E90F23816B0069184700BF84
:1017B0000068C368184700BF704700BF00688368AF
:1017C000184700BF2DE9F047D0F800800546B8F172
:1017D000000F1ED0D8F898700FB3124E07F14804CE
:1017E0004FF00009583754F8040F18B1B36F9847F9
:1017F000C4F80090A742F6D1D8F89800B36F00B1B2
:101800009847B36F40469847B36F2846BDE8F04706
:101810001847044E2846B36FBDE8F0471847014EFD
:10182000EFE700BF88000020F8B505460088002AD1
:101830001C460CBF4FF400534FF48053B0F59C6F1F
:101840000E460FD300F151077F008342BFB236D25C
:101850001C4B1D4AD3F880301C49002098474FF09C
:10186000000C03E040F662274FF0010C1849194ABA
:10187000C4E9011202F11912E26002F119122261A7
:101880002346002262805122A28223F8167B296817
:101890006A68A868EF68C4F816105A609860DF603C
:1018A0002969A8696A699861196196E803005A6113
:1018B000AA8B9A83343484E803006046F8BD4FF065
:1018C000010CD3E788000020D06E0108F06E0108FB
:1018D0000100020003001B002DE9F047C36D87697A
:1018E000056900247C8081461C7000F14806A046F2
:1018F00056F8043FFBB1B3F838C0B3F89400B3F81E
:101900009610B3F8DC2005EB400005EB410105EB38
:10191000420205EB4C0CC3E91301C3F8A820C3F83D
:1019200014C03C701868D3F8E020416883F8E88060
:10193000C3F8E42088470134E4B2042CD8D1D9F8A4
:101940000000BDE8F0474368184700BF70B5044683
:10195000806980B1E3694BB1104B93F888202AB1BC
:10196000D3F880300E4A0F49012098472068BDE81F
:10197000704083681847094D0B4AD5F880300949F3
:101980009847E36943B195F888302BB1D5F880309A
:10199000034A044901209847002070BD88000020B8
:1019A000046F0108146F0108246F010830B4026944
:1019B000B0F8423090F8381032F81330032908BFDD
:1019C00083F4004340F2E51101FB03F31B0C816C2F
:1019D0008446A3F589700880BCF83C10DCF84C0004
:1019E00032F8111039B1BCF8401032F81110012949
:1019F00094BF002101210170BCF83E00BCF83A10F0
:101A0000DCF8505032F8111032F81020DCF8544055
:101A100040F2E51000FB02F2A3EB12431BB2002BD5
:101A2000BCF94420DCF80000B8BF5B421BB29A420C
:101A3000A1F10102B2FA82F2ACBF002301235209E4
:101A40002A70237030BC4368184700BF0068C36821
:101A5000184700BF836910B50446CBB10E4B93F80D
:101A6000882052B963698BB10B4B0C4AD3F8803094
:101A70000B4900209847002010BDD3F88030094A58
:101A80000749012098476369002BEDD1012010BD63
:101A9000C369002BE2D1E5E788000020786F0108D8
:101AA0005C6F0108406F01080068C368184700BFF9
:101AB00000688368184700BF70B5114E114A33683B
:101AC000A2FB03239B09013BB3F1807F01D30120DB
:101AD00070BD4FF0E0220C495361F02381F82330B0
:101AE000002507230F28956104461361EFD80146AE
:101AF0004FF0FF300AF074FE7460284670BD00BFDE
:101B000000000020D34D621000ED00E0F0B5884BDE
:101B100002689D68DE680446D00683B005F00C05B7
:101B200006F0030640F12981002D40F0F180804B42
:101B30001B68990700F159817D4B276A1A681207C3
:101B400056BFD3F894301B681B0903F0F0039F4283
:101B500000F2D081764B1A6842F008021A601A68C7
:101B600022F0F0023A431A605A68E16922F47F4297
:101B700042EA01225A60002D00F0F081FFF744FA9A
:101B80006B4B9A686B4BC2F3031213446A4A93F887
:101B9000303003F01F0320FA03F350681360FFF79F
:101BA0008BFF002840F026812268D00700F1E980F1
:101BB00090071DD50C2D00F0B581E3685C48002B23
:101BC00000F06F81036843F4807303605B4BDE6E4B
:101BD00004E0D96E891B022900F23E8101684905A3
:101BE000F7D54368216923F0F85343EA0163436062
:101BF000160716D563694E48002B00F00981D0F80E
:101C0000943043F00103C0F894304C4BDE6E04E096
:101C1000D96E891B022900F21F81D0F89410890720
:101C2000F6D550073DD5424B996DC90000F137817B
:101C3000996D41F0805199659B6D03F0805301933C
:101C4000019B01203E4E3368DF0540F1F7803B4B9E
:101C5000A168012900F03481052900F09381344EF8
:101C6000D6F8907027F00107C6F89070D6F89070FB
:101C700027F00407C6F89070002940F02881D3F8B7
:101C80006CC041F2883705E0D96EA1EB0C01B94276
:101C900000F2E280D6F890108907F5D4002840F0D1
:101CA0005781970616D5636A2149002B00F03E81C3
:101CB000D1F89820214B42F00102C1F89820D86E4B
:101CC00004E0DA6E121A022A00F2C680D1F89820D7
:101CD0009607F6D5A36ACBB1022B00F061810C2DDB
:101CE00000F087801249154B0A6822F080720A6062
:101CF000D86E04E0DA6E121A022A00F2AD800A6889
:101D00009201F7D4CA680F4B1340CB60002071E0FA
:101D10000C2D00F08F80A3690548002B00F09F80F8
:101D20000168064B41F001010160DF6E11E000BF68
:101D300000100240702F01080000002088000020E1
:101D400000700040FCFFEEFED96EC91B022900F2B4
:101D5000838001688907F7D5036843F008030360AF
:101D60000368216A23F0F0030B4303604368E169D1
:101D700023F47F4343EA01234360D30720D5082D92
:101D80003CD00C2D38D06368B3F5803F76D0B3F5E6
:101D9000A02F00F0EA808D48016821F480310160B5
:101DA000016821F480210160002B6CD1884BDF6E2B
:101DB00003E0D96EC91B64294ED801688903F8D4A1
:101DC00097077FF515AF042D7FF4F4AE7F4B1B68AA
:101DD000580501D5E36863B17C4920694B6823F05D
:101DE000F85343EA00634B6002E7A369002B7FF4DA
:101DF000A3AE012003B0F0BD032EC4D1734B1B680A
:101E00009F037FF5D5AE6368002B7FF4D1AEF0E77A
:101E1000D0F8943023F00103C0F894306C4BDE6EA0
:101E200003E0D96E891B022916D8D0F894108F07C9
:101E3000F7D4F6E6012E7FF46EAF78E6336843F40C
:101E400080733360624BDF6E3168C9053FF500AFC8
:101E5000D96EC91B0229F7D9032003B0F0BD016870
:101E60005B4B21F001010160DF6E03E0D96EC91BFD
:101E70000229F1D801688907F8D47EE753490B6835
:101E800043F480330B60524B5048DF6E03E0D96E51
:101E9000C91B6429E0D801688903F8D590E70020C0
:101EA000D0E6036823F480730360494BDE6E03E0E1
:101EB000D96E891B0229CFD801684F05F8D497E65F
:101EC000424ED6F8901041F00101C6F89010D3F8B8
:101ED0006CC03E4E41F2883704E0D96EA1EB0C0194
:101EE000B942B9D8D6F890108907F6D500283FF442
:101EF000D8AE2DE03846FFF7DDF800287FF479AF43
:101F0000324B1A6842F008021A601A6822F0F00296
:101F10003A431A605A68E16922F47F4242EA012298
:101F20005A602BE6022E7FF448AE4FE7D1F8982096
:101F3000274B22F00102C1F89820D86E03E0DA6E38
:101F4000121A022A88D8D1F898209207F7D4C1E64D
:101F50001E498B6D23F080538B65A2E63846FFF750
:101F6000A9F800283FF40AAE43E703F18043A3F544
:101F70003C33196841F480211960196841F48031BB
:101F8000196080E71149D1F8906046F00406C1F865
:101F90009060D1F8906046F00106C1F8906096E735
:101FA0000A4AE66AD36803F00301B14247D00C2D18
:101FB0003FF41FAF05490B685F013FF51AAF0A6890
:101FC000034B22F080720A60D86E08E000100240D5
:101FD00088000020DA6E121A022A3FF63DAF0A6826
:101FE0009501F7D4C868334A0240606B324342EA35
:101FF0000022A06B42EAC062206B013842EA001264
:10200000D4E90F506C08013C4008013842EA4452C0
:1020100042EA4062CA600A68274842F080720A6059
:10202000CA6842F08072CA60D96E04E0DA6E521A51
:10203000022A3FF611AF02689401F7D566E6216BDC
:1020400003F070000139B0EB011FB0D1606B03F4F5
:10205000FE41B1EB002FAAD1A06B03F07841B1EBA8
:10206000C06FA4D1E16B4908013903F4C000B0EBA3
:10207000415F9CD1216C490803F0C0630139B3EB87
:10208000416F94D1136898013FF540AE11680B4B36
:1020900041F080711160D16841F08071D160D86EDB
:1020A00004E0D96E091A02293FF6D6AE11688901FB
:1020B000F7D52BE68C809D0100100240880000209F
:1020C000504AF8B5136803F007038B420BD213682C
:1020D00023F007030B431360136803F007038B42DD
:1020E00001D00120F8BD046814F0020E04F00103D1
:1020F00067D0454E8568B26802F0F002954204D977
:10210000B26822F0F0022A43B260002B64D0426829
:10211000032A5BD03C4B022A1B6869D0002A6CD191
:102120009E07DED5384D394EAB6823F003031343C9
:10213000AB60F76E920041F2883C03E0F36EDB1B6C
:10214000634558D8AB6803F00C039342F6D1BEF157
:10215000000F40D12B4A136803F007038B4209D9C3
:10216000136823F007030B431360136803F007039E
:102170008B42B6D1620706D5234AC168936823F41F
:10218000E0630B439360230707D51F4A01699368F7
:1021900023F4605343EAC1039360FEF735FF1A4905
:1021A0001B4A89681B4CC1F303110A44034692F889
:1021B0003020606802F01F02D3402360BDE8F84081
:1021C0007AE4002BC6D04268032AA3D10E4B1B68C9
:1021D0009B01A7D485E785680B4A936803F0F00359
:1021E0009D42B7D2936823F0F0032B439360B1E78D
:1021F0009F0397D475E70320F8BD5D057FF571AFA8
:1022000090E700BF0020024000100240880000203C
:10221000702F0108000000200CB4F0B5ADB032AB57
:1022200006AE53F8042B059304460D46304696211E
:102230000FF044FE9528C4BF1B4BCDF8AA301B4BB2
:102240001B49DF6EA1FB07311A4BA3FB0723980B39
:10225000194BA3FB07234FEA931C184B4FF47A72D8
:1022600002FB1C77A3FB00E25209042CC2EB021212
:10227000A0EB8202A3FB0CE398BF114800974FEA42
:10228000531394BF005D3F20C3EB03130190CDE9CE
:102290000256490DACEB83030A480FF0E9FD2DB05F
:1022A000BDE8F04002B070472E2E2E0088000020BE
:1022B000B17C219573B2E745D34D62108988888837
:1022C000C46F0108A06F010838B590F840C0C56A16
:1022D000BCF1010F67D04FF0010C11F0200F044644
:1022E0000B4680F840C002D012F0200F51D1D80622
:1022F00015D5D10613D5628D92B2002A55D194F826
:102300004120282A74D094F841202368292A4FF0CC
:102310001002DA615CD0002084F8400038BD590713
:1023200019D4190701D5100739D49907F3D59307A4
:10233000F1D5638D9BB2002B46D0616A236811F8FA
:10234000012B9A62638D228D6162013B9BB2013A3F
:1023500063852285DFE75007E3D5638D9BB26BB1C0
:102360002268636A526A1A70638D616A228D013B2A
:102370000131013A9BB2616222856385638D9BB214
:10238000002BC8D115F5803FC5D02046FEF7CAF90D
:10239000C1E7FEF73DFD002084F84000BEE720467F
:1023A0000BF0ACFEB7E7022038BD23681022DA61DB
:1023B000636C43F00403636435F08073ABD1616CEC
:1023C0002046FEF72DFAA6E735F08073A3D1DCE7AF
:1023D00015F5803F9FD09A69950744BF00229A6205
:1023E0009A69D007D1D49A6942F001029A61CCE788
:1023F000B5F1007F87D119462046FEF7DDF98AE75F
:1024000038B590F840C0C56ABCF1010F46D04FF016
:10241000010C11F0200F04460B4680F840C002D09A
:1024200012F0200F30D1D90626D5D00624D551047C
:10243000C2F3803034D5E16B09B1120435D4A26BFC
:102440001AB112685268002A37D023681022DA6164
:10245000636C43F00403636494F8413035F0807298
:10246000DBB20DD1213B092B4CD8DFE803F04950FA
:102470004B4B4B4B4B4B4950190701D5130709D414
:10248000002084F8400038BDFEF7C2FC002084F82C
:102490004000F8E720460BF031FEF1E7022038BD9E
:1024A000110429D5E16B0029CFD00A685268002AAF
:1024B00030D1A26B0AB100283AD194F84120282AE1
:1024C0002ED094F841202368292A4FF01002DA61B7
:1024D000D6D115F5803FD3D09A69950744BF002225
:1024E0009A629A69D00703D49A6942F001029A610C
:1024F0002046FEF717F9C3E723681022DA61BFE729
:1025000021232363616C2046FEF78AF9B8E7222372
:102510002363F7E7A26B002A97D0002895D090E7B5
:10252000B5F1007FCDD119462046FEF745F9A7E762
:1025300012685268C1E700BF38B5294A0368D56EF2
:102540001B689B061BD4846A2368A268586861686C
:1025500020F0200058609AB15868B1F5827F20F0D1
:102560000100586022D02946204609F0E3FDB0B9A9
:1025700001230022A4F8462084F85D30236E38BD84
:102580005A68B1F5827F0CBF22F0030222F00102EB
:102590005A602946204609F0CDFD0028E8D0236E78
:1025A00043F02003236620232366E1E7B2F5004FC2
:1025B00012D11A6822F0400229461A60204609F01A
:1025C000B9FD0028EBD12A464FF4C061204609F03E
:1025D0004DFD0028CCD0E2E7B2F5806FE9D0C2E72C
:1025E00088000020F8B51B4D0368EF6E1B68846AF5
:1025F0009B062CD42668736823F0200373603A4648
:102600004FF4C051204609F031FD58B939462046F3
:1026100009F090FD30B93A464FF4C061204609F008
:1026200025FD38B1236E43F020032366236E43F06B
:1026300020032366736823F00303736000220123E1
:10264000E287A4F8462084F85D30236E0BB901239D
:102650002B70F8BD88000020F8B595692B7802EB47
:1026600043030F46B3F84460536901466888144633
:1026700003EB400072000FF03FFB6B88E26D1E44DD
:1026800013786E8003B93B791370F8BD2DE9F04FD4
:102690002DED048B038F8DB00546002B00F01581C6
:1026A000B0F84030428F0469B0F850E007925B0008
:1026B0000293838FC28F34F913300B92BEF1000F57
:1026C00000F003811B010893D0E91223D718B0F85A
:1026D0005200B5F84230DFED8A8ADFF830B201935C
:1026E000FE434FF00008F6EE009A0990C1460496AA
:1026F000CDF828E0834B83FB0710F917C1EBA0014D
:1027000001EB4100A7EBC00000281FFA89F886B250
:10271000C0F2EB80002FC0F2F180089B09B20904DF
:1027200081FB0301002906DA4FF6FF7C10EB0C0C4D
:10273000604641F10001079B000C40EA01409919F5
:1027400034F91110A0EB011007EE900AB8EEE79AE9
:1027500029EE289AB0EE490A0DF0C8FAB0EE408A88
:10276000B0EE490A0CF0D2FE019B002B00F0A280D3
:102770000B9BB5F844A01E4404EB46030020CDE9B2
:10278000059703930646009059E095F838C0BCF1D0
:10279000000F4BD007EE101A07EE903AF8EEC76A1A
:1027A000F8EEE77A26EE806A27EE887A66EE886A87
:1027B00037EE467A67EE807AB5EEC07A77EEA67A83
:1027C000F1EE10FA4CBF37EE697A37EE297AF5EE62
:1027D000C07AF1EE10FABDEEC77A4CBF77EEE97A17
:1027E00077EEA97A17EE103AFDEEE77A5B4517EE21
:1027F000901A47F6FF70B8BF5B468342D5F85490F5
:10280000A8BF03465945B8BF594699F800E0814230
:10281000A8BF0146BEF1000F04D117EE100A98427E
:102820005BD0E64689F800E01BB209B2A352009BD8
:10283000798053440093019B01369E4238D0009B1F
:1028400095F839C008EB5302029B92B203EB820267
:10285000A718A35EB7F90210BCF1000F95D003983A
:10286000B0F800C00CF01F0E0EF1300E03FB0EFE90
:102870004FEA9C23203BCCF3441C01FB03F3BEF145
:10288000000F0CF1300C01FB0CFCB8BF0EF13F0E39
:10289000002BB8BF1F334FEAAE1EBCF1000F0EEB8A
:1028A0006313B8BF0CF13F0C1BB24CF38F116CE7F4
:1028B000DDE90597099B049A1F44D31A04930A9BE8
:1028C00009F1010999457FF415AF286843680DB0F7
:1028D000BDEC048BBDE8F04F184717EE900AB0EB43
:1028E000010E18BF4FF0010E9CE71836B6B2049BDC
:1028F000054AA2FB03016FEA11110EE70026F6E775
:1029000000008037ABAAAA2AABAAAAAA0080FFFFC0
:10291000F8B516460D464FF4E272014618461C46BD
:102920000FF016FAB6F8581021B196F85E30191E5D
:1029300018BF0121012396F85B2084F8C6312B468D
:1029400084F8C52133F8262B84F8C411A4F8C821D3
:1029500005F1560104F5E5721F685E689868D3F8C2
:102960000CC0C2F80CC010338B42176056609060E8
:1029700002F11002F0D1B5F85630A4F8FA3105F1A1
:10298000580604F5FE7E05F18807B446BCE80F0042
:10299000BC450EF1100E06F110064EF8100C4EF864
:1029A0000C1C4EF8082C4EF8043CEED1B5F88830DB
:1029B000A4F82C3205F18A0304F22E24BA351868E3
:1029C00059689A68DE68E6601033AB422060616047
:1029D000A26004F11004F2D1F8BD00BF2DE9F04F60
:1029E0002DED108B9BB090F85E401D4690F85C304A
:1029F0000893042CB0F85830039380468946164655
:102A00001AD8D0ED147AF5EEC07AF1EE10FA00F192
:102A1000F88190F86630002B00F0978290F85B30D8
:102A2000002B00F09282024C024A059407E000BF9E
:102A30008800002010700108C74CC84A0594D4F8DB
:102A40008030C74900209847D8ED157AD4F88C30EB
:102A5000009307EE103AF5EEC07AF1EE10FAB8EEF8
:102A6000478A40F3D281C8EE278AF6EE007A78EEE4
:102A7000A78A039B002B00F0A88198F85E3004938E
:102A800098F85A30002B40F0A78198F86020022A6D
:102A900041F03E8198F85E40012C00F0ED83002467
:102AA000224634990C71A6F8AC21002B00F09981D4
:102AB00098F85F30012B00F01184022B00F0F883AE
:102AC000002B40F0E98301231A46F384328598F8FD
:102AD0006030012B00F0D983022B00F0D583002B4E
:102AE00000F01484059B9F4AD3F880309C49002055
:102AF0009847B9F1000F00F0788100230093B9F8EE
:102B0000E410B9F808307180B9F8E610B180B9F86E
:102B1000E2103180B9F8E810F180B9F80210318183
:102B20009B00B9F8041071819BB2B9F80610B1810D
:102B300003F13002B9F80A10F18192B2B9F820100D
:102B400031825F2AB9F82210718240F2F2818649FF
:102B5000A1FB0201890901EB4101A2EB411189B2FC
:102B600000201A4604460B460121F2820322B3825A
:102B700072830023009A7384B483F0833183318499
:102B80006B800123C5F80A30002A00F06687002711
:102B9000CDE9017706F13E039FED749A9FED74AA8B
:102BA000DFED779ACDE90696B34605F10E0A444665
:102BB0001E46049AFBB29A4200F22A810023AAF828
:102BC0000030AAF8083033800137042F0AF1020AD6
:102BD00006F102060BF1560B04F11404E9D1039B34
:102BE000AA89DDF804E012FB03F26B8992B2134468
:102BF0009BB2DDE90696591C012089B20090B6F817
:102C0000AC01012804D1DDE9020404FB00F00290CC
:102C1000029FB8F8640098F863C098F862B04FF665
:102C2000FF74A74228BF27464408A4F1030A98F876
:102C30006640A6F89EB18CF0010C0338A6F8A6C138
:102C4000A6F8A471A6F8A0E1A6F8A801A6F8AAA182
:102C5000AA81AB80E980002C00F02B81413399B22E
:102C60004024012329802C81A6F8C031B9F1000F3E
:102C700003D0B9F80C30A6F8C231009B002B40F00D
:102C80004281349A98ED145A00231360089BA6F8E9
:102C9000B231039B012B40F23381B8F85830023B2C
:102CA00001229BB29FED336ADFED335A98F85A1038
:102CB000F1EE007AC8EE066A68EE277A68EE255AC9
:102CC00087EE867AC5EE867AB6EE006A76EE866A7A
:102CD00037EE067AFCEEE66AB5EE405AD8ED155AA4
:102CE000A6F8AE31F1EE10FA16EE903A77EE867A4B
:102CF000BCEEC77AA6F8B02114BF01220022FCEE78
:102D0000E77A328798F85B20A6F8B43117EE103ACC
:102D1000A6F8B63117EE903AF5EE405AA6F8B8315B
:102D2000009BF1EE10FA14BF01200020002B40F0B0
:102D3000C28031867286708598F861300F4A00989B
:102D4000C6F8BA210121B184A6F8BE311BB0BDEC92
:102D5000108BBDE8F08F00BF88000020CC6F010809
:102D6000E86F01080C710108ABAAAAAA2549123E16
:102D70008FC2753D0024744900009643FF07010887
:102D800000000000B5EEC07AF1EE10FA00F11583F4
:102D900098F85A20002A00F01383B5EE407AF1EE3D
:102DA00010FA05D1F5EE407AF1EE10FA40F0C88342
:102DB0005FED0D8A059B754AD3F880307449002079
:102DC0009847039B002B7FF458AE039B049398F81D
:102DD0005A30002B3FF459AE349A00231371A6F8F1
:102DE000AC31B9F1000F7FF488AE0123A5F8029051
:102DF0006B81CE4602214A46CDF80890CDF800906E
:102E0000FDE6644C644A059419E6DFED648A30E619
:102E10000123338098F85C90228940F2FF3340F21E
:102E2000FF11B9F1000F18BF0B4652B39A4228D8D0
:102E3000A27B237C42B1022B06D1059B584AD3F8D2
:102E40008030DDE9069622E0E07B002840F04982F0
:102E5000012B00F0AF80059B524AD3F880304C49DB
:102E60000090DDE906969847DDF804E0039BAA8907
:102E700012FB03F26B8992B213449BB2591C89B2C4
:102E8000BDE6059B484AD3F88030DDE90696404907
:102E900000209847039BAA89DDF804E012FB03F2A7
:102EA0006B8992B213449BB2591C002089B20090E6
:102EB000A5E62346D6E6B5EE405AF1EE10FA0AD062
:102EC000C8EE057A77EE867AFCEEE77A17EE903A4E
:102ED000B3871B0C7387002361F30F03F5EE405A91
:102EE00062F31F43F1EE10FA708533633FF424AFB1
:102EF000FCEEE87A17EE903A1A0CB285F3851BE7E0
:102F000000221346CEE698F85D30072B15D8274CE3
:102F10009FED229A234493F84430A6F8A231349BC3
:102F200083ED009A049B002B40F04D8298ED145ADB
:102F3000ACE603200124002117E6349A98ED145AD8
:102F40000023136000230093A0E6012C40F2EA81E5
:102F500098F80F104246012303E00133A34200F02A
:102F6000E181084692F82310814202F11402F4D262
:102F7000084F0F4AD7F88040054905970020A04721
:102F8000D8ED157AD7F88C3062E500BF7070010873
:102F9000E86F010888000020FC6F010800000000B5
:102FA0003C710108687101082C710108702F01083B
:102FB0003C7001086FF00B030993E288A3880A9222
:102FC000182A009340F29D8202EB820303EB031365
:102FD00003EB032302EB4303C3F3CC0242EA433384
:102FE0009BB240F6AA22934200F2DE82B24B0A9ACA
:102FF000A3FB02231B090E93013B9BB215935C2399
:103000000D9318230B930098002840F0E084059B53
:10301000AA4AD3F88030AA499847B9F1000F00F0C6
:10302000C9844FF000090222009B099913FB02F2A8
:1030300092B20092226811440A460C910A99013B0F
:1030400001FB0323099302F5C34328334CF25032AA
:10305000934208D9059B9B4AD3F8803098490020B9
:1030600098474FF00009099B03F5C34328334CF2FE
:103070005032934208D9059B934AD3F88030904947
:10308000002098474FF000090C9A002AC0F24283B2
:103090008E4880FB0230D217C2EBA00000B2099B21
:1030A000002BC0F22B83894981FB0331099BDB177D
:1030B000C3EBA101119309B280B2091A0C9B0F90C6
:1030C000824880FB03C0C2EBA00288B209B20E9B0B
:1030D0001091B0FBF3F0411C0A901FFA81FE0B988F
:1030E0001821B1FBF0F30E930C9B02EB4202B3EB01
:1030F000C20200F1FC8213B2139393B20C93099AAB
:103100007248119B0B9980FB020CC3EBAC0303EBE1
:10311000430C0C9BB3FBF1F001FB103081B2B2EB1E
:10312000CC03099100F100831AB219929BB20E9A56
:103130000B98511E099A89B21891BEF1010F11FB2B
:10314000002189B200F0F682099A0C98824240F080
:103150000483994200F058840023012213931692AD
:10316000149312920E930C9B9A00099BABF8822049
:103170009B00ABF88430B9F1000F40F0FA826C2369
:10318000179336230C937D223D234FF00009ABF8B3
:103190007C300F9BABF87A200C9A1099C3F129036D
:1031A00013441AB21192521A9BB2292A0F9308DCC7
:1031B000059B474AD3F880304149002098474FF09B
:1031C0000009119B179A934208DB059B414AD3F8EB
:1031D00080303B49002098474FF000090D9B2C2B75
:1031E00000F212821E2B40F2E8831E3B0F229BB29C
:1031F0000D92ABF89A30159B0C99ABF89430139B59
:10320000ABF87E10ABF88E300F990A9BABF88010AC
:103210000D99ABF89610ABF89820002B40F0D281B6
:10322000149B002B0E9B08BF00230E93129B002BB8
:1032300000F0DD83099A199B9B1A0B9A93FBF2F31A
:103240009BB2169AABF89220ABF88C300E9AABF882
:1032500088200023ABF89030ABF88A300A9BABF89B
:103260008630B9F1000F40F0BF82CDF80090DDF854
:1032700004E0DDE90696F9E598F81020013A012A04
:103280007FF60DAC22460CE400237363B9F1000F06
:1032900042D00123009332E4059B0F4AD3F88030DB
:1032A000074900209847B9F1000F7FF426AC9CE550
:1032B00000231A4609E400BFABAAAAAAB471010808
:1032C000E86F01080072010814720108ABAAAA2A6B
:1032D0004872010868720108EC7001080022FFF7CB
:1032E000F4BB013B042B00F23B8501A252F823F012
:1032F000B52F0008393500080533000831350008BE
:10330000053300086FF00C03099356E64FF00113E4
:103310007363B9F1000FBCD100236B800123C5F8A2
:103320000A3034E4BA4B98ED157A0593D3F88C3013
:10333000009306EE903AB5EEC07AF1EE10FAB8EED0
:10334000668A7FF71FADC8EE078AF6EE007A78EE40
:10335000A78A18EE900A0FF07FFC59B1059BAD4A81
:10336000D3F88030AC4900209847039B002B7FF4B2
:1033700084AB2BE598F85A20002A7FF41BAD039B01
:1033800098F85F10002B98F8603014BF204600209A
:103390009942049008D9059BA04AD3F880309E49F1
:1033A00000209847FFF76CBB022B00F0BB84349BD6
:1033B0001A71A6F8AC21FFF77BBBDFED998ACDE748
:1033C000DFED978ADBE7B6F8AC31B6F8A421012B24
:1033D00000F0CC8007EE902ADFED929AB8EE67AA53
:1033E000B7EE089AF2EE02DA059B9FED8F0AD3F84A
:1033F0008C30019307EE903AB8EE67FA80EE0F0A30
:103400000CF032F998F86030022B2FEE00FA00F23F
:103410001F8104EB830498F85E3094ED13EAD4ED39
:1034200016FA002B00F02681009BDFED7DEA9FED70
:103430007FBA9FED7FDADFED7FCA9FED7FCADFEDB8
:103440007FBADFED7FAADDF8149044460025227C88
:10345000052A00F29280022A40F29A804FF0300A48
:103460000827E27B052A00F27084DFE802F03E4183
:103470003B034744F0EE4B7A8FEE276A228998F897
:103480005E1002FB077702377F00BFB2A2880135CA
:1034900014349FED6C7AC6EE076A07EE90AAF8EE38
:1034A000677A87EEA66A07EE907AF8EE677A87EE7B
:1034B000A67A07EE902AF8EE677AEAB267EE277AE4
:1034C000914277EE867A77EEA97A77EE897A7EEE68
:1034D000A7EABCD898ED145A002B40F0CF80009397
:1034E000FFF7D4BBF0EE6A7AC6E7F0EE6C7AC3E77A
:1034F000F0EE4D7AC0E7F0EE4C7ABDE7F0EE6B7A75
:10350000BAE70A9A002A4FD01823B3FBF2F302FB62
:1035100003F3C3F118039BB21593002B44D10A9A0D
:103520000B92531E9B009BB20D9301230E936AE5F1
:103530006FF00F03099340E56FF0060309933CE534
:1035400098F85F2098F860309A427FF431AC039B82
:10355000349ADFED338A002B14BF234600230493F3
:1035600000231371A6F8AC31FFF7A2BAF0EE499A26
:10357000F0EE49DAB0EE49AA36E7D9F88030324A9F
:103580002549002098474FF0180A0427002368E7D0
:10359000012A05D0022AF0D14FF03C0A0A2760E741
:1035A0004FF0480A0C275CE7059B284AD3F8803087
:1035B00019490020984700230122CDE90D321593C7
:1035C0000B922AE5149B002B0E9B08BF00230E9341
:1035D000129B33B1099A199B9B1A0B9A93FBF2F336
:1035E0009BB2ABF88C300A9B169AABF89220013B49
:1035F0000E9AABF888209BB2189A0A930123ABF875
:103600008A20ABF8903029E600230D931A46F0E5A6
:10361000880000205C700108E86F01089C700108B8
:10362000000000009A999D41F902154F0000904357
:1036300000002043000000430000F0430000C043AE
:10364000000040430024744990710108A0710108F2
:10365000059BC04AD3F88030BF490020984798F8AE
:103660005E30002B00F0F481DFEDBCFA0023B0EEF9
:103670006FEADAE698ED145ADFEDB8EA9FEDB87A12
:10368000DFEDB86A349BCFEE077AB1EE0C7AC7EE65
:10369000A65A2AEE07AA7FEE8EFACAEE257A9FED89
:1036A000B27A77EEAD7AB0EE006A77EEAE7A77EE68
:1036B000AF7A27EE877A37EE067A77EE277A86EEAC
:1036C000A77AB4EEC57AF1EE10FA83ED007A7FF5B1
:1036D000DDAA059BA54AD3F880409F49FDEEC77A35
:1036E000002017EE903AA047002300931EE402F159
:1036F000180083B20C9303B2139300E509999C4B15
:10370000C943A3FB0131099B6FEA1111DB1709B211
:103710001193D1E40C9A964BD043A3FB00306FEA8F
:10372000101000B2D217BAE403F1180002B283B24B
:103730001992FCE40C98824200F0638100220A9204
:1037400016921292139A9B1A0B9A93FBF2F39BB266
:103750000E930123CDE9133305E5994200F05E8114
:103760000A9B013B9BB20A930123169312930B46CB
:10377000E8E7E37B052B00F21983DFE803F01A1377
:103780000C032B214FF486731793D6230C9340F22E
:103790001D128D23FBE4AC23179376230C93BD22DB
:1037A0005D23F4E48C23179356230C939D224D2321
:1037B000EDE46C23179336230C937D223D23E6E43E
:1037C0004FF4E67317934FF4CB730C9340F2DD1272
:1037D000ED23DCE44FF4B67317934FF49B730C9313
:1037E00040F27D12BD23D2E4A37A172B00F20181AF
:1037F000092B00F21F81C3F109039AB21523ABF81C
:103800004630069BABF84820002B00F0608203EBAB
:1038100042029389ABF84A30237C013B042B00F22F
:10382000A682DFE803F0BC7703AB85004FF0000908
:103830004FF400724FF4C063CDE909234FF0C00E7E
:1038400002204FF0040C08214A464B46ABF86E00AC
:103850000A98ABF856000998ABF870C0ABF858005E
:10386000ABF84E10ABF85010ABF852E0ABF854E0A8
:1038700098F85D10B9F1000F00F00A81002B00F0FC
:103880000781022900F27C813A4B0B4493F84030C7
:10389000ABF85A30069B002B00F01D810023ABF8DB
:1038A0005E300123ABF86A30069B0021D3E932EC8D
:1038B000D3F8C4900B460EEB1140A0EB09009042E8
:1038C000614480F2328201330F2BF4D1069AABF8B7
:1038D0006030D2E936E303EB83020EEB1242F92AA1
:1038E00000F3F181062003FB00F0052103E0BCF1A9
:1038F000FA0C40F1DC810A46013189B214290EEB41
:10390000104C1844F3D1059B1B4AD3F88030DDE9F5
:1039100006963BE100214FF40073CDE909134FF007
:10392000400E03204FF0020C08219622FA238DE767
:103930004FF000094FF4F0504FF47853CDE90903EC
:103940004FF4F86E02204FF00B0C08214A464B460C
:103950007CE700BF0C710108E86F0108000000005F
:1039600000002043002474490AD7233CE472010874
:10397000ABAAAAAA702F0108B87201084FF000097B
:103980004FF4C06C4FF46063CDE909C34FF4E07E9F
:1039900002204FF0060C08214A464B4656E7069B8C
:1039A0009B8C0422082BCBF86E205DD9DDE90696AE
:1039B000FFF770BA0422FFF737BB0D9B0F2B32D9EC
:1039C000A3F10F020F230D9392B2002311E4B9F17A
:1039D000000F2CD1237B002B35D0059BC64AD3F892
:1039E0008030C649484698470422FFF71DBB0A9B12
:1039F00027E4059BC24AD3F88030DDE90696FFF73D
:103A000046BA99427FF49AAE0023CDE91333CDF83C
:103A100028E0169312930E93FFF7A5BB002316938D
:103A200012930B468EE600221346FFF7E2BB0222FA
:103A3000FFF7FABA102B94BFC3F11E03C3F11703AB
:103A40009BB20022DBE64FF001090422FFF7ECBA3B
:103A500098ED145A0093FFF719B900980290864622
:103A600002210246FFF7CBB8ABF84E30ABF850302E
:103A700040230022ABF85230ABF854304FF40073BF
:103A8000ABF85630ABF8582098F85D1013469146C5
:103A9000072975D89B48014491F84410ABF85A1097
:103AA0000699C1B10021ABF85E10B9F1000F40F0EA
:103AB0008480ABF86A90ABF86090ABF85C90ABF8A0
:103AC0006290ABF86890ABF864904A460023ABF87C
:103AD0006620ABF86C302389E27AABF87620012BB4
:103AE00068D0023B9BB20121ABF87230A37BABF8EC
:103AF0004C3083F00103ABF87410ABF878300099C8
:103B0000AB89AAF800300B44AAF80810AB81A3884F
:103B1000217C06EE903A2389012907EE103ABBF882
:103B20006E302AD0022914BFF0EE695AF0EE4A5ADC
:103B300001339BB207EE903AF8EE677AB1EE006A75
:103B4000F8EE666A67EE867AB8EE477A67EEA67A8E
:103B50000198029B67EE877A014667EEA57A0028F6
:103B600008BF114667EE897A0191FCEEE77A17EEFD
:103B7000902A13440293FFF727B8DFED635AD7E783
:103B8000059B624AD3F88030DDE906965B49002048
:103B90009847039BAA89DDF804E012FB03F26B89C6
:103BA00013FA82F39BB2591C002092B289B20090A2
:103BB000FFF725B80023194696E70121ABF86A10F4
:103BC000002B7FF471AEABF8603019461A46ABF8A3
:103BD0005C200022ABF86220ABF868204BBBABF84E
:103BE00064301A4602EB0109069AD2E92FE1CE456C
:103BF0001DDA0846002202F1010C09921FFA8CF22C
:103C0000162A3FF480AE0EEB104CBCEB090C0844B6
:103C1000F1D4002B7FF45AAF099800FB01F10EEBB1
:103C20001143A9EB03039C45C8BF02464EE700229F
:103C30004CE7069BD3E9349C894546DA1346624635
:103C40009E4601339BB2162B3FF45DAE09EB12404A
:103C5000401A6244F4D40CFB0EF209EB12428A1AA9
:103C60009042D8BF9E460699BBF86020D1F8CC3070
:103C7000BBF85C00099002FB03F3D1F8C820ABF855
:103C800064E002EB13420B46D1F8C410521AD3E998
:103C900036303FF538AE09990CFB0EFE00FB01F102
:103CA00003EB114309EB1E401918FA239AE702FBB4
:103CB00003F30EEB1343C3F1FA039C45D8BF0A4646
:103CC000FA210B4683E70522FAE79646CBE7069BE7
:103CD000ABF84A30237C013B042B48D801A252F8B0
:103CE00023F000BF2F3D0008153900082D380008CB
:103CF0007D39000831390008C8710108E86F0108F2
:103D000080720108702F0108CDCC4C3E98720108DA
:103D1000349A1371A6F8AC31B9F1000F7EF4EDAE10
:103D2000FFF763B80123FEF7B7BE9BB2CEE54FF0B5
:103D300000094FF40073CDE909934FF0400E0420C1
:103D4000CC4602214A464B4680E5D9F880301C4AD1
:103D50001C4900209847DFED1C7A0023FFF78CBB3D
:103D6000059B1A4AD3F88030DDE906960EE7059BDD
:103D7000164AD3F8803013490020DDE906969847AB
:103D8000AA89039BDDF804E012FB03F26B8956213C
:103D900013FA82F301FB076100209BB2C1F86E00A9
:103DA000591C92B2009089B2FEF729BF059B044AC4
:103DB000D3F88030034900209847FFF7E0B900BFEF
:103DC0003C720108E86F010800000043907101088F
:103DD00070B5FEB04FF4E27204460D460DA8002106
:103DE00003AE0DF087FB00960DAA05AB002120461F
:103DF000FEF7F4FD08B97EB070BD94F85B202B4649
:103E0000314605A8FDF710FD7EB070BDBFF34F8FA2
:103E10000549064BCA6802F4E0621343CB60BFF366
:103E20004F8F00BFFDE700BF00ED00E00400FA0582
:103E300030B4224BD3F89020D36813F00803FBD1A1
:103E4000946A156911685268C1F3015000EB800053
:103E500001F07F32C1F3034111EB400118BF184B51
:103E600022F0FE4218BF4B43C2F3023101EB810145
:103E7000C2F3032010EB41001CBF4EF6602101FB92
:103E80000033C2F3021101EB810102F00F0212EBC9
:103E90004102C5F30E0518BF4FF47A71A5EB04007B
:103EA00018BF01FB02334FF47A72013502FB00F0B8
:103EB000B0FBF5F030BC1844704700BF880000200C
:103EC00080EE3600FEE700BFFEE700BFFEE700BF62
:103ED000FEE700BFFEE700BF704700BF704700BFAE
:103EE000704700BF024AD36E0133D366704700BFEC
:103EF000880000200C4B0D49D3F890204FF480101F
:103F00004861D168490503D4012283F8B120704784
:103F1000D168C9B261F49061D1600120012283F8B7
:103F2000B40083F8B12070478800002000040140ED
:103F3000034B5A69120744BF08225A61704700BFF9
:103F4000000401400148FCF7D9BA00BF400100203D
:103F50000148FCF7D3BA00BF880100200148FCF7F4
:103F6000CDBA00BFD00100200148FCF7C7BA00BF9E
:103F700018020020084810B4D0F8D831D0F80C420C
:103F800099691A682CB1234600F5EC705DF8044B72
:103F900018475DF8044B704788000020034B5A69AE
:103FA000120544BF4FF400625A617047000401409B
:103FB000034AD2F8883043F47003C2F8883070475F
:103FC00000ED00E030B52B4D8DB02C22002101A872
:103FD0000DF090FAD5F82C42002C43D0FFF728FFC3
:103FE000254BD5F89C1003910444A3FB0423234ADA
:103FF0005B0D02FB1344224AA2FB0402920B4EF615
:10400000602505FB12448DF805201E4A1E48A2FBC0
:104010000352120902EB4202A3EBC2038DF80430F3
:10402000A0FB04239B094FF47A7202FB134401FBAB
:104030000444A0FB04048DF80630A1EB94114FF466
:1040400080704FF000424FF0606302910B90069237
:10405000089308F0C3F818B901A808F053FA38B16A
:10406000FFF7D4FE08F0BAF80028F9D185F830023D
:104070000DB030BD88000020B17C219580EE360067
:1040800073B2E745ABAAAAAAD34D621010B5164C7D
:10409000164AD4F890304FF4802151619A68D204C6
:1040A00002D5DA68D00512D49A68910402D5DA688C
:1040B000920503D4012384F8B13010BDDA68D2B27E
:1040C00062F42072DA60012384F8B13010BDDA683E
:1040D000D2B262F4C072DA60012184F83012FFF7C4
:1040E00071FFD4F89030DFE7880000200004014021
:1040F000F0B504680546200583B000F1F380002682
:10410000A1034ED5A34B9A6DD20040F1F580002754
:10411000A149A24A0B6843F480730B60D06E04E09F
:10412000D36E1B1A022B00F200810B68DB05F7D55A
:10413000A6BB9849A86DD1F8903013F4407325D0F0
:10414000834223D0D1F890C0D1F8903043F480332B
:10415000C1F89030D1F8903023F48033C1F890301A
:104160001CF0010F2CF44073C1F890300ED0D2F83F
:104170006CE041F2883C05E0D36EA3EB0E0363458F
:1041800000F2D380D1F890309B07F5D5814AD2F860
:10419000903023F440730343C2F89030002F40F076
:1041A000C880E10708D57B4A296AD2F8883023F015
:1041B00003030B43C2F88830A20708D5754A696A21
:1041C000D2F8883023F00C030B43C2F88830630721
:1041D00008D5704AA96AD2F8883023F030030B431F
:1041E000C2F88830A70608D56A4AE96AD2F888304A
:1041F00023F440630B43C2F88830A00508D5654A14
:10420000E96BD2F8883023F440230B43C2F888309E
:10421000610508D55F4A296CD2F8883023F4401331
:104220000B43C2F88830620608D55A4A296BD2F887
:10423000883023F440530B43C2F88830230608D556
:10424000544A696BD2F8883023F440430B43C2F8D8
:104250008830E70508D54F4AA96BD2F8883023F497
:1042600040330B43C2F8883020030ED5494AA96C6D
:10427000D2F8883023F040630B43B1F1006FC2F8ED
:1042800088305CD0B1F1806F74D061030ED5414AA3
:10429000E96CD2F8883023F040630B43B1F1006F32
:1042A000C2F8883050D0B1F1806F6BD062040BD56A
:1042B00038492A6DD1F8883023F040531343B2F1C6
:1042C000805FC1F888304DD0230408D5314A696D2C
:1042D000D2F8883023F080430B43C2F88830304650
:1042E00003B0F0BD6F6CB7F5000F10D0B7F5400FFD
:1042F00012D077B3012603E79A6D42F080529A6597
:104300009B6D03F080530193019B012700E7214A35
:10431000D36843F48033D3601E4AD2F8883023F444
:1043200040033B43C2F88830E9E60326002F3FF400
:1043300038AF184A936D23F08053936531E7D36803
:1043400043F48013D360A0E7D36843F48013D360B1
:10435000ACE73946281DFCF7F7FE064600287FF437
:10436000CFAED9E70221281DFCF7EEFE002818BFCA
:104370000646A9E70121281DFCF7E6FE002818BF24
:10438000064682E70121281DFCF7DEFE002818BF43
:1043900006468BE7001002400070004088000020B5
:1043A0002DE9F041C16F05689EB00446002947D051
:1043B0002423E3672A68636A22F001022A60002B43
:1043C00040F0AD80D4E90412A36828680B4313437E
:1043D000E169A74A0B43024013432B606B68E26814
:1043E00023F440531343A34A6B609542A369AA6820
:1043F00000F0DB80206A22F43062034313439E4ABC
:10440000AB60954200F048819C4B9D4240F00C818E
:1044100003F5E633D3F8883003F00C030C2B00F2DD
:104420006181DFE813F0D2015F015F015F011001DC
:104430005F015F015F016F015F015F015F01680163
:1044400080F878105C2207A80DF054F88A4B9D4242
:1044500000F0EE81894B9D42AAD1022707A8079759
:10446000FFF746FE0646002840F01882844B854D33
:104470009A6D42F400329A659A6D02F40032049209
:10448000049ADA6C42F00102DA64DB6C03F0010397
:10449000039307220323CDE90032039903463A46EA
:1044A0004FF090400F214FF0800809F059FEC5E908
:1044B0005376C5E95568C5E95766C5E9596605F5F6
:1044C000A476714BC5F84831304608F0E7F800286B
:1044D00040F0E4816667102305F5C876C5E96708F2
:1044E000C5E96900C5E96B00C5F898313046674BEE
:1044F000C5F89471C5F87041C5F8903108F0CEF850
:104500000146002840F0CA8126672620C5F8B84138
:1045100008F066F95E4B40225A60256848E71E079E
:1045200005D56A68616B22F400420A436A60D807C5
:1045300005D56A68A16A22F400320A436A609907C5
:1045400005D56A68E16A22F480320A436A605A0734
:1045500005D56A68216B22F480220A436A60DF066F
:1045600005D5AA68A16B22F480520A43AA609E0670
:1045700005D5AA68E16B22F400520A43AA605806E6
:1045800009D56A68216C22F480120A43B1F5801FB4
:104590006A6000F0028119067FF514AF6B68A26CA7
:1045A00023F4002313436B600CE722F430621343BF
:1045B0003349AB60D1F8883003F44063B3F5006F42
:1045C00000F0878000F2E380002B00F05781FCF7B9
:1045D0001BFD0646002E7DD16A682A49002322F47D
:1045E0009042C4E91A336A60AA6822F02A02AA60DB
:1045F0002A6842F001022A60C4F88430CE6E2B682B
:104600001A0700F185802B685B0700F19C8000236E
:1046100020221846E26784F87830C4F880202366A8
:1046200063661EB0BDE8F0811A4B9D425AD103F576
:10463000E433D3F8883003F03003202B62D058D80D
:10464000002B00F0C280B1F5004F00F02E81FCF786
:10465000DBFC0028C0D0636800EB5300B0FBF3F034
:104660004FF6EF73A0F110029A423BD8E860B3E72F
:10467000F369FFEF00800040003801400044004033
:1046800000100240880000206C00024080000240C0
:1046900000E100E00048004002F55842D2F88830BE
:1046A00003F00303022B2DD0032B24D0012BCAD0FF
:1046B000864BB1F5004F186800F098809268844BE3
:1046C000C2F3C222134493F8643003F01F03D840AE
:1046D000BFE7804E626802EB4203B34202D8B6EBFA
:1046E000023F61D90023C4E91A3301201EB0BDE89E
:1046F000F081302BF6D1B1F5004F00F0D3804FF4AC
:104700000040A8E7B1F5004F00F0CA807148A2E769
:104710006FF07E4332464FF40011204608F022F835
:1047200000283FF470AF236853E8002F22F0800286
:1047300043E800210029F7D12023E367002384F810
:1047400078300320D2E76FF07E4332464FF4800189
:10475000204608F007F800283FF459AF236853E8D3
:10476000002F22F4907243E800210029F7D103F1D1
:10477000080252E8002F22F0010203F1080040E88D
:1047800000210029F3D12023C4F88030D6E7B3F507
:10479000406FA7D14FF400469CE76A68616C22F431
:1047A000C0020A436A60F6E60023500819464FF437
:1047B0008077E6FB070109F091FF474BA0F54072B7
:1047C0009A428FD8454BD86006E7B1F5004F6FD0BD
:1047D000434A3F4B92683D49C2F3022213440868A2
:1047E00093F8643003F01F03D84032E79268384BE7
:1047F000C2F3C222134493F8643003F01F03D8407D
:1048000000283FF4E9AE4300626803EB5203B3FBB8
:10481000F2F34FF6EF72A3F1100191423FF662AF4F
:1048200023F00F0292B2C3F342031343EB60D3E6CB
:10483000012307A80793FFF75BFC034670BB284AD8
:10484000116E41F480411166116E01F480410691B0
:104850000699D16C41F00101D164D26C02F00102E1
:10486000059207210322CDE90021059802224FF489
:10487000C0614FF0904009F073FC99E58A68144BD1
:10488000C2F302221344114A93F86430166803F00D
:104890001F03DE40002E3FF49FAE1BE7FFF7B6FA82
:1048A000104BB1E74FF48033AEE7FCF7ADFBA7E761
:1048B0000B4A074B92680549C2F302221344086869
:1048C00093F8643003F01F03D84099E700000020FC
:1048D000702F01080024F400FFFC0F00008000404E
:1048E000001002400048E801F0B5CA4CD4F82C3260
:1048F0008BB0002B00F0D981C74B1A683F21C4F858
:104900004413520358BF1A68C34B54BF02F4803299
:104910004FF4A022C4F8482319685A68186801F0B7
:104920000101C2F30722C4E9D71219685A6800F0DE
:10493000F00001F48071C4F86403C4F85013D3F894
:104940009010B648C2F30462C4F854234F0758BF0E
:10495000D3F89020B04B54BF02F001020522D3F8E7
:104960009410C4F84C23D3F8982001F0010102F010
:104970000102C4F85813C4F868231968DA6811F002
:10498000807F0CBF0121022102F00302C4E9DB1287
:10499000DA68D968C2F302120132C1F30621C4E910
:1049A000DD21D968DA68C1F34151C2F341620131B6
:1049B000013249005200C4E9E012D9689A68C90E70
:1049C00002F003020F25C4F88853C4F87C13C4F81E
:1049D0008C2399689A6801F0F00102F4E062C4E95E
:1049E000E4129A68016894F8190284F8A003D208C6
:1049F00002F4E06201F00701C4E9E621242284F810
:104A00001922D4F8D82186481168824221F0010188
:104A1000116000F0ED810023A268C4F81C3202216D
:104A200084F8193284F81832C4F8083284F81A323B
:104A300084F8651013687B4923F040038A421360B1
:104A400000F0EC810022A266D4F8343284F86520AC
:104A50002421D4F8B40284F86420C4F8B012196890
:104A6000C4F8A40321F0010119606F491A608B4258
:104A70005A609A6000F0AD816C4A934200F08C82DB
:104A80000023D4F8BC22C4F8B8322421C4F8B032D0
:104A900084F8AC32C4F8B432C4F89432C4F8983212
:104AA000C4F838131168604821F001018242116096
:104AB00013605360936000F045825C4B9A4200F0B3
:104AC0008782554A0023C4F84033C4F83833C4F809
:104AD0003C33C4F81C33C4F82033D06CD16C84F858
:104AE000343300F00100C1F34001C4F8C403C4F83A
:104AF000E413D06CD16C41F00101D164D16CC0F3EE
:104B0000C01001F001010491C4F804040499D16CAF
:104B100041F00201D164D16C01F0020103910399CB
:104B2000D16C41F08001D164D26C4FF0904C02F016
:104B3000800202920299DCF80010C4F8A813DCF895
:104B40000410C4F8AC13DCF80810C4F8B013DCF897
:104B50000C10C4F8B413DCF82010C4F8B813DCF857
:104B60002410334AC4F8BC131168C4F8C813516840
:104B7000C4F8CC139168C4F8D013D168C4F8D41326
:104B8000106A516AC4F8DC1302F5C052C4F8D803A5
:104B90001168C4F8E8135168C4F8EC139168C4F8BC
:104BA000F013D168C4F8F413116A089D526A099E83
:104BB000C4F8F813C4F8FC2301204FF60F714FF02E
:104BC000030E00FA03F20A424FEA430203F1010323
:104BD00006D0DCF800700EFA02F23A43CCF800205E
:104BE000102BEED1CDE900561148002303224EF6DA
:104BF000F57109F0B5FACDE900560E4800230322FD
:104C00004FF6F67109F0ACFA034BDA6C22F00102B0
:104C100012E000BF88000020001002400020024087
:104C2000005800400030014000380140004400407E
:104C300000040048001C0048DA64DA6C22F002022A
:104C4000DA64DA6C4FF0E02122F08002DA640B695A
:104C500023F002030B61FFF7EBF894F830320546BE
:104C60004BBBBE49BE4A07E062B6BFF34F8FBFF3EE
:104C70006F8F94F83032F3B972B6BFF34F8FBFF332
:104C80006F8F94F83032002BEED10B6823F00703BE
:104C900043F001030B60136943F00403136130BF59
:104CA000136923F004031361DEE7AE480BB0BDE8DF
:104CB000F0400DF0CBB8002384F83032FFF7B8F89D
:104CC000401B05D500F1A46000F5CB2000F5806005
:104CD000E36E4FF0E0220344E3661369A24843F019
:104CE00002031361FCF712FFD4F89C139F48FDF7F1
:104CF000E7F94FF090400121FBF74AFAD4F8A823D6
:104D0000D4F8C4130260D4F8AC234260D4F8B023C2
:104D10008260D4F8B423C260D4F8B8230262D4F815
:104D2000BC234262003918BF0121FBF731FA00F5BC
:104D300080600121FBF72CFAD4F8C833D4F8E413CF
:104D40000360D4F8CC334360D4F8D0338360D4F814
:104D5000D433C360D4F8D83303620039D4F8DC33D9
:104D6000436218BF0121FBF713FA00F5C05001217F
:104D7000FBF70EFAD4F8E833D4F804140360D4F83F
:104D8000EC334360D4F8F0338360D4F8F433C36079
:104D9000D4F8F8330362D4F8FC334362003918BF07
:104DA0000121FBF7F5F909F0D7FA94F8A033282B85
:104DB00000F0B78009F064FB6D48FFF7F1FAD4F812
:104DC000A433222B3BD06B480BB0BDE8F040FFF77B
:104DD000E7BA02F1804202F504324FF4C061136E6B
:104DE00023F480434FF090401366FBF7D5FB47E672
:104DF0009A6D614822F480029A654FF48061FBF756
:104E0000CBFB4FF40061FBF7C7FB5C4B0222C3F8FE
:104E10008420BFF34F8FBFF36F8FFCE5584A136EAA
:104E200023F48053E02113664FF09040FBF7B4FB6E
:104E3000206E09F0EFFBE06D09F0ECFB02E6D4F820
:104E4000A802D4F88822B4F88C32D4F8B41200281E
:104E500000F0D9802029B6D1002AB4D0002BB2D0DE
:104E60000021D4F83452C4F8941246498D4203D03C
:104E700069680E0200F147810021C4F8B8122221AE
:104E8000C4F88822A4F88C32C4F8B4123E49C16236
:104E90003E4901633E4941630021816305F12401DC
:104EA000FBF7C8F9002840F05181D4F8443293B19F
:104EB00055E8003F43F4807345E800324AB1D4F826
:104EC000342252E8003F43F4807342E80031002965
:104ED000F5D1D4F8345205F1080353E8003F43F00C
:104EE000010305F1080141E8003262B1D4F834222F
:104EF00002F1080353E8003F43F00103083242E89F
:104F000000310029F2D1D4F8342202F1080353E829
:104F1000003F43F04003083242E800310029F2D15B
:104F200051E794F81922202A7FF444AFD4F8D8210D
:104F300084F8193213681749C4F80C1243F0B80307
:104F4000136037E70E4A136E23F480434FF4C061B9
:104F50004FF090401366FBF71FFBB2E50070004076
:104F600000ED00E004730108CC03002010040020D1
:104F7000BC020020440300200004004800E100E0DF
:104F80000010024000800040811200080913000850
:104F900085560008C922000802F5E6320F21936DFC
:104FA00023F4003393654FF09040FBF7F5FAD4F803
:104FB000A80209F02FFBD4F8A40209F02BFB734BD5
:104FC0004022C3F88420BFF34F8FBFF36F8F57E5A4
:104FD0006F4A936D23F4003393650F214FF0904097
:104FE000FBF7DAFAD4F8300309F014FBD4F82C03F9
:104FF00009F010FB654B4022C3F88420BFF34F8FAC
:10500000BFF36F8F5DE520297FF4DDAE002A3FF40A
:10501000DAAE002B3FF4D7AED4F83412C4F89402C1
:105020005C48814215D04868000212D551E8000F53
:1050300040F0806041E800054DB1D4F8340250E8FA
:10504000001F41F0806140E80015002DF5D1D4F833
:105050003412D4F83C52C4F888220020B5F5805FA1
:10506000A4F88C32A4F88E32C4F89C0200F085803B
:10507000002D78D1D4F84432002B0CBFFF207F20C4
:1050800000222223C4F8B822A4F89002C4F8B43253
:1050900001F1080353E8003F43F00103083141E800
:1050A000003262B1D4F8342202F1080353E8003F21
:1050B00043F00103083242E800310029F2D1D4F86C
:1050C0003C22D4F84432B2F5805F46D0324AC4F86C
:1050D0009C226BB1D4F8342252E8003F43F4907321
:1050E00042E800310029F5D16DE62C4BC4F89C3222
:1050F000D4F8342252E8003F43F0200342E8003164
:105100000029F5D15FE655E8001F41F0806145E8D0
:10511000001048B1D4F8340250E8001F41F080611B
:1051200040E80015002DF5D10021D4F8A802C4F8FC
:10513000B8122221D4F83452C4F88822A4F88C3250
:10514000C4F8B41200283FF4B0AE9FE6102220232A
:10515000C4F8B822C4F8B43235E6002BC5D00E4BE3
:10516000C4F89C32B6E7B5F1805F89D1D4F84432F7
:10517000002B0CBF7F203F2082E7D4F84432002B65
:1051800040F2FF1018BFFF207AE700BF00E100E007
:10519000001002400080004025130008F5130008AD
:1051A000F0B4C56F202D4AD10C4601B112B90120CF
:1051B000F0BC7047194600252123C0F88450C3670E
:1051C0008368294FA0F85020B3F5805FFE6EA0F8E9
:1051D000522037D0B0F85220036892B2B2B1DA69E7
:1051E000120604D44A1C1DD1DA691206FCD504B398
:1051F00014F8012B1A85B0F85220013A92B2A0F8A7
:105200005220B0F8522092B2002AE8D1DA69520650
:1052100004D44C1C1CD1DA695106FCD52023C36789
:105220000020C5E7FA6E921B914218D3B9B11A68F3
:10523000D5E735F8022BC2F308021A85DBE7022016
:10524000F0BC70470369002BC4D125461C46C1E75A
:10525000FA6E921B914202D309B11A68D6E7202355
:10526000C367F0BC0320704788000020026852E842
:10527000003F23F4907342E800310029F7D102F196
:10528000080353E8003F23F0010302F1080C4CE847
:1052900000310029F3D1036E012B06D00023202218
:1052A000C0F8802083660366704752E8003F23F011
:1052B000100342E800310029F0D052E8003F23F00B
:1052C000100342E800310029EFD1E7E770B5AE4C9A
:1052D000D4F83452EB692A68A96840F60F000342FB
:1052E00040F08780980602D5960600F1F380D4F846
:1052F0009402012816D0D80202D5490200F1F480A8
:105300001E0605D4590602D5530600F1258170BD4D
:105310001006F7D5D4F8A032002BF8D0BDE87040C5
:105320009A481847DE06E6D5D006E4D510232B624E
:10533000AB68B4F88C225B0640F14281D4F8A83205
:1053400019684B689BB2002B00F07C81934280F07F
:105350007981A4F88E320B689E0644D455E8003F4C
:1053600023F4807345E800324AB1D4F8342252E87D
:10537000003F23F4807342E800310029F5D1D4F8CE
:10538000342202F1080353E8003F23F001030832FE
:1053900042E800310029F2D1D4F8342202F10803A6
:1053A00053E8003F23F04003083242E8003100296F
:1053B000F2D12023C4F8B432C4F89412D4F83422C1
:1053C00052E8003F23F0100342E800310029F5D1F4
:1053D000D4F8A83293F82520022A00F03A8104225A
:1053E000DA6383F824100223C4F89832B4F88E32BA
:1053F00070BD11F0010640F09E80654802423FF406
:1054000076AFD8070FD5D10540F1D68001212962AA
:10541000D4F8B81241F00101C4F8B81299076BD55D
:10542000002E40F08C8058077DD51E0700F1C1800A
:105430001E050AD5500108D54FF400612962D4F841
:10544000B81241F02001C4F8B812D4F8B8120029FB
:105450003FF45DAF990602D5920600F1A080D4F822
:10546000B822AB6802F0280203F04003134300F0B7
:10547000E6804648FFF7FAFEAB685B067FF547AF6C
:1054800005F1080353E8003F23F0400305F108014C
:1054900041E8003262B1D4F8342202F1080353E843
:1054A000003F23F04003083242E800310029F2D1E6
:1054B000D4F8A80200283FF42AAF364B8363FAF7EA
:1054C000F9FF00283FF423AFD4F8A802BDE87040EC
:1054D000836B1847D4F89C32002B3FF418AF04F5C7
:1054E0000D70BDE8704018474FF480132B6270BDFB
:1054F000D1058BD4980722D4590714D5002E94D007
:1055000004212962D4F8B812180741F00201C4F846
:10551000B8128DD508212962D4F8B81241F00801DB
:10552000C4F8B81284E7190782D502F0200131438C
:105530003FF47EAFEEE7D807DAD499072CD50221E5
:105540002962D4F8B8125E0741F00401C4F8B81219
:10555000D6D41907DED46BE755E8003F23F04003AB
:1055600045E800324AB1D4F8342252E8003F23F033
:10557000400342E800310029F5D120220023C4F87D
:10558000B022C4F8A03270BD88000020BC02002008
:1055900020010004151300085E07B1D4D9E7D4F840
:1055A0009C32002B3FF45BAF35489847D4F8345217
:1055B00055E79006AED43BE798073FF534AF9BE73D
:1055C000B4F88E12B4F88E329BB289B2002B3FF43D
:1055D0009EAE91423FF49BAE55E8003F23F490739A
:1055E00045E800324AB1D4F8342252E8003F23F4AF
:1055F000907342E800310029F5D1D4F8342202F149
:10560000080353E8003F23F00103083242E8003169
:105610000029F2D12023C4F8B432C4F89C12C4F893
:105620009412D4F8342252E8003F23F0100342E8E9
:1056300000310029F5D10223C4F8983270BDC4F8B6
:10564000B83270BD93427FF462AE0B689D06F2D40F
:1056500070BD1A681D6C106820F00E001060106894
:1056600020F0010010605A6C012002F01C0200FAC8
:1056700002F26A6083F8250083F82410B3E600BFC5
:10568000BC020020806A0368C16F10B5D0F880406A
:105690009A68120601D521290BD09B685B0601D5BB
:1056A000222C1DD0D0F8843043F01003C0F8843091
:1056B00010BD0022A0F8522053E8002F22F0C002B3
:1056C00043E80021026839B152E8003F23F0C003EB
:1056D00042E800310029F7D12023C3671346DCE7F5
:1056E0000023A0F85A30FFF7C1FDD0F8843043F012
:1056F0001003C0F8843010BD10B5084950226C204A
:1057000006F0ACFD044630B1054B40F8043B0549BA
:1057100068220CF01DFB204610BD00BFB06E0108D2
:105720000FB03713DC2F010808B518B1074B02681A
:105730009A4208D0064B074AD3F880300649002029
:105740009847012008BD90F8620008BD0FB03713DC
:1057500088000020986E0108B06E010808B518B1E5
:10576000074B02689A4208D0064B074AD3F88030AC
:10577000064900209847002008BD012008BD00BF51
:105780000FB0371388000020986E0108B06E010832
:1057900038B504460D46FFF7E1FF08B184F86250C2
:1057A00038BD00BF38B504460D46FFF7D7FF08B136
:1057B000A4F85C5038BD00BF10B1024B9B6F184776
:1057C000704700BF8800002010B50446FFF7C6FFF1
:1057D00000B910BD002323602046BDE81040EBE770
:1057E00070B50C4618B11F4B0168994208D01E4D88
:1057F0001E4AD5F880301E490020984754B370BD2A
:105800003CB3416882600868B0F89430028F04EBC2
:10581000430304EB4202C364B0F896304261D0F80F
:10582000982004EB430303654AB1B0F89C3004EBC5
:1058300043031361B0F89E3004EB43035361B0F8A7
:10584000E4204B6804EB4204C0F8B040BDE870406F
:105850001847054DD5F88030064A0549BDE8704027
:10586000002018470DB03713880000207C73010812
:10587000707301085873010810B520B10C4B026811
:105880009A42044608D00B4B0B4AD3F880300B49A0
:10589000BDE8104000201847406818B1C368984719
:1058A00000236360002323602046BDE8104083E7A7
:1058B0000DB03713880000207C7301087073010855
:1058C00010B520B10B4B02689A42044608D00A4B2F
:1058D0000A4AD3F880300A49BDE810400020184732
:1058E00000690023236008B1FFF766FF2046BDE88A
:1058F000104061E70EB0371388000020987301084C
:10590000B07301082DE9F041174F1D46D7F88430D8
:1059100013B1BDE8F0411847FB6F4FEA4208002A77
:10592000F7D08F1EA8F1020406468E460C443A4674
:1059300032F802CF9CFA9CFCA242A2F800C0F7D138
:1059400042467146304698470DB9BDE8F08137F8B8
:10595000023F5BBAA7423B80F7D037F8023F5BBA01
:10596000A7423B80F3D1F0E78800002000B583B068
:1059700041F4A041012394464FEA124EADF80010C5
:10598000ADF80230042200236946ADF804E0ADF81A
:1059900006C0FFF7B7FF03B05DF804FBF0B50129BF
:1059A00083B00546144622D002290AD01C4B1D4A5A
:1059B000D3F880401C4903460020A047002003B0D4
:1059C000F0BD43F2460384270026ADF80030284698
:1059D000012303226946ADF80260ADF80460FFF7C9
:1059E00091FFBDF8040030B16CB90120E7E743F244
:1059F00045038327E8E70A4B0C4AD3F880400A495D
:105A00002B46A047DAE747F48057334669462846D5
:105A10000222ADF80070ADF80260FFF773FFE4E713
:105A200088000020B8730108D4730108EC730108E2
:105A3000F0B5012985B00646154633D0022925D197
:105A400043F2320301240027ADF80830032201237A
:105A500002A93046ADF80A70ADF80C70FFF752FF9E
:105A6000BDF80C306B8003F00702012A2A802AD08F
:105A700013F006001AD11849184AD1F88040184985
:105A80000096A0470024204605B0F0BD124B154AF1
:105A9000D3F88040124903460020A0474FF44053FA
:105AA0000024D0E743F233030C46CCE7023A012A44
:105AB000E9D9094A0096D2F8804009490A4A38468D
:105AC000A0472F80DEE70449084AD1F88040044906
:105AD00000963846A047D5E78800002020740108CA
:105AE000D4730108B8730108847401085074010864
:105AF0002DE9F04184B028B1714B0D4601689942FF
:105B000004460AD06F4B704AD3F880306F490020AA
:105B10009847002004B0BDE8F0818388C1880B4419
:105B2000B2EB430F07D2674B694AD3F8803067491D
:105B300000209847EDE7D0F81080866898F8C67185
:105B400043F2370302930023ADF80C300322012304
:105B500002A93046FFF7D6FE012FBDF80C300DD05C
:105B6000022F0CBF8020C020184009D1554B594A44
:105B7000D3F8804058493346A047CAE74020F3E7AE
:105B800098F8C61102AA3046FFF752FF0028C0D08D
:105B9000BDF80830032B0BD04A4ABDF80A30D2F8C2
:105BA00080404D4900934D4A33460020A047B0E75E
:105BB0002169BDF80A2091F8C431C2F300122A808D
:105BC00033B191F8C631A3F10103B3FA83F35B0952
:105BD0006B80B1F8C831AB80AA1D01F5E57301F502
:105BE000FD77D3F800C05E689868D3F80CE0C2F87F
:105BF0000CE01033BB42C2F800C05660906002F166
:105C00001002EED1B1F8FA31EB8605F1380201F558
:105C1000FE7301F50B77D3F800C05E689868D3F87F
:105C20000CE0C2F80CE01033BB42C2F800C0566072
:105C3000906002F11002EED1B1F82C32A5F8683074
:105C400005F16A0201F22E2301F25E21D3F800C0B1
:105C50005E689868D3F80CE0C2F80CE010338B4211
:105C6000C2F800C05660906002F11002EED1E688E2
:105C70002369A068A18893F8C621B6F5005F0FD804
:105C8000013A18BF012205EB41011203334606F029
:105C900099FB98B1301E18BF012004B0BDE8F08117
:105CA000084C0F4AD4F880300E4900209847D4F8A9
:105CB00080300D4A0849002098472AE7014CF6E752
:105CC0000EB037138800002098730108B0730108E4
:105CD000B8740108D0740108F06E0108F07401086E
:105CE0001C750108347501084875010810B582B0AB
:105CF00001AA01210446FFF79BFE00220121204654
:105D0000FFF74CFEBDF80430022B09D00649074AC4
:105D1000D1F8804006490020A047002002B010BD05
:105D2000012002B010BD00BF88000020747501087A
:105D3000BC75010838B5074D6B6F9847044608B12C
:105D4000204638BDD5F88030034A0449984720469C
:105D500038BD00BF88000020DC750108EC75010823
:105D60002DE9F04F2DED028BB3B020B1B04B02689E
:105D70009A4206460ED0AF4BAF4AD3F88030AF49B7
:105D8000002098474FF00008404633B0BDEC028B2E
:105D9000BDE8F08F0F466722A949102006F05EFA91
:105DA00080460028EED0A74B036096F86240A649D3
:105DB0003822ACB31020B6F85C4006F04FFAA24986
:105DC00082463922FC2006F049FA0546A4B39E49D2
:105DD0003E22602006F042FA01248146BAF1000F0B
:105DE0002CD05DB314B1B9F1000F27D0C5F898904D
:105DF00023A9CAF80050301DFDF7EAFF40BB8D4BC8
:105E0000924AD3F88030904998475046FBF7DAFC25
:105E10000024C8F804404046FFF72EFDA046B3E733
:105E2000102006F01BFA884982463922FC2006F031
:105E300015FAA1460546D1E7A146CFE75046FFF740
:105E4000BBFC2846FFF7B8FC4846FFF7B5FCDFE788
:105E5000BDF8A030BDF8AC20D5F898002B871A44C7
:105E600092B20492A5F89E20BDF8A220019005F1FF
:105E7000F8015200C5F8841005F1F401C5F8E820D6
:105E8000C5F88810002205F1F601C5F89420A5F8A0
:105E90009C20C5F88C1005F1F00205F1F7016A624B
:105EA000C5F8901030B105F1EC01816105F1F50103
:105EB0004262C165C5F8D820049AA5F8E420C5F867
:105EC000DC8096F86220029262B1029A14A90DF168
:105ED000B60001EB420430F8022F520821F8022BE1
:105EE000A142F8D1BDF8A8209DF8C4100C911A4425
:105EF00092B20D92B6F85C20BDF8AA109DED308AE2
:105F000003920E9122B1BDF8AE200399B2FBF1F2DB
:105F10000892BDF8A4201A44A5F87C20BDF8A6205C
:105F20001A44DDF88E30C5F87630BDF89230A5F809
:105F30007A30474B2B64474B6B64474BAB6403236E
:105F400085F874300F23A5F88030019BA5F87E20DA
:105F5000002B00F0A481002325990991CDE91C3381
:105F600026990A91CDE91E33CDE92033BDF89C1066
:105F7000029C0B911DAA94460DF1AE01D8B2A0422D
:105F800007D231F8020F22F8020F0889108101337D
:105F9000F4E70199314A4A60314A039B8A60314AE9
:105FA0000B87CA60089B029A4B870023C1E9133311
:105FB000C1E91533002A00F072812B4A07922B4A5F
:105FC00006922B4A0592019ACDF8448002F13A01DB
:105FD0004832CDE90F5ACDE912679A46E146884624
:105FE0003746934639F8025F28F8025FB9F808602F
:105FF0002049A8F808602F22EC20FFF79BFEEC2236
:1060000000210446002800F0AB800BF073FA1A4B15
:106010001A4A23641A4B6364A2643A7D013A042A43
:1060200000F24881DFE802F093992E962E0000BF1F
:106030000FB0371388000020986E0108B06E010879
:10604000707301080DB03713FC7501080C76010858
:10605000AD190008BD1700084D1A0008D91800082E
:106060004D190008B1170008A5170008551A0008B7
:10607000B9170008307601088D260008A91A000813
:10608000B11A00086FF00C00049B797C97F810C0DF
:1060900084F875101D440B9BA4F87A30039BA4F878
:1060A0007E30089BA4F88030DDE90923ADB20029D9
:1060B00018BF1A467968079BC4F87620A4F87C506C
:1060C000C4E92110B968C4F89C30069BC4F8A0301C
:1060D000059BC4F88C10C4F8A43004F1E401019BC2
:1060E00061627600224684F874C0C4F8E060A4F8C7
:1060F0009650A4F8DC50C4F8D430C4F8D0106E49DF
:10610000C4F8D81004F13C0004F1E801C4F8901080
:1061100042F8980BE263FBF7CBFC002873D02068B1
:10612000C26890470AF1010A029B4BF8044F5FFADC
:106130008AF29A4207F11407FFF454AFDDE90F5ACF
:10614000D5F89830139F0193DDE911863AE06FF09E
:106150000B0099E76FF00F0096E76FF0060093E7EA
:10616000D346DDE91267DDE910A80F9DDFF85891ED
:106170000199524A0BF1120301EB83035FFA8BF48E
:106180004FF0000BC3F804B04D49D9F880305846A1
:1061900098470295039625464E46DDF8049009E09F
:1061A000D4B209EB8404D5B2E06C08B1B26F904769
:1061B000C4F84CB06A1E002DF2D1DDE90256D5F8C4
:1061C00098300193079BC5F8A430069BC5F8A8300A
:1061D000059BC5F8AC30019A3A4BC5F8E03005F1A3
:1061E0003C032B60002A61D005F1A003EA63136031
:1061F000286883689847C0B9334B344AD3F8803055
:106200003349984701E6DFF8C090304AD9F880302A
:1062100030490F9DDDE91267D346DDE910A89847A4
:10622000D9F8783020469847A2E72868C36898478D
:10623000294ACAF804200023284ACAF80C20CAF8C0
:106240000830C8F804A07B8096F8625014A807F1C3
:106250000A011A469C46DCB2A5421CD9048821F8E2
:10626000062C224492B27A800133042B21F8024F8B
:1062700000F10200EFD1B6F85C3087ED058A13FB20
:1062800002F33B800C9B3B760D9BA8F80C300E9BD9
:10629000A8F80E3078E521F806CC0024E4E7104B8E
:1062A0000793104B0693104B05938BE705F1A00362
:1062B000EB639DE70020E7E65926000864760108B5
:1062C000146F01086D17000888000020447601084B
:1062D000FC7501083076010895170008C5170008FD
:1062E000A5170008551A0008B917000810B50F4C7B
:1062F0008C461146B4F8702003F1020EB2EB4E0F3B
:1063000007D2D4F880300A4A0A49BDE8104000207C
:106310001847013B4CF4A04C4B802EF00042A1F8F2
:1063200000C0BDE810400023FFF7ECBA8800002051
:106330008876010834750108F0B583B043F21C0279
:10634000009201230E460024032269460746ADF859
:106350000440FFF7D7FABDF8043013F4006517D1F5
:1063600041F21B042B46694638460222009446F44B
:106370000066FFF7C7FA38462B4669460222ADF899
:106380000040ADF80260FFF7BDFA012003B0F0BD98
:10639000054B064AD3F88050054920463B46A8479E
:1063A000204603B0F0BD00BF88000020A876010899
:1063B000D473010838B520B1164B02689A420446DE
:1063C00008D0154B154AD3F880301549002098475E
:1063D000002038BD037B43B980681521FFF7ACFF6F
:1063E0000028F5D00123237338BD0569806895F82E
:1063F000C6110122FFF7D2FA95F8C53143B195F8DD
:10640000C631022B0CBF0123022385F8C63138BDEB
:106410000123FAE70EB037138800002098730108B3
:10642000B07301082DE9F04782B0BDF828400B9FFA
:1064300003EBC4056B88002B45D06E68844601EBE6
:106440000208043E4FF0000E56F8044F620092B26C
:106450008A4234D3424532DAC4F30170012818D09D
:1064600002283CD098BB521A93B2C4F3445901227B
:1064700002FA09F297424BD33449013AD1F88040ED
:1064800001923349334A0097A047002002B0BDE88B
:10649000F087521A92B20CEB42093CF81200B9F89C
:1064A000023043EA004323F00F0317B1C4F303445F
:1064B0002343180C2CF81200A9F802306B880EF157
:1064C000010E7345C0D8012002B0BDE8F0871F4B14
:1064D000214AD3F880301E4900209847D5E7521A48
:1064E00092B20CEB42003CF81290438843EA094315
:1064F00023F00F0317B9C4F3034423431C0C2CF8F7
:10650000124043806B880EF1010E73459CD8DAE788
:10651000C4F3044A0CEB43043CF813006288C9F14D
:10652000200942EA00424FF0FF3020FA09F000FA59
:106530000AF022EA000207FA0AFA42EA0A02100CFA
:106540002CF8130062806B88B9E700BF8800002038
:1065500010770108D87601081C7701082DE9F04F63
:106560009B461B68C2F51E66B34294BF9EB2B6B28C
:10657000884674084FEA520183B017464FEA8101FA
:106580000CD0144B08EB84041944434651F8042BF7
:106590005A80120C1A800433A342F7D10E4C851E88
:1065A00004F1E20A04F1E40914F8013B35F8022F82
:1065B0003946CDE9003240464B463246FFF732FFBE
:1065C000A24501D00028EFD1CBF8006003B0BDE8B0
:1065D000F08F00BF38400108443001082DE9F04F2A
:1065E000ADF5137D06460C46154600214FF4E272C8
:1065F00021A89A460AF07EFF3C22002112A80AF048
:1066000079FF9D9B93F8C5716FB1664B664AD3F8CD
:1066100080306649002098474FF0000840460DF54D
:10662000137DBDE8F08F0DF11808CDF800800AAB9E
:1066300021AA29462046FCF7D1F90028ECD0414692
:1066400094F85B200AA812ABFBF7EEF8804600280E
:10665000E2D09E9ABDF85A3013809F9ABDF85E3002
:1066600013809D9808AB0DF1160221A905F02CFEB0
:10667000BDF82020BDF816309A4206D29D9B2246D6
:10668000294621A8FCF744F9C8E743F237030893E9
:106690000322012308A93046ADF82470FFF732F930
:1066A000BDF8243013F0C00310D1ADF8243043F20C
:1066B000310308930322012308A93046FFF722F98A
:1066C000BDF824204AF6C0439A425CD19D9808AB9D
:1066D0000DF1160221A905F0F7FDBDF81690BDF8E1
:1066E00020B0D94508D9324B0893304608A9002379
:1066F0000222FFF707F9C1E72A499C9AB1F8701006
:10670000CDF808804FEA5A0349088B4228BF0B4650
:106710000BF10201023BA1EB090123F0010389B255
:106720008B4228BF0B460432AA469FB29046039480
:106730001D4604E0B9441FFA89F9D94511D808ABC0
:106740004A46414621A80895FFF708FF044600285D
:10675000F0D0089B9C9A4FEA59013046FFF7C6FDDE
:10676000E8E7134B089355463046A24608A9002394
:106770000222DDF80880039CFFF7C4F8BAF1000F8D
:106780003FF44AAF7AE7074B93F88820002A3FF49A
:1067900043AFD3F88040074A074933460120A0475A
:1067A0003AE700BF8800002040770108F06E01083A
:1067B0008010010080770108A47701082DE9F043DB
:1067C00083B01D4643F440534FF00008BDF8284005
:1067D000ADF800308946164669460123032245F488
:1067E00080550746ADF80280ADF80480FFF78AF8BF
:1067F000ADF80050BDF9045004FA09F46C4004EA05
:10680000060255404346694638460222ADF802501A
:10681000FFF778F803B0BDE8F08300BF30B583B070
:106820000025294600957B23FF220446FFF7C6FF7B
:106830000121009120468B230222FFF7BFFF8B230B
:106840008022009507212046FFF7B8FF03B030BD36
:1068500070B582B043F2370200230092ADF80430E5
:106860000322012369460546FFF74CF8BDF80430C2
:1068700013F0C00F1AD143F21C020123009200242E
:10688000694603222846ADF80440FFF73BF8BDF8FF
:1068900004301B0517D50F4B0F4AD3F880600F4902
:1068A00020462B46B047204602B070BD094B93F8F6
:1068B0008820002ADFD0D3F88040094A07492B46B8
:1068C0000120A047D7E72846FFF7A8FF012002B024
:1068D00070BD00BF88000020E8770108D47301086C
:1068E000BC7701082DE9F04FADF5117D0C4615463A
:1068F00000214FF4E27206460DF118081FA81F464A
:106900000AF0F8FDCDF8008008AB1FAA2946204602
:10691000FCF764F830B94FF0000840460DF5117DE2
:10692000BDE8F08F94F85B20414608A810ABFAF759
:106930007BFF0028EFD09C9ABDF8523013809D9ABF
:10694000BDF85630DFF8B4A013803046BAF8708036
:10695000FFF77EFF50B37B084FEA5808434528BF36
:1069600043469A9A0397023B23F001030432A84658
:106970001FFA83FB4FF0000902941D4617464A4652
:1069800005AB39461FA80595FFF7E8FD4FEA590109
:10699000D944059B9A9A04461FFA89F93046FFF7B5
:1069A000A5FCB9F51E6F08D2002CE8D1DAF88030CA
:1069B0000F4A104900209847ADE74546A046DDE95B
:1069C0000247B8F1000FF1D080239A9900933A461C
:1069D0003046094B05F0C0FC1FA89B9B2246294668
:1069E000FBF796FF40460DF5117DBDE8F08F00BF27
:1069F00018780108F06E0108B838010888000020F6
:106A00002DE9F04186B030B116461F460268444B6E
:106A10009A4205460AD0434B434AD3F88030434953
:106A200000209847002006B0BDE8F081404B721E60
:106A300006F1EB084FF0FF3E12F8010F08248EEA32
:106A4000000E4EF3000C0CEA030C013C8CEA5E0EC7
:106A5000F7D19045F0D1D6F8EC306FEA0E0E7345C1
:106A60000CD119B1334B0A689A420FD02D4B324AE0
:106A7000D3F88030314900209847D3E7294B304A7A
:106A8000D3F88030294920469847CBE743F21C03CE
:106A90000493A868ADF81440012301F1040803220F
:106AA00004A9FEF72FFFBDF8143003F40063002B98
:106AB00014BF012300232B730FD0A8682B69AC1DD2
:106AC0000435CDE9007332460C9B03944146029590
:106AD000FFF784FD06B0BDE8F08143F2310304A95D
:106AE0000493A868ADF8144001230322FEF70AFFBF
:106AF0002B7BBDF81410002BDFD14AF6C042914227
:106B0000A8682B69DBD0AC1D0435CDE90073324693
:106B10000C9B039441460295FFF7E4FE83E700BF18
:106B20000EB037138800002098730108B073010875
:106B30002083B8ED0FB03713986E0108B06E0108CE
:106B40002C780108002870B446DB0029034639DBA5
:106B500088420A464BDA0025012429461B04B3FB70
:106B6000F2F343F6284293425AD946F2D632934280
:106B700063D948F67202934261D94AF64942934278
:106B80005FD94DF2A30293425DD94FF24B7293420B
:106B900098BF052045D94FF24C7648F233224CF28B
:106BA000A3409B1B02FB03F300EB134014B1C0F5A1
:106BB000C9301F3015B1C0F549303F30C1B1404236
:106BC00070BC7047494209B2884217DA0025012497
:106BD0000A4603462146C1E7404202B20029104658
:106BE00014DB91420B4605DDA9BB1E4800E060BBEB
:106BF00070BC7047002401252146AFE70028DED095
:106C000000250B4602462C460121A7E7494209B25E
:106C10008A424FF00105DADB0B46002429469DE746
:106C20000020114A02EBC00602EB8002D6F84C0AA3
:106C3000D2F8802AD6F8486AB3E70120F1E70220AB
:106C4000EFE70320EDE70420EBE700250B460246C3
:106C50002C46294682E701251A462C460346002188
:106C60007CE700BF20920100702F01082DE9F04F52
:106C7000BFB00DF138090D469046019300F1020BAB
:106C80003EAFCA46002440F6B73631E025B335F8AA
:106C9000141001F01F0E4FEA912C0EF1300E00FB84
:106CA0000EF0C1F34411ACF1200C02FB0CFC0028E7
:106CB00001F1300102FB01F1B8BF3F30BCF1000F20
:106CC000B8BF0CF11F0C8011002900EB6C10B8BF8D
:106CD0003F3100B241F38F110134182C08BF00245A
:106CE000FFF730FF4AF8040BBA450BF1040B0ED046
:106CF000BBF900203BF9020C02FB02FC00FB00CCBC
:106D0000B4451146C2DC00203FB0BDE8F08F0DACA9
:106D10000DF1060109F15C05224652F8043F002BF3
:106D2000B8BF0F3302311B1195420B80F5D1484695
:106D300005F0A0FA002254F8043F216EA542A3EB0F
:106D400001031A44F7D1124B83FB0213D217C2EB93
:106D5000A31404F5994330334CF662129342D2D80F
:106D600002AE35460FCD4D4508F1100806F110066C
:106D700048F8100C48F80C1C48F8082C48F8043C5B
:106D8000EFD1019B01201C803FB0BDE8F08F00BF18
:106D9000ABAAAA2A2DE9F0470646804602EB42003C
:106DA0008CB0154606EB8000002289460DF10C0AD6
:106DB000014617464FEA870E54469FED767AB31A7E
:106DC00075B103EB020CF444DCED007A9C46DCED7B
:106DD000006A0C3367EEA67A8B4237EE277AF0D141
:106DE0000EF1040EBEF10C0FA4EC017AE5D10137CF
:106DF000032F0AF1100AA2F1040201F10401D9D112
:106E00009DED045ADDED055ADDED086A6A4606F18E
:106E10000C01DFED607A43463DB11C4694ED007AEB
:106E20000C33834277EE877AF7D108F1040888455E
:106E3000E2EC017A00F10400EBD19DED037AF0EE73
:106E4000C77AF4EE677AF1EE10FA12D69FED526A25
:106E5000F4EE467AF1EE10FA0BDC9FED506AF4EE98
:106E6000C67AF1EE10FA04DAB5EE407AF1EE10FAD5
:106E70007DD0F7EE007A87EE872A9DED073A9DEDEB
:106E80000B7A65EE023A25EE824A65EE237A65EECC
:106E9000A34A33EE673A25EE846AF0EEC32A65EE24
:106EA000047AF4EE622AF1EE10FA76EEE44A76EE17
:106EB000E77A37EE466A06D69FED377AF4EE472A30
:106EC000F1EE10FA47DDB7EE007AC7EE032ADDEDEA
:106ED000006A9DED017A9DED023A63EEA63A67EEF7
:106EE000A27A37EE637A64EEA73A67EE877A36EED7
:106EF000636A24EE264AF0EEC63A73EE677AF4EE41
:106F0000633AF1EE10FA77EEC47A06D69FED224A84
:106F1000F4EE443AF1EE10FA2FDD87EE864A0120B6
:106F2000002364EE844A65EE845A77EE647A89ED34
:106F3000024A67EEA27A25EE275AC9ED017A76EE6B
:106F4000C57A77EEE57A67EE827AC9ED007A33602A
:106F50000CB0BDE8F0879FED117AF4EEC72AF1EE90
:106F600010FAB0DAB5EE403AF1EE10FAABD10020EB
:106F7000002333600CB0BDE8F0879FED084AF4EEC3
:106F8000C43AF1EE10FAC8DAB5EE406AF1EE10FA42
:106F9000EDD0C2E700000000FFFF7F7F000080000F
:106FA00010B5044603F050FB00B910BD0023236068
:106FB0002046BDE81040FEF7FFBB00BF2DE9F041C1
:106FC0001C46124BDDF8188015464FF480520F46D0
:106FD0009A62064605F02EFC17B13846FFF7E0FF2F
:106FE00016B1304603F0D2FE15B12846FEF768FC14
:106FF00014B120460AF0DAFEB8F1000F04D0404682
:10700000BDE8F0410AF0D2BEBDE8F08100040048BE
:107010002DE9F04F2DED048BC9B0019003F014FB66
:1070200090B9DFF8D8910024D9F88030704A7149BE
:1070300000209847204603F0A9FE0024204649B0CE
:10704000BDEC048BBDE8F08F6A494FF4BF724FF47A
:10705000867005F003F904460028E2D0664B036011
:10706000002180F80411A0F806118C2225A80AF04E
:1070700041FA019B03F10408404604F077FF002821
:1070800000F09A80404604F091FE00F0010310F0F9
:107090000E0F039312D01A1D10F0060F00F0568742
:1070A00081074CBF00F0FD0000F0FB00013310F041
:1070B0000E0F9BB201D09342EED10393404604F0F1
:1070C00055FF8146002874D0404604F06FFE10F052
:1070D000010373D11E4610F00E0F3DD0DDF80CE019
:1070E000019F00250121B64500F0060240F2DE8333
:1070F0001C2303FB06FA0DF1940C25AB534497F8BF
:1071000014B00CF80AB0D7ED096A97F816A097EDFD
:10711000077AD7ED087A83F802A0B7F818A0C3ED74
:10712000016A83ED027AC3ED037A5970A3F810A0C7
:10713000002A00F0FF8719761D7582074CBF00F00A
:10714000FD0000F0FB000135013610F00E0FEDB22E
:10715000B6B201D0042DC6D1039B002B00F069828A
:10716000039A25AB1C21002501FB02312E4605E0C8
:107170001C33012A08BF4D46994206D05A78002A8E
:10718000F6D11C3399424E46F8D1002D6AD04FF00B
:10719000010A84F840A0FEF7AFFA054648B1404620
:1071A00004F0E4FE0590002840F095832846FEF7A1
:1071B0000BFBDFF8489037E703907FE7039BA3B111
:1071C000019A536A2693D3692793136A289302235B
:1071D0008DF894308DF8AC30937D8DF89630138B0C
:1071E000ADF8A43001238DF8A930012673E700BF64
:1071F0004C7A01084078010830D1C0AC88000020EA
:10720000029BDDE90B8A013B5AFA83F3DDE90D6449
:10721000DBB20293029B002BC8D002992846FEF7EE
:10722000B7FA28460121FEF7BDFA019B284693F8DC
:107230002990FEF793FA08B185F86A9004F1DC0111
:107240002846FEF78DFD0028B0D0A066656528466B
:1072500004F1A40304F1600204F14C0103F00CFA00
:107260000028A6D0002E40F0F081019BAD495F7D43
:10727000236D0C938222636D0D934FF4357004F0EF
:10728000EDFF0546002801F07F80039BA0F8443005
:10729000A54B03600346002203F8047FCDE90522D5
:1072A000DFF894B2049209930DF1A80A07900F96A3
:1072B0000894BDF81030039A934280F0A5841AF820
:1072C000141C0A91DDE90C151AF8132C9AF80430F5
:1072D0000293AAF11407002A08BF0D460B920FCFA4
:1072E00016AE34460FC43B682360029B042B00F2A9
:1072F00000818E4940F2D312DC20FEF71BFD0446CC
:10730000002800F07284C4220021274618300AF0B9
:10731000F1F8874A47F8042B0FCE0FC733683B605C
:10732000029B63772BB1029A514604F119000AF0CF
:107330000FFD6379002B40F021810123A27E02938F
:1073400004F11A06002D00F005812B6879498B4263
:1073500000F02581784B794AD3F8803078490020B5
:1073600098470023E36232782B6872498B4200F021
:107370000981714B714AD3F88030714900209847D8
:107380000023238532782B686A498B4200F0C18044
:10739000DBF88030694A6A49002098470223A377C6
:1073A00000232386029B002B30D0029B634FCDF835
:1073B00038A0B1464B4404F11E06A0469A4619F87F
:1073C000013B002D00F08D802A685A498A4263D023
:1073D000594C5A4AD4F8803059490020984719F836
:1073E000013C2A6853498A426DD0D4F88030544910
:1073F0003A4600209847002326F8023FD145B8F8C6
:107400003030F383DBD1DDF838A044466379002BBC
:1074100040F0DE80A4F86030238E228E03EB8303DD
:107420005B009BB2218DA07FA4F86230002940F060
:1074300005820123B2EB430F63874FEA430540F215
:10744000BB80029EA38704EB4607BE8F9E4280F05E
:10745000BD84DFF8E4903B4AD9F880303349079D7A
:107460000020A046089C9847D9F88030364A2F491A
:10747000002000269847D9F87830C8F800604046C8
:107480009847049B023345F8236000262E60284667
:1074900003F05EFCE663C7E5032B09D9DBF8803017
:1074A0002A4A2749002098475C4619F8013C98E78A
:1074B000142202FB0353B8F830201B891344A8F8A8
:1074C000303019F8013C032B06D9DBF880301F4A15
:1074D0001B49002098478EE7142202FB03539B8927
:1074E0008AE7DBF8803016493A4628465C469847DA
:1074F0007BE7DFF84490164AD9F880300B4900202A
:10750000DDE907549847049B0233002245F8232005
:10751000BBE7032A2DD9DBF880300C4A084900204C
:1075200098473BE7C078010852D1C0AC0079010808
:10753000E1AFA10F0FB0371388000020986E01084B
:10754000B06E01087C790108F0790108B86E010875
:10755000CC6F0108DBF88030C64AC74928469847F7
:10756000DBF88030C34AC449E56228469847258540
:107570000EE7142303FB0252137D10E7627E04F131
:107580001906DFE6032A56D9DBF88030BB4ABA4930
:10759000002098472B68002222853278F4E6032ADF
:1075A0004ED9DBF88030B54AB349002098472B68A4
:1075B0000022E2623278D8E6DFF8D892B04AD9F8F1
:1075C0008030B049079D0020A046089C98474BE7B3
:1075D00094F819900026A4F86060B9F1000F25D046
:1075E000A44FA8460FE0DBF88030A349002098475D
:1075F0000023B4F86020013613444E4508F1140806
:10760000A4F8603012D03A46002DECD02B689E4989
:107610008B42E8D1032E06D9DBF88030974A964991
:1076200000209847E4E7B8F80830E2E7228E1346D6
:10763000F8E61E4619E6142101FB02525289ABE717
:10764000142101FB02525268B3E7002384F8403052
:10765000FEF752F8054600283FF4ABAD404604F073
:1076600085FC00283FF4A2AD404604F09FFB10F0DB
:10767000010F80463FF49AAD019BB3F80C901A7D40
:1076800093ED018AD3ED028A4946012004F0C4FA41
:10769000F0EE400AB0EE680A08F094FB494601207B
:1076A000F0EE408A04F076FA81460146012003F0AC
:1076B000BDFB19FB00F318F0060F9FB218BF4FEA8D
:1076C0004708F0EE480AB0EE480A48460CBFB846F4
:1076D0001FFA88F804F022FCF0EE680AB0EE480ABF
:1076E0008246484604F01AFC07EE900A019BB8EE69
:1076F000E78ADFED6D7AD3ED048A8044987D28EE29
:10770000278A02F085FFF0EE680AB0EE401A49467B
:10771000B0EE480A012004F0BDFA00221146AAEB9F
:10772000070A07462846F9F7CBFE00220121284622
:10773000F9F7ECFE002201212846F9F70DFF00229F
:1077400004212846F9F72EFF002239462846F9F78A
:107750004FFF00220F212846F9F770FF0022012178
:107760002846F9F791FF284600220121F9F7B2FFD8
:10777000A8EB0A0828461FFA88F8B8FBF9F8FDF7C5
:10778000EDFF08B10123AB74002201212846F9F76F
:10779000C7FF514601222846F9F792FE41460122D1
:1077A0002846F9F7B3FE494601222846F9F7D4FEE8
:1077B000012211462846F9F7F5FE394601222846EE
:1077C000F9F716FF012205212846F9F737FF0122B4
:1077D00011462846F9F758FF012211462846F9F7C5
:1077E00079FF012211462846F9F79AFF022128461F
:1077F000FDF7CEFF28460A21FDF7D4FF019B28465E
:1078000093F82980FDF7AAFF08B185F86A8004F192
:10781000C0012846FEF7A4FA00283FF4C7AC606612
:107820002565284604F1880304F15C0204F148014F
:1078300002F022FF00283FF4BCAC16E5431EDBB289
:10784000042B07EE901A94BF104DDFED116AB8EECD
:10785000677ADFED157A9CBF05EB8303D3ED006AF1
:1078600027EE277AC6EE877AFCEEE77A17EE903A93
:107870009BB2DFE5986E0108B06E0108B86E010892
:1078800044790108007901080FB037130C3A010858
:107890000000000088000020666646403333A340A5
:1078A00033334B41000094410AD7233B002A7FF435
:1078B00044AC1C2225AB039802FB0632B04205F112
:1078C000010104D9137ED71801333D751376CDB26B
:1078D000042DF3D140E4404604F068FA0490404699
:1078E00004F064FA030700F10584470700F12D85D1
:1078F000810740F13083019F5046B98904F04AF96D
:1079000081460146504603F091FA19FB00F39BB201
:1079100007EE903A3B7D032BB8EE678A00F0858531
:10792000019B1FED1F7AD3ED027A48EE077A4FF0E4
:1079300001091FED277AF4EEC77AF1EE10FA00F193
:1079400017831FED2A7AF4EEC77AF1EE10FA00F1F0
:107950004685B1EE0C7AF4EEC77AF1EE10FA00F13A
:107960002C851FED317AF4EEC77AF1EE10FA00F1B2
:107970003A851FED347AF4EEC77AF1EE10FA4CBF77
:10798000042305230693049B13F00202029200F0E5
:107990009680019B9F8993ED018A3946012004F06E
:1079A000F9F801468246012003F040FA019B10FBE2
:1079B0000AF9987B93F814B0032828BF03205A468D
:1079C000394604F029F9019BD3ED020A08F0FAF9CF
:1079D000049BDA071FFA89F9F0EE408A00F1A384CC
:1079E0004F46BBF1030F00F0EC840022F0EE480A92
:1079F000B0EE480A5046079204F090FAF0EE680A9A
:107A0000B0EE480A0290504604F088FA029B079AAA
:107A1000834208BF03EB0A0007EE900ADB1BA3EBCF
:107A2000020B019BB8EEE78A5FED617AD3ED048A21
:107A30008144987D28EE278A914402F0E9FDF0EE1A
:107A4000680AB0EE401A5146B0EE480A012004F030
:107A500021F9A9EB0B090746594600222846F9F7F8
:107A60002FFD1FFA89F900222846B9FBFAF9494689
:107A7000F9F74CFD514600222846F9F76DFD00222A
:107A800001212846F9F78EFD394600222846F9F7EC
:107A9000AFFD00220A212846F9F7D0FD002201217E
:107AA0002846F9F7F1FD002201212846F9F712FED8
:107AB000069900222846F9F733FE01230293049B1E
:107AC00003F0080B5B0700F16582BBF1000F3FF488
:107AD000A1AB019B93ED018A93F80E909F8993F8D7
:107AE00014A0049B580740F05984019B394648462E
:107AF000D3ED028A04F04EF883460146484603F06F
:107B000095F9049A1BFB00F39BB232F0080209932B
:107B100016BF5B00099B9BB2BAF1030F0A9300F0FA
:107B2000578400230893029BF4EEC88AC3F1050A28
:107B3000F1EE10FA5FFA8AFA00F1208207EE90AABD
:107B4000F8EE677AF7EE006A38EEC87A77EEE67AF2
:107B500011ABC7EE276A0AF1FF301946002297B22F
:107B60000132904207EE907AF8EE677AB0EE487AEA
:107B700007EEA67AA1EC017AF1D848AA02EB8A02B4
:107B800042ED388A1FEDB88A049400270DF1580998
:107B90001C46B4EC010A80EE080A07F065FDFDEE14
:107BA000C07A17EE902A92FBFBF20BFB02F249F827
:107BB00027200137FAB29245EBD80223049C9C4659
:107BC00048AA02EB8C0259F82C0052F8CC7CB8423F
:107BD000194609EB8C0200F018810133DBB25345E2
:107BE00080F024810FFA83FCEAE7DFF88C929B4A4D
:107BF000D9F880309A49079D089C80469847049B95
:107C0000023345F8238040E4079D059B089CC5F896
:107C1000CC32069BC5F8D0320023E56363601D4675
:107C2000636C1593A36C1293E36C1493636D1393BD
:107C30000F9E236D11930DF1440AA8465AF8047B58
:107C40003846A7B1FDF78AFD20B116A9381DFCF70B
:107C5000BFF838B9EB1C23F00303DFF81C92A360D4
:107C6000FFF7E2B9BDF858309D4238BF1D4608F114
:107C700001081FFA88F8B8F1050FDFD1EB1CE26BA1
:107C800023F00303C4E902331AB1764B1168994219
:107C900009D0DFF8E491744AD9F8803073490020A4
:107CA0009847FFF7C1B9D2E9B335B3F5E86F38BFEC
:107CB0004FF4E863236100232375204602F08CFC17
:107CC0008046204602F06CFC20B1019B1B7D023BEC
:107CD0005842584180F0010088F0010884F84200C1
:107CE00084F84180204602F05BFC002868D156B140
:107CF00001220023A283A361042620B1042226626C
:107D0000A08412FB0066321D1544291D4FF48033F8
:107D1000C4E90C51C4E90A62A363FDF7EDFC054612
:107D200000283FF446AA00226FF01D01F9F7C8FBB6
:107D3000002232212846F9F7E9FB002201212846DA
:107D4000F9F70AFC002240212846F9F751FC2846A1
:107D500000221021F9F772FC2846FDF7FFFC08B15C
:107D60000123EB73002201212846F9F78DFC2846F8
:107D700000220121F9F7AEFC2846FDF7EFFC08B11F
:107D80000123AB74002201212846F9F70BFC0022E5
:107D900002212846F9F7C4FC01212846FDF702FD1F
:107DA00001212846FDF7F4FC04F16C012846FDF79B
:107DB000D7FF00283FF4FAA96564A065FFF73EB934
:107DC000606DFDF7B1FC002E97D091E7F61ABE87E3
:107DD000551BE26A258701FB0323272A6363CCBF77
:107DE0000022012204F1480303F04CF8002840F07F
:107DF000A481DFF884901E4AD9F880301849079D85
:107E0000A046089C9847FFF72FBB0AF1FF3A03E012
:107E1000506842F8040B01315145F9D35FFA8AFAF0
:107E2000534503D2BAF1020F7FF4CAAE059B002B73
:107E30003FF4BCA90AF1FF31C9B200234A1ECDF8B4
:107E40002C80CDF830A0CDE90D649FED0A9ADDF8C5
:107E5000048005921F460791CA4663E01C79010819
:107E60000079010852D1C0AC307A0108C07801080D
:107E7000C87901080AD7233B88000020164607EE80
:107E8000902A98F8160098F80E900493B8EEE78AB6
:107E9000F61AD8ED048A02F0BBFB28EE098AB0EE90
:107EA000401AF0EE680AB0EE480A5946484603F018
:107EB000F1FE049B8146194622462846F9F700FB4D
:107EC000B6B222462846B6FBFBF63146F9F71EFB52
:107ED000224659462846F9F73FFB98F80E102246ED
:107EE0002846F9F75FFB224649462846F9F780FB0A
:107EF00022460A212846F9F7A1FB224601212846FD
:107F0000F9F7C2FB224601212846F9F7E3FB224696
:107F100006992846F9F704FC0137079AFBB29A4202
:107F20007FF66EA9029BDC19E4B2DAF800305AF849
:107F3000042F1FB90A995B1A08995B1A05998F4299
:107F40009CD109998E1808990E4498E701339BB289
:107F50000393FFF7B3B8DFF8C49299F888302BB1D8
:107F6000D9F88030A74AA849504698474FF00309EE
:107F7000B9F1010318BF0123069304E5DFF89C92D1
:107F8000A24AD9F88030A0490020984700230593E1
:107F900011ABF7E5019F3B7DB7F80C9007931A46AC
:107FA000494603209A4603F037FE97ED018AF0EE2A
:107FB000400AB0EE480A07F0E7FE5246B87BD7ED1C
:107FC000028A4946B0EE408A03F026FEF0EE400AEF
:107FD000B0EE680A07F0F6FE49460320F0EE408A4C
:107FE00003F0D8FD82460146032002F01FFF1AFB72
:107FF00000F31FFA83F9049B9F07079B1ABF4FEA00
:10800000490297B24F46032B00F009820021F0EE9F
:10801000480AB0EE480A5046089103F07FFFF0EEA0
:10802000680AB0EE480A0790504603F077FF079AB7
:108030000899824208BF02EB0A0007EE900AD21BA1
:1080400009EB0003A2EB0109019A0B44B8EEE78AA1
:10805000DFED6F7A907DD2ED048AA3EB090328EE61
:10806000278A9BB2B3FBFAF3079302F0D1FAF0EE42
:10807000680AB0EE401A5146B0EE480A032003F0F9
:1080800009FE4946DDF8089007464A462846F9F7B2
:1080900017FA07994A462846F9F738FA4A465146E8
:1080A0002846F9F759FA4A4603212846F9F77AFA99
:1080B0004A4639462846F9F79BFA4A460A21284695
:1080C000F9F7BCFA4A4601212846F9F7DDFA4A4693
:1080D00001212846F9F7FEFA06994A462846F9F79B
:1080E0001FFB4B460133DBB20293BBF1000F3FF4A1
:1080F00094A8EEE4019F97F80E90B989484603F0E2
:1081000049FD82460146484602F090FE1AFB00F304
:108110009BB207EE903A3B7D032BB8EE678A00F0E6
:108120007381019B9FED3A7AD3ED027A48EE077A8C
:10813000FFF7FFBB1A76FFF7BCBBD4ED026A2379C9
:10814000B1EE0C7AF2EE007A46EEC77A022BC4ED5D
:10815000157A68D9032B40F04A81228DA37FDFED89
:108160002C6ADFED2C7A07EE102AB8EE477A013B35
:1081700027EE267ADBB2042BB4EEE77A00F26B81AD
:10818000F1EE10FA40F36A81234901EB8303D3ED4A
:10819000006AB5EE006A26EE866AF7EE005AC6EE71
:1081A000077AF4EEE57AF1EE10FA40F36581FCEE21
:1081B000E77A17EE903A9BB2F1EE007A66EEA77A74
:1081C000F6EE006A67EEA67AC7EE876AA4F8583022
:1081D000FCEEE66A16EE901A89B20B449BB2A4F844
:1081E0005A10A4F85C30E16A30339BB28B4217DB43
:1081F000002A40F03781A046079D089CDFF81C90BC
:10820000FFF732B954780108787801089C780108A2
:108210000AD7233BACC527370C3A01088800002059
:108220000023A4F85E300A9B218F022B5FD000222E
:108230000B98238E78B903EB8300400080B2C4F81A
:10824000A820A4F8B00002EB80020A20C4F8B420F1
:10825000A4F8BC0028320C335B0001F11F009BB274
:10826000A4F8703040099B006367A4F87C0003EB1E
:1082700080030020A066480889074FF0010148BF2D
:10828000013021760999C4F8803003EB4003A4F84B
:108290008800C4F8D820C4F88C3041F8044F059801
:1082A00048610698886209917448216881420BD020
:1082B000DFF8E891724AD9F8803072490020DDE990
:1082C00007549847FFF7E1B80599033323F00303F8
:1082D00019440332069B059122F0030213440693CE
:1082E000049B013304930AF11C0AFEF7E2BF00224B
:1082F0006379C4F890208A00A4F89810C4F89C20F0
:108300007BB1637FA4F8A43002EB8303C4F8C030D0
:108310001344A4F8C810C4F8CC301A44A4F8D410FC
:1083200086E70123EEE739465A46012003F074FC44
:10833000F0EE400AB0EE480A07F026FD4FEA490386
:10834000B0EE408A9FB2FFF74CBB019F0320B98972
:1083500003F020FC81460146032002F067FD19FB73
:1083600000F39BB2387D07EE903A0328B8EE678A97
:1083700067D0019B9FED447AD3ED027A4FF0030959
:1083800048EE077AFFF7D5BADFF810913F4AD9F8DF
:1083900080303F499847E563FEF746BE524639466E
:1083A000484603F039FCF0EE400AB0EE480A07F008
:1083B000EBFCB0EE408AFFF798BB02230693FFF771
:1083C000E2BA5146012003F091FD0246FFF70EBBD1
:1083D0004846594603F08AFD0890FFF7A4BB0123E5
:1083E0000693FFF7D0BA03230693FFF7CCBADFF862
:1083F000AC90284AD9F880302249079D0020A04639
:10840000089C9847FFF730B85146484603F06EFD88
:1084100007EE900AF8EE677A38EE278A81E6514631
:10842000184603F063FD0146F1E54946504603F066
:108430005DFD07EE900AF8EE677A38EE278AFFF7BF
:108440006FBA494603F052FD07EE900AF8EE677ADC
:1084500038EE278A8DE7F1EE10FA0BDCF7EE006AB2
:108460000123B3E65B1A9BB2B3FBF2F30133A4F82A
:108470005E30D8E6DFED086A01239DE6E1AFA10F8B
:10848000147A0108007901080AD7233BE078010833
:10849000C0780108AC7901080000000088000020C5
:1084A00008B518B1064B02689A4207D0054B064A38
:1084B0001B69064900209847002008BD012008BD1F
:1084C00030D1C0ACF8000020707A01084078010873
:1084D00010B590F840400368114A7CB9934207D028
:1084E000104B114A1B69114920469847204610BD80
:1084F000446D003C18BF0124204610BD934208D0B3
:10850000084B094A1B690949002001249847204665
:1085100010BD046DB4FA84F46409204610BD00BF98
:1085200030D1C0ACF8000020707A01084078010812
:108530002DE9F04720B11A4B02689A42064608D04E
:10854000184B194A1B691949002098470020BDE8BB
:10855000F087B0F844C0BCF1000FF7D0DFF84490CA
:10856000DFF850A0DFF85080051D002408E0D9F89E
:1085700010309847B6F844C00134A3B29C45E5D901
:1085800055F8043F0A4952460020002BEFD01F68DF
:108590004745ECD11B79022BEED10120BDE8F087D5
:1085A00052D1C0ACF8000020307A0108C078010830
:1085B00000790108147A0108E1AFA10F07EE900AD3
:1085C0009FED1B7AF8EE677A67EE877A9FED197A4E
:1085D000F4EEC77AF1EE10FA25DDF5EE006A60EEF2
:1085E000266AB1EE006A86EEA77AF7EE006AB4EE6C
:1085F000E67A20EE060AF1EE10FAB6EE006AC8BF7F
:10860000BCEEC77A20EE060AC8BF17EE103A80EE1D
:10861000277ACCBF98B20120BCEEC77A17EE103A89
:10862000184480B270470120B7EE007AF4E700BF2B
:108630000AD7233BACC5273770B5BDF91040BDF84C
:10864000185005EE104ABDF81440002B00F082804F
:10865000002D7FD0DDF81CC0DDF820E004EE104ACC
:108660004E1E02EB4304F7EE004AFEEE003A0CEB1E
:1086700085055CE0591CB34200EB81014FD207EE47
:10868000903A11ED026AD1ED005A51ED016AF8EE0F
:10869000677A35EEE67A37EEE43A76EE655A76EEAC
:1086A000C66A65EEA75A77EEA42A27EE037A77EE1C
:1086B000A77A37EE257A62EEA65A77EEE47A37EE9D
:1086C000257AF8EE445A27EE237A67EE877A37EE5A
:1086D000072A76EEE77A63EE076AF1EE671AC1EED3
:1086E000822A66EE836A27EE227A36EE666A23EEE7
:1086F000273AB8EEC52A67EEA27A65EEA26A27EE9F
:10870000227A36EE436A37EE277A76EE826A36EEC2
:10871000076A66EE807ACCED007A8EED006AA2429E
:108720000CF1040C0EF1040E14D0AC4512D032F84A
:10873000023B002B9ED1F8EEC57AA24267EE807A0A
:108740000CF1040C4CED017A0368CEF800300EF108
:10875000040EEAD170BD00BF10B54C081FD001391E
:108760008BB2024600F1040C00EBC40400EBC30121
:10877000D2F804E05CED017AD1ED006A91ED017A66
:108780004CED016A0832013BA24202ED017A9BB234
:10879000C1ED007AC1F804E00CF1080CE6D110BD7F
:1087A000012952D02DE9F04F4FF0000885B08946DD
:1087B0000546174601F1FF3A43466C46A9EB030311
:1087C000012B03F1FF3636D04FF0000EF44617E0D0
:1087D000B4EEE66AF1EE10FA0BD59CE80F0084E8DF
:1087E0000F009BE80F008CE80F0094E80F008BE867
:1087F0000F000EF1010E1FFA8EFEB645F4461AD296
:1088000005EB0C1BDC469CED007A9CED026ADBED6F
:10881000047ADBED066A0BF1100B002FD8D1B4EE11
:10882000E77AF1EE10FAD8DC0EF1010E1FFA8EFE97
:10883000B645F446E4D308F101081FFA88F8D0459C
:108840004346BBD305B0BDE8F08F70472DE9F84F24
:10885000064618B1344B02689A4224D0334B344A4E
:108860001B693449002098474FF00108DFF8BC909D
:10887000DFF8BCB0DFF8BCA035460024CEB9D9F88B
:1088800010305A46514630469847D9F810305A466B
:108890005146002001349847A04505F11405EDD15B
:1088A000DC20BDE8F88F90F86280B8F1000FDDD1D0
:1088B000F6E733681C4FBB4212D0D9F810301D497F
:1088C0005A46002098473368BB42DED1E2B2032A01
:1088D00012D80134444505F11405E1D0BB42ECD176
:1088E000E2B2032A15D9D9F81030134A11490020F1
:1088F00098473368BB42C8D1D9F810300E4A0D49A9
:10890000002001349847444505F11405C8D0336868
:10891000D1E72A7D6989052ADBD10129D9D14FF414
:10892000B070BDE8F88F00BF0FB03713F80000201B
:10893000986E0108B06E0108B86E01082DE9F04F7D
:1089400087B04FF0000E164600EB41090290821EE0
:10895000CDE90316A9F1120935464FF0010BF24695
:10896000F4467046CDF804E005931EE040F2EE2197
:108970008B4240DC634500DD9C464FF0000BBEF1AE
:10898000000F0ABF4FF0000B70460120CAF100082B
:108990004345019BB8BFA4EB060ABB4238BF3B4628
:1089A0009145019305F102052BD0568A32F8024F0A
:1089B000331B03F50048B8F5803F2746D6D240F276
:1089C000EE218B422B8007DD178868B9634515DDE2
:1089D0009C464FF0010ED9E7514917889C45B8BF16
:1089E0009C468B42D2DACAE7634500DD9C46864648
:1089F0004FF0000BCAE74FF0000BE6E74FF0010E17
:108A0000C4E71946DDE90346059BBBF1000F03D11E
:108A1000002007B0BDE8F08FBEF1000FF8D00028AD
:108A2000F6D0CDE9031C0027A4F11C09B84606F1D5
:108A300012043D463E46BE46D34634F9021F019617
:108A400001EB810C01EB4C010A22A246A4463CF941
:108A5000026D02FB06113AF9026F02FB0611013AA0
:108A6000F5D1019EA942C4BFF0460D468E42C8BF53
:108A700077460EF1010EC8BF0E46F145DDD14CF22E
:108A80005034A542DDE9031CDA46C1DD254CA6427F
:108A9000BEDABCF1000FBBD0BBF1000FB8D0029C16
:108AA000119D2488C900E4004DB18C4205D2ACEB85
:108AB0000402013A0A44B2FBFCF2119D2A60109AAA
:108AC000002AA6D0002BA4D0029A08F10E0532F895
:108AD0001520B4EBC20F4FEAC20606D2ACEB040479
:108AE000013C3444B4FBFCF42D1B029A0E3732F8DF
:108AF0001720B1EBC20F4FEAC20405D94A1E5244F7
:108B0000121BB2FBFAF2BF1A55EA070280D4BD422B
:108B10003FF77EAF109A7F1B17601D6079E700BF9B
:108B200012FDFFFFB03CFFFF094A0A4B12680A49D9
:108B3000D360086804E00B681B1AB3F57A7F04D889
:108B4000D3689B06F7D5002070470320704700BF0D
:108B5000180100205FFF0300F40000200F49104AB5
:108B6000086813691B0704D50D4B1869C0F3C000D2
:108B700070470B681B1AB3F57A7FF5D272B613698A
:108B80001B0700D430BF62B6BFF36F8F13691B079A
:108B9000EFD5034B1869C0F3C0007047F400002004
:108BA00000040048D1ED005AD1ED017A60EE255A5B
:108BB00020EE270A4AB390ED004AD0ED014A90ED2D
:108BC000025A0B1D01EBC202D1ED017A13ED017ABD
:108BD00064EE276A24EE076A76EE806A36EE256A2E
:108BE000083124EE877A66EE055A64EEA77A26EEFF
:108BF000850A914203ED016A77EE655A37EEC00AA5
:108C000041ED016A03F10803DED1704730B583B04E
:108C10000446069D0095FDF7F3FE08B903B030BD8C
:108C2000204603B0BDE83040FDF7C4BB4FF0000C58
:108C300092ED037ADFED257AC3F800C0C3F804C0D3
:108C4000C3F808C0C3F80CC0D9B302EB001C084439
:108C500002EB0012F0EE676AB0EE676ADCED005AD4
:108C600036EE256A0CF1100C83ED006A5CED035AB8
:108C700076EEA56AC3ED016A5CED025A77EEA57A3D
:108C8000C3ED027A5CED015AB4EE657AF1EE10FAAA
:108C900048BFB0EE657A6245E0D105EE901AF8EE75
:108CA000655A83ED037A86EE255A012086EEA56A81
:108CB00087EEA57A83ED005A83ED016A83ED027A8F
:108CC0007047F0EE676AB0EE676AE6E70000000002
:108CD0002DE9F04105462DED028B0E461F4682B967
:108CE0001032012035F81230089A07EE903ABDECA8
:108CF000028BF8EE677AC7ED007A33681360BDE83F
:108D0000F081294B90F81D80D3ED008AB0EE408AA7
:108D1000F8EE688A9FED250A80EE280A06F0A4FC8A
:108D20000024B5F828C0E86A68EE808AB3EE087AB5
:108D300068EE878AF7EE007A87EEA87ADFED1C6A84
:108D400027EE267AF6EE007A27EE277A02E0CCB2FA
:108D5000A0451ED305EB4403611C9A8F12FB0CF255
:108D600010FA82F307EE903AF8EEE77A67EE877A28
:108D7000B4EEE78AF1EE10FAE9D554B1A04508D374
:108D8000621ED2B2032A04D8AB185B7E06EB8306C0
:108D9000A6E7084B084A1B69084900209847BDEC24
:108DA000028B0020BDE8F08114010020F902154F6C
:108DB000C2F38E4DF8000020887A0108007901087E
:108DC00010B5B4EEE00AF1EE10FA2DED068B044674
:108DD000F0EE409AB0EE609AB0EE418AF0EE618A11
:108DE00003D5F0EE609AB0EE409AB4EEE88AF1EE68
:108DF00010FA05D5F0EE487AB0EE688AF0EE678A90
:108E0000F0EE490AB0EE680A06F0BEFFF0EE400A46
:108E1000B0EE480A06F0D6FFF0EE680AB0EE40AABF
:108E2000B0EE690A06F0B0FFF0EE400AB0EE480A74
:108E300006F0C8FF30EE4A0AB4EEC98AB0EEC00AA6
:108E4000F1EE10FA84ED000A09DDF4EEE89AF1EE95
:108E500010FACCBF01200020BDEC068B10BD002015
:108E6000FAE700BF08B507EE901A0138F8EE677A06
:108E70009FED307AC0B204282DED028B67EE877A21
:108E800055D82D4B03EB800393ED000A30EE000A1A
:108E900080EE270A06F09EFBF0EE007A30EE278A7D
:108EA000B6EE000A28EE000A06F094FBBCEEC07A8B
:108EB000FCEEC87A17EE103AB7EE006A70EE465A2A
:108EC00099B217EE903AF0EE406A86EE257A9AB2A1
:108ED0009FED1A0A71B1002398B207EE900AF8EEDE
:108EE000677A013367EE877A994267EEA77A30EEA8
:108EF000270AF1D138EE668AF7EE007A38EE678AF3
:108F0000521A002A87EE887A0EDD002307EE903A87
:108F1000F8EE677A013367EE877A9BB267EEA77A3D
:108F2000934230EE270AF1DBBDEC028B08BD9FEDCA
:108F3000030AADE70AD7233B0C3A01080000000002
:108F40002DE9F041064614461D46B3B103F1FF3C3E
:108F50001FFA8CFC4FF6FF770CF1060301EBCC02F5
:108F60009BB20CF1FF3C04EBC3031FFA8CFC1068AE
:108F700052685A60BC451860EED1681D4FEA450C36
:108F800005F10C0780B21FFA8CFCAB1DBFB204EBDD
:108F9000C0000CF10A0C9BB2A04604F1300E224630
:108FA00094ED0D7AD4ED0C7A98ED0F6AD8ED0E6A37
:108FB00037EE077A77EEA77A37EE467A77EEE67ADB
:108FC00082ED0B7AC2ED0A7AACEB0301D0ED017AA7
:108FD00090ED007A89B204EBC10191ED016AD1ED07
:108FE000006A77EEA77A37EE077A77EEC67A37EE21
:108FF000667A08F1080804EBC301F04503F10103A8
:1090000081ED007AC1ED017AA2F108029BB2C7D1CD
:10901000D6ED027AD6ED006A96ED017A67EEA66A81
:10902000B7EE006A37EE667A77EE867A3A46C7EE92
:10903000273A21463046B0EE630AFFF7B3FD3946C2
:109040002046FFF789FBB0EE630A3A4621463046D8
:10905000FFF7A8FD39462046FFF77EFBEA004146B0
:10906000BDE8F04108F048BE2DE9F04F2DED0A8B28
:1090700095B0B0F86070029343799DF8A0B0B0F855
:109080003090064601EB8707002B50D0C56EB9F132
:10909000000F40D09FEDCE6A2B4607EB8902B7F94F
:1090A000021007EE101A37F9041BB8EEC77A07EE64
:1090B000901A67EE066AF8EEE77A83ED017A77EEAA
:1090C000A67ABA4203F1080343ED027AE7D1B9F177
:1090D000060F22D94B462A46294606F14800FFF7DB
:1090E0002FFF338FF46E728F83B1254605EB830615
:1090F00004EBC20494ED000AD4ED010A07F0E8FF86
:10910000A5EC010AAE4204F10804F3D115B0BDECA0
:109110000A8BBDE8F08F4FF00009AE4AAE491469E2
:10912000AE4A0723009300204B46A047D9E709F138
:1091300001059446AC0001230AAA02EB8302013325
:10914000086842F8040C0B2B2144F5D10595CDE9B4
:1091500003769FEDA39ADFEDA38A9FED9D8A0AAC6B
:109160000DF1500AE046654609E0002E40F0D5803A
:1091700085ED008A0434A24505F104051BD0B4F93D
:109180000070B4F90260002FEFD007EE907AB8EECD
:10919000E70A07EE906AF8EEE77A87EE800A08F0B1
:1091A000A9F8002FC0F2BF800434A24505F10405E0
:1091B00005ED010AE3D1DDE90376059DC446BBF167
:1091C000000F10D096ED157ADFED877A27EE277A1B
:1091D00008F128024346D3ED007A77EE277AE3ECD4
:1091E000017A9A42F7D1029B002B40F0C580F56EC0
:1091F000D6F8B820D6F8AC30B9F1000F8BD0CDE955
:10920000085602F1280A09F1010B9FED719A0692A6
:10921000B2EE04AA52461FFA8BFB28460021CDF875
:109220001CC09A464C1C9FED6ABA0D46A1B2DDE9FE
:109230000668CDE90410F0EE4BBA0C4657E0D8EDC5
:10924000007A96ED000A30EE670A60EE097A79EE50
:10925000400A77EE897AF4EE607AF1EE10FA80F146
:10926000C980B0EE490A039207F07AFF0AEB850C39
:10927000F0EE409ABCF90230039A00EE103AB8EED4
:10928000C00A3AF9253020EE091A70EE091A0CEEE0
:10929000103AB4EE611AF1EE10FAB8EECCCAF0EE64
:1092A00060AA80F1B28031EE0C1A2AEEA16A29EE92
:1092B000817A6AEE817A69EEA16A37EE467A77EEB4
:1092C000A67AF4EE477AF1EE10FA73D638EEC77A42
:1092D00078EE677A7BEE87BA3BEE27BA04365C44B9
:1092E0004D44B242A4B2ADB208F1040822D007EB5B
:1092F000840CBCF9023008EE103A37F9243008EE3D
:10930000903A029BB8EEC88AF8EEE88A002B96D015
:109310007BEEA8BA3BEE08BAE0E7D6BF334BC5ED0B
:10932000008A2B6026E7002E21DB30EE090A85ED4E
:10933000000A1FE78BEE0A0ADDE904108BEE8A8A29
:1093400020EE097A70EE097AB4EE677AF1EE10FA3F
:1093500069D638EE078A8945C0ED017A80ED008A2A
:1093600000F108007FF45EAFDDE90856AFE6DFEDFF
:109370001C7A30EE670A17E700244A46E046294681
:1093800001E0328E511C11FB04F189B2081BD6F8A2
:10939000AC30013180B289B2920007EB810103EB5E
:1093A0008000013408F0D4FC0A2CEAD1B6F83090E1
:1093B000C4461CE7F0EE6A0AB0EE690A039209F0AF
:1093C000E5FA039AB0EE407AF0EE607A7EE700BFED
:1093D00000000000F8000020E07A0108AC7A0108E3
:1093E000DB0F4940DB0FC93FCDCC4C3DDB0FC9BF84
:1093F000000000001FED021A0392FFEE001AF0EECB
:10940000410A09F0C3FA039A2DE71FED071AF7EE98
:10941000001AF0EE410A09F0B9FA039A70EE891ABF
:10942000B0EE401A3FE71FED0E1A0391F7EE001A57
:10943000F0EE410ACDE9040209F0A8FADDE90402E0
:1094400070EE897A0399B0EE407A82E72DE9F04F09
:109450002DED0E8BADF2844D1E46DDF8E074DDF887
:10946000E4540B91002309923B7020B1B34B026886
:109470009A4204460CD0B24BB24A1B69B249002052
:10948000984700200DF2844DBDEC0E8BBDE8F08FA7
:109490000999002900F01C81026B8B58B2B101F1CF
:1094A000FF3CAA480CEB020E4FF0FF321CF8011FE4
:1094B0004FF008084A4042F300010140B8F10108AA
:1094C00081EA5202F7D1E645F0D1D243934240F00F
:1094D000FF80B4F83AC04FEA8C03BCF1000F13D000
:1094E0009A4803EB0608B6464FF0FF321EF8013BE0
:1094F00008215A4042F300030340013983EA520233
:10950000F8D1F045F2D1D34356F82C209A4240F0DE
:10951000E6802046FEF7DCFF94F840800C90B8F11E
:10952000000F40F02B810C9BB3F1010918BF4FF0E5
:10953000010957AB87F800904146C4F8F880C4F899
:10954000FC80C4F80081A42218460D9307F0D2FFD6
:10955000606E04F1F8070B993A46FCF741F9AF65E4
:1095600094F840E0D4F80831BEF1000F40F0D88004
:10957000226D2A6604F1C001E9651BB1384698479F
:1095800094F840E094F8FA30B4F9FC200F92002BE4
:1095900040F00F8194F80431002B00F05782012332
:1095A00084F80431E3681293E36BD4F800B10793B5
:1095B000BEF1000F40F00181A269238F099906EBEB
:1095C000830393ED00BAA36ACB5E1093E36A13930F
:1095D000BBF1000F00F09D80079BB3F84430002BD7
:1095E00000F08980099BDFF858A1CDF85CB01344E6
:1095F0000E93079BCDF85090043306930023012669
:109600009846CDF828E01594CDF8E45412E0DAF845
:1096100010304F4A4F49002098470A9A002393423E
:1096200016D0079B08F10108B3F844201FFA88F30D
:109630009A425BD9069B53F8044F0693002CE6D060
:109640002368454A9342E2D163790A9A9342E8D16A
:109650000025502229462FA880AFCDF87A50CDF8AA
:109660007E50CDF88250CDF88650CDF88A50CDF896
:109670008E50ADF8925007F03DFF5022294643A886
:1096800007F038FF50222946384607F033FF43AB36
:10969000069A21932FAB1F931423ADF878302397AC
:1096A0005369926A24B121682B48814200F0878077
:1096B000DAF810302749264A002098470026B8F1EA
:1096C000000FAED1079A9DF8923082F8CA32A8E70F
:1096D0001B4B224A1B691C4900209847D1E6184BB6
:1096E0001F4A1B69184900209847CAE6DDE914940F
:1096F000DDF8E4546EB1B9F1000F40F094820C9B98
:1097000084F8403001200DF2844DBDEC0E8BBDE895
:10971000F08F0B4B134A1B690B4900209847B0E6AA
:10972000BEF1010F40F01782626D2A6604F1DC0180
:10973000E965002B7FF422AF24E700BF30D1C0AC35
:10974000F8000020707A0108407801082083B8ED05
:10975000147A010800790108E1AFA10FF87A010835
:10976000207B0108A87B0108583934BB8E407C3F20
:10977000F902154FC2F38E4D000000004FF0000AB1
:1097800057AB4FF0010987F80090A422C4F8F8A065
:10979000C4F8FCA0C4F800A1514618460D9307F088
:1097A000A9FEC84504F1F80740F0D381A06EC14678
:1097B000D1E60F9BA4F80631F1E6226AFDE6129984
:1097C0000B440B990B4413990A4409990A44A16E5E
:1097D0001944E166616F1944A167D4F880100B4405
:1097E000C4F884302379022B13D1D4F89030134479
:1097F000C4F89430D4F89C301344C4F8A030D4F8A2
:10980000C0301344C4F8C430D4F8CC301344C4F886
:10981000D0306379002B00F0A5812822002100269A
:1098200025A807F067FE33461799009625AA20461B
:10983000FFF71AFC238F1D46002B00F057850122ED
:109840005FED37AA1FED37AA5FED358A5FED389AD5
:109850001FED389A1897B3461692B146CDF844805A
:109860001F4623794FEA8B05032B00F20086DFE8C1
:1098700013F0E90086002A0004006379002B00F051
:10988000E980617F002900F0BA81013989B204F1D1
:109890003E085FED477A08EB410104F13C0304F117
:1098A000190233F8020B484508D81888484505D9ED
:1098B00010780E9E06EB8000D0ED007A994202F1FE
:1098C0000102EED1C9E0A37FDDE90F21013BDBB24C
:1098D000042BA2EB010212B294BFCC49DFEDCC7A8B
:1098E00007EE102A9CBF01EB8303D3ED057AB8EE97
:1098F000C78AB0EE000AC8EE270AF1EE600A05F04A
:10990000A7FDD4F89430628F617F2B4493ED007AE9
:10991000637968EE2A7A4A4477EE8A7A60EE076ABB
:1099200092B2002B00F0E080002900F06381013941
:1099300004F13C031FFA81FE04F13E089FEDB57A65
:10994000089308EB4E0E184604F1190630F802CBC6
:1099500062450AD3B0F800C0944506D996F800C015
:109960000E9B03EB8C0C9CED007A864506F10106FC
:10997000ECD1089BD4F8A00027EE077AC3E0A64BF1
:109980001B68089307EE903AB8EE678A1DAE89EE21
:10999000880A05F069FE238D626B0E9913FB09F3AB
:1099A00012FA83F31CAF6279204668EE007AB3EEB8
:1099B000087A67EE877AB7EE006A86EE277A08EEB5
:1099C000103A67EE097AF6EE006A67EEA67AB8EE0C
:1099D000C88AD4ED04BA009728EE278A3346B0EE41
:1099E000480AFFF775F91690002840F0D581F0EE8F
:1099F000687AE66E278FA06F354495ED007A4FEABE
:109A00005B1109F01F0950F821300122B4EEE77A0A
:109A10000BF1010B02FA09F2F1EE10FA1FFA8BF9C1
:109A2000CCBF134393434F4540F821303D463FF6AA
:109A300018AF169BDDF84480189F002B40F09D80E6
:109A400001263CE6D4ED037AE66ED4E70F9AA4F83B
:109A50000621A5E50E9BD3ED007AB4F85A20B4F8A0
:109A60005810E66E53189BB299453AD3F81A80B253
:109A7000814536D2B4F85E0010440132A9EB0303ED
:109A80004A449BB292B20844002900F0628201EB82
:109A9000020C9FED607A06EB830306EB820206EB75
:109AA0008C0C8345A4BFD3ED006A37EE267AF2EC26
:109AB000016A944537EE267A03F10403F1D14B0095
:109AC0009BB2002B00F0458206EE903AF8EE666AF3
:109AD00087EE266A94ED157A67EE877A77EE867AB6
:109AE00089E7DFED4E7A86E70E9B93ED007A27EE4D
:109AF000077A002900F08680D4F8A000013904F12B
:109B00003C0304F13E0889B208EB4101B0EE686AFB
:109B100033F8026BB24204D31E88964288BF90EDA0
:109B2000006A994200F10400F2D166EE065A26EE70
:109B3000A66A67EE277A26EE257A94ED156AE66E18
:109B400037EE277AF1EEC77A67EE867A77EEA67A55
:109B500051E75046FFE40021C5E91711002B7FF4BF
:109B60000DAD0FE5D4F8A8301344C4F8AC30D4F8E8
:109B7000B4301A44C4F8B8204FE6D4F884301993AE
:109B8000012DB4F888301A9340F2B48342464FF066
:109B9000000B01236FF04049691E1B94A846BE4686
:109BA0001BE05C0903F01F0550F82440EC40E4077B
:109BB00036D503EB090406EB840494ED007AD4ED6A
:109BC000017AB4EEE77A5C1CF1EE10FAA4B2C0F2AE
:109BD00061812346984540F2B0815C1E650904F01E
:109BE0001F0450F8255025FA04F4E507D9D40133B1
:109BF0009BB2EFE7DFED075AB0EE657A97E7DFED4E
:109C0000057A2AE7DFED035A91E700BFFC5301080C
:109C10000000AC420000000014010020FFFF7F7F25
:109C200002339BB2D6E7079BB3F8C81293F804A09F
:109C300069B303F14808002240460691FEF7B0FDE3
:109C40000699012900F0D283002601F1FF39304640
:109C5000374633468B4608EB0312D2ED036AD2ED4A
:109C6000077A92ED006A92ED047AF4EE676AF1EEFB
:109C700010FA37EE467AC8BFF0EE667AB4EEE77AAD
:109C80000137F1EE10FABFB22BD4272E1AD9079A5A
:109C9000002392F8CA72A2F8C8320C9A84F84020C5
:109CA00085F85030B4F8063194F80421A5F8543002
:109CB000002385F8517085F8522084F80431A4F807
:109CC00006311FE5391A80AB89B203EB0613002970
:109CD000DDD04246FEF7AAFF0028D8D00136B6B242
:109CE0003846B9453B46B6D85845594680F060835A
:109CF000272ECCD8091A80AF89B207EB061342464B
:109D0000FEF794FF0028C2D00136BAF1010FB6B2B7
:109D100004D1524631463846FEF742FD142E28BF84
:109D200014260D9B0A2EA3F8A060334628BF0A23F1
:109D3000B446DAB20D9800213E6840F8046B013158
:109D4000BE68C6648EB2664507F11007F4D3079962
:109D5000002B03F1FF364FF00003A1F8C832B6B272
:109D60000C9B91F8CA7284F8403006F101060D9BF5
:109D700085F850204FEA860608BF04261946324669
:109D8000284683F8A27007F0E3FF32466BA905F17D
:109D9000280007F0DDFF85E7A379228D94F81E8067
:109DA0000892002B00F0DF80012B00F0D980BD4B22
:109DB000BD4A1B69BD499FEDBECA0020984708995E
:109DC00097ED00DA4046FFF74DF8B5EEC08AF1EEA8
:109DD00010FAD6ED00DA7FF70AAEB5EEC0DAF1EE92
:109DE00010FA7FF704AEF7EE000A05F0CDFFF7EEAC
:109DF000000AF0EE40CAB0EE6D0A05F0C5FFF0EEC5
:109E000040DAB0EE6C0A05F0F3FAF2EE047AF0EE06
:109E100040CAB0EE4D0A6CEEA7CA05F0E9FA08F1A7
:109E2000FF33DBB2042B94BFA24A9FEDA1EAF3EE0D
:109E3000047A20EE27DA98BF02EB8303B0EE6D0AB6
:109E400098BF93ED00EA05F0D3FAF0EE407AB0EE59
:109E5000480AB0EE678A05F0CBFAF2EE046A68EEC3
:109E6000267A2CEE267A7CEE8DCA77EE8E7A27EE55
:109E7000007A77EEAC7AF3EE040A77EEC77AB0EEAA
:109E8000660A77EEAB7AC7EEA00A05F0E1FAF0EECB
:109E9000407AAEE51D460027234664091197AC467B
:109EA0000894089C119FA500002F7FF493AE8B426D
:109EB000BFF490AE455903F01F07FD4015F00105B2
:109EC0003FF488AE06EB830797ED007A06EB8C072C
:109ED000D7ED007AB4EEE77AF1EE10FA0BDD5D1CF7
:109EE0009C46C5F34A130893089C119FABB2A5008A
:109EF000002FDCD06EE618D50CF101077C0907F0C5
:109F00001F07189750F82470189CE74017F00107B6
:109F100011D01A9C5C451FD9199C119724F81BC0BD
:109F20000BF1010B1FFA8BFBBBE75C1CA3B2C4F364
:109F30004A140894B5E71195B3E7169B1B9C90460D
:109F400077469BB9574B16981B695B4A5B49984704
:109F500076E59FED576ABDE5119C16941197A0E731
:109F6000B0EE00CA2BE7B1EE00CA28E75B46142B1F
:109F700028BF1423258F0893514B9FED520A93ED70
:109F8000008AB8EE488A80EE080A05F06DFB43AB04
:109F900004932FAB039314230293238D019329463B
:109FA000089DB4F93430009368EE007AB3EE087A75
:109FB00067EE877AF7EE006A86EEA77A199A30463E
:109FC0002B46DFED417A67EE277AB6EE000A27EEE0
:109FD000800AFEF731FBADF88050ADF88850ADF83F
:109FE0009050BBF1000F00F0D5801DAA43AB169234
:109FF0001CAACDF868801B97B846DFED2DBADFEDBF
:10A0000033AA9FED33AADFED339A9FED339ADDF843
:10A01000409011920DF1BC0B00261F461DE0DBB2F3
:10A02000032B00F2A880234A02EB8303D3ED0A7AC4
:10A0300093ED0E7A089B6BEE277A013677EE877ADE
:10A04000B6B238EE678A9E420BED018A80F0A0809E
:10A0500008F10408002D00F09B80BBEC018A119BE5
:10A06000F7EC018A62790E990093B0EE480A169BCC
:10A070002046FEF72DFE054680BBA37F19F1190F80
:10A0800003F1FF33CBDBB9F12C0F59DCDBB2032B2F
:10A0900079D8084A02EB8303D3ED127A93ED167A4E
:10A0A000C8E700BFF8000020487B0108607B01087A
:10A0B00000000000FC530108787B010800790108CA
:10A0C00014010020F902154FC2F38E4D053C023CED
:10A0D000B0597B3FA54A943B0DFB863FA27FA379F5
:10A0E0001892228D1992002B00F0FD80012B00F0B8
:10A0F000F780C64BC64A1B69C6499FEDC7CA0020F8
:10A100009847119B19991898D3ED00DAFEF7AAFE2B
:10A11000169BB5EEC08AF1EE10FAD3ED00CA2FDD22
:10A12000F5EEC08AF1EE10FA05DDF5EEC0DAF1EEDB
:10A1300010FA00F3E580DFEDB87AC8ED007A9CE70D
:10A14000032B00F28F81DFE803F0110C07029FED73
:10A15000B37ADFEDB37A6DE79FEDB27ADFEDB27AD5
:10A1600068E79FEDB27ADFEDB27A63E79FEDB17AEF
:10A17000DFEDB17A5EE7B0EE697AF0EE497A59E741
:10A18000F0EE6B7AD9E7B0EE6A7AF0EE4A7A51E7F0
:10A19000DDE91A872379032B00F0058100210A46A7
:10A1A0000B46208F411A052940F2A880A16F520961
:10A1B00051F8222003F01F01CA4012F0010223D0FF
:10A1C000E26E9FED957A02F10C05990005EB83058F
:10A1D00002EB8300F0EC017A854237EE277AF9D161
:10A1E000033302EB8303DFED8C7A18320A44F3EC7D
:10A1F000016A9A4277EEA67AF9D1B4EEE77AF1EEE7
:10A2000010FAACBF01220022089B8DF89220002B8F
:10A210003FF416AC089B079AD7ED007ACDF844803E
:10A22000013B9BB230AD05EB83030893DDF8BCB076
:10A23000DDF80CE1B2F8C832804FDFED778A9FED90
:10A24000808A0DF5887981AE904619E0DAF81030F1
:10A250009847B8F8C83218EE102A03F1050C08EB3D
:10A260000C1C0133CCF80420089A9BB2AA42A8F82F
:10A27000C83231D055F804BB59F804EBF6EC017A3A
:10A280007049714A272B03F1050C08EB031019D80C
:10A29000C0F84CE0D4F800E0C0F848B0BE4508EB88
:10A2A0000C1B4FF00000CBED007ACFD1A27F013A1A
:10A2B000D2B2042A9BBF654901EB820218EE902AB4
:10A2C0001268CCE7514B624A1B696249DDF8448051
:10A2D00000209847FFF7F2B9DDF84480FFF7B0BBE4
:10A2E000B0EE00CA0DE7B1EE00CA0AE7D4F8843038
:10A2F000E66E1993002308939B463DE6002283E710
:10A30000F7EE000A05F040FDF7EE000AB0EE40DA85
:10A31000B0EE6C0A05F038FDF0EE40CAB0EE4D0A22
:10A3200005F066F8F2EE047AB0EE40DAB0EE680AB4
:10A330002DEE27DA05F05CF8F0EE408AB0EE6D0AFB
:10A3400005F056F8189B013BDBB2042B98BF424A3C
:10A35000B3EE04EA60EE0EDA98BF02EB8303B0EED0
:10A360006C0A68EE8E8A94BF93ED00EA9FED2AEAAC
:10A3700005F03EF8F0EE40CAB0EE480A05F038F8B5
:10A38000F2EE046A2CEEA67A78EEED7A37EE0E7ACB
:10A390002CEE26CA77EEC77A2CEE00CA77EE8C7ABE
:10A3A00077EECD7AC9E6B4F85C301A465900F8E683
:10A3B000BAF1010F1FD00D9B142EB44628BF4FF0E9
:10A3C000140CA3F8A0C063460A2B28BF0A23DAB2F4
:10A3D0000EB180AFAEE4079B93F8CA72A3F8C862CF
:10A3E0000C9B84F8403085F850605BE480AF002619
:10A3F0003B46304683E4002E3FF449AC80AF5246E2
:10A4000031463846FEF7CCF988E400BFF80000205A
:10A41000487B0108607B010800000000B6DF333C88
:10A42000AB61E43E087D003C2409083F1EB0A03C1F
:10A430002A99FE3E61FE083CE6BF0C3FE1AFA10F4A
:10A440000AD7233D00790108147A01080C3A010863
:10A45000907B0108C0780108FC530108AA7A1E3AD3
:10A46000F964043F1FED037A5FED037AE2E5064BE2
:10A47000064A1B690649002098470023DFED057A4C
:10A480001693FFF7B6BA00BFF8000020AC790108B8
:10A4900000790108000000002DE9F04F02EBC3072E
:10A4A00087B07B88DDF84090EBB182468846002675
:10A4B0004D467B6853F82640C4F30170012815D03F
:10A4C00002282ED020BBC4F34459012303FA09F318
:10A4D0009D422FD32E4A2F4916692F4A013BCDE9C1
:10A4E0000053A3B2B04707B0BDE8F08FA3B219463E
:10A4F00058F8232022F00F0215B1C4F3034422437D
:10A500005046FBF733FA7B8801369E42D1D3EAE707
:10A510001F4B224A1B691F49002007B0BDE8F04FBE
:10A520001847A3B2194658F8232022F00F02002D35
:10A53000E6D1E2E71FFA84FB4FF00103ADF80E30DD
:10A540004BF42043ADF81000CDF81200ADF80C30FC
:10A5500003A9504601230522FBF7D4F9C9F12009CC
:10A56000BDF81220BDF814304FF0FF30C4F304449E
:10A5700020FA09F0A04043EA024323EA000305FA67
:10A5800004F4594643EA04025046FBF7EFF9BAE7F0
:10A59000F800002010770108C47B0108FC7B01084B
:10A5A00008B518B1084B02689A4207D0074B084A11
:10A5B0001B69084900209847002008BD406D0038FD
:10A5C00018BF012008BD00BF30D1C0ACF80000208A
:10A5D000707A01084078010808B518B1084B026884
:10A5E0009A4207D0074B084A1B6908490020984740
:10A5F000002008BD006D003818BF012008BD00BF55
:10A6000030D1C0ACF8000020707A01084078010811
:10A6100070B1012809D008B5074B084A1B690849E1
:10A62000002098479FED070A08BDB0EE000A70476A
:10A63000B1EE000A704700BFF8000020487B010817
:10A64000607B01080000000008B518B1064B0268E5
:10A650009A4207D0054B064A1B69064900209847D5
:10A66000002008BD012008BD50D1C0ACF80000207A
:10A67000247C0108407801082DE9F04F8FB0064690
:10A680000B9114460C93FBF737F8002800F04B832E
:10A6900001218246FBF786F83046FBF745F8099022
:10A6A0003046FBF75BF8002840F0F9808346099DAF
:10A6B000A5EB0B01C9B25046FBF76AF83046FEF72E
:10A6C000C5F85D4540F2DB800BEB8B0306EB8303A3
:10A6D0000193A64DA64FDFF8A4820A900023D1462D
:10A6E00000930D94002E00F0DD803368434500F0A8
:10A6F000FD80A04C2A4623693946002098473368DC
:10A70000434500F0C28123692A4639460020984714
:10A710003368434500F0EE8123692A46394600201C
:10A7200098473368434500F0C88123692A46394673
:10A73000002098473368434500F0E58123698B4A40
:10A740008B49002098470023CDE90333CDE9073337
:10A750003368434500F0FA8023692A4639460020D1
:10A7600098473368434500F0D98123692A46394622
:10A770000020984700230222059302920693DAF8FC
:10A780000030434500F0FC807A4C2A462369394664
:10A7900000209847DAF80030434500F0C78123696C
:10A7A0002A46394600209847DAF80030434500F041
:10A7B000258223692A46394600209847DAF8003076
:10A7C000434500F09C8223692A4639460020984779
:10A7D000DAF80030434500F0208123692A463946E3
:10A7E00000209847DAF80030434500F0658223697D
:10A7F0002A46394600209847DAF80030434500F0F1
:10A80000578223692A46394600209847DAF80030F3
:10A81000434500F0488223692A463946002098477C
:10A82000DAF80030434500F03A8223692A46394677
:10A8300000209847DAF80030434500F02C82236965
:10A840002A46394600209847DAF80030434500F0A0
:10A850001E8223692A46394600209847009B099AA0
:10A8600001330093019B0BF1010B143301935FFA49
:10A870008BF39A4209F114093FF634AF0D9C0C9901
:10A880005046FBF76DFA0346002800F049820B9A08
:10A890000120C2F800A023600FB0BDE8F08F96F849
:10A8A00012B004E7334C2A462369394630469847AC
:10A8B00023692A4639463046984723692A4639464D
:10A8C0003046984723692A463946304698472369D7
:10A8D0002A4639463046984723692A463946304643
:10A8E0009847CDE90366CDE907663EE75FFA8BF24C
:10A8F000032A40F2E6811F4C1F4A23693946002093
:10A900009847336843457FF4FEAE23691A4A3946B7
:10A9100000209847336843457FF4FEAE2369164A0A
:10A92000394600209847336843457FF4FEAE2369DB
:10A93000114A3946002098473368434500F0E880C3
:10A9400023692A46394600209847FCE65FFA8BF3D4
:10A95000032B40F2EA812369074A394600209847D1
:10A96000336843457FF401AFDDE000BF986E010816
:10A97000B06E0108F8000020B86E01080FB0371360
:10A98000009B032B00F2A38103EB830300220AEB5D
:10A99000830389F80F2001225A810023C9F804306B
:10A9A000DAF800300A9AA9F80820434539D08F4CCC
:10A9B0002A462369394600209847DAF80030434593
:10A9C0007FF415AF049B89F80E30DAF80030434568
:10A9D00037D0864C2A462369394600209847DAF852
:10A9E000003043457FF417AF079A89F8112043459B
:10A9F00037D07E4C2A462369394600209847DAF83A
:10AA0000003043457FF41BAF029B89F81430DAF81D
:10AA10000030434535D0754C1BE7009A032A00F2FD
:10AA20000481039AA9F80C204345CBD06F4C2A46E9
:10AA30002369394600209847DAF8003043457FF40F
:10AA4000E0AE089A89F810204345CDD0674C2A46DD
:10AA50002369394600209847DAF8003043457FF4EF
:10AA6000E4AE059A89F812204345CDD05F4C2A46C2
:10AA70002369394600209847DAF8003043457FF4CF
:10AA8000E8AE069B89F81330E8E65FFA8BF2032AFA
:10AA90003FF63BAF019A927B049200220392019A07
:10AAA0004345117C527C0891079212D04F4C504A7A
:10AAB00023695049002098474AE65FFA8BF3032B3D
:10AAC0003FF635AF019A0023527C0393079204931B
:10AAD0000893019B9B7C05930BEB8B0306EB830395
:10AAE0001B7D02934FEA8B035B4406EB8303DB7C05
:10AAF000069344E65FFA8BF2032A3FF60FAF00227B
:10AB0000CDE90322CBE75FFA8BF3032B40F2FC8005
:10AB10002369394A39460020984714E65FFA8BF3D7
:10AB2000032B40F205812369334A20E6009A032A69
:10AB300040F2F0802369304A394600209847DAF81D
:10AB4000003043455ED023692A46394600209847A5
:10AB5000DAF8003043457FF436AE2369264A394699
:10AB600000209847DAF8003043455ED023692A4632
:10AB7000394600209847DAF8003043457FF437AE75
:10AB800023691D4A394600209847DAF800304345CA
:10AB90005ED023692A46394600209847DAF800300B
:10ABA00043457FF438AE2369134A3946002098475D
:10ABB000DAF8003043455ED023692A463946002042
:10ABC0009847DAF8003043457FF439AE23690A4AE2
:10ABD000394600209847DAF8003043457FF439AE13
:10ABE0002369054A39460020984737E6F8000020D7
:10ABF000986E0108B06E0108B86E0108009B032B27
:10AC00007FF6CBAE23694E4A394600209847DAF8E2
:10AC100000304345A1D023692A4639460020984791
:10AC2000DAF8003043457FF4D8AD2369444A394609
:10AC300000209847DAF800304345A1D023692A461E
:10AC4000394600209847DAF8003043457FF4D9AD03
:10AC500023693B4A394600209847DAF800304345DB
:10AC6000A1D023692A46394600209847DAF80030F7
:10AC700043457FF4DAAD2369314A394600209847CD
:10AC8000DAF800304345A1D023692A46A0E7009BAB
:10AC9000032BA5D8F5E6009B032B97D8B4E6009AC2
:10ACA000032AE8D8DDE6009A032A3FF67CAF9BE64C
:10ACB000009A032ACCD8C4E6009B032B3FF660AF72
:10ACC00080E6019A9189927B03910492E7E61D4CFC
:10ACD0001B4A2369394600209847DAF8003043457B
:10ACE0003FF428AF23692A46394600209847DAF80E
:10ACF0000030434586D02369134A144926E7009A59
:10AD0000032A3FF62AAF4DE60023CDE90333CDE910
:10AD10000733DEE6142303FB02A301225A813CE63B
:10AD20005046FAF751FD0020B6E500230593D3E61F
:10AD300000230593022302930BFA03F3D4E600BF2A
:10AD4000B86E0108F8000020986E0108B06E010886
:10AD5000B0F84420F8B5054682B100240A4F2646D3
:10AD6000A31C55F82330184623B1BA681E609047DB
:10AD7000B5F844200134E4B2A242F1D82846BDE837
:10AD8000F840FAF719BD00BFF800002028B138B527
:10AD90000446FDF785FB08B938BD7047206D0025D6
:10ADA000256010B1FAF710FD2565606E18B1FAF74D
:10ADB00063FD00236366606D18B1FAF705FD00239B
:10ADC0006365A06E18B1FAF757FD0023A366606CA7
:10ADD00018B1FAF7F9FC00236364A06D18B1FAF713
:10ADE0004BFD0023A365A06C18B1FAF7EDFC00231E
:10ADF000A364E06D18B1FAF73FFD0023E365E06C52
:10AE000018B1FAF7E1FC0023E364206E18B1FAF7F9
:10AE100033FD00232366E06B18B100230360FFF7C6
:10AE200097FF2046BDE83840FAF7C6BC82B00B4613
:10AE3000019111B9012002B070470138C0B2042855
:10AE400007EE901A98BF0C4B9FED0C7A88BFDFED90
:10AE50000C6AF8EE677A9CBF03EB8003D3ED006ABF
:10AE600067EE877A86EEA77AFCEEC77A17EE903AFD
:10AE700098B202B0704700BF0C3A01080AD7233BD2
:10AE80000000000010B5013882B0C0B20428019162
:10AE90003AD81C46214BDFED227A03EB800393ED79
:10AEA000007AB4EEE77AF1EE10FA2DDD07EE901A93
:10AEB000DFED1C6AF8EE677A67EEA67A87EE870AFE
:10AEC0002ABBF6EE007A20EE270ADFED170AB0EE75
:10AED000C00A04F077FFDFED157A20EE270A04F0B0
:10AEE0004FFBF7EE007A70EE276A70EE677A80EE1D
:10AEF000267A012087EEA66A84ED007A84ED017A35
:10AF000084ED026A02B010BD002002B010BD30EE28
:10AF1000000AF6EE007A20EE270AD6E70C3A01087E
:10AF2000ACC527370AD7233BDEFFFF3EDB0F494086
:10AF30002DE9F04F2DED028B8DB0154607901C4684
:10AF40000E46002900F05E81DFF8E0820B68434581
:10AF500000F0C380B04FB14A3B69B1490020984727
:10AF60003368434500F055813B69AC4AAC49002049
:10AF700098473046FDF76AFC0123824606934FF05E
:10AF8000000909EB890306EB83030393DFEDA58A30
:10AF90009FEDA58A0494002305EBCA040293002EBA
:10AFA00000F0EB803368A14A934200F0A4809A4FEE
:10AFB0009A4A3B699A490020984733689B4A9342D2
:10AFC00000F0B8803B69954A95490020984733685E
:10AFD000964A934200F0DD803B69904A90490020F8
:10AFE0009847012202200021174609ABFFF74AFFCC
:10AFF00000286DD0BAF1000F00F0AC80079B9A1CBE
:10B00000029B02EB83022B46B2F9001007EE101AE6
:10B0100032F9021CB8EEC77A07EE901A67EE086A9A
:10B02000F8EEE77A83ED017A77EEA67A083343EDFE
:10B03000027A9C4202F10402E6D1BAF1060F40F214
:10B040008980294653462A4609A8FDF779FFAAEBCD
:10B05000470189B2002900F08D80059405EBC707F0
:10B0600005EB81082C468B4697ED000AD7ED010AC7
:10B0700006F02EF8A4EC010AA04507F10807F3D169
:10B08000059C9FED697A59462B46F3EC017A67EEF1
:10B09000A77A984537EE277AF7D107EE901AF8EE9F
:10B0A000677A029AC7EE276A52440292039A1432D0
:10B0B0000392049A09F101095FFA89F3F1EEE67A45
:10B0C000E2EC017A0492069A9342FFF468AF012001
:10B0D0000DB0BDEC028BBDE8F08F91F862300693A5
:10B0E000304696F81290FDF7B1FB069B99458246D3
:10B0F000FFF447AFEBE75FFA89F3032B7AD9464FAA
:10B100004B4A3B694649002098473368474A934277
:10B110007FF458AF3B69464A41490020984733685D
:10B12000424A93427FF458AF3B69414A3C49002070
:10B13000984756E75FFA89F3032BEBD8039B187DFA
:10B14000012209EB890306EB8303598900293DD1CC
:10B1500001274AE7304B3749D3F810B0364A072366
:10B16000009300205346D847AAEB470189B2002933
:10B170007FF473AF9FED2C7A8FE7274F274A3B6907
:10B18000274930469847254A25493B693046984724
:10B1900022E75FFA89F3032BC6D8039B598900295C
:10B1A0003FF41FAF07EE901AB8EE677ADFED1D7A15
:10B1B000DFED226A27EE277A01220220C6EE877A87
:10B1C000FCEEE77A17EE903A9FB20EE7431EDBB231
:10B1D000042B07EE901A98BF194FB8EE677A98BF04
:10B1E00007EB830327EE287A94BFD3ED006AF0EED5
:10B1F000486AE3E7039B5A68187D272ACCBF0022E0
:10B2000001229EE7044F054A3B69054930469847AD
:10B21000AAE60123069363E7F8000020986E010870
:10B22000B06E01080AD7233B000000000FB03713AF
:10B23000B86E0108E07A0108AC7A0108295C8F3DFC
:10B240000C3A01082DE9F04FABB006900020CDE993
:10B2500019001B9031B191469B460A689F4B9A4258
:10B260000C4609D09E4B9F4A1B699F490020984776
:10B2700000202BB0BDE8F08F0A698B684D6B13443A
:10B28000349A9A420DD2964C984A23699649984727
:10B29000369BAB42ECD22369954A934900209847EC
:10B2A000E6E7369BAB4201D28D4CF4E70B7D052BD4
:10B2B00000F26084DFE813F079018D012A01D800E3
:10B2C000170006008B4B1B78002B00F05181844B3C
:10B2D000894A1B69844901209847237D052B00F08A
:10B2E00047810120C5E7349A06985946FAF700FCD1
:10B2F00008900028BCD094F84030002B40F05A82CF
:10B30000606E19AA5946FAF76BFAD4F8083143B1BE
:10B3100094F84020002A40F0528204F1C00119A89C
:10B320009847E2680E92E26B94F8403011461B9AFF
:10B3300007921846002B40F03B82A369359AD31838
:10B340000A93B1F844300A46E16A0F91002B00F0ED
:10B350000282CDE9134902F104084FF0000A1546B4
:10B36000CDF834B081460EE05D4B64491B69644AF8
:10B3700000209847B5F844300AF1010A1FFA8AF212
:10B38000934240F2E18158F8044F002CECD022683F
:10B390005C498A42E8D12279022AEDD16679B14529
:10B3A000EAD1D8F814300E9A0F99359FD4F89C0042
:10B3B000D4F8CCE094F818C013440D9A1344D8F88C
:10B3C00028200A44A16E1944E166616F1944A167FF
:10B3D000D4F880100B44D4F89010C4F8843017448B
:10B3E000D4F8C0303944C4F8941007EB0E0B391868
:10B3F000F818C4F8A010C4F8C400C4F8D0B0B9F16B
:10B40000000F00F01B82BCF1000F40F0538294F853
:10B410006660282286F00106002120A806F06AF85E
:10B420000799009620AA00232046FDF71DFE002E56
:10B4300040F06D822F4B1B78012B05D9284B324AE7
:10B440001B692E4902209847627922B994F8673027
:10B45000002B40F020822379022B00F01C82002276
:10B46000B5F84430089287E7349A06985946FAF7B7
:10B470003FFB00283FF4FCAE206E19AA5946FAF7AC
:10B48000AFF9D4F808311BB119A804F1A401984709
:10B49000359A236A616D1B981344E2685A44FFF79A
:10B4A00047FD00283FF4E4AEE06BFDF741F80028CB
:10B4B00000F0428394F84030002B40F03983216D36
:10B4C000349B009306985B464A46FDF79FFB002895
:10B4D0003FF4CEAE0423237503E700BF30D1C0ACE8
:10B4E000F8000020707A0108407801083C7C0108CF
:10B4F000547C010810010020907C010800790108AB
:10B50000147A0108E1AFA10F787C0108349A0698FB
:10B510005946FAF7EDFA00283FF4AAAEE06D19AAF1
:10B520005946FAF75DF9D4F808311BB119A804F1AE
:10B5300088019847359AA369216D1B981344E268E6
:10B540005A44FFF7F5FC00283FF492AEB34B226853
:10B550009A4200F0E882B24BB24A1B69B24900201D
:10B560009847E06BFCF7E4FF0028A3D1052323757F
:10B57000226B359B13449AB13599AC484C1EA518E3
:10B580004FF0FF3214F8011F08264A4042F3000131
:10B590000140013E81EA5202F8D1A542F2D1D243E4
:10B5A0001A60389B012119709BE6349B496C069800
:10B5B00000934A465B46FBF723FA00283FF458AE57
:10B5C0000698FAF7F7FE00283FF452AE01232375E0
:10B5D00087E6349A06985946FAF78AFA00283FF423
:10B5E00047AEA06D19AA5946FAF7FAF8D4F808310F
:10B5F0001BB119A804F16C019847379BB4F8388047
:10B600001B9DE668012203EB880700231146CDE964
:10B6100020332293104620ABFFF734FC5E442B46C8
:10B620009FED856A354603F1C8013246B3F9020041
:10B6300007EE100A33F9040BB8EEC77A07EE900A4A
:10B6400067EE066AF8EEE77A8B4277EEA67A82ED2D
:10B65000017AC2ED007A02F10802E7D1322320A874
:10B6600032463146FDF76CFC06F5C8730795CA46AD
:10B67000B046A14635461C4698ED000AD8ED010AB1
:10B6800005F026FD08F10808A045A5EC010AF3D154
:10B690000021079D9FED687A4C460B46D146F5EC9C
:10B6A000017AF4EEC77AF1EE10FAC8BF8BB201F15D
:10B6B0000101C8BFB0EE677A3229F0D1002218929A
:10B6C0001CAA049218AAADF85E30039201236FF011
:10B6D0001D02CDE90133304600929FED550A0DF170
:10B6E0005E02FCF7A9FF189B3B60638F9E00002B56
:10B6F00000F01682379A4D48164415464FF0FF3237
:10B7000015F8011B08274A4042F300010140013FA0
:10B7100081EA5202F8D1AE42F2D137993F4ED2437C
:10B7200041F823202368B3424FD03D4D3D4A2B6959
:10B730003D49002098472368B3425CD02B69394AC1
:10B7400039490020984793E5DDE9134994F84030E2
:10B75000DDF834B0184603462344089A83F84120A4
:10B760002046FCF7B5FE221892F841200AB984F869
:10B77000400094F8413023B194F84230002B40F05F
:10B78000BF8194F84030002B40F08D80216D349BB8
:10B79000009306985B464A46FBF732F900283FF4CF
:10B7A00067AD0698FAF706FE00287FF496AD5FE5D0
:10B7B000236AC3E5012B0CBFA06E0020A1E5012A7E
:10B7C0000CBF04F1DC010021A9E5236D9BB1349B82
:10B7D000A16C069800934A465B46FBF711F90028D6
:10B7E0003FF446AD0698FAF7E5FD00283FF440AD7A
:10B7F0000223237575E5636D002B3FF439AD349B4F
:10B80000E16C069800934A465B46FDF7FFF9002875
:10B810003FF42EAD0323237563E500BF30D1C0ACE8
:10B82000F8000020707A0108407801082083B8ED04
:10B830000AD7233BACC5273700000000D4F8A81076
:10B840003944C4F8AC10D4F8B4100F44C4F8B8703C
:10B85000BCF1000F2CD194F86760002E7FF4D7ADB7
:10B860002822314620A805F045FE012307990096BD
:10B8700020AA2046FDF7F8FBB4F8BC20D4F8B800A5
:10B8800020A9920006F064FA012384F867306379F6
:10B89000002B7FF4E0AD94F86630002B3FF4DFAD71
:10B8A000B5F8443068E5012B0CBF616D00216EE7EF
:10B8B00084F86790278FAFB102EB0E0101EB870C84
:10B8C0001A4462454FEA870703DA3A449142C0F2CC
:10B8D00047813A46002105F00DFE3A4658460021C0
:10B8E00005F008FE0023012784F866302376A4F8CB
:10B8F0006470002EAFD01946282220A805F0FAFD6A
:10B9000007990097002320AA2046FDF7ADFB627936
:10B910000023CDE91C33CDE91E33637F002A00F0FC
:10B92000EA809BB104F11901581E11FA80F01CAF96
:10B9300004F118019C4611F8016F0A9B03EB86067F
:10B940008842366847F8046BF5D16346218FB4F816
:10B9500064001191002900F0FC80D4F8C420E76E47
:10B96000D4F8D0600B9302EB81010991BB46B64637
:10B97000BC4611469CED007AD1ED007A099B77EE2A
:10B98000877AE1EC017AFCEC017A9EED007A67EEB1
:10B99000A77A8B4277EE877AEEEC017AEAD101281A
:10B9A0000B9B40F2A68007EE900A411E89B2F8EE8A
:10B9B000676A07EE901AF8EE677AD4F894100B9144
:10B9C00086EEA76A9C46099BB2EC017AC7EE267AFE
:10B9D0009A42E1EC017AF6EC015A27EEA77AC5EE1D
:10B9E000A67A77EEC77AF0EEE77A67EE867AB1EE5E
:10B9F000E77AABEC017AE6D16346628F0C92D4F819
:10BA0000A020002B75D0013B9BB204F13E0101EB5D
:10BA1000430310933B1D93461FED795A5FED7B5A0C
:10BA200012931CAA04F13C0C0994159006E0109B9B
:10BA30009C450BF1040B02F104024DD03CF8020FBF
:10BA40000C9B1199C31A9BB28B42F0D83CF8026C44
:10BA50000C9C311B89B2994278D2A4EB060E013BB3
:10BA6000129CD2ED007A1FED8C7A734411FA83F3A5
:10BA700004EB83030B9C07EB810E67EEA76A04EBD4
:10BA80008101099CFEEC017AB1EC016A67EEA77AAC
:10BA9000F0EEC64A77EEE67AF5EEC07AF1EE10FAED
:10BAA000F4EEE54AD8BFF0EE457AF1EE10FA05DD86
:10BAB000F1EEE74AC4EE867A37EE277A7345E1D194
:10BAC0000994831B9BB207EE903AF8EE677AC7EEB3
:10BAD000276ACBED006AAAE7099C15986279A38AC8
:10BAE000191A4B424B41013084F86630A4F86400C7
:10BAF000ABE46279F3E70A9B1B681C93012325E7FB
:10BB0000052323752046FEF767FD80F0010384F8C6
:10BB10004030A26A359BBDF868109952FFF7DDBB33
:10BB20004FF0FF32F9E5636D002B7FF468AE18E546
:10BB3000012B09D1616DC3E405212175A36A3599F3
:10BB4000BDF86820CA5213E50021B9E49FED0D7AD3
:10BB5000B7E70128C3D9D4F89420E76E0B924CE7DD
:10BB60005B460744002240F8042BB84243F8042BFC
:10BB7000F9D1B7E6044B054A1B69054900209847EF
:10BB8000FFF776BB00000000F8000020D07C010821
:10BB9000407801080138C0B204281FD81C4BDFEDE3
:10BBA0001D6A03EB800393ED006AC6EE267AB5EEBC
:10BBB000007A67EE877AFCEEE77A17EE903A98B251
:10BBC00011B1884228BF0846182809D91823B0FBAC
:10BBD000F3F000EB4000C00080B2704701207047D6
:10BBE0000028FBD01822B2FBF0F300FB03F3D31ABA
:10BBF0009BB25BB1013880B2B2FBF0F300FB03F300
:10BC0000C3F118039BB2002BF4D17047704700BFFB
:10BC10000C3A01080AD7233B431EDBB2042B10B5B4
:10BC200006D9032A15D0DFED175AB0EE650A10BD0C
:10BC3000154C032A04EB8304D4ED1A5A4FEA83040B
:10BC4000F3D1FFF7A7FF114B234493ED000A0246FF
:10BC500006E0FFF79FFFDFED0B5A0246B0EE650AE4
:10BC60001046FCF7ABFC07EE902A07EE100ADFED5A
:10BC7000086AF8EE677AB8EE477A67EEA67A47EE7A
:10BC8000875AD2E700000000FC5301080C3A010873
:10BC90000AD7233B08B5431EDBB2042B98BF3F4AAB
:10BCA0002DED068B9ABF02EB830393ED00AA9FED67
:10BCB0003CAAF0EE408AF0EE609AB0EE419AFDF7B1
:10BCC000D1F8F7EE000AB0EE408AB0EE680A04F050
:10BCD0005BF8B4EE400AF1EE10FA12D6DFED317ADD
:10BCE000B4EE670AF1EE10FA0BDCDFED2F7AB4EE5A
:10BCF000E70AF1EE10FA04DAB5EE400AF1EE10FAB6
:10BD000047D0B0EEC87AB4EE477AF1EE10FA06D614
:10BD1000DFED247AB4EE677AF1EE10FA2DDD03F050
:10BD200067FBB0EE407AB0EE480AB0EE478A03F007
:10BD30005FFBB0EE407AB2EE040A69EE007A67EE7D
:10BD4000887A77EEA97A77EEC77A77EECA7AC7EE65
:10BD5000800A03F07DFB03F087FCBDEC068B40F20C
:10BD6000FF13BCEEC00A10EE102A90B2984228BF12
:10BD70001846012838BF012008BDDFED0B7AB4EE6C
:10BD8000E77AF1EE10FACADAB5EE408AF1EE10FA6F
:10BD9000C5D1BDEC068B012008BD00BFFC530108D6
:10BDA00000000000FFFF7F7F000080002DE9F041D0
:10BDB0002DED048B0689077C90ED008A044682B045
:10BDC00031463A460120FFF727FFB4EEC08AF1EE74
:10BDD00010FAA57AB0EE405A05D594F82430D3B1C4
:10BDE0004FF0010801E04FF00008012D18D8284657
:10BDF0003A463146FFF710FFD4ED017AB4EEE70A78
:10BE0000F1EE10FA48BF48F00808404602B0BDEC19
:10BE1000048BBDE8F081012D63D04FF00208E4E708
:10BE2000032D28463A4628BF03203146FFF7F4FE8B
:10BE3000D4ED018AF0EE400AF0EE681AB0EE481A2E
:10BE4000B0EE450A01A838EEC89AFCF7B9FFC0B1B8
:10BE500031460120FFF79EFE07EE900ADFED220A31
:10BE6000DDED019AF8EE677AB0EE490A67EEA00AB6
:10BE700003F0A8FFF4EEC09AF1EE10FAA8BF48F064
:10BE800002083A4631462846FFF7C6FE032DF0EE7B
:10BE9000400AACD903203A46FFF7BEFEF0EE681A1E
:10BEA00001A8B0EE481AFCF78BFF00289FD031465E
:10BEB0000320FFF76FFE07EE900ADFED0B0A9DED02
:10BEC000018AF8EE677AB0EE490A67EEA00A03F03D
:10BED00079FFB4EEC08AF1EE10FA88DB48F004086E
:10BEE00085E74FF0080882E70AD7233B0138C0B244
:10BEF000042808B597BF074B9FED070A03EB8003A3
:10BF000093ED000A0846FCF759FB11FB00F080B2E4
:10BF100008BD00BF0C3A01080000000010B52DED6F
:10BF2000048B9FED119AF0EE408A88EE890A044650
:10BF3000B0EE608A03F098FB78EE688AB0EE408A33
:10BF400088EE890A03F090FBBDEEC88AFDEEC07A48
:10BF500018EE102ABDEC048B17EE903A134493FBB5
:10BF6000F4F304FB03F010BD0AD7233BD0ED007AB5
:10BF7000F5EEC07AF1EE10FA10B504465CD401205B
:10BF8000D4ED017AF5EEC07AF1EE10FA08D52E4B19
:10BF90002E4A1B692E4900209847D4ED017A0020D3
:10BFA00094ED007AB4EEE77AF1EE10FA08DD264B54
:10BFB000284A1B69264900209847D4ED017A0020C1
:10BFC000B3EE077AF4EEC77AF1EE10FA06DD1E4BF7
:10BFD000214A1B691E49002098470020D4ED037AAE
:10BFE000BAEE047AF4EEC77AF1EE10FA1CD49FEDA3
:10BFF0001B7AF4EEC77AF1EE10FA15DCD4ED087A6C
:10C00000F5EEC07AF1EE10FA06D4B7EE007AF4EE4F
:10C01000C77AF1EE10FA06DD0B4B114A1B690C4989
:10C0200000209847002010BD074B0E4A1B690849A5
:10C03000002098470020E1E7034B0B4A1B690449A5
:10C040000020984700209BE7F80000200C7D0108A5
:10C0500078780108247D0108407D010800000C4229
:10C06000947D0108687D0108F07C0108F0B482B07D
:10C070002E4E056800238DF8033033683768C3F10E
:10C0800064031A442A4B1B6803EB8303C3EBC3030B
:10C090001B0D02FB03F30193AB6819420AD134E094
:10C0A000019C019B013B0193AB68002C08BF00225F
:10C0B00019422AD0B1F5C06F05D12B7BDBB28DF8C8
:10C0C00003309DF803303368DB1B9342E8D36B6881
:10C0D000426823F0E003B2F5827F6B6019D0836A77
:10C0E000B3F5005F07D12B6823F400532B602B6856
:10C0F00043F400532B600122002380F85D2080F878
:10C100005C30032002B0F0BC7047002002B0F0BCED
:10C1100070478368B3F5004F02D0B3F5806FDED16E
:10C120002B6823F040032B60D9E700BFF400002008
:10C130000000002070B4274D274B2A681B68046854
:10C140002E68C2F16402114483B0C3F3CB3301FB08
:10C1500003F30193A3681A062CD509E0019A019B09
:10C16000013B0193A368002A08BF00211B0621D5CB
:10C170002B689B1B8B42F1D36368426823F0E0037A
:10C18000B2F5827F636019D0836AB3F5005F07D18F
:10C19000236823F400532360236843F4005323608F
:10C1A0000122002380F85D2080F85C30032003B07A
:10C1B00070BC7047002003B070BC70478368B3F553
:10C1C000004F02D0B3F5806FDED1236823F0400327
:10C1D0002360D9E7F40000200000002030B41D4D9A
:10C1E00095F82030012B31D029680220CA2385F828
:10C1F000210001224B6253234B6285F820208B687B
:10C20000154823F480738B608B6823F480538B6014
:10C21000046804E00268121BB2F57A7F0DD8CB687F
:10C2200013F00103F6D00020FF2201234A6285F8B3
:10C23000200085F8213030BC70470320FF224A627D
:10C2400085F8203085F8210030BC7047022030BCD2
:10C25000704700BF18010020F400002038B50546E3
:10C26000F9F768FD044618B12A46002105F042F9A5
:10C27000204638BD30B4124D124C00F1BC0C0021E8
:10C2800043680B44024640F8043F12689A1AAA42D7
:10C2900009DD50F8042CA3F5C9237E3BA1F5C92183
:10C2A00003607E399A1AA24206DA03F5C92301F522
:10C2B000C9217E3303607E318445E1D130BC7047B3
:10C2C0003F240300C1DBFCFF2DE9F04F204CDFF8D9
:10C2D000849093469A46851E8A1E04F1E2074FF029
:10C2E00000084FF41E6635F8021F32F8023F9942EB
:10C2F00022D0217809EBC1014B8833B34968002073
:10C3000001EB830347F6FF7E51F804CB1FFA8CFC48
:10C31000E64528BFE646604538BF60468B42F3D10C
:10C32000400080B24FEA4E0E80451FFA8EFE38BFA5
:10C330008046764528BF76460134BC42D3D1ABF85F
:10C340000060AAF80080BDE8F08F4FF6FE7EF0E7AF
:10C3500044300108283101082DE9F04F9846174B69
:10C36000DFF85CB01F8883B0043A043F52087F08AE
:10C3700097420C9E0190894628BF174601F1040A96
:10C380000025741BBC4228BF3C4645EA0B02631ED5
:10C3900008EB4501A9F80020A9F8023062005046D8
:10C3A00005F0D6FC254401980023A21C4946F9F764
:10C3B000A9FAAE42E5D803B0BDE8F08FF80000203E
:10C3C00000C0FFFF2DE9F04F264C87B00026CDE9D5
:10C3D0000466B4F800808946002B3DD04FEA580827
:10C3E000CDE90102A8F104080D461F464FF4004BA9
:10C3F000B246039325E0029BA5F800B033446B805E
:10C40000631EAB80A5F806A06200002105F10800BC
:10C4100005F070F8294601980123221DF9F772FAF8
:10C4200004AA134603CA26446960286009EB46053E
:10C4300059F81600696803C3039B9E42A7EB0407E3
:10C440000AD2B845444628BF3C46B845D3D200E09E
:10C45000013CE307FCD4CEE709F1080007B0BDE8D2
:10C46000F08F00BFF800002030B4104D2A68D0686B
:10C4700010F0400002D0002030BC70470C494FF053
:10C48000FF33D3600C68D3685B06F5D4032803D16F
:10C49000F2E7D3685806EED40B681B1BB3F57A7F1E
:10C4A000F7D9032085F82100EDE700BF180100202F
:10C4B000F400002008B5114BDA6822F08002DA603F
:10C4C0009A68920603D4FCF72FFB88B908BD9A68D6
:10C4D00022F020029A60FCF727FB18B1084B0320DA
:10C4E00083F82100054A936843F02003936008BD58
:10C4F000034B032083F8210008BD00BF0028004043
:10C5000018010020F0B5624C94F82030012B00F0A7
:10C51000BC8021680223012284F8202084F8213085
:10C520008B6813F0400C18BF90F803C003780CBF61
:10C5300080F803C04FEA8C5C092B09D900220A3B22
:10C54000DBB2092B02F10102F9D843EA0213DBB294
:10C550001A044378092B09D900250A3BDBB2092BC1
:10C5600005F10105F9D843EA0513DBB28678092EF7
:10C570004FEA032309D900250A3EF6B2092E05F138
:10C580000105F9D846EA0515EEB290F824E0BEF1AF
:10C59000090F0DD90025AEF10A0E5FFA8EFEBEF12D
:10C5A000090F05F10105F6D84EEA05155FFA85FE7B
:10C5B0004569076A3D4345EA0C052A431343334363
:10C5C00043EA0E624668C3691E43836ACA20486212
:10C5D00053204862B3F5807F8B6838D023F4007312
:10C5E0008B60CB682B48DBB263F42073CB600568AB
:10C5F00004E003685B1BB3F57A7F1ED8CB689B070A
:10C60000F7D50A628E648B6843F400738B608B6885
:10C6100043F400538B60204B1A68002042F48022C0
:10C6200084F820001A609A6842F480229A60FF22FF
:10C6300001234A6284F82130F0BDFF2203234A62BD
:10C6400084F82130002384F820300320F0BD23F447
:10C6500080738B60CB680F48DBB263F4C073CB6030
:10C66000056804E003685B1BB3F57A7FE5D8CB6807
:10C67000DF07F7D5CA614E648B6843F480738B6023
:10C680008B6843F480538B60C5E70220F0BD00BF88
:10C6900018010020F4000020000401402B4A03464A
:10C6A0000068904270B43CD8294A2A492A4C024476
:10C6B000A1FB021212099200022183F825100168E1
:10C6C0009D689E691C6421F4FF4C59695A642CF0E2
:10C6D000700C294341EA0C01314341F08001B5F56A
:10C6E000804F016014D0596802F01C020F20904066
:10C6F0009140194A94426FEA00001BD0D2F8A84436
:10C700002040C2F8A804D2F8A8040143C2F8A81433
:10C7100000200122D86383F8240083F8252070BC10
:10C7200070470E4A0B490E4C0244A1FB021212093B
:10C730009200C1E7D4F8A8200240C4F8A820D4F899
:10C74000A8201143C4F8A810E2E700BF0704024084
:10C75000F8FFFDBFCDCCCCCC00000240F8FBFDBF04
:10C760000004024070B506680546F46931EA040425
:10C7700005D0581C05D1F36931EA0303FBD1002031
:10C7800070BD16480068801A834219D3C3B130685F
:10C790004407EAD58029E8D04029E6D0F46914F0AE
:10C7A00008040FD1F0690005DFD54FF40063336250
:10C7B0002846F8F75BFD2023C5F8843085F87840DB
:10C7C000032070BD082428463462F8F74FFD00238B
:10C7D00085F878300120C5F8844070BDF400002051
:10C7E000134BDB68C3F30223C3F1070C1A1DBCF122
:10C7F000040F28BF4FF0040C062A88BFDA1E4FF042
:10C80000FF3303FA0CF398BF002221EA030393409D
:10C810001B01421CDBB206D000F1604000F5614014
:10C8200080F800337047024A82F82330704700BF17
:10C8300000ED00E070B5504C504A94F820300021D3
:10C84000012B11707FD02368022184F82110CA21A6
:10C8500059620120532184F820005962996821F41B
:10C8600080619960D968C9B261F49061D960D96872
:10C8700049066AD51F2159619968414821F007018D
:10C8800041F003019960016841F480110160816801
:10C8900041F480118160996841F480419960996800
:10C8A00041F480619960FF200121586284F82110D1
:10C8B0001178002384F8203000295AD172B6BFF3D2
:10C8C0004F8FBFF36F8F137803B930BF62B6BFF3DA
:10C8D0004F8FBFF36F8F1378002BEFD094F8203079
:10C8E0000021012B11702ED02168264D0220CA2371
:10C8F00084F8210001224B6253234B6284F82020EC
:10C900008B6823F480638B608B6823F480438B6097
:10C91000286804E02A68121AB2F57A7F0CD8CB682E
:10C9200013F00403F6D0FF2001230022486284F8AC
:10C93000202084F8213070BDFF200322486284F853
:10C94000203084F82120F7F761FA0E4D2E68D9685F
:10C9500011F004018ED12868801BB0F57A7FF6D9DA
:10C96000FF200322586284F8212084F82010F7F772
:10C970004DFA1370B8E700BF180100203C010020F9
:10C9800000040140F40000202DE9F04F2DED048B50
:10C990000023ADF63C0D994999489A4DDFF8B8B29D
:10C9A000CDE9183305F064FA974B02221A70974AC2
:10C9B000974B13600FCD5C460FC495E803004FF40E
:10C9C000A87284E8030093492C20F9F7B3F90028F2
:10C9D00000F0E9800646904B46F8043B08350446D3
:10C9E0000FCD0FC60FCD0FC695E8030086E80300F4
:10C9F0002046FDF729FE002858D12046FDF724FEE9
:10CA000008B1864BA3602046FDF71EFE08B1002347
:10CA1000A3812046FDF718FE08B10523A373204625
:10CA2000FDF712FE08B10023A3752046FDF70CFEAA
:10CA300008B1012363752046FDF706FE08B1032304
:10CA400023752046FDF700FE10B14FF07C53636262
:10CA50002046FDF7F9FD08B1714B23612046FDF733
:10CA6000F3FD10B1002384F828306E4B4FF47A7236
:10CA70001A60F7F7A7FA2046FAF7CAFA08900028D2
:10CA800000F09F80FBF70CFD054698B9664805F05D
:10CA9000DDF9089800952B462A462146FAF78EFACA
:10CAA0000DF63C0DBDEC048BBDE8F08F4FF07A53D2
:10CAB0006360A2E708998A680B69D1F83480D318BB
:10CAC00018460C9305F06AF90A90002800F08B8054
:10CAD000404605F063F90990002801F07D80534B32
:10CAE0004FF480529A61FFF7A5FE51493722142076
:10CAF000FFF7B4FB05460790002848D04D4978223F
:10CB000040F25E20FFF7AAFB002801F08980012691
:10CB1000494BA0F8C46180F8C66100272B604FF430
:10CB200040532861AE606F606F7303228E938EA9AD
:10CB300033463046ADF83C72F8F7E4FEBDF83C32BF
:10CB400041F21022934200F089803C4A3C49DBF8D4
:10CB500010503846A8470798F8F7B2FE43F21C0376
:10CB60008E938EA9334630460322ADF83C72F8F717
:10CB7000C9FEBDF83C32190509D507970020DBF83E
:10CB80001030304A2A4998470798F8F799FE2E48FE
:10CB900005F05CF9099B0022009308980A9B214646
:10CBA000FAF70CFA7CE7294805F050F91F4B4FF4CF
:10CBB00080529A620DF63C0DBDEC048BBDE8F04F3F
:10CBC00038E6234805F042F9184B4FF480529A6238
:10CBD000FFF730FE20460DF63C0DBDEC048BBDE8A2
:10CBE000F04FFAF7DDB91B4805F030F90A9B0898B9
:10CBF00000931A462146FAF7E1F951E77854010803
:10CC0000C87D0108D0540108100100201401002043
:10CC100000366E014078010850D1C0AC00004040A1
:10CC200000007041B4020020448001080004004864
:10CC3000B0730108F06E01080EB037135C7E010876
:10CC4000D47301087C7E0108987E0108E87D010804
:10CC5000187E0108407E0108F800002043F21C0302
:10CC60008E933046334603228EA9ADF83C72F8F716
:10CC700049FEBDF83C6216F400667FF47FAF079F63
:10CC8000B868F9F7CBFDBD68032240F24913009262
:10CC900031462846F9F792FD40F249130422022159
:10CCA00028460096F9F78AFD40F249131022042124
:10CCB00028460096F9F782FD40F24913202205210B
:10CCC00028460096F9F77AFD0096284640F2491367
:10CCD0004FF47F520621F9F771FD0694CDF83C80A0
:10CCE0003B68614A934212D0DBF810305F4A6049DA
:10CCF000069C002098475F4805F0A8F8099B009320
:10CD0000079A0A9B08982146FAF758F9C8E67B7BF0
:10CD1000D7F808A00A2B00F29A80DFE813F00B0086
:10CD2000E50477034C04E701BF023B02F703BC01B3
:10CD3000C1000B000DF5A478EC220021404604F060
:10CD4000D9FB4D4B9FED4D6A1B689FED4D7A0B93C0
:10CD500007EE903AB8EE678AF6EE006AC6EE087AF9
:10CD6000B4EEC78A77EEA67AF1EE10FAFCEEE77A17
:10CD700017EE903A9EB200F35A87DFED427AB4EE96
:10CD8000E78AF1EE10FA00F15287A6F110039BB288
:10CD9000EF2B01F2CB8078EE677ADFED3B6A9FEDF7
:10CDA0003B7A07EEA67A3F2EBCEEC77A17EE102A22
:10CDB000A8F8E82001F257802F2E88BF3346A8F844
:10CDC000E4305046BBF80050A8F8E060F9F740FDA9
:10CDD00000283CD00C9BCDF838A04FEA530C6D08CE
:10CDE000AC4528BFAC460A9BACF1020C2CF0010C00
:10CDF00004330B931FFA8CF340F64C390D93002546
:10CE0000E2460D9C224AC5F534630C339A4588BF2F
:10CE10004C460A9B6E08600803EB800002EB86011B
:10CE200005E051F8042BDA80120C9A800433984202
:10CE3000F7D11C230093B8F8E23001930B98154BFF
:10CE400022462946F9F7EEFA002840F04787069C6B
:10CE5000079EDBF81050737B0F4A10490020A8474B
:10CE60000023737347E700BF0EB0371398730108B0
:10CE7000B07301082C7F010814010020F902154F3E
:10CE80008096984C8096984BE8385BB500007C42C1
:10CE90003457010810550108F47E0108187F010875
:10CEA0005046069CDDF83C80F8F720FF0028CFD0E4
:10CEB0000A994FF49C6300225046FFF783FA00233F
:10CEC0000193179322AE1AAB3AAD00930DF15C09B2
:10CED00000231A9333602B608EAA4B469021069054
:10CEE000FBF72CFD0028B3D006980023CDE90053B2
:10CEF0008EAA3346F02100F59070FBF71FFD002845
:10CF0000A6D00023CDE900931A992A68984B994836
:10CF1000521A02FB03F300FB01F11B0CC3EB51336C
:10CF2000179900FB02F200FB01F152AF0698490B82
:10CF3000C7E92F32C7F8C41016AB8EAA40F21F11F2
:10CF400000F20230FBF7FAFC002881D00698019627
:10CF50001AAB00938EAA15AB4FF4907100F5A86040
:10CF6000FBF7ECFC00283FF473AF00230093069B13
:10CF7000019503F5F0608EAA00234FF49071FBF742
:10CF8000DDFC00283FF464AF15A80BC81A9AD6F848
:10CF900000C0D21A0692774A02FB03FA2B6802FB02
:10CFA0000CF9A3EB0C03DFF8E4C1091A0CFB01FC3C
:10CFB00002FB00F04FEA1C4CCCEB503002FB01F1BD
:10CFC000C7F8C800C7F8CC1010466B49069A02FB98
:10CFD00001F100FB02F2C7F8D42000FB03F2C7F80E
:10CFE000DC20664A090C02FB03F3C1EB5A311B0C2F
:10CFF000C3EB5933C7F8D0106149C7F8D8304FF0A8
:10D00000000EBC464FF0FF331CF8012B08205340A4
:10D0100043F300020A40013882EA5303F8D10EF1CB
:10D02000010EBEF1EC0FEFD1079ADFF86491069084
:10D03000DB43C7F8EC304FF4805A0A235373C9F826
:10D0400028A0FFF7F7FBC9F818A0FFF7F3FB069835
:10D050000694DDE909493B460B95DDF820A00C9DBF
:10D0600030704746984618ABCDE90273CDE90054BD
:10D070004B460798049642465146FEF7E3F833784C
:10D08000002B40F0558718B1FBF768FD0028EAD166
:10D09000069C3C4830E65046F8F728FE00283FF44E
:10D0A000D6AE0A99602300225046FFF78BF90DF5A2
:10D0B000CF730DF5B77200210546F9F7D7FD0028AB
:10D0C0003FF4C5AE284674AB68AA0DF5E971F9F7CF
:10D0D000CDFD00283FF4BBAE504640F27C41F9F74D
:10D0E0002BF90925002840F09284B0E65046F8F765
:10D0F000FDFD00283FF4ABAE0A99502350460022B4
:10D10000FFF760F90DF5A971831ECDF838A0302026
:10D110000B979A460D461C4BCDF834A0002147F6DC
:10D12000FF7756468E4689469C46B84607E0BC4285
:10D13000BCBF964627460131082900F0F584CA0095
:10D140001C3A36F9024F12B259B136F802ACA4EBD0
:10D150000A0A0FFA8AFAD045A8BFD046D445B8BF0C
:10D16000D446002CE3DA9C42C4BF91462346E2E752
:10D17000A82A0400AA0A0100A64A07004E750B005F
:10D180002083B8ED4C7F01080080FFFF541502009A
:10D19000000400485046F8F7A9FD109000283FF41D
:10D1A00056AEBDF82862944C0A9925684FF47A7CF3
:10D1B0004FF44073B5FBFCF5002206FB05F4504626
:10D1C0000B94FFF7FFF80DF5A47812908DAD00F1E8
:10D1D00002098EAC0DF63406B9F9001039F9020CCB
:10D1E000F9F7B0FC45F8040FAE4209F10409F3D198
:10D1F0000DF1E80920220021484604F07BF90B9A42
:10D200001197182303FB02F30D937C4BCDF84C8050
:10D2100000224FF6FF7EA0464E460E921F467546F0
:10D2200014464046FFF726F80022A8F1040308F14F
:10D230005C0C53F8041F186E9C45A1EB00010A44D6
:10D24000F7D1002AC0F2DA8440F69453920903FB26
:10D2500002F20B9B520D03FB02F20D9B03EB122219
:10D260003260002C00F0288556F8043C934240F2CE
:10D270005086634BD318002BB8BF5B429F4206F128
:10D28000040640F2CA84109A0E92A5B20134082C0A
:10D2900008F1C00800F0A6821F46C2E75046F8F722
:10D2A00025FD00283FF4D3AD0A99564D564E4FF454
:10D2B000407300225046FFF785F8CDE9117A1AAB8A
:10D2C00022A902460B934FF0000C0DF1E8091091D2
:10D2D0000DF5A2781393DDF840A0CDF834C01446C4
:10D2E0001746B4F9021034F9040BF9F72BFC4AF88D
:10D2F000040BCA45F5D1DDF834C03A46CDE90D2C12
:10D300000DF1E40A57461446B4F96210B4F960000E
:10D31000F9F718FC47F8040FB84504F10404F3D1F9
:10D32000DDE90D2C8EAB21AC03EB0C0000215AF88B
:10D33000043F54F8047FDB1BAB4259DDA3F5C9233E
:10D340007E3BAB42FADC002BB8BF5B429942B8BFD0
:10D350001946C24540F8043BE9D10B9B491043F8FC
:10D36000041B0CF1600CBCF5407F0B9302F1C00272
:10D37000B1D1DDE9117A0020139B0146024653F832
:10D38000044B8C42C8BF104602F10102C8BF2146BF
:10D39000082AF4D11AAB8EAA53F82050602303FB5D
:10D3A00000204946002250F8043BAB42ACBF0023AA
:10D3B000012301F8013B0132182ACB75F3D100207B
:10D3C0000123014619F8012F002940F02983002A82
:10D3D00000F0298319F8012C002A40F02483194613
:10D3E00001200133302BEDD131E503F5C9237E3324
:10D3F000B342FADBA7E700BF1401002040420F0050
:10D40000E0D764FC3F240300C1DBFCFF5046F8F783
:10D410006DFC804600283FF41AAD0A994123002292
:10D420005046FEF7CFFF0026038C0D930146851E64
:10D4300033460B964FF6FF7C4FF00E09581E35F918
:10D44000022F00FB00F0002B00F0CD8335F902EC39
:10D4500002F57A74A2EB0E02C0EBC00EAEF1C80E5C
:10D4600009FB00F0724500F51670FFF6F0AC824241
:10D470003FF7EDAC002CB8BF6442A2B2624504D2C3
:10D480009E00B6B29446CDF82C800133102BD5D136
:10D490000B9A002A3FF4DBACB1F82290B1F880205F
:10D4A0000DF5A478A2EB090286F03006B2F5FA6F0A
:10D4B000A8F80460FFF6CBAC002012043025203120
:10D4C000B2FBF5F210904FF6FF7C0E9231F8024F4E
:10D4D0000D9AA21A002AB8BF524292B209EB104527
:10D4E000624505F5487E3CBF94461093A64503F17E
:10D4F000010204F5487480F03A8393B20E9A402BEF
:10D5000010443FF4A4AC00220B92DFE75046F8F73A
:10D51000EDFB00283FF49BAC0DF5A478102300220E
:10D520000A995046FEF74EFFB8F88A3003F01F0202
:10D5300002F13009C3F344129B0A002684463032BC
:10D54000203BCDE90D3635460B92B64630460CF100
:10D5500002040BE00E9B9A42704640F2FE839E4608
:10D560000E92AEB20135082D00F0F9833CF925305A
:10D5700034F925200D9909FB03F302FB01F1002B7F
:10D58000B8BF3F330029B8BF1F319B1103EB6113B4
:10D590000B9901FB02F2002AB8BF3F321BB242F3E3
:10D5A0008F1203FB03F302FB02328242DAD9724587
:10D5B000D0D81046D6E75046F8F798FB00283FF43D
:10D5C00046AC0A99002220235046FEF7FBFE0122BA
:10D5D000B0F90050014606460020B6F800C036F902
:10D5E000024F04F54873A3EB0C039BB2B3F5C86F6D
:10D5F0003FF62DACAC42A8BF104602F10102A8BF15
:10D600002546202AE9D1072800F27484002300F17E
:10D610000802D21A8EA89D1812E031F9134006EEC6
:10D62000903A07EE104AF8EE666AB8EEC77AF8EE5E
:10D63000677A00ED037A40ED027A40ED016A01332A
:10D6400003FB03F4AB4207EE904A00F10C00E4D177
:10D650000DF1E80949468EA8F9F79CFB00283FF434
:10D66000F6AB9DED3A6AB5EE406AF1EE10FA3FF482
:10D67000EEAB9DED3B7AB5EE407AF1EE10FA3FF459
:10D68000E6ABDDED3C6AF1EE666AC6EE877AF5EE52
:10D69000C07AF1EE10FAFFF6DAABB1EE477AC7EED8
:10D6A000066AF5EEC06AF1EE10FA7FF5D0ABB7EE80
:10D6B000007A77EE877AFCEEE77A17EE903A9AB224
:10D6C0003F2AC3F34E033FF6C2AB83F0100350462C
:10D6D00040F21531ADF84E31F8F72EFE0425002842
:10D6E00040F09581FFF7B3BB5046F8F7FFFA0028EA
:10D6F0003FF4ADAB43F2320300268E9303220123A5
:10D700008EA95046ADF83C62F8F7FCF80A99BDF8CE
:10D710003C52122332465046FEF754FE0146334631
:10D72000B1F800E0B1F802C0304604314FF6FF76A0
:10D7300045FA03F2D2070BD531F81320A2EB0C0205
:10D74000002AB8BF524292B2B2423CBF98B21646CB
:10D750000133102BECD1431E0D2B3FF678AB00F1BB
:10D760000043013B01EB430631F813207388B68870
:10D77000D21A41F287318A427FF769AB4FF6FF72C6
:10D7800095423FF464AB9B1B8B427FF760AB40F24A
:10D79000E51303FB0EF31B0CA3F5897313F1140FB0
:10D7A0001AB2C0F288842C2A40F382844F2ACCBF5C
:10D7B00004230323D44AD5490090ADF84A01ADF8BB
:10D7C0006C3150462523ADF848E1FCF765FE504624
:10D7D00040F23321F8F7B0FD0225002840F0178110
:10D7E000FFF735BB0E9B119FDDF84C80002B00F03E
:10D7F0004C83C74BC549A8F82250372200955046A4
:10D800001A77C14A0C23FCF747FE504640F21741F5
:10D81000F8F792FD00283FF41AAB9FEDBE7A129AFA
:10D82000F7EE007ACC4600260024154602EB86016E
:10D830002046B1F9023003FB03FEB1F9003001309C
:10D8400003FB03E330281C4401F10401F1D106EE8F
:10D85000904AB8EEE66A3036C6EE076AB6F5C07F83
:10D86000B1EEE66AC7EE866AECEC016ADCD1DFED68
:10D87000AA8A9FEDAA9A9FEDAA8A0DF5E87800265C
:10D8800022AC8EAB48462A4605F5C061B2F900C00D
:10D89000F0EC016A07EE10CAB2F902C007EE90CAB6
:10D8A000B8EEC77AF8EEE77A27EE267A67EEA67A20
:10D8B000B2F960C027EE076A27EE277A67EEA77AEB
:10D8C00083ED017A07EE10CAB2F962C0C3ED027AA5
:10D8D00007EE90CAB8EEC77AF8EEE77A27EE267A16
:10D8E00067EEA67A83ED006AC03227EE076A27EE5C
:10D8F000277A67EEA77A914283ED186A83ED197A49
:10D90000C3ED1A7A03F10C03C0D1102221468EA870
:10D91000F9F740FA00283FF49AAA94ED007A94EDC2
:10D92000015AF1EEC77AF1EE006A27EE267AD4EDBD
:10D93000026A25EE056A17EE266AB6EE007A87EED1
:10D94000274AF1EEC63AF6EE086A37EEE66AF0EEDE
:10D95000477A46EE287A54EE236AF7EE005A44EEF0
:10D96000055AF3EE0F4AF4EEE47AB0EE666AF1EE91
:10D9700010FAF0EE476A45EE896A06EE287A00F35F
:10D980006D829FED676AF4EE467AF1EE10FA48BFB9
:10D99000F0EE487AFCEEE77A9FED626A17EE903A75
:10D9A000F4EEC66AF1EE10FA9BB200F35482DFED9A
:10D9B0005C7AF4EE676AF1EE10FA48BFF0EE486A5E
:10D9C000FCEEE66AF3EE0F7A16EE902AB4EEE77AF2
:10D9D000F1EE10FA92B200F33B82DFED517AB4EE31
:10D9E000677AF1EE10FA48BFB0EE487ABCEEC77A1B
:10D9F00043EA822317EE102A013643EA4213182E17
:10DA000028F8023F05F104057FF43BAF07257D733D
:10DA1000FBF7A4F800287FF463A9069CFFF76BB915
:10DA2000002A6CD001300133302B7FF4CBACA0F155
:10DA30000C03082B3FF60BAA01EB500100E018394C
:10DA40001729FCD889B28B009BB203F13005ADB227
:10DA50005F2DADF8501140F256826021B5FBF1F216
:10DA600001FB125292B24FF000081D46C146134608
:10DA70000126254A2549009350462123FCF70CFD39
:10DA8000214A2249009522235046FCF705FD032533
:10DA90001D4A1E49009601235046FCF7FDFC1A4A18
:10DAA0001A49009502235046FCF7F6FC2B46164A0D
:10DAB0001649CDF800905046FCF7EEFC124A134987
:10DAC000CDF8008004235046FCF7E6FC0E4A0F49CF
:10DAD000009605235046FCF7DFFC00230A4A0B4959
:10DAE000009350460623FCF7D7FC504640F2ED3138
:10DAF000F8F722FC0625002889D1FFF7A8B90B28E2
:10DB000095D8104611466CE41055010834570108A9
:10DB10000800002000004042000080420000004257
:10DB20000000000000007C42ACF51C5CACF1100C65
:10DB30001FFA8CFC44F620629445DDF834A011D81D
:10DB4000B8F1000F0ED113F5004F00F0308147F609
:10DB5000FF72974200F08581AEEB090EBEF1080F0F
:10DB600000F0DB810B9B069C0793FFF771B9AC4279
:10DB7000FFF4C3AC93B20E9A402B10447FF4A6ACD2
:10DB80000B9B002B3FF463A9109CA8F80A400123CB
:10DB900000934FF47E530C9A0A99ADF838325046F0
:10DBA0008EABFEF7D9FBC84AC849009426235046DD
:10DBB000FCF772FCC44AC549009624235046FCF782
:10DBC0006BFC504640F2C621F8F7B6FB032500284F
:10DBD0007FF41DAFFFF73BB9BD4804F037F9099A50
:10DBE0001346FEF7D9BF02F57A72002AB8BF524237
:10DBF00092B26245FFF444AC01231FE4524240F666
:10DC00009453920903FB02F20B9B520D03FB02F2A9
:10DC10000D9BA3EB1222FFF723BB3B46FFF736BB5E
:10DC2000079B18611846F7F7C7FDFEF7B0BFDFED99
:10DC3000A97ADFEDA96AA94BA94AAA49069C38EE40
:10DC4000277A002077EE277A103EFCEEE77AF8EE8E
:10DC5000677A77EE677ABCEEC77A67EEA67A8DEDC3
:10DC6000007AFCEEE77ACDED017ADBF81050A84798
:10DC7000EF2E7FF6EDA8DFED977A9FED977A974B21
:10DC8000974A984938EE278A002078EE277AFCEEEA
:10DC9000E77AF8EE677A78EE677ABCEEC88A67EEC4
:10DCA000877A8DED008AFCEEE77ACDED017ADBF81C
:10DCB0001050A847FFF7CCB88B4BD318002BB8BF38
:10DCC0005B429F4206F10406A7D9109A0E922546A0
:10DCD00008F1C00801241F46FFF7A3BAB8F8E430E2
:10DCE00001931A2300930B98774B22462946F8F7A5
:10DCF00099FB00283FF4ABA8B8F8E63001931B234A
:10DD000000930B98704B22462946F8F78BFB0028AE
:10DD10003FF49DA8B8F8E8300193192300930B98BD
:10DD2000694B22462946F8F77DFB00283FF48FA86F
:10DD300023460A9A0E983146F8F7D8FA0D9B1D44EF
:10DD4000ADB240F64B339D4200F2B0800D9BA9EB83
:10DD500003091FFA89F9FFF754B8964602E40E9BAF
:10DD6000B0EB530FBFF473A8574A5849A8F8206086
:10DD70000B2350460096FCF78FFB0023524A534971
:10DD8000009350460923FCF787FB7E234F490093FD
:10DD900050464D4A0A23FCF77FFB504640F2534160
:10DDA000F8F7CAFA00287FF432AEFFF750B847F60A
:10DDB000FF739F423FF4D6AEBEF1000F6BDBBEF1A6
:10DDC0001F0F3FF7CFAE1FFA8EFE484B25F802EF2C
:10DDD00058730130C0B23A280AF1100A7FF49BA9A7
:10DDE000DDF838A00C9A0A990B9F802300935046C7
:10DDF0003F4BFEF7B1FABDF85401BDF84E51324A1F
:10DE00003249009007235046FCF746FB2E4A2F4923
:10DE1000009508235046FCF73FFB03232A4A2B4971
:10DE2000009350460923FCF737FB0623264A27496F
:10DE3000009350460A23FCF72FFB504640F2D631A0
:10DE4000F8F77AFA052500287FF4E1ADFEF7FFBF69
:10DE5000B0EE677ACAE5F0EE466AB1E5F0EE647AB4
:10DE600098E5CE46A8E70123BF2EA8F8E23096BF7A
:10DE7000A6F14003F308C3F3CF03A8F8E43006F09B
:10DE80000703A8F8E630FEF79CBF069C174B372225
:10DE90001A77FEF7DDBFCEF1000E1FFA8EFEBEF13F
:10DEA0001F0F3FF65FAE4EF0200E8EE7DDF838A074
:10DEB0004FF4AE715046F8F73FFA012500287FF481
:10DEC000A6ADFEF7C4BF00BF1055010834570108C6
:10DED000407E0108BD37063500247449E873010807
:10DEE000B47E0108E07E0108E0D764FC0800002051
:10DEF000B83801081728A0F107037FF688ABC3F1F3
:10DF00002002FFF787BB00264FF003084FF00109FE
:10DF1000AFE5119B069C0793B8E7FF1ADB0093FB64
:10DF2000F7F3A9EB03030FFA83FE45E7069CA2E68D
:10DF3000069C0B9D474600283FF4ABA85F4E4FF46C
:10DF40008058C6F82880FEF775FC06940B97DDF81C
:10DF50002090DDF828A0079C0C9FC6F81880FEF7DB
:10DF600069FC4FF000032B70D9F80030544A9342FB
:10DF700009D0DBF81030534A5349069C00209847DB
:10DF80005248FEF7B9BE99F84030002B3BD1D9F882
:10DF900050100B9A009753462046F8F731FD0028A1
:10DFA00000F084802046F8F705FA002839D0FAF707
:10DFB000D5FD002831D03A4651462046F7F798FD66
:10DFC00038B38EABCDE90053099A18AB5146484699
:10DFD000FBF73CFA48B32B78002BC5D0374B4FF4F6
:10DFE00080529A62FEF726FC9DF8883238480C93DE
:10DFF000194603F03DFF0C9BDBB90A2003F0C6FE77
:10E00000F6F772FCA9E7012B0CBFD9F854100021D8
:10E01000BFE7069C2F48FEF76FBE069C2E48FEF712
:10E020006BBE069C2D48FEF767BE069C2C48FEF78B
:10E0300063BE2C4803F01CFF8EAB0D930023CDE98B
:10E040000E9499460D9BDFED287AF3EC016A274C7C
:10E0500027490D93F5EEC06AF1EE10FAB7EE006AAB
:10E06000BFEE007A58BFB0EE467A46EE877A58BFC8
:10E0700021462048DFED206ABCEEE77A09F101096C
:10E08000B8EE476A17EE102A77EEC67A5FFA89F97A
:10E0900067EEA67AFCEEE77A17EE903A03F0E8FE18
:10E0A0000C9B4B45CED1DDE90E94A6E7069C67E7B5
:10E0B0000223FFF77FBB0123FFF77CBB000400486E
:10E0C00030D1C0AC707A010840780108787F01082F
:10E0D00018800108D87F0108BC7F0108A07F0108D3
:10E0E000F07F010830800108BD370635E87301086C
:10E0F000C47D0108348001080024744990F841303F
:10E10000026803F02803282B05D008210023D161E1
:10E1100080F840307047C1689369022930B494692F
:10E120009368D56812D1C3F3C21383EA144313F082
:10E1300006030BD1816C01318164816C02290CD101
:10E1400008218364D16180F8403006E01368002123
:10E1500023F0B803136080F8401030BC704700BF54
:10E160002DE9F04F89B00493002900F0888002F077
:10E1700003077D1EC2F300130295DFF8D0B1704C87
:10E18000059302F4403500234FF0010803959246B1
:10E19000019708FA03FC1CEA01066CD0029F5A00A2
:10E1A00003259540012F6FEA05056BD9019F032FC9
:10E1B00040F0BA80D0F800C0019F0CEA050C07FAC5
:10E1C00002F242EA0C020260039A002A53D0DBF802
:10E1D000602042F00102CBF86020DBF8602023F0E1
:10E1E000030505F1804502F0010205F5803507922F
:10E1F00003F0030C079AD5F808E04FEA8C0C0F22C5
:10E2000002FA0CF2B0F1904F2EEA020215D04D4FF7
:10E21000B8427BD04C4FB8427FD0DFF834E1704534
:10E220006DD0DFF830E170450CBF4FF0040E4FF0B9
:10E23000070E0EFA0CFE42EA0E02AA60A268F5432F
:10E240001AF4801F0CBF2A403243A260E2681AF41D
:10E25000001F0CBF2A403243E26062681AF4003F9C
:10E260000CBF2A403243626022681AF4803F0CBF20
:10E270002A4032432260013331FA03F289D109B0D6
:10E28000BDE8F08FD0F80890129F09EA050907FA57
:10E2900002FE4EEA090EC0F808E0D0F804E0059F3F
:10E2A0002EEA0C0E07FA03FC4CEA0E0CC0F804C070
:10E2B000049FD0F80CE007FA02FC019F0EEA050E5D
:10E2C0004CEA0E0C022FC0F80CC07FF473AF4FEA7B
:10E2D000D30900EB890903F0070CD9F820704FEA45
:10E2E0008C0C4FF00F0E0EFA0CFE27EA0E0E139F49
:10E2F00007FA0CFC4CEA0E0CC9F820C05AE74FF0A4
:10E30000030E0EFA0CFE42EA0E0296E74FF0010EE3
:10E310000EFA0CFE42EA0E028FE74FF0020E0EFAE2
:10E320000CFE42EA0E0288E7D0F80CE0049F0EEAE9
:10E33000050E07FA02FC4CEA0E0CC0F80CC039E7D7
:10E34000000401400004004800080048001002409A
:10E35000000C00480010004870B5444D95F841305D
:10E360002C689CB0002B46D0242385F841302268CD
:10E370006B6822F0010223F0706322602361A368BE
:10E38000EA6823F40043012AA360AB6809D043F490
:10E390000443022AA36007D1636843F40063636007
:10E3A00006E043F40043A360636823F40063636002
:10E3B00062682B6942F0007242F4004262606A694E
:10E3C000E1681343AA6921F4004143EA0223EA69A0
:10E3D000E160E3602B6A13432360236843F0010389
:10E3E000236000202023686485F84130286385F885
:10E3F00042001CB070BD03F0FF015C2205A885F847
:10E40000401003F077F81A4B9C42ADD1802305A849
:10E410000593F5F76DFE064630BB164C1648E36CC7
:10E4200043F00203E364E36C042203F00203049369
:10E430000192032204990092012312224FF44061B9
:10E44000FFF78EFEA36D43F48003A365A36D03F471
:10E450008003039321203146039BFEF7C1F9074B4C
:10E4600002225A602C687FE7F5F7D0FC600200209A
:10E4700000580040001002400004004800E100E0A5
:10E480002DE9F04F5D4C666A85B0002E55D163686A
:10E49000B3F5827F00D0E66194F85D202568002303
:10E4A000A36202F0FF07002A51D0022384F85D30F6
:10E4B0002B68E26823F04003B2F5E06F2B6040D890
:10E4C0004FF4805101D00023A362636802F4706CA2
:10E4D000A26803F4827302F404421343226902F037
:10E4E00002021343626902F001021343626B06F0F9
:10E4F000100E02F00800D4E9062640EA0E0006F0ED
:10E50000380E266A40EA0C0006F0800C02F4007611
:10E51000334343EA0E03120C43EA0C0302F00402F5
:10E520002B6040EA02030B436B600020012320664E
:10E5300084F85D3005B0BDE8F08F0023C4E90433F2
:10E54000AAE7B2F5706F4FF00001BED0BBE72C4BCD
:10E5500084F85C709D42A8D103F5604305211A6ED2
:10E56000DFF8AC8042F480521A661A6E02F48052D0
:10E570000392039ADA6C42F00102DA64DB6C0191D7
:10E5800003F001030293029B0323009302223B4604
:10E59000E0214FF09040FFF7E3FD1A490123404688
:10E5A0004FF0800B4FF4807A4FF48069C8E9001374
:10E5B000C8E90277C8E90777C8E904BAC8F818902B
:10E5C000FEF76CF80123B8B90F4FC4F858807B6090
:10E5D0000E4BF860C7E907003B6038461023C7E9D7
:10E5E00004BAC8F82840C7F81890BB60FEF756F880
:10E5F00010B96765BC6258E7F5F708FC9000002089
:10E60000003001401C000240880100203000024020
:10E610004001002000284BD00268264913688A4236
:10E6200023F0010310B4136027D9234B234913446B
:10E63000A1FB03131B09224901649B0000244364CE
:10E64000146003F01C0301229A401E4C4A60D4F867
:10E65000A8240F2101FA03F322EA0303C4F8A83423
:10E660000023C363C0E90B33C0E90D335DF8044BED
:10E6700080F8253080F824307047134B0F4913443D
:10E68000A1FB03131B090F4901649B000024436491
:10E69000146003F01C0301229A404A60D1F8A820BC
:10E6A0000F2404FA03F322EA0303C1F8A830D7E7E2
:10E6B000704700BF07040240F8FBFDBFCDCCCCCCB7
:10E6C0000004024000000240F8FFFDBF034613F8BB
:10E6D000012B002AFBD1181A0138704753B94AB9E7
:10E6E000002908BF00281CBF4FF0FF314FF0FF305A
:10E6F00000F036B9ADF1080C6DE904CE04F0CCFAA7
:10E70000DDF804E0DDE9022304B0704770B54FF096
:10E71000FF0C4CF4E06C1CEA11541DBF1CEA1355AD
:10E7200094EA0C0F95EA0C0F00F0DEF82C4481EA15
:10E73000030621EA4C5123EA4C5350EA013518BF35
:10E7400052EA033541F4801143F4801338D0A0FB22
:10E7500002CE4FF00005E1FB02E506F00042E0FBCF
:10E7600003E54FF00006E1FB03569CF0000F18BFD5
:10E770004EF0010EA4F1FF04B6F5007F64F540747D
:10E7800004D25FEA4E0E6D4146EB060642EAC62110
:10E7900041EA55514FEAC52040EA5E504FEACE2E7D
:10E7A000B4F1FD0C88BFBCF5E06F1ED8BEF1004F80
:10E7B00008BF5FEA500E50F1000041EB045170BDFC
:10E7C00006F0004646EA010140EA020081EA030140
:10E7D000B4EB5C04C2BFD4EB0C0541EA045170BD3C
:10E7E00041F480114FF0000E013C00F3AB8014F1B6
:10E7F000360FDEBF002001F0004170BDC4F10004FF
:10E80000203C35DA0C341BDC04F11404C4F120057F
:10E8100000FA05F320FA04F001FA05F240EA0200DA
:10E8200001F0004221F0004110EBD37021FA04F610
:10E8300042EB06015EEA430E08BF20EAD37070BDCA
:10E84000C4F10C04C4F1200500FA04F320FA05F029
:10E8500001FA04F240EA020001F0004110EBD3702B
:10E8600041F100015EEA430E08BF20EAD37070BD9B
:10E87000C4F1200500FA05F24EEA020E20FA04F374
:10E8800001FA05F243EA020321FA04F001F0004123
:10E8900021FA04F220EA020000EBD3705EEA430E94
:10E8A00008BF20EAD37070BD94F0000F0FD101F0C3
:10E8B0000046400041EB010111F4801F08BF013CFC
:10E8C000F7D041EA060195F0000F18BF704703F03A
:10E8D0000046520043EB030313F4801F08BF013DC1
:10E8E000F7D043EA0603704794EA0C0F0CEA13557D
:10E8F00018BF95EA0C0F0CD050EA410618BF52EA37
:10E900004306D1D181EA030101F000414FF000003C
:10E9100070BD50EA410606BF1046194652EA43064A
:10E9200019D094EA0C0F02D150EA013613D195EABE
:10E930000C0F05D152EA03361CBF104619460AD106
:10E9400081EA030101F0004141F0FE4141F4700110
:10E950004FF0000070BD41F0FE4141F4780170BD00
:10E96000704700BF81F0004102E000BF83F0004328
:10E9700030B54FEA41044FEA430594EA050F08BF5A
:10E9800090EA020F1FBF54EA000C55EA020C7FEA1E
:10E99000645C7FEA655C00F0E2804FEA5454D4EB9B
:10E9A0005555B8BF6D420CDD2C4480EA020281EA65
:10E9B000030382EA000083EA010180EA020281EA9D
:10E9C0000303362D88BF30BD11F0004F4FEA0131EF
:10E9D0004FF4801C4CEA113102D0404261EB4101FE
:10E9E00013F0004F4FEA03334CEA133302D0524284
:10E9F00063EB430394EA050F00F0A780A4F1010440
:10EA0000D5F1200E0DDB02FA0EFC22FA05F2801879
:10EA100041F1000103FA0EF2801843FA05F359415F
:10EA20000EE0A5F120050EF1200E012A03FA0EFCDE
:10EA300028BF4CF0020C43FA05F3C01851EBE37108
:10EA400001F0004507D54FF0000EDCF1000C7EEB25
:10EA500000006EEB0101B1F5801F1BD3B1F5001F63
:10EA60000CD349085FEA30004FEA3C0C04F1010482
:10EA70004FEA445212F5800F80F09A80BCF1004FAB
:10EA800008BF5FEA500C50F1000041EB045141EA2D
:10EA9000050130BD5FEA4C0C404141EB0101013CF6
:10EAA00028BFB1F5801FE9D291F0000F04BF0146E5
:10EAB0000020B1FA81F308BF2033A3F10B03B3F1B7
:10EAC00020020CDA0C3208DD02F1140CC2F10C0247
:10EAD00001FA0CF021FA02F10CE002F11402D8BFA5
:10EAE000C2F1200C01FA02F120FA0CFCDCBF41EA71
:10EAF0000C019040E41AA2BF01EB0451294330BD40
:10EB00006FEA04041F3C1CDA0C340EDC04F114041C
:10EB1000C4F1200220FA04F001FA02F340EA0300F3
:10EB200021FA04F345EA030130BDC4F10C04C4F139
:10EB3000200220FA02F001FA04F340EA0300294619
:10EB400030BD21FA04F0294630BD94F0000F83F463
:10EB5000801306BF81F480110134013D4EE77FEA46
:10EB6000645C18BF7FEA655C29D094EA050F08BF92
:10EB700090EA020F05D054EA000C04BF1946104673
:10EB800030BD91EA030F1EBF0021002030BD5FEAB7
:10EB9000545C05D14000494128BF41F0004130BDDF
:10EBA00014F580043CBF01F5801130BD01F0004533
:10EBB00045F0FE4141F470014FF0000030BD7FEAA6
:10EBC000645C1ABF194610467FEA655C1CBF0B46A1
:10EBD000024650EA013406BF52EA033591EA030FB8
:10EBE00041F4002130BD00BF90F0000F04BF0021B0
:10EBF000704730B54FF4806404F132044FF00005E3
:10EC00004FF0000150E700BF90F0000F04BF00215B
:10EC1000704730B54FF4806404F1320410F00045C1
:10EC200048BF40424FF000013EE700BF42004FEABC
:10EC3000E2014FEA31014FEA02701FBF12F07F4339
:10EC400093F07F4F81F06051704732F07F4208BFF0
:10EC5000704793F07F4F04BF41F40021704730B5F7
:10EC60004FF4607401F0004521F000411CE700BF43
:10EC700050EA010208BF704730B54FF000050AE0C6
:10EC800050EA010208BF704730B511F0004502D5C7
:10EC9000404261EB41014FF4806404F132045FEAC9
:10ECA000915C3FF4D8AE4FF003025FEADC0C18BF72
:10ECB00003325FEADC0C18BF033202EBDC02C2F164
:10ECC000200300FA03FC20FA02F001FA03FE40EAF6
:10ECD0000E0021FA02F11444BDE600BF4A0011D231
:10ECE00012F5001211D20DD56FF47873B3EB6252A6
:10ECF0000ED44FEAC12343F0004343EA505323FAB2
:10ED000002F070474FF00000704750EA013002D126
:10ED10004FF0FF3070474FF0000070470348044B3E
:10ED2000834202D0034B03B118477047880000208C
:10ED300088000020000000000548064B1B1AD90F70
:10ED400001EBA301491002D0034B03B118477047F0
:10ED500088000020880000200000000010B5064C4C
:10ED6000237843B9FFF7DAFF044B13B10448AFF33C
:10ED700000800123237010BD9004002000000000DB
:10ED8000542F010808B5054B1BB105490548AFF3E1
:10ED90000080BDE80840FFF7CFBF00BF00000000C3
:10EDA00094040020542F01081B491C4BCA682DE90C
:10EDB00080484FF6FF0002401343C1B00F20CB60E4
:10EDC000F2F77AFE002800F064820021442218A89D
:10EDD00002F090FB0023CDE90833CDE90A33104956
:10EDE0000C930B6803F4C063B3F5007F29D00B6864
:10EDF0000C4A23F4C06343F400730B6013684A6940
:10EE00003220570500FB03F30748B3FBF0F303F18F
:10EE1000010311D50BE000BF00ED00E00003FA058F
:10EE2000007000400000002040420F0023B14A69FA
:10EE3000560503F1FF33F9D4B94B5B695D0500F169
:10EE4000C6810A23189325934FF010084FF480735E
:10EE5000CDE91B3802260723012718A82693CDE900
:10EE60002266CDE927661D972497F2F74FFE0346E9
:10EE7000002840F0AC81CDE90A330C9308A80F2399
:10EE80004FF003090421CDE90839F3F719F90446D5
:10EE9000002840F09C81A34DDFF8ACA2EB6C33431B
:10EEA000EB64EB6C33400593059BEB6C43F0800304
:10EEB000EB64EB6C03F080030493049BEB6C3B432B
:10EEC000EB64EB6C3B4003934FF0904B039B41F2A0
:10EED0000123CAF828304FF48812CBF82880334633
:10EEE000CDE9000008215046FFF73AF933462246A3
:10EEF000CDE900448C480921FFF732F933465846E2
:10EF0000CDE900444FF444124FF40061FFF728F9B3
:10EF100023463A465046CDE9009441F20121FFF7DD
:10EF20001FF95046334622463146CDE90094FFF79B
:10EF300017F9334658463A464146CDE90094FFF763
:10EF40000FF921460920FDF74BFCDFF800924FF442
:10EF50000076C9F8006028202146FDF741FC4FF4F7
:10EF60008073C9F80430AB6C3B43AB64AB6C3B4083
:10EF7000029321460C20029BFDF732FC4FF4805394
:10EF8000C9F800300D202146FDF72AFC4FF400534C
:10EF9000C9F8003040462146FDF722FC4FF480338B
:10EFA000C9F8003011202146FDF71AFC4FF4003358
:10EFB000C9F800305D4DC5E98F44C5E99444C5F8F2
:10EFC0004442C5F858425A4C4FF4E133C5E98D43E9
:10EFD00005F50D700C244FF44073C5E99243F5F725
:10EFE000DFF9002840F0F3800723524A6B630823BF
:10EFF000C5E90E034FF48273C5E902234FF4706331
:10F00000C5E90600C5E90900C5E90B002E622861C3
:10F010006B61FFF735FA002840F0D9804649474B2D
:10F02000C5F8F801C5E97613A423C5E97837C5E921
:10F030007A00C5E97C00FFF78FF90246002840F00E
:10F04000C68095F81932202BDEB240F0C08095F8CA
:10F050001832BB4200F0BB80D5F8D831242085F8A7
:10F060001902196821F001011960196821F4805111
:10F0700019601968196019683943196085F81962AF
:10F0800095F8191285F818222029CEB240F09F80F9
:10F0900085F81902196821F001011960196821F435
:10F0A00070611960196839431960254BC5F8BC3285
:10F0B00005F52F704FF46123C5E9B442C5E9B032BC
:10F0C000C5E9B222C5E9B62285F8196285F8182289
:10F0D000C5F8E022F5F764F90446002877D12C2220
:10F0E00001460DA802F006FA164AC5F8AC401F23E7
:10F0F000C5F8983095F8B130C5E9242440F2E732DC
:10F10000C5E92724C5E92944002B00F098800D4B60
:10F11000022285F8B120DA68D2065AD518E000BF7D
:10F120000070004000100240001C004888000020D1
:10F13000004400400030014000580040E49CD110E1
:10F1400000380140002800400004004800E100E0D1
:10F1500095F8B0300124A34285F8B14037D0D5F8F6
:10F16000903085F8B0404FF00209CA27532685F841
:10F17000B1905F625E62FDF777F9D5F8903008BB19
:10F180009A6818609A6822F480229A609A689A6055
:10F19000FDF790F9D5F890304FF0FF08C3F82480C0
:10F1A00090B985F8B14085F8B1905F625E6285F8EC
:10F1B000B040FDF759F900287FD0D5F89030C3F85A
:10F1C000248001E0FF225A62002385F8B030F4F772
:10F1D0001DFECA21532259625A62FDF745F9C8B98A
:10F1E000D5E924329968D5F8A00021F4E00121F096
:10F1F000400199600243D5F8A800996802430A4388
:10F20000D5F89C109A6019611A69D5F8981042EAED
:10F2100001421A61FDF74EF9D5F89030002877D1F8
:10F22000D96CD5F8AC20D5F8A40021F00301D9643D
:10F23000D96C02430A43FF21DA64596288E700214E
:10F2400054222AA885F8B0104FF4007702F052F942
:10F250004FF4003329A829933F97F4F749FF044658
:10F260000028B4D12C4AD2F8903043F40043014630
:10F27000C2F890300320FDF7B3FA0823C9F8003034
:10F2800029202146FDF7ACFAC9F80470D5F8903072
:10F290003EE7214B1A6E42F001021A661A6E02F026
:10F2A00001020792079A9A6D42F080529A659B6D0F
:10F2B00003F080530693069B87E5D5F8903042F221
:10F2C00001125A60FDF7F6F8D5F890200346C2F80F
:10F2D000248000287FF478AF4FF480720DA8CDE928
:10F2E0001033CDE9143385F8B14085F8B030ADF86E
:10F2F00034308DF836300E9312938DF858401792B3
:10F30000FDF700F900287FF462AFFDF73DFBFEE753
:10F31000FF225A62F4F77AFD001002404FF40053C6
:10F320004B600020704700BF4FF0FF30704700BFB8
:10F3300001207047002070474FF0FF30704700BF3A
:10F3400010B54FF6FF731446024892B2F5F728FF46
:10F35000204610BD44030020DFF834D0F4F728FE27
:10F360000C480D490D4A002302E0D458C450043320
:10F37000C4188C42F9D30A4A0A4C002301E01360F6
:10F380000432A242FBD302F091F8FFF70DFDFEE735
:10F39000000001200000002088000020988401085F
:10F3A00088000020FC050020FEE700000C490D4A03
:10F3B0000B6810B50C4C121B2BB11844904207D8A7
:10F3C0000860184610BD094B0B6018449042F7D9ED
:10F3D00002F066F80C2303604FF0FF33184610BDAF
:10F3E000AC040020000001200014000000060020F2
:10F3F00008B52DED028BB0EE408A01F03BF8B4EE7B
:10F40000488AF1EE10FA0FD6B5EEC08AF1EE10FA86
:10F410000AD8B5EE408AF1EE10FA08D102F040F8B1
:10F4200022239FED090A0360BDEC028B08BD02F0A8
:10F4300037F8BDEC028B034621221A600348BDE871
:10F44000084000F037B900BF000080FFE8730108F2
:10F4500008B52DED048BB0EE608AB0EE409A01F055
:10F460006BF8B4EE488AF1EE10FAF0EE408A0BD653
:10F47000B5EE409AF1EE10FA17D1B5EE408AF1EEF2
:10F4800010FA06D1F7EE008AB0EE680ABDEC048BE4
:10F4900008BDB0EE480A00F06DFC0028F4D0B5EECF
:10F4A000C08AF1EE10FAEFD525E000F063FC88B1D8
:10F4B000F5EE408AF1EE10FAE6D1B0EE490A00F01E
:10F4C00059FC0028E0D0B0EE480A00F053FC0028B8
:10F4D000DAD010E0B0EE490A00F04CFC0028E7D08A
:10F4E000B0EE480A00F046FC0028E1D0F4EE688A4D
:10F4F000F1EE10FA04D601F0D3FF22230360C3E734
:10F5000001F0CEFF21230360BEE700BF10EE103AEA
:10F51000194923F000428A421BD9B2F1FF4F02D3AE
:10F5200030EE400A704700B583B0684600F072FACA
:10F5300000F003000128DDED010A9DED000A13D063
:10F5400002280BD098B9012000F03CF903B05DF817
:10F5500004FBDFED0A0A002000F034B9012000F0BE
:10F5600031F9B1EE400AF1E700F0AAF8EEE700F059
:10F57000A7F8B1EE400AE9E7D80F493F00000000C4
:10F5800010EE103A114A23F00043934218D9B3F118
:10F59000FF4F02D330EE400A704700B583B0684693
:10F5A00000F038FA400000F00200DDED010A9DEDA8
:10F5B000000AC0F1010000F04DF903B05DF804FB52
:10F5C000DFED030A012000F045B900BFDA0F493F23
:10F5D0000000000010EE102AC2F3C7537F3B162B29
:10F5E00022F0004129DC002B104618DB1A49194192
:10F5F0000A4221D0DFED197A70EE277AF5EEC07A53
:10F60000F1EE10FA18DD002A04DA4FF4000242FA93
:10F6100003F3184420EA010300EE103A7047DFEDCF
:10F620000F7A70EE277AF5EEC07AF1EE10FA03DD6C
:10F63000002A08DB9FED0A0A7047B1F1FF4FFBD3A8
:10F6400030EE000A7047DFED077A0029BFEE000AAE
:10F6500008BFB0EE670A7047FFFF7F00CAF249712A
:10F66000000000000000008010EE103AC3F3C75203
:10F670007F3A162A194615DC002A0CDB0C4810418B
:10F68000184205D04FF4800313410B4423EA0003D2
:10F6900000EE103A7047013203F00043F8D143F016
:10F6A0007E53F5E7802AF3D130EE000A704700BFA1
:10F6B000FFFF7F009FED010A704700BF0000C07F81
:10F6C00010EE103A23F00043B3F1485F2CD2FDEE68
:10F6D000C07A17EE903A002B60D060EE007A9FED72
:10F6E000317A9FED315ADFED315A9FED316ADFED0E
:10F6F000316AA7EE875A9FED307AE7EE855AA7EE7A
:10F70000A56AA7EE867AE7EE876A67EEA66A60EEDC
:10F71000C00AB6EE007AE7EEA60AB7EE000AD7EE08
:10F72000870A30EE600A704760EE007A9FED1D7A1E
:10F730009FED1D5ADFED1D5A9FED1D6ADFED1D6A1D
:10F740001E4AA7EE875A93429FED1B7AE5EE275A91
:10F75000A5EEA76AA6EE277AE7EE276A66EEA76A05
:10F76000D5D9174A934214D803F17F4307EE103AD4
:10F77000B7EE006A36EE476A60EEC00AF6EE005A4F
:10F7800097EEA57AE7EEA60A37EE607A36EE470ADC
:10F790007047B6EE076AB5EE027AEDE7B7EE000AFB
:10F7A000704700BF4ED747ADF6740F317CF293B46B
:10F7B000010DD037ABAA2A3D610BB6BA9999993E93
:10F7C0000000483F10EE103A23F00043B3F1485FC9
:10F7D00004D2FDEEC07A17EE903A5BB360EE007A89
:10F7E0009FED157ADFED155A9FED156ADFED156A6D
:10F7F000E7EE875A9FED147AA5EEA76A20EE275A06
:10F80000E6EE276AA6EEA77A30B9DFED106AE7EEDA
:10F81000876AA6EE850A704727EE457AF6EE006AFB
:10F82000A0EEA67ADFED0A6AD7EE270AE5EE260AF1
:10F8300030EE600A704700BFD3C92E2F342FD7B2E5
:10F840001BEF3836010D50B98988083CABAA2ABE97
:10F85000ABAA2A3E08B510EE103A23F00042B2F1EE
:10F86000465FF0EE407A0FD2BDEEC07A17EE101A66
:10F87000F9B9431C134300F09F80012803D0BFEE69
:10F88000007A87EE270A08BD50498A4211D39FEDBE
:10F89000507ADFED506A002BBCBFF1EE600AF1EE4A
:10F8A000407A77EE677A36EEE07ADFED4B0A77EE54
:10F8B000277A67EEA76ADFED494ADFED495A9FEDE7
:10F8C000495A9FED496A414926EEA67A8A42E7EEF7
:10F8D000245AA7EE056ADFED454A9FED455AE5EE4D
:10F8E000874AA6EE075ADFED435A9FED436AE4EEDE
:10F8F000875AA5EE076ADFED414A9FED415AE5EED2
:10F90000874AA6EE075A9FED3F6ADFED3F5AA4EE05
:10F91000876AE5EE075AB0EE467AA5EEA67A27EE9C
:10F92000A65AB0EE606AA7EE056ADFED384AE6EE49
:10F93000260AE5EE240A37EEA00A1FD20128A2D03B
:10F94000BFEE007AC7EE006A314B10EE102A1A4063
:10F9500006EE102A16EE902A76EE677A134000EE35
:10F96000103AB7EE007A70EEE70AF0EE477AE6EE6C
:10F97000007AE0EE807AA7EEA60A08BD07EE100A2C
:10F98000B8EEC77A60EE006A30EE070A9B1786EE83
:10F99000806A03F00203C3F10103F0EE005A36EE71
:10F9A000606A06EE903A77EEC67AF8EEE66AA7EE5F
:10F9B000E57A26EE870A08BD00F0D0F9B7EE007AA6
:10F9C000F0EE407A87EE270A08BD00BF40A12C3F29
:10F9D000DA0F493F68212233000000005FAE9BB779
:10F9E00045F4A3388453D9377AC09538C8261A3AD3
:10F9F000B937813916696B3B48DEBE3AA427B33C60
:10FA00001F37113C8988083ED10D5D3DABAAAA3E47
:10FA100000F0FFFF70B510EE103A884A23F0004462
:10FA2000944286B0054671D9854A94421E4624D830
:10FA300023F00042002BDFED837A834922F00F028E
:10FA4000B0EE407A40F3E0808A4270EE677A09BFF8
:10FA50009FED7E7ADFED7E6ADFED7E6A77EEC77A14
:10FA600037EEE67A77EEC77A80ED007A77EEE67ABF
:10FA7000C0ED017A012006B070BD774A944252D998
:10FA8000B4F1FF4F48D2E215863AA4EBC25307EE19
:10FA9000903ABDEEE77ADFED716AB8EEC77A77EE9D
:10FAA000C77A8DED037A67EEA67ABDEEE77AB8EEF7
:10FAB000C77A77EEC77A8DED047A67EEA67AF5EE0F
:10FAC000407AF1EE10FACDED057A40F09880B5EE6F
:10FAD000407AF1EE10FA0CBF012302236049019134
:10FAE0000221009103A8294600F0A6F9002EC2DAEF
:10FAF00095ED007AD5ED017AB1EE477AF1EE677AAD
:10FB000085ED007AC5ED017A4042B4E7002285ED2B
:10FB1000000A42600020AEE770EE407AC0ED017A44
:10FB2000C0ED007AF6E700F019F99FED4E7A9FEDEF
:10FB3000456AF6EE007AE0EE077A9FED457AFDEE33
:10FB4000E77A17EE900AF8EEE76A1F28A6EEC60AD3
:10FB500066EE877AB1EE666A20DC434A411E26F0E3
:10FB6000004352F8212023F0FF03934216D030EED9
:10FB7000677A30EE470A002E30EE670A85ED007A8C
:10FB800085ED010ABFF677AFB1EE477AB1EE400AD4
:10FB900085ED007A85ED010A40426CE730EE677A28
:10FBA000E21517EE103AC3F3C753C3EBD453082B37
:10FBB000DFDD9FED267A9FED275AF0EE405AE6EE04
:10FBC000075A70EE657AE6EE077AD6EE857A35EE5C
:10FBD000E77A17EE103AC3F3C753D21A192A10DD89
:10FBE0009FED227A9FED225AB0EE650AA6EE070A33
:10FBF00075EEC07AE6EE077AD6EE857AB7E703238C
:10FC00006CE7B0EE650AB4E78A4270EE277A09BF66
:10FC10009FED0E7ADFED0E6ADFED0E6A77EE877AE2
:10FC200037EEA67A77EEC77A80ED007A77EEA67A7D
:10FC3000C0ED017A4FF0FF301DE700BFD80F493FFC
:10FC4000E3CB1640800FC93FD00FC93F0044353782
:10FC50004344353708A3852E800F49430000804375
:10FC6000F480010884F9223F7480010800A3852EE6
:10FC700032318D2408B52DED028BB0EE408A00F0B4
:10FC80009DFFF0EE408AB0EE480A00F073F868B1CC
:10FC9000DFED127AB4EEE78AF1EE10FA0BDCDFED5D
:10FCA000107AB4EEE78AF1EE10FA0FD4B0EE680ADB
:10FCB000BDEC028B08BDDFED0B8A01F0F1FBB0EE6D
:10FCC000680ABDEC028B2223036008BD01F0E8FB4B
:10FCD0002223DFED058A0360E8E700BF1772B14217
:10FCE000B5F1CFC20000807F0000000010EE103A96
:10FCF000184923F000428A421AD9B2F1FF4F02D3C9
:10FD000030EE400A704700B583B06846FFF782FEC8
:10FD100000F003000128DDED010A9DED000A10D07E
:10FD2000022809D090B9FFF7CBFC03B05DF804FBC3
:10FD3000DFED090AFFF7C4BCFFF7C2FCB1EE400AD1
:10FD4000F3E7FFF73FFDB1EE400AEEE70120FFF7D2
:10FD500039FDEAE7D80F493F0000000010EE103AE5
:10FD600023F0004300EE103A704700BFB1EEC00A26
:10FD7000704700BF10EE103A23F00040B0F1FF4F83
:10FD8000ACBF00200120704708B52DED028BF0EECE
:10FD9000408AB0EE608A00F033F820B9B0EE480A2D
:10FDA000BDEC028B08BDB0EE480A00F029F820B186
:10FDB000F4EEC88AF1EE10FAF0DDB0EE680ABDECA0
:10FDC000028B08BD08B52DED028BF0EE408AB0EE37
:10FDD000608A00F015F820B9B0EE480ABDEC028B3D
:10FDE00008BDB0EE480A00F00BF820B1F4EEC88A66
:10FDF000F1EE10FAF0D5B0EE680ABDEC028B08BD4A
:10FE000010EE103A33F000400ED0A0F50003B3F12D
:10FE1000FE4F0DD3074B421E9A4207D9A0F1FF4077
:10FE2000B0FA80F040097047022070470320704705
:10FE300004207047FEFF7F002DE9F04F2DED048B6D
:10FE4000DBB01C46944603930A46CD4B68991CF1DF
:10FE5000040F53F82160824604F1FF38C0F2498252
:10FE6000BCF1030348BF0CF10403DB100293013320
:10FE70004FEAC30EACEB0E030593029B16EB080092
:10FE8000A3EB080316D401309FEDBE7A699C184499
:10FE90001EA9002BA4BF54F8235007EE905A03F17B
:10FEA0000103ACBFF8EEE77AF0EE477A8342E1EC6B
:10FEB000017AEED1002EC0F2B182039B1EA901EBA4
:10FEC000830446AD4FEA83094046F7180AEB8301E5
:10FED000B8F1000FDFEDAB7A09DBA3465346F3EC34
:10FEE000016A3BED017A8B42E6EE877AF7D1013069
:10FEF000B842E5EC017A04F10404E9D10DF1280BD4
:10FF00000BEB8603CDE9062E043B9FEDA09ADFEDB7
:10FF10009E8A059804930AEB090446AF0BEB860909
:10FF20000096CDF820C05AAB03EB8603002E13EDEC
:10FF3000140A4FEA860515DD7B195A4660EE097AE8
:10FF4000B0EE407AFDEEE77A73ED016AF8EEE77AFB
:10FF5000BB42A7EEE87A37EEA60ABDEEC77AA2EC5E
:10FF6000017AEBD1019000F01DFFF4EE007AB0EEC3
:10FF7000408A20EE270AFFF72DFBF2EE007AA0EE72
:10FF8000678A01980028FDEEC89AF8EEE97A38EE03
:10FF9000678A6CDD06F1FF3EC0F108035BF82E2096
:10FFA00042FA03FC0CFA03F3D21AC0F1070119EE6E
:10FFB000903A4BF82E200A416344002A09EE903A09
:10FFC00000F3F080B5EE408AF1EE10FA40F09D802B
:10FFD000009B9E420ADD5D44002355F8041D4D45FB
:10FFE00043EA0103F9D1002B40F0F280009B013B72
:10FFF0005BF82330002B40F0E780049B012153F88D
:020000040801F1
:10000000042D0131002AFAD0731C31449C46029D14
:10001000039A05EB030E0EF1804E699D32440EF1FA
:10002000FF3E07EB83061EAB05EB8E0E03EB82054E
:10003000DEED017AF8EEE77AB8F1000F0EF1040E6A
:10004000E5EC017ADFED4F7A09DB2A465346F3EC03
:10005000016A32ED017AA342E6EE877AF7D10CF11C
:10006000010C6145E6EC017AE2DA0E465BE740F00E
:100070008F80731E5BF82320D211002AA2DD19EEB7
:10008000903A002E03F1010309EE903A40F3D48137
:1000900059464FF0000E51F8043B002B6AD0C3F5CF
:1000A000807341F8043C04E00B68C3F1FF0341F89E
:1000B000043B0EF1010E7645F6DC01239E46002836
:1000C0000ADD012878D0022806D1711E5BF82130A4
:1000D00003F03F0C4BF821C0022A7FF473AFB7EE58
:1000E000000A734630EE488A002B3FF46BAF09924A
:1000F000019000F057FE38EE408A0198099AB5EE5B
:10010000408AF1EE10FA3FF463AF9246DDE9062E25
:10011000DDF820C00196AEEB0C00B0EE480A009E60
:10012000009200F03FFEDFED186AB4EEE60AF1EE51
:1001300010FADDE90023F0EE407AC0F250819FED25
:10014000137A059920EE077A0831BDEEC77A05913A
:10015000B8EEC77A5C1CE7EE667ABDEEC77AFDEEB4
:10016000E77A17EE901A4BF8231017EE103A4BF877
:10017000243046E00EF1010EB6458CDB9E469EE72C
:100180003884010800000000000080430000803B2C
:10019000F6EE007AB4EEE78AF1EE10FA80F298807B
:1001A00000220FE70133002E09EE903A3FF770AFBF
:1001B000002301289E4686D1711E5BF8213003F092
:1001C0007F0C4BF821C087E7731C9C4619461EE73D
:1001D00033469246DDE905125C1EA1F108005BF88A
:1001E0002410009E059061B903F18043013B0BEBA5
:1001F0008303014653F8040D013C08390028F9D067
:10020000059105980092B7EE000A00F0CBFD002C96
:10021000009AB0EE407AC0F20581601C46AD5FEDF9
:10022000256A81000BEB800305EB800073ED017AFA
:10023000F8EEE77A5B4567EE877A27EE267A60ED7F
:10024000017AF3D10DF1C8080B1F46A8C718C6469E
:10025000A44600259146002E73DB844ADFED847AA4
:100260003846002301E0AB4208DCF2EC016AB0EC56
:10027000017A01339E42E6EE877AF4DA0CF1FF3C14
:10028000BCF1FF3FEEEC017A05F10105A7F104078F
:10029000E1D1689B022B4A4656DC002B2EDC0ED1A6
:1002A000DFED737A414431ED017A414577EE877A8B
:1002B000F9D15346002B40F0AE80C2ED007A19EE22
:1002C000903A03F007005BB0BDEC048BBDE8F08F03
:1002D00019EE903A002E03F1010309EE903AC8BFDF
:1002E00002223FF7D5AEF7EE007A37EEC88A022237
:1002F00068E600234FF0080E0293BBE59FED5C7AA1
:10030000414471ED017A414537EE277AF9D1DDEDAF
:10031000327A534677EEC77A002B75D182ED007A98
:1003200064B133A90123B1EC017A01339C4277EE29
:10033000877AF8DA53460BB1F1EE677AC2ED017AAB
:10034000BDE7DFED4B7A99E7689B032BB7D1002C13
:100350007ED008EB840595ED007AA0002B46294657
:1003600071ED017AF0EE476A37EE277A414577EE74
:10037000C77A81ED007A77EEA67AC1ED017AEFD1E6
:10038000012C65D095ED007A08F1040173ED017A36
:10039000F0EE476A37EE277A994277EEC77A83ED17
:1003A000007A77EEA67AC3ED017AEFD1031DDFED77
:1003B000307A434408F1080833ED017A984577EE26
:1003C000877AF9D15346DDED326A9DED337A73B900
:1003D000C2ED006A82ED017AC2ED027A6FE7FDEEAE
:1003E000C07A1C4617EE901A4BF8231009E7F1EE7D
:1003F000666AB1EE477AF1EE677AC2ED006A82ED85
:10040000017AC2ED027A5AE7B1EE477A82ED007ABC
:10041000002C86D190E7F1EE677A4EE7039B4FEA16
:1004200083096BE5689B022B0EDC002B13DC7FF449
:1004300046AFDFED0F7A3CE7022A7FF4C3ADF7EE5B
:10044000007A37EEC88ABDE5689B032B7FF437AF8F
:10045000DFED077AB6E75346DDED327A13B90023B4
:1004600013606BE74FF00043136065E70C840108ED
:100470000000000008B510EE103A33F000422DEDF8
:10048000028B2CD0002B1A4632DBB3F1FF4F41DA3E
:10049000B3F5000F35DB0021D3157F3B0B44D90F9B
:1004A000C1F17F0103EBD373C2F3160207EE903A5A
:1004B00042EAC15200EE102AB8EEE78A00F00EFDC3
:1004C000DFED177A9FED177A20EE270ADFED167A17
:1004D000A8EE070AA8EE270ABDEC028B08BDBDEC0A
:1004E000028B9FED127ADFED127A87EE270A08BDA4
:1004F000BDEC028B70EE407A9FED0D7A87EE870A95
:1005000008BDDFED0C7A60EE277A6FF0180117EE68
:10051000902AC1E7BDEC028B30EE000A08BD00BF97
:10052000D95BDE3EDB27543580209A3E000000CCAC
:10053000000000000000004C2DE9F0432DED028B7F
:1005400083B0CDED010A8DED000ADDE9004535F0FF
:10055000004610D184F48004640014F5000F1BD908
:10056000DDED007A9DED017A37EE870A03B0BDEC30
:10057000028BBDE8F08324F00047B7F1FF4F02D8AB
:10058000B6F1FF4F0FD9B4F17E5FE9D185F4800554
:100590006D0015F5000FE3D8B7EE000A03B0BDEC0F
:1005A000028BBDE8F083002CB84616DBB6F1FF4F96
:1005B00000F0F780B6F17E5F00F02681B5F1804F44
:1005C00000F04681B5F17C5F40F0388103B0BDECAE
:1005D000028BBDE8F043FFF7C9BBB6F1974F80F03F
:1005E000F080B6F17E5F80F01981B5F1804F00F0A8
:1005F0002F81B5F17C5F40F02181FFF7AFFBB7F1B0
:10060000FF4FB3D04FF00009002F00F0F280B7F198
:100610007E5F00F0E580E20F013A59EA020300F044
:100620002181B6F19A4F40F24581924B9F4240F2B0
:100630003E82914B9F4200F24782F7EE007A30EE05
:10064000670A9FED8E6ADFED8E5AF5EE007AA0EE16
:10065000676AF6EE006AE6EE406A20EE007ADFEDA9
:10066000897A9FED896A27EE267A67EEC77AE0EEEF
:10067000257AF0EE676AE0EE066A16EE903A6FF3BE
:100680000B0306EE903AB0EE667AA0EE467A77EE6D
:10069000C77A6FF30B0507EE105A9DED016ADDED89
:1006A000015A36EE476A67EEA57A26EE877AE6EEBD
:1006B000267A09F1FF3959EA0209BFEE008A77EE7E
:1006C000876AB7EE006A16EE903A18BFB0EE468A17
:1006D000002B23F0004240F3B981B2F1864F00F2C3
:1006E000388200F01C82B2F17C5F00F200820022AE
:1006F00010466FF30B0305EE903A75EEC76A9FED57
:10070000637A9FED633A9FED632ADFED633A9FEDD5
:10071000634ADFED634A9FED635A77EEE67A25EE92
:10072000877ADFED616AA7EEA67AF0EE002AF0EE96
:10073000476AE5EE836AB7EE000A26EEA66AF0EE97
:10074000667AE6EE023AE5EEC37AF0EE445AE3EE5C
:10075000865A77EE677AB0EE647AA5EE867AF0EE86
:10076000455AE7EE065AB0EE667AA5EEC67AE6EE90
:10077000A77A66EE875A37EE626A85EE867A77EE5A
:10078000677A77EEE67A30EE670A10EE103A134495
:10079000B3F5000FC0F2958100EE103A20EE080A82
:1007A000E4E6B7F17E5F3FF4F7AE32D99FED3F0A42
:1007B000DDED017A002DB8BFF0EE407AB0EE670AA9
:1007C000D4E6B6F1FF4FECD04FF002099DED000AE0
:1007D000FFF7C4FAB7F1FF4F02D0002F7FF417AF35
:1007E000002DBCBFF7EE007A87EE800A002CBFF622
:1007F000BDAEA7F17E5757EA090740F0208170EEA1
:10080000407A87EEA70AB1E6002D1ADB9DED000ABB
:10081000ACE6002D21DB9FED250AA7E6F315C3F119
:10082000960346FA03F202FA03F3B34200F0FA80A9
:10083000B6F17E5FE8D0B5F1804F09D04FF00009E6
:10084000C4E79DED007AF7EE007A87EE870A8DE621
:10085000DDED007A27EEA70A88E6DDED017AB1EE3C
:10086000670A83E6DDED007A77EEE77A87EEA70A7E
:100870007CE600BFF3FF7F3F0700803FABAAAA3EA4
:1008800070A5EC363BAAB83F00AAB83F8CBEBF3576
:100890000072313F4CBB31330EEADDB555B38A38B7
:1008A000610B36BBABAA2A3E1872313F0000000034
:1008B0000000804B14F0FF4F40F0F7805FED047AAA
:1008C00060EE277A6FF0170317EE908AA9484FEA77
:1008D000E851C8F316087F398045194448F07E5323
:1008E00040F3DB80A448804540F3F8809FEDA35A95
:1008F0000131F0EE453AA3F50003F7EE005A00206F
:1009000006EE103A76EE257AB7EE007A87EE270AE1
:100910005B1043F0005303F58023034476EE656AD1
:1009200007EE901A26EE803AB8EEE77A13EE101A28
:1009300007EE903A924BDFED930A9FED938A9FED7D
:10094000931ADFED932ADFED931A9FED932A77EE4A
:10095000E55A194004EE901A36EE656A63EE035AC2
:10096000E4EEE76AF0EE607AE5EE887AE4EEC66AD5
:10097000A7EEA51A66EE806AE1EE252A73EE247AC8
:10098000E2EEA51A25EEA58AA1EEA52A67EEA67AC3
:10099000B0EE084AB0EE446AE8EE027AA4EEA46A29
:1009A000DFED7E0A9FED7E1ADFED7E2A36EE276AA6
:1009B00016EE101A194006EE101A76EE445AE4EEBE
:1009C000E45A77EEE57A67EE837AE6EE867AF0EE21
:1009D000675AE4EE865A15EE901A194005EE901A01
:1009E000F0EE656AE4EEC66A77EEE67A67EEA07A24
:1009F000E5EE817A77EEA37AF0EE676AE5EEA26A19
:100A000076EE856A76EE876A16EE901A194006EE43
:100A1000901A36EEC77A37EE457AA5EEE27A77EE8F
:100A2000C77A36E6B6F17E5F3FF4EEAEB5F1804FA1
:100A30003FF40EAF02F00102C2F10209C6E6B9F1BD
:100A4000010F7FF493ADB1EE400A8FE556498A421B
:100A500000F287807FF447AE76EEC76AF4EEE76A6D
:100A6000F1EE10FA7DDA03F50043504AC3F3C751A3
:100A70007F39C3F316000A4140F40000C1F11701A9
:100A80001A400841404206EE902A37EE667AC205C7
:100A900077EE876A16EE903A2BE69FED385AF7EE1E
:100AA000005AF0EE453A00202AE700230EE7002D19
:100AB0000CDB002003B0BDEC028BBDE8F04300F07E
:100AC00001BA00F06FF969E6002DF2DD002003B0F5
:100AD000BDEC028BBDE8F04300F0FAB99FED345A4B
:100AE000DFED343AF7EE085A4FF4001008E7D2155C
:100AF0007E3A4FF40001114119442C4AC1F3C75406
:100B00007F3CC1F31600224140F40000C4F11704F9
:100B1000002B40FA04F002EA0102B4DAB2E79FEDDA
:100B2000266A76EEC76A37EE866AB4EEE66AF1EEBA
:100B300010FA0EDC03F500431C4AD9157F39C3F3C4
:100B400016000A4140F40000C1F117011A400841A3
:100B500099E7B5EEC08AF1EE10FA4CBF01200020F3
:100B6000B5E7B5EEC08AF1EE10FA4CBF01200020C7
:100B7000A0E700BF71C41C00D6B35D0000000000F8
:100B800000F0FFFF55326C3E42F1533E05A38B3E11
:100B9000ABAAAA3EB76DDB3E9A99193F4F38763F14
:100BA000A0C39D360038763F00001643000080FF4A
:100BB00000C0153FDCCFD1353CAA383310EE103AD7
:100BC00023F00042B2F1FF4F56D84FEAD37100F044
:100BD00095806248834200F38780002BC0F28780B3
:100BE0005F4B9A424BD95F4B9A4200F29A805E4B20
:100BF0005E4A03EB8103D3ED004A02EB810281F0F0
:100C0000010370EE644AD2ED007A5B1A34EEE70A13
:100C1000DFED576A9FED575ADFED575A9FED576A40
:100C200020EE007AA7EE265ADFED556AE5EE075A68
:100C3000E5EE876AA6EE876AF0EE406AE6EE476A5E
:100C400020EE266A002B42D0B0EE007A37EE667AAC
:100C5000B7EE000AC6EE076A13F17D0F77EEE67A6B
:100C600077EEE47A30EE670A4FDB10EE102A02EBE3
:100C7000C35300EE103A704730EE000A7047B2F1ED
:100C8000505F0AD2DFED3F7A70EE277AB7EE007A36
:100C9000F4EEC77AF1EE10FA5DDC60EE007A9FEDBB
:100CA000347ADFED345A9FED346ADFED356AE7EED2
:100CB000875A9FED327AA7EEA56AE7EE866AA7EE1D
:100CC000A67AF0EE406AE7EEC76A20EE266AF0EEFA
:100CD000007A76EEE76AB7EE007AC6EE267A77EE0D
:100CE000C07A37EE670A7047002000F0F1B8264B53
:100CF0009A427FF675AF002000F0E4B8DFED237A6A
:100D0000002918BFB0EE670A704710EE102A64334E
:100D100002EBC353DFED1E7A00EE103A20EE270AF5
:100D200070471C4B9FED1C7ADFED1C6A03EB8103BF
:100D3000D3ED007AE0EE077A9FED197AFDEEE77ABF
:100D4000F0EE404A17EE903AF8EEE77AE7EEE64A20
:100D500067EE877A5AE730EE070A70471772B1429A
:100D60001872B13E9115853F4C84010844840108F6
:100D70004CBB31330EEADDB555B38A38ABAA2A3EF7
:100D8000610B36BBCAF24971B5F1CF4200000000D9
:100D90000000800D548401083BAAB83F8071313FA8
:100DA000D1F7173710EE103A33F000411A4627D02A
:100DB000B1F1FF4F21D213F0FF4F22D1DFED2B7A9B
:100DC0002B4A60EE277A904217EE903A33DB4CF2D2
:100DD000503CC3F3C75160451A46A1F1190116DD15
:100DE000DFED247ADFED246A002BB0EE677AB8BF1E
:100DF000F0EE667A27EE870A704730EE000A7047F9
:100E000070474CF2503C60454FEAD151E8DC014458
:100E1000FE29E5DC002915DC11F1160F19DB19316B
:100E200022F0FF4242EAC15207EE902A9FED130AD8
:100E300027EE800A7047DFED127A07EE103A27EEB0
:100E4000270A704722F0FF4242EAC15300EE103AEF
:100E50007047DFED0B7ADFED0B6A002BB0EE677A9F
:100E6000B8BFF0EE667A27EE870A70470000004CA4
:100E7000B03CFFFFCAF24971CAF249F100000033E9
:100E80006042A20D6042A28D10B52DED028BB0EE36
:100E9000408A044600F004FBB0EE480ABDEC028B29
:100EA000046010BD30B1F1EE407A27EE800A2220B6
:100EB000FFF7EABFF0EE407A27EE800A2220FFF724
:100EC000E3BF00BF9FED010AFFF7ECBF0000001079
:100ED0009FED010AFFF7E6BF0000007010EE102A38
:100EE00032F000432FD0002A134633DBB2F1FF4F1C
:100EF00040DAB2F5000F34DB4FF0000C6448C3F366
:100F00001601084400F4000282F07E520A43DB1509
:100F100000EE102A7F3B5F4A634401F10F0CF7EEAD
:100F2000007A0CEA020230EE670A03EBD05322BBD0
:100F3000B5EE400AF1EE10FA62D1002B40F090803D
:100F40009FED550A70479FED557ADFED537A87EE96
:100F5000270A704770EE407A9FED4F7A87EE870A36
:100F60007047DFED4F7A60EE277A6FF0180C17EEBE
:100F7000903AC3E730EE000A7047F0EE007A70EE68
:100F8000277A07EE103A80EE274A4648C1F55712F5
:100F9000084402F522720243002A9FED433ADFED36
:100FA000434ADFED435ADFED433A9FED435ADFED0D
:100FB000437ADFED436A24EE046AF8EEC72A26EE90
:100FC000067AE7EE034AA7EE235AE4EE875AE5EEE7
:100FD000076AE5EE877A67EE867AE6EE877A2ADD9B
:100FE000B6EE007A20EE077A27EE007A77EE877A5F
:100FF00067EE847A3BBB37EE677A30EE470A70477C
:101000009FED307AF6EE007AE0EE477A20EE007A35
:1010100027EE277A002BF0D007EE903A9FED2A6A50
:10102000DFED2A6AF8EEE77AA7EEC67A37EE400AD5
:1010300097EEA60A704770EE677A67EE847AE3B996
:1010400030EE670A70479FED206ADFED206AE2EE1E
:10105000867A37EE677A37EE400A92EEA60A704734
:1010600007EE903A9FED180A9FED187AF8EEE77AAE
:1010700027EE800AA7EE870A7047DFED136A9FED1F
:10108000137AE2EEE67A37EEC00A92EE870A7047EC
:1010900020FB4A00F0FF7F0000000000000000CCB1
:1010A0000000004C305CCFFF9788173E25333A3E56
:1010B0002549923E4FD01C3E298E633EABAA2A3F63
:1010C000CDCCCC3EABAAAA3ED1F717378071313FC9
:1010D00008B52DED048BF0EE408AB0EE609A00F07A
:1010E00007F9F0EE490AB0EE408AB0EE680A00F067
:1010F0000BF8F0EE400AB0EE480ABDEC048BBDE8F8
:10110000084000F005B800BFB0EE600A704700BFAD
:1011100008B52DED048BF0EE408AB0EE609A00F039
:1011200055F8B0EE408AFEF725FE20B1B0EE480A31
:10113000BDEC048B08BDB0EE680AFEF71BFE00286C
:10114000F4D0B0EE490AFEF715FE0028EED000F00C
:10115000A7F922239FED018A0360E7E70000807F63
:1011600008B52DED048BF0EE408AB0EE609A00F0E9
:10117000BFF8F0EE490AB0EE408AB0EE680AFFF719
:10118000C3FFB0EE409AB0EE480AFEF773FDF0EEF2
:10119000408AB0EE490AFEF7B9F9B0EE408AB0EEE7
:1011A000490AFEF7A3FD28EE288ADFED077A68EEEC
:1011B000277AB0EE407AE7EE287AF0EE480ABDECE6
:1011C000048BB0EE670A08BD0000000010EE103A74
:1011D00023F0004210EE903A23F000439A4202DBE3
:1011E000194613460A46991AB1F1706F00EE103A8B
:1011F00006EE902A3FDCB3F1B14F10B52EDC00248F
:10120000B2F11A5F0ADA42B3B2F5000F60DADFED2D
:10121000357A66EEA76A20EE270A7E3C30EE666AD3
:10122000F4EEC66AF1EE10FA28D56FF30B0307EE61
:10123000903A30EE277A30EE670A27EE000AA6EEE3
:10124000A60AA7EEA70AFEF791FD34B1E40504F162
:101250007E5407EE904A20EE270A10BDB3F1FF4FEF
:1012600029DA03F15E4302F15E4200EE103A06EE27
:10127000902A4424C4E730EE260A70471A4903F541
:1012800000030B4007EE903AB0EE007AB0EE675ADA
:1012900090EE075A02EA010307EE103A26EE850A9D
:1012A00076EEC75AA5EEA70AA6EE060AA7EE270A0B
:1012B000FEF75CFDC9E714BF30EE260A9FED0B0A6E
:1012C000DFED0A7AB2F1FF4F08BFB0EE670A10BD3A
:1012D00003F1085302F1085200EE103A06EE902A8C
:1012E000443C9BE70000807E00F0FFFF0000807F11
:1012F000704700BF38B510EE105A25F00044B4F125
:10130000A14FF0EE407A0DD3B4F1FF4F5BD8DFED83
:10131000517A9FED517A002DCCBFB0EE470AB0EE66
:10132000670A38BD4D4B9C425CD8B4F1445F4DD345
:101330004FF0FF3327EEA76A9FED495A9FED497A98
:10134000DFED495ADFED494A66EE066A5A1CA6EE01
:10135000857AE6EEA54A9FED465ADFED465AA7EE9E
:10136000265AE4EEA65A9FED447ADFED444AA5EEF4
:10137000267AE5EEA64A9FED425ADFED425AA7EEE5
:10138000265A9FED417AA4EEA67AE5EE265A27EE7C
:10139000267AA5EE867A27EE877A38D03B493C4AF2
:1013A00001EB8301D1ED006A37EE667A02EB83032D
:1013B000D3ED006A37EE677A002D36EEC70AB0DA51
:1013C000B1EE400A38BD30EE000A38BD9FED317AEB
:1013D00030EE077AF7EE006AB4EEE67AF1EE10FA34
:1013E000A6DD38BDFEF7BAFC2B4B9C4212D8A3F504
:1013F000D0039C4223D8F0EE007ABFEE007AA0EE34
:10140000277A002330EE270AC7EE007A92E737EEFC
:10141000C70A38BD214B9C420BD8F7EE087AB7EECD
:10142000007AA0EE277A022330EE670AC0EE077A30
:1014300080E7BFEE007AC7EE007A03237AE7F7EE83
:10144000007A30EE677A30EE270A0123C7EE007A81
:1014500070E700BFDB0FC9BFDB0FC93FFFFFDF3EF7
:10146000D769853C59DA4B3D21A215BD6BF16EBDA4
:10147000356B883D95879DBD6E2EBA3D388EE3BD98
:101480002549123EABAAAA3ECDCC4CBE5C840108D5
:101490006C840108CAF24971FFFF973FFFFF1B40B0
:1014A000014B1868704700BF2800002070B50D4D33
:1014B0000D4C641BA4100026A64209D10B4D0C4C08
:1014C00001F048FD641BA4100026A64205D170BDA2
:1014D00055F8043B98470136EEE755F8043B98472A
:1014E0000136F2E7888401088884010888840108AD
:1014F0008C84010802440346934200D1704703F8EC
:10150000011BF9E7002310B50446C0E90033C0E928
:101510000433836081814366C28183611946082256
:101520005C30FFF7E7FF0D4B63620D4BA3620D4B81
:10153000E3620D4B23630D4B24629C4206D003F102
:101540006802944202D0D0339C4205D104F1580085
:10155000BDE8104000F068B910BD00BF4D1601088D
:101560006F160108A7160108CB160108B004002069
:10157000024A0349034800F0D1B800BF78000020B8
:10158000391901082C00002041680C4B994210B514
:10159000044601D000F0D0F9A168094B994202D06D
:1015A000204600F0C9F9E168064B994204D0204674
:1015B000BDE8104000F0C0B910BD00BFB00400206D
:1015C000180500208005002010B50B4B0B4C0C4A71
:1015D0001A60204600220421FFF794FF04F16800FE
:1015E00001220921FFF78EFF04F1D0000222BDE89D
:1015F00010401221FFF786BFE8050020B00400204C
:1016000071150108014800F010B900BFED05002078
:10161000014800F00BB900BFED05002010B50446ED
:10162000FFF7F0FF236A1BB1BDE81040FFF7F0BFE2
:10163000044B2362044B1B68002BF5D1FFF7C4FF5A
:10164000F2E700BF89150108E805002010B50C4637
:10165000B1F90E1000F050F80028ABBF636DA389FC
:101660001B1823F48053ACBF6365A38110BD2DE923
:10167000F0411F468B89DB0505460C46164605D50D
:10168000B1F90E100223002200F024F8A389B4F966
:101690000E1023F48053A38132463B462846BDE812
:1016A000F04100F059B810B50C46B1F90E1000F039
:1016B00011F8431CA38915BF606523F4805343F4DC
:1016C0008053A38118BFA38110BDB1F90E1000F0A3
:1016D000FDB9000038B5074D044608461146002202
:1016E0002A601A46FDF726FE431C02D12B6803B17F
:1016F000236038BDF805002038B5074D044608467C
:10170000114600222A601A46FDF716FE431C02D13C
:101710002B6803B1236038BDF80500202DE9F8439C
:101720000746884614460026D4E90195B9F1010917
:1017300005D52468002CF7D13046BDE8F883AB8985
:10174000012B07D9B5F90E30013303D029463846AD
:10175000C04706436835E9E738B5074D04460846F3
:10176000114600222A601A46FDF7EAFD431C02D109
:101770002B6803B1236038BDF805002038B5294B2C
:10178000054618680C4618B1036A0BB9FFF746FF07
:10179000B4F90C30190722D4DA0607D409222A60DA
:1017A00043F04003A3814FF0FF3033E0580712D5D8
:1017B000616B41B104F14403994202D0284600F024
:1017C000EFF900236363A38923F02403A38100239B
:1017D000636023692360A38943F00803A38123691D
:1017E0004BB9A38903F42073B3F5007F03D02146DE
:1017F000284600F045FAB4F90C3013F001020AD083
:101800000022A26062695242A261226942B913F0C9
:101810008000C5D138BD990758BF6269A260F4E75E
:101820000020F7E72800002070477047704700004D
:10183000B1F90C202DE9F041160705460C4654D4A9
:101840004B68002B02DC0B6C002B48DDE66A002E97
:1018500045D0002312F480522F68216A2B6030D0CB
:10186000626DA389590705D56368D21A636B0BB102
:10187000236CD21A0023E66A216A2846B047431C2B
:10188000A38906D129681D292BD82A4ACA40D60720
:1018900027D500226260D9042269226004D5421C47
:1018A00001D12B6803B96065616B2F60B9B104F198
:1018B0004403994202D0284600F072F90023636382
:1018C0000DE001232846B0470246501CC9D12B68C1
:1018D000002BC6D01D2B01D0162B1ED12F6000204F
:1018E00022E043F040031BB21BE00F69002FF6D04B
:1018F00093070E6808BF4B690F6018BF0023A6EB63
:1019000007088B60B8F1000FE9DD216AA66A43463B
:101910003A462846B047002808DCB4F90C3043F0BA
:101920004003A3814FF0FF30BDE8F0810744A8EBEE
:101930000008E7E70100402038B50B6905460C4672
:1019400013B90025284638BD18B1036A0BB9FFF753
:1019500065FEB4F90C30002BF3D0626ED00704D4CE
:10196000990502D4A06DFFF760FF28462146FFF7D6
:101970005FFF636EDA070546E4D4A3899B05E1D4D3
:10198000A06DFFF753FFDDE770B50F4E0C463168D1
:10199000054611B900F0B6F830602146284600F03F
:1019A000B1F8431C03D14FF0FF34204670BDC41C76
:1019B00024F00304A042F8D0211A284600F0A2F82F
:1019C0000130F2D1EFE700BFF00500202DE9F84328
:1019D000CD1C25F0030508350C2D38BF0C25002D36
:1019E000064601DBA94204D90C2333600020BDE880
:1019F000F883DFF8D48000F079F8D8F800301C467E
:101A000044BB29463046FFF7BFFF431C044658D16C
:101A1000D8F800402746002F43D1002C4BD0236834
:101A20003946304604EB030900F06CF8814542D199
:101A300021686D1A29463046FFF7A6FF01303AD0DB
:101A400023682B442360D8F800305A6862BBC8F87A
:101A500000700FE02268521B20D40B2A17D961199D
:101A6000A342256018BF5960636808BFC8F800101A
:101A700062514B60304600F03FF804F10B00231D2B
:101A800020F00700C21A1CBF1B1AA350AFE7626800
:101A9000A3420CBFC8F800205A60EBE723466468F5
:101AA000AEE73C467F68B6E71A465B68A342FBD1C7
:101AB00000235360DEE70C233360304600F01CF84F
:101AC00094E70560D6E700BFF405002038B5064D61
:101AD0000023044608462B60FDF726FC431C02D178
:101AE0002B6803B1236038BDF80500200148FFF7DB
:101AF0009CBE00BFEC0500200148FFF797BE00BF69
:101B0000EC05002038B5064D0023044608462B603E
:101B1000FDF74CFC431C02D12B6803B1236038BD98
:101B2000F8050020F8B50E461446054618B1036ABC
:101B30000BB9FFF773FDA369A360A3891A0701D549
:101B4000236943B921462846FFF718FE18B14FF024
:101B5000FF373846F8BD23682269981A6369F6B2E0
:101B60008342374605DC21462846FFF7E5FE00287C
:101B7000EDD1A368013BA36023685A1C22601E704C
:101B80006269431C9A4204D0A389DB07E1D50A2E7F
:101B9000DFD121462846FFF7CFFE0028D9D0D6E76F
:101BA00038B50546002941D051F8043C0C1F002BE4
:101BB000B8BFE418FFF79AFF1D4A136833B9636092
:101BC00014602846BDE83840FFF796BFA34208D905
:101BD000206821188B4201BF19685B6809182160D1
:101BE000EDE71A465B680BB1A342FAD911685018A9
:101BF000A0420BD120680144501883421160E0D10B
:101C000018685B68536008441060DAE702D90C2357
:101C10002B60D6E7206821188B4204BF19685B68E7
:101C2000636004BF091821605460CAE738BD00BF73
:101C3000F405002070B50C46B1F90E10002996B0DD
:101C400015461E460DDAA38913F0800F4FF00001F0
:101C500014BF40234FF48063002031602B6016B026
:101C600070BD6A4600F062F80028ECDB019901F4CF
:101C70007041A1F50053594259414FF48063EBE79D
:101C80008B89F7B59D0706460C4607D504F1470337
:101C9000236023610123636103B0F0BD01AB6A4699
:101CA000FFF7C8FF009F054639463046FFF78EFE16
:101CB00048B9B4F90C309A05EED423F0030343F08D
:101CC0000203A381E2E7A389206043F08003A3819C
:101CD000019BC4E904075BB1B4F90E10304600F073
:101CE00045F828B1A38923F0030343F00103A3813E
:101CF000A3891D43A581CFE7884210B501EB0204FB
:101D000002D98442234607D8431EA14208D011F8C5
:101D1000012B03F8012FF8E7024401468A4200D163
:101D200010BD13F8014D02F8014DF7E738B5074D26
:101D300000230446084611462B60FDF7EFFA431CCA
:101D400002D12B6803B1236038BD00BFF805002025
:101D50000A44914200F1FF3300D1704710B511F8E9
:101D6000014B03F8014F9142F9D110BD38B5064D32
:101D70000023044608462B60FDF7DAFA431C02D123
:101D80002B6803B1236038BDF8050020024B0146E3
:101D90001868826800F012B828000020024B014643
:101DA0001868FFF713BE00BF28000020024B014651
:101DB0001868FFF7F5BE00BF2800002070B50D467B
:101DC0001446064618B1036A0BB9FFF727FC636E89
:101DD000D80705D4A389990502D4A06DFFF725FD86
:101DE000A368013B002BA36005DAA269934212DBD2
:101DF000EBB20A2B0FD023685A1C22601D70EDB283
:101E0000636EDA0705D4A3899B0502D4A06DFFF7A2
:101E10000DFD284670BD294622463046FFF782FE5A
:101E20000546EDE7B1F8C8305A1C92B2C82AA1F8AD
:101E3000C820C85400D0704710B500200C46FDF7EC
:101E40007FFA0023A4F8C83010BD00BF10B50446C7
:101E5000FCF73CFC214602460020FDF771FA0349DD
:101E600001220020FDF76CFA002010BDC06F0108B0
:101E70000FB430B5B5B038AC0E4954F8045BCA2283
:101E800001A8FFF765FF23462A460B48009401A9E5
:101E900000F06AFDBDF8CC2004462AB9204635B0D2
:101EA000BDE8304004B0704701A90020FDF748FAB2
:101EB000F4E700BFCC6D0108251E010800F044BD09
:101EC0009A4238BF88547047704700BF2DE9F04FE1
:101ED00083B00F4612990D9C9DF83850984611F02A
:101EE000020306469446DDE9100A00932ED1BAF1AA
:101EF000000F40F0A280844228D2202C01F0010E75
:101F000000F088810C9B621E1A444FF0300B734620
:101F100002E0202C00F0E7800134A04202F801BF6B
:101F2000F7D89E4693B1544510D2202C00F0CF81B3
:101F30000C9B621E1A444FF0300E02E0202C00F081
:101F400024810134544502F801EFF7D1CB061FD5A7
:101F50004A0500F1A580002C40F09E800F9B102BBD
:101F600000F045810F9B022B00F04E810C9B30222C
:101F70001A70012401F00302002D00F0CA800C9BAE
:101F80002D21195501340AB954450ED3654626E072
:101F900001F00302202CEFD1002A40F08F80BAF12B
:101FA000200F88BF202440F289806546A4EB0C0BEB
:101FB000E1462A464346013539462020B04705EB25
:101FC0000B035345F5D30AF1FF35621C2D1B9245D7
:101FD00038BF002509F10102CC461544C4B10C9B61
:101FE000CDF844A005EB040903EB090B1C44CDF824
:101FF00004C09A46ABEB040214F8010D434639467F
:10200000B047A2454D46F5D1DDF804C0DDF844A047
:10201000009B73B1A5EB0C09D1450AD22A46434671
:102020003946202009F10109B047D14505F10105E4
:10203000F4D3284603B0BDE8F08F11F0010E73D041
:10204000002D40F08B8011F00C0F40F0878084420F
:10205000BFF469AF202C7FF455AFBAF1200F40F2E6
:102060003281CB0640F1BE804A0500F1198120285B
:1020700016D11F200F9B102B00F0F2800F9B022B1C
:102080001FD0441C01F0030227E0CB067FF57EAF92
:102090004A054FF0200403D4A04262D0544560D0DA
:1020A0000F9B01F00302102B104673D00F9B022BE5
:1020B0000ED1202C08D100283FF471AF65462024B2
:1020C0008DE7044601F003020C9B62201855013491
:1020D000202C3FF461AF204601340C9B4FF0300EB2
:1020E00003F800E056E79E46002B00F0CB80BAF1E3
:1020F000200FCAD9CB0675D54A0500F1D18020281A
:1021000000F0DA80BAF1200F40F08D8054461F2095
:10211000B0E74B0747D50C9B2B2119550134002AFA
:102120003FF432AF65465AE78442BFF40FAF202C2C
:102130007FF4E8AECC067FF532AF4C053FF52FAF0C
:10214000202800F0B980BAF1200FDFD00F9B102BB0
:102150003FF425AF0F9B022B19D120E70AF1FF3A7C
:1021600075E7601E86D10F9B102B6BD00F9B022B47
:102170007FF4FCAE0C9B0F9C62221A7030225A70C6
:1021800001F00302002DC4D0F9E6CC0680D401F0A2
:10219000030201E78B0611D4202C8CD00C9B7820F5
:1021A0001855013494E70D0713D48ABB5445FFF446
:1021B000FCAE002C7FF4EAAE65463AE7202C3FF4F3
:1021C0007AAF0C9B18194FF0580E013480F800E0DC
:1021D0007EE70C9B202119550134002A3FF4D4AE30
:1021E0006546FCE68D073FF4E0AE6546F7E68806F7
:1021F0000CD558220C9B1A7030225A70022401F020
:102200000302002D85D0BAE66222F3E77822F1E7D7
:102210006546E3E6BEF1000F50D0CB067FF5B6AEC3
:102220004B057FF524AF0F9B01F00300102B0246F6
:102230003FF441AF0F9B022B7FF4AEAE00287FF43A
:102240003DAFACE68A0625D50C9B58221A70302289
:102250005A70022401F00302002D3FF45AAF8EE6BB
:102260008B06A4F1020206D40C9B78209854013C02
:1022700001F003022FE70C9B58209854013C01F019
:10228000030228E7CA0682D54A05CCD4202813D0F9
:10229000202403E70C9B78221A7030225A70D8E76A
:1022A0000F9B102B01F003003FF405AF0F9B022B97
:1022B0003FF401AF02466FE60446DAE6CB063FF58F
:1022C0003CAF65468BE6CA06DED4654687E6CC069B
:1022D0003FF512AF5BE700BF2DE9F04F93B01C9CB8
:1022E0009DF874B01E9DDDF884E02CB92EF0100628
:1022F0001EF4806FB64635D11EF0200F14BF4FF08C
:1023000041094FF061090AAFA9F10A09B846002650
:10231000099002E0202E15D05446B4FBF5FA05FBD7
:102320001A4C5FFA8CF0BCF1090F00F1300C8ABF37
:1023300048445FFA8CF0C0B2AC4208F8010B06F1D9
:102340000106E7D20998209C05941F9CCDF818E05F
:10235000CDE90354CDE9016B0097FFF7B7FD13B04A
:10236000BDE8F08F26460AAFEDE700BF2DE9F04F3C
:1023700097B0DDE92478209E219C099356EA040356
:102380009DF888C0DDF8A0B08E4605D12BF0100373
:102390001BF4806F9B4645D11BF0200F0EAB14BF82
:1023A0004FF0410A4FF0610ACDF8A0B0CDE90A0E16
:1023B000CDE90C2CAAF10A0A994600259B4603E0B8
:1023C000202D17D006460C4621463A464346304655
:1023D000FCF784F9D2B2092A02F130038ABF5244D1
:1023E000DAB2D2B2BE4274EB080409F8012B05F14F
:1023F0000105E5D2DDE90A0EDDE90C2C5B46DDF8CE
:10240000A0B02799059126990093CDE90371CDE9F4
:10241000015C099BCDF818B07146FFF757FD17B066
:10242000BDE8F08F00250EABEBE700BF10B1D1E99E
:1024300000311847704700BF2DE9F04F1C46B1F13D
:10244000000A8D4B8FB018BF81462078DDF860B050
:10245000904608BF9946002800F0D381002507E088
:102460002A46434651460135C847207800285ED0A9
:10247000252804F10104F3D10023224612F8010BB0
:10248000A0F1200110290AD8DFE801F03409093051
:10249000090909090909092C092809092400A0F1D9
:1024A0003001092951D92A2800F0948000262E28CD
:1024B0005CD00021A0F16807122F23D8DFE807F0D5
:1024C000A2229D2295222222222222221E22222282
:1024D00022221E0043F001031446CEE743F002031C
:1024E0001446CAE743F004031446C6E743F010035A
:1024F0001446C2E743F008031446BEE7607843F48D
:10250000807301327828144609D863283DD86228A0
:1025100000F0B88163287DD0252840F03D812A460F
:1025200043465146C847207801350028A0D12C46A3
:10253000A84501D808F1FF3543462A4651460020F8
:10254000C84720460FB0BDE8F08F002606EB860690
:1025500000EB46061078A0F1300109291446A6F1D7
:10256000300602F10102F1D92E28A2D16078A0F143
:102570003001092943F48063174640F2EF802A288E
:1025800000F002811446013293E7A0F1640E0122AB
:102590005FFA8EFE02FA0EFE384A1EEA020E40F084
:1025A000AD80732854D07028B9D143F0210305932E
:1025B0000823049310230391CDF804E002935BF801
:1025C000043B00932A46434651464846FFF784FEA3
:1025D00005464AE75BF8046B6078002E1446BCBFE2
:1025E00043F002037642013261E760786C2886D1BD
:1025F000A07843F44073E21C84E7607843F40073EE
:1026000001327FE76078682800F0F68043F08003AD
:10261000013277E70BF1040298070A9205F10107EE
:1026200040F111812A469BF8000043465146C847B5
:10263000012E88BFAD1940F249813A464346013721
:1026400051462020C847BD42F7D1DDF828B00CE73D
:102650005A4652F804CB0A929CF800B0584600291A
:1026600040F08C80BBF1000F13D06FF0010E0EF123
:10267000010EE644624606E0C91E01082108120068
:10268000964500F0B38012F8017F002FF8D1A2EB3D
:102690000C0E13F4806702D08E4528BF8E4613F0CF
:1026A00002030B9300F0B080BBF1000F17D0CDE90F
:1026B0000CE6E3462A460E46434651461FB106F154
:1026C000FF3C3EB16646C8471BF8010F01352A465C
:1026D0000028F1D10B9BDDE90CE6002BB5D0764547
:1026E0002F46B2D93544A5EB0E053A46434601378D
:1026F00051462020C847BD42F7D1A6E76F2800F019
:10270000BF806DD8692823F0100240F017815F0563
:1027100048BF23F01102900500F1DD80D3050BF1D5
:10272000040700F1D580500640F1F6809BF9003097
:102730000391002B4FF00A0102914FEAD371B8BF09
:102740005B42CDE9046201912A460093434651461B
:102750004846FFF7C1FDBB46054686E6002101EB72
:10276000810100EB4100A0F1300117F8010FA0F149
:102770003002092AF3D93C467A1C9BE6BBF1000FD4
:1027800087D001F1FF3E72E75BF8041BA0780234AA
:1027900021EAE171621C8DE658287FF4C0AE43F057
:1027A00020031022580524D423F00C0313F40070E6
:1027B0006AD113F4807F0BF1040740F0B280580611
:1027C0007BD418064CBFBBF80000DBF8000000907B
:1027D000CDE904630023CDE9022101932A46B5E740
:1027E000782868D023F010030A22DBE7AEEB0C0E4A
:1027F0004FE723F00D03D9E7A07843F0C003E21CB4
:1028000080E60446054693E6764540F2948006EB62
:10281000050BCDE90C7CABEB0E0B0F462A4643466D
:10282000013551462020C8475D45F7D1DDF834C059
:1028300039469CF800B00C9F06F1010E584600285E
:102840007FF435AF01E7012E3AD96B1E3344CDF842
:102850002CB02F469B463A4643460137514620202E
:10286000C847BB45F7D15B46DDF82CB01A469BF84C
:10287000000043465146C8473544DDF828B0F4E52A
:1028800008228FE702228DE7CDE907630BF1070BE2
:10289000002306910492059302932BF0070BFBE8AB
:1028A00002672A46CDE90067434651464846FFF78E
:1028B0005DFD0546D9E5102274E79BF8000086E728
:1028C0009BF800002A4643465146C8473D46BCE6B1
:1028D000DBF800302CE70BF1070B2BF0070BDBF8D4
:1028E00004305BF8080B0691D90FCDE9076202911D
:1028F000024600210A20002BCDE9040102DA5242EF
:1029000063EB4303CDE9002351462A46434648463C
:10291000FFF72CFD0546A8E51306D9D5BBF9003015
:1029200006E7CDE90221CDE904630190DBF8003030
:1029300000932A460AE70EF1010E7FE764283FF470
:10294000E6AE13460A222DE700B583B08446009315
:10295000044813460A466146FFF76EFD03B05DF872
:1029600004FB00BFC11E010810B584B00446CDE9C8
:102970000241009302A9134603484FF0FF32FFF7CC
:102980005BFD04B010BD00BF2D24010860EE016A9C
:1029900020EEA16A20EE215A76EEC67A61EE205A28
:1029A000F4EE677AF1EE10FA35EE257A04D6B0EE41
:1029B000670AF0EE470A7047B4EE477AF1EE10FA74
:1029C000F5D79FEDA14AF0EEC04AF4EE444AF1EE8D
:1029D00010FAF0EEE03A00F3A080F4EE443AF1EEA3
:1029E00010FA00F39A800023DFED974AB0EEC14A57
:1029F000B4EE644AF1EE10FAF0EEE13A48DCF4EE9F
:102A0000643AF1EE10FA43DC9BBBF0EEE66AF4EEBA
:102A1000646AF1EE10FA14DCB0EEC66AB4EE646AD1
:102A2000F1EE10FA0DDCB0EEC55AB4EE645AF1EED8
:102A300010FA06DCF0EEE55AF4EE645AF1EE10FA04
:102A4000B5DDB4EE400AF1EE10FA80F1F080F4EE5C
:102A5000600AF1EE10FA80F1DD80B4EE411AF1EE79
:102A600010FA80F1CA80F4EE611AF1EE10FA80F1EA
:102A7000B78061EEE07A60EE810AE0EE017AE0EE86
:102A8000210A9FED727A67EE877A20EE877A8EE7C9
:102A9000DFED6D7A9FED6C7AB4EE674AF1EE10FAD5
:102AA000CCBF0123002307EE903A11EE103AF8EE66
:102AB000E77A002BF0EEE77AF4EE473AB8BFF1EE92
:102AC000677AF1EE10FACCBF01230023B0EE671A4B
:102AD00007EE903A11EE903AF8EEE77A002BF0EE1E
:102AE000E77AB4EE400AB8BFF1EE677AF1EE10FA79
:102AF000F0EE671A5AD6F4EE600AF1EE10FAB8D783
:102B000010EE903A9FED527ADFED527A002BB4BF6F
:102B1000F0EE670AF0EE470AABE79FED4B4AF4EEA2
:102B2000444AF1EE10FACCBF0123002304EE903AA0
:102B30009FED454A10EE103AF8EEE44A002BF0EE15
:102B4000E44AF4EE443AB8BFF1EE644AF1EE10FA0A
:102B5000CCBF01230023B0EE640A04EE903A10EEDD
:102B6000903AF8EEE44A002BF0EEE44AB4EE411A53
:102B7000B8BFF1EE644AF1EE10FAF0EE640A22D624
:102B8000F4EE611AF1EE10FA78BF0123FFF52CAFD5
:102B900011EE903A9FED2E4ADFED2E4A002BB4BF86
:102BA000F0EE641AF0EE441A01231DE710EE103A1D
:102BB0009FED277ADFED277A002BB4BFB0EE670ACE
:102BC000B0EE470A97E711EE103A9FED214ADFED8C
:102BD000214A002BB4BFB0EE641AB0EE441ACFE71E
:102BE00011EE903A9FED1A7ADFED1A7A002BB4BFFE
:102BF000F0EE671AF0EE471A3BE711EE103A9FED40
:102C0000147ADFED147A002BB4BFB0EE671AB0EE81
:102C1000471A28E710EE903A9FED0D7ADFED0D7A16
:102C2000002BB4BFF0EE670AF0EE470A15E710EE8E
:102C3000103A9FED077ADFED077A002BB4BFB0EEB4
:102C4000670AB0EE470A02E7FFFF7F7F0000807F40
:102C50000000000000000080D0B5FBF7E7FF0C4B40
:102C6000002206460F46FBF751FDFCF737F80446F5
:102C7000FBF7BAFF074B0022FBF748FD02460B4665
:102C800030463946FBF772FEFCF728F82146D0BDE6
:102C90000000F03D0000F0412DE9F047089D0E4690
:102CA00004460F46002B4AD194468C45B2FA82F274
:102CB00060D942B1C2F12003974020FA03F30CFA25
:102CC00002FC1F4394404FEA1C4E1FFA8CF6B7FBE0
:102CD000FEF1230C0EFB117743EA074301FB06F0DC
:102CE00098420AD91CEB030301F1FF3780F01581EC
:102CF000984240F21281023963441B1AA4B2B3FB1A
:102D0000FEF00EFB103344EA034400FB06F6A64235
:102D10000AD91CEB040400F1FF3380F00081A642C5
:102D200040F2FD806444023840EA0140A41B0021C7
:102D30001DB1D4400023C5E90043BDE8F0878B42B4
:102D400005D90DB1C5E9000100210846F5E7B3FA40
:102D500083F1002946D1B34202D3824200F2F580CA
:102D6000841A66EB030201201746002DE5D0C5E961
:102D70000047E2E7002A40F09380A1EB0C034FEA02
:102D80001C471FFA8CFE0121B3FBF7F607FB163038
:102D9000230C43EA00430EFB06F0984208D91CEBD3
:102DA000030306F1FF3802D2984200F2D080464673
:102DB0001B1AA4B2B3FBF7F007FB103344EA034439
:102DC0000EFB00FEA64508D91CEB040400F1FF33FE
:102DD00002D2A64500F2B6801846A4EB0E0440EAE3
:102DE0000640A5E7C1F120078B4022FA07FC4CEA18
:102DF000030C06FA01FE20FA07F426FA07F344EA68
:102E00000E0400FA01F84FEA1C404FEA1449B3FBE4
:102E1000F0FE1FFA8CF600FB1E3349EA03430EFB5B
:102E200006F9994502FA01F20BD91CEB03030EF1E6
:102E3000FF3A80F08580994540F28280AEF1020E23
:102E40006344A3EB0909A4B2B9FBF0F300FB1399A7
:102E500044EA094403FB06F6A64208D91CEB040425
:102E600003F1FF3068D2A64266D9023B644443EACC
:102E70000E40A41BA0FB02E6B4427346B14652D3F7
:102E80004FD05DB1B8EB030264EB090404FA07F715
:102E900022FA01F31F43CC40C5E9007400214CE73E
:102EA000C2F1200120FA01F30CFA02FC26FA01F12A
:102EB000964033434FEA1C471FFA8CFEB1FBF7F0F4
:102EC00007FB1016190C41EA064100FB0EF68E4274
:102ED00004FA02F408D91CEB010100F1FF382DD2ED
:102EE0008E422BD902386144891B9BB2B1FBF7F6A5
:102EF00007FB161143EA014306FB0EF1994208D97C
:102F00001CEB030306F1FF3814D2994212D9023E9A
:102F100063445B1A46EA004136E73946EDE6184657
:102F200002E7F045ADD2BEEB020366EB0C060138BA
:102F3000B146A6E74646ECE7034698E74046D3E7A6
:102F4000D6467EE76444023847E708460DE7023E6E
:102F500063442DE7F8B500BFF8BC08BC9E46704737
:102F6000F8B500BFF8BC08BC9E46704700000000E2
:102F7000A0860100400D0300801A060000350C00F9
:102F800040420F0080841E0000093D0000127A00BC
:102F90000024F40000366E010048E801006CDC02F9
:102FA00000000000000000000102030406070809F9
:102FB000060401001F1915120F0D0C0B00402644CA
:102FC0009A994742000000000000804085EB514084
:102FD0000000000000000000010203045000000097
:102FE000A000010008001001000000010300000023
:102FF00050000000A00001000800100100000001C6
:103000000300000050000000A000010008001001B3
:10301000000000010300000050000000A0000100BB
:103020000800100100000001030000000000000083
:10303000000000000100000001000100020001008A
:10304000A00000007D7B7C7AE7E61BE895B9AAAB7F
:10305000010203040506004948303231332F4B4A40
:103060009EA09F898A8B8CEDE907ACB191C696CA68
:103070009ABEC2BACED2D6E2DADE7640447F64B5DA
:10308000600D218D3C37A66C2768582B705C144C62
:103090005054EEEA08ADB292C797CB9BBFC3BBCFEB
:1030A000D3D7E3DBDF7741458065B6610E228E3DE5
:1030B00038A76D2869592C715D154D5155EFEB09F5
:1030C000AEB393C898CC9CC0C4BCD0D4D8E4DCE0E8
:1030D0007842468166B7620F238F3E39A86E296A0F
:1030E0005A2D725E164E5256F0EC0AAFB494C9993E
:1030F000CD9DC1C5BDD1D5D9E5DDE1794347826715
:10310000B8631024903F3AA96F2A6B5B2E735F1748
:103110004F5357888586261F83843BA1A213181A14
:10312000190C0B3487110000000003002C4001082B
:1031300000000100284001080300010024400108AC
:103140000100010020400108030001001C400108AB
:1031500000000100184001080000010014400108AF
:103160000000010010400108000001000C400108AF
:1031700000000100084001080000010004400108AF
:10318000010C010000400108FF030100FC3F0108A1
:10319000BD000100F83F0108BD000100F43F010837
:1031A000BD000100F03F0108BD000100EC3F010837
:1031B00000000100E83F010801000100E43F0108B0
:1031C00001002000643F010800000100603F010889
:1031D000000001005C3F010800000100583F0108A9
:1031E00000000100543F0108500002004C3F01085C
:1031F000C05D0100483F010840010100443F010853
:1032000015000100403F0108000001003C3F01089B
:1032100000000100383F010800000100343F0108B0
:10322000010002002C3F010801000300203F0108BB
:103230005D0001001C3F01085D000100183F01080E
:103240005D000100143F01085D000100103F01080E
:10325000010001000C3F010800000100083F0108C7
:1032600000000100043F010800000100003F0108C8
:1032700000000100FC3E010800000100F83E0108CA
:1032800000000100F43E010800000100F03E0108CA
:1032900000000100EC3E010800000100E83E0108CA
:1032A00000000300DC3E010800000400CC3E0108E1
:1032B00000000100C83E010800000100C43E0108F2
:1032C00000000300B83E010800000100B43E010800
:1032D00002000200AC3E010800000200A43E01080A
:1032E00000000100A03E0108000001009C3E010812
:1032F00000000100983E010800000100943E010812
:1033000000000500803E0108000001007C3E01082D
:1033100000000100783E010800000100743E010831
:1033200000000100703E0108010005005C3E01083C
:1033300001000500483E010801000500343E010877
:1033400001000500203E0108000001001C3E0108AC
:1033500000000100183E010800000100143E0108B1
:1033600000000100103E010800000900EC3D0108CA
:1033700000000A00C43D010800000500B03D01083E
:10338000000005009C3D010800000100983D010877
:1033900000000100943D010800000100903D01087B
:1033A000000001008C3D010800000100883D01087B
:1033B00000000100843D010800000100803D01087B
:1033C000000001007C3D010800000100783D01087B
:1033D00000000100743D010800000100703D01087B
:1033E000000001006C3D010800000100683D01087B
:1033F00000000100643D010800000100603D01087B
:10340000000001005C3D010800000100583D01087A
:1034100000000100543D010800000100503D01087A
:10342000000001004C3D010801000500383D010885
:1034300001000500243D010801000500103D0108C0
:1034400001000500FC3C010801000100F83C0108F6
:1034500001000100F43C010801000100F03C0108FA
:1034600001000100EC3C010817000100E83C0108E4
:1034700017000100E43C010817000100E03C0108CE
:1034800017000100DC3C010807000100D83C0108DE
:1034900007000100D43C010807000100D03C0108EE
:1034A00007000100CC3C010801000100C83C0108F4
:1034B00001000100C43C010801000100C03C0108FA
:1034C00001000100BC3C010800000100B83C0108FB
:1034D00001000100B43C010800000100B03C0108FB
:1034E00000000100AC3C010800000100A83C0108FC
:1034F00000000100A43C01083F000100A03C0108BD
:10350000040001009C3C010800000100983C0108F7
:1035100001000100943C010800000100903C0108FA
:10352000030001008C3C010803000100883C0108F5
:1035300003000100843C010803000100803C0108F5
:103540009D0001007C3C01084D000100783C010811
:1035500001000500643C01081F000100603C0108F7
:10356000000001005C3C010801000200543C01081D
:1035700000000500403C010800000300343C010845
:1035800000000300283C0108000003001C3C010867
:1035900000000100183C010800000100143C010873
:1035A00000000100103C0108000001000C3C010873
:1035B00000000100083C010800000100043C010873
:1035C00000000100003C010800000100FC3B010874
:1035D00000000200F43B010800000100F03B01087C
:1035E00000000100EC3B010800000100E83B01087D
:1035F00000000100E43B010800000100E03B01087D
:1036000000000100DC3B010800000100D83B01087C
:1036100000000100D43B010800000500C03B010888
:1036200000000100BC3B010800000100B83B01089C
:1036300000000100B43B010800000100B03B01089C
:1036400000000100AC3B010800000100A83B01089C
:1036500000000100A43B010800000100A03B01089C
:10366000000001009C3B010800000100983B01089C
:1036700000000100943B010805000100903B010897
:10368000450001008C3B010800000200843B01085A
:10369000000002007C3B010800000200743B0108AE
:1036A000000002006C3B01080A000100683B0108B1
:1036B00000000100643B010800000100603B0108BC
:1036C000000001005C3B010800000100583B0108BC
:1036D00001000500443B010801000500303B0108E2
:1036E000010005001C3B010801000500083B010822
:1036F00000000200003B010800000100FC3A010844
:1037000000000100F83A010800000100F43A010845
:1037100000000100F03A010800000100EC3A010845
:1037200000000100E83A010800000100E43A010845
:1037300000000100E03A010800000100DC3A010845
:1037400000000100D83A010800000100D43A010845
:1037500000000100D03A010800000100CC3A010845
:1037600000000100C83A010800000100C43A010845
:1037700000000100C03A010800000100BC3A010845
:1037800000000100B83A010800000100B43A010845
:1037900000000100B03A010800000100AC3A010845
:1037A00000000100A83A010800000100A43A010845
:1037B00000000100A03A0108000001009C3A010845
:1037C00000000100983A010800000100943A010845
:1037D00000000100903A0108000001008C3A010845
:1037E00000000100883A010800000100843A010845
:1037F00000000100803A0108000001007C3A010845
:1038000000000100783A010800000100743A010844
:1038100000000100703A0108000001006C3A010844
:1038200000000100683A010800000100643A010844
:1038300000000100603A0108000001005C3A010844
:1038400000000100583A010800000100543A010844
:1038500000000100503A0108000001004C3A010844
:1038600008000100483A010820000100443A01081C
:1038700000000100403A0108000001003C3A010844
:1038800000000100383A010800000100343A010844
:1038900000000100303A0108000001002C3A010844
:1038A00000000100283A010800000100243A010844
:1038B00000000100203A010800BE87BD8EBD14BD86
:1038C00019BDA0BC27BCAEBBADAD33ACB8AABEA879
:1038D000CBADD2AB58A95FA7DC9FE19B67986C94F6
:1038E0007390F58AF8857A80F9C379C779CBF8CED9
:1038F00075D1F4D472D871DBF8E0F7E4F5E8F2ECB6
:1039000056E952EC4EEFC9F139F0B3F22DF527F735
:103910001DF515F68CF784F8837A897A0F7A147A74
:103920009A7720772776AD752E6EB46CB96B3F6AA7
:103930004F71D56E5C6CE269DC5F615CE558EA54FE
:10394000DE4DDF4961466242F7017705F608F60B66
:10395000F50E7412F215711951164F19CC1BCA1EAF
:103960005C28D72B532F4E32392C342F2E32A934CA
:1039700023399A3A923B093D093D093D093D093DEC
:10398000093D093D093D093D093D093D093D093D07
:10399000093D093D093D093D093D093D093D093DF7
:1039A000093D093D093D093D093D093D093D093DE7
:1039B000093D093D093D093D0000000000000000EF
:1039C000293C0000163B0000D7630000325F000076
:1039D000738800005D7D00004AAC0000A6970000DF
:1039E000A4D000000FAF00004CF70000A3C40000FB
:1039F00070FB0000F3E80000F6D20000C0BB00003E
:103A0000DCA40000E58E0000338200000AD7233DCD
:103A1000295C8F3D295C0F3E5C8F423E0AD7A33E56
:103A200032033000F702B000C202B0008D02B000D5
:103A30005802B000F8029000C30290008E0290007D
:103A400059029000E400D000F4009000F700D1008B
:103A50000703B000D202B0009D02B0006802B000BF
:103A600005033100D00231009B02310066023100B3
:103A700005033000D00230009B02300066023000A7
:103A80000603B000D102B0009C02B0006702B00093
:103A900001033100CC023100970231006202310093
:103AA0000403B200CF02B2009A02B2006502B20073
:103AB00013031002DE021002A902100274021002A7
:103AC0000B031002D6021002A10210026C021002B7
:103AD0000303B000CE02B0009902B0006402B0004F
:103AE0000203B000CD02B0009802B0006302B00043
:103AF00002033500CD02350098023500630235001F
:103B00003A01B0004601B000190225003802250034
:103B10003C0225004302250047022500D70125006D
:103B2000F6012500FA012500010225000502250005
:103B300095012500B4012500B8012500BF0125002D
:103B4000C3012500530125007201250076012500DF
:103B50007D01250081012500FB029000C602900036
:103B6000910290005C02900047030402FE020810DC
:103B700028030810C9020810F30208109402081064
:103B8000BE0208105F02081089020810DE00F7006C
:103B9000DE00F0002402F000E201F000A001F000DD
:103BA0005E01F000F3003000F3007700F300D10075
:103BB0007100072072000402A1001002A20010028E
:103BC0002000081027000810310008106F000810AE
:103BD000750007201B031002E6021002B10210025A
:103BE0007C02100217031002E2021002AD02100262
:103BF00078021002C100B0003901B000FA02900052
:103C0000C5029000900290005B029000FC02B0019F
:103C1000C702B0019202B0015D02B001910008102C
:103C200092000810930008108E0008108F000810F2
:103C3000900008108B0008108C0008108D000810F0
:103C40003500081088000810890008108A00081044
:103C5000960008108400081094000810380008101E
:103C60004001B00049012500490126004901270013
:103C70004901280049012900B803B001B903B00186
:103C80004202040200020402BE0104027C0104029A
:103C900036015100F2003000F2007700F200D1004E
:103CA000F500D0000F031002DA021002A502100284
:103CB0007002100232033100320332002502072065
:103CC000E3010720A10107205F010720260204026B
:103CD000E4010402A20104026001040228020402B9
:103CE000E6010402A4010402620104024102072069
:103CF000FF010720BD0107207B01072019022B00CF
:103D000038022B003C022B0043022B0047022B0001
:103D1000D7012B00F6012B00FA012B0001022B002A
:103D200005022B0095012B00B4012B00B8012B00DC
:103D3000BF012B00C3012B0053012B0072012B008C
:103D400076012B007D012B0081012B002F02072023
:103D5000ED010720AB0107206901072031020402B1
:103D6000EF010402AD0104026B0104025302A4003E
:103D70001102A400CF01A4008D01A4005202A400EE
:103D80001002A400CE01A4008C01A4005102A400E2
:103D90000F02A400CD01A4008B01A4002500072080
:103DA0002F000710730008107C0008107E00081018
:103DB0001F000720260007103000071074000810AD
:103DC0007B00081028000720320007103900081077
:103DD00041000710460005104B0008204C00082049
:103DE0004F0008105400082055000820210007202B
:103DF00029000710330007103A0008104000071090
:103E0000470005104A000820500008105300081011
:103E1000F6029000C10290008C02900057029000C0
:103E200019023701380237013C02370143023701DA
:103E300047023701D7013701F6013701FA0137018F
:103E4000010237010502370195013701B40137013D
:103E5000B8013701BF013701C301370153013701F1
:103E600072013701760137017D0137018101370188
:103E70001502B001D301B0019101B0014F01B001B1
:103E80002E0007106B0007107F000820800008102C
:103E9000820007201402F000D201F0009001F0002F
:103EA0004E01F0002B0330002F0330002B03540091
:103EB0002F035400360007103F000810860008202A
:103EC000AF000810590010025A001002220008101A
:103ED0002A000810340008103E0008101B000510CE
:103EE00067000810680008201F020720DD01072076
:103EF0009B0107205901072020020402DE01040271
:103F00009C0104025A010402480104021101072025
:103F10002003B001EB02B001B602B0018102B00192
:103F2000060024000D002400140024006A0008206C
:103F30004A01260033015700330155003301530075
:103F40003501B00016010402FB0004020001040266
:103F50000B0104022B020402E9010402A70104027E
:103F600065010402750106207801310078013200F4
:103F70007901062080010620830132008401062099
:103F80008A010620B7010620BA013100BA013200C9
:103F9000BB010620C2010620C5013200C601062071
:103FA000CC010620F9010620FC013100FC013200A1
:103FB000FD01062004020620070232000802062046
:103FC0000E0206203B0206203E0231003E02320075
:103FD0003F02062046020620490232004A0206201D
:103FE0005002062028010810C500D0002103B001AE
:103FF000EC02B001B702B0018202B0019C00900156
:104000009D009001F902D000C402D0008F02D000C0
:104010005A02D000DF005A00DF003900DF005600EE
:10402000DF003500DF005200DF003100B600320053
:10403000BD003200BF00320030BFC3633503010052
:10404000E501080035030800850301008503000031
:1040500014000000A847000035030100E50110002E
:1040600035031000850301008503000014000000E3
:10407000A847000035030100E501200035032000BA
:10408000850301008503000014000000D832000001
:1040900000000000B84B00002508000035080100B2
:1040A000450801004008000088090000A506A00B93
:1040B0000000000017020000F009000037020000B5
:1040C00070050000A80F000000000000870200003B
:1040D00080020000F0090000B7020000B0020000FA
:1040E0007005000098100000084600000000000065
:1040F000200300002003000020030000F00900005E
:10410000500300005003000070050000A0060000EE
:10411000E0030000C84C0000100C0000404A000002
:10412000204C00004804000058350000783600009C
:10413000500A0000500A0000E001000040020000A8
:10414000D702000014000000050800008506C00921
:104150008006400A80062009090000001837000088
:10416000A80F000098100000084600000900000099
:1041700018370000404A0000204C000009000000F1
:1041800018370000204C000098100000084600007E
:1041900009000000F84900008848000055050000AB
:1041A000650500004505010009000000E501080063
:1041B000A50600008515040035030300E50108008D
:1041C00035030800C506A46EB8370000850301005A
:1041D00085030000A0380000283800000900000016
:1041E000D0130000E0060000880800001707000058
:1041F00068250000F0090000680900002708000099
:1042000002000000404A0000204C0000B7070000F8
:1042100035070300D84E00000A00000035070200F1
:10422000F8090000A00F000090100000000000003E
:1042300000460000880800006009000043000000FC
:104240005708000078280000D81300000000000084
:10425000184800000900000060250000E01400007C
:1042600070280000B028000000190000C02B0000DA
:10427000002C0000201D0000102F0000502F000017
:104280004021000060320000D81300000900000047
:10429000E014000009000000F5010100060000081C
:1042A00085150200851501009515FF03A515010C64
:1042B00009000000A849000018480000250500007A
:1042C000350500001505010009000000D5070100B3
:1042D0002506646B3507890D4507890D8506140091
:1042E000D84E00002A0000002506000085060000C8
:1042F00045070000104800000900000045000000CC
:10430000E501860035008400420100004300000002
:10431000B50C0B0082CE01004300000068330000A2
:10432000283900004500010009000000B50C00001C
:1043300009000000B50C000009000000A50B0000FA
:10434000F50B0000050C1200150C0000E50B000039
:10435000950B0500483B0000062022003842000073
:10436000B50204007502000065024000E50101018C
:10437000B5020101A841000065020000783F00007D
:10438000A8420000D83B0000017C0007F2030000B7
:10439000017C010006004000430000000100000510
:1043A000283C000009000000D5080A00E5081A00B2
:1043B000450285225502FD0109000000A50100000B
:1043C000D5000000E5000000F50020000501000018
:1043D00015010000250100003501000085010000E5
:1043E0004501000055010000650100007501000055
:1043F00095010000950001007500FF3709000000DD
:10440000350A0900550A0000C50A0800650A3F0878
:10441000250A6000950A0100250A7F0009000000B6
:10442000D83C000002DC050043000000D50000007D
:10443000E5000000750003000205000043000000D5
:104440008500030025000000180B00002500010076
:10445000E50102007500000009000000583A000064
:10446000180E000002050000430000008500FF3721
:10447000D50A4F007500FF3F8500FF3F5011000037
:10448000050A6B01050A0801050AB502E50C0100E1
:104490000214000043000000280F00004503010043
:1044A0004503020038130000483B00001845000097
:1044B0005845000078440000A84500002500000091
:1044C000E501000535000005E501020015000000CA
:1044D000020F00004300000018430000883A00006B
:1044E000E501010035000100620100004300000009
:1044F000C80D0000784E0000250901009500FF401E
:1045000009000000050D0100250D0100150D150025
:10451000A50A0100450D870009000000A50B000059
:10452000F50A000025022E0009000000083B0000EB
:1045300078440000E5011F00150B1F003842000001
:10454000C8400000A842000006202200E50A08003A
:10455000F50A0000883B000002000000E1030003B0
:104560004300000001008002283C00000900000018
:1045700035020000150200000602200022000000A3
:1045800032000000E17F800001F40000160000000E
:1045900043000000C601000043000000E7150000D2
:1045A00002000000F81600004300000006001C0096
:1045B00035020000901600007200000006020000A4
:1045C00072010000F8160000430000000200000025
:1045D00006001C004300000043000000E716000036
:1045E0000602000002000000F81600004300000070
:1045F000090000001200000001F400001200000099
:10460000E17F80002600000001F40100000080002E
:10461000E17F8000E601000001F407000000800750
:10462000430000006018000032000000E17F8000BD
:104630002600000001F4030000008000E17F8000FC
:10464000E601000001F407000000800743000000BD
:104650000600400016000000430000002600000095
:1046600000008000060000000600000006000000B8
:1046700001748000090000003502000015020000EE
:10468000060220002200000032000000E17F8000CE
:1046900001F400001600000043000000C601000005
:1046A00043000000071A000002000000181B000071
:1046B0004300000006001C0035020000B01A000094
:1046C000720000000602000072010000181B0000CA
:1046D000430000000200000006001C004300000030
:1046E00043000000071B000006020000020000005B
:1046F000181B000043000000090000001200000029
:1047000001F4000012000000E17F8000260000009C
:1047100001F4010000008000E17F8000E60100005C
:1047200001F407000000800743000000801C000027
:1047300032000000E17F80002600000001F4030049
:1047400000008000E17F8000E601000001F4070026
:104750000000800743000000060040001600000033
:10476000430000002600000000008000060000005A
:10477000060000000600000001748000090000002F
:104780003502000015020000060220002200000091
:1047900032000000E17F800001F4000016000000FC
:1047A00043000000C601000043000000271E000077
:1047B00002000000381F00004300000006001C003B
:1047C00035020000D01E000072000000060200004A
:1047D00072010000381F00004300000002000000CA
:1047E00006001C004300000043000000271F0000DB
:1047F0000602000002000000381F00004300000015
:10480000090000001200000001F400001200000086
:10481000E17F80002600000001F40100000080001C
:10482000E17F8000E601000001F40700000080073E
:1048300043000000A020000032000000E17F800063
:104840002600000001F4030000008000E17F8000EA
:10485000E601000001F407000000800743000000AB
:104860000600400016000000430000002600000083
:1048700000008000060000000600000006000000A6
:1048800001748000090000003502000015020000DC
:10489000060220002200000032000000E17F8000BC
:1048A00001F400001600000043000000C6010000F3
:1048B00043000000472200000200000058230000CF
:1048C0004300000006001C0035020000F02200003A
:1048D0007200000006020000720100005823000070
:1048E000430000000200000006001C00430000001E
:1048F0004300000047230000060200000200000001
:1049000058230000430000000900000012000000CE
:1049100001F4000012000000E17F8000260000008A
:1049200001F4010000008000E17F8000E60100004A
:1049300001F407000000800743000000C0240000CD
:1049400032000000E17F80002600000001F4030037
:1049500000008000E17F8000E601000001F4070014
:104960000000800743000000060040001600000021
:104970004300000026000000000080000600000048
:10498000060000000600000001748000090000001D
:1049900098130000F50B0000050C0000150C00003A
:1049A000E50B0000950B0000E50A00000502000081
:1049B0000620020010340000050B0000050B0C005F
:1049C000050B0000150B0000250B0000350B010046
:1049D000450B0000550B0000650B0000384200003D
:1049E000B50204007502000065020000E50109003F
:1049F000B5020900A841000065020000E501410080
:104A0000B5024100A841000065020000783E0000A8
:104A1000B50204007502000065020000E501010115
:104A2000B5020101A841000065020000783F0000C6
:104A3000A8420000182800000900000015095D00C8
:104A4000F508BD00E5010020F50800200100000088
:104A50000900000001000005283C0000004E000095
:104A60000900000098130000F50B0000050C000081
:104A7000150C0000E50B0000950B0000E50A000096
:104A8000050200000620020010340000050B0000A3
:104A9000050B0C00050B0000150B0000250B00009A
:104AA000350B0100450B0000550B0000650B0000A5
:104AB00038420000B50204007502000065020000E3
:104AC000E5010900B5020900A841000065020000E7
:104AD000E5014100B5024100A84100006502000067
:104AE000783E0000B5020400750200006502000077
:104AF000E5010101B5020101A841000065020000C5
:104B0000783F0000A8420000682B00000900000068
:104B100015095D00F508BD00E5010020F50800203D
:104B2000010000000900000001000005283C000011
:104B3000004E00000900000098130000F50B000073
:104B4000050C0000150C0000E50B0000950B0000A3
:104B5000E50A0000050200000620020010340000F3
:104B6000050B0000050B0C00050B0000150B0000E9
:104B7000250B0000350B0100450B0000550B000014
:104B8000650B000038420000B50204007502000009
:104B900065020000E5010900B5020900A841000016
:104BA00065020000E5014100B5024100A841000096
:104BB00065020000783E0000B502040075020000A6
:104BC00065020000E5010101B5020101A8410000F4
:104BD00065020000783F0000A8420000B82E0000E7
:104BE0000900000015095D00F508BD00E501002081
:104BF000F508002001000000090000000100000588
:104C0000283C0000004E000009000000981300003E
:104C1000F50B0000050C0000150C0000E50B000072
:104C2000950B0000E50A00000502000006200200C6
:104C300010340000050B0000050B0C00050B0000F4
:104C4000150B0000250B0000350B0100450B000083
:104C5000550B0000650B000038420000B50204004F
:104C60007502000065020000E5010900B5020900B7
:104C7000A841000065020000E5014100B5024100C5
:104C8000A841000065020000783E0000B502040063
:104C90007502000065020000E5010101B502010195
:104CA000A841000065020000783F0000A842000013
:104CB000083200000900000015095D00F508BD007C
:104CC000E5010020F50800200100000009000000B7
:104CD00001000005283C0000004E00000900000013
:104CE000E5013100C5082000090000006503C0008F
:104CF000B5070200B5082A00A8320000090000002C
:104D000055080200F5050100350C040009000000FB
:104D1000D50701002506E40065070600E507080041
:104D200045061400D84E00000A000000F8480000B4
:104D3000284900006507270009000000350C020023
:104D4000350C0300E5010100050B0100E50102003F
:104D5000D50A0000A2000000430000000900000086
:104D6000E5010800A506000025030300E501080091
:104D700025030800C506046FB8370000950301003D
:104D80009503000028380000090000001508000005
:104D9000E5010800A5060800D84E00002A00000022
:104DA0000900000025080000250600003507030063
:104DB00045070300D84E00000A000000090000006B
:104DC0002508010009000000F50101100600000897
:104DD00009000000E501040085060400D507010074
:104DE0002506C46DD84E00002A000000090000000E
:104DF000250600008506000009000000E8360000D6
:104E0000184800008848000009000000E501100073
:104E10003503100009000000E50110002503100013
:104E200009000000D507010025061400D84E000037
:104E30002A00000025060000C50600000900000049
:104E4000E5061800D84E00000A000000E506000044
:104E50003508010088090000A506A00B0900000024
:104E600005071800D84E00000A00000005070000E2
:104E70004508010048360000A50640690900000009
:104E8000E501860035008400420100004300000077
:104E9000E5010300B50C01006200000043000000C2
:104EA000D50701002506E40065070600E5070800B0
:104EB00045061800D84E00000A000000F84800001F
:104EC000284900006507270009000000E5010300EC
:104ED000B50C03000900000068330000E501020082
:104EE000350002006201000043000000E50184007B
:104EF00035000000090000001502360005020E0012
:104F000025022E00090000001502360005020E00E1
:104F1000250293000900000015094D00F5089D00C9
:104F2000E5010020F50800200900000015095D00DA
:104F3000F508BD00E5010020F5080020090000008B
:104F4000E5010020F508000000000000000000005E
:104F500025000100E5010200150002002500000007
:104F6000E5010200150000000900000065007F0057
:104F70000900000065000000090000007500010044
:104F800009000000D5000000E501020095000200C4
:104F900009000000A5010000E5000000F500200068
:104FA0000501000015010000250100003501000089
:104FB000450103005501030085010300650103005D
:104FC0007501030095010300E501F77F9500F57F6A
:104FD00009000000E501FF016502E001E5011100A3
:104FE000B5021100A8410000E501FF016502FF01C3
:104FF000E5012100B5022100A8410000E501FF0103
:105000006502F801E5018100B5028100A8410000B8
:1050100009000000E501FF016502C001E501010290
:10502000B5020102A8410000E501FF016502FF0190
:10503000E5010104B5020104A8410000E501FF01FA
:105040006502F801E5010108B5020108A841000068
:10505000E501FF016502FF01E5010110B502011044
:10506000A841000009000000B50204006502003FED
:10507000B5020D00F84100006502C0FFB502150041
:10508000F84100006502F0FFB5028500F84100001C
:105090006502FFFFB5022500F8410000090000008D
:1050A000B208000043000000E501F91FB50200004E
:1050B00009000000B208000043000000B50204002F
:1050C00009000000E501000535000000E5010018B9
:1050D00035000018E5010005350000050900000055
:1050E000E501000535000000E5010018350000006D
:1050F000E50100053500000509000000450A010032
:10510000450A000065070300D507080025061400BE
:1051100058490000A847000025073900F5040000A1
:105120000505803EE5040100D84E00000A0000009D
:10513000A8470000F84800006507000009000000CB
:10514000250A0000950A0000250A0000650A0000F3
:1051500009000000050B0000050B0C00050B00000A
:10516000150B1F00250B0000350B0100450B00003F
:10517000550B0000650B000009000000F50B000056
:10518000050C0E00150C000009000000950B07002F
:10519000A50B0400E50A0700F50A04000900000059
:1051A000D50B0500B50B030009000000D50B050069
:1051B000B50B00000900000038420000B5020400F1
:1051C000750200006502C03FE5010101B502010161
:1051D000A8410000650200FE783F0000A8420000E0
:1051E000483B000006202200D83B0000F5090100E2
:1051F000E50100039509000101F40000D50B05004D
:10520000024B000043000000D50B0900F509000027
:10521000E501000395090000283C0000090000009A
:1052200025070000B50501006200000043000000F2
:10523000B5050000E5040000090000003507000086
:10524000C50501006200000043000000C505000024
:10525000150500000900000045070000D505010004
:105260006200000043000000D50500004505000075
:105270000900000025060000D50700000900000015
:1052800045060000E50700000900000015000400C5
:10529000E5010800350000001500000009000000CD
:1052A00015000800E50110003500000015000000A1
:1052B0000900000015001000E50120003500000085
:1052C000150000000900000095000100E50C000039
:1052D000250900002839000025000100E501020031
:1052E00015000200E501060085000000E50106004A
:1052F00075000000D8450000984E0000E50101004F
:105300003500000062010000430000002844000056
:10531000D50A000085000100183D0000783D00001E
:105320000900000028330000C500000095140000AB
:10533000783D0000383D0000F80B00000900000037
:10534000D80B0000E501010085000000E501010027
:1053500075000000383D0000E50102001500000066
:10536000F83C000009000000950C1300750C380093
:10537000850C02001502360005020E0025022E00E3
:10538000062022001509ED00F508DD01E5010020E9
:10539000F5080020010000050100010501000005DD
:1053A00006004000283C0000750C0000850C000041
:1053B000950C000009000000350C0000350C0400BD
:1053C000E5010100050B0000E5010200D50A02001D
:1053D00009000000450DFF0009000000450D000018
:1053E000A50A0000050D00000900000052000000A1
:1053F000430000000900000000000000CDCC344153
:1054000033335B41000098410000A441CDCCAC4156
:10541000000086420000AA420000AC420000C642E2
:105420000000D0421266513F16881A3F6B7E443FFF
:105430000EC1693F9CC47F3CB357863CF558443C41
:105440006852953CA8366B3F5336183F45B3593FD9
:105450000F72803F90FE913CE3179E3C362B723CCE
:105460008FF5BC3C8FC2F53D295C8F3E295C0F3F18
:105470005C8F423F0AD7A33F613132312D76312E06
:1054800031302E300000000000000000000000005D
:10549000000000000000000000000000000000000C
:1054A00000000000000000000000000000000000FC
:1054B00000000000000000000000000000000000EC
:1054C00000000000000000000000000000000000DC
:1054D000FFFF00009D1D0108AD1D01080000000038
:1054E00019220008BD0200080000803E0000404074
:1054F000000005000000704103010000640000008E
:105500000000C842000000000000003F0000000052
:10551000000002002C570108000001002857010874
:105520000300010024570108010001002057010871
:10553000030001001C570108000001001857010872
:105540000000010014570108000001001057010875
:10555000000001000C57010800000400FC5601087F
:1055600000000100F856010804000100F45601088B
:1055700004000100F05601080C030200E85601087F
:10558000C05D0100E456010840010800C45601084E
:1055900015000100C056010800000100BC560108BA
:1055A00000000100B856010800000100B4560108CF
:1055B00001000300A856010802000200A0560108DD
:1055C00000000200985601080000010094560108EE
:1055D00001000100905601083F0001008C560108AF
:1055E00004000100885601080000010084560108EB
:1055F0000100010080560108000001007C560108EE
:1056000000000100785601080000010074560108EE
:105610000000010070560108050001006C560108E9
:1056200045000100685601080A000100645601089F
:105630000000010060560108080001005C560108E6
:1056400020000200545601080000010050560108D5
:105650005C0130003700D000C802D000B4009000D8
:10566000B700D100FA000402E200F700E200F00007
:10567000B3003000B3007700B300D100D600510072
:10568000B2003000B2007700B200D100B500D00007
:105690005C0131005C013200290030002D00300037
:1056A000290054002D005400060024000D002400A1
:1056B00014002400D3005700D3005500D30053003A
:1056C000D500B000AC0004021B030402F504040280
:1056D000FA0404020105040206050402210504027D
:1056E00058050402180504026C0104022203040296
:1056F0003204B0007204B000CF040402C9043701C0
:10570000CC043701D0043701D30437016105B00060
:105710006305D000E3005A00E3003900E3005600BF
:10572000E3003500E3005200E3003100590032008D
:1057300060003200300EB36335030100E50108005C
:1057400035030800850301008503000014000000F4
:10575000A801000035030100E50110003503100029
:10576000850301008503000014000000A80100006B
:1057700035030100E5012000350320008503010009
:10578000850300001400000015000400E501080076
:10579000350000001500000009000000250700008A
:1057A000B50501006200000043000000B5050000DF
:1057B000E50400000900000025060000D5070000F0
:1057C0000900000045060000E50700000900000090
:1057D0006503C000B5070200B5082A00C802000032
:1057E00009000000E5013100C508200009000000A3
:1057F00052000000430000000900000065007F0027
:1058000009000000A5010000D5000000E50000002F
:10581000F500200005010000150100002501000031
:105820003501000085010000450100005501000020
:105830006501000075010000950100009500010060
:105840007500FF3709000000D5000000E5010200E7
:105850009500020009000000A5010000E50000001D
:10586000F5002000050100001501000025010000E1
:1058700035010000450103005501030085010300C7
:10588000650103007501030095010300E501F77F41
:105890009500F57F09000000B50C0000090000002C
:1058A00045000000E501860035008400420100004B
:1058B00043000000B50C0B0082CE01004300000045
:1058C000880800005807000045000100090000009A
:1058D000E5010300B50C030009000000020F000001
:1058E000430000000900000088080000E5010200F4
:1058F000350002006201000043000000E501840061
:105900003500000009000000E50186003500840034
:105910004201000043000000E5010300B50C010056
:105920006200000043000000D50701002506E400E6
:1059300065070600E507080045061800F8020000A4
:105940000A00000018020000480200006507270056
:1059500009000000D50701002506E40065070600E0
:10596000E507080045061400F80200000A000000E0
:105970001802000048020000650727000900000027
:10598000550D01000000000075070000C50D9009CD
:10599000750727008513010015140100E5010400B7
:1059A00085130400E501040015140400E501080056
:1059B00085130800E501F8011514F801090000003D
:1059C0001502000005020000250201000620220049
:1059D00015090200F5080400E5010020F508002083
:1059E0000900000002140000430000000100010053
:1059F000010080020600400009000000350A09008D
:105A0000550A0000C50A0800650A3F08250A60001B
:105A1000950A0100250A7F0009000000250A000000
:105A2000950A0000250A0000650A00000900000030
:105A3000450A0100450A000065070300D507080074
:105A40002506140058010000A801000025073900B0
:105A5000F50400000505803EE5040100F8020000A1
:105A60000A000000A80100001802000065070000FD
:105A700009000000450A0100450A00000900000075
:105A8000050D0100250D0100150D1500A50A0100E9
:105A9000450D870009000000450DFF0009000000CA
:105AA00015095D00F508BD00E5010020F50800209E
:105AB00009000000D5080A00E5081A004502852201
:105AC0005502FD01090000001502360005020E0016
:105AD0002502930009000000E5010020F508000000
:105AE000000000000000000025000100E5010200A8
:105AF0001500020025000000E5010200150000006D
:105B000009000000350C0200350C0300E50101001E
:105B1000050B0100E5010200D50A0000A20000000B
:105B20004300000009000000E50100053500000009
:105B3000E501001835000018E501000535000005F5
:105B400009000000E501000535000000E50100182E
:105B500035000000E50100053500000509000000E2
:105B6000B208000043000000E501F91FB502000083
:105B700009000000E501FF016502E001E5011100F7
:105B8000B5021100B8100000E501FF016502FF0138
:105B9000E5012100B5022100B8100000E501FF0178
:105BA0006502F801E5018100B5028100B81000002E
:105BB00009000000E501FF016502C001E5010102E5
:105BC000B5020102B8100000E501FF016502FF0106
:105BD000E5010104B5020104B8100000E501FF0170
:105BE0006502F801E5010108B5020108B8100000DE
:105BF000E501FF016502FF01E5010110B502011099
:105C0000B810000009000000D50B0500B50B03001B
:105C100009000000D80F0000B50204007502000062
:105C20006502C03FE5010101B5020101B8100000A5
:105C3000650200FE0812000048100000580E000027
:105C400006202200B80D0000F5090100E50100035F
:105C50009509000101F40000D50B0500024B00007E
:105C600043000000D50B0900F5090000E501000321
:105C700095090000980E000009000000050B0000C7
:105C8000050B0C00050B0000150B1F00250B000079
:105C9000350B0100450B0000550B0000650B0000A3
:105CA000090000005508020058010000A80100008A
:105CB0001802000048020000F5050100350C040040
:105CC000780200002851000038090000380A00005E
:105CD00001000000950C1300750C3800850C0200C3
:105CE000A2000000C230000043000000430000009A
:105CF000010001050600400001008002750C000152
:105D0000850C1800C80A0000850C38002503000027
:105D100065070300D5070800250614005801000098
:105D2000F50400000505800285142200C50A000064
:105D3000080D0000A801000025072106E504010068
:105D4000F80200000A000000A8010000E5010100BF
:105D500025030100C80A0000C50A0100080D000063
:105D6000A801000025074D06E5040100F802000027
:105D70000A000000A8010000E5010200250302005E
:105D8000C80A0000C50A0200080D0000A8010000B2
:105D900025077906E5040100F80200000A0000006A
:105DA000A8010000E501040025030400C80A000062
:105DB000C50A0300080D0000A80100002507A5067C
:105DC000E5040100F80200000A000000A80100003C
:105DD000E501080025030800C80A0000C50A040000
:105DE000080D0000A80100002507D106E504010008
:105DF000F80200000A000000A8010000E501100000
:105E000025031000C80A0000C50A0500080D00009F
:105E1000A80100002507FD06E5040100F8020000C6
:105E20000A000000A8010000E50120002503200071
:105E3000C80A0000C50A0600080D0000A8010000FD
:105E400025072907E5040100F80200000A00000008
:105E5000A8010000E501400025034000C80A000039
:105E6000C50A0700080D0000A80100002507550716
:105E7000E5040100F80200000A000000A80100008B
:105E8000E501800025038000C80A0000C50A08005B
:105E9000080D0000A801000025078107E5040100A6
:105EA000F80200000A000000A8010000E50100015E
:105EB00025030001C80A0000C50A0900080D0000FA
:105EC000A80100002507AD07E5040100F802000065
:105ED0000A000000A8010000E501000225030002FD
:105EE000C80A0000C50A0A00080D0000A801000049
:105EF0002507D907E5040100F80200000A000000A8
:105F0000A8010000E501000425030004C80A000000
:105F1000C50A0B00080D0000A801000025070508B0
:105F2000E5040100F80200000A000000A8010000DA
:105F3000E501000825030008C80A0000C50A0C0096
:105F4000080D0000A801000025073108E504010044
:105F5000F80200000A000000A8010000E50100109E
:105F600025030010C80A0000C50A0D00080D000036
:105F7000A801000025075D08E5040100F802000003
:105F80000A000000A8010000E50100202503002010
:105F9000C80A0000C50A0E00080D0000A801000094
:105FA00025078908E5040100F80200000A00000046
:105FB000A8010000E501004025030040C80A0000D8
:105FC000C50A0F00080D0000A80100002507B5084C
:105FD000E5040100F80200000A000000A80100002A
:105FE000E501008025030080C80A00008514000038
:105FF000A80B000018020000C850000014000000A8
:1060000078590000750C8000850C8000B50A0300EB
:10601000E5010400B50C040006000008950A6100C3
:10602000484F0000950A6900484F0000950A71002A
:10603000484F0000950A7900484F0000950A41003A
:10604000484F0000950A4900484F0000950A51004A
:10605000484F0000950A5900484F0000950A21005A
:10606000484F0000950A2900484F0000950A31006A
:10607000484F0000950A3900484F0000950A01007A
:10608000484F0000950A0900484F0000950A11008A
:10609000484F0000950A1900484F0000B50A00005B
:1060A00001008002750C0200850C0200E50104006D
:1060B000B50C0000C80A0000750C1800850C06001D
:1060C000F5001000C80A0000F5001100C80A000021
:1060D000F5001200C80A0000F5001300C80A00000D
:1060E000F5001400C80A0000F5001500C80A0000F9
:1060F000F5001600C80A0000F5001700C80A0000E5
:10610000F5001800C80A0000F5001900C80A0000D0
:10611000F5001A00C80A0000F5001B00C80A0000BC
:10612000F5001C00C80A0000F5001D00C80A0000A8
:10613000F5001E00C80A0000F5001F00C80A000094
:10614000F5002000C80A0000F5002100C80A000080
:10615000F5002200C80A0000F5002300C80A00006C
:10616000F5002400C80A0000F5002500C80A000058
:10617000F5002600C80A0000F5002700C80A000044
:10618000F5002800C80A0000F5002900C80A000030
:10619000F5002A00C80A0000F5002B00C80A00001C
:1061A000F5002C00C80A0000F5002D00C80A000008
:1061B000F5002E00C80A0000F5002F00C80A0000F4
:1061C000F5003000C80A0000F5003100C80A0000E0
:1061D000F5003200C80A0000F5003300C80A0000CC
:1061E000F5003400C80A0000F5003500C80A0000B8
:1061F000F5003600C80A0000F5003700C80A0000A4
:10620000F5003800C80A0000F5003900C80A00008F
:10621000F5003A00C80A0000F5003B00C80A00007B
:10622000F5003C00C80A0000F5003D00C80A000067
:10623000F5003E00C80A0000F5003F00C80A000053
:10624000A80B0000C850000014000000785900009E
:1062500045030100F5002000750C0300850C0300C8
:10626000E5010400B50C040006000008150D10003F
:1062700008500000150D110008500000150D120007
:1062800008500000150D130008500000150D1400F3
:1062900008500000150D150008500000150D1600DF
:1062A00008500000150D170008500000150D1800CB
:1062B00008500000150D190008500000150D1A00B7
:1062C00008500000150D1B0008500000150D1C00A3
:1062D00008500000150D1D0008500000150D1E008F
:1062E00008500000150D1F0008500000150D00009B
:1062F00008500000150D010008500000150D0200A7
:1063000008500000150D030008500000150D040092
:1063100008500000150D050008500000150D06007E
:1063200008500000150D070008500000150D08006A
:1063300008500000150D090008500000150D0A0056
:1063400008500000150D0B0008500000150D0C0042
:1063500008500000150D0D0008500000150D0E002E
:1063600008500000150D0F0008500000350D00000A
:1063700001008002980E0000A80B000045030000F9
:10638000C850000014000000B50B0300F50901001F
:10639000250001009509000125000000D50B0E0025
:1063A0000214000043000000D50B0A00F5090000AC
:1063B00095090000950C000062090000C230000041
:1063C0004300000043000000380A0000E50104001B
:1063D000B50C0400050C000006000008150C0000B8
:1063E000E50B3C00C80A0000E50B3400C80A0000B9
:1063F000E50B2C00C80A0000E50B2400C80A0000C9
:10640000E50B0400C80A0000E50B0C00C80A0000F8
:10641000E50B1400C80A0000E50B1C00C80A0000C8
:10642000150C0100E50B3C00C80A0000E50B340028
:10643000C80A0000E50B2C00C80A0000E50B240088
:10644000C80A0000E50B0400C80A0000E50B0C00B8
:10645000C80A0000E50B1400C80A0000E50B1C0088
:10646000C80A0000150C0200E50B3C00C80A000039
:10647000E50B3400C80A0000E50B2C00C80A000038
:10648000E50B2400C80A0000E50B0400C80A000060
:10649000E50B0C00C80A0000E50B1400C80A000058
:1064A000E50B1C00C80A0000150C0300E50B3C00BE
:1064B000C80A0000E50B3400C80A0000E50B2C00F8
:1064C000C80A0000E50B2400C80A0000E50B040020
:1064D000C80A0000E50B0C00C80A0000E50B140018
:1064E000C80A0000E50B1C00C80A0000150C0400D7
:1064F000E50B3C00C80A0000E50B3400C80A0000A8
:10650000E50B2C00C80A0000E50B2400C80A0000B7
:10651000E50B0400C80A0000E50B0C00C80A0000E7
:10652000E50B1400C80A0000E50B1C00C80A0000B7
:10653000150C0500E50B3C00C80A0000E50B340013
:10654000C80A0000E50B2C00C80A0000E50B240077
:10655000C80A0000E50B0400C80A0000E50B0C00A7
:10656000C80A0000E50B1400C80A0000E50B1C0077
:10657000C80A0000150C0600E50B3C00C80A000024
:10658000E50B3400C80A0000E50B2C00C80A000027
:10659000E50B2400C80A0000E50B0400C80A00004F
:1065A000E50B0C00C80A0000E50B1400C80A000047
:1065B000E50B1C00C80A0000150C0700E50B3C00A9
:1065C000C80A0000E50B3400C80A0000E50B2C00E7
:1065D000C80A0000E50B2400C80A0000E50B04000F
:1065E000C80A0000E50B0C00C80A0000E50B140007
:1065F000C80A0000E50B1C00C80A0000150C0800C2
:10660000E50B3C00C80A0000E50B3400C80A000096
:10661000E50B2C00C80A0000E50B2400C80A0000A6
:10662000E50B0400C80A0000E50B0C00C80A0000D6
:10663000E50B1400C80A0000E50B1C00C80A0000A6
:10664000150C0900E50B3C00C80A0000E50B3400FE
:10665000C80A0000E50B2C00C80A0000E50B240066
:10666000C80A0000E50B0400C80A0000E50B0C0096
:10667000C80A0000E50B1400C80A0000E50B1C0066
:10668000C80A0000C850000014000000A85900000B
:10669000E8550000F50A000028590000F50A01003D
:1066A00028590000F50A020028590000F50A0300E5
:1066B00028590000F50A040028590000F50A0500D1
:1066C00028590000F50A060028590000F50A0700BD
:1066D0002859000001008002980E0000085A0000AE
:1066E000C850000014000000A8590000080E000067
:1066F000D80F0000B5020400750200006502C03F1B
:10670000E5010900B5020900B810000065020000AB
:10671000E5014100B5024100B8100000650200FE2D
:1067200008110000985800004810000006200208D8
:10673000B80D0000A50B040068550000F50A000024
:10674000D84D0000F50A0100D84D0000F50A0200FE
:10675000D84D0000F50A0300D84D0000F50A0400EA
:10676000D84D0000F50A0500D84D0000F50A0600D6
:10677000D84D0000F50A0700D84D00000100800246
:10678000980E0000085A0000C850000014000000D5
:10679000A8590000E50A0800950B0800F50B0F004A
:1067A000D80F0000B5020400750200006502C03F6A
:1067B000E5010900B5020900B810000065020000FB
:1067C000E5014100B5024100B8100000650200FE7D
:1067D00008110000B5020400750200006502C03F08
:1067E000E5010101B5020101B8100000650200FEDB
:1067F0000812000048100000B80D0000F50A04005F
:106800001502A0000600200801F4000506020000A1
:10681000A50B0000884C000006020000A50B01003B
:10682000884C000006020000A50B0200884C000006
:1068300006020000A50B0300884C000006020000C1
:10684000A50B0400884C000006020000A50B050003
:10685000884C000006020000A50B0600884C0000D2
:1068600006020000A50B0700884C0000010000058F
:10687000980E0000085A0000C850000014000000E4
:10688000A8590000E50A0800950B0800F50B09005F
:10689000D80F0000B5020400750200006502C007B1
:1068A000E5010900B5020900B8100000650200000A
:1068B000E5014100B5024100B81000006502001E6C
:1068C00008110000B5020400750200006502C0074F
:1068D000E5010101B5020101B81000006502001ECA
:1068E0000812000048100000350200001502A00048
:1068F00025022E0006202008B80D0000A50B04007C
:10690000050C0300150C000068550000D84D000070
:1069100001008002980E0000085A0000C8500000D4
:1069200014000000A8590000E5010400B50C0000A7
:10693000350C0100750C8001850C0200950C1300CC
:10694000450C0900650C1B0028150000450B0200D2
:10695000E50A0800950B0800D80F0000B5020400F6
:106960007502000065024000E5010900B50209005A
:10697000B810000065020000E5014100B5024100C9
:10698000B81000006502007E081100009858000051
:1069900048100000B80D0000010000001502A10021
:1069A00025026E00650B04000620200848530000F5
:1069B00006002008220000004853000043000000A9
:1069C00001008002650B0C00060020004200000060
:1069D000485300004300000001000005650C000062
:1069E000450C0F00550C0300750CC001150B090078
:1069F000550B0700350B2900250B0B000600200066
:106A000052000000585400004300000001008002C2
:106A1000550B0F00350B0900060020005200000046
:106A2000585400004300000001008002250B1300B1
:106A300006002000520000005854000043000000EF
:106A400001000005980E0000085A0000C850000020
:106A50001400000012000000E175000001F40100C4
:106A600026000000E175000001F40700E6010000C7
:106A700002000000E175000001F4030026000000A0
:106A8000E175000001F40700E6010000430000008A
:106A90000600400016000000430000002600000031
:106AA00001748000090000000600200012000000B0
:106AB0000602000072010000884C00004300000044
:106AC00006001C004300000001F4800209000000E1
:106AD000060020000602000072010000884C000041
:106AE0004300000001F4800209000000851300004B
:106AF0001514000075070000C50D0000550D0100BC
:106B000009000000B50A0300021400004300000061
:106B10000100010001008002B50A02000214000019
:106B20004300000001000700010080020600400051
:106B300009000000350D01000214000043000000B0
:106B40000100010001008002350D03000214000065
:106B50004300000001000700010080020600400021
:106B60000900000035030200E501000035030000C4
:106B7000850301008503000009000000C500000036
:106B800095140000980400005804000098050000C7
:106B90002803000002DC0500430000004803000059
:106BA000A2010000430000008500FF37D50A4F0016
:106BB0007500FF3F8500FF3F021400004300000006
:106BC000E50C0100280B0000380D00002500000036
:106BD000E501000535000005E50102001500000093
:106BE000B8050000020F000043000000980D0000EF
:106BF0002509010078060000A8060000D80600005C
:106C00000900000006020000F20200000108000076
:106C1000E107000001000000010001006200000027
:106C200001080000E107000001000000010003006E
:106C30004300000006004000260000004300000062
:106C400006001C000900000006020000F20200001D
:106C50000128000001100000E10700000100010010
:106C6000620000000128000001100000E1070000A0
:106C70000100030043000000060040002600000061
:106C80004300000006001C0009000000F509010097
:106C9000950900010214000043000000F5090000FE
:106CA0009509000001F4000109000000050A6B01CC
:106CB000050A0801050AB502150D0000D50B0900EB
:106CC000E50B0000980E000045030100450302009B
:106CD000E84E00005813000088130000D80F000091
:106CE000B5020400750200006502C03FE50109001D
:106CF000B5020900B810000065020000E50141007E
:106D0000B5024100B8100000650200FE0811000045
:106D10009858000048100000E50A0800950B07008D
:106D2000480F000015029D003502000005027600A4
:106D300025022E0006200208B80D0000A50B040055
:106D4000050C1100150C0000F50B02006855000041
:106D5000080E000009000000B502040075020000E2
:106D600065024000E5010101B5020101B810000013
:106D70006502000008120000090000005502DD0D48
:106D8000784E00005502FF0F784E00000900000009
:106D9000280B0000F80B00000900000078590000E3
:106DA000E501010035000100620100004300000020
:106DB00009000000E501010035000000620100004B
:106DC00043000000A80B00000900000000000000C4
:106DD00000000000000000000000000000000000B3
:106DE00000000000000000000000000000000000A3
:106DF0000000000000000000000000000000000093
:106E00000000000000000000000000000000000082
:106E10000000000000000000000000000000000072
:106E20000000000000000000000000000000000062
:106E30000000000000000000000000000000000052
:106E40000000000000000000000000000000000042
:106E50000000000000000000000000000000000032
:106E60000000000000000000000000000000000022
:106E70000000000000000000000000000000000012
:106E80000000000000000000000000000000000002
:106E90000000000000000000496E76616C6964200B
:106EA000636F6E6669672068616E646C65000000E0
:106EB000636F6E6669670000496E76616C69642075
:106EC000737562737765657020696E64657800001C
:106ED000546F6F206C617267652073656E736F729B
:106EE00020627566666572207573616765000000D3
:106EF00072616461725F656E67696E655F61313290
:106F0000310000005374617465206E6F74207573D6
:106F100065640000656C656D656E745F6672616DB9
:106F200065000000536372617463682069732075A3
:106F300073656420627574206E6F742073657400CD
:106F40005363726174636820616E6420737461744A
:106F500065206E6F7420757365640000656C656DE7
:106F6000656E745F73696E6B5F613132315F63614F
:106F70006C6C6261636B00004F7574707574206394
:106F8000616E206E6F742062652073657420666F79
:106F9000722073696E6B20656C656D656E740000A0
:106FA000253032753A253032753A253032752E2526
:106FB000303375202825632920282573292025733F
:106FC0000A0000004557495644000000496E7661AA
:106FD0006C6964206E756D626572206F66207375D2
:106FE00062737765657073007472616E736C61743F
:106FF000696F6E5F6131323100000000496E766169
:107000006C69642073776565705F726174650000F8
:10701000656E61626C655F636361206E6F7420767C
:10702000616C6964207769746820646F75626C654F
:107030005F627566666572696E670000537562739C
:1070400077656570202568752068617320696E76A4
:10705000616C69642050524600000000496E766100
:107060006C6964206672616D655F726174650000B1
:10707000496E76616C69642073657474696E6773B8
:1070800020666F7220636F6E74696E756F75735FC3
:1070900073776565705F6D6F64650000696E746518
:1070A000725F6672616D655F69646C655F73746160
:1070B0007465206D75737420626520746865207333
:1070C000616D65206F7220646565706572207468FB
:1070D000616E20696E7465725F73776565705F6954
:1070E000646C655F7374617465000000496E76615D
:1070F0006C696420696E7465725F6672616D655F4C
:1071000069646C655F73746174650000496E7661D3
:107110006C696420696E7465725F73776565705F12
:1071200069646C655F73746174650000496E7661B3
:107130006C6964206877616173000000496E766154
:107140006C696420636F6D62696E6174696F6E2033
:107150006F66206C6F6F706261636B20616E64207C
:1071600070726F66696C6500496E76616C69642047
:10717000636F6D62696E6174696F6E206F662070F7
:10718000726F66696C6520616E64207072660000C3
:10719000496E76616C69642070726F66696C650017
:1071A000496E76616C696420737465705F6C656E9E
:1071B00067746800496E76616C6964206E756D5FF6
:1071C000706F696E7473000070686173655F656EDF
:1071D00068616E63656D656E74206E6F7420766194
:1071E0006C696420776974686F7574207375627454
:1071F000726163745F696E5F6275666665720000D6
:10720000496E76616C696420737461727420706F6A
:10721000696E7400496E76616C6964206E756D628A
:107220006572206F6620706F696E7473206F7220B4
:1072300073746570206C656E67746800496E766162
:107240006C69642070726600537461727420706F90
:10725000696E74206F722072616E676520746F6F43
:107260002066617200000000537461727420706FB8
:10727000696E7420746F6F20636C6F73650000001B
:10728000496E76616C6964207265636569766572C2
:107290005F6761696E000000496E76616C69642009
:1072A000545820706F77657220617474656E7561D3
:1072B00074696F6E000000004661696C656420743B
:1072C0006F2063616C63756C6174652070756C739D
:1072D000657368617065722073657474696E677335
:1072E00021000000546865206D6178696D756D201E
:1072F00073776565702072617465206973202564F9
:10730000000000006163635F696E74656772617499
:10731000696F6E5F7365745F706572696F646963CE
:107320005F77616B657570206D7573742062652081
:1073300063616C6C6564207072696F7220746F2079
:1073400063616C6C696E6720746869732066756E22
:107350006374696F6E000000496E76616C69642029
:1073600062756666657220696E7075740000000053
:1073700070726F63657373696E670000496E766142
:107380006C69642070726F63657373696E672068DF
:10739000616E646C65000000496E76616C69642002
:1073A00073656E736F722068616E646C65000000B7
:1073B00073656E736F720000496E76616C6964204C
:1073C0006275666665722073656E736F7220256CD8
:1073D0007500000073656E736F725F70726F746F0B
:1073E000636F6C5F613132310000000047656E658C
:1073F0007269633120496E746572727570742061B0
:107400006C726561647920636C6561726564206F7C
:107410006E2073656E736F7220256C75000000001E
:107420004E6F206576656E7420636F6465205B30F7
:107430007825785D2072656365697665642066727B
:107440006F6D2073656E736F7220256C7500000080
:107450004572726F72206576656E7420636F646525
:10746000205B307825785D20726563656976656498
:107470002066726F6D2073656E736F7220256C7558
:1074800000000000496E76616C6964206576656E67
:107490007420636F6465205B307825785D207265A9
:1074A0006365697665642066726F6D2073656E73BF
:1074B0006F7220256C7500004275666665722073D8
:1074C000697A6520746F6F20736D616C6C000000C9
:1074D00053656E736F7220256C75204E6F2070653A
:1074E0006E64696E6720696E74657272757074007F
:1074F00053656E736F7220256C75206576656E74AA
:10750000206973206E6F742048414E445348414BAC
:1075100045205B307825785D00000000496E76617B
:107520006C696420627566666572206C656E67744E
:107530006800000073656E736F725F636F6D6D5FDF
:1075400061313231000000005472616E7366657201
:1075500020646174612066726F6D2073656E736F55
:107560007220746F20686F7374206661696C656443
:107570000000000053707572696F75732065766541
:107580006E74207265636569766564207768656EE0
:1075900020444F4E452065787065637465642120F2
:1075A0005265636569766564206576656E742063EF
:1075B0006F6465203D2025640000000063616C69F4
:1075C00062726174696F6E5F613132315F63616CE9
:1075D0005F73657373696F6E000000004F757420F0
:1075E0006F66206D656D6F72790000007273735F56
:1075F000696E746567726174696F6E007069706539
:107600006C696E655F613132310000004661696C02
:10761000656420746F2067657420726164617220F4
:10762000656E67696E65206D657461646174610083
:10763000706970656C696E655F7375627377656597
:1076400070000000506970656C696E65206E6F7423
:107650002070726F7065726C7920617373656D62F2
:107660006C656400417373656D626C65207375624F
:10767000737765657020706970656C696E652066EA
:1076800061696C65640000004C6F61643A2054725B
:10769000616E736665722073697A65206973207400
:1076A0006F206C617267650053656E736F72202581
:1076B0006C75206E6F7420726561647920666F72DC
:1076C0002072756E6E696E672061206E657720701E
:1076D000726F6772616D00004F66667365743A2061
:1076E000256875204D6F646966792076616C7565D3
:1076F000203D20256C7520746F6F206C617267656A
:1077000020286D6178696D756D20256C75290000E4
:10771000636F6E6670726F6772616D00496E76613D
:107720006C69642064617461206F627461696E6564
:107730006420666F72207061746368696E67000010
:107740004E6F7420706F737369626C6520746F2064
:107750007265636F6E666967757265207768656EBE
:1077600020646F75626C6520627566666572696E0D
:107770006720697320636F6E666967757265640060
:1077800053656E736F7220256C75206E6F74207256
:107790006561647920746F2062652075706461741E
:1077A000656400006370645F613132315F6D6561F3
:1077B000735F73657373696F6E000000556E61636C
:1077C0006B6E6F776C6564676564206576656E7453
:1077D000206465746563746564206F6E2073656EE4
:1077E000736F7220256C750053656E736F72202560
:1077F0006C75206E6F7420726561647920666F729B
:10780000206C6F6164696E672061206E65772070FF
:10781000726F6772616D00004C6F61642070726FEF
:107820006772616D206661696C656400496E76619E
:107830006C69642063616C6962726174696F6E0067
:107840006465746563746F725F64697374616E6399
:1078500065000000436C6F73652072616E67652080
:1078600073686F756C6420686176652066697865F9
:1078700064205052460000006163635F6465746574
:1078800063746F725F64697374616E63655F747251
:10789000616E736C6174696F6E000000496E766191
:1078A0006C696420617267756D656E747320696EB2
:1078B00020666C6F61745F6C696E737061636500E4
:1078C0006465746563746F725F64697374616E6319
:1078D000655F61676772656761746F7200000000C1
:1078E000436F756C64206E6F7420616C6C6F6361A4
:1078F00074652061676772656761746F720000006C
:107900006465746563746F725F64697374616E63D8
:10791000655F70726F636573736F72004661696C47
:10792000656420746F20616C6C6F636174652061A5
:107930002070726F636573736F7220696E73746108
:107940006E6365004661696C656420746F207365C1
:10795000742066696C746572206D617267696E2E41
:10796000204E756D626572206F6620706F696E744F
:107970007320746F6F20736D616C6C004661696C6D
:10798000656420746F20636F6E6669677572652029
:10799000627265616B706F696E74732066696C7476
:1079A0006572206D617267696E000000496E7661D4
:1079B0006C6964207468726573686F6C64206D65AF
:1079C00074686F64000000004661696C656420742F
:1079D0006F2063616C63756C6174652066696C749B
:1079E000657220636F656666696369656E747300AE
:1079F0004661696C656420746F20636F6E666967A9
:107A0000757265207468652070726F636573736F3B
:107A100072000000496E76616C69642070726F6359
:107A20006573736F722068616E646C65000000009E
:107A3000496E76616C69642061676772656761741D
:107A40006F722068616E646C65000000436F756C36
:107A500064206E6F74206372656174652064657460
:107A60006563746F722068616E646C65000000006D
:107A7000496E76616C6964206465746563746F72C5
:107A80002068616E646C650064697374616E63651F
:107A9000206973206F757473696465206D65617307
:107AA0007572696E672072616E67650066696C74D5
:107AB00066696C7420696E7075742069732025681E
:107AC0007520627574206E6565647320746F206222
:107AD00065206174206C65617374202568750000F1
:107AE0006465746563746F725F64697374616E63F7
:107AF000655F616C6700000050726F766964656451
:107B0000207374617469632063616C20726573759E
:107B10006C7420697320696E76616C696400000082
:107B200050726F76696465642064796E616D696313
:107B30002063616C20726573756C742069732069B1
:107B40006E76616C69640000556E6B6E6F776E20A7
:107B50007265666C6563746F72207368617065002E
:107B60006465746563746F725F64697374616E6376
:107B7000655F7574696C73004661696C6564207437
:107B80006F20646574656374207065616B730000B9
:107B9000436F756C64206E6F742063616368652049
:107BA0007065616B7300000041676772656761749F
:107BB0006F722070726F63657373206661696C65A4
:107BC000642E0000416464726573733A2025687501
:107BD000204D6F646966792076616C7565203D2063
:107BE000256C7520746F6F206C6172676520286D3D
:107BF0006178696D756D20256C752900496E766117
:107C00006C69642064617461206F627461696E657F
:107C10006420666F72206C69766520706174636899
:107C2000696E6700496E76616C696420646574658D
:107C300063746F7220636F6E6669670053656E735D
:107C40006F722062756666657220746F6F20736D47
:107C5000616C6C0043616C6962726174696F6E2063
:107C6000726573756C742073697A6520746F6F2008
:107C7000736D616C6C0000004E6F2063616C696213
:107C8000726174696F6E206E6565646564000000E2
:107C90006163635F6465746563746F725F64697365
:107CA00074616E63655F63616C69627261746520A3
:107CB0007761732063616C6C6564206166746572C2
:107CC0002069742077617320646F6E650000000086
:107CD000556E726561636861626C6520636F64658F
:107CE000207761732072656163686564000000003D
:107CF0005374617274206D757374206265203E3D0B
:107D00002030206D6574657273000000456E64203C
:107D10006D757374206265203E3D2030206D657462
:107D200065727300456E64206D7573742062652002
:107D30006265796F6E642073746172740000000074
:107D4000456E64206973206265796F6E64206D6191
:107D5000782064697374616E6365206F66203233C6
:107D6000206D6574657273005369676E616C207174
:107D700075616C697479206F7574736964652069C5
:107D80006E74657276616C205B2D31302C2033353A
:107D90005D0000005468726573686F6C64207365E1
:107DA0006E7369746976697479206F757473696428
:107DB0006520696E746572616C205B302C20315DCA
:107DC000000000002D0000004163636F6E65657266
:107DD00020736F6674776172652076657273696F60
:107DE0006E2025730A0000006163635F646574653B
:107DF00063746F725F64697374616E63655F636FF0
:107E00006E6669675F6372656174652829206661C3
:107E1000696C6564000000006163635F646574659C
:107E200063746F725F64697374616E63655F6372BC
:107E3000656174652829206661696C6564000000CD
:107E400062756666657220616C6C6F636174696FE0
:107E50006E206661696C656400000000556E65788F
:107E600070656374656420617369635F696420662B
:107E70006F756E64203D20307825780053656E73F1
:107E80006F7220697320696E2077726F6E6720733E
:107E900074617465000000006163635F73656E73F5
:107EA0006F725F6372656174652829206661696C11
:107EB00065640000496E76616C6964207265666570
:107EC00072656E6365206672657175656E63792093
:107ED0002573256C752E2530366C7520487A000088
:107EE0006370645F706C6C5F64697669736F7273E2
:107EF0000000000053656E736F722063616C6962ED
:107F0000726174696F6E20737465702025642066D9
:107F100061696C656400000063616C696272617420
:107F2000696F6E5F61313231000000006163635F31
:107F300073656E736F725F63616C696272617465A1
:107F40002829206661696C65640000006163635FD5
:107F50006465746563746F725F64697374616E6382
:107F6000655F63616C69627261746528292066616E
:107F7000696C6564000000006163635F646574653B
:107F800063746F725F64697374616E63655F70724E
:107F900065706172652829206661696C65640000FE
:107FA0006163635F73656E736F725F6D6561737537
:107FB0007265206661696C656400000053656E73CC
:107FC0006F7220696E746572727570742074696D59
:107FD000656F7574000000006163635F73656E73A5
:107FE0006F725F72656164206661696C6564000030
:107FF0006163635F6465746563746F725F64697302
:1080000074616E63655F70726F6365737320666120
:10801000696C656400000000256420646574656314
:108020007465642064697374616E63657300000035
:108030003A2000002573256C752E2530366C756D41
:10804000200000006163635F6465746563746F7230
:108050005F64697374616E63655F6765745F6275A1
:10806000666665725F73697A652829206661696C46
:1080700065640000000FC93F000F494000CB9640E7
:10808000000FC9400053FB4000CB164100ED2F41CB
:10809000000F49410031624100537B41003A8A415F
:1080A00000CB9641005CA34100EDAF41007EBC4196
:1080B000000FC94100A0D5410031E24100C2EE41AC
:1080C0000053FB4100F20342003A0A42008310428F
:1080D00000CB164200141D42005C234200A5294239
:1080E00000ED2F4200363642007E3C4200C742423D
:1080F000000F4942A2000000F900000083000000C8
:108100006E0000004E00000044000000150000005A
:1081100029000000FC0000002700000057000000BC
:10812000D1000000F500000034000000DD00000078
:10813000C0000000DB0000006200000095000000AD
:10814000990000003C000000430000009000000087
:1081500041000000FE00000051000000630000002C
:10816000AB000000DE000000BB000000C500000006
:1081700061000000B7000000240000006E00000055
:108180003A000000420000004D000000D200000054
:10819000E000000006000000490000002E00000082
:1081A000EA00000009000000D10000009200000079
:1081B0001C000000FE0000001D000000EB0000009D
:1081C0001C000000B100000029000000A700000012
:1081D0003E000000E80000008200000035000000C2
:1081E000F50000002E000000BB000000440000006D
:1081F00084000000E90000009C0000007000000006
:1082000026000000B40000005F0000007E000000B7
:10821000410000003900000091000000D60000007D
:108220003900000083000000530000003900000006
:10823000F40000009C000000840000005F000000CB
:108240008B000000BD000000F900000028000000C5
:108250003B0000001F000000F80000009700000035
:10826000FF000000DE000000050000009800000094
:108270000F000000EF0000002F00000011000000C0
:108280008B0000005A0000000A0000006D00000092
:108290001F0000006D000000360000007E0000009E
:1082A000CF00000027000000CB0000000900000004
:1082B000B70000004F000000460000003F00000033
:1082C000660000009E0000005F000000EA00000061
:1082D0002D0000007500000027000000BA0000001B
:1082E000C7000000EB000000E5000000F100000006
:1082F0007B0000003D000000070000003900000086
:10830000F70000008A000000520000009200000008
:10831000EA0000006B000000FB0000005F000000AE
:10832000B10000001F0000008D0000005D00000093
:1083300008000000560000000300000030000000AC
:1083400046000000FC0000007B0000006B00000005
:10835000AB000000F0000000CF000000BC000000F7
:10836000200000009A000000F40000003600000029
:108370001D000000A9000000E300000091000000C3
:10838000610000005E000000E60000001B0000002D
:108390000800000065000000990000008500000052
:1083A0005F00000014000000A00000006800000052
:1083B000400000008D000000FF000000D800000019
:1083C000800000004D000000730000002700000046
:1083D000310000000600000006000000150000004B
:1083E00056000000CA00000073000000A800000052
:1083F000C900000060000000E20000007B000000F7
:10840000C00000008C0000006B0000000000C93FAD
:108410000000F0390000DA370000A2330000842E9B
:108420000000502B0000C2270000D0220000C41F13
:108430000000C61B000044170400000007000000F5
:1084400009000000D1F71737D1F717B78071313F16
:10845000807131BF0000003F000000BF6937AC31C0
:1084600068212233B40F14336821A2333863ED3E00
:10847000DA0F493F5E987B3FDA0FC93F00000000EA
:088480004C62FF7F01000000C7
:0884880085ED00080000000072
:088490005DED00080000000092
:1084980000093D00100000006262615F63616C5F6B
:1084A8006374726C5B785D0074785F667265715F87
:1084B8006B687A5B785D00002C00002000000000EB
:1084C800B0040020180500208005002000000000EE
:1084D8000000000000000000000000000000000094
:1084E8000000000000000000000000000000000084
:1084F8000000000000000000000000000000000074
:108508000000000000000000000000000300000060
:08851800B00400200000000087
:040000050800F359A3
:00000001FF
