:020000040800F2
:1000000000000120B9920008993B00089D3B0008C0
:10001000A13B0008A53B0008A93B00080000000028
:10002000000000000000000000000000AD3B0008E0
:10003000B13B000800000000B53B0008B93B0008D8
:10004000099300080993000809930008CD3B0008B4
:100050000993000809930008099300080993000810
:1000600009930008093C0008099300080993000857
:100070001D3C0008293C000809930008099300086A
:10008000353C0008413C000809930008099300082A
:1000900009930008099300080993000809930008D0
:1000A00009930008099300080993000809930008C0
:1000B00009930008000000000000000009930008F8
:1000C000099300084D3C00080993000809930008B3
:1000D0000993000809930008E54300080993000804
:1000E000753C0008893C000800000000000000008A
:1000F0000000000000000000000000000000000000
:1001000000000000099300080000000009930008A7
:100110000000000000000000099300080993000897
:10012000099300080993000809930008099300083F
:10013000099300080000000000000000000000001B
:1001400009930008099300080993000800000000C3
:10015000099300080993000809930008099300080F
:1001600009930008099300080993000800000000A3
:100170000993000809930008000000000000000037
:100180000993000809930008099300080000000083
:1001900008B518B1064B02689A4207D0054B064ACB
:1001A0001B69064900209847002008BD012008BDB2
:1001B0000FB037138800002094030108AC03010836
:1001C00008B518B1064B02689A4207D0054B064A9B
:1001D0001B69064900209847002008BD012008BD82
:1001E0000EB0371388000020B4030108CC030108C7
:1001F000B1F804C093680A899A80BCF1000C18BF5A
:100200004FF0010CCA7983F800C091F806C083F85A
:1002100001C09A709860704703460068D3F8E810F0
:100220004268C3F8F0101047D0E90F23816B0069D2
:10023000184700BF0068C368184700BF704700BF79
:1002400010B1024B9B681847704700BF8800002020
:1002500000688368184700BF2DE9F0410446002874
:1002600059D0374FD0F80080B8450E461AD0354DDA
:10027000354A2B693549002098472368BB4255D041
:100280002B69314A3149002098472D4B22689A4208
:100290003BD02B692C4A2D49002098479FED2C0A12
:1002A000BDE8F081032918D801EB810300EB83033B
:1002B0005A8998888B00991904EB8101DFED257A22
:1002C0000B89013B13FB02039BB200EE103AB8EE20
:1002D000400A20EE270ABDE8F0811A4D1E4A2B691C
:1002E0001A490020984723684345C9D12B691A4A07
:1002F000164900209847124B22689A42C9D12B69AF
:10030000154A124900209847C8E7032EF7D8002263
:100310001046B300CFE70B4D0B4A2B690B499847AA
:10032000094A0A492B6920469847B2E7032EDDD8CF
:1003300006EB860204EB8202B30090880022BAE743
:100340000FB037138800002094030108AC030108A4
:10035000000000000AD7233BD4030108B5EEC00A11
:10036000DFED0D7A9FED0D7AF1EE10FA54BF30EE0D
:10037000270A37EEC00ADFED087A70EE277AFCEE26
:10038000E77AF8EE677A30EE670A20EE070AFCEEAD
:10039000C07A17EE900A7047BD37063500247449BD
:1003A00090F824C0BCF1010F3CD070B590F825C086
:1003B0000124A44580F824405FFA8CFE04D0002379
:1003C00080F82430022070BD022580F82550046892
:1003D0000025C5632668456C26F00106266005F0F9
:1003E0001C05066C0EFA05F5756063608368102BBA
:1003F000036B0BBFA260A160E160E2604BB12368B8
:1004000043F00E032360236843F0010300202360C0
:1004100070BD236823F004032360236843F00A03BC
:100420002360F0E7022070472DE9F0417A4C002369
:10043000237694F87D30012B0D46616A08D0B1F522
:10044000827F64D1D8B2A36A002B60D104285ED128
:10045000002D5CD092B2002A59D094F87C30012B48
:1004600055D094F87D30266AA565042B1CBF052362
:1004700084F87D3001210023C4F8803084F87C109A
:10048000A4F85E20A4F86620C4E91B337368A4F8BE
:100490005C2023F4C0432566A4F864207360E36AFB
:1004A000A06FB3F5E06F34D8636F99697368B1F5E5
:1004B000806F43F48053736000F082808369B3F5EA
:1004C000806F69D094F87D30544A042B544B18BF88
:1004D0001346544A0363544B4363544B18BF1346AB
:1004E000C362B4F866304FF00008C0F838809BB2A1
:1004F00006F10C012A46FFF753FF074670B1D4F806
:10050000803084F87C8043F01003C4F88030BDE86C
:10051000F081736823F480537360D3E77368606F6E
:1005200043F001037360B4F85E300A46C0E90B770C
:10053000C0E90D7729469BB2FFF732FF00284CD166
:1005400033685B0623D5002384F87C30736843F05E
:1005500020037360736843F002037360D4F884204F
:10056000237E002BD3D141F2873109E072B6237E7E
:1005700003B930BF62B6BFF36F8F237E002BC6D1A5
:10058000D4F884309B1A8B42F0D9BDE8F0813368EF
:1005900043F040033360D6E7736823F480537360FD
:1005A000B4F8663013F0010F73681FD123F40053C1
:1005B0007360B4F86630C3F34E03A4F8663081E785
:1005C000D20773681DD423F480437360B4F85E309F
:1005D000C3F34E03A4F85E3070E7D4F8803084F89B
:1005E0007C7043F01003C4F8803090E743F400536C
:1005F0007360B4F86630C3F34E030133A4F8663079
:1006000060E743F480437360B4F85E30C3F34E0395
:100610000133A4F85E3051E788000020E9070008A4
:10062000E50700084D160008ED0700089D150008B5
:1006300070B4436C066C056831682C6803F01C03C9
:1006400004229A400A420ED014F0040F0BD02B68FB
:100650009B0603D42B6823F004032B60036B7260AA
:10066000CBB170BC184702229A400A4215D014F050
:10067000020F12D02B68990606D42B6823F00A03C8
:100680002B60012380F82530C36A7260002180F856
:100690002410002BE5D170BC704708229A400A4212
:1006A000F9D02207F7D52A68416B22F00E022A60A2
:1006B000012202FA03F300247360C26380F824402D
:1006C00080F825200029E6D070BC0847434A03681B
:1006D00030B4D468A40707D0D46804F003049C4263
:1006E0004AD0012030BC7047022B56D0032B4DD08E
:1006F000012BF6D112689207F3D5384CE26822F04C
:10070000730213434268013A43EA0213E360334C35
:10071000334A236823F080632360D2F8845004E0D6
:10072000D2F884305B1B022B3BD823681B01F7D423
:1007300083681B02002936D12169C56821F0784100
:1007400021F4FE4143EAC5630B43236123490B684F
:1007500043F080630B60D2F8844004E0D2F8843028
:100760001B1B022B1DD80B681B01F7D582690B6977
:10077000134300200B61B5E7002CB2D0D368426868
:10078000C3F3021301339342ABD1C0E71468A4034F
:10079000B3D412685203A4D5AFE712685505A0D5AB
:1007A000ABE703209EE7012921690BD021F0C0614E
:1007B00021F4FE41194343695B08013B41EA43616F
:1007C0002161C3E721F4C00121F4FE410B4301691B
:1007D0004908013943EA41532361B7E70010024059
:1007E00088000020704700BF704700BF836A196807
:1007F0004A6822F003024A601A6E4FF0010C42F080
:1008000010021A6683F85DC0704700BF836A002239
:10081000A3F85A20A3F85220704700BF08B518B1BA
:10082000074B02689A4207D0064B074A1B690749E3
:1008300000209847012008BD90F8620008BD00BF65
:100840000FB037138800002094030108AC0301089F
:100850002DE9F0472DED068B0546F0EE409AFFF7A7
:10086000DDFF002864D09FED3D9ADFED3D8ADFED8E
:100870003DAADFF804819FED3CAA82462E46002463
:100880002CE02B68434535D0DFF8F090374AD9F893
:1008900010303749002098472B6843453ED0D9F89F
:1008A0001030324A324900209847B0EE6A8A394601
:1008B0002846FFF7D1FCB4EE688AF1EE10FAB4EEE8
:1008C000490A48BFF0EE488A0134F1EE10FAC8BF79
:1008D000B0EE409AA24506F114062DD0E7B2002DE5
:1008E000CFD1DFF89890214AD9F810302049284616
:1008F0009847D4E7032C13D9DFF880901D4AD9F824
:1009000010301B49002098472B684345C7D1D9F8C0
:100910001030184A164900209847C6E7032CF6D82D
:10092000B38808EE103AB8EE488A28EE0A8ABEE785
:100930009FED0A9ADFED0A8AF4EEE89AF1EE10FADA
:100940000AD4F4EEC99AF1EE10FACCBF01200020CF
:10095000BDEC068BBDE8F0870120F9E700007AC402
:1009600000007A44000000000AD7233B94030108EA
:10097000AC030108D40301080FB03713880000202E
:1009800008B518B10D4B02689A4207D00C4B0D4ABE
:100990001B690D4900209847002008BD032906D98E
:1009A000074B0A4A1B69084900209847F4E701EB06
:1009B000810100EB8100406808BD00BF0FB0371314
:1009C0008800002094030108AC030108D403010847
:1009D00010B520B10C4B02689A42044607D00B4B6D
:1009E0000B4A1B690B49BDE81040002018474068BE
:1009F00018B1C36898470023636000232360204632
:100A0000BDE810401CE400BF0DB037138800002083
:100A1000EC0301080804010810B50446FFF7D0FBF9
:100A200000B910BD20690023236008B1FFF708FC5E
:100A30002046BDE8104003E42DE9F047D0F80080DF
:100A40000546B8F1000F1ED0D8F898700FB3124EBB
:100A500007F148044FF00009583754F8040F18B153
:100A6000B3689847C4F80090A742F6D1D8F8980028
:100A7000B36800B19847B36840469847B3682846C2
:100A8000BDE8F0471847044E2846B368BDE8F04774
:100A90001847014EEFE700BF88000020F8B5054673
:100AA0000088002A1C460CBF4FF400534FF48053BB
:100AB000B0F59C6F0E460ED300F151077F008342C4
:100AC000BFB235D21C4B1D4A1B691D4900209847F7
:100AD0004FF0000C03E040F662274FF0010C19497B
:100AE000194AC4E9011202F11912E26002F1191265
:100AF00022612346002262805122A28223F8167BC3
:100B000029686A68A868EF68C4F816105A60986087
:100B1000DF602969A8696A699861196196E803002C
:100B20005A61AA8B9A83343484E803006046F8BD86
:100B30004FF0010CD3E700BF880000201404010827
:100B4000340401080100020003001B0010B50C4C26
:100B500094F88810012982B00FD90A49246912F447
:100B6000006F0346084818BF0846C2F30A01CDE9E2
:100B70000001064A06490220A04702B010BD00BF8E
:100B800088000020480401085004010858040108A6
:100B90006C04010810B50A4C94F888C0BCF1010F30
:100BA00082B00AD92C3989B2034610462469054A15
:100BB000CDE9001004490220A04702B010BD00BFDB
:100BC00088000020800401086C04010830B5084941
:100BD00091F88840012C83B008D902F00F040D6908
:100BE000044A0549009403460220A84703B030BDDB
:100BF00088000020A80401086C04010810B50A4C04
:100C000094F888C0BCF1010F82B00AD97D3989B24D
:100C1000034610462469054ACDE900100449022024
:100C2000A04702B010BD00BF88000020C804010822
:100C30006C04010810B5A1F1620C134C1CF0010FFB
:100C4000034694F888E084B01FFA8CF00DD1BEF111
:100C5000010F08D9400824690292CDE900010B4A2E
:100C60000B490220A04704B010BDBEF1010FFAD914
:100C7000400824690292CDE90001064A0449022095
:100C8000A04704B010BD00BF88000020F804010890
:100C90006C0401083005010810B50A4C94F888C0AE
:100CA000BCF1010F84B00BD90346A1F58C7080B262
:100CB00024690090CDE901120220034A0349A047AC
:100CC00004B010BD88000020680501086C0401080C
:100CD0002DE9F04F1F4EDFF888B0804615460FCE45
:100CE00091B002AC0FC40FCE0FC40FCE0FC49BF84F
:100CF00088C096E80300BCF1010F84E8030007D91F
:100D0000DBF81040144A1549009543460220A047DD
:100D1000DFF850A0DFF8449002AC10AE02E00834D7
:100D2000B44213D0A3881D42F9D09BF88820012A31
:100D30004346524649464FF00200F0D927680097D3
:100D4000DBF810700834B847B442EBD111B0BDE8FD
:100D5000F08F00BF40C40008900501086C04010832
:100D600088000020AC0501082DE9F04782B0BDF8ED
:100D700028400B9F03EBC4056B88002B44D06E68A2
:100D8000844601EB0208043E4FF0000E56F8044F73
:100D9000620092B28A4233D3424531DAC4F3017021
:100DA000012817D002283AD090BB521A93B2C4F34C
:100DB0004459012202FA09F2974249D33349013AD0
:100DC0000C6901923249334A0097A047002002B0D3
:100DD000BDE8F087521A92B20CEB42093CF81200BF
:100DE000B9F8023043EA004323F00F0317B1C4F30C
:100DF00003442343180C2CF81200A9F802306B8826
:100E00000EF1010E7345C1D8012002B0BDE8F08794
:100E10001E4B214A1B691E4900209847D6E7521AEB
:100E200092B20CEB42003CF81290438843EA09432B
:100E300023F00F0317B9C4F3034423431C0C2CF80D
:100E4000124043806B880EF1010E73459ED8DBE79C
:100E5000C4F3044A0CEB43043CF813006288C9F164
:100E6000200942EA00424FF0FF3020FA09F000FA70
:100E70000AF022EA000207FA0AFA42EA0A02100C11
:100E80002CF8130062806B88BAE700BF880000204E
:100E9000F8050108C005010804060108002870B41F
:100EA00046DB0029034639DB88420A464BDA002537
:100EB000012429461B04B3FBF2F343F62842934274
:100EC0005AD946F2D632934260D948F6720293421A
:100ED0005ED94AF6494293425CD94DF2A30293424D
:100EE0005AD94FF24B72934298BF052045D94FF221
:100EF0004C7648F233224CF2A3409B1B02FB03F3D7
:100F000000EB134014B1C0F5C9301F3015B1C0F566
:100F100049303F30C1B1404270BC7047494209B2CC
:100F2000884217DA002501240A4603462146C1E714
:100F3000404202B20029104614DB91420B4605DD07
:100F400091BB1C4800E048BB70BC704700240125E1
:100F50002146AFE70028DED000250B4602462C468E
:100F60000121A7E7494209B28A424FF00105DADBC5
:100F70000B46002429469DE700200F4A02EBC006DD
:100F800002EB8002D6E90E60126FB6E70120F4E7AB
:100F90000220F2E70320F0E70420EEE700250B46ED
:100FA00002462C46294685E701251A462C4603466B
:100FB00000217FE72092010040C400082DE9F0479E
:100FC0000646804602EB42008CB0154606EB8000D8
:100FD000002289460DF10C0A014617464FEA870E9A
:100FE00054469FED767AB31A75B103EB020CF444C4
:100FF000DCED007A9C46DCED006A0C3367EEA67AE5
:101000008B4237EE277AF0D10EF1040EBEF10C0FB1
:10101000A4EC017AE5D10137032F0AF1100AA2F1FD
:10102000040201F10401D9D19DED045ADDED055A08
:10103000DDED086A6A4606F10C01DFED607A434691
:101040003DB11C4694ED007A0C33834277EE877AEB
:10105000F7D108F104088845E2EC017A00F10400B8
:10106000EBD19DED037AF0EEC77AF4EE677AF1EEFC
:1010700010FA12D69FED526AF4EE467AF1EE10FAAB
:101080000BDC9FED506AF4EEC67AF1EE10FA04DA4A
:10109000B5EE407AF1EE10FA7DD0F7EE007A87EEE9
:1010A000872A9DED073A9DED0B7A65EE023A25EE13
:1010B000824A65EE237A65EEA34A33EE673A25EE5F
:1010C000846AF0EEC32A65EE047AF4EE622AF1EE49
:1010D00010FA76EEE44A76EEE77A37EE466A06D6FE
:1010E0009FED377AF4EE472AF1EE10FA47DDB7EEBE
:1010F000007AC7EE032ADDED006A9DED017A9DEDD1
:10110000023A63EEA63A67EEA27A37EE637A64EEAD
:10111000A73A67EE877A36EE636A24EE264AF0EE47
:10112000C63A73EE677AF4EE633AF1EE10FA77EEB0
:10113000C47A06D69FED224AF4EE443AF1EE10FA54
:101140002FDD87EE864A0120002364EE844A65EE97
:10115000845A77EE647A89ED024A67EEA27A25EE28
:10116000275AC9ED017A76EEC57A77EEE57A67EE11
:10117000827AC9ED007A33600CB0BDE8F0879FED4C
:10118000117AF4EEC72AF1EE10FAB0DAB5EE403A71
:10119000F1EE10FAABD10020002333600CB0BDE8B3
:1011A000F0879FED084AF4EEC43AF1EE10FAC8DA7F
:1011B000B5EE406AF1EE10FAEDD0C2E70000000093
:1011C000FFFF7F7F000080002DE9F047C36D876936
:1011D000056900247C8081461C7000F14806A04609
:1011E00056F8043FFBB1B3F838C0B3F89400B3F835
:1011F0009610B3F8DC2005EB400005EB410105EB50
:10120000420205EB4C0CC3E91301C3F8A820C3F854
:1012100014C03C701868D3F8E020416883F8E88077
:10122000C3F8E42088470134E4B2042CD8D1D9F8BB
:101230000000BDE8F0474368184700BF70B504469A
:10124000806978B1E36943B10F4B93F8882022B1EC
:101250001B690E4A0E49012098472068BDE870407E
:1012600083681847084D0B4A2B6909499847E36979
:101270003BB195F8883023B12B69044A0449012019
:101280009847002070BD00BF880000202806010894
:10129000380601084806010830B40269B0F8423047
:1012A00090F8381032F81330032908BF83F4004354
:1012B00040F2E51101FB03F31B0C816C8446A3F59E
:1012C00089700880BCF83C10DCF84C0032F8111032
:1012D00039B1BCF8401032F81110012994BF002137
:1012E00001210170BCF83E00BCF83A10DCF8505007
:1012F00032F8111032F81020DCF8544040F2E510BA
:1013000000FB02F2A3EB12431BB2002BBCF94420FA
:10131000DCF80000B8BF5B421BB29A42A1F10102A7
:10132000B2FA82F2ACBF0023012352092A70237063
:1013300030BC4368184700BF0068C368184700BF47
:10134000836910B50446BBB10D4B93F888204AB9A8
:1013500063697BB10A4B0B4A1B690B490020984714
:10136000002010BD1B69094A07490120984763699D
:10137000002BEFD1012010BDC369002BE4D1E7E7BA
:10138000880000209C060108800601086406010808
:101390002DE9F04F9B461B68C2F51E66B34294BF11
:1013A0009EB2B6B2884674084FEA520183B017461F
:1013B0004FEA81010CD0144B08EB840419444346D6
:1013C00051F8042B5A80120C1A800433A342F7D12F
:1013D0000E4C851E04F1E20A04F1E40914F8013B05
:1013E00035F8022F3946CDE9003240464B463246A9
:1013F000FFF7BAFCA24501D00028EFD1CBF800607E
:1014000003B0BDE8F08F00BF70D80008CCC400085E
:101410000068C368184700BF00688368184700BFAA
:10142000F0B482B02F4E056800238DF80330D6F853
:101430008430D6F88470C3F164031A442A4B1B68C5
:1014400003EB8303C3EBC3031B0D02FB03F3019305
:10145000AB6819420AD135E0019C019B013B019325
:10146000AB68002C08BF002219422BD0B1F5C06F29
:1014700005D12B7BDBB28DF803309DF80330D6F815
:101480008430DB1B9342E7D36B68426823F0E003B0
:10149000B2F5827F6B6019D0836AB3F5005F07D124
:1014A0002B6823F400532B602B6843F400532B600C
:1014B0000122002380F85D2080F85C30032002B018
:1014C000F0BC7047002002B0F0BC70478368B3F5F1
:1014D000004F02D0B3F5806FDED12B6823F04003BC
:1014E0002B60D9E7880000200000002070B4294D4F
:1014F000294BD5F884201B680468D5F88460C2F1B4
:101500006402114483B0C3F3CB3301FB03F30193B3
:10151000A3681A062DD509E0019A019B013B0193AE
:10152000A368002A08BF00211B0622D5D5F8843005
:101530009B1B8B42F0D36368426823F0E003B2F553
:10154000827F636019D0836AB3F5005F07D1236897
:1015500023F400532360236843F4005323600122E3
:10156000002380F85D2080F85C30032003B070BC5D
:101570007047002003B070BC70478368B3F5004F1C
:1015800002D0B3F5806FDED1236823F040032360DF
:10159000D9E700BF880000200000002038B52A4AA3
:1015A0000368D2F884501B689B061BD4846A2368A6
:1015B000A2685868616820F0200058609AB15868A5
:1015C000B1F5827F20F00100586022D029462046E4
:1015D000FFF78CFFB0B901230022A4F8462084F85D
:1015E0005D30236E38BD5A68B1F5827F0CBF22F0A2
:1015F000030222F001025A6029462046FFF776FFD7
:101600000028E8D0236E43F02003236620232366BE
:10161000E1E7B2F5004F12D11A6822F040022946E4
:101620001A602046FFF762FF0028EBD12A464FF4EC
:10163000C0612046FFF7F4FE0028CCD0E2E7B2F507
:10164000806FE9D0C2E700BF88000020F8B51C4DCC
:101650000368D5F884701B68846A9B062CD42668BE
:10166000736823F0200373603A464FF4C05120465C
:10167000FFF7D6FE58B939462046FFF737FF30B995
:101680003A464FF4C0612046FFF7CAFE38B1236ED8
:1016900043F020032366236E43F020032366736820
:1016A00023F00303736000220123E287A4F846209D
:1016B00084F85D30236E0BB901232B76F8BD00BF93
:1016C0008800002030B4124D124C00F1BC0C0021F7
:1016D00043680B44024640F8043F12689A1AAA4233
:1016E00009DD50F8042CA3F5C9237E3BA1F5C921DF
:1016F00003607E399A1AA24206DA03F5C92301F57E
:10170000C9217E3303607E318445E1D130BC70470E
:101710003F240300C1DBFCFF2DE9F04FBFB00DF10A
:1017200038090D469046019300F1020B3EAFCA46C0
:10173000002440F6B73631E025B335F8141001F037
:101740001F0E4FEA912C0EF1300E00FB0EF0C1F38C
:101750004411ACF1200C02FB0CFC002801F130011B
:1017600002FB01F1B8BF3F30BCF1000FB8BF0CF174
:101770001F0C8011002900EB6C10B8BF3F3100B284
:1017800041F38F110134182C08BF0024FFF786FBAA
:101790004AF8040BBA450BF1040B0ED0BBF900203C
:1017A0003BF9020C02FB02FC00FB00CCB4451146E5
:1017B000C2DC00203FB0BDE8F08F0DAC0DF106019A
:1017C00009F15C05224652F8043F002BB8BF0F33E5
:1017D00002311B1195420B80F5D14846FFF772FF8D
:1017E000002254F8043F216EA542A3EB01031A44E2
:1017F000F7D1124B83FB0213D217C2EBA31404F5EB
:10180000994330334CF662129342D2D802AE354639
:101810000FCD4D4508F1100806F1100648F8100CE0
:1018200048F80C1C48F8082C48F8043CEFD1019B00
:1018300001201C803FB0BDE8F08F00BFABAAAA2AF0
:101840002DE9F04F87B04FF0000E164600EB41092E
:101850000290821ECDE90316A9F1120935464FF018
:10186000010BF246F4467046CDF804E005931EE005
:1018700040F2EE218B4240DC634500DD9C464FF098
:10188000000BBEF1000F0ABF4FF0000B70460120A5
:10189000CAF100084345019BB8BFA4EB060ABB424E
:1018A00038BF3B469145019305F102052BD0568A7E
:1018B00032F8024F331B03F50048B8F5803F274646
:1018C000D6D240F2EE218B422B8007DD178868B913
:1018D000634515DD9C464FF0010ED9E75149178845
:1018E0009C45B8BF9C468B42D2DACAE7634500DD0F
:1018F0009C4686464FF0000BCAE74FF0000BE6E728
:101900004FF0010EC4E71946DDE90346059BBBF124
:10191000000F03D1002007B0BDE8F08FBEF1000F2B
:10192000F8D00028F6D0CDE9031C0027A4F11C094B
:10193000B84606F112043D463E46BE46D34634F94B
:10194000021F019601EB810C01EB4C010A22A24619
:10195000A4463CF9026D02FB06113AF9026F02FB44
:101960000611013AF5D1019EA942C4BFF0460D46C9
:101970008E42C8BF77460EF1010EC8BF0E46F14534
:10198000DDD14CF25034A542DDE9031CDA46C1DD5D
:10199000254CA642BEDABCF1000FBBD0BBF1000F54
:1019A000B8D0029C119D2488C900E4004DB18C423E
:1019B00005D2ACEB0402013A0A44B2FBFCF2119DE1
:1019C0002A60109A002AA6D0002BA4D0029A08F10F
:1019D0000E0532F81520B4EBC20F4FEAC20606D24C
:1019E000ACEB0404013C3444B4FBFCF42D1B029A20
:1019F0000E3732F81720B1EBC20F4FEAC20405D9F7
:101A00004A1E5244121BB2FBFAF2BF1A55EA0702F1
:101A100080D4BD423FF77EAF109A7F1B17601D60D8
:101A200079E700BF12FDFFFFB03CFFFF2DE9F04F4B
:101A3000204C93469A46851E8A1E04F1E2074FF019
:101A400000084FF41E6604F1E40935F8021F32F86D
:101A5000023F994222D0217809EBC1014B8833B370
:101A60004968002001EB830347F6FF7E51F804CB61
:101A70001FFA8CFCE64528BFE646604538BF604645
:101A80008B42F3D1400080B24FEA4E0E80451FFAE0
:101A90008EFE38BF8046764528BF76460134BC426C
:101AA000D3D1ABF80060AAF80080BDE8F08F4FF604
:101AB000FE7EF0E7CCC400081249D1F88C20D06833
:101AC00010F0400001D0002070474FF0FF3310B4F9
:101AD000D360D1F88440D3685B0610D4032803D1C7
:101AE0000DE0D368580609D4D1F884301B1BB3F538
:101AF0007A7FF6D9032081F8AD00ECE700205DF88D
:101B0000044B7047880000200A4A0B4BD2F88C1017
:101B1000CB60D2F8840005E0D2F884301B1AB3F50C
:101B20007A7F04D8CB689B06F6D500207047032047
:101B3000704700BF880000205FFF030008B5114B0D
:101B4000DA6822F08002DA609A68920603D4FFF71E
:101B5000DBFF88B908BD9A6822F020029A60FFF77F
:101B6000D3FF18B1084B032083F8AD00054A9368F2
:101B700043F02003936008BD034B032083F8AD00BE
:101B800008BD00BF0028004088000020F0B5634C6D
:101B900094F8AC30012B00F0BF80D4F88C100223F5
:101BA000012284F8AC2084F8AD308B6813F0400C2F
:101BB00018BF90F803C003780CBF80F803C04FEA49
:101BC0008C5C092B09D900220A3BDBB2092B02F1FC
:101BD0000102F9D843EA0213DBB21A044378092B55
:101BE00009D900250A3BDBB2092B05F10105F9D81B
:101BF00043EA0513DBB28678092E4FEA032309D99D
:101C000000250A3EF6B2092E05F10105F9D846EA8B
:101C10000515EEB290F824E0BEF1090F0DD90025AC
:101C2000AEF10A0E5FFA8EFEBEF1090F05F1010555
:101C3000F6D84EEA05155FFA85FE4569076A3D4309
:101C400045EA0C052A4313433343456843EA0E62D1
:101C5000C3691D43836ACA20486253204862B3F5B2
:101C6000807F8B6839D023F400738B60CB68DBB244
:101C700063F42073CB60D4F8840005E0D4F884309A
:101C80001B1AB3F57A7F1ED8CB689B07F6D50A627C
:101C90008D648B6843F400738B608B6843F400534E
:101CA0008B601F4B1A68002042F4802284F8AC003D
:101CB0001A609A6842F480229A60FF2201234A62E5
:101CC00084F8AD30F0BDFF2203234A6284F8AD30C2
:101CD000002384F8AC300320F0BD23F480738B60C4
:101CE000CB68DBB263F4C073CB60D4F8840005E04A
:101CF000D4F884301B1AB3F57A7FE4D8CB68DE07BA
:101D0000F6D5CA614D648B6843F480738B608B6831
:101D100043F480538B60C4E70220F0BD88000020AC
:101D20000004014060B138B5056904461DB128467C
:101D3000FEF72EFA28B92046BDE8384009F05EBD0E
:101D4000704700232B602846FEF77AFAF3E700BFBE
:101D50002DE9F04F2DED108B9BB090F85E401D46A5
:101D600090F85C300893042CB0F858300393804608
:101D7000894616461AD8D0ED147AF5EEC07AF1EEFF
:101D800010FA00F1F58190F86630002B00F0918296
:101D900090F85B30002B00F08C82024C024A0594D4
:101DA00007E000BF8800002008070108C64CC74AAA
:101DB00005942369C64900209847D8ED157AD4F8D0
:101DC000B030009307EE103AF5EEC07AF1EE10FA5B
:101DD000B8EE478A40F3D081C8EE278AF6EE007A43
:101DE00078EEA78A039B002B00F0A68198F85E305E
:101DF000049398F85A30002B40F0A58198F86020A1
:101E0000022A41F0298198F85E40012C00F0E1831C
:101E10000024224634990C71A6F8AC21002B00F066
:101E2000978198F85F30012B00F00484022B00F0BA
:101E3000EB83002B40F0DD8301231A46F3843285C7
:101E400098F86030012B00F0CD83022B00F0C9839D
:101E5000002B00F00784059B9E4A1B699C490020CB
:101E60009847B9F1000F00F0778100230093B9F88B
:101E7000E410B9F808307180B9F8E610B180B9F80B
:101E8000E2103180B9F8E810F180B9F80210318120
:101E90009B00B9F8041071819BB2B9F80610B181AA
:101EA00003F13002B9F80A10F18192B2B9F82010AA
:101EB00031825F2AB9F82210718240F2EE818649A0
:101EC000A1FB0201890901EB4101A2EB411189B299
:101ED00000201A4604460B460121F2820322B382F7
:101EE00072830023009A7384B483F0833183318436
:101EF0006B800123C5F80A30002A00F054870027C0
:101F0000CDE9017706F13E039FED749A9FED74AA27
:101F1000DFED779ACDE90696B34605F10E0A444601
:101F20001E46049AFBB29A4200F229810023AAF8C5
:101F30000030AAF8083033800137042F0AF1020A72
:101F400006F102060BF1560B04F11404E9D1039BD0
:101F5000AA89DDF804E012FB03F26B8992B2134404
:101F60009BB2DDE90696591C012089B20090B6F8B3
:101F7000AC01012804D1DDE9020404FB00F0029069
:101F8000029FB8F8640098F863C098F862B04FF602
:101F9000FF74A74228BF27464408A4F1030A98F813
:101FA0006640A6F89EB18CF0010C0338A6F8A6C1D5
:101FB000A6F8A471A6F8A0E1A6F8A801A6F8AAA11F
:101FC000AA81AB80E980002C00F02781413399B2CF
:101FD0004024012329802C81A6F8C031B9F1000FDB
:101FE00003D0B9F80C30A6F8C231009B002B40F0AA
:101FF0003E81349A98ED145A00231360089BA6F88A
:10200000B231039B012B40F22F81B8F85830023BCC
:1020100001229BB29FED336ADFED335A98F85A10D4
:10202000F1EE007AC8EE066A68EE277A68EE255A65
:1020300087EE867AC5EE867AB6EE006A76EE866A16
:1020400037EE067AFCEEE66AB5EE405AD8ED155A40
:10205000A6F8AE31F1EE10FA16EE903A77EE867AE7
:10206000BCEEC77AA6F8B02114BF01220022FCEE14
:10207000E77A328798F85B20A6F8B43117EE103A69
:10208000A6F8B63117EE903AF5EE405AA6F8B831F8
:10209000009BF1EE10FA14BF01200020002B40F04D
:1020A000BE8031867286708598F861300F4A00983C
:1020B000C6F8BA210121B184A6F8BE311BB0BDEC2F
:1020C000108BBDE8F08F00BF88000020C406010817
:1020D000E006010804080108ABAAAAAA2549123E95
:1020E0008FC2753D0024744900009643FF07010824
:1020F00000000000B5EEC07AF1EE10FA00F107839F
:1021000098F85A20002A00F00583B5EE407AF1EEE7
:1021100010FA05D1F5EE407AF1EE10FA40F0BB83EB
:102120005FED0D8A059B724A1B6972490020984732
:10213000039B002B7FF45AAE039B049398F85A300C
:10214000002B3FF45BAE349A00231371A6F8AC3138
:10215000B9F1000F7FF489AE0123A5F802906B81DD
:10216000CE4602214A46CDF80890CDF80090FEE612
:10217000614C624A05941CE6DFED618A32E6012378
:10218000338098F85C90228940F2FF3340F2FF11CF
:10219000B9F1000F18BF0B4642B39A4226D8A27B72
:1021A000237C3AB1022B05D1059B564A1B69DDE918
:1021B000069620E0E07B002840F03E82012B00F0F4
:1021C000AB80059B504A1B694A490090DDE90696A1
:1021D0009847DDF804E0039BAA8912FB03F26B89A0
:1021E00092B213449BB2591C89B2C0E6059B474A80
:1021F0001B69DDE906963F4900209847039BAA89A1
:10220000DDF804E012FB03F26B8992B213449BB237
:10221000591C002089B20090A9E62346DAE6B5EE03
:10222000405AF1EE10FA0AD0C8EE057A77EE867AB7
:10223000FCEEE77A17EE903AB3871B0C7387002306
:1022400061F30F03F5EE405A62F31F43F1EE10FA0B
:10225000708533633FF428AFFCEEE87A17EE903ACE
:102260001A0CB285F3851FE700221346D2E698F8D0
:102270005D30072B15D8264A9FED219A134493F819
:102280000439A6F8A231349B83ED009A049B002BFD
:1022900040F0438298ED145AB0E603200124002157
:1022A0001BE6349A98ED145A002313600023009320
:1022B000A4E6012C40F2E28198F80F104246012377
:1022C00003E00133A34200F0D981084692F82310BD
:1022D000814202F11402F4D2074F0E4A3C690549CB
:1022E00005970020A047D8ED157AD7F8B03068E5FB
:1022F00068070108E006010888000020F4060108CC
:1023000000000000340801086008010824080108E2
:1023100040C40008340701086FF00B030993E288FA
:10232000A3880A92182A009340F2968202EB820355
:1023300003EB031303EB032302EB4303C3F3CC02CE
:1023400042EA43339BB240F6AA22934200F2D7827C
:10235000AF4B0A9AA3FB02231B090E93013B9BB2CE
:1023600015935C230D9318230B930098002840F0DD
:10237000D684059BA74A1B69A7499847B9F1000F66
:1023800000F0C0844FF000090222009B099913FB62
:1023900002F292B20092226811440A460C910A9904
:1023A000013B01FB0323099302F5C34328334CF29D
:1023B0005032934207D9059B984A1B6996490020E1
:1023C00098474FF00009099B03F5C34328334CF2AB
:1023D0005032934207D9059B914A1B698E490020D0
:1023E00098474FF000090C9A002AC0F23D838D48AF
:1023F00080FB0230D217C2EBA00000B2099B002B79
:10240000C0F22683874981FB0331099BDB17C3EBAD
:10241000A101119309B280B2091A0C9B0F90814857
:1024200080FB03C0C2EBA00288B209B20E9B1091E0
:10243000B0FBF3F0411C0A901FFA81FE0B981821A3
:10244000B1FBF0F30E930C9B02EB4202B3EBC20222
:1024500000F1F78213B2139393B20C93099A714867
:10246000119B0B9980FB020CC3EBAC0303EB430CF9
:102470000C9BB3FBF1F001FB103081B2B2EBCC034B
:10248000099100F1FB821AB219929BB20E9A0B9835
:10249000511E099A89B21891BEF1010F11FB00215A
:1024A00089B200F0F182099A0C98824240F0FF82D2
:1024B000994200F04F840023012213931692149343
:1024C00012920E930C9B9A00099BABF882209B0002
:1024D000ABF88430B9F1000F40F0F5826C2317930C
:1024E00036230C937D223D234FF00009ABF87C305E
:1024F0000F9BABF87A200C9A1099C3F1290313446F
:102500001AB21192521A9BB2292A0F9307DC059B2B
:10251000454A1B694049002098474FF00009119B2C
:10252000179A934207DB059B404A1B693A490020F2
:1025300098474FF000090D9B2C2B00F20F821E2BA9
:1025400040F2E3831E3B0F229BB20D92ABF89A3010
:10255000159B0C99ABF89430139BABF87E10ABF83D
:102560008E300F990A9BABF880100D99ABF896103E
:10257000ABF89820002B40F0CF81149B002B0E9BD2
:1025800008BF00230E93129B002B00F0D783099AFB
:10259000199B9B1A0B9A93FBF2F39BB2169AABF81A
:1025A0009220ABF88C300E9AABF888200023ABF861
:1025B0009030ABF88A300A9BABF88630B9F1000F47
:1025C00040F0BC82CDF80090DDF804E0DDE906962D
:1025D00001E698F81020013A012A7FF619AC22464C
:1025E00018E400237363B9F1000F41D00123009375
:1025F0003DE4059B0E4A1B69074900209847B9F145
:10260000000F7FF432ACA7E500231A4616E400BFA2
:10261000ABAAAAAAAC080108E0060108F80801085C
:102620000C090108ABAAAA2A40090108600901089F
:10263000E4070108002201E4013B042B00F2348589
:1026400001A252F823F000BF192300088F280008C8
:102650005D260008872800085D2600086FF00C033F
:1026600009935CE64FF001137363B9F1000FBDD11C
:1026700000236B800123C5F80A3040E4B94B98ED84
:10268000157A0593D3F8B030009306EE903AB5EE84
:10269000C07AF1EE10FAB8EE668A7FF72BADC8EE7D
:1026A000078AF6EE007A78EEA78A18EE900A07F00D
:1026B000CBFF51B1059BAC4A1B69AC490020984740
:1026C000039B002B7FF492AB37E598F85A20002A41
:1026D0007FF428AD039B98F85F10002B98F86030CA
:1026E00014BF204600209942049007D9059BA04AB8
:1026F0001B699E4900209847FFF77BBB022B00F027
:10270000B584349B1A71A6F8AC21FFF78ABBDFEDC4
:10271000998ACFE7DFED978ADCE7B6F8AC31B6F8F7
:10272000A421012B00F0CD8007EE902ADFED929AD4
:10273000B8EE67AAB7EE089AF2EE02DA059B9FEDB3
:102740008F0AD3F8B030019307EE903AB8EE67FAEB
:1027500080EE0F0A06F036FE98F86030022B2FEE5E
:1027600000FA00F22181864A98F85E1002EB83009D
:1027700090ED00EAD0ED03FA002900F02681009BDD
:10278000DFED7CEA9FED7FBA9FED7FDADFED7FCA58
:102790009FED7FCADFED7FBADFED7FAADDF81490F1
:1027A00044460025227C052A00F29280022A40F24B
:1027B0009A804FF0300A0827E27B052A00F26984EC
:1027C000DFE802F03E413B034744F0EE4B7A8FEEE8
:1027D000276A228998F85E1002FB077702377F008C
:1027E000BFB2A288013514349FED6C7AC6EE076A39
:1027F00007EE90AAF8EE677A87EEA66A07EE907A5F
:10280000F8EE677A87EEA67A07EE902AF8EE677AF6
:10281000EAB267EE277A914277EE867A77EEA97A66
:1028200077EE897A7EEEA7EABCD898ED145A002B91
:1028300040F0CF800093FFF7E1BBF0EE6A7AC6E785
:10284000F0EE6C7AC3E7F0EE4D7AC0E7F0EE4C7A2A
:10285000BDE7F0EE6B7ABAE70A9A002A4FD0182348
:10286000B3FBF2F302FB03F3C3F118039BB215931E
:10287000002B44D10A9A0B92531E9B009BB20D93DE
:1028800001230E9371E56FF00F03099347E56FF095
:102890000603099343E598F85F2098F860309A4260
:1028A0007FF43EAC039B349ADFED328A002B14BFD9
:1028B00023460023049300231371A6F8AC31FFF7DD
:1028C000B0BAF0EE499AF0EE49DAB0EE49AA35E72F
:1028D000D9F81030324A2549002098474FF0180A9D
:1028E0000427002368E7012A05D0022AF0D14FF01F
:1028F0003C0A0A2760E74FF0480A0C275CE7059B73
:10290000284A1B6919490020984700230122CDE974
:102910000D3215930B9231E5149B002B0E9B08BFD3
:1029200000230E93129B33B1099A199B9B1A0B9AA1
:1029300093FBF2F39BB2ABF88C300A9B169AABF880
:102940009220013B0E9AABF888209BB2189A0A930A
:102950000123ABF88A20ABF890302CE600230D93CE
:102960001A46F3E58800002054070108E006010834
:1029700094070108000000009A999D41F902154F43
:102980004CCD0008000090430000204300000043AD
:102990000000F0430000C04300004043002474499D
:1029A0008808010898080108059BBE4A1B69BE49B2
:1029B0000020984798F85E30002B00F0EF81DFEDA3
:1029C000BBFA0023B0EE6FEADAE698ED145ADFEDB9
:1029D000B7EA9FEDB77ADFEDB76A349BCFEE077A9F
:1029E000B1EE0C7AC7EEA65A2AEE07AA7FEE8EFA4F
:1029F000CAEE257A9FEDB07A77EEAD7AB0EE006A36
:102A000077EEAE7A77EEAF7A27EE877A37EE067AF0
:102A100077EE277A86EEA77AB4EEC57AF1EE10FA51
:102A200083ED007A7FF5EAAA059BA44A1C699E49BA
:102A3000FDEEC77A002017EE903AA04700230093DE
:102A400028E402F1180083B20C9303B2139305E556
:102A500009999B4BC943A3FB0131099B6FEA1111F3
:102A6000DB1709B21193D6E40C9A954BD043A3FB24
:102A700000306FEA101000B2D217BFE403F1180063
:102A800002B283B2199201E50C98824200F05F8194
:102A900000220A9216921292139A9B1A0B9A93FB97
:102AA000F2F39BB20E930123CDE913330AE5994269
:102AB00000F05A810A9B013B9BB20A9301231693B3
:102AC00012930B46E8E7E37B052B00F21183DFE866
:102AD00003F01A130C032B214FF486731793D6239C
:102AE0000C9340F21D128D2300E5AC23179376233F
:102AF0000C93BD225D23F9E48C23179356230C938A
:102B00009D224D23F2E46C23179336230C937D22F0
:102B10003D23EBE44FF4E67317934FF4CB730C9320
:102B200040F2DD12ED23E1E44FF4B67317934FF456
:102B30009B730C9340F27D12BD23D7E4A37A172B2D
:102B400000F2FE80092B00F21B81C3F109039AB247
:102B50001523ABF84630069BABF84820002B00F05D
:102B60005B8203EB42029389ABF84A30237C013B42
:102B7000042B00F29F82DFE803F0BA7603A98400F9
:102B80004FF000094FF400724FF4C063CDE9092300
:102B90004FF0C00E02204FF0040C08214A464B466D
:102BA000ABF86E000A98ABF856000998ABF870C005
:102BB000ABF85800ABF84E10ABF85010ABF852E041
:102BC000ABF854E098F85D10B9F1000F00F0068101
:102BD000002B00F00381022900F27881394B0B446D
:102BE00093F80039ABF85A30069B002B00F019819E
:102BF0000023ABF85E300123ABF86A30069B00215E
:102C0000D3E932ECD3F8C4900B460EEB1140A0EBA5
:102C100009009042614480F22C8201330F2BF4D1E1
:102C2000069AABF86030D2E936E303EB83020EEB91
:102C30001242F92A00F3EC81062003FB00F0052183
:102C400003E0BCF1FA0C40F1D7810A46013189B2A8
:102C500014290EEB104C1844F3D1059B1A4A1B693A
:102C6000DDE9069637E100214FF40073CDE9091341
:102C70004FF0400E03204FF0020C08219622FA2359
:102C80008EE74FF000094FF4F0504FF47853CDE940
:102C900009034FF4F86E02204FF00B0C08214A464E
:102CA0004B467DE704080108E0060108000000002B
:102CB00000002043002474490AD7233CDC090108A2
:102CC000ABAAAAAA40C40008B00901084FF0000945
:102CD0004FF4C06C4FF46063CDE909C34FF4E07E5C
:102CE00002204FF0060C08214A464B4658E7069B47
:102CF0009B8C0422082BCBF86E205BD9DDE906966D
:102D0000FFF77CBA0422FFF740BB0D9B0F2B30D995
:102D1000A3F10F020F230D9392B2002316E4B9F131
:102D2000000F2AD1237B002B33D0059BC44A1B699B
:102D3000C449484698470422FFF727BB0A9B2DE465
:102D4000059BC14A1B69DDE90696FFF754BA994213
:102D50007FF49EAE0023CDE91333CDF828E016931F
:102D600012930E93FFF7AEBB0023169312930B46FC
:102D700092E600221346FFF7E9BB0222FFF705BBEC
:102D8000102B94BFC3F11E03C3F117039BB20022A3
:102D9000DFE64FF001090422FFF7F7BA98ED145A65
:102DA0000093FFF72BB90098029086460221024655
:102DB000FFF7DDB8ABF84E30ABF8503040230022BF
:102DC000ABF85230ABF854304FF40073ABF85630D8
:102DD000ABF8582098F85D1013469146072975D82E
:102DE0009A48014491F80419ABF85A100699C1B1F8
:102DF0000021ABF85E10B9F1000F40F08380ABF812
:102E00006A90ABF86090ABF85C90ABF86290ABF86E
:102E10006890ABF864904A460023ABF86620ABF8A4
:102E20006C302389E27AABF87620012B67D0023B25
:102E30009BB20121ABF87230A37BABF84C3083F02E
:102E40000103ABF87410ABF878300099AB89AAF89D
:102E500000300B44AAF80810AB81A388217C06EE51
:102E6000903A2389012907EE103ABBF86E302AD038
:102E7000022914BFF0EE695AF0EE4A5A01339BB2B0
:102E800007EE903AF8EE677AB1EE006AF8EE666AFD
:102E900067EE867AB8EE477A67EEA67A0198029BCB
:102EA00067EE877A014667EEA57A002808BF1146CB
:102EB00067EE897A0191FCEEE77A17EE902A1344C7
:102EC0000293FFF739B8DFED625AD7E7059B614AF5
:102ED0001B69DDE906965B4900209847039BAA8998
:102EE000DDF804E012FB03F26B8913FA82F39BB264
:102EF000591C002092B289B20090FFF738B8002325
:102F0000194697E70121ABF86A10002B7FF476AEE3
:102F1000ABF8603019461A46ABF85C200022ABF8DB
:102F20006220ABF868204BBBABF864301A4602EB6A
:102F30000109069AD2E92FE1CE451DDA08460022A2
:102F400002F1010C09921FFA8CF2162A3FF485AEA9
:102F50000EEB104CBCEB090C0844F1D4002B7FF4B1
:102F60005BAF099800FB01F10EEB1143A9EB0303E2
:102F70009C45C8BF02464FE700224DE7069BD3E9B8
:102F8000349C894546DA134662469E4601339BB21D
:102F9000162B3FF462AE09EB1240401A6244F4D49F
:102FA0000CFB0EF209EB12428A1A9042D8BF9E46E1
:102FB0000699BBF86020D1F8CC30BBF85C000990D2
:102FC00002FB03F3D1F8C820ABF864E002EB134234
:102FD0000B46D1F8C410521AD3E936303FF53DAE56
:102FE00009990CFB0EFE00FB01F103EB114309EB09
:102FF0001E401918FA239AE702FB03F30EEB134362
:10300000C3F1FA039C45D8BF0A46FA210B4683E771
:103010000522FAE79646CBE7069BABF84A30237CBD
:10302000013B042B46D801A252F823F07730000868
:10303000672C0008812B0008CD2C0008832C000889
:10304000C0080108E00601087809010840C400082A
:10305000CDCC4C3E90090108349A1371A6F8AC31DE
:10306000B9F1000F7EF401AFFFF776B80123FEF748
:10307000CCBE9BB2D4E54FF000094FF40073CDE90C
:1030800009934FF0400E0420CC4602214A464B469D
:1030900086E5D9F810301A4A1A4900209847DFED22
:1030A0001A7A0023FFF793BB059B184A1B69DDE9D9
:1030B000069610E7059B154A1B6912490020DDE9B9
:1030C00006969847AA89039BDDF804E012FB03F2F9
:1030D0006B89562113FA82F301FB076100209BB232
:1030E000C1F86E00591C92B2009089B2FEF73FBF42
:1030F000059B034A1B69034900209847FFF7EEB977
:1031000034090108E00601080000004388080108AE
:1031100070B5FEB04FF4E27204460D460DA80021D2
:1031200003AE07F039FC00960DAA05AB002120463E
:10313000FEF70EFE08B97EB070BD94F85B202B46FA
:10314000314605A8FDF7AAFCF5E700BF38B50569CB
:103150003349344A344B04464FF07E50606021605E
:10316000A260E3602846FDF713F808B12F4BAB656A
:1031700025692846FDF70CF810B12023A5F85C302E
:1031800025692846FDF704F810B1022385F862305E
:1031900025692846FCF7FCFF08B128236B602569E8
:1031A0002846FCF7F5FF08B108236B8125692846FE
:1031B000FCF7EEFF08B10E232B8125692846FCF7AA
:1031C000E7FF08B101232B7525692846FCF7E0FFCE
:1031D00008B10423AB8125692846FCF7D9FF08B163
:1031E0009623AB6125692846FCF7D2FF08B10C2372
:1031F000EB8325692846FCF7CBFF08B11723AB8387
:1032000025692846FCF7C4FF10B1032385F8283050
:1032100024692046FCF7BCFF08B10823238438BD8D
:103220009A99193E9A99993E040005000000A04021
:1032300010B41F4C94F8AC30012B35D0D4F88C105E
:103240000220CA2384F8AD0001224B6253234B6253
:1032500084F8AC208B6823F480738B608B6823F434
:1032600080538B60D4F8840005E0D4F88420121ACF
:10327000B2F57A7F0ED8CB6813F00103F5D00020A9
:10328000FF2201234A6284F8AC0084F8AD305DF877
:10329000044B70470320FF224A6284F8AC3084F864
:1032A000AD005DF8044B704702205DF8044B704799
:1032B00088000020F8B516460D464FF4E27201462C
:1032C00018461C4608F074FAB6F8581021B196F862
:1032D0005E30191E18BF0121012396F85B2084F887
:1032E000C6312B4684F8C52133F8262B84F8C41147
:1032F000A4F8C82105F1560104F5E5721F685E685F
:103300009868D3F80CC0C2F80CC010338B42176019
:103310005660906002F11002F0D1B5F85630A4F872
:10332000FA3105F1580604F5FE7E05F18807B4462A
:10333000BCE80F00BC450EF1100E06F110064EF869
:10334000100C4EF80C1C4EF8082C4EF8043CEED134
:10335000B5F88830A4F82C3205F18A0304F22E2443
:10336000BA35186859689A68DE68E6601033AB426F
:1033700020606160A26004F11004F2D1F8BD00BFCA
:103380002DE9F0411C46164BDDF8188015464FF428
:1033900080520F469A62064603F048F917B1384644
:1033A000FDF73AFB16B13046FDF712FB15B1284682
:1033B00008F024FAB8F1000F02D04046FEF7B2FC44
:1033C00064B1206808B108F019FAA06808B108F0E3
:1033D00015FA2046BDE8F04108F010BABDE8F081CA
:1033E00000040048F8B595692B7802EB43030F46BB
:1033F000B3F84460536901466888144603EB400003
:10340000720008F0A9F96B88E26D1E4413786E8093
:1034100003B93B791370F8BD2DE9F04F2DED048B06
:10342000038F8DB00546002B00F01581B0F84030B9
:10343000428F0469B0F850E007925B000293838FDB
:10344000C28F34F913300B92BEF1000F00F00381EC
:103450001B010893D0E91223D718B0F85200B5F831
:103460004230DFED8A8ADFF830B20193FE434FF03D
:103470000008F6EE009A0990C1460496CDF828E0BF
:10348000834B83FB0710F917C1EBA00101EB41004F
:10349000A7EBC00000281FFA89F886B2C0F2EB80C3
:1034A000002FC0F2F180089B09B2090481FB0301DF
:1034B000002906DA4FF6FF7C10EB0C0C604641F158
:1034C0000001079B000C40EA0140991934F91110E2
:1034D000A0EB011007EE900AB8EEE79A29EE289AC1
:1034E000B0EE490A06F08EF9B0EE408AB0EE490A15
:1034F00005F02EFF019B002B00F0A2800B9BB5F87E
:1035000044A01E4404EB46030020CDE90597039335
:103510000646009059E095F838C0BCF1000F4BD03A
:1035200007EE101A07EE903AF8EEC76AF8EEE77A5F
:1035300026EE806A27EE887A66EE886A37EE467A4B
:1035400067EE807AB5EEC07A77EEA67AF1EE10FAE1
:103550004CBF37EE697A37EE297AF5EEC07AF1EE94
:1035600010FABDEEC77A4CBF77EEE97A77EEA97A0A
:1035700017EE103AFDEEE77A5B4517EE901A47F624
:10358000FF70B8BF5B468342D5F85490A8BF03468E
:103590005945B8BF594699F800E08142A8BF014695
:1035A000BEF1000F04D117EE100A98425BD0E64638
:1035B00089F800E01BB209B2A352009B7980534402
:1035C0000093019B01369E4238D0009B95F839C08C
:1035D00008EB5302029B92B203EB8202A718A35E90
:1035E000B7F90210BCF1000F95D00398B0F800C0F5
:1035F0000CF01F0E0EF1300E03FB0EFE4FEA9C2363
:10360000203BCCF3441C01FB03F3BEF1000F0CF193
:10361000300C01FB0CFCB8BF0EF13F0E002BB8BF05
:103620001F334FEAAE1EBCF1000F0EEB6313B8BFA1
:103630000CF13F0C1BB24CF38F116CE7DDE90597E1
:10364000099B049A1F44D31A04930A9B09F10109A8
:1036500099457FF415AF286843680DB0BDEC048B25
:10366000BDE8F04F184717EE900AB0EB010E18BFF7
:103670004FF0010E9CE71836B6B2049B054AA2FB38
:1036800003016FEA11110EE70026F6E7000080370C
:10369000ABAAAA2AABAAAAAA0080FFFF2DE9F04193
:1036A000364B374DDA6C42F0020286B0DA64DA6CDF
:1036B00002F002020392039ADA6C42F08002DA64AA
:1036C000DA6C02F080020492049ADA6C42F0010291
:1036D000DA64DB6C4FF0904603F00103002405939D
:1036E00041F201274FF01008059BAF622846C6F84B
:1036F00028800223CDE900444FF48812082103F00A
:10370000C3F82246CDE900441E480223092103F0F4
:10371000BBF83046CDE9004402234FF444124FF485
:10372000006103F0B1F83946032723462846019487
:103730000097012203F0A8F80223284622461946E2
:10374000CDE9007403F0A0F802234146304601227F
:10375000CDE9007403F098F82146092002F018FF23
:10376000094D4FF400732B602820214602F010FF12
:103770004FF480736B6006B0BDE8F081001002402A
:1037800000040048001C004800E100E070B5114E44
:10379000114A3368A2FB03239B09013BB3F1807FED
:1037A00001D3012070BD4FF0E0220C495361F0239A
:1037B00081F82330002507230F2895610446136103
:1037C000EFD801464FF0FF3002F0E2FE7460284669
:1037D00070BD00BF00000020D34D621000ED00E07E
:1037E0000CB4F0B5ADB032AB06AE53F8042B059374
:1037F00004460D463046962108F0AEF89528C4BF21
:103800001C4BCDF8AA301C4B1C49D3F88470A1FB8B
:1038100007311B4BA3FB0723980B1A4BA3FB072372
:103820004FEA931C184B4FF47A7202FB1C77A3FBF0
:1038300000E25209042CC2EB0212A0EB8202A3FBAD
:103840000CE398BF114800974FEA531394BF005DF3
:103850003F20C3EB03130190CDE90256490DACEBB9
:1038600083030B4808F052F82DB0BDE8F04002B0D9
:10387000704700BF2E2E2E0088000020B17C2195BD
:1038800073B2E745D34D621089888888200A010801
:10389000FC090108002800F0D7802DE9F04F2DED3C
:1038A000028BD0F8108083B00446B8F1000F3DD0F1
:1038B000D0ED007A9FED8B7AF4EEC77AF1EE10FA34
:1038C00000F19B8090ED017AF4EEC77AF1EE10FAE8
:1038D00000F39C8090ED027AB5EEC07AF1EE10FA1A
:1038E00000F19D80F1EE007AB4EEE77AF1EE10FA85
:1038F00022DD7D4B7D4A1B68D868B7EE006ADFED9C
:103900007C7ADFED7C6A7C4947EE067ABCEEE77A8A
:10391000B8EE476A17EE103A77EEC67A67EEA67AE7
:10392000FCEEE77ACDED007A07F0E2F8002003B074
:10393000BDEC028BBDE8F08F8289511E09297CD82D
:10394000C289511E092971D84046FCF767FF01253D
:1039500007460AE0FDF714F8294606464046FDF7FB
:103960000FF8864272DA0135EDB2691EAF42C9B274
:103970004046EFD8FCF752FFDFF8B0A1DFF8BC916A
:103980000025471E27E04046FCF766FC05F1010BC9
:103990004046B0EE408A5FFA8BF6FCF7F9FB38B18F
:1039A000032E05D9DAF8103054494A4600209847CA
:1039B00031464046FCF7E4FF80B207EE900A9FEDE7
:1039C000507AF8EE677A67EE877AB4EEE78AF1EE1E
:1039D00010FA44DA3546BD422946D4D30021404688
:1039E000FCF7CEFF1F2843DC3F4B46481B682D22C7
:1039F000DB68012107F056FF98E73B4B42481B6804
:103A00003222DB68012107F04DFF8FE7364B3F483C
:103A10001B682B22DB68012107F044FF86E7324B4D
:103A20003B4A1B68BFEE006AD86868E72E4B3949ED
:103A30001B68D86807F05CF878E72B4B36491B68A1
:103A4000D86807F055F871E700207047264B3348D7
:103A50001B685822DB68012107F024FF66E7224B30
:103A60002F491A685B46D0682A4607F041F85DE79F
:103A700094ED000A4046FCF7EBFE40B11A4B294892
:103A80001B682822DB68012107F00CFF4EE794ED4C
:103A9000010A4046FCF7DCFE90B9234AD8F8001032
:103AA000914216D0214B224A1B69144998470E4B6C
:103AB00020481B682C22DB68012107F0F3FE35E764
:103AC000094B1D481B682622DB68012107F0EAFE2E
:103AD0002CE7B8F85C30032B88BF01203FF627AFF6
:103AE000E5E700BF0AD7A33D2800002054170108CE
:103AF000BD37063500247449880A0108AC03010863
:103B00000AD7233B4C0B0108280A01085C0A01086C
:103B1000EC0C01080C0B0108C80A0108380C01085C
:103B2000000C01087C0B01080FB03713880000203F
:103B300094030108D00B0108A80B0108D403010865
:103B400070B5094E736805469847044628B12A4661
:103B5000002106F021FF204670BD3369034A044965
:103B60009847204670BD00BF88000020940C0108D3
:103B7000A40C0108BFF34F8F0549064BCA6802F435
:103B8000E0621343CB60BFF34F8F00BFFDE700BF80
:103B900000ED00E00400FA05FEE700BFFEE700BF0D
:103BA000FEE700BFFEE700BFFEE700BF704700BFB3
:103BB000704700BF704700BF034AD2F8843001331A
:103BC000C2F88430704700BF880000200C4B0D49BC
:103BD000D3F88C204FF480104861D168490503D494
:103BE000012283F8AD207047D168C9B261F49061B9
:103BF000D1600120012283F8B40083F8AD20704722
:103C00008800002000040140034B5A69120744BF9A
:103C100008225A61704700BF000401400148FCF7C8
:103C200007BD00BF400100200148FCF701BD00BFF7
:103C3000880100200148FCF7FBBC00BFD001002038
:103C40000148FCF7F5BC00BF18020020084810B47A
:103C5000D0F8D831D0F80C4299691A682CB12346B3
:103C600000F5EC705DF8044B18475DF8044B7047A5
:103C700088000020034B5A69120544BF4FF40062CC
:103C80005A6170470004014010B5194C194AD4F824
:103C90008C304FF4802151619A68D20402D5DA68E1
:103CA000D00509D49A68910402D5DA68920513D434
:103CB000012384F8AD3010BDDA68D2B262F4C0726C
:103CC0000121DA6084F82C12FFF7B2FA68B9D4F84F
:103CD0008C3084F82C02E5E7DA68D2B262F4207204
:103CE000DA60012384F8AD3010BDFFF743FF00BF59
:103CF0008800002000040140034AD2F8883043F4D1
:103D00007003C2F88830704700ED00E0244A9368E1
:103D1000D26813F00C0305D00C2B34D0042B38D10F
:103D2000204870471E4A1168090754BFD2F8941002
:103D300011681D4A54BFC1F30321C1F3031102EB03
:103D40008102D2F82409002BEBD0154BDB6803F07D
:103D50000303022B22D0154A032B08BF1046104B39
:103D6000D968DA68DB68C3F34163C2F30622C1F3A2
:103D70000211013300FB02F201315B00B2FBF1F2F0
:103D8000B2FBF3F0704702F00302012ACAD0002010
:103D9000DBE7082B054818BF002070470148DEE725
:103DA000001002400024F40040C4000800127A0011
:103DB000064A074B92680749C2F302221344086877
:103DC00093F8543903F01F03D840704700100240A5
:103DD00040C4000800000020064A074B92680749CB
:103DE000C2F3C2221344086893F8543903F01F0346
:103DF000D84070470010024040C400080000002076
:103E0000F0B504680546200583B000F1F580002672
:103E1000A10351D5A74B9A6DD20040F1F88000273D
:103E2000A549A64A0B6843F480730B60D2F884005E
:103E300005E0D2F884301B1A022B00F201810B68D6
:103E4000DB05F6D5AEBB9B49A86DD1F8903013F4D5
:103E5000407326D0834224D0D1F890C0D1F890305E
:103E600043F48033C1F89030D1F8903023F480339C
:103E7000C1F890301CF0010F2CF44073C1F8903061
:103E80000FD0D2F884E041F2883C06E0D2F88430CA
:103E9000A3EB0E03634500F2D380D1F890309B076B
:103EA000F4D5844AD2F8903023F440730343C2F827
:103EB0009030002F40F0DC80E10708D57D4A296A68
:103EC000D2F8883023F003030B43C2F88830A207EE
:103ED00008D5784A696AD2F8883023F00C030B437E
:103EE000C2F88830630708D5724AA96AD2F88830C8
:103EF00023F030030B43C2F88830A70608D56D4A7B
:103F0000E96AD2F8883023F440630B43C2F8883062
:103F1000A00508D5674AE96BD2F8883023F440231E
:103F20000B43C2F88830610508D5624A296CD2F883
:103F3000883023F440130B43C2F88830620608D55A
:103F40005C4A296BD2F8883023F440530B43C2F803
:103F50008830230608D5574A696BD2F8883023F495
:103F600040430B43C2F88830E70508D5514AA96B96
:103F7000D2F8883023F440330B43C2F88830200352
:103F800023D4374661030FD54A4AE96CD2F888300A
:103F900023F040630B43B1F1006FC2F8883000F0AA
:103FA0008380B1F1806F77D03E4662044DD43046B5
:103FB000230408D53F4A696DD2F8883023F0804346
:103FC0000B43C2F8883003B0F0BD3A4AA96CD2F86E
:103FD000883023F040630B43B1F1006FC2F88830A2
:103FE0004CD0B1F1806FCCD10121281DFCF76EFBC4
:103FF00007460028C5D0C5E76F6CB7F5000F11D094
:10400000B7F5400F13D0002F3DD0012600E79A6D81
:1040100042F080529A659B6D03F080530193019B9F
:104020000127FDE6234AD36843F48033D360214A55
:10403000D2F8883023F440033B43C2F88830E6E6E8
:104040000326002F3FF438AF12E01A492A6DD1F849
:10405000883023F040531343B2F1805FC1F88830B9
:10406000A5D10221281DFCF731FB00289FD09FE736
:10407000104A936D23F0805393651DE7D36843F492
:104080008013D3607DE73946281DFCF71FFB0646E9
:1040900000287FF4BDAECAE70121281DFCF716FBFE
:1040A0000646002880D080E7D36843F48013D360AD
:1040B0007AE700BF00100240007000408800002036
:1040C0002DE9F043A3B0764C2C220021684606F07F
:1040D00063FC744A94F8AD000023C4E92323C4E9C7
:1040E0002733C4E929331F2140F2E733C4E92513FC
:1040F000002846D0022384F8AD30D368DB066AD5A9
:1041000094F8AC300125AB4284F8AD5037D0D4F8E8
:104110008C3084F8AC504FF00209CA27532684F83B
:10412000AD905F625E62FDF7C7FCD4F88C3008BBCF
:104130009A6818609A6822F480229A609A689A6055
:10414000FDF7FCFCD4F88C304FF0FF08C3F8248056
:1041500090B984F8AD5084F8AD905F625E6284F8E7
:10416000AC50FDF7A9FC00286BD0D4F88C30C3F814
:10417000248001E0FF225A62002384F8AC30FFF76C
:10418000F9FC00F0FF0154220CA884F8AC104FF4A5
:10419000007606F001FC4FF400330BA80B93219638
:1041A000FFF72EFE05460028E9D13F4AD2F89030AD
:1041B00043F400430146C2F89030032002F0E8F9CE
:1041C0003A4F08233B602920294602F0E1F97E603E
:1041D000D4F88C208EE7CA21532351625362FDF735
:1041E0006BFCC8B9D4E923329968D4F89C0021F457
:1041F000E00121F0400199600243D4F8A4009968DD
:1042000002430A43D4F898109A6019611A69D4F8E5
:10421000941042EA01421A61FDF790FCD4F88C3008
:10422000002838D1D96CD4F8A820D4F8A00021F007
:104230000301D964D96C02430A43FF21DA6459624D
:104240005EE7D4F88C3042F201125A60FDF776FC3A
:10425000D4F88C200346C2F8248000288CD14FF477
:1042600080726846CDE90333CDE9073384F8AD5059
:1042700084F8AC30ADF800308DF80230019305932E
:104280008DF824500A92FDF781FC00287FF477AF67
:1042900023B0BDE8F083FF225A62FFF76BFC00BF3A
:1042A00088000020002800400010024000E100E0EB
:1042B000F0B4C56F202D4CD10C4601B112B90120CC
:1042C000F0BC7047194600252123C0F88450C3670D
:1042D00083682B4FA0F85020B3F5805FD7F8846037
:1042E000A0F8522038D0B0F85220036892B2B2B190
:1042F000DA69120604D44A1C1DD1DA691206FCD50B
:104300000CB314F8012B1A85B0F85220013A92B27E
:10431000A0F85220B0F8522092B2002AE8D1DA690F
:10432000520604D44C1C1DD1DA695106FCD5202359
:10433000C3670020C4E7D7F88420921B914219D3A9
:10434000C1B11A68D4E735F8022BC2F308021A8506
:10435000DAE70220F0BC70470369002BC3D1254681
:104360001C46C0E7D7F88420921B914202D309B1C2
:104370001A68D4E72023C367F0BC0320704700BF4E
:1043800088000020026852E8003F23F4907342E85E
:1043900000310029F7D102F1080353E8003F23F070
:1043A000010302F1080C4CE800310029F3D1036E3F
:1043B000012B06D000232022C0F8802083660366EC
:1043C000704752E8003F23F0100342E80031002913
:1043D000F0D052E8003F23F0100342E800310029FA
:1043E000EFD1E7E770B5AE4CD4F83052EB692A68EC
:1043F000A96840F60F00034240F08780980602D576
:10440000960600F1F380D4F89002012816D0D80265
:1044100002D5490200F1F4801E0605D4590602D5E2
:10442000530600F1258170BD1006F7D5D4F89C32F3
:10443000002BF8D0BDE870409A481847DE06E6D554
:10444000D006E4D510232B62AB68B4F888225B0653
:1044500040F14281D4F8A43219684B689BB2002B1A
:1044600000F09681934280F09381A4F88A320B6821
:104470009E0644D455E8003F23F4807345E800329B
:104480004AB1D4F8302252E8003F23F4807342E866
:1044900000310029F5D1D4F8302202F1080353E8A5
:1044A000003F23F00103083242E800310029F2D135
:1044B000D4F8302202F1080353E8003F23F0400310
:1044C000083242E800310029F2D12023C4F8B0328A
:1044D000C4F89012D4F8302252E8003F23F01003C1
:1044E00042E800310029F5D1D4F8A43293F8252010
:1044F000022A00F054810422DA6383F82410022394
:10450000C4F89432B4F88A3270BD11F0010640F05C
:104510009E80654802423FF476AFD8070FD5D1059B
:1045200040F1D68001212962D4F8B41241F0010192
:10453000C4F8B41299076BD5002E40F08C80580750
:104540007DD51E0700F1C1801E050AD5500108D592
:104550004FF400612962D4F8B41241F02001C4F88C
:10456000B412D4F8B41200293FF45DAF990602D515
:10457000920600F1A080D4F8B422AB6802F02802C1
:1045800003F04003134300F000814648FFF7FAFEB2
:10459000AB685B067FF547AF05F1080353E8003FC2
:1045A00023F0400305F1080141E8003262B1D4F87C
:1045B000302202F1080353E8003F23F040030832A1
:1045C00042E800310029F2D1D4F8A40200283FF4D7
:1045D0002AAF90F82530354A8263022B00F0BB8069
:1045E0000423BDE87040C363FCF710B9D4F89832D7
:1045F000002B3FF418AF04F50C70BDE8704018476D
:104600004FF480132B6270BDD1058BD4980722D450
:10461000590714D5002E94D004212962D4F8B4127D
:10462000180741F00201C4F8B4128DD5082129629F
:10463000D4F8B41241F00801C4F8B41284E71907A1
:1046400082D502F0200131433FF47EAFEEE7D80778
:10465000DAD499072CD502212962D4F8B4125E0766
:1046600041F00401C4F8B412D6D41907DED46BE7C4
:1046700055E8003F23F0400345E800324AB1D4F842
:10468000302252E8003F23F0400342E80031002985
:10469000F5D120220023C4F8AC22C4F89C3270BDAE
:1046A00088000020B8020020200100040D08000846
:1046B0005E07B1D4D9E7D4F89832002B3FF45BAF52
:1046C00042489847D4F8305255E79006AED43BE7BD
:1046D00098073FF534AF9BE7B4F88A12B4F88A32F2
:1046E0009BB289B2002B3FF49EAE91423FF49BAE49
:1046F00055E8003F23F4907345E800324AB1D4F8FE
:10470000302252E8003F23F4907342E80031002940
:10471000F5D1D4F8302202F1080353E8003F23F02A
:104720000103083242E800310029F2D12023C4F805
:10473000B032C4F89812C4F89012D4F8302252E87B
:10474000003F23F0100342E800310029F5D1022395
:10475000C4F8943270BD0268436C116821F00E01F8
:104760001160116821F0010111600124026C03F055
:104770001C0304FA03F35360002380F8254080F8FB
:104780002430BDE87040FCF741B8C4F8B43270BDC5
:1047900093427FF448AE0B689D06D8D470BD1A686A
:1047A0001D6C106820F00E001060106820F00100F1
:1047B00010605A6C012002F01C0200FA02F26A60DA
:1047C00083F8250083F8241099E600BFB802002082
:1047D0002DE9F041174F1D467B6913B1BDE8F0414B
:1047E0001847FB684FEA4208002AF7D08F1EA8F14D
:1047F000020406468E460C443A4632F802CF9CFA32
:104800009CFCA242A2F800C0F7D142467146304655
:1048100098470DB9BDE8F08137F8023F5BBAA7426F
:104820003B80F7D037F8023F5BBAA7423B80F3D119
:10483000F0E700BF8800002000B583B041F4A0413C
:10484000012394464FEA124EADF80010ADF8023045
:10485000042200236946ADF804E0ADF806C0FFF776
:10486000B7FF03B05DF804FB2DE9F04FA5B0044697
:10487000FBF7A6FC10B925B0BDE8F08FDFF8048186
:10488000A56898F88830012B05D9D8F81030374A38
:104890003749022098477822364906A806F088FF53
:1048A000D8F81430344A0492002B55D004AF0222B9
:1048B000394628469847DFF8D0A00DF1180B00269E
:1048C000BBF80440BBF80690A144A14532DD039734
:1048D00005E0624698470134A4B2A14529DD44F4BD
:1048E000405C0399ADF810C0012328460322ADF8BF
:1048F0001260ADF81460FFF76BFFDBF80830BDF80D
:1049000014C021462846002BE3D198F88820184986
:10491000012A2B4652464FF00200DCD9DBF800702A
:10492000CDE9007C0134D8F81070A4B2B847A14595
:10493000D5DC039F0BF10C0B24AB9B45C0D198F841
:104940008830012B97D9D8F810300C4A084902203A
:1049500025B0BDE8F04F1847094B049304AFD8F8D1
:104960000C300422394628469847A4E7B40C0108C5
:104970006C0401089CCD0008D5100100040D01084D
:1049800010D5000188000020F00C010810B50E4C75
:104990008C461146228803F1020EB2EB4E0F06D26E
:1049A00023690A4A0A49BDE8104000201847013B24
:1049B0004CF4A04C4B802EF00042A1F800C0BDE8A2
:1049C0001040002304E700BF88000020400D0108CC
:1049D000600D0108F0B583B043F21C020092012380
:1049E0000E460024032269460746ADF80440FFF74F
:1049F000EFFEBDF8043013F4006517D141F21B043B
:104A00002B46694638460222009446F40066FFF7BA
:104A1000DFFE38462B4669460222ADF80040ADF86D
:104A20000260FFF7D5FE012003B0F0BD044B054A3C
:104A30001D69054920463B46A847204603B0F0BD06
:104A400088000020740D0108A40D0108F0B50129AB
:104A500083B00546144621D0022909D01B4B1C4ABD
:104A60001C691C4903460020A047002003B0F0BD8C
:104A700043F2460384270026ADF800302846012380
:104A800003226946ADF80260ADF80460FFF7A0FEAE
:104A9000BDF8040030B164B90120E7E743F24503F3
:104AA0008327E8E7094B0C4A1C690A492B46A047B3
:104AB000DBE747F480573346694628460222ADF8C3
:104AC0000070ADF80260FFF783FEE5E78800002084
:104AD000BC0D0108A40D0108D80D0108F0B501298D
:104AE00085B00646154631D0022924D143F232035F
:104AF00001240027ADF808300322012302A9304623
:104B0000ADF80A70ADF80C70FFF762FEBDF80C301E
:104B10006B8003F00702012A2A8027D013F00600D9
:104B200018D11649164A0C6916490096A047002468
:104B3000204605B0F0BD114B134A1C6911490346CC
:104B40000020A0474FF440530024D2E743F2330340
:104B50000C46CEE7023A012AEAD9084A00961469BF
:104B600008490A4A3846A0472F80E0E70349084A27
:104B70000C69044900963846A047D8E78800002011
:104B80000C0E0108A40D0108BC0D0108700E0108EF
:104B90003C0E010810B582B001AA01210446FFF7BE
:104BA0009DFF002201212046FFF750FFBDF8043091
:104BB000022B08D00549064A0C6906490020A04787
:104BC000002002B010BD012002B010BD88000020FE
:104BD000A40E0108EC0E01082DE9F04383B01D4638
:104BE00043F440534FF00008BDF82840ADF80030C2
:104BF0008946164669460123032245F48055074637
:104C0000ADF80280ADF80480FFF7E2FDADF800508A
:104C1000BDF9045004FA09F46C4004EA0602554058
:104C20004346694638460222ADF80250FFF7D0FDF0
:104C300003B0BDE8F08300BF30B583B0002529463E
:104C400000957B23FF220446FFF7C6FF0121009158
:104C500020468B230222FFF7BFFF8B238022009583
:104C600007212046FFF7B8FF03B030BD70B582B012
:104C700043F2370200230092ADF8043003220123EF
:104C800069460546FFF7A4FDBDF8043013F0C00FD8
:104C900019D143F21C020123009200246946032229
:104CA0002846ADF80440FFF793FDBDF804301B051E
:104CB00015D50E4B0E4A1E690E4920462B46B047AD
:104CC000204602B070BD094B93F88820002AE0D03E
:104CD0001C69094A07492B460120A047D9E7284605
:104CE000FFF7AAFF012002B070BD00BF88000020BE
:104CF000380F0108A40D01080C0F01082DE9F04F31
:104D0000264C87B00026CDE90466B4F800808946B9
:104D1000002B3DD04FEA5808CDE90102A8F1040864
:104D20000D461F464FF4004BB246039325E0029B0D
:104D3000A5F800B033446B80631EAB80A5F806A0D5
:104D40006200002105F1080005F026FE29460198C1
:104D50000123221DFFF73CFD04AA134603CA264483
:104D60006960286009EB460559F81600696803C3B5
:104D7000039B9E42A7EB04070AD2B845444628BFCE
:104D80003C46B845D3D200E0013CE307FCD4CEE773
:104D900009F1080007B0BDE8F08F00BF88000020CF
:104DA0002DE9F04F9846174BDFF85CB01F8883B0B1
:104DB000043A043F52087F0897420C9E01908946AE
:104DC00028BF174601F1040A0025741BBC4228BF06
:104DD0003C4645EA0B02631E08EB4501A9F800209A
:104DE000A9F802306200504606F0E2FC2544019822
:104DF0000023A21C4946FFF7EBFCAE42E5D803B006
:104E0000BDE8F08F8800002000C0FFFF2DE9F04FC3
:104E1000ADF6240DDFF87CA2029008910392069370
:104E20004FF0020B974B4FF480541D469C6201F0EB
:104E3000FDFBAC6101F0FAFB029B5BB9DAF81030C4
:104E4000914A924900209847BBF1010F32D04FF0B0
:104E5000010BE7E71B688E4A9342EFD1039B002BBF
:104E6000F2D0DDF8089099F80D30D9F808400A2BF7
:104E700014D8DFE813F025007804F2037103F3027D
:104E8000DD012501B1007B000B0025002046FFF766
:104E900081FE002840F0AC85029B5B7B7D4E7E4A04
:104EA00034697E490020A047029A0023BBF1010F1C
:104EB0005373CCD1002630460DF6240DBDE8F08F9B
:104EC0004CAEEC220021304605F066FD714B049398
:104ED000D3F8B030DFED725ADFED726A059307EE5A
:104EE000903AF8EE677AB6EE006A85EEA77AF4EEAD
:104EF000E67A37EE067AF1EE10FABCEEC77A17EED4
:104F0000103A9DB200F3AC849FED677AF4EEC77A55
:104F1000F1EE10FA00F1A484A5F110039BB2EF2B7F
:104F200040F2CF849FED617ADFED616A049E77EEF7
:104F3000877A37EE877ABCEEC77AB8EE477A37EED3
:104F4000C77AFCEEE77A27EE267A17EE904AFCEE57
:104F5000C77A17EE907ACDE90047564B3469564A26
:104F600056490020A047029B5B7B98E72046FFF74D
:104F700011FE002890D00399602300222046FFF7FD
:104F8000BDFE0DF5C3730DF5AB7200210546FCF7B0
:104F9000C3FB002880D028466EAB62AA0DF5DD71F8
:104FA000FCF7BAFB00283FF477AF204640F27C4183
:104FB000FFF710FD00283FF46FAF092589F80D5069
:104FC00001F010FB00283FF43FAFD9F80030304A21
:104FD00093427FF433AF46E72046FFF7DBFD00281E
:104FE0003FF45AAF4CAE1023039900222046FFF73E
:104FF00085FEB6F88A3003F01F08C3F3441E9B0AEF
:105000000746203B00250493BB1C099508F1300896
:105010000EF1300E0795AC46284605930CE0079B31
:105020009A42604640F2CD849C46ABB20792099307
:105030000135082D00F09D84059A37F9253032F9A5
:105040002520049908FB03F302FB01F1002BB8BFF4
:105050003F33002902FB0EF2B8BF1F319B11002A1B
:1050600003EB6113B8BF3F321BB242F38F1203FB55
:1050700003F302FB02328242DAD96245CFD81046EE
:10508000D6E700BF00040048B4030108CC030108C0
:105090000EB0371388000020A80F0108CC0F0108BC
:1050A000F902154F8096984C8096984BBD3706357F
:1050B0000024744954170108680F0108940F01086F
:1050C0002046FFF767FD0D9000283FF4E5AE524BF8
:1050D000524A0493D3F8B030BDF81012A2FB032358
:1050E0009A0901FB02F24FF44073079203990022E0
:1050F0002046FFF703FE88AB4CAE0C9005930DF5F0
:105100000778871C0DF61C05B7F9001037F9020C5B
:10511000FBF7C4FE48F8040F454507F10407F3D137
:105120000DF1D00820220021404605F035FC3C4B13
:105130000993079B0E9403EB4303DB000A93059B43
:105140000F9603F15C054FF6FF734FF0000E33AA84
:105150000B932B467446754616461F46A7F15C0016
:10516000FCF7B0FA4FF0000CA7F1600050F8043FD4
:10517000026E8742A3EB02039C44F7D1BCF1000FFF
:10518000C0F2E18340F694534FEA9C1003FB00F019
:10519000079B400D03FB00F00A9B03EB102070609F
:1051A0001DB13368834240F2F98456F8043F099AEE
:1051B000A3F16673A3F54A33203B002BB8BF5B42D3
:1051C000934202D20D9C09930B95691C8DB2082D58
:1051D00007F1C007C2D1A646DDE90E46BEF1000FB9
:1051E00000F0DC840B9B738400930E4B0E49372236
:1051F00083F8242020460D4A0C2301F0C1FA2046F2
:1052000040F21741FFF7E6FB002840F07D85029B46
:10521000049E5B7B43E600BF88000020D34D6210F4
:1052200040420F000000002030EC000814CE0008BF
:105230002046FFF7AFFC00283FF42EAE4FF440733A
:1052400000220399BE4DBF4E2046FFF757FD00F5E3
:10525000C06213AB0A9200220492CDE90C4388AAE3
:1052600005921CAACDE90EB907930DF1D0080B9257
:105270004BAF81460B9CCB46BBF902103BF9040BAC
:10528000FBF70CFE44F8040B4445F5D133AA144651
:10529000CB460992BBF96210BBF96000FBF7FEFD3B
:1052A00044F8040FBC420BF1040BF3D1DDE9041305
:1052B000099A58180DF16C0E002152F8043F5EF85F
:1052C000044F1B1BAB4240F3F982A3F5C9237E3B7D
:1052D000AB42FADC002BB8BF5B429942B8BF19461B
:1052E000BA4240F8043BE8D1079B491043F8041F39
:1052F0000793049B603304930A9B09F1C009994505
:10530000B8D1DDE90C43DDE90EB9002108460A46B3
:1053100053F8045F8542C8BF114602F10102C8BFBD
:105320002846082AF4D114AB0DF1CF0253F82150CE
:10533000059B01EB410103EB41110DF1E70051F831
:10534000043BAB42ACBF0023012302F8013F904273
:105350001376F4D100200123024618F8011F6AB920
:1053600081B118F8011C69B91A4601200133302BAC
:105370003FF492AD18F8011F002AF1D0002900F087
:10538000D28201300133302BE7D1A0F10C03082B7E
:105390003FF682AD02EB5002172A02D9183A172ABB
:1053A000FCD892B2910089B201F13005ADB25F2D07
:1053B000ADF8382140F25584634BA3FB05239B09CC
:1053C00003EB4303A5EB431300270D46B84699B200
:1053D00001265E4A009121235D49204601F0D0F963
:1053E0005A4A5B4900952223204601F0C9F903255A
:1053F000564A574900960123204601F0C1F9534A05
:10540000534900950223204601F0BAF94F4A50490A
:10541000CDF800802B46204601F0B2F94B4A4C49AA
:1054200000970423204601F0ABF9484A484900960A
:105430000523204601F0A4F90023454900932046A6
:10544000424A062301F09CF9204640F2ED31FFF775
:10545000C1FA00283FF420AD0625AFE52046FFF74E
:1054600099FB00283FF418AD0399002250232046F1
:10547000FFF744FC0DF59D72871E3021CDF810B06A
:105480000A948C4638469346CDF814903149CDF8AD
:105490001CC0002447F6FF7605464FF6E473A64687
:1054A000A1460F46B046CDF824B009E0B24204F15F
:1054B0000104BCBFDE4616460833082C9BB21CD044
:1054C00035F9022F0FFA83FB5CB135F802CCA2EB61
:1054D0000C0C0FFA8CFCE045A8BFE0466745B8BF4E
:1054E0006746002AE2DA8A4204F10104C4BFD946C1
:1054F00011460833082C9BB2E2D1A7F51C57103F88
:10550000BFB244F620639F42DDF81CC0DDF824B032
:1055100011D8B8F1000F0ED111F5004F47F6FF7307
:1055200000F045839E4200F0EA85AEEB090EBEF125
:10553000080F00F01E86DDE904B30293ACE400BF5F
:105540003F240300C1DBFCFFABAAAAAA14CE0008CB
:1055500030EC00080080FFFF2046FFF71BFB00280F
:105560003FF49AAC0399002220232046FFF7C6FBA4
:10557000B0F9002006460746012115460020944652
:1055800037F9022F02F54873A3EB0C039BB2B3F576
:10559000C86F3FF681ACAA42A8BF084601F10101DD
:1055A000A8BF15462029EAD1072840F260831728B2
:1055B000A0F1070340F2D985D3F1200240F05A83CD
:1055C00088AB05930DF1D00805984146FBF7F6FC32
:1055D00000283FF461AC98ED006AB5EE406AF1EE48
:1055E00010FA3FF459AC98ED017AB5EE407AF1EE3D
:1055F00010FA3FF451ACD8ED026AF1EE666AC6EEDD
:10560000877AF5EEC07AF1EE10FAFFF645ACB1EE0E
:10561000477AC7EE066AF5EEC06AF1EE10FA7FF53A
:105620003BACB7EE007A77EE877AFCEEE77A17EEBE
:10563000903A9AB23F2AC3F34E033FF62DAC83F063
:105640001003204640F21531ADF83631FFF7C2F9AC
:1056500000283FF421AC0425B0E42046FFF79AFA75
:10566000079000283FF418AC0399412300222046FC
:10567000FFF744FB0023028C05920146A0F1020CC7
:10568000984604934FF6FF7E5A1E02FB02F2C2EBCD
:10569000C202500000F51676C83A3CF9020F002B02
:1056A00000F047813CF9027C00F57A75C01B9042FE
:1056B000FFF6F2ABB0423FF7EFAB85EAE572A2EB43
:1056C000E57292B2724506D24FEA83089646079A6F
:1056D00004921FFA88F80133102BD5D1049A002ABE
:1056E0003FF4DAAB88F03000B1F88020B1F82280C6
:1056F0000990A2EB0802B2F5FA6F4CAEB080FFF64B
:10570000CBABB1480A961204A0FB0202520900205A
:105710002031079205464FF6FF77A64631F8022F53
:10572000059EA2EB060CBCF1000FB8BFCCF1000C3B
:105730001FFA8CFCBC4508EB104438BF674604F5E3
:10574000487C38BF1D46944503F1010602F54872B6
:1057500080F0BE83079AB3B2402B10443FF49CAB59
:1057600000220492DAE72046FFF714FA00283FF4FB
:1057700093AB88AA154643F2320300262946889344
:10578000032201232046ADF82462FFF721F8039994
:10579000AD88122332462046FFF7B0FA0146B0F832
:1057A00000C047883346304604314FF6FF7645FA4D
:1057B00003F2D2070AD531F81320D21B002AB8BF52
:1057C000524292B2964284BF98B216460133102BD1
:1057D000EDD1431E0D2B3FF65FAB00F10043013BC3
:1057E00001EB430631F81320738841F28731D21A56
:1057F0008A427FF751AB4FF6FF7295423FF44CABB4
:10580000B2889B1A8B427FF747AB40F2E51303FB4C
:105810000CF31B0CA3F5897313F1140F1AB2C0F229
:10582000FC852C2A40F3F6854F2ACCBF04230323A2
:1058300066490090ADF83201ADF854312046644A13
:10584000ADF830C1252300F09BFF204640F2332104
:10585000FFF7C0F800283FF41FAB0225FFF7AEBBEF
:105860009FED5C7ADFED5C6A049E5C4B5C4A5D49AF
:1058700077EE877AA84637EE877A0020BCEEC77AA3
:10588000B8EE477A37EEC77AFCEEE77A27EE267A4B
:10589000CDED007A17EE904AFCEEC77ACDED017A95
:1058A000356917EE907AA847A8F11005EF2D3FF65D
:1058B00052ABFFF758BB03F5C9237E33B342FADB83
:1058C00008E577EEC77ADFED486A9FED487A67EE24
:1058D000A67A3F2D77EE877AFCEEE77A17EE902ACC
:1058E000A6F8E82040F2B7810123BF2DA6F8E230E8
:1058F00096BFA5F14003EB08C3F3CF03A6F8E4304D
:1059000005F00703A6F8E630049FA6F8E05020460D
:105910003D88FFF7ABF9002840F03183029B3E46FB
:105920005B7BFFF7BCBA0B283FF62FAD08460A4653
:105930001CE500F57A73002BB8BF5B429BB2734540
:1059400010D30123A0E6CCF1000040F69453800967
:1059500003FB00F0079B400D03FB00F00A9BA3EB49
:1059600010201CE49E46079B04934FF0000801237F
:105970008AE6079BB0EB530FBFF48EAA099B3384D2
:10598000134A1249009320460B2300F0F9FE00232E
:105990000F4A0E4900932046092300F0F1FE7E23B2
:1059A0000A49009320460A4A0A2300F0E9FE2046ED
:1059B00040F25341FFF70EF800287FF4FFAAFFF7EB
:1059C0006BBA9446FFF734BBABAAAAAA30EC000826
:1059D00014CE0008BD370635002474495417010859
:1059E000680F0108940F0108E8385BB500007C429D
:1059F00003994FF49C6300222046FFF77FF914AB14
:105A000000931CAB059334AB00251F4688AB1A46A8
:105A10000493019512AB90218146129514951C9523
:105A20003495FBF70DFF00283FF436AADDE9046347
:105A3000019500973246F02109F59070FBF700FFC1
:105A400000283FF429AA12AB0093019514993A68F3
:105A50009A4B9B4C521A02FB03F304FB01F11B0C03
:105A6000C3EB5133129904FB01F104FB02F2490B21
:105A70004CA8CDE97B3207907D9111AB324640F2C4
:105A80001F1109F20230FBF7DBFE00283FF404AAE5
:105A9000059B019314AB0093049A10AB4FF49071E3
:105AA00009F5A860FBF7CCFE00283FF4F5A9CDE985
:105AB0000057049A2B4609F5F0604FF49071FBF7FC
:105AC000BFFE00283FF4E8A9109B059A11981268C0
:105AD000129E1499B846C01A04FB03FCD8F8003093
:105AE000079F9B1A04FB02FE764A00FB02F2120C8F
:105AF000C2EB5C32C7F8C820734A891B01FB02F273
:105B000004FB06F6120CC2EB5632C7F8D0206F4ADF
:105B100004FB00F004FB01F103FB04F402FB03F3BC
:105B20001B0CC3EB5E33C7F8D4106949C7F8CC002F
:105B3000C7F8D830C7F8DC400DF22F100DF21B2645
:105B40004FF0FF3310F8012F0824534043F30002B5
:105B50000A40013C82EA5303F8D18642F2D1029D09
:105B6000DFF89091DB43C7F8EC304FF4805A0A23FA
:105B70006B73C9F828A000F059FDC9F818A000F00F
:105B800055FD544B2A689A4200F0D981524B534A32
:105B90001B69534920469847FFF78CB9514B049E27
:105BA000372283F82420029B5B7BFFF778B99E4263
:105BB0003FF4C1ACBEF1000FC0F29682BEF11F0FE0
:105BC0003FF7B9AC1FFA8EFE464B2BF802EF83F875
:105BD00015C00CF1010C5FFA8CFCBCF13A0F00F11E
:105BE00010007FF453AC0A9C069A0399802300931B
:105BF00020463D4BDDE904B9FFF7D2F8BDF83C0182
:105C00003A4A3B49BDF8365100900723204600F040
:105C1000B7FD364A364900950823204600F0B0FD0E
:105C20000323324A324900932046092300F0A8FD9D
:105C300006232F49009320462C4A0A2300F0A0FD9A
:105C4000204640F2D631FEF7C5FE00283FF424A9D5
:105C50000525FFF7B3B92F2D88BF2B46A6F8E430F2
:105C600052E603274FF001080026FFF7B2BB00F110
:105C70000802002388A9D01806EB4000059106EB26
:105C8000430607EE903A36F9025BF8EE677AB042C7
:105C9000C1ED027A07EE905AF8EEE77A03FB03F5BE
:105CA000C1ED007A07EE905AF8EE677A03F101032E
:105CB000C1ED017A01F10C01E3D183E4A82A0400CB
:105CC000AA0A010054150200A64A07004E750B00EF
:105CD0002083B8ED0EB0371388000020B40301080C
:105CE000CC0301080000002054CF000814CE0008A7
:105CF00030EC0008000400480000404200008042F0
:105D00000000004200007C420C9B1FED057AF7EE7C
:105D1000007A1C4603F1C00503F5D8674646A5F195
:105D2000C0030020B3F9022002FB02F1B3F9002006
:105D3000043302FB0212AB421044F3D106EE900A88
:105D4000B8EEE66A03F1C005C6EE076AAF42B1EEEF
:105D5000E66AC7EE866AE6EC016AE0D10C9F5FED69
:105D6000191A5FED190A1FED191A60376EAE1CA9DA
:105D700008F12005059B40462246B2F900C0F0EC30
:105D8000016A07EE10CAB8EEC77AB2F902C027EE70
:105D9000267AA84267EE077A02F1C002C3ED007AC4
:105DA00007EE90CAF8EEE77A32F960CC67EEA67A91
:105DB00003F10C0327EE277A67EEA77A03ED027A48
:105DC00007EE10CAB8EEC77A43ED017A27EE267ABD
:105DD00032F95ECC67EE077AC3ED157A07EE90CA0A
:105DE000F8EEE77A67EEA67A27EE277A67EEA77ACB
:105DF00083ED167AC3ED177ABFD10598079110226B
:105E0000FBF7DCF8079900283FF401AAD1ED006AFE
:105E100091ED017AF1EEE67AB1EE006A66EE866AFD
:105E200091ED026A67EE075A66EE866AB6EE006A80
:105E300076EEE56AF6EE085AB1EEE64AC6EE276A55
:105E400077EEE57A26EE877A67EEA17A66EE846AC7
:105E5000F7EE004A77EE867A37EE247A76EEE56A38
:105E6000B3EE0F5A27EE207A66EEA16AF4EEC57AF9
:105E7000F1EE10FA37EE067A76EE866A00F32481A8
:105E8000F5EEC07AF1EE10FA00F17181FCEEE77ADE
:105E900017EE903A1BB2B4EEC17AF1EE10FA40F36D
:105EA00005816FEA83536FEA9353F3EE0F7AF4EEB2
:105EB000E76AF1EE10FA40F3EB8043F478730434B0
:105EC000BC4226F8023F7FF455AF0725FFF776B8AE
:105ED000A242FFF43FAC079AB3B2402B10447FF4C8
:105EE0001DAC049B0A9E7446002B3EF4D5AF0123E3
:105EF000758188AA00934FF47E5370460399ADF8DC
:105F000020321346069AFEF74BFFB84AB84900956F
:105F10002623204600F034FC099BB5490093204617
:105F2000B24A242300F02CFC204640F2C621FEF7A2
:105F300051FD00283EF4B0AF0325FFF73FB8AD494F
:105F40000DF22F104FF0FF3210F8013F08245A4095
:105F500042F300030B40013C83EA5202F8D186422F
:105F6000F2D1D7F8EC30D243934200F0AF80A24B8D
:105F7000A24A1B69A24920469847FEF79BBF069B91
:105F80000A944FEA530C6D08AC4528BFAC46039BFE
:105F9000CDF82490ACF1020C2CF0010C04330593E5
:105FA0001FFA8CF340F64C3707934FF00008654614
:105FB000079CC8F534630C339D4288BF3C464FEACA
:105FC000580960084FEA89010CD0894B1944039B9A
:105FD00003EB800051F8042BDA80120C9A80043312
:105FE0009842F7D1B6F8E23001931C23009305984C
:105FF0007E4B22464146FAF7B7FE28B9099B029329
:10600000049E5B7BFEF74BBFB6F8E43001931A2386
:1060100000930598754B22464146FAF7A5FE0028E5
:10602000ECD0B6F8E63001931B23009305986F4B34
:1060300022464146FAF798FE0028DFD0B6F8E8304D
:106040000193192300930598684B22464146FAF7BD
:106050008BFE0028D2D02346039A0A984946FEF7C1
:1060600095FC079B9844FF1A1FFA88F840F64B33BB
:106070009845BFB29CD9DDE909944FF4AE71204632
:10608000FEF7A8FC00283FF4C2A80125FEF796BF42
:10609000F5EEC06AF1EE10FA3FF511AFFCEEE66ADC
:1060A00016EE902A43EA42131BB208E7B5EEC07A17
:1060B000F1EE10FA3FF5F9AEBCEEC77A17EE102AF2
:1060C00043EA82231BB2F0E61F23E4E6089A1AB1E2
:1060D0004C4B12689A4214D0474B4B4A1B694B49B0
:1060E00000209847FEF7E6BECEF1000E1FFA8EFEA6
:1060F000BEF11F0F3FF61FAA4EF0200E64E5CE46FC
:1061000058E50499029D089EA8688C8043F21C0300
:1061100089460B600322012304360796FEF758FBDD
:10612000B9F804A00AF4006ABAF1000F14BF012301
:1061300000232B7370D0D5F80890D5F810B00498D0
:106140004FF4E272002104F027FC3C22002140467B
:1061500004F022FC9BF8C541A4B1274B2C4A1B69D3
:106160002C4900209847FEF7A5BE0F2282E50023A8
:1061700091E6761ACB0093FBF6F3A9EB03030FFA33
:1061800083FE17E512AB00930798DDE90423394637
:10619000FBF7DEFD00283EF48DAE089B059893F8D2
:1061A0005F2012A94346FAF779FC064600283EF420
:1061B00081AE029AB8F812309380B8F81630D380C6
:1061C000049914AB11AA5846FBF730FCBDF85020D7
:1061D000BDF844309A4280F09080079A04985B465C
:1061E0003946FDF767F8FEF766BE00BF14CE00081B
:1061F00030EC00082083B8ED88000020E00F010893
:10620000CC0301080FB0371394030108AC03010855
:10621000F40F0108340401080499029D8C8043F2B4
:1062200031030B600322A86801238946FEF7D0FAE8
:106230002E7BB9F80420002E40F0E68002994AF641
:10624000C0439A42D1F80890D1F810B03FF477AF2C
:106250002146049C4FF4E272204604F09DFB14ABEF
:1062600000930798059B22463946FBF771FD0028ED
:106270003EF421AE089B059893F85F2014A943468D
:10628000FAF70CFC00283EF416AE029AB8F8123069
:10629000694D9380B8F81630D38048462C88FEF7B5
:1062A000E5FC18B3069A630854089C4228BF1C46B4
:1062B000039B023C043324F00104029352460299EA
:1062C0000498129412ABFBF763F84FEA5A01A24408
:1062D000129B039A80461FFA8AFA4846FEF756FB3D
:1062E000BAF51E6F3FD2B8F1000FE7D12B69534AC0
:1062F000534900209847FEF7DEBD43F2370314935D
:106300000322012314A94846ADF85440FEF760FA71
:10631000BDF8543013F0C00310D1ADF8543043F23F
:10632000310314930322012314A94846FEF750FABF
:10633000BDF854204AF6C0439A4228D1049914ABC0
:1063400011AA5846FBF772FBBDF84480BDF850A077
:10635000D0452AD93B4B1493484614A90023022266
:10636000FEF736FA39E7B8F1000FBFD08023069A5E
:10637000039900934846344BFEF712FD079A0498A0
:106380005B463946FCF796FF4646FEF794BD2A4B1E
:1063900093F88820002A3EF48DAD1C692B4A2C49C5
:1063A0004B460120A047FEF785BD2349069B0C887C
:1063B0005A086408944228BF14460AF10202039B5B
:1063C000023CA2EB080224F0010492B2944203F1D1
:1063D000040328BF1446029304E0A0441FFA88F87F
:1063E000D0451DD802990498149414AB4246FAF78C
:1063F000CFFF05460028F0D0149B039A4FEA5801BE
:106400004846FEF7C3FAE8E7029BD3F80890D3F8B2
:1064100010B094E60223FFF70BBA0123FFF708BA86
:10642000084B1493484614A900230222FEF7D0F922
:10643000002D3EF43FADD0E688000020701001082A
:10644000340401088010010054CF00083410010802
:106450005810010870B506680546F46931EA04046D
:1064600005D0581C05D1F36931EA0303FBD10020A4
:1064700070BD16480068801A834219D3C3B13068D2
:106480004407EAD58029E8D04029E6D0F46914F021
:1064900008040FD1F0690005DFD54FF400633362C3
:1064A0002846FDF76FFF2023C5F8843085F8784033
:1064B000032070BD082428463462FDF763FF0023E3
:1064C00085F878300120C5F8844070BD0C010020AB
:1064D0002A4A03460068904270B43BD8284A294CA7
:1064E00014210244B2FBF1F29200022183F825103C
:1064F00001689D689E691C6421F4FF4C59695A64C7
:106500002CF0700C294341EA0C01314341F0800129
:10651000B5F5804F016014D0596802F01C020F20BD
:1065200090409140174A94426FEA00001AD0D2F886
:10653000A8442040C2F8A804D2F8A8040143C2F835
:10654000A81400200122D86383F8240083F82520B2
:1065500070BC70470C4A0D4C02441421B2FBF1F29E
:106560009200C2E7D4F8A8200240C4F8A820D4F8CA
:10657000A8201143C4F8A810E3E700BF07040240B5
:10658000F8FFFDBF00000240F8FBFDBF0004024021
:10659000134BDB68C3F30223C3F1070C1A1DBCF1D4
:1065A000040F28BF4FF0040C062A88BFDA1E4FF0F4
:1065B000FF3303FA0CF398BF002221EA0303934050
:1065C0001B01421CDBB206D000F1604000F56140C7
:1065D00080F800337047024A82F82330704700BFCA
:1065E00000ED00E00F49104A086813691B0704D545
:1065F0000D4B1869C0F3C00070470B681B1AB3F548
:106600007A7FF5D272B613691B0700D430BF62B629
:10661000BFF36F8F13691B07EFD5034B1869C0F3E6
:10662000C00070470C0100200004004870B5504CB9
:10663000504A94F820300021012B11707FD023683C
:10664000022184F82110CA2159620120532184F8C3
:1066500020005962996821F480619960D968C9B2B3
:1066600061F49061D960D96849066AD51F215961E2
:106670009968414821F0070141F0030199600168E0
:1066800041F480110160816841F480118160996852
:1066900041F480419960996841F480619960FF20DC
:1066A0000121586284F821101178002384F82030E9
:1066B00000295AD172B6BFF34F8FBFF36F8F137893
:1066C00003B930BF62B6BFF34F8FBFF36F8F13783C
:1066D000002BEFD094F820300021012B11702ED028
:1066E0002168264D0220CA2384F8210001224B6232
:1066F00053234B6284F820208B6823F480638B60E3
:106700008B6823F480438B60286804E02A68121A9F
:10671000B2F57A7F0CD8CB6813F00403F6D0FF20D3
:1067200001230022486284F8202084F8213070BDC3
:10673000FF200322486284F8203084F82120FDF7EE
:1067400019FA0E4D2E68D96811F004018ED128680F
:10675000801BB0F57A7FF6D9FF200322586284F8B7
:10676000212084F82010FDF705FA1370B8E700BF68
:10677000140100203C010020000401400C01002015
:106780002DE9F04F02EBC30787B07B88DDF840901E
:10679000EBB18246884600264D467B6853F826407A
:1067A000C4F30170012815D002282ED020BBC4F3F9
:1067B0004459012303FA09F39D422FD32E4A2F494E
:1067C00016692F4A013BCDE90053A3B2B04707B089
:1067D000BDE8F08FA3B2194658F8232022F00F022B
:1067E00015B1C4F3034422435046FEF725F87B88D5
:1067F00001369E42D1D3EAE71F4B224A1B691F494B
:10680000002007B0BDE8F04F1847A3B2194658F86A
:10681000232022F00F02002DE6D1E2E71FFA84FBCD
:106820004FF00103ADF80E304BF42043ADF81000EB
:10683000CDF81200ADF80C3003A950460123052213
:10684000FDF7C6FFC9F12009BDF81220BDF81430CC
:106850004FF0FF30C4F3044420FA09F0A04043EAAB
:10686000024323EA000305FA04F4594643EA04020A
:106870005046FDF7E1FFBAE788000020F80501085F
:10688000C8180108001901082DE9F04F89B00493D8
:10689000002900F0898002F003077D1EC2F3001377
:1068A0000295DFF8B0B1694C059302F4403500233E
:1068B0004FF0010803959246019708FA03FC1CEA81
:1068C00001066DD0029F5A0003259540012F6FEA03
:1068D00005056CD9019F032F40F0AC80D0F800C0B3
:1068E000019F0CEA050C07FA02F242EA0C02026070
:1068F000039A002A54D0DBF8602042F00102CBF862
:106900006020DBF8602002F001020792079A23F072
:10691000030202F1804202F5803203F0030CD2F848
:1069200008E04FEA8C0C0F2505FA0CF5B0F1904FFA
:106930002EEA050E11D0464DA84277D005F58065A8
:10694000A84275D005F58065A8426DD005F5806533
:10695000A84214BF0725042500E0002505FA0CF520
:1069600045EA0E059560A268F5431AF4801F0CBF36
:106970002A403243A260E2681AF4001F0CBF2A408A
:106980003243E26062681AF4003F0CBF2A4032438F
:10699000626022681AF4803F0CBF2A4032432260B2
:1069A000013331FA03F288D109B0BDE8F08FD0F895
:1069B0000890129F09EA050907FA02FE4EEA090E3D
:1069C000C0F808E0D0F804E0059F2EEA0C0E07FAA4
:1069D00003FC4CEA0E0CC0F804C0049FD0F80CE095
:1069E00007FA02FC019F0EEA050E4CEA0E0C022F7C
:1069F000C0F80CC07FF472AF4FEAD30900EB8909ED
:106A000003F0070CD9F820704FEA8C0C4FF00F0EF2
:106A10000EFA0CFE27EA0E0E139F07FA0CFC4CEA46
:106A20000E0CC9F820C059E7032597E7012595E723
:106A3000022593E7D0F80CE0049F0EEA050E07FA52
:106A400002FC4CEA0E0CC0F80CC047E70004014001
:106A500000040048001002402DE9F041C16F0568B4
:106A60009EB0044600295FD025682423E3672A6886
:106A7000636A22F001022A60002B40F0BB80D4E957
:106A80000402A368296803431343E0699A4A034355
:106A90000A4013432B606B68E26823F440531343AE
:106AA000964A6B609542A369AA6800F0E980216A62
:106AB00022F430620B431343914AAB6095421BD0E2
:106AC000904B9D4240F00D8103F5E633D3F88830BA
:106AD00003F00C030C2B00F20781DFE813F0DA015E
:106AE0000501050105016C010501050105012501EF
:106AF0000501050105015C01834BD3F8883003F0E3
:106B00000303022B00F01081032B00F04481012BC2
:106B100000F05181B0F5004F00F0C481FDF75CF941
:106B2000002800F0128104E180F878105C2207A8A8
:106B300003F032FF724B9D4200F0B981714B9D42D0
:106B400092D1022707A80797FDF75AF905460028B2
:106B500040F0D9816C4B6D4E9A6D42F400329A65CB
:106B60009A6D02F400320492049ADA6C42F0010247
:106B7000DA64DB6C03F00103039307220323CDE9FE
:106B80000032039903463A460F214FF09040FFF739
:106B90007BFE4FF080085E4B33603046C6E90175DE
:106BA000C6E90358C6E90555C6E90755FFF790FC45
:106BB0000346002840F0A781564D6667C5E90338B3
:106BC000C5E90533C5E907331022534BB4622846A3
:106BD0006F60AA602B60FFF77BFC0146002840F045
:106BE000928125672620AC62FFF7D2FC4B4B4022F6
:106BF0005A6039E71E0705D56A68616B22F40042C6
:106C00000A436A60D80705D56A68A16A22F400328F
:106C10000A436A60990705D56A68E16A22F48032FE
:106C20000A436A605A0705D56A68216B22F48022FC
:106C30000A436A60DF0605D5AA68A16B22F4805278
:106C40000A43AA609E0605D5AA68E16B22F40052A9
:106C50000A43AA60580609D56A68216C22F480129A
:106C60000A43B1F5801F6A6000F00C8119067FF5B8
:106C700006AF6B68A26C23F4002313436B60FEE63F
:106C800022F4306213432049AB60D1F8883003F41A
:106C90004063B3F5006F00F0F38000F2EA80002B50
:106CA00000F02B81FDF732F800284ED0626802EB2D
:106CB0004203834218D8B0EB023F15D85108002395
:106CC0000F464FF480761946E0FB0671384600F017
:106CD000E3FA134BA0F540729A4205D8074BD860EF
:106CE00033E0104B9D425CD00023C4E91A330120ED
:106CF0001EB0BDE8F08100BFF369FFEF00800040E7
:106D0000003801400044004000100240D001002043
:106D10006C000240180200208000024000E100E008
:106D2000FFFC0F0000480040B0F5004F794800F02C
:106D30008B80636800EB5300B0FBF3F04FF6EF730A
:106D4000A0F110029A42CFD8E8606A687249002325
:106D500022F49042C4E91A336A60AA6822F02A0237
:106D6000AA602A6842F001022A60C4F884300E68E2
:106D70002B681A0727D42B685B073ED400232022F8
:106D8000E26784F87830C4F880201846236663668A
:106D9000AEE7302BA8D1B0F5004F55D04FF40040EE
:106DA000C7E75E4BD3F8883003F03003202BBBD00D
:106DB000EFD8002B6DD0B0F5004F41D0FCF7A6FF07
:106DC0000028C2D0B5E76FF07E4332464FF4001181
:106DD0002046FFF73FFB0028CDD0236853E8002F63
:106DE00022F0800243E800210029F7D12023E36745
:106DF000002384F8783003207AE76FF07E43324630
:106E00004FF480012046FFF725FB0028B6D0236809
:106E100053E8002F22F4907243E800210029F7D1B3
:106E200003F1080252E8002F22F0010203F10800EA
:106E300040E800210029F3D12023C4F88030D7E7AF
:106E4000FCF764FF002880D06268530803EB40031E
:106E50004FF6EF71B3FBF2F3A3F110028A423FF653
:106E600043AF23F00F0292B2C3F342031343EB602C
:106E70006BE7B3F5406F7FF437AF4FF4004015E791
:106E8000244813E76A68616C22F4C0020A436A600E
:106E9000ECE6B0F5004F38D0FCF78AFF00283FF44D
:106EA00054AF46E7FCF798FF0028CDD14DE701230A
:106EB00007A80793FCF7A4FF034620BB174A116EEF
:106EC00041F480411166116E01F4804106910699EA
:106ED000D16C41F00101D164D26C072002F00102B3
:106EE000032105920190009102224FF4C0614FF0FE
:106EF0009040059DFFF7C8FCB6E5FCF759FF002858
:106F00003FF423AFD2E6FCF735FEFCF751FF002833
:106F10009AD11AE70024F4000C010020001002406E
:106F200081F0004102E000BF83F0004330B54FEA3A
:106F300041044FEA430594EA050F08BF90EA020FA7
:106F40001FBF54EA000C55EA020C7FEA645C7FEA3A
:106F5000655C00F0E2804FEA5454D4EB5555B8BF5D
:106F60006D420CDD2C4480EA020281EA030382EACE
:106F7000000083EA010180EA020281EA0303362D60
:106F800088BF30BD11F0004F4FEA01314FF4801C33
:106F90004CEA113102D0404261EB410113F0004F45
:106FA0004FEA03334CEA133302D0524263EB4303FC
:106FB00094EA050F00F0A780A4F10104D5F1200E9A
:106FC0000DDB02FA0EFC22FA05F2801841F10001F5
:106FD00003FA0EF2801843FA05F359410EE0A5F1C9
:106FE00020050EF1200E012A03FA0EFC28BF4CF0FA
:106FF000020C43FA05F3C01851EBE37101F00045B0
:1070000007D54FF0000EDCF1000C7EEB00006EEBBC
:107010000101B1F5801F1BD3B1F5001F0CD3490846
:107020005FEA30004FEA3C0C04F101044FEA44529D
:1070300012F5800F80F09A80BCF1004F08BF5FEA24
:10704000500C50F1000041EB045141EA050130BD04
:107050005FEA4C0C404141EB0101013C28BFB1F516
:10706000801FE9D291F0000F04BF01460020B1FA61
:1070700081F308BF2033A3F10B03B3F120020CDA34
:107080000C3208DD02F1140CC2F10C0201FA0CF012
:1070900021FA02F10CE002F11402D8BFC2F1200C77
:1070A00001FA02F120FA0CFCDCBF41EA0C0190402D
:1070B000E41AA2BF01EB0451294330BD6FEA040476
:1070C0001F3C1CDA0C340EDC04F11404C4F1200261
:1070D00020FA04F001FA02F340EA030021FA04F373
:1070E00045EA030130BDC4F10C04C4F1200220FACA
:1070F00002F001FA04F340EA0300294630BD21FA08
:1071000004F0294630BD94F0000F83F4801306BFCD
:1071100081F480110134013D4EE77FEA645C18BFC1
:107120007FEA655C29D094EA050F08BF90EA020F58
:1071300005D054EA000C04BF1946104630BD91EA50
:10714000030F1EBF0021002030BD5FEA545C05D153
:107150004000494128BF41F0004130BD14F5800492
:107160003CBF01F5801130BD01F0004545F0FE4106
:1071700041F470014FF0000030BD7FEA645C1ABF3B
:10718000194610467FEA655C1CBF0B46024650EA72
:10719000013406BF52EA033591EA030F41F400219E
:1071A00030BD00BF90F0000F04BF0021704730B524
:1071B0004FF4806404F132044FF000054FF00001F9
:1071C00050E700BF90F0000F04BF0021704730B5BA
:1071D0004FF4806404F1320410F0004548BF40428F
:1071E0004FF000013EE700BF42004FEAE2014FEAE4
:1071F00031014FEA02701FBF12F07F4393F07F4FBF
:1072000081F06051704732F07F4208BF704793F0C1
:107210007F4F04BF41F40021704730B54FF46074D4
:1072200001F0004521F000411CE700BF50EA0102D7
:1072300008BF704730B54FF000050AE050EA010280
:1072400008BF704730B511F0004502D5404261EBF0
:1072500041014FF4806404F132045FEA915C3FF431
:10726000D8AE4FF003025FEADC0C18BF03325FEACE
:10727000DC0C18BF033202EBDC02C2F1200300FA7F
:1072800003FC20FA02F001FA03FE40EA0E0021FAA4
:1072900002F11444BDE600BF53B94AB9002908BF42
:1072A00000281CBF4FF0FF314FF0FF3000F036B91F
:1072B000ADF1080C6DE904CE03F0E6F9DDF804E069
:1072C000DDE9022304B0704770B54FF0FF0C4CF4B9
:1072D000E06C1CEA11541DBF1CEA135594EA0C0F14
:1072E00095EA0C0F00F0DEF82C4481EA030621EA4F
:1072F0004C5123EA4C5350EA013518BF52EA03358A
:1073000041F4801143F4801338D0A0FB02CE4FF03B
:107310000005E1FB02E506F00042E0FB03E54FF06B
:107320000006E1FB03569CF0000F18BF4EF0010E63
:10733000A4F1FF04B6F5007F64F5407404D25FEA5F
:107340004E0E6D4146EB060642EAC62141EA555112
:107350004FEAC52040EA5E504FEACE2EB4F1FD0C54
:1073600088BFBCF5E06F1ED8BEF1004F08BF5FEAD2
:10737000500E50F1000041EB045170BD06F0004684
:1073800046EA010140EA020081EA0301B4EB5C0431
:10739000C2BFD4EB0C0541EA045170BD41F4801129
:1073A0004FF0000E013C00F3AB8014F1360FDEBF4E
:1073B000002001F0004170BDC4F10004203C35DA2A
:1073C0000C341BDC04F11404C4F1200500FA05F3AD
:1073D00020FA04F001FA05F240EA020001F000424E
:1073E00021F0004110EBD37021FA04F642EB0601C4
:1073F0005EEA430E08BF20EAD37070BDC4F10C04EE
:10740000C4F1200500FA04F320FA05F001FA04F2B1
:1074100040EA020001F0004110EBD37041F100019D
:107420005EEA430E08BF20EAD37070BDC4F12005A8
:1074300000FA05F24EEA020E20FA04F301FA05F210
:1074400043EA020321FA04F001F0004121FA04F2B8
:1074500020EA020000EBD3705EEA430E08BF20EA88
:10746000D37070BD94F0000F0FD101F000464000C2
:1074700041EB010111F4801F08BF013CF7D041EA44
:10748000060195F0000F18BF704703F00046520048
:1074900043EB030313F4801F08BF013DF7D043EA19
:1074A0000603704794EA0C0F0CEA135518BF95EACF
:1074B0000C0F0CD050EA410618BF52EA4306D1D156
:1074C00081EA030101F000414FF0000070BD50EA75
:1074D000410606BF1046194652EA430619D094EAFF
:1074E0000C0F02D150EA013613D195EA0C0F05D1E9
:1074F00052EA03361CBF104619460AD181EA03013D
:1075000001F0004141F0FE4141F470014FF00000F4
:1075100070BD41F0FE4141F4780170BD704700BF7D
:107520004A0011D212F5001211D20DD56FF4787302
:10753000B3EB62520ED44FEAC12343F0004343EA57
:10754000505323FA02F070474FF00000704750EAA2
:10755000013002D14FF0FF3070474FF0000070470C
:1075600001F0FF01102A2BDB10F0070F08D010F8F4
:10757000013B013A8B422DD010F0070F42B3F6D1F8
:10758000F0B441EA012141EA014122F007047FF011
:1075900000070023F0E80256083C85EA010586EA68
:1075A000010685FA47F5A3FA87F586FA47F6A5FAA4
:1075B00087F68EB9EED1F0BC01F0FF0102F00702B0
:1075C00032B110F8013B013A83EA010313B1F8D15B
:1075D0000020704701387047002D06BF354603383C
:1075E000073815F0010F07D1013015F4807F02BF75
:1075F000013015F4C03F0130F0BC0138704700BFC6
:10760000034613F8012B002AFBD1181A01387047E2
:107610000348044B834202D0034B03B11847704721
:107620008800002088000020000000000548064B6C
:107630001B1AD90F01EBA301491002D0034B03B170
:1076400018477047880000208800002000000000D4
:1076500010B5064C237843B9FFF7DAFF044B13B19A
:107660000448AFF300800123237010BDC80300203D
:107670000000000028C4000808B5054B1BB10549EF
:107680000548AFF30080BDE80840FFF7CFBF00BF5B
:1076900000000000CC03002028C400087649774B86
:1076A000CA682DE980484FF6FF0002401343CBB073
:1076B0000F20CB60FCF76AF8002848D070490B68AF
:1076C00003F4C063B3F5007F1ED00B686D4A6E48AB
:1076D00023F4C06343F400730B6013684A693224D7
:1076E00004FB03F35405B3FBF0F303F1010306D5E8
:1076F00000E023B14A69500503F1FF33F9D4604B30
:107700005B69590500F14985604A9368D26803F0C6
:107710000C03042B33D00C2B2DD05C495C4C0A6835
:10772000039442F480720A60D4F8840005E0D4F82F
:107730008420121A022A00F230850A685205F6D512
:107740004A6822F0F85242F080524A6021E04F4BE2
:107750001A6E42F001021A661A6E02F001021F92BE
:107760001F9A9A6D42F080529A659B6D03F0805388
:107770001E931E9BA2E702F00302022ACDD14349C9
:10778000434A03920A684A6822F0F85242F0805253
:107790004A603E49039CD1F8942042F00102C1F8AE
:1077A0009420D4F8840005E0D4F88420121A022A28
:1077B00000F2F384D1F894209707F5D5CA6802F057
:1077C0000300022801F0F2840C2B00F0E6842F4B1A
:1077D0001A68560100F1E1841A6822F080721A607A
:1077E000039AD2F8841006E0039AD2F88420521A41
:1077F000022A00F2D2841A689501F5D4D868254986
:10780000254A01400A43DA601A68204942F0807232
:107810001A60DA6842F08072DA60039BD3F8842041
:1078200006E0039BD3F884309B1A022B00F2B58448
:107830000B689C01F5D5194B1A6852070BD41A68CE
:1078400022F0070242F004021A601B6803F00703EB
:10785000042B40F0A2840D4A936813689B0140F109
:107860009C849368039C43F003039360D4F88410D2
:1078700041F288301AE000BF00ED00E00003FA0595
:10788000007000400000002040420F000010024045
:10789000880000208C809D01020A003800200240F0
:1078A000D4F884305B1A834200F27784936803F043
:1078B0000C030C2BF4D1936813F0F00F03D09368F2
:1078C00023F0F0039360CB4A136803F00703042B03
:1078D0000BD9136823F0070343F004031360136804
:1078E00003F00703042B40F05884C34EDFF85CA379
:1078F000B36823F4E063B360B36823F46053B36008
:10790000FCF704FAB368BD4AC3F30313534493F876
:10791000143C03F01F0320FA03F350681360FBF7D5
:1079200035FF0546002840F03884FBF7B7FEB36CFE
:1079300043F00103B364B36C03F001031D932946C4
:107940000C201D9BFEF724FEAD4F4FF480533B608F
:107950000D202946FEF71CFE4FF400533B6010201B
:107960002946FEF715FE4FF480333B60112029466F
:10797000FEF70EFE4FF400333B60039CA14BC4F8AE
:1079800030324FF4E133C4F834320C23C4E990535D
:107990009D48C4F854524FF44073C4E98E55C4E96D
:1079A0009355C4F84832FFF757F8002840F0F583A4
:1079B000964B23624FF4827363624FF47063C4E9A1
:1079C0000A034FF4007394F87D20A3630723E36454
:1079D0000823C4E90C00C4E90F00C4E91100C4E99C
:1079E000140302F0FF05002A00F0E1830399874B9E
:1079F000874C022581F87D501A6822F040021A60F7
:107A00004FF441721A6040F608725A600126002253
:107A1000C1F8802081F87D60C1E97962C1E97B22EB
:107A2000C1E97D22A3F5584391F81922C1F8D83154
:107A3000A423C1E9774302F0FF01002A00F0328459
:107A400003982422D0F8D83180F819221968D0F888
:107A5000DC2121F0010122F0706219601A619A683C
:107A6000D0F8E41122F4004201299A60D0F8E02114
:107A700000F0958342F4044202299A6040F0928318
:107A80005A6842F400625A605968039C41F00071E0
:107A900041F40041D4F8E8215960D96821F400414B
:107AA000D960D4F8EC110A43D4F8F01142EA01226B
:107AB000D4F8F411DA60D4F8F8210A431A6019688E
:107AC00041F00101196000222021C4F81C2284F831
:107AD0001912C4F8082284F81A2294F819122029DD
:107AE000CDB240F05A8394F81812012900F0558362
:107AF000242084F81902196821F00101196019681D
:107B000021F48051196019681960196841F0010168
:107B1000196084F8195294F8191284F8182220294F
:107B2000CDB240F03A8384F819021968394821F03F
:107B300001011960196821F470611960196841F038
:107B400001011960344BC4F8B8324FF461210C23A1
:107B5000C4E9AF12C4E9B122C4E9B422C4E9B6222F
:107B600084F8195284F81822C4F8CC32FEF774FF56
:107B7000002840F01283FCF7A3FA284D2849294831
:107B8000294E03F0C3FE294BC4F8B030022284F81A
:107B900088200FCD0FC695E8030086E80300142067
:107BA00003F024FE8146002800F0BD8320495022C6
:107BB0006C20FBF7C5FF0646002800F0C9831D4B6B
:107BC00040F8043B05F10801682203F0F1FDC9F813
:107BD00010604846FBF7BAFA4846FBF7B7FA164872
:107BE0009FED168ADFED16AA164E174D03F07CFEA8
:107BF0002EE000BF002002400010024000000020E4
:107C000000E100E000440040B802002000300140E4
:107C1000E49CD1104003002000380140BCD0000893
:107C200064D000089C1001088800002000366E0116
:107C3000AC0301080FB03713E4100108BD37063557
:107C400000247449EC0C01085417010840C40008D2
:107C500099ED009ABE48B5EEC09AF1EE10FABFEE6B
:107C600000AAB7EE00BA54BFB0EE4B7AB0EE4A7A33
:107C7000F0EE487A49EE077A4CBF31462946BCEE11
:107C8000E77AF8EE476A17EE102A77EEE67A67EEA3
:107C9000AA7AFCEEE77A17EE903A03F037FED9EDB8
:107CA000019AAC48F5EEC09AF1EE10FA54BFB0EE6E
:107CB0004B7AB0EE4A7AF0EE487A49EE877A4CBFBA
:107CC00031462946BCEEE77AF8EE476A17EE102AED
:107CD00077EEE67A67EEAA7AFCEEE77A17EE903A4C
:107CE00003F014FED9ED028A9B48F5EEC08AF1EE4E
:107CF00010FA58BFB0EE4BAA08EE8A8A4CBF314644
:107D00002946BCEEC87AF8EE477A17EE102A38EE0C
:107D1000678A68EE2A7AFCEEE77A17EE903A03F06B
:107D2000F5FDB9F80C308D480B93194603F0EEFDC4
:107D3000B9F80E308A480D93194603F0E7FDD9F8DB
:107D4000103004931846F8F723FA002800F0A081B9
:107D5000039A92F88830012B40F2A580049B1769A2
:107D600093ED150A7F4A8049B5EEC00AF1EE10FA8C
:107D700047BFF1EE406A3346F0EE406A2B46F8F713
:107D8000EDFADFED7A7A019076EEA76A0220FCEE3A
:107D9000E66ACDED006AB847039A92F88830012B65
:107DA00040F28180049B156993ED160A704A6E4972
:107DB000B5EEC00AF1EE10FA4BBF6E4B6E4BF1EE12
:107DC000406AF0EE406AF8F7C9FADFED687A019090
:107DD00076EEA76A0220FCEEE66ACDED006AA847BF
:107DE000039C94F88830012B5DD9049E2569B6F870
:107DF0005C30624A5C490220A84794F88830012B25
:107E000051D996F85E3004965D4F5E4E25695E4A04
:107E10005549002B0CBF3B4633460220A84794F837
:107E20008830012B3FD9049B256993F85F30574A6E
:107E30004D49002B0CBF3B4633460220A84794F81F
:107E40008830012B2FD9049E514A96F8633025695A
:107E50004549022B96BF0AEB83034E4BD3F8FC3CFB
:107E60000220A847039A92F88830012B1BD9049B63
:107E7000156993F86430484A3B49022B96BF0AEBD8
:107E80008303444BD3F8FC3C0220A847039A92F8A2
:107E90008830012B07D9049B156993F862303F4A5B
:107EA00031490220A847049B93F86230002B00F070
:107EB000EF800027DFF8FCB02B4E049D039CCDF82B
:107EC0001490B84694F88820012A40F2D88043469E
:107ED00027695A4631460220B84794F88830012B6A
:107EE00040F2CA806B6827692D4A31460220B847A4
:107EF00094F88830012B40F2BF802B892769294AEA
:107F000031460220B84794F88830012B40F2B48003
:107F10006B892769244A31460220B84794F8883093
:107F2000012B40F2A980AB892769204A3146022003
:107F3000B84794F88830012B40F29E80AB7B2769CC
:107F40001B4A31460220B84794F8883034E000BF1D
:107F5000F81001081C110108401101086411010802
:107F6000801101089C110108AC030108BD370635DA
:107F7000B4110108EC0C010854170108CC110108D8
:107F80008C10010884100108E41101080012010896
:107F90001812010894100108341201085012010847
:107FA0007412010898120108BC120108E0120108BD
:107FB0000413010864120108012B5DD9EB7BDFF883
:107FC000B092A74A2769002B08BF4A46134631469C
:107FD000A44A0220B84794F88830012B4CD92B7C56
:107FE0009F4A2769002B08BF4A46134631469E4ADE
:107FF0000220B84794F88830012B3DD96B7C984A11
:108000002769002B08BF4A4613463146974A02208B
:10801000B84794F88830012B2ED9A97C904A944B0C
:108020002769002918BF13460220924A3146B847F3
:1080300094F88830012B1FD92B7D27698E4A013B8C
:10804000DBB2042B96BF0AEB83038C4BD3F8083DBD
:1080500031460220B84794F88830012B0CD9EB7CCC
:108060002769874A052B96BF0AEB8303834BD3F816
:108070001C3D31460220B847049B93F8623008F15A
:108080000108984505F11405FFF41CAFDDF81490C4
:108090004846FBF7FFFB002800F038810C2003F076
:1080A000A5FB0A90002800F03181049C2046F8F7D7
:1080B0006FF8034608B1B4F85C300D9D0A9CAB42E2
:1080C00038BF2B4698000023636003F08FFB834684
:1080D000A06018B1A80003F089FB2060049C204632
:1080E000F8F756F800284CD0664967221020FBF7B5
:1080F00027FD0690002844D0634B036094F862503B
:10810000624938221020002D00F01781B4F85C502D
:10811000FBF716FD5D4907463922FC20FBF710FDF1
:108120000646002D00F0C48158493E226020FBF72E
:1081300007FD01258046002F00F00D81002E00F084
:108140000A811DB1B8F1000F00F00581049BC6F84B
:10815000988004333E6033A918461B93FAF7D8FF82
:10816000002840F00281039B494A1B694749984710
:108170003846F8F761FC069A002353601046F8F77A
:1081800027FC444803F0B0FB00220A9BCDF8009086
:1081900011461046FBF7F4F8FEE7FBF7EBFC42F460
:1081A00000429A605A6822F400625A606CE4039CB0
:1081B00084F87C50336E43F480533366336E03F49B
:1081C00080532193219BF36C43F00103F364F36C20
:1081D00003F00103209305220323CDE90032209907
:1081E0002B464FF090400222E021FEF74DFBC4E900
:1081F0003055C4E93555284D284B4FF001094FF053
:1082000080084FF480774FF480662846C4E92E3901
:10821000C4E93287C4F8D060FEF75AF90028BCD10F
:108220001F4BC4F8186105F14806C4E94700A5676B
:10823000C4F80C01983DC4F8003130461023C4E95D
:108240004487C4F80491C4F8E050C4F80831FEF73C
:108250003FF90028A1D16667C4F82851FFF7C6BBD3
:1082600084100108281301084C1301087013010839
:108270008C10010894130108B81301089410010828
:10828000DC130108080401080DB0371300140108BD
:10829000101401088C140108400100201C00024049
:1082A00030000240039B582234A883F8181202F0D1
:1082B00073FB802333A83393FBF7A2FD0746002806
:1082C0007FF46BAF3346A54EA548F26C2A43F264A7
:1082D000F26C2A402392239A0421032201910092F6
:1082E0004FF440611222FEF7CFFAB36D43F48003DE
:1082F000B365B36D03F48003229339462120229B9A
:10830000FEF746F9974B5D60FFF79ABB964803F07E
:10831000EBFA934B4FF480529A62FEF787F9484686
:10832000F9F700FD38E7914803F0DEFA8C4B4FF483
:1083300080529A62FEF77AF92EE7FBF701FC8C492E
:1083400007463922FC20FBF7FBFBA8460646F2E66F
:10835000C9F8100040E43846F7F772FF3046F7F7E7
:108360006FFF4046F7F76CFF05E7BDF8E050BDF83A
:10837000EC30D6F898A02B449AB2BDF8E2301092B7
:10838000A6F89E2006F1F8025B00C6F8842006F1EC
:10839000F402C6F8E830C6F88820002306F1F60299
:1083A000C6F89430A6F89C30C6F88C2006F1F0038D
:1083B00006F1F70235877362C6F89020BAF1000F14
:1083C00009D006F1EC02CAF8182006F1F502CAF845
:1083D0002430CAF85C20C6F8D830109BA6F8E430E8
:1083E000069BC6F8DC30049B0DF1F60093F862E0C2
:1083F00024A9002205E030F8023F5B0821F8023B87
:108400000132D3B27345F6D3BDF8E830BDF8EA20A7
:1084100016922B449BB21593049BB3F85C300593E2
:108420001A46002B00F04C82BDF8EE30B3FBF2F39D
:108430000793BDF8E630BDF8E420DDF8CE10BDF8B6
:10844000D200A6F87A002B44A6F87E30494B33645C
:10845000494B7364494BB36403232A4486F8743050
:108460000F23C6F87610A6F87C20A6F88030BAF163
:10847000000F00F08E860020359A1A92CDE92C006C
:10848000369A1992CDE92E00CDE93000BDF8DC20F6
:1084900017922DAB1C460DF1EE02C1B28E4509D9E3
:1084A00032F8021F23F8021F118919810130F4E705
:1084B000A84640E6059B324AAAF83830079BAAF83E
:1084C0003A300C9200232F4A0E9219462E4A0992F6
:1084D000CAE91333CAE915332C4BCAF804300AF140
:1084E00048022B4BCAF8083008922A4BDDF810805E
:1084F000CAF80C300AF13A02CDE91376CDE9119BA6
:108500007546164627468946CDF83CA05FFA89F3A2
:108510009D42189340F2F08037F8024F26F8024F40
:10852000B7F808A01C49A6F808A02F22EC20FBF7FA
:1085300007FB8346002800F0A780184B0364184B04
:108540004364184B836498F814100139042900F22D
:108550007586DFE801F0909329962900001002400B
:108560000004004800E100E068170108BC100108A1
:10857000001401089912000851020008391300087C
:1085800029020008411300083D020008C911000833
:108590003D1200083502000834140108193400089F
:1085A00019140008111400086FF00C00179A98F8BD
:1085B00011C0109BABF87A20059AABF87E20079A81
:1085C000ABF880201919DDE9192489B2BCF1000F3C
:1085D00018BF1446D8F80420ABF87C10CBF87640CE
:1085E0004FEA4A0398F810E08BF874E0CBE92120B9
:1085F000D8F80800CBF8E030B34BCBF8D8300C9B60
:10860000CBF89C300E9BCBF8A030099BCBF8A43064
:108610000F9BCBF8D4300BF1E4035C468BF875C0AC
:10862000CBF88C00ABF89610ABF8DC10CBF824300C
:10863000CBF8D0300023ABF83830ABF894300BF1E6
:108640003C000BF1E803CBF8903044F8980BCBF8E2
:108650003C40F8F7E1FE08F1140809F10104002894
:1086600037D0DBF80000C3689847089B43F804BF85
:10867000A14608934AE76FF00B0097E76FF00600FA
:1086800094E76FF00F0091E7DDE912B7C846149E3A
:10869000DDF84490DDF83CA08C4A8D494346123306
:1086A0000AEB830300255D60039B28461B699847FE
:1086B000189C2CB3013C5FFA84F80AEB8808E4B2FA
:1086C000D8F84C0010B1039B9B689847C8F84C50F1
:1086D000EFE7039C7F4A23697F49DDF83CA05D46B4
:1086E000DDE91376DDF848B0C846DDF844909847D8
:1086F000A36828469847CFE7DDE9119BDDE91376AB
:10870000D6F898A00C9BC6F8A4300E9BC6F8A830EB
:10871000099BC6F8AC30714BC6F8E03006F13C035B
:108720003360BAF1000F00F03C8506F1A003C6F8F3
:108730003CA0CAF8003030688368984728B9039B8A
:10874000644A1B696649984712E53068C3689847D0
:108750000023BB609A46634B7B60634BFB60069BC8
:108760005F60049B554693F862000DF1A6035FFA23
:108770008AF2904227D924AA294632F81A201544B1
:10878000ADB223F8021F0AF1010ABAF1040F1A81EF
:10879000EDD1069B159A9A81169A0498DA81F7F71B
:1087A000F7FC20B11B9833A9FAF7B2FC70B94F4817
:1087B00003F09AF800220A9B0698CDF80090114623
:1087C000FAF7DEFDE8E400210A46DAE7BDF8CC302E
:1087D0000C93184603F00AF80590002864D0444B27
:1087E0004FF480529A61FDF721FF4249372214204D
:1087F000FBF7A6F9064600284AD03F49782240F206
:108800005E20FBF79DF9002800F0678401273B4BB1
:10881000A0F8C47180F8C6714FF0000833604FF4BF
:1088200040533061B760C6F8048086F80D8003229B
:10883000339333A93B463846ADF8D080FBF7C8FFE9
:10884000BDF8D03041F21022934263D0039A2C49F4
:1088500015692C4A4046A8473046F8F7DDF843F240
:108860001C03339338463B4633A90322ADF8D0802E
:10887000FBF7AEFFBDF8D030180509D54646039B7F
:10888000214A1B691B49002098473046F8F7C4F875
:108890001E4803F029F8DDE905200A9BCDF8009079
:1088A0000021FAF76DFD77E4194803F01DF8059AE9
:1088B0000A9B0698CDF800901146FAF761FD6BE42B
:1088C000059B0793B5E500BFE53300086814010870
:1088D000380601084814010834140108F1010008A1
:1088E0000014010819020008390A0008AC14010834
:1088F00000040048CC030108340401080EB037130B
:10890000A40D0108EC1401080C1501082815010834
:10891000D014010843F21C03339338463B4603222C
:1089200033A9ADF8D080FBF753FFBDF8D07017F432
:108930000067A4D1B068FCF77FF9D6F8088003225D
:1089400040F24913009239464046FCF745F940F29F
:1089500049135246022140460097FCF73DF9514623
:1089600040F24913102240460097FCF735F940F2D7
:1089700049132022052140460097FCF72DF9404677
:1089800040F249134FF47F5206210097FCF724F977
:10899000DDE904120C9B3046FCF738FA002800F0A1
:1089A0008C833368A94A934215D0039BA84A1B695C
:1089B000A84900209847A84802F096FF3046FBF7E8
:1089C00053FF0A9B059A0698CDF800903146FAF7B6
:1089D000D7FCFFF7E1BB00230E930793059B9FEDA8
:1089E0009FBA9A1D68EEA88A39EEC99A0F9203F1D0
:1089F00038026A33F0EE49BAB0EE4B8AB0EE689AAC
:108A0000B0EE4BAAAF0010921193F0EE4B8A337B7D
:108A1000002B34D1B0681521FBF7DCFF0028CAD049
:108A200001233373FDF7DEFD002800F03683336841
:108A3000864A934215D0039B854A1B6985490020CD
:108A40009847874802F050FF3046FBF70DFF0A9B1E
:108A5000059A0698CDF800903146FAF791FCFFF799
:108A60009BBBF288B38813440C9AB2EB430F1BD222
:108A7000039B7C4A1B69774900209847E1E73469EA
:108A8000B06894F8C6110122FBF7E0FF94F8C531F5
:108A900083B394F8C631022B0CBF0123022384F860
:108AA000C6310028BED186E7D6F810A0D6F80880D7
:108AB0009AF8C64143F2370E4FF0000C032201230F
:108AC00024A94046CDF890E0ADF894C0FBF780FEB5
:108AD000012CBDF894200FD0022C0CBF8023C023A2
:108AE00013EA02000AD1039B5F4A1C695F494346AF
:108AF000A047A6E70123D2E74023F1E79AF8C61181
:108B000024AA4046FBF7EAFF00289AD0BDF890302F
:108B1000032B0AD0039BBDF892201C695349009295
:108B20004346534A0020A0478BE7BDF89230D6F861
:108B300010A0059AC3F3001313809AF8C43123B12F
:108B40009AF8C631591E4B424B41059A5380BAF8E8
:108B5000C83193800F9A0AF5E5730AF5FD7E1C680B
:108B600058689968D3F80CC0C2F80CC0103373452C
:108B700014605060916002F11002F0D1059ABAF8C9
:108B8000FA31DDF840E0D3860AF5FE740AF50B7879
:108B900020686168A268E368F446ACE80F0010340E
:108BA0004445E646F4D1059ABAF82C32A2F868306A
:108BB000119A0AF22E230AF25E2A1C6858689968F4
:108BC000D3F80CC0C2F80CC0103353451460506089
:108BD000916002F11002F0D1F4883369B06893F823
:108BE000C631B188B4F5005F00F2A381013B18BF24
:108BF00001231A03059B03EB41012346FCF77EF892
:108C0000002800F09C81002C3FF41BAF069B194A02
:108C10001B68934200F03781039B17491B69174A71
:108C2000002098479DF8CE30002B40F019819DF828
:108C3000CC80B8F1000F25D0114802F055FE336802
:108C4000024A93427FF4B1AEE1E600BF0EB03713A3
:108C5000B4030108CC0301087015010800000000EE
:108C600050160108A8150108C015010834040108B0
:108C7000E01501080DB0371308040108EC030108E2
:108C800000170108359C002C00F02881049BC14A84
:108C90001B68934200F05A81039BBF491B69BF4A7E
:108CA000404698474146002D00F09F804FF0000855
:108CB000CDE912963A462E460BEB810A40460F4606
:108CC000254683B20793002F00F0C780DFEDC37AFB
:108CD00005EB8003B0EE677A0024B3F9001006EECE
:108CE000901AB3F90210F8EEE66A013437EE267AEC
:108CF00006EE901AF8EEE66ABC4277EEA67A1344C6
:108D0000EBD107EE887ADDF81C9008902C46B0EE87
:108D100047BAF1EE67AA09925D4604EB8901B1F901
:108D2000023007EE103A34F92930B8EEC77A07EE70
:108D3000903A67EE086AF8EEE77A27EE2A6A77EE4D
:108D4000A67A6BEE070A2BEE270A67EEAA6A30EEC8
:108D5000460A70EEA60AF4EE400AF1EE10FA80F12F
:108D60005C8201F069F9A5EC010AB14455451FFA8E
:108D700089F9D2D1012FDDE9080225466DD0DFED5A
:108D8000977A5B46B3EC017A9A4577EE877AF9D108
:108D900007EE107AB8EE476A9FED907AC7EE866AC2
:108DA0005B46F3EC017A77EEE67A534567EEA77AF5
:108DB00037EE277AF5D1C7EE067A0B9BB4EEE79A29
:108DC000F1EE10FAC6BF08F1010C1FFA8CF84FF053
:108DD0000008434540F23581013086427FF471AF8F
:108DE0003546DDF84890139E1746DFED6D7A0A9CF4
:108DF0000D9BE288D4F800C0511C0CEB8202C2ED3E
:108E0000007AA288B1FBF3F0934203FB101188BFF4
:108E100001320A9BE18088BFA2809888B8B163467E
:108E20000CEB80000021B3EC017AF0EEC77AF4EE8F
:108E3000677AF1EE10FA05D60BEB8102013182ED73
:108E4000007A89B29842EED1002940F08380002355
:108E50000793544802F048FDF1E6F0EE4A7AACE799
:108E6000514802F041FD514802F03EFDDDE9041297
:108E70000C9B3046FBF7CAFF002800F03B814C48B2
:108E800002F032FDDBE6069B059C33AA9A605A6825
:108E90001068038F04EB43034361B0F8943004EB94
:108EA0004303C364B0F8963004EB43030365D0F882
:108EB00098304BB1B0F89C1004EB41011961B0F847
:108EC0009E1004EB41015961B0F8E43005995268F5
:108ED00001EB4303C0F8B0309047A3E6079B002B9B
:108EE000B7D0F5EEC08AF1EE10FAF7EE006ADFEDCA
:108EF000317A314B314A0E993148BFEE007A58BF72
:108F0000B0EE667A48EE877A58BF1A46DFED2D6AD2
:108F1000BCEEE77AB8EE476A17EE103A77EEC67AFB
:108F200067EEA67AFCEEE77ACDED007A02F0EEFC71
:108F300085E6039B244A1B69244900209847039B2C
:108F4000234A1B692349002098477AE5049BB3F81C
:108F50005C10A8E60C46012C42D00023013C1A46C6
:108F60000BEB8200D0ED007A90ED017AF4EEC77A37
:108F7000F1EE10FA08DD01320BEB8202D2F800C0EC
:108F8000C0F800C0C2ED007A01339BB2A3421A467A
:108F9000E6D3E0E70FB03713AC03010894030108F0
:108FA0000000C07F5817010868160108AC160108B8
:108FB000D4160108BD37063554170108EC0C01081A
:108FC00034170108002474490C160108600D0108CB
:108FD00024160108340401080000C8420000000003
:108FE0004B080BEB8303CA0793ED00BA07D413EDCC
:108FF000017A3BEE07BAF6EE007A2BEE27BA1FEDA8
:109000000A7A79EECB8A68EE876AC6EEAB7AF4EE1E
:10901000C77AF1EE10FA6ADCF5EEC07AF1EE10FADA
:1090200001D55FED127AB6EE007A77EE877A0123EA
:10903000FCEEE77A0793CDED087A9DF820300E9389
:109040004FE71746049A7F4B1268DDF848909A4222
:109050003546139E47D0039B7B491B697B4A002002
:1090600098470121079B0133A3EB08031FFA83FAFA
:109070000DF1A600002309E030F8024FA24504D309
:109080000289224492B2924544D301335FFA83F8B5
:109090004145F1D8DFED6E7AA9E66E4802F024FC76
:1090A0003046FBF7E1FB0A9B059A0698CDF8009045
:1090B0003146FAF765F9FFF76FB8674802F014FC1C
:1090C0003046FBF7D1FB0A9B059A0698CDF8009035
:1090D0003146FAF755F9FFF75FB830613046F7F7D8
:1090E000AFF8FFF7D5BB049B93F86210BAE7F0EE38
:1090F000477A98E7584802F0F7FB3046FBF7B4FB95
:109100000A9B059A0698CDF800903146FAF738F98F
:10911000FFF742B804994B4A0968914273D0039B08
:109120004A4A1B6948490020984700224146049852
:109130000892F7F725FC039B9FED480AD3F8B0305F
:10914000079307EE903AF8EE67AA804680EE2A0A67
:1091500000F038F9089AAAEB040313FB02839BB2D0
:109160006AEE807AB3EE087A67EE877AF7EE006AE5
:1091700086EEA77A9FED3A6A07EE903A27EE067AD6
:10918000F6EE006AF8EE677A27EE267A67EE277A1F
:109190002DE6344B0C93344B0E93344B0993FFF76D
:1091A000B1BA06F1A003F363FFF7C5BA02F4FE40BB
:1091B000B0F5206F7EF408AB02F07840B0F1605F4C
:1091C0007EF402AB2A4802427EF4FEAA0B689801A4
:1091D0003EF531AB0B68274843F080730B60CB68DA
:1091E00043F08073CB60039BD3F8842006E0039B9D
:1091F000D3F884309B1A022B3EF6CFAF0368990157
:10920000F5D5FEF718BBB8F1040F11D1039B1A4A2C
:109210001B690D490020984787E7F0EE6A1AB0EE07
:109220004B1AF0EE470AB0EE670A01F0A7F898E58E
:109230000499142202FB03135A8977E70020FFF7F1
:10924000B5B900BF0FB03713AC0301089403010890
:10925000000000008C15010844150108F902154FA3
:10926000C2F38E4D29020008411300083D02000898
:109270007000600600100240D40301084FF4005350
:109280004B600020704700BF4FF0FF30704700BFB9
:1092900001207047002070474FF0FF30704700BF3B
:1092A00010B54FF6FF731446024892B2FBF700F870
:1092B000204610BD40030020DFF834D0FAF71CFD33
:1092C0000C480D490D4A002302E0D458C450043321
:1092D000C4188C42F9D30A4A0A4C002301E01360F7
:1092E0000432A242FBD301F033FBFEF7D7F9FEE7CD
:1092F000000001200000002088000020801D0108DF
:109300008800002034050020FEE700000C490D4ACB
:109310000B6810B50C4C121B2BB11844904207D8A7
:109320000860184610BD094B0B6018449042F7D9ED
:1093300001F008FB0C2303604FF0FF33184610BD0B
:10934000E403002000000120001400003805002084
:1093500010EE103A194923F000428A421BD9B2F1AB
:10936000FF4F02D330EE400A704700B583B0684625
:1093700000F018F900F003000128DDED010A9DED71
:10938000000A13D002280BD098B9012000F0C2F8CF
:1093900003B05DF804FBDFED0A0A002000F0BAB864
:1093A000012000F0B7F8B1EE400AF1E700F030F824
:1093B000EEE700F02DF8B1EE400AE9E7D80F493F9B
:1093C0000000000010EE103AC3F3C7527F3A162A8D
:1093D000194615DC002A0CDB0C481041184205D058
:1093E0004FF4800313410B4423EA000300EE103ACC
:1093F0007047013203F00043F8D143F07E53F5E7A4
:10940000802AF3D130EE000A704700BFFFFF7F00D3
:1094100010EE103A23F00043B3F1485F2CD2FDEE7A
:10942000C07A17EE903A002B60D060EE007A9FED84
:10943000317A9FED315ADFED315A9FED316ADFED20
:10944000316AA7EE875A9FED307AE7EE855AA7EE8C
:10945000A56AA7EE867AE7EE876A67EEA66A60EEEF
:10946000C00AB6EE007AE7EEA60AB7EE000AD7EE1B
:10947000870A30EE600A704760EE007A9FED1D7A31
:109480009FED1D5ADFED1D5A9FED1D6ADFED1D6A30
:109490001E4AA7EE875A93429FED1B7AE5EE275AA4
:1094A000A5EEA76AA6EE277AE7EE276A66EEA76A18
:1094B000D5D9174A934214D803F17F4307EE103AE7
:1094C000B7EE006A36EE476A60EEC00AF6EE005A62
:1094D00097EEA57AE7EEA60A37EE607A36EE470AEF
:1094E0007047B6EE076AB5EE027AEDE7B7EE000A0E
:1094F000704700BF4ED747ADF6740F317CF293B47E
:10950000010DD037ABAA2A3D610BB6BA9999993EA5
:109510000000483F10EE103A23F00043B3F1485FDB
:1095200004D2FDEEC07A17EE903A5BB360EE007A9B
:109530009FED157ADFED155A9FED156ADFED156A7F
:10954000E7EE875A9FED147AA5EEA76A20EE275A18
:10955000E6EE276AA6EEA77A30B9DFED106AE7EEED
:10956000876AA6EE850A704727EE457AF6EE006A0E
:10957000A0EEA67ADFED0A6AD7EE270AE5EE260A04
:1095800030EE600A704700BFD3C92E2F342FD7B2F8
:109590001BEF3836010D50B98988083CABAA2ABEAA
:1095A000ABAA2A3E70B510EE103A884A23F0004468
:1095B000944286B0054671D9854A94421E4624D805
:1095C00023F00042002BDFED837A834922F00F0263
:1095D000B0EE407A40F3E0808A4270EE677A09BFCD
:1095E0009FED7E7ADFED7E6ADFED7E6A77EEC77AE9
:1095F00037EEE67A77EEC77A80ED007A77EEE67A94
:10960000C0ED017A012006B070BD774A944252D96C
:10961000B4F1FF4F48D2E215863AA4EBC25307EEED
:10962000903ABDEEE77ADFED716AB8EEC77A77EE71
:10963000C77A8DED037A67EEA67ABDEEE77AB8EECB
:10964000C77A77EEC77A8DED047A67EEA67AF5EEE3
:10965000407AF1EE10FACDED057A40F09880B5EE43
:10966000407AF1EE10FA0CBF012302236049019108
:109670000221009103A8294600F004F9002EC2DA65
:1096800095ED007AD5ED017AB1EE477AF1EE677A81
:1096900085ED007AC5ED017A4042B4E7002285ED00
:1096A000000A42600020AEE770EE407AC0ED017A19
:1096B000C0ED007AF6E700F0DDF89FED4E7A9FED01
:1096C000456AF6EE007AE0EE077A9FED457AFDEE08
:1096D000E77A17EE900AF8EEE76A1F28A6EEC60AA8
:1096E00066EE877AB1EE666A20DC434A411E26F0B8
:1096F000004352F8212023F0FF03934216D030EEAE
:10970000677A30EE470A002E30EE670A85ED007A60
:1097100085ED010ABFF677AFB1EE477AB1EE400AA8
:1097200085ED007A85ED010A40426CE730EE677AFC
:10973000E21517EE103AC3F3C753C3EBD453082B0B
:10974000DFDD9FED267A9FED275AF0EE405AE6EED8
:10975000075A70EE657AE6EE077AD6EE857A35EE30
:10976000E77A17EE103AC3F3C753D21A192A10DD5D
:109770009FED227A9FED225AB0EE650AA6EE070A07
:1097800075EEC07AE6EE077AD6EE857AB7E7032360
:109790006CE7B0EE650AB4E78A4270EE277A09BF3B
:1097A0009FED0E7ADFED0E6ADFED0E6A77EE877AB7
:1097B00037EEA67A77EEC77A80ED007A77EEA67A52
:1097C000C0ED017A4FF0FF301DE700BFD80F493FD1
:1097D000E3CB1640800FC93FD00FC93F0044353757
:1097E0004344353708A3852E800F4943000080434A
:1097F000A819010884F9223F2819010800A3852E21
:1098000032318D2410EE103A184923F000428A427A
:109810001AD9B2F1FF4F02D330EE400A704700B5BB
:1098200083B06846FFF7BEFE00F003000128DDEDBF
:10983000010A9DED000A10D0022809D090B9FFF767
:10984000E7FD03B05DF804FBDFED090AFFF7E0BDBB
:10985000FFF7DEFDB1EE400AF3E7FFF75BFEB1EE86
:10986000400AEEE70120FFF755FEEAE7D80F493F2F
:109870000000000010EE103A23F0004300EE103A12
:10988000704700BF2DE9F04F2DED048BDBB01C4677
:10989000944603930A46CD4B68991CF1040F53F884
:1098A0002160824604F1FF38C0F24982BCF1030313
:1098B00048BF0CF10403DB10029301334FEAC30EDF
:1098C000ACEB0E030593029B16EB0800A3EB080319
:1098D00016D401309FEDBE7A699C18441EA9002B56
:1098E000A4BF54F8235007EE905A03F10103ACBF14
:1098F000F8EEE77AF0EE477A8342E1EC017AEED1B6
:10990000002EC0F2B182039B1EA901EB830446AD79
:109910004FEA83094046F7180AEB8301B8F1000FBC
:10992000DFEDAB7A09DBA3465346F3EC016A3BED6E
:10993000017A8B42E6EE877AF7D10130B842E5EC46
:10994000017A04F10404E9D10DF1280B0BEB860335
:10995000CDE9062E043B9FEDA09ADFED9E8A059887
:1099600004930AEB090446AF0BEB86090096CDF889
:1099700020C05AAB03EB8603002E13ED140A4FEA06
:10998000860515DD7B195A4660EE097AB0EE407AFD
:10999000FDEEE77A73ED016AF8EEE77ABB42A7EED7
:1099A000E87A37EEA60ABDEEC77AA2EC017AEBD1CF
:1099B000019000F0CFFAF4EE007AB0EE408A20EE8B
:1099C000270A00F07DFAF2EE007AA0EE678A01988D
:1099D0000028FDEEC89AF8EEE97A38EE678A6CDD69
:1099E00006F1FF3EC0F108035BF82E2042FA03FCAB
:1099F0000CFA03F3D21AC0F1070119EE903A4BF8B2
:109A00002E200A416344002A09EE903A00F3F080C8
:109A1000B5EE408AF1EE10FA40F09D80009B9E4228
:109A20000ADD5D44002355F8041D4D4543EA01035A
:109A3000F9D1002B40F0F280009B013B5BF8233012
:109A4000002B40F0E780049B012153F8042D0131E5
:109A5000002AFAD0731C31449C46029D039A05EB00
:109A6000030E0EF1804E699D32440EF1FF3E07EB6E
:109A700083061EAB05EB8E0E03EB8205DEED017A4D
:109A8000F8EEE77AB8F1000F0EF1040EE5EC017A7A
:109A9000DFED4F7A09DB2A465346F3EC016A32EDDB
:109AA000017AA342E6EE877AF7D10CF1010C614509
:109AB000E6EC017AE2DA0E465BE740F08F80731E37
:109AC0005BF82320D211002AA2DD19EE903A002E75
:109AD00003F1010309EE903A40F3D48159464FF067
:109AE000000E51F8043B002B6AD0C3F5807341F897
:109AF000043C04E00B68C3F1FF0341F8043B0EF1A2
:109B0000010E7645F6DC01239E4600280ADD012879
:109B100078D0022806D1711E5BF8213003F03F0C8B
:109B20004BF821C0022A7FF473AFB7EE000A7346E8
:109B300030EE488A002B3FF46BAF0992019000F0A1
:109B400009FA38EE408A0198099AB5EE408AF1EE9A
:109B500010FA3FF463AF9246DDE9062EDDF820C02F
:109B60000196AEEB0C00B0EE480A009E009200F0A9
:109B7000F1F9DFED186AB4EEE60AF1EE10FADDE96C
:109B80000023F0EE407AC0F250819FED137A0599E0
:109B900020EE077A0831BDEEC77A0591B8EEC77A94
:109BA0005C1CE7EE667ABDEEC77AFDEEE77A17EE4B
:109BB000901A4BF8231017EE103A4BF8243046E079
:109BC0000EF1010EB6458CDB9E469EE7EC1C0108AB
:109BD00000000000000080430000803BF6EE007AA9
:109BE000B4EEE78AF1EE10FA80F2988000220FE7D7
:109BF0000133002E09EE903A3FF770AF00230128A1
:109C00009E4686D1711E5BF8213003F07F0C4BF825
:109C100021C087E7731C9C4619461EE733469246CF
:109C2000DDE905125C1EA1F108005BF82410009E1E
:109C3000059061B903F18043013B0BEB83030146BF
:109C400053F8040D013C08390028F9D00591059816
:109C50000092B7EE000A00F07DF9002C009AB0EEF9
:109C6000407AC0F20581601C46AD5FED256A810037
:109C70000BEB800305EB800073ED017AF8EEE77AD9
:109C80005B4567EE877A27EE267A60ED017AF3D19D
:109C90000DF1C8080B1F46A8C718C646A4460025E4
:109CA0009146002E73DB844ADFED847A3846002328
:109CB00001E0AB4208DCF2EC016AB0EC017A01335E
:109CC0009E42E6EE877AF4DA0CF1FF3CBCF1FF3FEE
:109CD000EEEC017A05F10105A7F10407E1D1689BDB
:109CE000022B4A4656DC002B2EDC0ED1DFED737AB8
:109CF000414431ED017A414577EE877AF9D15346F7
:109D0000002B40F0AE80C2ED007A19EE903A03F0DD
:109D100007005BB0BDEC048BBDE8F08F19EE903A04
:109D2000002E03F1010309EE903AC8BF02223FF76B
:109D3000D5AEF7EE007A37EEC88A022268E6002335
:109D40004FF0080E0293BBE59FED5C7A414471ED44
:109D5000017A414537EE277AF9D1DDED327A534663
:109D600077EEC77A002B75D182ED007A64B133A902
:109D70000123B1EC017A01339C4277EE877AF8DA5D
:109D800053460BB1F1EE677AC2ED017ABDE7DFED24
:109D90004B7A99E7689B032BB7D1002C7ED008EB58
:109DA000840595ED007AA0002B46294671ED017AD5
:109DB000F0EE476A37EE277A414577EEC77A81EDB4
:109DC000007A77EEA67AC1ED017AEFD1012C65D049
:109DD00095ED007A08F1040173ED017AF0EE476A1F
:109DE00037EE277A994277EEC77A83ED007A77EEDD
:109DF000A67AC3ED017AEFD1031DDFED307A43443B
:109E000008F1080833ED017A984577EE877AF9D1A1
:109E10005346DDED326A9DED337A73B9C2ED006AC7
:109E200082ED017AC2ED027A6FE7FDEEC07A1C4640
:109E300017EE901A4BF8231009E7F1EE666AB1EEBF
:109E4000477AF1EE677AC2ED006A82ED017AC2EDDF
:109E5000027A5AE7B1EE477A82ED007A002C86D179
:109E600090E7F1EE677A4EE7039B4FEA83096BE5D3
:109E7000689B022B0EDC002B13DC7FF446AFDFED7A
:109E80000F7A3CE7022A7FF4C3ADF7EE007A37EE93
:109E9000C88ABDE5689B032B7FF437AFDFED077AF7
:109EA000B6E75346DDED327A13B9002313606BE752
:109EB0004FF00043136065E7C01C0108000000007C
:109EC00010EE102AC2F3C7537F3B162B22F000413D
:109ED00029DC002B104618DB1A4919410A4221D00F
:109EE000DFED197A70EE277AF5EEC07AF1EE10FA0E
:109EF00018DD002A04DA4FF4000242FA03F3184492
:109F000020EA010300EE103A7047DFED0F7A70EEA1
:109F1000277AF5EEC07AF1EE10FA03DD002A08DBAD
:109F20009FED0A0A7047B1F1FF4FFBD330EE000AF4
:109F30007047DFED077A0029BFEE000A08BFB0EED8
:109F4000670A7047FFFF7F00CAF2497100000000F6
:109F50000000008010EE103A33F000411A4627D07E
:109F6000B1F1FF4F21D213F0FF4F22D1DFED2B7A59
:109F70002B4A60EE277A904217EE903A33DB4CF290
:109F8000503CC3F3C75160451A46A1F1190116DDD3
:109F9000DFED247ADFED246A002BB0EE677AB8BFDC
:109FA000F0EE667A27EE870A704730EE000A7047B7
:109FB00070474CF2503C60454FEAD151E8DC014417
:109FC000FE29E5DC002915DC11F1160F19DB19312A
:109FD00022F0FF4242EAC15207EE902A9FED130A97
:109FE00027EE800A7047DFED127A07EE103A27EE6F
:109FF000270A704722F0FF4242EAC15300EE103AAE
:10A000007047DFED0B7ADFED0B6A002BB0EE677A5D
:10A01000B8BFF0EE667A27EE870A70470000004C62
:10A02000B03CFFFFCAF24971CAF249F100000033A7
:10A030006042A20D6042A28D08B52DED048BF0EEBA
:10A04000408AB0EE609A00F017F8F0EE490AB0EEE0
:10A05000408AB0EE680A00F00BF8F0EE400AB0EE6D
:10A06000480ABDEC048BBDE8084000F003B800BF0F
:10A07000704700BF00F004B8B0EE600A704700BF40
:10A0800010B582B0CDED010A019B23F00042B2F180
:10A09000FF4FF0EE407A30D810EE100A20F0004169
:10A0A000B1F1FF4F29D8B3F17E5F42D09C1704F085
:10A0B000020444EAD07431B37AB3B2F1FF4F40D016
:10A0C000B1F1FF4F29D0891AB1F1F45F4FEAE152A3
:10A0D00034DA002B42DA3C3240DA9FED340A012CAC
:10A0E0004ED0022C43D064B19FED317ADFED317A4E
:10A0F00030EE070A30EE670A03E09DED017A37EE95
:10A10000270A02B010BD022C10D09FED2B7A032C31
:10A1100008BFB0EE470A02B010BD9FED280ADFED80
:10A12000287A0028A8BFB0EE670AEAE79FED210A67
:10A13000E7E702B0BDE8104000F04AB89FED200A02
:10A14000CDE7B1F1FF4F04F1FF3420D0022C26D827
:10A150001C4B03EB840393ED000AD2E79DED017ADB
:10A1600087EE870AFFF786FB00F032F8B7E79FED2E
:10A17000107ADFED107A30EE070A37EEC00AC0E73A
:10A1800010EE103A03F1004300EE103AB9E7022C4A
:10A1900008D80D4B03EB840393ED000AB1E79FED64
:10A1A000030AAEE79FED090AABE700BF000000001D
:10A1B0002EBDBB33DB0F4940DB0F49C0DB0FC9BFEE
:10A1C000DB0FC93FF81C0108041D0108DB0F493FE4
:10A1D00038B510EE105A25F00044B4F1A14FF0EE5E
:10A1E000407A0DD3B4F1FF4F5BD8DFED517A9FED8C
:10A1F000517A002DCCBFB0EE470AB0EE670A38BDE9
:10A200004D4B9C425CD8B4F1445F4DD34FF0FF33CB
:10A2100027EEA76A9FED495A9FED497ADFED495A2B
:10A22000DFED494A66EE066A5A1CA6EE857AE6EE2E
:10A23000A54A9FED465ADFED465AA7EE265AE4EEB0
:10A24000A65A9FED447ADFED444AA5EE267AE5EE64
:10A25000A64A9FED425ADFED425AA7EE265A9FEDDD
:10A26000417AA4EEA67AE5EE265A27EE267AA5EEE6
:10A27000867A27EE877A38D03B493C4A01EB830146
:10A28000D1ED006A37EE667A02EB8303D3ED006A04
:10A2900037EE677A002D36EEC70AB0DAB1EE400A23
:10A2A00038BD30EE000A38BD9FED317A30EE077AC6
:10A2B000F7EE006AB4EEE67AF1EE10FAA6DD38BDEC
:10A2C000FFF7D8FA2B4B9C4212D8A3F5D0039C423F
:10A2D00023D8F0EE007ABFEE007AA0EE277A0023B2
:10A2E00030EE270AC7EE007A92E737EEC70A38BD8C
:10A2F000214B9C420BD8F7EE087AB7EE007AA0EE1D
:10A30000277A022330EE670AC0EE077A80E7BFEEB5
:10A31000007AC7EE007A03237AE7F7EE007A30EE90
:10A32000677A30EE270A0123C7EE007A70E700BF94
:10A33000DB0FC9BFDB0FC93FFFFFDF3ED769853C9D
:10A3400059DA4B3D21A215BD6BF16EBD356B883DD1
:10A3500095879DBD6E2EBA3D388EE3BD2549123ED0
:10A36000ABAAAA3ECDCC4CBE101D0108201D010891
:10A37000CAF24971FFFF973FFFFF1B4060EE016A81
:10A3800020EEA16A20EE215A76EEC67A61EE205ABE
:10A39000F4EE677AF1EE10FA35EE257A04D6B0EED7
:10A3A000670AF0EE470A7047B4EE477AF1EE10FA0A
:10A3B000F5D79FEDA14AF0EEC04AF4EE444AF1EE23
:10A3C00010FAF0EEE03A00F3A080F4EE443AF1EE39
:10A3D00010FA00F39A800023DFED974AB0EEC14AED
:10A3E000B4EE644AF1EE10FAF0EEE13A48DCF4EE35
:10A3F000643AF1EE10FA43DC9BBBF0EEE66AF4EE51
:10A40000646AF1EE10FA14DCB0EEC66AB4EE646A67
:10A41000F1EE10FA0DDCB0EEC55AB4EE645AF1EE6E
:10A4200010FA06DCF0EEE55AF4EE645AF1EE10FA9A
:10A43000B5DDB4EE400AF1EE10FA80F1F080F4EEF2
:10A44000600AF1EE10FA80F1DD80B4EE411AF1EE0F
:10A4500010FA80F1CA80F4EE611AF1EE10FA80F180
:10A46000B78061EEE07A60EE810AE0EE017AE0EE1C
:10A47000210A9FED727A67EE877A20EE877A8EE75F
:10A48000DFED6D7A9FED6C7AB4EE674AF1EE10FA6B
:10A49000CCBF0123002307EE903A11EE103AF8EEFC
:10A4A000E77A002BF0EEE77AF4EE473AB8BFF1EE28
:10A4B000677AF1EE10FACCBF01230023B0EE671AE1
:10A4C00007EE903A11EE903AF8EEE77A002BF0EEB4
:10A4D000E77AB4EE400AB8BFF1EE677AF1EE10FA0F
:10A4E000F0EE671A5AD6F4EE600AF1EE10FAB8D719
:10A4F00010EE903A9FED527ADFED527A002BB4BF06
:10A50000F0EE670AF0EE470AABE79FED4B4AF4EE38
:10A51000444AF1EE10FACCBF0123002304EE903A36
:10A520009FED454A10EE103AF8EEE44A002BF0EEAB
:10A53000E44AF4EE443AB8BFF1EE644AF1EE10FAA0
:10A54000CCBF01230023B0EE640A04EE903A10EE73
:10A55000903AF8EEE44A002BF0EEE44AB4EE411AE9
:10A56000B8BFF1EE644AF1EE10FAF0EE640A22D6BA
:10A57000F4EE611AF1EE10FA78BF0123FFF52CAF6B
:10A5800011EE903A9FED2E4ADFED2E4A002BB4BF1C
:10A59000F0EE641AF0EE441A01231DE710EE103AB3
:10A5A0009FED277ADFED277A002BB4BFB0EE670A64
:10A5B000B0EE470A97E711EE103A9FED214ADFED22
:10A5C000214A002BB4BFB0EE641AB0EE441ACFE7B4
:10A5D00011EE903A9FED1A7ADFED1A7A002BB4BF94
:10A5E000F0EE671AF0EE471A3BE711EE103A9FEDD6
:10A5F000147ADFED147A002BB4BFB0EE671AB0EE18
:10A60000471A28E710EE903A9FED0D7ADFED0D7AAC
:10A61000002BB4BFF0EE670AF0EE470A15E710EE24
:10A62000103A9FED077ADFED077A002BB4BFB0EE4A
:10A63000670AB0EE470A02E7FFFF7F7F0000807FD6
:10A640000000000000000080D0B5FCF7CDFD0C4BF1
:10A65000002206460F46FCF737FEFCF761FF044672
:10A66000FCF7A0FD074B0022FCF72EFE02460B462E
:10A6700030463946FCF758FCFCF752FF2146D0BD66
:10A680000000F03D0000F0412DE9F047089D0E4626
:10A6900004460F46002B4AD194468C45B2FA82F20A
:10A6A00060D942B1C2F12003974020FA03F30CFABB
:10A6B00002FC1F4394404FEA1C4E1FFA8CF6B7FB76
:10A6C000FEF1230C0EFB117743EA074301FB06F072
:10A6D00098420AD91CEB030301F1FF3780F0158182
:10A6E000984240F21281023963441B1AA4B2B3FBB0
:10A6F000FEF00EFB103344EA034400FB06F6A642CC
:10A700000AD91CEB040400F1FF3380F00081A6425B
:10A7100040F2FD806444023840EA0140A41B00215D
:10A720001DB1D4400023C5E90043BDE8F0878B424A
:10A7300005D90DB1C5E9000100210846F5E7B3FAD6
:10A7400083F1002946D1B34202D3824200F2F58060
:10A75000841A66EB030201201746002DE5D0C5E9F7
:10A760000047E2E7002A40F09380A1EB0C034FEA98
:10A770001C471FFA8CFE0121B3FBF7F607FB1630CE
:10A78000230C43EA00430EFB06F0984208D91CEB69
:10A79000030306F1FF3802D2984200F2D080464609
:10A7A0001B1AA4B2B3FBF7F007FB103344EA0344CF
:10A7B0000EFB00FEA64508D91CEB040400F1FF3394
:10A7C00002D2A64500F2B6801846A4EB0E0440EA79
:10A7D0000640A5E7C1F120078B4022FA07FC4CEAAE
:10A7E000030C06FA01FE20FA07F426FA07F344EAFE
:10A7F0000E0400FA01F84FEA1C404FEA1449B3FB7B
:10A80000F0FE1FFA8CF600FB1E3349EA03430EFBF1
:10A8100006F9994502FA01F20BD91CEB03030EF17C
:10A82000FF3A80F08580994540F28280AEF1020EB9
:10A830006344A3EB0909A4B2B9FBF0F300FB13993D
:10A8400044EA094403FB06F6A64208D91CEB0404BB
:10A8500003F1FF3068D2A64266D9023B644443EA62
:10A860000E40A41BA0FB02E6B4427346B14652D38D
:10A870004FD05DB1B8EB030264EB090404FA07F7AB
:10A8800022FA01F31F43CC40C5E9007400214CE7D4
:10A89000C2F1200120FA01F30CFA02FC26FA01F1C0
:10A8A000964033434FEA1C471FFA8CFEB1FBF7F08A
:10A8B00007FB1016190C41EA064100FB0EF68E420A
:10A8C00004FA02F408D91CEB010100F1FF382DD283
:10A8D0008E422BD902386144891B9BB2B1FBF7F63B
:10A8E00007FB161143EA014306FB0EF1994208D912
:10A8F0001CEB030306F1FF3814D2994212D9023E31
:10A9000063445B1A46EA004136E73946EDE61846ED
:10A9100002E7F045ADD2BEEB020366EB0C06013850
:10A92000B146A6E74646ECE7034698E74046D3E73C
:10A93000D6467EE76444023847E708460DE7023E04
:10A9400063442DE7014B1868704700BF28000020C2
:10A9500070B50D4D0D4C641BA4100026A64209D104
:10A960000B4D0C4C01F060FD641BA4100026A642A8
:10A9700005D170BD55F8043B98470136EEE755F810
:10A98000043B98470136F2E7701D0108701D01086D
:10A99000701D0108741D010802440346934200D152
:10A9A000704703F8011BF9E7002310B50446C0E91E
:10A9B0000033C0E90433836081814366C2818361CF
:10A9C000194608225C30FFF7E7FF0D4B63620D4B21
:10A9D000A3620D4BE3620D4B23630D4B24629C423B
:10A9E00006D003F16802944202D0D0339C4205D1D4
:10A9F00004F15800BDE8104000F0BCBA10BD00BF23
:10AA000015AB000837AB00086FAB000893AB00082C
:10AA1000E8030020024A0349034800F0E3B800BFFE
:10AA20007800002099B300082C00002041680C4BEE
:10AA3000994210B5044601D000F0AEFCA168094B64
:10AA4000994202D0204600F0A7FCE168064B9942EB
:10AA500004D02046BDE8104000F09EBC10BD00BFF1
:10AA6000E803002050040020B804002010B50B4B70
:10AA70000B4C0C4A1A60204600220421FFF794FF79
:10AA800004F1680001220921FFF78EFF04F1D000D4
:10AA90000222BDE810401221FFF786BF20050020EA
:10AAA000E803002015AA0008014800F064BA00BFBE
:10AAB00025050020014800F05FBA00BF25050020F1
:10AAC00010B50446FFF7F0FF236A1BB1BDE8104044
:10AAD000FFF7F0BF044B2362044B1B68002BF5D13A
:10AAE000FFF7C4FFF2E700BF2DAA000820050020F1
:10AAF0000EB403B5014603AB054853F8042B0068B8
:10AB0000019300F0C9F802B05DF804EB03B07047A0
:10AB10002800002010B50C46B1F90E1000F050F8D6
:10AB20000028ABBF636DA3891B1823F48053ACBF0F
:10AB30006365A38110BD2DE9F0411F468B89DB05BC
:10AB400005460C46164605D5B1F90E100223002223
:10AB500000F024F8A389B4F90E1023F48053A381E4
:10AB600032463B462846BDE8F04100F059B810B5E2
:10AB70000C46B1F90E1000F011F8431CA38915BF63
:10AB8000606523F4805343F48053A38118BFA381ED
:10AB900010BDB1F90E1000F0C9BC000038B5074D6A
:10ABA00004460846114600222A601A46FEF772FB48
:10ABB000431C02D12B6803B1236038BD300500204F
:10ABC00038B5074D04460846114600222A601A4649
:10ABD000FEF762FB431C02D12B6803B1236038BD32
:10ABE000300500202DE9F843074688461446002624
:10ABF000D4E90195B9F1010905D52468002CF7D1F4
:10AC00003046BDE8F883AB89012B07D9B5F90E3082
:10AC1000013303D029463846C04706436835E9E783
:10AC200038B5074D04460846114600222A601A46E8
:10AC3000FEF736FB431C02D12B6803B1236038BDFD
:10AC4000300500209368013B002B10B4936008DAB4
:10AC50009469A34201DB0A2903D15DF8044B00F09B
:10AC600091BC1368581C1060197008465DF8044BBD
:10AC70007047F8B506460F461446D518AC4201D1C8
:10AC8000002007E014F8011B3A463046FFF7DAFFD0
:10AC9000431CF3D1F8BD00002DE9F04F0D469DB0E7
:10ACA00014469846064618B1036A0BB9FFF708FF29
:10ACB0006B6ED90705D4AB899A0502D4A86D00F054
:10ACC0005AF9AB891B0701D52B699BB92946304638
:10ACD00000F0FAF870B16B6EDC0704D54FF0FF306E
:10ACE0001DB0BDE8F08FAB899805F7D4A86D00F0D2
:10ACF00043F9F3E70023099320238DF82930CDF899
:10AD00000C803023DFF8AC818DF82A304FF0010938
:10AD100023469A4613F8012B0AB1252AF9D1BAEB3A
:10AD2000040B0BD05B46224629463046FFF7A1FFB5
:10AD3000013000F0A780099A5A4409929AF800302D
:10AD4000002B00F09F8000234FF0FF32CDE9052358
:10AD50000AF1010A049307938DF853301A9354466D
:10AD6000052214F8011B5348FCF7FAFB049AD8B9E2
:10AD7000D10644BF20238DF85330130744BF2B2343
:10AD80008DF853309AF800302A2B15D0079A544684
:10AD900000204FF00A0C214611F8013B303B092BF3
:10ADA0004BD9B0B1079214E0A0EB080309FA03F302
:10ADB00013430493A246D2E7039B191D1B6803911A
:10ADC000002BBBBF5B4242F0020207930793B8BF60
:10ADD000049223782E2B0AD163782A2B32D1039B3D
:10ADE0001A1D1B68039243EAE37302340593DFF8EC
:10ADF000D4A0217803225046FCF7B2FB38B1049B63
:10AE0000A0EB0A004022824013430134049314F85B
:10AE1000011B29488DF828100622FCF7A1FB002809
:10AE20003FD0264B1BBB039B073323F0070308339C
:10AE30000393099B3B4409936AE70CFB02320C46DF
:10AE40000120A8E700230134059319464FF00A0CAE
:10AE5000204610F8012B303A092A03D9002BC6D01E
:10AE60000591C4E70CFB012104460123F0E703AB85
:10AE700000932A46124B04A93046AFF300800746E0
:10AE8000781CD6D16B6ED90705D4AB899A0502D44C
:10AE9000A86D00F071F8AB895B063FF51FAF09980C
:10AEA0001EE703AB00932A46054B04A9304600F089
:10AEB000D1F8E4E7301D01083A1D01080000000048
:10AEC00073AC0008361D010838B5294B05461868D3
:10AED0000C4618B1036A0BB9FFF7F2FDB4F90C3058
:10AEE000190722D4DA0607D409222A6043F0400366
:10AEF000A3814FF0FF3033E0580712D5616B41B1A9
:10AF000004F14403994202D0284600F079FB002363
:10AF10006363A38923F02403A3810023636023696F
:10AF20002360A38943F00803A38123694BB9A38954
:10AF300003F42073B3F5007F03D02146284600F0C8
:10AF4000CFFBB4F90C3013F001020AD00022A2604A
:10AF500062695242A261226942B913F08000C5D1F0
:10AF600038BD990758BF6269A260F4E70020F7E78F
:10AF7000280000207047704770472DE9F0471646BB
:10AF800098468A680B69DDF820909342B8BF134653
:10AF9000336091F8432007460C460AB10133336011
:10AFA0002368990642BF336802333360256815F081
:10AFB000060506D104F1190AE36832689B1AAB4210
:10AFC00026DC94F843302268003B18BF0123920628
:10AFD0002BD404F1430241463846C84701301ED005
:10AFE0002368226903F00603042B02BFE568336877
:10AFF000ED1AA3680CBF25EAE57500259342C4BF8E
:10B000009B1AED1800261A34B5421AD1002008E028
:10B010000123524641463846C847013003D14FF01C
:10B02000FF30BDE8F0870135C6E7E1185A1C302033
:10B0300081F84300224494F8451082F8431002330B
:10B04000C7E70123224641463846C8470130E6D0CB
:10B050000136D9E72DE9FF470F7E0C9E782F9146E8
:10B0600080460C469A4601F1430207D8622F0AD85F
:10B07000002F00F0D180582F00F0B88004F1420674
:10B0800084F842703AE0A7F16303152BF6D801A1CA
:10B0900051F823F0EDB0000801B100087DB00008C0
:10B0A0007DB000087DB000087DB0000801B1000847
:10B0B0007DB000087DB000087DB000087DB00008BC
:10B0C000FFB100082BB10008B9B100087DB000083D
:10B0D0007DB0000821B200087DB000082BB1000847
:10B0E0007DB000087DB00008C1B1000833681A1DAA
:10B0F0001B68326004F1420684F8423001239CE070
:10B1000033682068191D3160060601D51D6803E00B
:10B110004506FBD5B3F90050002D03DA2D236D420F
:10B1200084F8433058480A2311E021683368080640
:10B1300053F8045B02D4490648BFADB26F2F5248A2
:10B14000336014BF0A230823002184F84310666883
:10B15000A660002E05DB21682E4321F0040121604A
:10B160004BD01646B5FBF3F103FB1157C75D06F84C
:10B17000017D2F46BB420D46F4D9082B0BD1236825
:10B18000DF0708D5236961689942DEBF302306F8DE
:10B19000013C06F1FF36921B2261CDF800A04B4620
:10B1A00003AA21464046FFF7E8FE01304AD14FF09E
:10B1B000FF3004B0BDE8F087236843F0200323602C
:10B1C0003248782784F84570236831681F0651F8A3
:10B1D000045B02D45F0648BFADB23160D90744BFFB
:10B1E00043F0200323601DB11023ADE72648E9E7B3
:10B1F000236823F020032360F6E71646BDE7336893
:10B2000025686169181D30602E061B6801D519601C
:10B2100002E06806FBD51980002323611646BCE7CF
:10B2200033681A1D32601E68626800213046FCF7E0
:10B2300097F908B1801B606063682361002384F87C
:10B240004330AAE72369324649464046D047013099
:10B25000ADD023689B0713D4E068039B9842B8BF26
:10B260001846A6E70123324649464046D0470130FA
:10B270009DD00135E36803995B1AAB42F2DCEBE742
:10B28000002504F11906F5E7411D0108521D0108CA
:10B29000B1F90C202DE9F041160705460C4654D4AF
:10B2A0004B68002B02DC0B6C002B48DDE66A002E9D
:10B2B00045D0002312F480522F68216A2B6030D0D1
:10B2C000626DA389590705D56368D21A636B0BB108
:10B2D000236CD21A0023E66A216A2846B047431C31
:10B2E000A38906D129681D292BD82A4ACA40D60726
:10B2F00027D500226260D9042269226004D5421C4D
:10B3000001D12B6803B96065616B2F60B9B104F19D
:10B310004403994202D0284600F072F90023636387
:10B320000DE001232846B0470246501CC9D12B68C6
:10B33000002BC6D01D2B01D0162B1ED12F60002054
:10B3400022E043F040031BB21BE00F69002FF6D050
:10B3500093070E6808BF4B690F6018BF0023A6EB68
:10B3600007088B60B8F1000FE9DD216AA66A434641
:10B370003A462846B047002808DCB4F90C3043F0C0
:10B380004003A3814FF0FF30BDE8F0810744A8EBF4
:10B390000008E7E70100402038B50B6905460C4678
:10B3A00013B90025284638BD18B1036A0BB9FFF759
:10B3B00087FBB4F90C30002BF3D0626ED00704D4B5
:10B3C000990502D4A06DFFF7D6FD28462146FFF768
:10B3D0005FFF636EDA070546E4D4A3899B05E1D4D9
:10B3E000A06DFFF7C9FDDDE770B50F4E0C46316863
:10B3F000054611B900F0B6F830602146284600F045
:10B40000B1F8431C03D14FF0FF34204670BDC41C7B
:10B4100024F00304A042F8D0211A284600F0A2F834
:10B420000130F2D1EFE700BF280500202DE9F843F5
:10B43000CD1C25F0030508350C2D38BF0C25002D3B
:10B44000064601DBA94204D90C2333600020BDE885
:10B45000F883DFF8D48000F079F8D8F800301C4683
:10B4600044BB29463046FFF7BFFF431C044658D172
:10B47000D8F800402746002F43D1002C4BD023683A
:10B480003946304604EB030900F06CF8814542D19F
:10B4900021686D1A29463046FFF7A6FF01303AD0E1
:10B4A00023682B442360D8F800305A6862BBC8F880
:10B4B00000700FE02268521B20D40B2A17D96119A3
:10B4C000A342256018BF5960636808BFC8F8001020
:10B4D00062514B60304600F03FF804F10B00231D31
:10B4E00020F00700C21A1CBF1B1AA350AFE7626806
:10B4F000A3420CBFC8F800205A60EBE723466468FB
:10B50000AEE73C467F68B6E71A465B68A342FBD1CC
:10B5100000235360DEE70C233360304600F01CF854
:10B5200094E70560D6E700BF2C05002038B5064D2E
:10B530000023044608462B60FDF7A6FE431C02D1FB
:10B540002B6803B1236038BD300500200148FFF7A8
:10B5500012BD00BF240500200148FFF70DBD00BF4C
:10B560002405002038B5064D0023044608462B600C
:10B57000FDF7CCFE431C02D12B6803B1236038BD1C
:10B5800030050020F8B50E461446054618B1036A8A
:10B590000BB9FFF795FAA369A360A3891A0701D530
:10B5A000236943B921462846FFF78EFC18B14FF0B6
:10B5B000FF373846F8BD23682269981A6369F6B2E6
:10B5C0008342374605DC21462846FFF7E5FE002882
:10B5D000EDD1A368013BA36023685A1C22601E7052
:10B5E0006269431C9A4204D0A389DB07E1D50A2E85
:10B5F000DFD121462846FFF7CFFE0028D9D0D6E775
:10B6000038B50546002941D051F8043C0C1F002BE9
:10B61000B8BFE418FFF79AFF1D4A136833B9636097
:10B6200014602846BDE83840FFF796BFA34208D90A
:10B63000206821188B4201BF19685B6809182160D6
:10B64000EDE71A465B680BB1A342FAD911685018AE
:10B65000A0420BD120680144501883421160E0D110
:10B6600018685B68536008441060DAE702D90C235D
:10B670002B60D6E7206821188B4204BF19685B68ED
:10B68000636004BF091821605460CAE738BD00BF79
:10B690002C05002070B50C46B1F90E10002996B0AB
:10B6A00015461E460DDAA38913F0800F4FF00001F6
:10B6B00014BF40234FF48063002031602B6016B02C
:10B6C00070BD6A4600F062F80028ECDB019901F4D5
:10B6D0007041A1F50053594259414FF48063EBE7A3
:10B6E0008B89F7B59D0706460C4607D504F147033D
:10B6F000236023610123636103B0F0BD01AB6A469F
:10B70000FFF7C8FF009F054639463046FFF78EFE1B
:10B7100048B9B4F90C309A05EED423F0030343F092
:10B720000203A381E2E7A389206043F08003A381A1
:10B73000019BC4E904075BB1B4F90E10304600F078
:10B7400045F828B1A38923F0030343F00103A38143
:10B75000A3891D43A581CFE7884210B501EB020400
:10B7600002D98442234607D8431EA14208D011F8CB
:10B77000012B03F8012FF8E7024401468A4200D169
:10B7800010BD13F8014D02F8014DF7E738B5074D2C
:10B7900000230446084611462B60FDF76FFD431C4D
:10B7A00002D12B6803B1236038BD00BF30050020F3
:10B7B0000A44914200F1FF3300D1704710B511F8EF
:10B7C000014B03F8014F9142F9D110BD38B5064D38
:10B7D0000023044608462B60FDF75AFD431C02D1A6
:10B7E0002B6803B1236038BD30050020024B0146B1
:10B7F0001868FFF71BBE00BF28000020024B01465F
:10B800001868FFF7FDBE00BF280000202DE9F047B3
:10B81000089C8A46904602FB03F9064618B1036A63
:10B820000BB9FFF74DF9636EDD0705D4A3899805C1
:10B8300002D4A06DFFF79FFBA389190716D52369D2
:10B84000A3B100254D451FD0A7681AF80510013F88
:10B85000002FA76004DAA3699F420FDB0A290DD0ED
:10B8600023685A1C226019700135EBE721463046E7
:10B87000FFF72AFB0028E4D0002505E022463046E9
:10B88000FFF780FE0130EFD1636EDA0705D4A3899C
:10B890009B0502D4A06DFFF76FFBB5FBF8F0BDE888
:10B8A000F087000007B5009313460A460146034897
:10B8B0000068FFF7ABFF03B05DF804FB2800002031
:10B8C000B1F8C8305A1C92B2C82AA1F8C820C8548E
:10B8D00000D0704710B500200C46FDF7E1FC0023B6
:10B8E000A4F8C83010BD00BF10B50446FBF788FEB1
:10B8F000214602460020FDF7D3FC03490122002027
:10B90000FDF7CEFC002010BD780B01080FB430B558
:10B91000B5B038AC0E4954F8045BCA2201A8FFF751
:10B9200047FF23462A460B48009401A900F06AFD10
:10B93000BDF8CC2004462AB9204635B0BDE83040D9
:10B9400004B0704701A90020FDF7AAFCF4E700BF8E
:10B95000C8020108C1B8000800F044BD9A4238BFCF
:10B9600088547047704700BF2DE9F04F83B00F46F1
:10B9700012990D9C9DF83850984611F00203064626
:10B980009446DDE9100A00932ED1BAF1000F40F081
:10B99000A280844228D2202C01F0010E00F0888180
:10B9A0000C9B621E1A444FF0300B734602E0202CB1
:10B9B00000F0E7800134A04202F801BFF7D89E46AC
:10B9C00093B1544510D2202C00F0CF810C9B621E05
:10B9D0001A444FF0300E02E0202C00F02481013494
:10B9E000544502F801EFF7D1CB061FD54A0500F107
:10B9F000A580002C40F09E800F9B102B00F045810D
:10BA00000F9B022B00F04E810C9B30221A700124F8
:10BA100001F00302002D00F0CA800C9B2D21195566
:10BA200001340AB954450ED3654626E001F00302FD
:10BA3000202CEFD1002A40F08F80BAF1200F88BF70
:10BA4000202440F289806546A4EB0C0BE1462A468F
:10BA50004346013539462020B04705EB0B035345DB
:10BA6000F5D30AF1FF35621C2D1B924538BF002526
:10BA700009F10102CC461544C4B10C9BCDF844A099
:10BA800005EB040903EB090B1C44CDF804C09A46EE
:10BA9000ABEB040214F8010D43463946B047A2450A
:10BAA0004D46F5D1DDF804C0DDF844A0009B73B12C
:10BAB000A5EB0C09D1450AD22A4643463946202037
:10BAC00009F10109B047D14505F10105F4D3284634
:10BAD00003B0BDE8F08F11F0010E73D0002D40F0DF
:10BAE0008B8011F00C0F40F087808442BFF469AF67
:10BAF000202C7FF455AFBAF1200F40F23281CB06F3
:10BB000040F1BE804A0500F11981202816D11F207E
:10BB10000F9B102B00F0F2800F9B022B1FD0441CB8
:10BB200001F0030227E0CB067FF57EAF4A054FF018
:10BB3000200403D4A04262D0544560D00F9B01F092
:10BB40000302102B104673D00F9B022B0ED1202C1A
:10BB500008D100283FF471AF654620248DE70446E4
:10BB600001F003020C9B622018550134202C3FF495
:10BB700061AF204601340C9B4FF0300E03F800E01B
:10BB800056E79E46002B00F0CB80BAF1200FCAD9B1
:10BB9000CB0675D54A0500F1D180202800F0DA8067
:10BBA000BAF1200F40F08D8054461F20B0E74B07BC
:10BBB00047D50C9B2B2119550134002A3FF432AF95
:10BBC00065465AE78442BFF40FAF202C7FF4E8AEFD
:10BBD000CC067FF532AF4C053FF52FAF202800F0A3
:10BBE000B980BAF1200FDFD00F9B102B3FF425AFA7
:10BBF0000F9B022B19D120E70AF1FF3A75E7601E6F
:10BC000086D10F9B102B6BD00F9B022B7FF4FCAEC9
:10BC10000C9B0F9C62221A7030225A7001F00302B2
:10BC2000002DC4D0F9E6CC0680D401F0030201E770
:10BC30008B0611D4202C8CD00C9B78201855013405
:10BC400094E70D0713D48ABB5445FFF4FCAE002CD7
:10BC50007FF4EAAE65463AE7202C3FF47AAF0C9BBE
:10BC600018194FF0580E013480F800E07EE70C9B65
:10BC7000202119550134002A3FF4D4AE6546FCE674
:10BC80008D073FF4E0AE6546F7E688060CD55822EE
:10BC90000C9B1A7030225A70022401F00302002D0E
:10BCA00085D0BAE66222F3E77822F1E76546E3E65B
:10BCB000BEF1000F50D0CB067FF5B6AE4B057FF539
:10BCC00024AF0F9B01F00300102B02463FF441AF5D
:10BCD0000F9B022B7FF4AEAE00287FF43DAFACE6A5
:10BCE0008A0625D50C9B58221A7030225A700224DD
:10BCF00001F00302002D3FF45AAF8EE68B06A4F14B
:10BD0000020206D40C9B78209854013C01F00302F7
:10BD10002FE70C9B58209854013C01F0030228E7C0
:10BD2000CA0682D54A05CCD4202813D0202403E7A4
:10BD30000C9B78221A7030225A70D8E70F9B102B78
:10BD400001F003003FF405AF0F9B022B3FF401AF5E
:10BD500002466FE60446DAE6CB063FF53CAF6546A1
:10BD60008BE6CA06DED4654687E6CC063FF512AF01
:10BD70005BE700BF2DE9F04F93B01C9C9DF874B0B9
:10BD80001E9DDDF884E02CB92EF010061EF4806FA5
:10BD9000B64635D11EF0200F14BF4FF041094FF0C9
:10BDA00061090AAFA9F10A09B8460026099002E024
:10BDB000202E15D05446B4FBF5FA05FB1A4C5FFA59
:10BDC0008CF0BCF1090F00F1300C8ABF48445FFAD7
:10BDD0008CF0C0B2AC4208F8010B06F10106E7D2C4
:10BDE0000998209C05941F9CCDF818E0CDE90354D8
:10BDF000CDE9016B0097FFF7B7FD13B0BDE8F08FF9
:10BE000026460AAFEDE700BF2DE9F04F97B0DDE918
:10BE10002478209E219C099356EA04039DF888C04B
:10BE2000DDF8A0B08E4605D12BF010031BF4806F17
:10BE30009B4645D11BF0200F0EAB14BF4FF0410ABB
:10BE40004FF0610ACDF8A0B0CDE90A0ECDE90C2C77
:10BE5000AAF10A0A994600259B4603E0202D17D037
:10BE600006460C4621463A4643463046FBF714FA4E
:10BE7000D2B2092A02F130038ABF5244DAB2D2B2F6
:10BE8000BE4274EB080409F8012B05F10105E5D267
:10BE9000DDE90A0EDDE90C2C5B46DDF8A0B0279940
:10BEA000059126990093CDE90371CDE9015C099BC9
:10BEB000CDF818B07146FFF757FD17B0BDE8F08F09
:10BEC00000250EABEBE700BF10B1D1E900311847F8
:10BED000704700BF2DE9F04F1C46B1F1000A8D4BB1
:10BEE0008FB018BF81462078DDF860B0904608BF5B
:10BEF0009946002800F0D381002507E02A464346F2
:10BF000051460135C847207800285ED0252804F125
:10BF10000104F3D10023224612F8010BA0F1200105
:10BF200010290AD8DFE801F03409093009090909A4
:10BF30000909092C092809092400A0F1300109295F
:10BF400051D92A2800F0948000262E285CD00021A8
:10BF5000A0F16807122F23D8DFE807F0A2229D2264
:10BF600095222222222222221E22222222221E0068
:10BF700043F001031446CEE743F002031446CAE738
:10BF800043F004031446C6E743F010031446C2E727
:10BF900043F008031446BEE7607843F4807301322F
:10BFA0007828144609D863283DD8622800F0B88163
:10BFB00063287DD0252840F03D812A4643465146DE
:10BFC000C847207801350028A0D12C46A84501D8C3
:10BFD00008F1FF3543462A4651460020C84720460F
:10BFE0000FB0BDE8F08F002606EB860600EB460694
:10BFF0001078A0F1300109291446A6F1300602F1AB
:10C000000102F1D92E28A2D16078A0F130010929CE
:10C0100043F48063174640F2EF802A2800F0028143
:10C020001446013293E7A0F1640E01225FFA8EFEFE
:10C0300002FA0EFE384A1EEA020E40F0AD80732866
:10C0400054D07028B9D143F02103059308230493F9
:10C0500010230391CDF804E002935BF8043B0093B6
:10C060002A46434651464846FFF784FE05464AE7BE
:10C070005BF8046B6078002E1446BCBF43F00203EB
:10C080007642013261E760786C2886D1A07843F46B
:10C090004073E21C84E7607843F4007301327FE769
:10C0A0006078682800F0F68043F08003013277E77B
:10C0B0000BF1040298070A9205F1010740F1118182
:10C0C0002A469BF8000043465146C847012E88BFC8
:10C0D000AD1940F249813A46434601375146202086
:10C0E000C847BD42F7D1DDF828B00CE75A4652F8F0
:10C0F00004CB0A929CF800B05846002940F08C808E
:10C10000BBF1000F13D06FF0010E0EF1010EE644EB
:10C11000624606E065B9000821081200964500F065
:10C12000B38012F8017F002FF8D1A2EB0C0E13F4AC
:10C13000806702D08E4528BF8E4613F002030B9312
:10C1400000F0B080BBF1000F17D0CDE90CE6E3465C
:10C150002A460E46434651461FB106F1FF3C3EB10A
:10C160006646C8471BF8010F01352A460028F1D161
:10C170000B9BDDE90CE6002BB5D076452F46B2D9F6
:10C180003544A5EB0E053A4643460137514620207B
:10C19000C847BD42F7D1A6E76F2800F0BF806DD831
:10C1A000692823F0100240F017815F0548BF23F093
:10C1B0001102900500F1DD80D3050BF1040700F1B9
:10C1C000D580500640F1F6809BF900300391002B9A
:10C1D0004FF00A0102914FEAD371B8BF5B42CDE93B
:10C1E000046201912A460093434651464846FFF7B0
:10C1F000C1FDBB46054686E6002101EB810100EB4F
:10C200004100A0F1300117F8010FA0F13002092A16
:10C21000F3D93C467A1C9BE6BBF1000F87D001F1B5
:10C22000FF3E72E75BF8041BA078023421EAE1715B
:10C23000621C8DE658287FF4C0AE43F02003102224
:10C24000580524D423F00C0313F400706AD113F4BE
:10C25000807F0BF1040740F0B28058067BD41806AB
:10C260004CBFBBF80000DBF800000090CDE9046390
:10C270000023CDE9022101932A46B5E7782868D04A
:10C2800023F010030A22DBE7AEEB0C0E4FE723F09E
:10C290000D03D9E7A07843F0C003E21C80E6044612
:10C2A000054693E6764540F2948006EB050BCDE912
:10C2B0000C7CABEB0E0B0F462A464346013551462C
:10C2C0002020C8475D45F7D1DDF834C039469CF8D9
:10C2D00000B00C9F06F1010E584600287FF435AFE0
:10C2E00001E7012E3AD96B1E3344CDF82CB02F460E
:10C2F0009B463A464346013751462020C847BB4536
:10C30000F7D15B46DDF82CB01A469BF80000434697
:10C310005146C8473544DDF828B0F4E508228FE7D8
:10C3200002228DE7CDE907630BF1070B002306918D
:10C330000492059302932BF0070BFBE802672A4651
:10C34000CDE90067434651464846FFF75DFD054687
:10C35000D9E5102274E79BF8000086E79BF80000FF
:10C360002A4643465146C8473D46BCE6DBF8003006
:10C370002CE70BF1070B2BF0070BDBF804305BF815
:10C38000080B0691D90FCDE9076202910246002100
:10C390000A20002BCDE9040102DA524263EB430389
:10C3A000CDE9002351462A4643464846FFF72CFD77
:10C3B0000546A8E51306D9D5BBF9003006E7CDE957
:10C3C0000221CDE904630190DBF8003000932A4696
:10C3D0000AE70EF1010E7FE764283FF4E6AE13464C
:10C3E0000A222DE700B583B0844600930448134623
:10C3F0000A466146FFF76EFD03B05DF804FB00BF1F
:10C400005DB9000810B584B00446CDE9024100933F
:10C4100002A9134603484FF0FF32FFF75BFD04B05B
:10C4200010BD00BFC9BE0008F8B500BFF8BC08BC0D
:10C430009E467047F8B500BFF8BC08BC9E467047E2
:10C440008C17010802000000981701080400000082
:10C45000A817010808000000B81701081000000024
:10C46000C817010820000000D8170108400000008C
:10C47000E817010880000000000000000000000034
:10C48000293C0000163B0000D7630000325F00002B
:10C49000738800005D7D00004AAC0000A697000094
:10C4A000A4D000000FAF00004CF70000A3C40000B0
:10C4B00070FB0000F3E80000F6D20000C0BB0000F3
:10C4C000DCA40000E58E0000338200007D7B7C7AD6
:10C4D000E7E61BE895B9AAAB01020304050600498B
:10C4E00048303231332F4B4A9EA09F898A8B8CED86
:10C4F000E907ACB191C696CA9ABEC2BACED2D6E20C
:10C50000DADE7640447F64B5600D218D3C37A66C41
:10C510002768582B705C144C5054EEEA08ADB29268
:10C52000C797CB9BBFC3BBCFD3D7E3DBDF774145F7
:10C530008065B6610E228E3D38A76D2869592C7131
:10C540005D154D5155EFEB09AEB393C898CC9CC027
:10C55000C4BCD0D4D8E4DCE07842468166B7620F30
:10C56000238F3E39A86E296A5A2D725E164E525696
:10C57000F0EC0AAFB494C999CD9DC1C5BDD1D5D950
:10C58000E5DDE17943478267B8631024903F3AA91B
:10C590006F2A6B5B2E735F174F5357888586261F54
:10C5A00083843BA1A213181A190C0B3487110000C5
:10C5B0000000030080D70008000001007CD70008BD
:10C5C0000300010078D700080100010074D70008BB
:10C5D0000300010070D70008000001006CD70008BC
:10C5E0000000010068D700080000010064D70008BF
:10C5F0000000010060D70008000001005CD70008BF
:10C600000000010058D70008010C010054D70008B1
:10C61000FF03010050D70008BD0001004CD70008FF
:10C62000BD00010048D70008BD00010044D7000844
:10C63000BD00010040D70008000001003CD7000801
:10C640000100010038D7000801002000B8D600081A
:10C6500000000100B4D6000800000100B0D60008B8
:10C6600000000100ACD6000800000100A8D60008B8
:10C6700050000200A0D60008C05D01009CD6000852
:10C680004001010098D600081500010094D600086A
:10C690000000010090D60008000001008CD60008C0
:10C6A0000000010088D600080100020080D60008C2
:10C6B0000100030074D600085D00010070D6000878
:10C6C0005D0001006CD600085D00010068D600081E
:10C6D0005D00010064D600080100010060D600087A
:10C6E000000001005CD600080000010058D60008D8
:10C6F0000000010054D600080000010050D60008D8
:10C70000000001004CD600080000010048D60008D7
:10C710000000010044D600080000010040D60008D7
:10C72000000001003CD600080000030030D60008DD
:10C730000000040020D60008000001001CD60008FC
:10C740000000010018D60008000003000CD6000805
:10C750000000010008D600080200020000D6000810
:10C7600000000200F8D5000800000100F4D5000820
:10C7700000000100F0D5000800000100ECD5000821
:10C7800000000100E8D5000800000500D4D500082D
:10C7900000000100D0D5000800000100CCD5000841
:10C7A00000000100C8D5000800000100C4D5000841
:10C7B00001000500B0D50008010005009CD5000867
:10C7C0000100050088D500080100050074D50008A7
:10C7D0000000010070D50008000001006CD50008C1
:10C7E0000000010068D500080000010064D50008C1
:10C7F0000000090040D5000800000A0018D5000814
:10C800000000050004D5000800000500F0D4000871
:10C8100000000100ECD4000800000100E8D400088A
:10C8200000000100E4D4000800000100E0D400088A
:10C8300000000100DCD4000800000100D8D400088A
:10C8400000000100D4D4000800000100D0D400088A
:10C8500000000100CCD4000800000100C8D400088A
:10C8600000000100C4D4000800000100C0D400088A
:10C8700000000100BCD4000800000100B8D400088A
:10C8800000000100B4D4000800000100B0D400088A
:10C8900000000100ACD4000800000100A8D400088A
:10C8A00000000100A4D4000800000100A0D400088A
:10C8B000010005008CD400080100050078D40008B0
:10C8C0000100050064D400080100050050D40008F0
:10C8D000010001004CD400080100010048D4000808
:10C8E0000100010044D400080100010040D4000808
:10C8F000170001003CD400081700010038D40008DC
:10C900001700010034D400081700010030D40008DB
:10C91000070001002CD400080700010028D40008FB
:10C920000700010024D400080700010020D40008FB
:10C93000010001001CD400080100010018D4000807
:10C940000100010014D400080100010010D4000807
:10C95000000001000CD400080100010008D4000808
:10C960000000010004D400080000010000D4000809
:10C9700000000100FCD3000800000100F8D300080B
:10C980003F000100F4D3000804000100F0D30008C8
:10C9900000000100ECD3000801000100E8D300080A
:10C9A00000000100E4D3000803000100E0D3000808
:10C9B00003000100DCD3000803000100D8D3000805
:10C9C00003000100D4D300089D000100D0D300086B
:10C9D0004D000100CCD3000801000500B8D30008C9
:10C9E0001F000100B4D3000800000100B0D300080C
:10C9F00001000200A8D300080000050094D300083D
:10CA00000000030088D30008000003007CD3000866
:10CA10000000030070D30008000001006CD3000880
:10CA20000000010068D300080000010064D3000882
:10CA30000000010060D30008000001005CD3000882
:10CA40000000010058D300080000010054D3000882
:10CA50000000010050D300080000020048D3000885
:10CA60000000010044D300080000010040D300088A
:10CA7000000001003CD300080000010038D300088A
:10CA80000000010034D300080000010030D300088A
:10CA9000000001002CD300080000010028D300088A
:10CAA0000000050014D300080000010010D30008A6
:10CAB000000001000CD300080000010008D30008AA
:10CAC0000000010004D300080000010000D30008AA
:10CAD00000000100FCD2000800000100F8D20008AC
:10CAE00000000100F4D2000800000100F0D20008AC
:10CAF00000000100ECD2000800000100E8D20008AC
:10CB000005000100E4D2000845000100E0D2000861
:10CB100000000200D8D2000800000200D0D20008B5
:10CB200000000200C8D2000800000200C0D20008C5
:10CB30000A000100BCD2000800000100B8D20008C1
:10CB400000000100B4D2000800000100B0D20008CB
:10CB500000000100ACD200080100050098D20008D6
:10CB60000100050084D200080100050070D2000811
:10CB7000010005005CD200080000020054D2000849
:10CB80000000010050D20008000001004CD2000853
:10CB90000000010048D200080000010044D2000853
:10CBA0000000010040D20008000001003CD2000853
:10CBB0000000010038D200080000010034D2000853
:10CBC0000000010030D20008000001002CD2000853
:10CBD0000000010028D200080000010024D2000853
:10CBE0000000010020D20008000001001CD2000853
:10CBF0000000010018D200080000010014D2000853
:10CC00000000010010D20008000001000CD2000852
:10CC10000000010008D200080000010004D2000852
:10CC20000000010000D2000800000100FCD1000853
:10CC300000000100F8D1000800000100F4D1000854
:10CC400000000100F0D1000800000100ECD1000854
:10CC500000000100E8D1000800000100E4D1000854
:10CC600000000100E0D1000800000100DCD1000854
:10CC700000000100D8D1000800000100D4D1000854
:10CC800000000100D0D1000800000100CCD1000854
:10CC900000000100C8D1000800000100C4D1000854
:10CCA00000000100C0D1000800000100BCD1000854
:10CCB00000000100B8D1000800000100B4D1000854
:10CCC00000000100B0D1000800000100ACD1000854
:10CCD00000000100A8D1000800000100A4D1000854
:10CCE00000000100A0D10008080001009CD100084C
:10CCF0002000010098D100080000010094D1000834
:10CD00000000010090D10008000001008CD1000853
:10CD10000000010088D100080000010084D1000853
:10CD20000000010080D10008000001007CD1000853
:10CD30000000010078D100080000010074D1000853
:10CD4000060401001F1915120F0D0C0B004026449C
:10CD50009A994742000000000000804085EB514056
:10CD600000000000A0860100400D0300801A0600AC
:10CD700000350C0040420F0080841E0000093D0079
:10CD800000127A000024F40000366E010048E80129
:10CD9000006CDC020000000001020304F817010827
:10CDA0000000010000000000000000004D00010034
:10CDB000D10C0008000000001C0001004D0B000811
:10CDC000000000002C000800950B00080000000087
:10CDD00060000100CD0B0008000000007D0008008D
:10CDE000FD0B00080000000062001000350C000878
:10CDF00008180108170101000000000000000000F1
:10CE000018011000990C00082418010837000100CF
:10CE1000000000000000020068D8000800000100C7
:10CE200064D800080300010060D800080100010078
:10CE30005CD800080300010058D800080000010079
:10CE400054D800080000010050D80008000001007C
:10CE50004CD800080000010048D800080000040079
:10CE600038D800080000010034D800080400010090
:10CE700030D80008040001002CD800080C03020080
:10CE800024D80008C05D010020D800084001080037
:10CE900000D8000815000100FCD7000800000100C0
:10CEA000F8D7000800000100F4D7000800000100D6
:10CEB000F0D7000801000300E4D7000802000200D8
:10CEC000DCD7000800000200D4D7000800000100F1
:10CED000D0D7000801000100CCD700083F000100B6
:10CEE000C8D7000804000100C4D7000800000100F2
:10CEF000C0D7000801000100BCD7000800000100F5
:10CF0000B8D7000800000100B4D7000800000100F5
:10CF1000B0D7000800000100ACD7000805000100F0
:10CF2000A8D7000845000100A4D700080A000100A6
:10CF3000A0D70008000001009CD7000808000100ED
:10CF400098D700082000020090D7000800000100D8
:10CF50008CD7000800BE87BD8EBD14BD19BDA0BC16
:10CF600027BCAEBBADAD33ACB8AABEA8CBADD2AB7F
:10CF700058A95FA7DC9FE19B67986C947390F58A32
:10CF8000F8857A80F9C379C779CBF8CE75D1F4D416
:10CF900072D871DBF8E0F7E4F5E8F2EC56E952EC10
:10CFA0004EEFC9F139F0B3F22DF527F71DF515F65F
:10CFB0008CF784F8837A897A0F7A147A9A772077B3
:10CFC0002776AD752E6EB46CB96B3F6A4F71D56E16
:10CFD0005C6CE269DC5F615CE558EA54DE4DDF4978
:10CFE00061466242F7017705F608F60BF50E7412FA
:10CFF000F215711951164F19CC1BCA1E5C28D72B7C
:10D00000532F4E32392C342F2E32A93423399A3AE9
:10D01000923B093D093D093D093D093D093D093D59
:10D02000093D093D093D093D093D093D093D093DD0
:10D03000093D093D093D093D093D093D093D093DC0
:10D04000093D093D093D093D093D093D093D093DB0
:10D05000093D093D0000000000000000010203043A
:10D0600006070809613132312D76312E31302E30EC
:10D0700000000000000000000000000000000000B0
:10D0800000000000000000000000000000000000A0
:10D090000000000000000000000000000000000090
:10D0A0000000000000000000000000000000000080
:10D0B000000000000000000000000000FFFF000072
:10D0C000EDB70008FDB7000800000000E1370008D8
:10D0D0002904000850000000A00001000800100111
:10D0E000000000010300000050000000A00001004B
:10D0F00008001001000000010300000050000000C3
:10D10000A000010008001001000000010300000061
:10D1100050000000A0000100080010010000000104
:10D1200003000000000000000000000001000000FB
:10D130000100010002000100A000000040180108E9
:10D140004C180108541801085C18010868180108F7
:10D1500074180108801801088C1801089818010833
:10D16000A0180108A8180108B0180108B81801088B
:10D17000C018010832033000F702B000C202B0004C
:10D180008D02B0005802B000F8029000C302900077
:10D190008E02900059029000E400D000F40090004C
:10D1A000F700D1000703B000D202B0009D02B0002A
:10D1B0006802B00005033100D00231009B0231004B
:10D1C0006602310005033000D00230009B023000BF
:10D1D000660230000603B000D102B0009C02B0002D
:10D1E0006702B00001033100CC0231009702310028
:10D1F000620231000403B200CF02B2009A02B20010
:10D200006502B20013031002DE021002A90210022E
:10D21000740210020B031002D6021002A1021002C7
:10D220006C0210020303B000CE02B0009902B000FD
:10D230006402B0000203B000CD02B0009802B0005A
:10D240006302B00002033500CD02350098023500BC
:10D25000630235003A01B0004601B0001902250012
:10D26000380225003C022500430225004702250024
:10D27000D7012500F6012500FA012500010225004D
:10D280000502250095012500B4012500B8012500FF
:10D29000BF012500C30125005301250072012500AF
:10D2A000760125007D01250081012500FB0290000B
:10D2B000C6029000910290005C02900047030402B5
:10D2C000FE02081028030810C9020810F302081013
:10D2D00094020810BE0208105F02081089020810AC
:10D2E000DE00F700DE00F0002402F000E201F000B2
:10D2F000A001F0005E01F000F3003000F3007700C1
:10D30000F300D1007100072072000402A100100296
:10D31000A200100220000810270008103100081099
:10D320006F000810750007201B031002E6021002B0
:10D33000B10210027C02100217031002E202100276
:10D34000AD02100278021002C100B0003901B00035
:10D35000FA029000C5029000900290005B029000DB
:10D36000FC02B001C702B0019202B0015D02B0013F
:10D370009100081092000810930008108E00081009
:10D380008F000810900008108B0008108C00081007
:10D390008D0008103500081088000810890008105A
:10D3A0008A000810960008108400081094000810E5
:10D3B000380008104001B00049012500490126004D
:10D3C000490127004901280049012900B803B0019B
:10D3D000B903B0014202040200020402BE010402C9
:10D3E0007C01040236015100F2003000F2007700A7
:10D3F000F200D100F500D0000F031002DA02100293
:10D40000A502100270021002320331003203320012
:10D4100025020720E3010720A10107205F01072063
:10D4200026020402E4010402A201040260010402D3
:10D4300028020402E6010402A401040262010402BB
:10D4400041020720FF010720BD0107207B010720C3
:10D4500019022B0038022B003C022B0043022B0048
:10D4600047022B00D7012B00F6012B00FA012B00FD
:10D4700001022B0005022B0095012B00B4012B00AB
:10D48000B8012B00BF012B00C3012B0053012B005F
:10D4900072012B0076012B007D012B0081012B00F6
:10D4A0002F020720ED010720AB01072069010720AB
:10D4B00031020402EF010402AD0104026B01040217
:10D4C0005302A4001102A400CF01A4008D01A40006
:10D4D0005202A4001002A400CE01A4008C01A400FA
:10D4E0005102A4000F02A400CD01A4008B01A400EE
:10D4F000250007202F000710730008107C0008107B
:10D500007E0008101F0007202600071030000710BB
:10D51000740008107B000810280007203200071054
:10D520003900081041000710460005104B00082084
:10D530004C0008204F000810540008205500082017
:10D540002100072029000710330007103A000810B7
:10D5500040000710470005104A000820500008103E
:10D5600053000810F6029000C10290008C02900057
:10D570005702900019023701380237013C02370187
:10D580004302370147023701D7013701F60137015E
:10D59000FA01370101023701050237019501370110
:10D5A000B4013701B8013701BF013701C3013701A9
:10D5B0005301370172013701760137017D013701CF
:10D5C000810137011502B001D301B0019101B00111
:10D5D0004F01B0012E0007106B0007107F000820DC
:10D5E00080000810820007201402F000D201F00031
:10D5F0009001F0004E01F0002B0330002F033000AB
:10D600002B0354002F035400360007103F0008106E
:10D6100086000820AF000810590010025A001002BE
:10D62000220008102A000810340008103E000810DC
:10D630001B00051067000810680008201F02072063
:10D64000DD0107209B010720590107202002040269
:10D65000DE0104029C0104025A0104024801040292
:10D66000110107202003B001EB02B001B602B001A6
:10D670008102B001060024000D00240014002400E3
:10D680006A0008204A012600330157003301550083
:10D69000330153003501B00016010402FB000402FF
:10D6A000000104020B0104022B020402E90104023E
:10D6B000A70104026501040275010620780131000A
:10D6C00078013200790106208001062083013200B2
:10D6D000840106208A010620B7010620BA01310024
:10D6E000BA013200BB010620C2010620C50132008A
:10D6F000C6010620CC010620F9010620FC013100FC
:10D70000FC013200FD01062004020620070232005F
:10D71000080206200E0206203B0206203E023100CF
:10D720003E0232003F020620460206204902320035
:10D730004A0206205002062028010810C500D00029
:10D740002103B001EC02B001B702B0018202B001C6
:10D750009C0090019D009001F902D000C402D0000D
:10D760008F02D0005A02D000DF005A00DF003900DB
:10D77000DF005600DF003500DF005200DF0031001F
:10D78000B6003200BD003200BF0032005C01300044
:10D790003700D000C802D000B4009000B700D1001C
:10D7A000FA000402E200F700E200F000B3003000EB
:10D7B000B3007700B300D100D6005100B2003000B2
:10D7C000B2007700B200D100B500D0005C0131009A
:10D7D0005C013200290030002D0030002900540087
:10D7E0002D005400060024000D0024001400240025
:10D7F000D3005700D3005500D3005300D500B0002C
:10D80000AC0004021B030402F5040402FA0404023F
:10D81000010504020605040221050402580504025C
:10D82000180504026C010402220304023204B00051
:10D830007204B000CF040402C9043701CC043701DC
:10D84000D0043701D30437016105B0006305D0006F
:10D85000E3005A00E3003900E3005600E30035001E
:10D86000E3005200E3003100590032006000320052
:10D8700030BFC36335030100E5010800350308002C
:10D88000850301008503000014000000A847000084
:10D8900035030100E5011000350310008503010088
:10D8A0008503000014000000A847000035030100B4
:10D8B000E5012000350320008503010085030000F9
:10D8C00014000000D832000000000000B84B000037
:10D8D0002508000035080100450801004008000047
:10D8E00088090000A506A00B000000001702000038
:10D8F000F00900003702000070050000A80F0000CA
:10D90000000000008702000080020000F009000013
:10D91000B7020000B002000070050000981000007F
:10D920000846000000000000200300002003000063
:10D9300020030000F0090000500300005003000025
:10D9400070050000A0060000E0030000C84C0000C5
:10D95000100C0000404A0000204C00004804000069
:10D960005835000078360000500A0000500A0000C8
:10D97000E001000040020000D70200001400000097
:10D98000050800008506C0098006400A80062009B7
:10D990000900000018370000A80F000098100000D0
:10D9A000084600000900000018370000404A000047
:10D9B000204C00000900000018370000204C000037
:10D9C000981000000846000009000000F849000017
:10D9D0008848000055050000650500004505010068
:10D9E00009000000E5010800A506000085150400F7
:10D9F00035030300E501080035030800C506A46EE1
:10DA0000B83700008503010085030000A03800003E
:10DA10002838000009000000D0130000E0060000D4
:10DA2000880800001707000068250000F0090000C2
:10DA3000680900002708000002000000404A0000BA
:10DA4000204C0000B707000035070300D84E000047
:10DA50000A00000035070200F8090000A00F0000CE
:10DA60009010000000000000004600008808000040
:10DA700060090000430000005708000078280000FB
:10DA8000D813000000000000184800000900000042
:10DA900060250000E014000070280000B02800009D
:10DAA00000190000C02B0000002C0000201D000009
:10DAB000102F0000502F00004021000060320000B5
:10DAC000D813000009000000E01400000900000065
:10DAD000F50101000600000885150200851501000A
:10DAE0009515FF03A515010C09000000A8490000C9
:10DAF0001848000025050000350500001505010047
:10DB000009000000D50701002506646B3507890D63
:10DB10004507890D85061400D84E00002A00000034
:10DB2000250600008506000045070000104800009B
:10DB30000900000045000000E50186003500840072
:10DB40004201000043000000B50C0B0082CE010032
:10DB50004300000068330000283900004500010040
:10DB600009000000B50C000009000000B50C000021
:10DB700009000000A50B0000F50B0000050C1200C9
:10DB8000150C0000E50B0000950B0500483B00005C
:10DB90000620220038420000B50204007502000091
:10DBA00065024000E5010101B5020101A841000044
:10DBB00065020000783F0000A8420000D83B00004A
:10DBC000017C0007F2030000017C01000600400018
:10DBD0004300000001000005283C0000090000008F
:10DBE000D5080A00E5081A00450285225502FD0104
:10DBF00009000000A5010000D5000000E5000000BC
:10DC0000F5002000050100001501000025010000BD
:10DC100035010000850100004501000055010000AC
:10DC200065010000750100009501000095000100EC
:10DC30007500FF3709000000350A0900550A000089
:10DC4000C50A0800650A3F08250A6000950A010018
:10DC5000250A7F0009000000D83C000002DC050016
:10DC600043000000D5000000E5000000750003003F
:10DC700002050000430000008500030025000000AD
:10DC8000180B000025000100E501020075000000EE
:10DC900009000000583A0000180E000002050000BC
:10DCA000430000008500FF37D50A4F007500FF3F95
:10DCB0008500FF3F50110000050A6B01050A0801AD
:10DCC000050AB502E50C0100021400004300000043
:10DCD000280F00004503010045030200381300002F
:10DCE000483B0000184500005845000078440000FB
:10DCF000A845000025000000E501000535000005ED
:10DD0000E501020015000000020F000043000000C2
:10DD100018430000883A0000E501010035000100C9
:10DD20006201000043000000C80D0000784E0000B2
:10DD3000250901009500FF4009000000050D0100C4
:10DD4000250D0100150D1500A50A0100450D8700E0
:10DD500009000000A50B0000F50A000025022E00B6
:10DD600009000000083B000078440000E5011F00A6
:10DD7000150B1F0038420000C8400000A8420000F8
:10DD800006202200E50A0800F50A0000883B000092
:10DD900002000000E10300034300000001008002D4
:10DDA000283C0000090000003502000015020000B8
:10DDB000060220002200000032000000E17F800007
:10DDC00001F400001600000043000000C60100003E
:10DDD00043000000E715000002000000F8160000F4
:10DDE0004300000006001C003502000090160000F1
:10DDF000720000000602000072010000F816000028
:10DE0000430000000200000006001C004300000068
:10DE100043000000E71600000602000002000000B8
:10DE2000F816000043000000090000001200000086
:10DE300001F4000012000000E17F800026000000D5
:10DE400001F4010000008000E17F8000E601000095
:10DE500001F4070000008007430000006018000084
:10DE600032000000E17F80002600000001F4030082
:10DE700000008000E17F8000E601000001F407005F
:10DE8000000080074300000006004000160000006C
:10DE90004300000026000000000080000600000093
:10DEA0000600000006000000017480000900000068
:10DEB00035020000150200000602200022000000CA
:10DEC00032000000E17F800001F400001600000035
:10DED00043000000C601000043000000071A0000D4
:10DEE00002000000181B00004300000006001C0098
:10DEF00035020000B01A00007200000006020000A7
:10DF000072010000181B0000430000000200000026
:10DF100006001C004300000043000000071B000037
:10DF20000602000002000000181B00004300000071
:10DF3000090000001200000001F4000012000000BF
:10DF4000E17F80002600000001F401000000800055
:10DF5000E17F8000E601000001F407000000800777
:10DF600043000000801C000032000000E17F8000C0
:10DF70002600000001F4030000008000E17F800023
:10DF8000E601000001F407000000800743000000E4
:10DF900006004000160000004300000026000000BC
:10DFA00000008000060000000600000006000000DF
:10DFB0000174800009000000350200001502000015
:10DFC000060220002200000032000000E17F8000F5
:10DFD00001F400001600000043000000C60100002C
:10DFE00043000000271E000002000000381F000050
:10DFF0004300000006001C0035020000D01E000097
:10E00000720000000602000072010000381F0000CC
:10E01000430000000200000006001C004300000056
:10E0200043000000271F000006020000020000005D
:10E03000381F00004300000009000000120000002B
:10E0400001F4000012000000E17F800026000000C3
:10E0500001F4010000008000E17F8000E601000083
:10E0600001F407000000800743000000A02000002A
:10E0700032000000E17F80002600000001F4030070
:10E0800000008000E17F8000E601000001F407004D
:10E09000000080074300000006004000160000005A
:10E0A0004300000026000000000080000600000081
:10E0B0000600000006000000017480000900000056
:10E0C00035020000150200000602200022000000B8
:10E0D00032000000E17F800001F400001600000023
:10E0E00043000000C601000043000000472200007A
:10E0F00002000000582300004300000006001C003E
:10E1000035020000F022000072000000060200004C
:10E1100072010000582300004300000002000000CC
:10E1200006001C00430000004300000047230000DD
:10E130000602000002000000582300004300000017
:10E14000090000001200000001F4000012000000AD
:10E15000E17F80002600000001F401000000800043
:10E16000E17F8000E601000001F407000000800765
:10E1700043000000C024000032000000E17F800066
:10E180002600000001F4030000008000E17F800011
:10E19000E601000001F407000000800743000000D2
:10E1A00006004000160000004300000026000000AA
:10E1B00000008000060000000600000006000000CD
:10E1C000017480000900000098130000F50B0000A6
:10E1D000050C0000150C0000E50B0000950B00007D
:10E1E000E50A0000050200000620020010340000CD
:10E1F000050B0000050B0C00050B0000150B0000C3
:10E20000250B0000350B0100450B0000550B0000ED
:10E21000650B000038420000B502040075020000E2
:10E2200065020000E5010900B5020900A8410000EF
:10E2300065020000E5014100B5024100A84100006F
:10E2400065020000783E0000B5020400750200007F
:10E2500065020000E5010101B5020101A8410000CD
:10E2600065020000783F0000A84200001828000066
:10E270000900000015095D00F508BD00E50100205A
:10E28000F508002001000000090000000100000561
:10E29000283C0000004E0000090000009813000018
:10E2A000F50B0000050C0000150C0000E50B00004C
:10E2B000950B0000E50A00000502000006200200A0
:10E2C00010340000050B0000050B0C00050B0000CE
:10E2D000150B0000250B0000350B0100450B00005D
:10E2E000550B0000650B000038420000B502040029
:10E2F0007502000065020000E5010900B502090091
:10E30000A841000065020000E5014100B50241009E
:10E31000A841000065020000783E0000B50204003C
:10E320007502000065020000E5010101B50201016E
:10E33000A841000065020000783F0000A8420000EC
:10E34000682B00000900000015095D00F508BD00FC
:10E35000E5010020F5080020010000000900000090
:10E3600001000005283C0000004E000009000000EC
:10E3700098130000F50B0000050C0000150C0000C0
:10E38000E50B0000950B0000E50A00000502000007
:10E390000620020010340000050B0000050B0C00E5
:10E3A000050B0000150B0000250B0000350B0100CC
:10E3B000450B0000550B0000650B000038420000C3
:10E3C000B50204007502000065020000E5010900C5
:10E3D000B5020900A841000065020000E501410006
:10E3E000B5024100A841000065020000783E00002F
:10E3F000B50204007502000065020000E50101019C
:10E40000B5020101A841000065020000783F00004C
:10E41000A8420000B82E00000900000015095D00A8
:10E42000F508BD00E5010020F5080020010000000E
:10E430000900000001000005283C0000004E00001B
:10E440000900000098130000F50B0000050C000007
:10E45000150C0000E50B0000950B0000E50A00001C
:10E46000050200000620020010340000050B000029
:10E47000050B0C00050B0000150B0000250B000020
:10E48000350B0100450B0000550B0000650B00002B
:10E4900038420000B5020400750200006502000069
:10E4A000E5010900B5020900A8410000650200006D
:10E4B000E5014100B5024100A841000065020000ED
:10E4C000783E0000B50204007502000065020000FD
:10E4D000E5010101B5020101A8410000650200004B
:10E4E000783F0000A8420000083200000900000048
:10E4F00015095D00F508BD00E5010020F5080020C4
:10E50000010000000900000001000005283C000097
:10E51000004E000009000000E5013100C5082000A0
:10E52000090000006503C000B5070200B5082A0015
:10E53000A83200000900000055080200F50501009E
:10E54000350C040009000000D50701002506E40091
:10E5500065070600E507080045061400D84E0000D0
:10E560000A000000F848000028490000650727005D
:10E5700009000000350C0200350C0300E501010024
:10E58000050B0100E5010200D50A0000A200000011
:10E590004300000009000000E5010800A506000096
:10E5A00025030300E501080025030800C506046FE4
:10E5B000B8370000950301009503000028380000DB
:10E5C0000900000015080000E5010800A506080084
:10E5D000D84E00002A0000000900000025080000B5
:10E5E000250600003507030045070300D84E00004C
:10E5F0000A000000090000002508010009000000D1
:10E60000F50101100600000809000000E501040002
:10E6100085060400D50701002506C46DD84E00000C
:10E620002A00000009000000250600008506000001
:10E6300009000000E8360000184800008848000083
:10E6400009000000E501100035031000090000007A
:10E65000E50110002503100009000000D5070100A6
:10E6600025061400D84E00002A00000025060000F0
:10E67000C506000009000000E5061800D84E00009D
:10E680000A000000E50600003508010088090000C6
:10E69000A506A00B0900000005071800D84E0000D1
:10E6A0000A00000005070000450801004836000088
:10E6B000A506406909000000E501860035008400D8
:10E6C0004201000043000000E5010300B50C010019
:10E6D0006200000043000000D50701002506E400A9
:10E6E00065070600E507080045061800D84E00003B
:10E6F0000A000000F84800002849000065072700CC
:10E7000009000000E5010300B50C0300090000004A
:10E7100068330000E50102003500020062010000DC
:10E7200043000000E50184003500000009000000FE
:10E730001502360005020E0025022E000900000019
:10E740001502360005020E002502930009000000A4
:10E7500015094D00F5089D00E5010020F508002091
:10E760000900000015095D00F508BD00E501002065
:10E77000F508002009000000E5010020F508000070
:10E78000000000000000000025000100E50102007B
:10E790001500020025000000E50102001500000040
:10E7A0000900000065007F0009000000650000000E
:10E7B000090000007500010009000000D5000000FC
:10E7C000E50102009500020009000000A50100001B
:10E7D000E5000000F5002000050100001501000023
:10E7E000250100003501000045010300550103002B
:10E7F0008501030065010300750103009501030015
:10E80000E501F77F9500F57F09000000E501FF01B4
:10E810006502E001E5011100B5021100A841000008
:10E82000E501FF016502FF01E5012100B5022100BC
:10E83000A8410000E501FF016502F801E501810042
:10E84000B5028100A841000009000000E501FF01B8
:10E850006502C001E5010102B5020102A841000004
:10E86000E501FF016502FF01E5010104B5020104B4
:10E87000A8410000E501FF016502F801E50101087A
:10E88000B5020108A8410000E501FF016502FF0192
:10E89000E5010110B5020110A841000009000000C7
:10E8A000B50204006502003FB5020D00F84100000A
:10E8B0006502C0FFB5021500F84100006502F0FFD7
:10E8C000B5028500F84100006502FFFFB502250092
:10E8D000F841000009000000B208000043000000F9
:10E8E000E501F91FB502000009000000B2080000B0
:10E8F00043000000B502040009000000E501000526
:10E9000035000000E501001835000018E50100059C
:10E910003500000509000000E50100053500000094
:10E92000E501001835000000E5010005350000058F
:10E9300009000000450A0100450A000065070300C0
:10E94000D50708002506140058490000A847000014
:10E9500025073900F50400000505803EE5040100A7
:10E96000D84E00000A000000A8470000F848000048
:10E970006507000009000000250A0000950A000054
:10E98000250A0000650A000009000000050B0000D0
:10E99000050B0C00050B0000150B1F00250B0000DC
:10E9A000350B0100450B0000550B0000650B000006
:10E9B00009000000F50B0000050C0E00150C00000E
:10E9C00009000000950B0700A50B0400E50A0700ED
:10E9D000F50A040009000000D50B0500B50B030083
:10E9E00009000000D50B0500B50B00000900000070
:10E9F00038420000B5020400750200006502C03F05
:10EA0000E5010101B5020101A8410000650200FE17
:10EA1000783F0000A8420000483B0000062022008A
:10EA2000D83B0000F5090100E5010003950900014C
:10EA300001F40000D50B0500024B0000430000006C
:10EA4000D50B0900F5090000E50100039509000058
:10EA5000283C00000900000025070000B505010062
:10EA60006200000043000000B5050000E50400005E
:10EA70000900000035070000C50501006200000024
:10EA800043000000C5050000150500000900000056
:10EA900045070000D50501006200000043000000AA
:10EAA000D50500004505000009000000250600000E
:10EAB000D50700000900000045060000E50700003A
:10EAC0000900000015000400E50108003500000001
:10EAD000150000000900000015000800E501100005
:10EAE00035000000150000000900000015001000AE
:10EAF000E5012000350000001500000009000000BD
:10EB000095000100E50C00002509000028390000EF
:10EB100025000100E501020015000200E5010600E4
:10EB200085000000E501060075000000D8450000E2
:10EB3000984E0000E5010100350000006201000070
:10EB40004300000028440000D50A000085000100B1
:10EB5000183D0000783D0000090000002833000047
:10EB6000C500000095140000783D0000383D00000D
:10EB7000F80B000009000000D80B0000E5010100BF
:10EB800085000000E501010075000000383D00002F
:10EB9000E501020015000000F83C0000090000003B
:10EBA000950C1300750C3800850C02001502360018
:10EBB00005020E0025022E00062022001509ED0098
:10EBC000F508DD01E5010020F50800200100000541
:10EBD000010001050100000506004000283C00007E
:10EBE000750C0000850C0000950C00000900000069
:10EBF000350C0000350C0400E5010100050B000098
:10EC0000E5010200D50A020009000000450DFF00E1
:10EC100009000000450D0000A50A0000050D0000D8
:10EC2000090000005200000043000000090000003D
:10EC3000300EB36335030100E50108003503080019
:10EC4000850301008503000014000000A8010000F6
:10EC500035030100E50110003503100085030100B4
:10EC60008503000014000000A80100003503010026
:10EC7000E501200035032000850301008503000025
:10EC80001400000015000400E50108003500000034
:10EC9000150000000900000025070000B50501006F
:10ECA0006200000043000000B5050000E50400001C
:10ECB0000900000025060000D5070000090000003B
:10ECC00045060000E5070000090000006503C000DC
:10ECD000B5070200B5082A00C802000009000000BC
:10ECE000E5013100C50820000900000052000000C5
:10ECF000430000000900000065007F0009000000DB
:10ED0000A5010000D5000000E5000000F50020008E
:10ED1000050100001501000025010000350100007B
:10ED2000850100004501000055010000650100005B
:10ED30007501000095010000950001007500FF3786
:10ED400009000000D5000000E50102009500020066
:10ED500009000000A5010000E5000000F50020000A
:10ED6000050100001501000025010000350100002B
:10ED700045010300550103008501030065010300FF
:10ED80007501030095010300E501F77F9500F57F0C
:10ED900009000000B50C000009000000450000005B
:10EDA000E5018600350084004201000043000000B8
:10EDB000B50C0B0082CE0100430000008808000063
:10EDC000580700004500010009000000E5010300AC
:10EDD000B50C030009000000020F00004300000012
:10EDE0000900000088080000E5010200350002006B
:10EDF0006201000043000000E501840035000000CE
:10EE000009000000E5018600350084004201000091
:10EE100043000000E5010300B50C010062000000A2
:10EE200043000000D50701002506E4006507060041
:10EE3000E507080045061800F80200000A00000077
:10EE400018020000480200006507270009000000C2
:10EE5000D50701002506E40065070600E507080060
:10EE600045061400F80200000A0000001802000025
:10EE7000480200006507270009000000550D010049
:10EE80000000000075070000C50D900975072700F8
:10EE90008513010015140100E50104008513040029
:10EEA000E501040015140400E501080085130800BD
:10EEB000E501F8011514F801090000001502000031
:10EEC00005020000250201000620220015090200AB
:10EED000F5080400E5010020F50800200900000005
:10EEE0000214000043000000010001000100800244
:10EEF0000600400009000000350A0900550A00001C
:10EF0000C50A0800650A3F08250A6000950A010045
:10EF1000250A7F0009000000250A0000950A00006C
:10EF2000250A0000650A000009000000450A0100EA
:10EF3000450A000065070300D507080025061400F0
:10EF400058010000A801000025073900F504000061
:10EF50000505803EE5040100F80200000A000000FB
:10EF6000A801000018020000650700000900000069
:10EF7000450A0100450A000009000000050D0100D6
:10EF8000250D0100150D1500A50A0100450D87008E
:10EF900009000000450DFF000900000015095D0093
:10EFA000F508BD00E5010020F5080020090000007B
:10EFB000D5080A00E5081A00450285225502FD0120
:10EFC000090000001502360005020E00250293001C
:10EFD00009000000E5010020F50800000000000025
:10EFE0000000000025000100E501020015000200FC
:10EFF00025000000E50102001500000009000000E6
:10F00000350C0200350C0300E5010100050B010081
:10F01000E5010200D50A0000A20000004300000044
:10F0200009000000E501000535000000E5010018B9
:10F0300035000018E5010005350000050900000055
:10F04000E501000535000000E5010018350000006D
:10F05000E50100053500000509000000B2080000C8
:10F0600043000000E501F91FB5020000090000009F
:10F07000E501FF016502E001E5011100B5021100A3
:10F08000B8100000E501FF016502FF01E501210064
:10F09000B5022100B8100000E501FF016502F8018A
:10F0A000E5018100B5028100B810000009000000F0
:10F0B000E501FF016502C001E5010102B50201029F
:10F0C000B8100000E501FF016502FF01E501010440
:10F0D000B5020104B8100000E501FF016502F80166
:10F0E000E5010108B5020108B8100000E501FF01C3
:10F0F0006502FF01E5010110B5020110B810000022
:10F1000009000000D50B0500B50B03000900000045
:10F11000D80F0000B5020400750200006502C03F70
:10F12000E5010101B5020101B8100000650200FE11
:10F130000812000048100000580E000006202200AF
:10F14000B80D0000F5090100E50100039509000173
:10F1500001F40000D50B0500024B00004300000045
:10F16000D50B0900F5090000E50100039509000031
:10F17000980E000009000000050B0000050B0C00B4
:10F18000050B0000150B1F00250B0000350B0100BF
:10F19000450B0000550B0000650B00000900000046
:10F1A0005508020058010000A801000018020000E4
:10F1B00048020000F5050100350C0400780200004B
:10F1C0002851000038090000380A00000100000042
:10F1D000950C1300750C3800850C0200A20000008D
:10F1E000C2300000430000004300000001000105A0
:10F1F0000600400001008002750C0001850C18001B
:10F20000C80A0000850C38002503000065070300CC
:10F21000D50708002506140058010000F504000079
:10F220000505800285142200C50A0000080D0000B3
:10F23000A801000025072106E5040100F8020000EE
:10F240000A000000A8010000E501010025030100FB
:10F25000C80A0000C50A0100080D0000A80100004E
:10F2600025074D06E5040100F80200000A00000031
:10F27000A8010000E501020025030200C80A000001
:10F28000C50A0200080D0000A80100002507790644
:10F29000E5040100F80200000A000000A8010000D7
:10F2A000E501040025030400C80A0000C50A0300A4
:10F2B000080D0000A80100002507A506E5040100CF
:10F2C000F80200000A000000A8010000E5010800A3
:10F2D00025030800C80A0000C50A0400080D000044
:10F2E000A80100002507D106E5040100F80200008E
:10F2F0000A000000A8010000E5011000250310002D
:10F30000C80A0000C50A0500080D0000A801000099
:10F310002507FD06E5040100F80200000A000000D0
:10F32000A8010000E501200025032000C80A000014
:10F33000C50A0600080D0000A801000025072907DE
:10F34000E5040100F80200000A000000A801000026
:10F35000E501400025034000C80A0000C50A070077
:10F36000080D0000A801000025075507E50401006D
:10F37000F80200000A000000A8010000E50180007A
:10F3800025038000C80A0000C50A0800080D000017
:10F39000A801000025078107E5040100F80200002C
:10F3A0000A000000A8010000E5010001250300019A
:10F3B000C80A0000C50A0900080D0000A8010000E5
:10F3C0002507AD07E5040100F80200000A0000006F
:10F3D000A8010000E501000225030002C80A0000A0
:10F3E000C50A0A00080D0000A80100002507D9077A
:10F3F000E5040100F80200000A000000A801000076
:10F40000E501000425030004C80A0000C50A0B003A
:10F41000080D0000A801000025070508E50401000B
:10F42000F80200000A000000A8010000E501000841
:10F4300025030008C80A0000C50A0C00080D0000DA
:10F44000A801000025073108E5040100F8020000CA
:10F450000A000000A8010000E501001025030010CB
:10F46000C80A0000C50A0D00080D0000A801000030
:10F4700025075D08E5040100F80200000A0000000D
:10F48000A8010000E501002025030020C80A0000B3
:10F49000C50A0E00080D0000A80100002507890814
:10F4A000E5040100F80200000A000000A8010000C5
:10F4B000E501004025030040C80A0000C50A0F000E
:10F4C000080D0000A80100002507B508E5040100AB
:10F4D000F80200000A000000A8010000E501008019
:10F4E00025030080C80A000085140000A80B000056
:10F4F00018020000C85000001400000078590000F5
:10F50000750C8000850C8000B50A0300E50104003D
:10F51000B50C040006000008950A6100484F000081
:10F52000950A6900484F0000950A7100484F000095
:10F53000950A7900484F0000950A4100484F0000A5
:10F54000950A4900484F0000950A5100484F0000B5
:10F55000950A5900484F0000950A2100484F0000C5
:10F56000950A2900484F0000950A3100484F0000D5
:10F57000950A3900484F0000950A0100484F0000E5
:10F58000950A0900484F0000950A1100484F0000F5
:10F59000950A1900484F0000B50A000001008002DA
:10F5A000750C0200850C0200E5010400B50C00009A
:10F5B000C80A0000750C1800850C0600F500100044
:10F5C000C80A0000F5001100C80A0000F50012008A
:10F5D000C80A0000F5001300C80A0000F500140076
:10F5E000C80A0000F5001500C80A0000F500160062
:10F5F000C80A0000F5001700C80A0000F50018004E
:10F60000C80A0000F5001900C80A0000F5001A0039
:10F61000C80A0000F5001B00C80A0000F5001C0025
:10F62000C80A0000F5001D00C80A0000F5001E0011
:10F63000C80A0000F5001F00C80A0000F5002000FD
:10F64000C80A0000F5002100C80A0000F5002200E9
:10F65000C80A0000F5002300C80A0000F5002400D5
:10F66000C80A0000F5002500C80A0000F5002600C1
:10F67000C80A0000F5002700C80A0000F5002800AD
:10F68000C80A0000F5002900C80A0000F5002A0099
:10F69000C80A0000F5002B00C80A0000F5002C0085
:10F6A000C80A0000F5002D00C80A0000F5002E0071
:10F6B000C80A0000F5002F00C80A0000F50030005D
:10F6C000C80A0000F5003100C80A0000F500320049
:10F6D000C80A0000F5003300C80A0000F500340035
:10F6E000C80A0000F5003500C80A0000F500360021
:10F6F000C80A0000F5003700C80A0000F50038000D
:10F70000C80A0000F5003900C80A0000F5003A00F8
:10F71000C80A0000F5003B00C80A0000F5003C00E4
:10F72000C80A0000F5003D00C80A0000F5003E00D0
:10F73000C80A0000F5003F00C80A0000A80B00003E
:10F74000C850000014000000785900004503010073
:10F75000F5002000750C0300850C0300E501040092
:10F76000B50C040006000008150D1000085000003C
:10F77000150D110008500000150D12000850000072
:10F78000150D130008500000150D1400085000005E
:10F79000150D150008500000150D1600085000004A
:10F7A000150D170008500000150D18000850000036
:10F7B000150D190008500000150D1A000850000022
:10F7C000150D1B0008500000150D1C00085000000E
:10F7D000150D1D0008500000150D1E0008500000FA
:10F7E000150D1F0008500000150D00000850000006
:10F7F000150D010008500000150D02000850000012
:10F80000150D030008500000150D040008500000FD
:10F81000150D050008500000150D060008500000E9
:10F82000150D070008500000150D080008500000D5
:10F83000150D090008500000150D0A0008500000C1
:10F84000150D0B0008500000150D0C0008500000AD
:10F85000150D0D0008500000150D0E000850000099
:10F86000150D0F0008500000350D0000010080024A
:10F87000980E0000A80B000045030000C8500000CF
:10F8800014000000B50B0300F5090100250001007C
:10F890009509000125000000D50B0E0002140000A0
:10F8A00043000000D50B0A00F5090000950900008F
:10F8B000950C000062090000C23000004300000007
:10F8C00043000000380A0000E5010400B50C040004
:10F8D000050C000006000008150C0000E50B3C00BC
:10F8E000C80A0000E50B3400C80A0000E50B2C0034
:10F8F000C80A0000E50B2400C80A0000E50B04005C
:10F90000C80A0000E50B0C00C80A0000E50B140053
:10F91000C80A0000E50B1C00C80A0000150C010015
:10F92000E50B3C00C80A0000E50B3400C80A0000E3
:10F93000E50B2C00C80A0000E50B2400C80A0000F3
:10F94000E50B0400C80A0000E50B0C00C80A000023
:10F95000E50B1400C80A0000E50B1C00C80A0000F3
:10F96000150C0200E50B3C00C80A0000E50B340052
:10F97000C80A0000E50B2C00C80A0000E50B2400B3
:10F98000C80A0000E50B0400C80A0000E50B0C00E3
:10F99000C80A0000E50B1400C80A0000E50B1C00B3
:10F9A000C80A0000150C0300E50B3C00C80A000063
:10F9B000E50B3400C80A0000E50B2C00C80A000063
:10F9C000E50B2400C80A0000E50B0400C80A00008B
:10F9D000E50B0C00C80A0000E50B1400C80A000083
:10F9E000E50B1C00C80A0000150C0400E50B3C00E8
:10F9F000C80A0000E50B3400C80A0000E50B2C0023
:10FA0000C80A0000E50B2400C80A0000E50B04004A
:10FA1000C80A0000E50B0C00C80A0000E50B140042
:10FA2000C80A0000E50B1C00C80A0000150C050000
:10FA3000E50B3C00C80A0000E50B3400C80A0000D2
:10FA4000E50B2C00C80A0000E50B2400C80A0000E2
:10FA5000E50B0400C80A0000E50B0C00C80A000012
:10FA6000E50B1400C80A0000E50B1C00C80A0000E2
:10FA7000150C0600E50B3C00C80A0000E50B34003D
:10FA8000C80A0000E50B2C00C80A0000E50B2400A2
:10FA9000C80A0000E50B0400C80A0000E50B0C00D2
:10FAA000C80A0000E50B1400C80A0000E50B1C00A2
:10FAB000C80A0000150C0700E50B3C00C80A00004E
:10FAC000E50B3400C80A0000E50B2C00C80A000052
:10FAD000E50B2400C80A0000E50B0400C80A00007A
:10FAE000E50B0C00C80A0000E50B1400C80A000072
:10FAF000E50B1C00C80A0000150C0800E50B3C00D3
:10FB0000C80A0000E50B3400C80A0000E50B2C0011
:10FB1000C80A0000E50B2400C80A0000E50B040039
:10FB2000C80A0000E50B0C00C80A0000E50B140031
:10FB3000C80A0000E50B1C00C80A0000150C0900EB
:10FB4000E50B3C00C80A0000E50B3400C80A0000C1
:10FB5000E50B2C00C80A0000E50B2400C80A0000D1
:10FB6000E50B0400C80A0000E50B0C00C80A000001
:10FB7000E50B1400C80A0000E50B1C00C80A0000D1
:10FB8000C850000014000000A8590000E85500000B
:10FB9000F50A000028590000F50A01002859000064
:10FBA000F50A020028590000F50A03002859000050
:10FBB000F50A040028590000F50A0500285900003C
:10FBC000F50A060028590000F50A07002859000028
:10FBD00001008002980E0000085A0000C850000082
:10FBE00014000000A8590000080E0000D80F000003
:10FBF000B5020400750200006502C03FE50109007E
:10FC0000B5020900B810000065020000E5014100DE
:10FC1000B5024100B8100000650200FE08110000A6
:10FC2000985800004810000006200208B80D000097
:10FC3000A50B040068550000F50A0000D84D00002F
:10FC4000F50A0100D84D0000F50A0200D84D000069
:10FC5000F50A0300D84D0000F50A0400D84D000055
:10FC6000F50A0500D84D0000F50A0600D84D000041
:10FC7000F50A0700D84D000001008002980E000030
:10FC8000085A0000C850000014000000A8590000E5
:10FC9000E50A0800950B0800F50B0F00D80F0000CF
:10FCA000B5020400750200006502C03FE5010900CD
:10FCB000B5020900B810000065020000E50141002E
:10FCC000B5024100B8100000650200FE08110000F6
:10FCD000B5020400750200006502C03FE5010101A4
:10FCE000B5020101B8100000650200FE0812000014
:10FCF00048100000B80D0000F50A04001502A0002D
:10FD00000600200801F4000506020000A50B000013
:10FD1000884C000006020000A50B0100884C000082
:10FD200006020000A50B0200884C0000060200003D
:10FD3000A50B0300884C000006020000A50B040080
:10FD4000884C000006020000A50B0500884C00004E
:10FD500006020000A50B0600884C00000602000009
:10FD6000A50B0700884C000001000005980E00005C
:10FD7000085A0000C850000014000000A8590000F4
:10FD8000E50A0800950B0800F50B0900D80F0000E4
:10FD9000B5020400750200006502C007E501090014
:10FDA000B5020900B810000065020000E50141003D
:10FDB000B5024100B81000006502001E08110000E5
:10FDC000B5020400750200006502C007E5010101EB
:10FDD000B5020101B81000006502001E0812000003
:10FDE00048100000350200001502A00025022E0078
:10FDF00006202008B80D0000A50B0400050C030028
:10FE0000150C000068550000D84D0000010080026C
:10FE1000980E0000085A0000C850000014000000AE
:10FE2000A8590000E5010400B50C0000350C0100E4
:10FE3000750C8001850C0200950C1300450C09001F
:10FE4000650C1B0028150000450B0200E50A0800A0
:10FE5000950B0800D80F0000B502040075020000E1
:10FE600065024000E5010900B5020900B810000074
:10FE700065020000E5014100B5024100B810000034
:10FE80006502007E0811000098580000481000002C
:10FE9000B80D0000010000001502A10025026E004F
:10FEA000650B0400062020084853000006002008C7
:10FEB00022000000485300004300000001008002BF
:10FEC000650B0C00060020004200000048530000B3
:10FED0004300000001000005650C0000450C0F0008
:10FEE000550C0300750CC001150B0900550B0700DC
:10FEF000350B2900250B0B000600200052000000E6
:10FF0000585400004300000001008002550B0F0010
:10FF1000350B090006002000520000005854000074
:10FF20004300000001008002250B130006002000A2
:10FF3000520000005854000043000000010000057A
:10FF4000980E0000085A0000C8500000140000007D
:10FF500012000000E175000001F40100260000001D
:10FF6000E175000001F40700E60100000200000056
:10FF7000E175000001F4030026000000E1750000B7
:10FF800001F40700E6010000430000000600400005
:10FF900016000000430000002600000001748000ED
:10FFA0000900000006002000120000000602000008
:10FFB00072010000884C00004300000006001C0095
:10FFC0004300000001F48002090000000600200048
:10FFD0000602000072010000884C0000430000008F
:10FFE00001F48002090000008513000015140000D0
:10FFF00075070000C50D0000550D01000900000047
:020000040801F1
:10000000B50A0300021400004300000001000100D3
:1000100001008002B50A0200021400004300000043
:1000200001000700010080020600400009000000F6
:10003000350D010002140000430000000100010022
:1000400001008002350D030002140000430000008F
:1000500001000700010080020600400009000000C6
:1000600035030200E50100003503000085030100AF
:100070008503000009000000C50000009514000081
:1000800098040000580400009805000028030000B0
:1000900002DC05004300000048030000A20100004C
:1000A000430000008500FF37D50A4F007500FF3F71
:1000B0008500FF3F0214000043000000E50C010032
:1000C000280B0000380D000025000000E5010005A8
:1000D00035000005E501020015000000B80500002C
:1000E000020F000043000000980D000025090100E8
:1000F00078060000A8060000D806000009000000ED
:1001000006020000F202000001080000E107000002
:100110000100000001000100620000000108000071
:10012000E10700000100000001000300430000009F
:1001300006004000260000004300000006001C00EE
:100140000900000006020000F20200000128000081
:1001500001100000E1070000010001006200000042
:100160000128000001100000E10700000100030069
:10017000430000000600400026000000430000008D
:1001800006001C0009000000F509010095090001A6
:100190000214000043000000F5090000950900006A
:1001A00001F4000109000000050A6B01050A0801BD
:1001B000050AB502150D0000D50B0900E50B00007E
:1001C000980E00004503010045030200E84E0000C0
:1001D0005813000088130000D80F0000B502040077
:1001E000750200006502C03FE5010900B502090083
:1001F000B810000065020000E5014100B5024100B1
:10020000B8100000650200FE0811000098580000B8
:1002100048100000E50A0800950B0700480F000091
:1002200015029D00350200000502760025022E0011
:1002300006200208B80D0000A50B0400050C1100F3
:10024000150C0000F50B020068550000080E0000B8
:1002500009000000B50204007502000065024000BC
:10026000E5010101B5020101B810000065020000BE
:1002700008120000090000005502DD0D784E000054
:100280005502FF0F784E000009000000280B000007
:10029000F80B00000900000078590000E50101009A
:1002A0003500010062010000430000000900000069
:1002B000E50101003500000062010000430000007C
:1002C000A80B000009000000000000000000000072
:1002D000000000000000000000000000000000001E
:1002E000000000000000000000000000000000000E
:1002F00000000000000000000000000000000000FE
:1003000000000000000000000000000000000000ED
:1003100000000000000000000000000000000000DD
:1003200000000000000000000000000000000000CD
:1003300000000000000000000000000000000000BD
:1003400000000000000000000000000000000000AD
:10035000000000000000000000000000000000009D
:10036000000000000000000000000000000000008D
:10037000000000000000000000000000000000007D
:10038000000000000000000000000000000000006D
:1003900000000000496E76616C696420636F6E66D0
:1003A00069672068616E646C65000000636F6E664B
:1003B00069670000496E76616C69642073656E73CD
:1003C0006F722068616E646C6500000073656E7307
:1003D0006F720000496E76616C6964207375627398
:1003E0007765657020696E6465780000496E766196
:1003F0006C69642070726F63657373696E672068DF
:10040000616E646C6500000070726F636573736980
:100410006E670000546F6F206C61726765207365B2
:100420006E736F72206275666665722075736167A0
:100430006500000072616461725F656E67696E6578
:100440005F6131323100000072756E6E696E670057
:1004500073746F70706564005B256C755D20536507
:100460006E736F72202573402568750073656E7317
:100470006F725F7374617475735F61313231000044
:100480005B256C755D205363726174636870616491
:1004900020636F6E666967202568753A203078257D
:1004A00030346878000000005B256C755D20776152
:1004B0006B6575705F737461747573303A20307852
:1004C00025303468780000005B256C755D20696E0E
:1004D0007075746D75785F77616B6575705F696E47
:1004E0007075742568755F636F6E6669673A203052
:1004F00078253034687800005B256C755D20776165
:100500006B6575705F696E7075742568755F77616E
:100510006B6575705F636F6E6669673A20416464EE
:10052000723D2568753A20307825303468780000AF
:100530005B256C755D2077616B6575705F696E70AA
:1005400075742568755F61636B5F636F6E6669675D
:100550003A20202020416464723D2568753A20309D
:1005600078253034687800005B256C755D20537405
:1005700061636B206C6576656C202568753A204157
:100580006464723D2568753A202568750000000096
:100590005B256C755D2041736963206572726F72B3
:1005A0003A20307825303468780000005B256C757F
:1005B0005D2020204552524F523A20257300000002
:1005C0004F66667365743A20256875204D6F6469BF
:1005D00066792076616C7565203D20256C752074E8
:1005E0006F6F206C6172676520286D6178696D7529
:1005F0006D20256C75290000636F6E6670726F67E1
:1006000072616D00496E76616C6964206461746129
:10061000206F627461696E656420666F722070611C
:10062000746368696E6700005374617465206E6F4F
:100630007420757365640000656C656D656E745F2C
:100640006672616D650000005363726174636820B7
:100650006973207573656420627574206E6F7420F1
:10066000736574005363726174636820616E642003
:100670007374617465206E6F742075736564000017
:10068000656C656D656E745F73696E6B5F61313249
:10069000315F63616C6C6261636B00004F757470F5
:1006A00075742063616E206E6F74206265207365BF
:1006B0007420666F722073696E6B20656C656D6562
:1006C0006E740000496E76616C6964206E756D62AF
:1006D0006572206F6620737562737765657073004D
:1006E0007472616E736C6174696F6E5F6131323107
:1006F00000000000496E76616C696420737765655F
:10070000705F726174650000656E61626C655F6345
:100710006361206E6F742076616C69642077697400
:100720006820646F75626C655F6275666665726984
:100730006E67000053756273776565702025687574
:100740002068617320696E76616C6964205052463E
:1007500000000000496E76616C6964206672616D0C
:10076000655F726174650000496E76616C69642032
:1007700073657474696E677320666F7220636F6E41
:1007800074696E756F75735F73776565705F6D6F94
:1007900064650000696E7465725F6672616D655FA5
:1007A00069646C655F7374617465206D7573742022
:1007B0006265207468652073616D65206F722064C6
:1007C0006565706572207468616E20696E7465720B
:1007D0005F73776565705F69646C655F737461747E
:1007E00065000000496E76616C696420696E74650D
:1007F000725F6672616D655F69646C655F73746179
:1008000074650000496E76616C696420696E746578
:10081000725F73776565705F69646C655F7374613F
:1008200074650000496E76616C6964206877616167
:1008300073000000496E76616C696420636F6D62BD
:10084000696E6174696F6E206F66206C6F6F706285
:1008500061636B20616E642070726F66696C650005
:10086000496E76616C696420636F6D62696E617454
:10087000696F6E206F662070726F66696C652061AB
:100880006E64207072660000496E76616C69642047
:1008900070726F66696C6500496E76616C69642080
:1008A000737465705F6C656E67746800496E76611D
:1008B0006C6964206E756D5F706F696E7473000093
:1008C00070686173655F656E68616E63656D656EA6
:1008D00074206E6F742076616C6964207769746827
:1008E0006F75742073756274726163745F696E5F93
:1008F0006275666665720000496E76616C69642097
:10090000737461727420706F696E7400496E7661E1
:100910006C6964206E756D626572206F6620706F01
:10092000696E7473206F722073746570206C656ECD
:1009300067746800496E76616C6964207072660045
:10094000537461727420706F696E74206F722072BC
:10095000616E676520746F6F206661720000000031
:10096000537461727420706F696E7420746F6F209D
:10097000636C6F7365000000496E76616C6964207A
:1009800072656365697665725F6761696E00000014
:10099000496E76616C696420545820706F77657277
:1009A00020617474656E756174696F6E000000007B
:1009B0004661696C656420746F2063616C63756C5B
:1009C0006174652070756C73657368617065722001
:1009D00073657474696E6773210000005468652044
:1009E0006D6178696D756D207377656570207261D2
:1009F000746520697320256400000000253032757D
:100A00003A253032753A253032752E25303375202F
:100A10002825632920282573292025730A00000032
:100A2000455749564400000042696E207374617254
:100A300074206E6565647320746F20626520677230
:100A40006561746572206F7220657175616C2074C8
:100A500068616E20302E30386D0A000042696E20C9
:100A6000656E64206E6565647320746F2062652016
:100A700067726561746572207468616E2062696E68
:100A80002073746172740A005468726573686F6CC5
:100A9000642073686F756420626520696E207468D5
:100AA000652072616E6765205B302E302C20342EFD
:100AB000305D2C20776173202573256C752E2530D1
:100AC000366C750A0000000044697374616E6365DA
:100AD0002073657175656E6365206C656E677468FB
:100AE0002073686F756420626520696E2074686584
:100AF0002072616E6765205B312C2031305D2C20C7
:100B0000776173202568750A000000004D656469EF
:100B1000616E2066696C746572206C656E677468BE
:100B20002073686F756420626520696E2074686543
:100B30002072616E6765205B312C2031305D2C2086
:100B4000776173202568750A000000005374617294
:100B50007420706F696E74206D75737420626520E7
:100B600067726561746572206F7220657175616C62
:100B7000207468616E2033320A00000042696E20E2
:100B80007374617274206973206F7574736964651E
:100B9000206D6561737572696E6720696E74657228
:100BA00076616C0A0000000042696E20656E642068
:100BB0006973206F757473696465206D6561737501
:100BC00072696E6720696E74657276616C0A0000E6
:100BD00053776565707320706572206672616D650C
:100BE000206E6565647320746F206265206772658E
:100BF00061746572207468616E20330A0000000021
:100C0000446973616C6C6F7765642072616E6765AF
:100C1000206F7665726C6170206265747765656EB1
:100C20002073757377656570732025687520616E14
:100C300064202568750A00005375627377656570D6
:100C40007320776974682068696768657220696EC7
:100C500064657865732073686F756C64206D656179
:100C60007375726520666172746865722061776160
:100C700079207468616E2074686F73652077697479
:100C800068206C6F77657220696E64657865730A99
:100C9000000000004F7574206F66206D656D6F72E7
:100CA000790000007273735F696E746567726174B6
:100CB000696F6E002D2D2D2D2D2D20424547494E5B
:100CC000202D2D2D2D2D2D2053656E736F722053E9
:100CD0007461747573204C6F67202D2D2D2D2D2D73
:100CE00020424547494E202D2D2D2D2D2D00000051
:100CF0005B256C755D2025733A203078253034688B
:100D0000780000002D2D2D2D2D2D2D20454E442019
:100D10002D2D2D2D2D2D2D2053656E736F7220538B
:100D20007461747573204C6F67202D2D2D2D2D2D22
:100D30002D20454E44202D2D2D2D2D2D2D00000034
:100D40004C6F61643A205472616E736665722073F1
:100D5000697A6520697320746F206C617267650021
:100D600073656E736F725F636F6D6D5F613132318A
:100D70000000000053656E736F7220256C75206E45
:100D80006F7420726561647920666F722072756E6F
:100D90006E696E672061206E65772070726F677272
:100DA000616D000073656E736F725F70726F746F48
:100DB000636F6C5F6131323100000000496E766113
:100DC0006C6964206275666665722073656E736F08
:100DD0007220256C7500000047656E65726963318D
:100DE00020496E7465727275707420616C726561F1
:100DF000647920636C6561726564206F6E20736531
:100E00006E736F7220256C75000000004E6F2065B8
:100E100076656E7420636F6465205B307825785D3D
:100E20002072656365697665642066726F6D2073F4
:100E3000656E736F7220256C750000004572726FCD
:100E400072206576656E7420636F6465205B307810
:100E500025785D2072656365697665642066726FCA
:100E60006D2073656E736F7220256C750000000035
:100E7000496E76616C6964206576656E7420636F77
:100E80006465205B307825785D20726563656976DE
:100E900065642066726F6D2073656E736F722025B6
:100EA0006C75000053707572696F75732065766597
:100EB0006E74207265636569766564207768656E17
:100EC00020444F4E45206578706563746564212029
:100ED0005265636569766564206576656E74206326
:100EE0006F6465203D2025640000000063616C692B
:100EF00062726174696F6E5F613132315F63616C20
:100F00005F73657373696F6E00000000556E6163F7
:100F10006B6E6F776C6564676564206576656E746B
:100F2000206465746563746564206F6E2073656EFC
:100F3000736F7220256C750053656E736F72202578
:100F40006C75206E6F7420726561647920666F72B3
:100F5000206C6F6164696E672061206E6577207018
:100F6000726F6772616D0000496E76616C69642012
:100F70007265666572656E6365206672657175651A
:100F80006E6379202573256C752E2530366C75209F
:100F9000487A00006370645F706C6C5F64697669A6
:100FA000736F72730000000053656E736F7220637D
:100FB000616C6962726174696F6E20737465702010
:100FC0002564206661696C656400000063616C697A
:100FD00062726174696F6E5F6131323100000000CE
:100FE000496E76616C69642063616C6962726174D8
:100FF000696F6E004E6F7420706F737369626C65F9
:1010000020746F207265636F6E6669677572652004
:101010007768656E20646F75626C652062756666C0
:101020006572696E6720697320636F6E66696775A4
:101030007265640053656E736F7220256C75206E47
:101040006F7420726561647920746F206265207509
:1010500070646174656400006370645F6131323193
:101060005F6D6561735F73657373696F6E00000018
:101070004C6F61642070726F6772616D2066616988
:101080006C656400747275650000000066616C73C5
:1010900065000000756E6B6E6F776E004163636F65
:1010A0006E65657220736F66747761726520766510
:1010B0007273696F6E2025730A0000007761737484
:1010C000655F6C6576656C5F6170705F636F6E669F
:1010D00069675F6372656174652829206661696C60
:1010E000656400005761737465206C6576656C20DB
:1010F000636F6E6669673A0062696E5F73746172EE
:10110000745F6D3A202020202020202020202025E0
:1011100073256C752E2530366C750A0062696E5F1A
:10112000656E645F6D3A2020202020202020202042
:101130002020202573256C752E2530366C750A000D
:101140007468726573686F6C643A202020202020D8
:10115000202020202020202573256C752E25303658
:101160006C750A0064697374616E63655F736571A1
:1011700075656E63655F6C656E3A202568750A005B
:101180006D656469616E5F66696C7465725F6C65DC
:101190006E3A20202020202568750A007377656547
:1011A000705F726174653A202573256C752E253049
:1011B000366C75006672616D655F726174653A20A8
:1011C0002573256C752E2530366C75007377656533
:1011D00070735F7065725F6672616D653A20256835
:1011E00075000000636F6E74696E756F75735F7361
:1011F000776565705F6D6F64653A20257300000048
:10120000646F75626C655F627566666572696E674C
:101210003A20257300000000696E7465725F667283
:10122000616D655F69646C655F73746174653A20B4
:1012300025730000696E7465725F73776565705F12
:1012400069646C655F73746174653A20257300008E
:101250006E756D5F7375627377656570733A20257F
:1012600068750000202073756273776565703A2099
:10127000256C75002020202073746172745F706F7C
:10128000696E742020202020202020202020202073
:10129000203A20256C690000202020206E756D5FAB
:1012A000706F696E74732020202020202020202061
:1012B00020202020203A20256875000020202020B2
:1012C000737465705F6C656E6774682020202020E1
:1012D0002020202020202020203A20256875000092
:1012E000202020206877616173202020202020208A
:1012F000202020202020202020202020203A2025CF
:10130000687500002020202072656365697665722B
:101310005F6761696E20202020202020202020206F
:10132000203A20256875000020202020656E61622B
:101330006C655F7478202020202020202020202031
:1013400020202020203A202573000000202020208B
:1013500070686173655F656E68616E63656D656E0B
:101360007420202020202020203A20257300000017
:101370002020202069715F696D62616C616E636518
:101380005F636F6D70656E736174696F6E3A20256F
:101390007300000020202020656E61626C655F6C28
:1013A0006F6F706261636B2020202020202020203E
:1013B000203A2025730000002020202070726F66E4
:1013C000696C652020202020202020202020202043
:1013D00020202020203A20257300000020202020FB
:1013E0007072662020202020202020202020202015
:1013F0002020202020202020203A202573000000DB
:10140000706970656C696E655F6131323100000032
:101410004661696C656420746F2067657420726131
:1014200064617220656E67696E65206D65746164C4
:1014300061746100706970656C696E655F73756277
:101440007377656570000000506970656C696E6542
:10145000206E6F742070726F7065726C792061738A
:1014600073656D626C656400417373656D626C6574
:1014700020737562737765657020706970656C693B
:101480006E65206661696C65640000006163635F7E
:1014900070726F63657373696E675F6372656174A1
:1014A000652829206661696C656400006163635F7B
:1014B0007273735F6765745F6275666665725F738A
:1014C000697A652829206661696C656400000000FE
:1014D00062756666657220616C6C6F636174696FBA
:1014E0006E206661696C656400000000556E657869
:1014F00070656374656420617369635F6964206605
:101500006F756E64203D20307825780053656E73CA
:101510006F7220697320696E2077726F6E67207317
:1015200074617465000000006163635F73656E73CE
:101530006F725F6372656174652829206661696CEA
:1015400065640000646F5F73656E736F725F6361E3
:101550006C6962726174696F6E5F616E645F7072F4
:1015600065706172652829206661696C6564000098
:101570006163635F73656E736F725F6D65617375D1
:101580007265206661696C656400000053656E7366
:101590006F7220696E746572727570742074696DF3
:1015A000656F757400000000427566666572207391
:1015B000697A6520746F6F20736D616C6C00000038
:1015C00053656E736F7220256C75204E6F207065A9
:1015D0006E64696E6720696E7465727275707400EE
:1015E00053656E736F7220256C75206576656E7419
:1015F000206973206E6F742048414E445348414B1C
:1016000045205B307825785D00000000496E7661EA
:101610006C696420627566666572206C656E6774BD
:10162000680000005472616E7366657220646174B4
:10163000612066726F6D2073656E736F7220746FB8
:1016400020686F7374206661696C65640000000037
:101650006163635F73656E736F725F72656164204F
:101660006661696C65640000546865206375727218
:10167000656E742063616C6962726174696F6E205B
:101680006973206E6F742076616C696420666F7276
:10169000207468652063757272656E742074656D60
:1016A00070657261747572652E0000005468652063
:1016B00073656E736F72206E6565647320746F203E
:1016C00062652072652D63616C6962726174656424
:1016D0002E0000005468652073656E736F7220776A
:1016E0006173207375636365737366756C6C7920C1
:1016F00072652D63616C696272617465642E0000AD
:1017000044617461206973207361747572617465DA
:10171000642E2054727920746F207265647563653D
:10172000207468652073656E736F72206761696EDF
:101730000000000046696C6C206C6576656C2025A5
:101740006875252520282573256C752E2530366C67
:10175000756D290A000000004E6F206C6576656C7F
:1017600020666F756E64000077617374655F6C65E9
:1017700076656C5F68616E646C655F6372656174E9
:10178000652829206661696C65640000646F6E6578
:101790005F6572726F720000737461636B5F6F7666
:1017A0006572666C6F770000737461636B5F756E52
:1017B000646572666C6F77007370695F756E6B6ECF
:1017C0006F776E5F636D64007370695F6D697373CB
:1017D000696E675F61636B006164635F6669666F12
:1017E0005F66756C6C0000006164635F746F6F5FAF
:1017F0006661737400000000417369632069646569
:101800006E746974793A0000537461636B5F6C6540
:1018100076656C5F7374617475735F726567697305
:1018200074657200496E7465727275707420737499
:101830006174757320726567697374657200000066
:10184000444545505F534C4545500000534C454579
:1018500050000000524541445900000050524F468C
:10186000494C455F3100000050524F46494C455F9E
:101870003200000050524F46494C455F3300000093
:1018800050524F46494C455F3400000050524F467D
:10189000494C455F3500000031392E354D487A00FE
:1018A00031352E364D487A0031332E304D487A008E
:1018B000382E374D487A0000362E354D487A0000D4
:1018C000352E324D487A0000416464726573733A74
:1018D00020256875204D6F646966792076616C7586
:1018E00065203D20256C7520746F6F206C617267D8
:1018F0006520286D6178696D756D20256C752900EE
:10190000496E76616C69642064617461206F6274F1
:1019100061696E656420666F72206C6976652070FF
:1019200061746368696E6700000FC93F000F49402A
:1019300000CB9640000FC9400053FB4000CB16413E
:1019400000ED2F41000F49410031624100537B41BE
:10195000003A8A4100CB9641005CA34100EDAF41C3
:10196000007EBC41000FC94100A0D5410031E241D9
:1019700000C2EE410053FB4100F20342003A0A422A
:101980000083104200CB164200141D42005C23422B
:1019900000A5294200ED2F4200363642007E3C422F
:1019A00000C74242000F4942A2000000F9000000B7
:1019B000830000006E0000004E00000044000000A4
:1019C0001500000029000000FC00000027000000B6
:1019D00057000000D1000000F500000034000000B6
:1019E000DD000000C0000000DB000000620000001D
:1019F00095000000990000003C000000430000003A
:101A00009000000041000000FE00000051000000B6
:101A100063000000AB000000DE000000BB0000001F
:101A2000C500000061000000B700000024000000B5
:101A30006E0000003A000000420000004D0000006F
:101A4000D2000000E0000000060000004900000095
:101A50002E000000EA00000009000000D100000094
:101A6000920000001C000000FE0000001D000000AD
:101A7000EB0000001C000000B10000002900000085
:101A8000A70000003E000000E80000008200000007
:101A900035000000F50000002E000000BB00000033
:101AA0004400000084000000E90000009C000000E9
:101AB0007000000026000000B40000005F0000007D
:101AC0007E0000004100000039000000910000008D
:101AD000D600000039000000830000005300000021
:101AE00039000000F40000009C00000084000000A9
:101AF0005F0000008B000000BD000000F900000046
:101B0000280000003B0000001F000000F80000005B
:101B100097000000FF000000DE000000050000004C
:101B2000980000000F000000EF0000002F000000F0
:101B3000110000008B0000005A0000000A000000A5
:101B40006D0000001F0000006D0000003600000066
:101B50007E000000CF00000027000000CB00000046
:101B600009000000B70000004F0000004600000020
:101B70003F000000660000009E0000005F000000C3
:101B8000EA0000002D0000007500000027000000A2
:101B9000BA000000C7000000EB000000E5000000F4
:101BA000F10000007B0000003D0000000700000085
:101BB00039000000F70000008A0000005200000019
:101BC00092000000EA0000006B000000FB00000033
:101BD0005F000000B10000001F0000008D00000049
:101BE0005D00000008000000560000000300000037
:101BF0003000000046000000FC0000007B000000F8
:101C00006B000000AB000000F0000000CF000000FF
:101C1000BC000000200000009A000000F40000005A
:101C2000360000001D000000A9000000E3000000D5
:101C300091000000610000005E000000E60000006E
:101C40001B00000008000000650000009900000073
:101C5000850000005F00000014000000A0000000EC
:101C600068000000400000008D000000FF00000040
:101C7000D8000000800000004D000000730000004C
:101C800027000000310000000600000006000000F0
:101C90001500000056000000CA000000730000009C
:101CA000A8000000C900000060000000E200000081
:101CB0007B000000C00000008C0000006B000000F2
:101CC0000000C93F0000F0390000DA370000A233FD
:101CD0000000842E0000502B0000C2270000D022FC
:101CE0000000C41F0000C61B0000441704000000D1
:101CF000070000000900000000000080DB0F4940E1
:101D0000DB0F49C0DB0F49BFE4CB1640E4CB16C064
:101D10006937AC3168212233B40F14336821A23300
:101D20003863ED3EDA0F493F5E987B3FDA0FC93FDB
:101D3000232D302B2000686C4C00656667454647B4
:101D40000030313233343536373839414243444537
:101D500046003031323334353637383961626364A6
:081D60006566000000000000B0
:081D6800F857FF7F01000000A5
:081D7000797600080000000074
:081D7800517600080000000094
:101D800000093D00100000006262615F63616C5FEA
:101D90006374726C5B785D0074785F667265715F06
:101DA0006B687A5B785D00002C000020000000006A
:101DB000E803002050040020B804002000000000C8
:101DC0000000000000000000000000000000000013
:101DD0000000000000000000000000000000000003
:101DE00000000000000000000000000000000000F3
:101DF00000000000000000000000000003000000E0
:081E0000E803002000000000CF
:04000005080092B9A4
:00000001FF
