:020000040800F2
:100000000000012039EA0008252200082922000802
:100010002D220008312200083522000800000000CF
:10002000000000000000000000000000392200086D
:100030003D2200080000000041220008452200087F
:1000400089EA000889EA000889EA000855220008C0
:1000500089EA000889EA000889EA000889EA0008B4
:1000600089EA00089122000889EA000889EA000864
:10007000A5220008B122000889EA000889EA0008E0
:10008000BD220008C922000889EA000889EA0008A0
:1000900089EA000889EA000889EA000889EA000874
:1000A00089EA000889EA000889EA000889EA000864
:1000B00089EA0008000000000000000089EA00084A
:1000C00089EA0008D522000889EA000889EA0008C0
:1000D00089EA000889EA00085539000889EA000819
:1000E000FD220008ED2300080000000000000000D1
:1000F0000000000000000000000000000000000000
:100100000000000089EA00080000000089EA0008F9
:10011000000000000000000089EA000889EA0008E9
:1001200089EA000889EA000889EA000889EA0008E3
:1001300089EA000800000000000000000000000044
:1001400089EA000889EA000889EA0008000000003E
:1001500089EA000889EA000889EA000889EA0008B3
:1001600089EA000889EA000889EA0008000000001E
:1001700089EA000889EA0008000000000000000089
:1001800089EA000889EA000889EA000800000000FE
:10019000B0F1904F84B017D0234B984204D0234B3A
:1001A00098422CD004B0704711B303F1784303F5A3
:1001B0000333DA6C42F00202DA64DB6C03F0020310
:1001C0000293029B04B0704759B1194BDA6C42F0AC
:1001D0000102DA64DB6C03F001030193019B04B0BC
:1001E0007047134AD36C23F00103D36404B0704703
:1001F0000F4AD36C23F00203D36404B0704769B193
:1002000003F1784303F5FA33DA6C42F08002DA64E2
:10021000DB6C03F080030393039BC3E7044AD36CB6
:1002200023F08003D364BDE700040048001C0048AD
:1002300000100240B1F804C093680A899A80BCF1AA
:10024000000C18BF4FF0010CCA7983F800C091F878
:1002500006C083F801C09A709860704790F824C077
:10026000BCF1010F3CD070B590F825C00124A44525
:1002700080F824405FFA8CFE04D0002380F82430FC
:10028000022070BD022580F8255004680025C56352
:100290002668456C26F00106266005F01C05066CF4
:1002A0000EFA05F5756063608368102B036B0BBF56
:1002B000A260A160E160E2604BB1236843F00E03ED
:1002C0002360236843F001030020236070BD23688E
:1002D00023F004032360236843F00A032360F0E75C
:1002E000022070472DE9F041764C0023237094F8EA
:1002F0006530012B0D46E16808D0B1F5827F60D1F1
:10030000D8B22369002B5CD104285AD1002D58D0D3
:1003100092B2002A55D094F86430012B51D094F851
:100320006530A6682564042B1CBF052384F865305E
:1003300001210023A36684F86410A4F84620A4F8E1
:100340004E20C4E915337368A4F8442023F4C04355
:10035000A564A4F84C2073606369206EB3F5E06F68
:1003600031D8E36D99697368B1F5806F43F48053B8
:1003700073607DD08369B3F5806F65D094F8653084
:10038000514A042B514B18BF1346514A0363514B3A
:100390004363514B18BF1346C362B4F84E304FF05D
:1003A0000008C0F838809BB206F10C012A46FFF71E
:1003B00055FF074660B1A36E84F8648043F01003D4
:1003C000A366BDE8F081736823F480537360D5E7BA
:1003D0007368E06D43F001037360B4F846300A4679
:1003E000C0E90B77C0E90D7729469BB2FFF736FFCE
:1003F00000284AD133685B0621D5002384F8643095
:10040000736843F020037360736843F00203736002
:10041000E26E2378002BD4D141F2873109E072B625
:10042000237803B930BF62B6BFF36F8F2378002BF8
:10043000C7D1E36E9B1A8B42F1D9BDE8F0813368D6
:1004400043F040033360D8E7736823F4805373604C
:10045000B4F84E3013F0010F73681DD123F400532C
:100460007360B4F84E30C3F34E03A4F84E3085E702
:10047000D20773681BD423F480437360B4F846300A
:10048000C3F34E03A4F8463074E7A36E84F8647097
:1004900043F01003A36694E743F400537360B4F889
:1004A0004E30C3F34E030133A4F84E3066E743F4F5
:1004B00080437360B4F84630C3F34E030133A4F8AD
:1004C000463057E7780000208512000881120008A6
:1004D000F9200008891200084D20000890F8252016
:1004E000022A03D00422C263012070470168426CD3
:1004F00010B50C6824F00E040C600C6824F00104A4
:100500000C6002F01C02046C012101FA02F262602C
:10051000826B80F82510002480F8244002B19047B7
:10052000002010BD70B4436C066C056831682C68FF
:1005300003F01C0304229A400A420ED014F0040F68
:100540000BD02B689B0603D42B6823F004032B608D
:10055000036B7260CBB170BC184702229A400A420A
:1005600015D014F0020F12D02B68990606D42B6810
:1005700023F00A032B60012380F82530C36A7260E0
:10058000002180F82410002BE5D170BC70470822B0
:100590009A400A42F9D02207F7D52A68416B22F027
:1005A0000E022A60012202FA03F300247360C26380
:1005B00080F8244080F825200029E6D070BC084748
:1005C0002DE9F04F00233E4E4FF00F094FF0030A84
:1005D0004DE03C4FB84265D03B4FB84266D03B4FF0
:1005E000B84268D0DFF8E8B058450CBF4FF0040BB4
:1005F0004FF0070B0BFA04F4A44513D1346824EA36
:100600000E043460746824EA0E047460F46824EA0A
:100610000E04F460B46824EA0E04B460AC6824EA02
:100620000804AC6004685D000AFA05F54FEAD30CD3
:100630002C4300EB8C0C046003F00704DCF820E092
:10064000A40009FA04F42EEA0404CCF820408468DB
:1006500024EA05048460446824EA02024260C26815
:1006600022EA0502C260013331FA03F218D00122F6
:100670009A4012EA010EF6D023F0030505F18045F9
:1006800005F5803503F00304D5F808C0A40009FA85
:1006900004F8B0F1904F08EA0C0C9AD10024ABE7B3
:1006A000BDE8F08F012707FA04F4A5E74FF0020B2D
:1006B0000BFA04F4A0E74FF0030B0BFA04F49BE7EA
:1006C000000401400004004800080048000C0048F5
:1006D00000100048002310B480F8423090F8412008
:1006E000212A4FF0200118D1112280F84110026315
:1006F00090F84110046801F028012268436328291A
:1007000014BF6FF0F2016FF042010A400023226033
:100710005DF8044B80F840307047122280F8411099
:10072000026390F84120016802F028020C684363DC
:10073000282A14BF6FF0F4026FF044022240002315
:100740000A605DF8044B80F84030704701680B6820
:10075000002280F842205A040CD50B6823F4804311
:100760000B6090F84130292B0ED090F841302A2BA5
:1007700020D070471B04F4D50B6823F400430B60B2
:1007800090F84130292BF0D12822212380F84120F4
:10079000036390F841300A6803F02803282B14BF44
:1007A0006FF0F2036FF04203134000220B6080F8F9
:1007B000402070472822222380F84120036390F8CC
:1007C00041300A6803F02803282B14BF6FF0F403AC
:1007D0006FF04403134000220B6080F84020704704
:1007E00010B400232022174CC4624363036380F8D3
:1007F000412080F842304B07026811D5436A526AA3
:100800001A70436A028D013343624AB1438D013B42
:100810009BB24385436C013A43F004030285436471
:10082000036890F8412090F841201A68102422F0C3
:10083000FE0200211A60DC615DF8044B80F8401074
:10084000704700BF0000FFFF10B50446514A94F8FE
:100850004130002084F84200E2626085626C1143FE
:10086000A3F12802022A236861645DD894F841103C
:1008700094F8412001F02801282902F0280214BF31
:10088000F6214621282A1A680CBFC9436FF0F601E9
:100890000A40282040491A6084F84100A06B226B6E
:1008A000616318B1112A11D0212A0FD0E06B18B161
:1008B000122A20D0222A1ED094F84130602B4FF00B
:1008C000000360D0236384F8403010BD1A685104DF
:1008D00054D490F82530012BEED0304A82630023A7
:1008E00084F84030FFF7FAFD0028EED0A06BBDE899
:1008F0001040836B18471A68120403D51A6822F453
:1009000000421A6090F82530012BD5D0234A82632B
:10091000002384F84030FFF7E1FD0028D5D0E06BDC
:10092000BDE81040836B184794F8412094F84120AB
:100930001A6822F0FE021A609A69920748BF98620C
:100940009A69D10703D49A6942F001029A6194F836
:100950004120602A10D0202284F841209A69920612
:100960000AD59A69D00605D51022DA61626C42F088
:10097000040262642022DA6100218FE71A6822F4FF
:1009800080421A60A5E7202284F8412084F8403094
:10099000236310BD0000FFFF2D1D0008011000089B
:1009A00030B40368202282B0DA6190F84120212A15
:1009B00090F841204AD0222A56D05A68324C00255D
:1009C00022405A60314C4563CD06C46205D51022E1
:1009D000DA61426C42F00402426490F84120602ADD
:1009E0002DD09A69910744BF00229A629A69D20772
:1009F00003D49A6942F001029A61436C90F8412055
:100A0000602A0BD053B990F84120212A0AD090F8DF
:100A10004120222A06D002B030BC7047416C02B09F
:100A200030BC11E7202280F84120036390F8422077
:100A300080F8403080F8423002B030BC70474C073C
:100A4000CFD55A6AD2B20192019ACAE702F02802BF
:100A50001C68282A14BF6FF0F2026FF04202224095
:100A600011241A600463A8E790F841201C6802F082
:100A70002802282A14BF6FF0F4026FF044022240CB
:100A800012241A60046398E700E800FE0000FFFFEC
:100A900038B590F84030012B00F085800123CD0659
:100AA000044680F8403001D5D00659D40D063AD519
:100AB00050064DD523681A6822F040021A60628DF4
:100AC00092B2002A71D05868628D92B2FF2AC0F3A8
:100AD000090078D8618DE26A89B212F5803F2185DC
:100AE00000F082805FFA81FCE26A4FEA0C4C42EA35
:100AF0000C020243404D586822F000422840024355
:100B00005A60628D521A92B2628594F84120222A6C
:100B10001A680CBF42F4004242F480421A6000207E
:100B200084F8400038BD4D0612D5500610D5638DAF
:100B30009BB2002B40D123685A689201EFD4E26A3D
:100B400012F5803F34D15A6842F480425A60E6E799
:100B50008B06E4D59306E2D52046FFF721FFDEE7BA
:100B6000236826481022DA61616C626B41F004014F
:100B70008242616425D022498A4222D021498A4298
:100B800014BF2022602219680A431A609A699107EB
:100B900044BF00229A629A69D207C0D49A6942F08F
:100BA00001029A61BBE7022038BD5B689A0103D459
:100BB0002046FFF78FFDB2E740212046FFF744FEB5
:100BC000ADE76022DFE79A69D10306D501212185CF
:100BD0004FF4803C4FF0807289E7FF2121854FF46C
:100BE0007F0C4FF0807282E75FFA81FC4FEA0C4C79
:100BF0004FF000727BE700BF009C00FC910A0008E8
:100C0000651E0008090C000838B590F84030012B2B
:100C100000F0D680012380F84030CB06044602D590
:100C2000D00600F1A9808B070BD5900709D5226863
:100C3000216D91624FF0FF332365002084F840005E
:100C400038BD0B063AD5550640F18C8094F841200A
:100C5000236802F028021968282A14BF6FF0F202F4
:100C60006FF042020A401A601A6842F090021A605D
:100C7000628D92B2002A00F0B880628D92B2FF2A93
:100C800040F2A2809869654DE16C5A68C0F300405B
:100C900000280CBF4FF47F004FF4803002EA0502B9
:100CA000C1F3090142EA000242EA010242F0807205
:100CB0000CBFFF21012121855A6040E04B0651D530
:100CC00050064FD594F84110236855481A6801F032
:100CD0002801282914BF6FF0F2016FF042010A4089
:100CE0001A601A684F4942F090021A6094F841C0A5
:100CF000628D92B2BCF1220F08BF0846FF2A79D953
:100D00009A69C2F30042002AE26CC2F309020CBFE6
:100D10004FF47F054FF4803542EA000242EA0502B3
:100D20005868414D22F0004200EA050042EA000204
:100D30000CBFFF21012142F0807221855A60628D33
:100D4000521A92B2628594F84120222A1A684FF012
:100D500000000CBF42F4004242F480421A6084F862
:100D600040006DE788067FF568AF93067FF565AFB5
:100D70002046FFF715FE60E723682C481022DA6151
:100D8000616C626B41F00401824261641AD02849AF
:100D90008A4217D027498A4214BF2022602219684C
:100DA0000A431A609A69910744BF00229A629A69BD
:100DB000D2073FF542AF9A6942F001029A613CE7DF
:100DC000022038BD6022EAE7618D144DE26C58685C
:100DD00089B22840C2F30902CDB242EA0542024379
:100DE00042F0007221855A60A9E740212046FFF7B2
:100DF0002BFD22E7618DE26C89B2CDB2C2F309020C
:100E000042EA05420243084D5868218522F000421B
:100E10002840024342F000725A6090E7009C00FCB8
:100E20000020008000240080009800FC910A000847
:100E3000651E0008090C000870B5036804460D46DD
:100E40001968C06A94F841202026213ADE61092AF7
:100E50000ED8DFE802F06E050D0D0D0D0DA16E052B
:100E600094F841201A6822F0FC021A6022222263C0
:100E70005A68614E42F400425A605A6832405A60E1
:100E80009A69920744BF00229A629A69D60703D4EE
:100E90009A6942F001029A614A0435D51A6822F42F
:100EA00080421A60A26B1AB11268526892B26285CF
:100EB0006A070AD55A6A636A1A70636A0133636201
:100EC000238D25F00405002B5FD1638D9BB21BB1F0
:100ED000636C43F004036364EB0601D5CE0631D4A2
:100EE000002384F84230666C6363002E5FD1E36AAE
:100EF000424DAB4212D194F8413084F84060202337
:100F000084F84130266370BD0E04D1D51A6822F4EE
:100F100000421A60E26B002AC6D1C9E72046FFF7FB
:100F200015FC2023E56284F8406084F84130266394
:100F300070BD94F841201A6822F0FA021A6021224A
:100F4000226395E7638D9BB2002B3DD194F841302D
:100F5000282B48D094F841202368292A4FF010020A
:100F6000DA61BDD110F5803FBAD09A69910744BFCC
:100F700000229A629A69D20703D49A6942F0010268
:100F80009A612046FFF7E2FBAAE7013B2385638DC8
:100F9000013B9BB2638598E794F8412094F8412087
:100FA0001A6822F0FE021A600022226360E7616C78
:100FB0002046FFF749FC94F84130282BA3D129465D
:100FC0002046BDE870400BE423681022DA61636CB0
:100FD00043F00403636430F0807381D1616C204678
:100FE000FFF732FC7CE7B0F1007FB3D12946204601
:100FF000FFF7F6FB74E700BF00E800FE0000FFFF0C
:10100000836A9A6B0AB100219163DA6B0AB10021FD
:10101000916393F84120602A09BF00220022202119
:1010200083F841101A63002283F84020704700BF04
:10103000264A9368D26813F00C0305D00C2B32D0EB
:10104000042B3ED122487047204A1168090754BF3B
:10105000D2F8942012681F4954BFC2F30322C2F38E
:10106000031251F82200002BEDD0184BDB6803F07F
:101070000303022B23D0184A032B08BF1046134B3F
:10108000D968DA68DB68C3F34163C2F30622C1F3AF
:101090000211013300FB02F201315B00B2FBF1F2FD
:1010A000B2FBF3F0704702F00302012ACCD0074BE9
:1010B000DB6803F00303022B4FF00000DBD1044890
:1010C000DDE7082B044818BF0020704700100240DD
:1010D0000024F4002823010800127A0021498B6DB6
:1010E000DB0082B01CD5204B1B6803F4C063B3F552
:1010F000007F29D080282ED831D0A0F17002B2FA1A
:1011000082F2520919490B6823F0070313430B605D
:10111000086800F00700801A18BF012002B070476D
:101120008B6D114A43F080538B658B6D03F08053B8
:101130000193019B13688A6D03F4C06322F080520F
:10114000B3F5007F8A65D5D1802806D9A0288CBF49
:1011500002220122D6E70322D4E70022D2E70222AC
:10116000D0E700BF001002400070004000200240A5
:10117000414A036830B4D468A40707D0D46804F0A7
:1011800003049C4246D0012030BC7047022B52D051
:10119000032B49D0012BF6D112689207F3D5364CB8
:1011A000E26822F0730213434268013A43EA0213F1
:1011B000E360314C314A236823F080632360D56EAD
:1011C00003E0D36E5B1B022B39D823681B01F8D4D4
:1011D00083681B02002934D12169C56821F0784158
:1011E00021F4FE4143EAC5630B43236122490B68A6
:1011F00043F080630B60D46E03E0D36E1B1B022BA5
:101200001DD80B681B01F8D582690B6913430020B8
:101210000B61B9E7002CB6D0D3684268C3F3021360
:1012200001339342AFD1C4E71468A403B7D4126862
:101230005203A8D5B3E712685505A4D5AFE703203C
:10124000A2E7012921690BD021F0C06121F4FE4100
:10125000194343695B08013B41EA43612161C5E7EA
:1012600021F4C00121F4FE410B4301694908013911
:1012700043EA41532361B9E700100240780000209F
:10128000704700BF704700BF836A19684A6822F040
:1012900003024A601A6E4FF0010C42F010021A6607
:1012A00083F85DC0704700BF0368806A1A6812F057
:1012B000200228D10368A0F85A2053E8002F22F416
:1012C000807243E800210029F7D103F1080252E8B7
:1012D000002F22F0010203F1080C4CE80021002944
:1012E000F3D103F1080252E8002F22F0400203F18B
:1012F000080C4CE800210029F3D12022C0F88020FE
:10130000026E012A03D000234366036E704753E840
:10131000002F22F0100243E800210029F3D053E807
:10132000002F22F0100243E800210029EFD1EAE764
:10133000836A01225A661B6E704700BF836A0022CF
:10134000A3F85A20A3F85220704700BFD0F88010AD
:10135000B0F85C300268222905D0138B9BB243F0B1
:10136000080313837047918C426D0B401370B0F8E3
:101370005A30426D013B9BB2A0F85A30B0F85A3057
:1013800001329BB24265002B45D110B4036853E88B
:10139000002F22F4907243E800210029F7D103F1D5
:1013A000080252E8002F22F0010203F1080444E889
:1013B00000210029F3D1184A816620249342C0F805
:1013C0008040416612D05A6811020FD553E8002FB1
:1013D00022F0806243E8002141B1016851E8002F0A
:1013E00022F0806241E80024002CF7D1026E012A2D
:1013F0000ED10022026653E8002F22F0100243E8CB
:1014000000210029F7D1DA69D20601D510221A622B
:101410005DF8044B7047704700800040D0F88010A2
:10142000B0F85C300268222905D0138B9BB243F0E0
:1014300008031383704710B4948C416D234021F846
:10144000023BB0F85A304165013B9BB2A0F85A30DC
:10145000B0F85A309BB2002B40D152E8003F23F441
:10146000907342E800310029F7D1016801F10803C7
:1014700053E8003F23F0010301F1080C4CE800346D
:10148000002CF3D12023C0F88030164B846699429B
:10149000446611D04B681C020ED551E8003F23F082
:1014A000806341E800343CB152E8003F23F08063A0
:1014B00042E80034002CF7D1036E012B0ED100233B
:1014C000036651E8003F23F0100341E80032002A90
:1014D000F7D1CB69DB0601D510230B625DF8044B15
:1014E000704700BF0080004008B518B1074B026884
:1014F0009A4208D0064B074AD3F8803006490020AC
:101500009847012008BD90F8620008BD0FB037135E
:10151000780000207C6201089462010870B5114EC9
:10152000114A3368A2FB03239B09013BB3F1807F7F
:1015300001D3012070BD4FF0E0220C495361F0232C
:1015400081F82330002507230F2895610446136195
:10155000EFD801464FF0FF3009F0CCFE746028460A
:1015600070BD00BF00000020D34D621000ED00E010
:10157000F0B5884B02689D68DE680446D00683B0EB
:1015800005F00C0506F0030640F12981002D40F01E
:10159000F180804B1B68990700F159817D4B276AC8
:1015A0001A68120756BFD3F894301B681B0903F062
:1015B000F0039F4200F2D081764B1A6842F0080295
:1015C0001A601A6822F0F0023A431A605A68E16918
:1015D00022F47F4242EA01225A60002D00F0F0819D
:1015E000FFF726FD6B4B9A686B4BC2F30312134453
:1015F0006A4A93F8303003F01F0320FA03F350686F
:101600001360FFF78BFF002840F026812268D00787
:1016100000F1E98090071DD50C2D00F0B581E3683D
:101620005C48002B00F06F81036843F48073036013
:101630005B4BDE6E04E0D96E891B022900F23E810D
:1016400001684905F7D54368216923F0F85343EA57
:1016500001634360160716D563694E48002B00F0FE
:101660000981D0F8943043F00103C0F894304C4B1A
:10167000DE6E04E0D96E891B022900F21F81D0F8CA
:1016800094108907F6D550073DD5424B996DC90096
:1016900000F13781996D41F0805199659B6D03F0A0
:1016A00080530193019B01203E4E3368DF0540F1DA
:1016B000F7803B4BA168012900F03481052900F037
:1016C0009381344ED6F8907027F00107C6F89070D9
:1016D000D6F8907027F00407C6F89070002940F003
:1016E0002881D3F86CC041F2883705E0D96EA1EBB0
:1016F0000C01B94200F2E280D6F890108907F5D4C7
:10170000002840F05781970616D5636A2149002BBF
:1017100000F03E81D1F89820214B42F00102C1F83F
:101720009820D86E04E0DA6E121A022A00F2C680FF
:10173000D1F898209607F6D5A36ACBB1022B00F01A
:1017400061810C2D00F087801249154B0A6822F048
:1017500080720A60D86E04E0DA6E121A022A00F271
:10176000AD800A689201F7D4CA680F4B1340CB6072
:10177000002071E00C2D00F08F80A3690548002B3C
:1017800000F09F800168064B41F001010160DF6EAF
:1017900011E000BF001002402823010800000020D3
:1017A0007800002000700040FCFFEEFED96EC91BDF
:1017B000022900F2838001688907F7D5036843F0A6
:1017C000080303600368216A23F0F0030B430360FE
:1017D0004368E16923F47F4343EA01234360D3076D
:1017E00020D5082D3CD00C2D38D06368B3F5803F50
:1017F00076D0B3F5A02F00F0EA808D48016821F47F
:1018000080310160016821F480210160002B6CD1DE
:10181000884BDF6E03E0D96EC91B64294ED801687E
:101820008903F8D497077FF515AF042D7FF4F4AE44
:101830007F4B1B68580501D5E36863B17C4920697B
:101840004B6823F0F85343EA00634B6002E7A36957
:10185000002B7FF4A3AE012003B0F0BD032EC4D152
:10186000734B1B689F037FF5D5AE6368002B7FF435
:10187000D1AEF0E7D0F8943023F00103C0F89430F3
:101880006C4BDE6E03E0D96E891B022916D8D0F8A6
:1018900094108F07F7D4F6E6012E7FF46EAF78E64A
:1018A000336843F480733360624BDF6E3168C9057F
:1018B0003FF500AFD96EC91B0229F7D9032003B049
:1018C000F0BD01685B4B21F001010160DF6E03E0B8
:1018D000D96EC91B0229F1D801688907F8D47EE7BF
:1018E00053490B6843F480330B60524B5048DF6E12
:1018F00003E0D96EC91B6429E0D801688903F8D5D3
:1019000090E70020D0E6036823F480730360494B1E
:10191000DE6E03E0D96E891B0229CFD801684F051E
:10192000F8D497E6424ED6F8901041F00101C6F87F
:101930009010D3F86CC03E4E41F2883704E0D96E67
:10194000A1EB0C01B942B9D8D6F890108907F6D5A9
:1019500000283FF4D8AE2DE03846FFF7BFFB002843
:101960007FF479AF324B1A6842F008021A601A68A5
:1019700022F0F0023A431A605A68E16922F47F4289
:1019800042EA01225A602BE6022E7FF448AE4FE76E
:10199000D1F89820274B22F00102C1F89820D86E88
:1019A00003E0DA6E121A022A88D8D1F8982092073A
:1019B000F7D4C1E61E498B6D23F080538B65A2E6F8
:1019C0003846FFF78BFB00283FF40AAE43E703F1EC
:1019D0008043A3F53C33196841F4802119601968EC
:1019E00041F48031196080E71149D1F8906046F0E8
:1019F0000406C1F89060D1F8906046F00106C1F885
:101A0000906096E70A4AE66AD36803F00301B142A0
:101A100047D00C2D3FF41FAF05490B685F013FF520
:101A20001AAF0A68034B22F080720A60D86E08E091
:101A30000010024078000020DA6E121A022A3FF6E7
:101A40003DAF0A689501F7D4C868334A0240606B1D
:101A5000324342EA0022A06B42EAC062206B0138A6
:101A600042EA0012D4E90F506C08013C40080138EA
:101A700042EA445242EA4062CA600A68274842F099
:101A800080720A60CA6842F08072CA60D96E04E04F
:101A9000DA6E521A022A3FF611AF02689401F7D5A6
:101AA00066E6216B03F070000139B0EB011FB0D185
:101AB000606B03F4FE41B1EB002FAAD1A06B03F0E1
:101AC0007841B1EBC06FA4D1E16B4908013903F44F
:101AD000C000B0EB415F9CD1216C490803F0C063AA
:101AE0000139B3EB416F94D1136898013FF540AED3
:101AF00011680B4B41F080711160D16841F0807129
:101B0000D160D86E04E0D96E091A02293FF6D6AE2C
:101B100011688901F7D52BE68C809D0100100240E9
:101B200078000020504AF8B5136803F007038B4291
:101B30000BD2136823F007030B431360136803F001
:101B400007038B4201D00120F8BD046814F0020E97
:101B500004F0010367D0454E8568B26802F0F002D8
:101B6000954204D9B26822F0F0022A43B260002BF9
:101B700064D04268032A5BD03C4B022A1B6869D0C0
:101B8000002A6CD19E07DED5384D394EAB6823F064
:101B900003031343AB60F76E920041F2883C03E00D
:101BA000F36EDB1B634558D8AB6803F00C0393421C
:101BB000F6D1BEF1000F40D12B4A136803F00703A2
:101BC0008B4209D9136823F007030B431360136892
:101BD00003F007038B42B6D1620706D5234AC168DA
:101BE000936823F4E0630B439360230707D51F4AF0
:101BF0000169936823F4605343EAC1039360FFF7DC
:101C000017FA1A491B4A89681B4CC1F303110A448D
:101C1000034692F83020606802F01F02D340236030
:101C2000BDE8F8407AE4002BC6D04268032AA3D16D
:101C30000E4B1B689B01A7D485E785680B4A936808
:101C400003F0F0039D42B7D2936823F0F0032B43D7
:101C50009360B1E79F0397D475E70320F8BD5D0556
:101C60007FF571AF90E700BF0020024000100240F6
:101C70007800002028230108000000200CB4F0B5F3
:101C8000ADB032AB06AE53F8042B059304460D46B7
:101C9000304696210FF0D4FD9528C4BF1B4BCDF8DC
:101CA000AA301B4B1B49DF6EA1FB07311A4BA3FB6C
:101CB0000723980B194BA3FB07234FEA931C184BE0
:101CC0004FF47A7202FB1C77A3FB00E25209042C4A
:101CD000C2EB0212A0EB8202A3FB0CE398BF1148F7
:101CE00000974FEA531394BF005D3F20C3EB0313EB
:101CF0000190CDE90256490DACEB83030A480FF081
:101D000079FD2DB0BDE8F04002B070472E2E2E00B8
:101D100078000020B17C219573B2E745D34D621065
:101D200089888888C06201089C62010838B590F8EB
:101D300040C0C56ABCF1010F67D04FF0010C11F033
:101D4000200F04460B4680F840C002D012F0200F4E
:101D500051D1D80615D5D10613D5628D92B2002A7D
:101D600055D194F84120282A74D094F84120236852
:101D7000292A4FF01002DA615CD0002084F840007C
:101D800038BD590719D4190701D5100739D4990757
:101D9000F3D59307F1D5638D9BB2002B46D0616AD2
:101DA000236811F8012B9A62638D228D6162013BD9
:101DB0009BB2013A63852285DFE75007E3D5638D47
:101DC0009BB26BB12268636A526A1A70638D616A52
:101DD000228D013B0131013A9BB26162228563850C
:101DE000638D9BB2002BC8D115F5803FC5D020462E
:101DF000FEF7ACFCC1E7FFF71FF8002084F84000B5
:101E0000BEE720460BF0C4FBB7E7022038BD2368CD
:101E10001022DA61636C43F00403636435F080736D
:101E2000ABD1616C2046FEF70FFDA6E735F080735D
:101E3000A3D1DCE715F5803F9FD09A69950744BF91
:101E400000229A629A69D007D1D49A6942F00102BD
:101E50009A61CCE7B5F1007F87D119462046FEF79D
:101E6000BFFC8AE738B590F840C0C56ABCF1010FE5
:101E700046D04FF0010C11F0200F04460B4680F8BD
:101E800040C002D012F0200F30D1D90626D5D0069E
:101E900024D55104C2F3803034D5E16B09B112046A
:101EA00035D4A26B1AB112685268002A37D0236861
:101EB0001022DA61636C43F00403636494F84130E8
:101EC00035F08072DBB20DD1213B092B4CD8DFE815
:101ED00003F049504B4B4B4B4B4B4950190701D525
:101EE000130709D4002084F8400038BDFEF7A4FF92
:101EF000002084F84000F8E720460BF049FBF1E7AA
:101F0000022038BD110429D5E16B0029CFD00A6821
:101F10005268002A30D1A26B0AB100283AD194F855
:101F20004120282A2ED094F841202368292A4FF0F6
:101F30001002DA61D6D115F5803FD3D09A699507A2
:101F400044BF00229A629A69D00703D49A6942F08A
:101F500001029A612046FEF7F9FBC3E723681022CD
:101F6000DA61BFE721232363616C2046FEF76CFC36
:101F7000B8E722232363F7E7A26B002A97D0002853
:101F800095D090E7B5F1007FCDD119462046FEF7F8
:101F900027FCA7E712685268C1E700BF002854D0A9
:101FA00010B50446006808B108F0EAF9E06F08B11E
:101FB0000FF0D6FBD4F8880008B10FF0D1FBD4F8AD
:101FC000800008B10FF0CCFBD4F8840008B10FF00A
:101FD000C7FBD4F88C0008B10FF0C2FBD4F8900016
:101FE00008B10FF0BDFBD4F8940008B10FF0B8FBB6
:101FF000D4F8980008B10FF0B3FBD4F89C0008B1F6
:102000000FF0AEFBD4F8A00008B10FF0A9FBD4F894
:10201000A40008B10FF0A4FBD4F8A80008B10FF099
:102020009FFBD4F8AC0008B10FF09AFBD4F8B000D5
:1020300008B10FF095FBD4F8B80008B10FF090FB91
:102040002046BDE810400FF08BBB704738B5294AD9
:102050000368D56E1B689B061BD4846A2368A2683C
:102060005868616820F0200058609AB15868B1F54E
:10207000827F20F00100586022D02946204608F0D7
:10208000B3FAB0B901230022A4F8462084F85D30E9
:10209000236E38BD5A68B1F5827F0CBF22F003026F
:1020A00022F001025A602946204608F09DFA0028D5
:1020B000E8D0236E43F02003236620232366E1E764
:1020C000B2F5004F12D11A6822F0400229461A6078
:1020D000204608F089FA0028EBD12A464FF4C06167
:1020E000204608F01DFA0028CCD0E2E7B2F5806F58
:1020F000E9D0C2E778000020F8B51B4D0368EF6E09
:102100001B68846A9B062CD42668736823F020031E
:1021100073603A464FF4C051204608F001FA58B9AE
:102120003946204608F060FA30B93A464FF4C061AB
:10213000204608F0F5F938B1236E43F020032366FA
:10214000236E43F020032366736823F00303736058
:1021500000220123E287A4F8462084F85D30236E34
:102160000BB901232B70F8BD78000020BFF34F8F0F
:102170000549064BCA6802F4E0621343CB60BFF323
:102180004F8F00BFFDE700BF00ED00E00400FA053F
:1021900030B4224BD3F88820D36813F00803FBD166
:1021A000946A156911685268C1F3015000EB800010
:1021B00001F07F32C1F3034111EB400118BF184B0E
:1021C00022F0FE4218BF4B43C2F3023101EB810102
:1021D000C2F3032010EB41001CBF4EF6602101FB4F
:1021E0000033C2F3021101EB810102F00F0212EB86
:1021F0004102C5F30E0518BF4FF47A71A5EB040038
:1022000018BF01FB02334FF47A72013502FB00F074
:10221000B0FBF5F030BC1844704700BF78000020D8
:1022200080EE3600FEE700BFFEE700BFFEE700BF1E
:10223000FEE700BFFEE700BF704700BF704700BF6A
:10224000704700BF024AD36E0133D366704700BFA8
:10225000780000200C4B0D49D3F888204FF48010F3
:102260004861D168490503D4012283F8A920704749
:10227000D168C9B261F49061D1600120012283F874
:10228000AC0083F8A92070477800002000040140CA
:10229000034B5A69120744BF08225A61704700BFB6
:1022A000000401400148FEF73DB900BF28010020AD
:1022B0000148FEF737B900BF700100200148FEF762
:1022C00031B900BFB80100200148FEF72BB900BFAB
:1022D00000020020084810B4D0F8D031D0F80442F1
:1022E00099691A682CB1234600F5E8705DF8044B33
:1022F00018475DF8044B704778000020034B5A697B
:10230000120544BF4FF400625A6170470004014057
:10231000034AD2F8883043F47003C2F8883070471B
:1023200000ED00E030B52B4D8DB02C22002101A82E
:102330000FF0D4F8D5F82442002C43D0FFF728FF43
:10234000254BD5F8941003910444A3FB0423234A9E
:102350005B0D02FB1344224AA2FB0402920B4EF6D1
:10236000602505FB12448DF805201E4A1E48A2FB7D
:102370000352120902EB4202A3EBC2038DF80430B0
:10238000A0FB04239B094FF47A7202FB134401FB68
:102390000444A0FB04048DF80630A1EB94114FF423
:1023A00080704FF000424FF0606302910B900692F4
:1023B000089308F089FD18B901A808F02DFE38B17E
:1023C000FFF7D4FE08F080FD0028F9D185F8280237
:1023D0000DB030BD78000020B17C219580EE360034
:1023E00073B2E745ABAAAAAAD34D621010B5164C3A
:1023F000164AD4F888304FF4802151619A68D2048B
:1024000002D5DA68D00512D49A68910402D5DA6848
:10241000920503D4012384F8A93010BDDA68D2B242
:1024200062F42072DA60012384F8A93010BDDA6802
:10243000D2B262F4C072DA60012184F82812FFF788
:1024400071FFD4F88830DFE77800002000040140F5
:1024500008B518B1074B02689A4208D0064B074AE4
:10246000D3F88030064900209847002008BD01209D
:1024700008BD00BF0FB03713780000207C62010850
:102480009462010860B170B5C56804461DB1284664
:1024900007F042FF28B92046BDE870400FF060B950
:1024A00070472E6C3046FFF7D3FF28B900232B600E
:1024B000284606F019FCEEE700233360304606F0AC
:1024C00013FCF3E708B518B10E4B02689A4208D026
:1024D0000D4B0E4AD3F880300D490020984700205C
:1024E00008BD032907D9084B0A4AD3F880300849A8
:1024F00000209847F3E701EB810100EB81000089A0
:1025000008BD00BF0FB03713780000207C620108BF
:1025100094620108C86201082DE9F04F85B0DFF828
:10252000D8A0304D304E03930446884617464FF0EE
:10253000020B4FF48059CAF8289008F029FFCAF816
:10254000189008F025FF14B12368B3420BD0D5F8DA
:102550008030264A264900209847BBF1010F1CD045
:102560004FF0010BE5E7002FF7D004F10D09A0684B
:10257000039ACDF800804B46394606F08FFD0028BF
:10258000EBD0637B0A2B17D008F0DEFE0028E4D0E6
:10259000154B22689A42DAD1E9E716480FF018F98C
:1025A000C4B9104B114AD3F8803011490020984724
:1025B000002005B0BDE8F08F0F4C03904FF480551C
:1025C000A56208F0E5FEA56108F0E2FE039805B0FB
:1025D000BDE8F08F044B22689A42E2D1A06808F06F
:1025E00081FFE5E7780000200EB03713E0620108B4
:1025F000F86201080063010800040048F0B583B0E8
:10260000002858D0334D0368AB4204461CD0324EEC
:10261000324AD6F8803032490020984731480FF0CE
:10262000D7F82368AB4250D0D6F880302B4A2C49DB
:102630000020984700252C4B4FF480529A6208F0F6
:10264000A7FE284603B0F0BD86680322002700924B
:1026500040F249130021304606F08CFC012540F27F
:102660004913042202213046009706F083FC40F211
:102670004913102204213046009506F07BFC40F2FD
:102680004913202205213046009506F073FCFF23F4
:1026900000934FF47F5240F249130621304606F072
:1026A00069FC40F24B13009530462A46394606F045
:1026B00061FC2773BFE7084E084AD6F88030084906
:1026C000984708480FF084F8AEE7A06808F00AFFC2
:1026D000B0E700BF0EB0371378000020E0620108B9
:1026E000F862010820630108000400481C4B4FF405
:1026F000805270B504469A6108F04AFE0CB3194D39
:102700002368AB4214D0184E184AD6F880301849C6
:102710000020984717480FF05BF82368AB421BD0A6
:10272000D6F88030114A124900209847002070BD29
:10273000A06806F04FFCA068012107F0B1FD012060
:1027400070BD094E094AD6F880300949204698479D
:1027500008480FF03DF8E3E7A06808F0C3FEE5E79E
:10276000000400480EB0371378000020E062010832
:10277000F862010840630108F0B5046805462005C9
:1027800083B000F1F3800026A1034ED5A34B9A6DD0
:10279000D20040F1F5800027A149A24A0B6843F41A
:1027A00080730B60D06E04E0D36E1B1A022B00F214
:1027B00000810B68DB05F7D5A6BB9849A86DD1F859
:1027C000903013F4407325D0834223D0D1F890C0C9
:1027D000D1F8903043F48033C1F89030D1F8903084
:1027E00023F48033C1F890301CF0010F2CF44073B7
:1027F000C1F890300ED0D2F86CE041F2883C05E090
:10280000D36EA3EB0E03634500F2D380D1F8903072
:102810009B07F5D5814AD2F8903023F440730343E7
:10282000C2F89030002F40F0C880E10708D57B4AFD
:10283000296AD2F8883023F003030B43C2F88830AA
:10284000A20708D5754A696AD2F8883023F00C03CC
:102850000B43C2F88830630708D5704AA96AD2F8DA
:10286000883023F030030B43C2F88830A70608D520
:102870006A4AE96AD2F8883023F440630B43C2F80D
:102880008830A00508D5654AE96BD2F8883023F472
:1028900040230B43C2F88830610508D55F4A296C94
:1028A000D2F8883023F440130B43C2F88830620614
:1028B00008D55A4A296BD2F8883023F440530B4389
:1028C000C2F88830230608D5544A696BD2F888309C
:1028D00023F440430B43C2F88830E70508D54F4A3C
:1028E000A96BD2F8883023F440330B43C2F8883008
:1028F00020030ED5494AA96CD2F8883023F04063F2
:102900000B43B1F1006FC2F888305CD0B1F1806F39
:1029100074D061030ED5414AE96CD2F8883023F0B7
:1029200040630B43B1F1006FC2F8883050D0B1F171
:10293000806F6BD062040BD538492A6DD1F888308E
:1029400023F040531343B2F1805FC1F888304DD07B
:10295000230408D5314A696DD2F8883023F08043CA
:102960000B43C2F88830304603B0F0BD6F6CB7F54A
:10297000000F10D0B7F5400F12D077B3012603E750
:102980009A6D42F080529A659B6D03F080530193DB
:10299000019B012700E7214AD36843F48033D360C9
:1029A0001E4AD2F8883023F440033B43C2F88830F3
:1029B000E9E60326002F3FF438AF184A936D23F061
:1029C0008053936531E7D36843F48013D360A0E765
:1029D000D36843F48013D360ACE73946281DFEF773
:1029E000C7FB064600287FF4CFAED9E70221281D99
:1029F000FEF7BEFB002818BF0646A9E70121281DE7
:102A0000FEF7B6FB002818BF064682E70121281D05
:102A1000FEF7AEFB002818BF06468BE70010024009
:102A200000700040780000202DE9F041C16F05687A
:102A30009EB00446002947D02423E3672A68636ACE
:102A400022F001022A60002B40F0AD80D4E904128C
:102A5000A36828680B431343E169A74A0B4302406C
:102A600013432B606B68E26823F440531343A34A7B
:102A70006B609542A369AA6800F0DB80206A22F4AB
:102A80003062034313439E4AAB60954200F0488195
:102A90009C4B9D4240F00C8103F5E633D3F888301F
:102AA00003F00C030C2B00F26181DFE813F0D2017C
:102AB0005F015F015F0110015F015F015F016F0155
:102AC0005F015F015F01680180F878105C2207A850
:102AD0000EF004FD8A4B9D4200F0EE81894B9D4231
:102AE000AAD1022707A80797FFF746FE0646002847
:102AF00040F01882844B854D9A6D42F400329A65FD
:102B00009A6D02F400320492049ADA6C42F00102E7
:102B1000DA64DB6C03F00103039307220323CDE99E
:102B20000032039903463A464FF090400F214FF090
:102B300080080AF05FFDC5E95176C5E95368C5E92B
:102B40005566C5E9576605F5A076714BC5F8403165
:102B5000304608F02DFB002840F0E4816667102322
:102B600005F5C476C5E96508C5E96700C5E96900EA
:102B7000C5F890313046674BC5F88C71C5F868418F
:102B8000C5F8883108F014FB0146002840F0CA81DE
:102B900026672620C5F8B04108F0ACFB5E4B40220A
:102BA0005A60256848E71E0705D56A68616B22F4FC
:102BB00000420A436A60D80705D56A68A16A22F410
:102BC00000320A436A60990705D56A68E16A22F40F
:102BD00080320A436A605A0705D56A68216B22F47D
:102BE00080220A436A60DF0605D5AA68A16B22F439
:102BF00080520A43AA609E0605D5AA68E16B22F4BA
:102C000000520A43AA60580609D56A68216C22F46A
:102C100080120A43B1F5801F6A6000F00281190634
:102C20007FF514AF6B68A26C23F4002313436B6031
:102C30000CE722F4306213433349AB60D1F888309B
:102C400003F44063B3F5006F00F0878000F2E38087
:102C5000002B00F05781FEF7EBF90646002E7DD1E0
:102C60006A682A49002322F49042C4E91A336A6050
:102C7000AA6822F02A02AA602A6842F001022A60A9
:102C8000C4F88430CE6E2B681A0700F185802B685B
:102C90005B0700F19C80002320221846E26784F83D
:102CA0007830C4F88020236663661EB0BDE8F081EA
:102CB0001A4B9D425AD103F5E433D3F8883003F020
:102CC0003003202B62D058D8002B00F0C280B1F521
:102CD000004F00F02E81FEF7ABF90028C0D06368EA
:102CE00000EB5300B0FBF3F04FF6EF73A0F11002CE
:102CF0009A423BD8E860B3E7F369FFEF00800040F9
:102D000000380140004400400010024078000020DC
:102D10006C0002408000024000E100E000480040FA
:102D200002F55842D2F8883003F00303022B2DD06D
:102D3000032B24D0012BCAD0864BB1F5004F186865
:102D400000F098809268844BC2F3C222134493F837
:102D5000403003F01F03D840BFE7804E626802EBAB
:102D60004203B34202D8B6EB023F61D90023C4E963
:102D70001A3301201EB0BDE8F081302BF6D1B1F539
:102D8000004F00F0D3804FF40040A8E7B1F5004FAA
:102D900000F0CA807148A2E76FF07E4332464FF4DC
:102DA0000011204608F068FA00283FF470AF23684D
:102DB00053E8002F22F0800243E800210029F7D1D8
:102DC0002023E367002384F878300320D2E76FF0F4
:102DD0007E4332464FF48001204608F04DFA002829
:102DE0003FF459AF236853E8002F22F4907243E870
:102DF00000210029F7D103F1080252E8002F22F048
:102E0000010203F1080040E800210029F3D120234A
:102E1000C4F88030D6E7B3F5406FA7D14FF4004631
:102E20009CE76A68616C22F4C0020A436A60F6E6B5
:102E30000023500819464FF48077E6FB07010BF09A
:102E4000ADFA474BA0F540729A428FD8454BD860F7
:102E500006E7B1F5004F6FD0434A3F4B92683D49BA
:102E6000C2F302221344086893F8403003F01F03B2
:102E7000D84032E79268384BC2F3C222134493F829
:102E8000403003F01F03D84000283FF4E9AE430070
:102E9000626803EB5203B3FBF2F34FF6EF72A3F158
:102EA000100191423FF662AF23F00F0292B2C3F3DA
:102EB00042031343EB60D3E6012307A80793FFF710
:102EC0005BFC034670BB284A116E41F480411166D9
:102ED000116E01F4804106910699D16C41F0010117
:102EE000D164D26C02F00102059207210322CDE9E0
:102EF0000021059802224FF4C0614FF090400AF083
:102F000079FB99E58A68144BC2F302221344114AF3
:102F100093F84030166803F01F03DE40002E3FF4A4
:102F20009FAE1BE7FFF722F9104BB1E74FF4803358
:102F3000AEE7FEF77DF8A7E70B4A074B9268054915
:102F4000C2F302221344086893F8403003F01F03D1
:102F5000D84099E700000020282301080024F4004D
:102F6000FFFC0F0000800040001002400048E80114
:102F7000F0B5CA4CD4F824328BB0002B00F0D981C4
:102F8000C74B1A683F21C4F83C13520358BF1A6854
:102F9000C34B54BF02F480324FF4A022C4F8402344
:102FA00019685A68186801F00101C2F30722C4E9E0
:102FB000D51219685A6800F0F00001F48071C4F865
:102FC0005C03C4F84813D3F89010B648C2F3046207
:102FD000C4F84C234F0758BFD3F89020B04B54BFD0
:102FE00002F001020522D3F89410C4F84423D3F868
:102FF000982001F0010102F00102C4F85013C4F856
:1030000060231968DA6811F0807F0CBF012102216A
:1030100002F00302C4E9D912DA68D968C2F30212D5
:103020000132C1F30621C4E9DB21D968DA68C1F3B2
:103030004151C2F341620131013249005200C4E9F9
:10304000DE12D9689A68C90E02F003020F25C4F88F
:103050008053C4F87413C4F8842399689A6801F003
:10306000F00102F4E062C4E9E2129A68016894F89F
:10307000110284F89803D20802F4E06201F007011B
:10308000C4E9E421242284F81122D4F8D02186480E
:103090001168824221F00101116000F0ED810023EE
:1030A000A268C4F81432022184F8113284F8103274
:1030B000C4F8003284F8123284F8651013687B4932
:1030C00023F040038A42136000F0EC810022A266E4
:1030D000D4F82C3284F865202421D4F8AC0284F88A
:1030E0006420C4F8A8121968C4F89C0321F00101F7
:1030F00019606F491A608B425A609A6000F0AD8186
:103100006C4A934200F08C820023D4F8B422C4F8B5
:10311000B0322421C4F8A83284F8A432C4F8AC3206
:10312000C4F88C32C4F89032C4F830131168604887
:1031300021F001018242116013605360936000F03E
:1031400045825C4B9A4200F08782554A0023C4F8BE
:103150003833C4F83033C4F83433C4F81433C4F803
:103160001833D06CD16C84F82C3300F00100C1F31B
:103170004001C4F8BC03C4F8DC13D06CD16C41F03E
:103180000101D164D16CC0F3C01001F001010491C0
:10319000C4F8FC030499D16C41F00201D164D16CF4
:1031A00001F0020103910399D16C41F08001D164D7
:1031B000D26C4FF0904C02F0800202920299DCF83F
:1031C0000010C4F8A013DCF80410C4F8A413DCF851
:1031D0000810C4F8A813DCF80C10C4F8AC13DCF821
:1031E0002010C4F8B013DCF82410334AC4F8B41328
:1031F0001168C4F8C0135168C4F8C4139168C4F8C6
:10320000C813D168C4F8CC13106A516AC4F8D41337
:1032100002F5C052C4F8D0031168C4F8E013516835
:10322000C4F8E4139168C4F8E813D168C4F8EC1347
:10323000116A089D526A099EC4F8F013C4F8F42379
:1032400001204FF60F714FF0030E00FA03F20A420D
:103250004FEA430203F1010306D0DCF800700EFAD6
:1032600002F23A43CCF80020102BEED1CDE9005603
:103270001148002303224EF6F5710AF0BBF9CDE99F
:1032800000560E48002303224FF6F6710AF0B2F9F9
:10329000034BDA6C22F0010212E000BF780000203C
:1032A0000010024000200240005800400030014061
:1032B000003801400044004000040048001C004861
:1032C000DA64DA6C22F00202DA64DA6C4FF0E021A0
:1032D00022F08002DA640B6923F002030B61FEF72F
:1032E00057FF94F8283205464BBBBE49BE4A07E05B
:1032F00062B6BFF34F8FBFF36F8F94F82832F3B9E4
:1033000072B6BFF34F8FBFF36F8F94F82832002B44
:10331000EED10B6823F0070343F001030B60136940
:1033200043F00403136130BF136923F004031361F6
:10333000DEE7AE480BB0BDE8F0400EF049BA00231E
:1033400084F82832FEF724FF401B05D500F1A46065
:1033500000F5CB2000F58060E36E4FF0E0220344DF
:10336000E3661369A24843F002031361FEF700F914
:10337000D4F894139F48FEF7D5FB4FF090400121FD
:10338000FCF706FFD4F8A023D4F8BC130260D4F8ED
:10339000A4234260D4F8A8238260D4F8AC23C2608E
:1033A000D4F8B0230262D4F8B4234262003918BFC3
:1033B0000121FCF7EDFE00F580600121FCF7E8FE3D
:1033C000D4F8C033D4F8DC130360D4F8C4334360BA
:1033D000D4F8C8338360D4F8CC33C360D4F8D03386
:1033E00003620039D4F8D433436218BF0121FCF7DB
:1033F000CFFE00F5C0500121FCF7CAFED4F8E0333F
:10340000D4F8FC130360D4F8E4334360D4F8E83311
:103410008360D4F8EC33C360D4F8F0330362D4F89B
:10342000F4334362003918BF0121FCF7B1FE0AF002
:10343000DDF994F89833282B00F0B7800AF06AFA87
:103440006D48FFF7F1FAD4F89C33222B3BD06B4840
:103450000BB0BDE8F040FFF7E7BA02F1804202F599
:1034600004324FF4C061136E23F480434FF0904058
:103470001366FDF7A5F847E69A6D614822F48002CD
:103480009A654FF48061FDF79BF84FF40061FDF7FA
:1034900097F85C4B0222C3F88420BFF34F8FBFF331
:1034A0006F8FFCE5584A136E23F48053E0211366B6
:1034B0004FF09040FDF784F8206E0AF0F5FAE06DC9
:1034C0000AF0F2FA02E6D4F8A002D4F88022B4F8A6
:1034D0008432D4F8AC12002800F0D9802029B6D16B
:1034E000002AB4D0002BB2D00021D4F82C52C4F85A
:1034F0008C1246498D4203D069680E0200F1478163
:103500000021C4F8B0122221C4F88022A4F8843229
:10351000C4F8AC123E49C1623E4901633E49416371
:103520000021816305F12401FCF798FE002840F09A
:103530005181D4F83C3293B155E8003F43F4807395
:1035400045E800324AB1D4F82C2252E8003F43F457
:10355000807342E800310029F5D1D4F82C5205F1EE
:10356000080353E8003F43F0010305F1080141E877
:10357000003262B1D4F82C2202F1080353E8003F74
:1035800043F00103083242E800310029F2D1D4F8B7
:103590002C2202F1080353E8003F43F040030832B5
:1035A00042E800310029F2D151E794F81122202A93
:1035B0007FF444AFD4F8D02184F81132136817494E
:1035C000C4F8041243F0B803136037E70E4A136ED1
:1035D00023F480434FF4C0614FF090401366FCF732
:1035E000EFFFB2E50070004000ED00E0606301080D
:1035F000B4030020F8030020A40200202C030020C4
:103600000004004800E100E000100240008000409B
:10361000A9120008311300080D3D00082D1D0008F7
:1036200002F5E6320F21936D23F4003393654FF0DA
:103630009040FCF7C5FFD4F8A0020AF035FAD4F8A0
:103640009C020AF031FA734B4022C3F88420BFF386
:103650004F8FBFF36F8F57E56F4A936D23F400339D
:1036600093650F214FF09040FCF7AAFFD4F8280390
:103670000AF01AFAD4F824030AF016FA654B40222D
:10368000C3F88420BFF34F8FBFF36F8F5DE5202910
:103690007FF4DDAE002A3FF4DAAE002B3FF4D7AE64
:1036A000D4F82C12C4F88C025C48814215D04868CA
:1036B000000212D551E8000F40F0806041E800059B
:1036C0004DB1D4F82C0250E8001F41F0806140E871
:1036D0000015002DF5D1D4F82C12D4F83452C4F8CA
:1036E00080220020B5F5805FA4F88432A4F88632E9
:1036F000C4F8940200F08580002D78D1D4F83C32D3
:10370000002B0CBFFF207F2000222223C4F8B02210
:10371000A4F88802C4F8AC3201F1080353E8003F72
:1037200043F00103083141E8003262B1D4F82C22A1
:1037300002F1080353E8003F43F00103083242E876
:1037400000310029F2D1D4F83422D4F83C32B2F559
:10375000805F46D0324AC4F894226BB1D4F82C2250
:1037600052E8003F43F4907342E800310029F5D15C
:103770006DE62C4BC4F89432D4F82C2252E8003F6A
:1037800043F0200342E800310029F5D15FE655E817
:10379000001F41F0806145E8001048B1D4F82C02C8
:1037A00050E8001F41F0806140E80015002DF5D180
:1037B0000021D4F8A002C4F8B0122221D4F82C526F
:1037C000C4F88022A4F88432C4F8AC1200283FF474
:1037D000B0AE9FE610222023C4F8B022C4F8AC3269
:1037E00035E6002BC5D00E4BC4F89432B6E7B5F1E0
:1037F000805F89D1D4F83C32002B0CBF7F203F2062
:1038000082E7D4F83C32002B40F2FF1018BFFF20B3
:103810007AE700BF00E100E00010024000800040B5
:103820004D1300081D140008F0B4C56F202D4AD1B7
:103830000C4601B112B90120F0BC704719460025B1
:103840002123C0F88450C3678368294FA0F8502013
:10385000B3F5805FFE6EA0F8522037D0B0F852204A
:10386000036892B2B2B1DA69120604D44A1C1DD1BF
:10387000DA691206FCD504B314F8012B1A85B0F8E6
:103880005220013A92B2A0F85220B0F8522092B2DF
:10389000002AE8D1DA69520604D44C1C1CD1DA693A
:1038A0005106FCD52023C3670020C5E7FA6E921BA2
:1038B000914218D3B9B11A68D5E735F8022BC2F393
:1038C00008021A85DBE70220F0BC70470369002B71
:1038D000C4D125461C46C1E7FA6E921B914202D321
:1038E00009B11A68D6E72023C367F0BC03207047EC
:1038F00078000020026852E8003F23F4907342E809
:1039000000310029F7D102F1080353E8003F23F00A
:10391000010302F1080C4CE800310029F3D1036ED9
:10392000012B06D000232022C0F880208366036686
:10393000704752E8003F23F0100342E800310029AD
:10394000F0D052E8003F23F0100342E80031002994
:10395000EFD1E7E770B5AE4CD4F82C52EB692A688A
:10396000A96840F60F00034240F08780980602D510
:10397000960600F1F380D4F88C02012816D0D80204
:1039800002D5490200F1F4801E0605D4590602D57D
:10399000530600F1258170BD1006F7D5D4F8983292
:1039A000002BF8D0BDE870409A481847DE06E6D5EF
:1039B000D006E4D510232B62AB68B4F884225B06F2
:1039C00040F14281D4F8A03219684B689BB2002BB9
:1039D00000F07C81934280F07981A4F886320B68F4
:1039E0009E0644D455E8003F23F4807345E8003236
:1039F0004AB1D4F82C2252E8003F23F4807342E805
:103A000000310029F5D1D4F82C2202F1080353E843
:103A1000003F23F00103083242E800310029F2D1CF
:103A2000D4F82C2202F1080353E8003F23F04003AE
:103A3000083242E800310029F2D12023C4F8AC3228
:103A4000C4F88C12D4F82C2252E8003F23F0100363
:103A500042E800310029F5D1D4F8A03293F82520AE
:103A6000022A00F03A810422DA6383F82410022348
:103A7000C4F89032B4F8863270BD11F0010640F0FF
:103A80009E80654802423FF476AFD8070FD5D10536
:103A900040F1D68001212962D4F8B01241F0010131
:103AA000C4F8B01299076BD5002E40F08C805807EF
:103AB0007DD51E0700F1C1801E050AD5500108D52D
:103AC0004FF400612962D4F8B01241F02001C4F82B
:103AD000B012D4F8B01200293FF45DAF990602D5B8
:103AE000920600F1A080D4F8B022AB6802F0280260
:103AF00003F04003134300F0E6804648FFF7FAFE68
:103B0000AB685B067FF547AF05F1080353E8003F5C
:103B100023F0400305F1080141E8003262B1D4F816
:103B20002C2202F1080353E8003F23F0400308323F
:103B300042E800310029F2D1D4F8A00200283FF475
:103B40002AAF364B8363FCF7C9FC00283FF423AF50
:103B5000D4F8A002BDE87040836B1847D4F89432C3
:103B6000002B3FF418AF04F50B70BDE87040184708
:103B70004FF480132B6270BDD1058BD4980722D4EB
:103B8000590714D5002E94D004212962D4F8B0121C
:103B9000180741F00201C4F8B0128DD5082129623E
:103BA000D4F8B01241F00801C4F8B01284E7190744
:103BB00082D502F0200131433FF47EAFEEE7D80713
:103BC000DAD499072CD502212962D4F8B0125E0705
:103BD00041F00401C4F8B012D6D41907DED46BE763
:103BE00055E8003F23F0400345E800324AB1D4F8DD
:103BF0002C2252E8003F23F0400342E80031002924
:103C0000F5D120220023C4F8A822C4F8983270BD50
:103C100078000020A4020020200100043D130008C9
:103C20005E07B1D4D9E7D4F89432002B3FF45BAFF0
:103C300035489847D4F82C5255E79006AED43BE768
:103C400098073FF534AF9BE7B4F88612B4F8863294
:103C50009BB289B2002B3FF49EAE91423FF49BAEE3
:103C600055E8003F23F4907345E800324AB1D4F898
:103C70002C2252E8003F23F4907342E800310029DF
:103C8000F5D1D4F82C2202F1080353E8003F23F0C9
:103C90000103083242E800310029F2D12023C4F8A0
:103CA000AC32C4F89412C4F88C12D4F82C2252E826
:103CB000003F23F0100342E800310029F5D1022330
:103CC000C4F8903270BDC4F8B03270BD93427FF436
:103CD00062AE0B689D06F2D470BD1A681D6C106848
:103CE00020F00E001060106820F0010010605A6C87
:103CF000012002F01C0200FA02F26A6083F825003B
:103D000083F82410B3E600BFA4020020806A036891
:103D1000C16F10B5D0F880409A68120601D52129EC
:103D20000BD09B685B0601D5222C1DD0D0F88430C7
:103D300043F01003C0F8843010BD0022A0F85220D8
:103D400053E8002F22F0C00243E80021026839B195
:103D500052E8003F23F0C00342E800310029F7D1C8
:103D60002023C3671346DCE70023A0F85A30FFF78F
:103D7000C1FDD0F8843043F01003C0F8843010BD8A
:103D800010B590B018B10C4B02689A4209D00B4B99
:103D90000B4AD3F880300B4900209847002010B020
:103DA00010BD0C46043001A905F096F80028F6D0A5
:103DB000BDF804302360F2E70FB03713780000201D
:103DC0007C6201089462010810B418B10C4B0468BD
:103DD0009C4208D00B4B0C4AD3F880300B495DF85D
:103DE000044B00201847032A02D9064B084AF3E780
:103DF00002EB820200EB82005DF8044B0181704708
:103E00000FB03713780000207C620108946201082B
:103E1000C862010810B520B10D4B02689A420446F1
:103E200008D00C4B0C4AD3F880300C49BDE8104048
:103E300000201847406818B1C368984700236360A2
:103E4000002323602046BDE8104004F04DBF00BFB2
:103E50000DB0371378000020B4630108D063010867
:103E60002DE9F04F2DED108BC468BBB08146204684
:103E700006F052FAB0B9AD480DF0AAFCB9F802202C
:103E8000B9F804309A4280F04081B9F80630002B2E
:103E900000F043814FF0000B58463BB0BDEC108B57
:103EA000BDE8F08FD4ED177AF5EE407AF1EE10FA16
:103EB000E1D0B9F80220B9F804309A4280F02581A7
:103EC000B9F80630002B00F02881E02101200DF028
:103ED0004FFC83460028DDD0D9F80C40204606F080
:103EE0001BFA002840F01D810023D9F80C40CBF8C4
:103EF0001830204606F010FA08B1B4F85400D9F88A
:103F00000C40ABF83200204606F006FA002800F01C
:103F10000A81A369D9F80CA0CBF83430504606F0DA
:103F2000FBF9002800F0A18181494FF495723820F7
:103F300007F00AF80746002800F09181DAED138AAD
:103F40009AF862309FED848A7A4A9AED149A026058
:103F500088EE880AC0F820A0002B00F0FF8006F051
:103F600099FFF0EE408A89EE080A06F093FF68EEAA
:103F7000888A9FED719A20EE088AB4EEC98AF1EE24
:103F800010FA40F2C381F4EEC98AF1EE10FA00F3A0
:103F9000718188EE090A06F07DFF0AF0F7FE002223
:103FA0005046FCEEC07AF0EE490A17EE905A013DF9
:103FB000EDB2032D28BF0325012D38BF0125C5F122
:103FC0000401B0EE680AC9B206F062FBF0EE480ADE
:103FD00004460146B0EE490A2A46504606F0C6FDA0
:103FE0000444E4B2DAF840502846FEF731FA08B14A
:103FF00085F86240DAF840409AF858502046FEF7BB
:1040000027FA08B184F86350DAF84040BAF85450FF
:104010002046FEF71DFA08B1A4F85C50DAF84040DB
:104020009AF86030DAF85C50CAF80C502046002B41
:1040300000F00E81FEF70CFA002840F01881DAF843
:1040400040001BA9FFF79CFE002854D01B9B0333A4
:1040500023F003033B63DAF8403000931846FEF781
:10406000F7F9002800F05D8134496722102006F03E
:104070006BFF8046002800F05681314B0360009BA7
:10408000304993F8624038221020002C40F0FD8027
:1040900006F05AFF2B4904903922FC2006F054FF09
:1040A00025460290049B002B00F04281029B002BCE
:1040B00000F03E8114B1002D00F03A81029B049A79
:1040C000C3F898501360009B2BA9181D04F004FF3F
:1040D000002840F037811C4B1C4AD3F88030194926
:1040E0009847049801F09EFD0024C8F8044040461B
:1040F000FFF790FEBC62384606F042F90023CBF889
:1041000000305846FDF74AFFC4E611480DF060FB49
:10411000B9F80630002B7FF4BDAE0E480DF06AFBF7
:10412000B8E6E36DE1E60023F4E600BFDC630108D6
:104130007864010801B137130AD7233FD06301081F
:104140000DB03713AC64010878000020BC6401088E
:1041500038640108006401080AD7233B9AF8443008
:10416000002B40F0B2809AF846509AF84530002B68
:1041700040F0A180BAF848800AF0BEFD07EE908AB0
:104180001FED0B7AB0EE408AB8EE670A39EE689AF6
:1041900020EE070ABDEEC88A89EE000A06F07AFE14
:1041A000F7EE007A30EE270A0AF0F0FDBCEEC00A06
:1041B000DAF8406010EE103A30469CB2FEF748F94B
:1041C00010B1012386F86230DAF840603046FEF71D
:1041D0003FF900B13575DAF840603046FEF738F93E
:1041E00008B186ED018ADAF8400000222146FFF787
:1041F000EBFDDAF840603046FEF72AF908B1A6F880
:104200000A80DAF840603046FEF722F950B118EE25
:10421000103A20B2013810FB0830294600B206F0EF
:104220003DF9F074DAF84040BAF856502046FEF7EF
:104230000FF900B1A581DAF840409AF8685020469D
:10424000FEF706F900283FF4D5AE84F86A50D1E6AF
:10425000FEF7FEF800283FF4F2AEA565EFE6B64B98
:10426000B64AD3F88030B6499847002743E7002381
:10427000A365E4E6F0EE480AB0EE680A04220021E5
:10428000504606F073FC0446ACE6B3F85C4006F01A
:104290005BFEAC4904903922FC2006F055FE0290EA
:1042A000002C00F0F580A7493E22602006F04CFE6D
:1042B00001240546F6E66B1EDBB2042B35D8A24A74
:1042C00002EB4303B3F8488056E7A04B9FEDA07A7A
:1042D000A0482B932BA9012211F8015B6B1EDBB2C6
:1042E000042B00EB8303F0EE477A98BFD3ED007AFE
:1042F00077EEA77A0132F4EEE87AF1EE10FA92B294
:104300007FF633AF052AE7D101252EE7F0EE480A04
:10431000B0EE680A01220421504606F0B9F90446BD
:1043200060E6B862E7E6B862E5E64FF0010823E729
:10433000049804F0D9FC029804F0D6FC284604F056
:10434000D3FCD1E6BDF8C040BDF8CC30029A23447E
:1043500099B2BDF8C23009915B00C2F8E830002381
:10436000A2F89E10C2F894301146A2F89C3002F1D7
:10437000F003D2F8980014875362F832C1F8842011
:1043800001F1F402C1F8882001F1F602C1F88C2095
:1043900001F1F7020690C1F8902030B101F1EC0272
:1043A000826101F1F5024362C265029AC2F8D83017
:1043B000099BA2F8E430009BC2F8DC8093F862E02D
:1043C0000DF1D6001CA9002205E030F8023F5B0881
:1043D00021F8023B0132D3B29E45F6D8BDF8C83071
:1043E0009DF8E4200F9223449BB21093009BBDF8EC
:1043F000CA20B3F85C3011929DED388A0A931A46B0
:10440000002B01F0CB82BDF8CE30B3FBF2F30E935C
:10441000BDF8C420BDF8C630DDF8AE10BDF8B2005E
:1044200023442244029CA4F87E304B4B23644B4B24
:1044300063644B4BA364032384F874300F23A4F804
:104440008030069BA4F87A00C4F87610A4F87C208B
:10445000002B01F0B38200232D991391CDE9243371
:104460002E991491CDE92633CDE92833BDF8BC103F
:10447000129125AA14460DF1CE01D8B2864509D96C
:1044800031F8020F22F8020F088910810133F4E796
:10449000254607E6069A0A9B13870E9B538700233F
:1044A000C2E91333C2E915332E490C9118462E4B3D
:1044B00053602E492E4B93600B912E4B2E49D360A7
:1044C0000D91009DCDF85C8002F148013A32CDE9B2
:1044D00015A7CDF860B0CDF81CE01746A04682467F
:1044E0008B46CDF86490079A5FFA8AF39A42089354
:1044F00041F2588238F8026F27F8026FB8F8089036
:104500001E49A7F808902F22EC2006F01DFD1C493B
:104510000446002800F0A2801A4B03641A4B816401
:104520004364297D0139042901F26682DFE801F044
:104530008D932E902E0000BF780000208C6401081F
:1045400078640108AC64010828230108050403020B
:10455000000000007C230108C164000869650008B0
:104560006165000871650008E56300087D65000865
:104570006164000859640008F98C0008E0640108CF
:1045800051660008E9840008596600086FF00C00C5
:10459000129A95F811C0A4F87A200A9AA4F87E20FD
:1045A0000E9A099BA4F88020DDE913121E44B6B2CE
:1045B000BCF1000F18BF11466A68A4F87C60C4F80B
:1045C00076104FEA490395F810E084F874E0C4E9E6
:1045D0002120A868C4F8E0300C9BC4F89C300B9BE9
:1045E000C4F8A0300D9BC4F8A430069BC4F8D430A6
:1045F00004F1E40384F875C0C4F88C00A4F8966054
:10460000A4F8DC606362C4F8D0300023214623871D
:10461000A4F89430614BC4F8D83004F13C0004F1A4
:10462000E803C4F8903041F8980BE16302F014F805
:1046300014350AF10106002801F057812068C3688B
:104640009847B2464BF8044F4DE76FF00B009FE7D9
:104650006FF00F009CE76FF0060099E7DDE9167830
:10466000DDE918B955464E4EDDF854A04D4A4E4985
:104670002B46069D123305EB830300245C60204625
:10468000D6F880309847CDE90678B046089F2E4688
:1046900009E0D5B206EB8505D7B2E86C10B1D8F8C1
:1046A00078209047EC647A1E002FF2D1029BD3F859
:1046B0009830DDE906780693029A0C9BC2F8A43084
:1046C0000B9BC2F8A8300D9BC2F8AC300699374B53
:1046D000C2F8E03002F13C031360002901F076815A
:1046E00002F1A003D1630B60029B186883689847AE
:1046F00030B92B4B2E4AD3F880302E499847F0E43E
:10470000029B1868C368984704992B4A4A602B4A51
:10471000CA600023009A8B60C8F80410FB8092F8EE
:10472000624007F10E001D46DAB29442F98841F268
:10473000BC801CAA20F8061C32F813201144F98012
:104740000133042B20F8022FEED1009B0F9AB3F80F
:104750005C303A77FA8887ED068A13FB02F3BB8058
:10476000109BA8F80C30119BA8F80E301449C7F81C
:10477000288040F237126020DAF8405006F0E4FB5F
:104780000446002801F0F6800026CDF800A0DFF8EE
:10479000108045603346BA4630E000BFB58400085B
:1047A000780000201465010838650108350200080A
:1047B000F4640108AC640108155C0008255C00087D
:1047C000486501082B68A64A934201F04380D8F857
:1047D0008030A449A44A00209847DFB92B68A04A3A
:1047E000934201F05580D8F880309E499E4A0020BF
:1047F000984700232289134401369BB22381F7B2E4
:10480000002DDFD1D8F880309649974A284698473E
:10481000002FE8D05746DDF800A0DAED0D7ABAF89F
:104820001220BAF810309AED038ADAED0F8AA281CD
:104830006381F5EEC07ADAF81C30DAF818209AF8BD
:104840001410A361F1EE10FA884B84ED048AA17371
:104850006261C4ED098A236041F32F8068EE277AF4
:10486000BFEE000A80EE270A0AF096FDDAED0E7A16
:1048700084ED070AF5EEC07AF1EE10FA41F3768086
:1048800068EE277ABFEE000A80EE270A0AF084FD60
:10489000B5EEC08AF1EE10FA84ED080A41F21180FB
:1048A0009AED090AB5EEC00AF1EE10FA01F109809D
:1048B000DAED0AAAF5EEC0AAF1EE10FA01F10180D4
:1048C0009AED08AAB5EEC0AAF1EE10FA00F1F98748
:1048D000DAED0B9AF5EEC09AF1EE10FA00F1F187DD
:1048E0009AED0C9AB5EEC09AF1EE10FA00F1E98754
:1048F000F0EE480A05F0A8FDF0EE407AF0EE480A26
:10490000B0EE6A0AC4ED0A7A05F09EFDB5EEC0AAC3
:10491000F1EE10FA84ED0B0A41F36A8028EE0AAA40
:10492000BFEE000A80EE0A0A0AF036FDF0EE407A89
:10493000F5EEC09AF1EE10FAC4ED0C7A41F3548012
:1049400068EE299ABFEE000A80EE290A0AF024FDDB
:10495000F0EE407AB5EEC09AF1EE10FAC4ED0D7AA1
:1049600041F33E8028EE099ABFEE000A80EE090A64
:104970000AF012FDF0EE407AF5EEC08AF1EE10FA80
:10498000C4ED0E7A41F3288028EE288ABFEE000A93
:1049900080EE080A0AF000FDF0EE407A2389C4EDAB
:1049A0000F7A2C2003FB00F03149702206F0CCFA7C
:1049B000606520892E497122800006F0C5FAA06545
:1049C00020892B498000722206F0BEFA636DE065F3
:1049D000002B00F0AE87A36D002B00F0AA87002803
:1049E00000F0A787DAF84050002323646364A364CF
:1049F00000232365A4F84C302846FC62FDF728FD0F
:104A000000B1686804F086FADAF84000B0EE408A37
:104A1000FCF76AFD441EDAF84000E4B2FDF718FD29
:104A2000002800F07487032C40F2AD87114E124A23
:104A3000D6F880300B4900209847DAF8400021462C
:104A4000FDF740FDDAF84000FDF702FD28B1D6F889
:104A50008030094A034900209847002634461EE06A
:104A60000FB03713946201087C62010803B1371359
:104A70004865010878000020C86201080000704203
:104A8000DB0F494000000000F304353FF30435BF5D
:104A9000DAF84000FDF716FD204484B20136DAF85A
:104AA0004000FCF721FDF5B2A8422946F0D89AF85B
:104AB0006230002B00F049875FED0E8AB9F80230B2
:104AC0005FED126AB9F8062099F80810CBF800706B
:104AD00007EE103AB9F804308BED018A07EE903AF0
:104AE000B8EE477AF8EE677AC7EE265AB9F80A3078
:104AF000ABF83040ABF8241087EEA66A07EE903A88
:104B00009BED067AB9F80030CBED028AF8EEE77A31
:104B1000CBED075A67EE877A8BED086AFCEEE77AF1
:104B2000ABF8283017EE900AABF826005008ABF827
:104B3000100019B122F00102013294B207EE903A4E
:104B4000F8EEE77A4FF4803367EE877ACBF82C30B3
:104B5000FCEEE77AABF8124017EE903A99B20129D1
:104B6000ABF82A1040F2A6860122154605FA02F398
:104B70009BB2501C9942144682B2F7D8ABF82C4035
:104B8000ABF82E301FED418AD9F80C408BED318AFD
:104B90005B0800220133ABF8B430ABF8C0208BF8CF
:104BA000C2208BF8C8208BED338A204605F0B4FB79
:104BB000002800F0658694F84630013BDBB2042BF8
:104BC00040F25F869BED06DA38EE088AB5EE40DAF1
:104BD00000230122F1EE10FACBF8D6308BF8DA3050
:104BE0008BED348AB9F80A308BF8D42000F0418676
:104BF00000EE103ABBEECF0AB5EE400AF1EE10FA25
:104C000000F04C86B7EE007AC7EE0D7AF1EE677AC7
:104C100087EE800A0AF0C0FBBBF8283007EE903A16
:104C2000FAEEEF7A8BED0F0AF5EE407AF1EE10FA1C
:104C300000F02286B7EE007A87EE0D0AB1EE400A48
:104C400080EE270A0AF0A8FBB0EE407ADBED077A87
:104C50005FED75DABBF82AA08BED107A77EEA77AB4
:104C60004FEA5A0387EE8D0A0022ABF8DC30ABF82E
:104C70003820F6EE00AA20EE2D0AF1EE008A20EE92
:104C80002A0A0AF00FF81FED818A5FED811A1FEDE5
:104C9000811A60EE289AF0EE480AB0EE690A0CF02C
:104CA0000FF95FED861AB0EE40BAB0EE60AAB0EE32
:104CB000611AB0EE690AF0EE480A0CF001F978EEDC
:104CC000CBEA38EE4AEA78EEC0CA38EE60CAB0EEF7
:104CD0006C1AF0EE4C1AB0EE40FAF0EE60BAB0EE9C
:104CE0006E0AF0EE4E0A0CF0EBF810EE100A10EE21
:104CF000905A09F099F80246284614460D4609F0E4
:104D000093F8224606460F462B462046294609F0D0
:104D1000E3F83246804689463B463046394609F03C
:104D2000DBF802460B464046494608F01FFF0022CA
:104D30008046894600232046294609F0CDF83246B0
:104D40003B4608F011FF42464B4609F0EFF909F0E7
:104D5000D5FA394609EE100A00223046002309F040
:104D6000BBF822462B4608F001FF42464B4609F0AD
:104D7000DDF909F0C3FA29EE089A07EE900A1EEE53
:104D8000900A39EE279A09F04FF804461EEE100AF1
:104D90000D4609F049F87BEE287A804617EE900A16
:104DA000894609F041F87AEE087ACDE9000117EE5C
:104DB000900A09F039F82246CDE902012B46204637
:104DC000294609F089F8424606460F464B464046BA
:104DD000494609F081F802460B463046394608F04C
:104DE000C5FEDDE9022306460F462046294609F0A6
:104DF00073F8DDE90023CDE904014046494609F096
:104E00006BF802460B46DDE9040108F0ADFE3246C0
:104E10003B4609F08BF909F071FADDE900230BEE4E
:104E2000100A2946204609F057F8DDE90223044616
:104E30000D464046494609F04FF802460B462046CB
:104E4000294608F093FE32463B4609F06FF909F017
:104E500055FA0AEE100A1CEE900A08F0E5FF044627
:104E60001CEE100A0D4608F0DFFF7FEE287A804620
:104E700017EE900A894608F0D7FF7BEE887ACDE9D5
:104E8000000117EE900A08F0CFFF2246CDE902019B
:104E90002B462046294609F01FF8424606460F4693
:104EA0004B464046494609F017F802460B46304645
:104EB000394608F05BFEDDE9022306460F46204630
:104EC000294609F009F8DDE90023CDE9040140464F
:104ED000494609F001F802460B46DDE9040108F0F5
:104EE00043FE32463B4609F021F909F007FADDE9B5
:104EF00000230BEE900A2946204608F0EDFFDDE97D
:104F0000022304460D464046494608F0E5FF0246A6
:104F10000B462046294608F029FE32463B4609F05A
:104F200005F909F0EBF901EE100A0BEE08AA0BEEF9
:104F3000881AB0EE4A0A3AEE01AAF0EE6B1AB1EE08
:104F40004AAAF0EE4B0A8BED14AA0BF0B9FFDBED89
:104F5000087A8BED150A77EEA77A69EEA9FA87EE43
:104F60008D0A29EE2F9A20EE2D0A39EE097A20EECD
:104F70002A0A8BED127A8BED119A8BED139A09F0B8
:104F800091FE20EE280ADFEDE51A9FEDE51A60EEAE
:104F9000297A70EE69EAB1EEE7BA2EEEAA9AF0EE3F
:104FA000480AB0EE490A0BF08BFFDFEDDD1AF0EE98
:104FB00040AAB0EE60AAB0EE611AB0EE490AF0EE77
:104FC000480A0BF07DFFF0EE481AF0EE409AB0EE82
:104FD000609AB0EE4B1AF0EE480AB0EE4B0A0BF0B6
:104FE0006FFFF0EE4A1AF0EE40BAB0EE60BAB0EEE3
:104FF0006A1AF0EE4A0AB0EE6A0A0BF061FF30EE70
:105000006B0A70EECB0A0BF015FCF0EE491AB0EE0D
:10501000691AB0EE40EAF0EE60DAB0EE690AF0EE3E
:10502000490A0BF04DFF7EEE2ACA30EE6B0A70EE95
:10503000CB0A0BF0FFFB3AEE2DCA78EEEC7A70EE5D
:1050400029BA17EE900ACDED077A78EE4C7A39EE50
:1050500020BA79EEC09A39EE609A3AEE6DAAF0EE77
:1050600067DA08F0E1FE04461DEE900A0D46CDED2C
:1050700006DA08F0D9FE7CEEA87A804617EE900A90
:10508000894608F0D1FE7CEE087ACDE9000117EEE2
:10509000900A08F0C9FE2246CDE902012B462046BF
:1050A000294608F019FF424606460F464B46404641
:1050B000494608F011FF02460B463046394608F0D3
:1050C00055FDDDE9022306460F462046294608F035
:1050D00003FFDDE90023CDE904014046494608F01D
:1050E000FBFE02460B46DDE9040108F03DFD3246B9
:1050F0003B4609F01BF809F001F9DDE900230CEE4D
:10510000900A2946204608F0E7FEDDE9022304461E
:105110000D464046494608F0DFFE02460B46204653
:10512000294608F023FD32463B4608F0FFFF09F010
:10513000E5F878EEEB7A0CEE100A17EE900ACDED5A
:10514000087A08F071FE78EE4BFA04461FEE900ADA
:105150000D4608F069FE7BEEA87A804617EE900AAD
:10516000894608F061FE7BEE087ACDE9000117EE72
:10517000900A08F059FE2246CDE902012B4620464E
:10518000294608F0A9FE424606460F464B464046D1
:10519000494608F0A1FE02460B463046394608F063
:1051A000E5FCDDE9022306460F462046294608F0C5
:1051B00093FEDDE90023CDE904014046494608F0AD
:1051C0008BFE02460B46DDE9040108F0CDFC3246B9
:1051D0003B4608F0ABFF09F091F8DDE900230BEE48
:1051E000100A2946204608F077FEDDE9022304462E
:1051F0000D464046494608F06FFE02460B462046E3
:10520000294608F0B3FC32463B4608F08FFF7AEEA1
:10521000CEAA09F073F878EEEA7A0BEE900A17EE50
:10522000900ACDED097A08F0FFFD38EE4AFA0446FF
:105230001FEE100A0D4608F0F7FD7AEEA87A8046B8
:1052400017EE900A894608F0EFFD7AEE087A0246DA
:105250000B4617EE900ACDE9002308F0E5FD224643
:10526000CDE902012B462046294608F035FE42468C
:1052700006460F464B464046494608F02DFE02467C
:105280000B463046394608F071FCDDE90223CDE9D2
:1052900004012046294608F01FFEDDE900230646EA
:1052A0000F464046494608F017FE02460B46304678
:1052B000394608F059FCDDE9042308F037FF09F00E
:1052C0001DF8DDE9002306462946204608F004FEC5
:1052D000DDE9022304460D464046494608F0FCFD40
:1052E00002460B462046294608F040FCDDE904232F
:1052F00008F01CFF09F002F878EEE9DA0AEE100A6D
:105300001DEE900A08F090FD38EE49EA04461EEEC4
:10531000100A0D4608F088FD04E000BFF304353F95
:10532000F30435BF79EEA87A804617EE900A8946D5
:1053300008F07AFD79EE087A02460B4617EE900ADD
:10534000CDE9002308F070FD2246CDE902012B468D
:105350002046294608F0C0FD0AEE906A0F46064630
:1053600042464B464046494608F0B6FD02460B46CB
:105370003046394608F0FAFBDDE90223CDE90401A5
:105380002046294608F0A8FDDDE9002306460F4621
:105390004046494608F0A0FD02460B4630463946D5
:1053A00008F0E2FBDDE9042308F0C0FE08F0A6FFE8
:1053B000DDE9002306462946204608F08DFDDDE99B
:1053C000022304460D464046494608F085FD024644
:1053D0000B462046294608F0C9FBDDE9042308F006
:1053E000A5FE08F08BFF9DED081ADDED060A9DED88
:1053F000070AF0EE6F1A09EE900A0BF061FDB0EEAD
:10540000401AF0EE601A9DED090AF0EE4F0A0BF01B
:1054100057FDB0EE401AF0EE601AB0EE6D0AF0EEF5
:105420004E0A0BF04DFD10EE100A10EE904A08F0F7
:10543000FBFC08EE906A064620460F4608F0F4FC96
:10544000324604460D463B463046394608F044FD98
:105450002246804689462B462046294608F03CFDD8
:1054600002460B464046494608F080FB0022804633
:10547000894600233046394608F02EFDDF4BCDE942
:10548000000100222046294608F026FD02460B4670
:10549000DDE9000108F068FB42464B4608F046FE95
:1054A00008F02CFFD54B0DEE900A3946304600220D
:1054B00008F012FD02460B462046294614461D46BA
:1054C0000022002308F008FD0CEE88CA02460B46B5
:1054D0004BEE08BA2046294608F048FB0AEE88AA97
:1054E00042464B4608F022FE08F008FF48EE889A34
:1054F0007CEE2B7A06EE900A77EE8A7A6DEE88DAE9
:1055000077EEA97A7DEEA6DA2EEEAE7AF1EE677A24
:10551000F0EE4B1AB0EE6B1ACBED1B7AF0EE6C0A84
:10552000B0EE4C0A6DEE87DA0BF0CAFCF0EE6A1AA8
:10553000B0EE409AB0EE60EAB0EE4A1AF0EE6C0AB5
:10554000B0EE4C0A0BF0BCFCF0EE681AB0EE407AFC
:10555000F0EE607AB0EE4C0AF0EE6C0AB0EE691A2A
:10556000B0EE47CAF0EE67CA0BF0AAFCF0EE6A1A7A
:10557000B0EE4A1AB0EE40FAF0EE4B0AB0EE6B0A0B
:105580000BF09EFCF0EE681AB0EE407AF0EE607A16
:10559000B0EE6B0AF0EE4B0AB0EE691AB0EE47BA05
:1055A000F0EE67BA0BF08CFCF0EE681AF0EE40EA11
:1055B000B0EE691AF0EE6A0AB0EE4A0A0BF080FC0F
:1055C00079EE0C7AF0EE6A1A77EE8F7AB0EE4A1A1C
:1055D00077EE8B7AF0EE4E0A77EEAE7A2DEEC88A31
:1055E00077EE807AB0EE490ACBED1C7A0BF068FCBE
:1055F000F0EE681AB0EE40AAF0EE60AAB0EE691ABA
:10560000B0EE490AF0EE4E0A0BF05AFCF0EE681AC2
:10561000B0EE409AB0EE691AF0EE6C0AB0EE4C0AA9
:105620000BF04EFCF0EE681AF0EE407AB0EE691A1C
:10563000B0EE4B0AF0EE6B0AB0EE67BA0BF040FC2E
:1056400079EE0A7AF0EE681A77EE8B7AB0EE691A84
:1056500077EE807AF0EE6A0AF1EE677ACBED1D7A8A
:10566000B0EE4A0A0BF02CFCBBF812408BED1E0A80
:10567000F8EE007A6DEEA77AE500CBED187A2846B1
:10568000CBED16DA8BED178A8BED198ACBED1ADA92
:105690000CF05EF8CBF87C00064628460CF058F873
:1056A000CBF888000746182004FB00F00CF050F8F7
:1056B0002301CBF880008046184600930CF048F890
:1056C000A500CBF88400814628460CF041F8CBF8C1
:1056D0008C00029028460CF03BF80490CBF8900028
:1056E00028460CF035F80690CBF8940028460CF0CC
:1056F0002FF80790CBF89800142004FB00F00CF072
:1057000027F8009B0890CBF89C0018460CF020F876
:1057100004FB0AF39B000990CBF8A0001846009305
:105720000CF016F80A90CBF8A4004FEA8A000CF0AF
:105730000FF8009BCBF8A800054618460CF008F8B7
:10574000BBF8B420CBF8AC000B9004FB02F0C00017
:1057500000920BF0FDFF009ACBF8B00004469000D9
:105760000BF0F6FFCBF8B800002E6ED0002F6CD0F7
:10577000B8F1000F69D0B9F1000F66D00299002985
:1057800063D0049B002B60D0069A002A5DD0079955
:1057900000295AD0089B002B57D0099B002B54D0CE
:1057A0000A9B002B51D0002D4FD00B9B002B4CD0CF
:1057B000002C4AD0002848D0BBF82E30002B71D0E6
:1057C000B7EE007AC7EE0D6AF5EEC06AF1EE10FA98
:1057D00068DD07EE903AF8EE677A67EEA67AC7EED4
:1057E000276A07EE90AAF8EE677AB7EE007A77EEAE
:1057F000C77A9FED037ACBED2F6A07E000003040B7
:10580000DB0FC9401F85EB3E713D0A3F87EE278ABB
:10581000BAF1000F3EF440AB00241FED069A5FED95
:10582000068AA3B200EE103AB8EE400A013420EE28
:10583000080A09F0EDFD20EE090AA24538EEC00A7B
:10584000A5EC010AEDD1FEF727BB5846FCF7A6FBF5
:10585000FEF720BB95F86230BB427EF6DBAF032F2C
:1058600016D9D8F88030664A664900209847FEF776
:10587000C0BF654BCBF83C309FED647AFFF7E6B9CB
:105880000223634A02EB830393ED158AFFF79AB96B
:10589000142303FB07531B89FEF7ACBF9FED5B0A84
:1058A000FFF7BAB9DFED596A9BE720F8065C0022E2
:1058B000FEF746BF0123FFF765B99FED560AFEF7D5
:1058C000D5BF554D554AD5F88030554900209847E9
:1058D000544AD5F88030524900209847204603F0BA
:1058E00003FA0023FB62FEF706BC4B4E4E4AD6F885
:1058F00080304E49DDE91678DDE918B95546DDF806
:1059000054A09847B36F20469847FEF7AFBEDAF829
:1059100040002146FCF7D6FDDAF84000FCF798FD80
:1059200000283FF49AA8032C7FF697A83A4EFFF779
:105930008EB8394D3E4AD5F8803039490020984715
:10594000204604F001FD3B4AC3E7DAF84050284600
:10595000FCF77EFD00B1688903F0DCFADAF840005C
:10596000F0EE408AFCF774FDFFF7A8B89FED290A16
:10597000FEF78EBF284B304AD3F88030284998472D
:10598000FC62FEF7B8BBDAF840002146FCF79AFD4E
:10599000DAF84000FCF75CFDFFF75FB80A9B0E9356
:1059A000FEF736BD029BDDF86490D3F8983006937D
:1059B000DDE915A7DDE9178BFEF77EBE1F4B0C93C3
:1059C0001F4B0B931F4B0D93FEF776BE029A02F10D
:1059D000A003D363FEF788BEDFED0E7AFEF7DEBFCD
:1059E000DFED0C7AFEF7C8BFDFED0A7AFEF7B2BF33
:1059F000DFED087AFEF79CBF0020FEF7C9BD00BFAF
:105A0000C8620108946201080000C07F0000C07FE6
:105A100028230108000000007800002088650108A4
:105A200048650108AC650108F4640108E0640108F8
:105A3000D0650108E865010868650108716500081E
:105A40007D650008F98C000810B520B10C4B026888
:105A50009A42044608D00B4B0B4AD3F880300B49CE
:105A6000BDE810400020184700690023236008B1FA
:105A700003F03AF92046BDE8104003F035B900BF05
:105A80000EB0371378000020E0620108F8620108C8
:105A9000DFF838C0F8B51C464FF480530E46CCF8FA
:105AA00028300746154605F073FC16B13046FCF762
:105AB000E9FC15B12846FFF7C7FF14B120460BF0EB
:105AC0004FFE3846BDE8F840FCF768BA00040048CD
:105AD0002DE9F04186B030B116461F460268444BAE
:105AE0009A4205460AD0434B434AD3F88030434993
:105AF00000209847002006B0BDE8F081404B721EA0
:105B000006F1EB084FF0FF3E12F8010F08248EEA71
:105B1000000E4EF3000C0CEA030C013C8CEA5E0E06
:105B2000F7D19045F0D1D6F8EC306FEA0E0E734500
:105B30000CD119B1334B0A689A420FD02D4B324A1F
:105B4000D3F88030314900209847D3E7294B304AB9
:105B5000D3F88030294920469847CBE743F21C030D
:105B60000493A868ADF81440012301F1040803224E
:105B700004A902F03BFEBDF8143003F40063002BCF
:105B800014BF012300232B730FD0A8682B69AC1D11
:105B90000435CDE9007332460C9B039441460295CF
:105BA00003F0ACF806B0BDE8F08143F2310304A97C
:105BB0000493A868ADF814400123032202F016FEF6
:105BC0002B7BBDF81410002BDFD14AF6C042914266
:105BD000A8682B69DBD0AC1D0435CDE900733246D3
:105BE0000C9B03944146029504F0CCFA83E700BF76
:105BF0000EB0371378000020E0620108F862010857
:105C00002083B8ED0FB037137C620108946201085D
:105C10000866010803460068D3F8E8104268C3F834
:105C2000F01010472DE9F047D0F800800546B8F194
:105C3000000F1ED0D8F898700FB3124E07F1480429
:105C40004FF00009583754F8040F18B1B36898475B
:105C5000C4F80090A742F6D1D8F89800B36800B114
:105C60009847B36840469847B3682846BDE8F04770
:105C70001847044E2846B368BDE8F0471847014E60
:105C8000EFE700BFE8000020F8B505460088002ACD
:105C90001C460CBF4FF400534FF48053B0F59C6F7B
:105CA0000E460ED300F151077F008342BFB235D2BA
:105CB0001C4B1D4A1B691D49002098474FF0000CE2
:105CC00003E040F662274FF0010C1949194AC4E974
:105CD000011202F11912E26002F119122261234647
:105CE000002262805122A28223F8167B29686A680A
:105CF000A868EF68C4F816105A609860DF602969D8
:105D0000A8696A699861196196E803005A61AA8BCB
:105D10009A83343484E803006046F8BD4FF0010CE8
:105D2000D3E700BFE80000201C6601083C660108BC
:105D30000100020003001B000C4B1978012914D943
:105D400010B50B490B4C12F4006F03460A48246946
:105D500082B018BF0846C2F30A01CDE90001074A24
:105D600007490220A04702B010BD70477804002008
:105D700050660108E80000205866010860660108C6
:105D8000746601080B4B93F800C0BCF1010F0FD9EA
:105D900010B503462C391046074A82B089B21469FF
:105DA000064ACDE9001006490220A04702B010BD06
:105DB000704700BF78040020E800002088660108D2
:105DC00074660108094B197801290DD930B50849C5
:105DD00083B002F00F040D69064A07490094034698
:105DE0000220A84703B030BD704700BF78040020F0
:105DF000E8000020B0660108746601080B4B93F8B8
:105E000000C0BCF1010F0FD910B503467D39104613
:105E1000074A82B089B21469064ACDE900100649E2
:105E20000220A04702B010BD704700BF78040020D8
:105E3000E8000020D06601087466010830B5A1F1C1
:105E4000620C134C1CF0010F247885B003461FFA36
:105E50008CFE0ED1012C0AD90E484FEA5E0405696A
:105E60000292CDE900410C4A0C490220A84705B036
:105E700030BD012CFBD907484FEA5E040569029248
:105E8000CDE90041064A05490220A84705B030BDCA
:105E900078040020E800002000670108746601080B
:105EA000386701080B4B93F800C0BCF1010F10D903
:105EB00010B5034684B0A1F58C70074C80B22469FC
:105EC0000090CDE901120220044A0549A04704B020
:105ED00010BD704778040020E800002070670108BA
:105EE000746601082DE9F04F204EDFF890800746D8
:105EF00015460FCE93B004AC0FC40FCE0FC40FCE17
:105F00000FC498F800C096E80300BCF1010F84E8C4
:105F1000030007D9164B00951C69164A16493B46E3
:105F20000220A047DFF848A0DFF85490DFF848B01F
:105F3000039704AC12AE02E00834B44212D0A38836
:105F40001D42F9D098F80020039B012A59464A4681
:105F5000F2D920680090DAF8107002200834B847AF
:105F6000B442ECD113B0BDE8F08F00BF9423010818
:105F7000E800002098670108746601087804002092
:105F8000B46701082DE9F04782B0BDF828400B9FA7
:105F900003EBC4056B88002B44D06E68844601EB8C
:105FA0000208043E4FF0000E56F8044F620092B211
:105FB0008A4233D3424531DAC4F30170012817D045
:105FC00002283AD090BB521A93B2C4F3445901222A
:105FD00002FA09F2974249D33349013A0C69019216
:105FE0003249334A0097A047002002B0BDE8F0874D
:105FF000521A92B20CEB42093CF81200B9F8023086
:1060000043EA004323F00F0317B1C4F303442343CF
:10601000180C2CF81200A9F802306B880EF1010E52
:106020007345C1D8012002B0BDE8F0871E4B214A5C
:106030001B691E4900209847D6E7521A92B20CEB12
:1060400042003CF81290438843EA094323F00F03CF
:1060500017B9C4F3034423431C0C2CF812404380AB
:106060006B880EF1010E73459ED8DBE7C4F3044A3A
:106070000CEB43043CF813006288C9F1200942EAA2
:1060800000424FF0FF3020FA09F000FA0AF022EA4D
:10609000000207FA0AFA42EA0A02100C2CF813006E
:1060A00062806B88BAE700BFE80000200068010842
:1060B000C86701080C680108002870B446DB002995
:1060C000034639DB88420A464BDA0025012429467B
:1060D0001B04B3FBF2F343F6284293425AD946F22B
:1060E000D632934260D948F6720293425ED94AF69C
:1060F000494293425CD94DF2A30293425AD94FF2DE
:106100004B72934298BF052045D94FF24C7648F226
:1061100033224CF2A3409B1B02FB03F300EB134022
:1061200014B1C0F5C9301F3015B1C0F549303F304A
:10613000C1B1404270BC7047494209B2884217DA87
:10614000002501240A4603462146C1E7404202B227
:106150000029104614DB91420B4605DD91BB1C481B
:1061600000E048BB70BC7047002401252146AFE722
:106170000028DED000250B4602462C460121A7E769
:10618000494209B28A424FF00105DADB0B4600248E
:1061900029469DE700200F4A02EBC00602EB800271
:1061A000D6E90E60126FB6E70120F4E70220F2E7AD
:1061B0000320F0E70420EEE700250B4602462C46BC
:1061C000294685E701251A462C46034600217FE72C
:1061D00020920100942301082DE9F04706468046ED
:1061E00002EB42008CB0154606EB80000022894687
:1061F0000DF10C0A014617464FEA870E54469FEDF3
:10620000767AB31A75B103EB020CF444DCED007A34
:106210009C46DCED006A0C3367EEA67A8B4237EEC3
:10622000277AF0D10EF1040EBEF10C0FA4EC017A26
:10623000E5D10137032F0AF1100AA2F1040201F19E
:106240000401D9D19DED045ADDED055ADDED086A52
:106250006A4606F10C01DFED607A43463DB11C460B
:1062600094ED007A0C33834277EE877AF7D108F108
:1062700004088845E2EC017A00F10400EBD19DEDC1
:10628000037AF0EEC77AF4EE677AF1EE10FA12D6DE
:106290009FED526AF4EE467AF1EE10FA0BDC9FEDB8
:1062A000506AF4EEC67AF1EE10FA04DAB5EE407AEE
:1062B000F1EE10FA7DD0F7EE007A87EE872A9DED99
:1062C000073A9DED0B7A65EE023A25EE824A65EEBD
:1062D000237A65EEA34A33EE673A25EE846AF0EE40
:1062E000C32A65EE047AF4EE622AF1EE10FA76EE35
:1062F000E44A76EEE77A37EE466A06D69FED377ABD
:10630000F4EE472AF1EE10FA47DDB7EE007AC7EE59
:10631000032ADDED006A9DED017A9DED023A63EE00
:10632000A63A67EEA27A37EE637A64EEA73A67EE92
:10633000877A36EE636A24EE264AF0EEC63A73EEAA
:10634000677AF4EE633AF1EE10FA77EEC47A06D685
:106350009FED224AF4EE443AF1EE10FA2FDD87EE7B
:10636000864A0120002364EE844A65EE845A77EE63
:10637000647A89ED024A67EEA27A25EE275AC9EDC2
:10638000017A76EEC57A77EEE57A67EE827AC9ED24
:10639000007A33600CB0BDE8F0879FED117AF4EE1F
:1063A000C72AF1EE10FAB0DAB5EE403AF1EE10FA83
:1063B000ABD10020002333600CB0BDE8F0879FED27
:1063C000084AF4EEC43AF1EE10FAC8DAB5EE406AC3
:1063D000F1EE10FAEDD0C2E700000000FFFF7F7F72
:1063E000000080002DE9F047C36D8769056900242E
:1063F0007C8081461C7000F14806A04656F8043F98
:10640000FBB1B3F838C0B3F89400B3F89610B3F802
:10641000DC2005EB400005EB410105EB420205EBFA
:106420004C0CC3E91301C3F8A820C3F814C03C7096
:106430001868D3F8E020416883F8E880C3F8E420C6
:1064400088470134E4B2042CD8D1D9F80000BDE863
:10645000F0474368184700BF0068C368184700BF8B
:1064600070B50446806978B1E36943B10F4B1B787E
:106470002BB10F4B0F4A1B690F4901209847206829
:10648000BDE8704083681847094D0C4A2B690A49DA
:106490009847E3693BB1054B1B7823B12B69054A4B
:1064A000054901209847002070BD00BF78040020F6
:1064B000E8000020306801083865010840680108DC
:1064C00030B40269B0F8423090F8381032F8133026
:1064D000032908BF83F4004340F2E51101FB03F3F5
:1064E0001B0C816C8446A3F589700880BCF83C10B5
:1064F000DCF84C0032F8111039B1BCF8401032F819
:106500001110012994BF002101210170BCF83E0047
:10651000BCF83A10DCF8505032F8111032F8102064
:10652000DCF8544040F2E51000FB02F2A3EB12430A
:106530001BB2002BBCF94420DCF80000B8BF5B4262
:106540001BB29A42A1F10102B2FA82F2ACBF00235F
:10655000012352092A70237030BC4368184700BFDA
:106560000068C368184700BF00688368184700BF09
:10657000D0E90F23816B0069184700BF836910B50C
:106580000446BBB10D4B1B784BB9636983B10C4B0F
:106590000C4A1B690C4900209847002010BD084B8D
:1065A0000A4A1B690849012098476369002BEED10C
:1065B000012010BDC369002BE4D1E6E77804002078
:1065C000E800002094680108786801085C68010808
:1065D0002DE9F04F9B461B68C2F51E66B34294BF7F
:1065E0009EB2B6B2884674084FEA520183B017468D
:1065F0004FEA81010CD0144B08EB84041944434644
:1066000051F8042B5A80120C1A800433A342F7D19C
:106610000E4C851E04F1E20A04F1E40914F8013B72
:1066200035F8022F3946CDE9003240464B46324616
:10663000FFF7A8FCA24501D00028EFD1CBF80060FD
:1066400003B0BDE8F08F00BF5837010820240108CF
:106650000068C368184700BF00688368184700BF18
:1066600008B518B1064B02689A4207D0054B064A96
:106670001B69064900209847002008BD012008BD7D
:1066800001B13713E8000020BC68010878640108F4
:1066900010B582B0104B9FED117A114C019301AAF5
:1066A0000DF1080E012012F8011B4B1EDBB2042B6A
:1066B00004EB830CF0EE477A9CBFDCED007A77EEBA
:1066C000A77AB4EE670AF1EE10FAA8BF084696451D
:1066D000E9D102B010BD00BF0203040500000000B4
:1066E0007C23010830B4124D124C00F1BC0C002187
:1066F00043680B44024640F8043F12689A1AAA42C3
:1067000009DD50F8042CA3F5C9237E3BA1F5C9216E
:1067100003607E399A1AA24206DA03F5C92301F50D
:10672000C9217E3303607E318445E1D130BC70479E
:106730003F240300C1DBFCFF2DE9F04FBFB00DF19A
:1067400038090D469046019300F1020B3EAFCA4650
:10675000002440F6B73631E025B335F8141001F0C7
:106760001F0E4FEA912C0EF1300E00FB0EF0C1F31C
:106770004411ACF1200C02FB0CFC002801F13001AB
:1067800002FB01F1B8BF3F30BCF1000FB8BF0CF104
:106790001F0C8011002900EB6C10B8BF3F3100B214
:1067A00041F38F110134182C08BF0024FFF784FC3B
:1067B0004AF8040BBA450BF1040B0ED0BBF90020CC
:1067C0003BF9020C02FB02FC00FB00CCB445114675
:1067D000C2DC00203FB0BDE8F08F0DAC0DF106012A
:1067E00009F15C05224652F8043F002BB8BF0F3375
:1067F00002311B1195420B80F5D14846FFF772FF1D
:10680000002254F8043F216EA542A3EB01031A4471
:10681000F7D1124B83FB0213D217C2EBA31404F57A
:10682000994330334CF662129342D2D802AE3546C9
:106830000FCD4D4508F1100806F1100648F8100C70
:1068400048F80C1C48F8082C48F8043CEFD1019B90
:1068500001201C803FB0BDE8F08F00BFABAAAA2A80
:106860002DE9F04FADF2146D0446914603938D1C53
:1068700003AE0DF20C67B5F9001035F9020CFFF705
:106880001BFC46F8040FB74205F10405F3D10021C3
:10689000484620220AF022FE0DF16C0A4FF6FF73E3
:1068A000002104EB44060293304DDFF8C4800191CF
:1068B0005346F600A9F1040940F694578A469B46D0
:1068C000ABF15C00FFF70EFFABF160004FF0000C86
:1068D00050F8043F026E5845A3EB02039C44F7D1E5
:1068E000BCF1000F31DB4FEA9C1007FB00F0400DBC
:1068F00004FB00F006EB1020C9F80400BAF1000F09
:1069000003D0D9F8003083422AD959F8043F4344D0
:10691000002BB8BF5B42AB4204D21D460123CDF829
:1069200008A001930AF101021FFA82FABAF1080FD6
:106930000BF1C00BC4D1019911B1DDE902231A801A
:1069400008460DF2146DBDE8F08FCCF1000080090F
:1069500007FB00F0400D04FB00F0A6EB1020CBE796
:10696000002108460DF2146DBDE8F08F40420F0083
:10697000E0D764FC2DE9F04F87B04FF0000E1646CB
:1069800000EB41090290821ECDE90316A9F112091C
:1069900035464FF0010BF246F4467046CDF804E060
:1069A00005931EE040F2EE218B4240DC634500DDA2
:1069B0009C464FF0000BBEF1000F0ABF4FF0000BDA
:1069C00070460120CAF100084345019BB8BFA4EB03
:1069D000060ABB4238BF3B469145019305F10205CB
:1069E0002BD0568A32F8024F331B03F50048B8F516
:1069F000803F2746D6D240F2EE218B422B8007DD26
:106A0000178868B9634515DD9C464FF0010ED9E73C
:106A1000514917889C45B8BF9C468B42D2DACAE7D9
:106A2000634500DD9C4686464FF0000BCAE74FF0F9
:106A3000000BE6E74FF0010EC4E71946DDE9034617
:106A4000059BBBF1000F03D1002007B0BDE8F08F1C
:106A5000BEF1000FF8D00028F6D0CDE9031C0027C6
:106A6000A4F11C09B84606F112043D463E46BE4656
:106A7000D34634F9021F019601EB810C01EB4C0166
:106A80000A22A246A4463CF9026D02FB06113AF91D
:106A9000026F02FB0611013AF5D1019EA942C4BF63
:106AA000F0460D468E42C8BF77460EF1010EC8BFB4
:106AB0000E46F145DDD14CF25034A542DDE9031C10
:106AC000DA46C1DD254CA642BEDABCF1000FBBD0D0
:106AD000BBF1000FB8D0029C119D2488C900E400CE
:106AE0004DB18C4205D2ACEB0402013A0A44B2FB30
:106AF000FCF2119D2A60109A002AA6D0002BA4D087
:106B0000029A08F10E0532F81520B4EBC20F4FEAD5
:106B1000C20606D2ACEB0404013C3444B4FBFCF4E2
:106B20002D1B029A0E3732F81720B1EBC20F4FEA35
:106B3000C20405D94A1E5244121BB2FBFAF2BF1A14
:106B400055EA070280D4BD423FF77EAF109A7F1B03
:106B500017601D6079E700BF12FDFFFFB03CFFFF2B
:106B60002DE9F04F204C93469A46851E8A1E04F16B
:106B7000E2074FF000084FF41E6604F1E40935F80F
:106B8000021F32F8023F994222D0217809EBC1015D
:106B90004B8833B34968002001EB830347F6FF7E3F
:106BA00051F804CB1FFA8CFCE64528BFE646604549
:106BB00038BF60468B42F3D1400080B24FEA4E0EA0
:106BC00080451FFA8EFE38BF8046764528BF764640
:106BD0000134BC42D3D1ABF80060AAF80080BDE814
:106BE000F08F4FF6FE7EF0E720240108094A0A4B99
:106BF00012680A49D360086804E00B681B1AB3F5F1
:106C00007A7F04D8D3689B06F7D50020704703200D
:106C1000704700BF000100205FFF0300E400002078
:106C2000F8B516460D464FF4E272014618461C466A
:106C30000AF080FDB6F8581021B196F85E30191EA2
:106C400018BF0121012396F85B2084F8C6312B463A
:106C500084F8C52133F8262B84F8C411A4F8C82180
:106C600005F1560104F5E5721F685E689868D3F86F
:106C70000CC0C2F80CC010338B4217605660906095
:106C800002F11002F0D1B5F85630A4F8FA3105F14E
:106C9000580604F5FE7E05F18807B446BCE80F00EF
:106CA000BC450EF1100E06F110064EF8100C4EF811
:106CB0000C1C4EF8082C4EF8043CEED1B5F8883088
:106CC000A4F82C3205F18A0304F22E24BA35186890
:106CD00059689A68DE68E6601033AB4220606160F4
:106CE000A26004F11004F2D1F8BD00BF2DE9F04F0D
:106CF0002DED108B9BB090F85E401F4690F85C30F5
:106D00000793042CB0F85830039382460D46904602
:106D10001ED8D0ED147AF5EEC07AF1EE10FA00F13B
:106D20000B8290F86630002B00F0B08290F85B3058
:106D3000002B00F0AB82034B034A1B690349002080
:106D400098470BE0E800002010690108E868010896
:106D5000CF4BD04A1B69D04900209847CF4BDAED82
:106D6000157A08935B68009307EE103AF5EEC07A47
:106D7000F1EE10FAB8EE478A40F3E581C8EE278AB3
:106D8000F6EE007A78EEA78A039B002B00F0BC8118
:106D90009AF85E3004939AF85A30002B40F0BB8189
:106DA0009AF86020022A41F03D819AF85E40012C59
:106DB00000F0F7830024224634990C71A8F8AC2126
:106DC000002B00F0AD819AF85F30012B00F01A849F
:106DD000022B00F00084002B40F0F38301231A46BD
:106DE000A8F82630A8F828209AF86030012B00F087
:106DF000E183022B00F0DD83002B00F01B84A44B09
:106E0000A74A1B69A44900209847002D00F08B81F8
:106E100000230093B5F8E4102B89A8F80210B5F808
:106E2000E610A8F80410B5F8E210A8F80010B5F8BC
:106E3000E810A8F806106988A8F808109B00A9882F
:106E4000A8F80A109BB2E988A8F80C1003F13002E8
:106E50006989A8F80E1092B2298CA8F810105F2A40
:106E6000698CA8F8121040F205828E49A1FB02013C
:106E7000890901EB4101A2EB411189B200201A46B8
:106E800004460B460121A8F816200322A8F8143066
:106E9000A8F81A200023009AA8F82230A8F81C406D
:106EA000A8F81E00A8F81810A8F820107B8001236D
:106EB000C7F80A30002A00F059874FF00009CDE9E1
:106EC000019908F13E039FED789A9FED78AADFEDD6
:106ED0007B9A059507F10E0B444656461D46CDF8A4
:106EE0001880049A5FFA89F39A4200F22F810023F6
:106EF000ABF80030ABF808302B8009F10109B9F18B
:106F0000040F0BF1020B05F1020504F1560406F122
:106F10001406E6D1039BBA89DDF804C012FB03F224
:106F20007B8992B213449BB2DDE90558591C0120BC
:106F300089B20090B8F8AC01012804D1DDE902045F
:106F400004FB00F002909AF86340029EBAF86400D5
:106F50009AF862E084F0010B4FF6FF74A64228BF56
:106F600026464408A4F103099AF86640A8F89EE171
:106F70000338A8F8A6B1A8F8A461A8F8A0C1A8F899
:106F8000A801A8F8AA91BA81BB80F980002C00F072
:106F90002B81413399B24024012339803C81A8F8E8
:106FA000C03115B1AB89A8F8C231009B002B40F06D
:106FB0004B81349A9AED145A00231360079BA8F86A
:106FC000B231039B012B40F23C81BAF85830023BAE
:106FD00001229BB29FED366ADFED365A9AF85A10BD
:106FE000F1EE007AC8EE066A68EE277A68EE255A56
:106FF00087EE867AC5EE867AB6EE006A76EE866A07
:1070000037EE067AFCEEE66AB5EE405ADAED155A2E
:10701000A8F8AE31F1EE10FA16EE903A77EE867AD5
:10702000BCEEC77AA8F8B02114BF01220022FCEE02
:10703000E77AA8F838209AF85B20A8F8B43117EE60
:10704000103AA8F8B63117EE903AF5EE405AA8F883
:10705000B831009BF1EE10FA14BF01200020002B84
:1070600040F0C480A8F83010A8F83220A8F82A0010
:107070009AF86130104A0098C8F8BA210121A8F89E
:107080002410A8F8BE311BB0BDEC108B18E000BF77
:10709000E8000020CC680108E868010878040020B6
:1070A0000C6A0108ABAAAAAA2549123E8FC2753DF7
:1070B0000024744900009643FF0701080000000007
:1070C000BDE8F08FB5EEC07AF1EE10FA00F106835C
:1070D0009AF85A20002A00F00483B5EE407AF1EEC7
:1070E00010FA05D1F5EE407AF1EE10FA40F0B483D3
:1070F0005FED0E8A724B734A1B69734900209847F3
:10710000039B002B7FF444AE039B04939AF85A3000
:10711000002B3FF445AE349A00231371A8F8AC312C
:10712000002D7FF475AE01237D807B81AC4602216A
:107130002A4602950095FDE6614B644A1B69624947
:10714000002098470AE6DFED628A1DE601232B80C6
:107150009AF85C80328940F2FF3340F2FF11B8F1B7
:10716000000F18BF0B4642B39A4226D8B27B337C3D
:107170003AB1022B05D1524B564A1B69DDE905583D
:1071800020E0F07B002840F04082012B00F0AC8032
:107190004B4B514A1B694C490090DDE90558984713
:1071A000DDF804C0039BBA8912FB03F27B8992B21B
:1071B00013449BB2591C89B2BCE6414B474A1B6938
:1071C000DDE90558404900209847039BBA89DDF85E
:1071D00004C012FB03F27B8992B213449BB2591C88
:1071E000002089B20090A5E62346D6E6B5EE405AC7
:1071F000F1EE10FA0CD0C8EE057A77EE867AFCEE46
:10720000E77A17EE903AA8F83C301B0CA8F83A3011
:10721000002361F30F03F5EE405A62F31F43F1EED2
:1072200010FAA8F82A00C8F830303FF421AFFCEE7D
:10723000E87A17EE903A1A0CA8F82C20A8F82E300D
:1072400016E700221346C5E69AF85D30072B15D8DD
:10725000234A9FED1F9A134493F80439A8F8A231EA
:10726000349B83ED009A049B002B40F03D829AED05
:10727000145AA3E603200124002104E6349A9AED6F
:10728000145A002313600023009397E6012C40F268
:10729000DD819AF80F105246012303E00133A34227
:1072A00000F0D481084692F82310814202F11402C2
:1072B000F4D2034A044914690A4A0020A0474DE564
:1072C000E800002070690108E8680108FC6801080E
:1072D000000000003C6A0108686A01082C6A010885
:1072E000942301083C6901086FF00B030993F288AD
:1072F000B3880A92182A009340F28F8202EB82032D
:1073000003EB031303EB032302EB4303C3F3CC02AE
:1073100042EA43339BB240F6AA22934200F2CD8266
:10732000AE4B0A9AA3FB02231B090E93013B9BB2AF
:1073300015935C230D9318230B930098002840F0BD
:10734000D184A74BA74A1B69A7499847B8F1000FFA
:1073500000F0BB844FF000080222009B099913FB48
:1073600002F292B20092326811440A460C910A99D4
:10737000013B01FB0323099302F5C34328334CF27D
:107380005032934207D9964B984A1B699649002080
:1073900098474FF00008099B03F5C34328334CF28C
:1073A0005032934207D98E4B914A1B698E49002077
:1073B00098474FF000080C9A002AC0F235838D4898
:1073C00080FB0230D217C2EBA00000B2099B002B59
:1073D000C0F21E83874981FB0331099BDB17C3EB96
:1073E000A101119309B280B2091A0C9B0F90814838
:1073F00080FB03C0C2EBA00288B209B20E9B1091C1
:10740000B0FBF3F0411C0A901FFA81FE0B98182183
:10741000B1FBF0F30E930C9B02EB4202B3EBC20202
:1074200000F1EF8213B2139393B20C93099A71484F
:10743000119B0B9980FB020CC3EBAC0303EB430CD9
:107440000C9BB3FBF1F001FB103081B2B2EBCC032B
:10745000099100F1F3821AB219929BB20E9A0B981D
:10746000511E099A89B21891BEF1010F11FB00213A
:1074700089B200F0E982099A0C98824240F0F782C2
:10748000994200F04A840023012213931692149328
:1074900012920E930C9B9A00099BA4F882209B00E9
:1074A000A4F88430B8F1000F40F0ED826C231793FC
:1074B00036230C937D223D234FF00008A4F87C3046
:1074C0000F9BA4F87A200C9A1099C3F12903134456
:1074D0001AB21192521A9BB2292A0F9307DC404B21
:1074E000454A1B694049002098474FF00008119B0E
:1074F000179A934207DB3A4B404A1B693A490020EE
:1075000098474FF000080D9B2C2B00F205821E2B94
:1075100040F2DE831E3B0F229BB20D92A4F89A30FC
:10752000159B0C99A4F89430139BA4F87E10A4F832
:107530008E300F990A9BA4F880100D99A4F896102C
:10754000A4F89820002B40F0C581149B002B0E9BC3
:1075500008BF00230E93129B002B00F0D283099AE0
:10756000199B9B1A0B9A93FBF2F39BB2169AA4F801
:107570009220A4F88C300E9AA4F888200023A4F856
:107580009030A4F88A300A9BA4F88630B8F1000F36
:1075900040F0B482CDF80080DDF804C0DDE9055884
:1075A00000E69AF81020013A012A7FF603AC224641
:1075B00002E40023C8F83430002D41D001230093A9
:1075C00028E4074B0E4A1B69074900209847002D05
:1075D0007FF41EACA7E500231A4601E4ABAAAAAAD1
:1075E000E8000020B46A0108E8680108006B01089F
:1075F000146B0108ABAAAA2A486B0108686B010842
:10760000EC6901080022FFF7EBBB013B042B00F201
:10761000308501A252F823F0E97200085178000881
:107620002D760008497800082D7600086FF00C03CD
:1076300009935CE64FF00113C8F83430002DBDD13A
:1076400000237B800123C7F80A3036E4B44B9AED5F
:10765000157A08935B68009306EE903AB5EEC07A0F
:10766000F1EE10FAB8EE668A7FF72CADC8EE078A05
:10767000F6EE007A78EEA78A18EE900A09F086FDF9
:1076800051B1A84BA84A1B69A84900209847039B01
:10769000002B7FF47DAB38E59AF85A20002A7FF45E
:1076A00029AD039B9AF85F10002B9AF8603014BF45
:1076B000204600209942049007D99A4B9C4A1B69A6
:1076C0009A4900209847FFF766BB022B00F0B3846D
:1076D000349B1A71A8F8AC21FFF775BBDFED958AD2
:1076E000CFE7DFED948ADCE7B8F8AC31B8F8A42135
:1076F000012B00F0C78007EE902ADFED8F9AB8EEDD
:1077000067AAB7EE089AF2EE02DA089B9FED8B0AA1
:1077100093ED01FAB8EE4FFA80EE0F0A07F036FB50
:107720009AF86030022B2FEE00FA00F21D81844A95
:107730009AF85E1002EB830090ED00EAD0ED03FAB8
:10774000002900F02281009BDFED7AEA9FED7DBAEF
:107750009FED7DDADFED7DCA9FED7DCADFED7DBA5D
:10776000DFED7DAA554600262A7C052A00F291808D
:10777000022A40F2988030270824EA7B052A00F28A
:107780006D84DFE802F03E413B034744F0EE4B7A64
:107790008FEE276A2A899AF85E1002FB04440234AD
:1077A0006400A4B2AA88013614359FED6C7AC6EE47
:1077B000076A07EE907AF8EE677A87EEA66A07EE18
:1077C000904AF8EE677A87EEA67A07EE902AF8EEEE
:1077D000677AF2B267EE277A914277EE867A77EE91
:1077E000A97A77EE897A7EEEA7EABDD89AED145A87
:1077F000002B40F0CE800093FFF7E0BBF0EE6A7AFA
:10780000C6E7F0EE6C7AC3E7F0EE4D7AC0E7F0EE33
:107810004C7ABDE7F0EE6B7ABAE70A9A002A4CD0B0
:107820001823B3FBF2F302FB03F3C3F118039BB27B
:107830001593002B41D10A9A0B92531E9B009BB2C9
:107840000D9301230E9378E56FF00F0309934EE536
:107850006FF0060309934AE59AF85F209AF86030C2
:107860009A427FF445AC039B349ADFED328A002BB9
:1078700014BF23460023049300231371A8F8AC31EE
:10788000FFF7A1BAF0EE499AF0EE49DAB0EE49AA54
:107890003BE7244B324A1B692449002098471827AC
:1078A0000424002369E7012A04D0022AF1D13C27ED
:1078B0000A2462E748270C245FE71A4B294A1B6910
:1078C0001A490020984700230122CDE90D32159373
:1078D0000B923BE5149B002B0E9B08BF00230E93DD
:1078E000129B33B1099A199B9B1A0B9A93FBF2F3E3
:1078F0009BB2A4F88C300A9B169AA4F89220013B04
:107900000E9AA4F888209BB2189A0A930123A4F82F
:107910008A20A4F8903036E600230D931A46FDE540
:1079200078040020E80000205C690108E86801088C
:107930009C690108000000009A999D41F902154FC9
:10794000A02C0108000090430000204300000043E9
:107950000000F0430000C04300004043002474498D
:10796000906A0108A06A0108B64BB74A1B69B7497B
:10797000002098479AF85E30002B00F0F281DFED8E
:10798000B4FA0023B0EE6FEADEE69AED145ADFEDAA
:10799000B0EA9FEDB07ADFEDB06A349BCFEE077AA4
:1079A000B1EE0C7AC7EEA65A2AEE07AA7FEE8EFA3F
:1079B000CAEE257A9FEDA97A77EEAD7AB0EE006A2D
:1079C00077EEAE7A77EEAF7A27EE877A37EE067AE1
:1079D00077EE277A86EEA77AB4EEC57AF1EE10FA42
:1079E00083ED007A7FF5EAAA964B9D4A1C69974978
:1079F000FDEEC77A002017EE903AA04700230093CF
:107A000035E402F1180083B20C9303B213930DE531
:107A10000999944BC943A3FB0131099B6FEA1111EA
:107A2000DB1709B21193DEE40C9A8E4BD043A3FB13
:107A300000306FEA101000B2D217C7E403F118004B
:107A400002B283B2199209E50C98824200F0628179
:107A500000220A9216921292139A9B1A0B9A93FB87
:107A6000F2F39BB20E930123CDE9133312E5994251
:107A700000F05D810A9B013B9BB20A9301231693A0
:107A800012930B46E8E7F37B052B00F21683DFE841
:107A900003F01A130C032B214FF486731793D6238C
:107AA0000C9340F21D128D2308E5AC231793762327
:107AB0000C93BD225D2301E58C23179356230C9371
:107AC0009D224D23FAE46C23179336230C937D22D9
:107AD0003D23F3E44FF4E67317934FF4CB730C9309
:107AE00040F2DD12ED23E9E44FF4B67317934FF43F
:107AF0009B730C9340F27D12BD23DFE4B37A172B06
:107B000000F20181092B00F21E81C3F109039AB230
:107B10001523A4F84630059BA4F84820002B00F05C
:107B20005E8203EB42029389A4F84A30337C013B26
:107B3000042B00F2A482DFE803F0BD7603AC9B00C7
:107B40004FF000084FF400724FF4C063CDE90923F1
:107B50004FF0C00E02204FF0040C0821424643466D
:107B6000A4F86E000A98A4F856000998A4F870C00A
:107B7000A4F85800A4F84E10A4F85010A4F852E04D
:107B8000A4F854E09AF85D10B8F1000F00F00981F4
:107B9000002B00F00681022900F27B81324B0B445E
:107BA00093F80039A4F85A30059B002B00F01C8193
:107BB0000023A4F85E300123A4F86A30059B00215D
:107BC000D3E932ECD3F8C4800B460EEB1140A0EBA6
:107BD00008009042614480F2318201330F2BF4D1CE
:107BE000059AA4F86030D2E936E303EB83020EEB8A
:107BF0001242F92A00F3EF81062003FB00F0052171
:107C000003E0BCF1FA0C40F1DA810A46013189B295
:107C100014290EEB104C1844F3D10A4B134A1B697C
:107C2000DDE905583AE100214FF40073CDE909136D
:107C30004FF0400E03204FF0020C08219622FA2349
:107C40008EE700BFE80000200C6A0108E868010820
:107C50000000000000002043002474490AD7233CA0
:107C6000E46B0108ABAAAAAA94230108B86B010827
:107C70004FF000084FF4F0504FF47853CDE909036A
:107C80004FF4F86E02204FF00B0C08214246434699
:107C900066E74FF000084FF4C06C4FF46063CDE925
:107CA00009C34FF4E07E02204FF0060C0821424643
:107CB000434655E7059B9B8C0422082BC4F86E2095
:107CC0005BD9DDE90558FFF780BA0422FFF745BB11
:107CD0000D9B0F2B30D9A3F10F020F230D9392B2FE
:107CE00000231BE4B8F1000F2AD1337B002B33D0E3
:107CF000C54BC64A1B69C649404698470422FFF750
:107D00002CBB0A9B32E4C04BC24A1B69DDE9055813
:107D1000FFF758BA99427FF49BAE0023CDE91333A5
:107D2000CDF828E0169312930E93FFF7B3BB002310
:107D3000169312930B468FE600221346FFF7EEBB15
:107D40000222FFF70ABB102B94BFC3F11E03C3F13D
:107D500017039BB20022DCE64FF001080422FFF774
:107D6000FCBA9AED145A0093FFF728B900980290D4
:107D7000844602210246FFF7DDB8A4F84E30A4F88D
:107D8000503040230022A4F85230A4F854304FF46D
:107D90000073A4F85630A4F858209AF85D101346E2
:107DA0009046072975D89C48014491F80419A4F815
:107DB0005A100599C1B10021A4F85E10B8F1000F66
:107DC00040F08380A4F86A80A4F86080A4F85C8006
:107DD000A4F86280A4F86880A4F864804246002376
:107DE000A4F86620A4F86C303389F27AA4F87620DF
:107DF000012B67D0023B9BB20121A4F87230B37B08
:107E0000A4F84C3083F00103A4F87410A4F878307F
:107E10000099BB89ABF800300B44ABF80810BB816C
:107E2000B388317C06EE903A3389012907EE103A87
:107E3000B4F86E302AD0022914BFF0EE695AF0EE81
:107E40004A5A01339BB207EE903AF8EE677AB1EEE8
:107E5000006AF8EE666A67EE867AB8EE477A67EEF1
:107E6000A67A0198029B67EE877A014667EEA57AAB
:107E7000002808BF114667EE897A0191FCEEE77A87
:107E800017EE902A13440293FFF737B8DFED635AD9
:107E9000D7E75D4B624A1B69DDE905585C49002064
:107EA0009847039BBA89DDF804C012FB03F27B8973
:107EB00013FA82F39BB2591C002092B289B200904F
:107EC000FFF738B80023194697E70121A4F86A1094
:107ED000002B7FF473AEA4F8603019461A46A4F85C
:107EE0005C200022A4F86220A4F868204BBBA4F810
:107EF00064301A4602EB0108059AD2E92FE1C64523
:107F00001DDA0846002202F1010C09921FFA8CF2D8
:107F1000162A3FF482AE0EEB104CBCEB080C084462
:107F2000F1D4002B7FF45BAF099800FB01F10EEB5D
:107F30001143A8EB03039C45C8BF02464FE700224C
:107F40004DE7059BD3E9348C884546DA13466246F3
:107F50009E4601339BB2162B3FF45FAE08EB1240F6
:107F6000401A6244F4D40CFB0EF208EB12428A1A57
:107F70009042D8BF9E460599B4F86020D1F8CC3025
:107F8000B4F85C00099002FB03F3D1F8C820A4F810
:107F900064E002EB13420B46D1F8C410521AD3E945
:107FA00036303FF53AAE09990CFB0EFE00FB01F1AD
:107FB00003EB114308EB1E401918FA239AE702FB62
:107FC00003F30EEB1343C3F1FA039C45D8BF0A46F3
:107FD000FA210B4683E70522FAE79646CBE7059B95
:107FE000A4F84A30337C013B042B48D801A252F854
:107FF00023F000BF41800008277C0008417B000877
:10800000937C0008717C0008E8000020C86A010821
:10801000E8680108806B010894230108CDCC4C3E30
:10802000986B0108349A1371A8F8AC31002D7EF4D6
:10803000EFAEFFF778B80123FEF7B9BE9BB2CFE5EC
:108040004FF000084FF40073CDE909834FF0400E64
:108050000420C44602214246434681E51B4B1C4A8C
:108060001B691C4900209847DFED1B7A0023FFF7AE
:108070008FBB164B194A1B69DDE905580EE7134BF8
:10808000164A1B6913490020DDE905589847BA894B
:10809000039BDDF804C012FB03F27B89562113FA1F
:1080A00082F301FB098100209BB2C1F86E00591CCC
:1080B00092B2009089B2FEF73DBF044B044A1B699F
:1080C000044900209847FFF7F1B900BFE8000020FD
:1080D0003C6B0108E868010800000043906A010851
:1080E0000138C0B2042822D808B52A4BDFED2A6A2D
:1080F00003EB800393ED006AC6EE267AB3EE087AAE
:10810000F4EEC77AF1EE10FA2DED028B11D4FCEEED
:10811000E77A224B17EE902A90B2A3FB00300009B9
:1081200000EB4000C00080B2BDEC028B08BD002017
:108130007047F5EEC07AF1EE10FA1DDD87EE278A62
:10814000B0EE480A06F022FEDFED157A70EE277ACF
:108150001820B4EEE78AF1EE10FAC4BFF7EE007A09
:1081600030EE270ABDEC028BBCEEC00A10EE103ACE
:108170009BB2B0FBF3F008BDFCEEE77A182217EED5
:10818000903A9BB2B3FBF2F303EB4303D80080B207
:10819000CAE700BF7C2301080AD7233BABAAAAAADF
:1081A000ACC527372DE9F84F89462DED048B0646DF
:1081B00018B1B74B02689A4263D0DFF8E0A2B54A23
:1081C000DAF81030B449002098474FF0010B002432
:1081D000B24FB0462546002E00F0CC803368AC4A42
:1081E000934200F0B2803B69AA4AAB49002098470D
:1081F000A94580F0F680A9EB05091FFA89F9A44B7F
:1082000032689A4200F02081DFF890A2A44DDAF89B
:108210001030A04AA04900209847D5ED017A9FED83
:10822000A10AB8EE678A80EE080A06F0AFFD37684B
:10823000974B9F4228EE008AF3EE087A28EE278AB1
:10824000B7EE007AC7EE087A9FED976A9FED977AAE
:1082500067EE867AF6EE006A05EE909A67EEA67AE9
:10826000B8EE659A67EE879A3FD1032C40F20381FE
:108270008A4B8F4A1B698849DFED8C8A002098471A
:108280003DE090F862B0BBF1000FA0D19FED879A5E
:108290005C465B4603EB830306EB8303D3ED019A55
:1082A0007B4FF8EEE99A7E4D9FED7E0AD5ED017A7F
:1082B000B8EE678A80EE080A06F068FD744B9F42AC
:1082C00028EE008AF3EE087A28EE278AB7EE007AC5
:1082D000C7EE087ADFED746A67EEA67AB6EE007A2A
:1082E00067EE877A67EEA99ABFD0DFF8B0A1DAF817
:1082F0001030684A6849DFED6D8A0020984795ED97
:10830000018A9FED680AB8EE488A69EE288A80EEF5
:10831000080A06F03BFD28EE008AB3EE087A28EE44
:10832000078AF7EE007A87EE880A9FED5F7A20EEE3
:10833000070AF6EE007A20EE270A20EE280A30EE31
:10834000290ABDEC048BBDE8F88F032C5ED93B698C
:10835000574A514900209847A945BA4680F086807F
:1083600033684B4AA9EB050993421FFA89F97FF458
:108370004DAF6DE03B694849464A30469847A945AC
:10838000BA4632D2A9EB0506B6B2454DDAF810303E
:10839000404A414900209847D5ED017A9FED410AB6
:1083A000B8EE678A80EE080A06F0F0FC20EE087A44
:1083B000F3EE087A27EE277AF7EE006AC6EE877AA0
:1083C0009FED396A9FED397A67EE867AF6EE006A9C
:1083D00005EE906A67EEA67AB8EE659A67EE879A20
:1083E00085E733682A4A934226D03B692A49294ABD
:1083F000002098470134E4B25C4508F114087FF48A
:10840000EAAE002E41D04FF00009F8E6B8F8083087
:108410002B449BB299450DD2A9EB05091FFA89F9A6
:1084200007EE909A2346B8EE679A33E7B8F808301B
:108430002B449BB21D46DDE7032CF7D93B691C4A50
:10844000154900209847D5E7032CE9D9DFF84CA05F
:10845000DAF81030164A1049DFED149A00209847D8
:1084600007EE909A3768B8EE679A1CE73368084AB7
:108470009342BAD1E2E704EB840406EB84046389F7
:1084800008EE903AF8EE688A39E7DFF810A07CE74A
:108490000FB037137C62010894620108E8000020E5
:1084A00078040020F902154FC2F38E4D0000000041
:1084B000C8620108F8B595692B7802EB43030F46B3
:1084C000B3F84460536901466888144603EB4000E2
:1084D000720009F015F96B88E26D1E4413786E8006
:1084E00003B93B791370F8BD2DE9F04F2DED048BE6
:1084F000038F8DB00546002B00F01581B0F8403099
:10850000428F0469B0F850E007925B000293838FBA
:10851000C28F34F913300B92BEF1000F00F00381CB
:108520001B010893D0E91223D718B0F85200B5F810
:108530004230DFED8A8ADFF830B20193FE434FF01C
:108540000008F6EE009A0990C1460496CDF828E09E
:10855000834B83FB0710F917C1EBA00101EB41002E
:10856000A7EBC00000281FFA89F886B2C0F2EB80A2
:10857000002FC0F2F180089B09B2090481FB0301BE
:10858000002906DA4FF6FF7C10EB0C0C604641F137
:108590000001079B000C40EA0140991934F91110C1
:1085A000A0EB011007EE900AB8EEE79A29EE289AA0
:1085B000B0EE490A06F02CFFB0EE408AB0EE490A50
:1085C00006F036FB019B002B00F0A2800B9BB5F858
:1085D00044A01E4404EB46030020CDE90597039315
:1085E0000646009059E095F838C0BCF1000F4BD01A
:1085F00007EE101A07EE903AF8EEC76AF8EEE77A3F
:1086000026EE806A27EE887A66EE886A37EE467A2A
:1086100067EE807AB5EEC07A77EEA67AF1EE10FAC0
:108620004CBF37EE697A37EE297AF5EEC07AF1EE73
:1086300010FABDEEC77A4CBF77EEE97A77EEA97AE9
:1086400017EE103AFDEEE77A5B4517EE901A47F603
:10865000FF70B8BF5B468342D5F85490A8BF03466D
:108660005945B8BF594699F800E08142A8BF014674
:10867000BEF1000F04D117EE100A98425BD0E64617
:1086800089F800E01BB209B2A352009B79805344E1
:108690000093019B01369E4238D0009B95F839C06B
:1086A00008EB5302029B92B203EB8202A718A35E6F
:1086B000B7F90210BCF1000F95D00398B0F800C0D4
:1086C0000CF01F0E0EF1300E03FB0EFE4FEA9C2342
:1086D000203BCCF3441C01FB03F3BEF1000F0CF173
:1086E000300C01FB0CFCB8BF0EF13F0E002BB8BFE5
:1086F0001F334FEAAE1EBCF1000F0EEB6313B8BF81
:108700000CF13F0C1BB24CF38F116CE7DDE90597C0
:10871000099B049A1F44D31A04930A9B09F1010987
:1087200099457FF415AF286843680DB0BDEC048B04
:10873000BDE8F04F184717EE900AB0EB010E18BFD6
:108740004FF0010E9CE71836B6B2049B054AA2FB17
:1087500003016FEA11110EE70026F6E700008037EB
:10876000ABAAAA2AABAAAAAA0080FFFF08B50138C3
:10877000C0B2042898BF194B2DED028B98BF03EBB4
:108780008003B0EE408AB0EE600A94BFD3ED008A59
:10879000DFED138A06F09CF9DFED127A60EE277A9E
:1087A000F2EE040A77EE887AB0EE600A77EEE87AA5
:1087B000C7EEA00A06F0BCF906F0E8FADFED0A0AF7
:1087C00006F092FEF7EE000A06F070FEBDEC028B9A
:1087D000BCEEC00A10EE103A98B208BDB82C0108E1
:1087E00000000000000020420080FF432DE9F0411E
:1087F000174F1D467B6913B1BDE8F0411847FB6870
:108800004FEA4208002AF7D08F1EA8F1020406465C
:108810008E460C443A4632F802CF9CFA9CFCA242A7
:10882000A2F800C0F7D142467146304698470DB9CC
:10883000BDE8F08137F8023F5BBAA7423B80F7D032
:1088400037F8023F5BBAA7423B80F3D1F0E700BFA5
:10885000E800002000B583B041F4A0410123944614
:108860004FEA124EADF80010ADF80230042200239A
:108870006946ADF804E0ADF806C0FFF7B7FF03B0F6
:108880005DF804FB10B50E4C8C461146228803F1AE
:10889000020EB2EB4E0F06D223690A4A0A49BDE81E
:1088A000104000201847013B4CF4A04C4B802EF0A8
:1088B0000042A1F800C0BDE81040002396E700BFC9
:1088C000E8000020046C0108246C0108F0B583B0B6
:1088D00043F21C02009201230E4600240322694643
:1088E0000746ADF80440FFF781FFBDF8043013F4EC
:1088F000006517D141F21B042B4669463846022217
:10890000009446F40066FFF771FF38462B4669462F
:108910000222ADF80040ADF80260FFF767FF0120CA
:1089200003B0F0BD044B054A1D69054920463B468E
:10893000A847204603B0F0BDE8000020386C0108CD
:10894000686C0108F0B5012983B00546144621D0B2
:10895000022909D01B4B1C4A1C691C4903460020F4
:10896000A047002003B0F0BD43F246038427002651
:10897000ADF800302846012303226946ADF80260B5
:10898000ADF80460FFF732FFBDF8040030B164B900
:108990000120E7E743F245038327E8E7094B0C4A48
:1089A0001C690A492B46A047DBE747F4805733464A
:1089B000694628460222ADF80070ADF80260FFF764
:1089C00015FFE5E7E8000020806C0108686C0108ED
:1089D0009C6C0108F0B5012985B00646154631D0DA
:1089E000022924D143F2320301240027ADF80830D4
:1089F0000322012302A93046ADF80A70ADF80C70CD
:108A0000FFF7F4FEBDF80C306B8003F00702012A7B
:108A10002A8027D013F0060018D11649164A0C698F
:108A200016490096A0470024204605B0F0BD114B22
:108A3000134A1C69114903460020A0474FF44053D4
:108A40000024D2E743F233030C46CEE7023A012A70
:108A5000EAD9084A0096146908490A4A3846A047E4
:108A60002F80E0E70349084A0C690449009638461C
:108A7000A047D8E7E8000020D06C0108686C010826
:108A8000806C0108346D0108006D010810B582B0DA
:108A900001AA01210446FFF79DFF00220121204683
:108AA000FFF750FFBDF80430022B08D00549064AF5
:108AB0000C6906490020A047002002B010BD01202B
:108AC00002B010BDE8000020686D0108B06D01081B
:108AD0002DE9F04F264C87B00026CDE90466B4F8A6
:108AE00000808946002B3DD04FEA5808CDE90102AD
:108AF000A8F104080D461F464FF4004BB2460393FD
:108B000025E0029BA5F800B033446B80631EAB8068
:108B1000A5F806A06200002105F1080008F0DEFCBF
:108B2000294601980123221DFFF760FE04AA13467F
:108B300003CA26446960286009EB460559F8160007
:108B4000696803C3039B9E42A7EB04070AD2B8459A
:108B5000444628BF3C46B845D3D200E0013CE30779
:108B6000FCD4CEE709F1080007B0BDE8F08F00BFE4
:108B7000E80000202DE9F04F9846174BDFF85CB075
:108B80001F8883B0043A043F52087F0897420C9E26
:108B90000190894628BF174601F1040A0025741B7D
:108BA000BC4228BF3C4645EA0B02631E08EB450168
:108BB000A9F80020A9F802306200504608F0BAFD7A
:108BC000254401980023A21C4946FFF70FFEAE4240
:108BD000E5D803B0BDE8F08FE800002000C0FFFF3B
:108BE0002DE9F04F02EBC30787B07B88DDF840909A
:108BF000EBB18246884600264D467B6853F82640F6
:108C0000C4F30170012815D002282ED020BBC4F374
:108C10004459012303FA09F39D422FD32E4A2F49C9
:108C200016692F4A013BCDE90053A3B2B04707B004
:108C3000BDE8F08FA3B2194658F8232022F00F02A6
:108C400015B1C4F3034422435046FFF703FE7B886B
:108C500001369E42D1D3EAE71F4B224A1B691F49C6
:108C6000002007B0BDE8F04F1847A3B2194658F8E6
:108C7000232022F00F02002DE6D1E2E71FFA84FB49
:108C80004FF00103ADF80E304BF42043ADF8100067
:108C9000CDF81200ADF80C3003A95046012305228F
:108CA000FFF7A4FDC9F12009BDF81220BDF814306A
:108CB0004FF0FF30C4F3044420FA09F0A04043EA27
:108CC000024323EA000305FA04F4594643EA040286
:108CD0005046FFF7BFFDBAE7E80000200068010832
:108CE000D06D0108086E010810B1024B9B6818474F
:108CF000704700BFE8000020704700BF2DE9F04F2B
:108D0000ADF5137D06460C46154600214FF4E27280
:108D100021A89A4608F0E2FB3C22002112A808F0A4
:108D2000DDFB9D9B93F8C57167B1644B644A1B6979
:108D30006449002098474FF0000840460DF5137D28
:108D4000BDE8F08F0DF11808CDF800800AAB21AA1C
:108D500029462046FDF7CAFF0028ECD0414694F88A
:108D60005B200AA812ABFCF78FFF80460028E2D0F8
:108D70009E9ABDF85A3013809F9ABDF85E301380DA
:108D80009D9808AB0DF1160221A9FDF7E9FEBDF88B
:108D90002020BDF816309A4206D29D9B22462946D5
:108DA00021A8FDF73DFFC8E743F2370308930322EC
:108DB000012308A93046ADF82470FFF717FDBDF870
:108DC000243013F0C00310D1ADF8243043F2310346
:108DD00008930322012308A93046FFF707FDBDF8D9
:108DE00024204AF6C0439A425BD19D9808AB0DF10E
:108DF000160221A9FDF7B4FEBDF81690BDF820B00B
:108E0000D94508D9304B0893304608A900230222DF
:108E1000FFF7ECFCC1E729499C9A0988CDF8088046
:108E20004FEA5A0349088B4228BF0B460BF1020157
:108E3000023BA1EB090123F0010389B28B4228BF59
:108E40000B460432AA469FB2904603941D4604E0A6
:108E5000B9441FFA89F9D94511D808AB4A464146A9
:108E600021A80895FDF7B4FB04460028F0D0089B24
:108E70009C9A4FEA59013046FFF704FDE8E7124B90
:108E8000089355463046A24608A900230222DDF881
:108E90000880039CFFF7AAFCBAF1000F3FF44BAF28
:108EA0007BE70A4B1B78002B3FF445AF034B084A86
:108EB0001C69084933460120A0473CE7E800002030
:108EC000306E01083C660108801001007804002023
:108ED000706E0108946E010870B5FEB04FF4E27236
:108EE00004460D460DA8002103AE08F0F7FA0096DF
:108EF0000DAA05AB00212046FDF7F8FE08B97EB0AB
:108F000070BD94F85B202B46314605A8FCF7BCFEEB
:108F1000F5E700BF08B5144B9FED140A2DED028B49
:108F200093ED018AB8EE488A08EE900A80EE080AAE
:108F300005F02CFF28EE008AF3EE087A28EE278A47
:108F4000B7EE007AC7EE087AF8EEE88A9FED087A65
:108F500067EEA87ABDEC028B67EE877AB6EE000A60
:108F600027EE800A08BD00BF78040020F902154FE3
:108F7000C2F38E4D2DE9F04383B01D4643F44053B8
:108F80004FF00008BDF82840ADF80030894616467D
:108F900069460123032245F480550746ADF8028057
:108FA000ADF80480FFF722FCADF80050BDF9045085
:108FB00004FA09F46C4004EA060255404346694647
:108FC00038460222ADF80250FFF710FC03B0BDE8AE
:108FD000F08300BF30B583B00025294600957B2380
:108FE000FF220446FFF7C6FF0121009120468B2394
:108FF0000222FFF7BFFF8B23802200950721204626
:10900000FFF7B8FF03B030BD70B582B043F237024E
:1090100000230092ADF8043003220123694605467F
:10902000FFF7E4FBBDF8043013F0C00F19D143F291
:109030001C02012300920024694603222846ADF851
:109040000440FFF7D3FBBDF804301B0515D50E4BCC
:109050000E4A1E690E4920462B46B047204602B0F4
:1090600070BD0C4B1B78002BE1D0074B0A4A1C69E2
:1090700007492B460120A047D9E72846FFF7AAFF5A
:10908000012002B070BD00BFE8000020D86E0108CA
:10909000686C010878040020AC6E01082DE9F04FDF
:1090A000ADF21C4D054602931B780F4691460A2BE4
:1090B00013D8DFE813F020000B007200F4007701F2
:1090C0005502070329047B04BF042000FFF7DEFCE0
:1090D000002840F0C385029B1B78C549C54A0D692D
:1090E000C5490020A84700200646029B1E700DF2CD
:1090F0001C4DBDE8F08FDDF84004EC22002108F0A3
:10910000EDF9BE4BDFEDBE5AD3ED017ADFEDBD6A5E
:10911000F8EE677AB6EE006A85EEA77AF4EEE67AA4
:1091200037EE067AF1EE10FABCEEC77A17EE103A77
:109130009EB200F347859FEDB47AF4EEC77AF1EE64
:1091400010FA00F13F85A6F1100292B2EF2A40F228
:10915000B2869FEDAE7ADFEDAE6AA54B77EE877AE9
:109160001E6937EE877ABCEEE76ABCEEC77A16EE68
:10917000107AB8EE477A77EEC77A67EEA67AFCEEF9
:10918000E77A17EE905AA34BA34AA449CDE900759C
:109190000020B047029B1B789FE7FFF777FC049005
:1091A000002898D04123002239462846FFF790FC3A
:1091B0000023028C0392A0F1020A9E4698464FF6C5
:1091C000FF7B5A1E02FB02F2C2EBC202510001F504
:1091D0001676C83A3AF9021F002B00F02C853AF9AE
:1091E00002CC01F57A74A1EB0C019142FFF673AF4A
:1091F000B1423FF770AF84EAE472A2EBE47292B23C
:109200005A4505D2990089B2DDF810808E46934602
:109210000133102BD5D1B8F1000F3FF45CAFDDF86E
:1092200040248EF0300AA2F804A0B0F822B0B0F8C2
:109230008020A2EB0B02B2F5FA6FFFF64CAF784933
:109240001204A1FB021252094FF0000C20300492CC
:1092500066464FF6FF7E0AE0A14238BF4FF0000895
:109260000133049A9BB2402B944400F0538730F8AA
:10927000021F039A8A1A002AB8BF524292B272455C
:109280000BEB1C4438BF964604F5487238BF1E46A7
:109290008A4201F54871DFD24FF00008E0E7FFF79E
:1092A000F5FB00283FF417AF39460022202328465B
:1092B000FFF70EFCB0F90020074684461646012150
:1092C000002014463CF9022F02F548731B1B9BB289
:1092D000B3F5C86F3FF6FFAEB242A8BF084601F132
:1092E0000101A8BF16462029EBD1072840F2BB8612
:1092F0001728A0F1070340F23A87D3F1200240F08B
:10930000B58646AB049304982EA9FCF765FF0028A8
:109310003FF4E1AE9DED2E6AB5EE406AF1EE10FA33
:109320003FF4D9AE9DED2F7AB5EE407AF1EE10FA0A
:109330003FF4D1AEDDED306AF1EE666AC6EE877AB3
:10934000F5EEC07AF1EE10FAFFF6C5AEB1EE477A4F
:10935000C7EE066AF5EEC06AF1EE10FA7FF5BBAE15
:10936000B7EE007A77EE877AFCEEE77A17EE903A5E
:109370009AB23F2AC3F34E033FF6ADAEDDF8402468
:1093800083F01003D38040F215312846FFF79EFA90
:10939000042600283FF49FAE029B1E700DF21C4D68
:1093A000BDE8F08FFFF772FB00283FF494AE502326
:1093B000394600222846FFF78BFBDDF84034CDE923
:1093C000055703F10A013023A0F1020B9C46084621
:1093D000CA46144B002447F6FF76CDE9030B5D46E1
:1093E0004FF6E472A646A1461F46B04626E000BFEF
:1093F000E8000020486F01086C6F01087804002025
:10940000F902154F8096984C8096984BBD370635DB
:109410000024744934740108086F0108346F01088E
:10942000ABAAAAAA0080FFFF8E4204F10104C4BFC8
:10943000DE460E460832082C92B21AD035F9021FC9
:109440000FFA82FB4CB135F8020C081A00B28045C5
:10945000A8BF80468742B8BF07460029E4DA8B429E
:1094600004F10104BCBFD9460B460832082C92B265
:10947000E4D1A7F51C57103FBFB244F620629742D3
:10948000DDE9030B3FF627AEB8F1000F7FF423AE02
:1094900013F5004F00F0C28547F6FF72964200F0C8
:1094A0001586AEEB090EBEF1080F7FF414AEF61A66
:1094B000DB0093FBF6F3A9EB03030FFA83FEBEF187
:1094C000000FC0F20686BEF11F0F3FF704AE1FFA71
:1094D0008EFE764B83F80DC00CF1010C5FFA8CFC0C
:1094E000BCF13A0F20F802EF0BF1100B7FF471AFD3
:1094F000DDE90557802352463946009328466C4BD8
:10950000FFF738FBDDF84034DDF840149B89009309
:10951000CE88684A684907232846FFF761FB654AF9
:109520006549009608232846FFF75AFB0323614A42
:109530006149009328460923FFF752FB06235D4A41
:109540005D49009328460A23FFF74AFB40F2D631D3
:109550002846FFF7BBF9052600287FF41DAFBAE5C2
:10956000FFF794FA00283FF4B6AD4FF44073394644
:1095700028460022FFF7ACFA0DF1340B00F5C0636A
:10958000CDE905B30023039346AB04934B4E4C4FF8
:1095900016ABCDE908B50DF1B80907930DF58A783A
:1095A0000546079CAA46BAF902103AF9040BFCF7E3
:1095B00083FD44F8040B4C45F5D10DF1B40B5C462A
:1095C000AA46BAF96210BAF96000FCF775FD44F8D2
:1095D000040F44450AF1040AF3D1DDE903230DF138
:1095E000540E981800215BF8043F5EF8042F9B1A74
:1095F000B34240F31783A3F5C9237E3BB342FADCA1
:10960000002BB8BF5B429942B8BF1946D84540F815
:10961000043BE8D1059B491043F8041F0593039BC5
:1096200060330393069BC0359D42BAD1DDE908B58E
:1096300000210A460B465BF8040F9042C8BF19464A
:1096400003F10103C8BF0246082BF4D10EAB0DF1A4
:10965000B70253F82160049B01EB410103EB411178
:109660000DF1CF0051F8043BB342ACBF00230123FE
:1096700002F8013F82421376F4D100200123024612
:109680000AE029B119F8011C002904BF1A4601207B
:109690000133302B00F0A28319F8011F002AF0D00B
:1096A000002900F0C2820130F2E700BF080000206C
:1096B0000C2E0108CC2C0108184B01083F24030094
:1096C000C1DBFCFF4FF6FF73ADF83830FFF7DEF972
:1096D00000283FF400ADCE4B39465F68CD4BA3FB6D
:1096E0000737DDF84034B3F8E030BF0903FB07F774
:1096F00000224FF440732846FFF7EAF946AB0646CE
:109700001A46049338460EAB3146FDF7A9F8C24B12
:1097100037221A7700283FF4DEACDDF84024BDF88C
:1097200038305384BD4900932846BD4A0C23FFF7C7
:1097300057FA284640F21741FFF7C8F800283FF4CF
:10974000CAACDFEDB86AB7EE007A354606F1C0075D
:1097500006F5D86E0DF1B80CA7F1C0030020B3F9DF
:10976000022002FB02F1B3F90020043302FB0212D3
:109770009F421044F3D107EE900AF8EEE77AC03723
:10978000C7EEA65ABE45B1EEE56AC7EE067AECEC26
:10979000017AE1D1DDF84034DFEDA31ADFEDA30A51
:1097A0009FEDA31A03F18808603616AC36AF049B10
:1097B0002EA92A46B2F90000F1EC016A07EE100A60
:1097C000B8EEC77AB2F9020027EE267AB94267EE00
:1097D000077A02F1C002C3ED007A07EE900AF8EEB4
:1097E000E77A32F9600C67EEA67A03F10C0327EEF4
:1097F000277A67EEA77A03ED027A07EE100AB8EE31
:10980000C77A43ED017A27EE267A32F95E0C67EECD
:10981000077AC3ED157A07EE900AF8EEE77A67EE5D
:10982000A67A27EE277A67EEA77A83ED167AC3ED3C
:10983000177ABFD1049810222146FCF7CDFC0028EE
:109840003FF449ACD4ED006A94ED017AF1EEE67A8A
:10985000B1EE006A66EE866A94ED026A67EE075A18
:1098600066EE866AB6EE006A76EEE56AF6EE085AAD
:10987000B1EEE64AC6EE276A77EEE57A26EE877AFB
:1098800067EEA17A66EE846AF7EE004A77EE867A92
:1098900037EE247A76EEE56AB3EE0F5A27EE207A99
:1098A00066EEA16AF4EEC57AF1EE10FA37EE067AAA
:1098B00076EE866A00F3D583F5EEC07AF1EE10FA03
:1098C00000F11984FCEEE77A17EE903A1BB2B4EE81
:1098D000C17AF1EE10FA40F3B6836FEA83536FEA70
:1098E0009353F3EE0F7AF4EEE76AF1EE10FA40F3D9
:1098F0009C8343F478730435AE4228F8023F7FF42A
:1099000056AF0726FFF7F1BBFFF7C0F800283FF47A
:10991000E2AB1023394600222846FFF7D9F8DDF8DC
:109920004034B3F88A300026844603F01F09C3F39D
:1099300044189B0A09F1300908F13008A3F120000E
:109940003446B246B64637460CF1020B0BE053459F
:10995000774640F2FC81D6469A46B3B21C460136A1
:10996000082E00F0F6813CF926303BF9262009FB51
:1099700003F302FB00F1002BB8BF3F33002902FBC9
:1099800008F2B8BF1F319B11002A03EB6113B8BF67
:109990003F321BB242F38F1203FB03F302FB02338D
:1099A000BB42DCD97345D2D81F46D8E7FFF76EF823
:1099B00000283FF490AB6023394600222846FFF789
:1099C00087F8DDF84034DDF8402456332632002194
:1099D0000646FCF7B1FE00283FF47DABDDF84034CD
:1099E000DDF84024DDF840148833304658328A319F
:1099F000FCF7A2FE00283FF46EAB40F27C41284603
:109A0000FEF764FF092600287FF4C6ACFFF763BBAE
:109A100078040020D34D621008000020184B010884
:109A2000CC2C0108000040420000804200000042AF
:109A300000007C42FFF72AF800283FF44CAB39467F
:109A40004FF49C6300222846FFF742F84FF00008CD
:109A50000DF1340A0EAFCDF804800097534646AAA4
:109A600090218146CDF83480CDF838800DF1580B27
:109A7000CDF858802EAECDF8B880FCF77BFF0028DB
:109A80003FF429ABCDE900685B4646AAF02109F511
:109A90009070FCF76FFF00283FF41DAB0E992E9AD3
:109AA000C04BC14D521A02FB03F305FB01F11B0C25
:109AB000C3EB5133DDF84014CDE900A8C1F8BC3048
:109AC0000D9B05FB03F305FB02F25B0BC1F8C02005
:109AD000C1F8C43046AA0CAB40F21F1109F20230A3
:109AE000FCF748FF00283FF4F6AACDE9007B0BAB5A
:109AF00046AA4FF4907109F5A860FCF73BFF0028D7
:109B00003FF4E9AACDE90086434646AA09F5F0608C
:109B10004FF49071FCF72EFF00283FF4DCAA0D9A59
:109B20000E9FDDF82CE0DDF830C0DDF840441699DA
:109B30002E9BBE1A05FB02F79C4AACEB0E0C02FBF7
:109B40000CF205FB0EFE120CC2EB5E32C4F8C8200C
:109B500005FB0CF2C4F8CC20954A06FB02F2120C6D
:109B6000C2EB5732C4F8D020924A5B1A05FB06F6C6
:109B700005FB01F103FB05F502FB03F31B0CC3EB33
:109B80005133C4F8DC508C4DC4F8D460C4F8D830DC
:109B9000661E04F1EB074FF0FF3316F8012F082182
:109BA000534043F300022A40013982EA5303F8D1BB
:109BB000B742F2D1DDF84024DB43C2F8EC300A268C
:109BC000FFF793BA9FED7D7ADFED7D6ADFF80892AB
:109BD0007C4B7D4A7D4977EE877A002037EE877A85
:109BE000BCEEE76ABCEEC77A8DED006AB8EE477A44
:109BF000103E77EEC77A16EE107A67EEA67AFCEE84
:109C0000E77ACDED017AD9F8104017EE905AA047C7
:109C1000EF2E7FF660AAD9F81060FFF7B4BA03F50B
:109C2000C9237E33BB42FADBEAE40B2800F2D6807C
:109C300008460A462CE501F57A73002BB8BF5B4253
:109C40009BB29B4502D80123FFF7BBBA00229B467B
:109C5000DDF8108001239646FFF7B3BA43F23203D2
:109C60004FF0000846930322012346A92846ADF889
:109C70001C81FEF7BBFD3946122342462846BDF83B
:109C80001C61FEF725FF0146B0F800E0B0F802C005
:109C90004346043140464FF6FF7746FA03F2D207B7
:109CA0000BD531F81320A2EB0C02002AB8BF5242A8
:109CB00092B2974284BF98B217460133102BECD171
:109CC000431E0D2B3FF607AA00F10043013B01EBB9
:109CD000430731F813207B8841F28731D21A8A4238
:109CE0007FF7F9A94FF6FF7296423FF4F4A9BA88BC
:109CF0009B1A8B427FF7EFA940F2E51303FB0EF3AB
:109D00001B0CA3F5897313F1140F1AB2C0F233823E
:109D10002C2A40F32E824F2ACCBF04230323DDF8E4
:109D200040242B49A2F800E050809384294A0090F7
:109D300025232846FEF754FF40F233212846FEF73C
:109D4000C5FD022600287FF427ABFFF7C4B99E4665
:109D500005E6B7EB5A0FBFF4BEA9DDF840241C4955
:109D600014840B231B4A00942846FEF739FF002376
:109D7000184A1749009328460923FEF731FF7E232E
:109D8000134900932846134A0A23FEF729FF40F29D
:109D900053412846FEF79AFD00287FF4FDAAFFF7FD
:109DA0009AB900BFA82A0400AA0A010054150200AB
:109DB000A64A07004E750B002083B8EDBD37063567
:109DC0000024744934740108086F0108346F0108D5
:109DD000184B0108CC2C0108E8000020A0F10C036E
:109DE000082B3FF678A902EB5002172A02D9183A3D
:109DF000172AFCD892B2910089B201F13006DDF841
:109E00004034B6B25F2E1A8140F26F81BB4BA3FB88
:109E100006239B0903EB4303A6EB43134FF0000813
:109E20000E46C14699B20127B54A00912123B54992
:109E30002846FEF7D5FEB24AB249009622232846AC
:109E4000FEF7CEFE0326AE4AAE4900970123284610
:109E5000FEF7C6FEAA4AAB49009602232846FEF743
:109E6000BFFE3346A64AA749CDF800902846FEF724
:109E7000B7FEA34AA349CDF8008004232846FEF785
:109E8000AFFE9F4A9F49009705232846FEF7A8FE8C
:109E900000239B4A9B49009328460623FEF7A0FE19
:109EA00040F2ED312846FEF711FD062600287FF42A
:109EB00073AAFFF710B977EEC77ADFED936A9FEDCB
:109EC000937A67EEA67A3F2E77EE877AFCEEE77AF2
:109ED00017EE903A9BB200F2EE8000212F2E88BF41
:109EE00032460846DDF84044A4F8E830884BA4F830
:109EF000E600A4F8E060A4F8E210A4F8E420284604
:109F00001E88FFF781F800283FF4E5A84FEA590CB6
:109F10007608B44528BFB446ACF1020C2CF0010C15
:109F200040F64C3A07F104091FFA8CFB0026E04684
:109F30000395C6F534630C33984594BF5C4654468C
:109F4000750860084FEA85010CD06E4B07EB800066
:109F500019443B4651F8042BDA80120C9A800433E2
:109F60008342F7D1DDF84034B3F8E23001931C238B
:109F700000932246624B31464846FCF703F800281E
:109F80003FF4A9A8DDF84034B3F8E43001931A2374
:109F9000009322465A4B31464846FBF7F3FF002810
:109FA0003FF499A8DDF84034B3F8E63001931B2361
:109FB00000932246524B31464846FBF7E3FF002808
:109FC0003FF489A8DDF84034B3F8E8300193192351
:109FD000009322464A4B31464846FBF7D3FF002800
:109FE0003FF479A82346039829463A465E44FEF793
:109FF00049FCB6B240F64B33AAEB0B0A9E421FFA5D
:10A000008AFA96D9039D4FF4AE712846FEF75EFC9E
:10A01000012600287FF4C0A9FFF75DB847F6FF735B
:10A020009E427FF44CAAFFF756B8F5EEC06AF1EEF7
:10A0300010FA3FF560ACFCEEE66A16EE902A43EAB1
:10A0400042131BB257E4B5EEC07AF1EE10FA3FF5B9
:10A0500048ACBCEEC77A17EE102A43EA82231BB243
:10A060003FE41F2333E400F10802002346A99818B7
:10A0700007EB4000049107EB430707EE903A37F9EE
:10A08000024BF8EE677AB842C1ED027A07EE904AC9
:10A09000F8EEE77A03FB03F4C1ED007A07EE904A8D
:10A0A000F8EE677A03F10103C1ED017A01F10C01C9
:10A0B000E3D1FFF728B9BF2E96BFA6F14002F20800
:10A0C000C2F3CF0206F0070001210BE7CE46FFF7EF
:10A0D000F6B9CEF1000E1FFA8EFEBEF11F0F3EF64E
:10A0E000FAAF4EF0200EFFF7F4B94FF003084FF02F
:10A0F0000109002798E60023FFF7E9BBABAAAAAA4B
:10A10000CC2C0108184B0108E8385BB500007C42F4
:10A11000E8000020B8F1000F3EF4DDAFDDF8403478
:10A120005E81012300934FF47E534A463946ADF8D1
:10A130001831284646ABFEF71DFD104A104900961F
:10A1400026232846FEF74CFD0C4A0D49CDF800A009
:10A1500024232846FEF744FD40F2C6212846FEF798
:10A16000B5FB032600287FF417A9FEF7B4BF0F2222
:10A170007CE70223D3E50123D1E500BFCC2C010805
:10A18000184B01082DE9F04FADF5117D0C46154631
:10A1900000214FF4E27206460DF118081FA81F4671
:10A1A00007F09CF9CDF8008008AB1FAA294620468D
:10A1B000FCF79CFD30B94FF0000840460DF5117DCD
:10A1C000BDE8F08F94F85B20414608A810ABFBF780
:10A1D0005BFD0028EFD09C9ABDF8523013809D9A09
:10A1E000BDF85630DFF8B4A013803046BAF80080CE
:10A1F000FEF70AFF50B37B084FEA5808434528BFD3
:10A2000043469A9A0397023B23F001030432A8467F
:10A210001FFA83FB4FF0000902941D4617464A4679
:10A2200005AB39461FA80595FCF7D2F94FEA59014D
:10A23000D944059B9A9A04461FFA89F93046FEF7DD
:10A2400021FBB9F51E6F08D2002CE8D1DAF81030E6
:10A250000F4A104900209847ADE74546A046DDE982
:10A260000247B8F1000FF1D080239A9900933A4643
:10A270003046094BFEF77EFC1FA89B9B22462946D1
:10A28000FCF7CEFC40460DF5117DBDE8F08F00BF18
:10A29000806F01083C6601080C2E0108E8000020D0
:10A2A00070B584B0032204460025009240F24913A1
:10A2B0000E460021FEF75EFE40F249130422022101
:10A2C00020460095FEF756FE40F249131022042165
:10A2D00020460095FEF74EFE40F24913202205214C
:10A2E00020460095FEF746FE40F249134FF47F5298
:10A2F000009506212046FEF73DFE0EB904B070BD64
:10A30000044E03962B46022203A92046FEF76EFA5E
:10A3100004B070BD3110C0AC08B518B1064B02686E
:10A320009A4207D0054B064A1B6906490020984708
:10A33000002008BD012008BD02B13713E80000204D
:10A34000946F010878640108B8B110B50446406DF7
:10A3500020B10A4B9B68984700236365A06D20B12C
:10A36000064B9B6898470023A365E06D20B1034B23
:10A370009B6898470023E36510BD7047E800002004
:10A3800038B50446FCF76CF900B938BDE56A1DB173
:10A390000E4B2A689A420FD00D4B0E4A1B690E498C
:10A3A00000209847A06AF9F735FD00232360204676
:10A3B000BDE83840FEF798BC2846FFF7C5FF0023EC
:10A3C0002B602846FEF790FCECE700BF03B1371383
:10A3D000E8000020B46301084865010868B310B5BF
:10A3E0000446406DF8B1A36DEBB1E36DDBB1238999
:10A3F0002C2203FB02F2002107F070F82289A06DE5
:10A400000021920007F06AF82289E06D9200002195
:10A4100007F064F800230022226523646364A364C8
:10A42000A4F84C2010BD054B054A1B6905490020C6
:10A4300098472046BDE8104086E77047E8000020B6
:10A44000AC6F010848650108C0EE207A9FED107AD4
:10A45000F4EEC77AF1EE10FA17D89FED0E0A08B5A0
:10A4600027EE800A04F0E4FBB7EE007AF0EE475ADC
:10A4700040EE005A30EE006AF1EEE56A76EEC07A00
:10A4800006EE677AB0EE470A08BD9FED030A7047F3
:10A49000A800003FDB0F49400000000007EE900AD3
:10A4A000DFED1A6A9FED1A7AF8EEE77A67EEA67A80
:10A4B000F4EEC77AF1EE10FA03D5481E18BF01205A
:10A4C00070479FED147AF4EEC77AF1EE10FA17D4C4
:10A4D000B1EE0C7AF4EEC77AF1EE10FA14D49FEDD7
:10A4E0000E7AF4EEC77AF1EE10FA0BD49FED0B7AE8
:10A4F000F4EEC77AF1EE10FA4CBF04200520704745
:10A500000120704703207047022070470AD7233B81
:10A51000666646403333A34033334B4100009441D9
:10A52000F0B482B02E4E056800238DF803303368F6
:10A530003768C3F164031A442A4B1B6803EB830397
:10A54000C3EBC3031B0D02FB03F30193AB6819427A
:10A550000AD134E0019C019B013B0193AB68002CC4
:10A5600008BF002219422AD0B1F5C06F05D12B7B5C
:10A57000DBB28DF803309DF803303368DB1B934268
:10A58000E8D36B68426823F0E003B2F5827F6B602A
:10A5900019D0836AB3F5005F07D12B6823F4005309
:10A5A0002B602B6843F400532B600122002380F8BA
:10A5B0005D2080F85C30032002B0F0BC70470020C2
:10A5C00002B0F0BC70478368B3F5004F02D0B3F51A
:10A5D000806FDED12B6823F040032B60D9E700BFEA
:10A5E000E40000200000002070B4274D274B2A68AB
:10A5F0001B6804682E68C2F16402114483B0C3F37F
:10A60000CB3301FB03F30193A3681A062CD509E0B1
:10A61000019A019B013B0193A368002A08BF002116
:10A620001B0621D52B689B1B8B42F1D363684268C4
:10A6300023F0E003B2F5827F636019D0836AB3F53B
:10A64000005F07D1236823F400532360236843F499
:10A65000005323600122002380F85D2080F85C30E5
:10A66000032003B070BC7047002003B070BC70477B
:10A670008368B3F5004F02D0B3F5806FDED1236855
:10A6800023F040032360D9E7E4000020000000200D
:10A69000F0EEC07AB0EEE07A2DE9F04FF4EE477AB2
:10A6A000F1EE10FADFEDB96A48BFF0EE477A30EE0E
:10A6B000607A67EEA67AB0EEC77A2DED0A8BB4EE1B
:10A6C000E77AF1EE10FA98BFDFEDB17A87B094BF68
:10A6D00000261646F0EE60CA8A4698BF70EEA7CAFA
:10A6E0000546FBF7D5FFF0EE408A0446B0EE6C0A53
:10A6F000FBF7CEFF052C22D005280CD0A54A4FF041
:10A700000333012CCDE9043200F01982022C40F011
:10A710000C8201271FE04FF00333049303F1807391
:10A72000A3F58173012C059300F00482022C00F044
:10A730001182032C14BF03270227042014E00528EC
:10A7400000F001824FF00333049303F18073A3F50B
:10A75000817305930327012800F0E581022800F0AA
:10A76000EC81032800F0ED810322C7F101031344BB
:10A77000DBB29A45C7F1030E964428BF9A46013AC8
:10A7800005AB03EB070CD4B25FFA8EFE00230AE0A0
:10A79000022F00F0D680013301F8087CDBB2621C86
:10A7A000D4B2A64517D01CF8017B03F11802B842B9
:10A7B0000DEB020107F0FD02C0F096819A4540F2D0
:10A7C0009381012AE4D1621CD4B20133A64501F879
:10A7D000087CDBB2E7D10AF1FF339FED6FBA9FED42
:10A7E0006F9A9FED6FAADFF8D081DFED6E9ADFEDF3
:10A7F0006EAA01930DF1100B0024CDF800A0039672
:10A800001BF8017B3846FDF76BFC019BA342824697
:10A8100000F0DA809BF80030013BDBB2042B00F241
:10A820002981624A02EB8303D3ED007A77EEA77A9F
:10A83000F4EEE87AF1EE10FA40F3CE8007EE10AABB
:10A84000B8EE477AB0EE688A27EE097A002638EE2D
:10A85000078A0136B4EEE78AF1EE10FAB6B2F6D402
:10A8600088EE090A04F092FA2B6CC8EE897AFDEEA4
:10A87000C08A77EE8A7A18EE902A12B208EE902AF1
:10A88000BDEEE7CA1BB11A68424500F0F680DFF85A
:10A890002C91474AD9F810304649002098472B6C34
:10A8A00013B11A6842455BD0D9F81030404A41498B
:10A8B000002098472B6C1BB11A68424500F00881B4
:10A8C000D9F810303A4A3B49002098472B6C1BB10D
:10A8D0001A68424500F00481D9F81030344A3549ED
:10A8E000002098472B6C95ED190A002B47D1D9F819
:10A8F00010302F4A2F4900209847F8EEE87A2B6C49
:10A9000067EE897AF4EEE97AF1EE10FA40F195807B
:10A91000013F18BF012733B11A68424508BFA200A2
:10A9200078D0DFF89890D9F81030214A21490020DA
:10A9300098470134009AE3B2934274D2F0EE488A09
:10A940005EE7AAEB0302D2B203F11801A242694406
:10A9500003F10102FFF423AF01F8087CD3B21EE734
:10A9600004EB840203EB820282ED01CAA2F80AA082
:10A97000A200224403EB820295ED190A16811A689F
:10A9800042452DD0DFF83490B1E700BF000000341D
:10A990000AD7233C01020304000000000AD7233B2E
:10A9A00017B7D138666646403333A3407C2301088D
:10A9B0007C620108946201080FB03713E8000020A0
:10A9C00033334B4100009441F0EE6C7AF4EEE87AB8
:10A9D000F1EE10FA3FF732AFB0EE688A00263FE79B
:10A9E000F8EEE88AF0EE480A3846029368EE898A63
:10A9F000FDF7BCFE029B04EB840203EB8202F4EE43
:10AA0000E98AF1EE10FA90814FEA840243D5013FC2
:10AA100018BF0127224403EB82020134D774009A45
:10AA2000E3B293428AD3039E9246002E62D15046EF
:10AA300007B0BDEC0A8BBDE8F08FF4EEEA7AF1EED8
:10AA400010FA66D4B1EE0C7AF4EEC77AF1EE10FA91
:10AA500048D41FED257AF4EEC77AF1EE10FA5AD4F5
:10AA60001FED287AF4EEC77AF1EE10FA4CBF0427F6
:10AA7000052750E7F0EE4B7ADAE604EB840203EBAD
:10AA8000820282ED01CA17752B6CA2F80AA023BBC3
:10AA9000DFF8D49020E7F4EEEA8AF1EE10FA3ED423
:10AAA000F1EE0C7AF4EEE78AF1EE10FA35D4DFED30
:10AAB0002B7AF4EEE78AF1EE10FA32D4DFED287A41
:10AAC000F4EEE78AF1EE10FA4CBF0427052723E7DE
:10AAD000142202FB0432A2F80AA01A684245D7D118
:10AAE000A20046E7022716E7BAF1000F7FF473AE23
:10AAF000002E9CD02D6C0AF1FF34E4B2214628468A
:10AB0000F7F7E0FC411C224689B22846F9F75CF9C8
:10AB10008DE70127FFE60327FDE60227FCE6012774
:10AB200078E70327F8E600221FE6032C7FF412AE35
:10AB3000022710E60027042016E6012215E600276A
:10AB400009E6022211E6074B4FF00332CDE9042358
:10AB50000420FFE50127042006E600BF33334B4104
:10AB60000000944101020304E80000202DE9F04FA9
:10AB7000B0EEE07AF0EEC07AF4EE477AF1EE10FA39
:10AB8000DFEDA66A48BFF0EE477A30EE607A67EEF6
:10AB9000A67A2DED048BB0EEC77AB4EEE77AF1EE2B
:10ABA00010FA98BFDFED9E7A89B005464FF0050098
:10ABB000B0EE608A14469ABF30EEA78A00260126BE
:10ABC000F0EE408A0191FDF78BFA032C09EE900A12
:10ABD00000F04981042C00F03C81022C44D1914BBF
:10ABE00004934FF07E530593631E9BB204AF05AAF6
:10ABF00038EE687A02EB83003B46D3ED007A67EECD
:10AC0000877A77EEA87AE3EC017A9842F5D19FED46
:10AC1000869ADFF82CB2039607EB840A4FF00009FE
:10AC2000B7EC017AB4EEE87AF1EE10FA12DDF8EE44
:10AC3000697AB0EE688A67EE897A002438EE278A4E
:10AC40000134B4EEC78AF1EE10FAA4B2F6D41CBBFC
:10AC5000F0EE488A5745E3D1039E6EB9484609B0E5
:10AC6000BDEC048BBDE8F08F4FF07E530493002CB5
:10AC7000BAD1A146002EF1D0019B2D6C5C1E4C4434
:10AC8000E4B221462846F7F71DFC411C224689B252
:10AC90002846F9F799F8E1E788EE090A04F076F812
:10ACA000019A2B6C4A445FFA82F8BDEEC00A10EE9E
:10ACB000102A12B202921BB11A685C498A4241D032
:10ACC0005B4E5C49336900205A469847286C03461E
:10ACD00018B1564902688A4261D00020336955494B
:10ACE0005A469847286C18B1504B02689A426FD068
:10ACF000002033694F495A469847286C21464246FE
:10AD0000F9F762F82C6C95ED190A1CB12368474AD3
:10AD100093423AD0464E474933695A4600209847F5
:10AD20002C6C1CB1414B22689A426ED03369414968
:10AD30005A460020984709F10103F0EE488A5FFA6D
:10AD400083F987E7B8F1030F7CD9394E3A4A336962
:10AD50003849002098472B6C002BBED01B68334A23
:10AD60009342BAD13369344A3249002098472B6C58
:10AD7000002BBDD01A682D4B9A42B9D100203369FF
:10AD80002D4A2C499847286CB8E7B8F1030F29D908
:10AD9000274E294A3369274900209847C0E7B8F170
:10ADA000030FDFD8DFED206A9FED247AC8EEA67A84
:10ADB000142202FB083377EE877AFDEEE77AC3EDC3
:10ADC000017A18B1194B02689A4204D0184E8FE7E5
:10ADD000B8F1030FD2D8142319EE902A03FB08030D
:10ADE0005A818BE7F0EE480A0520FDF7BFFC1423DB
:10ADF00003FB084302469A8102980521FFF74EFBA8
:10AE0000142303FB0844E07495E7B8F1030F32D92B
:10AE10003369094A0749002098478CE7000000344D
:10AE20000AD7233CA4703D3F0AD7233B0FB037130A
:10AE3000E800002094620108C862010817B7D13801
:10AE40007C620108142202FB083205211175286C6E
:10AE5000A8E70B4B04930B4B05930B4B06934FF05A
:10AE60007E530793C0E6094B0493094B05934FF0BB
:10AE70007E530693B8E602980521FFF70FFBBFE764
:10AE8000D7A3F03E3333333F52B85E3F713D0A3FA4
:10AE9000295C4F3F08B52DED028BB0EE408A03F0E0
:10AEA00075FFDFED087A70EE277AB4EEE78ABDEC25
:10AEB000028BF1EE10FAC4BFF7EE007A30EE270AEB
:10AEC00008BD00BFACC5273730B41D4D95F8203004
:10AED000012B31D029680220CA2385F821000122E4
:10AEE0004B6253234B6285F820208B68154823F46E
:10AEF00080738B608B6823F480538B60046804E05C
:10AF00000268121BB2F57A7F0DD8CB6813F00103EB
:10AF1000F6D00020FF2201234A6285F8200085F840
:10AF2000213030BC70470320FF224A6285F8203070
:10AF300085F8210030BC7047022030BC704700BF4C
:10AF400000010020E400002070B5094E736805463A
:10AF50009847044628B12A46002106F0BFFA204649
:10AF600070BD3369034A04499847204670BD00BF4D
:10AF7000E8000020DC6F0108EC6F010830B4104DD0
:10AF80002A68D06810F0400002D0002030BC704722
:10AF90000C494FF0FF33D3600C68D3685B06F5D4DF
:10AFA000032803D1F2E7D3685806EED40B681B1BC5
:10AFB000B3F57A7FF7D9032085F82100EDE700BFCC
:10AFC00000010020E400002008B5114BDA6822F0EF
:10AFD0008002DA609A68920603D4FBF707FE88B90C
:10AFE00008BD9A6822F020029A60FBF7FFFD18B1B5
:10AFF000084B032083F82100054A936843F020039F
:10B00000936008BD034B032083F8210008BD00BFF7
:10B010000028004000010020F0B5624C94F8203078
:10B02000012B00F0BC8021680223012284F820203B
:10B0300084F821308B6813F0400C18BF90F803C0DF
:10B0400003780CBF80F803C04FEA8C5C092B09D948
:10B0500000220A3BDBB2092B02F10102F9D843EAD4
:10B060000213DBB21A044378092B09D900250A3BE5
:10B07000DBB2092B05F10105F9D843EA0513DBB270
:10B080008678092E4FEA032309D900250A3EF6B235
:10B09000092E05F10105F9D846EA0515EEB290F83A
:10B0A00024E0BEF1090F0DD90025AEF10A0E5FFABA
:10B0B0008EFEBEF1090F05F10105F6D84EEA051521
:10B0C0005FFA85FE4569076A3D4345EA0C052A4358
:10B0D0001343334343EA0E624668C3691E43836ADF
:10B0E000CA20486253204862B3F5807F8B6838D00D
:10B0F00023F400738B60CB682B48DBB263F42073BE
:10B10000CB60056804E003685B1BB3F57A7F1ED84B
:10B11000CB689B07F7D50A628E648B6843F4007393
:10B120008B608B6843F400538B60204B1A680020BF
:10B1300042F4802284F820001A609A6842F4802247
:10B140009A60FF2201234A6284F82130F0BDFF2279
:10B1500003234A6284F82130002384F8203003203E
:10B16000F0BD23F480738B60CB680F48DBB263F4CF
:10B17000C073CB60056804E003685B1BB3F57A7F9E
:10B18000E5D8CB68DF07F7D5CA614E648B6843F416
:10B1900080738B608B6843F480538B60C5E702201B
:10B1A000F0BD00BF00010020E400002000040140C9
:10B1B0002B4A03460068904270B43CD8294A2A4979
:10B1C0002A4C0244A1FB021212099200022183F8C8
:10B1D000251001689D689E691C6421F4FF4C596923
:10B1E0005A642CF0700C294341EA0C01314341F0C0
:10B1F0008001B5F5804F016014D0596802F01C023F
:10B200000F2090409140194A94426FEA00001BD0F1
:10B21000D2F8A8442040C2F8A804D2F8A8040143F8
:10B22000C2F8A81400200122D86383F8240083F810
:10B23000252070BC70470E4A0B490E4C0244A1FBFE
:10B24000021212099200C1E7D4F8A8200240C4F803
:10B25000A820D4F8A8201143C4F8A810E2E700BF42
:10B2600007040240F8FFFDBFCDCCCCCC000002406B
:10B27000F8FBFDBF0004024070B506680546F4699E
:10B2800031EA040405D0581C05D1F36931EA0303FF
:10B29000FBD1002070BD16480068801A834219D384
:10B2A000C3B130684407EAD58029E8D04029E6D008
:10B2B000F46914F008040FD1F0690005DFD54FF4EC
:10B2C000006333622846F8F715FB2023C5F8843065
:10B2D00085F87840032070BD082428463462F8F7CA
:10B2E00009FB002385F878300120C5F8844070BD43
:10B2F000E4000020134BDB68C3F30223C3F1070C07
:10B300001A1DBCF1040F28BF4FF0040C062A88BF99
:10B31000DA1E4FF0FF3303FA0CF398BF002221EA44
:10B32000030393401B01421CDBB206D000F16040D6
:10B3300000F5614080F800337047024A82F82330FC
:10B34000704700BF00ED00E00F49104A086813691C
:10B350001B0704D50D4B1869C0F3C00070470B687C
:10B360001B1AB3F57A7FF5D272B613691B0700D4A6
:10B3700030BF62B6BFF36F8F13691B07EFD5034B66
:10B380001869C0F3C0007047E400002000040048C2
:10B3900070B5504C504A94F820300021012B1170A8
:10B3A0007FD02368022184F82110CA21596201202C
:10B3B000532184F820005962996821F480619960D2
:10B3C000D968C9B261F49061D960D96849066AD573
:10B3D0001F2159619968414821F0070141F003019B
:10B3E0009960016841F480110160816841F4801125
:10B3F0008160996841F480419960996841F4806165
:10B400009960FF200121586284F8211011780023EF
:10B4100084F8203000295AD172B6BFF34F8FBFF3A2
:10B420006F8F137803B930BF62B6BFF34F8FBFF38E
:10B430006F8F1378002BEFD094F820300021012B70
:10B4400011702ED02168264D0220CA2384F82100D5
:10B4500001224B6253234B6284F820208B6823F433
:10B4600080638B608B6823F480438B60286804E0E2
:10B470002A68121AB2F57A7F0CD8CB6813F004034D
:10B48000F6D0FF2001230022486284F8202084F8AF
:10B49000213070BDFF200322486284F8203084F8F8
:10B4A0002120F6F763FE0E4D2E68D96811F00401D5
:10B4B0008ED12868801BB0F57A7FF6D9FF20032251
:10B4C000586284F8212084F82010F6F74FFE13709C
:10B4D000B8E700BF00010020240100200004014063
:10B4E000E40000202DE9F04F364B1B78012BA3B070
:10B4F000054605D9344B354A1B6935490220984722
:10B500003449DFF8C4A0DFF8D890782204A806F008
:10B5100011F9314A02920023022202A92846FDF7BE
:10B5200065F90DF1100BBBF80440BBF806201619A5
:10B53000B44232DA4FF0000805E062469847013421
:10B54000A4B2B44229DA44F44050012302A9ADF870
:10B55000080003222846ADF80A80ADF80C80FDF7FC
:10B5600045F9DBF80830BDF80CC021462846002B11
:10B57000E3D1144B16491A78012A2B464A464FF05C
:10B580000200DCD9DBF80070CDE9007C0134DAF888
:10B590001070A4B2B847B442D5DB0BF10C0B22AB50
:10B5A0005B45C0D1074B1B78012B08D9064B0B4AD2
:10B5B0001B690749022023B0BDE8F04F184723B0AC
:10B5C000BDE8F08F78040020E8000020FC6F01083F
:10B5D000746601080C2F0108D51001004C70010899
:10B5E000387001082DE9F04F2DED108BEBB00023E2
:10B5F000A349A4481A9306F0FDF8A34BA34DA44C0D
:10B6000002221A70A34A5A600FCD0FC495E80300B6
:10B6100084E80300102006F09BF80390002800F057
:10B62000FD809D49064696226C20FFF78DFC04465E
:10B63000002800F0EA80994F99490123C0E900737E
:10B6400050226C20FFF780FC064638B1954B40F83D
:10B65000043B05F10801682206F06CF81820A4F8F4
:10B6600048004FF48070A4F860008F4860668F48EF
:10B670002065002084F858008D48E0654FF07E502A
:10B68000E0614FF07C5020628A4A8B48A261606280
:10B690008A4AA2624FF08040A063894A8948E262E8
:10B6A000E063894A894862652063894A0398226178
:10B6B00040F20113A4F84430864D8749874A266436
:10B6C000012384F8463084F862302375E5646563AD
:10B6D00003720523C0E90012C46043812046FEF7CF
:10B6E0001BFE00B1E5642046FEF716FE10B14FF0D8
:10B6F0007F5323652046FEF70FFE10B12023A4F8E8
:10B7000056302046FEF708FE08B1704BE365204630
:10B71000FEF702FE10B11023A4F854302046FEF7C5
:10B72000FBFD10B1002384F844302046FEF7F4FD01
:10B7300010B1032384F846302046FEF7EDFD10B12A
:10B74000002384F845302046FEF7E6FD10B11823AB
:10B75000A4F848302046FEF7DFFD10B1002384F83E
:10B7600062302046FEF7D8FD08B100232382204630
:10B77000FEF7D2FD08B14C4B63622046FEF7CCFDCC
:10B7800008B14D4BA3612046FEF7C6FD10B14FF046
:10B790007C5363632046FEF7BFFD08B1494BA363AA
:10B7A000039BDC682046FEF7B7FD10B14FF07F53D6
:10B7B00023652046FEF7B0FD08B13F4BA36120464C
:10B7C000FEF7AAFD10B1012384F860300398F8F762
:10B7D00047FB059060B3059B1C682046FAF740FFC5
:10B7E00028B1236A1AA9186CF8F7CAFA50BB3C486A
:10B7F00005F0EEFF0023039905981A46FAF748F979
:10B800006BB0BDEC108BBDE8F08F214B354A1B6946
:10B8100021499847F4603046F6F734FE324805F087
:10B82000D7FF324B4FF480529A62FFF7B1FDE7E742
:10B830002F4805F0CDFF059B03991A461846FAF7E5
:10B8400027F9DDE7236A1E6C1A9B033323F00303F9
:10B8500000251A932C460BE096F862309D4229464B
:10B86000304649D2F6F72EFE01350444A4B2EDB2BB
:10B870003046F6F7EDFD0028EED10123EEE700BFDC
:10B88000842F01088870010878040020DC2F01084B
:10B89000E800002000366E017864010802B1371319
:10B8A000946201080FB037130000A041000020404F
:10B8B000000040416666A63F0000C040CDCC4C3E33
:10B8C0009A99193E0000A04010002000000020417D
:10B8D000030000019A99993E140006003C00030001
:10B8E000F8700108A8700108C87001080004004839
:10B8F000E070010800007A441A9800EBC4001A9026
:10B9000005F026FF0690002876D0039BDC682046D1
:10B91000FEF702FD00286CD0D4ED176A1FED0B7AFC
:10B920008E4BC7EE267AFCEEE77AC3ED007AF6F787
:10B93000F9FC8B4B4FF480529A61FFF729FD89493E
:10B9400037221420FFF700FB04460490002846D05D
:10B950008549782240F25E20FFF7F6FA00284DD0A4
:10B960000125824BA0F8C45180F8C65100262360FF
:10B970004FF440532061A5606660667303222E93E6
:10B980002EA92B462846ADF8BC60FCF72FFFBDF86A
:10B99000BC3041F21022934236D0754A7549146981
:10B9A000754A3046A0470498FAF74EF843F21C0354
:10B9B0002E932EA92B4628460322ADF8BC60FCF737
:10B9C00015FFBDF8BC301C0509D50496684B6B4AC1
:10B9D0001B696449002098470498FAF735F86848CD
:10B9E00005F0F6FE069B039905980022FAF750F839
:10B9F00006E7DFED646A91E76348F9E6049B1861A6
:10BA00001846FDF771F9EAE743F21C032E93284626
:10BA10002B4603222EA9ADF8BC60FCF7E7FEBDF86B
:10BA2000BC4014F40064D1D1049DA868FDF7D2FA9B
:10BA3000A8682146FEF734FC1A9B069A2EA92846D0
:10BA4000F6F76AFD90B1059B1A9E1C68039B204681
:10BA5000DD68FAF705FE68B94C4805F0B9FEDDE986
:10BA60000312069B0598FAF713F8C9E6484805F053
:10BA7000AFFEF4E72846FEF74FFC0028ECD095F81F
:10BA80006130002B40F06182049C0096296C069B7B
:10BA90002EAA2046FAF71CF80028DDD021AB34226C
:10BAA0000021184605F01AFD2046F6F7A7FD0028EC
:10BAB00000F086810023059E079304981A9CF6F7F0
:10BAC00015FED0B1049B294A1B68934228D0284B0D
:10BAD000304A1B692349002098472F4805F078FE1B
:10BAE000049A224B12689A4200F0A280204B294A05
:10BAF0001B691C4900209847B1E7284805F068FEFB
:10BB000034681CB12368264A934253D0184B254A07
:10BB10001B69254900209847244805F059FE9EE7F7
:10BB2000049D2B7B002B6CD1A8681521FCF7CEFE61
:10BB30000028D2D001232B73FFF706FC00287CD00D
:10BB4000049B0A4A1B68934200F08780084B114A05
:10BB50001B690449002098471548BFE79C02002054
:10BB600000040048F86201083C6601080EB0371373
:10BB7000E8000020686C010840710108607101084C
:10BB80007C7101080000000024710108B4710108F3
:10BB900098710108E062010808720108F07101085B
:10BBA00001B13713BC6801087864010840730108CB
:10BBB000E8720108A36A23B11A688F498A4200F02B
:10BBC000D1808E4B8E491B698E4A00209847636B4B
:10BBD00013B1211D2BA89847D4E90B522D9C1DB100
:10BBE0002B6889498B4248D0844B864A1B69874918
:10BBF00000209847814B864A1B698449002098475A
:10BC00008AE7049B1D69986895F8C6110122FCF724
:10BC100099FE95F8C531002B2DD095F8C631022B31
:10BC20000CBF0123022385F8C631002884D154E7D4
:10BC3000049B9868FFF756FC11E70546754805F028
:10BC4000C7FD049A744B12689A42F1D06B4B734A49
:10BC50001B6973492846984701E7049A9388D2885C
:10BC60001344B4EB430F57D2644B6E4A1B696C49C3
:10BC70000020984770E70123D5E7069BD5ED080A19
:10BC8000D5ED0ABA95ED0BBAD5ED0CAA95ED0DAA36
:10BC900095ED0E9AD5ED0F8AD5ED079A03EB0208C4
:10BCA0002B6D0D9307EE903AF8EE677AB7EE008AA7
:10BCB00077EE887A2B89099388EE277A08EB83023E
:10BCC00008920A9338EE478AB0EE480A03F00CFC5B
:10BCD0006A686F6DB0EE40CA22B1534811680A9B82
:10BCE000814269D0454B514A1B6951490020984710
:10BCF00000232A6D0D9299462B892A7B0C9227B13D
:10BD00001CB14A46052A00F239813C4B494A1B695D
:10BD10003E49002098476DE7049B1D699C6895F893
:10BD2000C67143F2370E4FF0000C032201231EA907
:10BD30002046CDF878E0ADF87CC0FCF757FD012F28
:10BD4000BDF87C2000F0FF80022F0CBF8023C023B1
:10BD500013EA020038D1294A374923461469374A81
:10BD6000A047F9E65A68069D2BA999601068038FD1
:10BD700005EB43034361B0F8943005EB4303C36420
:10BD8000B0F8963005EB43030365D0F898304BB11B
:10BD9000B0F89C1005EB41011961B0F89E1005EB5D
:10BDA00041015961B0F8E4300699526801EB430350
:10BDB000C0F8B03090470AE7B2F85C2091469CE7A3
:10BDC0001F4805F005FD4AE695F8C6111EAA204653
:10BDD000FCF700FE00283FF4BFAEBDF87830032B1F
:10BDE000BDF87A3030D0054A00931349234600202D
:10BDF0001469144AA047AFE60DB03713E8000020DD
:10BE0000D0630108B463010803B137134865010822
:10BE1000F4740108247201080EB03713E0620108BF
:10BE2000F8620108407201080FB037137C62010804
:10BE300094620108047301083C6601085872010805
:10BE4000D871010878720108049A1769069AC3F339
:10BE50000013138097F8C43123B197F8C631581EE8
:10BE600043424341069A5380B7F8C831938007F59F
:10BE7000FD7C07F5E57306321C6858689968DD6833
:10BE8000D5601033634514605060916002F1100278
:10BE9000F2D1069AB7F8FA31D38607F5FE7402F1AB
:10BEA000380C07F50B7E20686168A268E368654678
:10BEB0000FC510347445AC46F5D1069AB7F82C324C
:10BEC000A2F8683007F22E236A3207F25E271C6858
:10BED00058689968DD68D5601033BB4214605060C3
:10BEE000916002F11002F2D1049AD488136990682B
:10BEF00093F8C6319188B4F5005F17D8013B18BF9D
:10BF000001231A03069B03EB41012346FCF7E0FDE6
:10BF100090B1002C3FF420AE0498F6F76FFB002898
:10BF20007FF4EEAD0B4805F053FCE9E50A4B0B4AF4
:10BF30001B690B4900209847074B0A4A1B690A49AD
:10BF40000020984708E6402302E7E06AFEF746FA39
:10BF50009AE500BFD8710108E8000020A47201082A
:10BF6000246C0108BC7201083C660108BD1B8F40AF
:10BF7000DB0F4940DB0FC94000000000F0EE6B0A08
:10BF8000B0EE480A0E9303F0AFFAF0EE4B0AF0EE73
:10BF900040BAB0EE480A03F0A7FAF0EE6A0AB0EE33
:10BFA00040BAB0EE480A03F09FFAF0EE4A0AF0EE0B
:10BFB00040AAB0EE480A03F097FAF0EE490AF0EE14
:10BFC00040DAB0EE480A03F08FFAF0EE680AB0EEFD
:10BFD00040DAB0EE480A03F087FA07EE909AB8EE1E
:10BFE00067FAB7EE00AAF1EECF5A09F1FF3212FB61
:10BFF00009F292B2CDE91368BB460A9415951EACBE
:10C000004E467AEE6AEA3AEE6D4A6EEEA57A1FED7A
:10C01000295ACDED0F7A07EE902AF8EE677AA9F14A
:10C020000302F1EEE74A93B23AEE4D7AC4EE247A77
:10C030005FED2F8ACDED107A07EE903AF8EE677A31
:10C04000002367EE857A0B93C7EE277A0E9B9F003D
:10C050001FED39EACDED117AF0EE40CACDED169A1A
:10C060008DED17CACDED185ABDF82C300E9A9A42B4
:10C0700040F250810023CDE91B33C4E900331FEDAA
:10C08000428ADDF828801D93A3601D4699469A4692
:10C09000B8F90010B8F902308A4499441BAA204626
:10C0A000B446AE46156842F8041B491B056840F8C3
:10C0B000043BA242A3EB0503F4D17546022D66466C
:10C0C0000DD907EE903AF8EEE70A07EE901AB8EEAF
:10C0D000E70A00EEA80A04F08DFB38EE008A01356D
:10C0E000ABB29E42B844D3D807EE90AAB8EEE77A36
:10C0F00007EE909AF8EEE77AC7EE0F9A0A9D4FF096
:10C10000000887EE8F9A5FED64FAB5F9023000EE11
:10C11000903AB5F9003000EE103AF8EEE00AB8EEC9
:10C12000C00A70EEC90A30EE690A00EEA80A04F0EF
:10C1300061FB08F101081FFA88F39E427FEE80FA46
:10C140003D44E2D8B0EE69CA09EE28CAF0EE490AC9
:10C15000B0EE4C0A04F04EFB9DED117ADBED004A87
:10C16000DDED0F6ADDED107A0C9B28EE078A3AEEC2
:10C170006B7A3AEE4B5A27EE007A0BEEA47ADBED9F
:10C18000014A8BED007A25EE005A0BEE245A6FEE31
:10C19000A77A37EE457A8BED015A9BED025AB0EE45
:10C1A000C77A2AEE855A07EE265A9BED037A8BED65
:10C1B000025A4DEE877AF0EE484ACBED037ADBED7A
:10C1C000047A4DEE274ACBED044A002B00F09C8008
:10C1D0000D9B1BB9CBED059A8BED069ADBED05FAAD
:10C1E0009BED068ACDED124AB0EE6F0AF0EE480ADA
:10C1F00008EE280A04F034FCF0EE490AF0EE407A2A
:10C20000B0EE4C0AB0EE67CA04F02AFC5FEDA76AF4
:10C21000DDED124A30EE667A77EE4C7AF0EEE77A90
:10C22000F4EECE7AF1EE10FA17D930EE287A77EEE6
:10C230004C7AF0EEE77AF4EECE7AF1EE10FA0CD901
:10C2400030EE267A77EE4C7AF0EEE77AF4EECE7A9C
:10C25000F1EE10FA88BFB0EE407A7CEE477A9BEDA3
:10C26000097A9BED074ACDED124AF0EEE77A2AEE05
:10C27000877A07EEAE7ADBED087A8BED097A29EE44
:10C28000AE0A69EE2E0A0AEE840A4AEEA70AF4EE16
:10C29000CA4AF1EE10FA8BED070ACBED080A36DD3B
:10C2A00000EEA80A8DED197A04F0A4FADDED187AF3
:10C2B000DDED124A20EE274AB1EE047AC4EE247A6C
:10C2C000F4EE477AF1EE10FAC8BFF0EE477A9DED32
:10C2D000197A27EE277A8BED0A7A3AEE6C7A69EEB4
:10C2E000877A29EE079A4CEEAF7A0CEE889ACBED5E
:10C2F000057A8BED069A0B9B01330B930A9B043353
:10C300000BF12C0B0A93AFE68BED0AAAF3E75FED76
:10C31000E67ADEE7159DDDED169AD5F85CA0D5F836
:10C3200054909DED17CA9FEDBC6A1346DDE9136872
:10C33000AA6D9B46D446D6465346F7EE006A17448C
:10C34000144649461046DA46B8421DD091ED047AAB
:10C35000B4EEE67AF1EE10FAF0EE467AC8BFC6EE19
:10C36000877A2BB191ED037A27EE277A8EED007A4A
:10C370002AB191ED027A67EE277AC0ED007A2C316E
:10C3800004300EF1040EDFE7534672B109F12809BB
:10C3900007E092ED007A59ED0B7A67EE877AE2ECCE
:10C3A000017ABA4209F12C09F3D19FED9B6ADDF8BD
:10C3B00020E04FF00009F0EE466A41464F464846FD
:10C3C0001AE0FCEC017AE1EC017AB4EC017AF4EECB
:10C3D000E67AF1EE10FAB4EEC67AC8BF1746C8BFC7
:10C3E000F0EE676AF1EE10FAD4BF4A46B0EE476A43
:10C3F000AEEC017A0130914682B29342E1D8F7EE79
:10C40000007A37EEE99A77EECC8A95ED108AD5ED71
:10C41000117A6B8929EE269A68EE868A09EE889A47
:10C420004CEE278AB0EE498A85ED109AC5ED118A47
:10C43000002B4AD0D5ED127AD5ED04AADFED760AAD
:10C4400078EEE77AF5EEC07AF1EE10FA48BFB5F86B
:10C450004C2007EE903A46BF013292B20022F8EE2D
:10C46000679A07EE902A29EEAABAB8EE670AA5F8ED
:10C470004C2030EE4B0A03F019F8B0EE40AA8AEED9
:10C480000B0A02F089FF88EE80BAD5ED098A85EDA6
:10C4900011BA2AEE280A80EE290A02F07DFFC8EEC2
:10C4A000807AF5EEC07AF1EE10FA40F3B1846AEECC
:10C4B000A7AABFEE000A80EE2A0A02F06DFFF0EE96
:10C4C000407AC5ED0F7A85ED12BA6B7B3BB1D5EDA5
:10C4D000057AB4EEE79AF1EE10FA00F39D84AA7B98
:10C4E000002A00F01E82D5ED117A95ED067AF4EE61
:10C4F000C77AF1EE10FA00F3A8849FED477A002284
:10C500002B6DCDF8A080591C14BF013300232B657F
:10C51000089B2993099B2A939DF8AE308DF89020B3
:10C520008DED258ACDED267A8DED277A002B00F052
:10C5300091800023C6F8CC30002386F8C83096F8E6
:10C5400038308DF88C3086F839309DF8AC301A9C34
:10C55000002B5DD19DF8AD30002B52D19DF8AE304F
:10C5600033BB9DF88C30079A9A4209D0013B032BCC
:10C5700006D8DFE803F015191102284805F028F95C
:10C580009DF88430002B40F0A9809DF88C300793F3
:10C59000F6F7EEFCFFF791BA214805F019F9EFE73D
:10C5A000204805F015F9EBE71F4805F011F9E7E71A
:10C5B0001E4805F00DF90498F6F798F8002800F0E9
:10C5C0008480069A049823462EA9F5F7A5FF002833
:10C5D0003FF44CAA164805F0FBF8039A3368D56877
:10C5E00023B1144A1968914200F06381124B134A37
:10C5F0001B69134900209847124805F0E9F8FFF736
:10C600002EBA114805F0E4F8104805F0E1F8A5E766
:10C610000F4805F0DDF89DE700000000C874010830
:10C62000AC7401087C740108947401081474010846
:10C630003874010801B13713E8000020BC68010814
:10C6400078640108547401089C730108CC730108D4
:10C6500064730108D6ED0F6A96F8C83096F8C210D8
:10C66000F7EE007A77EEE67A67EE877A002A40D016
:10C6700096ED0D6AB4EEC68AF1EE10FA00F34F8122
:10C68000B28C002B40F0B383002A00F09583032284
:10C6900086F8382089B396ED317A46EE877AC6ED72
:10C6A000317A96F838302D9C0022032B8DF88420A7
:10C6B00000F02D8142D8591E01293FF642AF86F87D
:10C6C000C8200022C6F8CC203BE7CE4805F080F811
:10C6D0009DF8AE30002B7FF45BAF42E7DDED227AB0
:10C6E000C948FCEEE77A17EE903A99B205F082F865
:10C6F0004BE7012286F8382021B9012286ED317AF4
:10C7000086F8C22096ED317A46EE877AC6ED317A08
:10C71000002BC6D096ED337AD6ED346A37EE677AC1
:10C72000B0EEC77AF4EEC76AF1EE10FAB9D500237D
:10C73000C6F8CC30002386F8C830B2E7042B7FF46B
:10C7400000AF96F83930042B70D0B38C308E13B311
:10C75000D6ED017A96ED337A96ED026A358A37EE98
:10C76000677AF6EE006AC7EE067A77EEA67AFCEEF6
:10C77000E77A17EE903A99B2A94238BF134601EB17
:10C78000050228BF4B1B02F1010228BF9BB2904259
:10C7900028BF104680B2F3600122C31A00259BB265
:10C7A00086F8D420182203FB02F27382B082294655
:10C7B000D6F88000C6F8D65086F8DA5004F08EFE1F
:10C7C000728AD6F884001201294604F087FE728A24
:10C7D000D6F890009200294604F080FE728AD6F8BE
:10C7E00094009200294604F079FE728AD6F89800E7
:10C7F0009200294604F072FE738AD6F89C00142237
:10C8000003FB02F2294604F069FE728AD6F8A00002
:10C810001201294604F062FE728D738AD6F8A400D4
:10C8200003FB02F22946920004F058FEF36F308EAB
:10C83000DFED7D5A718EB6F814E0B6F80CC008939F
:10C840001F4680001D461FFA8CF39E453ED9DFED42
:10C85000766AB0EE667AB1B104EB8C030022B3F9CC
:10C86000008007EE908AB3F90280F8EEE77A013291
:10C8700037EE277A07EE908AF8EEE77A914276EE65
:10C88000A76A0344EBD106EEA57A0CF1010C083738
:10C8900007EE901AF8EE677A86EEA76AC7EE276A67
:10C8A00007ED016AF0EE667A46EE257A47ED027AE8
:10C8B000C9E725B1554A2968914200F07F82544B5F
:10C8C000544A1B6954490020984795E60220D6F83F
:10C8D00080A0748A0246ACB1531E04FB03F304EB40
:10C8E000030C04FB02F20AEBC2020AEBC3030AEBDD
:10C8F000CC0C1F685968516008336345176002F11A
:10C900000802F6D10122904210D01046E3E796F8D3
:10C910003910032900F08D82A6F8C02011E602220A
:10C92000E8E69FED417AD5ED117AE9E5089A51469E
:10C93000002008E052F8087C52F8043C41F8043C1E
:10C94000013041F8087C83B29C4202F1080201F1F7
:10C950000801EFD8D6E9213703EBC402CDE909235A
:10C960009FED315A4FEAC40B91469846BE464FF0B0
:10C97000000C06F150011FFA8CF294423BD9D6ED1F
:10C98000147A98ED006A98ED017AD9ED005AF0EE2C
:10C99000456A47EEC66A06F144000AEBCC02B0EEE7
:10C9A000456A07EEC76AD6ED157A99ED017A47EE2A
:10C9B000E56A07EEC76AF0EC017A92ED007AD2EDF3
:10C9C000015A27EE877A67EEA57A884276EE876A63
:10C9D00036EE276A5A44EED146EE056A0CF1010C98
:10C9E00008F108088EED016ACEED006A09F1080928
:10C9F0000EF1080EBFE7DDE9092019464FF0000CE3
:10CA00001EE000BFF0710108E074010802B13713A5
:10CA1000E8000020946F010878640108DB0F4940AA
:10CA2000DB0F49C0DB0FC9400000000051F808ECE3
:10CA300051F8043C42F8043C0CF1010C42F808ECBB
:10CA40001FFA8CF3A34201F1080102F10802EDD3B1
:10CA50003A46002108E052F808CC52F8043C40F86D
:10CA6000043C013140F808CC8BB2A34202F1080229
:10CA700000F10800EFD3D6F88CA04FF0000817E0C3
:10CA800017ED027A57ED017A15ED020A55ED010A0C
:10CA900030EE470A70EEE70A05ED020A45ED010A9D
:10CAA00003F0DEFF0AEB880383ED000A08F10108BA
:10CAB0001FFA88F3A34205F1080507F10807DFD341
:10CAC00096F8D4300BB3DDF820805746002514E0EB
:10CAD000D6F8903057F8042B03EB85031A6008EB67
:10CAE000C50393ED000AD3ED010A03F083FED6F8E7
:10CAF00094304B44013583ED000AABB2A3424FEAB8
:10CB00008509E5D3002386F8D430DDF82080F7EEE0
:10CB1000008A002516E096ED108AD6F8947093ED01
:10CB2000000AD3ED010A03F065FE07EB850778EEF6
:10CB3000C87A97ED007A67EE807A48EE077A013579
:10CB4000C7ED007AAAB2A24208EBC503E3D35FEDBA
:10CB50004D6A5FED4D5A1FED4D6AD6F89820D646C6
:10CB60005746002009E077EEC67A134493ED007A29
:10CB700077EE277A0130C3ED007A83B2A3424FEA01
:10CB8000800318D2D6F89010F7EC017A01EB8001FF
:10CB900091ED007AC1ED007A77EEC77AF4EEE67A8D
:10CBA000F1EE10FADFDCF4EEE57AF1EE10FA48BFB0
:10CBB00077EE867AD9E7D6F89C1008916FF00300DB
:10CBC0000C2303FB04F304FB00F00993CF1801EBE3
:10CBD000041C434204254CB1A7EB0009E04639464A
:10CBE000F1EC017A4945E8EC017AF9D1013DADB2A9
:10CBF00007448444002DEED1089D171A03E052F833
:10CC0000041B45F8041B9742F9D1CDE90AEBD6F88D
:10CC1000A0901FED7B6ADDF820B055464FF000086C
:10CC200006F16C0706F17C0C1FFA88F294422BD9AE
:10CC30005FED837A85ED006ABE464FEA880209EB14
:10CC40008801D1ED006ABEEC017A27EE267AF44520
:10CC500077EEC77AA1EB0001C5ED007AF1D15A4415
:10CC600006F15801D2ED006AB1EC017A27EE267A7E
:10CC70008F4277EE877AA2EB0002C5ED007AF1D100
:10CC800008F101080435CFE7DDE90AEB099A09EB61
:10CC90000B0C09EB020803224CB1ACEB0007454634
:10CCA0006146F1EC017AB942E5EC017AF9D1013A39
:10CCB00092B284448044002AEED1AAEB000051468F
:10CCC00003E051F8045B49F8045B8142F9D1D6F8DE
:10CCD000A470718D4FF00109494517D98CB104FB3F
:10CCE00009F504EB050A09F1FF3C03FB0C7C07EB9B
:10CCF000850507EB8A0A55F8048B4CF8048BAA4586
:10CD0000F9D109F101091FFA89F9E5E74D1E03FB85
:10CD1000057503E05EF804CB45F804CB8645F9D1F0
:10CD2000B6F8D600B6F8D850814235BF01200130A0
:10CD300086F8DA00A6F8D600B6F8DC00081AA84291
:10CD400033DC96F8DA004FF00009A6F8D89078B3F3
:10CD50001FEDCBAAD6F8ACC0C8461FFA88F08142B6
:10CD600075D94FEA880A07EB890E002016E0D6F83D
:10CD7000A8505544D5ED007AAEEB0705BEEC017A1C
:10CD800067EE877A6544C5ED007AD6F8945005EBD6
:10CD90008005D5ED007A3AEE27AA013085B2AC4283
:10CDA000E5D808F10108A144D7E70135A6F8D85025
:10CDB00096F83830FFF7C5BB04229BE495F8612054
:10CDC000002A40F08D830094296C069B04982EAABB
:10CDD000F8F77EFE00283FF40FAC0498F5F70EFC40
:10CDE00000287FF475AC9D4804F0F2FC70E4002A42
:10CDF000E2D0F08CB6F8C0209042DDD900293FF493
:10CE00007CAC96ED317A46EE877AC6ED317A81E4D4
:10CE1000DFED947AFFF755BB39466868FBF7C2F936
:10CE200095ED108AD5ED117AB0EE407A0122FFF728
:10CE300067BBB6F8C020C6ED337A0132A6F8C02031
:10CE4000012286F8C820FFF77CBB4946E5E763442A
:10CE500009980993B38DD6F8B0509FED828ADFED23
:10CE6000809A15966044013B0A904FF0010998B2F0
:10CE700009FA00F904FA03F30E9005EBC3001FFA58
:10CE800089F3013BC9F34E0A0BFB03F3149304FB34
:10CE90000AF305EBC3030C930CEB0B0305EB0B0739
:10CEA0000B932B1D0D9708931097B7EE009AF6EE93
:10CEB000008A1FFA89F9A8460F91F0EE4AFA1695F2
:10CEC0006346574617923BE00F9A002A00F03982DA
:10CED000012A93ED000A00F02C83099AD2ED000A92
:10CEE000F7EE001A00EE880ACDE91130B0EE611AB3
:10CEF000F1EE600A03F0E4FF089B03ED010ADDE9AF
:10CF00001130C8ED010A0C9A08320C920D9A0832C1
:10CF10000D920B9A04320B920A9A04320A92099AE1
:10CF200004320992089A08320892D8F80420026064
:10CF300080ED018A043388ED018A083008F1080881
:10CF4000109A424500F047820E9A002ABCD00E9AF1
:10CF5000012A00F0FB810026DDF820C00F99B646BB
:10CF60001FFA8EF2914577D9964254D9520092B267
:10CF7000914288BF04FB02F502F1010288BF03EB76
:10CF8000850592B28CBFD5ED007AF0EE487A9142D9
:10CF900082BF624303EB8202D2ED006A4FEA46028F
:10CFA00092B298BFF0EE486A914288BF04FB02F546
:10CFB00002F1010292B286BF03EB850595ED007A7E
:10CFC000B0EE487A914283BF624303EB820292ED56
:10CFD000006AB0EE486A46EE887A04FB06F208EB77
:10CFE000C20206EE087A8CED006A0CED017AC2ED01
:10CFF000007AC2ED016A3E423A4607D026EA0206AE
:10D00000520806EA0205ADB2002DF7D116430EF123
:10D01000010EDC44A4E7EED1720092B2914288BFC7
:10D0200004FB02F502F1010292B286BF03EB850513
:10D03000D5ED007AF0EE487A914283BF624303EB6C
:10D04000820292ED007AB0EE487A47EE087A8CEDD3
:10D05000007A4CED017ACEE7002255E0D871010844
:10D06000000000800000000002FB0BB6464495ED76
:10D07000007AD5ED017A96ED006AD6ED016A02F1EB
:10D08000020CD51C0BFB0C8C0BFB058595ED003AB7
:10D09000DCED013A36EE075A37EE467A9CED006A2F
:10D0A00076EEA75A77EEE67AD5ED016A36EE434A78
:10D0B00073EEE64A44EE484A02FB0B8E043236EE2B
:10D0C000036A76EEA36A36EE053A76EEA53A35EEB9
:10D0D000465A75EEE65A37EE246A77EEC46A37EEA2
:10D0E000647A77EE847A8EED003ACEED013A92B210
:10D0F0008CED005ACCED015A86ED006AC6ED016A4E
:10D1000085ED007AC5ED017A04FB02F5914508EB47
:10D11000C505A9D8042611973546F0EE69BABFEEC9
:10D1200000BA4F4612901E46AF4272D97BEE89AAD2
:10D13000F0EE4B0AB0EE6A0A03F05CFB6900CAEE3F
:10D1400080BA1FFA81F98BEE00BA002D5FD04FF044
:10D15000000AF0EE48AAB7EE00AA1FFA8AF18F4241
:10D160003AD96A1804FB02F208EBC20292ED000AF7
:10D17000D2ED010A2AEE007A2AEEA06A6AEE207A3F
:10D180006AEE806A37EE467A77EEA67AF4EE477A50
:10D19000F1EE10FA80F1BE8101FB04F308EBC3034A
:10D1A00093ED016AD3ED006A36EE676A76EEC76AE0
:10D1B00082ED016AC2ED006A93ED016AD3ED006A67
:10D1C000494477EE867A36EE877A89B28F4283EDCC
:10D1D000007AC3ED017AC4D86BEE8A7A2BEE2A6A04
:10D1E0002BEE0A7A6BEEAA6A77EEC67A37EE267ACB
:10D1F000B4EE677AF1EE10FA80F19E810AF1010A2D
:10D20000554504D0F0EE47AAB0EE67AAA5E74D4613
:10D210008AE7B946DDE911703346D8ED010A089D69
:10D22000F7EE001A15ED010AB0EE611AF1EE600A90
:10D23000CDE9123003F044FE129B139805ED010A6C
:10D24000002511940E9EC8ED010A2C46F0EE48DA36
:10D25000B7EE00DA9A46054609E07DEE89AAB0EEFF
:10D260006A0A03F0C7FACAEE80DA8DEE00DA0134FA
:10D27000A2B29642F0EE4D0AEFD8149A53462846D1
:10D280004FF0000A0BEB080602EB08055C46B0EE17
:10D2900048CAC346F6EE00BAD04612909A4635E028
:10D2A00003F00EFED6ED01CA95ED01FAD6ED00EAC7
:10D2B00095ED00EAB0EE40CAF0EE60BA3CEECFBAAF
:10D2C000F1EE6C0A7EEE8EAA70EECF0A3EEECE0A2A
:10D2D000F0EE6B1AB0EE4C1A03F0F2FD2BEE28BA0A
:10D2E0006AEEA8AAB1EE4B7A7AEE806A3BEE60BA9B
:10D2F0007AEEC0AA77EE607AC6ED006A86ED01BAD2
:10D30000C5ED00AAC5ED017A26442D1B08F10108E0
:10D310001FFA88F18F42F0EE6B1AB0EE4C1AF0EE65
:10D320004D0AB0EE6D0ABBD80C9A1298D2ED017A74
:10D33000F1EE677AD8465346A346C2ED017A119CB6
:10D34000E1E5B0EE480AF0EE480AC9E50F9A002A76
:10D3500000F0CA80012AD3ED006A00F0C780099965
:10D360001FEDC07AD1ED007A022A47EE876A00F0FD
:10D37000F8800B99032AD1ED005A02D00A9A92ED57
:10D38000007A1FEDC86A089A47EE065A77EE277AA8
:10D3900035EEA67A02ED017A099AC8ED017AD2ED4E
:10D3A000006A0B9AD3ED007AD2ED005A0F9A032A45
:10D3B00046EE867A00F0CF800A9A92ED007A0D9AB6
:10D3C00047EE085A76EEC76A77EEE57AC2ED016A53
:10D3D000C2ED007A21E7159EDDE91652B6F8B410C9
:10D3E000D6F8B8B04FF0000ACDE90852D1465546FC
:10D3F000B0EE6FAAB2460E46ABB29E4223D9089B4E
:10D400009FED618A03EBC908002710E098ED000A40
:10D41000D8ED010A03F0EEF9DAF8943003EB870354
:10D42000D3ED007A00EE278A08F108080137BBB275
:10D430009C42EBD8C8EE0A7A0BEB8503A144013578
:10D44000C3ED007AD8E758463146099AB0EC017A24
:10D45000564601230DE0F0EC017AF4EEC77AF1EEC6
:10D4600010FAD4BFF0EE477A1A460133B0EE677A6D
:10D470009BB29942EFD8002A3FF49AAC07EE902A6B
:10D4800002F18042013A0BEB820BB8EE675ADBEDFA
:10D49000007ADBED015ADBED026A37EEA77AB1EED6
:10D4A000006A05EEC67A01238DF8843036EEA66A4E
:10D4B00077EEE66A37EE067AD6ED2F5ADFED327A4E
:10D4C00096F8383086EE876ADFED306A36EE057AF8
:10D4D00047EE257A67EEA67ACDED227AFFF731B8CE
:10D4E000D86AFCF77BFF6EE4DFED276ADFED267A72
:10D4F000089A76EEA76A42ED016A0F9AC8ED017AA2
:10D5000062BB9FED217A77EE877AF0EE476AF0EE04
:10D51000475A54E7F0EE6A1AB0EE4A1A189113927D
:10D5200003F0CEFC1899139AB0EE407AF0EE607AD0
:10D5300032E6DFED150AD3E4F0EE6A1AB0EE4A1ACD
:10D54000F0EE4B0AB0EE6B0A03F0BAFCF0EE407A54
:10D55000B0EE607A52E6B0EE467A30E7D3ED007A6C
:10D56000CFE776EE876A089A77EE877A42ED016A0E
:10D57000099AC8ED017AD2ED006AD3ED007AF0EE97
:10D58000475A46EE877A1AE7000000000000704212
:10D5900090F84130026803F02803282B05D00821B9
:10D5A0000023D16180F840307047C1689369022937
:10D5B00030B494699368D56812D1C3F3C21383EA77
:10D5C000144313F006030BD1816C01318164816C2B
:10D5D00002290CD108218364D16180F8403006E033
:10D5E0001368002123F0B803136080F8401030BCAA
:10D5F000704700BF2DE9F04F89B00493002900F077
:10D60000888002F003077D1EC2F300130295DFF845
:10D61000D0B1704C059302F4403500234FF001085F
:10D6200003959246019708FA03FC1CEA01066CD0A8
:10D63000029F5A0003259540012F6FEA05056BD91B
:10D64000019F032F40F0BA80D0F800C0019F0CEA80
:10D65000050C07FA02F242EA0C020260039A002A61
:10D6600053D0DBF8602042F00102CBF86020DBF8F9
:10D67000602023F0030505F1804502F0010205F565
:10D680008035079203F0030C079AD5F808E04FEABB
:10D690008C0C0F2202FA0CF2B0F1904F2EEA02022B
:10D6A00015D04D4FB8427BD04C4FB8427FD0DFF8F9
:10D6B00034E170456DD0DFF830E170450CBF4FF0BC
:10D6C000040E4FF0070E0EFA0CFE42EA0E02AA609C
:10D6D000A268F5431AF4801F0CBF2A403243A260AF
:10D6E000E2681AF4001F0CBF2A403243E26062680D
:10D6F0001AF4003F0CBF2A403243626022681AF4D9
:10D70000803F0CBF2A4032432260013331FA03F2DA
:10D7100089D109B0BDE8F08FD0F80890129F09EACE
:10D72000050907FA02FE4EEA090EC0F808E0D0F833
:10D7300004E0059F2EEA0C0E07FA03FC4CEA0E0CDF
:10D74000C0F804C0049FD0F80CE007FA02FC019F67
:10D750000EEA050E4CEA0E0C022FC0F80CC07FF446
:10D7600073AF4FEAD30900EB890903F0070CD9F82E
:10D7700020704FEA8C0C4FF00F0E0EFA0CFE27EAC9
:10D780000E0E139F07FA0CFC4CEA0E0CC9F820C0D1
:10D790005AE74FF0030E0EFA0CFE42EA0E0296E72D
:10D7A0004FF0010E0EFA0CFE42EA0E028FE74FF028
:10D7B000020E0EFA0CFE42EA0E0288E7D0F80CE0E8
:10D7C000049F0EEA050E07FA02FC4CEA0E0CC0F8A4
:10D7D0000CC039E70004014000040048000800487C
:10D7E00000100240000C00480010004870B5444D85
:10D7F00095F841302C689CB0002B46D0242385F846
:10D80000413022686B6822F0010223F070632260CD
:10D810002361A368EA6823F40043012AA360AB688C
:10D8200009D043F40443022AA36007D1636843F498
:10D830000063636006E043F40043A360636823F47D
:10D840000063636062682B6942F0007242F4004238
:10D8500062606A69E1681343AA6921F4004143EAFE
:10D860000223EA69E160E3602B6A134323602368C3
:10D8700043F00103236000202023686485F84130D1
:10D88000286385F842001CB070BD03F0FF015C22E4
:10D8900005A885F8401003F021FE1A4B9C42ADD13B
:10D8A000802305A80593F4F767FF064630BB164CA6
:10D8B0001648E36C43F00203E364E36C042203F0D4
:10D8C000020304930192032204990092012312227D
:10D8D0004FF44061FFF78EFEA36D43F48003A36510
:10D8E000A36D03F48003039321203146039BFDF7CE
:10D8F00001FD074B02225A602C687FE7F4F736FCE3
:10D900004802002000580040001002400004004877
:10D9100000E100E02DE9F04F5D4C666A85B0002E15
:10D9200055D16368B3F5827F00D0E66194F85D203D
:10D9300025680023A36202F0FF07002A51D00223CA
:10D9400084F85D302B68E26823F04003B2F5E06FA5
:10D950002B6040D84FF4805101D00023A36263684C
:10D9600002F4706CA26803F4827302F4044213435D
:10D97000226902F002021343626902F001021343BA
:10D98000626B06F0100E02F00800D4E9062640EAA9
:10D990000E0006F0380E266A40EA0C0006F0800CF5
:10D9A00002F40076334343EA0E03120C43EA0C03FD
:10D9B00002F004022B6040EA02030B436B6000207C
:10D9C0000123206684F85D3005B0BDE8F08F0023A8
:10D9D000C4E90433AAE7B2F5706F4FF00001BED07E
:10D9E000BBE72C4B84F85C709D42A8D103F56043E3
:10D9F00005211A6EDFF8AC8042F480521A661A6E66
:10DA000002F480520392039ADA6C42F00102DA6463
:10DA1000DB6C019103F001030293029B032300934B
:10DA200002223B46E0214FF09040FFF7E3FD1A4908
:10DA3000012340464FF0800B4FF4807A4FF4806909
:10DA4000C8E90013C8E90277C8E90777C8E904BA4A
:10DA5000C8F81890FDF7ACFB0123B8B90F4FC4F814
:10DA600058807B600E4BF860C7E907003B60384682
:10DA70001023C7E904BAC8F82840C7F81890BB605B
:10DA8000FDF796FB10B96765BC6258E7F4F76EFBCB
:10DA900080000020003001401C0002407001002086
:10DAA000300002402801002000284BD0026826499F
:10DAB00013688A4223F0010310B4136027D9234B63
:10DAC00023491344A1FB03131B09224901649B0052
:10DAD00000244364146003F01C0301229A401E4C8E
:10DAE0004A60D4F8A8240F2101FA03F322EA0303C1
:10DAF000C4F8A8340023C363C0E90B33C0E90D3375
:10DB00005DF8044B80F8253080F824307047134BC3
:10DB10000F491344A1FB03131B090F4901649B0028
:10DB200000244364146003F01C0301229A404A60FD
:10DB3000D1F8A8200F2404FA03F322EA0303C1F862
:10DB4000A830D7E7704700BF07040240F8FBFDBFCD
:10DB5000CDCCCCCC0004024000000240F8FFFDBF59
:10DB600081F0004102E000BF83F0004330B54FEA8E
:10DB700041044FEA430594EA050F08BF90EA020FFB
:10DB80001FBF54EA000C55EA020C7FEA645C7FEA8E
:10DB9000655C00F0E2804FEA5454D4EB5555B8BFB1
:10DBA0006D420CDD2C4480EA020281EA030382EA22
:10DBB000000083EA010180EA020281EA0303362DB4
:10DBC00088BF30BD11F0004F4FEA01314FF4801C87
:10DBD0004CEA113102D0404261EB410113F0004F99
:10DBE0004FEA03334CEA133302D0524263EB430350
:10DBF00094EA050F00F0A780A4F10104D5F1200EEE
:10DC00000DDB02FA0EFC22FA05F2801841F1000148
:10DC100003FA0EF2801843FA05F359410EE0A5F11C
:10DC200020050EF1200E012A03FA0EFC28BF4CF04D
:10DC3000020C43FA05F3C01851EBE37101F0004503
:10DC400007D54FF0000EDCF1000C7EEB00006EEB10
:10DC50000101B1F5801F1BD3B1F5001F0CD349089A
:10DC60005FEA30004FEA3C0C04F101044FEA4452F1
:10DC700012F5800F80F09A80BCF1004F08BF5FEA78
:10DC8000500C50F1000041EB045141EA050130BD58
:10DC90005FEA4C0C404141EB0101013C28BFB1F56A
:10DCA000801FE9D291F0000F04BF01460020B1FAB5
:10DCB00081F308BF2033A3F10B03B3F120020CDA88
:10DCC0000C3208DD02F1140CC2F10C0201FA0CF066
:10DCD00021FA02F10CE002F11402D8BFC2F1200CCB
:10DCE00001FA02F120FA0CFCDCBF41EA0C01904081
:10DCF000E41AA2BF01EB0451294330BD6FEA0404CA
:10DD00001F3C1CDA0C340EDC04F11404C4F12002B4
:10DD100020FA04F001FA02F340EA030021FA04F3C6
:10DD200045EA030130BDC4F10C04C4F1200220FA1D
:10DD300002F001FA04F340EA0300294630BD21FA5B
:10DD400004F0294630BD94F0000F83F4801306BF21
:10DD500081F480110134013D4EE77FEA645C18BF15
:10DD60007FEA655C29D094EA050F08BF90EA020FAC
:10DD700005D054EA000C04BF1946104630BD91EAA4
:10DD8000030F1EBF0021002030BD5FEA545C05D1A7
:10DD90004000494128BF41F0004130BD14F58004E6
:10DDA0003CBF01F5801130BD01F0004545F0FE415A
:10DDB00041F470014FF0000030BD7FEA645C1ABF8F
:10DDC000194610467FEA655C1CBF0B46024650EAC6
:10DDD000013406BF52EA033591EA030F41F40021F2
:10DDE00030BD00BF90F0000F04BF0021704730B578
:10DDF0004FF4806404F132044FF000054FF000014D
:10DE000050E700BF90F0000F04BF0021704730B50D
:10DE10004FF4806404F1320410F0004548BF4042E2
:10DE20004FF000013EE700BF42004FEAE2014FEA37
:10DE300031014FEA02701FBF12F07F4393F07F4F12
:10DE400081F06051704732F07F4208BF704793F015
:10DE50007F4F04BF41F40021704730B54FF4607428
:10DE600001F0004521F000411CE700BF50EA01022B
:10DE700008BF704730B54FF000050AE050EA0102D4
:10DE800008BF704730B511F0004502D5404261EB44
:10DE900041014FF4806404F132045FEA915C3FF485
:10DEA000D8AE4FF003025FEADC0C18BF03325FEA22
:10DEB000DC0C18BF033202EBDC02C2F1200300FAD3
:10DEC00003FC20FA02F001FA03FE40EA0E0021FAF8
:10DED00002F11444BDE600BF70B54FF0FF0C4CF4E6
:10DEE000E06C1CEA11541DBF1CEA135594EA0C0F98
:10DEF00095EA0C0F00F0DEF82C4481EA030621EAD3
:10DF00004C5123EA4C5350EA013518BF52EA03350D
:10DF100041F4801143F4801338D0A0FB02CE4FF0BF
:10DF20000005E1FB02E506F00042E0FB03E54FF0EF
:10DF30000006E1FB03569CF0000F18BF4EF0010EE7
:10DF4000A4F1FF04B6F5007F64F5407404D25FEAE3
:10DF50004E0E6D4146EB060642EAC62141EA555196
:10DF60004FEAC52040EA5E504FEACE2EB4F1FD0CD8
:10DF700088BFBCF5E06F1ED8BEF1004F08BF5FEA56
:10DF8000500E50F1000041EB045170BD06F0004608
:10DF900046EA010140EA020081EA0301B4EB5C04B5
:10DFA000C2BFD4EB0C0541EA045170BD41F48011AD
:10DFB0004FF0000E013C00F3AB8014F1360FDEBFD2
:10DFC000002001F0004170BDC4F10004203C35DAAE
:10DFD0000C341BDC04F11404C4F1200500FA05F331
:10DFE00020FA04F001FA05F240EA020001F00042D2
:10DFF00021F0004110EBD37021FA04F642EB060148
:10E000005EEA430E08BF20EAD37070BDC4F10C0471
:10E01000C4F1200500FA04F320FA05F001FA04F235
:10E0200040EA020001F0004110EBD37041F1000121
:10E030005EEA430E08BF20EAD37070BDC4F120052C
:10E0400000FA05F24EEA020E20FA04F301FA05F294
:10E0500043EA020321FA04F001F0004121FA04F23C
:10E0600020EA020000EBD3705EEA430E08BF20EA0C
:10E07000D37070BD94F0000F0FD101F00046400046
:10E0800041EB010111F4801F08BF013CF7D041EAC8
:10E09000060195F0000F18BF704703F000465200CC
:10E0A00043EB030313F4801F08BF013DF7D043EA9D
:10E0B0000603704794EA0C0F0CEA135518BF95EA53
:10E0C0000C0F0CD050EA410618BF52EA4306D1D1DA
:10E0D00081EA030101F000414FF0000070BD50EAF9
:10E0E000410606BF1046194652EA430619D094EA83
:10E0F0000C0F02D150EA013613D195EA0C0F05D16D
:10E1000052EA03361CBF104619460AD181EA0301C0
:10E1100001F0004141F0FE4141F470014FF0000078
:10E1200070BD41F0FE4141F4780170BD70B54FF013
:10E13000FF0C4CF4E06C1CEA11541DBF1CEA135593
:10E1400094EA0C0F95EA0C0F00F0A7F8A4EB050475
:10E1500081EA030E52EA03354FEA013100F088806C
:10E160004FEA03334FF0805545EA131343EA126335
:10E170004FEA022245EA111545EA10654FEA0026EA
:10E180000EF000419D4208BF964244F1FD0404F5A3
:10E19000407402D25B084FEA3202B61A65EB0305FF
:10E1A0005B084FEA32024FF480104FF4002CB6EBBC
:10E1B000020E75EB030E22BFB61A754640EA0C003C
:10E1C0005B084FEA3202B6EB020E75EB030E22BF7C
:10E1D000B61A754640EA5C005B084FEA3202B6EBBD
:10E1E000020E75EB030E22BFB61A754640EA9C007C
:10E1F0005B084FEA3202B6EB020E75EB030E22BF4C
:10E20000B61A754640EADC0055EA060E18D04FEA09
:10E21000051545EA16754FEA06164FEAC30343EAA9
:10E2200052734FEAC2025FEA1C1CC0D111F4801F76
:10E230000BD141EA00014FF000004FF0004CB6E76F
:10E2400011F4801F04BF01430020B4F1FD0C88BF0E
:10E25000BCF5E06F3FF6AFAEB5EB030C04BFB6EB19
:10E26000020C5FEA500C50F1000041EB045170BD0C
:10E270000EF0004E4EEA113114EB5C04C2BFD4EB39
:10E280000C0541EA045170BD41F480114FF0000EBD
:10E29000013C90E645EA060E8DE60CEA135594EA39
:10E2A0000C0F08BF95EA0C0F3FF43BAF94EA0C0F3C
:10E2B0000AD150EA01347FF434AF95EA0C0F7FF4B1
:10E2C00025AF104619462CE795EA0C0F06D152EA05
:10E2D00003353FF4FDAE1046194622E750EA4106E9
:10E2E00018BF52EA43067FF4C5AE50EA41047FF4FA
:10E2F0000DAF52EA43057FF4EBAE12E74FEA41025D
:10E30000B2F1E04324BFB3F5001CDCF1FE5C0DD993
:10E3100001F0004C4FEAC0024CEA5070B2F1004FDD
:10E3200040EB830008BF20F00100704711F0804FE0
:10E3300021D113F13872BCBF01F00040704741F4A5
:10E3400080114FEA5252C2F11802C2F1200C10FAA9
:10E350000CF320FA02F018BF40F001004FEAC1238D
:10E360004FEAD32303FA0CFC40EA0C0023FA02F331
:10E370004FEA4303CCE77FEA625307D150EA013307
:10E380001EBF4FF0FE4040F44000704701F00040D7
:10E3900040F0FE4040F40000704700BF53B94AB956
:10E3A000002908BF00281CBF4FF0FF314FF0FF309D
:10E3B00000F00CB8ADF1080C6DE904CE02F006FFD8
:10E3C000DDF804E0DDE9022304B07047704700BFC8
:10E3D0004A0011D212F5001211D20DD56FF47873E4
:10E3E000B3EB62520ED44FEAC12343F0004343EA39
:10E3F000505323FA02F070474FF00000704750EA84
:10E40000013002D14FF0FF3070474FF000007047ED
:10E41000034613F8012B002AFBD1181A0138704764
:10E420000348044B834202D0034B03B118477047A3
:10E430007800002078000020000000000548064B0E
:10E440001B1AD90F01EBA301491002D0034B03B1F2
:10E450001847704778000020780000200000000076
:10E4600010B5064C237843B9FFF7DAFF044B13B11C
:10E470000448AFF300800123237010BD8004002006
:10E48000000000001023010808B5054B1BB1054929
:10E490000548AFF30080BDE80840FFF7CFBF00BFDD
:10E4A0000000000084040020102301081B491C4BBD
:10E4B000CA682DE980484FF6FF0002401343C1B0FF
:10E4C0000F20CB60F3F72AF8002800F064820021C7
:10E4D000442218A803F002F80023CDE90833CDE95F
:10E4E0000A3310490C930B6803F4C063B3F5007F43
:10E4F00029D00B680C4A23F4C06343F400730B600B
:10E5000013684A693220570500FB03F30748B3FB41
:10E51000F0F303F1010311D50BE000BF00ED00E0C3
:10E520000003FA05007000400000002040420F0088
:10E5300023B14A69560503F1FF33F9D4B94B5B693E
:10E540005D0500F1C6810A23189325934FF010084A
:10E550004FF48073CDE91B3802260723012718A842
:10E560002693CDE92266CDE927661D972497F2F719
:10E57000FFFF0346002840F0AC81CDE90A330C933D
:10E5800008A80F234FF003090421CDE90839F3F758
:10E59000C9FA0446002840F09C81A34DDFF8ACA2E4
:10E5A000EB6C3343EB64EB6C33400593059BEB6CF6
:10E5B00043F08003EB64EB6C03F080030493049B53
:10E5C000EB6C3B43EB64EB6C3B4003934FF0904BA5
:10E5D000039B41F20123CAF828304FF48812CBF88C
:10E5E00028803346CDE9000008215046FFF702F8A5
:10E5F00033462246CDE900448C480921FEF7FAFF54
:10E6000033465846CDE900444FF444124FF40061BC
:10E61000FEF7F0FF23463A465046CDE9009441F21A
:10E620000121FEF7E7FF5046334622463146CDE949
:10E630000094FEF7DFFF334658463A464146CDE99F
:10E640000094FEF7D7FF21460920FCF753FEDFF8C0
:10E6500000924FF40076C9F8006028202146FCF7AC
:10E6600049FE4FF48073C9F80430AB6C3B43AB6494
:10E67000AB6C3B40029321460C20029BFCF73AFE18
:10E680004FF48053C9F800300D202146FCF732FECC
:10E690004FF40053C9F8003040462146FCF72AFEEB
:10E6A0004FF48033C9F8003011202146FCF722FED8
:10E6B0004FF40033C9F800305D4DC5E98D44C5E91C
:10E6C0009244C5F83C42C5F850425A4C4FF4E133ED
:10E6D000C5E98B4305F50B700C244FF44073C5E975
:10E6E0009043F4F7A1F9002840F0F3800723524A41
:10E6F0006B630823C5E90E034FF48273C5E9022357
:10E700004FF47063C5E90600C5E90900C5E90B00CF
:10E710002E6228616B61FFF7FDF8002840F0D98078
:10E720004649474BC5F8F001C5E97413A423C5E970
:10E730007637C5E97800C5E97A00FFF757F8024651
:10E74000002840F0C68095F81132202BDEB240F050
:10E75000C08095F81032BB4200F0BB80D5F8D031B4
:10E76000242085F81102196821F001011960196847
:10E7700021F48051196019681960196839431960CA
:10E7800085F8116295F8111285F810222029CEB271
:10E7900040F09F8085F81102196821F0010119608D
:10E7A000196821F470611960196839431960254BA3
:10E7B000C5F8B43205F52D704FF46123C5E9B242B6
:10E7C000C5E9AE32C5E9B022C5E9B42285F81162C7
:10E7D00085F81022C5F8D822F4F726F90446002857
:10E7E00077D12C2201460DA802F078FE164AC5F812
:10E7F000A4401F23C5F8903095F8A930C5E922241C
:10E8000040F2E732C5E92524C5E92744002B00F092
:10E8100098800D4B022285F8A920DA68D2065AD5D5
:10E8200018E000BF0070004000100240001C0048CB
:10E8300078000020004400400030014000580040B3
:10E84000E49CD1100038014000280040000400483A
:10E8500000E100E095F8A8300124A34285F8A94022
:10E8600037D0D5F8883085F8A8404FF00209CA277C
:10E87000532685F8A9905F625E62FCF77FFBD5F8AE
:10E88000883008BB9A6818609A6822F480229A60DF
:10E890009A689A60FCF798FBD5F888304FF0FF082B
:10E8A000C3F8248090B985F8A94085F8A9905F62E3
:10E8B0005E6285F8A840FCF761FB00287FD0D5F8A0
:10E8C0008830C3F8248001E0FF225A62002385F8D3
:10E8D000A830F3F74BFCCA21532259625A62FCF765
:10E8E0004DFBC8B9D5E922329968D5F8980021F4D2
:10E8F000E00121F0400199600243D5F8A000996839
:10E9000002430A43D5F894109A6019611A69D5F840
:10E91000901042EA01421A61FCF756FBD5F88830A4
:10E92000002877D1D96CD5F8A420D5F89C0021F027
:10E930000301D964D96C02430A43FF21DA645962A6
:10E9400088E7002154222AA885F8A8104FF4007700
:10E9500002F0C4FD4FF4003329A829933F97F3F741
:10E960000BFF04460028B4D12C4AD2F8903043F46F
:10E9700000430146C2F890300320FCF7BBFC08239B
:10E98000C9F8003029202146FCF7B4FCC9F804700E
:10E99000D5F888303EE7214B1A6E42F001021A6624
:10E9A0001A6E02F001020792079A9A6D42F08052A5
:10E9B0009A659B6D03F080530693069B87E5D5F817
:10E9C000883042F201125A60FCF7FEFAD5F888202E
:10E9D0000346C2F8248000287FF478AF4FF4807299
:10E9E0000DA8CDE91033CDE9143385F8A94085F899
:10E9F000A830ADF834308DF836300E9312938DF880
:10EA000058401792FCF708FB00287FF462AFFCF730
:10EA1000E9FDFEE7FF225A62F3F7A8FB001002406F
:10EA200010B54FF6FF731446024892B2F4F7FCFE9D
:10EA3000204610BD2C030020DFF834D0F3F768FC2B
:10EA40000C480D490D4A002302E0D458C450043349
:10EA5000C4188C42F9D30A4A0A4C002301E013601F
:10EA60000432A242FBD302F015FDFFF71FFDFEE7C3
:10EA7000000001200000002078000020207A01081A
:10EA800078000020E8050020FEE700000C490D4A50
:10EA90000B6810B50C4C121B2BB11844904207D8D0
:10EAA0000860184610BD094B0B6018449042F7D916
:10EAB00002F0EAFC0C2303604FF0FF33184610BD50
:10EAC0009C0400200000012000140000E805002044
:10EAD00008B52DED028BB0EE408A01F05DF8B4EE82
:10EAE000488AF1EE10FA0FD6B5EEC08AF1EE10FAB0
:10EAF0000AD8B5EE408AF1EE10FA08D102F0C4FC53
:10EB000022239FED090A0360BDEC028B08BD02F0D1
:10EB1000BBFCBDEC028B034621221A600348BDE812
:10EB2000084000F059B900BF000080FF34740108AC
:10EB300008B52DED048BB0EE608AB0EE409A01F07E
:10EB40008DF8B4EE488AF1EE10FAF0EE408A0BD65A
:10EB5000B5EE409AF1EE10FA17D1B5EE408AF1EE1B
:10EB600010FA06D1F7EE008AB0EE680ABDEC048B0D
:10EB700008BDB0EE480A00F08FFC0028F4D0B5EED6
:10EB8000C08AF1EE10FAEFD525E000F085FC88B1DF
:10EB9000F5EE408AF1EE10FAE6D1B0EE490A00F047
:10EBA0007BFC0028E0D0B0EE480A00F075FC00289D
:10EBB000DAD010E0B0EE490A00F06EFC0028E7D091
:10EBC000B0EE480A00F068FC0028E1D0F4EE688A54
:10EBD000F1EE10FA04D602F057FC22230360C3E7DB
:10EBE00002F052FC21230360BEE700BF08B52DED03
:10EBF000028BB0EE408A00F04BFCB4EE488AF1EE96
:10EC000010FA06D6DFED098AB4EEE88AF1EE10FAC2
:10EC100002D4BDEC028B08BD02F036FC88EEA80AD7
:10EC2000BDEC028B2123036008BD00BF0000000083
:10EC300010EE103A194923F000428A421BD9B2F172
:10EC4000FF4F02D330EE400A704700B583B06846EC
:10EC500000F072FA00F003000128DDED010A9DEDDD
:10EC6000000A13D002280BD098B9012000F03CF91B
:10EC700003B05DF804FBDFED0A0A002000F034B9B0
:10EC8000012000F031F9B1EE400AF1E700F0AAF8F6
:10EC9000EEE700F0A7F8B1EE400AE9E7D80F493FE8
:10ECA0000000000010EE103A114A23F00043934296
:10ECB00018D9B3F1FF4F02D330EE400A704700B5C8
:10ECC00083B0684600F038FA400000F00200DDED45
:10ECD000010A9DED000AC0F1010000F04DF903B0FA
:10ECE0005DF804FBDFED030A012000F045B900BF29
:10ECF000DA0F493F0000000010EE102AC2F3C7539C
:10ED00007F3B162B22F0004129DC002B104618DB3C
:10ED10001A4919410A4221D0DFED197A70EE277A9B
:10ED2000F5EEC07AF1EE10FA18DD002A04DA4FF49D
:10ED3000000242FA03F3184420EA010300EE103AFD
:10ED40007047DFED0F7A70EE277AF5EEC07AF1EEBC
:10ED500010FA03DD002A08DB9FED0A0A7047B1F1C3
:10ED6000FF4FFBD330EE000A7047DFED077A002932
:10ED7000BFEE000A08BFB0EE670A7047FFFF7F00D2
:10ED8000CAF24971000000000000008010EE103A45
:10ED9000C3F3C7527F3A162A194615DC002A0CDB4A
:10EDA0000C481041184205D04FF4800313410B4426
:10EDB00023EA000300EE103A7047013203F00043EB
:10EDC000F8D143F07E53F5E7802AF3D130EE000A04
:10EDD000704700BFFFFF7F009FED010A704700BF33
:10EDE0000000C07F10EE103A23F00043B3F1485FFB
:10EDF0002CD2FDEEC07A17EE903A002B60D060EE78
:10EE0000007A9FED317A9FED315ADFED315A9FED57
:10EE1000316ADFED316AA7EE875A9FED307AE7EE6F
:10EE2000855AA7EEA56AA7EE867AE7EE876A67EEAF
:10EE3000A66A60EEC00AB6EE007AE7EEA60AB7EE62
:10EE4000000AD7EE870A30EE600A704760EE007A5B
:10EE50009FED1D7A9FED1D5ADFED1D5A9FED1D6A36
:10EE6000DFED1D6A1E4AA7EE875A93429FED1B7A7B
:10EE7000E5EE275AA5EEA76AA6EE277AE7EE276AFF
:10EE800066EEA76AD5D9174A934214D803F17F4397
:10EE900007EE103AB7EE006A36EE476A60EEC00A37
:10EEA000F6EE005A97EEA57AE7EEA60A37EE607AFC
:10EEB00036EE470A7047B6EE076AB5EE027AEDE71E
:10EEC000B7EE000A704700BF4ED747ADF6740F315A
:10EED0007CF293B4010DD037ABAA2A3D610BB6BAD0
:10EEE0009999993E0000483F10EE103A23F00043F4
:10EEF000B3F1485F04D2FDEEC07A17EE903A5BB3EF
:10EF000060EE007A9FED157ADFED155A9FED156AD8
:10EF1000DFED156AE7EE875A9FED147AA5EEA76A32
:10EF200020EE275AE6EE276AA6EEA77A30B9DFED83
:10EF3000106AE7EE876AA6EE850A704727EE457AE3
:10EF4000F6EE006AA0EEA67ADFED0A6AD7EE270A8F
:10EF5000E5EE260A30EE600A704700BFD3C92E2FB7
:10EF6000342FD7B21BEF3836010D50B98988083CD1
:10EF7000ABAA2ABEABAA2A3E08B510EE103A23F07F
:10EF80000042B2F1465FF0EE407A0FD2BDEEC07A99
:10EF900017EE101AF9B9431C134300F09F800128A3
:10EFA00003D0BFEE007A87EE270A08BD50498A4297
:10EFB00011D39FED507ADFED506A002BBCBFF1EE0C
:10EFC000600AF1EE407A77EE677A36EEE07ADFEDAE
:10EFD0004B0A77EE277A67EEA76ADFED494ADFED45
:10EFE000495A9FED495A9FED496A414926EEA67A52
:10EFF0008A42E7EE245AA7EE056ADFED454A9FED07
:10F00000455AE5EE874AA6EE075ADFED435A9FEDD3
:10F01000436AE4EE875AA5EE076ADFED414A9FEDA9
:10F02000415AE5EE874AA6EE075A9FED3F6ADFEDAB
:10F030003F5AA4EE876AE5EE075AB0EE467AA5EE8F
:10F04000A67A27EEA65AB0EE606AA7EE056ADFED53
:10F05000384AE6EE260AE5EE240A37EEA00A1FD269
:10F060000128A2D0BFEE007AC7EE006A314B10EE45
:10F07000102A1A4006EE102A16EE902A76EE677ACB
:10F08000134000EE103AB7EE007A70EEE70AF0EEA9
:10F09000477AE6EE007AE0EE807AA7EEA60A08BD8F
:10F0A00007EE100AB8EEC77A60EE006A30EE070A83
:10F0B0009B1786EE806A03F00203C3F10103F0EEB2
:10F0C000005A36EE606A06EE903A77EEC67AF8EEAF
:10F0D000E66AA7EEE57A26EE870A08BD00F0D0F9C9
:10F0E000B7EE007AF0EE407A87EE270A08BD00BF3F
:10F0F00040A12C3FDA0F493F682122330000000075
:10F100005FAE9BB745F4A3388453D9377AC095389E
:10F11000C8261A3AB937813916696B3B48DEBE3AC0
:10F12000A427B33C1F37113C8988083ED10D5D3DB3
:10F13000ABAAAA3E00F0FFFF70B510EE103A884A65
:10F1400023F00044944286B0054671D9854A944222
:10F150001E4624D823F00042002BDFED837A83493A
:10F1600022F00F02B0EE407A40F3E0808A4270EE67
:10F17000677A09BF9FED7E7ADFED7E6ADFED7E6AFA
:10F1800077EEC77A37EEE67A77EEC77A80ED007AC7
:10F1900077EEE67AC0ED017A012006B070BD774ABD
:10F1A000944252D9B4F1FF4F48D2E215863AA4EB0B
:10F1B000C25307EE903ABDEEE77ADFED716AB8EE22
:10F1C000C77A77EEC77A8DED037A67EEA67ABDEE41
:10F1D000E77AB8EEC77A77EEC77A8DED047A67EEF4
:10F1E000A67AF5EE407AF1EE10FACDED057A40F010
:10F1F0009880B5EE407AF1EE10FA0CBF012302239D
:10F20000604901910221009103A8294600F0A6F966
:10F21000002EC2DA95ED007AD5ED017AB1EE477A8B
:10F22000F1EE677A85ED007AC5ED017A4042B4E7E8
:10F23000002285ED000A42600020AEE770EE407AC1
:10F24000C0ED017AC0ED007AF6E700F019F99FED04
:10F250004E7A9FED456AF6EE007AE0EE077A9FED72
:10F26000457AFDEEE77A17EE900AF8EEE76A1F2876
:10F27000A6EEC60A66EE877AB1EE666A20DC434ADD
:10F28000411E26F0004352F8212023F0FF03934251
:10F2900016D030EE677A30EE470A002E30EE670A5D
:10F2A00085ED007A85ED010ABFF677AFB1EE477ABA
:10F2B000B1EE400A85ED007A85ED010A40426CE727
:10F2C00030EE677AE21517EE103AC3F3C753C3EB7B
:10F2D000D453082BDFDD9FED267A9FED275AF0EE01
:10F2E000405AE6EE075A70EE657AE6EE077AD6EEF9
:10F2F000857A35EEE77A17EE103AC3F3C753D21A80
:10F30000192A10DD9FED227A9FED225AB0EE650A90
:10F31000A6EE070A75EEC07AE6EE077AD6EE857A93
:10F32000B7E703236CE7B0EE650AB4E78A4270EEF4
:10F33000277A09BF9FED0E7ADFED0E6ADFED0E6AC8
:10F3400077EE877A37EEA67A77EEC77A80ED007A85
:10F3500077EEA67AC0ED017A4FF0FF301DE700BFCF
:10F36000D80F493FE3CB1640800FC93FD00FC93FAC
:10F37000004435374344353708A3852E800F494371
:10F38000000080436876010884F9223FE87501088F
:10F3900000A3852E32318D2408B52DED028BB0EE01
:10F3A000408A00F09DFFF0EE408AB0EE480A00F07F
:10F3B00073F868B1DFED127AB4EEE78AF1EE10FA75
:10F3C0000BDCDFED107AB4EEE78AF1EE10FA0FD421
:10F3D000B0EE680ABDEC028B08BDDFED0B8A02F0CF
:10F3E00053F8B0EE680ABDEC028B2223036008BD1F
:10F3F00002F04AF82223DFED058A0360E8E700BF48
:10F400001772B142B5F1CFC20000807F000000004A
:10F4100010EE103A184923F000428A421AD9B2F18C
:10F42000FF4F02D330EE400A704700B583B0684604
:10F43000FFF782FE00F003000128DDED010A9DEDDB
:10F44000000A10D0022809D090B9FFF7CBFC03B016
:10F450005DF804FBDFED090AFFF7C4BCFFF7C2FC4F
:10F46000B1EE400AF3E7FFF73FFDB1EE400AEEE7E9
:10F470000120FFF739FDEAE7D80F493F00000000FF
:10F4800010EE103A23F0004300EE103A704700BF30
:10F49000B1EEC00A704700BF10EE103A23F00040F2
:10F4A000B0F1FF4FACBF00200120704708B52DED33
:10F4B000028BF0EE408AB0EE608A00F033F820B99B
:10F4C000B0EE480ABDEC028B08BDB0EE480A00F071
:10F4D00029F820B1F4EEC88AF1EE10FAF0DDB0EEB2
:10F4E000680ABDEC028B08BD08B52DED028BF0EE6D
:10F4F000408AB0EE608A00F015F820B9B0EE480AF4
:10F50000BDEC028B08BDB0EE480A00F00BF820B14C
:10F51000F4EEC88AF1EE10FAF0D5B0EE680ABDEC50
:10F52000028B08BD10EE103A33F000400ED0A0F56B
:10F530000003B3F1FE4F0DD3074B421E9A4207D989
:10F54000A0F1FF40B0FA80F04009704702207047F8
:10F550000320704704207047FEFF7F002DE9F04F25
:10F560002DED048BDBB01C46944603930A46CD4B2D
:10F5700068991CF1040F53F82160824604F1FF38AA
:10F58000C0F24982BCF1030348BF0CF10403DB1055
:10F59000029301334FEAC30EACEB0E030593029BBB
:10F5A00016EB0800A3EB080316D401309FEDBE7ADA
:10F5B000699C18441EA9002BA4BF54F8235007EEE1
:10F5C000905A03F10103ACBFF8EEE77AF0EE477A08
:10F5D0008342E1EC017AEED1002EC0F2B182039BAE
:10F5E0001EA901EB830446AD4FEA83094046F71894
:10F5F0000AEB8301B8F1000FDFEDAB7A09DBA3461C
:10F600005346F3EC016A3BED017A8B42E6EE877AD2
:10F61000F7D10130B842E5EC017A04F10404E9D1F4
:10F620000DF1280B0BEB8603CDE9062E043B9FED75
:10F63000A09ADFED9E8A059804930AEB090446AF71
:10F640000BEB86090096CDF820C05AAB03EB86037E
:10F65000002E13ED140A4FEA860515DD7B195A4674
:10F6600060EE097AB0EE407AFDEEE77A73ED016A5A
:10F67000F8EEE77ABB42A7EEE87A37EEA60ABDEECF
:10F68000C77AA2EC017AEBD1019000F01DFFF4EEF5
:10F69000007AB0EE408A20EE270AFFF72DFBF2EE4B
:10F6A000007AA0EE678A01980028FDEEC89AF8EE6D
:10F6B000E97A38EE678A6CDD06F1FF3EC0F1080397
:10F6C0005BF82E2042FA03FC0CFA03F3D21AC0F1C5
:10F6D000070119EE903A4BF82E200A416344002AA4
:10F6E00009EE903A00F3F080B5EE408AF1EE10FAA0
:10F6F00040F09D80009B9E420ADD5D44002355F84A
:10F70000041D4D4543EA0103F9D1002B40F0F2807E
:10F71000009B013B5BF82330002B40F0E780049B0B
:10F72000012153F8042D0131002AFAD0731C314411
:10F730009C46029D039A05EB030E0EF1804E699DD7
:10F7400032440EF1FF3E07EB83061EAB05EB8E0E37
:10F7500003EB8205DEED017AF8EEE77AB8F1000FEF
:10F760000EF1040EE5EC017ADFED4F7A09DB2A4653
:10F770005346F3EC016A32ED017AA342E6EE877A52
:10F78000F7D10CF1010C6145E6EC017AE2DA0E46A4
:10F790005BE740F08F80731E5BF82320D211002AB4
:10F7A000A2DD19EE903A002E03F1010309EE903A22
:10F7B00040F3D48159464FF0000E51F8043B002B22
:10F7C0006AD0C3F5807341F8043C04E00B68C3F1D0
:10F7D000FF0341F8043B0EF1010E7645F6DC0123F0
:10F7E0009E4600280ADD012878D0022806D1711E25
:10F7F0005BF8213003F03F0C4BF821C0022A7FF464
:10F8000073AFB7EE000A734630EE488A002B3FF420
:10F810006BAF0992019000F057FE38EE408A0198D4
:10F82000099AB5EE408AF1EE10FA3FF463AF9246C2
:10F83000DDE9062EDDF820C00196AEEB0C00B0EE3F
:10F84000480A009E009200F03FFEDFED186AB4EE19
:10F85000E60AF1EE10FADDE90023F0EE407AC0F29C
:10F8600050819FED137A059920EE077A0831BDEE9D
:10F87000C77A0591B8EEC77A5C1CE7EE667ABDEEF2
:10F88000C77AFDEEE77A17EE901A4BF8231017EEC1
:10F89000103A4BF8243046E00EF1010EB6458CDBF1
:10F8A0009E469EE7AC7901080000000000008043FE
:10F8B0000000803BF6EE007AB4EEE78AF1EE10FA33
:10F8C00080F2988000220FE70133002E09EE903A73
:10F8D0003FF770AF002301289E4686D1711E5BF86A
:10F8E000213003F07F0C4BF821C087E7731C9C4646
:10F8F00019461EE733469246DDE905125C1EA1F16A
:10F9000008005BF82410009E059061B903F1804364
:10F91000013B0BEB8303014653F8040D013C08390E
:10F920000028F9D0059105980092B7EE000A00F082
:10F93000CBFD002C009AB0EE407AC0F20581601C2D
:10F9400046AD5FED256A81000BEB800305EB80007F
:10F9500073ED017AF8EEE77A5B4567EE877A27EE7A
:10F96000267A60ED017AF3D10DF1C8080B1F46A885
:10F97000C718C646A44600259146002E73DB844A6C
:10F98000DFED847A3846002301E0AB4208DCF2EC7C
:10F99000016AB0EC017A01339E42E6EE877AF4DA2E
:10F9A0000CF1FF3CBCF1FF3FEEEC017A05F10105E3
:10F9B000A7F10407E1D1689B022B4A4656DC002BD5
:10F9C0002EDC0ED1DFED737A414431ED017A4145F1
:10F9D00077EE877AF9D15346002B40F0AE80C2ED26
:10F9E000007A19EE903A03F007005BB0BDEC048B8F
:10F9F000BDE8F08F19EE903A002E03F1010309EEF5
:10FA0000903AC8BF02223FF7D5AEF7EE007A37EE44
:10FA1000C88A022268E600234FF0080E0293BBE575
:10FA20009FED5C7A414471ED017A414537EE277ACA
:10FA3000F9D1DDED327A534677EEC77A002B75D1D6
:10FA400082ED007A64B133A90123B1EC017A01336C
:10FA50009C4277EE877AF8DA53460BB1F1EE677A7B
:10FA6000C2ED017ABDE7DFED4B7A99E7689B032B86
:10FA7000B7D1002C7ED008EB840595ED007AA0006C
:10FA80002B46294671ED017AF0EE476A37EE277A68
:10FA9000414577EEC77A81ED007A77EEA67AC1ED1F
:10FAA000017AEFD1012C65D095ED007A08F10401BF
:10FAB00073ED017AF0EE476A37EE277A994277EED6
:10FAC000C77A83ED007A77EEA67AC3ED017AEFD19B
:10FAD000031DDFED307A434408F1080833ED017A65
:10FAE000984577EE877AF9D15346DDED326A9DED80
:10FAF000337A73B9C2ED006A82ED017AC2ED027AFF
:10FB00006FE7FDEEC07A1C4617EE901A4BF82310F3
:10FB100009E7F1EE666AB1EE477AF1EE677AC2ED77
:10FB2000006A82ED017AC2ED027A5AE7B1EE477AB5
:10FB300082ED007A002C86D190E7F1EE677A4EE7ED
:10FB4000039B4FEA83096BE5689B022B0EDC002BBD
:10FB500013DC7FF446AFDFED0F7A3CE7022A7FF437
:10FB6000C3ADF7EE007A37EEC88ABDE5689B032B7C
:10FB70007FF437AFDFED077AB6E75346DDED327A33
:10FB800013B9002313606BE74FF00043136065E780
:10FB9000807901080000000008B510EE103A33F03B
:10FBA00000422DED028B2CD0002B1A4632DBB3F134
:10FBB000FF4F41DAB3F5000F35DB0021D3157F3B52
:10FBC0000B44D90FC1F17F0103EBD373C2F31602CB
:10FBD00007EE903A42EAC15200EE102AB8EEE78AE8
:10FBE00000F00EFDDFED177A9FED177A20EE270A61
:10FBF000DFED167AA8EE070AA8EE270ABDEC028B05
:10FC000008BDBDEC028B9FED127ADFED127A87EE14
:10FC1000270A08BDBDEC028B70EE407A9FED0D7A8D
:10FC200087EE870A08BDDFED0C7A60EE277A6FF069
:10FC3000180117EE902AC1E7BDEC028B30EE000AE6
:10FC400008BD00BFD95BDE3EDB27543580209A3EDD
:10FC5000000000CC000000000000004C2DE9F04343
:10FC60002DED028B83B0CDED010A8DED000ADDE9AB
:10FC7000004535F0004610D184F48004640014F58A
:10FC8000000F1BD9DDED007A9DED017A37EE870A72
:10FC900003B0BDEC028BBDE8F08324F00047B7F160
:10FCA000FF4F02D8B6F1FF4F0FD9B4F17E5FE9D113
:10FCB00085F480056D0015F5000FE3D8B7EE000A56
:10FCC00003B0BDEC028BBDE8F083002CB84616DB18
:10FCD000B6F1FF4F00F0F780B6F17E5F00F02681AD
:10FCE000B5F1804F00F04681B5F17C5F40F038817E
:10FCF00003B0BDEC028BBDE8F043FFF7C9BBB6F122
:10FD0000974F80F0F080B6F17E5F80F01981B5F1F9
:10FD1000804F00F02F81B5F17C5F40F02181FFF72B
:10FD2000AFFBB7F1FF4FB3D04FF00009002F00F049
:10FD3000F280B7F17E5F00F0E580E20F013A59EA08
:10FD4000020300F02181B6F19A4F40F24581924BB7
:10FD50009F4240F23E82914B9F4200F24782F7EE73
:10FD6000007A30EE670A9FED8E6ADFED8E5AF5EE6F
:10FD7000007AA0EE676AF6EE006AE6EE406A20EED0
:10FD8000007ADFED897A9FED896A27EE267A67EEA1
:10FD9000C77AE0EE257AF0EE676AE0EE066A16EEC4
:10FDA000903A6FF30B0306EE903AB0EE667AA0EE4F
:10FDB000467A77EEC77A6FF30B0507EE105A9DED82
:10FDC000016ADDED015A36EE476A67EEA57A26EE46
:10FDD000877AE6EE267A09F1FF3959EA0209BFEE81
:10FDE000008A77EE876AB7EE006A16EE903A18BF7F
:10FDF000B0EE468A002B23F0004240F3B981B2F105
:10FE0000864F00F2388200F01C82B2F17C5F00F273
:10FE10000082002210466FF30B0305EE903A75EE58
:10FE2000C76A9FED637A9FED633A9FED632ADFED2A
:10FE3000633A9FED634ADFED634A9FED635A77EEC5
:10FE4000E67A25EE877ADFED616AA7EEA67AF0EE14
:10FE5000002AF0EE476AE5EE836AB7EE000A26EE66
:10FE6000A66AF0EE667AE6EE023AE5EEC37AF0EEC6
:10FE7000445AE3EE865A77EE677AB0EE647AA5EEDE
:10FE8000867AF0EE455AE7EE065AB0EE667AA5EEAF
:10FE9000C67AE6EEA77A66EE875A37EE626A85EE94
:10FEA000867A77EE677A77EEE67A30EE670A10EEBA
:10FEB000103A1344B3F5000FC0F2958100EE103AEA
:10FEC00020EE080AE4E6B7F17E5F3FF4F7AE32D9E0
:10FED0009FED3F0ADDED017A002DB8BFF0EE407ACC
:10FEE000B0EE670AD4E6B6F1FF4FECD04FF002094E
:10FEF0009DED000AFFF7C4FAB7F1FF4F02D0002FC3
:10FF00007FF417AF002DBCBFF7EE007A87EE800AB2
:10FF1000002CBFF6BDAEA7F17E5757EA090740F0A7
:10FF2000208170EE407A87EEA70AB1E6002D1ADB39
:10FF30009DED000AACE6002D21DB9FED250AA7E62A
:10FF4000F315C3F1960346FA03F202FA03F3B34240
:10FF500000F0FA80B6F17E5FE8D0B5F1804F09D0AD
:10FF60004FF00009C4E79DED007AF7EE007A87EEC6
:10FF7000870A8DE6DDED007A27EEA70A88E6DDED3B
:10FF8000017AB1EE670A83E6DDED007A77EEE77A73
:10FF900087EEA70A7CE600BFF3FF7F3F0700803FA4
:10FFA000ABAAAA3E70A5EC363BAAB83F00AAB83F60
:10FFB0008CBEBF350072313F4CBB31330EEADDB52C
:10FFC00055B38A38610B36BBABAA2A3E1872313F53
:10FFD000000000000000804B14F0FF4F40F0F7805D
:10FFE0005FED047A60EE277A6FF0170317EE908AC0
:10FFF000A9484FEAE851C8F316087F3980451944EB
:020000040801F1
:1000000048F07E5340F3DB80A448804540F3F880FD
:100010009FEDA35A0131F0EE453AA3F50003F7EE48
:10002000005A002006EE103A76EE257AB7EE007AF6
:1000300087EE270A5B1043F0005303F58023034447
:1000400076EE656A07EE901A26EE803AB8EEE77A09
:1000500013EE101A07EE903A924BDFED930A9FEDE4
:10006000938A9FED931ADFED932ADFED931A9FEDAC
:10007000932A77EEE55A194004EE901A36EE656A37
:1000800063EE035AE4EEE76AF0EE607AE5EE887A12
:10009000E4EEC66AA7EEA51A66EE806AE1EE252AAE
:1000A00073EE247AE2EEA51A25EEA58AA1EEA52A22
:1000B00067EEA67AB0EE084AB0EE446AE8EE027A3D
:1000C000A4EEA46ADFED7E0A9FED7E1ADFED7E2AA4
:1000D00036EE276A16EE101A194006EE101A76EE62
:1000E000445AE4EEE45A77EEE57A67EE837AE6EE78
:1000F000867AF0EE675AE4EE865A15EE901A1940A9
:1001000005EE901AF0EE656AE4EEC66A77EEE67ADE
:1001100067EEA07AE5EE817A77EEA37AF0EE676A71
:10012000E5EEA26A76EE856A76EE876A16EE901A9A
:10013000194006EE901A36EEC77A37EE457AA5EEEC
:10014000E27A77EEC77A36E6B6F17E5F3FF4EEAE3E
:10015000B5F1804F3FF40EAF02F00102C2F1020987
:10016000C6E6B9F1010F7FF493ADB1EE400A8FE519
:1001700056498A4200F287807FF447AE76EEC76A1E
:10018000F4EEE76AF1EE10FA7DDA03F50043504A27
:10019000C3F3C7517F39C3F316000A4140F400008E
:1001A000C1F117011A400841404206EE902A37EE8D
:1001B000667AC20577EE876A16EE903A2BE69FEDD7
:1001C000385AF7EE005AF0EE453A00202AE70023AD
:1001D0000EE7002D0CDB002003B0BDEC028BBDE868
:1001E000F04300F001BA00F06FF969E6002DF2DD8E
:1001F000002003B0BDEC028BBDE8F04300F0FAB97B
:100200009FED345ADFED343AF7EE085A4FF4001000
:1002100008E7D2157E3A4FF40001114119442C4AE7
:10022000C1F3C7547F3CC1F31600224140F40000E3
:10023000C4F11704002B40FA04F002EA0102B4DA18
:10024000B2E79FED266A76EEC76A37EE866AB4EEAD
:10025000E66AF1EE10FA0EDC03F500431C4AD915EC
:100260007F39C3F316000A4140F40000C1F11701C1
:100270001A40084199E7B5EEC08AF1EE10FA4CBF7A
:1002800001200020B5E7B5EEC08AF1EE10FA4CBFB0
:1002900001200020A0E700BF71C41C00D6B35D00A0
:1002A0000000000000F0FFFF55326C3E42F1533E6B
:1002B00005A38B3EABAAAA3EB76DDB3E9A99193FC8
:1002C0004F38763FA0C39D360038763F0000164376
:1002D000000080FF00C0153FDCCFD1353CAA383389
:1002E00010EE103A23F00042B2F1FF4F56D84FEA19
:1002F000D37100F095806248834200F38780002B21
:10030000C0F287805F4B9A424BD95F4B9A4200F212
:100310009A805E4B5E4A03EB8103D3ED004A02EB09
:10032000810281F0010370EE644AD2ED007A5B1A1B
:1003300034EEE70ADFED576A9FED575ADFED575A63
:100340009FED576A20EE007AA7EE265ADFED556A38
:10035000E5EE075AE5EE876AA6EE876AF0EE406A98
:10036000E6EE476A20EE266A002B42D0B0EE007A15
:1003700037EE667AB7EE000AC6EE076A13F17D0F14
:1003800077EEE67A77EEE47A30EE670A4FDB10EE2E
:10039000102A02EBC35300EE103A704730EE000A09
:1003A0007047B2F1505F0AD2DFED3F7A70EE277AE4
:1003B000B7EE007AF4EEC77AF1EE10FA5DDC60EE8B
:1003C000007A9FED347ADFED345A9FED346ADFED29
:1003D000356AE7EE875A9FED327AA7EEA56AE7EE17
:1003E000866AA7EEA67AF0EE406AE7EEC76A20EECC
:1003F000266AF0EE007A76EEE76AB7EE007AC6EE8D
:10040000267A77EEC07A37EE670A7047002000F050
:10041000F1B8264B9A427FF675AF002000F0E4B8A1
:10042000DFED237A002918BFB0EE670A704710EE9F
:10043000102A643302EBC353DFED1E7A00EE103A4C
:1004400020EE270A70471C4B9FED1C7ADFED1C6ADB
:1004500003EB8103D3ED007AE0EE077A9FED197A82
:10046000FDEEE77AF0EE404A17EE903AF8EEE77AC2
:10047000E7EEE64A67EE877A5AE730EE070A7047FA
:100480001772B1421872B13E9115853FC0790108CB
:10049000B87901084CBB31330EEADDB555B38A3863
:1004A000ABAA2A3E610B36BBCAF24971B5F1CF4205
:1004B000000000000000800DC87901083BAAB83F89
:1004C0008071313FD1F7173710EE103A33F0004109
:1004D0001A4627D0B1F1FF4F21D213F0FF4F22D19E
:1004E000DFED2B7A2B4A60EE277A904217EE903A96
:1004F00033DB4CF2503CC3F3C75160451A46A1F1BF
:10050000190116DDDFED247ADFED246A002BB0EE51
:10051000677AB8BFF0EE667A27EE870A704730EE4A
:10052000000A704770474CF2503C60454FEAD15189
:10053000E8DC0144FE29E5DC002915DC11F1160F89
:1005400019DB193122F0FF4242EAC15207EE902A2C
:100550009FED130A27EE800A7047DFED127A07EE4F
:10056000103A27EE270A704722F0FF4242EAC153B1
:1005700000EE103A7047DFED0B7ADFED0B6A002BCF
:10058000B0EE677AB8BFF0EE667A27EE870A70475A
:100590000000004CB03CFFFFCAF24971CAF249F1B9
:1005A000000000336042A20D6042A28D10B52DED17
:1005B000028BB0EE408A044600F066FFB0EE480AB7
:1005C000BDEC028B046010BD30B1F1EE407A27EE35
:1005D000800A2220FFF7EABFF0EE407A27EE800A79
:1005E0002220FFF7E3BF00BF9FED010AFFF7ECBF3A
:1005F000000000109FED010AFFF7E6BF0000007049
:1006000010EE102A32F000432FD0002A134633DBBD
:10061000B2F1FF4F40DAB2F5000F34DB4FF0000CBF
:100620006448C3F31601084400F4000282F07E52CD
:100630000A43DB1500EE102A7F3B5F4A634401F159
:100640000F0CF7EE007A0CEA020230EE670A03EBB9
:10065000D05322BBB5EE400AF1EE10FA62D1002B66
:1006600040F090809FED550A70479FED557ADFED81
:10067000537A87EE270A704770EE407A9FED4F7AE3
:1006800087EE870A7047DFED4F7A60EE277A6FF0CA
:10069000180C17EE903AC3E730EE000A7047F0EE00
:1006A000007A70EE277A07EE103A80EE274A464825
:1006B000C1F55712084402F522720243002A9FED49
:1006C000433ADFED434ADFED435ADFED433A9FED16
:1006D000435ADFED437ADFED436A24EE046AF8EE15
:1006E000C72A26EE067AE7EE034AA7EE235AE4EE7F
:1006F000875AE5EE076AE5EE877A67EE867AE6EED8
:10070000877A2ADDB6EE007A20EE077A27EE007AA5
:1007100077EE877A67EE847A3BBB37EE677A30EE06
:10072000470A70479FED307AF6EE007AE0EE477A9E
:1007300020EE007A27EE277A002BF0D007EE903AD1
:100740009FED2A6ADFED2A6AF8EEE77AA7EEC67A0D
:1007500037EE400A97EEA60A704770EE677A67EEAA
:10076000847AE3B930EE670A70479FED206ADFEDC7
:10077000206AE2EE867A37EE677A37EE400A92EE2A
:10078000A60A704707EE903A9FED180A9FED187A77
:10079000F8EEE77A27EE800AA7EE870A7047DFEDCA
:1007A000136A9FED137AE2EEE67A37EEC00A92EE14
:1007B000870A704720FB4A00F0FF7F00000000001E
:1007C000000000CC0000004C305CCFFF9788173E43
:1007D00025333A3E2549923E4FD01C3E298E633E3A
:1007E000ABAA2A3FCDCCCC3EABAAAA3ED1F7173755
:1007F0008071313F08B52DED048BF0EE408AB0EEEC
:10080000609A00F0DBF9F0EE490AB0EE408AB0EEF3
:10081000680A00F00BF8F0EE400AB0EE480ABDECB2
:10082000048BBDE8084000F0F3B800BFB0EE600AEA
:10083000704700BF08B52DED048BF0EE408AB0EE96
:10084000609A00F0BBF9F0EE490AB0EE408AB0EED3
:10085000680AFFF7EBFF9FED6B9AB4EE490AF1EEE1
:1008600010FAF0EE408A16D1B4EEC98AF1EE10FA11
:1008700000F19980B5EE408AF1EE10FA40F09E80CA
:10088000B0EE497AF0EE407ABDEC048BB0EE470A48
:10089000F0EE670A08BDB5EE408AF1EE10FA4ED0D0
:1008A000B0EE480AFEF7ECFDB1EE009AB4EEC90ACC
:1008B000F1EE10FA40F39380F5EE007A28EE278AE5
:1008C00068EEA78AB0EE009ADFED4E7AB0EE480AE5
:1008D000A8EEA70AF0EE680AFFF78CFFB5EEC08A13
:1008E000F1EE10FAF6EE009A48DD28EE298AA0EE25
:1008F000298AB0EE480AFEF779F968EEA99AB0EEB7
:10090000408A89EE880AFEF7BBFD29EE087A60EE80
:10091000097ADFED3C6AF5EEC08ABDEC048B67EE28
:10092000A66AF1EE10FA4ABF37EE667A37EE267AFB
:10093000F1EE677AB0EE470AF0EE670A08BDFEF7FF
:100940009FFDF6EE007A20EE270AFEF74FF9F5EE4E
:10095000C08AF1EE10FAB0EE407ACCBFA0EE097A70
:10096000A0EE497ABDEC048BF0EE407AD8BFF1EEF0
:10097000407AF0EE670AB0EE470A08BD29EEC88A51
:10098000A0EE298AB0EE480AFEF730F968EEA99A7F
:10099000B0EE408A89EE880AFEF772FD69EE087AA9
:1009A00020EE097AB5E7B1EE480AFEF71FF9B0EE7E
:1009B000497AA0EE097AF0EE407A65E7B0EE480A8F
:1009C000FEF714F9B0EE407AA8EE897AF0EE687A74
:1009D000BDEC048BB0EE470AF0EE670A08BDB0EE3E
:1009E000680AFEF74DFDB4EEC90AF1EE10FA3FF7C2
:1009F00063AFDFED057A9FED059A28EE278A68EE52
:100A0000A78A61E7000000000000804C0000003968
:100A100008B52DED048BF0EE408AB0EE609A00F040
:100A20003BF8B0EE408AFEF737FD20B1B0EE480A41
:100A3000BDEC048B08BDB0EE680AFEF72DFD002862
:100A4000F4D0B0EE490AFEF727FD0028EED000F002
:100A50001BFD22239FED018A0360E7E70000807FF2
:100A600008B52DED048BF0EE408AB0EE609AFFF7EA
:100A7000DDFEF0EE490AB0EE408AB0EE680A00F002
:100A80009DF8F0EE400AB0EE480ABDEC048BBDE8DC
:100A9000084000F095B800BF10EE103A23F0004275
:100AA00010EE903A23F000439A4202DB19461346B7
:100AB0000A46991AB1F1706F00EE103A06EE902ACC
:100AC0003FDCB3F1B14F10B52EDC0024B2F11A5F58
:100AD0000ADA42B3B2F5000F60DADFED357A66EE7E
:100AE000A76A20EE270A7E3C30EE666AF4EEC66AFC
:100AF000F1EE10FA28D56FF30B0307EE903A30EEC3
:100B0000277A30EE670A27EE000AA6EEA60AA7EEBD
:100B1000A70AFEF7BDFC34B1E40504F17E5407EEEC
:100B2000904A20EE270A10BDB3F1FF4F29DA03F1F6
:100B30005E4302F15E4200EE103A06EE902A442433
:100B4000C4E730EE260A70471A4903F500030B404C
:100B500007EE903AB0EE007AB0EE675A90EE075A80
:100B600002EA010307EE103A26EE850A76EEC75A2E
:100B7000A5EEA70AA6EE060AA7EE270AFEF788FC4E
:100B8000C9E714BF30EE260A9FED0B0ADFED0A7AA3
:100B9000B2F1FF4F08BFB0EE670A10BD03F1085372
:100BA00002F1085200EE103A06EE902A443C9BE710
:100BB0000000807E00F0FFFF0000807F704700BFD4
:100BC00000F000B810B582B0CDED010A019B23F012
:100BD0000042B2F1FF4FF0EE407A30D810EE100A2A
:100BE00020F00041B1F1FF4F29D8B3F17E5F42D030
:100BF0009C1704F0020444EAD07431B37AB3B2F122
:100C0000FF4F40D0B1F1FF4F29D0891AB1F1F45F05
:100C10004FEAE15234DA002B42DA3C3240DA9FEDFF
:100C2000340A012C4ED0022C43D064B19FED317AAE
:100C3000DFED317A30EE070A30EE670A03E09DED12
:100C4000017A37EE270A02B010BD022C10D09FEDBA
:100C50002B7A032C08BFB0EE470A02B010BD9FEDFF
:100C6000280ADFED287A0028A8BFB0EE670AEAE775
:100C70009FED210AE7E702B0BDE8104000F04AB856
:100C80009FED200ACDE7B1F1FF4F04F1FF3420D0F2
:100C9000022C26D81C4B03EB840393ED000AD2E709
:100CA0009DED017A87EE870AFEF7EAFB00F032F845
:100CB000B7E79FED107ADFED107A30EE070A37EED6
:100CC000C00AC0E710EE103A03F1004300EE103AFC
:100CD000B9E7022C08D80D4B03EB840393ED000A0F
:100CE000B1E79FED030AAEE79FED090AABE700BF4E
:100CF000000000002EBDBB33DB0F4940DB0F49C0B5
:100D0000DB0FC9BFDB0FC93FD0790108DC790108CF
:100D1000DB0F493F38B510EE105A25F00044B4F10E
:100D2000A14FF0EE407A0DD3B4F1FF4F5BD8DFED69
:100D3000517A9FED517A002DCCBFB0EE470AB0EE4C
:100D4000670A38BD4D4B9C425CD8B4F1445F4DD32B
:100D50004FF0FF3327EEA76A9FED495A9FED497A7E
:100D6000DFED495ADFED494A66EE066A5A1CA6EEE7
:100D7000857AE6EEA54A9FED465ADFED465AA7EE84
:100D8000265AE4EEA65A9FED447ADFED444AA5EEDA
:100D9000267AE5EEA64A9FED425ADFED425AA7EECB
:100DA000265A9FED417AA4EEA67AE5EE265A27EE62
:100DB000267AA5EE867A27EE877A38D03B493C4AD8
:100DC00001EB8301D1ED006A37EE667A02EB830313
:100DD000D3ED006A37EE677A002D36EEC70AB0DA37
:100DE000B1EE400A38BD30EE000A38BD9FED317AD1
:100DF00030EE077AF7EE006AB4EEE67AF1EE10FA1A
:100E0000A6DD38BDFEF73CFB2B4B9C4212D8A3F568
:100E1000D0039C4223D8F0EE007ABFEE007AA0EE19
:100E2000277A002330EE270AC7EE007A92E737EEE2
:100E3000C70A38BD214B9C420BD8F7EE087AB7EEB3
:100E4000007AA0EE277A022330EE670AC0EE077A16
:100E500080E7BFEE007AC7EE007A03237AE7F7EE69
:100E6000007A30EE677A30EE270A0123C7EE007A67
:100E700070E700BFDB0FC9BFDB0FC93FFFFFDF3EDD
:100E8000D769853C59DA4B3D21A215BD6BF16EBD8A
:100E9000356B883D95879DBD6E2EBA3D388EE3BD7E
:100EA0002549123EABAAAA3ECDCC4CBEE87901083A
:100EB000F8790108CAF24971FFFF973FFFFF1B4015
:100EC00060EE016A20EEA16A20EE215A76EEC67A23
:100ED00061EE205AF4EE677AF1EE10FA35EE257ADB
:100EE00004D6B0EE670AF0EE470A7047B4EE477AD0
:100EF000F1EE10FAF5D79FEDA14AF0EEC04AF4EEFC
:100F0000444AF1EE10FAF0EEE03A00F3A080F4EE7D
:100F1000443AF1EE10FA00F39A800023DFED974A8D
:100F2000B0EEC14AB4EE644AF1EE10FAF0EEE13AE6
:100F300048DCF4EE643AF1EE10FA43DC9BBBF0EED1
:100F4000E66AF4EE646AF1EE10FA14DCB0EEC66AFA
:100F5000B4EE646AF1EE10FA0DDCB0EEC55AB4EEF0
:100F6000645AF1EE10FA06DCF0EEE55AF4EE645A3B
:100F7000F1EE10FAB5DDB4EE400AF1EE10FA80F1B0
:100F8000F080F4EE600AF1EE10FA80F1DD80B4EE4C
:100F9000411AF1EE10FA80F1CA80F4EE611AF1EE16
:100FA00010FA80F1B78061EEE07A60EE810AE0EE3F
:100FB000017AE0EE210A9FED727A67EE877A20EEE1
:100FC000877A8EE7DFED6D7A9FED6C7AB4EE674A33
:100FD000F1EE10FACCBF0123002307EE903A11EE98
:100FE000103AF8EEE77A002BF0EEE77AF4EE473AA3
:100FF000B8BFF1EE677AF1EE10FACCBF01230023FF
:10100000B0EE671A07EE903A11EE903AF8EEE77AF2
:10101000002BF0EEE77AB4EE400AB8BFF1EE677A43
:10102000F1EE10FAF0EE671A5AD6F4EE600AF1EE1D
:1010300010FAB8D710EE903A9FED527ADFED527A5F
:10104000002BB4BFF0EE670AF0EE470AABE79FED66
:101050004B4AF4EE444AF1EE10FACCBF01230023D0
:1010600004EE903A9FED454A10EE103AF8EEE44A4D
:10107000002BF0EEE44AF4EE443AB8BFF1EE644AD5
:10108000F1EE10FACCBF01230023B0EE640A04EEA7
:10109000903A10EE903AF8EEE44A002BF0EEE44A73
:1010A000B4EE411AB8BFF1EE644AF1EE10FAF0EE78
:1010B000640A22D6F4EE611AF1EE10FA78BF012329
:1010C000FFF52CAF11EE903A9FED2E4ADFED2E4A40
:1010D000002BB4BFF0EE641AF0EE441A01231DE7B2
:1010E00010EE103A9FED277ADFED277A002BB4BF80
:1010F000B0EE670AB0EE470A97E711EE103A9FED9F
:10110000214ADFED214A002BB4BFB0EE641AB0EEE5
:10111000441ACFE711EE903A9FED1A7ADFED1A7A72
:10112000002BB4BFF0EE671AF0EE471A3BE711EE62
:10113000103A9FED147ADFED147A002BB4BFB0EEB5
:10114000671AB0EE471A28E710EE903A9FED0D7A35
:10115000DFED0D7A002BB4BFF0EE670AF0EE470A20
:1011600015E710EE103A9FED077ADFED077A002BB6
:10117000B4BFB0EE670AB0EE470A02E7FFFF7F7F19
:101180000000807F0000000000000080D0B5FCF768
:101190004BFE0C4B002206460F46FCF79DFEFDF76A
:1011A00017F90446FCF71EFE074B0022FCF794FEDD
:1011B00002460B4630463946FCF7D6FCFDF708F9E7
:1011C0002146D0BD0000F03D0000F0412DE9F04780
:1011D000089D0E4604460F46002B4AD194468C4586
:1011E000B2FA82F260D942B1C2F12003974020FAEC
:1011F00003F30CFA02FC1F4394404FEA1C4E1FFA03
:101200008CF6B7FBFEF1230C0EFB117743EA074384
:1012100001FB06F098420AD91CEB030301F1FF37EA
:1012200080F01581984240F21281023963441B1A02
:10123000A4B2B3FBFEF00EFB103344EA034400FB00
:1012400006F6A6420AD91CEB040400F1FF3380F035
:101250000081A64240F2FD806444023840EA014029
:10126000A41B00211DB1D4400023C5E90043BDE803
:10127000F0878B4205D90DB1C5E900010021084670
:10128000F5E7B3FA83F1002946D1B34202D3824293
:1012900000F2F580841A66EB030201201746002D48
:1012A000E5D0C5E90047E2E7002A40F09380A1EBD2
:1012B0000C034FEA1C471FFA8CFE0121B3FBF7F623
:1012C00007FB1630230C43EA00430EFB06F098425E
:1012D00008D91CEB030306F1FF3802D2984200F252
:1012E000D08046461B1AA4B2B3FBF7F007FB1033BD
:1012F00044EA03440EFB00FEA64508D91CEB040497
:1013000000F1FF3302D2A64500F2B6801846A4EBE6
:101310000E0440EA0640A5E7C1F120078B4022FAFF
:1013200007FC4CEA030C06FA01FE20FA07F426FA41
:1013300007F344EA0E0400FA01F84FEA1C404FEAB2
:101340001449B3FBF0FE1FFA8CF600FB1E3349EA8A
:1013500003430EFB06F9994502FA01F20BD91CEB87
:1013600003030EF1FF3A80F08580994540F28280B8
:10137000AEF1020E6344A3EB0909A4B2B9FBF0F38A
:1013800000FB139944EA094403FB06F6A64208D978
:101390001CEB040403F1FF3068D2A64266D9023B7D
:1013A000644443EA0E40A41BA0FB02E6B442734629
:1013B000B14652D34FD05DB1B8EB030264EB0904E0
:1013C00004FA07F722FA01F31F43CC40C5E9007481
:1013D00000214CE7C2F1200120FA01F30CFA02FCD3
:1013E00026FA01F1964033434FEA1C471FFA8CFE60
:1013F000B1FBF7F007FB1016190C41EA064100FBA0
:101400000EF68E4204FA02F408D91CEB010100F139
:10141000FF382DD28E422BD902386144891B9BB2F2
:10142000B1FBF7F607FB161143EA014306FB0EF189
:10143000994208D91CEB030306F1FF3814D29942F4
:1014400012D9023E63445B1A46EA004136E7394648
:10145000EDE6184602E7F045ADD2BEEB020366EBBF
:101460000C060138B146A6E74646ECE7034698E786
:101470004046D3E7D6467EE76444023847E708464D
:101480000DE7023E63442DE7014B1868704700BF2B
:101490002800002070B50D4D0D4C641BA4100026D3
:1014A000A64209D10B4D0C4C00F032FF641BA41076
:1014B0000026A64205D170BD55F8043B9847013679
:1014C000EEE755F8043B98470136F2E7107A010839
:1014D000107A0108107A0108147A010802440346C0
:1014E000934200D1704703F8011BF9E7704770473A
:1014F00070B50F4E0C463168054611B900F0A6F8DC
:1015000030602146284600F0A1F8431C03D14FF07B
:10151000FF34204670BDC41C24F00304A042F8D060
:10152000211A284600F092F80130F2D1EFE700BF0F
:10153000DC0500202DE9F843CD1C25F00305083516
:101540000C2D38BF0C25002D064601DBA94204D91D
:101550000C2333600020BDE8F883DFF8D48000F06E
:1015600069F8D8F800301C4644BB29463046FFF7DE
:10157000BFFF431C044658D1D8F800402746002F2F
:1015800043D1002C4BD023683946304604EB030985
:1015900000F05CF8814542D121686D1A2946304639
:1015A000FFF7A6FF01303AD023682B442360D8F818
:1015B00000305A6862BBC8F800700FE02268521B06
:1015C00020D40B2A17D96119A342256018BF59608E
:1015D000636808BFC8F8001062514B60304600F0E5
:1015E0002FF804F10B00231D20F00700C21A1CBFC6
:1015F0001B1AA350AFE76268A3420CBFC8F80020D3
:101600005A60EBE723466468AEE73C467F68B6E77E
:101610001A465B68A342FBD100235360DEE70C232C
:101620003360304600F00CF894E70560D6E700BF61
:10163000E00500200148FFF759BF00BFD805002092
:101640000148FFF754BF00BFD805002038B5064D4C
:101650000023044608462B60FDF718FA431C02D10C
:101660002B6803B1236038BDE405002038B505467A
:10167000002941D051F8043C0C1F002BB8BFE418DE
:10168000FFF7D8FF1D4A136833B96360146028461A
:10169000BDE83840FFF7D4BFA34208D9206821181D
:1016A0008B4201BF19685B6809182160EDE71A4693
:1016B0005B680BB1A342FAD911685018A0420BD154
:1016C00020680144501883421160E0D118685B68BB
:1016D000536008441060DAE702D90C232B60D6E788
:1016E000206821188B4204BF19685B68636004BFDF
:1016F000091821605460CAE738BD00BFE00500202A
:10170000884210B501EB020402D98442234607D86F
:10171000431EA14208D011F8012B03F8012FF8E76E
:10172000024401468A4200D110BD13F8014D02F86F
:10173000014DF7E70A44914200F1FF3300D17047B1
:1017400010B511F8014B03F8014F9142F9D110BDCA
:10175000024B01461868FFF7EDBE00BF28000020CD
:10176000024B01461868FFF781BF00BF2800002028
:10177000024B0A460146186800F002B82800002013
:1017800070B5A1FB025434B92946FFF7D3FE0646D3
:1017900028B9304670BD0C2202600026F9E72A46BF
:1017A0002146FFF79BFEF4E7B1F8C8305A1C92B20D
:1017B000C82AA1F8C820C85400D0704710B500202E
:1017C0000C46FDF72DF90023A4F8C83010BD00BF6A
:1017D00010B50446FCF71CFE214602460020FDF72A
:1017E0001FF9034901220020FDF71AF9002010BD5E
:1017F000F07401080FB430B5B5B038AC0E4954F8E8
:10180000045BCA2201A8FFF795FF23462A460B482E
:10181000009401A900F06AFDBDF8CC2004462AB965
:10182000204635B0BDE8304004B0704701A9002023
:10183000FDF7F6F8F4E700BFB0610108A917010849
:1018400000F044BD9A4238BF88547047704700BFCB
:101850002DE9F04F83B00F4612990D9C9DF838503A
:10186000984611F0020306469446DDE9100A0093FB
:101870002ED1BAF1000F40F0A280844228D2202C51
:1018800001F0010E00F088810C9B621E1A444FF09B
:10189000300B734602E0202C00F0E7800134A042B8
:1018A00002F801BFF7D89E4693B1544510D2202CC0
:1018B00000F0CF810C9B621E1A444FF0300E02E004
:1018C000202C00F024810134544502F801EFF7D1B7
:1018D000CB061FD54A0500F1A580002C40F09E8064
:1018E0000F9B102B00F045810F9B022B00F04E81C7
:1018F0000C9B30221A70012401F00302002D00F02D
:10190000CA800C9B2D21195501340AB954450ED3B8
:10191000654626E001F00302202CEFD1002A40F0BA
:101920008F80BAF1200F88BF202440F2898065465D
:10193000A4EB0C0BE1462A464346013539462020EC
:10194000B04705EB0B035345F5D30AF1FF35621C95
:101950002D1B924538BF002509F10102CC461544E4
:10196000C4B10C9BCDF844A005EB040903EB090BB3
:101970001C44CDF804C09A46ABEB040214F8010DE8
:1019800043463946B047A2454D46F5D1DDF804C07F
:10199000DDF844A0009B73B1A5EB0C09D1450AD238
:1019A0002A4643463946202009F10109B047D1456E
:1019B00005F10105F4D3284603B0BDE8F08F11F01E
:1019C000010E73D0002D40F08B8011F00C0F40F011
:1019D00087808442BFF469AF202C7FF455AFBAF101
:1019E000200F40F23281CB0640F1BE804A0500F163
:1019F0001981202816D11F200F9B102B00F0F28098
:101A00000F9B022B1FD0441C01F0030227E0CB06E2
:101A10007FF57EAF4A054FF0200403D4A04262D088
:101A2000544560D00F9B01F00302102B104673D079
:101A30000F9B022B0ED1202C08D100283FF471AF50
:101A4000654620248DE7044601F003020C9B6220CA
:101A500018550134202C3FF461AF204601340C9B13
:101A60004FF0300E03F800E056E79E46002B00F0E2
:101A7000CB80BAF1200FCAD9CB0675D54A0500F143
:101A8000D180202800F0DA80BAF1200F40F08D805C
:101A900054461F20B0E74B0747D50C9B2B21195507
:101AA0000134002A3FF432AF65465AE78442BFF45E
:101AB0000FAF202C7FF4E8AECC067FF532AF4C059B
:101AC0003FF52FAF202800F0B980BAF1200FDFD00A
:101AD0000F9B102B3FF425AF0F9B022B19D120E752
:101AE0000AF1FF3A75E7601E86D10F9B102B6BD071
:101AF0000F9B022B7FF4FCAE0C9B0F9C62221A7092
:101B000030225A7001F00302002DC4D0F9E6CC0651
:101B100080D401F0030201E78B0611D4202C8CD075
:101B20000C9B78201855013494E70D0713D48ABB19
:101B30005445FFF4FCAE002C7FF4EAAE65463AE76C
:101B4000202C3FF47AAF0C9B18194FF0580E01343B
:101B500080F800E07EE70C9B202119550134002A13
:101B60003FF4D4AE6546FCE68D073FF4E0AE654633
:101B7000F7E688060CD558220C9B1A7030225A7052
:101B8000022401F00302002D85D0BAE66222F3E7B9
:101B90007822F1E76546E3E6BEF1000F50D0CB06B0
:101BA0007FF5B6AE4B057FF524AF0F9B01F0030028
:101BB000102B02463FF441AF0F9B022B7FF4AEAED9
:101BC00000287FF43DAFACE68A0625D50C9B582251
:101BD0001A7030225A70022401F00302002D3FF4E3
:101BE0005AAF8EE68B06A4F1020206D40C9B782035
:101BF0009854013C01F003022FE70C9B58209854A5
:101C0000013C01F0030228E7CA0682D54A05CCD47C
:101C1000202813D0202403E70C9B78221A7030224E
:101C20005A70D8E70F9B102B01F003003FF405AF6B
:101C30000F9B022B3FF401AF02466FE60446DAE643
:101C4000CB063FF53CAF65468BE6CA06DED465465B
:101C500087E6CC063FF512AF5BE700BF2DE9F04FFA
:101C600093B01C9C9DF874B01E9DDDF884E02CB9E7
:101C70002EF010061EF4806FB64635D11EF0200FF0
:101C800014BF4FF041094FF061090AAFA9F10A09E9
:101C9000B8460026099002E0202E15D05446B4FB29
:101CA000F5FA05FB1A4C5FFA8CF0BCF1090F00F154
:101CB000300C8ABF48445FFA8CF0C0B2AC4208F8DE
:101CC000010B06F10106E7D20998209C05941F9CA0
:101CD000CDF818E0CDE90354CDE9016B0097FFF78B
:101CE000B7FD13B0BDE8F08F26460AAFEDE700BFA1
:101CF0002DE9F04F97B0DDE92478209E219C0993CF
:101D000056EA04039DF888C0DDF8A0B08E4605D1E0
:101D10002BF010031BF4806F9B4645D11BF0200F66
:101D20000EAB14BF4FF0410A4FF0610ACDF8A0B0DE
:101D3000CDE90A0ECDE90C2CAAF10A0A9946002534
:101D40009B4603E0202D17D006460C4621463A4616
:101D500043463046FCF722FBD2B2092A02F1300397
:101D60008ABF5244DAB2D2B2BE4274EB080409F818
:101D7000012B05F10105E5D2DDE90A0EDDE90C2CA8
:101D80005B46DDF8A0B02799059126990093CDE92F
:101D90000371CDE9015C099BCDF818B07146FFF7DE
:101DA00057FD17B0BDE8F08F00250EABEBE700BF85
:101DB00010B1D1E900311847704700BF2DE9F04F4D
:101DC0001C46B1F1000A8D4B8FB018BF81462078B8
:101DD000DDF860B0904608BF9946002800F0D38136
:101DE000002507E02A46434651460135C84720787A
:101DF00000285ED0252804F10104F3D100232246F7
:101E000012F8010BA0F1200110290AD8DFE801F037
:101E100034090930090909090909092C092809099E
:101E20002400A0F13001092951D92A2800F094801A
:101E300000262E285CD00021A0F16807122F23D89D
:101E4000DFE807F0A2229D229522222222222222CE
:101E50001E22222222221E0043F001031446CEE756
:101E600043F002031446CAE743F004031446C6E7EE
:101E700043F010031446C2E743F008031446BEE7DC
:101E8000607843F4807301327828144609D86328B7
:101E90003DD8622800F0B88163287DD0252840F025
:101EA0003D812A4643465146C847207801350028DF
:101EB000A0D12C46A84501D808F1FF3543462A4653
:101EC00051460020C84720460FB0BDE8F08F0026DD
:101ED00006EB860600EB46061078A0F130010929D2
:101EE0001446A6F1300602F10102F1D92E28A2D142
:101EF0006078A0F13001092943F48063174640F26D
:101F0000EF802A2800F002811446013293E7A0F105
:101F1000640E01225FFA8EFE02FA0EFE384A1EEAB5
:101F2000020E40F0AD80732854D07028B9D143F030
:101F3000210305930823049310230391CDF804E0B3
:101F400002935BF8043B00932A46434651464846B9
:101F5000FFF784FE05464AE75BF8046B6078002EC5
:101F60001446BCBF43F002037642013261E7607859
:101F70006C2886D1A07843F44073E21C84E7607833
:101F800043F4007301327FE76078682800F0F68040
:101F900043F08003013277E70BF1040298070A92BD
:101FA00005F1010740F111812A469BF800004346E4
:101FB0005146C847012E88BFAD1940F249813A46C3
:101FC0004346013751462020C847BD42F7D1DDF8CE
:101FD00028B00CE75A4652F804CB0A929CF800B09D
:101FE0005846002940F08C80BBF1000F13D06FF0F1
:101FF000010E0EF1010EE644624606E04D1801089E
:1020000021081200964500F0B38012F8017F002FDE
:10201000F8D1A2EB0C0E13F4806702D08E4528BFD6
:102020008E4613F002030B9300F0B080BBF1000F5B
:1020300017D0CDE90CE6E3462A460E464346514604
:102040001FB106F1FF3C3EB16646C8471BF8010FC1
:1020500001352A460028F1D10B9BDDE90CE6002B67
:10206000B5D076452F46B2D93544A5EB0E053A4694
:102070004346013751462020C847BD42F7D1A6E765
:102080006F2800F0BF806DD8692823F0100240F05F
:1020900017815F0548BF23F01102900500F1DD8034
:1020A000D3050BF1040700F1D580500640F1F6800E
:1020B0009BF900300391002B4FF00A0102914FEA87
:1020C000D371B8BF5B42CDE9046201912A46009307
:1020D000434651464846FFF7C1FDBB46054686E6E6
:1020E000002101EB810100EB4100A0F1300117F864
:1020F000010FA0F13002092AF3D93C467A1C9BE675
:10210000BBF1000F87D001F1FF3E72E75BF8041BC3
:10211000A078023421EAE171621C8DE658287FF430
:10212000C0AE43F020031022580524D423F00C0342
:1021300013F400706AD113F4807F0BF1040740F0B0
:10214000B28058067BD418064CBFBBF80000DBF801
:1021500000000090CDE904630023CDE90221019342
:102160002A46B5E7782868D023F010030A22DBE777
:10217000AEEB0C0E4FE723F00D03D9E7A07843F048
:10218000C003E21C80E60446054693E6764540F22D
:10219000948006EB050BCDE90C7CABEB0E0B0F46E8
:1021A0002A464346013551462020C8475D45F7D1B0
:1021B000DDF834C039469CF800B00C9F06F1010EE2
:1021C000584600287FF435AF01E7012E3AD96B1E3F
:1021D0003344CDF82CB02F469B463A464346013750
:1021E00051462020C847BB45F7D15B46DDF82CB0EF
:1021F0001A469BF8000043465146C8473544DDF86F
:1022000028B0F4E508228FE702228DE7CDE90763C5
:102210000BF1070B002306910492059302932BF018
:10222000070BFBE802672A46CDE9006743465146A3
:102230004846FFF75DFD0546D9E5102274E79BF897
:10224000000086E79BF800002A4643465146C847EF
:102250003D46BCE6DBF800302CE70BF1070B2BF01A
:10226000070BDBF804305BF8080B0691D90FCDE9BA
:1022700007620291024600210A20002BCDE90401E9
:1022800002DA524263EB4303CDE9002351462A466A
:1022900043464846FFF72CFD0546A8E51306D9D569
:1022A000BBF9003006E7CDE90221CDE904630190D6
:1022B000DBF8003000932A460AE70EF1010E7FE7B3
:1022C00064283FF4E6AE13460A222DE700B583B03A
:1022D00084460093044813460A466146FFF76EFDA4
:1022E00003B05DF804FB00BF4518010810B584B0C9
:1022F0000446CDE90241009302A9134603484FF07A
:10230000FF32FFF75BFD04B010BD00BFB11D010837
:10231000F8B500BFF8BC08BC9E467047F8B500BFD2
:08232000F8BC08BC9E467047A2
:10232800A0860100400D0300801A060000350C004D
:1023380040420F0080841E0000093D0000127A0010
:102348000024F40000366E010048E801006CDC024D
:10235800000000000000000001020304060708094D
:1023680000000000010203040C00180030004800BF
:10237800780000000AD7233D295C8F3D295C0F3E79
:102388005C8F423E0AD7A33E000000007C7501081E
:102398000200000088750108040000009875010813
:1023A80008000000A875010810000000B8750108B1
:1023B80020000000C875010840000000D875010819
:1023C800800000000000000000000000293C000020
:1023D800163B0000D7630000325F000073880000DE
:1023E8005D7D00004AAC0000A6970000A4D0000064
:1023F8000FAF00004CF70000A3C4000070FB000002
:10240800F3E80000F6D20000C0BB0000DCA4000026
:10241800E58E0000338200007D7B7C7AE7E61BE8CE
:1024280095B9AAAB010203040506004948303231C8
:10243800332F4B4A9EA09F898A8B8CEDE907ACB15C
:1024480091C696CA9ABEC2BACED2D6E2DADE764033
:10245800447F64B5600D218D3C37A66C2768582BE6
:10246800705C144C5054EEEA08ADB292C797CB9BFF
:10247800BFC3BBCFD3D7E3DBDF7741458065B66108
:102488000E228E3D38A76D2869592C715D154D5166
:1024980055EFEB09AEB393C898CC9CC0C4BCD0D45C
:1024A800D8E4DCE07842468166B7620F238F3E3974
:1024B800A86E296A5A2D725E164E5256F0EC0AAF73
:1024C800B494C999CD9DC1C5BDD1D5D9E5DDE17912
:1024D80043478267B8631024903F3AA96F2A6B5B21
:1024E8002E735F174F5357888586261F83843BA119
:1024F800A213181A190C0B348711000000000300EE
:102508006836010800000100643601080300010074
:1025180060360108010001005C3601080300010073
:102528005836010800000100543601080000010077
:1025380050360108000001004C3601080000010077
:102548004836010800000100443601080000010077
:1025580040360108010C01003C360108FF03010068
:1025680038360108BD00010034360108BD000100FD
:1025780030360108BD0001002C360108BD000100FD
:102588002836010800000100243601080100010076
:102598002036010801002000A035010800000100D4
:1025A8009C35010800000100983501080000010071
:1025B8009435010800000100903501085000020020
:1025C80088350108C05D010084350108400101001B
:1025D80080350108150001007C3501080000010064
:1025E8007835010800000100743501080000010079
:1025F8007035010801000200683501080100030078
:102608005C3501085D000100583501085D000100D6
:10261800543501085D000100503501085D000100D6
:102628004C3501080100010048350108000001008F
:102638004435010800000100403501080000010090
:102648003C35010800000100383501080000010090
:102658003435010800000100303501080000010090
:102668002C35010800000100283501080000010090
:102678002435010800000300183501080000040093
:1026880008350108000001000435010800000100B8
:102698000035010800000300F434010800000100BF
:1026A800F034010802000200E834010800000200CA
:1026B800E034010800000100DC34010800000100DA
:1026C800D834010800000100D434010800000100DA
:1026D800D034010800000500BC34010800000100E6
:1026E800B834010800000100B434010800000100FA
:1026F800B034010800000100AC34010801000500F5
:10270800983401080100050084340108010005001F
:1027180070340108010005005C3401080000010064
:102728005834010800000100543401080000010079
:1027380050340108000001004C3401080000090071
:102748002834010800000A000034010800000500D0
:10275800EC33010800000500D8330108000001002F
:10276800D433010800000100D03301080000010043
:10277800CC33010800000100C83301080000010043
:10278800C433010800000100C03301080000010043
:10279800BC33010800000100B83301080000010043
:1027A800B433010800000100B03301080000010043
:1027B800AC33010800000100A83301080000010043
:1027C800A433010800000100A03301080000010043
:1027D8009C33010800000100983301080000010043
:1027E8009433010800000100903301080000010043
:1027F8008C3301080000010088330108010005003E
:102808007433010801000500603301080100050068
:102818004C330108010005003833010801000100AC
:1028280034330108010001003033010801000100C0
:102838002C330108010001002833010817000100AA
:102848002433010817000100203301081700010094
:102858001C330108170001001833010807000100A4
:1028680014330108070001001033010807000100B4
:102878000C330108070001000833010801000100BA
:1028880004330108010001000033010801000100C0
:10289800FC32010801000100F832010800000100C3
:1028A800F432010801000100F032010800000100C3
:1028B800EC32010800000100E832010800000100C4
:1028C800E432010800000100E03201083F00010085
:1028D800DC32010804000100D832010800000100C0
:1028E800D432010801000100D032010800000100C3
:1028F800CC32010803000100C832010803000100BE
:10290800C432010803000100C032010803000100BD
:10291800BC3201089D000100B83201084D000100D9
:10292800B432010801000500A03201081F000100AF
:102938009C320108000001009832010801000200E1
:1029480090320108000005007C32010800000300F5
:10295800703201080000030064320108000003001F
:10296800583201080000010054320108000001003B
:1029780050320108000001004C320108000001003B
:10298800483201080000010044320108000001003B
:1029980040320108000001003C320108000001003B
:1029A800383201080000020030320108000001003E
:1029B8002C32010800000100283201080000010043
:1029C8002432010800000100203201080000010043
:1029D8001C32010800000100183201080000010043
:1029E800143201080000010010320108000005003F
:1029F800FC31010800000100F83101080000010065
:102A0800F431010800000100F03101080000010064
:102A1800EC31010800000100E83101080000010064
:102A2800E431010800000100E03101080000010064
:102A3800DC31010800000100D83101080000010064
:102A4800D431010800000100D0310108050001005F
:102A5800CC31010845000100C8310108000002001E
:102A6800C031010800000200B8310108000002006E
:102A7800B031010800000200A83101080A00010075
:102A8800A431010800000100A03101080000010084
:102A98009C31010800000100983101080000010084
:102AA800943101080100050080310108010005008A
:102AB8006C310108010005005831010801000500CA
:102AC80044310108000002003C3101080000010007
:102AD800383101080000010034310108000001000C
:102AE80030310108000001002C310108000001000C
:102AF800283101080000010024310108000001000C
:102B080020310108000001001C310108000001000B
:102B1800183101080000010014310108000001000B
:102B280010310108000001000C310108000001000B
:102B3800083101080000010004310108000001000B
:102B48000031010800000100FC300108000001000C
:102B5800F830010800000100F4300108000001000D
:102B6800F030010800000100EC300108000001000D
:102B7800E830010800000100E4300108000001000D
:102B8800E030010800000100DC300108000001000D
:102B9800D830010800000100D4300108000001000D
:102BA800D030010800000100CC300108000001000D
:102BB800C830010800000100C4300108000001000D
:102BC800C030010800000100BC300108000001000D
:102BD800B830010800000100B4300108000001000D
:102BE800B030010800000100AC300108000001000D
:102BF800A830010800000100A4300108000001000D
:102C0800A0300108000001009C300108000001000C
:102C1800983001080000010094300108000001000C
:102C280090300108000001008C300108000001000C
:102C380088300108080001008430010820000100E4
:102C480080300108000001007C300108000001000C
:102C5800783001080000010074300108000001000C
:102C680070300108000001006C300108000001000C
:102C7800683001080000010064300108000001000C
:102C880060300108000001005C3001080604010002
:102C98001F1915120F0D0C0B004026449A99474234
:102CA800000000000000804085EB5140000000005B
:102CB800CDCC344133335B41000098410000A4413E
:102CC800CDCCAC41000002005037010800000100E3
:102CD8004C370108030001004837010801000100D2
:102CE80044370108030001004037010800000100D3
:102CF8003C370108000001003837010800000100D6
:102D080034370108000001003037010800000400D2
:102D180020370108000001001C37010804000100E9
:102D28001837010804000100143701080C030200D9
:102D38000C370108C05D0100083701084001080090
:102D4800E836010815000100E4360108000001001A
:102D5800E036010800000100DC360108000001002F
:102D6800D836010801000300CC3601080200020031
:102D7800C436010800000200BC360108000001004A
:102D8800B836010801000100B43601083F0001000F
:102D9800B036010804000100AC360108000001004B
:102DA800A836010801000100A4360108000001004E
:102DB800A0360108000001009C360108000001004F
:102DC800983601080000010094360108050001004A
:102DD80090360108450001008C3601080A00010000
:102DE8008836010800000100843601080800010047
:102DF8008036010820000200783601080000010032
:102E08007436010800BE87BD8EBD14BD19BDA0BCB7
:102E180027BCAEBBADAD33ACB8AABEA8CBADD2AB68
:102E280058A95FA7DC9FE19B67986C947390F58A1B
:102E3800F8857A80F9C379C779CBF8CE75D1F4D4FF
:102E480072D871DBF8E0F7E4F5E8F2EC56E952ECF9
:102E58004EEFC9F139F0B3F22DF527F71DF515F648
:102E68008CF784F8837A897A0F7A147A9A7720779C
:102E78002776AD752E6EB46CB96B3F6A4F71D56EFF
:102E88005C6CE269DC5F615CE558EA54DE4DDF4961
:102E980061466242F7017705F608F60BF50E7412E3
:102EA800F215711951164F19CC1BCA1E5C28D72B65
:102EB800532F4E32392C342F2E32A93423399A3AD3
:102EC800923B093D093D093D093D093D093D093D43
:102ED800093D093D093D093D093D093D093D093DBA
:102EE800093D093D093D093D093D093D093D093DAA
:102EF800093D093D093D093D093D093D093D093D9A
:102F0800093D093D3475010800000100000000007A
:102F1800000000004D000100E55E00080000000010
:102F28001C000100395D0008000000002C000800AA
:102F3800855D00080000000060000100C55D000814
:102F4800000000007D000800FD5D00080000000092
:102F5800620010003D5E0008447501081701010079
:102F6800000000000000000018011000A55E000825
:102F7800607501083700010000000000613132313E
:102F88002D76312E31302E30000000000000000078
:102F98000000000000000000000000000000000029
:102FA8000000000000000000000000000000000019
:102FB8000000000000000000000000000000000009
:102FC80000000000000000000000000000000000F9
:102FD80000000000FFFF00005117010861170108F9
:102FE800000000007D1C0008E502000850000000F9
:102FF800A00001000800100100000001030000000B
:1030080050000000A00001000800100100000001AD
:103018000300000050000000A0000100080010019B
:10302800000000010300000050000000A0000100A3
:10303800080010010000000103000000000000006B
:103048000000000001000000010001000200010072
:10305800A000000032033000F702B000C202B00046
:103068008D02B0005802B000F8029000C302900030
:103078008E02900059029000E400D000F400900005
:10308800F700D1000703B000D202B0009D02B000E3
:103098006802B00005033100D00231009B02310004
:1030A8006602310005033000D00230009B02300078
:1030B800660230000603B000D102B0009C02B000E6
:1030C8006702B00001033100CC02310097023100E1
:1030D800620231000403B200CF02B2009A02B200C9
:1030E8006502B20013031002DE021002A9021002E8
:1030F800740210020B031002D6021002A102100281
:103108006C0210020303B000CE02B0009902B000B6
:103118006402B0000203B000CD02B0009802B00013
:103128006302B00002033500CD0235009802350075
:10313800630235003A01B0004601B00019022500CB
:10314800380225003C0225004302250047022500DD
:10315800D7012500F6012500FA0125000102250006
:103168000502250095012500B4012500B8012500B8
:10317800BF012500C3012500530125007201250068
:10318800760125007D01250081012500FB029000C4
:10319800C6029000910290005C029000470304026E
:1031A800FE02081028030810C9020810F3020810CC
:1031B80094020810BE0208105F0208108902081065
:1031C800DE00F700DE00F0002402F000E201F0006B
:1031D800A001F0005E01F000F3003000F30077007A
:1031E800F300D1007100072072000402A100100250
:1031F800A200100220000810270008103100081053
:103208006F000810750007201B031002E602100269
:10321800B10210027C02100217031002E20210022F
:10322800AD02100278021002C100B0003901B000EE
:10323800FA029000C5029000900290005B02900094
:10324800FC02B001C702B0019202B0015D02B001F8
:103258009100081092000810930008108E000810C2
:103268008F000810900008108B0008108C000810C0
:103278008D00081035000810880008108900081013
:103288008A0008109600081084000810940008109E
:10329800380008104001B000490125004901260006
:1032A800490127004901280049012900B803B00154
:1032B800B903B0014202040200020402BE01040282
:1032C8007C01040236015100F2003000F200770060
:1032D800F200D100F500D0000F031002DA0210024C
:1032E800A5021002700210023203310032033200CC
:1032F80025020720E3010720A10107205F0107201D
:1033080026020402E4010402A2010402600104028C
:1033180028020402E6010402A40104026201040274
:1033280041020720FF010720BD0107207B0107207C
:1033380019022B0038022B003C022B0043022B0001
:1033480047022B00D7012B00F6012B00FA012B00B6
:1033580001022B0005022B0095012B00B4012B0064
:10336800B8012B00BF012B00C3012B0053012B0018
:1033780072012B0076012B007D012B0081012B00AF
:103388002F020720ED010720AB0107206901072064
:1033980031020402EF010402AD0104026B010402D0
:1033A8005302A4001102A400CF01A4008D01A400BF
:1033B8005202A4001002A400CE01A4008C01A400B3
:1033C8005102A4000F02A400CD01A4008B01A400A7
:1033D800250007202F000710730008107C00081034
:1033E8007E0008101F000720260007103000071075
:1033F800740008107B00081028000720320007100E
:103408003900081041000710460005104B0008203D
:103418004C0008204F0008105400082055000820D0
:103428002100072029000710330007103A00081070
:1034380040000710470005104A00082050000810F7
:1034480053000810F6029000C10290008C02900010
:103458005702900019023701380237013C02370140
:103468004302370147023701D7013701F601370117
:10347800FA013701010237010502370195013701C9
:10348800B4013701B8013701BF013701C301370162
:103498005301370172013701760137017D01370188
:1034A800810137011502B001D301B0019101B001CA
:1034B8004F01B0012E0007106B0007107F00082095
:1034C80080000810820007201402F000D201F000EA
:1034D8009001F0004E01F0002B0330002F03300064
:1034E8002B0354002F035400360007103F00081028
:1034F80086000820AF000810590010025A00100278
:10350800220008102A000810340008103E00081095
:103518001B00051067000810680008201F0207201C
:10352800DD0107209B010720590107202002040222
:10353800DE0104029C0104025A010402480104024B
:10354800110107202003B001EB02B001B602B0015F
:103558008102B001060024000D002400140024009C
:103568006A0008204A01260033015700330155003C
:10357800330153003501B00016010402FB000402B8
:10358800000104020B0104022B020402E9010402F7
:10359800A7010402650104027501062078013100C3
:1035A800780132007901062080010620830132006B
:1035B800840106208A010620B7010620BA013100DD
:1035C800BA013200BB010620C2010620C501320043
:1035D800C6010620CC010620F9010620FC013100B5
:1035E800FC013200FD010620040206200702320019
:1035F800080206200E0206203B0206203E02310089
:103608003E0232003F0206204602062049023200EE
:103618004A0206205002062028010810C500D000E2
:103628002103B001EC02B001B702B0018202B0017F
:103638009C0090019D009001F902D000C402D000C6
:103648008F02D0005A02D000DF005A00DF00390094
:10365800DF005600DF003500DF005200DF003100D8
:10366800B6003200BD003200BF0032005C013000FD
:103678003700D000C802D000B4009000B700D100D5
:10368800FA000402E200F700E200F000B3003000A4
:10369800B3007700B300D100D6005100B20030006B
:1036A800B2007700B200D100B500D0005C01310053
:1036B8005C013200290030002D0030002900540040
:1036C8002D005400060024000D00240014002400DE
:1036D800D3005700D3005500D3005300D500B000E5
:1036E800AC0004021B030402F5040402FA040402F9
:1036F8000105040206050402210504025805040216
:10370800180504026C010402220304023204B0000A
:103718007204B000CF040402C9043701CC04370195
:10372800D0043701D30437016105B0006305D00028
:10373800E3005A00E3003900E3005600E3003500D7
:10374800E3005200E300310059003200600032000B
:1037580030BFC36335030100E501080035030800E5
:10376800850301008503000014000000A84700003D
:1037780035030100E5011000350310008503010041
:103788008503000014000000A8470000350301006D
:10379800E5012000350320008503010085030000B2
:1037A80014000000D832000000000000B84B0000F0
:1037B8002508000035080100450801004008000000
:1037C80088090000A506A00B0000000017020000F1
:1037D800F00900003702000070050000A80F000083
:1037E800000000008702000080020000F0090000CD
:1037F800B7020000B0020000700500009810000039
:10380800084600000000000020030000200300001C
:1038180020030000F00900005003000050030000DE
:1038280070050000A0060000E0030000C84C00007E
:10383800100C0000404A0000204C00004804000022
:103848005835000078360000500A0000500A000081
:10385800E001000040020000D70200001400000050
:10386800050800008506C0098006400A8006200970
:103878000900000018370000A80F00009810000089
:10388800084600000900000018370000404A000000
:10389800204C00000900000018370000204C0000F0
:1038A800981000000846000009000000F8490000D0
:1038B8008848000055050000650500004505010021
:1038C80009000000E5010800A506000085150400B0
:1038D80035030300E501080035030800C506A46E9A
:1038E800B83700008503010085030000A0380000F8
:1038F8002838000009000000D0130000E00600008E
:10390800880800001707000068250000F00900007B
:10391800680900002708000002000000404A000073
:10392800204C0000B707000035070300D84E000000
:103938000A00000035070200F8090000A00F000087
:1039480090100000000000000046000088080000F9
:1039580060090000430000005708000078280000B4
:10396800D8130000000000001848000009000000FB
:1039780060250000E014000070280000B028000056
:1039880000190000C02B0000002C0000201D0000C2
:10399800102F0000502F000040210000603200006E
:1039A800D813000009000000E0140000090000001E
:1039B800F5010100060000088515020085150100C3
:1039C8009515FF03A515010C09000000A849000082
:1039D8001848000025050000350500001505010000
:1039E80009000000D50701002506646B3507890D1D
:1039F8004507890D85061400D84E00002A000000EE
:103A08002506000085060000450700001048000054
:103A18000900000045000000E5018600350084002B
:103A28004201000043000000B50C0B0082CE0100EB
:103A380043000000683300002839000045000100F9
:103A480009000000B50C000009000000B50C0000DA
:103A580009000000A50B0000F50B0000050C120082
:103A6800150C0000E50B0000950B0500483B000015
:103A78000620220038420000B5020400750200004A
:103A880065024000E5010101B5020101A8410000FD
:103A980065020000783F0000A8420000D83B000003
:103AA800017C0007F2030000017C010006004000D1
:103AB8004300000001000005283C00000900000048
:103AC800D5080A00E5081A00450285225502FD01BD
:103AD80009000000A5010000D5000000E500000075
:103AE800F500200005010000150100002501000077
:103AF8003501000085010000450100005501000066
:103B080065010000750100009501000095000100A5
:103B18007500FF3709000000350A0900550A000042
:103B2800C50A0800650A3F08250A6000950A0100D1
:103B3800250A7F0009000000D83C000002DC0500CF
:103B480043000000D5000000E500000075000300F8
:103B58000205000043000000850003002500000066
:103B6800180B000025000100E501020075000000A7
:103B780009000000583A0000180E00000205000075
:103B8800430000008500FF37D50A4F007500FF3F4E
:103B98008500FF3F50110000050A6B01050A080166
:103BA800050AB502E50C01000214000043000000FC
:103BB800280F0000450301004503020038130000E8
:103BC800483B0000184500005845000078440000B4
:103BD800A845000025000000E501000535000005A6
:103BE800E501020015000000020F0000430000007C
:103BF80018430000883A0000E50101003500010083
:103C08006201000043000000C80D0000784E00006B
:103C1800250901009500FF4009000000050D01007D
:103C2800250D0100150D1500A50A0100450D870099
:103C380009000000A50B0000F50A000025022E006F
:103C480009000000083B000078440000E5011F005F
:103C5800150B1F0038420000C8400000A8420000B1
:103C680006202200E50A0800F50A0000883B00004B
:103C780002000000E103000343000000010080028D
:103C8800283C000009000000350200001502000071
:103C9800060220002200000032000000E17F8000C0
:103CA80001F400001600000043000000C6010000F7
:103CB80043000000E715000002000000F8160000AD
:103CC8004300000006001C003502000090160000AA
:103CD800720000000602000072010000F8160000E1
:103CE800430000000200000006001C004300000022
:103CF80043000000E7160000060200000200000072
:103D0800F81600004300000009000000120000003F
:103D180001F4000012000000E17F8000260000008E
:103D280001F4010000008000E17F8000E60100004E
:103D380001F407000000800743000000601800003D
:103D480032000000E17F80002600000001F403003B
:103D580000008000E17F8000E601000001F4070018
:103D68000000800743000000060040001600000025
:103D7800430000002600000000008000060000004C
:103D88000600000006000000017480000900000021
:103D98003502000015020000060220002200000083
:103DA80032000000E17F800001F4000016000000EE
:103DB80043000000C601000043000000071A00008D
:103DC80002000000181B00004300000006001C0051
:103DD80035020000B01A0000720000000602000060
:103DE80072010000181B00004300000002000000E0
:103DF80006001C004300000043000000071B0000F1
:103E08000602000002000000181B0000430000002A
:103E1800090000001200000001F400001200000078
:103E2800E17F80002600000001F40100000080000E
:103E3800E17F8000E601000001F407000000800730
:103E480043000000801C000032000000E17F800079
:103E58002600000001F4030000008000E17F8000DC
:103E6800E601000001F4070000008007430000009D
:103E78000600400016000000430000002600000075
:103E88000000800006000000060000000600000098
:103E980001748000090000003502000015020000CE
:103EA800060220002200000032000000E17F8000AE
:103EB80001F400001600000043000000C6010000E5
:103EC80043000000271E000002000000381F000009
:103ED8004300000006001C0035020000D01E000050
:103EE800720000000602000072010000381F000086
:103EF800430000000200000006001C004300000010
:103F080043000000271F0000060200000200000016
:103F1800381F0000430000000900000012000000E4
:103F280001F4000012000000E17F8000260000007C
:103F380001F4010000008000E17F8000E60100003C
:103F480001F407000000800743000000A0200000E3
:103F580032000000E17F80002600000001F4030029
:103F680000008000E17F8000E601000001F4070006
:103F78000000800743000000060040001600000013
:103F8800430000002600000000008000060000003A
:103F9800060000000600000001748000090000000F
:103FA8003502000015020000060220002200000071
:103FB80032000000E17F800001F4000016000000DC
:103FC80043000000C6010000430000004722000033
:103FD80002000000582300004300000006001C00F7
:103FE80035020000F0220000720000000602000006
:103FF8007201000058230000430000000200000086
:1040080006001C0043000000430000004723000096
:1040180006020000020000005823000043000000D0
:10402800090000001200000001F400001200000066
:10403800E17F80002600000001F4010000008000FC
:10404800E17F8000E601000001F40700000080071E
:1040580043000000C024000032000000E17F80001F
:104068002600000001F4030000008000E17F8000CA
:10407800E601000001F4070000008007430000008B
:104088000600400016000000430000002600000063
:104098000000800006000000060000000600000086
:1040A800017480000900000098130000F50B00005F
:1040B800050C0000150C0000E50B0000950B000036
:1040C800E50A000005020000062002001034000086
:1040D800050B0000050B0C00050B0000150B00007C
:1040E800250B0000350B0100450B0000550B0000A7
:1040F800650B000038420000B5020400750200009C
:1041080065020000E5010900B5020900A8410000A8
:1041180065020000E5014100B5024100A841000028
:1041280065020000783E0000B50204007502000038
:1041380065020000E5010101B5020101A841000086
:1041480065020000783F0000A8420000182800001F
:104158000900000015095D00F508BD00E501002013
:10416800F50800200100000009000000010000051A
:10417800283C0000004E00000900000098130000D1
:10418800F50B0000050C0000150C0000E50B000005
:10419800950B0000E50A0000050200000620020059
:1041A80010340000050B0000050B0C00050B000087
:1041B800150B0000250B0000350B0100450B000016
:1041C800550B0000650B000038420000B5020400E2
:1041D8007502000065020000E5010900B50209004A
:1041E800A841000065020000E5014100B502410058
:1041F800A841000065020000783E0000B5020400F6
:104208007502000065020000E5010101B502010127
:10421800A841000065020000783F0000A8420000A5
:10422800682B00000900000015095D00F508BD00B5
:10423800E5010020F5080020010000000900000049
:1042480001000005283C0000004E000009000000A5
:1042580098130000F50B0000050C0000150C000079
:10426800E50B0000950B0000E50A000005020000C0
:104278000620020010340000050B0000050B0C009E
:10428800050B0000150B0000250B0000350B010085
:10429800450B0000550B0000650B0000384200007C
:1042A800B50204007502000065020000E50109007E
:1042B800B5020900A841000065020000E5014100BF
:1042C800B5024100A841000065020000783E0000E8
:1042D800B50204007502000065020000E501010155
:1042E800B5020101A841000065020000783F000006
:1042F800A8420000B82E00000900000015095D0062
:10430800F508BD00E5010020F508002001000000C7
:104318000900000001000005283C0000004E0000D4
:104328000900000098130000F50B0000050C0000C0
:10433800150C0000E50B0000950B0000E50A0000D5
:10434800050200000620020010340000050B0000E2
:10435800050B0C00050B0000150B0000250B0000D9
:10436800350B0100450B0000550B0000650B0000E4
:1043780038420000B5020400750200006502000022
:10438800E5010900B5020900A84100006502000026
:10439800E5014100B5024100A841000065020000A6
:1043A800783E0000B50204007502000065020000B6
:1043B800E5010101B5020101A84100006502000004
:1043C800783F0000A8420000083200000900000001
:1043D80015095D00F508BD00E5010020F50800207D
:1043E800010000000900000001000005283C000051
:1043F800004E000009000000E5013100C50820005A
:10440800090000006503C000B5070200B5082A00CE
:10441800A83200000900000055080200F505010057
:10442800350C040009000000D50701002506E4004A
:1044380065070600E507080045061400D84E000089
:104448000A000000F8480000284900006507270016
:1044580009000000350C0200350C0300E5010100DD
:10446800050B0100E5010200D50A0000A2000000CA
:104478004300000009000000E5010800A50600004F
:1044880025030300E501080025030800C506046F9D
:10449800B837000095030100950300002838000094
:1044A8000900000015080000E5010800A50608003D
:1044B800D84E00002A00000009000000250800006E
:1044C800250600003507030045070300D84E000005
:1044D8000A0000000900000025080100090000008A
:1044E800F50101100600000809000000E5010400BC
:1044F80085060400D50701002506C46DD84E0000C6
:104508002A000000090000002506000085060000BA
:1045180009000000E836000018480000884800003C
:1045280009000000E5011000350310000900000033
:10453800E50110002503100009000000D50701005F
:1045480025061400D84E00002A00000025060000A9
:10455800C506000009000000E5061800D84E000056
:104568000A000000E506000035080100880900007F
:10457800A506A00B0900000005071800D84E00008A
:104588000A00000005070000450801004836000041
:10459800A506406909000000E50186003500840091
:1045A8004201000043000000E5010300B50C0100D2
:1045B8006200000043000000D50701002506E40062
:1045C80065070600E507080045061800D84E0000F4
:1045D8000A000000F8480000284900006507270085
:1045E80009000000E5010300B50C03000900000004
:1045F80068330000E5010200350002006201000096
:1046080043000000E50184003500000009000000B7
:104618001502360005020E0025022E0009000000D2
:104628001502360005020E0025029300090000005D
:1046380015094D00F5089D00E5010020F50800204A
:104648000900000015095D00F508BD00E50100201E
:10465800F508002009000000E5010020F508000029
:10466800000000000000000025000100E501020034
:104678001500020025000000E501020015000000F9
:104688000900000065007F000900000065000000C7
:10469800090000007500010009000000D5000000B5
:1046A800E50102009500020009000000A5010000D4
:1046B800E5000000F50020000501000015010000DC
:1046C80025010000350100004501030055010300E4
:1046D80085010300650103007501030095010300CE
:1046E800E501F77F9500F57F09000000E501FF016E
:1046F8006502E001E5011100B5021100A8410000C2
:10470800E501FF016502FF01E5012100B502210075
:10471800A8410000E501FF016502F801E5018100FB
:10472800B5028100A841000009000000E501FF0171
:104738006502C001E5010102B5020102A8410000BD
:10474800E501FF016502FF01E5010104B50201046D
:10475800A8410000E501FF016502F801E501010833
:10476800B5020108A8410000E501FF016502FF014B
:10477800E5010110B5020110A84100000900000080
:10478800B50204006502003FB5020D00F8410000C3
:104798006502C0FFB5021500F84100006502F0FF90
:1047A800B5028500F84100006502FFFFB50225004B
:1047B800F841000009000000B208000043000000B2
:1047C800E501F91FB502000009000000B208000069
:1047D80043000000B502040009000000E5010005DF
:1047E80035000000E501001835000018E501000556
:1047F8003500000509000000E5010005350000004E
:10480800E501001835000000E50100053500000548
:1048180009000000450A0100450A00006507030079
:10482800D50708002506140058490000A8470000CD
:1048380025073900F50400000505803EE504010060
:10484800D84E00000A000000A8470000F848000001
:104858006507000009000000250A0000950A00000D
:10486800250A0000650A000009000000050B000089
:10487800050B0C00050B0000150B1F00250B000095
:10488800350B0100450B0000550B0000650B0000BF
:1048980009000000F50B0000050C0E00150C0000C7
:1048A80009000000950B0700A50B0400E50A0700A6
:1048B800F50A040009000000D50B0500B50B03003C
:1048C80009000000D50B0500B50B00000900000029
:1048D80038420000B5020400750200006502C03FBE
:1048E800E5010101B5020101A8410000650200FED1
:1048F800783F0000A8420000483B00000620220044
:10490800D83B0000F5090100E50100039509000105
:1049180001F40000D50B0500024B00004300000025
:10492800D50B0900F5090000E50100039509000011
:10493800283C00000900000025070000B50501001B
:104948006200000043000000B5050000E504000017
:104958000900000035070000C505010062000000DD
:1049680043000000C505000015050000090000000F
:1049780045070000D5050100620000004300000063
:10498800D5050000450500000900000025060000C7
:10499800D50700000900000045060000E5070000F3
:1049A8000900000015000400E501080035000000BA
:1049B800150000000900000015000800E5011000BE
:1049C8003500000015000000090000001500100067
:1049D800E501200035000000150000000900000076
:1049E80095000100E50C00002509000028390000A9
:1049F80025000100E501020015000200E50106009E
:104A080085000000E501060075000000D84500009B
:104A1800984E0000E5010100350000006201000029
:104A28004300000028440000D50A0000850001006A
:104A3800183D0000783D0000090000002833000000
:104A4800C500000095140000783D0000383D0000C6
:104A5800F80B000009000000D80B0000E501010078
:104A680085000000E501010075000000383D0000E8
:104A7800E501020015000000F83C000009000000F4
:104A8800950C1300750C3800850C020015023600D1
:104A980005020E0025022E00062022001509ED0051
:104AA800F508DD01E5010020F508002001000005FA
:104AB800010001050100000506004000283C000037
:104AC800750C0000850C0000950C00000900000022
:104AD800350C0000350C0400E5010100050B000051
:104AE800E5010200D50A020009000000450DFF009B
:104AF80009000000450D0000A50A0000050D000092
:104B080009000000520000004300000009000000F6
:104B1800300EB36335030100E501080035030800D2
:104B2800850301008503000014000000A8010000AF
:104B380035030100E501100035031000850301006D
:104B48008503000014000000A801000035030100DF
:104B5800E5012000350320008503010085030000DE
:104B68001400000015000400E501080035000000ED
:104B7800150000000900000025070000B505010028
:104B88006200000043000000B5050000E5040000D5
:104B98000900000025060000D507000009000000F4
:104BA80045060000E5070000090000006503C00095
:104BB800B5070200B5082A00C80200000900000075
:104BC800E5013100C508200009000000520000007E
:104BD800430000000900000065007F000900000094
:104BE800A5010000D5000000E5000000F500200048
:104BF8000501000015010000250100003501000035
:104C08008501000045010000550100006501000014
:104C18007501000095010000950001007500FF373F
:104C280009000000D5000000E5010200950002001F
:104C380009000000A5010000E5000000F5002000C3
:104C480005010000150100002501000035010000E4
:104C580045010300550103008501030065010300B8
:104C68007501030095010300E501F77F9500F57FC5
:104C780009000000B50C0000090000004500000014
:104C8800E501860035008400420100004300000071
:104C9800B50C0B0082CE010043000000880800001C
:104CA800580700004500010009000000E501030065
:104CB800B50C030009000000020F000043000000CB
:104CC8000900000088080000E50102003500020024
:104CD8006201000043000000E50184003500000087
:104CE80009000000E501860035008400420100004B
:104CF80043000000E5010300B50C0100620000005C
:104D080043000000D50701002506E40065070600FA
:104D1800E507080045061800F80200000A00000030
:104D2800180200004802000065072700090000007B
:104D3800D50701002506E40065070600E507080019
:104D480045061400F80200000A00000018020000DE
:104D5800480200006507270009000000550D010002
:104D68000000000075070000C50D900975072700B1
:104D78008513010015140100E501040085130400E2
:104D8800E501040015140400E50108008513080076
:104D9800E501F8011514F8010900000015020000EA
:104DA8000502000025020100062022001509020064
:104DB800F5080400E5010020F508002009000000BE
:104DC80002140000430000000100010001008002FD
:104DD8000600400009000000350A0900550A0000D5
:104DE800C50A0800650A3F08250A6000950A0100FF
:104DF800250A7F0009000000250A0000950A000026
:104E0800250A0000650A000009000000450A0100A3
:104E1800450A000065070300D507080025061400A9
:104E280058010000A801000025073900F50400001A
:104E38000505803EE5040100F80200000A000000B4
:104E4800A801000018020000650700000900000022
:104E5800450A0100450A000009000000050D01008F
:104E6800250D0100150D1500A50A0100450D870047
:104E780009000000450DFF000900000015095D004C
:104E8800F508BD00E5010020F50800200900000034
:104E9800D5080A00E5081A00450285225502FD01D9
:104EA800090000001502360005020E0025029300D5
:104EB80009000000E5010020F508000000000000DE
:104EC8000000000025000100E501020015000200B5
:104ED80025000000E501020015000000090000009F
:104EE800350C0200350C0300E5010100050B01003B
:104EF800E5010200D50A0000A200000043000000FE
:104F080009000000E501000535000000E501001872
:104F180035000018E501000535000005090000000E
:104F2800E501000535000000E50100183500000026
:104F3800E50100053500000509000000B208000081
:104F480043000000E501F91FB50200000900000058
:104F5800E501FF016502E001E5011100B50211005C
:104F6800B8100000E501FF016502FF01E50121001D
:104F7800B5022100B8100000E501FF016502F80143
:104F8800E5018100B5028100B810000009000000A9
:104F9800E501FF016502C001E5010102B502010258
:104FA800B8100000E501FF016502FF01E5010104F9
:104FB800B5020104B8100000E501FF016502F8011F
:104FC800E5010108B5020108B8100000E501FF017C
:104FD8006502FF01E5010110B5020110B8100000DB
:104FE80009000000D50B0500B50B030009000000FF
:104FF800D80F0000B5020400750200006502C03F2A
:10500800E5010101B5020101B8100000650200FECA
:105018000812000048100000580E00000620220068
:10502800B80D0000F5090100E5010003950900012C
:1050380001F40000D50B0500024B000043000000FE
:10504800D50B0900F5090000E501000395090000EA
:10505800980E000009000000050B0000050B0C006D
:10506800050B0000150B1F00250B0000350B010078
:10507800450B0000550B0000650B000009000000FF
:105088005508020058010000A8010000180200009D
:1050980048020000F5050100350C04007802000004
:1050A8002851000038090000380A000001000000FB
:1050B800950C1300750C3800850C0200A200000046
:1050C800C230000043000000430000000100010559
:1050D8000600400001008002750C0001850C1800D4
:1050E800C80A0000850C3800250300006507030086
:1050F800D50708002506140058010000F504000033
:105108000505800285142200C50A0000080D00006C
:10511800A801000025072106E5040100F8020000A7
:105128000A000000A8010000E501010025030100B4
:10513800C80A0000C50A0100080D0000A801000007
:1051480025074D06E5040100F80200000A000000EA
:10515800A8010000E501020025030200C80A0000BA
:10516800C50A0200080D0000A801000025077906FD
:10517800E5040100F80200000A000000A801000090
:10518800E501040025030400C80A0000C50A03005D
:10519800080D0000A80100002507A506E504010088
:1051A800F80200000A000000A8010000E50108005C
:1051B80025030800C80A0000C50A0400080D0000FD
:1051C800A80100002507D106E5040100F802000047
:1051D8000A000000A8010000E501100025031000E6
:1051E800C80A0000C50A0500080D0000A801000053
:1051F8002507FD06E5040100F80200000A0000008A
:10520800A8010000E501200025032000C80A0000CD
:10521800C50A0600080D0000A80100002507290797
:10522800E5040100F80200000A000000A8010000DF
:10523800E501400025034000C80A0000C50A070030
:10524800080D0000A801000025075507E504010026
:10525800F80200000A000000A8010000E501800033
:1052680025038000C80A0000C50A0800080D0000D0
:10527800A801000025078107E5040100F8020000E5
:105288000A000000A8010000E50100012503000153
:10529800C80A0000C50A0900080D0000A80100009E
:1052A8002507AD07E5040100F80200000A00000028
:1052B800A8010000E501000225030002C80A000059
:1052C800C50A0A00080D0000A80100002507D90733
:1052D800E5040100F80200000A000000A80100002F
:1052E800E501000425030004C80A0000C50A0B00F4
:1052F800080D0000A801000025070508E5040100C5
:10530800F80200000A000000A8010000E5010008FA
:1053180025030008C80A0000C50A0C00080D000093
:10532800A801000025073108E5040100F802000083
:105338000A000000A8010000E50100102503001084
:10534800C80A0000C50A0D00080D0000A8010000E9
:1053580025075D08E5040100F80200000A000000C6
:10536800A8010000E501002025030020C80A00006C
:10537800C50A0E00080D0000A801000025078908CD
:10538800E5040100F80200000A000000A80100007E
:10539800E501004025030040C80A0000C50A0F00C7
:1053A800080D0000A80100002507B508E504010064
:1053B800F80200000A000000A8010000E5010080D2
:1053C80025030080C80A000085140000A80B00000F
:1053D80018020000C85000001400000078590000AE
:1053E800750C8000850C8000B50A0300E5010400F7
:1053F800B50C040006000008950A6100484F00003B
:10540800950A6900484F0000950A7100484F00004E
:10541800950A7900484F0000950A4100484F00005E
:10542800950A4900484F0000950A5100484F00006E
:10543800950A5900484F0000950A2100484F00007E
:10544800950A2900484F0000950A3100484F00008E
:10545800950A3900484F0000950A0100484F00009E
:10546800950A0900484F0000950A1100484F0000AE
:10547800950A1900484F0000B50A00000100800293
:10548800750C0200850C0200E5010400B50C000053
:10549800C80A0000750C1800850C0600F5001000FD
:1054A800C80A0000F5001100C80A0000F500120043
:1054B800C80A0000F5001300C80A0000F50014002F
:1054C800C80A0000F5001500C80A0000F50016001B
:1054D800C80A0000F5001700C80A0000F500180007
:1054E800C80A0000F5001900C80A0000F5001A00F3
:1054F800C80A0000F5001B00C80A0000F5001C00DF
:10550800C80A0000F5001D00C80A0000F5001E00CA
:10551800C80A0000F5001F00C80A0000F5002000B6
:10552800C80A0000F5002100C80A0000F5002200A2
:10553800C80A0000F5002300C80A0000F50024008E
:10554800C80A0000F5002500C80A0000F50026007A
:10555800C80A0000F5002700C80A0000F500280066
:10556800C80A0000F5002900C80A0000F5002A0052
:10557800C80A0000F5002B00C80A0000F5002C003E
:10558800C80A0000F5002D00C80A0000F5002E002A
:10559800C80A0000F5002F00C80A0000F500300016
:1055A800C80A0000F5003100C80A0000F500320002
:1055B800C80A0000F5003300C80A0000F5003400EE
:1055C800C80A0000F5003500C80A0000F5003600DA
:1055D800C80A0000F5003700C80A0000F5003800C6
:1055E800C80A0000F5003900C80A0000F5003A00B2
:1055F800C80A0000F5003B00C80A0000F5003C009E
:10560800C80A0000F5003D00C80A0000F5003E0089
:10561800C80A0000F5003F00C80A0000A80B0000F7
:10562800C85000001400000078590000450301002C
:10563800F5002000750C0300850C0300E50104004B
:10564800B50C040006000008150D100008500000F5
:10565800150D110008500000150D1200085000002B
:10566800150D130008500000150D14000850000017
:10567800150D150008500000150D16000850000003
:10568800150D170008500000150D180008500000EF
:10569800150D190008500000150D1A0008500000DB
:1056A800150D1B0008500000150D1C0008500000C7
:1056B800150D1D0008500000150D1E0008500000B3
:1056C800150D1F0008500000150D000008500000BF
:1056D800150D010008500000150D020008500000CB
:1056E800150D030008500000150D040008500000B7
:1056F800150D050008500000150D060008500000A3
:10570800150D070008500000150D0800085000008E
:10571800150D090008500000150D0A00085000007A
:10572800150D0B0008500000150D0C000850000066
:10573800150D0D0008500000150D0E000850000052
:10574800150D0F0008500000350D00000100800203
:10575800980E0000A80B000045030000C850000088
:1057680014000000B50B0300F50901002500010035
:105778009509000125000000D50B0E000214000059
:1057880043000000D50B0A00F50900009509000048
:10579800950C000062090000C230000043000000C0
:1057A80043000000380A0000E5010400B50C0400BD
:1057B800050C000006000008150C0000E50B3C0075
:1057C800C80A0000E50B3400C80A0000E50B2C00ED
:1057D800C80A0000E50B2400C80A0000E50B040015
:1057E800C80A0000E50B0C00C80A0000E50B14000D
:1057F800C80A0000E50B1C00C80A0000150C0100CF
:10580800E50B3C00C80A0000E50B3400C80A00009C
:10581800E50B2C00C80A0000E50B2400C80A0000AC
:10582800E50B0400C80A0000E50B0C00C80A0000DC
:10583800E50B1400C80A0000E50B1C00C80A0000AC
:10584800150C0200E50B3C00C80A0000E50B34000B
:10585800C80A0000E50B2C00C80A0000E50B24006C
:10586800C80A0000E50B0400C80A0000E50B0C009C
:10587800C80A0000E50B1400C80A0000E50B1C006C
:10588800C80A0000150C0300E50B3C00C80A00001C
:10589800E50B3400C80A0000E50B2C00C80A00001C
:1058A800E50B2400C80A0000E50B0400C80A000044
:1058B800E50B0C00C80A0000E50B1400C80A00003C
:1058C800E50B1C00C80A0000150C0400E50B3C00A1
:1058D800C80A0000E50B3400C80A0000E50B2C00DC
:1058E800C80A0000E50B2400C80A0000E50B040004
:1058F800C80A0000E50B0C00C80A0000E50B1400FC
:10590800C80A0000E50B1C00C80A0000150C0500B9
:10591800E50B3C00C80A0000E50B3400C80A00008B
:10592800E50B2C00C80A0000E50B2400C80A00009B
:10593800E50B0400C80A0000E50B0C00C80A0000CB
:10594800E50B1400C80A0000E50B1C00C80A00009B
:10595800150C0600E50B3C00C80A0000E50B3400F6
:10596800C80A0000E50B2C00C80A0000E50B24005B
:10597800C80A0000E50B0400C80A0000E50B0C008B
:10598800C80A0000E50B1400C80A0000E50B1C005B
:10599800C80A0000150C0700E50B3C00C80A000007
:1059A800E50B3400C80A0000E50B2C00C80A00000B
:1059B800E50B2400C80A0000E50B0400C80A000033
:1059C800E50B0C00C80A0000E50B1400C80A00002B
:1059D800E50B1C00C80A0000150C0800E50B3C008C
:1059E800C80A0000E50B3400C80A0000E50B2C00CB
:1059F800C80A0000E50B2400C80A0000E50B0400F3
:105A0800C80A0000E50B0C00C80A0000E50B1400EA
:105A1800C80A0000E50B1C00C80A0000150C0900A4
:105A2800E50B3C00C80A0000E50B3400C80A00007A
:105A3800E50B2C00C80A0000E50B2400C80A00008A
:105A4800E50B0400C80A0000E50B0C00C80A0000BA
:105A5800E50B1400C80A0000E50B1C00C80A00008A
:105A6800C850000014000000A8590000E8550000C4
:105A7800F50A000028590000F50A0100285900001D
:105A8800F50A020028590000F50A03002859000009
:105A9800F50A040028590000F50A050028590000F5
:105AA800F50A060028590000F50A070028590000E1
:105AB80001008002980E0000085A0000C85000003B
:105AC80014000000A8590000080E0000D80F0000BC
:105AD800B5020400750200006502C03FE501090037
:105AE800B5020900B810000065020000E501410098
:105AF800B5024100B8100000650200FE0811000060
:105B0800985800004810000006200208B80D000050
:105B1800A50B040068550000F50A0000D84D0000E8
:105B2800F50A0100D84D0000F50A0200D84D000022
:105B3800F50A0300D84D0000F50A0400D84D00000E
:105B4800F50A0500D84D0000F50A0600D84D0000FA
:105B5800F50A0700D84D000001008002980E0000E9
:105B6800085A0000C850000014000000A85900009E
:105B7800E50A0800950B0800F50B0F00D80F000088
:105B8800B5020400750200006502C03FE501090086
:105B9800B5020900B810000065020000E5014100E7
:105BA800B5024100B8100000650200FE08110000AF
:105BB800B5020400750200006502C03FE50101015D
:105BC800B5020101B8100000650200FE08120000CD
:105BD80048100000B80D0000F50A04001502A000E6
:105BE8000600200801F4000506020000A50B0000CD
:105BF800884C000006020000A50B0100884C00003C
:105C080006020000A50B0200884C000006020000F6
:105C1800A50B0300884C000006020000A50B040039
:105C2800884C000006020000A50B0500884C000007
:105C380006020000A50B0600884C000006020000C2
:105C4800A50B0700884C000001000005980E000015
:105C5800085A0000C850000014000000A8590000AD
:105C6800E50A0800950B0800F50B0900D80F00009D
:105C7800B5020400750200006502C007E5010900CD
:105C8800B5020900B810000065020000E5014100F6
:105C9800B5024100B81000006502001E081100009E
:105CA800B5020400750200006502C007E5010101A4
:105CB800B5020101B81000006502001E08120000BC
:105CC80048100000350200001502A00025022E0031
:105CD80006202008B80D0000A50B0400050C0300E1
:105CE800150C000068550000D84D00000100800226
:105CF800980E0000085A0000C85000001400000068
:105D0800A8590000E5010400B50C0000350C01009D
:105D1800750C8001850C0200950C1300450C0900D8
:105D2800650C1B0028150000450B0200E50A080059
:105D3800950B0800D80F0000B5020400750200009A
:105D480065024000E5010900B5020900B81000002D
:105D580065020000E5014100B5024100B8100000ED
:105D68006502007E081100009858000048100000E5
:105D7800B80D0000010000001502A10025026E0008
:105D8800650B040006202008485300000600200880
:105D98002200000048530000430000000100800278
:105DA800650B0C000600200042000000485300006C
:105DB8004300000001000005650C0000450C0F00C1
:105DC800550C0300750CC001150B0900550B070095
:105DD800350B2900250B0B0006002000520000009F
:105DE800585400004300000001008002550B0F00CA
:105DF800350B09000600200052000000585400002E
:105E08004300000001008002250B1300060020005B
:105E18005200000058540000430000000100000533
:105E2800980E0000085A0000C85000001400000036
:105E380012000000E175000001F4010026000000D6
:105E4800E175000001F40700E6010000020000000F
:105E5800E175000001F4030026000000E175000070
:105E680001F40700E60100004300000006004000BE
:105E780016000000430000002600000001748000A6
:105E880009000000060020001200000006020000C1
:105E980072010000884C00004300000006001C004E
:105EA8004300000001F48002090000000600200001
:105EB8000602000072010000884C00004300000048
:105EC80001F4800209000000851300001514000089
:105ED80075070000C50D0000550D01000900000000
:105EE800B50A03000214000043000000010001008D
:105EF80001008002B50A02000214000043000000FD
:105F080001000700010080020600400009000000AF
:105F1800350D0100021400004300000001000100DB
:105F280001008002350D0300021400004300000048
:105F3800010007000100800206004000090000007F
:105F480035030200E5010000350300008503010068
:105F58008503000009000000C5000000951400003A
:105F68009804000058040000980500002803000069
:105F780002DC05004300000048030000A201000005
:105F8800430000008500FF37D50A4F007500FF3F2A
:105F98008500FF3F0214000043000000E50C0100EB
:105FA800280B0000380D000025000000E501000561
:105FB80035000005E501020015000000B8050000E5
:105FC800020F000043000000980D000025090100A1
:105FD80078060000A8060000D806000009000000A6
:105FE80006020000F202000001080000E1070000BC
:105FF800010000000100010062000000010800002B
:10600800E107000001000000010003004300000058
:1060180006004000260000004300000006001C00A7
:106028000900000006020000F2020000012800003A
:1060380001100000E10700000100010062000000FB
:106048000128000001100000E10700000100030022
:106058004300000006004000260000004300000046
:1060680006001C0009000000F5090100950900015F
:106078000214000043000000F50900009509000023
:1060880001F4000109000000050A6B01050A080176
:10609800050AB502150D0000D50B0900E50B000037
:1060A800980E00004503010045030200E84E000079
:1060B8005813000088130000D80F0000B502040030
:1060C800750200006502C03FE5010900B50209003C
:1060D800B810000065020000E5014100B50241006A
:1060E800B8100000650200FE081100009858000072
:1060F80048100000E50A0800950B0700480F00004B
:1061080015029D00350200000502760025022E00CA
:1061180006200208B80D0000A50B0400050C1100AC
:10612800150C0000F50B020068550000080E000071
:1061380009000000B5020400750200006502400075
:10614800E5010101B5020101B81000006502000077
:1061580008120000090000005502DD0D784E00000D
:106168005502FF0F784E000009000000280B0000C0
:10617800F80B00000900000078590000E501010053
:106188003500010062010000430000000900000022
:10619800E501010035000000620100004300000035
:1061A800A80B00000900000000000000000000002B
:1061B80000000000000000000000000000000000D7
:1061C80000000000000000000000000000000000C7
:1061D80000000000000000000000000000000000B7
:1061E80000000000000000000000000000000000A7
:1061F8000000000000000000000000000000000097
:106208000000000000000000000000000000000086
:106218000000000000000000000000000000000076
:106228000000000000000000000000000000000066
:106238000000000000000000000000000000000056
:106248000000000000000000000000000000000046
:106258000000000000000000000000000000000036
:106268000000000000000000000000000000000026
:1062780000000000496E76616C696420636F6E6689
:1062880069672068616E646C65000000636F6E6604
:1062980069670000253032753A253032753A253065
:1062A80032752E253033752028256329202825733B
:1062B800292025730A00000045574956440000006C
:1062C800496E76616C696420737562737765657071
:1062D80020696E6465780000496E76616C69642097
:1062E80073656E736F722068616E646C6500000080
:1062F80073656E736F7200006163635F73656E73BD
:106308006F725F63616C69627261746528292066C7
:1063180061696C65640000006163635F73656E7337
:106328006F725F68696265726E6174655F6F6E2017
:106338006661696C656400006163635F73656E73B1
:106348006F725F68696265726E6174655F6F6666B9
:10635800206661696C6564006163635F696E74657A
:1063680067726174696F6E5F7365745F7065726977
:106378006F6469635F77616B657570206D757374A1
:106388002062652063616C6C6564207072696F724D
:1063980020746F2063616C6C696E67207468697320
:1063A8002066756E6374696F6E000000496E7661D1
:1063B8006C69642070726F63657373696E672068B7
:1063C800616E646C6500000070726F636573736959
:1063D8006E6700004672616D652072617465206D9C
:1063E800757374206265207365742C20692E652E80
:1063F800203E20302E3000004E756D626572206F91
:10640800662064697374616E63657320746F2061BC
:106418006E616C797A65206D757374206265206889
:106428006967686572207468616E20310000000039
:106438004C6F7765737420627265617468696E6702
:106448002072617465206D757374206265206C6FAD
:10645800776572207468616E20686967686573740F
:1064680020627265617468696E6720726174650084
:106478006465746563746F725F70726573656E636B
:1064880065000000416C6C6F636174652070726513
:1064980073656E63652068616E646C65206661690A
:1064A8006C656400706970656C696E655F61313236
:1064B800310000004661696C656420746F2067656F
:1064C8007420726164617220656E67696E65206D03
:1064D8006574616461746100706970656C696E658A
:1064E8005F73756273776565700000005069706549
:1064F8006C696E65206E6F742070726F7065726C57
:106508007920617373656D626C65640041737365AE
:106518006D626C652073756273776565702070694C
:1065280070656C696E65206661696C656400000061
:10653800656C656D656E745F6672616D65000000FF
:106548006465746563746F725F70726573656E639A
:10655800655F70726F63657373696E670000000032
:10656800416C6C6F636174652070726F63657373DF
:10657800696E672068616E646C65206661696C008D
:106588005468652066696C74657220706172616D0B
:1065980065746572732061726520696E76616C69D5
:1065A8006400000073657475705F70726F63657363
:1065B80073696E675F706172616D6574657273206F
:1065C8006661696C00000000416C6C6F6361746502
:1065D8002062756666657273206661696C000000EA
:1065E80070726F63657373696E675F6275666665FF
:1065F80072735F7365747570206661696C00000062
:10660800496E76616C69642063616C696272617459
:10661800696F6E00546F6F206C61726765207365D7
:106628006E736F7220627566666572207573616736
:106638006500000072616461725F656E67696E650E
:106648005F6131323100000072756E6E696E6700ED
:1066580073746F70706564005B256C755D2053659D
:106668006E736F72202573402568750073656E73AD
:106678006F725F7374617475735F613132310000DA
:106688005B256C755D205363726174636870616427
:1066980020636F6E666967202568753A2030782513
:1066A80030346878000000005B256C755D207761E8
:1066B8006B6575705F737461747573303A203078E8
:1066C80025303468780000005B256C755D20696EA4
:1066D8007075746D75785F77616B6575705F696EDD
:1066E8007075742568755F636F6E6669673A2030E8
:1066F80078253034687800005B256C755D207761FB
:106708006B6575705F696E7075742568755F776104
:106718006B6575705F636F6E6669673A2041646484
:10672800723D2568753A2030782530346878000045
:106738005B256C755D2077616B6575705F696E7040
:1067480075742568755F61636B5F636F6E666967F3
:106758003A20202020416464723D2568753A203033
:1067680078253034687800005B256C755D2053749B
:1067780061636B206C6576656C202568753A2041ED
:106788006464723D2568753A20256875000000002C
:106798005B256C755D2041736963206572726F7249
:1067A8003A20307825303468780000005B256C7515
:1067B8005D2020204552524F523A20257300000098
:1067C8004F66667365743A20256875204D6F646955
:1067D80066792076616C7565203D20256C7520747E
:1067E8006F6F206C6172676520286D6178696D75BF
:1067F8006D20256C75290000636F6E6670726F6777
:1068080072616D00496E76616C69642064617461BF
:10681800206F627461696E656420666F72207061B2
:10682800746368696E6700005374617465206E6FE5
:106838007420757365640000536372617463682023
:106848006973207573656420627574206E6F742097
:10685800736574005363726174636820616E6420A9
:106868007374617465206E6F7420757365640000BD
:10687800656C656D656E745F73696E6B5F613132EF
:10688800315F63616C6C6261636B00004F7574709B
:1068980075742063616E206E6F7420626520736565
:1068A8007420666F722073696E6B20656C656D6508
:1068B8006E740000496E76616C69642068616E646C
:1068C8006C650000496E76616C6964206E756D6256
:1068D8006572206F662073756273776565707300E3
:1068E8007472616E736C6174696F6E5F613132319D
:1068F80000000000496E76616C69642073776565F5
:10690800705F726174650000656E61626C655F63DB
:106918006361206E6F742076616C69642077697496
:106928006820646F75626C655F627566666572691A
:106938006E6700005375627377656570202568750A
:106948002068617320696E76616C696420505246D4
:1069580000000000496E76616C6964206672616DA2
:10696800655F726174650000496E76616C696420C8
:1069780073657474696E677320666F7220636F6ED7
:1069880074696E756F75735F73776565705F6D6F2A
:1069980064650000696E7465725F6672616D655F3B
:1069A80069646C655F7374617465206D75737420B8
:1069B8006265207468652073616D65206F7220645C
:1069C8006565706572207468616E20696E746572A1
:1069D8005F73776565705F69646C655F7374617414
:1069E80065000000496E76616C696420696E7465A3
:1069F800725F6672616D655F69646C655F7374610F
:106A080074650000496E76616C696420696E74650E
:106A1800725F73776565705F69646C655F737461D5
:106A280074650000496E76616C69642068776161FD
:106A380073000000496E76616C696420636F6D6253
:106A4800696E6174696F6E206F66206C6F6F70621B
:106A580061636B20616E642070726F66696C65009B
:106A6800496E76616C696420636F6D62696E6174EA
:106A7800696F6E206F662070726F66696C65206141
:106A88006E64207072660000496E76616C696420DD
:106A980070726F66696C6500496E76616C69642016
:106AA800737465705F6C656E67746800496E7661B3
:106AB8006C6964206E756D5F706F696E7473000029
:106AC80070686173655F656E68616E63656D656E3C
:106AD80074206E6F742076616C69642077697468BD
:106AE8006F75742073756274726163745F696E5F29
:106AF8006275666665720000496E76616C6964202D
:106B0800737461727420706F696E7400496E766177
:106B18006C6964206E756D626572206F6620706F97
:106B2800696E7473206F722073746570206C656E63
:106B380067746800496E76616C69642070726600DB
:106B4800537461727420706F696E74206F72207252
:106B5800616E676520746F6F2066617200000000C7
:106B6800537461727420706F696E7420746F6F2033
:106B7800636C6F7365000000496E76616C69642010
:106B880072656365697665725F6761696E000000AA
:106B9800496E76616C696420545820706F7765720D
:106BA80020617474656E756174696F6E0000000011
:106BB8004661696C656420746F2063616C63756CF1
:106BC8006174652070756C73657368617065722097
:106BD80073657474696E67732100000054686520DA
:106BE8006D6178696D756D20737765657020726168
:106BF8007465206973202564000000004C6F61648F
:106C08003A205472616E736665722073697A6520E2
:106C1800697320746F206C617267650073656E73A9
:106C28006F725F636F6D6D5F61313231000000001C
:106C380053656E736F7220256C75206E6F742072A9
:106C48006561647920666F722072756E6E696E6711
:106C58002061206E65772070726F6772616D000029
:106C680073656E736F725F70726F746F636F6C5F52
:106C78006131323100000000496E76616C69642030
:106C88006275666665722073656E736F7220256C17
:106C98007500000047656E657269633120496E743E
:106CA80065727275707420616C72656164792063B5
:106CB8006C6561726564206F6E2073656E736F72A8
:106CC80020256C75000000004E6F206576656E7497
:106CD80020636F6465205B307825785D207265637A
:106CE80065697665642066726F6D2073656E736F73
:106CF8007220256C750000004572726F72206576EF
:106D0800656E7420636F6465205B307825785D203C
:106D180072656365697665642066726F6D20736558
:106D28006E736F7220256C7500000000496E7661E5
:106D38006C6964206576656E7420636F6465205B9A
:106D4800307825785D2072656365697665642066AC
:106D5800726F6D2073656E736F7220256C750000FD
:106D680053707572696F7573206576656E742072DD
:106D780065636569766564207768656E20444F4E63
:106D88004520657870656374656421205265636584
:106D980069766564206576656E7420636F64652026
:106DA8003D2025640000000063616C6962726174B3
:106DB800696F6E5F613132315F63616C5F736573F8
:106DC80073696F6E00000000416464726573733A02
:106DD80020256875204D6F646966792076616C7529
:106DE80065203D20256C7520746F6F206C6172677B
:106DF8006520286D6178696D756D20256C75290091
:106E0800496E76616C69642064617461206F627494
:106E180061696E656420666F72206C6976652070A2
:106E280061746368696E67004E6F7420706F737366
:106E380069626C6520746F207265636F6E6669673E
:106E4800757265207768656E20646F75626C652061
:106E5800627566666572696E6720697320636F6E16
:106E6800666967757265640053656E736F72202575
:106E78006C75206E6F7420726561647920746F2060
:106E88006265207570646174656400006370645F96
:106E9800613132315F6D6561735F73657373696FFB
:106EA8006E000000556E61636B6E6F776C6564678A
:106EB8006564206576656E742064657465637465C1
:106EC80064206F6E2073656E736F7220256C750079
:106ED80053656E736F7220256C75206E6F74207207
:106EE8006561647920666F72206C6F6164696E6792
:106EF8002061206E65772070726F6772616D000087
:106F0800496E76616C6964207265666572656E6348
:106F180065206672657175656E6379202573256CC9
:106F2800752E2530366C7520487A00006370645FD2
:106F3800706C6C5F64697669736F7273000000002F
:106F480053656E736F722063616C696272617469F4
:106F58006F6E2073746570202564206661696C65A6
:106F68006400000063616C6962726174696F6E5FCE
:106F780061313231000000004C6F61642070726F23
:106F88006772616D206661696C656400496E76613F
:106F98006C696420636F6E66696775726174696F86
:106FA8006E0000004661696C656420746F2072652C
:106FB80073657420627566666572732C206E6F2027
:106FC8006275666665727320616C6C6F6361746567
:106FD800640000004F7574206F66206D656D6F72D8
:106FE800790000007273735F696E7465677261740B
:106FF800696F6E002D2D2D2D2D2D20424547494EB0
:10700800202D2D2D2D2D2D2053656E736F7220533D
:107018007461747573204C6F67202D2D2D2D2D2DC7
:1070280020424547494E202D2D2D2D2D2D000000A5
:107038005B256C755D2025733A20307825303468DF
:10704800780000002D2D2D2D2D2D2D20454E44206E
:107058002D2D2D2D2D2D2D2053656E736F722053E0
:107068007461747573204C6F67202D2D2D2D2D2D77
:107078002D20454E44202D2D2D2D2D2D2D00000089
:107088004163636F6E65657220736F6674776172B2
:10709800652076657273696F6E2025730A0000009B
:1070A800416C6C6F636174652070726573656E63A3
:1070B8006520636F6E666967206661696C65640048
:1070C8004661696C656420746F20637265617465DC
:1070D80020636F6E666967004661696C6564207439
:1070E8006F206372656174652068616E646C650009
:1070F8007265665F6170705F627265617468696EFF
:10710800675F6765745F6275666665725F73697AE3
:10711800652829206661696C656400004661696CB0
:10712800656420746F20616C6C6F636174652062A4
:107138007566666572000000556E657870656374E3
:10714800656420617369635F696420666F756E6446
:10715800203D20307825780053656E736F72206962
:107168007320696E2077726F6E672073746174651F
:10717800000000006163635F73656E736F725F6325
:1071880072656174652829206661696C6564000010
:1071980053656E736F722063616C696272617469A2
:1071A8006F6E206661696C65640000007265665FD9
:1071B8006170705F627265617468696E675F707232
:1071C80065706172652829206661696C65640000D4
:1071D800656E7465725F68696265726E6174652058
:1071E8006661696C65640000657869745F686962E6
:1071F80065726E617465206661696C656400000083
:107208006163635F73656E736F725F6D65617375DC
:107218007265206661696C656400000053656E7371
:107228006F7220696E746572727570742074696DFE
:10723800656F75740000000042756666657220739C
:10724800697A6520746F6F20736D616C6C00000043
:1072580053656E736F7220256C75204E6F207065B4
:107268006E64696E6720696E7465727275707400F9
:1072780053656E736F7220256C75206576656E7424
:10728800206973206E6F742048414E445348414B27
:1072980045205B307825785D00000000496E7661F6
:1072A8006C696420627566666572206C656E6774C9
:1072B800680000005472616E7366657220646174C0
:1072C800612066726F6D2073656E736F7220746FC4
:1072D80020686F7374206661696C65640000000043
:1072E8006163635F73656E736F725F726561642853
:1072F80029206661696C6564000000006163635F52
:107308006465746563746F725F70726573656E63CC
:10731800655F616C675F6672616D655F6162735F0F
:107328006465765F616363756D756C61746520660D
:1073380061696C65640000007265665F6170705F0A
:10734800627265617468696E675F70726F63657396
:10735800732829206661696C656400004461746162
:10736800207361747572617465642E205468652099
:107378006465746563746F7220726573756C7420CC
:107388006973206E6F742072656C6961626C652E1A
:10739800000000004672616D652064656C61796566
:1073A800642E20436F756C64206E6F742072656163
:1073B800642064617461206661737420656E6F7502
:1073C80067682E00547279206C6F776572696E67F2
:1073D80020746865206672616D652072617465202D
:1073E8006F722063616C6C20276163635F73656EE5
:1073F800736F725F7265616427206D6F72652066B6
:1074080072657175656E746C792E000053656E73C4
:107418006F7220726563616C6962726174696F6E04
:10742800206E6565646564202E2E2E200000000005
:1074380053656E736F7220726563616C6962726105
:1074480074696F6E20646F6E652100006163635F0D
:107458006465746563746F725F70726573656E637B
:10746800655F707265706172652829206661696C54
:10747800656400004E4F5F50524553454E43455F8B
:10748800444554454354454400000000494E545275
:10749800415F50524553454E43455F44455445432B
:1074A8005445440044455445524D494E455F44496E
:1074B8005354414E43455F455354494D415445004B
:1074C800455354494D4154455F42524541544849FA
:1074D8004E475F5241544500427265617468733A81
:1074E800202568752062706D0A0000006163635F83
:1074F8006465746563746F725F70726573656E63DB
:10750800655F616C675F6672616D655F6162735F1D
:107518006465765F746F5F6E6F6973655F726174BF
:10752800696F206661696C65640000004173696376
:10753800206964656E746974793A000053746163F4
:107548006B5F6C6576656C5F7374617475735F727D
:107558006567697374657200496E746572727570D7
:1075680074207374617475732072656769737465C8
:1075780072000000646F6E655F6572726F72000062
:10758800737461636B5F6F766572666C6F7700000A
:10759800737461636B5F756E646572666C6F770098
:1075A8007370695F756E6B6E6F776E5F636D640085
:1075B8007370695F6D697373696E675F61636B0090
:1075C8006164635F6669666F5F66756C6C00000076
:1075D8006164635F746F6F5F6661737400000000BD
:1075E800000FC93F000F494000CB9640000FC9402B
:1075F8000053FB4000CB164100ED2F41000F4941DD
:107608000031624100537B41003A8A4100CB9641E8
:10761800005CA34100EDAF41007EBC41000FC941B1
:1076280000A0D5410031E24100C2EE410053FB41C8
:1076380000F20342003A0A420083104200CB16428D
:1076480000141D42005C234200A5294200ED2F4290
:1076580000363642007E3C4200C74242000F494293
:10766800A2000000F9000000830000006E00000086
:107678004E00000044000000150000002900000032
:10768800FC0000002700000057000000D1000000A7
:10769800F500000034000000DD000000C00000001C
:1076A800DB00000062000000950000009900000067
:1076B8003C00000043000000900000004100000072
:1076C800FE0000005100000063000000AB00000055
:1076D800DE000000BB000000C500000061000000E3
:1076E800B7000000240000006E0000003A0000000F
:1076F800420000004D000000D2000000E000000041
:1077080006000000490000002E000000EA0000000A
:1077180009000000D1000000920000001C000000D9
:10772800FE0000001D000000EB0000001C0000002F
:10773800B100000029000000A70000003E00000082
:10774800E80000008200000035000000F50000009D
:107758002E000000BB000000440000008400000070
:10776800E90000009C0000007000000026000000F6
:10777800B40000005F0000007E000000410000002F
:107788003900000091000000D60000003900000018
:10779800830000005300000039000000F4000000DE
:1077A8009C000000840000005F0000008B000000C7
:1077B800BD000000F9000000280000003B000000A8
:1077C8001F000000F800000097000000FF00000004
:1077D800DE00000005000000980000000F00000017
:1077E800EF0000002F000000110000008B000000D7
:1077F8005A0000000A0000006D0000001F00000091
:107808006D000000360000007E000000CF00000080
:1078180027000000CB00000009000000B7000000AE
:107828004F000000460000003F0000006600000016
:107838009E0000005F000000EA0000002D0000002C
:107848007500000027000000BA000000C700000013
:10785800EB000000E5000000F10000007B000000E4
:107868003D0000000700000039000000F70000009C
:107878008A0000005200000092000000EA000000A8
:107888006B000000FB0000005F000000B10000007A
:107898001F0000008D0000005D00000008000000CF
:1078A8005600000003000000300000004600000001
:1078B800FC0000007B0000006B000000AB00000033
:1078C800F0000000CF000000BC0000002000000015
:1078D8009A000000F4000000360000001D000000BF
:1078E800A9000000E3000000910000006100000012
:1078F8005E000000E60000001B0000000800000019
:107908006500000099000000850000005F0000008D
:1079180014000000A0000000680000004000000003
:107928008D000000FF000000D8000000800000006B
:107938004D00000073000000270000003100000027
:1079480006000000060000001500000056000000B8
:10795800CA00000073000000A8000000C900000071
:1079680060000000E20000007B000000C000000092
:107978008C0000006B0000000000C93F0000F039D7
:107988000000DA370000A2330000842E0000502BDC
:107998000000C2270000D0220000C41F0000C61B40
:1079A8000000441704000000070000000900000060
:1079B800D1F71737D1F717B78071313F807131BFD1
:1079C8000000003F000000BF00000080DB0F4940BE
:1079D800DB0F49C0DB0F49BFE4CB1640E4CB16C030
:1079E8006937AC3168212233B40F14336821A233CC
:1079F8003863ED3EDA0F493F5E987B3FDA0FC93FA7
:087A0800086AFF7F0100000085
:087A100089E4000800000000F9
:087A180061E400080000000019
:107A200000093D00100000006262615F63616C5FED
:107A30006374726C5B785D0074785F667265715F09
:107A40006B687A5B785D00002C000020000000006D
:107A5000A0040020080500207005002000000000A0
:107A60000000000000000000000000000000000016
:107A70000000000000000000000000000000000006
:107A800000000000000000000000000000000000F6
:087A90000000000000000000EE
:040000050800EA39CC
:00000001FF
