:020000040800F2
:1000000000000120B5BE00087D29000881290008F4
:1000100085290008892900088D29000800000000B2
:10002000000000000000000000000000912900080E
:100030009529000800000000992900089D29000862
:1000400005BF000805BF000805BF0008B12900086A
:1000500005BF000805BF000805BF000805BF000870
:1000600005BF0008ED29000805BF000805BF00080E
:10007000012A00080D2A000805BF000805BF000876
:10008000192A0008252A000805BF000805BF000836
:1000900005BF000805BF000805BF000805BF000830
:1000A00005BF000805BF000805BF000805BF000820
:1000B00005BF0008000000000000000005BF0008A8
:1000C00005BF0008312A000805BF000805BF000869
:1000D00005BF000805BF0008D93C000805BF00089F
:1000E000592A00086D2A00080000000000000000E6
:1000F0000000000000000000000000000000000000
:100100000000000005BF00080000000005BF000857
:10011000000000000000000005BF000805BF000847
:1001200005BF000805BF000805BF000805BF00089F
:1001300005BF0008000000000000000000000000F3
:1001400005BF000805BF000805BF0008000000004B
:1001500005BF000805BF000805BF000805BF00086F
:1001600005BF000805BF000805BF0008000000002B
:1001700005BF000805BF00080000000000000000E7
:1001800005BF000805BF000805BF0008000000000B
:1001900090ED017AD1ED017AB4EEE77AF1EE10FA42
:1001A00003D4CCBF0120002070474FF0FF307047D0
:1001B00008B5044B044A1B690449002098470020F5
:1001C00008BD00BF78000020CC2A0108E42A0108FD
:1001D00008B518B1064B02689A4207D0054B064A8B
:1001E0001B69064900209847002008BD012008BD72
:1001F0000FB0371378000020EC2A0108E42A010828
:10020000B1F804C093680A899A80BCF1000C18BF49
:100210004FF0010CCA7983F800C091F806C083F84A
:1002200001C09A709860704703460068D3F8E810E0
:100230004268C3F8F010104710B1024B9B68184792
:10024000704700BF78000020B0F1904F84B017D005
:10025000234B984204D0234B98422CD004B07047D3
:1002600011B303F1784303F50333DA6C42F0020271
:10027000DA64DB6C03F002030293029B04B0704764
:1002800059B1194BDA6C42F00102DA64DB6C03F00D
:1002900001030193019B04B07047134AD36C23F010
:1002A0000103D36404B070470F4AD36C23F00203F8
:1002B000D36404B0704769B103F1784303F5FA33AE
:1002C000DA6C42F08002DA64DB6C03F080030393A3
:1002D000039BC3E7044AD36C23F08003D364BDE7D8
:1002E00000040048001C00480010024090F824C0A0
:1002F000BCF1010F3CD070B590F825C00124A44595
:1003000080F824405FFA8CFE04D0002380F824306B
:10031000022070BD022580F8255004680025C563C1
:100320002668456C26F00106266005F01C05066C63
:100330000EFA05F5756063608368102B036B0BBFC5
:10034000A260A160E160E2604BB1236843F00E035C
:100350002360236843F001030020236070BD2368FD
:1003600023F004032360236843F00A032360F0E7CB
:10037000022070472DE9F0417A4C0023237694F84F
:100380007D30012B0D46616A08D0B1F5827F64D1C2
:10039000D8B2A36A002B60D104285ED1002D5CD0B6
:1003A00092B2002A59D094F87C30012B55D094F8A1
:1003B0007D30266AA565042B1CBF052384F87D309B
:1003C00001210023C4F8803084F87C10A4F85E205A
:1003D000A4F86620C4E91B337368A4F85C2023F4F6
:1003E000C0432566A4F864207360E36AA06FB3F588
:1003F000E06F34D8636F99697368B1F5806F43F427
:100400008053736000F082808369B3F5806F69D098
:1004100094F87D30544A042B544B18BF1346544A69
:100420000363544B4363544B18BF1346C362B4F881
:1004300066304FF00008C0F838809BB206F10C011E
:100440002A46FFF753FF074670B1D4F8803084F88E
:100450007C8043F01003C4F88030BDE8F0817368FD
:1004600023F480537360D3E77368606F43F0010334
:100470007360B4F85E300A46C0E90B77C0E90D77C7
:1004800029469BB2FFF732FF00284CD133685B0648
:1004900023D5002384F87C30736843F02003736015
:1004A000736843F002037360D4F88420237E002B2A
:1004B000D3D141F2873109E072B6237E03B930BF50
:1004C00062B6BFF36F8F237E002BC6D1D4F8843081
:1004D0009B1A8B42F0D9BDE8F081336843F04003AA
:1004E0003360D6E7736823F480537360B4F86630E2
:1004F00013F0010F73681FD123F400537360B4F835
:100500006630C3F34E03A4F8663081E7D207736800
:100510001DD423F480437360B4F85E30C3F34E03FC
:10052000A4F85E3070E7D4F8803084F87C7043F033
:100530001003C4F8803090E743F400537360B4F8BC
:100540006630C3F34E030133A4F8663060E743F42A
:1005500080437360B4F85E30C3F34E030133A4F8F4
:100560005E3051E7780000202D13000829130008A1
:100570005D26000831130008AD25000890F82520FD
:10058000022A03D00422C263012070470168426C32
:1005900010B50C6824F00E040C600C6824F0010403
:1005A0000C6002F01C02046C012101FA02F262608C
:1005B000826B80F82510002480F8244002B1904717
:1005C000002010BD70B4436C066C056831682C685F
:1005D00003F01C0304229A400A420ED014F0040FC8
:1005E0000BD02B689B0603D42B6823F004032B60ED
:1005F000036B7260CBB170BC184702229A400A426A
:1006000015D014F0020F12D02B68990606D42B686F
:1006100023F00A032B60012380F82530C36A72603F
:10062000002180F82410002BE5D170BC704708220F
:100630009A400A42F9D02207F7D52A68416B22F086
:100640000E022A60012202FA03F300247360C263DF
:1006500080F8244080F825200029E6D070BC0847A7
:100660002DE9F04F00233E4E4FF00F094FF0030AE3
:100670004DE03C4FB84265D03B4FB84266D03B4F4F
:10068000B84268D0DFF8E8B058450CBF4FF0040B13
:100690004FF0070B0BFA04F4A44513D1346824EA95
:1006A0000E043460746824EA0E047460F46824EA6A
:1006B0000E04F460B46824EA0E04B460AC6824EA62
:1006C0000804AC6004685D000AFA05F54FEAD30C33
:1006D0002C4300EB8C0C046003F00704DCF820E0F2
:1006E000A40009FA04F42EEA0404CCF8204084683B
:1006F00024EA05048460446824EA02024260C26875
:1007000022EA0502C260013331FA03F218D0012255
:100710009A4012EA010EF6D023F0030505F1804558
:1007200005F5803503F00304D5F808C0A40009FAE4
:1007300004F8B0F1904F08EA0C0C9AD10024ABE712
:10074000BDE8F08F012707FA04F4A5E74FF0020B8C
:100750000BFA04F4A0E74FF0030B0BFA04F49BE749
:10076000000401400004004800080048000C004854
:1007700000100048002310B480F8423090F8412067
:10078000212A4FF0200118D1112280F84110026374
:1007900090F84110046801F0280122684363282979
:1007A00014BF6FF0F2016FF042010A400023226093
:1007B0005DF8044B80F840307047122280F84110F9
:1007C000026390F84120016802F028020C6843633C
:1007D000282A14BF6FF0F4026FF044022240002375
:1007E0000A605DF8044B80F84030704701680B6880
:1007F000002280F842205A040CD50B6823F4804371
:100800000B6090F84130292B0ED090F841302A2B04
:1008100020D070471B04F4D50B6823F400430B6011
:1008200090F84130292BF0D12822212380F8412053
:10083000036390F841300A6803F02803282B14BFA3
:100840006FF0F2036FF04203134000220B6080F858
:10085000402070472822222380F84120036390F82B
:1008600041300A6803F02803282B14BF6FF0F4030B
:100870006FF04403134000220B6080F84020704763
:1008800010B400232022174CC4624363036380F832
:10089000412080F842304B07026811D5436A526A02
:1008A0001A70436A028D013343624AB1438D013BA2
:1008B0009BB24385436C013A43F0040302854364D1
:1008C000036890F8412090F841201A68102422F023
:1008D000FE0200211A60DC615DF8044B80F84010D4
:1008E000704700BF0000FFFF10B50446514A94F85E
:1008F0004130002084F84200E2626085626C11435E
:10090000A3F12802022A236861645DD894F841109B
:1009100094F8412001F02801282902F0280214BF90
:10092000F6214621282A1A680CBFC9436FF0F60148
:100930000A40282040491A6084F84100A06B226BCD
:10094000616318B1112A11D0212A0FD0E06B18B1C0
:10095000122A20D0222A1ED094F84130602B4FF06A
:10096000000360D0236384F8403010BD1A6851043E
:1009700054D490F82530012BEED0304A8263002306
:1009800084F84030FFF7FAFD0028EED0A06BBDE8F8
:100990001040836B18471A68120403D51A6822F4B2
:1009A00000421A6090F82530012BD5D0234A82638B
:1009B000002384F84030FFF7E1FD0028D5D0E06B3C
:1009C000BDE81040836B184794F8412094F841200B
:1009D0001A6822F0FE021A609A69920748BF98626C
:1009E0009A69D10703D49A6942F001029A6194F896
:1009F0004120602A10D0202284F841209A69920672
:100A00000AD59A69D00605D51022DA61626C42F0E7
:100A1000040262642022DA6100218FE71A6822F45E
:100A200080421A60A5E7202284F8412084F84030F3
:100A3000236310BD0000FFFFF9220008A110000889
:100A400030B40368202282B0DA6190F84120212A74
:100A500090F841204AD0222A56D05A68324C0025BC
:100A600022405A60314C4563CD06C46205D5102240
:100A7000DA61426C42F00402426490F84120602A3C
:100A80002DD09A69910744BF00229A629A69D207D1
:100A900003D49A6942F001029A61436C90F84120B4
:100AA000602A0BD053B990F84120212A0AD090F83F
:100AB0004120222A06D002B030BC7047416C02B0FF
:100AC00030BC11E7202280F84120036390F84220D7
:100AD00080F8403080F8423002B030BC70474C079C
:100AE000CFD55A6AD2B20192019ACAE702F028021F
:100AF0001C68282A14BF6FF0F2026FF042022240F5
:100B000011241A600463A8E790F841201C6802F0E1
:100B10002802282A14BF6FF0F4026FF0440222402A
:100B200012241A60046398E700E800FE0000FFFF4B
:100B300038B590F84030012B00F085800123CD06B8
:100B4000044680F8403001D5D00659D40D063AD578
:100B500050064DD523681A6822F040021A60628D53
:100B600092B2002A71D05868628D92B2FF2AC0F307
:100B7000090078D8618DE26A89B212F5803F21853B
:100B800000F082805FFA81FCE26A4FEA0C4C42EA94
:100B90000C020243404D586822F0004228400243B4
:100BA0005A60628D521A92B2628594F84120222ACC
:100BB0001A680CBF42F4004242F480421A600020DE
:100BC00084F8400038BD4D0612D5500610D5638D0F
:100BD0009BB2002B40D123685A689201EFD4E26A9D
:100BE00012F5803F34D15A6842F480425A60E6E7F9
:100BF0008B06E4D59306E2D52046FFF721FFDEE71A
:100C0000236826481022DA61616C626B41F00401AE
:100C10008242616425D022498A4222D021498A42F7
:100C200014BF2022602219680A431A609A6991074A
:100C300044BF00229A629A69D207C0D49A6942F0EE
:100C400001029A61BBE7022038BD5B689A0103D4B8
:100C50002046FFF78FFDB2E740212046FFF744FE14
:100C6000ADE76022DFE79A69D10306D5012121852E
:100C70004FF4803C4FF0807289E7FF2121854FF4CB
:100C80007F0C4FF0807282E75FFA81FC4FEA0C4CD8
:100C90004FF000727BE700BF009C00FC310B0008A6
:100CA00031240008A90C000838B590F84030012B19
:100CB00000F0D680012380F84030CB06044602D5F0
:100CC000D00600F1A9808B070BD5900709D52268C3
:100CD000216D91624FF0FF332365002084F84000BE
:100CE00038BD0B063AD5550640F18C8094F841206A
:100CF000236802F028021968282A14BF6FF0F20254
:100D00006FF042020A401A601A6842F090021A60BC
:100D1000628D92B2002A00F0B880628D92B2FF2AF2
:100D200040F2A2809869654DE16C5A68C0F30040BA
:100D300000280CBF4FF47F004FF4803002EA050218
:100D4000C1F3090142EA000242EA010242F0807264
:100D50000CBFFF21012121855A6040E04B0651D58F
:100D600050064FD594F84110236855481A6801F091
:100D70002801282914BF6FF0F2016FF042010A40E8
:100D80001A601A684F4942F090021A6094F841C004
:100D9000628D92B2BCF1220F08BF0846FF2A79D9B2
:100DA0009A69C2F30042002AE26CC2F309020CBF46
:100DB0004FF47F054FF4803542EA000242EA050213
:100DC0005868414D22F0004200EA050042EA000264
:100DD0000CBFFF21012142F0807221855A60628D93
:100DE000521A92B2628594F84120222A1A684FF072
:100DF00000000CBF42F4004242F480421A6084F8C2
:100E000040006DE788067FF568AF93067FF565AF14
:100E10002046FFF715FE60E723682C481022DA61B0
:100E2000616C626B41F00401824261641AD028490E
:100E30008A4217D027498A4214BF202260221968AB
:100E40000A431A609A69910744BF00229A629A691C
:100E5000D2073FF542AF9A6942F001029A613CE73E
:100E6000022038BD6022EAE7618D144DE26C5868BB
:100E700089B22840C2F30902CDB242EA05420243D8
:100E800042F0007221855A60A9E740212046FFF711
:100E90002BFD22E7618DE26C89B2CDB2C2F309026B
:100EA00042EA05420243084D5868218522F000427B
:100EB0002840024342F000725A6090E7009C00FC18
:100EC0000020008000240080009800FC310B000806
:100ED00031240008A90C000870B5036804460D46CB
:100EE0001968C06A94F841202026213ADE61092A57
:100EF0000ED8DFE802F06E050D0D0D0D0DA16E058B
:100F000094F841201A6822F0FC021A60222222631F
:100F10005A68614E42F400425A605A6832405A6040
:100F20009A69920744BF00229A629A69D60703D44D
:100F30009A6942F001029A614A0435D51A6822F48E
:100F400080421A60A26B1AB11268526892B262852E
:100F50006A070AD55A6A636A1A70636A0133636260
:100F6000238D25F00405002B5FD1638D9BB21BB14F
:100F7000636C43F004036364EB0601D5CE0631D401
:100F8000002384F84230666C6363002E5FD1E36A0D
:100F9000424DAB4212D194F8413084F84060202396
:100FA00084F84130266370BD0E04D1D51A6822F44E
:100FB00000421A60E26B002AC6D1C9E72046FFF75B
:100FC00015FC2023E56284F8406084F841302663F4
:100FD00070BD94F841201A6822F0FA021A602122AA
:100FE000226395E7638D9BB2002B3DD194F841308D
:100FF000282B48D094F841202368292A4FF010026A
:10100000DA61BDD110F5803FBAD09A69910744BF2B
:1010100000229A629A69D20703D49A6942F00102C7
:101020009A612046FFF7E2FBAAE7013B2385638D27
:10103000013B9BB2638598E794F8412094F84120E6
:101040001A6822F0FE021A600022226360E7616CD7
:101050002046FFF749FC94F84130282BA3D12946BC
:101060002046BDE870400BE423681022DA61636C0F
:1010700043F00403636430F0807381D1616C2046D7
:10108000FFF732FC7CE7B0F1007FB3D12946204660
:10109000FFF7F6FB74E700BF00E800FE0000FFFF6B
:1010A000836A9A6B0AB100219163DA6B0AB100215D
:1010B000916393F84120602A09BF00220022202179
:1010C00083F841101A63002283F84020704700BF64
:1010D000264A9368D26813F00C0305D00C2B32D04B
:1010E000042B3ED122487047204A1168090754BF9B
:1010F000D2F8942012681F4954BFC2F30322C2F3EE
:10110000031251F82200002BEDD0184BDB6803F0DE
:101110000303022B23D0184A032B08BF1046134B9E
:10112000D968DA68DB68C3F34163C2F30622C1F30E
:101130000211013300FB02F201315B00B2FBF1F25C
:10114000B2FBF3F0704702F00302012ACCD0074B48
:10115000DB6803F00303022B4FF00000DBD10448EF
:10116000DDE7082B044818BF00207047001002403C
:101170000024F40040EB000800127A0021498B6D36
:10118000DB0082B01CD5204B1B6803F4C063B3F5B1
:10119000007F29D080282ED831D0A0F17002B2FA79
:1011A00082F2520919490B6823F0070313430B60BD
:1011B000086800F00700801A18BF012002B07047CD
:1011C0008B6D114A43F080538B658B6D03F0805318
:1011D0000193019B13688A6D03F4C06322F080526F
:1011E000B3F5007F8A65D5D1802806D9A0288CBFA9
:1011F00002220122D6E70322D4E70022D2E702220C
:10120000D0E700BF00100240007000400020024004
:10121000434A036830B4D468A40707D0D46804F004
:1012200003049C424AD0012030BC7047022B56D0A8
:10123000032B4DD0012BF6D112689207F3D5384C11
:10124000E26822F0730213434268013A43EA021350
:10125000E360334C334A236823F080632360D2F881
:10126000845004E0D2F884305B1B022B3BD8236807
:101270001B01F7D483681B02002936D12169C56898
:1012800021F0784121F4FE4143EAC5630B43236119
:1012900023490B6843F080630B60D2F8844004E07C
:1012A000D2F884301B1B022B1DD80B681B01F7D50D
:1012B00082690B69134300200B61B5E7002CB2D0A3
:1012C000D3684268C3F3021301339342ABD1C0E742
:1012D0001468A403B3D412685203A4D5AFE712680C
:1012E0005505A0D5ABE703209EE7012921690BD066
:1012F00021F0C06121F4FE41194343695B08013BC1
:1013000041EA43612161C3E721F4C00121F4FE41B8
:101310000B4301694908013943EA41532361B7E7A7
:101320000010024078000020704700BF704700BFE7
:10133000836A19684A6822F003024A601A6E4FF005
:10134000010C42F010021A6683F85DC0704700BFBE
:101350000368806A1A6812F0200228D10368A0F896
:101360005A2053E8002F22F4807243E8002100291C
:10137000F7D103F1080252E8002F22F0010203F135
:10138000080C4CE800210029F3D103F1080252E8CF
:10139000002F22F0400203F1080C4CE80021002944
:1013A000F3D12022C0F88020026E012A03D000234E
:1013B0004366036E704753E8002F22F0100243E8A3
:1013C00000210029F3D053E8002F22F0100243E857
:1013D00000210029EFD1EAE7836A01225A661B6ED9
:1013E000704700BF836A0022A3F85A20A3F8522056
:1013F000704700BFD0F88010B0F85C300268222936
:1014000005D0138B9BB243F0080313837047918C74
:10141000426D0B401370B0F85A30426D013B9BB2E5
:10142000A0F85A30B0F85A3001329BB24265002B16
:1014300045D110B4036853E8002F22F4907243E8BA
:1014400000210029F7D103F1080252E8002F22F011
:10145000010203F1080444E800210029F3D1184AED
:10146000816620249342C0F88040416612D05A68B9
:1014700011020FD553E8002F22F0806243E80021CB
:1014800041B1016851E8002F22F0806241E8002458
:10149000002CF7D1026E012A0ED10022026653E819
:1014A000002F22F0100243E800210029F7D1DA6969
:1014B000D20601D510221A625DF8044B70477047BE
:1014C00000800040D0F88010B0F85C30026822291B
:1014D00005D0138B9BB243F008031383704710B4FD
:1014E000948C416D234021F8023BB0F85A3041659D
:1014F000013B9BB2A0F85A30B0F85A309BB2002B97
:1015000040D152E8003F23F4907342E800310029B3
:10151000F7D1016801F1080353E8003F23F001030C
:1015200001F1080C4CE80034002CF3D12023C0F862
:101530008030164B84669942446611D04B681C0279
:101540000ED551E8003F23F0806341E800343CB100
:1015500052E8003F23F0806342E80034002CF7D1CA
:10156000036E012B0ED10023036651E8003F23F0E8
:10157000100341E80032002AF7D1CB69DB0601D520
:1015800010230B625DF8044B704700BF00800040E1
:10159000B5EEC00ADFED0D7A9FED0D7AF1EE10FA8F
:1015A00054BF30EE270A37EEC00ADFED087A70EE3E
:1015B000277AFCEEE77AF8EE677A30EE670A20EEDB
:1015C000070AFCEEC07A17EE900A7047BD37063561
:1015D0000024744970B504460E461546FEF7F8FD22
:1015E00040B1032D02D9FEF7E3FD18B1142303FB2C
:1015F0000540466070BD00BF38B504460D46FEF795
:10160000E7FD48B1032D02D9FEF7D2FD20B1142326
:1016100003FB0540406838BD002038BD70B5044666
:101620000E461546FEF7D4FD40B1032D02D9FEF754
:10163000BFFD18B1142303FB0540068170BD00BF38
:1016400008B518B10D4B02689A4207D00C4B0D4AF1
:101650001B690D4900209847002008BD032906D9C1
:10166000074B0A4A1B69084900209847F4E701EB39
:10167000810100EB8100008908BD00BF0FB0371366
:1016800078000020EC2A0108E42A0108CC2A01088D
:1016900070B504460E461546FEF79AFD40B1032D7F
:1016A00002D9FEF785FD18B1142303FB05404681DE
:1016B00070BD00BF38B504460D46FEF789FD48B140
:1016C000032D02D9FEF774FD20B1142303FB05405E
:1016D000408938BD002038BD70B504460E46154619
:1016E000FEF776FD40B1032D02D9FEF761FD18B17A
:1016F000142303FB0540067570BD00BF70B504469A
:101700000E461546FEF764FD40B1032D02D9FEF7E3
:101710004FFD18B1142303FB0540868170BD00BF47
:1017200070B504460E461546FEF752FD40B1032D36
:1017300002D9FEF73DFD18B1142303FB0540C67323
:1017400070BD00BF10B52DED028B0446B0EE408A8F
:10175000FEF73EFD08B184ED168ABDEC028B10BD8C
:1017600010B520B10C4B02689A42044607D00B4BCF
:101770000B4A1B690B49BDE8104000201847406820
:1017800018B1C36898470023636000232360204694
:10179000BDE81040FEF750BD0DB0371378000020B3
:1017A000042B0108202B010810B520B10B4B026857
:1017B0009A42044607D00A4B0A4A1B690A49BDE807
:1017C00010400020184700690023236008B1FEF78D
:1017D00033FD2046BDE81040FEF72EBD0EB0371396
:1017E000780000202C2B0108442B01082DE9F0473C
:1017F000D0F800800546B8F1000F1ED0D8F89870D8
:101800000FB3124E07F148044FF00009583754F84F
:10181000040F18B1B3689847C4F80090A742F6D1F6
:10182000D8F89800B36800B19847B3684046984725
:10183000B3682846BDE8F0471847044E2846B36809
:10184000BDE8F0471847014EEFE700BF78000020E1
:10185000F0B5059D002B47D0DFED296A8C469E0030
:1018600000EB83048E46B0F9007007EE907AB0F971
:10187000027007EE107AF8EEE77AB8EEC77A67EEF4
:10188000A77A27EE077A043077EE877A8442B1EEA2
:10189000E77A77EE407A76EEA76AEEEC017AE2D14B
:1018A00007EE903AF8EEE77A9FED157A86EEA76A92
:1018B00031441346F0EE476A85ED006AFCEC017A8C
:1018C000B3EC016A76EEA76A67EE867A614537EE79
:1018D000277AF3D1F5EEC06AF1EE10FA0ADDC7EE11
:1018E000267AC5ED017AF0BDDFED057A87EEA77A9D
:1018F00085ED007AD2ED007AC5ED017AF0BD00BF2A
:101900000000000038B5264B4FF4805204469A621E
:1019100007F050FA606C08B1FFF746FFD4F8880171
:1019200008B10CF043FBD4F8840108B10CF03EFB85
:10193000D4F8800108B10CF039FBD4F87C0108B16F
:101940000CF034FBD4F8780108B10CF02FFBD4F87C
:10195000540108B10CF02AFBD4F8500108B10CF086
:1019600025FBD4F8440108B10CF020FBA06C08B1B1
:101970000CF01CFBD4F88C0108B1FFF7F1FEE56B0D
:101980001DB12846FEF724FC20B92046BDE83840AA
:101990000CF00CBB00232B602846FEF74DFCF4E74F
:1019A0000004004800B1ADE7704700BF2DE9F041E9
:1019B000364B374DDA6C42F0020286B0DA64DA6CEC
:1019C00002F002020392039ADA6C42F08002DA64B7
:1019D000DA6C02F080020492049ADA6C42F001029E
:1019E000DA64DB6C4FF0904603F0010300240593AA
:1019F00041F201274FF01008059BAF622846C6F858
:101A000028800223CDE900444FF48812082107F012
:101A100031FB2246CDE900441E480223092107F08C
:101A200029FB3046CDE9004402234FF444124FF421
:101A3000006107F01FFB394603272346284601941F
:101A40000097012207F016FB02232846224619467A
:101A5000CDE9007407F00EFB022341463046012217
:101A6000CDE9007407F006FB2146092007F078F95C
:101A7000094D4FF400732B602820214607F070F9C0
:101A80004FF480736B6006B0BDE8F0810010024037
:101A900000040048001C004800E100E070B5114E51
:101AA000114A3368A2FB03239B09013BB3F1807FFA
:101AB00001D3012070BD4FF0E0220C495361F023A7
:101AC00081F82330002507230F2895610446136110
:101AD000EFD801464FF0FF3007F042F97460284616
:101AE00070BD00BF00000020D34D621000ED00E08B
:101AF000F0B58D4B02689D68DE680446D00683B061
:101B000005F00C0506F0030640F13481002D40F08D
:101B1000FA80854B1B68990700F16681824B276A22
:101B20001A68120756BFD3F894301B681B0903F0DC
:101B3000F0039F4200F2E8817B4B1A6842F00802F2
:101B40001A601A6822F0F0023A431A605A68E16992
:101B500022F47F4242EA01225A60002D00F00B82FB
:101B6000FFF7B6FA704B9A68704BC2F30312134436
:101B70006F4A93F8303003F01F0320FA03F35068E4
:101B80001360FFF78BFF002840F033812268D007F5
:101B900000F1F48090071FD50C2D00F0CD81E36893
:101BA0006148002B00F08481036843F48073036074
:101BB000604BD3F8846005E0D3F88410891B0229B8
:101BC00000F24D8101684905F6D54368216923F08B
:101BD000F85343EA01634360160718D56369524816
:101BE000002B00F01481D0F8943043F00103C0F8CA
:101BF0009430504BD3F8846005E0D3F88410891BEF
:101C0000022900F22C81D0F894108907F5D55007ED
:101C10003ED5454B996DC90000F14881996D41F061
:101C2000805199659B6D03F080530193019B0120C6
:101C3000414E3368DF0540F102813E4BA168012926
:101C400000F04781052900F0AA81374ED6F8907040
:101C500027F00107C6F89070D6F8907027F00407B7
:101C6000C6F89070002940F03B81D3F884C041F25F
:101C7000883706E0D3F88410A1EB0C01B94200F2DA
:101C8000EE80D6F890108907F4D4002840F06D81DA
:101C9000970618D5636A2449002B00F05181D1F8CA
:101CA0009820244B42F00102C1F89820D3F8840018
:101CB00005E0D3F88420121A022A00F2D080D1F86D
:101CC00098209607F5D5A36ADBB1022B00F0758149
:101CD0000C2D00F08D801449164B0A6822F080729A
:101CE0000A60D3F8840005E0D3F88420121A022A8F
:101CF00000F2B5800A689201F6D4CA680F4B13400F
:101D0000CB60002075E00C2D00F09580A36906489B
:101D1000002B00F0A7800168064B41F00101016033
:101D2000D3F8847012E000BF0010024040EB0008BE
:101D3000000000207800002000700040FCFFEEFE54
:101D4000D3F88410C91B022900F289800168890731
:101D5000F6D5036843F0080303600368216A23F0A3
:101D6000F0030B4303604368E16923F47F4343EAD4
:101D700001234360D30722D5082D3ED00C2D3AD045
:101D80006368B3F5803F7ED0B3F5A02F00F0FA80F2
:101D90009548016821F480310160016821F48021B7
:101DA0000160002B74D1914BD3F8847004E0D3F818
:101DB0008410C91B642952D801688903F7D4970796
:101DC0007FF50AAF042D7FF4E7AE874B1B685805FB
:101DD00001D5E36863B1844920694B6823F0F85367
:101DE00043EA00634B60F7E6A369002B7FF496AEED
:101DF000012003B0F0BD032EC2D17B4B1B689F03B3
:101E00007FF5C8AE6368002B7FF4C4AEF0E7D0F86E
:101E1000943023F00103C0F89430744BD3F88460FD
:101E200004E0D3F88410891B022918D8D0F8941044
:101E30008F07F6D4EBE6012E7FF468AF69E63368CE
:101E400043F480733360694BD3F884703168C905FB
:101E50003FF5F4AED3F88410C91B0229F6D903204C
:101E600003B0F0BD0168614B21F001010160D3F8BE
:101E7000847004E0D3F88410C91B0229EFD80168EC
:101E80008907F7D476E758490B6843F480330B6031
:101E9000564B5548D3F8847004E0D3F88410C91B1E
:101EA0006429DCD801688903F7D588E70020BFE6FC
:101EB000036823F4807303604C4BD3F8846004E020
:101EC000D3F88410891B0229C9D801684F05F7D4BB
:101ED00082E6454ED6F8901041F00101C6F8901008
:101EE000D3F884C0404E41F2883705E0D3F884101F
:101EF000A1EB0C01B942B2D8D6F890108907F5D5FC
:101F000000283FF4C5AE30E03846FFF737F9002827
:101F10007FF46EAF344B1A6842F008021A601A68F8
:101F200022F0F0023A431A605A68E16922F47F42D3
:101F300042EA01225A6013E6022E7FF430AE44E7F3
:101F4000D1F89820294B22F00102C1F89820D3F84B
:101F5000840005E0D3F88420121A022A3FF67FAFEE
:101F6000D1F898209207F5D4ADE61F498B6D23F088
:101F700080538B658CE63846FFF700F900283FF464
:101F8000EFAD35E703F18043A3F53C33196841F425
:101F900080211960196841F48031196078E712498D
:101FA000D1F8906046F00406C1F89060D1F89060D6
:101FB00046F00106C1F8906092E70B4AE66AD368E2
:101FC00003F00301B1424BD00C2D3FF411AF064991
:101FD0000B685F013FF50CAF0A68044B22F080727A
:101FE0000A60D3F8840009E0001002407800002065
:101FF000D3F88420121A022A3FF631AF0A689501FD
:10200000F6D4C868354A0240606B324342EA002287
:10201000A06B42EAC062206B013842EA0012D4E9A8
:102020000F506C08013C4008013842EA445242EA31
:102030004062CA600A682A4842F080720A60CA6830
:1020400042F08072CA60D3F8841005E0D3F884208F
:10205000521A022A3FF603AF02689401F6D550E601
:10206000216B03F070000139B0EB011FACD1606B44
:1020700003F4FE41B1EB002FA6D1A06B03F0784131
:10208000B1EBC06FA0D1E16B4908013903F4C00086
:10209000B0EB415F98D1216C490803F0C06301396E
:1020A000B3EB416F90D1136898013FF52AAE1168E8
:1020B0000C4B41F080711160D16841F08071D160AA
:1020C000D3F8840005E0D3F88410091A02293FF6FA
:1020D000C6AE11688901F6D513E600BF8C809D015C
:1020E0000010024078000020514AF8B5136803F050
:1020F00007038B420BD2136823F007030B431360D3
:10210000136803F007038B4201D00120F8BD046877
:1021100014F0020E04F0010369D0464E8568B268DF
:1021200002F0F002954204D9B26822F0F0022A438C
:10213000B260002B66D04268032A5DD03D4B022A74
:102140001B686BD0002A6ED19E07DED5394D3A4E02
:10215000AB6823F003031343AB60D6F8847092009E
:1021600041F2883C04E0D6F88430DB1B634558D844
:10217000AB6803F00C039342F5D1BEF1000F40D1E0
:102180002B4A136803F007038B4209D9136823F025
:1021900007030B431360136803F007038B42B4D1AA
:1021A000620706D5234AC168936823F4E0630B43B2
:1021B0009360230707D51F4A0169936823F460538E
:1021C00043EAC1039360FEF783FF1A491B4A8968FB
:1021D0001B4CC1F303110A44034692F83020606897
:1021E00002F01F02D3402360BDE8F84056E4002B04
:1021F000C6D04268032AA1D10E4B1B689B01A5D40F
:1022000083E785680B4A936803F0F0039D42B7D2D9
:10221000936823F0F0032B439360B1E79F0395D4B9
:1022200073E70320F8BD5D057FF56FAF8EE700BF54
:1022300000200240001002407800002040EB00081F
:10224000000000200CB4F0B5ADB032AB06AE53F8D0
:10225000042B059304460D46304696210BF0FAFEFA
:102260009528C4BF1C4BCDF8AA301C4B1C49D3F891
:102270008470A1FB07311B4BA3FB0723980B1A4B60
:10228000A3FB07234FEA931C184B4FF47A7202FB0F
:102290001C77A3FB00E25209042CC2EB0212A0EB54
:1022A0008202A3FB0CE398BF114800974FEA531337
:1022B00094BF005D3F20C3EB03130190CDE90256AC
:1022C000490DACEB83030B480BF09EFE2DB0BDE82F
:1022D000F04002B0704700BF2E2E2E007800002084
:1022E000B17C219573B2E745D34D62108988888807
:1022F000702B01084C2B010838B590F840C0C56A16
:10230000BCF1010F67D04FF0010C11F0200F044613
:102310000B4680F840C002D012F0200F51D1D806F1
:1023200015D5D10613D5628D92B2002A55D194F8F5
:102330004120282A74D094F841202368292A4FF09C
:102340001002DA615CD0002084F8400038BD5907E3
:1023500019D4190701D5100739D49907F3D5930774
:10236000F1D5638D9BB2002B46D0616A236811F8CA
:10237000012B9A62638D228D6162013B9BB2013A0F
:1023800063852285DFE75007E3D5638D9BB26BB190
:102390002268636A526A1A70638D616A228D013BFA
:1023A0000131013A9BB2616222856385638D9BB2E4
:1023B000002BC8D115F5803FC5D02046FEF716FA90
:1023C000C1E7FEF789FD002084F84000BEE7204603
:1023D00006F01EFEB7E7022038BD23681022DA613E
:1023E000636C43F00403636435F08073ABD1616CBC
:1023F0002046FEF779FAA6E735F08073A3D1DCE733
:1024000015F5803F9FD09A69950744BF00229A62D4
:102410009A69D007D1D49A6942F001029A61CCE757
:10242000B5F1007F87D119462046FEF729FA8AE7E1
:1024300038B590F840C0C56ABCF1010F46D04FF0E6
:10244000010C11F0200F04460B4680F840C002D06A
:1024500012F0200F30D1D90626D5D00624D551044C
:10246000C2F3803034D5E16B09B1120435D4A26BCC
:102470001AB112685268002A37D023681022DA6134
:10248000636C43F00403636494F8413035F0807268
:10249000DBB20DD1213B092B4CD8DFE803F04950CA
:1024A0004B4B4B4B4B4B4950190701D5130709D4E4
:1024B000002084F8400038BDFEF70EFD002084F8AF
:1024C0004000F8E7204606F0A3FDF1E7022038BD02
:1024D000110429D5E16B0029CFD00A685268002A7F
:1024E00030D1A26B0AB100283AD194F84120282AB1
:1024F0002ED094F841202368292A4FF01002DA6187
:10250000D6D115F5803FD3D09A69950744BF0022F4
:102510009A629A69D00703D49A6942F001029A61DB
:102520002046FEF763F9C3E723681022DA61BFE7AC
:1025300021232363616C2046FEF7D6F9B8E72223F6
:102540002363F7E7A26B002A97D0002895D090E785
:10255000B5F1007FCDD119462046FEF791F9A7E7E6
:1025600012685268C1E700BF10B582B001AA01210C
:10257000044605F0D7F900220121204605F08AF92A
:10258000BDF80430022B08D00549064A0C690649FB
:102590000020A047002002B010BD012002B010BDF5
:1025A00078000020782B0108C02B010838B52A4A92
:1025B0000368D2F884501B689B061BD4846A236886
:1025C000A2685868616820F0200058609AB1586885
:1025D000B1F5827F20F00100586022D029462046C4
:1025E00005F094FEB0B901230022A4F8462084F837
:1025F0005D30236E38BD5A68B1F5827F0CBF22F082
:10260000030222F001025A602946204605F07EFEB0
:102610000028E8D0236E43F020032366202323669E
:10262000E1E7B2F5004F12D11A6822F040022946C4
:102630001A60204605F06AFE0028EBD12A464FF4C6
:10264000C061204605F0FEFD0028CCD0E2E7B2F5DF
:10265000806FE9D0C2E700BF78000020F8B51C4DBC
:102660000368D5F884701B68846A9B062CD426689E
:10267000736823F0200373603A464FF4C05120463C
:1026800005F0E0FD58B93946204605F03FFE30B967
:102690003A464FF4C061204605F0D4FD38B1236EB0
:1026A00043F020032366236E43F020032366736800
:1026B00023F00303736000220123E287A4F846207D
:1026C00084F85D30236E0BB901232B76F8BD00BF73
:1026D000780000202DE9F04FBFB00DF138090D460C
:1026E0009046019300F1020B3EAFCA46002440F62B
:1026F000B73631E025B335F8141001F01F0E4FEA5C
:10270000912C0EF1300E00FB0EF0C1F34411ACF130
:10271000200C02FB0CFC002801F1300102FB01F14E
:10272000B8BF3F30BCF1000FB8BF0CF11F0C8011D7
:10273000002900EB6C10B8BF3F3100B241F38F119C
:102740000134182C08BF002405F0E0FB4AF8040B04
:10275000BA450BF1040B0ED0BBF900203BF9020C7B
:1027600002FB02FC00FB00CCB4451146C2DC002099
:102770003FB0BDE8F08F0DAC0DF1060109F15C052D
:10278000224652F8043F002BB8BF0F3302311B1111
:1027900095420B80F5D1484605F02AFF002254F8F7
:1027A000043F216EA542A3EB01031A44F7D1124B5B
:1027B00083FB0213D217C2EBA31404F59943303301
:1027C0004CF662129342D2D802AE35460FCD4D453B
:1027D00008F1100806F1100648F8100C48F80C1C17
:1027E00048F8082C48F8043CEFD1019B01201C80DC
:1027F0003FB0BDE8F08F00BFABAAAA2ABFF34F8F4E
:102800000549064BCA6802F4E0621343CB60BFF38C
:102810004F8F00BFFDE700BF00ED00E00400FA05A8
:1028200030B4224BD3F88820D36813F00803FBD1CF
:10283000946A156911685268C1F3015000EB800079
:1028400001F07F32C1F3034111EB400118BF184B77
:1028500022F0FE4218BF4B43C2F3023101EB81016B
:10286000C2F3032010EB41001CBF4EF6602101FBB8
:102870000033C2F3021101EB810102F00F0212EBEF
:102880004102C5F30E0518BF4FF47A71A5EB0400A1
:1028900018BF01FB02334FF47A72013502FB00F0DE
:1028A000B0FBF5F030BC1844704700BF7800002042
:1028B00080EE360030B52B4D8DB02C22002101A8C2
:1028C0000BF0B2F8D5F8AC40002C43D0FFF7A8FFCE
:1028D000254BD5F8941003910444A3FB0423234A09
:1028E0005B0D02FB1344224AA2FB0402920B4EF63C
:1028F000602505FB12448DF805201E4A1E48A2FBE8
:102900000352120902EB4202A3EBC2038DF804301A
:10291000A0FB04239B094FF47A7202FB134401FBD2
:102920000444A0FB04048DF80630A1EB94114FF48D
:1029300080704FF000424FF0606302910B9006925E
:10294000089305F051FD18B901A806F09BF838B1BD
:10295000FFF754FF05F048FD0028F9D185F8B000D5
:102960000DB030BD78000020B17C219580EE36009E
:1029700073B2E745ABAAAAAAD34D6210FEE700BF27
:10298000FEE700BFFEE700BFFEE700BFFEE700BFB7
:10299000704700BF704700BF704700BF034AD2F8BE
:1029A00084300133C2F88430704700BF78000020C3
:1029B0000C4B0D49D3F888204FF480104861D16842
:1029C000490503D4012283F8A9207047D168C9B210
:1029D00061F49061D1600120012283F8B10083F895
:1029E000A92070477800002000040140034B5A6979
:1029F000120744BF08225A61704700BF000401401B
:102A00000148FDF7DFBD00BF2C0100200148FDF7A4
:102A1000D9BD00BF740100200148FDF7D3BD00BF40
:102A2000BC0100200148FDF7CDBD00BF040200201D
:102A3000084810B4D0F8D431D0F8084299691A681F
:102A40002CB1234600F5EA705DF8044B18475DF899
:102A5000044B704778000020034B5A69120544BFAD
:102A60004FF400625A6170470004014010B5164CE3
:102A7000164AD4F888304FF4802151619A68D20404
:102A800002D5DA68D00512D49A68910402D5DA68C2
:102A9000920503D4012384F8A93010BDDA68D2B2BC
:102AA00062F42072DA60012384F8A93010BDDA687C
:102AB000D2B262F4C072DA60012184F8B010FFF77C
:102AC000F9FED4F88830DFE77800002000040140E8
:102AD000034AD2F8883043F47003C2F88830704754
:102AE00000ED00E0F0B504680546200583B000F174
:102AF000F6800026A10351D5A54B9A6DD20040F176
:102B0000F8800027A349A44A0B6843F480730B6044
:102B1000D2F8840005E0D2F884301B1A022B00F2B0
:102B200001810B68DB05F6D5AEBB9949A86DD1F8DC
:102B3000903013F4407326D0834224D0D1F890C053
:102B4000D1F8903043F48033C1F89030D1F8903010
:102B500023F48033C1F890301CF0010F2CF4407343
:102B6000C1F890300FD0D2F884E041F2883C06E002
:102B7000D2F88430A3EB0E03634500F2D380D1F882
:102B800090309B07F4D5824AD2F8903023F44073FA
:102B90000343C2F89030002F40F0C880E10708D509
:102BA0007B4A296AD2F8883023F003030B43C2F82A
:102BB0008830A20708D5764A696AD2F8883023F0AF
:102BC0000C030B43C2F88830630708D5704AA96A22
:102BD000D2F8883023F030030B43C2F88830A706C0
:102BE00008D56B4AE96AD2F8883023F440630B4376
:102BF000C2F88830A00508D5654AE96BD2F888305C
:102C000023F440230B43C2F88830610508D5604A9D
:102C1000296CD2F8883023F440130B43C2F8883073
:102C2000620608D55A4A296BD2F8883023F44053FB
:102C30000B43C2F88830230608D5554A696BD2F891
:102C4000883023F440430B43C2F88830E70508D5A9
:102C50004F4AA96BD2F8883023F440330B43C2F8B3
:102C6000883020030ED54A4AA96CD2F8883023F068
:102C700040630B43B1F1006FC2F888305CD0B1F112
:102C8000806F74D061030ED5414AE96CD2F8883068
:102C900023F040630B43B1F1006FC2F8883050D08D
:102CA000B1F1806F6BD062040BD539492A6DD1F830
:102CB000883023F040531343B2F1805FC1F888306D
:102CC0004DD0230408D5324A696DD2F8883023F0FC
:102CD00080430B43C2F88830304603B0F0BD6F6CC0
:102CE000B7F5000F10D0B7F5400F12D077B301261B
:102CF00000E79A6D42F080529A659B6D03F0805315
:102D00000193019B0127FDE6214AD36843F48033F8
:102D1000D3601F4AD2F8883023F440033B43C2F803
:102D20008830E6E60326002F3FF438AF184A936D4B
:102D300023F08053936531E7D36843F48013D36065
:102D4000A0E7D36843F48013D360ACE73946281D6D
:102D5000FEF75EFA064600287FF4CCAED9E70221E2
:102D6000281DFEF755FA002818BF0646A9E70121DD
:102D7000281DFEF74DFA002818BF064682E70121FC
:102D8000281DFEF745FA002818BF06468BE700BF4E
:102D90000010024000700040780000202DE9F04152
:102DA000C16F05689EB00446002947D02423E3671D
:102DB0002A68636A22F001022A60002B40F0AD808D
:102DC000D4E90412A36828680B431343E169A84AB5
:102DD0000B43024013432B606B68E26823F44053BB
:102DE0001343A44A6B609542A369AA6800F0DB8094
:102DF000206A22F43062034313439F4AAB6095423A
:102E000000F04A819D4B9D4240F00D8103F5E63371
:102E1000D3F8883003F00C030C2B00F26381DFE859
:102E200013F0D401610161016101110161016101CE
:102E3000610171016101610161016A0180F878102D
:102E40005C2207A80AF0F0FD8B4B9D4200F0F08158
:102E50008A4B9D42AAD1022707A80797FFF742FE97
:102E60000646002840F01A82854B864D9A6D42F442
:102E700000329A659A6D02F400320492049ADA6C78
:102E800042F00102DA64DB6C03F0010303930722D2
:102E90000323CDE90032039903463A464FF09040B0
:102EA0000F214FF0800806F0E5F8C5E95276C5E934
:102EB0005468C5E95666C5E9586605F5A276724BB1
:102EC000C5F84431304605F0A9FE002840F0E681FF
:102ED0006667102305F5C676C5E96608C5E968008A
:102EE000C5E96A00C5F894313046684BC5F8907161
:102EF000C5F86C41C5F88C3105F090FE01460028FC
:102F000040F0CC8126672620C5F8B44105F028FFA3
:102F10005F4B40225A60256848E71E0705D56A685E
:102F2000616B22F400420A436A60D80705D56A68DB
:102F3000A16A22F400320A436A60990705D56A68DB
:102F4000E16A22F480320A436A605A0705D56A684A
:102F5000216B22F480220A436A60DF0605D5AA6845
:102F6000A16B22F480520A43AA609E0605D5AA6886
:102F7000E16B22F400520A43AA60580609D56A6838
:102F8000216C22F480120A43B1F5801F6A6000F0C0
:102F9000048119067FF514AF6B68A26C23F400233B
:102FA00013436B600CE722F4306213433449AB6087
:102FB000D1F8883003F44063B3F5006F00F08980E6
:102FC00000F2E580002B00F05981FEF781F80646FB
:102FD000002E7FD16A682B49002322F49042C4E975
:102FE0001A336A60AA6822F02A02AA602A6842F0AC
:102FF00001022A60C4F88430D1F884602B681A0773
:1030000000F186802B685B0700F19D800023202261
:103010001846E26784F87830C4F880202366636637
:103020001EB0BDE8F0811B4B9D425BD103F5E4333C
:10303000D3F8883003F03003202B63D059D8002B0D
:1030400000F0C380B1F5004F00F02F81FEF740F88B
:103050000028BFD0636800EB5300B0FBF3F04FF6DD
:10306000EF73A0F110029A423CD8E860B2E700BFCB
:10307000F369FFEF00800040003801400044004049
:1030800000100240780000206C00024080000240E6
:1030900000E100E00048004002F55842D2F88830D4
:1030A00003F00303022B2DD0032B24D0012BC9D016
:1030B000864BB1F5004F186800F098809268844BF9
:1030C000C2F3C222134493F8403003F01F03D840E8
:1030D000BEE7804E626802EB4203B34202D8B6EB11
:1030E000023F61D90023C4E91A3301201EB0BDE8B4
:1030F000F081302BF6D1B1F5004F00F0D3804FF4C2
:103100000040A7E7B1F5004F00F0CA807148A1E781
:103110006FF07E4332464FF40011204605F0E2FD89
:1031200000283FF46FAF236853E8002F22F080029D
:1031300043E800210029F7D12023E367002384F826
:1031400078300320D2E76FF07E4332464FF480019F
:10315000204605F0C7FD00283FF458AF236853E828
:10316000002F22F4907243E800210029F7D103F1E7
:10317000080252E8002F22F0010203F1080040E8A3
:1031800000210029F3D12023C4F88030D6E7B3F51D
:10319000406FA7D14FF400469CE76A68616C22F447
:1031A000C0020A436A60F4E60023500819464FF44F
:1031B0008077E6FB070106F0F1FB474BA0F5407274
:1031C0009A428FD8454BD86004E7B1F5004F6FD0D5
:1031D000434A3F4B92683D49C2F3022213440868B8
:1031E00093F8403003F01F03D84031E79268384B22
:1031F000C2F3C222134493F8403003F01F03D840B7
:1032000000283FF4E7AE4300626803EB5203B3FBD0
:10321000F2F34FF6EF72A3F1100191423FF662AF65
:1032200023F00F0292B2C3F342031343EB60D1E6E3
:10323000012307A80793FFF755FC034670BB284AF4
:10324000116E41F480411166116E01F480410691C6
:103250000699D16C41F00101D164D26C02F00102F7
:10326000059207210322CDE90021059802224FF49F
:10327000C0614FF0904005F0FDFE97E58A68144B61
:10328000C2F302221344114A93F84030166803F047
:103290001F03DE40002E3FF49DAE1BE7FFF7AEFAA2
:1032A000104BB1E74FF48033AEE7FDF711FFA7E70E
:1032B0000B4A074B92680549C2F30222134408687F
:1032C00093F8403003F01F03D84099E70000002036
:1032D00040EB00080024F400FFFC0F0000800040D9
:1032E000001002400048E801F0B5CA4CD4F8AC30F8
:1032F0008BB0002B00F0D981C74B1A683F21C4F86E
:103300002812520358BF1A68C34B54BF02F48032CC
:103310004FF4A022C4F82C2219685A68186801F0EA
:103320000101C2F30722C4E9901219685A6800F03B
:10333000F00001F48071C4F84802C4F83412D3F8E4
:103340009010B648C2F30462C4F838224F0758BF41
:10335000D3F89020B04B54BF02F001020522D3F8FD
:103360009410C4F83022D3F8982001F0010102F043
:103370000102C4F83C12C4F84C221968DA6811F052
:10338000807F0CBF0121022102F00302C4E99412E4
:10339000DA68D968C2F302120132C1F30621C4E926
:1033A0009621D968DA68C1F34151C2F34162013113
:1033B000013249005200C4E99912D9689A68C90ECD
:1033C00002F003020F25C4F86C52C4F86012C4F86E
:1033D000702299689A6801F0F00102F4E062C4E991
:1033E0009D129A68016894F8150284F88402D20844
:1033F00002F4E06201F00701C4E99F21242284F86D
:103400001522D4F8D42186481168824221F00101A6
:10341000116000F0EF810023226AC4F81832022103
:1034200084F8153284F81432C4F8043284F8163261
:1034300084F87D1013687B4923F040038A421360AF
:1034400000F0EE810022C4F88020D4F8883284F89D
:103450007D202421D4F8080384F87C20C4F80413C8
:103460001968C4F8100321F0010119606E491A604F
:103470008B425A609A6000F0AE816C4A934200F031
:103480008D820023D4F81423C4F80C332421C4F80B
:10349000043384F80033C4F80833C4F8E832C4F8BD
:1034A000EC32C4F8901311685F4821F001018242A8
:1034B000116013605360936000F046825B4B9A4248
:1034C00000F08882544A0023C4F89833C4F890333B
:1034D000C4F89433C4F87433C4F87833D06CD16C26
:1034E00084F88C3300F00100C1F34001C4F8B80344
:1034F000C4F8D813D06CD16C41F00101D164D16C07
:10350000C0F3C01001F001010491C4F8F80304995C
:10351000D16C41F00201D164D16C01F00201039140
:103520000399D16C41F08001D164D26C4FF0904C82
:1035300002F0800202920299DCF80010C4F89C1399
:10354000DCF80410C4F8A013DCF80810C4F8A413C5
:10355000DCF80C10C4F8A813DCF82010C4F8AC1385
:10356000DCF82410324AC4F8B0131168C4F8BC1354
:103570005168C4F8C0139168C4F8C413D168C4F882
:10358000C813106A516AC4F8D01302F5C052C4F8C7
:10359000CC031168C4F8DC135168C4F8E0139168D7
:1035A000C4F8E413D168C4F8E813116A089D526A9C
:1035B000099EC4F8EC13C4F8F02301204FF60F71F4
:1035C0004FF0030E00FA03F20A424FEA430203F1FE
:1035D000010306D0DCF800700EFA02F23A43CCF890
:1035E0000020102BEED1CDE9005611480023032214
:1035F0004EF6F57105F03EFDCDE900560D4800236D
:1036000003224FF6F67105F035FD034BDA6C22F01C
:10361000010211E07800002000100240002002406A
:103620000058004000300140003801400044004094
:1036300000040048001C0048DA64DA6C22F0020240
:10364000DA64DA6C4FF0E02122F08002DA640B6970
:1036500023F002030B61FFF7E3F894F8B03005465E
:103660004BBBBF49BF4A07E062B6BFF34F8FBFF302
:103670006F8F94F8B030F3B972B6BFF34F8FBFF3CA
:103680006F8F94F8B030002BEED10B6823F0070356
:1036900043F001030B60136943F00403136130BF6F
:1036A000136923F004031361DEE7AF480BB0BDE8F4
:1036B000F0400AF097BC002384F8B030FFF7B0F870
:1036C000401B05D500F1A46000F5CB2000F580601B
:1036D000D4F884304FF0E0220344C4F884301369F6
:1036E000A24843F002031361FEF702FAD4F88012F5
:1036F0009F48FEF7F9FC4FF090400121FCF7A4FD34
:10370000D4F89C23D4F8B8130260D4F8A023426004
:10371000D4F8A4238260D4F8A823C260D4F8AC23E0
:103720000262D4F8B0234262003918BF0121FCF7CD
:103730008BFD00F580600121FCF786FDD4F8BC33D9
:10374000D4F8D8130360D4F8C0334360D4F8C4333A
:103750008360D4F8C833C360D4F8CC330362003933
:10376000D4F8D033436218BF0121FCF76DFD00F59A
:10377000C0500121FCF768FDD4F8DC33D4F8F8130D
:103780000360D4F8E0334360D4F8E4338360D4F8C2
:10379000E833C360D4F8EC330362D4F8F033436207
:1037A000003918BF0121FCF74FFD05F05FFD94F8CB
:1037B0008432282B00F0B78005F0ECFD6D48FFF750
:1037C000EDFAD4F81033222B3BD06B480BB0BDE898
:1037D000F040FFF7E3BA02F1804202F504324FF401
:1037E000C061136E23F480434FF090401366FCF7E2
:1037F00037FF46E69A6D614822F480029A654FF4DD
:103800008061FCF72DFF4FF40061FCF729FF5C4B52
:103810000222C3F88420BFF34F8FBFF36F8FFAE506
:10382000584A136E23F48053E02113664FF0904002
:10383000FCF716FFA06F05F077FE606F05F074FED1
:1038400000E6D4F8FC02D4F8DC22B4F8E032D4F874
:103850000813002800F0D9802029B6D1002AB4D05E
:10386000002BB2D00021D4F88852C4F8E81246499F
:103870008D4203D069680E0200F147810021C4F82F
:103880000C132221C4F8DC22A4F8E032C4F8081397
:103890003E49C1623E4901633E4941630021816363
:1038A00005F12401FCF722FD002840F05181D4F8F5
:1038B000983293B155E8003F43F4807345E80032F5
:1038C0004AB1D4F8882252E8003F43F4807342E8BA
:1038D00000310029F5D1D4F8885205F1080353E8E6
:1038E000003F43F0010305F1080141E8003262B1F5
:1038F000D4F8882202F1080353E8003F43F00103A3
:10390000083242E800310029F2D1D4F8882202F1CD
:10391000080353E8003F43F04003083242E8003117
:103920000029F2D151E794F81522202A7FF444AF00
:10393000D4F8D42184F8153213681749C4F8081252
:1039400043F0B803136037E70E4A136E23F4804345
:103950004FF4C0614FF090401366FCF781FEB1E573
:103960000070004000ED00E0E02B0108A002002004
:10397000E4020020000300208C0300200004004823
:1039800000E100E0001002400080004051130008F8
:10399000D913000891400008F922000802F5E63228
:1039A0000F21936D23F4003393654FF09040FCF7A3
:1039B00057FED4F8FC0205F0B7FDD4F8F80205F084
:1039C000B3FD734B4022C3F88420BFF34F8FBFF386
:1039D0006F8F56E56F4A936D23F4003393650F2183
:1039E0004FF09040FCF73CFED4F8880305F09CFDB6
:1039F000D4F8840305F098FD654B4022C3F8842079
:103A0000BFF34F8FBFF36F8F5CE520297FF4DDAEEE
:103A1000002A3FF4DAAE002B3FF4D7AED4F8881278
:103A2000C4F8E8025C48814215D04868000212D50B
:103A300051E8000F40F0806041E800054DB1D4F836
:103A4000880250E8001F41F0806140E80015002D19
:103A5000F5D1D4F88812D4F89052C4F8DC220020B2
:103A6000B5F5805FA4F8E032A4F8E232C4F8F002C1
:103A700000F08580002D78D1D4F89832002B0CBF4F
:103A8000FF207F2000222223C4F80C23A4F8E402A4
:103A9000C4F8083301F1080353E8003F43F0010381
:103AA000083141E8003262B1D4F8882202F10803FB
:103AB00053E8003F43F00103083242E80031002997
:103AC000F2D1D4F89022D4F89832B2F5805F46D083
:103AD000324AC4F8F0226BB1D4F8882252E8003F91
:103AE00043F4907342E800310029F5D16DE62C4B88
:103AF000C4F8F032D4F8882252E8003F43F02003A3
:103B000042E800310029F5D15FE655E8001F41F099
:103B1000806145E8001048B1D4F8880250E8001FE1
:103B200041F0806140E80015002DF5D10021D4F866
:103B3000FC02C4F80C132221D4F88852C4F8DC2209
:103B4000A4F8E032C4F8081300283FF4B0AE9FE6B2
:103B500010222023C4F80C23C4F8083335E6002BC8
:103B6000C5D00E4BC4F8F032B6E7B5F1805F89D10D
:103B7000D4F89832002B0CBF7F203F2082E7D4F886
:103B80009832002B40F2FF1018BFFF207AE700BFE9
:103B900000E100E00010024000800040F513000842
:103BA000C5140008F0B4C56F202D4CD10C4601B1EE
:103BB00012B90120F0BC7047194600252123C0F836
:103BC0008450C36783682B4FA0F85020B3F5805F03
:103BD000D7F88460A0F8522038D0B0F8522003689B
:103BE00092B2B2B1DA69120604D44A1C1DD1DA6964
:103BF0001206FCD50CB314F8012B1A85B0F852202C
:103C0000013A92B2A0F85220B0F8522092B2002AA3
:103C1000E8D1DA69520604D44C1C1DD1DA69510688
:103C2000FCD52023C3670020C4E7D7F88420921B6B
:103C3000914219D3C1B11A68D4E735F8022BC2F307
:103C400008021A85DAE70220F0BC70470369002BEE
:103C5000C3D125461C46C0E7D7F88420921B914269
:103C600002D309B11A68D4E72023C367F0BC03204C
:103C7000704700BF78000020026852E8003F23F43C
:103C8000907342E800310029F7D102F1080353E8AC
:103C9000003F23F0010302F1080C4CE80031002939
:103CA000F3D1036E012B06D000232022C0F8802020
:103CB00083660366704752E8003F23F0100342E832
:103CC00000310029F0D052E8003F23F0100342E811
:103CD00000310029EFD1E7E770B5AE4CD4F8885237
:103CE000EB692A68A96840F60F00034240F087801C
:103CF000980602D5960600F1F380D4F8E802012870
:103D000016D0D80202D5490200F1F4801E0605D46F
:103D1000590602D5530600F1258170BD1006F7D56E
:103D2000D4F8F432002BF8D0BDE870409A48184718
:103D3000DE06E6D5D006E4D510232B62AB68B4F8D6
:103D4000E0225B0640F14281D4F8FC3219684B68EE
:103D50009BB2002B00F07C81934280F07981A4F823
:103D6000E2320B689E0644D455E8003F23F480738A
:103D700045E800324AB1D4F8882252E8003F23F4E3
:103D8000807342E800310029F5D1D4F8882202F18D
:103D9000080353E8003F23F00103083242E80031F2
:103DA0000029F2D1D4F8882202F1080353E8003F39
:103DB00023F04003083242E800310029F2D12023E9
:103DC000C4F80833C4F8E812D4F8882252E8003F57
:103DD00023F0100342E800310029F5D1D4F8FC3279
:103DE00093F82520022A00F03A810422DA6383F84E
:103DF00024100223C4F8EC32B4F8E23270BD11F0A2
:103E0000010640F09E80654802423FF476AFD80735
:103E10000FD5D10540F1D68001212962D4F80C13C9
:103E200041F00101C4F80C1399076BD5002E40F046
:103E30008C8058077DD51E0700F1C1801E050AD56C
:103E4000500108D54FF400612962D4F80C1341F0F9
:103E50002001C4F80C13D4F80C1300293FF45DAF13
:103E6000990602D5920600F1A080D4F80C23AB6825
:103E700002F0280203F04003134300F0E6804648B6
:103E8000FFF7FAFEAB685B067FF547AF05F1080365
:103E900053E8003F23F0400305F1080141E80032F8
:103EA00062B1D4F8882202F1080353E8003F23F0FE
:103EB0004003083242E800310029F2D1D4F8FC0274
:103EC00000283FF42AAF364B8363FCF757FB0028EA
:103ED0003FF423AFD4F8FC02BDE87040836B184771
:103EE000D4F8F032002B3FF418AF04F52270BDE88F
:103EF000704018474FF480132B6270BDD1058BD4EE
:103F0000980722D4590714D5002E94D00421296291
:103F1000D4F80C13180741F00201C4F80C138DD526
:103F200008212962D4F80C1341F00801C4F80C13DD
:103F300084E7190782D502F0200131433FF47EAFB8
:103F4000EEE7D807DAD499072CD502212962D4F8F4
:103F50000C135E0741F00401C4F80C13D6D4190702
:103F6000DED46BE755E8003F23F0400345E800321C
:103F70004AB1D4F8882252E8003F23F0400342E8D7
:103F800000310029F5D120220023C4F80423C4F80D
:103F9000F43270BD780000200003002020010004EE
:103FA000E51300085E07B1D4D9E7D4F8F032002B4E
:103FB0003FF45BAF35489847D4F8885255E79006F0
:103FC000AED43BE798073FF534AF9BE7B4F8E21275
:103FD000B4F8E2329BB289B2002B3FF49EAE91421C
:103FE0003FF49BAE55E8003F23F4907345E8003260
:103FF0004AB1D4F8882252E8003F23F4907342E893
:1040000000310029F5D1D4F8882202F1080353E8E1
:10401000003F23F00103083242E800310029F2D1C9
:104020002023C4F80833C4F8F012C4F8E812D4F816
:10403000882252E8003F23F0100342E800310029B3
:10404000F5D10223C4F8EC3270BDC4F80C3370BD56
:1040500093427FF462AE0B689D06F2D470BD1A687D
:104060001D6C106820F00E001060106820F0010038
:1040700010605A6C012002F01C0200FA02F26A6021
:1040800083F8250083F82410B3E600BF0003002066
:10409000806A0368C16F10B5D0F880409A68120634
:1040A00001D521290BD09B685B0601D5222C1DD0A0
:1040B000D0F8843043F01003C0F8843010BD0022E3
:1040C000A0F8522053E8002F22F0C00243E800215C
:1040D000026839B152E8003F23F0C00342E80031E2
:1040E0000029F7D12023C3671346DCE70023A0F89B
:1040F0005A30FFF7C1FDD0F8843043F01003C0F808
:10410000843010BD2DE9F041174F1D467B6913B176
:10411000BDE8F0411847FB684FEA4208002AF7D093
:104120008F1EA8F1020406468E460C443A4632F829
:1041300002CF9CFA9CFCA242A2F800C0F7D14246F2
:104140007146304698470DB9BDE8F08137F8023F17
:104150005BBAA7423B80F7D037F8023F5BBAA74271
:104160003B80F3D1F0E700BF780000202DE9F0415B
:1041700086B030B116461F460268434B9A42054648
:1041800009D0424B424A1B6942490020984700200F
:1041900006B0BDE8F08136B33F4B721E06F1EB0866
:1041A0004FF0FF3E12F8010F08248EEA000E4EF386
:1041B000000C0CEA030C013C8CEA5E0EF7D1904532
:1041C000F0D1D6F8EC306FEA0E0E73450BD119B171
:1041D000324B0A689A420DD02C4B314A1B69314947
:1041E00000209847D3E7294B2F4A1B692949002013
:1041F0009847CCE743F21C030493A868ADF8144039
:10420000012301F10408032204A9FFF77BFFBDF895
:10421000143003F40063002B14BF012300232B731D
:104220000FD0A8682B69AC1D0435CDE90073324668
:104230000C9B03944146029503F0AAFC06B0BDE82E
:10424000F08143F2310304A90493A868ADF8144047
:1042500001230322FFF756FF2B7BBDF81410002B20
:10426000DFD14AF6C0429142A8682B69DBD0AC1D71
:104270000435CDE9007332460C9B03944146029508
:1042800004F028F984E700BF0EB03713780000204F
:104290002C2B0108442B01082083B8ED0FB03713F5
:1042A000EC2A0108E42A0108342C010818B13D4B1E
:1042B00002689A4205D03C4B3C4A1B693C490020AD
:1042C00018472DE9F04F384B856893F8FC33012BE4
:1042D000A3B005D9344B374A1B69374902209847A8
:1042E0003649DFF8E490DFF8D080782204A809F09E
:1042F00047FE334A02920023022202A92846FFF712
:1043000001FF0DF1100B0026BBF80440BBF806A01E
:10431000A244A24506DC30E0624698470134A4B2CC
:10432000A2452ADD44F4405C012302A92846032269
:10433000ADF808C0ADF80A60ADF80C60FFF7E2FE1A
:10434000DBF80830BDF80CC021462846002BE3D12D
:10435000154F97F8FC23012A2B464A4641464FF059
:104360000200DBD9DBF80070CDE9007C0E4F013490
:104370003F69A4B2B847A245D4DC0BF10C0B22ABC9
:104380005B45C1D1084A92F8FC33012B07D9136968
:1043900009490C4A022023B0BDE8F04F184723B06A
:1043A000BDE8F08F0EB03713780000202C2B0108E9
:1043B000442B0108482C0108842C010888EB0008D4
:1043C000D5100100AC2C0108982C0108F0B5456C03
:1043D00083B004461DB1284B2A689A4215D0274B5A
:1043E000274A1B69274900209847274809F0FAFD0A
:1043F000606CFFF75BFF0024244B4FF480529A62FD
:1044000004F0D8FC204603B0F0BDAE6803220027BC
:10441000009240F249130021304603F0A7FC01242A
:1044200040F24913042202213046009703F09EFC1B
:1044300040F24913102204213046009403F096FC08
:1044400040F24913202205213046009403F08EFCEF
:10445000FF2300934FF47F5240F249130621304668
:1044600003F084FC40F24B13009430462246394658
:1044700003F07CFC2F73BFE70EB0371378000020E9
:104480002C2B0108442B0108E82C010800040048EB
:1044900038B5124B4FF4805204469A6104F08AFCFE
:1044A000656C1DB10E4B2A689A420DD00D4B0E4A19
:1044B0001B690E49002098470D4809F093FD606C78
:1044C000FFF7F4FE002038BDA86803F07FFCA86861
:1044D000012103F0DFFC012038BD00BF00040048CB
:1044E0000EB03713780000202C2B0108442B010854
:1044F000082D01082DE9F047044686B00D4619B194
:10450000FFF7C6FF002854D0666C1EB1A14B32687D
:104510009A420DD0A04BA14A1B69A149002098479F
:10452000A04809F05FFD0027384606B0BDE8F087D7
:10453000337B83B9B068152103F070F90028EFD000
:104540000123D4F84001337305F04AF8E8B99648DE
:1045500009F048FDE7E73769B06897F8C61101220E
:1045600003F098F997F8C5310BB397F8C631022BD1
:104570000CBF0123022387F8C6310028D0D0D4F81D
:10458000400105F02DF80028E1D0D4E91168E26C73
:104590001EB1804B316899420FD07F4B7F4A1B6917
:1045A0007F4900209847814809F01CFDBBE70123A3
:1045B000E1E77F4809F016FDB5E7B388F1880B44C1
:1045C000B2EB430F06D2744B7A4A1B697449002040
:1045D0009847E8E73769D6F8089097F8C6A100230E
:1045E0000393ADF8143043F23703049303220123FD
:1045F00004A94846FFF786FDBAF1010FBDF8143053
:104600000DD0BAF1020F0CBF8020C020184008D195
:10461000614B694A1C6969494B46A047C3E7402082
:10462000F4E797F8C61103AA484603F07BF907465A
:104630000028B8D0BDF80C30032B0AD0564ABDF87C
:104640000E3014695D4900935D4A4B460020A04737
:10465000A9E7BDF80E303169C3F30013A8F80030A4
:1046600091F8C43133B191F8C631A3F10103B3FA23
:1046700083F35B09A8F80230B1F8C831A8F8043018
:1046800008F1060201F5E57301F5FD7AD3F800E0C3
:10469000D3F804C09868D3F80C90C2F80C9010338B
:1046A0005345C2F800E0C2F804C0906002F1100265
:1046B000ECD1B1F8FA31A8F8363008F1380201F53A
:1046C000FE7301F50B7AD3F800E0D3F804C09868C4
:1046D000D3F80C90C2F80C9010335345C2F800E0A8
:1046E000C2F804C0906002F11002ECD1B1F82C3293
:1046F000A8F8683008F16A0201F22E2301F25E2167
:10470000D3F800E0D3F804C09868D3F80C90C2F84E
:104710000C9010338B42C2F800E0C2F804C09060E5
:1047200002F11002ECD1B6F806903369B06893F844
:10473000C621B188B9F5005F77D8013A18BF0122C8
:1047400008EB410112034B4604F006F800287ED026
:10475000B9F1000F3FF427AF25B12046FFF736FE31
:1047600000286ED0D4F88C31A56C1BB1154A19689D
:1047700091422FD0084C144A2369144900209847CD
:10478000002D7FF4D1AE2369114A104900209847CB
:10479000CAE600BF0EB03713780000202C2B0108AA
:1047A000442B0108402D01085C2D0108482E01080A
:1047B000282D0108782D0108902D0108B02D010841
:1047C000C42D01080DB03713042B0108202B01085C
:1047D000782E0108002D38D05A6804F5D6749C60F4
:1047E0001068038F05EB43034361B0F8943005EB89
:1047F0004303C364B0F8963005EB43030365D0F878
:1048000098304BB1B0F89C1005EB41011961B0F83C
:104810009E1005EB41015961B0F8E410536805EBB7
:104820004105C0F8B05098477EE60A4C0A4A236911
:104830000A49002098472369094A0A4900209847F5
:10484000B1E6094809F0CEFB6DE6024C9BE7014C4E
:10485000F1E700BF78000020F02D0108082E0108C4
:104860001C2E0108B02D0108602E01082DE9F04F23
:104870002DED048B1C461B78ADF21C4D05460F46F2
:1048800091460A2B12D8DFE813F020000B007200CB
:10489000F7007C010002AB02D2032404550420007F
:1048A000FDF762FE002840F008852378C84E356980
:1048B000C84AC9490020A8470020064626700DF2C4
:1048C0001C4DBDEC048BBDE8F08FC14EDDF85004EB
:1048D000EC22002109F0A8F8D6F80034DFEDBF5A29
:1048E000DFEDBF6A07EE903AF8EE677AB6EE006A3F
:1048F00085EEA77AF4EEE67A37EE067AF1EE10FA54
:10490000BCEEC77A17EE103A1FFA83F800F3328430
:104910009FEDB47AF4EEC77AF1EE10FA00F12A8432
:10492000A8F1100292B2EF2A40F2AA869FEDAE7A69
:10493000DFEDAE6A356977EE877A37EE877ABCEEBF
:10494000E78ABCEEC77AB8EE477A77EEC77A67EEA9
:10495000A67AFCEEE77A17EE907AA54BA54AA6490F
:1049600001978DED008A0020A84723789FE7FDF787
:10497000FBFD0490002898D04123002239462846A8
:1049800003F0EAFE0023028C0292A0F1020A0393D4
:1049900098464FF6FF7B5A1E02FB02F2C2EBC202A0
:1049A000510001F5167CC83A3AF9021F002B00F0BD
:1049B00071843AF902EC01F57A76A1EB0E0191428D
:1049C000FFF673AF61453FF770AF86EAE672A2EB80
:1049D000E67292B25A4505D2990089B2DDF810808C
:1049E000039193460133102BD5D1B8F1000F3FF45A
:1049F0005CAF039A82F0300ADDF85024A2F804A0DC
:104A0000B0F822B0B0F88020A2EB0B02B2F5FA6F3A
:104A1000FFF64BAF7949CDF810A01204A1FB0212AA
:104A200052094FF0000C2030039266464FF6FF7E8D
:104A30000AE0514538BF4FF000080133039A9BB29A
:104A4000402B944400F05B8730F8021F029A8A1AC8
:104A5000002AB8BF524292B272450BEB1C4A38BFD3
:104A600096460AF5487238BF1E468A4201F54871DB
:104A7000DFD24FF00008E0E7FDF776FD00283FF4B5
:104A800014AF394600222023284603F065FEB0F912
:104A900000200746844616460121002096463CF930
:104AA000022F02F54873A3EB0E039BB2B3F5C86F58
:104AB0003FF6FBAEB242A8BF084601F10101A8BF14
:104AC00016462029EAD1072840F2B3861728A0F11C
:104AD000070340F24987D3F1200240F0AD8646AB90
:104AE000039303982EA903F0A5FA00283FF4DDAE46
:104AF0009DED2E6AB5EE406AF1EE10FA3FF4D5AEA8
:104B00009DED2F7AB5EE407AF1EE10FA3FF4CDAE7E
:104B1000DDED306AF1EE666AC6EE877AF5EEC07AB0
:104B2000F1EE10FAFFF6C1AEB1EE477AC7EE066AB3
:104B3000F5EEC06AF1EE10FA7FF5B7AEB7EE007A87
:104B400077EE877AFCEEE77A17EE903A9AB23F2A30
:104B5000C3F34E033FF6A9AEDDF8502483F01003F3
:104B6000D38040F21531284602F058FE0426002872
:104B700000F0E58226700DF21C4DBDEC048BBDE803
:104B8000F08FFDF7F1FC00283FF48FAE502339463B
:104B90000022284603F0E0FDDDF85034CDF81890EF
:104BA000CDE9045703F10A013023A0F1020B9C4622
:104BB0000846A246124B002447F6FF76CDE9020BC9
:104BC0005D464FF6E472A646A1461F46B04623E076
:104BD00078000020D02E0108F42E0108F902154FAC
:104BE0008096984C8096984BBD37063500247449C2
:104BF000FC2F0108902E0108BC2E0108ABAAAAAA1E
:104C00000080FFFF8E4204F10104C4BFDE460E4661
:104C10000832082C92B21AD035F9021F0FFA82FB23
:104C20004CB135F8020C081A00B28045A8BF804686
:104C30008742B8BF07460029E4DA8B4204F1010439
:104C4000BCBFD9460B460832082C92B2E4D1A7F576
:104C50001C57103FBFB244F620629742DDE9020BB9
:104C600011D8B8F1000F0ED113F5004F00F0D9851F
:104C700047F6FF72964200F03D86AEEB090EBEF19C
:104C8000080F00F0AB8254460FE6FDF76DFC0028DC
:104C90003FF40BAE4FF4407339462846002203F030
:104CA0005BFD0DF1340B00F5C063CDE904B30023C7
:104CB000029346AB0393484E484F099416ABCDE997
:104CC00007B50DF1B80906930DF58A780546069CDF
:104CD000AA46BAF902103AF9040B03F017F944F89E
:104CE000040B4C45F5D12DACA346AA46BAF9621087
:104CF000BAF9600003F00AF94BF8040FC3450AF152
:104D0000040AF3D1DDE902230DF1540E98180021B5
:104D100054F8043F5EF8042F9B1AB34240F35582C7
:104D2000A3F5C9237E3BB342FADC002BB8BF5B423C
:104D30009942B8BF1946A04540F8043BE8D1049B0E
:104D4000491043F8041F0493029B60330293059BB0
:104D5000C0359D42BBD1DDE907B50021099C0A465B
:104D60000B465BF8040F9042C8BF194603F10103DC
:104D7000C8BF0246082BF4D10EAB0DF1B70253F8B1
:104D80002160039B01EB410103EB41110DF1CF00C9
:104D900051F8043BB342ACBF0023012302F8013FAA
:104DA00082421376F4D10020012302460AE029B1A1
:104DB00019F8011C002904BF1A4601200133302BC9
:104DC00000F0F28319F8011F002AF0D0002900F04A
:104DD000FF810130F2E700BF3F240300C1DBFCFF8D
:104DE0004FF6FF73ADF83830FDF7BEFB00283FF4F7
:104DF0005CADD54ED54AD6F80034A2FB0328DDF8C9
:104E00005034B3F8E0304FEA9818394603FB08F8FD
:104E100000224FF44073284603F09EFC46AB074641
:104E20001A46039340460EAB394603F00BFCC84BC1
:104E3000372283F82420002800F08281DDF85024F6
:104E4000BDF838305384C34900932846C24A0C2326
:104E500004F05AF8284640F2174102F0DFFC00281F
:104E600000F06E819FEDBD7AF7EE007A3D4607F1C6
:104E7000C00007F5D86E0DF1B80CA0F1C0034FF0DB
:104E80000008B3F9022002FB02F1B3F90020043359
:104E900002FB021298429044F3D106EE908AB8EEDB
:104EA000E66AC030C6EE076A8645B1EEE66AC7EE2E
:104EB000866AECEC016AE0D1DDF850349FEDA88AF7
:104EC0009FEDA89ADFEDA88A03F1880916AB603739
:104ED0000DF1D8089A46039B2EA92A46B2F9000084
:104EE000F1EC016A07EE100AB2F9020007EE900A2F
:104EF000B8EEC77AF8EEE77A27EE267A67EEA67A5A
:104F0000B2F9600027EE076A27EE277A67EEA77AE4
:104F100083ED017A07EE100AB2F96200C3ED027A5E
:104F200007EE900AB8EEC77AF8EEE77A27EE267A0F
:104F300067EEA67A83ED006A27EE076A27EE277AE6
:104F400067EEA77A414583ED186A83ED197AC3EDC0
:104F50001A7A02F1C00203F10C03BFD103981022A8
:104F6000514603F067F8002800F0EA80DAED006AA5
:104F70009AED017AF1EEE67AB1EE006A66EE866AA3
:104F80009AED026A67EE075A66EE866AB6EE006A26
:104F900076EEE56AF6EE085AB1EEE64AC6EE276A04
:104FA00077EEE57A26EE877A67EE887A66EE846A8F
:104FB000F7EE004A77EE867A37EE247A76EEE56AE7
:104FC000B3EE0F5A27EE097A66EE886AF4EEC57AD8
:104FD000F1EE10FA37EE067A76EE866A00F36F8409
:104FE000F5EEC07AF1EE10FA00F18684FCEEE77A75
:104FF00017EE903A1BB2B4EEE87AF1EE10FA40F3F5
:105000004F846FEA83536FEA9353F3EE0F7AF4EE13
:10501000E76AF1EE10FA40F3348443F47873043510
:10502000AF4229F8023F7FF456AF072646E4FDF76A
:105030009BFA00283FF439AC102339460022284659
:1050400003F08AFBDDF85034B3F88A30002684463A
:1050500003F01F09C3F344189B0A09F1300908F152
:105060003008A3F120000296B246B64637460CF14E
:10507000020B0BE05345774640F26C82D6469A46C7
:10508000B3B202930136082E00F066823CF9263056
:105090003BF9262009FB03F302FB00F1002BB8BF0C
:1050A0003F33002902FB08F2B8BF1F319B11002AD1
:1050B00003EB6113B8BF3F321BB242F38F1203FB05
:1050C00003F302FB0233BB42DCD97345D2D81F463F
:1050D000D8E7FDF749FA00283FF4E7AB60233946EB
:1050E0000022284603F038FBDDF85034DDF8502468
:1050F0005633263200210646FDF7ECFA00283FF42D
:10510000D4ABDDF85034DDF85024DDF8501488338A
:10511000304658328A31FDF7DDFA00283FF4C5AB3E
:1051200040F27C41284602F079FB092600287FF4F2
:1051300021AD04E0FDF718FA002840F04581024E49
:105140002378FFF7B4BB00BF78000020D34D621076
:105150000000002068F0000800EC00080000404259
:10516000000080420000004200007C42BD3706354E
:10517000002474491FED037A5FED036A35698B4B98
:105180008B4A8C4977EE877A002037EE877ABCEE1F
:10519000E78ABCEEC77A8DED008AB8EE477AA8F1AF
:1051A000100877EEC77A67EEA67AFCEEE77ACDEDC7
:1051B000017A17EE907AA847B8F1EF0FC0D9356998
:1051C000FFF7CBBB03F5C9237E33BB42FADBACE56B
:1051D0000B2800F2E98108460A46EFE5F61ADB00E3
:1051E00093FBF6F3A9EB03030FFA83FEBEF1000F66
:1051F000C0F26883BEF11F0F3FF745AD1FFA8EFE68
:105200006D4B83F815C00CF1010C5FFA8CFCBCF1FE
:105210003A0F20F802EF0BF1100B7FF4CBACDDE975
:105220000457DDF8189080234A46394600932846F3
:10523000624B03F019F9DDF85034DDF850149B8906
:105240000093CE885E4A5F490723284603F05CFE40
:105250005B4A5C4900960823284603F055FE032369
:10526000574A584900932846092303F04DFE062368
:10527000534A5449009328460A2303F045FE40F25E
:10528000D631284602F0CAFA5446052600287FF493
:1052900071AC54E701F57A73002BB8BF5B429BB247
:1052A0009B4502D80123FFF776BB00229B46DDF821
:1052B000108003920123FFF76EBB43F232034FF0DD
:1052C000000846930322012346A92846ADF81C8115
:1052D000FEF718FF3946122342462846BDF81C61E6
:1052E00003F03AFA0146B0F800E0B0F802C04346D5
:1052F000043140464FF6FF7746FA03F2D2070BD54A
:1053000031F81320A2EB0C02002AB8BF524292B22D
:10531000974284BF98B217460133102BECD1431E3D
:105320000D2B3FF6C2AA00F10043013B01EB4307FE
:1053300031F813207B8841F28731D21A8A427FF7F5
:10534000B4AA4FF6FF7296423FF4AFAABA889B1AEE
:105350008B427FF7AAAA40F2E51303FB0EF31B0C66
:10536000A3F5897313F1140F1AB2C0F201832C2A2A
:1053700040F3FC824F2ACCBF04230323DDF85024E2
:105380001049A2F800E0508093840D4A0090252334
:10539000284603F0B9FD40F23321284602F03EFAD8
:1053A000022600287FF4E6ABC9E600BFFC2F010807
:1053B000902E0108BC2E01080000002040ED0008DE
:1053C00000EC000868F0000839464FF49C630022A6
:1053D000284603F0C1F90DF1340A0EAF0DF1580B58
:1053E0002EAE4FF00008CDF804805346CAF8008076
:1053F00046AA00979021C7F80080CBF80080C6F835
:105400000080814603F0FAF900283FF498AECDE918
:1054100000685B4646AAF02109F5907003F0EEF9AA
:1054200000283FF48CAECDE900A839683268CC4B37
:10543000CC4D521A02FB03F305FB01F11B0CC3EB2D
:105440005133DDF85014C1F8BC30DAF8003005FBF8
:1054500003F305FB02F25B0BC1F8C020C1F8C430B6
:1054600046AA0CAB40F21F1109F2023003F0C6F954
:1054700000283FF464AECDE9007B0BAB46AA4FF4A5
:10548000907109F5A86003F0B9F900283FF457AE10
:10549000CDE90086434646AA09F5F0604FF49071C5
:1054A00003F0ACF900283FF44AAEDAF800203F6878
:1054B000DDF82CE0DDF830C03368DBF80010BE1AF0
:1054C00005FB02F7A84AACEB0E0C02FB0CF25B1AD0
:1054D00005FB01F805FB0EFEDDF85014120CC2EBC3
:1054E0005E32C1F8C82005FB0CF2C1F8CC209F4AFF
:1054F00006FB02F2120CC2EB5732C1F8D0209C4AD4
:1055000005FB06F603FB05F502FB03F31B0CC3EBDF
:105510005833C1F8DC50974DC1F8D460C1F8D83089
:105520004E1E01F1EB074FF0FF3316F8012F082153
:10553000534043F300022A40013982EA5303F8D171
:10554000B742F2D1DDF85024DB43C2F8EC300A2632
:10555000FFF7B4B99E4695E5B7EB5A0FBFF4A5A97E
:10556000DDF85024029B13848349844A0093284623
:105570000B2303F0C9FC0023804A7F49009328468F
:10558000092303F0C1FC7E237B49009328467B4A14
:105590000A2303F0B9FC40F25341284602F03EF9D9
:1055A00000287FF4E7AACAE5A0F10C03082B3FF618
:1055B0007CA902EB5002172A02D9183A172AFCD804
:1055C00092B2910089B201F13006DDF85034B6B2E2
:1055D0005F2E1A8140F2C281694BA3FB06239B090F
:1055E00003EB4303A6EB43134FF000080E46C146FE
:1055F00099B20127614A009121235F49284603F0AF
:1056000083FC5E4A5C4900962223284603F07CFC1A
:1056100003265A4A584900970123284603F074FC90
:10562000564A554900960223284603F06DFC33463E
:10563000524A5149CDF80090284603F065FC4F4A84
:105640004D49CDF800800423284603F05DFC4B4A09
:10565000494900970523284603F056FC0023474A92
:10566000454900932846062303F04EFC40F2ED31F5
:10567000284602F0D3F8062600287FF47BAA5EE5D0
:1056800077EEC77ADFED3F6A9FED3F7A67EEA67A45
:10569000B8F13F0F77EE877AFCEEE77A17EE903A93
:1056A0009BB200F21A810021B8F12F0F88BF424649
:1056B0008C46DDF85004A0F8E080A0F8E830A0F8AF
:1056C000E210A0F8E420A0F8E6C02846B6F8008072
:1056D00002F096FB00283FF433AD4FEA590C4FEA35
:1056E0005808C44528BFC446ACF1020CCDE90345B7
:1056F0002CF0010C3B1D40F64C3A02931FFA8CFB38
:105700004FF00008E146C8F534630C33994594BF67
:105710005D4655464FEA580468084FEA84010CD0AC
:10572000154B07EB800019443B4651F8042BDA80F7
:10573000120C9A8004338342F7D1DDF8503402987A
:10574000B3F8E23001931C2300932A460B4B4146E9
:1057500002F044F9D0B9039C2378FFF7A8B800BF42
:10576000A82A0400AA0A010054150200A64A07004C
:105770004E750B002083B8ED68F0000800EC0008BF
:10578000ABAAAAAAE8385BB500007C42DDF8503429
:105790000298B3F8E43001931A2300932A46754B1C
:1057A000414602F01BF90028D5D0DDF850340298AC
:1057B000B3F8E63001931B2300932A466D4B414614
:1057C00002F00CF90028C6D0DDF850340298B3F886
:1057D000E8300193192300932A46664B414602F0B4
:1057E000FDF80028B7D02B46049821463A46D84405
:1057F00001F0F0FF1FFA88F840F64B33AAEB0B0AD2
:1058000098451FFA8AFA7FF67EAFDDE903454FF42B
:10581000AE71284602F002F8012600287FF4AAA9FA
:105820008DE447F6FF739E427FF4E0AC5446FFF7E9
:105830003CB800F10802002346A9981807EB400085
:10584000039107EB430737F9026B07EE903AB8EE86
:10585000677A07EE906AF8EEE77A03FB03F6C1ED8C
:10586000007A07EE906AF8EE677AB84281ED027A24
:10587000C1ED017A03F1010301F10C01E3D1FFF75E
:1058800030B9F5EEC06AF1EE10FA3FF5C8ABFCEEA8
:10589000E66A16EE902A43EA42131BB2FFF7BFBB3B
:1058A000B5EEC07AF1EE10FA3FF5AFABBCEEC77AB9
:1058B00017EE102A43EA82231BB2FFF7A6BB1F2371
:1058C000FFF799BBCEF1000E1FFA8EFEBEF11F0F3F
:1058D0003FF6D9A94EF0200E92E4B8F1BF0F96BF63
:1058E000A8F140024FEAD802C2F3CF0208F0070C39
:1058F0000121DEE6CE4679E40023FFF77CBBDDF82C
:1059000010A0B8F1000F3EF4D0AFDDF850345E8146
:10591000012300934FF47E534A463946ADF81831BF
:10592000284646AB02F0A0FD124A134900962623F2
:10593000284603F0E9FA0F4A0F49CDF800A02423C6
:10594000284603F0E1FA40F2C621284601F066FF3E
:10595000032600287FF40EA9FFF7F1BB4FF00308E0
:105960004FF00109002745E60F2265E7022305E510
:10597000012303E500EC000868F000082DE9F0477A
:10598000264F274E82B004464FF002084FF4805550
:10599000BD6203F00FFABD6103F00CFA04F1500987
:1059A000D4E91151E26C15B12B68B3420BD01D4BF9
:1059B0001D4A1B691D4900209847B8F1010F1AD0F4
:1059C0004FF00108E2E705F10D030029F5D0A868C2
:1059D000CDF80090FEF74AFF82460028EDD06B7BA1
:1059E0000A2B4FF4FA700CD003F0FAFD0028D7D13F
:1059F000B8F1010FE4D14FF0000A504602B0BDE803
:105A0000F087064C4FF48055A56203F0D3F9A561E9
:105A100003F0D0F9504602B0BDE8F087000400481A
:105A20000EB03713780000202C2B0108442B0108FE
:105A3000F8B505460088002A1C460CBF4FF40053F9
:105A40004FF48053B0F59C6F0E460ED300F1510712
:105A50007F008342BFB235D21C4B1D4A1B691D49D2
:105A6000002098474FF0000C03E040F662274FF00B
:105A7000010C1949194AC4E9011202F11912E26034
:105A800002F1191222612346002262805122A28271
:105A900023F8167B29686A68A868EF68C4F81610AE
:105AA0005A609860DF602969A8696A69986119611C
:105AB00096E803005A61AA8B9A83343484E8030081
:105AC0006046F8BD4FF0010CD3E700BF780000201E
:105AD000E0370108B02D01080100020003001B009F
:105AE0000C4B1978012914D910B50B490B4C12F441
:105AF000006F03460A48246982B018BF0846C2F303
:105B00000A01CDE90001074A07490220A04702B077
:105B100010BD704774040020003801087800002090
:105B20000838010810380108842C01080B4B93F841
:105B300000C0BCF1010F0FD910B503462C39104637
:105B4000074A82B089B21469064ACDE900100649B5
:105B50000220A04702B010BD704700BF74040020AF
:105B60007800002024380108842C0108094B19789A
:105B700001290DD930B5084983B002F00F040D6931
:105B8000064A0749009403460220A84703B030BDE7
:105B9000704700BF74040020780000204C380108D2
:105BA000842C01080B4B93F800C0BCF1010F0FD9F6
:105BB00010B503467D391046074A82B089B2146990
:105BC000064ACDE9001006490220A04702B010BDE8
:105BD000704700BF74040020780000206C38010872
:105BE000842C010830B5A1F1620C134C1CF0010F9C
:105BF000247885B003461FFA8CFE0ED1012C0AD9F9
:105C00000E484FEA5E0405690292CDE900410C4A54
:105C10000C490220A84705B030BD012CFBD907482C
:105C20004FEA5E0405690292CDE90041064A054942
:105C30000220A84705B030BD740400207800002081
:105C40009C380108842C0108D43801080B4B93F8C8
:105C500000C0BCF1010F10D910B5034684B0A1F506
:105C60008C70074C80B224690090CDE901120220AB
:105C7000044A0549A04704B010BD704774040020D1
:105C8000780000200C390108842C01082DE9F04F20
:105C9000204EDFF89080074615460FCE93B004AC37
:105CA0000FC40FCE0FC40FCE0FC498F800C096E8F3
:105CB0000300BCF1010F84E8030007D9164B0095DF
:105CC0001C69164A16493B460220A047DFF848A047
:105CD000DFF85490DFF848B0039704AC12AE02E04E
:105CE0000834B44212D0A3881D42F9D098F800209D
:105CF000039B012A59464A46F2D920680090DAF8F7
:105D0000107002200834B847B442ECD113B0BDE89B
:105D1000F08F00BF04070108780000203439010823
:105D2000842C010874040020503901082DE9F04743
:105D3000C36D8769056900247C8081461C7000F171
:105D40004806A04656F8043FFBB1B3F838C0B3F894
:105D50009400B3F89610B3F8DC2005EB400005EB97
:105D6000410105EB420205EB4C0CC3E91301C3F8FA
:105D7000A820C3F814C03C701868D3F8E02041682C
:105D800083F8E880C3F8E42088470134E4B2042CA7
:105D9000D8D1D9F80000BDE8F0474368184700BFE4
:105DA0000068C368184700BF70B50446806978B1C1
:105DB000E36943B10F4B1B782BB10F4B0F4A1B69A3
:105DC0000F49012098472068BDE870408368184754
:105DD000094D0C4A2B690A499847E3693BB1054BC9
:105DE0001B7823B12B69054A0549012098470020FB
:105DF00070BD00BF740400207800002064390108E1
:105E0000CC3301087439010830B40269B0F842306B
:105E100090F8381032F81330032908BF83F4004398
:105E200040F2E51101FB03F31B0C816C8446A3F5E2
:105E300089700880BCF83C10DCF84C0032F8111076
:105E400039B1BCF8401032F81110012994BF00217B
:105E500001210170BCF83E00BCF83A10DCF850504B
:105E600032F8111032F81020DCF8544040F2E510FE
:105E700000FB02F2A3EB12431BB2002BBCF944203F
:105E8000DCF80000B8BF5B421BB29A42A1F10102EC
:105E9000B2FA82F2ACBF0023012352092A702370A8
:105EA00030BC4368184700BF0068C368184700BF8C
:105EB00000688368184700BFD0E90F23816B006931
:105EC000184700BF836910B50446BBB10D4B1B7862
:105ED0004BB9636983B10C4B0C4A1B690C49002018
:105EE0009847002010BD084B0A4A1B690849012049
:105EF00098476369002BEED1012010BDC369002BC8
:105F0000E4D1E6E77404002078000020C8390108D5
:105F1000AC390108903901080068C368184700BF10
:105F200000688368184700BF2DE9F04F204C934666
:105F30009A46851E8A1E04F1E2074FF000084FF4CE
:105F40001E6604F1E40935F8021F32F8023F994257
:105F500022D0217809EBC1014B8833B34968002076
:105F600001EB830347F6FF7E51F804CB1FFA8CFC4C
:105F7000E64528BFE646604538BF60468B42F3D110
:105F8000400080B24FEA4E0E80451FFA8EFE38BFA9
:105F90008046764528BF76460134BC42D3D1ABF863
:105FA0000060AAF80080BDE8F08F4FF6FE7EF0E7B3
:105FB0003C070108094A0A4B12680A49D36008687D
:105FC00004E00B681B1AB3F57A7F04D8D3689B06EC
:105FD000F7D5002070470320704700BF0001002064
:105FE0005FFF0300FC00002000B583B041F4A04136
:105FF000012394464FEA124EADF80010ADF802307E
:10600000042200236946ADF804E0ADF806C0FEF7AF
:1060100079F803B05DF804FB70B515460C464FF4F3
:10602000E2720146184607F0ABFFB5F85810034678
:1060300021B195F85E10003918BF0121012295F8B1
:106040005B0083F8C621224683F8C41132F8261B70
:1060500083F8C501A3F8C81104F1560003F5E571F2
:10606000D2F800C056689568D2F80CE0C1F80CE090
:1060700010328242C1F800C04E608D6001F1100103
:10608000EED1B4F85620A3F8FA2103F5FE7104F11D
:10609000580204F18800D2F800E0D2F804C09568F4
:1060A000D668CE6010328242C1F800E0C1F804C068
:1060B0008D6001F11001EED1B4F88820A3F82C22F4
:1060C00004F18A0203F22E23BA34156850689168ED
:1060D000D2F80CC0C3F80CC01032A2421D60586048
:1060E000996003F11003F0D170BD00BF2DE9F04FAE
:1060F0002DED108B9BB090F85E401F4690F85C3001
:106100000793042CB0F85830039382460D4690460E
:106110001ED8D0ED147AF5EEC07AF1EE10FA00F147
:106120000B8290F86630002B00F0B08290F85B3064
:10613000002B00F0AB82034B034A1B69034900208C
:1061400098470BE078000020343A01080C3A010827
:10615000CF4BD04A1B69D04900209847CF4BDAED8E
:10616000157A08931B68009307EE103AF5EEC07A93
:10617000F1EE10FAB8EE478A40F3E581C8EE278ABF
:10618000F6EE007A78EEA78A039B002B00F0BC8124
:106190009AF85E3004939AF85A30002B40F0BB8195
:1061A0009AF86020022A41F03D819AF85E40012C65
:1061B00000F0F7830024224634990C71A8F8AC2132
:1061C000002B00F0AD819AF85F30012B00F01A84AB
:1061D000022B00F00084002B40F0F38301231A46C9
:1061E000A8F82630A8F828209AF86030012B00F093
:1061F000E183022B00F0DD83002B00F01B84A44B15
:10620000A74A1B69A44900209847002D00F08B8104
:1062100000230093B5F8E4102B89A8F80210B5F814
:10622000E610A8F80410B5F8E210A8F80010B5F8C8
:10623000E810A8F806106988A8F808109B00A9883B
:10624000A8F80A109BB2E988A8F80C1003F13002F4
:106250006989A8F80E1092B2298CA8F810105F2A4C
:10626000698CA8F8121040F205828E49A1FB020148
:10627000890901EB4101A2EB411189B200201A46C4
:1062800004460B460121A8F816200322A8F8143072
:10629000A8F81A200023009AA8F82230A8F81C4079
:1062A000A8F81E00A8F81810A8F820107B80012379
:1062B000C7F80A30002A00F059874FF00009CDE9ED
:1062C000019908F13E039FED789A9FED78AADFEDE2
:1062D0007B9A059507F10E0B444656461D46CDF8B0
:1062E0001880049A5FFA89F39A4200F22F81002302
:1062F000ABF80030ABF808302B8009F10109B9F197
:10630000040F0BF1020B05F1020504F1560406F12E
:106310001406E6D1039BBA89DDF804C012FB03F230
:106320007B8992B213449BB2DDE90558591C0120C8
:1063300089B20090B8F8AC01012804D1DDE902046B
:1063400004FB00F002909AF86340029EBAF86400E1
:106350009AF862E084F0010B4FF6FF74A64228BF62
:1063600026464408A4F103099AF86640A8F89EE17D
:106370000338A8F8A6B1A8F8A461A8F8A0C1A8F8A5
:10638000A801A8F8AA91BA81BB80F980002C00F07E
:106390002B81413399B24024012339803C81A8F8F4
:1063A000C03115B1AB89A8F8C231009B002B40F079
:1063B0004B81349A9AED145A00231360079BA8F876
:1063C000B231039B012B40F23C81BAF85830023BBA
:1063D00001229BB29FED366ADFED365A9AF85A10C9
:1063E000F1EE007AC8EE066A68EE277A68EE255A62
:1063F00087EE867AC5EE867AB6EE006A76EE866A13
:1064000037EE067AFCEEE66AB5EE405ADAED155A3A
:10641000A8F8AE31F1EE10FA16EE903A77EE867AE1
:10642000BCEEC77AA8F8B02114BF01220022FCEE0E
:10643000E77AA8F838209AF85B20A8F8B43117EE6C
:10644000103AA8F8B63117EE903AF5EE405AA8F88F
:10645000B831009BF1EE10FA14BF01200020002B90
:1064600040F0C480A8F83010A8F83220A8F82A001C
:106470009AF86130104A0098C8F8BA210121A8F8AA
:106480002410A8F8BE311BB0BDEC108B18E000BF83
:1064900078000020F03901080C3A01087804002047
:1064A000303B0108ABAAAAAA2549123E8FC2753D0E
:1064B0000024744900009643FF0701080000000013
:1064C000BDE8F08FB5EEC07AF1EE10FA00F1068368
:1064D0009AF85A20002A00F00483B5EE407AF1EED3
:1064E00010FA05D1F5EE407AF1EE10FA40F0B483DF
:1064F0005FED0E8A724B734A1B69734900209847FF
:10650000039B002B7FF444AE039B04939AF85A300C
:10651000002B3FF445AE349A00231371A8F8AC3138
:10652000002D7FF475AE01237D807B81AC46022176
:106530002A4602950095FDE6614B644A1B69624953
:10654000002098470AE6DFED628A1DE601232B80D2
:106550009AF85C80328940F2FF3340F2FF11B8F1C3
:10656000000F18BF0B4642B39A4226D8B27B337C49
:106570003AB1022B05D1524B564A1B69DDE9055849
:1065800020E0F07B002840F04082012B00F0AC803E
:106590004B4B514A1B694C490090DDE9055898471F
:1065A000DDF804C0039BBA8912FB03F27B8992B227
:1065B00013449BB2591C89B2BCE6414B474A1B6944
:1065C000DDE90558404900209847039BBA89DDF86A
:1065D00004C012FB03F27B8992B213449BB2591C94
:1065E000002089B20090A5E62346D6E6B5EE405AD3
:1065F000F1EE10FA0CD0C8EE057A77EE867AFCEE52
:10660000E77A17EE903AA8F83C301B0CA8F83A301D
:10661000002361F30F03F5EE405A62F31F43F1EEDE
:1066200010FAA8F82A00C8F830303FF421AFFCEE89
:10663000E87A17EE903A1A0CA8F82C20A8F82E3019
:1066400016E700221346C5E69AF85D30072B15D8E9
:10665000234A9FED1F9A134493F8B038A8F8A2314B
:10666000349B83ED009A049B002B40F03D829AED11
:10667000145AA3E603200124002104E6349A9AED7B
:10668000145A002313600023009397E6012C40F274
:10669000DD819AF80F105246012303E00133A34233
:1066A00000F0D481084692F82310814202F11402CE
:1066B000F4D2034A044914690A4A0020A0474DE570
:1066C00078000020943A01080C3A0108203A0108A9
:1066D00000000000603B01088C3B0108503B0108B2
:1066E00004070108603A01086FF00B030993F28870
:1066F000B3880A92182A009340F28F8202EB820339
:1067000003EB031303EB032302EB4303C3F3CC02BA
:1067100042EA43339BB240F6AA22934200F2CD8272
:10672000AE4B0A9AA3FB02231B090E93013B9BB2BB
:1067300015935C230D9318230B930098002840F0C9
:10674000D184A74BA74A1B69A7499847B8F1000F06
:1067500000F0BB844FF000080222009B099913FB54
:1067600002F292B20092326811440A460C910A99E0
:10677000013B01FB0323099302F5C34328334CF289
:106780005032934207D9964B984A1B69964900208C
:1067900098474FF00008099B03F5C34328334CF298
:1067A0005032934207D98E4B914A1B698E49002083
:1067B00098474FF000080C9A002AC0F235838D48A4
:1067C00080FB0230D217C2EBA00000B2099B002B65
:1067D000C0F21E83874981FB0331099BDB17C3EBA2
:1067E000A101119309B280B2091A0C9B0F90814844
:1067F00080FB03C0C2EBA00288B209B20E9B1091CD
:10680000B0FBF3F0411C0A901FFA81FE0B9818218F
:10681000B1FBF0F30E930C9B02EB4202B3EBC2020E
:1068200000F1EF8213B2139393B20C93099A71485B
:10683000119B0B9980FB020CC3EBAC0303EB430CE5
:106840000C9BB3FBF1F001FB103081B2B2EBCC0337
:10685000099100F1F3821AB219929BB20E9A0B9829
:10686000511E099A89B21891BEF1010F11FB002146
:1068700089B200F0E982099A0C98824240F0F782CE
:10688000994200F04A840023012213931692149334
:1068900012920E930C9B9A00099BA4F882209B00F5
:1068A000A4F88430B8F1000F40F0ED826C23179308
:1068B00036230C937D223D234FF00008A4F87C3052
:1068C0000F9BA4F87A200C9A1099C3F12903134462
:1068D0001AB21192521A9BB2292A0F9307DC404B2D
:1068E000454A1B694049002098474FF00008119B1A
:1068F000179A934207DB3A4B404A1B693A490020FA
:1069000098474FF000080D9B2C2B00F205821E2BA0
:1069100040F2DE831E3B0F229BB20D92A4F89A3008
:10692000159B0C99A4F89430139BA4F87E10A4F83E
:106930008E300F990A9BA4F880100D99A4F8961038
:10694000A4F89820002B40F0C581149B002B0E9BCF
:1069500008BF00230E93129B002B00F0D283099AEC
:10696000199B9B1A0B9A93FBF2F39BB2169AA4F80D
:106970009220A4F88C300E9AA4F888200023A4F862
:106980009030A4F88A300A9BA4F88630B8F1000F42
:1069900040F0B482CDF80080DDF804C0DDE9055890
:1069A00000E69AF81020013A012A7FF603AC22464D
:1069B00002E40023C8F83430002D41D001230093B5
:1069C00028E4074B0E4A1B69074900209847002D11
:1069D0007FF41EACA7E500231A4601E4ABAAAAAADD
:1069E00078000020D83B01080C3A0108243C01083B
:1069F000383C0108ABAAAA2A6C3C01088C3C01086F
:106A0000103B01080022FFF7EBBB013B042B00F217
:106A1000308501A252F823F0E9660008516C0008A5
:106A20002D6A0008496C00082D6A00086FF00C03FD
:106A300009935CE64FF00113C8F83430002DBDD146
:106A400000237B800123C7F80A3036E4B44B9AED6B
:106A5000157A08931B68009306EE903AB5EEC07A5B
:106A6000F1EE10FAB8EE668A7FF72CADC8EE078A11
:106A7000F6EE007A78EEA78A18EE900A06F02CFE61
:106A800051B1A84BA84A1B69A84900209847039B0D
:106A9000002B7FF47DAB38E59AF85A20002A7FF46A
:106AA00029AD039B9AF85F10002B9AF8603014BF51
:106AB000204600209942049007D99A4B9C4A1B69B2
:106AC0009A4900209847FFF766BB022B00F0B38479
:106AD000349B1A71A8F8AC21FFF775BBDFED958ADE
:106AE000CFE7DFED948ADCE7B8F8AC31B8F8A42141
:106AF000012B00F0C78007EE902ADFED8F9AB8EEE9
:106B000067AAB7EE089AF2EE02DA089B9FED8B0AAD
:106B100093ED00FAB8EE4FFA80EE0F0A05F0F8FA9E
:106B20009AF86030022B2FEE00FA00F21D81844AA1
:106B30009AF85E1002EB830090ED00EAD0ED03FAC4
:106B4000002900F02281009BDFED7AEA9FED7DBAFB
:106B50009FED7DDADFED7DCA9FED7DCADFED7DBA69
:106B6000DFED7DAA554600262A7C052A00F2918099
:106B7000022A40F2988030270824EA7B052A00F296
:106B80006D84DFE802F03E413B034744F0EE4B7A70
:106B90008FEE276A2A899AF85E1002FB04440234B9
:106BA0006400A4B2AA88013614359FED6C7AC6EE53
:106BB000076A07EE907AF8EE677A87EEA66A07EE24
:106BC000904AF8EE677A87EEA67A07EE902AF8EEFA
:106BD000677AF2B267EE277A914277EE867A77EE9D
:106BE000A97A77EE897A7EEEA7EABDD89AED145A93
:106BF000002B40F0CE800093FFF7E0BBF0EE6A7A06
:106C0000C6E7F0EE6C7AC3E7F0EE4D7AC0E7F0EE3F
:106C10004C7ABDE7F0EE6B7ABAE70A9A002A4CD0BC
:106C20001823B3FBF2F302FB03F3C3F118039BB287
:106C30001593002B41D10A9A0B92531E9B009BB2D5
:106C40000D9301230E9378E56FF00F0309934EE542
:106C50006FF0060309934AE59AF85F209AF86030CE
:106C60009A427FF445AC039B349ADFED328A002BC5
:106C700014BF23460023049300231371A8F8AC31FA
:106C8000FFF7A1BAF0EE499AF0EE49DAB0EE49AA60
:106C90003BE7244B324A1B692449002098471827B8
:106CA0000424002369E7012A04D0022AF1D13C27F9
:106CB0000A2462E748270C245FE71A4B294A1B691C
:106CC0001A490020984700230122CDE90D3215937F
:106CD0000B923BE5149B002B0E9B08BF00230E93E9
:106CE000129B33B1099A199B9B1A0B9A93FBF2F3EF
:106CF0009BB2A4F88C300A9B169AA4F89220013B10
:106D00000E9AA4F888209BB2189A0A930123A4F83B
:106D10008A20A4F8903036E600230D931A46FDE54C
:106D20007804002078000020803A01080C3A01081D
:106D3000C03A0108000000009A999D41F902154FE0
:106D4000BC0F0108000090430000204300000043F6
:106D50000000F0430000C043000040430024744999
:106D6000B43B0108C43B0108B64BB74A1B69B7499D
:106D7000002098479AF85E30002B00F0F281DFED9A
:106D8000B4FA0023B0EE6FEADEE69AED145ADFEDB6
:106D9000B0EA9FEDB07ADFEDB06A349BCFEE077AB0
:106DA000B1EE0C7AC7EEA65A2AEE07AA7FEE8EFA4B
:106DB000CAEE257A9FEDA97A77EEAD7AB0EE006A39
:106DC00077EEAE7A77EEAF7A27EE877A37EE067AED
:106DD00077EE277A86EEA77AB4EEC57AF1EE10FA4E
:106DE00083ED007A7FF5EAAA964B9D4A1C69974984
:106DF000FDEEC77A002017EE903AA04700230093DB
:106E000035E402F1180083B20C9303B213930DE53D
:106E10000999944BC943A3FB0131099B6FEA1111F6
:106E2000DB1709B21193DEE40C9A8E4BD043A3FB1F
:106E300000306FEA101000B2D217C7E403F1180057
:106E400002B283B2199209E50C98824200F0628185
:106E500000220A9216921292139A9B1A0B9A93FB93
:106E6000F2F39BB20E930123CDE9133312E599425D
:106E700000F05D810A9B013B9BB20A9301231693AC
:106E800012930B46E8E7F37B052B00F21683DFE84D
:106E900003F01A130C032B214FF486731793D62398
:106EA0000C9340F21D128D2308E5AC231793762333
:106EB0000C93BD225D2301E58C23179356230C937D
:106EC0009D224D23FAE46C23179336230C937D22E5
:106ED0003D23F3E44FF4E67317934FF4CB730C9315
:106EE00040F2DD12ED23E9E44FF4B67317934FF44B
:106EF0009B730C9340F27D12BD23DFE4B37A172B12
:106F000000F20181092B00F21E81C3F109039AB23C
:106F10001523A4F84630059BA4F84820002B00F068
:106F20005E8203EB42029389A4F84A30337C013B32
:106F3000042B00F2A482DFE803F0BD7603AC9B00D3
:106F40004FF000084FF400724FF4C063CDE90923FD
:106F50004FF0C00E02204FF0040C08214246434679
:106F6000A4F86E000A98A4F856000998A4F870C016
:106F7000A4F85800A4F84E10A4F85010A4F852E059
:106F8000A4F854E09AF85D10B8F1000F00F0098100
:106F9000002B00F00681022900F27B81324B0B446A
:106FA00093F8AC38A4F85A30059B002B00F01C81F4
:106FB0000023A4F85E300123A4F86A30059B002169
:106FC000D3E932ECD3F8C4800B460EEB1140A0EBB2
:106FD00008009042614480F2318201330F2BF4D1DA
:106FE000059AA4F86030D2E936E303EB83020EEB96
:106FF0001242F92A00F3EF81062003FB00F005217D
:1070000003E0BCF1FA0C40F1DA810A46013189B2A1
:1070100014290EEB104C1844F3D10A4B134A1B6988
:10702000DDE905583AE100214FF40073CDE9091379
:107030004FF0400E03204FF0020C08219622FA2355
:107040008EE700BF78000020303B01080C3A0108B1
:107050000000000000002043002474490AD7233CAC
:10706000083D0108ABAAAAAA04070108DC3C0108F4
:107070004FF000084FF4F0504FF47853CDE9090376
:107080004FF4F86E02204FF00B0C082142464346A5
:1070900066E74FF000084FF4C06C4FF46063CDE931
:1070A00009C34FF4E07E02204FF0060C082142464F
:1070B000434655E7059B9B8C0422082BC4F86E20A1
:1070C0005BD9DDE90558FFF780BA0422FFF745BB1D
:1070D0000D9B0F2B30D9A3F10F020F230D9392B20A
:1070E00000231BE4B8F1000F2AD1337B002B33D0EF
:1070F000C54BC64A1B69C649404698470422FFF75C
:107100002CBB0A9B32E4C04BC24A1B69DDE905581F
:10711000FFF758BA99427FF49BAE0023CDE91333B1
:10712000CDF828E0169312930E93FFF7B3BB00231C
:10713000169312930B468FE600221346FFF7EEBB21
:107140000222FFF70ABB102B94BFC3F11E03C3F149
:1071500017039BB20022DCE64FF001080422FFF780
:10716000FCBA9AED145A0093FFF728B900980290E0
:10717000844602210246FFF7DDB8A4F84E30A4F899
:10718000503040230022A4F85230A4F854304FF479
:107190000073A4F85630A4F858209AF85D101346EE
:1071A0009046072975D89C48014491F8B018A4F876
:1071B0005A100599C1B10021A4F85E10B8F1000F72
:1071C00040F08380A4F86A80A4F86080A4F85C8012
:1071D000A4F86280A4F86880A4F864804246002382
:1071E000A4F86620A4F86C303389F27AA4F87620EB
:1071F000012B67D0023B9BB20121A4F87230B37B14
:10720000A4F84C3083F00103A4F87410A4F878308B
:107210000099BB89ABF800300B44ABF80810BB8178
:10722000B388317C06EE903A3389012907EE103A93
:10723000B4F86E302AD0022914BFF0EE695AF0EE8D
:107240004A5A01339BB207EE903AF8EE677AB1EEF4
:10725000006AF8EE666A67EE867AB8EE477A67EEFD
:10726000A67A0198029B67EE877A014667EEA57AB7
:10727000002808BF114667EE897A0191FCEEE77A93
:1072800017EE902A13440293FFF737B8DFED635AE5
:10729000D7E75D4B624A1B69DDE905585C49002070
:1072A0009847039BBA89DDF804C012FB03F27B897F
:1072B00013FA82F39BB2591C002092B289B200905B
:1072C000FFF738B80023194697E70121A4F86A10A0
:1072D000002B7FF473AEA4F8603019461A46A4F868
:1072E0005C200022A4F86220A4F868204BBBA4F81C
:1072F00064301A4602EB0108059AD2E92FE1C6452F
:107300001DDA0846002202F1010C09921FFA8CF2E4
:10731000162A3FF482AE0EEB104CBCEB080C08446E
:10732000F1D4002B7FF45BAF099800FB01F10EEB69
:107330001143A8EB03039C45C8BF02464FE7002258
:107340004DE7059BD3E9348C884546DA13466246FF
:107350009E4601339BB2162B3FF45FAE08EB124002
:10736000401A6244F4D40CFB0EF208EB12428A1A63
:107370009042D8BF9E460599B4F86020D1F8CC3031
:10738000B4F85C00099002FB03F3D1F8C820A4F81C
:1073900064E002EB13420B46D1F8C410521AD3E951
:1073A00036303FF53AAE09990CFB0EFE00FB01F1B9
:1073B00003EB114308EB1E401918FA239AE702FB6E
:1073C00003F30EEB1343C3F1FA039C45D8BF0A46FF
:1073D000FA210B4683E70522FAE79646CBE7059BA1
:1073E000A4F84A30337C013B042B48D801A252F860
:1073F00023F000BF4174000827700008416F0008A7
:10740000937000087170000878000020EC3B0108C0
:107410000C3A0108A43C010804070108CDCC4C3EFD
:10742000BC3C0108349A1371A8F8AC31002D7EF4ED
:10743000EFAEFFF778B80123FEF7B9BE9BB2CFE5F8
:107440004FF000084FF40073CDE909834FF0400E70
:107450000420C44602214246434681E51B4B1C4A98
:107460001B691C4900209847DFED1B7A0023FFF7BA
:107470008FBB164B194A1B69DDE905580EE7134B04
:10748000164A1B6913490020DDE905589847BA8957
:10749000039BDDF804C012FB03F27B89562113FA2B
:1074A00082F301FB098100209BB2C1F86E00591CD8
:1074B00092B2009089B2FEF73DBF044B044A1B69AB
:1074C000044900209847FFF7F1B900BF7800002079
:1074D000603C01080C3A010800000043B43B01087D
:1074E000F8B595692B7802EB43030F46B3F8446077
:1074F000536901466888144603EB4000720006F0A9
:1075000025FD6B88E26D1E4413786E8003B93B79CC
:107510001370F8BD2DE9F04F2DED048B038F8DB066
:107520000546002B00F01581B0F84030428F046909
:10753000B0F850E007925B000293838FC28F34F95A
:1075400013300B92BEF1000F00F003811B01089372
:10755000D0E91223D718B0F85200B5F84230DFED69
:107560008A8ADFF830B20193FE434FF00008F6EE4E
:10757000009A0990C1460496CDF828E0834B83FB1E
:107580000710F917C1EBA00101EB4100A7EBC00008
:1075900000281FFA89F886B2C0F2EB80002FC0F2F3
:1075A000F180089B09B2090481FB0301002906DA76
:1075B0004FF6FF7C10EB0C0C604641F10001079B7D
:1075C000000C40EA0140991934F91110A0EB0110A8
:1075D00007EE900AB8EEE79A29EE289AB0EE490A2B
:1075E00004F0F2FFB0EE408AB0EE490A04F00CFD60
:1075F000019B002B00F0A2800B9BB5F844A01E4419
:1076000004EB46030020CDE905970393064600905E
:1076100059E095F838C0BCF1000F4BD007EE101AB6
:1076200007EE903AF8EEC76AF8EEE77A26EE806A3F
:1076300027EE887A66EE886A37EE467A67EE807AB9
:10764000B5EEC07A77EEA67AF1EE10FA4CBF37EEBF
:10765000697A37EE297AF5EEC07AF1EE10FABDEECE
:10766000C77A4CBF77EEE97A77EEA97A17EE103A2F
:10767000FDEEE77A5B4517EE901A47F6FF70B8BF4C
:107680005B468342D5F85490A8BF03465945B8BF1E
:10769000594699F800E08142A8BF0146BEF1000FAB
:1076A00004D117EE100A98425BD0E64689F800E054
:1076B0001BB209B2A352009B798053440093019BF3
:1076C00001369E4238D0009B95F839C008EB530232
:1076D000029B92B203EB8202A718A35EB7F90210D5
:1076E000BCF1000F95D00398B0F800C00CF01F0E4D
:1076F0000EF1300E03FB0EFE4FEA9C23203BCCF331
:10770000441C01FB03F3BEF1000F0CF1300C01FB34
:107710000CFCB8BF0EF13F0E002BB8BF1F334FEA71
:10772000AE1EBCF1000F0EEB6313B8BF0CF13F0CA3
:107730001BB24CF38F116CE7DDE90597099B049AA6
:107740001F44D31A04930A9B09F1010999457FF458
:1077500015AF286843680DB0BDEC048BBDE8F04F51
:10776000184717EE900AB0EB010E18BF4FF0010E4C
:107770009CE71836B6B2049B054AA2FB03016FEAE8
:1077800011110EE70026F6E700008037ABAAAA2AFF
:10779000ABAAAAAA0080FFFF70B5FEB04FF4E27258
:1077A00004460D460DA8002103AE06F03DF90096F3
:1077B0000DAA05AB00212046FEF798FC08B97EB063
:1077C00070BD94F85B202B46314605A8FEF730F9D2
:1077D000F5E700BF10B50E4C8C461146228803F128
:1077E000020EB2EB4E0F06D223690A4A0A49BDE8DF
:1077F000104000201847013B4CF4A04C4B802EF069
:107800000042A1F800C0BDE810400023FCF77ABC9C
:1078100078000020283D0108082E0108F0B583B04B
:1078200043F21C02009201230E4600240322694603
:107830000746ADF80440FCF765FCBDF8043013F4CE
:10784000006517D141F21B042B46694638460222D7
:10785000009446F40066FCF755FC38462B46694612
:107860000222ADF80040ADF80260FCF74BFC0120AD
:1078700003B0F0BD044B054A1D69054920463B464F
:10788000A847204603B0F0BD78000020483D01081D
:10789000FC330108F0B5012983B00546144621D018
:1078A000022909D01B4B1C4A1C691C4903460020B5
:1078B000A047002003B0F0BD43F246038427002612
:1078C000ADF800302846012303226946ADF8026076
:1078D000ADF80460FCF716FCBDF8040030B164B9E3
:1078E0000120E7E743F245038327E8E7094B0C4A09
:1078F0001C690A492B46A047DBE747F4805733460B
:10790000694628460222ADF80070ADF80260FCF727
:10791000F9FBE5E778000020783D0108FC33010819
:10792000943D0108F0B5012985B00646154631D0D1
:10793000022924D143F2320301240027ADF8083094
:107940000322012302A93046ADF80A70ADF80C708D
:10795000FCF7D8FBBDF80C306B8003F00702012A5E
:107960002A8027D013F0060018D11649164A0C6950
:1079700016490096A0470024204605B0F0BD114BE3
:10798000134A1C69114903460020A0474FF4405395
:107990000024D2E743F233030C46CEE7023A012A31
:1079A000EAD9084A0096146908490A4A3846A047A5
:1079B0002F80E0E70349084A0C69044900963846DD
:1079C000A047D8E778000020C83D0108FC33010833
:1079D000783D01082C3E0108F83D01082DE9F047EB
:1079E00082B0BDF828400B9F03EBC4056B88002BC9
:1079F00044D06E68844601EB0208043E4FF0000E4E
:107A000056F8044F620092B28A4233D3424531DACB
:107A1000C4F30170012817D002283AD090BB521A43
:107A200093B2C4F34459012202FA09F2974249D3AE
:107A30003349013A0C6901923249334A0097A04711
:107A4000002002B0BDE8F087521A92B20CEB420956
:107A50003CF81200B9F8023043EA004323F00F0368
:107A600017B1C4F303442343180C2CF81200A9F8EF
:107A700002306B880EF1010E7345C1D8012002B0AF
:107A8000BDE8F0871E4B214A1B691E49002098471C
:107A9000D6E7521A92B20CEB42003CF8129043889F
:107AA00043EA094323F00F0317B9C4F30344234304
:107AB0001C0C2CF8124043806B880EF1010E7345AC
:107AC0009ED8DBE7C4F3044A0CEB43043CF81300F4
:107AD0006288C9F1200942EA00424FF0FF3020FAE3
:107AE00009F000FA0AF022EA000207FA0AFA42EA6A
:107AF0000A02100C2CF8130062806B88BAE700BFF2
:107B000078000020983E0108603E0108A43E01086C
:107B10002DE9F04F9B461B68C2F51E66B34294BF29
:107B20009EB2B6B2884674084FEA520183B0174637
:107B30004FEA81010CD0144B08EB840419444346EE
:107B400051F8042B5A80120C1A800433A342F7D147
:107B50000E4C851E04F1E20A04F1E40914F8013B1D
:107B600035F8022F3946CDE9003240464B463246C1
:107B7000FFF734FFA24501D00028EFD1CBF8006019
:107B800003B0BDE8F08F00BF401601083C070108B4
:107B90002DE9F04FADF5137D06460C461546002144
:107BA0004FF4E27221A89A4605F03EFF3C220021E4
:107BB00012A805F039FF9D9B93F8C57167B1644B1E
:107BC000644A1B696449002098474FF0000840460A
:107BD0000DF5137DBDE8F08F0DF11808CDF800808C
:107BE0000AAB21AA29462046FEF780FA0028ECD0ED
:107BF000414694F85B200AA812ABFDF719FF8046B6
:107C00000028E2D09E9ABDF85A3013809F9ABDF8A2
:107C10005E3013809D9808AB0DF1160221A9FEF786
:107C200083F9BDF82020BDF816309A4206D29D9BFC
:107C30002246294621A8FEF7EFF9C8E743F23703A9
:107C400008930322012308A93046ADF82470FCF7FD
:107C500059FABDF8243013F0C00310D1ADF8243028
:107C600043F2310308930322012308A93046FCF7AD
:107C700049FABDF824204AF6C0439A425BD19D9848
:107C800008AB0DF1160221A9FEF74EF9BDF81690CA
:107C9000BDF820B0D94508D9304B0893304608A923
:107CA00000230222FCF72EFAC1E729499C9A098891
:107CB000CDF808804FEA5A0349088B4228BF0B468B
:107CC0000BF10201023BA1EB090123F0010389B290
:107CD0008B4228BF0B460432AA469FB290460394BB
:107CE0001D4604E0B9441FFA89F9D94511D808ABFB
:107CF0004A46414621A80895FFF70AFF0446002896
:107D0000F0D0089B9C9A4FEA59013046FFF762FD7C
:107D1000E8E7124B089355463046A24608A90023CF
:107D20000222DDF80880039CFCF7ECF9BAF1000FA1
:107D30003FF44BAF7BE70A4B1B78002B3FF445AF7A
:107D4000034B084A1C69084933460120A0473CE719
:107D500078000020C83E0108B02D01088010010005
:107D600074040020083F01082C3F01082DE9F0436E
:107D700083B01D4643F440534FF00008BDF828403F
:107D8000ADF800308946164669460123032245F4C2
:107D900080550746ADF80280ADF80480FCF7B2F9D3
:107DA000ADF80050BDF9045004FA09F46C4004EA3F
:107DB000060255404346694638460222ADF8025055
:107DC000FCF7A0F903B0BDE8F08300BF30B583B085
:107DD0000025294600957B23FF220446FFF7C6FFB6
:107DE0000121009120468B230222FFF7BFFF8B2346
:107DF0008022009507212046FFF7B8FF03B030BD71
:107E000070B582B043F2370200230092ADF804301F
:107E10000322012369460546FCF774F9BDF80430D6
:107E200013F0C00F19D143F21C0201230092002469
:107E3000694603222846ADF80440FCF763F9BDF813
:107E400004301B0515D50E4B0E4A1E690E492046FF
:107E50002B46B047204602B070BD0C4B1B78002B60
:107E6000E1D0074B0A4A1C6907492B460120A0476D
:107E7000D9E72846FFF7AAFF012002B070BD00BF76
:107E800078000020703F0108FC33010874040020D2
:107E9000443F010870B584B00322044600250092D7
:107EA00040F249130E460021FFF760FF40F24913EC
:107EB0000422022120460095FFF758FF40F24913A3
:107EC0001022042120460095FFF750FF40F249138D
:107ED0002022052120460095FFF748FF40F2491374
:107EE0004FF47F52009506212046FFF73FFF0EB961
:107EF00004B070BD044E03962B46022203A920460F
:107F0000FCF700F904B070BD3110C0AC002870B4AB
:107F100046DB0029034639DB88420A464BDA002556
:107F2000012429461B04B3FBF2F343F62842934293
:107F30005AD946F2D632934263D948F67202934236
:107F400061D94AF6494293425FD94DF2A302934266
:107F50005DD94FF24B72934298BF052045D94FF23D
:107F60004C7648F233224CF2A3409B1B02FB03F3F6
:107F700000EB134014B1C0F5C9301F3015B1C0F586
:107F800049303F30C1B1404270BC7047494209B2EC
:107F9000884217DA002501240A4603462146C1E734
:107FA000404202B20029104614DB91420B4605DD27
:107FB000A9BB1E4800E060BB70BC704700240125CF
:107FC0002146AFE70028DED000250B4602462C46AE
:107FD0000121A7E7494209B28A424FF00105DADBE5
:107FE0000B46002429469DE70020114A02EBC006FB
:107FF00002EB8002D6F8D408D2F80829D6F8D06867
:10800000B3E70120F1E70220EFE70320EDE70420CA
:10801000EBE700250B4602462C46294682E7012560
:108020001A462C46034600217CE700BF209201003F
:10803000040701082DE9F0470646804602EB42009E
:108040008CB0154606EB8000002289460DF10C0A23
:10805000014617464FEA870E54469FED767AB31ACB
:1080600075B103EB020CF444DCED007A9C46DCEDC8
:10807000006A0C3367EEA67A8B4237EE277AF0D18E
:108080000EF1040EBEF10C0FA4EC017AE5D101371C
:10809000032F0AF1100AA2F1040201F10401D9D15F
:1080A0009DED045ADDED055ADDED086A6A4606F1DC
:1080B0000C01DFED607A43463DB11C4694ED007A39
:1080C0000C33834277EE877AF7D108F104088845AC
:1080D000E2EC017A00F10400EBD19DED037AF0EEC1
:1080E000C77AF4EE677AF1EE10FA12D69FED526A73
:1080F000F4EE467AF1EE10FA0BDC9FED506AF4EEE6
:10810000C67AF1EE10FA04DAB5EE407AF1EE10FA22
:108110007DD0F7EE007A87EE872A9DED073A9DED38
:108120000B7A65EE023A25EE824A65EE237A65EE19
:10813000A34A33EE673A25EE846AF0EEC32A65EE71
:10814000047AF4EE622AF1EE10FA76EEE44A76EE64
:10815000E77A37EE466A06D69FED377AF4EE472A7D
:10816000F1EE10FA47DDB7EE007AC7EE032ADDED37
:10817000006A9DED017A9DED023A63EEA63A67EE44
:10818000A27A37EE637A64EEA73A67EE877A36EE24
:10819000636A24EE264AF0EEC63A73EE677AF4EE8E
:1081A000633AF1EE10FA77EEC47A06D69FED224AD2
:1081B000F4EE443AF1EE10FA2FDD87EE864A012004
:1081C000002364EE844A65EE845A77EE647A89ED82
:1081D000024A67EEA27A25EE275AC9ED017A76EEB9
:1081E000C57A77EEE57A67EE827AC9ED007A336078
:1081F0000CB0BDE8F0879FED117AF4EEC72AF1EEDE
:1082000010FAB0DAB5EE403AF1EE10FAABD1002038
:10821000002333600CB0BDE8F0879FED084AF4EE10
:10822000C43AF1EE10FAC8DAB5EE406AF1EE10FA8F
:10823000EDD0C2E700000000FFFF7F7F000080005C
:10824000704700BFF0B482B02E4E056800238DF851
:10825000033033683768C3F164031A442A4B1B6840
:1082600003EB8303C3EBC3031B0D02FB03F3019377
:10827000AB6819420AD134E0019C019B013B019398
:10828000AB68002C08BF002219422AD0B1F5C06F9C
:1082900005D12B7BDBB28DF803309DF803303368BA
:1082A000DB1B9342E8D36B68426823F0E003B2F52E
:1082B000827F6B6019D0836AB3F5005F07D12B68AA
:1082C00023F400532B602B6843F400532B600122EE
:1082D000002380F85D2080F85C30032002B0F0BC01
:1082E0007047002002B0F0BC70478368B3F5004FC0
:1082F00002D0B3F5806FDED12B6823F040032B60F2
:10830000D9E700BFFC0000200000002070B4274D1A
:10831000274B2A681B6804682E68C2F16402114466
:1083200083B0C3F3CB3301FB03F30193A3681A06B5
:108330002CD509E0019A019B013B0193A368002A17
:1083400008BF00211B0621D52B689B1B8B42F1D354
:108350006368426823F0E003B2F5827F636019D05E
:10836000836AB3F5005F07D1236823F400532360C9
:10837000236843F4005323600122002380F85D202A
:1083800080F85C30032003B070BC7047002003B05D
:1083900070BC70478368B3F5004F02D0B3F5806FAF
:1083A000DED1236823F040032360D9E7FC000020DE
:1083B0000000002070B5094E7368054698470446D2
:1083C00028B12A46002105F02FFB204670BD3369F5
:1083D000034A04499847204670BD00BF780000203A
:1083E000A03F0108B03F010830B41D4D95F8203082
:1083F000012B31D029680220CA2385F821000122EF
:108400004B6253234B6285F820208B68154823F478
:1084100080738B608B6823F480538B60046804E066
:108420000268121BB2F57A7F0DD8CB6813F00103F6
:10843000F6D00020FF2201234A6285F8200085F84B
:10844000213030BC70470320FF224A6285F820307B
:1084500085F8210030BC7047022030BC704700BF57
:1084600000010020FC0000202DE9F04F9846174B3A
:10847000DFF85CB01F8883B0043A043F52087F08DD
:1084800097420C9E0190894628BF174601F1040AC5
:108490000025741BBC4228BF3C4645EA0B02631E04
:1084A00008EB4501A9F80020A9F802306200504607
:1084B00005F066FD254401980023A21C4946FBF700
:1084C00021FEAE42E5D803B0BDE8F08F7800002071
:1084D00000C0FFFF2DE9F04FADF5117D0C461546AC
:1084E00000214FF4E27206460DF118081FA81F463E
:1084F00005F09AFACDF8008008AB1FAA294620465D
:10850000FDF7F4FD30B94FF0000840460DF5117D40
:10851000BDE8F08F94F85B20414608A810ABFDF74A
:1085200087FA0028EFD09C9ABDF8523013809D9AAC
:10853000BDF85630DFF8B4A013803046BAF800809A
:10854000FFF75EFC50B37B084FEA5808434528BF4D
:1085500043469A9A0397023B23F001030432A8464C
:108560001FFA83FB4FF0000902941D4617464A4646
:1085700005AB39461FA80595FFF7CAFA4FEA59011E
:10858000D944059B9A9A04461FFA89F93046FFF7A9
:1085900021F9B9F51E6F08D2002CE8D1DAF81030B5
:1085A0000F4A104900209847ADE74546A046DDE94F
:1085B0000247B8F1000FF1D080239A9900933A4610
:1085C0003046094BFFF750FF1FA89B9B22462946C8
:1085D000FDF722FD40460DF5117DBDE8F08F00BF8F
:1085E000C03F0108B02D010840ED000878000020D0
:1085F00030B4124D124C00F1BC0C002143680B4406
:10860000024640F8043F12689A1AAA4209DD50F85F
:10861000042CA3F5C9237E3BA1F5C92103607E3953
:108620009A1AA24206DA03F5C92301F5C9217E335D
:1086300003607E318445E1D130BC70473F240300A4
:10864000C1DBFCFF2DE9F04FADF2146D04469146FD
:1086500003938D1C03AE0DF20C67B5F9001035F9CC
:10866000020CFFF753FC46F8040FB74205F104056E
:10867000F3D100214846202205F0D6F90DF16C0A0D
:108680004FF6FF73002104EB44060293304DDFF8F0
:10869000C48001915346F600A9F1040940F69457AD
:1086A0008A469B46ABF15C00FFF7A2FFABF160008E
:1086B0004FF0000C50F8043F026E5845A3EB020344
:1086C0009C44F7D1BCF1000F31DB4FEA9C1007FB53
:1086D00000F0400D04FB00F006EB1020C9F8040088
:1086E000BAF1000F03D0D9F8003083422AD959F8E3
:1086F000043F4344002BB8BF5B42AB4204D21D464B
:108700000123CDF808A001930AF101021FFA82FAB1
:10871000BAF1080F0BF1C00BC4D1019911B1DDE919
:1087200002231A8008460DF2146DBDE8F08FCCF1DB
:108730000000800907FB00F0400D04FB00F0A6EBF1
:108740001020CBE7002108460DF2146DBDE8F08F34
:1087500040420F00E0D764FC2DE9F04F264C87B073
:108760000026CDE90466B4F800808946002B3DD090
:108770004FEA5808CDE90102A8F104080D461F464A
:108780004FF4004BB246039325E0029BA5F800B0DE
:1087900033446B80631EAB80A5F806A06200002105
:1087A00005F1080005F040F9294601980123221D32
:1087B000FBF7A8FC04AA134603CA26446960286094
:1087C00009EB460559F81600696803C3039B9E42EE
:1087D000A7EB04070AD2B845444628BF3C46B84533
:1087E000D3D200E0013CE307FCD4CEE709F1080056
:1087F00007B0BDE8F08F00BF780000202DE9F04FF2
:1088000087B04FF0000E164600EB41090290821E21
:10881000CDE90316A9F1120935464FF0010BF246D6
:10882000F4467046CDF804E005931EE040F2EE21D8
:108830008B4240DC634500DD9C464FF0000BBEF1EF
:10884000000F0ABF4FF0000B70460120CAF100086C
:108850004345019BB8BFA4EB060ABB4238BF3B4669
:108860009145019305F102052BD0568A32F8024F4B
:10887000331B03F50048B8F5803F2746D6D240F2B7
:10888000EE218B422B8007DD178868B9634515DD23
:108890009C464FF0010ED9E7514917889C45B8BF57
:1088A0009C468B42D2DACAE7634500DD9C46864689
:1088B0004FF0000BCAE74FF0000BE6E74FF0010E58
:1088C000C4E71946DDE90346059BBBF1000F03D160
:1088D000002007B0BDE8F08FBEF1000FF8D00028EF
:1088E000F6D0CDE9031C0027A4F11C09B84606F117
:1088F00012043D463E46BE46D34634F9021F019659
:1089000001EB810C01EB4C010A22A246A4463CF982
:10891000026D02FB06113AF9026F02FB0611013AE1
:10892000F5D1019EA942C4BFF0460D468E42C8BF94
:1089300077460EF1010EC8BF0E46F145DDD14CF26F
:108940005034A542DDE9031CDA46C1DD254CA642C0
:10895000BEDABCF1000FBBD0BBF1000FB8D0029C57
:10896000119D2488C900E4004DB18C4205D2ACEBC6
:108970000402013A0A44B2FBFCF2119D2A60109AEB
:10898000002AA6D0002BA4D0029A08F10E0532F8D6
:108990001520B4EBC20F4FEAC20606D2ACEB0404BA
:1089A000013C3444B4FBFCF42D1B029A0E3732F820
:1089B0001720B1EBC20F4FEAC20405D94A1E524438
:1089C000121BB2FBFAF2BF1A55EA070280D4BD426D
:1089D0003FF77EAF109A7F1B17601D6079E700BFDD
:1089E00012FDFFFFB03CFFFF30B4104D2A68D06885
:1089F00010F0400002D0002030BC70470C494FF00E
:108A0000FF33D3600C68D3685B06F5D4032803D129
:108A1000F2E7D3685806EED40B681B1BB3F57A7FD8
:108A2000F7D9032085F82100EDE700BF0001002001
:108A3000FC00002008B5114BDA6822F08002DA60F1
:108A40009A68920603D4FDF7B5FA88B908BD9A680A
:108A500022F020029A60FDF7ADFA18B1084B03200E
:108A600083F82100054A936843F02003936008BD12
:108A7000034B032083F8210008BD00BF00280040FD
:108A800000010020F0B5624C94F82030012B00F07A
:108A9000BC8021680223012284F8202084F8213040
:108AA0008B6813F0400C18BF90F803C003780CBF1C
:108AB00080F803C04FEA8C5C092B09D900220A3BDD
:108AC000DBB2092B02F10102F9D843EA0213DBB24F
:108AD0001A044378092B09D900250A3BDBB2092B7C
:108AE00005F10105F9D843EA0513DBB28678092EB2
:108AF0004FEA032309D900250A3EF6B2092E05F1F3
:108B00000105F9D846EA0515EEB290F824E0BEF169
:108B1000090F0DD90025AEF10A0E5FFA8EFEBEF1E7
:108B2000090F05F10105F6D84EEA05155FFA85FE35
:108B30004569076A3D4345EA0C052A43134333431D
:108B400043EA0E624668C3691E43836ACA204862CC
:108B500053204862B3F5807F8B6838D023F40073CC
:108B60008B60CB682B48DBB263F42073CB60056865
:108B700004E003685B1BB3F57A7F1ED8CB689B07C4
:108B8000F7D50A628E648B6843F400738B608B6840
:108B900043F400538B60204B1A68002042F480227B
:108BA00084F820001A609A6842F480229A60FF22BA
:108BB00001234A6284F82130F0BDFF2203234A6278
:108BC00084F82130002384F820300320F0BD23F402
:108BD00080738B60CB680F48DBB263F4C073CB60EB
:108BE000056804E003685B1BB3F57A7FE5D8CB68C2
:108BF000DF07F7D5CA614E648B6843F480738B60DE
:108C00008B6843F480538B60C5E70220F0BD00BF42
:108C100000010020FC000020000401402B4A034614
:108C20000068904270B43CD8294A2A492A4C024430
:108C3000A1FB021212099200022183F8251001689B
:108C40009D689E691C6421F4FF4C59695A642CF09C
:108C5000700C294341EA0C01314341F08001B5F524
:108C6000804F016014D0596802F01C020F20904020
:108C70009140194A94426FEA00001BD0D2F8A844F0
:108C80002040C2F8A804D2F8A8040143C2F8A814EE
:108C900000200122D86383F8240083F8252070BCCB
:108CA00070470E4A0B490E4C0244A1FB02121209F6
:108CB0009200C1E7D4F8A8200240C4F8A820D4F854
:108CC000A8201143C4F8A810E2E700BF070402403F
:108CD000F8FFFDBFCDCCCCCC00000240F8FBFDBFBF
:108CE0000004024070B506680546F46931EA0404E0
:108CF00005D0581C05D1F36931EA0303FBD10020EC
:108D000070BD16480068801A834219D3C3B1306819
:108D10004407EAD58029E8D04029E6D0F46914F068
:108D200008040FD1F0690005DFD54FF4006333620A
:108D30002846FAF7A1FF2023C5F8843085F878404B
:108D4000032070BD082428463462FAF795FF0023FB
:108D500085F878300120C5F8844070BDFC00002003
:108D6000134BDB68C3F30223C3F1070C1A1DBCF1DC
:108D7000040F28BF4FF0040C062A88BFDA1E4FF0FC
:108D8000FF3303FA0CF398BF002221EA0303934058
:108D90001B01421CDBB206D000F1604000F56140CF
:108DA00080F800337047024A82F82330704700BFD2
:108DB00000ED00E070B5504C504A94F8203000218E
:108DC000012B11707FD02368022184F82110CA2161
:108DD00059620120532184F820005962996821F4D6
:108DE00080619960D968C9B261F49061D960D9682D
:108DF00049066AD51F2159619968414821F0070148
:108E000041F003019960016841F4801101608168BB
:108E100041F480118160996841F4804199609968BA
:108E200041F480619960FF200121586284F821108B
:108E30001178002384F8203000295AD172B6BFF38C
:108E40004F8FBFF36F8F137803B930BF62B6BFF394
:108E50004F8FBFF36F8F1378002BEFD094F8203033
:108E60000021012B11702ED02168264D0220CA232B
:108E700084F8210001224B6253234B6284F82020A6
:108E80008B6823F480638B608B6823F480438B6052
:108E9000286804E02A68121AB2F57A7F0CD8CB68E9
:108EA00013F00403F6D0FF2001230022486284F867
:108EB000202084F8213070BDFF200322486284F80E
:108EC000203084F82120F9F799FC0E4D2E68D968DE
:108ED00011F004018ED12868801BB0F57A7FF6D995
:108EE000FF200322586284F8212084F82010F9F72B
:108EF00085FC1370B8E700BF0001002029010020A5
:108F000000040140FC0000202DE9F04F02EBC307F4
:108F100087B07B88DDF84090EBB18246884600261A
:108F20004D467B6853F82640C4F30170012815D0E4
:108F300002282ED020BBC4F34459012303FA09F3BD
:108F40009D422FD32E4A2F4916692F4A013BCDE966
:108F50000053A3B2B04707B0BDE8F08FA3B21946E3
:108F600058F8232022F00F0215B1C4F30344224322
:108F70005046FDF739F87B8801369E42D1D3EAE7A7
:108F80001F4B224A1B691F49002007B0BDE8F04F64
:108F90001847A3B2194658F8232022F00F02002DDB
:108FA000E6D1E2E71FFA84FB4FF00103ADF80E3083
:108FB0004BF42043ADF81000CDF81200ADF80C30A2
:108FC00003A9504601230522FBF79CF8C9F12009AB
:108FD000BDF81220BDF814304FF0FF30C4F3044444
:108FE00020FA09F0A04043EA024323EA000305FA0D
:108FF00004F4594643EA04025046FCF7F5FFBAE789
:1090000078000020983E0108D43F01080C40010878
:1090100090F84130026803F02803282B05D008217E
:109020000023D16180F840307047C16893690229FC
:1090300030B494699368D56812D1C3F3C21383EA3C
:10904000144313F006030BD1816C01318164816CF0
:1090500002290CD108218364D16180F8403006E0F8
:109060001368002123F0B803136080F8401030BC6F
:10907000704700BF2DE9F04F89B00493002900F03C
:10908000888002F003077D1EC2F300130295DFF80B
:10909000D0B1704C059302F4403500234FF0010825
:1090A00003959246019708FA03FC1CEA01066CD06E
:1090B000029F5A0003259540012F6FEA05056BD9E1
:1090C000019F032F40F0BA80D0F800C0019F0CEA46
:1090D000050C07FA02F242EA0C020260039A002A27
:1090E00053D0DBF8602042F00102CBF86020DBF8BF
:1090F000602023F0030505F1804502F0010205F52B
:109100008035079203F0030C079AD5F808E04FEA80
:109110008C0C0F2202FA0CF2B0F1904F2EEA0202F0
:1091200015D04D4FB8427BD04C4FB8427FD0DFF8BE
:1091300034E170456DD0DFF830E170450CBF4FF081
:10914000040E4FF0070E0EFA0CFE42EA0E02AA6061
:10915000A268F5431AF4801F0CBF2A403243A26074
:10916000E2681AF4001F0CBF2A403243E2606268D2
:109170001AF4003F0CBF2A403243626022681AF49E
:10918000803F0CBF2A4032432260013331FA03F2A0
:1091900089D109B0BDE8F08FD0F80890129F09EA94
:1091A000050907FA02FE4EEA090EC0F808E0D0F8F9
:1091B00004E0059F2EEA0C0E07FA03FC4CEA0E0CA5
:1091C000C0F804C0049FD0F80CE007FA02FC019F2D
:1091D0000EEA050E4CEA0E0C022FC0F80CC07FF40C
:1091E00073AF4FEAD30900EB890903F0070CD9F8F4
:1091F00020704FEA8C0C4FF00F0E0EFA0CFE27EA8F
:109200000E0E139F07FA0CFC4CEA0E0CC9F820C096
:109210005AE74FF0030E0EFA0CFE42EA0E0296E7F2
:109220004FF0010E0EFA0CFE42EA0E028FE74FF0ED
:10923000020E0EFA0CFE42EA0E0288E7D0F80CE0AD
:10924000049F0EEA050E07FA02FC4CEA0E0CC0F869
:109250000CC039E700040140000400480008004841
:1092600000100240000C00480010004870B5444D4A
:1092700095F841302C689CB0002B46D0242385F80B
:10928000413022686B6822F0010223F07063226093
:109290002361A368EA6823F40043012AA360AB6852
:1092A00009D043F40443022AA36007D1636843F45E
:1092B0000063636006E043F40043A360636823F443
:1092C0000063636062682B6942F0007242F40042FE
:1092D00062606A69E1681343AA6921F4004143EAC4
:1092E0000223EA69E160E3602B6A13432360236889
:1092F00043F00103236000202023686485F8413097
:10930000286385F842001CB070BD03F0FF015C22A9
:1093100005A885F8401004F087FB1A4B9C42ADD19C
:10932000802305A80593F9F7DDFB064630BB164CF4
:109330001648E36C43F00203E364E36C042203F099
:109340000203049301920322049900920123122242
:109350004FF44061FFF78EFEA36D43F48003A365D5
:10936000A36D03F48003039321203146039BFFF791
:10937000F7FC074B02225A602C687FE7F9F73EFAA8
:109380004C02002000580040001002400004004839
:1093900000E100E02DE9F04F5D4C666A85B0002EDB
:1093A00055D16368B3F5827F00D0E66194F85D2003
:1093B00025680023A36202F0FF07002A51D0022390
:1093C00084F85D302B68E26823F04003B2F5E06F6B
:1093D0002B6040D84FF4805101D00023A362636812
:1093E00002F4706CA26803F4827302F40442134323
:1093F000226902F002021343626902F00102134380
:10940000626B06F0100E02F00800D4E9062640EA6E
:109410000E0006F0380E266A40EA0C0006F0800CBA
:1094200002F40076334343EA0E03120C43EA0C03C2
:1094300002F004022B6040EA02030B436B60002041
:109440000123206684F85D3005B0BDE8F08F00236D
:10945000C4E90433AAE7B2F5706F4FF00001BED043
:10946000BBE72C4B84F85C709D42A8D103F56043A8
:1094700005211A6EDFF8AC8042F480521A661A6E2B
:1094800002F480520392039ADA6C42F00102DA6429
:10949000DB6C019103F001030293029B0323009311
:1094A00002223B46E0214FF09040FFF7E3FD1A49CE
:1094B000012340464FF0800B4FF4807A4FF48069CF
:1094C000C8E90013C8E90277C8E90777C8E904BA10
:1094D000C8F81890FFF7A2FB0123B8B90F4FC4F8E2
:1094E00058807B600E4BF860C7E907003B60384648
:1094F0001023C7E904BAC8F82840C7F81890BB6021
:10950000FFF78CFB10B96765BC6258E7F9F776F98D
:1095100098000020003001401C000240740100202F
:10952000300002402C01002000284BD00268264960
:1095300013688A4223F0010310B4136027D9234B28
:1095400023491344A1FB03131B09224901649B0017
:1095500000244364146003F01C0301229A401E4C53
:109560004A60D4F8A8240F2101FA03F322EA030386
:10957000C4F8A8340023C363C0E90B33C0E90D333A
:109580005DF8044B80F8253080F824307047134B89
:109590000F491344A1FB03131B090F4901649B00EE
:1095A00000244364146003F01C0301229A404A60C3
:1095B000D1F8A8200F2404FA03F322EA0303C1F828
:1095C000A830D7E7704700BF07040240F8FBFDBF93
:1095D000CDCCCCCC0004024000000240F8FFFDBF1F
:1095E0000E490F4A10B40C6813691B0706D50C4BC3
:1095F0005DF8044B1869C0F3C00070470B681B1B73
:109600008342F4D272B613691B0700D430BF62B62E
:10961000BFF36F8F13691B07E9D4EFE7FC0000204D
:109620000004004881F0004102E000BF83F00043E5
:1096300030B54FEA41044FEA430594EA050F08BFED
:1096400090EA020F1FBF54EA000C55EA020C7FEAB1
:10965000645C7FEA655C00F0E2804FEA5454D4EB2E
:109660005555B8BF6D420CDD2C4480EA020281EAF8
:10967000030382EA000083EA010180EA020281EA30
:109680000303362D88BF30BD11F0004F4FEA013182
:109690004FF4801C4CEA113102D0404261EB410191
:1096A00013F0004F4FEA03334CEA133302D0524217
:1096B00063EB430394EA050F00F0A780A4F10104D3
:1096C000D5F1200E0DDB02FA0EFC22FA05F280180D
:1096D00041F1000103FA0EF2801843FA05F35941F3
:1096E0000EE0A5F120050EF1200E012A03FA0EFC72
:1096F00028BF4CF0020C43FA05F3C01851EBE3719C
:1097000001F0004507D54FF0000EDCF1000C7EEBB8
:1097100000006EEB0101B1F5801F1BD3B1F5001FF6
:109720000CD349085FEA30004FEA3C0C04F1010415
:109730004FEA445212F5800F80F09A80BCF1004F3E
:1097400008BF5FEA500C50F1000041EB045141EAC0
:10975000050130BD5FEA4C0C404141EB0101013C89
:1097600028BFB1F5801FE9D291F0000F04BF014678
:109770000020B1FA81F308BF2033A3F10B03B3F14A
:1097800020020CDA0C3208DD02F1140CC2F10C02DA
:1097900001FA0CF021FA02F10CE002F11402D8BF38
:1097A000C2F1200C01FA02F120FA0CFCDCBF41EA04
:1097B0000C019040E41AA2BF01EB0451294330BDD3
:1097C0006FEA04041F3C1CDA0C340EDC04F11404B0
:1097D000C4F1200220FA04F001FA02F340EA030087
:1097E00021FA04F345EA030130BDC4F10C04C4F1CD
:1097F000200220FA02F001FA04F340EA03002946AD
:1098000030BD21FA04F0294630BD94F0000F83F4F6
:10981000801306BF81F480110134013D4EE77FEAD9
:10982000645C18BF7FEA655C29D094EA050F08BF25
:1098300090EA020F05D054EA000C04BF1946104606
:1098400030BD91EA030F1EBF0021002030BD5FEA4A
:10985000545C05D14000494128BF41F0004130BD72
:1098600014F580043CBF01F5801130BD01F00045C6
:1098700045F0FE4141F470014FF0000030BD7FEA39
:10988000645C1ABF194610467FEA655C1CBF0B4634
:10989000024650EA013406BF52EA033591EA030F4B
:1098A00041F4002130BD00BF90F0000F04BF002143
:1098B000704730B54FF4806404F132044FF0000576
:1098C0004FF0000150E700BF90F0000F04BF0021EF
:1098D000704730B54FF4806404F1320410F0004555
:1098E00048BF40424FF000013EE700BF42004FEA50
:1098F000E2014FEA31014FEA02701FBF12F07F43CD
:1099000093F07F4F81F06051704732F07F4208BF83
:10991000704793F07F4F04BF41F40021704730B58A
:109920004FF4607401F0004521F000411CE700BFD6
:1099300050EA010208BF704730B54FF000050AE059
:1099400050EA010208BF704730B511F0004502D55A
:10995000404261EB41014FF4806404F132045FEA5C
:10996000915C3FF4D8AE4FF003025FEADC0C18BF05
:1099700003325FEADC0C18BF033202EBDC02C2F1F7
:10998000200300FA03FC20FA02F001FA03FE40EA89
:109990000E0021FA02F11444BDE600BF53B94AB9E2
:1099A000002908BF00281CBF4FF0FF314FF0FF30E7
:1099B00000F036B9ADF1080C6DE904CE03F0ACFE51
:1099C000DDF804E0DDE9022304B0704770B54FF024
:1099D000FF0C4CF4E06C1CEA11541DBF1CEA13553B
:1099E00094EA0C0F95EA0C0F00F0DEF82C4481EAA3
:1099F000030621EA4C5123EA4C5350EA013518BFC3
:109A000052EA033541F4801143F4801338D0A0FBAF
:109A100002CE4FF00005E1FB02E506F00042E0FB5C
:109A200003E54FF00006E1FB03569CF0000F18BF62
:109A30004EF0010EA4F1FF04B6F5007F64F540740A
:109A400004D25FEA4E0E6D4146EB060642EAC6219D
:109A500041EA55514FEAC52040EA5E504FEACE2E0A
:109A6000B4F1FD0C88BFBCF5E06F1ED8BEF1004F0D
:109A700008BF5FEA500E50F1000041EB045170BD89
:109A800006F0004646EA010140EA020081EA0301CD
:109A9000B4EB5C04C2BFD4EB0C0541EA045170BDC9
:109AA00041F480114FF0000E013C00F3AB8014F143
:109AB000360FDEBF002001F0004170BDC4F100048C
:109AC000203C35DA0C341BDC04F11404C4F120050D
:109AD00000FA05F320FA04F001FA05F240EA020068
:109AE00001F0004221F0004110EBD37021FA04F69E
:109AF00042EB06015EEA430E08BF20EAD37070BD58
:109B0000C4F10C04C4F1200500FA04F320FA05F0B6
:109B100001FA04F240EA020001F0004110EBD370B8
:109B200041F100015EEA430E08BF20EAD37070BD28
:109B3000C4F1200500FA05F24EEA020E20FA04F301
:109B400001FA05F243EA020321FA04F001F00041B0
:109B500021FA04F220EA020000EBD3705EEA430E21
:109B600008BF20EAD37070BD94F0000F0FD101F050
:109B70000046400041EB010111F4801F08BF013C89
:109B8000F7D041EA060195F0000F18BF704703F0C7
:109B90000046520043EB030313F4801F08BF013D4E
:109BA000F7D043EA0603704794EA0C0F0CEA13550A
:109BB00018BF95EA0C0F0CD050EA410618BF52EAC4
:109BC0004306D1D181EA030101F000414FF00000CA
:109BD00070BD50EA410606BF1046194652EA4306D8
:109BE00019D094EA0C0F02D150EA013613D195EA4C
:109BF0000C0F05D152EA03361CBF104619460AD194
:109C000081EA030101F0004141F0FE4141F470019D
:109C10004FF0000070BD41F0FE4141F4780170BD8D
:109C2000704700BF4A0011D212F5001211D20DD5B3
:109C30006FF47873B3EB62520ED44FEAC12343F052
:109C4000004343EA505323FA02F070474FF00000FC
:109C5000704750EA013002D14FF0FF3070474FF0AB
:109C600000007047034613F8012B002AFBD1181A95
:109C7000013870470348044B834202D0034B03B1C1
:109C8000184770477800002078000020000000008E
:109C90000548064B1B1AD90F01EBA301491002D04E
:109CA000034B03B11847704778000020780000206C
:109CB0000000000010B5064C237843B9FFF7DAFF27
:109CC000044B13B10448AFF300800123237010BD8F
:109CD0007C0400200000000024EB000808B5054BC0
:109CE0001BB105490548AFF30080BDE80840FFF708
:109CF000CFBF00BF000000008004002024EB00085C
:109D0000C449C54BCA682DE980484FF6FF000240A0
:109D10001343D5B00F20CB60F7F7C0FE002800F04A
:109D20009C81002144222CA803F07EFE0023CDE973
:109D30001C33CDE91E33B94920930B6803F4C0638B
:109D4000B3F5007F1ED00B68B54A23F4C06343F41B
:109D500000730B6013684A69322000FB03F3B148BB
:109D6000B3FBF0F3500503F1010306D500E023B186
:109D70004A69520503F1FF33F9D4A84B5B695B05CF
:109D800000F1698102230A2201264FF4807107271E
:109D90004FF010082CA8CDE93633CDE93A732F9156
:109DA0002C923992319638963C93CDF8C080F7F7D3
:109DB0009FFE002840F04F81CDE91E002090032334
:109DC0004FF00F0A04211CA8CDE91CA3F8F78CF969
:109DD0000546002840F03F81F7F7E8FD924B9A6C6A
:109DE00032439A649B6C334019930C202946199B8B
:109DF000FEF7B6FF8D4C4FF4805323600D202946AB
:109E0000FEF7AEFF4FF40053236040462946FEF7AD
:109E1000A7FF4FF48033236011202946FEF7A0FFEF
:109E20004FF400332360824CDFF81892C4F8985244
:109E30004FF4E133C4E9A455C4E9A955C4E9A29398
:109E4000C4F8AC524FF440730C2504F52270C4E9F9
:109E5000A753F8F7A3FF002840F0FD80DFF8E8C122
:109E6000E7644FF48273C4E908C34FF47063E3629C
:109E70004FF40073A3630823C4E90C00C4E90F0086
:109E8000C4E91100A06220656365FFF783FA00282A
:109E900040F0E180674B684FC4E97573A423C4E9BF
:109EA0007860C4E97A00C4E97C00C4F8DC31FFF7CB
:109EB000DDF90246002840F0CE8094F81532202BC0
:109EC000D8B240F0C88094F81432B34200F0C38096
:109ED000D4F8D431242684F81562196821F00101E0
:109EE0001960196821F4805119601968196019689E
:109EF00041F00101196084F8150294F8151284F8F4
:109F000014222029C8B240F0A68084F8156219688E
:109F100021F001011960196821F470611960196854
:109F200041F001011960C4F82853444D84F815022A
:109F30004FF4612304F54570C4E9C553C4E9C72251
:109F4000C4E9CB22C4E9CD2284F81422C4F8242326
:109F5000F8F724FF054600287DD12C22014621A8D0
:109F600003F062FD364A94F8A930C4F888201F2017
:109F700040F2E732C4E92655C4E92855C4E9240271
:109F8000C4F88C50002B00F0B5802D4B022284F8D1
:109F9000A920DA68D20674D594F8A8300126B34215
:109FA00084F8A96057D0D4F8883084F8A8600225D6
:109FB0004FF0CA094FF0530884F8A950C3F8249011
:109FC000C3F82480FEF710FDD4F8883000283DD176
:109FD0009A6818609A6822F480229A609A689A6057
:109FE000FEF728FDD4F88830FF275F6280BB84F835
:109FF000A96084F8A950C3F82490C3F8248084F899
:10A00000A860FEF7F1FC002800F0A280D4F88830A8
:10A010005F621DE000ED00E00003FA050070004003
:10A020000000002040420F000010024000E100E06C
:10A0300078000020E49CD110005800400038014016
:10A04000002800400044004000300140FF225A62D6
:10A05000002384F8A830F8F7D1FB3B4B1A6E42F08E
:10A0600001021A661A6E02F001021B921B9A9A6D87
:10A0700042F080529A659B6D03F080531A931A9BAD
:10A080004FE6CA225A6253225A62FEF7ADFCD8B993
:10A09000D4F88830D4F898109A6822F4E00222F0BC
:10A0A00040029A60D4F88C200A43D4F8A0100A43E6
:10A0B00099680A439A60D4F894201A611A69D4F80E
:10A0C000901042EA01421A61FEF7B4FCD4F88830DD
:10A0D000002840F07C84D96CD4F8A42021F003013E
:10A0E000D964D4F89C100A43D96C0A43DA64FF227D
:10A0F0005A6251E7002154223EA884F8A8104FF478
:10A10000007703F091FC4FF400333DA83D93539743
:10A11000F8F7E8FC054600289DD10B4AD2F89030AC
:10A1200043F400430146C2F890300320FEF718FEC6
:10A13000064E0823336029202946FEF711FE77607A
:10A14000D4F8883022E700BF0010024000E100E0B0
:10A15000D4F8883042F201125A60FEF76BFCD4F852
:10A1600088305F6200287FF473AFCDE92400CDE929
:10A17000280084F8A800ADF884008DF886002290AD
:10A1800026904FF4807321A884F8A9608DF8A86008
:10A190002B93FEF777FC00287FF45DAFD94F329008
:10A1A000CDE92C00CDE92E00CDE9300007F5407156
:10A1B000D54803F029FFD54BC4F8003407F5567C89
:10A1C000BCE80F0084F8FC53D14D0FC59CE8030098
:10A1D00085E803004FF4DC7003F0E0FE81460028C0
:10A1E00000F00484CB4B34932D932F93CA4B3093C0
:10A1F000CA4B3593CA4B3693CA4B3793CA4B3993E4
:10A20000CA4B3A93CA4B389340F20113ADF8B830B9
:10A210001823ADF8C4300323ADF8C8304FF08243A3
:10A220008DF8B0608DF8C66033932CAD84460FCDA9
:10A23000ACE80F000FCDACE80F000FCDACE80F007D
:10A2400095E807008CE80700BA49C9F84060502239
:10A250006C20FEF7AFF80546002800F0C283B64B2D
:10A2600040F8043B682207F55C7103F089FEC9F8E9
:10A270003C502846F5F7ACFF08B1A5F85C6099F8AA
:10A280000830002B40F0A78399ED010A2846F7F724
:10A2900059FA284699F80960F5F79AFF10B1013686
:10A2A00085F8626099ED038A9FEDA49A88EE090A09
:10A2B00001F02EFF99F81630013BDBB2042BFDEEC6
:10A2C000C08A00F297838F4A02EB830393EDF60A6C
:10A2D00080EE090A01F01CFFFCEEC07A17EE903AFE
:10A2E0009EB2172E40F287831823B6FBF3F303EBDD
:10A2F0004303DB009EB207EE906A99ED040A9FEDDE
:10A300008F9AF8EEE77A30EE480A67EE897A80EEA7
:10A31000270A01F0B3FE99F81720284618EE901A84
:10A32000B0EE408AF7F756F999F8172031462846DB
:10A33000F7F7AEF9FCEEC87A99F8172017EE903AC5
:10A34000284699B2F7F76AF999F81720B9F8141066
:10A350002846F7F7D3F999F8172099F816102846E8
:10A36000F7F7BAF999F80930002B40F0E883744800
:10A370009FED748A9FED749A744E754D03F032FE12
:10A3800099F800307348022B96BF5E4A704902EB81
:10A390008303FFEE008A98BFD3F8EC1303F034FE7A
:10A3A00099ED017A6C48B5EEC07AF1EE10FAF7EE4D
:10A3B000009A54BFF0EE696AF0EE686AF0EE487AEF
:10A3C00047EE267A4CBF31462946BCEEE77AF8EED6
:10A3D000476A17EE102A77EEE67A67EE897AFCEE86
:10A3E000E77A17EE903A03F00FFE5C4A5C4B99F85F
:10A3F00009105C4800290CBF1146194603F004FE01
:10A40000594803F0EFFD99ED037A5848B5EEC07A4C
:10A41000F1EE10FA54BFF0EE696AF0EE686AF0EE01
:10A42000487A47EE267A4CBF31462946BCEEE77A99
:10A43000F8EE476A17EE102A77EEE67A67EE897A29
:10A44000FCEEE77A17EE903A03F0DEFD99ED047A20
:10A450004748B5EEC07AF1EE10FA54BFF0EE696AE3
:10A46000F0EE686AF0EE487A47EE267A4CBF314645
:10A470002946BCEEE77AF8EE476A17EE102A77EE27
:10A48000E67A67EE897AFCEEE77A17EE903A03F007
:10A49000BBFDB9F81810374803F0B6FD99ED077AFF
:10A4A0003548B5EEC07AF1EE10FA54BFF0EE696AA5
:10A4B000F0EE686AF0EE487A47EE267A4CBF3146F5
:10A4C0002946BCEEE77AF8EE476A17EE102A77EED7
:10A4D000E67A67EE897AFCEEE77A17EE903A03F0B7
:10A4E00093FD99ED087A2548B5EEC07AF1EE10FAA1
:10A4F00054BFF0EE696AF0EE686AF0EE487A47EE13
:10A50000267A3DE040EB0008202F010800366E015E
:10A5100078000020CDCCCC3DCDCCCC3E9A99193FD3
:10A520008FC2F53CCDCC4C3D8FC2753DCDCC4C3F60
:10A5300010000101E42A01080FB037130AD7233BAA
:10A54000402F0108BD37063500247449802C0108CE
:10A55000FC2F0108542F0108602F0108102F01085B
:10A56000082F01087C2F0108A02F0108B02F010837
:10A57000CC2F0108E82F0108003001082430010821
:10A580004CBF31462946BCEEE77AF8EE476A17EE33
:10A59000102A77EEE67A67EE897AFCEEE77A17EE14
:10A5A000903A03F031FD99ED097AB248B5EEC07AE0
:10A5B000F1EE10FA54BFF0EE696AF0EE686AF0EE60
:10A5C000487A47EE267A4CBF31462946BCEEE77AF8
:10A5D000F8EE476A17EE102A77EEE67A67EE897A88
:10A5E000FCEEE77A17EE903A03F00EFD99F8093089
:10A5F000002B40F01682A04803F0F4FCD9F83CB0E0
:10A600005846F5F7E5FD002800F09D8194F8FC33ED
:10A61000012B40F29E809BED150A2569974A9849C7
:10A62000B5EEC00AF1EE10FA4BBF964B964BF1EE29
:10A63000406AF0EE406AF6F7ABFFDFED947A0190E6
:10A6400076EEA76A0220FCEEE66ACDED006AA84726
:10A6500094F8FC33012B7CD99BED160A25698C4AB2
:10A660008749B5EEC00AF1EE10FA4BBF854B864B19
:10A67000F1EE406AF0EE406AF6F78AFFDFED837A8A
:10A68000019076EEA76A0220FCEEE66ACDED006A44
:10A69000A84794F8FC33012B5BD9BBF85C302569E3
:10A6A0007C4A77490220A84794F8FC33012B50D903
:10A6B0009BF85E30784D794E794A71492769002BB5
:10A6C0000CBF2B4633460220B84794F8FC33012BCD
:10A6D0003FD99BF85F30734A6949002B0CBF2B466A
:10A6E000334602202569A84794F8FC33012B30D962
:10A6F0009BF8633025696249022B96BF6A4A6B4B0F
:10A7000002EB83034FF0020098BFD3F8F833684A96
:10A71000A84794F8FC33012B1BD99BF864302569BA
:10A720005749022B96BF604A604B02EB83034FF000
:10A73000020098BFD3F8F8335E4AA84794F8FC3378
:10A74000012B06D925699BF862305B4A4C490220EF
:10A75000A8479BF86230002B00F0F580484ECDF8FA
:10A7600008905D464FF0000A94F8FC23012A40F25D
:10A77000E1805346514A276931460220B84794F890
:10A78000FC33012B40F2D4806B684D4A2769314677
:10A790000220B84794F8FC33012B40F2C9802B8982
:10A7A000484A276931460220B84794F8FC33012B08
:10A7B00040F2BE806B89444A276931460220B8477F
:10A7C00094F8FC33012B40F2B380AB893F4A2769F0
:10A7D00031460220B84794F8FC33012B40F2A880A0
:10A7E000AB7B3B4A276931460220B84794F8FC33DB
:10A7F000012B40F29D80EB7BDFF89C90DFF89C8082
:10A80000344A2769002B0CBF4B4643463146022091
:10A81000B84794F8FC33012B40F28A802B7C2E4AF7
:10A820002769002B0CBF4B46434631460220B847F0
:10A8300094F8FC33012B7BD96B7C284A2769002BC9
:10A840000CBF4B46434631460220B84794F8FC33D0
:10A85000012B6DD9A97C114A0F4B2769002918BF1C
:10A86000134602201E4A3146B84794F8FC33012BA8
:10A870005ED937E050300108CC300108DC300108E7
:10A88000E42A0108802C0108FC2F0108BD37063599
:10A89000F43001080C310108102F0108082F0108BD
:10A8A000243101084031010840EB0008182F01084D
:10A8B000583101087431010890310108A4310108B0
:10A8C000B4310108D8310108FC31010820320108F7
:10A8D00044320108683201088C320108B0320108A4
:10A8E000D43201082B7DD4F81080013BDBB2042B5D
:10A8F00096BFC74AC74B02EB8303314698BFD3F8D4
:10A900000434C54A0220C04794F8FC33012B0FD908
:10A91000EB7CD4F81080052B96BFBD4ABD4B02EBF3
:10A920008303314698BFD3F81834BC4A0220C0478D
:10A930009BF862300AF1010A9A4505F11405FFF40B
:10A9400013AFDDF80890D9F83C703846F5F740FCB5
:10A95000002800F03181B24967221020FDF72AFD5E
:10A960008246002800F0F582AE4B036097F86260E3
:10A97000AD4938221020002E00F02481B7F85C6029
:10A98000FDF718FDA84983463922FC20FDF712FD8A
:10A990000546002E00F0B982A3493E226020FDF753
:10A9A00009FD01230646BBF1000F06D02DB1002B97
:10A9B00000F01381002E40F010815846F5F73CFC62
:10A9C0002846F5F739FC3046F5F736FC17E1FF224B
:10A9D0005A62F7F713FF9FED950A2846F6F7B2FE85
:10A9E00057E4C9F83C004846F6F78CFF904803F05E
:10A9F000F9FAFEE700261822B2FBF6F306FB03F392
:10AA0000D31A9BB2002B3FF476AC013EB6B2B2FB38
:10AA1000F6F306FB03F3C3F118039BB2002BF4D14A
:10AA200069E4844803F0DEFA99ED0A7A8248B5EECB
:10AA3000C07AF1EE10FA54BFF0EE696AF0EE686A7F
:10AA4000F0EE487A47EE267A4CBF31462946BCEEF6
:10AA5000E77AF8EE476A17EE102A77EEE67A67EEA5
:10AA6000897AFCEEE77A17EE903A03F0CDFA99ED89
:10AA70000B7A7248B5EEC07AF1EE10FA54BFF0EEE0
:10AA8000696AF0EE686AF0EE487A47EE267A4CBFC3
:10AA900031462946BCEEE77AF8EE476A17EE102AEF
:10AAA00077EEE67A67EE897AFCEEE77A17EE903A6F
:10AAB00003F0AAFA99ED0D7A6148B5EEC07AF1EE8D
:10AAC00010FA54BFF0EE696AF0EE686AF0EE487A68
:10AAD00047EE267A4CBF31462946BCEEE77AF8EEBF
:10AAE000476A17EE102A77EEE67A67EE897AFCEE6F
:10AAF000E77A17EE903A03F087FA99ED0E7A51480B
:10AB0000B5EEC07AF1EE10FA58BFF0EE698AF0EEB9
:10AB1000487A47EE287A4CBF31462946BCEEE77AA0
:10AB2000F8EE476A17EE102A77EEE67A67EE897A32
:10AB3000FCEEE77A17EE903A03F066FA5BE599EDE2
:10AB40000A8A88EE090A01F0E3FAD9ED0B7A9FED43
:10AB50003E7A77EEC87AF0EE408A87EE870A01F0F7
:10AB60008DFA99F833202846FDEEE87AB0EE408A57
:10AB700017EE901AF6F72EFD99F833202846022199
:10AB8000F6F786FDFCEEC87A99F8332017EE903A76
:10AB9000284699B2F6F742FD99F83320B9F83010FB
:10ABA0002846F6F7ABFD99F8332099F8321028467D
:10ABB000F6F792FDFFF7DBBBC9F88C014846F6F7C4
:10ABC000A1FE13E7FDF7F6FB174983463922FC2067
:10ABD000FDF7F0FB33460546E5E63B1DC5F89860FA
:10ABE0003DA9CBF8005018460F93FCF7D5FD78BB74
:10ABF0002369164A0C4998475846F6F7F7FD002492
:10AC0000CAF804405046F6F7ABFDC9F88C41D5E7C9
:10AC100040EB0008182F0108F83201081C33010826
:10AC2000202B01080DB0371340330108000000004D
:10AC30003034010880300108B02F0108CC2F010802
:10AC400098300108B03001080AD7A33B50330108FF
:10AC5000BDF80811BDF81431D5F898800B449AB2AC
:10AC6000BDF80A310B92A5F89E2005F1F8025B00B1
:10AC7000C5F8842005F1F402C5F8E830C5F888204D
:10AC8000002305F1F602C5F89430A5F89C30C5F80C
:10AC90008C2005F1F00305F1F70229876B62C5F8F6
:10ACA0009020B8F1000F09D005F1EC02C8F8182087
:10ACB00005F1F502C8F82430C8F85C20C5F8D83092
:10ACC0000B9BA5F8E430C5F8DCA097F862300A9336
:10ACD0000DF58F761CA800229C4605E036F8023F51
:10ACE0005B0820F8023B0132D3B29C45F6D8BDF890
:10ACF0001031B7F85CE09DED4A8A0B449BB211938A
:10AD00009DF82C311093BDF812311293BEF1000F53
:10AD100000F08E82BDF81631B3FBFEF30393BDF84D
:10AD20000E31BDF80C21BDF8FA000B440A44DDF8E1
:10AD3000F610A5F87E30A14B2B64A14B6B64A14BA0
:10AD4000AB64032385F874300F23A5F87A00C5F8A7
:10AD50007610A5F87C20A5F88030B8F1000F00F03F
:10AD600060823F9A1692409A15920020BDF8042105
:10AD7000139225ABCDE92400CDE92600CDE92800CA
:10AD80000D930DF58B7206E032F8021F23F8021FB7
:10AD90001189198101300A9EC1B28E42F4D8039BF9
:10ADA000A8F83A300023C8E91333C8E915330293F1
:10ADB000854BC8F80430854BC8F80830844BC8F878
:10ADC0000C30844B0593844B0693844B049308F119
:10ADD00048030E9308F13A03CDE907970995A8F8BF
:10ADE00038E00C93F1463D469DF808300A9A1493DA
:10ADF0009A4240F2BC800D9B0C9A33F8027F22F8F5
:10AE0000027F0D931B890C921381754917932F2292
:10AE1000EC20FDF7CFFA0646002878D0714B03648A
:10AE2000714B4364714B83642A7D179B013A042A5A
:10AE300000F2FE87DFE802F06063036603006FF054
:10AE40000C014FEA430C139B95F811E0A6F87A30F9
:10AE5000039BA6F88030DDE915300B9AA6F87E90AA
:10AE6000BEF1000F18BF1846C6F876003A44287C99
:10AE700086F8740092B26868A6F87C20C6E92101C1
:10AE8000A968C6F88C105A49C6F8D8100599C6F8B2
:10AE90009C10A6F896200699A6F8DC2006F1E4029C
:10AEA0003346C6F8A01072620499C6F8D02000227A
:10AEB00086F875E0C6F8E0C0C6F8A41006F13C00BC
:10AEC000C6F8D4803287A6F8942006F1E802C6F8C6
:10AED000902043F8980BF363FBF722F8029B14359C
:10AEE0005A1C002838D030680292C16888470E9BEF
:10AEF00043F8046F0E9377E76FF00B01A1E76FF053
:10AF000006019EE76FF00F019BE733464BE5DDE955
:10AF10000797099D029B374A3749123308EB830391
:10AF200000265E603046236998470395149DCDF84E
:10AF300008B0D346BA46002D00F07D81013DEFB246
:10AF400008EB8707EDB2F86C08B1A3689847FE6478
:10AF5000F1E7C9F88C0131E62369284A2049099DA7
:10AF6000DDE907979847A36830469847D2E7099DDF
:10AF7000DDE90797D5F89880059BC5F8A430069BB6
:10AF8000C5F8A830049BC5F8AC301D4BC5F8E030BF
:10AF900005F13C032B60B8F1000F00F03E8105F194
:10AFA000A003C5F83C80C8F800302868836898473B
:10AFB00050BB2369114A134998471DE6095E0008F2
:10AFC000B15E0008A95E00082D5D0008A95D0008BB
:10AFD000A15D0008B95E0008C55E00084182000856
:10AFE0007433010815750008215F0008195F000817
:10AFF000E1740008A8330108CC3301088833010844
:10B0000001020008403301082868C36898478D4A48
:10B01000CBF8042000238C4ACBF80830CBF80C2066
:10B02000CAF804B0A9F8923197F8625009F5CD71C9
:10B030001E46DAB29542B9F8920140F2EA801CAAA3
:10B0400021F8060C32F813201044A9F892010133BC
:10B05000042B21F8022FECD1109AB7F85C3089F854
:10B06000A821B9F8922189ED698A13FB02F3A9F8A6
:10B070009031119BAAF80C30129BAAF80E3038467A
:10B08000C9F88CA1F5F7A4F800283FF497AD0F9804
:10B090003DA9FCF781FB00283FF490ADBDF8F4001A
:10B0A000C9F84C0002F07AFFC9F8480000283FF4C4
:10B0B00085AD99F817103846F6F7C2FA99F83310AB
:10B0C00005463846F6F7BCFAAD000646284602F0BB
:10B0D00065FFC9F8440100283FF470ADB600304662
:10B0E00002F05CFFC9F8540100283FF467AD304618
:10B0F00002F054FFC9F8500100283FF45FAD284624
:10B1000002F04CFFC9F8780100283FF457AD2846FB
:10B1100002F044FFC9F87C0100283FF44FAD2846F7
:10B1200002F03CFFC9F8800100283FF447ADB9F8B0
:10B130001850ED00284602F031FFC9F884010028BC
:10B140003FF43CAD284602F029FFC9F888010028E9
:10B150003FF434AD3D4B4FF480529A61FDF72AFE27
:10B160003B49D9F840A037221420FDF723F90646C1
:10B17000002800F058863749782240F25E20FDF71B
:10B1800019F90546002800F046864FF00108324BB9
:10B19000A0F8C48180F8C681002533604FF4405385
:10B1A0003061C6F808A07560757303223D933DA910
:10B1B00043465046ADF8F850F8F7A4FFBDF8F83014
:10B1C00041F2102293425FD0244A2549276928463C
:10B1D000B8473046F6F7E8FA43F21C0243463D9280
:10B1E0003DA950460322ADF8F850F8F78BFFBDF8A3
:10B1F000F8301B0540F117862E462369194A144979
:10B20000002098473046F6F7CFFA0023C9F84430BB
:10B21000D4E421F8066C002219E705F1A003EB63E2
:10B22000C3E6114B0593114B0693114B0493A3E610
:10B23000CDF80CE073E55746DA46DDE902B5D5F8FE
:10B24000988099E629020008ED17000800040048DC
:10B25000442B0108B02D01080EB03713DC33010870
:10B26000FC33010814340108B95E0008C55E00080B
:10B2700041820008F902154FC2F38E4D0005354793
:10B280000000000000007A4443F21C0243463D9255
:10B29000504603223DA9ADF8F850F8F733FFBDF84A
:10B2A000F83013F40065A8D1B068FCF78FFDB068E2
:10B2B0002946FCF7EFFDD9ED016A1FED0E7AD4F8AF
:10B2C00000341FED140AC9F84460F7EE008AC8EE96
:10B2D000A67AD9F83C6067EE877A07EE103AFCEE62
:10B2E000E77AB8EE478A17EE903A03F57A73C9F811
:10B2F000403180EE080A00F00BFF99F833803046A9
:10B30000414668EE007AB3EE087A67EE877A5FED21
:10B31000266A88EEA78AB6EE007A28EE268A28EEFC
:10B32000078AF6F78DF9414607463046F6F764F985
:10B33000414605463046F6F7BDF90146002F00F0BC
:10B3400062852B46D9F850512A4605EB870007EE57
:10B35000903AF8EEE77A0B4467EE887AE2EC017AED
:10B360009042F4D199ED017AD5ED007A99ED0E0A6B
:10B3700005EB870757ED018AB5EE407AF1EE10FA3A
:10B3800078EEE78A00F0A484B5EE400AF1EE10FAF8
:10B3900000F09E84F7EE006AC6EE877AF1EE677AD7
:10B3A00087EE800A01F0D4F8F0EE407A5FED4D6A46
:10B3B00099ED0D7A99F81780C9ED5B7A68EE878A66
:10B3C00027EE267A304689ED5C7A4146C9ED5D8AE2
:10B3D000F6F736F9414607463046F6F70DF941468D
:10B3E00005463046F6F766F90646C7B12B46D9F84A
:10B3F0007851D9F87C1105EB87002A4607EE903A80
:10B40000F8EEE77A334467EE887AE2EC017AD5ED1C
:10B41000006A87EEA67A9042A1EC017AEED1B9F8E3
:10B420001820D9F88401D200002102F0FDFAB9F801
:10B430001820D9F88801D200002102F0F5FA484618
:10B44000FAF79CFA002800F03B8499F81770D9F8B5
:10B450003C003A460021F6F763F9D9F83C00B0EE1B
:10B46000080AF6F76FF940F23553C9F84031D9F8B8
:10B470004C30009309F15006D9F84830D9F83C1007
:10B48000D9F844003246F8F771FE002800F06784CE
:10B4900009EB47030022B3F89CB1B3F894511FEDB8
:10B4A000888A3D9207EE90BAF8EEE78AADF8F82068
:10B4B0009246AD004FEA8B0800214846F9F71AF88A
:10B4C000002800F04F843DAAB9F8B03122F81A30B4
:10B4D000D9F8B431D9F84421BBF1000F00F0398418
:10B4E0005FED996A2B4402EB08001146B3F900C0E6
:10B4F00007EE90CAB3F902C007EE10CAF8EEE77A79
:10B50000B8EEC77A67EEA77A27EE077A043377EEAC
:10B51000877AB1EEE77AA1EC017A884276EE876A03
:10B52000E4D186EEA86A1FEDAA7AF2EC017A77EEF2
:10B53000C67A904267EEA77A37EE277AF5D1C7EE42
:10B54000286A0AF1010ABAF1030FF1EEE67A77EE02
:10B55000A77A77EE867A38EE278AADD1BDF9F43036
:10B56000BDF9F6209A4204DAADF8F420ADF8F630D1
:10B570001A46BDF9F8309A4206DDBDF9F42093422F
:10B58000B8BF1346ADF8F630B0EE087AC8EE077AC9
:10B59000BDF8F630A9F84831D9F83C003A46012107
:10B5A000F5EE407AF1EE10FA08BFF7EE007AC9ED39
:10B5B000537AF6F7B5F899F80830002B00F0E283DB
:10B5C0001FEDD10AD9F83C00F6F7BCF899ED017AE5
:10B5D000D9F83C00F7EE006AC6EE877A1FEDD77AFD
:10B5E00067EE877AB0EE080AFCEEE77A17EE903A3B
:10B5F00003F57A73C9F84031F6F7A4F840F23553F1
:10B60000C9F8403199F8333099F83320D9F83C0023
:10B6100009EB43030021B3F89451B3F89C71F6F79A
:10B620007FF8D9F84C300093D9F84830D9F83C105D
:10B63000D9F844003246F8F799FD002800F0D88385
:10B64000002307EE907ACDE93D333F937B190DF14E
:10B65000F408AD009B009FEDE38ACDF80880F8EE7A
:10B66000E78AC3460DF5807AB0462E461D46002176
:10B670004846F8F73FFF002800F0BD83D9F8B41121
:10B68000DFEDD86AD7B18A192944B2F9003007EE44
:10B69000903AB2F9023007EE103AF8EEE77AB8EED7
:10B6A000C77A67EEA77A27EE077A043277EE877AB1
:10B6B0009142B1EEE77A76EE876AE6D1C6EEA87AD5
:10B6C000EBEC017ADA4538EE278AD0D1B0EE087A71
:10B6D000C8EE077A99F83320D9F83C0001213546A5
:10B6E0004646DDF80880C9ED587AF6F719F8D9F81A
:10B6F0004C300093D9F84830D9F83C10D9F84400C0
:10B700003246F8F733FD002800F0728300239FEDE6
:10B71000B58ACDE92133F0EE488A00214846F8F792
:10B72000E9FE002800F06783D9F8B401B8EC010AFB
:10B7300021AB0093D9E9542128443B46F6F788F819
:10B740009DED217ADDED227AC24578EE878A38EECA
:10B75000278AE2D1F0EE087AC8EEA76A09F5B2733B
:10B7600088EE277AC9ED566A89ED577AD9E95601EC
:10B7700083E8030099F80830D9F83C00002B00F06A
:10B7800032839FED980AF5F7DDFF99ED017AF7EE28
:10B79000006AC6EE877A32469FED937A67EE877A23
:10B7A000FCEEE77A17EE903A03F57A73C9F8403168
:10B7B000D9F84C300093D9F84830D9F83C10D9F872
:10B7C0004400F8F7D3FC002800F0E3824846F8F77D
:10B7D000FDFD002800F0038342F21073C4F8AC3082
:10B7E000F7F768F89FED7F8ADFF80082012148466D
:10B7F000F8F780FE002800F0BD8299F8AC31002BEC
:10B8000040F0218299F8AD31002B40F0338299F855
:10B81000AE31002B40F0FE81D9F83C5099F83370DE
:10B8200025B1724B2A689A4200F056822369704A09
:10B83000704900209847B9F84821B9F8B03199F813
:10B8400033709B1A1BB201226B4901EB8202D2EDCD
:10B85000007A9FED6A9A07EE103AF8EEC78AB0EECA
:10B86000000AC8EEA70AF1EE600A00F06FFB9FED38
:10B87000647AD9ED587A08EE879A09EB470328468F
:10B88000B3F89431D9F8B451394605EB830529EE64
:10B89000279AF0EE408AF5F7D3FE034650B3F6EE52
:10B8A000006A2A46A91C05EB800031F9027C07EEEC
:10B8B000107AB8EEC77A0432C7EE287A824201F1D4
:10B8C000040177EEA67AFDEEE77A17EE907A21F87A
:10B8D000067C32F9027C07EE107AB8EEC77AC7EE22
:10B8E000287A77EEA67AFDEEE77A17EE907A22F8BC
:10B8F000027CDAD13DAA0092D9E95421B0EE490A7E
:10B900002846F5F7A5FF99ED5B6A9DED3D7AD9EDE7
:10B91000596AD9ED5A5AF7EE007A77EEC67A27EED1
:10B92000877A06EE267ADDED3E6A89ED597A67EE72
:10B93000A67AD9ED566A77EE666A46EE257A99EDD3
:10B940005C6AC9ED5A7AF0EEE66AF4EEC66AF1EE88
:10B9500010FA40F3C9812B492B4802F055FB99F8A6
:10B960001710D9F83CB0D9F8B45109EB4103584647
:10B97000B3F89471F5F764FEBF0099F8173082466A
:10B98000BBF1000F04D0DBF80020424500F06781D6
:10B990002369174A174900209847B9F8B031B9F818
:10B9A00048219FED176ADFED156A99ED537AD9F8B2
:10B9B00080B19B1A1BB207EE903AF8EEE77A47EE99
:10B9C000866A66EE876ABAF1000F00F05A81D9F8EC
:10B9D0007C113D44B7EE006A5B464FEA8A020BEBEE
:10B9E0008A0015E00000000000007A440FB0371311
:10B9F000EC2A0108E42A010870EF00088E407C3F21
:10BA0000583934BB082F0108F83501080000000040
:10BA1000B5F9007007EE907AB5F90270F8EEE77AA2
:10BA2000043527EEA77A07EE907AF8EEE77A67EE0C
:10BA3000A77A77EE877AB1EEE77AC7EE267A77EEC5
:10BA4000C67AF5EEC07AF1EE10FA48BFF0EE487A09
:10BA5000C3ED007AB1EC017A67EE277AE3EC017A64
:10BA60008342D5D1B9F81850D9F88471012D40F22C
:10BA7000AE816A1E92B207F10801D200384602F088
:10BA800065FA05F100510139D9F8780107EBC101D8
:10BA9000BAF1000F00F003814FEA8A025FED257AC8
:10BAA0005A445B46B3EC017AB4EE677AF1EE10FAD1
:10BAB000C8BFF0EE477A9A42F4D15FED2C6AC1ED2F
:10BAC000007AB0EE667A0346FBEC017AB3EC016AC9
:10BAD00037EE277A67EE867A5A4576EEA76AF3D173
:10BAE000B5EEC07AF1EE10FA40F3DB80C6EE877A4D
:10BAF000C1ED017A07EE905AD9ED09AA99ED079A9E
:10BB0000F8EEE79A69EEAA9A002D00F055813B46BF
:10BB10004FEAC50A07EBC5010022D3ED007AB4EE67
:10BB2000E79AF1EE10FA48BF013203F1080348BF6B
:10BB300092B28B42F1D107EE902A99ED08AAD9F87A
:10BB400088C1F8EE678A002307EBC30292E803007E
:10BB50000CEBC30201339D4282E80300F4D1B64BE3
:10BB600008222946604601F0A0FFD9F8883100215B
:10BB7000B0EE487A9A440A4605E093ED017A012234
:10BB8000083353451BD0D3ED007AF4EEC97AF1EEB9
:10BB900010FAF5DD002AF0D0D3ED017A77EEC77AFE
:10BBA000B4EEE7AAF1EE10FA06D5914238BF11467D
:10BBB000B0EE487A0022E3E7013292B2E0E712B138
:10BBC000914238BF1146F4EEE98AF1EE10FA4FDDEA
:10BBD00007EE901A07EE105AF8EE677AF8EE476A09
:10BBE000964B974987EEA67AB4EEEA7AF1EE10FA10
:10BBF000D8BF1946934802F007FAF7F775FBF5E549
:10BC0000914802F0EFF9914802F0ECF999F8AE3161
:10BC1000002BF2D08E4802F0E5F98E4802F0E2F9EE
:10BC20004846F8F735FC00283ED18B4802F0DAF997
:10BC30008A4802F0D7F98A4802F0D4F94846F5F765
:10BC4000B1FEFEF7D6BE874802F0CCF999F8AD31C7
:10BC5000002BD5D199F8AE31002BCED0DAE7032BEB
:10BC60007FF69BAE2369804A80490020984794E67E
:10BC70007249BFE7744802F0B5F9744802F0B2F9AE
:10BC8000C5E5B9F81850D9F88471012D3FF6F1AE29
:10BC900005F100510139D9F8780107EBC101002302
:10BCA0000B60D0ED007A23E74846F9F767FE60BBEA
:10BCB0006F4802F097F9D9F84400F8F7F7FAB7E7B8
:10BCC0006B4802F08FF94846F5F76CFEFEF791BE1F
:10BCD000DFED687AFFF76ABB032F28D92369624A30
:10BCE000624900209847A6E5D9ED576A99ED5D7A3B
:10BCF000524B534977EEE67AF0EEE77AF4EEC77AE4
:10BD0000F1EE10FAD8BF194626E6D9F84C30009368
:10BD1000D9F84830D9F83C10D9F844003246F8F741
:10BD200025FA002840D1544802F05CF980E714233A
:10BD300003FB0753B9F848111A7DB9F8B031013A3D
:10BD4000D2B25B1A042A1BB27FF67EADDFED4B7ACE
:10BD50007FE59FED4B7A87EE286AFFF7F0BB4648F8
:10BD600002F040F9474802F03DF94846F5F71AFE5F
:10BD7000FEF73FBE444802F035F94846F5F712FE9B
:10BD8000FEF737BE99ED010AD9F83C00F5F7DAFC69
:10BD90001CE43E4802F026F93D4802F023F94846EB
:10BDA000F5F700FEFEF725BE4846F8F70FFB70B327
:10BDB0002A4802F017F920E729461F4BD9F88801D5
:10BDC000DFED2F8A082201F070FE2946FBE605F11F
:10BDD00000510139D9F8780107EBC1015EE62D4821
:10BDE00002F000F9D8E799ED010AF5F7ABFCCCE4D5
:10BDF000214802F0F7F8284802F0F4F84846F5F731
:10BE0000D1FDFEF7F6BDD9F85051FFF7ABBA214886
:10BE100002F0E8F80CE730613046F4F70DFAC9F8A3
:10BE20004450FEF7CBBE0023C9F84430FEF7C6BE2F
:10BE30000021FFF706B800BF91010008102F01088C
:10BE4000082F01081436010880360108B0360108B1
:10BE500098350108DC350108282D0108283601082D
:10BE60005436010868350108CC2A0108E42A010883
:10BE7000583401080000C07F843401080000AC423F
:10BE800000000000A0340108443501080035010815
:10BE90001C350108602E0108CC34010810B54FF69E
:10BEA000FF731446024892B2F7F77CFE204610BD9D
:10BEB0008C030020DFF834D0F6F70AFE0C480D4959
:10BEC0000D4A002302E0D458C4500433C4188C42F5
:10BED000F9D30A4A0A4C002301E013600432A2425B
:10BEE000FBD301F07DFDFDF70BFFFEE70000012015
:10BEF0000000002078000020A04401087800002005
:10BF0000E4050020FEE700000C490D4A0B6810B55F
:10BF10000C4C121B2BB11844904207D808601846ED
:10BF200010BD094B0B6018449042F7D901F052FD47
:10BF30000C2303604FF0FF33184610BD9804002017
:10BF40000000012000140000E805002008B52DEDD8
:10BF5000048BB0EE608AB0EE409A00F0A1FEB4EE21
:10BF6000488AF1EE10FAF0EE408A0BD6B5EE409A10
:10BF7000F1EE10FA17D1B5EE408AF1EE10FA06D1C3
:10BF8000F7EE008AB0EE680ABDEC048B08BDB0EE97
:10BF9000480A00F05DFB0028F4D0B5EEC08AF1EE4F
:10BFA00010FAEFD525E000F053FB88B1F5EE408A9A
:10BFB000F1EE10FAE6D1B0EE490A00F049FB002894
:10BFC000E0D0B0EE480A00F043FB0028DAD010E0E1
:10BFD000B0EE490A00F03CFB0028E7D0B0EE480A7A
:10BFE00000F036FB0028E1D0F4EE688AF1EE10FA9A
:10BFF00004D601F0EFFC22230360C3E701F0EAFC62
:10C0000021230360BEE700BF10EE103A194923F068
:10C0100000428A421BD9B2F1FF4F02D330EE400AF0
:10C02000704700B583B0684600F062F900F0030085
:10C030000128DDED010A9DED000A13D002280BD086
:10C0400098B9012000F00CF903B05DF804FBDFEDB6
:10C050000A0A002000F004B9012000F001F9B1EE55
:10C06000400AF1E700F07AF8EEE700F077F8B1EE79
:10C07000400AE9E7D80F493F0000000010EE102AFF
:10C08000C2F3C7537F3B162B22F0004132DC002B5A
:10C09000104618DB1A4919410A422AD0DFED197AF5
:10C0A00070EE277AF5EEC07AF1EE10FA21DD002A63
:10C0B00004DD4FF4000242FA03F3184420EA0103BE
:10C0C00000EE103A7047DFED0F7A70EE277AF5EE4A
:10C0D000C07AF1EE10FA0CDD002A08DBDFED0A7AF7
:10C0E0000029B7EE000A08BFB0EE670A70479FED5F
:10C0F000070A7047B1F1FF4FFBD330EE000A7047DB
:10C10000FFFF7F00CAF249710000000000000080BC
:10C1100010EE103AC3F3C7527F3A162A194615DCBF
:10C12000002A0CDB0C481041184205D04FF4800364
:10C1300013410B4423EA000300EE103A704701322A
:10C1400003F00043F8D143F07E53F5E7802AF3D1A2
:10C1500030EE000A704700BFFFFF7F0010EE103A7C
:10C1600023F00043B3F1485F2CD2FDEEC07A17EE06
:10C17000903A002B60D060EE007A9FED317A9FED0F
:10C18000315ADFED315A9FED316ADFED316AA7EEAA
:10C19000875A9FED307AE7EE855AA7EEA56AA7EE9B
:10C1A000867AE7EE876A67EEA66A60EEC00AB6EEA8
:10C1B000007AE7EEA60AB7EE000AD7EE870A30EE5D
:10C1C000600A704760EE007A9FED1D7A9FED1D5A60
:10C1D000DFED1D5A9FED1D6ADFED1D6A1E4AA7EEB9
:10C1E000875A93429FED1B7AE5EE275AA5EEA76A80
:10C1F000A6EE277AE7EE276A66EEA76AD5D9174A30
:10C20000934214D803F17F4307EE103AB7EE006A69
:10C2100036EE476A60EEC00AF6EE005A97EEA57A4F
:10C22000E7EEA60A37EE607A36EE470A7047B6EEBA
:10C23000076AB5EE027AEDE7B7EE000A704700BF75
:10C240004ED747ADF6740F317CF293B4010DD03761
:10C25000ABAA2A3D610BB6BA9999993E0000483FB6
:10C2600010EE103A23F00043B3F1485F04D2FDEE24
:10C27000C07A17EE903A5BB360EE007A9FED157AC4
:10C28000DFED155A9FED156ADFED156AE7EE875A67
:10C290009FED147AA5EEA76A20EE275AE6EE276AEC
:10C2A000A6EEA77A30B9DFED106AE7EE876AA6EE50
:10C2B000850A704727EE457AF6EE006AA0EEA67A68
:10C2C000DFED0A6AD7EE270AE5EE260A30EE600AAD
:10C2D000704700BFD3C92E2F342FD7B21BEF38368B
:10C2E000010D50B98988083CABAA2ABEABAA2A3EE8
:10C2F00070B510EE103A884A23F00044944286B09C
:10C30000054671D9854A94421E4624D823F000423E
:10C31000002BDFED837A834922F00F02B0EE407AE2
:10C3200040F3E0808A4270EE677A09BF9FED7E7A23
:10C33000DFED7E6ADFED7E6A77EEC77A37EEE67A6A
:10C3400077EEC77A80ED007A77EEE67AC0ED017A73
:10C35000012006B070BD774A944252D9B4F1FF4F24
:10C3600048D2E215863AA4EBC25307EE903ABDEEEE
:10C37000E77ADFED716AB8EEC77A77EEC77A8DEDAE
:10C38000037A67EEA67ABDEEE77AB8EEC77A77EE63
:10C39000C77A8DED047A67EEA67AF5EE407AF1EE73
:10C3A00010FACDED057A40F09880B5EE407AF1EEC6
:10C3B00010FA0CBF01230223604901910221009170
:10C3C00003A8294600F04EF9002EC2DA95ED007A56
:10C3D000D5ED017AB1EE477AF1EE677A85ED007A14
:10C3E000C5ED017A4042B4E7002285ED000A4260C3
:10C3F0000020AEE770EE407AC0ED017AC0ED007A21
:10C40000F6E700F019F99FED4E7A9FED456AF6EEDA
:10C41000007AE0EE077A9FED457AFDEEE77A17EEB7
:10C42000900AF8EEE76A1F28A6EEC60A66EE877A3B
:10C43000B1EE666A20DC434A411E26F0004352F802
:10C44000212023F0FF03934216D030EE677A30EEBE
:10C45000470A002E30EE670A85ED007A85ED010A65
:10C46000BFF677AFB1EE477AB1EE400A85ED007ABC
:10C4700085ED010A40426CE730EE677AE21517EE6F
:10C48000103AC3F3C753C3EBD453082BDFDD9FED42
:10C49000267A9FED275AF0EE405AE6EE075A70EEE4
:10C4A000657AE6EE077AD6EE857A35EEE77A17EE0C
:10C4B000103AC3F3C753D21A192A10DD9FED227A1E
:10C4C0009FED225AB0EE650AA6EE070A75EEC07A15
:10C4D000E6EE077AD6EE857AB7E703236CE7B0EE8F
:10C4E000650AB4E78A4270EE277A09BF9FED0E7A9B
:10C4F000DFED0E6ADFED0E6A77EE877A37EEA67A09
:10C5000077EEC77A80ED007A77EEA67AC0ED017AF1
:10C510004FF0FF301DE700BFD80F493FE3CB164077
:10C52000800FC93FD00FC93F0044353743443537EA
:10C5300008A3852E800F4943000080432041010855
:10C5400084F9223FA040010800A3852E32318D24BA
:10C5500008B52DED028BB0EE408A00F02DFFF0EE15
:10C56000408AB0EE480A00F073F868B1DFED127A45
:10C57000B4EEE78AF1EE10FA0BDCDFED107AB4EEE0
:10C58000E78AF1EE10FA0FD4B0EE680ABDEC028B28
:10C5900008BDDFED0B8A01F01DFAB0EE680ABDECB4
:10C5A000028B2223036008BD01F014FA2223DFED81
:10C5B000058A0360E8E700BF1772B142B5F1CFC248
:10C5C0000000807F0000000010EE103A184923F0B0
:10C5D00000428A421AD9B2F1FF4F02D330EE400A2C
:10C5E000704700B583B06846FFF782FE00F0030095
:10C5F0000128DDED010A9DED000A10D0022809D0C6
:10C6000090B9FFF7ABFD03B05DF804FBDFED090A5D
:10C61000FFF7A4BDFFF7A2FDB1EE400AF3E7FFF775
:10C620001FFEB1EE400AEEE70120FFF719FEEAE730
:10C63000D80F493F0000000010EE103A23F00043ED
:10C6400000EE103A704700BFB1EEC00A704700BF5D
:10C6500010EE103A23F00040B0F1FF4FACBF0020C5
:10C66000012070472DE9F04F2DED048BDBB01C4607
:10C67000944603930A46CD4B68991CF1040F53F876
:10C680002160824604F1FF38C0F24982BCF1030305
:10C6900048BF0CF10403DB10029301334FEAC30ED1
:10C6A000ACEB0E030593029B16EB0800A3EB08030B
:10C6B00016D401309FEDBE7A699C18441EA9002B48
:10C6C000A4BF54F8235007EE905A03F10103ACBF06
:10C6D000F8EEE77AF0EE477A8342E1EC017AEED1A8
:10C6E000002EC0F2B182039B1EA901EB830446AD6C
:10C6F0004FEA83094046F7180AEB8301B8F1000FAF
:10C70000DFEDAB7A09DBA3465346F3EC016A3BED60
:10C71000017A8B42E6EE877AF7D10130B842E5EC38
:10C72000017A04F10404E9D10DF1280B0BEB860327
:10C73000CDE9062E043B9FEDA09ADFED9E8A059879
:10C7400004930AEB090446AF0BEB86090096CDF87B
:10C7500020C05AAB03EB8603002E13ED140A4FEAF8
:10C76000860515DD7B195A4660EE097AB0EE407AEF
:10C77000FDEEE77A73ED016AF8EEE77ABB42A7EEC9
:10C78000E87A37EEA60ABDEEC77AA2EC017AEBD1C1
:10C79000019000F005FFF4EE007AB0EE408A20EE42
:10C7A000270A00F0BFFDF2EE007AA0EE678A01983A
:10C7B0000028FDEEC89AF8EEE97A38EE678A6CDD5B
:10C7C00006F1FF3EC0F108035BF82E2042FA03FC9D
:10C7D0000CFA03F3D21AC0F1070119EE903A4BF8A4
:10C7E0002E200A416344002A09EE903A00F3F080BB
:10C7F000B5EE408AF1EE10FA40F09D80009B9E421B
:10C800000ADD5D44002355F8041D4D4543EA01034C
:10C81000F9D1002B40F0F280009B013B5BF8233004
:10C82000002B40F0E780049B012153F8042D0131D7
:10C83000002AFAD0731C31449C46029D039A05EBF2
:10C84000030E0EF1804E699D32440EF1FF3E07EB60
:10C8500083061EAB05EB8E0E03EB8205DEED017A3F
:10C86000F8EEE77AB8F1000F0EF1040EE5EC017A6C
:10C87000DFED4F7A09DB2A465346F3EC016A32EDCD
:10C88000017AA342E6EE877AF7D10CF1010C6145FB
:10C89000E6EC017AE2DA0E465BE740F08F80731E29
:10C8A0005BF82320D211002AA2DD19EE903A002E67
:10C8B00003F1010309EE903A40F3D48159464FF059
:10C8C000000E51F8043B002B6AD0C3F5807341F889
:10C8D000043C04E00B68C3F1FF0341F8043B0EF194
:10C8E000010E7645F6DC01239E4600280ADD01286C
:10C8F00078D0022806D1711E5BF8213003F03F0C7E
:10C900004BF821C0022A7FF473AFB7EE000A7346DA
:10C9100030EE488A002B3FF46BAF0992019000F093
:10C920003FFE38EE408A0198099AB5EE408AF1EE52
:10C9300010FA3FF463AF9246DDE9062EDDF820C021
:10C940000196AEEB0C00B0EE480A009E009200F09B
:10C9500027FEDFED186AB4EEE60AF1EE10FADDE923
:10C960000023F0EE407AC0F250819FED137A0599D2
:10C9700020EE077A0831BDEEC77A0591B8EEC77A86
:10C980005C1CE7EE667ABDEEC77AFDEEE77A17EE3D
:10C99000901A4BF8231017EE103A4BF8243046E06B
:10C9A0000EF1010EB6458CDB9E469EE764440108FD
:10C9B00000000000000080430000803BF6EE007A9B
:10C9C000B4EEE78AF1EE10FA80F2988000220FE7C9
:10C9D0000133002E09EE903A3FF770AF0023012893
:10C9E0009E4686D1711E5BF8213003F07F0C4BF818
:10C9F00021C087E7731C9C4619461EE733469246C2
:10CA0000DDE905125C1EA1F108005BF82410009E10
:10CA1000059061B903F18043013B0BEB83030146B1
:10CA200053F8040D013C08390028F9D00591059808
:10CA30000092B7EE000A00F0B3FD002C009AB0EEB1
:10CA4000407AC0F20581601C46AD5FED256A810029
:10CA50000BEB800305EB800073ED017AF8EEE77ACB
:10CA60005B4567EE877A27EE267A60ED017AF3D18F
:10CA70000DF1C8080B1F46A8C718C646A4460025D6
:10CA80009146002E73DB844ADFED847A384600231A
:10CA900001E0AB4208DCF2EC016AB0EC017A013350
:10CAA0009E42E6EE877AF4DA0CF1FF3CBCF1FF3FE0
:10CAB000EEEC017A05F10105A7F10407E1D1689BCD
:10CAC000022B4A4656DC002B2EDC0ED1DFED737AAA
:10CAD000414431ED017A414577EE877AF9D15346E9
:10CAE000002B40F0AE80C2ED007A19EE903A03F0D0
:10CAF00007005BB0BDEC048BBDE8F08F19EE903AF7
:10CB0000002E03F1010309EE903AC8BF02223FF75D
:10CB1000D5AEF7EE007A37EEC88A022268E6002327
:10CB20004FF0080E0293BBE59FED5C7A414471ED36
:10CB3000017A414537EE277AF9D1DDED327A534655
:10CB400077EEC77A002B75D182ED007A64B133A9F4
:10CB50000123B1EC017A01339C4277EE877AF8DA4F
:10CB600053460BB1F1EE677AC2ED017ABDE7DFED16
:10CB70004B7A99E7689B032BB7D1002C7ED008EB4A
:10CB8000840595ED007AA0002B46294671ED017AC7
:10CB9000F0EE476A37EE277A414577EEC77A81EDA6
:10CBA000007A77EEA67AC1ED017AEFD1012C65D03B
:10CBB00095ED007A08F1040173ED017AF0EE476A11
:10CBC00037EE277A994277EEC77A83ED007A77EECF
:10CBD000A67AC3ED017AEFD1031DDFED307A43442D
:10CBE00008F1080833ED017A984577EE877AF9D194
:10CBF0005346DDED326A9DED337A73B9C2ED006ABA
:10CC000082ED017AC2ED027A6FE7FDEEC07A1C4632
:10CC100017EE901A4BF8231009E7F1EE666AB1EEB1
:10CC2000477AF1EE677AC2ED006A82ED017AC2EDD1
:10CC3000027A5AE7B1EE477A82ED007A002C86D16B
:10CC400090E7F1EE677A4EE7039B4FEA83096BE5C5
:10CC5000689B022B0EDC002B13DC7FF446AFDFED6C
:10CC60000F7A3CE7022A7FF4C3ADF7EE007A37EE85
:10CC7000C88ABDE5689B032B7FF437AFDFED077AE9
:10CC8000B6E75346DDED327A13B9002313606BE744
:10CC90004FF00043136065E73844010800000000CE
:10CCA0002DE9F0432DED028B83B0CDED010A8DED22
:10CCB000000ADDE9004535F0004610D184F4800417
:10CCC000640014F5000F1BD9DDED007A9DED017AAB
:10CCD00037EE870A03B0BDEC028BBDE8F08324F089
:10CCE0000047B7F1FF4F02D8B6F1FF4F0FD9B4F1AB
:10CCF0007E5FE9D185F480056D0015F5000FE3D85E
:10CD0000B7EE000A03B0BDEC028BBDE8F083002C47
:10CD1000B84616DBB6F1FF4F00F0F780B6F17E5F44
:10CD200000F02681B5F1804F00F04681B5F17C5FBF
:10CD300040F0388103B0BDEC028BBDE8F043FFF753
:10CD400083BCB6F1974F80F0F080B6F17E5F80F043
:10CD50001981B5F1804F00F02F81B5F17C5F40F073
:10CD60002181FFF769FCB7F1FF4FB3D04FF0000905
:10CD7000002F00F0F280B7F17E5F00F0E580E20F57
:10CD8000013A59EA020300F02181B6F19A4F40F2CC
:10CD90004581924B9F4240F23E82914B9F4200F26E
:10CDA0004782F7EE007A30EE670A9FED8E6ADFED7C
:10CDB0008E5AF5EE007AA0EE676AF6EE006AE6EEAD
:10CDC000406A20EE007ADFED897A9FED896A27EECE
:10CDD000267A67EEC77AE0EE257AF0EE676AE0EE33
:10CDE000066A16EE903A6FF30B0306EE903AB0EE39
:10CDF000667AA0EE467A77EEC77A6FF30B0507EEF8
:10CE0000105A9DED016ADDED015A36EE476A67EE74
:10CE1000A57A26EE877AE6EE267A09F1FF3959EAF5
:10CE20000209BFEE008A77EE876AB7EE006A16EE57
:10CE3000903A18BFB0EE468A002B23F0004240F330
:10CE4000B981B2F1864F00F2388200F01C82B2F153
:10CE50007C5F00F20082002210466FF30B0305EEA8
:10CE6000903A75EEC76A9FED637A9FED633A9FED46
:10CE7000632ADFED633A9FED634ADFED634A9FED7E
:10CE8000635A77EEE67A25EE877ADFED616AA7EEE0
:10CE9000A67AF0EE002AF0EE476AE5EE836AB7EE76
:10CEA000000A26EEA66AF0EE667AE6EE023AE5EEB3
:10CEB000C37AF0EE445AE3EE865A77EE677AB0EE24
:10CEC000647AA5EE867AF0EE455AE7EE065AB0EEA1
:10CED000667AA5EEC67AE6EEA77A66EE875A37EE50
:10CEE000626A85EE867A77EE677A77EEE67A30EEDA
:10CEF000670A10EE103A1344B3F5000FC0F29581A3
:10CF000000EE103A20EE080AE4E6B7F17E5F3FF447
:10CF1000F7AE32D99FED3F0ADDED017A002DB8BFA3
:10CF2000F0EE407AB0EE670AD4E6B6F1FF4FECD0EF
:10CF30004FF002099DED000AFFF77EFBB7F1FF4FAE
:10CF400002D0002F7FF417AF002DBCBFF7EE007AA0
:10CF500087EE800A002CBFF6BDAEA7F17E5757EAD8
:10CF6000090740F0208170EE407A87EEA70AB1E60B
:10CF7000002D1ADB9DED000AACE6002D21DB9FEDB4
:10CF8000250AA7E6F315C3F1960346FA03F202FA5F
:10CF900003F3B34200F0FA80B6F17E5FE8D0B5F15A
:10CFA000804F09D04FF00009C4E79DED007AF7EEFD
:10CFB000007A87EE870A8DE6DDED007A27EEA70A74
:10CFC00088E6DDED017AB1EE670A83E6DDED007AF1
:10CFD00077EEE77A87EEA70A7CE600BFF3FF7F3F94
:10CFE0000700803FABAAAA3E70A5EC363BAAB83F2B
:10CFF00000AAB83F8CBEBF350072313F4CBB313305
:10D000000EEADDB555B38A38610B36BBABAA2A3EB2
:10D010001872313F000000000000804B14F0FF4FF9
:10D0200040F0F7805FED047A60EE277A6FF0170327
:10D0300017EE908AA9484FEAE851C8F316087F39DD
:10D040008045194448F07E5340F3DB80A448804576
:10D0500040F3F8809FEDA35A0131F0EE453AA3F575
:10D060000003F7EE005A002006EE103A76EE257A1D
:10D07000B7EE007A87EE270A5B1043F0005303F502
:10D080008023034476EE656A07EE901A26EE803A16
:10D09000B8EEE77A13EE101A07EE903A924BDFEDF6
:10D0A000930A9FED938A9FED931ADFED932ADFEDAC
:10D0B000931A9FED932A77EEE55A194004EE901AE1
:10D0C00036EE656A63EE035AE4EEE76AF0EE607AE4
:10D0D000E5EE887AE4EEC66AA7EEA51A66EE806AE7
:10D0E000E1EE252A73EE247AE2EEA51A25EEA58A52
:10D0F000A1EEA52A67EEA67AB0EE084AB0EE446A21
:10D10000E8EE027AA4EEA46ADFED7E0A9FED7E1AB5
:10D11000DFED7E2A36EE276A16EE101A194006EE6B
:10D12000101A76EE445AE4EEE45A77EEE57A67EEAA
:10D13000837AE6EE867AF0EE675AE4EE865A15EECA
:10D14000901A194005EE901AF0EE656AE4EEC66A90
:10D1500077EEE67A67EEA07AE5EE817A77EEA37A4B
:10D16000F0EE676AE5EEA26A76EE856A76EE876A89
:10D1700016EE901A194006EE901A36EEC77A37EE80
:10D18000457AA5EEE27A77EEC77A36E6B6F17E5FAB
:10D190003FF4EEAEB5F1804F3FF40EAF02F0010266
:10D1A000C2F10209C6E6B9F1010F7FF493ADB1EE09
:10D1B000400A8FE556498A4200F287807FF447AEE5
:10D1C00076EEC76AF4EEE76AF1EE10FA7DDA03F55F
:10D1D0000043504AC3F3C7517F39C3F316000A41D5
:10D1E00040F40000C1F117011A400841404206EE28
:10D1F000902A37EE667AC20577EE876A16EE903A85
:10D200002BE69FED385AF7EE005AF0EE453A002033
:10D210002AE700230EE7002D0CDB002003B0BDEC55
:10D22000028BBDE8F04300F04BBA00F0B9F969E6B3
:10D23000002DF2DD002003B0BDEC028BBDE8F04311
:10D2400000F044BA9FED345ADFED343AF7EE085A55
:10D250004FF4001008E7D2157E3A4FF40001114157
:10D2600019442C4AC1F3C7547F3CC1F31600224134
:10D2700040F40000C4F11704002B40FA04F002EA65
:10D280000102B4DAB2E79FED266A76EEC76A37EE9E
:10D29000866AB4EEE66AF1EE10FA0EDC03F500439E
:10D2A0001C4AD9157F39C3F316000A4140F4000027
:10D2B000C1F117011A40084199E7B5EEC08AF1EEB5
:10D2C00010FA4CBF01200020B5E7B5EEC08AF1EEA0
:10D2D00010FA4CBF01200020A0E700BF71C41C0061
:10D2E000D6B35D000000000000F0FFFF55326C3E39
:10D2F00042F1533E05A38B3EABAAAA3EB76DDB3E7F
:10D300009A99193F4F38763FA0C39D360038763F33
:10D3100000001643000080FF00C0153FDCCFD13570
:10D320003CAA383310EE102AC2F3C7537F3B162BAA
:10D3300022F0004129DC002B104618DB1A49194164
:10D340000A4221D0DFED197A70EE277AF5EEC07A25
:10D35000F1EE10FA18DD002A04DA4FF4000242FA66
:10D3600003F3184420EA010300EE103A7047DFEDA2
:10D370000F7A70EE277AF5EEC07AF1EE10FA03DD3F
:10D38000002A08DB9FED0A0A7047B1F1FF4FFBD37B
:10D3900030EE000A7047DFED077A0029BFEE000A81
:10D3A00008BFB0EE670A7047FFFF7F00CAF24971FD
:10D3B000000000000000008010EE103A23F0004250
:10D3C000B2F1FF4F56D84FEAD37100F09580624812
:10D3D000834200F38780002BC0F287805F4B9A4224
:10D3E0004BD95F4B9A4200F29A805E4B5E4A03EB48
:10D3F0008103D3ED004A02EB810281F0010370EE5C
:10D40000644AD2ED007A5B1A34EEE70ADFED576A20
:10D410009FED575ADFED575A9FED576A20EE007A7D
:10D42000A7EE265ADFED556AE5EE075AE5EE876A64
:10D43000A6EE876AF0EE406AE6EE476A20EE266ABC
:10D44000002B42D0B0EE007A37EE667AB7EE000AD3
:10D45000C6EE076A13F17D0F77EEE67A77EEE47A8F
:10D4600030EE670A4FDB10EE102A02EBC35300EEDA
:10D47000103A704730EE000A7047B2F1505F0AD29E
:10D48000DFED3F7A70EE277AB7EE007AF4EEC77AD6
:10D49000F1EE10FA5DDC60EE007A9FED347ADFED9C
:10D4A000345A9FED346ADFED356AE7EE875A9FED17
:10D4B000327AA7EEA56AE7EE866AA7EEA67AF0EEC4
:10D4C000406AE7EEC76A20EE266AF0EE007A76EE52
:10D4D000E76AB7EE007AC6EE267A77EEC07A37EEC4
:10D4E000670A7047002000F0F1B8264B9A427FF699
:10D4F00075AF002000F0E4B8DFED237A002918BFF3
:10D50000B0EE670A704710EE102A643302EBC35383
:10D51000DFED1E7A00EE103A20EE270A70471C4B12
:10D520009FED1C7ADFED1C6A03EB8103D3ED007ADB
:10D53000E0EE077A9FED197AFDEEE77AF0EE404AC9
:10D5400017EE903AF8EEE77AE7EEE64A67EE877A6A
:10D550005AE730EE070A70471772B1421872B13EAF
:10D560009115853F78440108704401084CBB313364
:10D570000EEADDB555B38A38ABAA2A3E610B36BB3D
:10D58000CAF24971B5F1CF42000000000000800DE1
:10D59000804401083BAAB83F8071313FD1F717376B
:10D5A00010EE103A33F000411A4627D0B1F1FF4F88
:10D5B00021D213F0FF4F22D1DFED2B7A2B4A60EE00
:10D5C000277A904217EE903A33DB4CF2503CC3F38B
:10D5D000C75160451A46A1F1190116DDDFED247A25
:10D5E000DFED246A002BB0EE677AB8BFF0EE667A02
:10D5F00027EE870A704730EE000A704770474CF2FA
:10D60000503C60454FEAD151E8DC0144FE29E5DC9D
:10D61000002915DC11F1160F19DB193122F0FF4238
:10D6200042EAC15207EE902A9FED130A27EE800AC4
:10D630007047DFED127A07EE103A27EE270A70479F
:10D6400022F0FF4242EAC15300EE103A7047DFED8C
:10D650000B7ADFED0B6A002BB0EE677AB8BFF0EE05
:10D66000667A27EE870A70470000004CB03CFFFF47
:10D67000CAF24971CAF249F1000000336042A20DBA
:10D680006042A28D10B52DED028BB0EE408A0446AB
:10D6900000F0A0F9B0EE480ABDEC028B046010BDAA
:10D6A00030B1F1EE407A27EE800A2220FFF7EABF80
:10D6B000F0EE407A27EE800A2220FFF7E3BF00BF9A
:10D6C0009FED010AFFF7ECBF000000109FED010A7B
:10D6D000FFF7E6BF00000070D0B5FCF707F90C4B70
:10D6E000002206460F46FCF771F9FCF79BFA044648
:10D6F000FCF7DAF8074B0022FCF768F902460B4604
:10D7000030463946FBF792FFFCF78CFA2146D0BD34
:10D710000000F03D0000F0412DE9F047089D0E4665
:10D7200004460F46002B4AD194468C45B2FA82F249
:10D7300060D942B1C2F12003974020FA03F30CFAFA
:10D7400002FC1F4394404FEA1C4E1FFA8CF6B7FBB5
:10D75000FEF1230C0EFB117743EA074301FB06F0B1
:10D7600098420AD91CEB030301F1FF3780F01581C1
:10D77000984240F21281023963441B1AA4B2B3FBEF
:10D78000FEF00EFB103344EA034400FB06F6A6420B
:10D790000AD91CEB040400F1FF3380F00081A6429B
:10D7A00040F2FD806444023840EA0140A41B00219D
:10D7B0001DB1D4400023C5E90043BDE8F0878B428A
:10D7C00005D90DB1C5E9000100210846F5E7B3FA16
:10D7D00083F1002946D1B34202D3824200F2F580A0
:10D7E000841A66EB030201201746002DE5D0C5E937
:10D7F0000047E2E7002A40F09380A1EB0C034FEAD8
:10D800001C471FFA8CFE0121B3FBF7F607FB16300D
:10D81000230C43EA00430EFB06F0984208D91CEBA8
:10D82000030306F1FF3802D2984200F2D080464648
:10D830001B1AA4B2B3FBF7F007FB103344EA03440E
:10D840000EFB00FEA64508D91CEB040400F1FF33D3
:10D8500002D2A64500F2B6801846A4EB0E0440EAB8
:10D860000640A5E7C1F120078B4022FA07FC4CEAED
:10D87000030C06FA01FE20FA07F426FA07F344EA3D
:10D880000E0400FA01F84FEA1C404FEA1449B3FBBA
:10D89000F0FE1FFA8CF600FB1E3349EA03430EFB31
:10D8A00006F9994502FA01F20BD91CEB03030EF1BC
:10D8B000FF3A80F08580994540F28280AEF1020EF9
:10D8C0006344A3EB0909A4B2B9FBF0F300FB13997D
:10D8D00044EA094403FB06F6A64208D91CEB0404FB
:10D8E00003F1FF3068D2A64266D9023B644443EAA2
:10D8F0000E40A41BA0FB02E6B4427346B14652D3CD
:10D900004FD05DB1B8EB030264EB090404FA07F7EA
:10D9100022FA01F31F43CC40C5E9007400214CE713
:10D92000C2F1200120FA01F30CFA02FC26FA01F1FF
:10D93000964033434FEA1C471FFA8CFEB1FBF7F0C9
:10D9400007FB1016190C41EA064100FB0EF68E4249
:10D9500004FA02F408D91CEB010100F1FF382DD2C2
:10D960008E422BD902386144891B9BB2B1FBF7F67A
:10D9700007FB161143EA014306FB0EF1994208D951
:10D980001CEB030306F1FF3814D2994212D9023E70
:10D9900063445B1A46EA004136E73946EDE618462D
:10D9A00002E7F045ADD2BEEB020366EB0C06013890
:10D9B000B146A6E74646ECE7034698E74046D3E77C
:10D9C000D6467EE76444023847E708460DE7023E44
:10D9D00063442DE7014B1868704700BF2800002002
:10D9E00070B50D4D0D4C641BA4100026A64209D144
:10D9F0000B4D0C4C01F096F8641BA4100026A642B7
:10DA000005D170BD55F8043B98470136EEE755F84F
:10DA1000043B98470136F2E790440108904401081E
:10DA2000904401089444010802440346934200D103
:10DA3000704703F8011BF9E7022B10B50AD09208D2
:10DA4000013A03680C6840F8044B002A41F8043B93
:10DA5000F6DC10BD02440C78037800F8014B01F8A5
:10DA6000013B131A002BF6DCF3E7F8B50F46164618
:10DA700004461D4698470028314638460CDAA84728
:10DA8000002802DA3C462046F8BD31462046A84729
:10DA90000028F8DA3446F6E7A8470028F2DC3146D9
:10DAA0002046A8470028F5DAEDE72DE9F04F95B0BC
:10DAB0000746009340EA02039B07154618D1B2F1CE
:10DAC000040818BF4FF001080023019305FB01F47F
:10DAD0003B19062907EB050B029328D8029B9B45AF
:10DAE00010D3019B002B40F0178115B0BDE8F08FDB
:10DAF0004FF00208E8E743462A4631462046FFF742
:10DB00009BFF0FE05C460EE0661B009B2146304603
:10DB10009847002809DDB8F1000FECD1236832687E
:10DB2000226033603446A742EED3AB44D6E74FEAD7
:10DB30005109641B072905FB09793C4421D0282998
:10DB400044D9CE086E43009B07EB4602B91938460C
:10DB5000FFF78BFF494609EB0602009B8246881BB4
:10DB6000FFF783FF2246009B8146A11BA4EB4600E2
:10DB7000FFF77BFF02464946009B5046FFF775FFC3
:10DB80008146B8F1000F24D13B68D9F800203A60F3
:10DB9000C9F80030D946A2465E460023A14536D8D2
:10DBA00003933946009B484698470028039B2CDC8A
:10DBB0000AD1B8F1000F13D13368D9F800203260D0
:10DBC000C9F800302E440123A944E7E72246BA46AB
:10DBD000D1E743462A4649463846FFF72DFFD9E7A5
:10DBE00043462A4649463046FFF726FFEAE70BD16F
:10DBF000B8F1000F13D12368DAF800202260CAF8C8
:10DC00000030AAEB050A0123641BA1450ED9002BA5
:10DC100040D1029B9B45BFF464AF5C4636E043466F
:10DC20002A4651462046FFF707FFEAE703933946A5
:10DC3000009B204698470028039BD8DAB8F1000FD4
:10DC400007D1D9F800302268C9F800202360641B8E
:10DC5000B9E743462A4621464846FFF7EDFEF6E778
:10DC600043462A4631462046FFF7E6FE0DE0661B96
:10DC7000009B214630469847002809DDB8F1000F87
:10DC8000EED123683268226033603446A742EED377
:10DC9000AB44BEE7A9EB060BF21B5A45A8BF5A4698
:10DCA0002AB14346A9EB02013846FFF7C5FE029BA5
:10DCB000A3EB0A02AAEB0404521BA24228BF22468D
:10DCC0002AB102994346891A4846FFF7B5FE029BDE
:10DCD0005C45A3EB040605D823465C469B463346C9
:10DCE0003E461F46AB4520D9BBFBF5F1019B072BF8
:10DCF0000BD8B4FBF5F414AA02EBC30343F8406C51
:10DD000043F83C4C019B0133DFE6009B2A46384632
:10DD1000FFF7CBFEAC420BD8019B14AA013B019349
:10DD200002EBC30353E91071D0E6AC427FF6D9AEE3
:10DD3000B4FBF5F13746C9E67047704770B50F4E32
:10DD40000C463168054611B900F0A6F8306021464E
:10DD5000284600F0A1F8431C03D14FF0FF342046C1
:10DD600070BDC41C24F00304A042F8D0211A284638
:10DD700000F092F80130F2D1EFE700BFD8050020A3
:10DD80002DE9F843CD1C25F0030508350C2D38BFCF
:10DD90000C25002D064601DBA94204D90C23336073
:10DDA0000020BDE8F883DFF8D48000F069F8D8F8E7
:10DDB00000301C4644BB29463046FFF7BFFF431CDA
:10DDC000044658D1D8F800402746002F43D1002CF4
:10DDD0004BD023683946304604EB030900F05CF869
:10DDE000814542D121686D1A29463046FFF7A6FFCA
:10DDF00001303AD023682B442360D8F800305A68A9
:10DE000062BBC8F800700FE02268521B20D40B2AB6
:10DE100017D96119A342256018BF5960636808BF0C
:10DE2000C8F8001062514B60304600F02FF804F142
:10DE30000B00231D20F00700C21A1CBF1B1AA350A1
:10DE4000AFE76268A3420CBFC8F800205A60EBE756
:10DE500023466468AEE73C467F68B6E71A465B68CF
:10DE6000A342FBD100235360DEE70C23336030462E
:10DE700000F00CF894E70560D6E700BFDC05002051
:10DE80000148FFF759BF00BFD40500200148FFF744
:10DE900054BF00BFD405002038B5064D002304460A
:10DEA00008462B60FEF730F8431C02D12B6803B103
:10DEB000236038BDE005002038B50546002941D073
:10DEC00051F8043C0C1F002BB8BFE418FFF7D8FF33
:10DED0001D4A136833B9636014602846BDE83840B2
:10DEE000FFF7D4BFA34208D9206821188B4201BF95
:10DEF00019685B6809182160EDE71A465B680BB189
:10DF0000A342FAD911685018A0420BD120680144ED
:10DF1000501883421160E0D118685B685360084470
:10DF20001060DAE702D90C232B60D6E720682118AD
:10DF30008B4204BF19685B68636004BF09182160E5
:10DF40005460CAE738BD00BFDC050020884210B528
:10DF500001EB020402D98442234607D8431EA142A2
:10DF600008D011F8012B03F8012FF8E7024401460D
:10DF70008A4200D110BD13F8014D02F8014DF7E7B8
:10DF80000A44914200F1FF3300D1704710B511F8F7
:10DF9000014B03F8014F9142F9D110BD024B0146EC
:10DFA0001868FFF7EDBE00BF28000020024B0146B5
:10DFB0001868FFF781BF00BF28000020B1F8C83003
:10DFC0005A1C92B2C82AA1F8C820C85400D0704781
:10DFD00010B500200C46FDF761FF0023A4F8C830FF
:10DFE00010BD00BF10B50446FBF73CFE21460246BB
:10DFF0000020FDF753FF034901220020FDF74EFFEB
:10E00000002010BD6C2B01080FB430B5B5B038AC92
:10E010000E4954F8045BCA2201A8FFF7B1FF23465A
:10E020002A460B48009401A900F06AFDBDF8CC20F7
:10E0300004462AB9204635B0BDE8304004B07047E8
:10E0400001A90020FDF72AFFF4E700BF002A01081C
:10E05000BDDF000800F044BD9A4238BF88547047C5
:10E06000704700BF2DE9F04F83B00F4612990D9C09
:10E070009DF83850984611F0020306469446DDE9B3
:10E08000100A00932ED1BAF1000F40F0A280844212
:10E0900028D2202C01F0010E00F088810C9B621E1A
:10E0A0001A444FF0300B734602E0202C00F0E7805A
:10E0B0000134A04202F801BFF7D89E4693B15445FF
:10E0C00010D2202C00F0CF810C9B621E1A444FF01E
:10E0D000300E02E0202C00F024810134544502F877
:10E0E00001EFF7D1CB061FD54A0500F1A580002C22
:10E0F00040F09E800F9B102B00F045810F9B022B60
:10E1000000F04E810C9B30221A70012401F00302B2
:10E11000002D00F0CA800C9B2D21195501340AB93D
:10E1200054450ED3654626E001F00302202CEFD1C2
:10E13000002A40F08F80BAF1200F88BF202440F2DF
:10E1400089806546A4EB0C0BE1462A46434601351F
:10E1500039462020B04705EB0B035345F5D30AF1B0
:10E16000FF35621C2D1B924538BF002509F10102C5
:10E17000CC461544C4B10C9BCDF844A005EB040972
:10E1800003EB090B1C44CDF804C09A46ABEB040228
:10E1900014F8010D43463946B047A2454D46F5D126
:10E1A000DDF804C0DDF844A0009B73B1A5EB0C09B9
:10E1B000D1450AD22A4643463946202009F10109B1
:10E1C000B047D14505F10105F4D3284603B0BDE8B9
:10E1D000F08F11F0010E73D0002D40F08B8011F004
:10E1E0000C0F40F087808442BFF469AF202C7FF48D
:10E1F00055AFBAF1200F40F23281CB0640F1BE801C
:10E200004A0500F11981202816D11F200F9B102BE1
:10E2100000F0F2800F9B022B1FD0441C01F0030280
:10E2200027E0CB067FF57EAF4A054FF0200403D4EC
:10E23000A04262D0544560D00F9B01F00302102B26
:10E24000104673D00F9B022B0ED1202C08D1002832
:10E250003FF471AF654620248DE7044601F00302C8
:10E260000C9B622018550134202C3FF461AF2046EE
:10E2700001340C9B4FF0300E03F800E056E79E4649
:10E28000002B00F0CB80BAF1200FCAD9CB0675D590
:10E290004A0500F1D180202800F0DA80BAF1200F81
:10E2A00040F08D8054461F20B0E74B0747D50C9BAC
:10E2B0002B2119550134002A3FF432AF65465AE745
:10E2C0008442BFF40FAF202C7FF4E8AECC067FF57C
:10E2D00032AF4C053FF52FAF202800F0B980BAF1DE
:10E2E000200FDFD00F9B102B3FF425AF0F9B022B8D
:10E2F00019D120E70AF1FF3A75E7601E86D10F9B1E
:10E30000102B6BD00F9B022B7FF4FCAE0C9B0F9C51
:10E3100062221A7030225A7001F00302002DC4D01C
:10E32000F9E6CC0680D401F0030201E78B0611D494
:10E33000202C8CD00C9B78201855013494E70D07C5
:10E3400013D48ABB5445FFF4FCAE002C7FF4EAAE34
:10E3500065463AE7202C3FF47AAF0C9B18194FF032
:10E36000580E013480F800E07EE70C9B20211955FF
:10E370000134002A3FF4D4AE6546FCE68D073FF435
:10E38000E0AE6546F7E688060CD558220C9B1A705D
:10E3900030225A70022401F00302002D85D0BAE623
:10E3A0006222F3E77822F1E76546E3E6BEF1000F6B
:10E3B00050D0CB067FF5B6AE4B057FF524AF0F9B53
:10E3C00001F00300102B02463FF441AF0F9B022BDC
:10E3D0007FF4AEAE00287FF43DAFACE68A0625D5CB
:10E3E0000C9B58221A7030225A70022401F003024A
:10E3F000002D3FF45AAF8EE68B06A4F1020206D43C
:10E400000C9B78209854013C01F003022FE70C9BF1
:10E4100058209854013C01F0030228E7CA0682D52F
:10E420004A05CCD4202813D0202403E70C9B782263
:10E430001A7030225A70D8E70F9B102B01F003009E
:10E440003FF405AF0F9B022B3FF401AF02466FE68E
:10E450000446DAE6CB063FF53CAF65468BE6CA06D6
:10E46000DED4654687E6CC063FF512AF5BE700BF1A
:10E470002DE9F04F93B01C9C9DF874B01E9DDDF803
:10E4800084E02CB92EF010061EF4806FB64635D10C
:10E490001EF0200F14BF4FF041094FF061090AAF81
:10E4A000A9F10A09B8460026099002E0202E15D0ED
:10E4B0005446B4FBF5FA05FB1A4C5FFA8CF0BCF13C
:10E4C000090F00F1300C8ABF48445FFA8CF0C0B2EB
:10E4D000AC4208F8010B06F10106E7D20998209C2E
:10E4E00005941F9CCDF818E0CDE90354CDE9016BEC
:10E4F0000097FFF7B7FD13B0BDE8F08F26460AAFCF
:10E50000EDE700BF2DE9F04F97B0DDE92478209EBC
:10E51000219C099356EA04039DF888C0DDF8A0B059
:10E520008E4605D12BF010031BF4806F9B4645D11E
:10E530001BF0200F0EAB14BF4FF0410A4FF0610AE1
:10E54000CDF8A0B0CDE90A0ECDE90C2CAAF10A0A4B
:10E55000994600259B4603E0202D17D006460C4621
:10E5600021463A4643463046FBF718FAD2B2092A0A
:10E5700002F130038ABF5244DAB2D2B2BE4274EB27
:10E58000080409F8012B05F10105E5D2DDE90A0EC1
:10E59000DDE90C2C5B46DDF8A0B0279905912699A2
:10E5A0000093CDE90371CDE9015C099BCDF818B06A
:10E5B0007146FFF757FD17B0BDE8F08F00250EAB91
:10E5C000EBE700BF10B1D1E900311847704700BF39
:10E5D0002DE9F04F1C46B1F1000A8D4B8FB018BFEA
:10E5E00081462078DDF860B0904608BF9946002843
:10E5F00000F0D381002507E02A4643465146013505
:10E60000C847207800285ED0252804F10104F3D102
:10E610000023224612F8010BA0F1200110290AD88C
:10E62000DFE801F034090930090909090909092C51
:10E63000092809092400A0F13001092951D92A2803
:10E6400000F0948000262E285CD00021A0F16807FD
:10E65000122F23D8DFE807F0A2229D229522222242
:10E66000222222221E22222222221E0043F0010305
:10E670001446CEE743F002031446CAE743F004030E
:10E680001446C6E743F010031446C2E743F00803FC
:10E690001446BEE7607843F480730132782814464C
:10E6A00009D863283DD8622800F0B88163287DD05E
:10E6B000252840F03D812A4643465146C8472078E8
:10E6C00001350028A0D12C46A84501D808F1FF3516
:10E6D00043462A4651460020C84720460FB0BDE8B1
:10E6E000F08F002606EB860600EB46061078A0F1B8
:10E6F000300109291446A6F1300602F10102F1D9D0
:10E700002E28A2D16078A0F13001092943F480635A
:10E71000174640F2EF802A2800F0028114460132A9
:10E7200093E7A0F1640E01225FFA8EFE02FA0EFE5C
:10E73000384A1EEA020E40F0AD80732854D070288B
:10E74000B9D143F0210305930823049310230391C7
:10E75000CDF804E002935BF8043B00932A4643465D
:10E7600051464846FFF784FE05464AE75BF8046BCE
:10E770006078002E1446BCBF43F00203764201329B
:10E7800061E760786C2886D1A07843F44073E21C7E
:10E7900084E7607843F4007301327FE7607868288B
:10E7A00000F0F68043F08003013277E70BF10402BA
:10E7B00098070A9205F1010740F111812A469BF85A
:10E7C000000043465146C847012E88BFAD1940F2AC
:10E7D00049813A464346013751462020C847BD4249
:10E7E000F7D1DDF828B00CE75A4652F804CB0A926C
:10E7F0009CF800B05846002940F08C80BBF1000F17
:10E8000013D06FF0010E0EF1010EE644624606E0F1
:10E8100061E0000821081200964500F0B38012F86C
:10E82000017F002FF8D1A2EB0C0E13F4806702D009
:10E830008E4528BF8E4613F002030B9300F0B08084
:10E84000BBF1000F17D0CDE90CE6E3462A460E4691
:10E85000434651461FB106F1FF3C3EB16646C847EC
:10E860001BF8010F01352A460028F1D10B9BDDE989
:10E870000CE6002BB5D076452F46B2D93544A5EB32
:10E880000E053A464346013751462020C847BD424F
:10E89000F7D1A6E76F2800F0BF806DD8692823F074
:10E8A000100240F017815F0548BF23F01102900568
:10E8B00000F1DD80D3050BF1040700F1D58050068F
:10E8C00040F1F6809BF900300391002B4FF00A01D4
:10E8D00002914FEAD371B8BF5B42CDE90462019166
:10E8E0002A460093434651464846FFF7C1FDBB46C2
:10E8F000054686E6002101EB810100EB4100A0F115
:10E90000300117F8010FA0F13002092AF3D93C4673
:10E910007A1C9BE6BBF1000F87D001F1FF3E72E746
:10E920005BF8041BA078023421EAE171621C8DE6D9
:10E9300058287FF4C0AE43F020031022580524D499
:10E9400023F00C0313F400706AD113F4807F0BF1F1
:10E95000040740F0B28058067BD418064CBFBBF8C1
:10E960000000DBF800000090CDE904630023CDE94E
:10E97000022101932A46B5E7782868D023F01003D6
:10E980000A22DBE7AEEB0C0E4FE723F00D03D9E7CD
:10E99000A07843F0C003E21C80E60446054693E6F7
:10E9A000764540F2948006EB050BCDE90C7CABEB91
:10E9B0000E0B0F462A464346013551462020C847D4
:10E9C0005D45F7D1DDF834C039469CF800B00C9FA6
:10E9D00006F1010E584600287FF435AF01E7012EFD
:10E9E0003AD96B1E3344CDF82CB02F469B463A469D
:10E9F0004346013751462020C847BB45F7D15B4607
:10EA0000DDF82CB01A469BF8000043465146C84733
:10EA10003544DDF828B0F4E508228FE702228DE7BF
:10EA2000CDE907630BF1070B0023069104920593D0
:10EA300002932BF0070BFBE802672A46CDE900673B
:10EA4000434651464846FFF75DFD0546D9E510228D
:10EA500074E79BF8000086E79BF800002A464346CF
:10EA60005146C8473D46BCE6DBF800302CE70BF1C9
:10EA7000070B2BF0070BDBF804305BF8080B069153
:10EA8000D90FCDE907620291024600210A20002B2E
:10EA9000CDE9040102DA524263EB4303CDE90023DE
:10EAA00051462A4643464846FFF72CFD0546A8E551
:10EAB0001306D9D5BBF9003006E7CDE90221CDE92F
:10EAC00004630190DBF8003000932A460AE70EF158
:10EAD000010E7FE764283FF4E6AE13460A222DE7D5
:10EAE00000B583B084460093044813460A46614645
:10EAF000FFF76EFD03B05DF804FB00BF59E00008AE
:10EB000010B584B00446CDE90241009302A9134632
:10EB100003484FF0FF32FFF75BFD04B010BD00BFAC
:10EB2000C5E50008F8B500BFF8BC08BC9E467047B4
:10EB3000F8B500BFF8BC08BC9E4670470000000056
:10EB4000A0860100400D0300801A060000350C006D
:10EB500040420F0080841E0000093D0000127A0030
:10EB60000024F40000366E010048E801006CDC026D
:10EB7000000000000000000001020304060708096D
:10EB80000000000001020304F83601080000010043
:10EB900000000000000000004D0001008D5C000836
:10EBA000000000001C000100E15A00080000000005
:10EBB0002C0008002D5B0008000000006000010030
:10EBC0006D5B0008000000007D000800A55B0008E8
:10EBD0000000000062001000E55B00080837010833
:10EBE00017010100000000000000000018011000E3
:10EBF0004D5C0008243701083700010000000000C8
:10EC00000000020060F00008000001005CF0000855
:10EC10000300010058F000080100010054F0000852
:10EC20000300010050F00008000001004CF0000853
:10EC30000000010048F000080000010044F0000856
:10EC40000000010040F000080000040030F000085F
:10EC5000000001002CF000080400010028F000086A
:10EC60000400010024F000080C0302001CF000085E
:10EC7000C05D010018F0000840010800F8EF00082E
:10EC800015000100F4EF000800000100F0EF00089B
:10EC900000000100ECEF000800000100E8EF0008B0
:10ECA00001000300DCEF000802000200D4EF0008BE
:10ECB00000000200CCEF000800000100C8EF0008CF
:10ECC00001000100C4EF00083F000100C0EF000890
:10ECD00004000100BCEF000800000100B8EF0008CC
:10ECE00001000100B4EF000800000100B0EF0008CF
:10ECF00000000100ACEF000800000100A8EF0008D0
:10ED000000000100A4EF000805000100A0EF0008CA
:10ED1000450001009CEF00080A00010098EF000880
:10ED20000000010094EF00080800010090EF0008C7
:10ED30002000020088EF00080000010084EF0008B6
:10ED400000BE87BD8EBD14BD19BDA0BC27BCAEBB27
:10ED5000ADAD33ACB8AABEA8CBADD2AB58A95FA7B6
:10ED6000DC9FE19B67986C947390F58AF8857A80B4
:10ED7000F9C379C779CBF8CE75D1F4D472D871DBE9
:10ED8000F8E0F7E4F5E8F2EC56E952EC4EEFC9F1A1
:10ED900039F0B3F22DF527F71DF515F68CF784F849
:10EDA000837A897A0F7A147A9A7720772776AD75E5
:10EDB0002E6EB46CB96B3F6A4F71D56E5C6CE269B4
:10EDC000DC5F615CE558EA54DE4DDF496146624232
:10EDD000F7017705F608F60BF50E7412F2157119A6
:10EDE00051164F19CC1BCA1E5C28D72B532F4E32FD
:10EDF000392C342F2E32A93423399A3A923B093DCB
:10EE0000093D093D093D093D093D093D093D093DD2
:10EE1000093D093D093D093D093D093D093D093DC2
:10EE2000093D093D093D093D093D093D093D093DB2
:10EE3000093D093D093D093D093D093D093D093DA2
:10EE4000613132312D76312E31302E30000000000C
:10EE500000000000000000000000000000000000B2
:10EE600000000000000000000000000000000000A2
:10EE70000000000000000000000000000000000092
:10EE80000000000000000000000000000000000082
:10EE90000000000000000000FFFF00009DDF0008F0
:10EEA000ADDF0008000000004522000875030008DF
:10EEB00050000000A0000100080010010000000147
:10EEC0000300000050000000A00001000800100135
:10EED000000000010300000050000000A00001003D
:10EEE00008001001000000010300000050000000B5
:10EEF000A000010008001001000000010300000054
:10EF000000000000000000000100000001000100FE
:10EF100002000100A00000000AD7233D295C8F3DBC
:10EF2000295C0F3E5C8F423E0AD7A33EC8370108DA
:10EF3000D0370108D8370108403701084C3701089D
:10EF4000543701085C370108683701087437010835
:10EF5000803701088C37010898370108A03701086D
:10EF6000A8370108B0370108B8370108C0370108D1
:10EF7000000086420000AA420000AC420000C642E7
:10EF80000000D0425C0130003700D000C802D00041
:10EF9000B4009000B700D100FA000402E200F700CC
:10EFA000E200F000B3003000B3007700B300D100FE
:10EFB000D6005100B2003000B2007700B200D1009C
:10EFC000B500D0005C0131005C0132002900300046
:10EFD0002D003000290054002D00540006002400AC
:10EFE0000D00240014002400D3005700D300550066
:10EFF000D3005300D500B000AC0004021B03040290
:10F00000F5040402FA0404020105040206050402E0
:10F010002105040258050402180504026C010402CB
:10F02000220304023204B0007204B000CF040402D0
:10F03000C9043701CC043701D0043701D3043701A8
:10F040006105B0006305D000E3005A00E300390019
:10F05000E3005600E3003500E3005200E300310016
:10F060005900320060003200300EB36335030100F6
:10F07000E501080035030800850301008503000051
:10F0800014000000A801000035030100E501100094
:10F090003503100085030100850300001400000003
:10F0A000A801000035030100E50120003503200020
:10F0B0008503010085030000140000001500040012
:10F0C000E5010800350000001500000009000000FF
:10F0D00025070000B50501006200000043000000A4
:10F0E000B5050000E5040000090000002506000049
:10F0F000D50700000900000045060000E5070000F4
:10F10000090000006503C000B5070200B5082A0029
:10F11000C802000009000000E5013100C508200018
:10F120000900000052000000430000000900000038
:10F1300065007F0009000000A5010000D500000067
:10F14000E5000000F50020000501000015010000A9
:10F150002501000035010000850100004501000087
:10F1600055010000650100007501000095010000D7
:10F17000950001007500FF3709000000D500000070
:10F18000E50102009500020009000000A501000051
:10F19000E5000000F5002000050100001501000059
:10F1A0002501000035010000450103005501030061
:10F1B000850103006501030075010300950103004B
:10F1C000E501F77F9500F57F09000000B50C000010
:10F1D0000900000045000000E501860035008400BC
:10F1E0004201000043000000B50C0B0082CE01007C
:10F1F0004300000088080000580700004500010097
:10F2000009000000E5010300B50C0300090000003F
:10F21000020F000043000000090000008808000001
:10F22000E501020035000200620100004300000019
:10F23000E50184003500000009000000E5018600BA
:10F24000350084004201000043000000E501030096
:10F25000B50C01006200000043000000D50701006A
:10F260002506E40065070600E507080045061800C6
:10F27000F80200000A000000180200004802000026
:10F280006507270009000000D50701002506E400F6
:10F2900065070600E507080045061400F8020000AF
:10F2A0000A0000001802000048020000650727005D
:10F2B00009000000550D0100000000007507000066
:10F2C000C50D90097507270085130100151401006D
:10F2D000E501040085130400E50104001514040091
:10F2E000E501080085130800E501F8011514F8018F
:10F2F00009000000150200000502000025020100BF
:10F300000620220015090200F5080400E50100208E
:10F31000F50800200900000002140000430000006E
:10F320000100010001008002060040000900000009
:10F33000350A0900550A0000C50A0800650A3F0899
:10F34000250A6000950A0100250A7F0009000000D7
:10F35000250A0000950A0000250A0000650A000041
:10F3600009000000450A0100450A00006507030086
:10F37000D50708002506140058010000A801000068
:10F3800025073900F50400000505803EE50401006D
:10F39000F80200000A000000A801000018020000A6
:10F3A0006507000009000000450A0100450A000049
:10F3B00009000000050D0100250D0100150D1500C7
:10F3C000A50A0100450D870009000000450DFF005A
:10F3D0000900000015095D00F508BD00E5010020E9
:10F3E000F508002009000000D5080A00E5081A0009
:10F3F000450285225502FD01090000001502360074
:10F4000005020E002502930009000000E50100201E
:10F41000F5080000000000000000000025000100C9
:10F42000E50102001500020025000000E5010200D0
:10F430001500000009000000350C0200350C030027
:10F44000E5010100050B0100E5010200D50A0000FD
:10F45000A20000004300000009000000E5010005D3
:10F4600035000000E501001835000018E501000531
:10F470003500000509000000E50100053500000029
:10F48000E501001835000000E50100053500000524
:10F4900009000000B208000043000000E501F91F68
:10F4A000B502000009000000E501FF016502E0016E
:10F4B000E5011100B5021100B8100000E501FF01DF
:10F4C0006502FF01E5012100B5022100B81000002E
:10F4D000E501FF016502F801E5018100B502810047
:10F4E000B810000009000000E501FF016502C0013D
:10F4F000E5010102B5020102B8100000E501FF01BB
:10F500006502FF01E5010104B5020104B810000025
:10F51000E501FF016502F801E5010108B5020108F6
:10F52000B8100000E501FF016502FF01E5010110CF
:10F53000B5020110B810000009000000D50B05004D
:10F54000B50B030009000000D80F0000B50204004D
:10F55000750200006502C03FE5010101B50201012D
:10F56000B8100000650200FE0812000048100000FC
:10F57000580E000006202200B80D0000F509010019
:10F58000E50100039509000101F40000D50B050019
:10F59000024B000043000000D50B0900F5090000F4
:10F5A000E501000395090000980E00000900000025
:10F5B000050B0000050B0C00050B0000150B1F00D0
:10F5C000250B0000350B0100450B0000550B00001A
:10F5D000650B0000090000005508020058010000FA
:10F5E000A80100001802000048020000F505010013
:10F5F000350C040078020000285100003809000092
:10F60000380A000001000000950C1300750C38004A
:10F61000850C0200A2000000C23000004300000080
:10F6200043000000010001050600400001008002C7
:10F63000750C0001850C1800C80A0000850C380004
:10F640002503000065070300D50708002506140000
:10F6500058010000F5040000050580028514220011
:10F66000C50A0000080D0000A801000025072106BA
:10F67000E5040100F80200000A000000A8010000F3
:10F68000E501010025030100C80A0000C50A0100C8
:10F69000080D0000A801000025074D06E504010043
:10F6A000F80200000A000000A8010000E5010200C5
:10F6B00025030200C80A0000C50A0200080D000068
:10F6C000A801000025077906E5040100F802000002
:10F6D0000A000000A8010000E50104002503040061
:10F6E000C80A0000C50A0300080D0000A8010000B8
:10F6F0002507A506E5040100F80200000A00000045
:10F70000A8010000E501080025030800C80A000060
:10F71000C50A0400080D0000A80100002507D10655
:10F72000E5040100F80200000A000000A801000042
:10F73000E501100025031000C80A0000C50A0500F5
:10F74000080D0000A80100002507FD06E5040100E2
:10F75000F80200000A000000A8010000E5012000F6
:10F7600025032000C80A0000C50A0600080D000095
:10F77000A801000025072907E5040100F8020000A0
:10F780000A000000A8010000E50140002503400038
:10F79000C80A0000C50A0700080D0000A801000003
:10F7A00025075507E5040100F80200000A000000E3
:10F7B000A8010000E501800025038000C80A0000C0
:10F7C000C50A0800080D0000A801000025078107F0
:10F7D000E5040100F80200000A000000A801000092
:10F7E000E501000125030001C80A0000C50A09005F
:10F7F000080D0000A80100002507AD07E504010081
:10F80000F80200000A000000A8010000E501000263
:10F8100025030002C80A0000C50A0A00080D0000FE
:10F82000A80100002507D907E5040100F80200003F
:10F830000A000000A8010000E501000425030004FF
:10F84000C80A0000C50A0B00080D0000A80100004E
:10F8500025070508E5040100F80200000A00000081
:10F86000A8010000E501000825030008C80A0000FF
:10F87000C50A0C00080D0000A8010000250731088A
:10F88000E5040100F80200000A000000A8010000E1
:10F89000E501001025030010C80A0000C50A0D008C
:10F8A000080D0000A801000025075D08E50401001F
:10F8B000F80200000A000000A8010000E501002095
:10F8C00025030020C80A0000C50A0E00080D00002C
:10F8D000A801000025078908E5040100F8020000DE
:10F8E0000A000000A8010000E501004025030040D7
:10F8F000C80A0000C50A0F00080D0000A80100009A
:10F900002507B508E5040100F80200000A00000020
:10F91000A8010000E501008025030080C80A00005E
:10F9200085140000A80B000018020000C850000059
:10F930001400000078590000750C8000850C8000D0
:10F94000B50A0300E5010400B50C04000600000838
:10F95000950A6100484F0000950A6900484F000071
:10F96000950A7100484F0000950A7900484F000041
:10F97000950A4100484F0000950A4900484F000091
:10F98000950A5100484F0000950A5900484F000061
:10F99000950A2100484F0000950A2900484F0000B1
:10F9A000950A3100484F0000950A3900484F000081
:10F9B000950A0100484F0000950A0900484F0000D1
:10F9C000950A1100484F0000950A1900484F0000A1
:10F9D000B50A000001008002750C0200850C0200CF
:10F9E000E5010400B50C0000C80A0000750C180001
:10F9F000850C0600F5001000C80A0000F500110093
:10FA0000C80A0000F5001200C80A0000F500130043
:10FA1000C80A0000F5001400C80A0000F50015002F
:10FA2000C80A0000F5001600C80A0000F50017001B
:10FA3000C80A0000F5001800C80A0000F500190007
:10FA4000C80A0000F5001A00C80A0000F5001B00F3
:10FA5000C80A0000F5001C00C80A0000F5001D00DF
:10FA6000C80A0000F5001E00C80A0000F5001F00CB
:10FA7000C80A0000F5002000C80A0000F5002100B7
:10FA8000C80A0000F5002200C80A0000F5002300A3
:10FA9000C80A0000F5002400C80A0000F50025008F
:10FAA000C80A0000F5002600C80A0000F50027007B
:10FAB000C80A0000F5002800C80A0000F500290067
:10FAC000C80A0000F5002A00C80A0000F5002B0053
:10FAD000C80A0000F5002C00C80A0000F5002D003F
:10FAE000C80A0000F5002E00C80A0000F5002F002B
:10FAF000C80A0000F5003000C80A0000F500310017
:10FB0000C80A0000F5003200C80A0000F500330002
:10FB1000C80A0000F5003400C80A0000F5003500EE
:10FB2000C80A0000F5003600C80A0000F5003700DA
:10FB3000C80A0000F5003800C80A0000F5003900C6
:10FB4000C80A0000F5003A00C80A0000F5003B00B2
:10FB5000C80A0000F5003C00C80A0000F5003D009E
:10FB6000C80A0000F5003E00C80A0000F5003F008A
:10FB7000C80A0000A80B0000C850000014000000D4
:10FB80007859000045030100F5002000750C0300C2
:10FB9000850C0300E5010400B50C04000600000814
:10FBA000150D100008500000150D11000850000040
:10FBB000150D120008500000150D1300085000002C
:10FBC000150D140008500000150D15000850000018
:10FBD000150D160008500000150D17000850000004
:10FBE000150D180008500000150D190008500000F0
:10FBF000150D1A0008500000150D1B0008500000DC
:10FC0000150D1C0008500000150D1D0008500000C7
:10FC1000150D1E0008500000150D1F0008500000B3
:10FC2000150D000008500000150D010008500000DF
:10FC3000150D020008500000150D030008500000CB
:10FC4000150D040008500000150D050008500000B7
:10FC5000150D060008500000150D070008500000A3
:10FC6000150D080008500000150D0900085000008F
:10FC7000150D0A0008500000150D0B00085000007B
:10FC8000150D0C0008500000150D0D000850000067
:10FC9000150D0E0008500000150D0F000850000053
:10FCA000350D000001008002980E0000A80B000036
:10FCB00045030000C850000014000000B50B03000D
:10FCC000F50901002500010095090001250000004B
:10FCD000D50B0E000214000043000000D50B0A00F3
:10FCE000F509000095090000950C0000620900006C
:10FCF000C23000004300000043000000380A00004A
:10FD0000E5010400B50C0400050C00000600000825
:10FD1000150C0000E50B3C00C80A0000E50B3400A0
:10FD2000C80A0000E50B2C00C80A0000E50B2400FF
:10FD3000C80A0000E50B0400C80A0000E50B0C002F
:10FD4000C80A0000E50B1400C80A0000E50B1C00FF
:10FD5000C80A0000150C0100E50B3C00C80A0000B1
:10FD6000E50B3400C80A0000E50B2C00C80A0000AF
:10FD7000E50B2400C80A0000E50B0400C80A0000D7
:10FD8000E50B0C00C80A0000E50B1400C80A0000CF
:10FD9000E50B1C00C80A0000150C0200E50B3C0036
:10FDA000C80A0000E50B3400C80A0000E50B2C006F
:10FDB000C80A0000E50B2400C80A0000E50B040097
:10FDC000C80A0000E50B0C00C80A0000E50B14008F
:10FDD000C80A0000E50B1C00C80A0000150C03004F
:10FDE000E50B3C00C80A0000E50B3400C80A00001F
:10FDF000E50B2C00C80A0000E50B2400C80A00002F
:10FE0000E50B0400C80A0000E50B0C00C80A00005E
:10FE1000E50B1400C80A0000E50B1C00C80A00002E
:10FE2000150C0400E50B3C00C80A0000E50B34008B
:10FE3000C80A0000E50B2C00C80A0000E50B2400EE
:10FE4000C80A0000E50B0400C80A0000E50B0C001E
:10FE5000C80A0000E50B1400C80A0000E50B1C00EE
:10FE6000C80A0000150C0500E50B3C00C80A00009C
:10FE7000E50B3400C80A0000E50B2C00C80A00009E
:10FE8000E50B2400C80A0000E50B0400C80A0000C6
:10FE9000E50B0C00C80A0000E50B1400C80A0000BE
:10FEA000E50B1C00C80A0000150C0600E50B3C0021
:10FEB000C80A0000E50B3400C80A0000E50B2C005E
:10FEC000C80A0000E50B2400C80A0000E50B040086
:10FED000C80A0000E50B0C00C80A0000E50B14007E
:10FEE000C80A0000E50B1C00C80A0000150C07003A
:10FEF000E50B3C00C80A0000E50B3400C80A00000E
:10FF0000E50B2C00C80A0000E50B2400C80A00001D
:10FF1000E50B0400C80A0000E50B0C00C80A00004D
:10FF2000E50B1400C80A0000E50B1C00C80A00001D
:10FF3000150C0800E50B3C00C80A0000E50B340076
:10FF4000C80A0000E50B2C00C80A0000E50B2400DD
:10FF5000C80A0000E50B0400C80A0000E50B0C000D
:10FF6000C80A0000E50B1400C80A0000E50B1C00DD
:10FF7000C80A0000150C0900E50B3C00C80A000087
:10FF8000E50B3400C80A0000E50B2C00C80A00008D
:10FF9000E50B2400C80A0000E50B0400C80A0000B5
:10FFA000E50B0C00C80A0000E50B1400C80A0000AD
:10FFB000E50B1C00C80A0000C85000001400000037
:10FFC000A8590000E8550000F50A00002859000073
:10FFD000F50A010028590000F50A0200285900001E
:10FFE000F50A030028590000F50A0400285900000A
:10FFF000F50A050028590000F50A060028590000F6
:020000040801F1
:10000000F50A07002859000001008002980E000040
:10001000085A0000C850000014000000A859000051
:10002000080E0000D80F0000B502040075020000A1
:100030006502C03FE5010900B5020900B8100000E3
:1000400065020000E5014100B5024100B810000062
:10005000650200FE081100009858000048100000DA
:1000600006200208B80D0000A50B0400685500002A
:10007000F50A0000D84D0000F50A0100D84D000037
:10008000F50A0200D84D0000F50A0300D84D000023
:10009000F50A0400D84D0000F50A0500D84D00000F
:1000A000F50A0600D84D0000F50A0700D84D0000FB
:1000B00001008002980E0000085A0000C85000009D
:1000C00014000000A8590000E50A0800950B08007C
:1000D000F50B0F00D80F0000B502040075020000F8
:1000E0006502C03FE5010900B5020900B810000033
:1000F00065020000E5014100B5024100B8100000B2
:10010000650200FE08110000B5020400750200003F
:100110006502C03FE5010101B5020101B810000010
:10012000650200FE0812000048100000B80D000033
:10013000F50A04001502A0000600200801F40005DD
:1001400006020000A50B0000884C0000060200001B
:10015000A50B0100884C000006020000A50B020060
:10016000884C000006020000A50B0300884C00002C
:1001700006020000A50B0400884C000006020000E7
:10018000A50B0500884C000006020000A50B060028
:10019000884C000006020000A50B0700884C0000F8
:1001A00001000005980E0000085A0000C850000029
:1001B00014000000A8590000E50A0800950B08008B
:1001C000F50B0900D80F0000B5020400750200000D
:1001D0006502C007E5010900B5020900B81000007A
:1001E00065020000E5014100B5024100B8100000C1
:1001F0006502001E08110000B5020400750200002F
:100200006502C007E5010101B5020101B810000057
:100210006502001E081200004810000035020000B0
:100220001502A00025022E0006202008B80D0000AF
:10023000A50B0400050C0300150C00006855000018
:10024000D84D000001008002980E0000085A0000FE
:10025000C850000014000000A8590000E501040087
:10026000B50C0000350C0100750C8001850C0200F6
:10027000950C1300450C0900650C1B0028150000A7
:10028000450B0200E50A0800950B0800D80F000096
:10029000B50204007502000065024000E501090096
:1002A000B5020900B810000065020000E501410038
:1002B000B5024100B81000006502007E0811000080
:1002C0009858000048100000B80D00000100000020
:1002D0001502A10025026E00650B0400062020080F
:1002E0004853000006002008220000004853000088
:1002F0004300000001008002650B0C000600200096
:1003000042000000485300004300000001000005C7
:10031000650C0000450C0F00550C0300750CC00166
:10032000150B0900550B0700350B2900250B0B0099
:100330000600200052000000585400004300000056
:1003400001008002550B0F00350B0900060020004C
:1003500052000000585400004300000001008002D9
:10036000250B130006002000520000005854000026
:100370004300000001000005980E0000085A00002C
:10038000C85000001400000012000000E1750000D9
:1003900001F4010026000000E175000001F40700EF
:1003A000E601000002000000E175000001F4030016
:1003B00026000000E175000001F40700E6010000DE
:1003C000430000000600400016000000430000004B
:1003D00026000000017480000900000006002000D3
:1003E000120000000602000072010000884C0000AC
:1003F0004300000006001C004300000001F48002DE
:100400000900000006002000060200007201000042
:10041000884C00004300000001F480020900000045
:10042000851300001514000075070000C50D0000BD
:10043000550D010009000000B50A03000214000078
:10044000430000000100010001008002B50A020023
:1004500002140000430000000100070001008002B8
:100460000600400009000000350D010002140000E4
:10047000430000000100010001008002350D03006F
:100480000214000043000000010007000100800288
:10049000060040000900000035030200E5010000ED
:1004A00035030000850301008503000009000000FA
:1004B000C5000000951400009804000058040000D6
:1004C000980500002803000002DC0500430000003E
:1004D00048030000A2010000430000008500FF3730
:1004E000D50A4F007500FF3F8500FF3F0214000052
:1004F00043000000E50C0100280B0000380D00004F
:1005000025000000E501000535000005E5010200B9
:1005100015000000B8050000020F000043000000B5
:10052000980D00002509010078060000A8060000CB
:10053000D80600000900000006020000F2020000D8
:1005400001080000E10700000100000001000100B7
:100550006200000001080000E10700000100000047
:1005600001000300430000000600400026000000D8
:100570004300000006001C00090000000602000005
:10058000F20200000128000001100000E107000055
:1005900001000100620000000128000001100000BD
:1005A000E1070000010003004300000006004000D6
:1005B000260000004300000006001C0009000000A7
:1005C000F509010095090001021400004300000034
:1005D000F50900009509000001F400010900000080
:1005E000050A6B01050A0801050AB502150D000090
:1005F000D50B0900E50B0000980E00004503010033
:1006000045030200E84E0000581300008813000064
:10061000D80F0000B5020400750200006502C03F5B
:10062000E5010900B5020900B810000065020000EC
:10063000E5014100B5024100B8100000650200FE6E
:10064000081100009858000048100000E50A080052
:10065000950B0700480F000015029D0035020000B1
:100660000502760025022E0006200208B80D0000C3
:10067000A50B0400050C1100150C0000F50B020081
:1006800068550000080E000009000000B5020400D3
:100690007502000065024000E5010101B50201019B
:1006A000B8100000650200000812000009000000F8
:1006B0005502DD0D784E00005502FF0F784E000008
:1006C00009000000280B0000F80B000009000000E2
:1006D00078590000E50101003500010062010000C9
:1006E0004300000009000000E501010035000000A2
:1006F0006201000043000000A80B00000900000098
:1007000000000000344001080200000040400108E1
:10071000040000005040010808000000604001088B
:100720001000000070400108200000008040010817
:100730004000000090400108800000007D7B7C7A32
:10074000E7E61BE895B9AAAB0102030405060049D8
:1007500048303231332F4B4A9EA09F898A8B8CEDD3
:10076000E907ACB191C696CA9ABEC2BACED2D6E259
:10077000DADE7640447F64B5600D218D3C37A66C8F
:100780002768582B705C144C5054EEEA08ADB292B6
:10079000C797CB9BBFC3BBCFD3D7E3DBDF77414545
:1007A0008065B6610E228E3D38A76D2869592C717F
:1007B0005D154D5155EFEB09AEB393C898CC9CC075
:1007C000C4BCD0D4D8E4DCE07842468166B7620F7E
:1007D000238F3E39A86E296A5A2D725E164E5256E4
:1007E000F0EC0AAFB494C999CD9DC1C5BDD1D5D99E
:1007F000E5DDE17943478267B8631024903F3AA969
:100800006F2A6B5B2E735F174F5357888586261FA1
:1008100083843BA1A213181A190C0B348711000012
:100820000000030034160108000001003016010822
:10083000030001002C160108010001002816010820
:100840000300010024160108000001002016010821
:10085000000001001C160108000001001816010824
:100860000000010014160108000001001016010824
:10087000000001000C160108010C01000816010817
:10088000FF03010004160108BD0001000016010865
:10089000BD000100FC150108BD000100F8150108AC
:1008A000BD000100F415010800000100F015010869
:1008B00001000100EC150108010020006C15010881
:1008C000000001006815010800000100641501081E
:1008D0000000010060150108000001005C1501081E
:1008E0005000020054150108C05D010050150108B8
:1008F000400101004C1501081500010048150108D0
:100900000000010044150108000001004015010825
:10091000000001003C150108010002003415010827
:1009200001000300281501085D00010024150108DD
:100930005D000100201501085D0001001C15010883
:100940005D000100181501080100010014150108DF
:100950000000010010150108000001000C1501083D
:10096000000001000815010800000100041501083D
:10097000000001000015010800000100FC1401083E
:1009800000000100F814010800000100F41401083F
:1009900000000100F014010800000300E414010845
:1009A00000000400D414010800000100D014010864
:1009B00000000100CC14010800000300C01401086D
:1009C00000000100BC14010802000200B414010878
:1009D00000000200AC14010800000100A814010886
:1009E00000000100A414010800000100A014010887
:1009F000000001009C140108000005008814010893
:100A000000000100841401080000010080140108A6
:100A1000000001007C1401080000010078140108A6
:100A200001000500641401080100050050140108CC
:100A3000010005003C14010801000500281401080C
:100A40000000010024140108000001002014010826
:100A5000000001001C140108000001001814010826
:100A600000000900F413010800000A00CC1301087B
:100A700000000500B813010800000500A4130108D8
:100A800000000100A0130108000001009C130108F0
:100A900000000100981301080000010094130108F0
:100AA0000000010090130108000001008C130108F0
:100AB00000000100881301080000010084130108F0
:100AC0000000010080130108000001007C130108F0
:100AD00000000100781301080000010074130108F0
:100AE0000000010070130108000001006C130108F0
:100AF00000000100681301080000010064130108F0
:100B00000000010060130108000001005C130108EF
:100B100000000100581301080000010054130108EF
:100B20000100050040130108010005002C13010815
:100B30000100050018130108010005000413010855
:100B4000010001000013010801000100FC1201086E
:100B500001000100F812010801000100F41201086F
:100B600017000100F012010817000100EC12010843
:100B700017000100E812010817000100E412010843
:100B800007000100E012010807000100DC12010863
:100B900007000100D812010807000100D412010863
:100BA00001000100D012010801000100CC1201086F
:100BB00001000100C812010801000100C41201086F
:100BC00000000100C012010801000100BC12010870
:100BD00000000100B812010800000100B412010871
:100BE00000000100B012010800000100AC12010871
:100BF0003F000100A812010804000100A41201082E
:100C000000000100A0120108010001009C1201086F
:100C1000000001009812010803000100941201086D
:100C20000300010090120108030001008C1201086A
:100C300003000100881201089D00010084120108D0
:100C40004D00010080120108010005006C1201082E
:100C50001F00010068120108000001006412010871
:100C6000010002005C1201080000050048120108A2
:100C7000000003003C1201080000030030120108CC
:100C800000000300241201080000010020120108E6
:100C9000000001001C1201080000010018120108E8
:100CA00000000100141201080000010010120108E8
:100CB000000001000C1201080000010008120108E8
:100CC000000001000412010800000200FC110108EC
:100CD00000000100F811010800000100F4110108F2
:100CE00000000100F011010800000100EC110108F2
:100CF00000000100E811010800000100E4110108F2
:100D000000000100E011010800000100DC110108F1
:100D100000000500C811010800000100C41101080D
:100D200000000100C011010800000100BC11010811
:100D300000000100B811010800000100B411010811
:100D400000000100B011010800000100AC11010811
:100D500000000100A811010800000100A411010811
:100D600000000100A0110108000001009C11010811
:100D700005000100981101084500010094110108C7
:100D8000000002008C11010800000200841101081B
:100D9000000002007C11010800000200741101082B
:100DA0000A00010070110108000001006C11010827
:100DB0000000010068110108000001006411010831
:100DC0000000010060110108010005004C1101083C
:100DD0000100050038110108010005002411010877
:100DE00001000500101101080000020008110108AF
:100DF00000000100041101080000010000110108B9
:100E000000000100FC10010800000100F8100108BA
:100E100000000100F410010800000100F0100108BA
:100E200000000100EC10010800000100E8100108BA
:100E300000000100E410010800000100E0100108BA
:100E400000000100DC10010800000100D8100108BA
:100E500000000100D410010800000100D0100108BA
:100E600000000100CC10010800000100C8100108BA
:100E700000000100C410010800000100C0100108BA
:100E800000000100BC10010800000100B8100108BA
:100E900000000100B410010800000100B0100108BA
:100EA00000000100AC10010800000100A8100108BA
:100EB00000000100A410010800000100A0100108BA
:100EC000000001009C1001080000010098100108BA
:100ED00000000100941001080000010090100108BA
:100EE000000001008C1001080000010088100108BA
:100EF00000000100841001080000010080100108BA
:100F0000000001007C1001080000010078100108B9
:100F100000000100741001080000010070100108B9
:100F2000000001006C1001080000010068100108B9
:100F300000000100641001080000010060100108B9
:100F4000000001005C1001080000010058100108B9
:100F500000000100541001080800010050100108B1
:100F6000200001004C100108000001004810010899
:100F700000000100441001080000010040100108B9
:100F8000000001003C1001080000010038100108B9
:100F900000000100341001080000010030100108B9
:100FA000000001002C1001080000010028100108B9
:100FB000060401001F1915120F0D0C0B00402644EA
:100FC0009A994742000000000000804085EB5140A4
:100FD000000000000000000000000000293C0000AC
:100FE000163B0000D7630000325F000073880000EA
:100FF0005D7D00004AAC0000A6970000A4D0000070
:101000000FAF00004CF70000A3C4000070FB00000D
:10101000F3E80000F6D20000C0BB0000DCA4000032
:10102000E58E00003382000032033000F702B0008A
:10103000C202B0008D02B0005802B000F802900069
:10104000C30290008E02900059029000E400D0008C
:10105000F4009000F700D1000703B000D202B00006
:101060009D02B0006802B00005033100D0023100DB
:101070009B0231006602310005033000D0023000CF
:101080009B023000660230000603B000D102B000BF
:101090009C02B0006702B00001033100CC023100B5
:1010A00097023100620231000403B200CF02B200A5
:1010B0009A02B2006502B20013031002DE021002AF
:1010C000A9021002740210020B031002D6021002D1
:1010D000A10210026C0210020303B000CE02B000A5
:1010E0009902B0006402B0000203B000CD02B0006B
:1010F0009802B0006302B00002033500CD02350053
:1011000098023500630235003A01B0004601B00094
:1011100019022500380225003C0225004302250063
:1011200047022500D7012500F6012500FA01250018
:10113000010225000502250095012500B4012500C6
:10114000B8012500BF012500C3012500530125007A
:1011500072012500760125007D0125008101250011
:10116000FB029000C6029000910290005C02900089
:1011700047030402FE02081028030810C9020810E1
:10118000F302081094020810BE0208105F02081053
:1011900089020810DE00F700DE00F0002402F000F3
:1011A000E201F000A001F0005E01F000F300300069
:1011B000F3007700F300D1007100072072000402F1
:1011C000A1001002A2001002200008102700081041
:1011D000310008106F000810750007201B03100273
:1011E000E6021002B10210027C0210021703100284
:1011F000E2021002AD02100278021002C100B0003B
:101200003901B000FA029000C502900090029000EF
:101210005B029000FC02B001C702B0019202B00173
:101220005D02B001910008109200081093000810B0
:101230008E0008108F000810900008108B00081016
:101240008C0008108D000810350008108800081068
:10125000890008108A000810960008108400081001
:1012600094000810380008104001B0004901250022
:1012700049012600490127004901280049012900A8
:10128000B803B001B903B001420204020002040233
:10129000BE0104027C01040236015100F20030005C
:1012A000F2007700F200D100F500D0000F03100229
:1012B000DA021002A502100270021002320331009D
:1012C0003203320025020720E3010720A101072095
:1012D0005F01072026020402E4010402A2010402C5
:1012E0006001040228020402E6010402A4010402CF
:1012F0006201040241020720FF010720BD0107200F
:101300007B01072019022B0038022B003C022B0026
:1013100043022B0047022B00D7012B00F6012B00C4
:10132000FA012B0001022B0005022B0095012B0076
:10133000B4012B00B8012B00BF012B00C3012B000F
:1013400053012B0072012B0076012B007D012B0035
:1013500081012B002F020720ED010720AB010720A0
:101360006901072031020402EF010402AD01040209
:101370006B0104025302A4001102A400CF01A400D7
:101380008D01A4005202A4001002A400CE01A4000A
:101390008C01A4005102A4000F02A400CD01A400FE
:1013A0008B01A400250007202F00071073000810F0
:1013B0007C0008107E0008101F0007202600071080
:1013C00030000710740008107B0008102800072068
:1013D00032000710390008104100071046000510C0
:1013E0004B0008204C0008204F0008105400082033
:1013F000550008202100072029000710330007109E
:101400003A00081040000710470005104A00082065
:101410005000081053000810F6029000C10290001E
:101420008C029000570290001902370138023701F0
:101430003C0237014302370147023701D701370128
:10144000F6013701FA0137010102370105023701C0
:1014500095013701B4013701B8013701BF013701E8
:10146000C30137015301370172013701760137019A
:101470007D013701810137011502B001D301B001AF
:101480009101B0014F01B0012E0007106B00071051
:101490007F00082080000810820007201402F0005E
:1014A000D201F0009001F0004E01F0002B0330005B
:1014B0002F0330002B0354002F0354003600071075
:1014C0003F00081086000820AF00081059001002E5
:1014D0005A001002220008102A00081034000810D8
:1014E0003E0008101B000510670008106800082067
:1014F0001F020720DD0107209B010720590107205B
:1015000020020402DE0104029C0104025A010402CA
:1015100048010402110107202003B001EB02B001D1
:10152000B602B0018102B001060024000D002400C3
:10153000140024006A0008204A01260033015700E5
:1015400033015500330153003501B0001601040288
:10155000FB000402000104020B0104022B0204023E
:10156000E9010402A70104026501040275010620D5
:1015700078013100780132007901062080010620CF
:1015800083013200840106208A010620B70106206B
:10159000BA013100BA013200BB010620C2010620A7
:1015A000C5013200C6010620CC010620F901062043
:1015B000FC013100FC013200FD010620040206207E
:1015C00007023200080206200E0206203B02062017
:1015D0003E0231003E0232003F0206204602062053
:1015E000490232004A020620500206202801081053
:1015F000C500D0002103B001EC02B001B702B00178
:101600008202B0019C0090019D009001F902D0007F
:10161000C402D0008F02D0005A02D000DF005A006E
:10162000DF003900DF005600DF003500DF00520028
:10163000DF003100B6003200BD003200BF003200D2
:1016400030BFC36335030100E5010800350308001E
:10165000850301008503000014000000A847000076
:1016600035030100E501100035031000850301007A
:101670008503000014000000A847000035030100A6
:10168000E5012000350320008503010085030000EB
:1016900014000000D832000000000000B84B000029
:1016A0002508000035080100450801004008000039
:1016B00088090000A506A00B00000000170200002A
:1016C000F00900003702000070050000A80F0000BC
:1016D000000000008702000080020000F009000006
:1016E000B7020000B0020000700500009810000072
:1016F0000846000000000000200300002003000056
:1017000020030000F0090000500300005003000017
:1017100070050000A0060000E0030000C84C0000B7
:10172000100C0000404A0000204C0000480400005B
:101730005835000078360000500A0000500A0000BA
:10174000E001000040020000D70200001400000089
:10175000050800008506C0098006400A80062009A9
:101760000900000018370000A80F000098100000C2
:10177000084600000900000018370000404A000039
:10178000204C00000900000018370000204C000029
:10179000981000000846000009000000F849000009
:1017A000884800005505000065050000450501005A
:1017B00009000000E5010800A506000085150400E9
:1017C00035030300E501080035030800C506A46ED3
:1017D000B83700008503010085030000A038000031
:1017E0002838000009000000D0130000E0060000C7
:1017F000880800001707000068250000F0090000B5
:10180000680900002708000002000000404A0000AC
:10181000204C0000B707000035070300D84E000039
:101820000A00000035070200F8090000A00F0000C0
:101830009010000000000000004600008808000032
:1018400060090000430000005708000078280000ED
:10185000D813000000000000184800000900000034
:1018600060250000E014000070280000B02800008F
:1018700000190000C02B0000002C0000201D0000FB
:10188000102F0000502F00004021000060320000A7
:10189000D813000009000000E01400000900000057
:1018A000F5010100060000088515020085150100FC
:1018B0009515FF03A515010C09000000A8490000BB
:1018C0001848000025050000350500001505010039
:1018D00009000000D50701002506646B3507890D56
:1018E0004507890D85061400D84E00002A00000027
:1018F000250600008506000045070000104800008E
:101900000900000045000000E50186003500840064
:101910004201000043000000B50C0B0082CE010024
:101920004300000068330000283900004500010032
:1019300009000000B50C000009000000B50C000013
:1019400009000000A50B0000F50B0000050C1200BB
:10195000150C0000E50B0000950B0500483B00004E
:101960000620220038420000B50204007502000083
:1019700065024000E5010101B5020101A841000036
:1019800065020000783F0000A8420000D83B00003C
:10199000017C0007F2030000017C0100060040000A
:1019A0004300000001000005283C00000900000081
:1019B000D5080A00E5081A00450285225502FD01F6
:1019C00009000000A5010000D5000000E5000000AE
:1019D000F5002000050100001501000025010000B0
:1019E000350100008501000045010000550100009F
:1019F00065010000750100009501000095000100DF
:101A00007500FF3709000000350A0900550A00007B
:101A1000C50A0800650A3F08250A6000950A01000A
:101A2000250A7F0009000000D83C000002DC050008
:101A300043000000D5000000E50000007500030031
:101A4000020500004300000085000300250000009F
:101A5000180B000025000100E501020075000000E0
:101A600009000000583A0000180E000002050000AE
:101A7000430000008500FF37D50A4F007500FF3F87
:101A80008500FF3F50110000050A6B01050A08019F
:101A9000050AB502E50C0100021400004300000035
:101AA000280F000045030100450302003813000021
:101AB000483B0000184500005845000078440000ED
:101AC000A845000025000000E501000535000005DF
:101AD000E501020015000000020F000043000000B5
:101AE00018430000883A0000E501010035000100BC
:101AF0006201000043000000C80D0000784E0000A5
:101B0000250901009500FF4009000000050D0100B6
:101B1000250D0100150D1500A50A0100450D8700D2
:101B200009000000A50B0000F50A000025022E00A8
:101B300009000000083B000078440000E5011F0098
:101B4000150B1F0038420000C8400000A8420000EA
:101B500006202200E50A0800F50A0000883B000084
:101B600002000000E10300034300000001008002C6
:101B7000283C0000090000003502000015020000AA
:101B8000060220002200000032000000E17F8000F9
:101B900001F400001600000043000000C601000030
:101BA00043000000E715000002000000F8160000E6
:101BB0004300000006001C003502000090160000E3
:101BC000720000000602000072010000F81600001A
:101BD000430000000200000006001C00430000005B
:101BE00043000000E71600000602000002000000AB
:101BF000F816000043000000090000001200000079
:101C000001F4000012000000E17F800026000000C7
:101C100001F4010000008000E17F8000E601000087
:101C200001F4070000008007430000006018000076
:101C300032000000E17F80002600000001F4030074
:101C400000008000E17F8000E601000001F4070051
:101C5000000080074300000006004000160000005E
:101C60004300000026000000000080000600000085
:101C7000060000000600000001748000090000005A
:101C800035020000150200000602200022000000BC
:101C900032000000E17F800001F400001600000027
:101CA00043000000C601000043000000071A0000C6
:101CB00002000000181B00004300000006001C008A
:101CC00035020000B01A0000720000000602000099
:101CD00072010000181B0000430000000200000019
:101CE00006001C004300000043000000071B00002A
:101CF0000602000002000000181B00004300000064
:101D0000090000001200000001F4000012000000B1
:101D1000E17F80002600000001F401000000800047
:101D2000E17F8000E601000001F407000000800769
:101D300043000000801C000032000000E17F8000B2
:101D40002600000001F4030000008000E17F800015
:101D5000E601000001F407000000800743000000D6
:101D600006004000160000004300000026000000AE
:101D700000008000060000000600000006000000D1
:101D80000174800009000000350200001502000007
:101D9000060220002200000032000000E17F8000E7
:101DA00001F400001600000043000000C60100001E
:101DB00043000000271E000002000000381F000042
:101DC0004300000006001C0035020000D01E000089
:101DD000720000000602000072010000381F0000BF
:101DE000430000000200000006001C004300000049
:101DF00043000000271F0000060200000200000050
:101E0000381F00004300000009000000120000001D
:101E100001F4000012000000E17F800026000000B5
:101E200001F4010000008000E17F8000E601000075
:101E300001F407000000800743000000A02000001C
:101E400032000000E17F80002600000001F4030062
:101E500000008000E17F8000E601000001F407003F
:101E6000000080074300000006004000160000004C
:101E70004300000026000000000080000600000073
:101E80000600000006000000017480000900000048
:101E900035020000150200000602200022000000AA
:101EA00032000000E17F800001F400001600000015
:101EB00043000000C601000043000000472200006C
:101EC00002000000582300004300000006001C0030
:101ED00035020000F022000072000000060200003F
:101EE00072010000582300004300000002000000BF
:101EF00006001C00430000004300000047230000D0
:101F00000602000002000000582300004300000009
:101F1000090000001200000001F40000120000009F
:101F2000E17F80002600000001F401000000800035
:101F3000E17F8000E601000001F407000000800757
:101F400043000000C024000032000000E17F800058
:101F50002600000001F4030000008000E17F800003
:101F6000E601000001F407000000800743000000C4
:101F7000060040001600000043000000260000009C
:101F800000008000060000000600000006000000BF
:101F9000017480000900000098130000F50B000098
:101FA000050C0000150C0000E50B0000950B00006F
:101FB000E50A0000050200000620020010340000BF
:101FC000050B0000050B0C00050B0000150B0000B5
:101FD000250B0000350B0100450B0000550B0000E0
:101FE000650B000038420000B502040075020000D5
:101FF00065020000E5010900B5020900A8410000E2
:1020000065020000E5014100B5024100A841000061
:1020100065020000783E0000B50204007502000071
:1020200065020000E5010101B5020101A8410000BF
:1020300065020000783F0000A84200001828000058
:102040000900000015095D00F508BD00E50100204C
:10205000F508002001000000090000000100000553
:10206000283C0000004E000009000000981300000A
:10207000F50B0000050C0000150C0000E50B00003E
:10208000950B0000E50A0000050200000620020092
:1020900010340000050B0000050B0C00050B0000C0
:1020A000150B0000250B0000350B0100450B00004F
:1020B000550B0000650B000038420000B50204001B
:1020C0007502000065020000E5010900B502090083
:1020D000A841000065020000E5014100B502410091
:1020E000A841000065020000783E0000B50204002F
:1020F0007502000065020000E5010101B502010161
:10210000A841000065020000783F0000A8420000DE
:10211000682B00000900000015095D00F508BD00EE
:10212000E5010020F5080020010000000900000082
:1021300001000005283C0000004E000009000000DE
:1021400098130000F50B0000050C0000150C0000B2
:10215000E50B0000950B0000E50A000005020000F9
:102160000620020010340000050B0000050B0C00D7
:10217000050B0000150B0000250B0000350B0100BE
:10218000450B0000550B0000650B000038420000B5
:10219000B50204007502000065020000E5010900B7
:1021A000B5020900A841000065020000E5014100F8
:1021B000B5024100A841000065020000783E000021
:1021C000B50204007502000065020000E50101018E
:1021D000B5020101A841000065020000783F00003F
:1021E000A8420000B82E00000900000015095D009B
:1021F000F508BD00E5010020F50800200100000001
:102200000900000001000005283C0000004E00000D
:102210000900000098130000F50B0000050C0000F9
:10222000150C0000E50B0000950B0000E50A00000E
:10223000050200000620020010340000050B00001B
:10224000050B0C00050B0000150B0000250B000012
:10225000350B0100450B0000550B0000650B00001D
:1022600038420000B502040075020000650200005B
:10227000E5010900B5020900A8410000650200005F
:10228000E5014100B5024100A841000065020000DF
:10229000783E0000B50204007502000065020000EF
:1022A000E5010101B5020101A8410000650200003D
:1022B000783F0000A842000008320000090000003A
:1022C00015095D00F508BD00E5010020F5080020B6
:1022D000010000000900000001000005283C00008A
:1022E000004E000009000000E5013100C508200093
:1022F000090000006503C000B5070200B5082A0008
:10230000A83200000900000055080200F505010090
:10231000350C040009000000D50701002506E40083
:1023200065070600E507080045061400D84E0000C2
:102330000A000000F848000028490000650727004F
:1023400009000000350C0200350C0300E501010016
:10235000050B0100E5010200D50A0000A200000003
:102360004300000009000000E5010800A506000088
:1023700025030300E501080025030800C506046FD6
:10238000B8370000950301009503000028380000CD
:102390000900000015080000E5010800A506080076
:1023A000D84E00002A0000000900000025080000A7
:1023B000250600003507030045070300D84E00003E
:1023C0000A000000090000002508010009000000C3
:1023D000F50101100600000809000000E5010400F5
:1023E00085060400D50701002506C46DD84E0000FF
:1023F0002A000000090000002506000085060000F4
:1024000009000000E8360000184800008848000075
:1024100009000000E501100035031000090000006C
:10242000E50110002503100009000000D507010098
:1024300025061400D84E00002A00000025060000E2
:10244000C506000009000000E5061800D84E00008F
:102450000A000000E50600003508010088090000B8
:10246000A506A00B0900000005071800D84E0000C3
:102470000A0000000507000045080100483600007A
:10248000A506406909000000E501860035008400CA
:102490004201000043000000E5010300B50C01000B
:1024A0006200000043000000D50701002506E4009B
:1024B00065070600E507080045061800D84E00002D
:1024C0000A000000F84800002849000065072700BE
:1024D00009000000E5010300B50C0300090000003D
:1024E00068330000E50102003500020062010000CF
:1024F00043000000E50184003500000009000000F1
:102500001502360005020E0025022E00090000000B
:102510001502360005020E00250293000900000096
:1025200015094D00F5089D00E5010020F508002083
:102530000900000015095D00F508BD00E501002057
:10254000F508002009000000E5010020F508000062
:10255000000000000000000025000100E50102006D
:102560001500020025000000E50102001500000032
:102570000900000065007F00090000006500000000
:10258000090000007500010009000000D5000000EE
:10259000E50102009500020009000000A50100000D
:1025A000E5000000F5002000050100001501000015
:1025B000250100003501000045010300550103001D
:1025C0008501030065010300750103009501030007
:1025D000E501F77F9500F57F09000000E501FF01A7
:1025E0006502E001E5011100B5021100A8410000FB
:1025F000E501FF016502FF01E5012100B5022100AF
:10260000A8410000E501FF016502F801E501810034
:10261000B5028100A841000009000000E501FF01AA
:102620006502C001E5010102B5020102A8410000F6
:10263000E501FF016502FF01E5010104B5020104A6
:10264000A8410000E501FF016502F801E50101086C
:10265000B5020108A8410000E501FF016502FF0184
:10266000E5010110B5020110A841000009000000B9
:10267000B50204006502003FB5020D00F8410000FC
:102680006502C0FFB5021500F84100006502F0FFC9
:10269000B5028500F84100006502FFFFB502250084
:1026A000F841000009000000B208000043000000EB
:1026B000E501F91FB502000009000000B2080000A2
:1026C00043000000B502040009000000E501000518
:1026D00035000000E501001835000018E50100058F
:1026E0003500000509000000E50100053500000087
:1026F000E501001835000000E50100053500000582
:1027000009000000450A0100450A000065070300B2
:10271000D50708002506140058490000A847000006
:1027200025073900F50400000505803EE504010099
:10273000D84E00000A000000A8470000F84800003A
:102740006507000009000000250A0000950A000046
:10275000250A0000650A000009000000050B0000C2
:10276000050B0C00050B0000150B1F00250B0000CE
:10277000350B0100450B0000550B0000650B0000F8
:1027800009000000F50B0000050C0E00150C000000
:1027900009000000950B0700A50B0400E50A0700DF
:1027A000F50A040009000000D50B0500B50B030075
:1027B00009000000D50B0500B50B00000900000062
:1027C00038420000B5020400750200006502C03FF7
:1027D000E5010101B5020101A8410000650200FE0A
:1027E000783F0000A8420000483B0000062022007D
:1027F000D83B0000F5090100E5010003950900013F
:1028000001F40000D50B0500024B0000430000005E
:10281000D50B0900F5090000E5010003950900004A
:10282000283C00000900000025070000B505010054
:102830006200000043000000B5050000E504000050
:102840000900000035070000C50501006200000016
:1028500043000000C5050000150500000900000048
:1028600045070000D505010062000000430000009C
:10287000D505000045050000090000002506000000
:10288000D50700000900000045060000E50700002C
:102890000900000015000400E501080035000000F3
:1028A000150000000900000015000800E5011000F7
:1028B00035000000150000000900000015001000A0
:1028C000E5012000350000001500000009000000AF
:1028D00095000100E50C00002509000028390000E2
:1028E00025000100E501020015000200E5010600D7
:1028F00085000000E501060075000000D8450000D5
:10290000984E0000E5010100350000006201000062
:102910004300000028440000D50A000085000100A3
:10292000183D0000783D0000090000002833000039
:10293000C500000095140000783D0000383D0000FF
:10294000F80B000009000000D80B0000E5010100B1
:1029500085000000E501010075000000383D000021
:10296000E501020015000000F83C0000090000002D
:10297000950C1300750C3800850C0200150236000A
:1029800005020E0025022E00062022001509ED008A
:10299000F508DD01E5010020F50800200100000533
:1029A000010001050100000506004000283C000070
:1029B000750C0000850C0000950C0000090000005B
:1029C000350C0000350C0400E5010100050B00008A
:1029D000E5010200D50A020009000000450DFF00D4
:1029E00009000000450D0000A50A0000050D0000CB
:1029F0000900000052000000430000000900000030
:102A000000000000000000000000000000000000C6
:102A100000000000000000000000000000000000B6
:102A200000000000000000000000000000000000A6
:102A30000000000000000000000000000000000096
:102A40000000000000000000000000000000000086
:102A50000000000000000000000000000000000076
:102A60000000000000000000000000000000000066
:102A70000000000000000000000000000000000056
:102A80000000000000000000000000000000000046
:102A90000000000000000000000000000000000036
:102AA0000000000000000000000000000000000026
:102AB0000000000000000000000000000000000016
:102AC000000000000000000000000000496E766178
:102AD0006C696420737562737765657020696E64D4
:102AE00065780000636F6E6669670000496E766105
:102AF0006C696420636F6E6669672068616E646CE0
:102B000065000000496E76616C69642070726F63C5
:102B1000657373696E672068616E646C65000000A0
:102B200070726F63657373696E670000496E7661DA
:102B30006C69642073656E736F722068616E646C7B
:102B40006500000073656E736F720000253032758A
:102B50003A253032753A253032752E2530337520BE
:102B60002825632920282573292025730A000000C1
:102B7000455749564400000053707572696F75736C
:102B8000206576656E74207265636569766564207C
:102B90007768656E20444F4E452065787065637494
:102BA0006564212052656365697665642065766594
:102BB0006E7420636F6465203D2025640000000072
:102BC00063616C6962726174696F6E5F6131323129
:102BD0005F63616C5F73657373696F6E0000000003
:102BE0006163635F696E746567726174696F6E5F5C
:102BF0007365745F706572696F6469635F77616B39
:102C0000657570206D7573742062652063616C6CEE
:102C10006564207072696F7220746F2063616C6CE0
:102C2000696E6720746869732066756E6374696F76
:102C30006E000000496E76616C69642063616C69A6
:102C400062726174696F6E002D2D2D2D2D2D204225
:102C50004547494E202D2D2D2D2D2D2053656E736A
:102C60006F7220537461747573204C6F67202D2D23
:102C70002D2D2D2D20424547494E202D2D2D2D2D1A
:102C80002D00000073656E736F725F7374617475ED
:102C9000735F6131323100005B256C755D202573F7
:102CA0003A20307825303468780000002D2D2D2D05
:102CB0002D2D2D20454E44202D2D2D2D2D2D2D201B
:102CC00053656E736F7220537461747573204C6F0B
:102CD00067202D2D2D2D2D2D2D20454E44202D2DC1
:102CE0002D2D2D2D2D0000006163635F73656E73C4
:102CF0006F725F68696265726E6174655F6F6E2086
:102D00006661696C656400006163635F73656E731F
:102D10006F725F68696265726E6174655F6F666627
:102D2000206661696C656400657869745F686962D2
:102D300065726E617465206661696C65640000008F
:102D40006163635F73656E736F725F6D65617375E9
:102D50007265206661696C656400000053656E737E
:102D60006F7220696E746572727570742074696D0B
:102D7000656F7574000000004275666665722073A9
:102D8000697A6520746F6F20736D616C6C00000050
:102D900053656E736F7220256C75204E6F207065C1
:102DA0006E64696E6720696E746572727570740006
:102DB00072616461725F656E67696E655F61313211
:102DC0003100000053656E736F7220256C752065AD
:102DD00076656E74206973206E6F742048414E448E
:102DE0005348414B45205B307825785D000000005A
:102DF000496E76616C696420627566666572206CE6
:102E0000656E67746800000073656E736F725F6350
:102E10006F6D6D5F61313231000000005472616E80
:102E20007366657220646174612066726F6D2073D1
:102E3000656E736F7220746F20686F7374206661A3
:102E4000696C6564000000006163635F73656E73A5
:102E50006F725F72656164206661696C6564000011
:102E6000656E7465725F68696265726E6174652013
:102E70006661696C65640000496E76616C69642006
:102E800062756666657220696E7075740000000078
:102E9000496E76616C6964207265666572656E6301
:102EA00065206672657175656E6379202573256C82
:102EB000752E2530366C7520487A00006370645F8B
:102EC000706C6C5F64697669736F727300000000E8
:102ED00053656E736F722063616C696272617469AD
:102EE0006F6E2073746570202564206661696C655F
:102EF0006400000063616C6962726174696F6E5F87
:102F0000613132310000000074727565000000000C
:102F100066616C7365000000756E6B6E6F776E0096
:102F20004163636F6E65657220736F66747761725B
:102F3000652076657273696F6E2025730A00000044
:102F40000A5061726B696E6720636F6E6669673ADB
:102F5000000000007072657365743A2025730A00E2
:102F60006672616D655F726174653A202573256CC8
:102F7000752E2530366C750A000000006F62737480
:102F800072756374696F6E5F646574656374696F8D
:102F90006E5F656E61626C65643A2025730A00009D
:102FA0000A43617220636F6E6669673A0000000031
:102FB00072616E67655F73746172745F6D3A20252C
:102FC00073256C752E2530366C750A0072616E673C
:102FD000655F656E645F6D3A202573256C752E25DF
:102FE00030366C750A00000071756575655F6C653B
:102FF0006E6774685F6E3A202568750A00000000ED
:10300000616D706C69747564655F7468726573680E
:103010006F6C643A202573256C752E2530366C75DF
:103020000A00000077656967687465645F646973A6
:1030300074616E63655F7468726573686F6C645FFA
:103040006D3A202573256C752E2530366C750A0077
:103050007369676E61747572655F73696D696C61C0
:10306000726974795F7468726573686F6C643A2012
:103070002573256C752E2530366C750A000000000E
:103080000A4F62737472756374696F6E20636F6E3A
:103090006669673A000000007468726573686F6C57
:1030A000643A202573256C752E2530366C750A0020
:1030B00074696D655F636F6E7374616E743A202519
:1030C00073256C752E2530366C750A000A53656EB3
:1030D000736F7220636F6E6669673A007377656518
:1030E000705F726174653A202573256C752E2530EA
:1030F000366C75006672616D655F726174653A2049
:103100002573256C752E2530366C750073776565D3
:1031100070735F7065725F6672616D653A202568D5
:1031200075000000636F6E74696E756F75735F7301
:10313000776565705F6D6F64653A202573000000E8
:10314000646F75626C655F627566666572696E67ED
:103150003A20257300000000696E7465725F667224
:10316000616D655F69646C655F73746174653A2055
:1031700025730000696E7465725F73776565705FB3
:1031800069646C655F73746174653A20257300002F
:103190006E756D5F7375627377656570733A202520
:1031A00068750000202073756273776565703A203A
:1031B000256C75002020202073746172745F706F1D
:1031C000696E742020202020202020202020202014
:1031D000203A20256C690000202020206E756D5F4C
:1031E000706F696E74732020202020202020202002
:1031F00020202020203A2025687500002020202053
:10320000737465705F6C656E677468202020202081
:103210002020202020202020203A20256875000032
:10322000202020206877616173202020202020202A
:10323000202020202020202020202020203A20256F
:1032400068750000202020207265636569766572CC
:103250005F6761696E202020202020202020202010
:10326000203A20256875000020202020656E6162CC
:103270006C655F74782020202020202020202020D2
:1032800020202020203A202573000000202020202C
:1032900070686173655F656E68616E63656D656EAC
:1032A0007420202020202020203A202573000000B8
:1032B0002020202069715F696D62616C616E6365B9
:1032C0005F636F6D70656E736174696F6E3A202510
:1032D0007300000020202020656E61626C655F6CC9
:1032E0006F6F706261636B202020202020202020DF
:1032F000203A2025730000002020202070726F6685
:10330000696C6520202020202020202020202020E3
:1033100020202020203A202573000000202020209B
:1033200070726620202020202020202020202020B5
:103330002020202020202020203A2025730000007B
:10334000706970656C696E655F61313231000000D3
:103350004661696C656420746F20676574207261D2
:1033600064617220656E67696E65206D6574616465
:1033700061746100706970656C696E655F73756218
:103380007377656570000000506970656C696E65E3
:10339000206E6F742070726F7065726C792061732B
:1033A00073656D626C656400417373656D626C6515
:1033B00020737562737765657020706970656C69DC
:1033C0006E65206661696C6564000000656C656D02
:1033D000656E745F6672616D65000000556E65789C
:1033E00070656374656420617369635F69642066F6
:1033F0006F756E64203D20307825780073656E739C
:103400006F725F70726F746F636F6C5F61313231B6
:103410000000000053656E736F7220697320696E3F
:103420002077726F6E67207374617465000000000E
:103430007265665F6170705F7061726B696E675F05
:1034400068616E646C655F637265617465282920CC
:103450006661696C656400007265665F6170705FCB
:103460007061726B696E675F73656E736F725F63B5
:10347000616C6962726174696F6E28292066616986
:103480006C6564006163635F73656E736F725F7018
:103490007265706172652829206661696C656400D7
:1034A0007265665F6170705F7061726B696E675F95
:1034B0006E6F6973655F63616C6962726174696F75
:1034C0006E2829206661696C656400007265665F1C
:1034D0006170705F7061726B696E675F6F62737449
:1034E00072756374696F6E5F63616C696272617437
:1034F000696F6E2829206661696C656400000000B0
:103500006163635F73656E736F725F707265706124
:103510007265206661696C65640000007265665FB3
:103520006170705F7061726B696E675F73656E73F7
:103530006F725F70726570617265282920666169BB
:103540006C6564007265665F6170705F7061726B5C
:10355000696E675F6D6561737572652829206661A4
:10356000696C6564000000004461746120736174DB
:103570007572617465642E2054727920746F2072A4
:103580006564756365207468652073656E736F721A
:10359000206761696E2E0000546865206375727241
:1035A000656E742063616C6962726174696F6E200C
:1035B0006973206E6F742076616C696420666F7227
:1035C000207468652063757272656E742074656D11
:1035D00070657261747572652E00000052652D630E
:1035E000616C6962726174696E672073656E736F76
:1035F000722E2E2E000000006F6273747275637459
:10360000696F6E5F64657465637465643A202573E1
:103610000A0000006361725F6465746563746564C9
:103620003A2025730A0000005468652073656E73A4
:103630006F7220776173207375636365737366754A
:103640006C6C792072652D63616C6962726174655E
:10365000642E00007265665F6170705F7061726BEE
:10366000696E675F68616E646C655F696E646963EB
:103670006174696F6E732829206661696C656400E6
:103680004672616D652064656C617965642E2043C6
:103690006F756C64206E6F74207265616420646164
:1036A0007461206661737420656E6F7567682E00A3
:1036B000547279206C6F776572696E6720746865E3
:1036C000206672616D652072617465206F7220637F
:1036D000616C6C20276163635F73656E736F725FEB
:1036E0007265616427206D6F726520667265717501
:1036F000656E746C792E000041736963206964659E
:103700006E746974793A0000537461636B5F6C6521
:1037100076656C5F7374617475735F7265676973E6
:1037200074657200496E746572727570742073747A
:103730006174757320726567697374657200000047
:10374000444545505F534C4545500000534C45455A
:1037500050000000524541445900000050524F466D
:10376000494C455F3100000050524F46494C455F7F
:103770003200000050524F46494C455F3300000074
:1037800050524F46494C455F3400000050524F465E
:10379000494C455F3500000031392E354D487A00DF
:1037A00031352E364D487A0031332E304D487A006F
:1037B000382E374D487A0000362E354D487A0000B5
:1037C000352E324D487A00004E6F6E6500000000C5
:1037D00047726F756E640000506F6C6500000000EA
:1037E000546F6F206C617267652073656E736F72C2
:1037F00020627566666572207573616765000000FA
:1038000072756E6E696E670073746F7070656400B8
:103810005B256C755D2053656E736F722025734058
:10382000256875005B256C755D2053637261746358
:103830006870616420636F6E666967202568753AF9
:103840002030782530346878000000005B256C75E6
:103850005D2077616B6575705F737461747573302B
:103860003A20307825303468780000005B256C758C
:103870005D20696E7075746D75785F77616B6575C5
:10388000705F696E7075742568755F636F6E6669C9
:10389000673A203078253034687800005B256C75F5
:1038A0005D2077616B6575705F696E7075742568F2
:1038B000755F77616B6575705F636F6E6669673A98
:1038C00020416464723D2568753A20307825303493
:1038D000687800005B256C755D2077616B6575709D
:1038E0005F696E7075742568755F61636B5F636F88
:1038F0006E6669673A20202020416464723D256825
:10390000753A203078253034687800005B256C7576
:103910005D20537461636B206C6576656C2025684F
:10392000753A20416464723D2568753A20256875B2
:10393000000000005B256C755D20417369632065A4
:1039400072726F723A203078253034687800000047
:103950005B256C755D2020204552524F523A202540
:10396000730000005374617465206E6F742075736A
:103970006564000053637261746368206973207525
:1039800073656420627574206E6F742073657400B3
:103990005363726174636820616E64207374617430
:1039A00065206E6F7420757365640000656C656DCD
:1039B000656E745F73696E6B5F613132315F636135
:1039C0006C6C6261636B00004F757470757420637A
:1039D000616E206E6F742062652073657420666F5F
:1039E000722073696E6B20656C656D656E74000086
:1039F000496E76616C6964206E756D626572206FC8
:103A00006620737562737765657073007472616E9A
:103A1000736C6174696F6E5F613132310000000058
:103A2000496E76616C69642073776565705F726159
:103A300074650000656E61626C655F636361206E32
:103A40006F742076616C6964207769746820646F94
:103A500075626C655F627566666572696E670000A7
:103A6000537562737765657020256875206861738A
:103A700020696E76616C6964205052460000000037
:103A8000496E76616C6964206672616D655F726112
:103A900074650000496E76616C69642073657474A6
:103AA000696E677320666F7220636F6E74696E75DE
:103AB0006F75735F73776565705F6D6F6465000028
:103AC000696E7465725F6672616D655F69646C656D
:103AD0005F7374617465206D757374206265207402
:103AE00068652073616D65206F722064656570651F
:103AF00072207468616E20696E7465725F73776599
:103B000065705F69646C655F737461746500000063
:103B1000496E76616C696420696E7465725F667265
:103B2000616D655F69646C655F73746174650000E5
:103B3000496E76616C696420696E7465725F737733
:103B40006565705F69646C655F73746174650000BE
:103B5000496E76616C69642068776161730000006A
:103B6000496E76616C696420636F6D62696E617421
:103B7000696F6E206F66206C6F6F706261636B207F
:103B8000616E642070726F66696C6500496E766163
:103B90006C696420636F6D62696E6174696F6E2019
:103BA0006F662070726F66696C6520616E6420704C
:103BB00072660000496E76616C69642070726F668F
:103BC000696C6500496E76616C6964207374657018
:103BD0005F6C656E67746800496E76616C6964201D
:103BE0006E756D5F706F696E7473000070686173DD
:103BF000655F656E68616E63656D656E74206E6F7E
:103C0000742076616C696420776974686F757420BC
:103C100073756274726163745F696E5F6275666604
:103C200065720000496E76616C696420737461721C
:103C30007420706F696E7400496E76616C696420DF
:103C40006E756D626572206F6620706F696E747339
:103C5000206F722073746570206C656E67746800E5
:103C6000496E76616C69642070726600537461728B
:103C70007420706F696E74206F722072616E676558
:103C800020746F6F206661720000000053746172CF
:103C90007420706F696E7420746F6F20636C6F7323
:103CA00065000000496E76616C6964207265636529
:103CB000697665725F6761696E000000496E7661C2
:103CC0006C696420545820706F7765722061747439
:103CD000656E756174696F6E000000004661696C05
:103CE000656420746F2063616C63756C617465201A
:103CF00070756C7365736861706572207365747438
:103D0000696E677321000000546865206D617869F1
:103D10006D756D20737765657020726174652069BB
:103D200073202564000000004C6F61643A205472D7
:103D3000616E736665722073697A65206973207499
:103D40006F206C617267650053656E736F7220251A
:103D50006C75206E6F7420726561647920666F7275
:103D60002072756E6E696E672061206E65772070B7
:103D7000726F6772616D0000496E76616C696420D4
:103D80006275666665722073656E736F7220256C4E
:103D90007500000047656E657269633120496E7475
:103DA00065727275707420616C72656164792063EC
:103DB0006C6561726564206F6E2073656E736F72DF
:103DC00020256C75000000004E6F206576656E74CE
:103DD00020636F6465205B307825785D20726563B1
:103DE00065697665642066726F6D2073656E736FAA
:103DF0007220256C750000004572726F7220657626
:103E0000656E7420636F6465205B307825785D2073
:103E100072656365697665642066726F6D2073658F
:103E20006E736F7220256C7500000000496E76611C
:103E30006C6964206576656E7420636F6465205BD1
:103E4000307825785D2072656365697665642066E3
:103E5000726F6D2073656E736F7220256C75000034
:103E60004F66667365743A20256875204D6F6469E6
:103E700066792076616C7565203D20256C7520740F
:103E80006F6F206C6172676520286D6178696D7550
:103E90006D20256C75290000636F6E6670726F6708
:103EA00072616D00496E76616C6964206461746151
:103EB000206F627461696E656420666F7220706144
:103EC000746368696E6700004E6F7420706F73735F
:103ED00069626C6520746F207265636F6E666967D6
:103EE000757265207768656E20646F75626C6520F9
:103EF000627566666572696E6720697320636F6EAE
:103F0000666967757265640053656E736F7220250C
:103F10006C75206E6F7420726561647920746F20F7
:103F20006265207570646174656400006370645F2D
:103F3000613132315F6D6561735F73657373696F92
:103F40006E000000556E61636B6E6F776C65646721
:103F50006564206576656E74206465746563746558
:103F600064206F6E2073656E736F7220256C750010
:103F700053656E736F7220256C75206E6F7420729E
:103F80006561647920666F72206C6F6164696E6729
:103F90002061206E65772070726F6772616D00001E
:103FA0004F7574206F66206D656D6F72790000002B
:103FB0007273735F696E746567726174696F6E00A6
:103FC0004C6F61642070726F6772616D2066616909
:103FD0006C656400416464726573733A202568758A
:103FE000204D6F646966792076616C7565203D208F
:103FF000256C7520746F6F206C6172676520286D69
:104000006178696D756D20256C752900496E766142
:104010006C69642064617461206F627461696E65AB
:104020006420666F72206C697665207061746368C5
:10403000696E6700646F6E655F6572726F72000013
:10404000737461636B5F6F766572666C6F77000087
:10405000737461636B5F756E646572666C6F770015
:104060007370695F756E6B6E6F776E5F636D640002
:104070007370695F6D697373696E675F61636B000D
:104080006164635F6669666F5F66756C6C000000F3
:104090006164635F746F6F5F66617374000000003A
:1040A000000FC93F000F494000CB9640000FC940A8
:1040B0000053FB4000CB164100ED2F41000F49415A
:1040C0000031624100537B41003A8A4100CB964166
:1040D000005CA34100EDAF41007EBC41000FC9412F
:1040E00000A0D5410031E24100C2EE410053FB4146
:1040F00000F20342003A0A420083104200CB16420B
:1041000000141D42005C234200A5294200ED2F420D
:1041100000363642007E3C4200C74242000F494210
:10412000A2000000F9000000830000006E00000003
:104130004E000000440000001500000029000000AF
:10414000FC0000002700000057000000D100000024
:10415000F500000034000000DD000000C000000099
:10416000DB000000620000009500000099000000E4
:104170003C000000430000009000000041000000EF
:10418000FE0000005100000063000000AB000000D2
:10419000DE000000BB000000C50000006100000060
:1041A000B7000000240000006E0000003A0000008C
:1041B000420000004D000000D2000000E0000000BE
:1041C00006000000490000002E000000EA00000088
:1041D00009000000D1000000920000001C00000057
:1041E000FE0000001D000000EB0000001C000000AD
:1041F000B100000029000000A70000003E00000000
:10420000E80000008200000035000000F50000001A
:104210002E000000BB0000004400000084000000ED
:10422000E90000009C000000700000002600000073
:10423000B40000005F0000007E00000041000000AC
:104240003900000091000000D60000003900000095
:10425000830000005300000039000000F40000005B
:104260009C000000840000005F0000008B00000044
:10427000BD000000F9000000280000003B00000025
:104280001F000000F800000097000000FF00000081
:10429000DE00000005000000980000000F00000094
:1042A000EF0000002F000000110000008B00000054
:1042B0005A0000000A0000006D0000001F0000000E
:1042C0006D000000360000007E000000CF000000FE
:1042D00027000000CB00000009000000B70000002C
:1042E0004F000000460000003F0000006600000094
:1042F0009E0000005F000000EA0000002D000000AA
:104300007500000027000000BA000000C700000090
:10431000EB000000E5000000F10000007B00000061
:104320003D0000000700000039000000F700000019
:104330008A0000005200000092000000EA00000025
:104340006B000000FB0000005F000000B1000000F7
:104350001F0000008D0000005D000000080000004C
:10436000560000000300000030000000460000007E
:10437000FC0000007B0000006B000000AB000000B0
:10438000F0000000CF000000BC0000002000000092
:104390009A000000F4000000360000001D0000003C
:1043A000A9000000E300000091000000610000008F
:1043B0005E000000E60000001B0000000800000096
:1043C0006500000099000000850000005F0000000B
:1043D00014000000A0000000680000004000000081
:1043E0008D000000FF000000D800000080000000E9
:1043F0004D000000730000002700000031000000A5
:104400000600000006000000150000005600000035
:10441000CA00000073000000A8000000C9000000EE
:1044200060000000E20000007B000000C00000000F
:104430008C0000006B0000000000C93F0000F03954
:104440000000DA370000A2330000842E0000502B59
:104450000000C2270000D0220000C41F0000C61BBD
:1044600000004417040000000700000009000000DD
:10447000D1F71737D1F717B78071313F807131BF4E
:084480000000003F000000BF36
:08448800DC57FF7F010000007A
:08449000DD9C000800000000A3
:08449800B59C000800000000C3
:1044A00000093D00100000006262615F63616C5FA3
:1044B0006374726C5B785D0074785F667265715FBF
:1044C0006B687A5B785D00002C0000200000000023
:1044D0009C040020040500206C0500200000000062
:1044E00000000000000000000000000000000000CC
:1044F00000000000000000000000000000000000BC
:1045000000000000000000000000000000000000AB
:084510000000000000000000A3
:040000050800BEB57C
:00000001FF
