# Object Export From Tinkercad Server 2015

mtllib obj.mtl

o obj_0
v 60 		6.027 		77
v 60 		6.027 		39.2
v 60 		6.004 		39.2
v 58 		8.621 		70.881
v 60 		6.004 		2
v -60.888 		14.102 		2
v -60.951 		13.916 		2
v 60 		4.027 		2
v -60.801 		14.278 		2
v -57.75 		65.558 		2
v -57.75 		65.558 		5
v -64 		11.833 		68.907
v 54 		10.102 		37.888
v 54 		9.916 		37.951
v -58.161 		65.761 		2
v 54 		9.723 		37.99
v 60 		12.035 		39.2
v 60 		12.035 		39.2295
v 60 		12.033 		39.239
v 60 		12.033 		62.762
v 54 		9.527 		38.003
v 60 		12.035 		62.7713
v 54 		83.925 		35.112
v -64 		11.82 		69.104
v 60 		12.035 		63
v 58 		8.776 		66.199
v -64 		11.833 		69.3
v 58 		8.612 		66.308
v 58 		8.465 		66.438
v 58 		8.335 		66.585
v 58 		8.226 		66.749
v -64 		11.872 		69.492
v -60.692 		14.442 		2
v 58 		8.226 		68.251
v 58 		8.335 		68.415
v -60.562 		14.59 		2
v 58 		8.465 		68.562
v 58 		8.612 		68.692
v 58 		8.776 		68.801
v -60.415 		14.719 		2
v 58 		6.496 		65.75
v 58 		6.294 		66.161
v -60.251 		14.828 		2
v 58 		6.146 		66.594
v 58 		6.057 		67.043
v -60.075 		14.915 		2
v 58 		6.027 		67.5
v 60 		12.6597 		63
v 60 		12.733 		63.002
v 58 		6.057 		67.957
v -59.889 		14.978 		2
v 58 		6.146 		68.406
v -59.696 		15.017 		2
v 58 		6.294 		68.839
v 58 		6.496 		69.25
v -59.5 		15.03 		2
v 58 		6.75 		69.631
v 58 		7.052 		69.975
v 58 		7.396 		70.277
v -58.199 		14.278 		2
v 58 		7.777 		70.531
v 58 		8.188 		70.734
v -58.112 		14.102 		2
v 54 		84.5 		34.998
v 54 		84.696 		35.01
v -58.049 		13.916 		2
v 54 		84.889 		35.049
v -58.01 		13.723 		2
v 58 		8.139 		66.925
v 58 		8.076 		67.111
v 58 		8.038 		67.304
v 58 		8.025 		67.5
v -57.998 		13.527 		2
v 58 		8.038 		67.696
v -58.01 		13.331 		2
v 58 		8.076 		67.889
v 58 		8.139 		68.075
v -58.049 		13.138 		2
v 60 		12.0417 		39.2
v 58 		8.621 		64.119
v -58.112 		12.952 		2
v 58 		8.188 		64.266
v 58 		7.777 		64.469
v -58.199 		12.776 		2
v 58 		7.396 		64.723
v 60 		12.8052 		39.2
v 60 		12.817 		39.199
v 58 		7.052 		65.025
v -58.308 		12.612 		2
v 58 		6.75 		65.369
v -58.438 		12.465 		2
v -58.161 		65.761 		5
v 58 		6.027 		2
v 60 		12.238 		39.069
v -58.585 		12.335 		2
v 60 		12.166 		39.097
v 60 		12.109 		39.13
v 60 		12.067 		39.164
v 58 		8.226 		37.251
v 58 		8.335 		37.415
v 58 		8.465 		37.562
v 58 		8.612 		37.692
v 58 		8.776 		37.801
v 58 		6.027 		39.2
v 58 		6.057 		36.957
v -59.304 		15.017 		2
v 58 		6.146 		37.406
v 60 		12.516 		39.01
v 58 		6.294 		37.839
v -59.111 		14.978 		2
v 60 		12.415 		39.025
v 58 		6.496 		38.25
v 60 		12.321 		39.044
v -58.925 		14.915 		2
v 58 		6.75 		38.631
v 58 		7.052 		38.975
v 60 		12.733 		38.999
v 60 		12.623 		39.001
v -58.749 		14.828 		2
v -58.585 		14.719 		2
v 58 		8.076 		36.889
v 58 		8.139 		37.075
v -58.438 		14.59 		2
v 60 		12.926 		39.196
v 58 		8.621 		33.119
v -58.308 		14.442 		2
v 58 		8.776 		35.199
v 58 		8.612 		35.308
v 58 		8.465 		35.438
v 58 		8.335 		35.585
v 58 		8.226 		35.749
v 60 		90 		2
v 60 		87.938 		2
v 58 		8.188 		33.266
v 60 		82.037 		39.239
v 60 		82.035 		39.2306
v 60 		82.035 		39.2
v 54 		84.111 		35.049
v 60 		82.035 		62.7702
v 60 		82.037 		62.762
v 54 		84.304 		35.01
v 60 		87.938 		39.2
v 60 		88 		39.2
v 60 		82.035 		63
v 60 		88 		63
v 60 		87.961 		63
v 60 		87.961 		77
v -64 		45.353 		69.56
v -51 		15.557 		28.706
v -64 		45.323 		69.104
v -51 		15.354 		29.116
v -64 		45.353 		68.647
v 60 		81.337 		63.002
v -51 		15.1 		29.497
v -64 		45.442 		68.198
v 58 		7.777 		33.469
v -51 		14.798 		29.841
v 60 		81.4097 		63
v -64 		45.589 		67.764
v 58 		7.396 		33.723
v -51 		14.454 		30.143
v 58 		7.052 		34.025
v -64 		45.792 		67.354
v 58 		6.75 		34.369
v -51 		14.073 		30.397
v -64 		46.046 		66.973
v 58 		6.496 		34.75
v -51 		13.662 		30.6
v 58 		6.294 		35.161
v -64 		46.348 		66.629
v 58 		6.146 		35.594
v -64 		46.692 		66.327
v -51 		13.229 		30.747
v 58 		6.057 		36.043
v 58 		6.027 		36.5
v -51 		12.78 		30.836
v -64 		47.073 		66.072
v -51 		12.323 		30.866
v -64 		47.484 		65.87
v 58 		8.139 		35.925
v 58 		8.076 		36.111
v 58 		8.038 		36.304
v 58 		8.025 		36.5
v 58 		8.038 		36.696
v -64 		47.917 		65.723
v -64 		48.366 		65.633
v 60 		81.252 		39.199
v 60 		81.2638 		39.2
v -64 		48.823 		65.604
v 60 		82.0273 		39.2
v 58 		43.323 		2
v -64 		47.022 		68.352
v -64 		46.935 		68.529
v -51 		12.323 		28.869
v -64 		46.872 		68.715
v -51 		12.519 		28.856
v -64 		46.833 		68.907
v -51 		12.712 		28.817
v -51 		12.898 		28.754
v -64 		46.82 		69.104
v 60 		81.143 		39.196
v -64 		46.833 		69.3
v -51 		15.793 		27.823
v -51 		15.823 		27.366
v -64 		46.872 		69.492
v 60 		81.337 		38.999
v -51 		15.704 		28.272
v 60 		81.655 		39.025
v 60 		81.553 		39.01
v -51 		14.454 		24.589
v 60 		81.446 		39.001
v -64 		49.074 		67.802
v -51 		14.798 		24.891
v 60 		81.903 		39.097
v -51 		15.1 		25.235
v -64 		48.898 		67.715
v 60 		81.832 		39.069
v -51 		15.354 		25.616
v 60 		81.748 		39.044
v -64 		48.712 		67.652
v -51 		15.557 		26.027
v 60 		82.003 		39.164
v -64 		48.519 		67.614
v 60 		81.961 		39.13
v -51 		15.704 		26.46
v -59.889 		14.978 		3.998
v -60.003 		14.9394 		3.998
v -64 		48.323 		67.601
v -51 		15.793 		26.909
v -64 		48.127 		67.614
v -64 		47.934 		67.652
v -64 		47.748 		67.715
v 54 		85.075 		35.112
v 60 		4.027 		0
v 60 		90 		0
v -59.696 		15.017 		3.998
v 60 		-92.973 		1
v 60 		-92.973 		0
v 60 		-7 		0
v 60 		-7 		1
v -64 		47.572 		67.802
v 54 		85.252 		35.199
v -66 		4.027 		77
v -66 		90 		77
v -66 		90 		0
v -66 		4.027 		0
v -66 		-7 		1
v -66 		-7 		0
v -66 		-92.973 		0
v -66 		-92.973 		1
v -64 		47.408 		67.912
v 54 		85.415 		35.308
v -64 		47.261 		68.041
v 54 		85.563 		35.438
v -64 		6.027 		77
v -59.5 		15.03 		3.998
v -64 		45.323 		77
v -64 		88 		77
v 54 		85.692 		35.585
v -64 		47.131 		68.189
v 54 		85.802 		35.749
v -64 		8.823 		27.366
v 54 		85.888 		35.925
v -64 		6.027 		2
v 54 		85.952 		36.111
v -64 		43.323 		2
v -64 		12.323 		23.866
v 54 		85.99 		36.304
v -64 		43.323 		27.104
v -58.594 		65.908 		2
v -58.594 		65.908 		5
v 54 		86.003 		36.5
v -59.043 		65.997 		2
v -59.043 		65.997 		5
v -64 		43.323 		65.628
v 54 		85.99 		36.696
v -64 		15.823 		27.366
v -59.5 		66.027 		2
v -59.5 		66.027 		5
v -59.957 		65.997 		2
v -59.957 		65.997 		5
v -60.406 		65.908 		2
v -60.406 		65.908 		5
v -64 		16.823 		69.128
v -60.839 		65.761 		2
v -60.839 		65.761 		5
v -61.25 		65.558 		2
v -61.25 		65.558 		5
v -64 		16.704 		70.034
v -64 		16.557 		70.467
v -57.025 		60.052 		2
v -57.025 		60.052 		5
v -64 		16.354 		70.878
v -56.723 		60.396 		2
v -56.723 		60.396 		5
v -64 		16.1 		71.259
v -56.469 		60.777 		2
v 54 		85.84 		33.266
v -56.469 		60.777 		5
v 54 		85.406 		33.119
v 54 		84.957 		33.03
v 54 		84.5 		33
v 54 		84.043 		33.03
v 54 		83.594 		33.119
v 54 		83.161 		33.266
v -56.266 		61.188 		2
v -56.266 		61.188 		5
v -64 		16.793 		69.585
v -56.119 		61.621 		2
v -56.119 		61.621 		5
v 54 		82.998 		36.5
v -56.03 		62.07 		2
v -56.03 		62.07 		5
v 54 		82.75 		33.469
v 54 		82.37 		33.723
v -56 		62.527 		2
v 54 		82.025 		34.025
v -56 		62.527 		5
v -56.03 		62.984 		2
v -56.03 		62.984 		5
v 54 		81.724 		34.369
v -56.119 		63.433 		2
v 54 		81.469 		34.75
v -56.119 		63.433 		5
v 54 		81.267 		35.161
v 54 		81.12 		35.594
v 54 		81.03 		36.043
v 54 		81 		36.5
v -56.266 		63.867 		2
v -56.266 		63.867 		5
v 58 		86.975 		38.975
v 54 		86.975 		38.975
v 54 		9.331 		37.99
v 58 		87.277 		38.631
v 54 		87.277 		38.631
v -58.199 		14.278 		3.998
v 54 		9.138 		37.951
v 58 		87.531 		38.25
v 54 		87.531 		38.25
v 58 		87.734 		37.839
v 54 		87.734 		37.839
v 54 		8.952 		37.888
v 58 		87.881 		37.406
v 54 		87.881 		37.406
v 58 		87.938 		37.1184
v -58.112 		14.102 		3.998
v 58 		87.97 		36.957
v 54 		87.97 		36.957
v 54 		10.978 		36.889
v 58 		82.025 		38.975
v 54 		82.025 		38.975
v 54 		10.915 		37.075
v -58.049 		13.916 		3.998
v 54 		10.828 		37.251
v 54 		83.925 		37.888
v 54 		10.719 		37.415
v 54 		83.749 		37.801
v -58.01 		13.723 		3.998
v 54 		10.59 		37.562
v 54 		83.586 		37.692
v 54 		10.442 		37.692
v 54 		83.438 		37.562
v 54 		10.278 		37.801
v -57.998 		13.527 		3.998
v 54 		83.308 		37.415
v 54 		83.199 		37.251
v 54 		83.112 		37.075
v -58.01 		13.331 		3.998
v 54 		83.049 		36.889
v -58.049 		13.138 		3.998
v 54 		85.952 		36.889
v 54 		85.888 		37.075
v -58.112 		12.952 		3.998
v 54 		85.802 		37.251
v 54 		85.692 		37.415
v -58.199 		12.776 		3.998
v 54 		85.563 		37.562
v 54 		85.415 		37.692
v -58.308 		12.612 		3.998
v 54 		85.252 		37.801
v 54 		85.075 		37.888
v -58.438 		12.465 		3.998
v 54 		84.889 		37.951
v 54 		84.696 		37.99
v -58.585 		12.335 		3.998
v 54 		84.5 		38.003
v 54 		84.304 		37.99
v 54 		84.111 		37.951
v 58 		10.102 		37.888
v 58 		9.916 		37.951
v -59.304 		15.017 		3.998
v 58 		9.723 		37.99
v 58 		9.527 		38.003
v -59.111 		14.978 		3.998
v 58 		9.331 		37.99
v 58 		9.138 		37.951
v -58.925 		14.915 		3.998
v 58 		8.952 		37.888
v -58.749 		14.828 		3.998
v 58 		10.978 		36.889
v 58 		10.915 		37.075
v -58.585 		14.719 		3.998
v 58 		10.828 		37.251
v 58 		10.719 		37.415
v -58.438 		14.59 		3.998
v 58 		10.59 		37.562
v 58 		10.442 		37.692
v -58.308 		14.442 		3.998
v 58 		10.278 		37.801
v 58 		9.07 		33.03
v 54 		9.07 		33.03
v 54 		9.527 		33
v 58 		9.527 		33
v 58 		13.027 		36.5
v 54 		13.027 		36.5
v 58 		12.997 		36.043
v 54 		12.997 		36.043
v 58 		12.908 		35.594
v 54 		12.908 		35.594
v -60.415 		12.335 		5
v 58 		12.761 		35.161
v 54 		12.761 		35.161
v -60.562 		12.465 		5
v 58 		12.558 		34.75
v 54 		12.558 		34.75
v -60.692 		12.612 		5
v 58 		12.304 		34.369
v 54 		12.304 		34.369
v -60.801 		12.776 		5
v 58 		12.002 		34.025
v 54 		12.002 		34.025
v -60.888 		12.952 		5
v 58 		11.658 		33.723
v 54 		11.658 		33.723
v 58 		83.925 		37.888
v 58 		11.277 		33.469
v 54 		11.277 		33.469
v -60.951 		13.138 		5
v 58 		83.749 		37.801
v 58 		10.867 		33.266
v 54 		10.867 		33.266
v -60.99 		13.331 		5
v 58 		10.433 		33.119
v 54 		10.433 		33.119
v 58 		83.586 		37.692
v 58 		9.984 		33.03
v 58 		83.438 		37.562
v 54 		9.984 		33.03
v -61.003 		13.527 		5
v 58 		83.308 		37.415
v -60.99 		13.723 		5
v 54 		9.723 		35.01
v 54 		9.527 		34.998
v 58 		83.199 		37.251
v -60.951 		13.916 		5
v 54 		9.916 		35.049
v 58 		83.112 		37.075
v 58 		83.049 		36.889
v 54 		10.102 		35.112
v -60.888 		14.102 		5
v -60.801 		14.278 		5
v 58 		85.952 		36.889
v 54 		8.952 		35.112
v 58 		85.888 		37.075
v 54 		9.138 		35.049
v -60.692 		14.442 		5
v 58 		85.802 		37.251
v 54 		9.331 		35.01
v -60.562 		14.59 		5
v 58 		85.692 		37.415
v -60.415 		14.719 		5
v 58 		85.563 		37.562
v 54 		10.278 		35.199
v -60.251 		14.828 		5
v 58 		85.415 		37.692
v 54 		10.442 		35.308
v -60.075 		14.915 		5
v 58 		85.252 		37.801
v 54 		10.59 		35.438
v 58 		85.075 		37.888
v -60.003 		14.9394 		5
v 54 		10.719 		35.585
v 58 		84.889 		37.951
v 54 		10.828 		35.749
v 58 		84.696 		37.99
v 58 		84.5 		38.003
v 54 		10.915 		35.925
v -64 		16.557 		67.789
v 54 		10.978 		36.111
v -64 		16.704 		68.222
v -64 		16.793 		68.671
v 54 		11.017 		36.304
v 54 		11.03 		36.5
v 54 		11.017 		36.696
v -57.369 		16.304 		3.998
v -62.734 		12.188 		2
v -62.734 		12.188 		5
v -64 		16.1 		66.997
v -62.531 		11.777 		2
v -62.531 		11.777 		5
v -64 		16.354 		67.378
v -62.277 		11.396 		2
v -62.277 		11.396 		5
v -51 		50.293 		27.56
v -51 		50.323 		27.104
v -61.975 		11.052 		2
v -61.975 		11.052 		5
v -64 		9.823 		69.128
v -51 		50.204 		28.009
v -61.631 		10.75 		2
v -61.631 		10.75 		5
v -51 		50.057 		28.443
v -61.25 		10.496 		2
v -61.25 		10.496 		5
v -64 		12.323 		30.866
v -51 		49.854 		28.854
v -60.839 		10.294 		2
v -60.839 		10.294 		5
v -64 		13.323 		65.628
v -51 		49.6 		29.234
v -64 		13.323 		72.628
v -51 		49.298 		29.578
v -60.406 		10.146 		2
v -60.406 		10.146 		5
v -59.957 		10.057 		2
v -59.957 		10.057 		3.998
v -60.003 		10.0661 		3.998
v -60.003 		10.0661 		5
v -51 		49.298 		24.629
v -64 		15.798 		71.603
v -59.5 		10.027 		2
v -59.5 		10.027 		3.998
v -64 		15.454 		71.905
v -51 		49.6 		24.973
v -64 		15.073 		72.159
v -59.043 		10.057 		2
v -59.043 		10.057 		3.998
v -51 		49.854 		25.354
v -64 		14.662 		72.362
v -58.594 		10.146 		2
v -58.594 		10.146 		3.998
v -64 		14.229 		72.509
v -51 		50.057 		25.764
v -58.161 		10.294 		2
v -58.161 		10.294 		3.998
v -64 		13.78 		72.598
v -51 		50.204 		26.198
v -57.75 		10.496 		2
v -57.75 		10.496 		3.998
v -51 		50.293 		26.647
v -64 		12.866 		72.598
v -57.369 		10.75 		2
v -57.369 		10.75 		3.998
v -64 		12.417 		72.509
v -51 		48.954 		29.88
v -51 		48.573 		30.135
v -59.696 		12.038 		2
v -59.5 		12.025 		2
v -51 		48.162 		30.337
v -59.889 		12.076 		2
v -51 		47.729 		30.484
v -60.075 		12.139 		2
v -51 		47.28 		30.574
v -64 		14.238 		70.296
v -64 		14.074 		70.405
v -64 		13.898 		70.492
v -64 		13.712 		70.555
v -64 		13.519 		70.593
v -64 		13.323 		70.606
v -64 		13.127 		70.593
v -64 		12.934 		70.555
v -64 		12.748 		70.492
v -51 		46.823 		30.604
v -64 		12.572 		70.405
v -64 		12.408 		70.296
v -60.251 		12.226 		2
v -64 		14.711 		69.679
v -64 		14.624 		69.855
v -64 		14.515 		70.018
v -64 		14.385 		70.166
v -64 		11.984 		72.362
v 58 		9.723 		35.01
v 58 		9.527 		34.998
v -64 		11.573 		72.159
v -58.749 		12.226 		2
v 58 		9.916 		35.049
v -64 		11.192 		71.905
v -64 		10.848 		71.603
v -58.925 		12.139 		2
v 58 		10.102 		35.112
v -64 		10.546 		71.259
v -64 		10.292 		70.878
v -64 		10.089 		70.467
v -59.111 		12.076 		2
v -64 		9.942 		70.034
v -59.304 		12.038 		2
v 58 		8.952 		35.112
v 58 		9.138 		35.049
v -64 		12.261 		70.166
v -64 		12.131 		70.018
v -64 		12.022 		69.855
v -64 		11.935 		69.679
v 58 		9.331 		35.01
v -59.696 		12.038 		3.998
v -59.5 		12.025 		3.998
v -64 		12.417 		65.747
v -64 		12.866 		65.658
v -59.889 		12.076 		3.998
v 58 		10.278 		35.199
v -64 		13.78 		65.658
v -64 		14.229 		65.747
v 58 		10.442 		35.308
v -64 		14.662 		65.895
v -60.003 		12.1146 		3.998
v -64 		15.073 		66.097
v 58 		10.59 		35.438
v -64 		15.454 		66.351
v 58 		10.719 		35.585
v -64 		15.798 		66.653
v 58 		10.828 		35.749
v -51 		13.624 		26.615
v 58 		10.915 		35.925
v -51 		13.515 		26.451
v 58 		10.978 		36.111
v -51 		13.385 		26.304
v -64 		12.408 		67.912
v -64 		12.572 		67.802
v -64 		12.748 		67.715
v 58 		11.017 		36.304
v -64 		12.934 		67.652
v -64 		13.127 		67.614
v -64 		13.323 		67.601
v -51 		13.238 		26.174
v -64 		13.519 		67.614
v -64 		13.712 		67.652
v -64 		13.898 		67.715
v -64 		14.074 		67.802
v -64 		14.238 		67.912
v -51 		13.074 		26.065
v 58 		11.03 		36.5
v -51 		12.898 		25.978
v 58 		11.017 		36.696
v -51 		12.712 		25.915
v -64 		14.385 		68.041
v -64 		14.515 		68.189
v -64 		14.624 		68.352
v -64 		14.711 		68.529
v -64 		14.774 		68.715
v -64 		14.813 		68.907
v -64 		14.825 		69.104
v -64 		14.813 		69.3
v -64 		14.774 		69.492
v -51 		12.519 		25.877
v -51 		16.704 		70.034
v -51 		16.557 		70.467
v -64 		9.853 		69.585
v -51 		12.323 		25.864
v -64 		9.853 		68.671
v -51 		16.354 		70.878
v -58.749 		12.226 		3.998
v -51 		16.1 		71.259
v -64 		9.942 		68.222
v -64 		10.089 		67.789
v -51 		16.557 		67.789
v -51 		16.704 		68.222
v -51 		16.793 		68.671
v -51 		16.823 		69.128
v -51 		16.793 		69.585
v -64 		10.292 		67.378
v -51 		13.813 		27.17
v -51 		13.825 		27.366
v -64 		10.546 		66.997
v -58.925 		12.139 		3.998
v -51 		16.1 		66.997
v -51 		16.354 		67.378
v -64 		10.848 		66.653
v -51 		13.774 		26.977
v -64 		11.192 		66.351
v -51 		12.408 		70.296
v -51 		13.711 		26.791
v -64 		11.573 		66.097
v -59.111 		12.076 		3.998
v -51 		12.572 		70.405
v -64 		11.984 		65.895
v -51 		12.748 		70.492
v -51 		13.074 		28.667
v -59.304 		12.038 		3.998
v -51 		12.934 		70.555
v -51 		13.238 		28.558
v -51 		13.127 		70.593
v -51 		13.385 		28.429
v -51 		13.323 		70.606
v -64 		11.872 		68.715
v -64 		11.935 		68.529
v -64 		12.022 		68.352
v -64 		12.131 		68.189
v -64 		12.261 		68.041
v -51 		13.519 		70.593
v -51 		13.515 		28.281
v -64 		15.557 		28.706
v -51 		13.712 		70.555
v -64 		15.354 		29.116
v -51 		13.624 		28.117
v -64 		15.1 		29.497
v -51 		13.898 		70.492
v -60.003 		12.1146 		5
v -60.075 		12.139 		5
v -64 		14.798 		29.841
v -51 		13.711 		27.941
v -51 		14.074 		70.405
v -64 		14.454 		30.143
v -64 		14.073 		30.397
v -51 		13.774 		27.755
v -51 		14.238 		70.296
v -64 		13.662 		30.6
v -60.251 		12.226 		5
v -51 		13.813 		27.562
v -64 		13.229 		30.747
v -64 		12.78 		30.836
v -51 		14.385 		70.166
v -51 		14.515 		70.018
v -51 		14.624 		69.855
v -51 		14.711 		69.679
v -64 		12.898 		28.754
v -64 		12.712 		28.817
v -64 		12.519 		28.856
v -64 		12.323 		28.869
v -64 		15.793 		27.823
v -64 		15.704 		28.272
v -64 		14.454 		24.589
v -64 		14.798 		24.891
v -51 		13.323 		72.628
v -51 		12.866 		72.598
v -51 		12.417 		72.509
v -64 		15.1 		25.235
v -64 		15.354 		25.616
v -51 		14.662 		72.362
v -51 		14.229 		72.509
v -51 		13.78 		72.598
v -64 		15.557 		26.027
v -64 		15.704 		26.46
v -64 		15.793 		26.909
v -51 		15.798 		71.603
v -51 		15.454 		71.905
v -51 		15.073 		72.159
v -1.5 		17.027 		5
v -1.957 		16.997 		5
v -2.406 		16.908 		5
v -2.839 		16.761 		5
v -3.25 		16.558 		5
v -51 		11.935 		69.679
v 0.25 		16.558 		5
v -0.161 		16.761 		5
v -0.594 		16.908 		5
v -1.043 		16.997 		5
v -51 		12.022 		69.855
v 0.003 		13.527 		5
v -51 		12.131 		70.018
v -64 		12.323 		25.864
v -64 		12.519 		25.877
v -64 		12.712 		25.915
v -64 		12.898 		25.978
v -64 		13.074 		26.065
v -64 		13.238 		26.174
v -64 		13.385 		26.304
v -64 		13.515 		26.451
v -51 		12.261 		70.166
v -64 		13.624 		26.615
v -51 		11.984 		72.362
v 2 		13.527 		5
v 1.97 		13.984 		5
v 1.881 		14.433 		5
v 1.734 		14.867 		5
v 1.531 		15.277 		5
v 1.277 		15.658 		5
v 0.975 		16.002 		5
v 0.631 		16.304 		5
v -64 		13.711 		26.791
v -64 		13.774 		26.977
v -64 		13.813 		27.17
v -64 		13.825 		27.366
v -64 		13.813 		27.562
v 1.881 		12.621 		5
v -64 		13.774 		27.755
v 1.97 		13.07 		5
v -51 		9.942 		70.034
v -64 		13.711 		27.941
v -64 		13.624 		28.117
v -64 		13.515 		28.281
v -64 		13.385 		28.429
v -64 		13.238 		28.558
v -64 		13.074 		28.667
v -51 		11.573 		72.159
v -51 		11.192 		71.905
v -51 		10.848 		71.603
v -51 		10.546 		71.259
v -51 		10.292 		70.878
v -51 		10.089 		70.467
v 1.277 		11.396 		5
v 1.531 		11.777 		5
v -64 		11.866 		30.836
v 1.734 		12.188 		5
v -51 		14.238 		67.912
v 0.25 		10.496 		5
v 0.631 		10.75 		5
v 58 		84.304 		37.99
v 0.975 		11.052 		5
v -64 		11.417 		30.747
v -51 		14.074 		67.802
v -64 		10.984 		30.6
v -3.003 		13.527 		5
v -2.99 		13.723 		5
v 58 		84.111 		37.951
v -64 		10.573 		30.397
v -51 		13.898 		67.715
v -2.951 		13.916 		5
v -64 		10.192 		30.143
v -51 		13.712 		67.652
v -2.888 		14.102 		5
v -64 		9.848 		29.841
v -64 		9.546 		29.497
v 58 		81.03 		36.957
v 54 		81.03 		36.957
v -51 		13.519 		67.614
v -2.801 		14.278 		5
v 58 		81.12 		37.406
v -64 		9.292 		29.116
v 54 		81.12 		37.406
v -51 		13.323 		67.601
v -64 		9.089 		28.706
v -51 		13.127 		67.614
v -2.415 		12.335 		5
v -51 		12.934 		67.652
v -2.562 		12.465 		5
v -51 		12.748 		67.715
v -64 		12.127 		28.856
v -64 		11.934 		28.817
v -64 		11.748 		28.754
v -2.692 		12.612 		5
v -51 		12.572 		67.802
v -64 		8.942 		28.272
v -2.801 		12.776 		5
v -51 		12.408 		67.912
v -64 		8.853 		27.823
v -2.888 		12.952 		5
v -64 		8.853 		26.909
v -64 		8.942 		26.46
v -2.951 		13.138 		5
v -51 		14.825 		69.104
v -51 		14.813 		68.907
v -64 		9.089 		26.027
v -2.99 		13.331 		5
v -64 		9.292 		25.616
v -51 		14.774 		68.715
v -51 		46.366 		30.574
v -51 		14.711 		68.529
v 58 		81.267 		37.839
v 54 		81.267 		37.839
v -51 		14.624 		68.352
v -51 		45.917 		30.484
v 58 		81.469 		38.25
v 54 		81.469 		38.25
v -51 		14.515 		68.189
v -51 		45.484 		30.337
v 58 		81.724 		38.631
v 54 		81.724 		38.631
v -51 		14.385 		68.041
v -51 		45.073 		30.135
v 58 		88 		36.5
v 54 		88 		36.5
v -51 		44.692 		29.88
v 58 		87.97 		36.043
v 54 		87.97 		36.043
v -64 		9.546 		25.235
v 58 		87.938 		35.8816
v 58 		87.881 		35.594
v 54 		87.881 		35.594
v -64 		9.848 		24.891
v -51 		14.774 		69.492
v 58 		87.734 		35.161
v -64 		10.192 		24.589
v 54 		87.734 		35.161
v -51 		14.813 		69.3
v 58 		87.531 		34.75
v 54 		87.531 		34.75
v 58 		87.277 		34.369
v 54 		87.277 		34.369
v 58 		86.975 		34.025
v 54 		86.975 		34.025
v 58 		86.631 		33.723
v 54 		86.631 		33.723
v -64 		11.022 		26.615
v -64 		11.131 		26.451
v -64 		11.261 		26.304
v -64 		11.408 		26.174
v -64 		11.572 		26.065
v -64 		11.748 		25.978
v -64 		11.934 		25.915
v 58 		86.25 		33.469
v -64 		12.127 		25.877
v 54 		86.25 		33.469
v 58 		84.043 		33.03
v 58 		84.5 		33
v -51 		12.417 		65.747
v -51 		12.866 		65.658
v -51 		13.323 		65.628
v -51 		13.78 		65.658
v 58 		83.594 		33.119
v -51 		14.229 		65.747
v -51 		14.662 		65.895
v -51 		15.073 		66.097
v -51 		15.454 		66.351
v -51 		15.798 		66.653
v 58 		83.161 		33.266
v -64 		11.572 		28.667
v -51 		12.261 		68.041
v -64 		11.408 		28.558
v -64 		11.261 		28.429
v -64 		11.131 		28.281
v -64 		11.022 		28.117
v -64 		10.935 		27.941
v -64 		10.872 		27.755
v -64 		10.833 		27.562
v -64 		10.82 		27.366
v -64 		10.833 		27.17
v -64 		10.872 		26.977
v -51 		12.131 		68.189
v -64 		10.935 		26.791
v 58 		82.75 		33.469
v -64 		10.573 		24.335
v 58 		82.37 		33.723
v -51 		12.022 		68.352
v 58 		82.025 		34.025
v -64 		10.984 		24.133
v -51 		11.935 		68.529
v -64 		11.417 		23.985
v -64 		11.866 		23.896
v -51 		11.872 		68.715
v 58 		85.84 		33.266
v -64 		12.78 		23.896
v -51 		11.833 		68.907
v 58 		85.406 		33.119
v -64 		13.229 		23.985
v -51 		11.82 		69.104
v 58 		84.957 		33.03
v -64 		13.662 		24.133
v -51 		11.833 		69.3
v -64 		14.073 		24.335
v -51 		11.872 		69.492
v -64 		46.823 		23.604
v 54 		83.011 		36.696
v -64 		88 		2
v -64 		50.323 		27.104
v -51 		11.984 		65.895
v -64 		52.323 		69.104
v 54 		83.011 		36.304
v 54 		83.049 		36.111
v -51 		9.823 		69.128
v -51 		9.853 		68.671
v -51 		9.942 		68.222
v -51 		10.089 		67.789
v -51 		10.292 		67.378
v -51 		10.546 		66.997
v -51 		10.848 		66.653
v -51 		11.192 		66.351
v -51 		11.573 		66.097
v -64 		52.204 		70.009
v 54 		83.112 		35.925
v -51 		9.853 		69.585
v -64 		52.057 		70.443
v -64 		51.854 		70.854
v 54 		83.199 		35.749
v -64 		51.6 		71.234
v -64 		51.298 		71.578
v 54 		83.308 		35.585
v -64 		50.954 		71.88
v -64 		50.573 		72.135
v 54 		83.438 		35.438
v 54 		83.586 		35.308
v -56.469 		64.277 		2
v -56.469 		64.277 		5
v -56.723 		64.658 		2
v -56.723 		64.658 		5
v 54 		83.749 		35.199
v -57.025 		65.002 		2
v -57.025 		65.002 		5
v 58 		12.033 		62.762
v 58 		12.035 		62.7713
v -57.369 		65.304 		2
v -57.369 		65.304 		5
v -61.631 		65.304 		2
v 58 		9.527 		40
v -61.631 		65.304 		5
v -61.975 		65.002 		2
v 58 		12.035 		63
v -61.975 		65.002 		5
v -62.277 		64.658 		2
v -62.277 		64.658 		5
v -62.531 		64.277 		2
v -62.531 		64.277 		5
v 58 		9.07 		39.97
v -62.734 		63.867 		2
v -62.734 		63.867 		5
v -62.881 		63.433 		2
v -62.881 		63.433 		5
v 58 		9.984 		39.97
v -62.97 		62.984 		2
v -62.97 		62.984 		5
v 58 		10.433 		39.881
v -63 		62.527 		2
v -63 		62.527 		5
v 58 		10.867 		39.734
v -62.97 		62.07 		2
v -62.97 		62.07 		5
v 58 		12.033 		39.239
v 58 		12.035 		39.2295
v 58 		12.035 		39.2
v -62.881 		61.621 		2
v -62.881 		61.621 		5
v 58 		11.277 		39.531
v 58 		11.658 		39.277
v -60.99 		62.723 		2
v -61.003 		62.527 		2
v -60.951 		62.916 		2
v -60.888 		63.102 		2
v -60.801 		63.278 		2
v 58 		16.642 		63.002
v -60.692 		63.442 		2
v 58 		12.733 		63.002
v 58 		12.6597 		63
v 58 		9.527 		64
v -60.562 		61.465 		2
v -60.692 		61.613 		2
v 58 		16.866 		77
v -60.801 		61.776 		2
v -60.888 		61.952 		2
v -60.951 		62.138 		2
v -60.99 		62.331 		2
v -60.562 		63.59 		2
v -60.415 		63.719 		2
v -60.251 		63.828 		2
v 58 		13.027 		67.5
v -60.075 		63.915 		2
v -59.889 		63.978 		2
v -51 		11.866 		30.836
v -59.696 		64.017 		2
v 58 		9.527 		71
v -51 		11.417 		30.747
v -59.5 		64.03 		2
v -51 		10.984 		30.6
v 58 		9.07 		70.97
v -51 		10.573 		30.397
v -51 		10.192 		30.143
v -58.308 		63.442 		2
v 58 		9.984 		70.97
v -51 		9.848 		29.841
v -58.199 		63.278 		2
v -51 		9.546 		29.497
v 58 		10.433 		70.881
v -51 		9.292 		29.116
v -58.112 		63.102 		2
v -51 		9.089 		28.706
v 58 		10.867 		70.734
v -58.049 		62.916 		2
v 58 		11.277 		70.531
v -58.01 		62.723 		2
v -57.998 		62.527 		2
v 58 		11.658 		70.277
v -58.01 		62.331 		2
v 58 		12.002 		69.975
v -58.049 		62.138 		2
v -51 		11.748 		28.754
v -58.112 		61.952 		2
v -51 		11.934 		28.817
v 58 		12.304 		69.631
v -51 		12.127 		28.856
v -58.199 		61.776 		2
v 58 		12.558 		69.25
v 58 		12.761 		68.839
v -58.308 		61.613 		2
v -51 		8.942 		28.272
v 58 		12.908 		68.406
v -58.438 		61.465 		2
v -51 		8.853 		27.823
v 58 		12.997 		67.957
v -51 		8.823 		27.366
v 58 		12.997 		67.043
v -51 		8.853 		26.909
v 58 		12.908 		66.594
v -51 		8.942 		26.46
v -59.304 		64.017 		2
v 58 		12.761 		66.161
v -51 		9.089 		26.027
v -59.111 		63.978 		2
v 58 		12.558 		65.75
v -51 		9.292 		25.616
v -51 		9.546 		25.235
v -58.925 		63.915 		2
v -51 		9.848 		24.891
v -58.749 		63.828 		2
v -51 		10.192 		24.589
v -58.585 		63.719 		2
v 58 		10.102 		66.112
v 58 		9.916 		66.049
v -58.438 		63.59 		2
v 58 		9.723 		66.01
v 58 		9.527 		65.998
v 58 		9.331 		66.01
v 58 		9.138 		66.049
v 58 		8.952 		66.112
v 58 		11.03 		67.5
v 58 		11.017 		67.304
v 58 		10.978 		67.111
v 58 		10.915 		66.925
v 58 		10.828 		66.749
v 58 		10.719 		66.585
v 58 		10.59 		66.438
v 58 		10.442 		66.308
v 58 		10.278 		66.199
v 58 		8.952 		68.888
v 58 		9.138 		68.951
v 58 		9.331 		68.99
v 58 		9.527 		69.003
v 58 		9.723 		68.99
v 58 		9.916 		68.951
v 58 		10.102 		68.888
v 58 		10.278 		68.801
v 58 		10.442 		68.692
v 58 		10.59 		68.562
v 58 		10.719 		68.415
v 58 		10.828 		68.251
v 58 		10.915 		68.075
v 58 		10.978 		67.889
v 58 		11.017 		67.696
v 58 		9.07 		64.03
v 58 		12.304 		65.369
v 58 		12.002 		65.025
v 58 		11.658 		64.723
v 58 		11.277 		64.469
v 58 		10.867 		64.266
v 58 		10.433 		64.119
v 58 		9.984 		64.03
v -51 		12.127 		25.877
v -51 		11.934 		25.915
v -51 		11.748 		25.978
v -51 		11.572 		26.065
v -51 		11.408 		26.174
v -51 		11.261 		26.304
v -51 		11.131 		26.451
v -51 		11.022 		26.615
v -51 		10.935 		26.791
v -51 		10.872 		26.977
v -51 		10.833 		27.17
v -51 		10.82 		27.366
v -51 		10.833 		27.562
v -51 		10.872 		27.755
v -51 		10.935 		27.941
v 58 		12.817 		39.199
v 58 		12.926 		39.196
v -51 		11.022 		28.117
v 58 		12.0417 		39.2
v 58 		83.011 		36.696
v -51 		11.131 		28.281
v 58 		82.998 		36.5
v -51 		11.261 		28.429
v 58 		83.011 		36.304
v -51 		11.408 		28.558
v 58 		12.238 		39.069
v 58 		12.166 		39.097
v 58 		83.049 		36.111
v -51 		11.572 		28.667
v 58 		12.109 		39.13
v 58 		83.112 		35.925
v 58 		12.067 		39.164
v 58 		83.199 		35.749
v 58 		83.308 		35.585
v 58 		12.733 		38.999
v 58 		12.623 		39.001
v 58 		12.516 		39.01
v 58 		83.438 		35.438
v 58 		12.415 		39.025
v 58 		83.586 		35.308
v 58 		12.321 		39.044
v -64 		52.293 		69.56
v 58 		83.749 		35.199
v -60.99 		62.723 		5
v -61.003 		62.527 		5
v 58 		83.925 		35.112
v -60.951 		62.916 		5
v -60.888 		63.102 		5
v 58 		84.696 		35.01
v 58 		84.5 		34.998
v -60.801 		63.278 		5
v 58 		84.889 		35.049
v -60.692 		63.442 		5
v 58 		84.111 		35.049
v 58 		84.304 		35.01
v -60.562 		61.465 		5
v -60.692 		61.613 		5
v 58 		85.075 		35.112
v -60.801 		61.776 		5
v 58 		85.252 		35.199
v -60.888 		61.952 		5
v 58 		85.415 		35.308
v -60.951 		62.138 		5
v 58 		85.563 		35.438
v -60.99 		62.331 		5
v 58 		12.002 		38.975
v 58 		85.692 		35.585
v 58 		12.304 		38.631
v 58 		85.802 		35.749
v -60.562 		63.59 		5
v 58 		12.558 		38.25
v 58 		85.888 		35.925
v 58 		12.761 		37.839
v -60.415 		63.719 		5
v 58 		12.908 		37.406
v 58 		85.952 		36.111
v -60.251 		63.828 		5
v 58 		12.997 		36.957
v -60.075 		63.915 		5
v 58 		85.99 		36.304
v -59.889 		63.978 		5
v 58 		86.003 		36.5
v -59.696 		64.017 		5
v 58 		85.99 		36.696
v -59.5 		64.03 		5
v 58 		81.724 		34.369
v 58 		81.469 		34.75
v -58.308 		63.442 		5
v 58 		81.267 		35.161
v 58 		81.12 		35.594
v -58.199 		63.278 		5
v 58 		81.03 		36.043
v 58 		81 		36.5
v -58.112 		63.102 		5
v 58 		88 		63
v -58.049 		62.916 		5
v 58 		88 		39.2
v -58.01 		62.723 		5
v 54 		88 		67.0887
v 54 		88 		67.9113
v -57.998 		62.527 		5
v -58.01 		62.331 		5
v -58.049 		62.138 		5
v -58.112 		61.952 		5
v -58.199 		61.776 		5
v -58.308 		61.613 		5
v 58 		88 		67.9113
v -58.438 		61.465 		5
v 58 		88 		67.0887
v -59.304 		64.017 		5
v -59.111 		63.978 		5
v -58.925 		63.915 		5
v -58.749 		63.828 		5
v -58.585 		63.719 		5
v -58.438 		63.59 		5
v -59.5 		59.027 		5
v -59.5 		59.027 		2
v -59.043 		59.057 		2
v -59.043 		59.057 		5
v 58 		87.938 		2
v -58.594 		59.146 		2
v -58.594 		59.146 		5
v -51 		52.204 		70.009
v -51 		52.057 		70.443
v 58 		82.035 		62.7702
v -51 		51.854 		70.854
v -51 		51.6 		71.234
v -51 		51.298 		71.578
v -51 		50.954 		71.88
v 58 		82.037 		62.762
v -51 		50.573 		72.135
v -58.161 		59.294 		2
v -58.161 		59.294 		5
v -57.75 		59.496 		2
v -57.75 		59.496 		5
v 58 		84.5 		40
v -57.369 		59.75 		2
v -57.369 		59.75 		5
v -51 		52.293 		68.647
v -51 		52.323 		69.104
v -51 		52.293 		69.56
v -51 		50.573 		66.072
v -51 		50.954 		66.327
v -51 		51.298 		66.629
v -51 		51.6 		66.973
v -51 		51.854 		67.354
v -51 		52.057 		67.764
v -51 		52.204 		68.198
v 58 		82.035 		63
v 58 		87.961 		63
v -62.734 		61.188 		2
v -51 		49.238 		70.296
v -62.734 		61.188 		5
v 58 		87.938 		39.2
v 58 		86.25 		39.531
v -62.531 		60.777 		2
v -51 		49.385 		70.166
v -62.531 		60.777 		5
v -62.277 		60.396 		2
v -62.277 		60.396 		5
v -51 		49.515 		70.018
v 58 		86.631 		39.277
v -61.975 		60.052 		2
v -61.975 		60.052 		5
v -51 		49.624 		69.855
v 58 		82.035 		39.2306
v -61.631 		59.75 		2
v 58 		82.037 		39.239
v -61.631 		59.75 		5
v -51 		49.711 		69.679
v 58 		82.035 		39.2
v -61.25 		59.496 		2
v -61.25 		59.496 		5
v -60.839 		59.294 		2
v -60.839 		59.294 		5
v -51 		49.729 		72.484
v -51 		49.28 		72.574
v 58 		82.37 		39.277
v -60.406 		59.146 		2
v -60.406 		59.146 		5
v -51 		50.162 		72.337
v 58 		82.75 		39.531
v -59.957 		59.057 		2
v -59.957 		59.057 		5
v 58 		83.161 		39.734
v -51 		46.935 		69.679
v 58 		83.594 		39.881
v -51 		47.022 		69.855
v 58 		84.043 		39.97
v -58.585 		61.335 		2
v 58 		84.957 		39.97
v -58.749 		61.226 		2
v 58 		85.406 		39.881
v -51 		47.131 		70.018
v 58 		85.84 		39.734
v -58.925 		61.139 		2
v -51 		47.261 		70.166
v -59.111 		61.076 		2
v -51 		47.408 		70.296
v 58 		81.027 		67.5
v -59.304 		61.038 		2
v -51 		47.572 		70.405
v -51 		47.748 		70.492
v -59.5 		61.025 		2
v -51 		47.934 		70.555
v -59.696 		61.038 		2
v -51 		48.127 		70.593
v -59.889 		61.076 		2
v -51 		48.323 		70.606
v -51 		48.519 		70.593
v -60.075 		61.139 		2
v -51 		48.712 		70.555
v 58 		81.337 		63.002
v -60.251 		61.226 		2
v 58 		81.4097 		63
v -51 		48.898 		70.492
v -51 		49.074 		70.405
v -60.415 		61.335 		2
v -51 		48.823 		72.604
v -51 		48.366 		72.574
v -51 		47.917 		72.484
v -51 		47.484 		72.337
v -51 		47.073 		72.135
v -51 		46.692 		71.88
v -51 		46.348 		71.578
v -51 		10.573 		24.335
v -51 		46.046 		71.234
v -51 		45.792 		70.854
v -51 		45.589 		70.443
v -51 		45.442 		70.009
v -51 		10.984 		24.133
v -51 		49.825 		69.104
v -51 		49.813 		68.907
v -51 		11.417 		23.985
v -51 		49.774 		68.715
v -51 		11.866 		23.896
v -51 		49.711 		68.529
v 58 		84.527 		64
v -51 		12.323 		23.866
v -51 		49.624 		68.352
v -51 		12.78 		23.896
v -51 		49.515 		68.189
v 58 		87.961 		77
v 58 		84.527 		71
v -51 		13.229 		23.985
v -51 		49.385 		68.041
v -51 		13.662 		24.133
v -51 		49.238 		67.912
v -51 		14.073 		24.335
v 58 		86.277 		70.531
v 58 		86.658 		70.277
v 58 		87.002 		69.975
v -51 		49.774 		69.492
v 58 		87.304 		69.631
v -51 		49.813 		69.3
v 58 		87.558 		69.25
v 58 		87.761 		68.839
v 58 		87.908 		68.406
v 58 		87.961 		68.1386
v -51 		49.28 		65.633
v -51 		49.729 		65.723
v -51 		50.162 		65.87
v -51 		47.022 		68.352
v -58.585 		61.335 		5
v -51 		46.935 		68.529
v -58.749 		61.226 		5
v -51 		46.872 		68.715
v -58.925 		61.139 		5
v -51 		46.833 		68.907
v 58 		87.961 		66.8614
v -59.111 		61.076 		5
v -51 		46.82 		69.104
v 58 		87.908 		66.594
v -51 		46.833 		69.3
v -59.304 		61.038 		5
v -51 		46.872 		69.492
v -59.5 		61.025 		5
v -59.696 		61.038 		5
v -51 		49.074 		67.802
v -59.889 		61.076 		5
v -51 		48.898 		67.715
v -51 		48.712 		67.652
v -60.075 		61.139 		5
v 58 		87.761 		66.161
v -51 		48.519 		67.614
v -60.251 		61.226 		5
v -51 		48.323 		67.601
v -60.415 		61.335 		5
v -51 		48.127 		67.614
v -51 		47.934 		67.652
v -51 		47.748 		67.715
v -1.5 		66.027 		5
v -1.957 		65.997 		5
v -2.406 		65.908 		5
v -51 		47.572 		67.802
v -2.839 		65.761 		5
v -3.25 		65.558 		5
v 58 		87.558 		65.75
v 0.25 		65.558 		5
v -0.161 		65.761 		5
v -0.594 		65.908 		5
v -1.043 		65.997 		5
v -51 		47.408 		67.912
v 0.003 		62.527 		5
v -51 		47.261 		68.041
v -51 		47.131 		68.189
v 58 		86.03 		67.5
v 58 		86.017 		67.304
v -51 		48.823 		65.604
v 58 		86.017 		67.696
v 2 		62.527 		5
v 1.97 		62.984 		5
v 1.881 		63.433 		5
v 1.734 		63.867 		5
v 1.531 		64.277 		5
v 1.277 		64.658 		5
v 0.975 		65.002 		5
v 0.631 		65.304 		5
v -51 		47.073 		66.072
v 58 		87.997 		67.043
v -51 		47.484 		65.87
v -51 		47.917 		65.723
v 1.881 		61.621 		5
v -51 		48.366 		65.633
v 1.97 		62.07 		5
v 58 		87.997 		67.957
v 1.277 		60.396 		5
v 1.531 		60.777 		5
v 1.734 		61.188 		5
v 58 		82.052 		69.975
v -64 		50.573 		66.072
v 0.25 		59.496 		5
v 0.631 		59.75 		5
v 0.975 		60.052 		5
v -64 		50.954 		66.327
v 58 		82.397 		70.277
v -3.003 		62.527 		5
v -64 		51.298 		66.629
v -2.99 		62.723 		5
v 58 		82.777 		70.531
v -64 		51.6 		66.973
v 58 		83.188 		70.734
v -2.951 		62.916 		5
v -64 		51.854 		67.354
v 58 		83.621 		70.881
v -64 		52.057 		67.764
v -2.888 		63.102 		5
v -64 		52.204 		68.198
v 58 		84.07 		70.97
v -2.801 		63.278 		5
v -64 		52.293 		68.647
v -2.692 		63.442 		5
v 58 		84.984 		70.97
v -51 		44.348 		29.578
v 58 		85.433 		70.881
v 58 		85.867 		70.734
v -51 		44.046 		29.234
v -2.562 		61.465 		5
v -51 		43.792 		28.854
v -2.692 		61.613 		5
v -2.801 		61.776 		5
v 58 		83.025 		67.5
v -51 		43.589 		28.443
v -2.888 		61.952 		5
v -51 		43.442 		28.009
v -2.951 		62.138 		5
v -51 		43.353 		27.56
v -2.99 		62.331 		5
v -51 		43.323 		27.104
v 58 		83.776 		66.199
v 58 		83.612 		66.308
v -51 		43.353 		26.647
v 58 		83.465 		66.438
v 58 		83.335 		66.585
v -2.562 		63.59 		5
v 58 		83.226 		66.749
v 58 		83.139 		66.925
v 58 		83.076 		67.111
v 58 		83.038 		67.304
v -51 		43.442 		26.198
v -2.415 		63.719 		5
v -51 		43.589 		25.764
v -2.251 		63.828 		5
v -51 		43.792 		25.354
v -2.075 		63.915 		5
v -51 		44.046 		24.973
v -51 		44.348 		24.629
v -0.308 		63.442 		5
v -0.199 		63.278 		5
v 58 		83.952 		66.112
v -0.112 		63.102 		5
v -0.049 		62.916 		5
v -0.01 		62.723 		5
v -0.01 		62.331 		5
v -0.049 		62.138 		5
v 58 		85.978 		67.111
v 58 		85.915 		66.925
v 58 		85.828 		66.749
v 58 		85.719 		66.585
v -0.112 		61.952 		5
v 58 		85.59 		66.438
v 58 		85.442 		66.308
v 58 		85.278 		66.199
v -0.199 		61.776 		5
v -0.308 		61.613 		5
v -0.438 		61.465 		5
v -1.889 		63.978 		5
v -1.696 		64.017 		5
v -1.5 		64.03 		5
v -1.304 		64.017 		5
v 58 		85.102 		66.112
v 58 		84.916 		66.049
v 58 		84.723 		66.01
v 58 		84.527 		65.998
v 58 		84.331 		66.01
v 58 		84.138 		66.049
v -1.111 		63.978 		5
v -0.925 		63.915 		5
v -0.749 		63.828 		5
v -0.585 		63.719 		5
v -0.438 		63.59 		5
v 58 		83.038 		67.696
v 58 		83.076 		67.889
v 58 		83.139 		68.075
v 58 		83.226 		68.251
v 58 		83.335 		68.415
v 58 		83.465 		68.562
v 58 		83.612 		68.692
v 58 		83.776 		68.801
v 58 		83.952 		68.888
v 58 		84.138 		68.951
v 58 		84.331 		68.99
v 58 		84.527 		69.003
v 58 		84.723 		68.99
v 58 		84.916 		68.951
v 58 		85.102 		68.888
v -5 		62.527 		5
v 58 		85.278 		68.801
v -4.97 		62.07 		5
v -4.881 		61.621 		5
v 58 		85.442 		68.692
v 58 		85.59 		68.562
v 58 		85.719 		68.415
v 58 		85.828 		68.251
v 58 		85.915 		68.075
v 58 		85.978 		67.889
v -3.631 		65.304 		5
v -3.975 		65.002 		5
v -4.277 		64.658 		5
v -4.531 		64.277 		5
v -4.734 		63.867 		5
v -4.881 		63.433 		5
v -4.97 		62.984 		5
v -51 		45.353 		69.56
v -51 		45.323 		69.104
v -51 		45.353 		68.647
v -51 		45.442 		68.198
v -51 		45.589 		67.764
v -51 		45.792 		67.354
v -51 		46.046 		66.973
v -51 		46.348 		66.629
v -51 		46.692 		66.327
v -0.585 		61.335 		5
v -0.749 		61.226 		5
v -0.925 		61.139 		5
v -1.111 		61.076 		5
v -1.304 		61.038 		5
v -1.5 		61.025 		5
v -1.696 		61.038 		5
v -1.889 		61.076 		5
v -2.075 		61.139 		5
v -51 		46.934 		25.652
v -51 		46.748 		25.715
v -2.692 		14.442 		5
v -51 		46.572 		25.802
v -2.562 		14.59 		5
v -51 		46.408 		25.912
v -2.415 		14.719 		5
v -51 		46.261 		26.041
v -2.251 		14.828 		5
v -51 		46.131 		26.189
v -2.075 		14.915 		5
v -51 		46.022 		26.352
v -51 		45.935 		26.529
v -0.199 		14.278 		5
v -0.112 		14.102 		5
v -51 		48.711 		26.529
v -0.049 		13.916 		5
v -0.01 		13.723 		5
v -51 		48.624 		26.352
v -51 		48.515 		26.189
v -0.01 		13.331 		5
v -51 		48.385 		26.041
v -0.049 		13.138 		5
v -51 		48.238 		25.912
v -0.112 		12.952 		5
v -51 		48.074 		25.802
v -0.199 		12.776 		5
v -51 		47.898 		25.715
v -0.308 		12.612 		5
v -51 		47.712 		25.652
v -0.438 		12.465 		5
v -51 		47.519 		25.614
v -0.585 		12.335 		5
v -51 		47.323 		25.601
v -51 		47.127 		25.614
v -1.889 		14.978 		5
v -51 		45.872 		26.715
v -1.696 		15.017 		5
v -51 		45.833 		26.907
v -1.5 		15.03 		5
v -51 		45.82 		27.104
v -1.304 		15.017 		5
v -1.111 		14.978 		5
v -51 		45.833 		27.3
v -0.925 		14.915 		5
v -51 		45.872 		27.492
v -0.749 		14.828 		5
v -51 		45.935 		27.679
v -0.585 		14.719 		5
v -51 		46.022 		27.855
v -0.438 		14.59 		5
v -51 		46.131 		28.018
v -0.308 		14.442 		5
v -51 		46.261 		28.166
v -51 		46.408 		28.296
v -51 		46.572 		28.405
v -64 		46.823 		30.604
v -51 		46.748 		28.492
v -4.97 		13.984 		5
v -5 		13.527 		5
v -4.97 		13.07 		5
v -4.881 		12.621 		5
v -3.631 		16.304 		5
v -3.975 		16.002 		5
v -4.277 		15.658 		5
v -4.531 		15.277 		5
v -4.734 		14.867 		5
v -4.881 		14.433 		5
v -0.749 		12.226 		5
v -0.925 		12.139 		5
v 58 		81.496 		65.75
v -1.111 		12.076 		5
v -2.251 		61.226 		5
v -2.415 		61.335 		5
v -1.304 		12.038 		5
v -1.5 		12.025 		5
v 58 		81.294 		66.161
v -1.696 		12.038 		5
v -1.889 		12.076 		5
v -2.075 		12.139 		5
v -1.957 		59.057 		5
v -1.5 		59.027 		5
v -2.251 		12.226 		5
v -1.043 		59.057 		5
v -0.594 		59.146 		5
v -0.161 		59.294 		5
v 58 		81.146 		66.594
v -2.839 		59.294 		5
v -2.406 		59.146 		5
v 58 		81.057 		67.043
v -4.734 		61.188 		5
v -4.531 		60.777 		5
v -4.277 		60.396 		5
v -3.975 		60.052 		5
v -3.631 		59.75 		5
v -3.25 		59.496 		5
v 0.25 		65.558 		2
v -1.5 		10.027 		5
v -1.043 		10.057 		5
v -0.594 		10.146 		5
v -0.161 		10.294 		5
v -0.161 		65.761 		2
v 58 		81.057 		67.957
v -0.594 		65.908 		2
v -2.839 		10.294 		5
v -2.406 		10.146 		5
v -1.957 		10.057 		5
v 58 		81.146 		68.406
v -1.043 		65.997 		2
v -1.5 		66.027 		2
v 58 		81.294 		68.839
v -4.734 		12.188 		5
v -4.531 		11.777 		5
v -4.277 		11.396 		5
v -1.957 		65.997 		2
v -3.975 		11.052 		5
v -3.631 		10.75 		5
v -3.25 		10.496 		5
v 58 		81.496 		69.25
v -2.406 		65.908 		2
v 0.25 		16.558 		2
v -64 		48.823 		72.604
v 58 		81.75 		69.631
v -2.839 		65.761 		2
v -0.161 		16.761 		2
v -3.25 		65.558 		2
v -0.594 		16.908 		2
v -1.043 		16.997 		2
v -64 		50.162 		72.337
v -1.5 		17.027 		2
v 1.881 		61.621 		2
v 58 		84.07 		64.03
v -64 		49.729 		72.484
v -1.957 		16.997 		2
v 1.97 		62.07 		2
v -64 		49.28 		72.574
v -2.406 		16.908 		2
v 2 		62.527 		2
v -2.839 		16.761 		2
v -3.25 		16.558 		2
v -64 		49.711 		69.679
v -64 		49.624 		69.855
v -64 		49.515 		70.018
v -64 		49.385 		70.166
v -64 		49.238 		70.296
v 1.881 		12.621 		2
v 1.97 		13.07 		2
v -64 		48.366 		72.574
v 2 		13.527 		2
v -64 		47.917 		72.484
v 1.97 		13.984 		2
v -64 		47.484 		72.337
v 1.881 		14.433 		2
v -64 		47.073 		72.135
v 1.734 		14.867 		2
v -64 		46.692 		71.88
v -64 		46.348 		71.578
v 1.531 		15.277 		2
v -64 		46.046 		71.234
v 1.277 		15.658 		2
v -64 		45.792 		70.854
v 0.975 		16.002 		2
v -64 		45.589 		70.443
v 0.631 		16.304 		2
v -64 		45.442 		70.009
v 0.003 		13.527 		2
v -64 		47.022 		69.855
v -64 		46.935 		69.679
v -64 		49.074 		70.405
v -64 		48.898 		70.492
v -64 		48.712 		70.555
v -64 		48.519 		70.593
v -64 		48.323 		70.606
v -64 		48.127 		70.593
v -64 		47.934 		70.555
v -64 		47.748 		70.492
v -64 		47.572 		70.405
v -64 		47.408 		70.296
v -64 		47.261 		70.166
v -64 		47.131 		70.018
v 0.25 		10.496 		2
v -64 		49.28 		65.633
v 0.631 		10.75 		2
v -64 		49.729 		65.723
v 58 		83.621 		64.119
v 0.975 		11.052 		2
v -64 		50.162 		65.87
v 1.277 		11.396 		2
v 1.531 		11.777 		2
v 58 		83.188 		64.266
v 1.734 		12.188 		2
v 58 		82.777 		64.469
v -5 		13.527 		2
v -4.97 		13.07 		2
v -64 		49.238 		67.912
v -64 		49.385 		68.041
v -64 		49.515 		68.189
v -64 		49.624 		68.352
v -64 		49.711 		68.529
v -64 		49.774 		68.715
v -4.881 		12.621 		2
v -64 		49.813 		68.907
v -64 		49.825 		69.104
v -64 		49.813 		69.3
v -64 		49.774 		69.492
v 58 		82.397 		64.723
v -3.631 		16.304 		2
v -3.975 		16.002 		2
v 58 		82.052 		65.025
v -4.277 		15.658 		2
v -4.531 		15.277 		2
v 58 		81.75 		65.369
v -4.734 		14.867 		2
v -4.881 		14.433 		2
v -4.97 		13.984 		2
v 58 		87.304 		65.369
v -2.99 		13.723 		2
v 1.97 		62.984 		2
v -3.003 		13.527 		2
v 58 		87.002 		65.025
v 1.881 		63.433 		2
v -2.951 		13.916 		2
v 58 		86.658 		64.723
v 1.734 		63.867 		2
v 1.531 		64.277 		2
v 58 		86.277 		64.469
v -2.888 		14.102 		2
v 1.277 		64.658 		2
v 58 		85.867 		64.266
v -2.801 		14.278 		2
v 0.975 		65.002 		2
v 58 		85.433 		64.119
v 0.631 		65.304 		2
v 58 		84.984 		64.03
v 0.003 		62.527 		2
v -2.415 		12.335 		2
v -2.562 		12.465 		2
v -2.692 		12.612 		2
v -2.801 		12.776 		2
v -64 		50.293 		27.56
v -2.888 		12.952 		2
v -64 		50.204 		28.009
v -64 		50.057 		28.443
v -2.951 		13.138 		2
v -64 		49.854 		28.854
v -64 		49.6 		29.234
v -2.99 		13.331 		2
v -64 		49.298 		29.578
v -64 		49.298 		24.629
v -2.692 		14.442 		2
v -64 		49.6 		24.973
v -64 		49.854 		25.354
v -2.562 		14.59 		2
v -64 		50.057 		25.764
v -64 		50.204 		26.198
v -2.415 		14.719 		2
v -64 		50.293 		26.647
v -2.251 		14.828 		2
v -64 		48.954 		29.88
v -2.075 		14.915 		2
v -64 		48.573 		30.135
v -64 		48.162 		30.337
v -64 		47.729 		30.484
v -64 		47.28 		30.574
v -0.199 		14.278 		2
v -51 		46.934 		28.555
v -64 		46.366 		30.574
v -64 		45.917 		30.484
v -0.112 		14.102 		2
v -64 		45.484 		30.337
v -51 		48.774 		27.492
v -64 		45.073 		30.135
v -0.049 		13.916 		2
v -51 		48.813 		27.3
v -64 		44.692 		29.88
v -0.01 		13.723 		2
v -64 		44.348 		29.578
v -51 		48.825 		27.104
v -51 		48.813 		26.907
v -64 		44.046 		29.234
v -64 		43.792 		28.854
v -51 		48.774 		26.715
v -0.01 		13.331 		2
v -64 		43.589 		28.443
v -64 		43.442 		28.009
v -51 		47.323 		28.606
v -0.049 		13.138 		2
v -51 		47.519 		28.593
v -64 		43.353 		27.56
v -51 		47.712 		28.555
v -0.112 		12.952 		2
v -64 		43.353 		26.647
v -51 		47.898 		28.492
v -64 		43.442 		26.198
v -0.199 		12.776 		2
v -64 		43.589 		25.764
v -51 		48.074 		28.405
v -64 		43.792 		25.354
v -0.308 		12.612 		2
v -51 		48.238 		28.296
v -64 		44.046 		24.973
v -64 		44.348 		24.629
v -51 		48.385 		28.166
v -0.438 		12.465 		2
v -51 		48.515 		28.018
v -0.585 		12.335 		2
v -51 		48.624 		27.855
v -51 		48.711 		27.679
v -64 		45.935 		26.529
v -64 		46.022 		26.352
v -64 		46.131 		26.189
v -64 		46.261 		26.041
v -64 		46.408 		25.912
v -64 		46.572 		25.802
v -64 		46.748 		25.715
v -64 		46.934 		25.652
v -1.889 		14.978 		2
v -1.696 		15.017 		2
v -1.5 		15.03 		2
v -64 		47.127 		25.614
v -64 		47.323 		25.601
v -64 		47.519 		25.614
v -64 		47.712 		25.652
v -1.304 		15.017 		2
v -64 		47.898 		25.715
v -64 		48.074 		25.802
v -64 		48.238 		25.912
v -64 		48.385 		26.041
v -64 		48.515 		26.189
v -64 		48.624 		26.352
v -64 		48.711 		26.529
v -1.111 		14.978 		2
v -0.925 		14.915 		2
v -0.749 		14.828 		2
v -64 		46.934 		28.555
v -0.585 		14.719 		2
v -64 		46.748 		28.492
v -64 		46.572 		28.405
v -64 		46.408 		28.296
v -64 		46.261 		28.166
v -64 		46.131 		28.018
v -64 		46.022 		27.855
v -64 		45.935 		27.679
v -64 		45.872 		27.492
v -64 		45.833 		27.3
v -64 		45.82 		27.104
v -64 		45.833 		26.907
v -64 		45.872 		26.715
v -0.438 		14.59 		2
v 58 		82.0273 		39.2
v -0.308 		14.442 		2
v -64 		48.774 		26.715
v -64 		48.813 		26.907
v -64 		48.825 		27.104
v -64 		48.813 		27.3
v -64 		48.774 		27.492
v 58 		82.003 		39.164
v 0.25 		59.496 		2
v 58 		81.961 		39.13
v 0.631 		59.75 		2
v 0.975 		60.052 		2
v 1.277 		60.396 		2
v 1.531 		60.777 		2
v -64 		47.323 		28.606
v -64 		47.127 		28.593
v 58 		81.143 		39.196
v 1.734 		61.188 		2
v 58 		81.252 		39.199
v 58 		81.337 		38.999
v -3.631 		65.304 		2
v -3.975 		65.002 		2
v 58 		81.655 		39.025
v -4.277 		64.658 		2
v 58 		81.553 		39.01
v -4.531 		64.277 		2
v 58 		81.446 		39.001
v -4.734 		63.867 		2
v -4.881 		63.433 		2
v -4.97 		62.984 		2
v -5 		62.527 		2
v 58 		81.832 		39.069
v -4.97 		62.07 		2
v 58 		81.748 		39.044
v -4.881 		61.621 		2
v -2.99 		62.723 		2
v -3.003 		62.527 		2
v -2.951 		62.916 		2
v -2.888 		63.102 		2
v 58 		81.903 		39.097
v -2.801 		63.278 		2
v -2.692 		63.442 		2
v -2.562 		61.465 		2
v -2.692 		61.613 		2
v -2.801 		61.776 		2
v -2.888 		61.952 		2
v -2.951 		62.138 		2
v -2.99 		62.331 		2
v -2.562 		63.59 		2
v -2.415 		63.719 		2
v -2.251 		63.828 		2
v -2.075 		63.915 		2
v -0.308 		63.442 		2
v -0.199 		63.278 		2
v -0.112 		63.102 		2
v -51 		47.127 		28.593
v -51 		46.823 		23.604
v -51 		47.28 		23.633
v -51 		47.729 		23.723
v -51 		48.162 		23.87
v -51 		48.573 		24.072
v -51 		48.954 		24.327
v -51 		44.692 		24.327
v -51 		45.073 		24.072
v -51 		45.484 		23.87
v -51 		45.917 		23.723
v -51 		46.366 		23.633
v 58 		-9.027 		2
v 58 		-91 		2
v 58 		-91 		1
v 58 		-9.027 		1
v -60.003 		4.027 		13.453
v -43.998 		4.027 		13.453
v -43.998 		4.027 		3.998
v -60.003 		4.027 		3.998
v 58 		6.027 		77
v -64 		48.711 		27.679
v -64 		48.624 		27.855
v -64 		48.515 		28.018
v -64 		48.385 		28.166
v -64 		48.238 		28.296
v -64 		48.074 		28.405
v -64 		47.898 		28.492
v -64 		47.712 		28.555
v 54 		8.621 		39.881
v -64 		47.519 		28.593
v -0.049 		62.916 		2
v 54 		7.396 		39.277
v 54 		7.777 		39.531
v -64 		44.692 		24.327
v 54 		8.188 		39.734
v -0.01 		62.723 		2
v 58 		8.621 		39.881
v -64 		45.073 		24.072
v -64 		45.484 		23.87
v -64 		45.917 		23.723
v 58 		7.396 		39.277
v -64 		46.366 		23.633
v 58 		7.777 		39.531
v -0.01 		62.331 		2
v 58 		8.188 		39.734
v -64 		47.28 		23.633
v -64 		47.729 		23.723
v -0.049 		62.138 		2
v -64 		48.162 		23.87
v 54 		8.621 		70.881
v -0.112 		61.952 		2
v -64 		48.573 		24.072
v -64 		48.954 		24.327
v 54 		8.226 		66.749
v -0.199 		61.776 		2
v -64 		-91 		2
v -64 		-9.027 		2
v -64 		-9.027 		1
v -64 		-91 		1
v 54 		8.335 		66.585
v 59.931 		4.027 		77
v 59.931 		4.027 		2
v 54 		8.465 		66.438
v -0.308 		61.613 		2
v 54 		8.612 		66.308
v 59.973 		90 		2
v -0.438 		61.465 		2
v 54 		8.776 		66.199
v 59.973 		90 		77
v 59.931 		6.027 		77
v 59.931 		6.027 		39.2
v -4.734 		12.188 		2
v 59.931 		6.004 		39.2
v -1.889 		63.978 		2
v 59.931 		6.004 		2
v -4.531 		11.777 		2
v -1.696 		64.017 		2
v -4.277 		11.396 		2
v -3.975 		11.052 		2
v -1.5 		64.03 		2
v -3.631 		10.75 		2
v 54 		8.776 		68.801
v -1.304 		64.017 		2
v -3.25 		10.496 		2
v 54 		8.612 		68.692
v -2.839 		10.294 		2
v -1.111 		63.978 		2
v 54 		8.465 		68.562
v 54 		8.335 		68.415
v -0.925 		63.915 		2
v -2.406 		10.146 		2
v -0.749 		63.828 		2
v -1.957 		10.057 		2
v -0.585 		63.719 		2
v -1.5 		10.027 		2
v -1.043 		10.057 		2
v -0.438 		63.59 		2
v -0.594 		10.146 		2
v -0.161 		10.294 		2
v -0.749 		12.226 		2
v -0.925 		12.139 		2
v -1.111 		12.076 		2
v -1.304 		12.038 		2
v -1.5 		12.025 		2
v -1.696 		12.038 		2
v -1.889 		12.076 		2
v -2.075 		12.139 		2
v -2.251 		12.226 		2
v -63 		13.527 		2
v -56 		13.527 		2
v -59.5 		17.027 		2
v -57.75 		16.558 		2
v 54 		8.226 		68.251
v 54 		8.025 		67.5
v 54 		8.038 		67.304
v 54 		8.076 		67.111
v 54 		8.139 		66.925
v 54 		8.139 		68.075
v 54 		8.076 		67.889
v 54 		8.038 		67.696
v 54 		8.188 		70.734
v 54 		7.052 		69.975
v 54 		7.396 		70.277
v 54 		7.777 		70.531
v 54 		6.496 		65.75
v 54 		6.294 		66.161
v 54 		6.146 		66.594
v 54 		6.057 		67.043
v 54 		6.027 		67.5
v 54 		6.057 		67.957
v 54 		6.146 		68.406
v 54 		6.294 		68.839
v 54 		6.496 		69.25
v 54 		6.75 		69.631
v 54 		8.621 		64.119
v 54 		8.188 		64.266
v 54 		7.777 		64.469
v 54 		7.396 		64.723
v 54 		7.052 		65.025
v 54 		6.75 		65.369
v -58.161 		16.761 		2
v -58.594 		16.908 		2
v -59.043 		16.997 		2
v -59.957 		16.997 		2
v -60.406 		16.908 		2
v -60.839 		16.761 		2
v -61.25 		16.558 		2
v -57.025 		11.052 		2
v -56.723 		11.396 		2
v -56.469 		11.777 		2
v -56.266 		12.188 		2
v -56.119 		12.621 		2
v -56.03 		13.07 		2
v -56.03 		13.984 		2
v -56.119 		14.433 		2
v -56.266 		14.867 		2
v -56.469 		15.277 		2
v -56.723 		15.658 		2
v -57.025 		16.002 		2
v -62.97 		13.07 		2
v -62.881 		12.621 		2
v -57.369 		16.304 		2
v -61.631 		16.304 		2
v -61.975 		16.002 		2
v -62.277 		15.658 		2
v -62.531 		15.277 		2
v -62.734 		14.867 		2
v -62.881 		14.433 		2
v -62.97 		13.984 		2
v -60.99 		13.723 		2
v -61.003 		13.527 		2
v -60.99 		13.331 		2
v -60.951 		13.138 		2
v -60.888 		12.952 		2
v -60.801 		12.776 		2
v -60.692 		12.612 		2
v -60.562 		12.465 		2
v -60.415 		12.335 		2
v -1.5 		59.027 		2
v -1.043 		59.057 		2
v -0.594 		59.146 		2
v -0.161 		59.294 		2
v -4.734 		61.188 		2
v -4.531 		60.777 		2
v -4.277 		60.396 		2
v -3.975 		60.052 		2
v -3.631 		59.75 		2
v 54 		8.776 		37.801
v -3.25 		59.496 		2
v 54 		8.612 		37.692
v -2.839 		59.294 		2
v 54 		8.465 		37.562
v 54 		8.335 		37.415
v 54 		8.226 		37.251
v -2.406 		59.146 		2
v -1.957 		59.057 		2
v 54 		8.139 		37.075
v 54 		8.076 		36.889
v -0.585 		61.335 		2
v -0.749 		61.226 		2
v -0.925 		61.139 		2
v 54 		6.057 		36.957
v 54 		6.146 		37.406
v 54 		6.294 		37.839
v 54 		6.496 		38.25
v 54 		6.75 		38.631
v 54 		7.052 		38.975
v -1.111 		61.076 		2
v 54 		8.226 		35.749
v -1.304 		61.038 		2
v 54 		8.335 		35.585
v 54 		8.465 		35.438
v -1.5 		61.025 		2
v 54 		8.612 		35.308
v 54 		8.776 		35.199
v -1.696 		61.038 		2
v 59.602 		12.8052 		39.2
v -1.889 		61.076 		2
v -2.075 		61.139 		2
v -2.251 		61.226 		2
v 54 		8.621 		33.119
v -2.415 		61.335 		2
v 54 		8.038 		36.696
v 54 		8.025 		36.5
v 54 		8.038 		36.304
v 54 		8.076 		36.111
v 54 		8.139 		35.925
v 54 		8.188 		33.266
v 54 		7.777 		33.469
v 54 		7.396 		33.723
v 54 		7.052 		34.025
v 54 		6.75 		34.369
v 54 		6.496 		34.75
v 54 		6.294 		35.161
v 54 		6.146 		35.594
v 54 		6.057 		36.043
v 54 		6.027 		36.5
v 59.602 		12.817 		39.199
v 2 		43.323 		2
v 54 		9.07 		39.97
v 54 		9.527 		40
v 54 		9.984 		39.97
v 54 		10.433 		39.881
v 54 		10.867 		39.734
v 54 		11.277 		39.531
v 54 		11.658 		39.277
v 54 		9.07 		70.97
v 54 		9.527 		71
v 54 		9.984 		70.97
v 54 		10.433 		70.881
v 54 		10.867 		70.734
v 54 		11.277 		70.531
v 54 		11.658 		70.277
v 54 		12.002 		69.975
v 54 		9.527 		65.998
v 54 		9.723 		66.01
v 54 		9.916 		66.049
v 54 		10.102 		66.112
v 54 		8.952 		66.112
v 54 		9.138 		66.049
v 54 		9.331 		66.01
v 59.973 		88 		2
v 54 		10.278 		66.199
v 59.973 		88 		77
v 59.973 		88 		63
v 54 		10.442 		66.308
v 54 		10.59 		66.438
v 54 		10.719 		66.585
v 54 		10.828 		66.749
v 54 		10.915 		66.925
v 54 		10.978 		67.111
v 54 		11.017 		67.304
v 54 		11.03 		67.5
v 54 		10.102 		68.888
v 54 		9.916 		68.951
v 54 		9.723 		68.99
v 54 		9.527 		69.003
v 54 		9.331 		68.99
v 59.973 		88 		39.2
v 54 		9.138 		68.951
v 54 		8.952 		68.888
v 54 		11.017 		67.696
v 54 		10.978 		67.889
v 54 		10.915 		68.075
v 54 		10.828 		68.251
v 54 		10.719 		68.415
v 54 		10.59 		68.562
v 54 		10.442 		68.692
v 54 		10.278 		68.801
v 54 		12.304 		69.631
v 54 		12.558 		69.25
v 54 		12.761 		68.839
v 54 		12.908 		68.406
v 54 		12.997 		67.957
v 54 		13.027 		67.5
v 54 		12.997 		67.043
v 54 		12.908 		66.594
v 54 		12.761 		66.161
v 54 		12.558 		65.75
v 54 		12.304 		65.369
v 54 		12.002 		65.025
v 54 		11.658 		64.723
v 54 		11.277 		64.469
v 54 		10.867 		64.266
v 54 		10.433 		64.119
v 54 		9.984 		64.03
v 54 		9.527 		64
v 54 		9.07 		64.03
v -43.998 		6.027 		13.453
v -60.003 		6.027 		13.453
v -60.003 		6.027 		3.998
v -43.998 		6.027 		3.998
v -43.998 		6.027 		2
v 2 		88 		2
v 54 		86.25 		39.531
v 54 		86.631 		39.277
v 54 		82.37 		39.277
v 54 		82.75 		39.531
v 54 		83.161 		39.734
v 54 		83.594 		39.881
v 54 		84.043 		39.97
v 54 		84.5 		40
v 54 		84.957 		39.97
v 54 		85.406 		39.881
v 54 		85.84 		39.734
v -60.003 		16.9879 		5
v -60.406 		16.908 		5
v -60.839 		16.761 		5
v -61.25 		16.558 		5
v 54 		86.017 		67.304
v 54 		86.03 		67.5
v 54 		86.017 		67.696
v 54 		86.277 		70.531
v 54 		86.658 		70.277
v 54 		87.002 		69.975
v 54 		87.304 		69.631
v 54 		87.558 		69.25
v 54 		87.761 		68.839
v 54 		87.908 		68.406
v 54 		87.997 		67.957
v 54 		87.997 		67.043
v 54 		87.908 		66.594
v 54 		87.761 		66.161
v 54 		87.558 		65.75
v 54 		83.025 		67.5
v 54 		83.038 		67.304
v 54 		83.076 		67.111
v 54 		83.139 		66.925
v 54 		83.226 		66.749
v 54 		83.335 		66.585
v 54 		83.465 		66.438
v 54 		83.612 		66.308
v 54 		83.776 		66.199
v 54 		83.952 		66.112
v 54 		84.527 		65.998
v 54 		84.723 		66.01
v -62.97 		13.984 		5
v -63 		13.527 		5
v -62.97 		13.07 		5
v -62.881 		12.621 		5
v 54 		84.916 		66.049
v 54 		85.102 		66.112
v -61.631 		16.304 		5
v -61.975 		16.002 		5
v -62.277 		15.658 		5
v -62.531 		15.277 		5
v -62.734 		14.867 		5
v -62.881 		14.433 		5
v 54 		85.278 		66.199
v 54 		85.442 		66.308
v 54 		85.59 		66.438
v 54 		85.719 		66.585
v 54 		85.828 		66.749
v 54 		85.915 		66.925
v 54 		85.978 		67.111
v 54 		84.138 		66.049
v 54 		84.331 		66.01
v 54 		83.952 		68.888
v 54 		83.776 		68.801
v 59.602 		81.2638 		39.2
v 54 		83.612 		68.692
v 54 		83.465 		68.562
v 54 		83.335 		68.415
v 54 		83.226 		68.251
v 54 		83.139 		68.075
v 54 		83.076 		67.889
v 54 		83.038 		67.696
v 54 		85.978 		67.889
v 54 		85.915 		68.075
v 54 		85.828 		68.251
v 54 		85.719 		68.415
v 59.602 		81.252 		39.199
v 54 		85.59 		68.562
v 54 		85.442 		68.692
v 54 		85.278 		68.801
v 54 		85.102 		68.888
v 54 		84.916 		68.951
v 54 		84.723 		68.99
v 54 		84.527 		69.003
v 54 		84.331 		68.99
v 54 		84.138 		68.951
v 54 		83.188 		70.734
v 54 		83.621 		70.881
v 54 		84.07 		70.97
v 54 		84.527 		71
v 54 		84.984 		70.97
v 54 		85.433 		70.881
v 54 		85.867 		70.734
v 54 		82.052 		69.975
v 54 		82.397 		70.277
v 54 		82.777 		70.531
v 54 		81.027 		67.5
v 54 		81.057 		67.957
v 54 		81.146 		68.406
v 54 		81.294 		68.839
v 54 		81.496 		69.25
v 54 		81.75 		69.631
v 54 		81.496 		65.75
v 54 		81.294 		66.161
v 54 		81.146 		66.594
v 54 		81.057 		67.043
v 54 		82.777 		64.469
v 54 		82.397 		64.723
v 54 		82.052 		65.025
v 54 		81.75 		65.369
v 54 		87.304 		65.369
v 54 		87.002 		65.025
v 54 		86.658 		64.723
v 54 		86.277 		64.469
v 54 		85.867 		64.266
v 54 		85.433 		64.119
v 54 		84.984 		64.03
v 54 		84.527 		64
v 54 		84.07 		64.03
v 54 		83.621 		64.119
v 54 		83.188 		64.266
v -57.75 		16.558 		3.998
v -58.161 		16.761 		3.998
v -58.594 		16.908 		3.998
v -59.043 		16.997 		3.998
v -59.5 		17.027 		3.998
v -59.957 		16.997 		3.998
v -60.003 		16.9879 		3.998
v -57.025 		11.052 		3.998
v -56.723 		11.396 		3.998
v -56.469 		11.777 		3.998
v -56.266 		12.188 		3.998
v -56.119 		12.621 		3.998
v -56.03 		13.07 		3.998
v -56 		13.527 		3.998
v -56.03 		13.984 		3.998
v -56.119 		14.433 		3.998
v -56.266 		14.867 		3.998
v -56.469 		15.277 		3.998
v -56.723 		15.658 		3.998
v -57.025 		16.002 		3.998
v 54 		12.002 		38.975
v 54 		12.304 		38.631
v 54 		12.558 		38.25
v 54 		12.761 		37.839
v 54 		12.908 		37.406
v 54 		12.997 		36.957
# 2480 vertices

g group_0_15277357

usemtl color_15277357
s 0

f 3 	5 	2
f 8 	234 	5
f 235 	133 	234
f 25 	1 	22
f 19 	20 	2
f 20 	22 	1
f 29 	34 	28
f 30 	34 	29
f 31 	34 	30
f 69 	34 	31
f 70 	34 	69
f 26 	28 	34
f 34 	35 	26
f 35 	37 	26
f 37 	38 	26
f 39 	26 	38
f 41 	104 	42
f 42 	104 	44
f 47 	45 	104
f 44 	104 	45
f 48 	1 	25
f 1 	48 	49
f 50 	2038 	52
f 2 	20 	1
f 52 	2038 	54
f 53 	236 	51
f 54 	2038 	55
f 56 	236 	53
f 55 	2038 	57
f 59 	2038 	61
f 57 	2038 	58
f 58 	2038 	59
f 72 	74 	71
f 68 	73 	364
f 70 	71 	74
f 74 	76 	70
f 76 	77 	70
f 34 	70 	77
f 75 	364 	73
f 82 	104 	83
f 83 	104 	85
f 84 	376 	81
f 87 	124 	86
f 85 	104 	88
f 90 	104 	41
f 88 	104 	90
f 89 	376 	84
f 17 	18 	2
f 5 	17 	2
f 98 	5 	97
f 103 	398 	101
f 102 	103 	101
f 5 	98 	17
f 107 	104 	109
f 105 	104 	107
f 111 	5 	108
f 118 	5 	117
f 108 	5 	118
f 100 	131 	99
f 99 	180 	122
f 125 	93 	134
f 133 	117 	5
f 113 	5 	111
f 96 	5 	94
f 96 	97 	5
f 94 	5 	113
f 642 	640 	101
f 100 	127 	128
f 100 	128 	129
f 100 	129 	130
f 100 	130 	131
f 180 	99 	131
f 79 	17 	98
f 19 	2 	18
f 298 	300 	233
f 67 	233 	300
f 141 	64 	302
f 302 	303 	141
f 140 	142 	146
f 135 	142 	140
f 136 	142 	135
f 143 	146 	142
f 145 	146 	143
f 64 	65 	302
f 139 	140 	146
f 144 	139 	146
f 134 	93 	156
f 156 	93 	160
f 160 	93 	162
f 159 	163 	1601
f 162 	93 	164
f 164 	93 	167
f 163 	166 	1601
f 167 	93 	169
f 169 	93 	171
f 147 	1 	49
f 153 	147 	49
f 158 	147 	153
f 158 	144 	147
f 171 	93 	174
f 147 	144 	146
f 93 	175 	174
f 175 	104 	105
f 177 	179 	1461
f 121 	122 	180
f 184 	121 	180
f 184 	180 	181
f 184 	181 	182
f 183 	184 	182
f 142 	136 	137
f 201 	86 	124
f 442 	2190 	2189
f 86 	201 	188
f 7 	455 	451
f 6 	460 	455
f 6 	455 	7
f 460 	6 	461
f 9 	461 	6
f 187 	188 	201
f 33 	466 	9
f 461 	9 	466
f 211 	133 	209
f 36 	469 	466
f 36 	466 	33
f 206 	133 	211
f 208 	209 	133
f 469 	36 	471
f 40 	471 	36
f 217 	133 	214
f 471 	40 	474
f 43 	474 	40
f 208 	133 	219
f 219 	133 	217
f 46 	477 	474
f 46 	474 	43
f 46 	51 	227
f 226 	227 	51
f 224 	133 	222
f 214 	133 	224
f 477 	46 	227
f 137 	190 	222
f 222 	133 	137
f 142 	137 	133
f 206 	117 	133
f 233 	242 	298
f 132 	133 	235
f 5 	234 	133
f 237 	238 	239
f 237 	239 	240
f 236 	226 	51
f 901 	298 	242
f 246 	243 	245
f 244 	245 	243
f 236 	2461 	226
f 247 	248 	249
f 247 	249 	250
f 254 	889 	252
f 255 	257 	243
f 244 	243 	257
f 244 	257 	258
f 256 	236 	56
f 259 	889 	254
f 256 	2460 	236
f 261 	887 	259
f 252 	891 	242
f 263 	882 	261
f 814 	678 	817
f 808 	684 	810
f 846 	262 	264
f 265 	882 	263
f 106 	256 	56
f 267 	264 	940
f 937 	264 	267
f 946 	943 	266
f 268 	873 	265
f 10 	15 	92
f 10 	92 	11
f 15 	270 	271
f 15 	271 	92
f 270 	273 	274
f 270 	274 	271
f 273 	278 	279
f 273 	279 	274
f 277 	742 	269
f 1905 	269 	742
f 1914 	1911 	740
f 1915 	1914 	740
f 266 	1915 	740
f 266 	740 	736
f 946 	266 	948
f 278 	280 	281
f 278 	281 	279
f 280 	282 	283
f 280 	283 	281
f 275 	155 	308
f 275 	308 	284
f 284 	491 	275
f 282 	285 	286
f 282 	286 	283
f 276 	348 	272
f 276 	371 	348
f 285 	287 	288
f 285 	288 	286
f 289 	257 	290
f 291 	292 	1280
f 290 	257 	293
f 255 	546 	257
f 291 	294 	295
f 291 	295 	292
f 293 	257 	296
f 294 	297 	299
f 294 	299 	295
f 65 	67 	300
f 272 	873 	268
f 300 	301 	65
f 301 	302 	65
f 304 	305 	23
f 305 	314 	23
f 984 	23 	314
f 297 	306 	307
f 297 	307 	299
f 308 	257 	289
f 306 	309 	310
f 306 	310 	307
f 309 	312 	313
f 309 	313 	310
f 312 	316 	318
f 312 	318 	313
f 314 	315 	984
f 979 	984 	315
f 968 	972 	323
f 323 	325 	968
f 957 	968 	326
f 319 	320 	318
f 319 	318 	316
f 322 	324 	320
f 322 	320 	319
f 326 	327 	957
f 326 	968 	325
f 311 	956 	327
f 328 	311 	327
f 329 	330 	324
f 329 	324 	322
f 332 	2334 	331
f 393 	395 	21
f 331 	334 	335
f 331 	335 	332
f 334 	338 	339
f 334 	339 	335
f 336 	126 	60
f 338 	340 	341
f 338 	341 	339
f 340 	343 	344
f 340 	344 	341
f 347 	348 	345
f 348 	344 	345
f 343 	345 	344
f 346 	336 	60
f 346 	60 	63
f 350 	351 	865
f 350 	1320 	351
f 2335 	351 	1320
f 63 	66 	346
f 353 	346 	66
f 358 	353 	66
f 358 	66 	68
f 2468 	2469 	358
f 364 	368 	2468
f 68 	364 	358
f 2466 	2467 	368
f 368 	364 	75
f 390 	14 	389
f 13 	389 	14
f 370 	373 	2466
f 14 	390 	16
f 75 	78 	368
f 370 	368 	78
f 393 	21 	16
f 333 	21 	395
f 464 	372 	371
f 373 	370 	78
f 373 	78 	81
f 396 	337 	395
f 333 	395 	337
f 374 	372 	464
f 337 	396 	342
f 81 	376 	373
f 379 	376 	89
f 403 	354 	352
f 89 	91 	379
f 382 	379 	91
f 403 	404 	354
f 356 	354 	404
f 382 	2462 	379
f 356 	404 	359
f 406 	359 	404
f 385 	382 	91
f 385 	91 	95
f 407 	361 	406
f 359 	406 	361
f 197 	1411 	195
f 361 	407 	409
f 361 	409 	363
f 389 	13 	409
f 95 	585 	385
f 385 	2462 	382
f 439 	357 	435
f 355 	435 	357
f 256 	106 	391
f 390 	392 	16
f 357 	439 	360
f 16 	392 	393
f 360 	447 	362
f 391 	106 	394
f 110 	394 	106
f 365 	362 	450
f 447 	450 	362
f 394 	397 	2457
f 454 	366 	450
f 365 	450 	366
f 114 	397 	394
f 114 	394 	110
f 454 	367 	366
f 398 	342 	396
f 458 	369 	367
f 397 	114 	399
f 119 	399 	114
f 401 	352 	349
f 401 	349 	400
f 120 	402 	399
f 120 	399 	119
f 403 	352 	401
f 371 	462 	464
f 402 	120 	405
f 123 	405 	120
f 467 	374 	464
f 405 	2474 	402
f 467 	470 	374
f 375 	374 	470
f 123 	126 	405
f 408 	405 	126
f 375 	470 	377
f 472 	377 	470
f 408 	2474 	405
f 377 	472 	378
f 336 	408 	126
f 410 	411 	412
f 410 	412 	413
f 378 	478 	380
f 381 	380 	480
f 478 	480 	380
f 336 	346 	2472
f 2470 	2471 	346
f 483 	383 	480
f 381 	480 	383
f 414 	416 	417
f 414 	417 	415
f 416 	418 	419
f 416 	419 	417
f 383 	483 	384
f 418 	421 	422
f 418 	422 	419
f 384 	486 	386
f 387 	386 	806
f 486 	806 	386
f 422 	421 	424
f 422 	424 	425
f 2194 	426 	423
f 424 	427 	428
f 424 	428 	425
f 806 	388 	387
f 2193 	429 	426
f 2193 	426 	2194
f 427 	430 	431
f 427 	431 	428
f 435 	355 	388
f 429 	2193 	432
f 2192 	432 	2193
f 430 	433 	434
f 430 	434 	431
f 433 	436 	437
f 433 	437 	434
f 438 	432 	2192
f 436 	440 	441
f 436 	441 	437
f 440 	443 	444
f 440 	444 	441
f 439 	445 	360
f 443 	446 	448
f 443 	448 	444
f 447 	360 	445
f 442 	2189 	449
f 446 	413 	412
f 446 	412 	448
f 451 	449 	2189
f 457 	367 	454
f 458 	367 	457
f 1424 	216 	220
f 1424 	220 	223
f 475 	378 	472
f 478 	378 	475
f 227 	481 	477
f 485 	384 	483
f 227 	2461 	481
f 2344 	481 	2461
f 488 	501 	275
f 498 	619 	275
f 488 	275 	490
f 490 	275 	491
f 227 	226 	2461
f 2457 	2458 	391
f 2456 	2457 	397
f 399 	2455 	397
f 615 	715 	617
f 492 	640 	493
f 493 	640 	494
f 1445 	251 	253
f 495 	402 	2474
f 399 	402 	2455
f 2455 	402 	495
f 368 	370 	2466
f 2465 	2466 	373
f 2464 	2465 	373
f 2464 	373 	376
f 376 	379 	2464
f 453 	583 	452
f 582 	452 	583
f 496 	497 	2378
f 452 	582 	456
f 496 	499 	500
f 496 	500 	497
f 498 	275 	501
f 590 	459 	456
f 499 	502 	503
f 499 	503 	500
f 502 	506 	507
f 502 	507 	503
f 515 	607 	801
f 508 	656 	255
f 656 	595 	255
f 592 	591 	255
f 591 	588 	255
f 510 	511 	507
f 510 	507 	506
f 513 	514 	511
f 513 	511 	510
f 463 	2233 	597
f 486 	384 	485
f 463 	597 	465
f 719 	519 	515
f 718 	610 	719
f 275 	619 	715
f 711 	275 	712
f 708 	275 	711
f 607 	515 	519
f 606 	801 	607
f 684 	808 	606
f 678 	814 	681
f 672 	820 	676
f 663 	827 	669
f 517 	518 	514
f 517 	514 	513
f 603 	468 	465
f 523 	524 	518
f 523 	518 	517
f 587 	584 	255
f 255 	521 	546
f 542 	257 	546
f 539 	257 	542
f 535 	257 	539
f 533 	257 	535
f 530 	257 	533
f 603 	583 	468
f 453 	468 	583
f 525 	526 	527
f 296 	257 	530
f 528 	524 	527
f 524 	523 	527
f 525 	527 	523
f 590 	609 	459
f 473 	459 	609
f 531 	532 	526
f 531 	526 	525
f 1864 	534 	529
f 473 	609 	476
f 536 	537 	532
f 536 	532 	531
f 538 	534 	1864
f 616 	479 	476
f 540 	541 	537
f 540 	537 	536
f 544 	545 	541
f 544 	541 	540
f 616 	618 	479
f 482 	479 	618
f 548 	549 	545
f 548 	545 	544
f 482 	618 	484
f 620 	484 	618
f 552 	553 	549
f 552 	549 	548
f 484 	620 	487
f 624 	489 	487
f 624 	629 	489
f 492 	489 	629
f 640 	492 	629
f 566 	567 	565
f 567 	568 	565
f 568 	569 	565
f 569 	570 	565
f 564 	565 	570
f 564 	570 	571
f 564 	571 	572
f 564 	572 	574
f 564 	574 	575
f 640 	642 	494
f 577 	578 	644
f 578 	579 	644
f 580 	644 	579
f 642 	400 	494
f 587 	255 	588
f 554 	255 	581
f 551 	255 	554
f 521 	255 	551
f 581 	255 	584
f 586 	456 	582
f 595 	593 	255
f 590 	456 	586
f 592 	255 	593
f 594 	596 	687
f 558 	687 	596
f 598 	465 	597
f 575 	599 	564
f 600 	580 	599
f 601 	580 	600
f 602 	580 	601
f 558 	557 	604
f 558 	604 	605
f 603 	465 	598
f 557 	560 	604
f 608 	604 	560
f 613 	715 	615
f 519 	719 	610
f 610 	718 	611
f 612 	476 	609
f 611 	715 	613
f 614 	608 	560
f 616 	476 	612
f 614 	560 	562
f 617 	715 	619
f 622 	487 	620
f 562 	576 	716
f 624 	487 	622
f 614 	527 	608
f 564 	599 	580
f 580 	626 	627
f 580 	627 	628
f 580 	628 	630
f 580 	630 	631
f 580 	631 	632
f 580 	632 	634
f 580 	634 	635
f 580 	635 	636
f 580 	636 	637
f 580 	637 	638
f 604 	608 	527
f 349 	494 	400
f 638 	644 	580
f 652 	577 	644
f 652 	644 	645
f 652 	645 	646
f 652 	646 	647
f 652 	647 	648
f 652 	648 	649
f 652 	649 	650
f 651 	652 	650
f 614 	706 	527
f 658 	255 	662
f 508 	255 	658
f 661 	721 	659
f 660 	385 	585
f 662 	830 	663
f 669 	821 	672
f 883 	849 	667
f 879 	883 	668
f 668 	654 	879
f 655 	723 	654
f 666 	850 	665
f 676 	817 	678
f 585 	589 	660
f 673 	660 	589
f 664 	665 	854
f 673 	549 	660
f 681 	810 	684
f 682 	673 	589
f 682 	589 	594
f 660 	549 	385
f 682 	541 	673
f 734 	769 	688
f 683 	794 	679
f 594 	687 	682
f 687 	537 	682
f 692 	733 	690
f 690 	734 	688
f 32 	580 	602
f 27 	580 	32
f 24 	580 	27
f 12 	580 	24
f 693 	580 	12
f 694 	580 	693
f 695 	580 	694
f 696 	580 	695
f 697 	580 	696
f 626 	580 	697
f 558 	605 	687
f 742 	741 	1905
f 605 	537 	687
f 708 	704 	275
f 702 	275 	704
f 745 	737 	705
f 562 	707 	614
f 706 	614 	707
f 712 	275 	715
f 707 	562 	716
f 720 	743 	714
f 743 	744 	714
f 715 	611 	718
f 721 	661 	720
f 255 	830 	662
f 716 	576 	420
f 528 	527 	706
f 722 	659 	721
f 727 	759 	726
f 1907 	1905 	741
f 1909 	1907 	740
f 2462 	2463 	379
f 2464 	379 	2463
f 154 	708 	157
f 879 	654 	723
f 722 	723 	655
f 741 	740 	1907
f 708 	711 	157
f 730 	266 	731
f 731 	266 	735
f 537 	605 	532
f 526 	532 	605
f 541 	682 	537
f 545 	673 	541
f 549 	673 	545
f 2462 	385 	553
f 553 	385 	549
f 605 	604 	526
f 527 	526 	604
f 734 	690 	733
f 732 	733 	692
f 698 	739 	692
f 701 	738 	698
f 710 	714 	744
f 744 	745 	710
f 739 	698 	738
f 732 	692 	739
f 655 	659 	722
f 743 	720 	661
f 705 	710 	745
f 701 	705 	737
f 737 	738 	701
f 749 	1624 	748
f 748 	1651 	747
f 747 	1653 	746
f 755 	1655 	754
f 797 	798 	756
f 754 	1658 	753
f 795 	796 	767
f 763 	724 	762
f 761 	762 	724
f 760 	761 	724
f 764 	724 	763
f 765 	724 	764
f 766 	724 	765
f 768 	724 	766
f 1638 	783 	1636
f 785 	1634 	783
f 1640 	800 	1638
f 1642 	800 	1640
f 679 	795 	767
f 685 	793 	683
f 685 	688 	769
f 793 	685 	769
f 1664 	1666 	776
f 773 	774 	1628
f 772 	773 	1628
f 1662 	1664 	776
f 776 	777 	1662
f 752 	1662 	777
f 753 	1658 	752
f 1628 	1630 	772
f 1634 	785 	757
f 759 	760 	725
f 778 	724 	768
f 724 	725 	760
f 724 	778 	779
f 724 	779 	780
f 724 	780 	781
f 724 	781 	782
f 724 	782 	784
f 724 	784 	787
f 724 	787 	788
f 789 	792 	788
f 790 	792 	789
f 791 	792 	790
f 724 	788 	792
f 758 	767 	796
f 794 	683 	793
f 795 	679 	794
f 796 	797 	758
f 756 	758 	797
f 751 	756 	798
f 786 	751 	798
f 810 	681 	814
f 801 	606 	808
f 783 	1638 	802
f 802 	1638 	800
f 799 	800 	1642
f 807 	1646 	805
f 799 	1642 	807
f 809 	815 	910
f 817 	676 	820
f 813 	388 	806
f 907 	909 	818
f 821 	669 	827
f 824 	829 	906
f 819 	1681 	816
f 435 	388 	813
f 820 	672 	821
f 829 	831 	906
f 822 	823 	328
f 905 	906 	831
f 196 	194 	727
f 825 	1616 	1679
f 827 	663 	830
f 836 	759 	727
f 837 	759 	836
f 838 	759 	837
f 830 	255 	841
f 840 	954 	835
f 255 	262 	844
f 255 	844 	841
f 204 	728 	203
f 728 	207 	203
f 847 	846 	264
f 255 	264 	262
f 916 	965 	843
f 843 	966 	840
f 847 	264 	851
f 848 	1675 	845
f 1675 	1725 	845
f 207 	700 	149
f 851 	264 	853
f 826 	828 	823
f 826 	823 	822
f 857 	858 	828
f 857 	828 	826
f 861 	862 	858
f 861 	858 	857
f 213 	731 	215
f 865 	866 	862
f 865 	862 	861
f 735 	218 	215
f 867 	913 	863
f 351 	866 	865
f 870 	348 	869
f 347 	869 	348
f 869 	872 	873
f 869 	873 	870
f 803 	912 	867
f 859 	863 	674
f 853 	264 	874
f 221 	740 	225
f 876 	877 	875
f 877 	873 	875
f 872 	875 	873
f 876 	880 	882
f 876 	882 	877
f 878 	264 	881
f 667 	668 	883
f 880 	884 	885
f 880 	885 	882
f 666 	667 	849
f 884 	886 	887
f 884 	887 	885
f 886 	888 	889
f 886 	889 	887
f 850 	666 	849
f 675 	664 	856
f 674 	675 	859
f 856 	859 	675
f 854 	665 	850
f 854 	856 	664
f 888 	890 	891
f 888 	891 	889
f 759 	892 	893
f 759 	893 	894
f 759 	894 	895
f 759 	895 	896
f 897 	898 	896
f 900 	896 	898
f 759 	896 	900
f 890 	899 	901
f 890 	901 	891
f 902 	303 	302
f 902 	302 	903
f 902 	908 	304
f 902 	304 	303
f 831 	833 	905
f 904 	905 	833
f 833 	835 	904
f 904 	835 	954
f 906 	907 	824
f 818 	824 	907
f 815 	818 	909
f 909 	910 	815
f 910 	911 	809
f 803 	809 	911
f 911 	912 	803
f 913 	867 	912
f 674 	863 	913
f 908 	914 	305
f 908 	305 	304
f 927 	964 	916
f 725 	726 	759
f 759 	838 	915
f 759 	915 	917
f 759 	917 	918
f 759 	918 	919
f 759 	919 	920
f 759 	920 	921
f 759 	921 	922
f 759 	922 	923
f 759 	923 	924
f 759 	924 	925
f 759 	925 	926
f 759 	926 	928
f 759 	928 	892
f 305 	914 	929
f 305 	929 	314
f 929 	931 	315
f 929 	315 	314
f 936 	934 	264
f 930 	881 	264
f 874 	264 	878
f 931 	933 	317
f 931 	317 	315
f 930 	264 	934
f 932 	963 	927
f 936 	264 	937
f 938 	961 	935
f 298 	901 	939
f 899 	939 	901
f 941 	960 	938
f 935 	962 	932
f 939 	942 	300
f 939 	300 	298
f 940 	264 	943
f 944 	959 	941
f 942 	945 	301
f 942 	301 	300
f 736 	735 	266
f 264 	266 	943
f 948 	266 	730
f 945 	903 	302
f 945 	302 	301
f 369 	458 	951
f 2056 	2052 	266
f 786 	969 	949
f 786 	949 	751
f 951 	1162 	1164
f 951 	1164 	311
f 1870 	952 	953
f 1868 	952 	1870
f 1867 	952 	1868
f 1867 	1865 	952
f 258 	1853 	952
f 954 	840 	966
f 1166 	956 	1164
f 311 	1164 	956
f 258 	955 	1493
f 1473 	1872 	1477
f 1166 	1170 	956
f 970 	258 	971
f 1184 	258 	967
f 961 	938 	960
f 962 	935 	961
f 960 	941 	959
f 963 	932 	962
f 964 	927 	963
f 965 	916 	964
f 966 	843 	965
f 958 	959 	944
f 958 	944 	947
f 949 	969 	947
f 958 	947 	969
f 967 	258 	970
f 973 	258 	974
f 178 	1045 	194
f 971 	258 	973
f 974 	258 	976
f 168 	173 	199
f 198 	173 	196
f 976 	258 	977
f 1176 	1180 	975
f 980 	981 	330
f 980 	330 	329
f 686 	165 	199
f 709 	151 	703
f 982 	983 	981
f 982 	981 	980
f 985 	986 	983
f 985 	983 	982
f 985 	989 	986
f 989 	990 	986
f 989 	10 	11
f 989 	11 	990
f 987 	1141 	988
f 992 	1001 	987
f 1001 	2055 	987
f 993 	288 	991
f 287 	991 	288
f 1194 	67 	65
f 991 	994 	996
f 991 	996 	993
f 994 	997 	998
f 994 	998 	996
f 778 	768 	680
f 997 	999 	1000
f 997 	1000 	998
f 999 	1002 	1003
f 999 	1003 	1000
f 1002 	1004 	1005
f 1002 	1005 	1003
f 992 	987 	1006
f 1006 	987 	1009
f 1004 	1007 	1008
f 1004 	1008 	1005
f 1015 	1021 	987
f 1009 	987 	1012
f 1007 	1010 	1011
f 1007 	1011 	1008
f 1011 	1010 	1013
f 1011 	1013 	1014
f 1013 	1018 	1019
f 1013 	1019 	1014
f 1016 	1021 	1015
f 1012 	987 	1020
f 643 	641 	761
f 761 	760 	643
f 1031 	1142 	2055
f 1142 	1141 	2055
f 987 	2055 	1141
f 1140 	995 	1141
f 995 	988 	1141
f 1139 	1138 	995
f 995 	1138 	1030
f 1191 	65 	1192
f 791 	790 	689
f 691 	689 	790
f 691 	790 	699
f 1197 	1192 	141
f 1042 	1085 	1027
f 1202 	242 	233
f 1075 	1070 	1034
f 1068 	1065 	1034
f 242 	1202 	252
f 1063 	1059 	1034
f 1206 	254 	252
f 1059 	1055 	1034
f 1047 	1051 	2038
f 1051 	4 	2038
f 254 	1206 	259
f 62 	2038 	4
f 1065 	1063 	1034
f 1055 	1047 	2038
f 2038 	1034 	1055
f 1162 	951 	458
f 1070 	1068 	1034
f 1078 	1075 	1034
f 957 	956 	1170
f 1078 	1034 	1079
f 1173 	968 	1170
f 957 	1170 	968
f 1079 	1034 	1082
f 1034 	1027 	1085
f 1082 	1034 	1085
f 968 	1173 	972
f 1042 	1027 	1087
f 1176 	975 	972
f 978 	975 	1180
f 1087 	1027 	1089
f 978 	1180 	979
f 1182 	979 	1180
f 984 	979 	1182
f 1188 	23 	984
f 1103 	1104 	26
f 1110 	26 	1104
f 1110 	1104 	1106
f 1110 	1106 	1107
f 1108 	1109 	1107
f 1110 	1107 	1109
f 64 	1192 	65
f 1191 	1194 	65
f 1022 	1186 	1187
f 1022 	1187 	1023
f 1186 	1022 	1189
f 1024 	1189 	1022
f 26 	1134 	1111
f 26 	1111 	1112
f 26 	1112 	1113
f 26 	1113 	1114
f 26 	1114 	1115
f 26 	1115 	1116
f 26 	1116 	1117
f 26 	1117 	1118
f 26 	1118 	1119
f 26 	1119 	1103
f 1025 	1190 	1189
f 1025 	1189 	1024
f 138 	1196 	141
f 64 	141 	1192
f 1190 	1025 	1193
f 1026 	1193 	1025
f 26 	39 	1120
f 26 	1120 	1121
f 26 	1121 	1122
f 26 	1122 	1123
f 26 	1123 	1124
f 26 	1124 	1125
f 26 	1125 	1126
f 1028 	1195 	1193
f 1028 	1193 	1026
f 233 	1200 	1202
f 1039 	1212 	1028
f 1032 	1198 	1430
f 1126 	1127 	26
f 1127 	1128 	26
f 1128 	1129 	26
f 1129 	1130 	26
f 1130 	1131 	26
f 1131 	1132 	26
f 1133 	26 	1132
f 1134 	26 	1133
f 252 	1204 	1206
f 1198 	1032 	1199
f 1033 	1199 	1032
f 1033 	1035 	1199
f 1201 	1199 	1035
f 1095 	1027 	1136
f 1092 	1027 	1095
f 1029 	1137 	1027
f 1089 	1027 	1092
f 1201 	1035 	1203
f 1036 	1203 	1035
f 1136 	1027 	1137
f 1029 	1030 	1137
f 263 	1214 	265
f 1203 	1036 	1205
f 1037 	1205 	1036
f 1218 	1222 	265
f 1138 	1137 	1030
f 1038 	1207 	1205
f 1038 	1205 	1037
f 1139 	995 	1140
f 1224 	272 	268
f 1207 	1038 	1187
f 1023 	1187 	1038
f 272 	1224 	276
f 1039 	1040 	1212
f 1216 	1212 	1040
f 1216 	1040 	1219
f 1041 	1219 	1040
f 1219 	1041 	1221
f 1043 	1221 	1041
f 1043 	1044 	1221
f 1223 	1221 	1044
f 93 	413 	446
f 446 	443 	93
f 93 	443 	440
f 1046 	1223 	1044
f 1227 	1046 	1049
f 1091 	1227 	1049
f 233 	67 	1194
f 1230 	1257 	1054
f 1057 	1233 	1054
f 1230 	1054 	1233
f 252 	1202 	1204
f 1061 	1236 	1057
f 1233 	1057 	1236
f 1236 	1061 	1064
f 1236 	1064 	1238
f 259 	1206 	1209
f 1159 	1158 	1979
f 1240 	1238 	1066
f 1064 	1066 	1238
f 259 	1209 	261
f 1067 	1243 	1066
f 1240 	1066 	1243
f 1214 	263 	261
f 1069 	1244 	1067
f 1243 	1067 	1244
f 857 	826 	416
f 1218 	265 	1214
f 1244 	1069 	1071
f 1244 	1071 	1245
f 1246 	1245 	1073
f 1071 	1073 	1245
f 1981 	1979 	1158
f 1077 	1247 	1073
f 1246 	1073 	1247
f 1224 	1226 	276
f 414 	1220 	1982
f 93 	440 	191
f 1080 	1248 	1077
f 1247 	1077 	1248
f 1226 	462 	276
f 1250 	1248 	1083
f 1080 	1083 	1248
f 1020 	987 	1021
f 1208 	1021 	1017
f 1094 	1253 	1091
f 1253 	1094 	1254
f 1098 	1254 	1094
f 1172 	1208 	1174
f 1175 	972 	1173
f 1100 	1255 	1254
f 1100 	1254 	1098
f 1176 	972 	1175
f 1255 	1100 	1256
f 1102 	1256 	1100
f 1177 	1213 	1178
f 1256 	1102 	1257
f 1105 	1257 	1102
f 1213 	1210 	1178
f 955 	258 	1184
f 1257 	1105 	1054
f 1185 	984 	1182
f 1188 	984 	1185
f 1179 	1178 	1210
f 1181 	1179 	1210
f 1183 	1181 	1210
f 1161 	1174 	1017
f 820 	1058 	1056
f 841 	1081 	1062
f 1195 	1028 	1212
f 23 	1188 	138
f 1196 	138 	1188
f 1169 	1208 	1172
f 1197 	141 	1196
f 1208 	1017 	1174
f 1200 	233 	1194
f 1168 	1183 	1210
f 1208 	1169 	1210
f 1168 	1210 	1169
f 1016 	1017 	1021
f 836 	727 	1076
f 1177 	1982 	1213
f 1211 	261 	1209
f 841 	844 	1081
f 1217 	1215 	1982
f 1214 	261 	1211
f 1215 	1213 	1982
f 1220 	1217 	1982
f 268 	265 	1222
f 1093 	1090 	851
f 851 	853 	1093
f 268 	1222 	1224
f 1046 	1225 	1223
f 1225 	1046 	1227
f 398 	396 	101
f 396 	395 	101
f 395 	393 	101
f 393 	392 	101
f 392 	390 	101
f 390 	389 	101
f 389 	409 	101
f 409 	407 	101
f 371 	276 	462
f 1228 	321 	317
f 1228 	317 	933
f 1229 	323 	321
f 1229 	321 	1228
f 1231 	325 	323
f 1231 	323 	1229
f 407 	406 	101
f 406 	404 	101
f 404 	403 	101
f 403 	401 	101
f 401 	400 	101
f 400 	642 	101
f 1232 	326 	325
f 1232 	325 	1231
f 125 	410 	93
f 413 	93 	410
f 1234 	327 	326
f 1234 	326 	1232
f 1144 	1143 	898
f 1235 	328 	327
f 1235 	327 	1234
f 328 	1235 	822
f 414 	1982 	416
f 1982 	861 	416
f 861 	857 	416
f 1242 	258 	1241
f 427 	191 	430
f 1251 	1241 	1237
f 421 	191 	424
f 424 	191 	427
f 436 	191 	440
f 430 	191 	433
f 433 	191 	436
f 1227 	1091 	1252
f 1253 	1252 	1091
f 127 	100 	597
f 586 	582 	101
f 582 	583 	101
f 100 	101 	583
f 583 	603 	100
f 603 	598 	100
f 597 	100 	598
f 1237 	1241 	870
f 1237 	870 	1239
f 1239 	870 	869
f 640 	629 	101
f 629 	624 	101
f 624 	622 	101
f 622 	620 	101
f 620 	618 	101
f 618 	616 	101
f 616 	612 	101
f 612 	609 	101
f 609 	590 	101
f 590 	586 	101
f 2332 	2280 	870
f 1258 	1259 	1260
f 1258 	1260 	1261
f 1263 	1264 	1261
f 1263 	1261 	1260
f 1268 	1312 	1266
f 1269 	1307 	1268
f 1270 	1303 	1269
f 1274 	1275 	1264
f 1274 	1264 	1263
f 1276 	1277 	1275
f 1276 	1275 	1274
f 1267 	1798 	1272
f 1239 	1296 	1237
f 1272 	1798 	1335
f 1337 	1335 	1237
f 1272 	1278 	1331
f 1327 	1324 	1272
f 1279 	1280 	1277
f 1279 	1277 	1276
f 1280 	1279 	291
f 1265 	1397 	1283
f 1266 	1395 	1265
f 1282 	1374 	1281
f 1377 	1379 	1289
f 1375 	1377 	1290
f 1290 	1377 	1289
f 1281 	1375 	1290
f 1291 	1798 	1267
f 1237 	1335 	1292
f 1295 	1019 	1293
f 1018 	1293 	1019
f 1293 	1298 	1300
f 1293 	1300 	1295
f 1299 	1271 	1294
f 1296 	1304 	1237
f 1298 	1301 	1302
f 1298 	1302 	1300
f 1303 	1270 	1299
f 1301 	1305 	1306
f 1301 	1306 	1302
f 1307 	1269 	1303
f 1309 	1311 	1306
f 1309 	1306 	1305
f 1314 	1315 	1311
f 1314 	1311 	1309
f 1312 	1268 	1307
f 1147 	1146 	895
f 1316 	1317 	1314
f 1272 	1320 	1310
f 1147 	895 	1148
f 1314 	1317 	1315
f 1319 	1358 	1318
f 1324 	1320 	1272
f 1321 	1322 	1317
f 1321 	1317 	1316
f 1318 	1359 	1323
f 1323 	1359 	1273
f 1395 	1266 	1312
f 1325 	1326 	1322
f 1325 	1322 	1321
f 892 	1150 	1149
f 1272 	1331 	1329
f 1327 	1272 	1329
f 1259 	1258 	1326
f 1259 	1326 	1325
f 1151 	1150 	892
f 1278 	1272 	1333
f 1370 	1371 	1330
f 1332 	1334 	1408
f 1337 	1237 	1297
f 1333 	1272 	1335
f 1330 	1336 	1370
f 1408 	1334 	1338
f 1339 	1369 	1336
f 1027 	1034 	1342
f 1366 	1367 	1341
f 1344 	1345 	1365
f 1736 	1732 	1034
f 1347 	1349 	1364
f 1362 	1363 	1351
f 922 	1156 	1155
f 1351 	1352 	1362
f 1361 	1362 	1352
f 1156 	922 	1157
f 1359 	1318 	1358
f 1294 	1273 	1359
f 1165 	918 	917
f 1167 	1165 	917
f 1167 	917 	1171
f 1406 	1250 	1332
f 1352 	1354 	1361
f 1319 	1361 	1354
f 1354 	1358 	1319
f 1349 	1351 	1363
f 1363 	1364 	1349
f 1364 	1365 	1347
f 1345 	1347 	1365
f 1365 	1366 	1344
f 1341 	1344 	1366
f 915 	1072 	1171
f 1332 	1408 	1406
f 1338 	1410 	1408
f 1339 	1341 	1367
f 1367 	1369 	1339
f 1370 	1336 	1369
f 1372 	1328 	1371
f 1410 	1338 	1340
f 1340 	1343 	1417
f 1286 	1287 	1384
f 1847 	1845 	1335
f 1291 	1357 	1819
f 1380 	1847 	1335
f 1839 	1292 	1842
f 1384 	1388 	1286
f 1382 	1384 	1287
f 1419 	1417 	1346
f 1343 	1346 	1417
f 1285 	1286 	1388
f 1271 	1299 	1270
f 1491 	1385 	1386
f 1478 	1034 	1482
f 1348 	1420 	1346
f 1419 	1346 	1420
f 1390 	1285 	1388
f 1288 	1289 	1379
f 1385 	1392 	1498
f 1498 	1497 	1385
f 1350 	1422 	1348
f 1420 	1348 	1422
f 1392 	1385 	1393
f 1393 	1385 	1394
f 1422 	1350 	1353
f 1422 	1353 	1425
f 1394 	1385 	1396
f 1397 	1265 	1395
f 702 	151 	149
f 1428 	1425 	1356
f 1353 	1356 	1425
f 1396 	1385 	1398
f 1374 	1283 	1397
f 154 	151 	702
f 1401 	1400 	1385
f 1398 	1385 	1399
f 1360 	1430 	1356
f 1428 	1356 	1430
f 1399 	1385 	1400
f 1379 	1382 	1288
f 1287 	1288 	1382
f 1273 	1294 	1271
f 1375 	1281 	1374
f 1283 	1374 	1282
f 161 	157 	711
f 1430 	1360 	1032
f 165 	161 	712
f 711 	712 	161
f 1403 	1404 	1421
f 1390 	1421 	1284
f 1285 	1390 	1284
f 1083 	1332 	1250
f 712 	168 	165
f 1598 	1599 	1409
f 173 	719 	176
f 1411 	1414 	1597
f 719 	178 	176
f 1410 	1340 	1413
f 1596 	1597 	1416
f 515 	801 	178
f 1413 	1340 	1417
f 1412 	1292 	1415
f 1372 	1596 	1418
f 1372 	1418 	1328
f 1330 	1371 	1328
f 1423 	1403 	1421
f 1451 	1402 	1424
f 1404 	1284 	1421
f 1415 	1292 	1426
f 1427 	1451 	1424
f 1423 	1424 	1402
f 1429 	1466 	1427
f 196 	727 	726
f 725 	198 	196
f 725 	196 	726
f 198 	725 	199
f 724 	199 	725
f 1426 	1292 	1440
f 199 	724 	686
f 792 	686 	724
f 204 	277 	728
f 1438 	1527 	1436
f 1444 	1434 	1551
f 1435 	1551 	1434
f 1445 	1604 	1437
f 1448 	1405 	1601
f 1471 	1542 	1470
f 210 	1391 	730
f 1405 	1407 	1600
f 1444 	1552 	1443
f 731 	213 	210
f 731 	210 	730
f 735 	215 	731
f 1449 	1565 	1452
f 1402 	1403 	1423
f 1463 	1464 	1431
f 1461 	1463 	1432
f 1433 	1437 	1461
f 1604 	1461 	1437
f 1447 	1603 	1445
f 1432 	1433 	1461
f 1429 	1431 	1464
f 1431 	1432 	1463
f 1464 	1466 	1429
f 1451 	1427 	1466
f 1458 	1459 	1530
f 1457 	1458 	1530
f 1530 	1531 	1457
f 1563 	1530 	1459
f 1460 	1562 	1459
f 1441 	1562 	1460
f 1443 	1560 	1442
f 1562 	1563 	1459
f 1536 	1467 	1446
f 1401 	1412 	1251
f 1249 	1401 	1251
f 1249 	1468 	1401
f 1462 	1251 	1412
f 1483 	1859 	258
f 740 	221 	218
f 1800 	1874 	1473
f 1465 	1542 	1471
f 1467 	1536 	1465
f 1476 	1605 	1475
f 1469 	1547 	1476
f 1477 	1861 	1480
f 1472 	1034 	1478
f 1488 	1486 	258
f 1480 	1859 	1483
f 277 	204 	229
f 1484 	1385 	1487
f 1482 	1034 	1484
f 1483 	258 	1486
f 1493 	1490 	258
f 1488 	258 	1490
f 1487 	1385 	1491
f 1495 	1385 	1497
f 1386 	1385 	1495
f 1517 	1523 	1590
f 1590 	1591 	1494
f 1565 	1538 	1564
f 1538 	1539 	1564
f 1704 	1705 	1506
f 1582 	1704 	1506
f 1510 	1582 	1508
f 1479 	1581 	1510
f 1539 	1540 	1564
f 1553 	1554 	1504
f 1504 	1513 	1515
f 1504 	1515 	1516
f 1504 	1516 	1518
f 1519 	1520 	1518
f 1521 	1518 	1520
f 1504 	1518 	1521
f 1439 	1589 	1523
f 1525 	1439 	1523
f 1589 	1590 	1523
f 1527 	1439 	1525
f 1494 	1517 	1590
f 1512 	1504 	1532
f 1534 	1535 	1455
f 1450 	1565 	1449
f 1535 	1446 	1454
f 1454 	1455 	1535
f 1531 	1533 	1457
f 1453 	1454 	1446
f 1537 	1465 	1536
f 1453 	1446 	1467
f 1538 	1565 	1450
f 1504 	1564 	1540
f 1541 	1504 	1540
f 1543 	1504 	1541
f 1544 	1504 	1543
f 1545 	1504 	1544
f 1546 	1470 	1542
f 1547 	1469 	1546
f 1542 	1465 	1537
f 1553 	1504 	1545
f 1513 	1504 	1512
f 1548 	1476 	1547
f 1435 	1436 	1550
f 1549 	1550 	1436
f 1555 	1556 	1504
f 1554 	1555 	1504
f 1556 	1557 	1504
f 1557 	1558 	1504
f 1558 	1532 	1504
f 621 	768 	623
f 766 	623 	768
f 766 	625 	623
f 1562 	1441 	1561
f 1456 	1457 	1533
f 1567 	1568 	1588
f 1573 	1588 	1572
f 1568 	1569 	1588
f 1569 	1570 	1588
f 1571 	1588 	1570
f 1572 	1588 	1571
f 1527 	1549 	1436
f 1455 	1456 	1533
f 1533 	1534 	1455
f 1442 	1560 	1441
f 633 	764 	639
f 639 	763 	762
f 639 	762 	641
f 1551 	1435 	1550
f 1552 	1444 	1551
f 1559 	1443 	1552
f 1560 	1443 	1559
f 1561 	1441 	1560
f 1439 	1527 	1438
f 641 	762 	761
f 653 	643 	760
f 653 	760 	657
f 1588 	1452 	1565
f 1566 	1567 	1588
f 1574 	1588 	1573
f 1565 	1566 	1588
f 1588 	1574 	1575
f 1588 	1575 	1576
f 1588 	1576 	1577
f 1588 	1577 	1578
f 1588 	1578 	1580
f 1588 	1580 	1583
f 1588 	1583 	1584
f 1588 	1584 	1585
f 1588 	1585 	1586
f 1587 	1588 	1586
f 1582 	1510 	1581
f 1579 	1581 	1479
f 1481 	1595 	1479
f 1485 	1594 	1481
f 1592 	1593 	1489
f 1591 	1592 	1494
f 1492 	1494 	1592
f 1489 	1492 	1592
f 1489 	1594 	1485
f 1594 	1489 	1593
f 1595 	1481 	1594
f 1579 	1479 	1595
f 1414 	1416 	1597
f 1416 	1418 	1596
f 1597 	1598 	1411
f 1409 	1411 	1598
f 1407 	1409 	1599
f 1599 	1600 	1407
f 1600 	1601 	1405
f 1601 	1602 	1448
f 1447 	1448 	1602
f 1603 	1447 	1602
f 1604 	1445 	1603
f 671 	781 	670
f 780 	670 	781
f 1699 	1474 	1607
f 1607 	1608 	1698
f 1605 	1476 	1548
f 780 	677 	670
f 522 	1916 	520
f 1892 	1895 	550
f 1891 	1892 	505
f 1887 	1891 	505
f 1884 	1887 	504
f 504 	509 	1884
f 512 	1921 	509
f 1609 	1610 	1697
f 1470 	1546 	1469
f 778 	680 	677
f 1695 	1697 	1610
f 621 	680 	768
f 1694 	1695 	1610
f 1501 	1663 	1499
f 2018 	1899 	563
f 1879 	2018 	573
f 573 	855 	1879
f 855 	860 	1671
f 1669 	1671 	860
f 864 	868 	1669
f 1668 	1669 	868
f 871 	1668 	868
f 1496 	1667 	871
f 791 	689 	686
f 811 	1674 	852
f 848 	852 	1675
f 1618 	1677 	1616
f 1620 	1677 	1618
f 1678 	1679 	1616
f 699 	789 	703
f 1619 	1621 	2025
f 703 	788 	787
f 703 	787 	709
f 1529 	2025 	1621
f 1649 	748 	1624
f 1625 	1528 	1623
f 709 	787 	713
f 771 	772 	1631
f 671 	717 	781
f 1631 	757 	771
f 770 	771 	757
f 700 	702 	149
f 154 	702 	704
f 1636 	783 	1634
f 770 	757 	785
f 704 	708 	154
f 1637 	529 	1635
f 1632 	1633 	538
f 1641 	2023 	1639
f 168 	712 	715
f 1645 	2022 	1643
f 168 	715 	173
f 718 	173 	715
f 718 	719 	173
f 178 	719 	515
f 1045 	178 	801
f 1651 	748 	1649
f 1652 	1654 	1514
f 1511 	1514 	1654
f 1662 	752 	1660
f 746 	1653 	755
f 774 	775 	1666
f 1660 	752 	1658
f 1667 	1496 	1665
f 150 	148 	308
f 1670 	172 	275
f 1774 	1772 	308
f 257 	308 	1772
f 257 	1772 	1770
f 1770 	1769 	257
f 1767 	1765 	257
f 1076 	194 	1045
f 196 	176 	194
f 178 	194 	176
f 198 	199 	173
f 176 	196 	173
f 775 	776 	1666
f 1627 	774 	1666
f 1628 	774 	1627
f 1630 	1631 	772
f 729 	207 	728
f 154 	699 	151
f 709 	713 	207
f 686 	689 	165
f 168 	199 	165
f 1622 	1624 	750
f 1653 	747 	1651
f 1655 	755 	1653
f 1656 	754 	1655
f 1658 	754 	1656
f 750 	1624 	749
f 729 	700 	207
f 623 	218 	621
f 625 	633 	213
f 735 	736 	218
f 1674 	811 	1673
f 1675 	852 	1674
f 1672 	1673 	811
f 1672 	811 	812
f 816 	1681 	812
f 1622 	750 	1620
f 1676 	1620 	750
f 1677 	1620 	1676
f 1678 	1616 	1677
f 819 	825 	1679
f 1679 	1680 	819
f 1681 	819 	1680
f 1672 	812 	1681
f 639 	1391 	633
f 210 	213 	633
f 736 	740 	218
f 1683 	1685 	1713
f 225 	740 	741
f 1685 	1688 	1712
f 1714 	804 	1683
f 1686 	1709 	1613
f 741 	742 	225
f 229 	225 	742
f 1027 	1690 	1684
f 1701 	1613 	1709
f 1701 	1702 	1613
f 742 	277 	229
f 1688 	1689 	1712
f 1644 	807 	1642
f 1646 	807 	1644
f 1711 	1712 	1689
f 1687 	1709 	1686
f 1500 	1502 	1707
f 1502 	1503 	1706
f 1508 	1582 	1506
f 1693 	1719 	1692
f 1698 	1699 	1607
f 1606 	1607 	1474
f 1605 	1606 	1474
f 1474 	1475 	1605
f 1697 	1698 	1608
f 1608 	1609 	1697
f 1694 	1610 	1611
f 1694 	1611 	1612
f 1612 	1613 	1702
f 1694 	1612 	1702
f 1690 	1027 	1700
f 832 	1731 	1696
f 834 	839 	1729
f 1727 	1729 	839
f 1700 	1027 	1703
f 1503 	1506 	1705
f 1705 	1706 	1503
f 1706 	1707 	1502
f 1687 	1500 	1707
f 1707 	1708 	1687
f 1709 	1687 	1708
f 1703 	1027 	1342
f 1710 	1715 	1442
f 1710 	1442 	1441
f 1385 	1484 	1034
f 1715 	1717 	1443
f 1715 	1443 	1442
f 1646 	1682 	804
f 1682 	1683 	804
f 804 	805 	1646
f 1713 	1714 	1683
f 1712 	1713 	1685
f 1691 	1720 	1689
f 1692 	1720 	1691
f 1696 	1731 	1693
f 1718 	1719 	1693
f 1720 	1692 	1719
f 1711 	1689 	1720
f 1716 	1342 	1034
f 1717 	1722 	1444
f 1717 	1444 	1443
f 1722 	1723 	1434
f 1722 	1434 	1444
f 1721 	1716 	1034
f 1723 	1728 	1435
f 1723 	1435 	1434
f 1725 	1726 	845
f 842 	845 	1726
f 839 	842 	1726
f 1726 	1727 	839
f 832 	834 	1729
f 1729 	1730 	832
f 1731 	832 	1730
f 1718 	1693 	1731
f 1736 	1034 	1472
f 1724 	1721 	1034
f 1875 	1797 	1876
f 1670 	1877 	189
f 179 	177 	1670
f 1670 	177 	172
f 170 	275 	172
f 166 	275 	170
f 1728 	1733 	1436
f 1728 	1436 	1435
f 1732 	1724 	1034
f 1763 	1761 	257
f 1735 	1749 	257
f 1746 	1742 	257
f 1733 	1737 	1438
f 1733 	1438 	1436
f 1734 	1738 	753
f 1734 	753 	752
f 977 	258 	1742
f 1737 	1739 	1439
f 1737 	1439 	1438
f 1738 	1740 	754
f 1738 	754 	753
f 1355 	1822 	1357
f 1739 	1983 	1439
f 1740 	1741 	755
f 1740 	755 	754
f 1380 	1335 	1745
f 1741 	1743 	746
f 1741 	746 	755
f 1744 	1465 	1471
f 258 	257 	1742
f 1743 	1747 	747
f 1743 	747 	746
f 1744 	1748 	1467
f 1744 	1467 	1465
f 1746 	257 	1749
f 1747 	1750 	748
f 1747 	748 	747
f 653 	1383 	643
f 1750 	1752 	749
f 1750 	749 	748
f 1752 	1753 	750
f 1752 	750 	749
f 643 	1387 	641
f 1753 	1820 	750
f 1757 	1780 	1756
f 1755 	1756 	1780
f 1758 	1780 	1757
f 1759 	783 	802
f 671 	670 	204
f 1759 	1760 	785
f 1759 	785 	783
f 1763 	257 	1765
f 1735 	257 	1761
f 677 	225 	670
f 1760 	1762 	770
f 1760 	770 	785
f 1767 	257 	1769
f 1764 	771 	770
f 1764 	770 	1762
f 1766 	772 	771
f 1766 	771 	1764
f 621 	218 	680
f 1768 	773 	772
f 1768 	772 	1766
f 1771 	774 	773
f 1771 	773 	1768
f 1773 	775 	774
f 1773 	774 	1771
f 157 	161 	689
f 1775 	776 	775
f 1775 	775 	1773
f 691 	157 	689
f 1775 	1777 	777
f 1775 	777 	776
f 1774 	308 	1776
f 1777 	1734 	752
f 1777 	752 	777
f 1778 	1776 	308
f 703 	151 	699
f 161 	165 	689
f 713 	717 	207
f 691 	699 	157
f 205 	202 	1808
f 154 	157 	699
f 717 	671 	204
f 203 	207 	717
f 757 	1631 	1779
f 757 	1779 	1634
f 1782 	1780 	1758
f 1754 	1755 	1780
f 1780 	1782 	1783
f 1780 	1783 	1784
f 1780 	1784 	1785
f 1780 	1785 	1786
f 1780 	1786 	1787
f 1780 	1787 	1788
f 1780 	1788 	1789
f 1780 	1789 	1790
f 1780 	1790 	1791
f 1780 	1791 	1792
f 1780 	1792 	1793
f 151 	709 	149
f 207 	149 	709
f 204 	203 	717
f 204 	670 	229
f 221 	225 	680
f 677 	680 	225
f 623 	625 	213
f 641 	1391 	639
f 229 	670 	225
f 1855 	258 	1856
f 189 	1877 	1795
f 1794 	1796 	805
f 1794 	805 	804
f 1795 	1876 	1797
f 1745 	1335 	1798
f 1796 	1799 	807
f 1796 	807 	805
f 1797 	1875 	1800
f 657 	1383 	653
f 218 	623 	215
f 213 	215 	623
f 221 	680 	218
f 1799 	1801 	799
f 1799 	799 	807
f 1802 	800 	799
f 1802 	799 	1801
f 1798 	1291 	1803
f 1072 	1052 	1171
f 1804 	802 	800
f 1804 	800 	1802
f 1074 	1048 	1072
f 802 	1804 	1759
f 1803 	1291 	1805
f 1673 	1806 	1807
f 1673 	1807 	1674
f 1807 	1814 	1675
f 1807 	1675 	1674
f 1808 	1809 	1780
f 1809 	1810 	1780
f 1810 	1811 	1780
f 1811 	1812 	1780
f 1812 	1813 	1780
f 1813 	1815 	1780
f 1815 	1816 	1780
f 1816 	1817 	1780
f 1818 	1780 	1817
f 1754 	1780 	1818
f 1076 	1048 	1074
f 148 	1778 	308
f 1814 	2090 	1675
f 1819 	1357 	1822
f 1805 	1291 	1819
f 1820 	1676 	750
f 1052 	1072 	1050
f 1045 	1048 	1076
f 1050 	1072 	1048
f 159 	275 	163
f 150 	308 	152
f 1825 	1027 	1684
f 1820 	1821 	1677
f 1820 	1677 	1676
f 163 	275 	166
f 152 	308 	155
f 1027 	1825 	1355
f 1821 	1823 	1678
f 1821 	1678 	1677
f 155 	275 	159
f 1056 	1058 	1163
f 1053 	1167 	1052
f 1056 	1167 	1053
f 1060 	1163 	1058
f 1823 	1824 	1679
f 1823 	1679 	1678
f 1822 	1355 	1825
f 1824 	1826 	1680
f 1824 	1680 	1679
f 1826 	1827 	1681
f 1826 	1681 	1680
f 1099 	1101 	1147
f 1827 	1828 	1672
f 1827 	1672 	1681
f 1828 	1806 	1673
f 1828 	1673 	1672
f 1748 	1751 	1453
f 1748 	1453 	1467
f 1836 	1833 	1292
f 1829 	1440 	1292
f 1831 	1454 	1453
f 1831 	1453 	1751
f 179 	1670 	185
f 1836 	1292 	1839
f 1829 	1292 	1833
f 1670 	189 	186
f 1670 	186 	185
f 1834 	1455 	1454
f 1834 	1454 	1831
f 1837 	1456 	1455
f 1837 	1455 	1834
f 1838 	1457 	1456
f 1838 	1456 	1837
f 1841 	1458 	1457
f 1841 	1457 	1838
f 1844 	1459 	1458
f 1844 	1458 	1841
f 1292 	1335 	1842
f 1844 	1846 	1460
f 1844 	1460 	1459
f 1845 	1842 	1335
f 200 	1808 	202
f 1781 	205 	1808
f 197 	1808 	200
f 195 	1808 	197
f 193 	1808 	195
f 192 	1808 	193
f 1846 	1710 	1441
f 1846 	1441 	1460
f 1780 	1781 	1808
f 1808 	192 	260
f 1808 	260 	253
f 1808 	253 	251
f 1808 	251 	241
f 1808 	241 	232
f 1808 	232 	231
f 1808 	231 	230
f 1808 	230 	228
f 1808 	228 	223
f 220 	212 	223
f 216 	212 	220
f 1808 	223 	212
f 953 	952 	1853
f 1853 	258 	1855
f 2062 	1536 	1446
f 1856 	258 	1858
f 1144 	1145 	1376
f 1858 	258 	1859
f 1859 	1480 	1861
f 1147 	1148 	1099
f 1097 	1099 	1149
f 1862 	952 	1864
f 1149 	1150 	1096
f 1864 	952 	1865
f 1151 	1152 	1090
f 1093 	1096 	1151
f 421 	418 	1231
f 191 	421 	1231
f 1152 	1153 	1090
f 1861 	1477 	1872
f 903 	945 	1262
f 886 	884 	1262
f 1872 	1473 	1874
f 1088 	1090 	1153
f 1297 	1237 	1304
f 1874 	1800 	1875
f 1086 	1088 	1154
f 1876 	1795 	1877
f 1671 	1879 	855
f 1883 	1881 	275
f 1890 	1888 	275
f 1670 	275 	1880
f 563 	573 	2018
f 1881 	1880 	275
f 275 	702 	1890
f 1883 	275 	1885
f 1885 	275 	1888
f 1631 	1886 	1889
f 550 	505 	1892
f 1893 	1890 	702
f 543 	547 	1629
f 1629 	1632 	543
f 1894 	1893 	702
f 702 	700 	1894
f 1634 	1896 	1900
f 700 	729 	1897
f 1897 	1894 	700
f 1903 	559 	1901
f 729 	728 	1898
f 1898 	1897 	729
f 1902 	1898 	728
f 728 	277 	1902
f 1928 	1615 	1929
f 1916 	1918 	520
f 556 	1903 	1906
f 516 	520 	1918
f 1913 	555 	1910
f 1944 	1965 	1926
f 1926 	1927 	1944
f 1927 	1928 	1944
f 1933 	1944 	1929
f 1929 	1944 	1928
f 1163 	1060 	1160
f 1925 	1926 	1965
f 1934 	1944 	1933
f 1924 	1925 	1965
f 1944 	1934 	1935
f 1944 	1935 	1936
f 1944 	1936 	1938
f 1944 	1938 	1939
f 1944 	1939 	1940
f 1944 	1940 	1941
f 1944 	1941 	1942
f 1943 	1944 	1942
f 1167 	1056 	1165
f 1165 	1056 	1163
f 1304 	1296 	331
f 331 	1296 	334
f 334 	1296 	338
f 1171 	1052 	1167
f 340 	1296 	343
f 338 	1296 	340
f 345 	343 	1296
f 1148 	1149 	1099
f 1096 	1097 	1149
f 1376 	1378 	1144
f 1923 	1969 	1922
f 1922 	1948 	1950
f 1922 	1950 	1951
f 1922 	1951 	1952
f 1922 	1952 	1953
f 1922 	1953 	1954
f 1922 	1954 	1955
f 1922 	1955 	1956
f 1922 	1956 	1957
f 1958 	1961 	1957
f 1959 	1961 	1958
f 1960 	1961 	1959
f 1922 	1957 	1961
f 1308 	1320 	1313
f 1308 	1310 	1320
f 1923 	1924 	1965
f 1923 	1965 	1966
f 1923 	1966 	1967
f 1923 	1967 	1968
f 1923 	1968 	1969
f 2039 	1922 	1969
f 1963 	1313 	1970
f 1971 	1973 	1475
f 1971 	1475 	1474
f 1830 	812 	1832
f 1973 	1974 	1476
f 1973 	1476 	1475
f 1974 	1975 	1469
f 1974 	1469 	1476
f 1835 	812 	1830
f 1101 	1368 	1147
f 1145 	1146 	1368
f 1146 	1147 	1368
f 1093 	1151 	1090
f 1150 	1151 	1096
f 1153 	1154 	1088
f 1155 	1084 	1154
f 1156 	1157 	1081
f 1062 	1081 	1157
f 1160 	1060 	1157
f 1156 	1081 	1155
f 1062 	1157 	1060
f 1084 	1155 	1081
f 1086 	1154 	1084
f 1970 	1313 	350
f 1320 	350 	1313
f 1972 	1970 	350
f 1389 	641 	1387
f 1387 	643 	1383
f 1391 	641 	1389
f 210 	633 	1391
f 1381 	1383 	657
f 1368 	1373 	1145
f 1373 	1376 	1145
f 1143 	1144 	1378
f 657 	1143 	1378
f 1381 	657 	1378
f 293 	659 	655
f 293 	296 	659
f 1852 	842 	1851
f 842 	1852 	845
f 1854 	845 	1852
f 1854 	1857 	845
f 848 	845 	1857
f 848 	1857 	1860
f 289 	654 	668
f 654 	289 	655
f 290 	655 	289
f 293 	655 	290
f 661 	659 	296
f 530 	743 	296
f 765 	625 	766
f 308 	668 	284
f 667 	284 	668
f 668 	308 	289
f 625 	765 	764
f 625 	764 	633
f 675 	488 	664
f 1226 	458 	457
f 1226 	457 	454
f 1226 	454 	450
f 1226 	450 	447
f 1226 	447 	445
f 439 	435 	1226
f 435 	813 	1226
f 488 	490 	665
f 488 	665 	664
f 763 	639 	764
f 1627 	1666 	1878
f 666 	665 	491
f 490 	491 	665
f 667 	666 	284
f 491 	284 	666
f 462 	1226 	813
f 445 	439 	1226
f 806 	464 	813
f 486 	464 	806
f 485 	464 	486
f 483 	464 	485
f 480 	464 	483
f 478 	464 	480
f 475 	464 	478
f 472 	464 	475
f 470 	464 	472
f 467 	464 	470
f 462 	813 	464
f 913 	498 	674
f 619 	498 	913
f 657 	760 	759
f 675 	674 	501
f 498 	501 	674
f 1631 	1889 	1779
f 501 	488 	675
f 1976 	1470 	1469
f 1976 	1469 	1975
f 1634 	1779 	1896
f 1980 	1471 	1470
f 1980 	1470 	1976
f 1471 	1980 	1744
f 779 	677 	780
f 1983 	1589 	1439
f 1235 	1234 	416
f 1900 	1904 	1638
f 1983 	1984 	1590
f 1983 	1590 	1589
f 677 	779 	778
f 1984 	1986 	1591
f 1984 	1591 	1590
f 1908 	1640 	1904
f 1638 	1904 	1640
f 1986 	1988 	1592
f 1986 	1592 	1591
f 1988 	1990 	1593
f 1988 	1593 	1592
f 1640 	1908 	1912
f 1640 	1912 	1642
f 1990 	1991 	1594
f 1990 	1594 	1593
f 1989 	861 	1982
f 1989 	1987 	865
f 1985 	865 	1987
f 1991 	1992 	1595
f 1991 	1595 	1594
f 1642 	1912 	1917
f 826 	822 	416
f 822 	1235 	416
f 1992 	1993 	1579
f 1992 	1579 	1595
f 791 	686 	792
f 1579 	1993 	1995
f 1579 	1995 	1581
f 1995 	1997 	1582
f 1995 	1582 	1581
f 1997 	2201 	1582
f 699 	790 	789
f 1994 	865 	1996
f 788 	703 	789
f 1931 	1651 	1930
f 1985 	1996 	865
f 1931 	1932 	1651
f 713 	787 	784
f 1972 	350 	2002
f 713 	784 	717
f 782 	717 	784
f 717 	782 	781
f 1045 	801 	1048
f 865 	1994 	350
f 808 	810 	1048
f 810 	814 	1050
f 1962 	1664 	1949
f 2002 	350 	1994
f 861 	1989 	865
f 1964 	1666 	1962
f 1664 	1962 	1666
f 814 	1053 	1052
f 820 	1056 	1053
f 875 	1262 	876
f 1878 	1666 	1964
f 886 	1262 	888
f 876 	1262 	880
f 880 	1262 	884
f 812 	811 	1832
f 827 	1062 	1060
f 1835 	816 	812
f 888 	1262 	890
f 1840 	819 	816
f 1840 	816 	1835
f 890 	1262 	899
f 1843 	825 	819
f 1843 	819 	1840
f 1843 	1863 	825
f 1616 	825 	1863
f 345 	872 	347
f 869 	347 	872
f 875 	872 	345
f 902 	1262 	908
f 903 	1262 	902
f 908 	1262 	914
f 1850 	834 	1849
f 832 	1849 	834
f 1851 	839 	834
f 1851 	834 	1850
f 929 	914 	191
f 1072 	838 	1074
f 842 	839 	1851
f 836 	1076 	837
f 1074 	837 	1076
f 1262 	939 	899
f 194 	1076 	727
f 1920 	516 	1918
f 1884 	509 	1921
f 945 	942 	1262
f 942 	939 	1262
f 1084 	1081 	844
f 1899 	1901 	561
f 561 	563 	1899
f 1860 	852 	848
f 844 	1086 	1084
f 1832 	811 	1860
f 852 	1860 	811
f 559 	561 	1901
f 556 	559 	1903
f 1906 	1910 	556
f 556 	1910 	555
f 1916 	522 	1913
f 555 	1913 	522
f 1090 	1088 	847
f 847 	851 	1090
f 1866 	1618 	1616
f 1866 	1616 	1863
f 1096 	1093 	853
f 1921 	512 	1920
f 505 	504 	1887
f 1895 	1629 	547
f 538 	543 	1632
f 534 	538 	1633
f 1633 	1635 	534
f 1639 	2024 	1637
f 1643 	2023 	1641
f 547 	550 	1895
f 516 	1920 	512
f 1618 	1866 	1620
f 1869 	1620 	1866
f 1188 	1185 	1226
f 1185 	1182 	1226
f 1182 	1180 	1226
f 1180 	1176 	1226
f 1176 	1175 	1226
f 1175 	1173 	1226
f 1173 	1170 	1226
f 1170 	1166 	1226
f 1166 	1164 	1226
f 1162 	1226 	1164
f 458 	1226 	1162
f 853 	1097 	1096
f 1871 	1622 	1620
f 1871 	1620 	1869
f 1873 	1624 	1622
f 1873 	1622 	1871
f 1647 	2021 	1645
f 2027 	2028 	1617
f 2026 	2027 	1617
f 1617 	1619 	2026
f 2025 	2026 	1619
f 1621 	1623 	1529
f 1626 	1526 	1625
f 1648 	2020 	1647
f 2020 	1648 	2019
f 1099 	878 	1101
f 1226 	1194 	1191
f 1226 	1191 	1192
f 1226 	1192 	1197
f 1226 	1197 	1196
f 1226 	1196 	1188
f 1930 	1649 	1873
f 881 	930 	1101
f 1627 	1878 	1882
f 1627 	1882 	1628
f 1526 	1528 	1625
f 1526 	1626 	1524
f 1522 	1524 	1650
f 1529 	1623 	1528
f 1650 	1652 	1522
f 1650 	1524 	1626
f 1514 	1522 	1652
f 1657 	1509 	1654
f 1659 	1507 	1657
f 1501 	1505 	1661
f 1663 	1501 	1661
f 1665 	1499 	1663
f 1668 	871 	1667
f 860 	864 	1669
f 1661 	1505 	1659
f 1499 	1665 	1496
f 1507 	1659 	1505
f 1509 	1657 	1507
f 1511 	1654 	1509
f 1628 	1882 	1886
f 1628 	1886 	1630
f 1200 	1226 	1224
f 1200 	1224 	1222
f 1200 	1222 	1218
f 1200 	1218 	1214
f 1200 	1214 	1211
f 1200 	1211 	1209
f 1200 	1209 	1206
f 1200 	1206 	1204
f 1200 	1204 	1202
f 1194 	1226 	1200
f 1630 	1886 	1631
f 1229 	1228 	191
f 933 	931 	191
f 1228 	933 	191
f 931 	929 	191
f 1262 	191 	914
f 2021 	1647 	2020
f 2022 	1645 	2021
f 2023 	1643 	2022
f 2024 	1639 	2023
f 534 	1635 	529
f 529 	1637 	2024
f 2028 	2029 	1615
f 1615 	1617 	2028
f 1614 	1615 	2029
f 2029 	2019 	1614
f 1648 	1614 	2019
f 1229 	191 	1231
f 952 	2332 	258
f 2087 	244 	258
f 1232 	1231 	418
f 1900 	1636 	1634
f 1234 	1232 	418
f 970 	1266 	1265
f 418 	416 	1234
f 2030 	2031 	2032
f 2030 	2032 	2033
f 1636 	1900 	1638
f 1268 	1266 	970
f 2080 	2079 	2035
f 243 	2035 	2079
f 2036 	2080 	2035
f 1270 	976 	1271
f 2034 	2035 	243
f 243 	246 	2034
f 1273 	1271 	977
f 976 	977 	1271
f 234 	2036 	246
f 1642 	1917 	1644
f 1742 	1323 	977
f 1644 	1917 	1919
f 1644 	1919 	1646
f 243 	2079 	255
f 2038 	255 	2079
f 1646 	1919 	1682
f 1948 	1922 	1978
f 2039 	2040 	1922
f 2040 	2041 	1922
f 2041 	2042 	1922
f 2042 	2043 	1922
f 1978 	1922 	1977
f 2043 	2044 	1922
f 2044 	2045 	1922
f 2046 	1922 	2045
f 2048 	1922 	2046
f 1977 	1922 	2048
f 1624 	1873 	1649
f 2051 	2208 	2050
f 2057 	2056 	266
f 1911 	1909 	740
f 269 	1902 	277
f 1651 	1649 	1930
f 2049 	2054 	1535
f 2053 	2055 	2047
f 2052 	1915 	266
f 2055 	2258 	2047
f 1932 	1653 	1651
f 2057 	266 	2058
f 266 	950 	2060
f 2058 	266 	2060
f 1653 	1932 	1655
f 1937 	1655 	1932
f 2061 	2051 	2050
f 2061 	2050 	2059
f 952 	2067 	266
f 950 	266 	2064
f 2063 	2053 	2051
f 2063 	2051 	2061
f 1945 	1656 	1655
f 1945 	1655 	1937
f 2064 	266 	2065
f 2053 	2063 	2055
f 1656 	1945 	1658
f 1946 	1658 	1945
f 2065 	266 	2067
f 2067 	952 	2070
f 2265 	2296 	2068
f 1947 	1660 	1658
f 1947 	1658 	1946
f 2071 	952 	1862
f 2070 	952 	2071
f 2074 	2075 	2076
f 2074 	2076 	2077
f 1660 	1947 	1662
f 1949 	1662 	1947
f 1664 	1662 	1949
f 2036 	234 	2080
f 8 	2080 	234
f 2086 	2277 	2155
f 132 	235 	2084
f 235 	245 	2084
f 2087 	2084 	244
f 2079 	2088 	2038
f 1 	2088 	2089
f 1 	2089 	2
f 2088 	2079 	2091
f 2088 	2091 	2089
f 2090 	1725 	1675
f 2091 	3 	2
f 2091 	2 	2089
f 2079 	2080 	2091
f 2093 	2091 	2080
f 2090 	2094 	1726
f 2090 	1726 	1725
f 3 	2091 	2093
f 3 	2093 	5
f 5 	2093 	2080
f 5 	2080 	8
f 2094 	2096 	1727
f 2094 	1727 	1726
f 1 	147 	1034
f 2096 	2097 	1729
f 2096 	1729 	1727
f 2038 	2088 	1034
f 2099 	1730 	1729
f 2099 	1729 	2097
f 1 	1034 	2088
f 2102 	1731 	1730
f 2102 	1730 	2099
f 1016 	17 	1017
f 2106 	2140 	2103
f 2104 	1718 	1731
f 2104 	1731 	2102
f 2107 	2140 	2106
f 2109 	1719 	1718
f 2109 	1718 	2104
f 2111 	1720 	1719
f 2111 	1719 	2109
f 2113 	1711 	1720
f 2113 	1720 	2111
f 744 	535 	745
f 2114 	1712 	1711
f 2114 	1711 	2113
f 2116 	1713 	1712
f 2116 	1712 	2114
f 1614 	1648 	1929
f 2117 	1714 	1713
f 2117 	1713 	2116
f 804 	1714 	2117
f 804 	2117 	1794
f 1682 	2118 	2119
f 1959 	1958 	1654
f 1517 	2004 	2011
f 2006 	1502 	2005
f 2126 	1696 	2125
f 2007 	1503 	1502
f 2007 	1502 	2006
f 1849 	1696 	2126
f 1503 	2007 	1506
f 2008 	1506 	2007
f 1919 	2118 	1682
f 2009 	1506 	2008
f 2119 	1683 	1682
f 1683 	2119 	2120
f 1683 	2120 	1685
f 1685 	2120 	2121
f 2012 	1523 	2011
f 2123 	1691 	2122
f 2013 	1525 	2012
f 1691 	2123 	2124
f 2125 	1693 	2124
f 1693 	2125 	1696
f 1530 	2015 	2016
f 2049 	1534 	2017
f 1534 	2049 	1535
f 1685 	2121 	1688
f 1848 	1446 	2054
f 2122 	1689 	2121
f 1688 	2121 	1689
f 1689 	2122 	1691
f 2062 	1446 	1848
f 2124 	1692 	1691
f 1537 	2062 	2066
f 1692 	2124 	1693
f 1537 	2066 	2069
f 1537 	2069 	1542
f 1542 	2069 	2073
f 1849 	832 	1696
f 2073 	2082 	1547
f 2164 	2163 	266
f 2127 	266 	264
f 2179 	2178 	264
f 1547 	2082 	2085
f 2331 	540 	264
f 506 	502 	264
f 555 	522 	1872
f 1872 	556 	555
f 2169 	2168 	2331
f 2174 	2173 	1827
f 2175 	2174 	1827
f 2180 	2177 	1827
f 266 	1827 	1826
f 2257 	266 	1753
f 1820 	1753 	266
f 1747 	2257 	1750
f 2161 	266 	2129
f 2159 	266 	2160
f 2130 	2180 	266
f 1828 	1827 	2331
f 1806 	1828 	2331
f 2159 	2130 	266
f 2149 	2150 	2136
f 2131 	2136 	2151
f 573 	1670 	855
f 2142 	2139 	2299
f 1880 	860 	855
f 2108 	1560 	2105
f 2110 	1560 	2108
f 2143 	2144 	2135
f 871 	868 	1888
f 1888 	1496 	871
f 2115 	2015 	1530
f 2155 	2156 	2083
f 2158 	2143 	2078
f 2083 	2086 	2155
f 2154 	2155 	2277
f 1998 	1481 	1479
f 1998 	1479 	1999
f 2138 	2132 	2148
f 1481 	1998 	1485
f 2000 	1485 	1998
f 2132 	2133 	2146
f 1898 	1507 	1505
f 2001 	1489 	1485
f 2001 	1485 	2000
f 1898 	1509 	1507
f 2145 	2146 	2134
f 1489 	2001 	1492
f 2003 	1492 	2001
f 1511 	1509 	269
f 2139 	2068 	2299
f 1511 	269 	1514
f 2004 	1494 	1492
f 2004 	1492 	2003
f 1517 	1494 	2004
f 1500 	2240 	2005
f 1502 	1500 	2005
f 2142 	2103 	2141
f 2140 	2141 	2103
f 2144 	2145 	2135
f 2135 	2072 	2143
f 2072 	2078 	2143
f 2134 	2135 	2145
f 2133 	2134 	2146
f 2146 	2147 	2132
f 2147 	2148 	2132
f 2137 	2138 	2148
f 2148 	2149 	2137
f 2136 	2137 	2149
f 2150 	2151 	2136
f 2107 	2131 	2151
f 2151 	2152 	2107
f 2140 	2107 	2152
f 2156 	2157 	2083
f 2081 	2083 	2157
f 2078 	2081 	2157
f 2158 	2078 	2157
f 4 	2068 	2139
f 4 	2139 	62
f 4 	2265 	2068
f 2072 	31 	30
f 2072 	30 	2078
f 2078 	30 	2081
f 1283 	1184 	1265
f 967 	1265 	1184
f 26 	2086 	2083
f 967 	970 	1265
f 970 	971 	1268
f 971 	973 	1269
f 971 	1269 	1268
f 1270 	1269 	974
f 973 	974 	1269
f 974 	976 	1270
f 571 	688 	685
f 1184 	1283 	955
f 1282 	955 	1283
f 34 	2131 	2107
f 690 	688 	571
f 34 	2136 	2131
f 1404 	1473 	1284
f 1473 	1477 	1285
f 1473 	1285 	1284
f 1286 	1285 	1480
f 1477 	1480 	1285
f 1480 	1483 	1287
f 1480 	1287 	1286
f 567 	701 	698
f 1288 	1287 	1486
f 1483 	1486 	1287
f 705 	701 	567
f 28 	2083 	2081
f 1486 	1488 	1289
f 1486 	1289 	1288
f 2083 	28 	26
f 1290 	1289 	1490
f 1488 	1490 	1289
f 1490 	1493 	1281
f 1490 	1281 	1290
f 1282 	1281 	955
f 1493 	955 	1281
f 1273 	977 	1323
f 38 	2103 	39
f 2100 	39 	2103
f 38 	37 	2103
f 1319 	1318 	1749
f 1746 	1749 	1318
f 2106 	37 	2107
f 721 	579 	722
f 2107 	35 	34
f 581 	584 	769
f 2081 	30 	29
f 2081 	29 	28
f 797 	593 	798
f 593 	786 	798
f 2106 	2103 	37
f 35 	2107 	37
f 2158 	41 	2143
f 42 	2144 	2143
f 42 	2143 	41
f 44 	2145 	2144
f 44 	2144 	42
f 45 	2146 	2145
f 45 	2145 	44
f 47 	2147 	2146
f 47 	2146 	45
f 50 	2148 	2147
f 50 	2147 	47
f 52 	2149 	2148
f 52 	2148 	50
f 54 	2150 	2149
f 54 	2149 	52
f 55 	2151 	2150
f 55 	2150 	54
f 1757 	1299 	1294
f 57 	2152 	2151
f 57 	2151 	55
f 1299 	1757 	1303
f 575 	679 	599
f 58 	2140 	2152
f 58 	2152 	57
f 59 	2141 	2140
f 59 	2140 	58
f 61 	2142 	2141
f 61 	2141 	59
f 62 	2139 	61
f 1749 	1735 	1319
f 61 	2139 	2142
f 599 	767 	758
f 600 	599 	758
f 2009 	1508 	1506
f 767 	599 	679
f 2010 	1510 	1508
f 2010 	1508 	2009
f 1999 	1479 	2010
f 1510 	2010 	1479
f 76 	2137 	2136
f 2137 	76 	2138
f 1523 	1517 	2011
f 1523 	2012 	1525
f 2132 	2138 	72
f 2014 	1527 	1525
f 2014 	1525 	2013
f 2132 	72 	2133
f 2160 	266 	2161
f 2014 	2092 	1549
f 913 	912 	617
f 2133 	71 	2134
f 2129 	266 	2162
f 2162 	266 	2163
f 2134 	70 	2135
f 2016 	1531 	1530
f 2164 	266 	2165
f 2165 	266 	2181
f 31 	2072 	2135
f 1016 	18 	17
f 2017 	1533 	2016
f 1531 	2016 	1533
f 34 	77 	2136
f 2167 	2166 	2331
f 544 	2331 	548
f 1533 	2017 	1534
f 2166 	552 	2331
f 2136 	77 	76
f 2167 	2331 	2168
f 2169 	2331 	2170
f 22 	988 	25
f 1535 	2054 	1446
f 2170 	2331 	2171
f 2171 	2331 	2128
f 25 	988 	995
f 2128 	2331 	2172
f 2331 	1827 	2172
f 71 	2133 	72
f 1814 	1807 	2331
f 1536 	2062 	1537
f 22 	20 	988
f 1807 	1806 	2331
f 70 	2134 	71
f 69 	2135 	70
f 1542 	2073 	1546
f 2127 	264 	2178
f 69 	31 	2135
f 1546 	2073 	1547
f 1547 	2085 	1548
f 2173 	2172 	1827
f 2085 	2217 	1548
f 2181 	266 	2182
f 2184 	2183 	266
f 74 	2138 	76
f 1527 	2014 	1549
f 1016 	1015 	18
f 19 	18 	1015
f 2182 	266 	2183
f 2138 	74 	72
f 2095 	1550 	1549
f 2095 	1549 	2092
f 2153 	1135 	80
f 987 	988 	20
f 2184 	266 	2185
f 80 	82 	2154
f 80 	2154 	2153
f 2098 	1551 	2095
f 1550 	2095 	1551
f 2185 	266 	2186
f 82 	83 	2155
f 82 	2155 	2154
f 2186 	266 	2187
f 2127 	2187 	266
f 2101 	1552 	1551
f 2101 	1551 	2098
f 83 	85 	2156
f 83 	2156 	2155
f 1015 	987 	19
f 85 	88 	2157
f 85 	2157 	2156
f 1552 	2101 	1559
f 2105 	1559 	2101
f 987 	20 	19
f 90 	2158 	2157
f 90 	2157 	88
f 1560 	1559 	2105
f 2158 	90 	41
f 255 	2327 	2328
f 2110 	1561 	1560
f 2112 	1562 	1561
f 2112 	1561 	2110
f 2188 	2189 	9
f 6 	7 	9
f 2188 	9 	7
f 2191 	9 	2190
f 2189 	2190 	9
f 2192 	9 	2191
f 2193 	9 	2192
f 2194 	9 	2193
f 2195 	9 	2194
f 2196 	9 	2195
f 576 	9 	2196
f 2147 	2255 	255
f 2038 	2147 	255
f 2115 	1563 	1562
f 2115 	1562 	2112
f 25 	995 	48
f 1030 	48 	995
f 2038 	47 	2147
f 1563 	2115 	1530
f 1695 	2197 	2198
f 1695 	2198 	1697
f 47 	104 	2147
f 2199 	1698 	1697
f 2199 	1697 	2198
f 9 	585 	33
f 36 	51 	40
f 106 	56 	36
f 56 	53 	36
f 53 	51 	36
f 43 	40 	51
f 43 	51 	46
f 2255 	2147 	104
f 2200 	1699 	1698
f 2200 	1698 	2199
f 2200 	1971 	1699
f 1474 	1699 	1971
f 2201 	1704 	1582
f 1030 	1029 	48
f 49 	48 	1029
f 2201 	2202 	1705
f 2201 	1705 	1704
f 2202 	2203 	1706
f 2202 	1706 	1705
f 2203 	2204 	1707
f 2203 	1707 	1706
f 66 	36 	68
f 63 	36 	66
f 60 	36 	63
f 73 	68 	36
f 36 	33 	585
f 585 	95 	36
f 95 	91 	36
f 91 	89 	36
f 89 	84 	36
f 84 	81 	36
f 81 	78 	36
f 78 	75 	36
f 73 	36 	75
f 2205 	1708 	1707
f 2205 	1707 	2204
f 2207 	1709 	1708
f 2207 	1708 	2205
f 1709 	2209 	1701
f 1029 	1027 	49
f 2209 	1709 	2207
f 2211 	2225 	2210
f 2213 	1702 	1701
f 2213 	1701 	2209
f 2212 	2223 	2211
f 2214 	1694 	1702
f 2214 	1702 	2213
f 2210 	2225 	2208
f 2197 	1695 	1694
f 2197 	1694 	2214
f 2220 	2221 	2216
f 17 	1161 	1017
f 2216 	2241 	2220
f 2053 	342 	2051
f 2222 	2223 	2215
f 2215 	2216 	2221
f 2221 	2222 	2215
f 2225 	2211 	2224
f 2224 	2211 	2223
f 2212 	2215 	2223
f 2050 	2208 	2225
f 79 	1161 	17
f 2248 	2249 	2232
f 2247 	2248 	2232
f 2235 	86 	2398
f 2246 	2247 	463
f 86 	188 	2398
f 2239 	2246 	463
f 2255 	2220 	2242
f 2241 	2242 	2220
f 2218 	2219 	1607
f 2229 	2230 	2249
f 2249 	2250 	2229
f 2226 	1608 	2219
f 1607 	2219 	1608
f 1608 	2226 	2228
f 2243 	2254 	2242
f 2244 	2254 	2243
f 2250 	2251 	2229
f 2227 	2229 	2251
f 2245 	2227 	2251
f 2251 	2252 	2245
f 2252 	2253 	2245
f 2244 	2245 	2253
f 2254 	2244 	2253
f 2255 	2242 	2254
f 123 	36 	126
f 120 	36 	123
f 119 	36 	120
f 114 	36 	119
f 110 	36 	114
f 106 	36 	110
f 60 	126 	36
f 1367 	1772 	1369
f 1982 	1177 	117
f 499 	496 	264
f 2179 	264 	496
f 1772 	1370 	1369
f 499 	264 	502
f 506 	264 	510
f 510 	264 	513
f 513 	264 	517
f 517 	264 	523
f 523 	264 	525
f 531 	525 	264
f 531 	264 	536
f 544 	540 	2331
f 536 	264 	540
f 2398 	2410 	2235
f 548 	2331 	552
f 900 	898 	1143
f 1145 	1144 	897
f 898 	897 	1144
f 1145 	897 	1146
f 1146 	896 	895
f 560 	9 	562
f 557 	9 	560
f 558 	9 	557
f 596 	9 	558
f 594 	9 	596
f 589 	9 	594
f 585 	9 	589
f 562 	9 	576
f 895 	894 	1148
f 93 	2114 	2113
f 2104 	2102 	2331
f 894 	1149 	1148
f 87 	86 	2256
f 2235 	2256 	86
f 1762 	1760 	93
f 1801 	93 	1802
f 1759 	1804 	93
f 2257 	1741 	1740
f 1743 	1741 	2257
f 1738 	1734 	2257
f 1740 	1738 	2257
f 1734 	1777 	2257
f 1151 	892 	928
f 1743 	2257 	1747
f 926 	1152 	928
f 1151 	928 	1152
f 1750 	2257 	1752
f 926 	925 	1152
f 1153 	1152 	925
f 1752 	2257 	1753
f 1169 	96 	1168
f 1169 	1172 	96
f 97 	96 	1172
f 1154 	1153 	925
f 97 	1172 	1174
f 1759 	93 	1760
f 923 	1155 	1154
f 1762 	93 	1764
f 93 	191 	1764
f 1771 	1768 	191
f 94 	1183 	1168
f 1766 	1764 	191
f 1771 	191 	1773
f 1155 	923 	922
f 94 	1168 	96
f 1768 	1766 	191
f 1773 	191 	1775
f 1775 	191 	1777
f 1157 	921 	1160
f 191 	2257 	1777
f 920 	1163 	1160
f 2206 	342 	103
f 1794 	93 	1796
f 102 	2208 	103
f 2206 	103 	2208
f 1796 	93 	1799
f 2208 	102 	101
f 2208 	101 	2210
f 1799 	93 	1801
f 2210 	101 	2211
f 1802 	93 	1804
f 1171 	917 	915
f 2177 	2176 	1827
f 2176 	2175 	1827
f 342 	398 	103
f 1826 	1824 	266
f 1788 	1347 	1345
f 1820 	266 	1821
f 1821 	266 	1823
f 808 	1048 	801
f 1823 	266 	1824
f 1050 	1048 	810
f 266 	2180 	1827
f 1052 	1050 	814
f 814 	817 	1053
f 817 	820 	1053
f 100 	2211 	101
f 820 	821 	1058
f 2211 	100 	2212
f 99 	2212 	100
f 1060 	1058 	827
f 821 	827 	1058
f 99 	122 	2212
f 827 	830 	1062
f 105 	2220 	2255
f 107 	2221 	2220
f 107 	2220 	105
f 1863 	1843 	1886
f 1843 	1840 	1886
f 1840 	1835 	1886
f 1835 	1830 	1886
f 1830 	1832 	1886
f 2121 	2120 	1832
f 2121 	1832 	1860
f 2121 	1860 	1857
f 2121 	1857 	1854
f 2121 	1854 	1852
f 2121 	1852 	1851
f 2121 	1851 	1850
f 2121 	1850 	1849
f 830 	841 	1062
f 109 	2222 	2221
f 109 	2221 	107
f 112 	2223 	2222
f 112 	2222 	109
f 115 	2224 	2223
f 115 	2223 	112
f 1866 	1886 	1869
f 1863 	1886 	1866
f 1871 	1869 	1886
f 1871 	1886 	1873
f 116 	2225 	2224
f 116 	2224 	115
f 2059 	2050 	2225
f 2059 	2225 	116
f 837 	1074 	838
f 1878 	1945 	1882
f 1964 	1947 	1878
f 1886 	1832 	1889
f 1919 	1917 	1832
f 1917 	1912 	1832
f 1912 	1908 	1832
f 1889 	1832 	1779
f 1779 	1832 	1896
f 1900 	1832 	1904
f 1896 	1832 	1900
f 1908 	1904 	1832
f 2215 	2212 	122
f 2216 	2215 	121
f 122 	121 	2215
f 1949 	1947 	1962
f 1964 	1962 	1947
f 1946 	1878 	1947
f 1945 	1878 	1946
f 1937 	1886 	1945
f 1932 	1886 	1937
f 1931 	1886 	1932
f 1930 	1886 	1931
f 1873 	1886 	1930
f 1882 	1945 	1886
f 1086 	844 	262
f 97 	1174 	98
f 2096 	2094 	2331
f 2090 	1814 	2331
f 1088 	1086 	846
f 262 	846 	1086
f 1161 	98 	1174
f 2099 	2097 	2331
f 846 	847 	1088
f 2094 	2090 	2331
f 2102 	2099 	2331
f 98 	1161 	79
f 1788 	1787 	1347
f 2096 	2331 	2097
f 201 	124 	1159
f 2256 	1158 	1159
f 1097 	853 	874
f 2109 	2104 	2331
f 874 	878 	1099
f 874 	1099 	1097
f 2109 	2331 	2111
f 2113 	2111 	2331
f 881 	1101 	878
f 1181 	111 	1179
f 93 	2116 	2114
f 2116 	93 	2117
f 657 	759 	900
f 1794 	2117 	93
f 1178 	118 	1177
f 111 	1181 	1183
f 2125 	2124 	2126
f 2124 	2123 	2126
f 2123 	2122 	2126
f 2122 	2121 	2126
f 2120 	2119 	1832
f 2119 	2118 	1832
f 2118 	1919 	1832
f 1849 	2126 	2121
f 1781 	1330 	1328
f 1179 	108 	118
f 111 	108 	1179
f 16 	21 	2260
f 2261 	16 	2260
f 2262 	13 	2261
f 2263 	13 	2262
f 1183 	113 	111
f 1001 	2258 	2055
f 113 	1183 	94
f 992 	2259 	2258
f 992 	2258 	1001
f 117 	1177 	118
f 1006 	2260 	2259
f 1006 	2259 	992
f 1178 	1179 	118
f 1009 	2261 	2260
f 1009 	2260 	1006
f 1012 	2262 	2261
f 1012 	2261 	1009
f 1020 	2263 	2262
f 1020 	2262 	1012
f 1021 	2264 	2263
f 1021 	2263 	1020
f 1208 	2264 	1021
f 2256 	124 	87
f 2256 	1159 	124
f 2293 	2294 	2268
f 2292 	2293 	2268
f 2269 	2292 	2268
f 2270 	2292 	2269
f 2271 	2306 	2270
f 2272 	2306 	2271
f 1159 	1979 	201
f 2281 	2284 	2321
f 2321 	2322 	2276
f 1784 	1354 	1352
f 1358 	1354 	1784
f 2278 	2153 	2277
f 1165 	1163 	918
f 133 	2280 	1262
f 132 	2280 	133
f 2279 	2153 	2278
f 132 	2084 	2280
f 2273 	2325 	2279
f 2153 	2154 	2277
f 1402 	1451 	1795
f 2087 	2297 	2084
f 1403 	1402 	1795
f 1385 	1034 	147
f 2087 	258 	2282
f 1072 	915 	838
f 1375 	1816 	1815
f 900 	1143 	657
f 1379 	1377 	1812
f 1812 	1382 	1379
f 136 	1308 	1313
f 897 	896 	1146
f 1382 	1810 	1384
f 136 	1313 	137
f 1267 	139 	1291
f 144 	1291 	139
f 136 	1310 	1308
f 893 	1149 	894
f 1390 	1808 	212
f 1614 	1929 	1615
f 892 	1149 	893
f 1615 	1928 	1617
f 1310 	135 	140
f 1924 	1623 	1621
f 1272 	1310 	140
f 1375 	1815 	1377
f 1813 	1812 	1377
f 1924 	1625 	1623
f 1310 	136 	135
f 1626 	1922 	1961
f 1810 	1388 	1384
f 139 	1267 	1272
f 139 	1272 	140
f 1629 	1944 	1632
f 1632 	1943 	1633
f 1813 	1377 	1815
f 1237 	1292 	2283
f 1292 	146 	2283
f 145 	2283 	146
f 1637 	1940 	1639
f 1936 	1645 	1643
f 1816 	1375 	1374
f 1657 	1654 	1958
f 158 	1357 	1291
f 1657 	1958 	1659
f 158 	1291 	144
f 1385 	147 	1401
f 146 	1401 	147
f 1401 	146 	1412
f 146 	1292 	1412
f 1395 	1817 	1397
f 1816 	1374 	1817
f 1397 	1817 	1374
f 2285 	2286 	2319
f 1596 	1372 	148
f 2288 	2289 	2315
f 1597 	1596 	150
f 148 	150 	1596
f 2289 	2290 	2315
f 2319 	2320 	2284
f 152 	1598 	150
f 1597 	150 	1598
f 2314 	2315 	2290
f 2284 	2285 	2319
f 1599 	1598 	155
f 152 	155 	1598
f 158 	153 	1357
f 2290 	2291 	2314
f 1355 	1357 	153
f 155 	159 	1600
f 155 	1600 	1599
f 2313 	2314 	2291
f 159 	1601 	1600
f 2312 	2313 	2291
f 1601 	166 	1602
f 2291 	2300 	2312
f 1603 	1602 	170
f 166 	170 	1602
f 1603 	170 	1604
f 172 	1604 	170
f 1461 	1604 	177
f 1355 	153 	1027
f 2266 	2267 	2295
f 177 	1604 	172
f 49 	1027 	153
f 2265 	2266 	2295
f 2294 	2295 	2267
f 179 	1463 	1461
f 185 	1464 	1463
f 185 	1463 	179
f 143 	142 	2297
f 142 	1296 	2297
f 1239 	2297 	1296
f 1464 	185 	1466
f 186 	1466 	185
f 2234 	1611 	2231
f 125 	2239 	410
f 411 	410 	2239
f 125 	134 	2239
f 2100 	2142 	2299
f 1611 	2234 	2236
f 2103 	2142 	2100
f 129 	2230 	2229
f 1154 	925 	924
f 2232 	2230 	129
f 1687 	1686 	2240
f 1154 	924 	923
f 2303 	2304 	2309
f 1157 	922 	921
f 130 	2229 	131
f 2227 	131 	2229
f 1605 	1548 	2217
f 2308 	2309 	2304
f 2229 	130 	129
f 920 	1160 	921
f 2218 	1606 	2217
f 1605 	2217 	1606
f 2272 	2308 	2304
f 2292 	2270 	2307
f 2305 	2272 	2304
f 919 	1163 	920
f 2232 	128 	2233
f 189 	1451 	1466
f 189 	1466 	186
f 2307 	2270 	2306
f 2305 	2306 	2272
f 189 	1795 	1451
f 919 	918 	1163
f 127 	597 	2233
f 2267 	2268 	2294
f 2265 	2295 	2296
f 2298 	2068 	2296
f 2299 	2068 	2298
f 193 	1407 	192
f 2232 	129 	128
f 1409 	1407 	195
f 127 	2233 	128
f 1101 	930 	1368
f 1373 	1368 	934
f 930 	934 	1368
f 1952 	1668 	1667
f 134 	2246 	2239
f 934 	936 	1376
f 934 	1376 	1373
f 1411 	197 	200
f 1378 	1376 	937
f 936 	937 	1376
f 1668 	1952 	1669
f 2246 	134 	156
f 2246 	156 	2247
f 1416 	200 	202
f 1378 	937 	1381
f 267 	1381 	937
f 156 	160 	2248
f 156 	2248 	2247
f 1383 	1381 	940
f 267 	940 	1381
f 1950 	1671 	1669
f 160 	162 	2249
f 160 	2249 	2248
f 940 	943 	1387
f 940 	1387 	1383
f 164 	2250 	2249
f 164 	2249 	162
f 1387 	943 	1389
f 946 	1389 	943
f 167 	2251 	2250
f 167 	2250 	164
f 1389 	946 	1391
f 948 	1391 	946
f 1950 	1879 	1671
f 169 	2252 	2251
f 169 	2251 	167
f 171 	2253 	2252
f 171 	2252 	169
f 948 	730 	1391
f 174 	2254 	2253
f 174 	2253 	171
f 175 	2255 	2254
f 175 	2254 	174
f 1010 	952 	266
f 287 	285 	952
f 2255 	175 	105
f 2241 	2216 	184
f 1276 	266 	1279
f 1274 	1263 	266
f 1263 	1260 	266
f 1259 	1325 	266
f 266 	1321 	1316
f 1316 	1314 	266
f 2241 	184 	2242
f 223 	1427 	1424
f 985 	982 	1990
f 1991 	1990 	329
f 1997 	1995 	312
f 297 	2201 	306
f 282 	280 	952
f 278 	273 	952
f 270 	15 	952
f 1427 	223 	228
f 10 	952 	15
f 2311 	2312 	2300
f 2311 	2300 	2301
f 2302 	2303 	2309
f 2309 	2310 	2302
f 2310 	2311 	2302
f 2301 	2302 	2311
f 2316 	2317 	2288
f 2315 	2316 	2288
f 2287 	2288 	2317
f 2286 	2287 	2317
f 1606 	2218 	1607
f 131 	2227 	2245
f 270 	952 	273
f 2216 	121 	184
f 282 	952 	285
f 278 	952 	280
f 2324 	2325 	2274
f 2320 	2321 	2284
f 2317 	2318 	2286
f 2318 	2319 	2286
f 184 	183 	2242
f 1608 	2228 	1609
f 2242 	183 	2243
f 287 	952 	991
f 2231 	1610 	2228
f 1609 	2228 	1610
f 2276 	2281 	2321
f 2322 	2323 	2276
f 2275 	2276 	2323
f 2274 	2275 	2323
f 2323 	2324 	2274
f 2273 	2274 	2325
f 2326 	2279 	2325
f 2153 	2279 	2326
f 1610 	2231 	1611
f 1279 	2201 	291
f 1274 	266 	1276
f 2244 	181 	2245
f 1051 	2265 	4
f 291 	2201 	294
f 2236 	1612 	1611
f 294 	2201 	297
f 1047 	2266 	2265
f 1047 	2265 	1051
f 306 	1997 	309
f 1055 	2267 	2266
f 1055 	2266 	1047
f 1612 	2236 	2237
f 1612 	2237 	1613
f 309 	1997 	312
f 1059 	2268 	2267
f 1059 	2267 	1055
f 1613 	2237 	2238
f 1613 	2238 	1686
f 1063 	2269 	2268
f 1063 	2268 	1059
f 1995 	1993 	312
f 182 	2243 	183
f 316 	312 	1993
f 1065 	2270 	2269
f 1065 	2269 	1063
f 2238 	2240 	1686
f 182 	181 	2243
f 2244 	2243 	181
f 319 	316 	1993
f 1068 	2271 	2270
f 1068 	2270 	1065
f 1993 	1992 	319
f 1687 	2240 	1500
f 180 	2245 	181
f 1070 	2272 	2271
f 1070 	2271 	1068
f 1992 	1991 	319
f 1241 	258 	870
f 131 	2245 	180
f 1075 	2272 	1070
f 322 	319 	1991
f 2332 	870 	258
f 329 	322 	1991
f 2331 	2329 	2330
f 1075 	2308 	2272
f 952 	10 	989
f 1075 	1078 	2309
f 1075 	2309 	2308
f 2327 	255 	2255
f 2255 	93 	2327
f 2330 	2327 	93
f 1078 	1079 	2310
f 1078 	2310 	2309
f 339 	374 	335
f 991 	952 	994
f 1079 	1082 	2311
f 1079 	2311 	2310
f 994 	952 	997
f 1082 	1085 	2312
f 1082 	2312 	2311
f 175 	93 	2255
f 997 	952 	999
f 999 	952 	1002
f 1085 	1042 	2313
f 1085 	2313 	2312
f 2339 	387 	2338
f 2338 	355 	2337
f 2337 	355 	2336
f 2340 	386 	2339
f 2341 	386 	2340
f 2342 	384 	2341
f 2343 	381 	2342
f 1002 	952 	1004
f 1042 	1087 	2314
f 1042 	2314 	2313
f 952 	1010 	1007
f 952 	1007 	1004
f 1304 	2334 	2333
f 1304 	2333 	1297
f 1087 	1089 	2315
f 1087 	2315 	2314
f 1304 	331 	2334
f 1010 	266 	1013
f 1089 	1092 	2316
f 1089 	2316 	2315
f 1013 	266 	1018
f 1092 	1095 	2316
f 1324 	2336 	2335
f 1324 	2335 	1320
f 2316 	1095 	2317
f 2331 	2330 	93
f 1327 	2337 	2336
f 1327 	2336 	1324
f 1095 	1136 	2317
f 175 	2255 	104
f 1329 	2338 	2337
f 1329 	2337 	1327
f 2329 	264 	2328
f 2331 	264 	2329
f 255 	2328 	264
f 2327 	2035 	2034
f 2327 	2034 	2328
f 1331 	2339 	2338
f 1331 	2338 	1329
f 2329 	2037 	2036
f 2329 	2036 	2330
f 2330 	2036 	2035
f 2330 	2035 	2327
f 1278 	2340 	2339
f 1278 	2339 	1331
f 2328 	2034 	2037
f 2328 	2037 	2329
f 1333 	2341 	2340
f 1333 	2340 	1278
f 93 	2113 	2331
f 1335 	2342 	2341
f 1335 	2341 	1333
f 1360 	1098 	1032
f 1026 	1032 	1028
f 1025 	1032 	1026
f 1041 	1040 	1032
f 1032 	1025 	1024
f 1032 	1024 	1022
f 1032 	1022 	1023
f 1032 	1023 	1038
f 1032 	1038 	1037
f 1032 	1037 	1036
f 1035 	1032 	1036
f 1033 	1032 	1035
f 1337 	2343 	2342
f 1337 	2342 	1335
f 477 	481 	2346
f 2347 	477 	2346
f 2333 	2343 	1337
f 2333 	1337 	1297
f 1049 	1046 	1032
f 1046 	1044 	1032
f 1044 	1043 	1032
f 1041 	1032 	1043
f 1039 	1032 	1040
f 1028 	1032 	1039
f 2349 	2350 	1242
f 1119 	2281 	2276
f 1077 	1348 	1080
f 1350 	1348 	1071
f 1069 	1350 	1071
f 1067 	1350 	1069
f 1066 	1350 	1067
f 1064 	1350 	1066
f 1061 	1350 	1064
f 1057 	1350 	1061
f 1054 	1350 	1057
f 1105 	1350 	1054
f 2352 	2353 	2412
f 2411 	2412 	2353
f 2351 	2352 	2412
f 2413 	2414 	2351
f 2378 	497 	432
f 2284 	2281 	1119
f 2376 	2377 	449
f 438 	442 	2378
f 2284 	1118 	2285
f 2375 	2376 	449
f 2286 	2285 	1117
f 1102 	1350 	1105
f 1100 	1350 	1102
f 1098 	1356 	1100
f 1098 	1094 	1032
f 1094 	1091 	1032
f 1091 	1049 	1032
f 1260 	1259 	266
f 2393 	2360 	2392
f 2406 	2407 	2357
f 2407 	2408 	2355
f 2355 	2356 	2407
f 2356 	2357 	2407
f 2350 	2406 	2357
f 2357 	2358 	2350
f 2358 	1242 	2350
f 1242 	1241 	2349
f 2348 	2349 	1241
f 2359 	2360 	2348
f 2393 	2348 	2360
f 2361 	2392 	2360
f 460 	2386 	455
f 266 	2201 	1279
f 2361 	2362 	2392
f 461 	466 	2384
f 1298 	1293 	266
f 1018 	266 	1293
f 1309 	1305 	266
f 1298 	266 	1301
f 469 	471 	2382
f 1309 	266 	1314
f 1301 	266 	1305
f 2381 	2382 	471
f 474 	2347 	471
f 477 	2347 	474
f 2344 	2345 	481
f 2441 	2442 	2370
f 2368 	2369 	2442
f 2345 	2346 	481
f 2294 	1123 	2295
f 2372 	2440 	2371
f 1122 	2296 	1123
f 2295 	1123 	2296
f 2371 	2440 	2370
f 2296 	1122 	2298
f 39 	2100 	2299
f 442 	449 	2377
f 2377 	2378 	442
f 2375 	449 	451
f 455 	2386 	451
f 466 	469 	2382
f 2382 	2383 	466
f 2381 	471 	2347
f 2383 	2384 	466
f 460 	461 	2384
f 2384 	2385 	460
f 2386 	460 	2385
f 2375 	451 	2386
f 2445 	2446 	2388
f 2388 	2389 	2445
f 707 	518 	706
f 524 	706 	518
f 2389 	2390 	2445
f 2387 	2447 	2380
f 2444 	2445 	2390
f 2391 	2362 	2390
f 1131 	2303 	2302
f 2392 	2362 	2391
f 716 	514 	707
f 420 	514 	716
f 503 	507 	426
f 497 	500 	432
f 432 	438 	2378
f 426 	429 	500
f 2304 	2303 	1131
f 528 	706 	524
f 1241 	2359 	2348
f 190 	137 	1963
f 2451 	2452 	2395
f 2394 	2395 	2453
f 2449 	2450 	2374
f 1107 	1106 	2273
f 2274 	1106 	2275
f 1104 	1103 	2275
f 2399 	2429 	2397
f 1313 	1963 	137
f 1262 	875 	133
f 26 	1110 	2086
f 2402 	2434 	2401
f 2404 	2432 	2403
f 2277 	1110 	2278
f 1109 	2278 	1110
f 142 	133 	875
f 345 	142 	875
f 1296 	142 	345
f 2436 	2437 	2366
f 2405 	2431 	2404
f 2278 	1109 	2279
f 1108 	2279 	1109
f 1108 	1107 	2279
f 2273 	2279 	1107
f 2354 	2355 	2409
f 2408 	2409 	2355
f 2276 	1103 	1119
f 2353 	2354 	2409
f 1118 	2284 	1119
f 2409 	2411 	2353
f 2256 	2235 	2410
f 1117 	2285 	1118
f 188 	187 	2398
f 2410 	2398 	187
f 1116 	2286 	1117
f 190 	1963 	222
f 2413 	2351 	2412
f 1116 	2287 	2286
f 1114 	2288 	2287
f 2415 	2416 	2425
f 2288 	1114 	2289
f 1112 	2290 	2289
f 635 	818 	636
f 815 	636 	818
f 1981 	1158 	2256
f 2417 	2418 	2422
f 2416 	2417 	2424
f 635 	634 	818
f 1112 	1111 	2290
f 2291 	2290 	1111
f 2292 	1126 	2293
f 833 	628 	835
f 1981 	2256 	2410
f 2418 	2419 	2421
f 2419 	2396 	2421
f 2420 	2421 	2396
f 2396 	2397 	2429
f 2400 	2427 	2399
f 2401 	2427 	2400
f 2403 	2434 	2402
f 2429 	2420 	2396
f 2421 	2422 	2418
f 2422 	2423 	2417
f 2423 	2424 	2417
f 2424 	2425 	2416
f 2414 	2415 	2425
f 2425 	2426 	2414
f 2351 	2414 	2426
f 2294 	1124 	1123
f 2374 	2379 	2449
f 2448 	2449 	2380
f 2379 	2380 	2449
f 266 	1325 	1321
f 2298 	1121 	2299
f 2428 	2399 	2427
f 2429 	2399 	2428
f 2363 	2431 	2405
f 2366 	2367 	2436
f 2367 	2368 	2436
f 2443 	2436 	2368
f 2442 	2443 	2368
f 2369 	2370 	2442
f 1981 	2410 	1979
f 2433 	2403 	2432
f 2432 	2404 	2431
f 2434 	2403 	2433
f 2435 	2401 	2434
f 2427 	2401 	2435
f 2431 	2363 	2430
f 2438 	2439 	2365
f 2364 	2365 	2439
f 2363 	2364 	2439
f 2430 	2363 	2439
f 1134 	2300 	2291
f 2291 	1111 	1134
f 1356 	1098 	1360
f 1353 	1100 	1356
f 1350 	1100 	1353
f 1073 	1071 	1348
f 1077 	1073 	1348
f 1083 	1080 	1348
f 1083 	1348 	1346
f 1083 	1346 	1343
f 1083 	1343 	1340
f 1083 	1340 	1338
f 1083 	1338 	1334
f 1083 	1334 	1332
f 214 	224 	2002
f 627 	840 	628
f 835 	628 	840
f 1994 	217 	2002
f 627 	626 	840
f 2365 	2366 	2438
f 2437 	2438 	2366
f 2441 	2370 	2440
f 2444 	2390 	2362
f 2387 	2388 	2447
f 2446 	2447 	2388
f 2448 	2380 	2447
f 2450 	2451 	2374
f 2373 	2374 	2451
f 2395 	2373 	2451
f 2452 	2453 	2395
f 2394 	2453 	2372
f 2454 	2372 	2453
f 2440 	2372 	2454
f 849 	649 	850
f 850 	649 	854
f 1393 	2352 	2351
f 1393 	2351 	1392
f 1394 	2353 	2352
f 1394 	2352 	1393
f 1394 	1396 	2354
f 1394 	2354 	2353
f 645 	863 	859
f 1396 	1398 	2355
f 1396 	2355 	2354
f 644 	867 	645
f 863 	645 	867
f 1398 	1399 	2356
f 1398 	2356 	2355
f 1399 	1400 	2357
f 1399 	2357 	2356
f 867 	644 	803
f 201 	1979 	2410
f 201 	2410 	187
f 1468 	2358 	1401
f 2358 	2357 	1401
f 1400 	1401 	2357
f 1468 	1249 	1242
f 1468 	1242 	2358
f 1241 	1251 	1462
f 1241 	1462 	2359
f 214 	2002 	217
f 1415 	2360 	1412
f 2360 	2359 	1412
f 1462 	1412 	2359
f 1996 	217 	1994
f 1426 	2361 	1415
f 2361 	2360 	1415
f 208 	1985 	1987
f 1440 	2362 	1426
f 2361 	1426 	2362
f 211 	1989 	206
f 1440 	1829 	2362
f 1987 	209 	208
f 209 	1987 	211
f 1989 	211 	1987
f 1968 	1887 	1969
f 500 	503 	426
f 429 	432 	500
f 423 	426 	507
f 420 	423 	507
f 507 	511 	420
f 514 	420 	511
f 518 	707 	514
f 2130 	2159 	2456
f 2130 	2456 	2455
f 1891 	1967 	1892
f 1452 	2350 	2349
f 2159 	2160 	2457
f 2159 	2457 	2456
f 2160 	2161 	2458
f 2160 	2458 	2457
f 1966 	1895 	1892
f 2350 	1452 	1588
f 2161 	2129 	2459
f 2161 	2459 	2458
f 2129 	2162 	2460
f 2129 	2460 	2459
f 684 	904 	954
f 2162 	2163 	2461
f 2162 	2461 	2460
f 2348 	1450 	2349
f 2163 	2345 	2461
f 2344 	2461 	2345
f 1974 	1973 	191
f 2200 	2199 	2257
f 2198 	2197 	2257
f 2197 	2214 	2257
f 2213 	2209 	2257
f 2257 	2207 	266
f 2163 	2164 	2346
f 2163 	2346 	2345
f 2164 	2165 	2347
f 2164 	2347 	2346
f 2280 	2332 	1262
f 2332 	1846 	1262
f 1837 	1834 	1262
f 1751 	1748 	191
f 191 	1744 	1980
f 1974 	191 	1975
f 1980 	1976 	191
f 191 	1973 	2257
f 2349 	1449 	1452
f 2165 	2381 	2347
f 1983 	1739 	952
f 1723 	1722 	2332
f 1717 	1715 	2332
f 1710 	1846 	2332
f 1710 	2332 	1715
f 391 	394 	2457
f 2456 	397 	2455
f 256 	391 	2458
f 2458 	2459 	256
f 2460 	256 	2459
f 2461 	236 	2460
f 1717 	2332 	1722
f 1723 	2332 	1728
f 552 	2166 	2462
f 552 	2462 	553
f 2332 	952 	1739
f 1728 	2332 	1733
f 2166 	2167 	2463
f 2166 	2463 	2462
f 1733 	2332 	1737
f 2167 	2168 	2464
f 2167 	2464 	2463
f 1737 	2332 	1739
f 1433 	232 	241
f 2168 	2169 	2465
f 2168 	2465 	2464
f 1916 	2041 	1918
f 2169 	2170 	2466
f 2169 	2466 	2465
f 1445 	241 	251
f 191 	1748 	1744
f 2170 	2171 	2467
f 2170 	2467 	2466
f 1918 	2041 	1920
f 191 	1262 	1751
f 2171 	2128 	2468
f 2171 	2468 	2467
f 1831 	1751 	1262
f 2172 	2469 	2468
f 2172 	2468 	2128
f 1834 	1831 	1262
f 1844 	1262 	1846
f 1837 	1262 	1838
f 2173 	2470 	2469
f 2173 	2469 	2172
f 1838 	1262 	1841
f 1921 	2039 	1884
f 2174 	2471 	2470
f 2174 	2470 	2173
f 1841 	1262 	1844
f 2175 	2472 	2471
f 2175 	2471 	2174
f 2176 	2473 	2472
f 2176 	2472 	2175
f 2177 	2474 	2473
f 2177 	2473 	2176
f 1971 	2257 	1973
f 2177 	2180 	2474
f 2200 	2257 	1971
f 1975 	191 	1976
f 2467 	2468 	368
f 358 	364 	2468
f 2469 	2470 	358
f 353 	358 	2470
f 346 	353 	2470
f 2471 	2472 	346
f 408 	336 	2472
f 2472 	2473 	408
f 2474 	408 	2473
f 1988 	1986 	952
f 2376 	2127 	2178
f 2376 	2178 	2377
f 1983 	952 	1984
f 1984 	952 	1986
f 2178 	2179 	2378
f 2178 	2378 	2377
f 2179 	496 	2378
f 952 	1990 	1988
f 2067 	2022 	2021
f 2180 	495 	2474
f 989 	985 	1990
f 952 	989 	1990
f 2023 	2022 	2067
f 2180 	2130 	2455
f 2180 	2455 	495
f 982 	980 	1990
f 2165 	2181 	2381
f 980 	329 	1990
f 1390 	212 	1421
f 2181 	2182 	2382
f 2181 	2382 	2381
f 505 	953 	1853
f 505 	1853 	504
f 2182 	2183 	2383
f 2182 	2383 	2382
f 216 	1423 	212
f 1853 	1855 	509
f 1853 	509 	504
f 2183 	2184 	2384
f 2183 	2384 	2383
f 512 	509 	1856
f 1855 	1856 	509
f 2184 	2185 	2385
f 2184 	2385 	2384
f 2185 	2186 	2386
f 2185 	2386 	2385
f 512 	1856 	516
f 1858 	516 	1856
f 2186 	2187 	2375
f 2186 	2375 	2386
f 1859 	520 	516
f 1859 	516 	1858
f 2187 	2127 	2376
f 2187 	2376 	2375
f 520 	1859 	522
f 1861 	522 	1859
f 2049 	2017 	2238
f 2011 	2004 	2110
f 2004 	2003 	2110
f 2003 	2001 	2110
f 2001 	2000 	2110
f 2000 	1998 	2110
f 1998 	1999 	2110
f 1999 	2010 	2110
f 2010 	2009 	2110
f 2009 	2008 	2110
f 2008 	2007 	2110
f 2007 	2006 	2110
f 2005 	2110 	2006
f 1429 	1427 	228
f 420 	576 	2196
f 230 	1431 	228
f 2110 	2092 	2014
f 2110 	2014 	2013
f 2110 	2013 	2012
f 2110 	2012 	2011
f 2024 	1862 	529
f 420 	2196 	2195
f 420 	2195 	423
f 1862 	1864 	529
f 1431 	230 	1432
f 538 	1864 	1865
f 423 	2195 	2194
f 1433 	1432 	232
f 231 	232 	1432
f 1865 	1867 	543
f 1865 	543 	538
f 547 	543 	1868
f 1867 	1868 	543
f 1868 	1870 	550
f 1868 	550 	547
f 505 	550 	953
f 1870 	953 	550
f 2073 	2069 	2234
f 2069 	2066 	2234
f 2066 	2062 	2234
f 2054 	2049 	2234
f 1848 	2234 	2062
f 1848 	2054 	2234
f 2016 	2238 	2017
f 2015 	2238 	2016
f 2115 	2005 	2015
f 2240 	2238 	2015
f 2191 	438 	2192
f 522 	1861 	1872
f 2348 	1538 	1450
f 2191 	2190 	438
f 442 	438 	2190
f 1449 	2349 	1450
f 451 	2189 	2188
f 1877 	1670 	563
f 7 	451 	2188
f 1880 	855 	1670
f 1982 	206 	1989
f 1478 	2428 	2427
f 1478 	2427 	1472
f 860 	1881 	864
f 1482 	2429 	2428
f 1482 	2428 	1478
f 1996 	219 	217
f 1883 	868 	864
f 2429 	1484 	2420
f 1985 	208 	1996
f 219 	1996 	208
f 1484 	2429 	1482
f 1487 	2421 	2420
f 1487 	2420 	1484
f 1972 	224 	1970
f 1491 	2422 	2421
f 1491 	2421 	1487
f 1972 	2002 	224
f 1386 	2423 	2422
f 1386 	2422 	1491
f 1963 	1970 	222
f 1495 	2424 	2423
f 1495 	2423 	1386
f 1497 	2425 	2424
f 1497 	2424 	1495
f 1498 	2426 	2425
f 1498 	2425 	1497
f 1970 	224 	222
f 843 	626 	916
f 2351 	2426 	1498
f 1392 	2351 	1498
f 117 	206 	1982
f 269 	1905 	1514
f 2363 	1521 	2364
f 1905 	1522 	1514
f 1520 	2365 	1521
f 2364 	1521 	2365
f 1524 	1911 	1526
f 2365 	1520 	2366
f 1911 	1914 	1528
f 1911 	1528 	1526
f 2366 	1518 	2367
f 1914 	1915 	1528
f 2367 	1518 	2368
f 145 	143 	2297
f 145 	2297 	2283
f 1249 	2282 	1242
f 2283 	2282 	1249
f 1251 	2283 	1249
f 1237 	2283 	1251
f 258 	1242 	2282
f 2297 	1239 	869
f 2280 	2297 	869
f 869 	870 	2280
f 2087 	2282 	2283
f 2087 	2283 	2297
f 2280 	2084 	2297
f 2061 	80 	2063
f 80 	104 	82
f 80 	2059 	104
f 109 	104 	112
f 1031 	2055 	1135
f 1554 	2379 	2374
f 935 	694 	938
f 2063 	80 	2055
f 1135 	2055 	80
f 1554 	2380 	2379
f 112 	104 	115
f 949 	947 	32
f 115 	104 	116
f 116 	104 	2059
f 2059 	80 	2061
f 1539 	2392 	2391
f 1539 	1538 	2392
f 62 	61 	2038
f 2038 	50 	47
f 695 	694 	932
f 693 	941 	938
f 2396 	1572 	2397
f 27 	947 	944
f 2397 	1571 	2399
f 27 	32 	947
f 1447 	1445 	253
f 949 	32 	751
f 2400 	1568 	2401
f 1447 	253 	1448
f 260 	1448 	253
f 661 	296 	743
f 2401 	1568 	2402
f 1405 	1448 	192
f 260 	192 	1448
f 535 	737 	745
f 193 	195 	1407
f 195 	1411 	1409
f 202 	205 	1416
f 1418 	1416 	205
f 1328 	1418 	1781
f 2112 	2005 	2115
f 2110 	2005 	2112
f 2105 	2092 	2108
f 2110 	2108 	2092
f 2101 	2092 	2105
f 2098 	2092 	2101
f 2095 	2092 	2098
f 2198 	2257 	2199
f 2202 	2201 	266
f 2204 	266 	2205
f 1997 	306 	2201
f 2202 	266 	2203
f 2205 	266 	2207
f 2203 	266 	2204
f 1429 	228 	1431
f 2207 	2257 	2209
f 2257 	2214 	2213
f 2240 	2015 	2005
f 2238 	2237 	2049
f 2237 	2236 	2049
f 2236 	2234 	2049
f 2082 	2073 	2234
f 2085 	2082 	2234
f 2085 	2234 	2231
f 2085 	2231 	2228
f 2085 	2228 	2226
f 2085 	2226 	2219
f 2085 	2219 	2218
f 2085 	2218 	2217
f 286 	1221 	283
f 288 	1221 	286
f 2411 	1584 	2412
f 1407 	1405 	192
f 1583 	1580 	2412
f 1411 	200 	1414
f 1416 	1414 	200
f 1134 	1133 	2300
f 679 	575 	683
f 574 	683 	575
f 685 	683 	574
f 205 	1781 	1418
f 1130 	2304 	1131
f 690 	571 	570
f 1130 	1129 	2304
f 2305 	2304 	1129
f 1421 	212 	1423
f 570 	692 	690
f 1128 	2306 	1129
f 2305 	1129 	2306
f 1423 	216 	1424
f 2306 	1128 	2307
f 2363 	1504 	1521
f 2292 	2307 	1126
f 698 	568 	567
f 2274 	2273 	1106
f 705 	567 	566
f 1104 	2275 	1106
f 1520 	1519 	2366
f 231 	1432 	230
f 566 	565 	705
f 710 	705 	565
f 2276 	2275 	1103
f 2366 	1519 	1518
f 710 	565 	714
f 1518 	1516 	2368
f 1433 	241 	1437
f 2277 	2086 	1110
f 2368 	1516 	2369
f 1437 	241 	1445
f 579 	721 	720
f 1512 	2371 	2370
f 722 	579 	578
f 2371 	1512 	2372
f 577 	723 	578
f 722 	578 	723
f 652 	879 	577
f 1318 	1742 	1746
f 1318 	1323 	1742
f 769 	734 	581
f 2373 	1556 	2374
f 793 	769 	584
f 1554 	2374 	1555
f 793 	584 	794
f 587 	794 	584
f 1115 	2287 	1116
f 795 	794 	588
f 587 	588 	794
f 1114 	2287 	1115
f 588 	796 	795
f 592 	797 	796
f 1113 	2289 	1114
f 1544 	2388 	2387
f 592 	593 	797
f 1112 	2289 	1113
f 1544 	1543 	2388
f 2389 	2388 	1543
f 2389 	1543 	2390
f 1541 	2390 	1543
f 2390 	1541 	2391
f 2391 	1540 	1539
f 1312 	1307 	1754
f 1126 	1125 	2293
f 2393 	2392 	1538
f 1312 	1754 	1395
f 2293 	1125 	1124
f 2293 	1124 	2294
f 2348 	2393 	1538
f 1294 	1758 	1757
f 1303 	1757 	1756
f 1756 	1755 	1307
f 1121 	2298 	1122
f 600 	758 	756
f 1557 	2395 	2394
f 1557 	2394 	1558
f 1755 	1754 	1307
f 1120 	2299 	1121
f 2395 	1557 	2373
f 2299 	1120 	39
f 1758 	1294 	1359
f 2396 	2419 	1572
f 744 	743 	533
f 530 	533 	743
f 1571 	2397 	1572
f 2301 	2300 	1133
f 533 	535 	744
f 1756 	1307 	1303
f 2301 	1133 	2302
f 1132 	2302 	1133
f 535 	539 	737
f 2302 	1132 	1131
f 539 	542 	738
f 539 	738 	737
f 1361 	1319 	1735
f 739 	738 	546
f 542 	546 	738
f 1568 	1567 	2402
f 1362 	1361 	1761
f 1735 	1761 	1361
f 732 	739 	521
f 546 	521 	739
f 2402 	1567 	2403
f 1761 	1763 	1363
f 1761 	1363 	1362
f 732 	521 	733
f 551 	733 	521
f 551 	554 	734
f 551 	734 	733
f 1364 	1363 	1765
f 1763 	1765 	1363
f 2403 	1565 	2404
f 1765 	1767 	1365
f 1765 	1365 	1364
f 554 	581 	734
f 2404 	1565 	2405
f 1366 	1365 	1769
f 1767 	1769 	1365
f 1504 	2363 	2405
f 1367 	1366 	1770
f 1769 	1770 	1366
f 1770 	1772 	1367
f 2406 	2350 	1588
f 1370 	1772 	1774
f 2407 	2406 	1588
f 1774 	1776 	1371
f 1774 	1371 	1370
f 1372 	1371 	1778
f 1776 	1778 	1371
f 1778 	148 	1372
f 981 	1236 	330
f 330 	1236 	324
f 324 	1240 	320
f 983 	1230 	981
f 320 	1240 	318
f 307 	310 	1246
f 1245 	310 	1244
f 1245 	1246 	310
f 313 	1244 	310
f 318 	1244 	313
f 1189 	1005 	1186
f 1212 	1216 	996
f 996 	998 	1195
f 1895 	1966 	1965
f 1019 	1295 	1203
f 1300 	1302 	1201
f 1205 	1019 	1203
f 1207 	1019 	1205
f 1201 	1203 	1300
f 1187 	1014 	1207
f 288 	993 	1216
f 572 	685 	574
f 1219 	288 	1216
f 993 	996 	1216
f 998 	1000 	1195
f 1221 	288 	1219
f 685 	572 	571
f 1223 	283 	1221
f 1916 	2043 	2042
f 1225 	1227 	281
f 279 	281 	1227
f 692 	570 	569
f 568 	698 	692
f 568 	692 	569
f 1236 	981 	1233
f 1238 	324 	1236
f 1240 	324 	1238
f 1243 	318 	1240
f 1899 	2018 	1977
f 714 	565 	564
f 580 	720 	564
f 714 	564 	720
f 1247 	1248 	295
f 295 	299 	1247
f 720 	580 	579
f 292 	295 	1248
f 1927 	1926 	1617
f 1621 	1619 	1925
f 1926 	1925 	1619
f 292 	1248 	1250
f 1621 	1925 	1924
f 1253 	271 	1252
f 1923 	1625 	1924
f 1626 	1625 	1923
f 1255 	11 	1254
f 1254 	271 	1253
f 1256 	11 	1255
f 1257 	986 	1256
f 588 	591 	796
f 1944 	1629 	1965
f 1359 	1782 	1758
f 591 	592 	796
f 274 	1252 	271
f 1230 	986 	1257
f 1233 	981 	1230
f 1943 	1632 	1944
f 593 	595 	786
f 281 	283 	1225
f 1252 	274 	1227
f 279 	1227 	274
f 271 	1254 	92
f 595 	656 	786
f 11 	92 	1254
f 1244 	318 	1243
f 1246 	1247 	299
f 990 	1256 	986
f 11 	1256 	990
f 1940 	1637 	1635
f 1019 	1207 	1014
f 1011 	1014 	1187
f 1186 	1008 	1187
f 1000 	1003 	1190
f 1223 	1225 	283
f 1195 	1212 	996
f 1190 	1193 	1000
f 1193 	1195 	1000
f 1190 	1005 	1189
f 1005 	1190 	1003
f 1008 	1186 	1005
f 1011 	1187 	1008
f 751 	32 	602
f 1345 	1344 	1789
f 1936 	1643 	1641
f 601 	756 	602
f 751 	602 	756
f 1788 	1345 	1789
f 601 	600 	756
f 1410 	1277 	1408
f 1406 	292 	1250
f 1417 	1419 	1261
f 1408 	1277 	1406
f 1258 	1261 	1419
f 1326 	1258 	1419
f 1648 	1933 	1929
f 519 	906 	905
f 1422 	1326 	1420
f 1650 	1626 	1961
f 906 	519 	907
f 610 	907 	519
f 1650 	1961 	1652
f 611 	909 	907
f 611 	907 	610
f 1782 	1359 	1783
f 1428 	1315 	1425
f 611 	910 	909
f 1430 	1315 	1428
f 1317 	1322 	1425
f 1959 	1654 	1652
f 617 	912 	911
f 1199 	1201 	1302
f 1295 	1300 	1203
f 619 	913 	617
f 1330 	1781 	1780
f 986 	1230 	983
f 299 	307 	1246
f 1336 	1330 	1793
f 1957 	1956 	1659
f 1330 	1780 	1793
f 1955 	1663 	1956
f 1661 	1956 	1663
f 1336 	1793 	1339
f 1792 	1339 	1793
f 1413 	1417 	1261
f 1264 	1413 	1261
f 1275 	1410 	1264
f 1277 	1410 	1275
f 292 	1406 	1280
f 1280 	1406 	1277
f 1413 	1264 	1410
f 1326 	1419 	1420
f 1422 	1425 	1322
f 1326 	1422 	1322
f 1955 	1954 	1663
f 1791 	1341 	1792
f 1339 	1792 	1341
f 1953 	1667 	1665
f 1302 	1306 	1199
f 1198 	1199 	1306
f 1430 	1198 	1306
f 1306 	1311 	1430
f 1315 	1430 	1311
f 1317 	1425 	1315
f 1791 	1790 	1341
f 1344 	1341 	1790
f 1585 	2409 	2408
f 1667 	1953 	1952
f 1790 	1789 	1344
f 1584 	2411 	2409
f 1584 	2409 	1585
f 1583 	2412 	1584
f 1669 	1951 	1950
f 1349 	1347 	1787
f 2413 	2412 	1580
f 1948 	1879 	1950
f 1351 	1349 	1787
f 1351 	1787 	1786
f 1578 	2414 	1580
f 2413 	1580 	2414
f 1786 	1785 	1351
f 1352 	1351 	1785
f 1978 	2018 	1948
f 1577 	2415 	1578
f 2414 	1578 	2415
f 1352 	1785 	1784
f 1577 	1576 	2415
f 1358 	1784 	1783
f 1576 	1575 	2416
f 1358 	1783 	1359
f 1574 	2418 	1575
f 2417 	1575 	2418
f 2418 	1574 	2419
f 1403 	1795 	1797
f 1797 	1800 	1404
f 1797 	1404 	1403
f 1800 	1473 	1404
f 1388 	1810 	1809
f 1808 	1390 	1809
f 1388 	1809 	1390
f 1515 	2369 	1516
f 1395 	1754 	1818
f 1515 	1513 	2369
f 2370 	2369 	1513
f 2040 	2039 	1920
f 1395 	1818 	1817
f 2370 	1513 	1512
f 803 	638 	809
f 636 	815 	809
f 2372 	1512 	1532
f 1558 	2372 	1532
f 824 	818 	634
f 1382 	1812 	1811
f 1969 	1884 	2039
f 1382 	1811 	1810
f 1555 	2374 	1556
f 824 	634 	829
f 1884 	1969 	1887
f 829 	632 	831
f 1891 	1887 	1967
f 1968 	1967 	1887
f 1553 	2380 	1554
f 1966 	1892 	1967
f 631 	630 	831
f 833 	831 	630
f 2387 	2380 	1545
f 1553 	1545 	2380
f 1544 	2387 	1545
f 833 	630 	628
f 1895 	1965 	1629
f 1540 	2391 	1541
f 843 	840 	626
f 1901 	1899 	2048
f 2048 	1899 	1977
f 2048 	1903 	1901
f 2394 	2372 	1558
f 1903 	2046 	1906
f 849 	650 	649
f 1556 	2373 	1557
f 648 	854 	649
f 1910 	1906 	2044
f 2045 	2044 	1906
f 648 	647 	854
f 2399 	1571 	1570
f 2044 	2043 	1910
f 1913 	1910 	2043
f 2399 	1570 	2400
f 1569 	2400 	1570
f 2400 	1569 	1568
f 1913 	2043 	1916
f 1566 	2403 	1567
f 1916 	2042 	2041
f 2403 	1566 	1565
f 1564 	2405 	1565
f 1564 	1504 	2405
f 1920 	2041 	2040
f 803 	644 	638
f 1587 	2407 	1588
f 1921 	1920 	2039
f 1587 	1586 	2407
f 2408 	2407 	1586
f 1585 	2408 	1586
f 652 	651 	879
f 1948 	2018 	1879
f 650 	849 	883
f 1978 	1977 	2018
f 958 	969 	508
f 2416 	2415 	1576
f 2417 	2416 	1575
f 958 	508 	959
f 556 	1872 	1874
f 960 	959 	662
f 556 	1874 	559
f 1875 	559 	1874
f 1573 	2419 	1574
f 1875 	1876 	561
f 1875 	561 	559
f 2419 	1573 	1572
f 662 	961 	960
f 563 	561 	1877
f 1876 	1877 	561
f 2436 	1690 	2437
f 1684 	1690 	2436
f 573 	563 	1670
f 1690 	1700 	2437
f 2437 	1700 	2438
f 962 	672 	963
f 1703 	2439 	2438
f 1703 	2438 	1700
f 2439 	1342 	2430
f 1703 	1342 	2439
f 672 	964 	963
f 1716 	2431 	2430
f 1716 	2430 	1342
f 860 	1880 	1881
f 1721 	2432 	2431
f 1721 	2431 	1716
f 1724 	2433 	2432
f 1724 	2432 	1721
f 1883 	864 	1881
f 1732 	2434 	2433
f 1732 	2433 	1724
f 1736 	2435 	2434
f 1736 	2434 	1732
f 868 	1883 	1885
f 2427 	2435 	1736
f 2427 	1736 	1472
f 1885 	1888 	868
f 1127 	2307 	1128
f 1745 	2452 	2451
f 1745 	2451 	1380
f 684 	954 	966
f 1496 	1888 	1890
f 1745 	1798 	2453
f 1745 	2453 	2452
f 1126 	2307 	1127
f 606 	904 	684
f 1496 	1890 	1499
f 1893 	1499 	1890
f 1798 	1803 	2454
f 1798 	2454 	2453
f 1135 	2326 	2325
f 1135 	2325 	1031
f 1501 	1499 	1894
f 1893 	1894 	1499
f 1803 	1805 	2440
f 1803 	2440 	2454
f 1135 	2153 	2326
f 1894 	1505 	1501
f 1805 	1819 	2441
f 1805 	2441 	2440
f 1136 	2318 	2317
f 1894 	1897 	1505
f 1819 	1822 	2442
f 1819 	2442 	2441
f 1136 	1137 	2319
f 1136 	2319 	2318
f 1897 	1898 	1505
f 1137 	1138 	2320
f 1137 	2320 	2319
f 1509 	1898 	1902
f 2442 	1822 	2443
f 1825 	2443 	1822
f 1138 	1139 	2321
f 1138 	2321 	2320
f 1509 	1902 	269
f 2436 	2443 	1825
f 2436 	1825 	1684
f 1139 	1140 	2322
f 1139 	2322 	2321
f 1140 	1141 	2323
f 1140 	2323 	2322
f 1829 	2444 	2362
f 1905 	1907 	1522
f 1141 	1142 	2324
f 1141 	2324 	2323
f 1829 	1833 	2445
f 1829 	2445 	2444
f 1524 	1522 	1909
f 1907 	1909 	1522
f 1142 	1031 	2325
f 1142 	2325 	2324
f 1833 	1836 	2446
f 1833 	2446 	2445
f 1909 	1911 	1524
f 1836 	1839 	2447
f 1836 	2447 	2446
f 944 	941 	24
f 1529 	1528 	1915
f 1839 	1842 	2448
f 1839 	2448 	2447
f 16 	2261 	14
f 944 	24 	27
f 1842 	1845 	2449
f 1842 	2449 	2448
f 21 	333 	2258
f 1845 	1847 	2450
f 1845 	2450 	2449
f 1847 	1380 	2451
f 1847 	2451 	2450
f 337 	342 	2047
f 2053 	2047 	342
f 2206 	2051 	342
f 344 	348 	371
f 697 	696 	916
f 2208 	2051 	2206
f 351 	2335 	360
f 695 	932 	927
f 365 	351 	362
f 935 	932 	694
f 494 	349 	2479
f 366 	862 	365
f 367 	862 	366
f 693 	938 	694
f 369 	828 	367
f 12 	941 	693
f 360 	362 	351
f 951 	823 	369
f 2478 	2479 	352
f 2264 	2475 	361
f 356 	359 	2475
f 12 	24 	941
f 372 	374 	341
f 13 	2263 	363
f 363 	2263 	361
f 359 	361 	2475
f 339 	341 	374
f 371 	372 	341
f 341 	344 	371
f 14 	2261 	13
f 333 	337 	2047
f 2264 	361 	2263
f 2258 	2259 	21
f 2047 	2258 	333
f 2259 	2260 	21
f 2333 	2334 	380
f 352 	354 	2477
f 354 	356 	2477
f 415 	493 	2480
f 2478 	352 	2477
f 2476 	2477 	356
f 2475 	2476 	356
f 375 	335 	374
f 905 	904 	607
f 606 	607 	904
f 383 	2342 	381
f 607 	519 	905
f 384 	2342 	383
f 437 	441 	459
f 386 	2341 	384
f 431 	434 	476
f 388 	2338 	387
f 611 	613 	910
f 357 	2336 	355
f 355 	2338 	388
f 911 	910 	615
f 613 	615 	910
f 465 	2239 	463
f 2230 	2232 	2249
f 615 	617 	911
f 381 	2343 	380
f 387 	2339 	386
f 2333 	380 	2343
f 468 	2239 	465
f 2232 	2233 	2247
f 453 	452 	412
f 2233 	463 	2247
f 332 	335 	375
f 375 	377 	332
f 377 	378 	332
f 2334 	332 	378
f 378 	380 	2334
f 956 	957 	327
f 357 	360 	2335
f 2335 	2336 	357
f 428 	431 	482
f 866 	365 	862
f 351 	365 	866
f 862 	367 	858
f 823 	311 	328
f 828 	369 	823
f 858 	367 	828
f 425 	428 	482
f 476 	479 	431
f 484 	425 	482
f 479 	482 	431
f 882 	265 	877
f 885 	261 	882
f 877 	265 	873
f 887 	261 	885
f 889 	259 	887
f 891 	252 	889
f 901 	242 	891
f 870 	873 	272
f 870 	272 	348
f 311 	823 	951
f 492 	493 	417
f 415 	417 	493
f 487 	425 	484
f 972 	975 	323
f 321 	323 	975
f 349 	352 	2479
f 317 	321 	975
f 975 	978 	317
f 494 	2480 	493
f 494 	2479 	2480
f 417 	419 	492
f 489 	492 	419
f 487 	489 	419
f 487 	419 	422
f 315 	317 	979
f 23 	138 	304
f 138 	141 	304
f 303 	304 	141
f 978 	979 	317
f 444 	448 	452
f 473 	476 	437
f 422 	425 	487
f 434 	437 	476
f 459 	473 	437
f 441 	444 	459
f 456 	459 	444
f 452 	456 	444
f 448 	412 	452
f 453 	412 	468
f 411 	468 	412
f 2239 	468 	411
f 2264 	1208 	2475
f 1208 	1210 	2476
f 1208 	2476 	2475
f 1210 	1213 	2477
f 1210 	2477 	2476
f 1213 	1215 	2478
f 1213 	2478 	2477
f 1215 	1217 	2479
f 1215 	2479 	2478
f 1217 	1220 	2480
f 1217 	2480 	2479
f 1220 	414 	415
f 1220 	415 	2480
f 363 	409 	13
f 638 	637 	809
f 809 	637 	636
f 634 	632 	829
f 631 	831 	632
f 916 	626 	697
f 1617 	1928 	1927
f 1619 	1617 	1926
f 856 	854 	647
f 646 	859 	647
f 856 	647 	859
f 859 	646 	645
f 1626 	1923 	1922
f 723 	577 	879
f 883 	879 	651
f 651 	650 	883
f 1633 	1943 	1942
f 969 	786 	656
f 1635 	1633 	1941
f 1942 	1941 	1633
f 656 	508 	969
f 508 	658 	959
f 1635 	1941 	1940
f 658 	662 	959
f 1639 	1940 	1939
f 961 	662 	663
f 663 	669 	962
f 663 	962 	961
f 1641 	1639 	1938
f 1939 	1938 	1639
f 669 	672 	962
f 672 	676 	964
f 1641 	1938 	1936
f 965 	964 	678
f 676 	678 	964
f 1645 	1936 	1935
f 678 	681 	966
f 678 	966 	965
f 684 	966 	681
f 1934 	1647 	1935
f 1645 	1935 	1647
f 1648 	1647 	1933
f 1934 	1933 	1647
f 927 	916 	696
f 696 	695 	927
f 1652 	1961 	1960
f 1960 	1959 	1652
f 1659 	1958 	1957
f 1661 	1659 	1956
f 1665 	1663 	1954
f 1665 	1954 	1953
f 1669 	1952 	1951
f 1903 	2048 	2046
f 2045 	1906 	2046
f 2025 	1915 	2052
f 1529 	1915 	2025
f 2026 	2025 	2056
f 2052 	2056 	2025
f 2056 	2057 	2027
f 2056 	2027 	2026
f 2028 	2027 	2058
f 2057 	2058 	2027
f 2058 	2060 	2029
f 2058 	2029 	2028
f 2019 	2029 	950
f 2060 	950 	2029
f 2020 	950 	2064
f 2019 	950 	2020
f 2021 	2020 	2065
f 2064 	2065 	2020
f 2021 	2065 	2067
f 2070 	2023 	2067
f 2023 	2070 	2024
f 2071 	2024 	2070
f 1862 	2024 	2071
f 2033 	2076 	2075
f 2033 	2075 	2030
f 2031 	2074 	2077
f 2031 	2077 	2032
f 2075 	2074 	2031
f 2075 	2031 	2030
f 2077 	2076 	250
f 247 	250 	2076
f 2032 	237 	2033
f 240 	2033 	237
f 240 	247 	2076
f 240 	2076 	2033
f 2032 	2077 	250
f 2032 	250 	237
f 234 	246 	245
f 234 	245 	235
f 238 	249 	248
f 238 	248 	239
f 250 	249 	238
f 237 	250 	238
f 2037 	246 	2036
f 2037 	2034 	246
f 244 	2084 	245
f 240 	239 	248
f 247 	240 	248
# 4972 faces

 #end of obj_0

