:020000040800F2
:10000000000001203DEE00085121000855210008A4
:10001000592100085D21000861210008000000004E
:100020000000000000000000000000006521000842
:1000300069210008000000006D21000871210008FE
:100040008DEE00088DEE00088DEE00088521000879
:100050008DEE00088DEE00088DEE00088DEE000894
:100060008DEE0008C12100088DEE00088DEE00081D
:10007000D5210008E12100088DEE00088DEE000872
:10008000ED210008F92100088DEE00088DEE000832
:100090008DEE00088DEE00088DEE00088DEE000854
:1000A0008DEE00088DEE00088DEE00088DEE000844
:1000B0008DEE000800000000000000008DEE00083A
:1000C0008DEE0008052200088DEE00088DEE000878
:1000D0008DEE00088DEE0008BD4400088DEE00088E
:1000E0002D2200084122000800000000000000004E
:1000F0000000000000000000000000000000000000
:10010000000000008DEE0008000000008DEE0008E9
:1001100000000000000000008DEE00088DEE0008D9
:100120008DEE00088DEE00088DEE00088DEE0008C3
:100130008DEE00080000000000000000000000003C
:100140008DEE00088DEE00088DEE00080000000026
:100150008DEE00088DEE00088DEE00088DEE000893
:100160008DEE00088DEE00088DEE00080000000006
:100170008DEE00088DEE0008000000000000000079
:100180008DEE00088DEE00088DEE000800000000E6
:1001900002230360704700BF4FF48533036070474C
:1001A00072B6BFF34F8FBFF36F8F0E4B00211A68EB
:1001B000196062B6BFF34F8FBFF36F8F02F0010378
:1001C000910748BF43F00203510748BF43F00403BF
:1001D000110748BF43F00803D20648BF43F010039D
:1001E000036070478000002072B6BFF34F8FBFF3EB
:1001F0006F8F044B5B6862B6BFF34F8FBFF36F8F97
:10020000036070478000002072B6BFF34F8FBFF3CA
:100210006F8F044B9B6862B6BFF34F8FBFF36F8F36
:10022000036070478000002072B6BFF34F8FBFF3AA
:100230006F8F0C4A537B117B1BB1002341F00201ED
:10024000537392F84C31B2F94C205B4203F40043F3
:1002500043EA02430B4362B6BFF34F8FBFF36F8F86
:10026000036070478000002072B6BFF34F8FBFF36A
:100270006F8F084BD3ED547A62B6BFF34F8FBFF345
:100280006F8F9FED057A67EE877AFCEEE77AC0ED17
:10029000007A70478000002000007A4472B6BFF3F5
:1002A0004F8FBFF36F8F084BD3ED557A62B6BFF314
:1002B0004F8FBFF36F8F9FED057A67EE877AFCEE65
:1002C000E77AC0ED007A70478000002000007A4491
:1002D00072B6BFF34F8FBFF36F8F084BD3ED567AD3
:1002E00062B6BFF34F8FBFF36F8F9FED057A67EE56
:1002F000877AFCEEE77AC0ED007A70478000002034
:1003000000007A440A4A536910B504461BB10949F2
:100310001868884208D0D2F86C310749074A002093
:1003200098470023236010BDB3F85430236010BDFC
:100330008000002002B13713AC600108946001080E
:100340000A4A536983B110B509491C688C4207D029
:10035000D2F86C310749084A00209847012010BDA7
:10036000A3F85400012010BD1846704780000020FB
:1003700002B13713AC600108946001080A4A53695E
:1003800010B504461BB109491868884208D0D2F854
:100390006C310749074A002098470023236010BDAD
:1003A0001B8A236010BD00BF8000002002B13713FC
:1003B000AC600108946001080A4A53697BB110B52A
:1003C00009491C688C4207D0D2F86C310749084AA9
:1003D00000209847012010BD1882012010BD18464A
:1003E000704700BF8000002002B13713AC600108E5
:1003F000946001080A4A536910B504461BB10949C3
:100400001868884208D0D2F86C310749074A0020A2
:1004100098470023236010BD9B7C236010BD00BF64
:100420008000002002B13713AC600108946001081D
:100430000B4A536993B110B50A491C688C4207D026
:10044000D2F86C310849094A00209847012010BDB4
:10045000003818BF01209874012010BD184670475D
:100460008000002002B13713AC60010894600108DD
:100470000A4A536910B504461BB1094918688842F5
:1004800008D0D2F86C310749074A0020984700236A
:10049000236010BDDB7C236010BD00BF8000002006
:1004A00002B13713AC600108946001080B4A53692C
:1004B00093B110B50A491C688C4207D0D2F86C3150
:1004C0000849094A00209847012010BD003818BF8C
:1004D0000120D874012010BD18467047800000200C
:1004E00002B13713AC600108946001080A4A5369ED
:1004F00010B504461BB109491868884208D0D2F8E3
:100500006C310749074A002098470023236010BD3B
:100510001B7D236010BD00BF8000002002B1371397
:10052000AC600108946001080B4A536993B110B59F
:100530000A491C688C4207D0D2F86C310849094A34
:1005400000209847012010BD003818BF0120187501
:10055000012010BD184670478000002002B13713FB
:10056000AC600108946001080E4A536910B5044656
:100570001BB10D491868884208D0D2F86C310B497C
:100580000B4A002098470023236010BDD3ED177A53
:100590009FED087A67EE877AFCEEE77A17EE903ADD
:1005A000236010BD8000002002B13713AC60010849
:1005B0009460010800007A4400B5114A83B0536981
:1005C0000190C3B10F491868884209D0D2F86C3144
:1005D0000D490E4A00209847012003B05DF804FB46
:1005E000DDED017ADFED0A6AF8EE677A87EEA67A2A
:1005F00083ED177AF0E7184603B05DF804FB00BFFF
:100600008000002002B13713AC600108946001083B
:1006100000007A440E4A536910B504461BB10D49D7
:100620001868884208D0D2F86C310B490B4A002078
:1006300098470023236010BDD3ED067A9FED087A1A
:1006400067EE877AFCEEE77A17EE903A236010BDEA
:100650008000002002B13713AC60010894600108EB
:1006600000007A4400B5114A83B053690190C3B1C8
:100670000F491868884209D0D2F86C310D490E4AEA
:1006800000209847012003B05DF804FBDDED017AFE
:10069000DFED0A6AF8EE677A87EEA67A83ED067ACE
:1006A000F0E7184603B05DF804FB00BF80000020AF
:1006B00002B13713AC6001089460010800007A446D
:1006C0000E4A536910B504461BB10D49186888429B
:1006D00008D0D2F86C310B490B4A00209847002310
:1006E000236010BDD3ED077A9FED087A67EE877A15
:1006F000FCEEE77A17EE903A236010BD80000020F0
:1007000002B13713AC6001089460010800007A441C
:1007100000B5114A83B053690190C3B10F491868FD
:10072000884209D0D2F86C310D490E4A0020984712
:10073000012003B05DF804FBDDED017ADFED0A6A0C
:10074000F8EE677A87EEA67A83ED077AF0E7184627
:1007500003B05DF804FB00BF8000002002B1371336
:10076000AC6001089460010800007A440E4A5369A5
:1007700010B504461BB10D491868884208D0D2F85C
:100780006C310B490B4A002098470023236010BDB1
:10079000D3ED087A9FED087A67EE877AFCEEE77A68
:1007A00017EE903A236010BD8000002002B137138D
:1007B000AC6001089460010800007A4400B5114A59
:1007C00083B053690190C3B10F491868884209D0BA
:1007D000D2F86C310D490E4A00209847012003B031
:1007E0005DF804FBDDED017ADFED0A6AF8EE677A69
:1007F00087EEA67A83ED087AF0E7184603B05DF835
:1008000004FB00BF8000002002B13713AC60010878
:100810009460010800007A440E4A536910B50446FA
:100820001BB10D491868884208D0D2F86C310B49C9
:100830000B4A002098470023236010BDD3ED097AAE
:100840009FED087A67EE877AFCEEE77A17EE903A2A
:10085000236010BD8000002002B13713AC60010896
:100860009460010800007A4400B5114A83B05369CE
:100870000190C3B10F491868884209D0D2F86C3191
:100880000D490E4A00209847012003B05DF804FB93
:10089000DDED017ADFED0A6AF8EE677A87EEA67A77
:1008A00083ED097AF0E7184603B05DF804FB00BF5A
:1008B0008000002002B13713AC6001089460010889
:1008C00000007A440E4A536910B504461BB10D4925
:1008D0001868884208D0D2F86C310B490B4A0020C6
:1008E00098470023236010BDD3ED0A7A9FED087A64
:1008F00067EE877AFCEEE77A17EE903A236010BD38
:100900008000002002B13713AC6001089460010838
:1009100000007A4400B5114A83B053690190C3B115
:100920000F491868884209D0D2F86C310D490E4A37
:1009300000209847012003B05DF804FBDDED017A4B
:10094000DFED0A6AF8EE677A87EEA67A83ED0A7A17
:10095000F0E7184603B05DF804FB00BF80000020FC
:1009600002B13713AC6001089460010800007A44BA
:100970000E4A536910B504461BB10D4918688842E8
:1009800008D0D2F86C310B490B4A0020984700235D
:10099000236010BDD3ED0B7A9FED087A67EE877A5E
:1009A000FCEEE77A17EE903A236010BD800000203D
:1009B00002B13713AC6001089460010800007A446A
:1009C00000B5114A83B053690190C3B10F4918684B
:1009D000884209D0D2F86C310D490E4A0020984760
:1009E000012003B05DF804FBDDED017ADFED0A6A5A
:1009F000F8EE677A87EEA67A83ED0B7AF0E7184671
:100A000003B05DF804FB00BF8000002002B1371383
:100A1000AC6001089460010800007A440E4A5369F2
:100A200010B504461BB10D491868884208D0D2F8A9
:100A30006C310B490B4A002098470023236010BDFE
:100A4000D3ED0D7A9FED087A67EE877AFCEEE77AB0
:100A500017EE903A236010BD8000002002B13713DA
:100A6000AC6001089460010800007A4400B5114AA6
:100A700083B053690190C3B10F491868884209D007
:100A8000D2F86C310D490E4A00209847012003B07E
:100A90005DF804FBDDED017ADFED0A6AF8EE677AB6
:100AA00087EEA67A83ED0D7AF0E7184603B05DF87D
:100AB00004FB00BF8000002002B13713AC600108C6
:100AC0009460010800007A440E4A536910B5044648
:100AD0001BB10D491868884208D0D2F86C310B4917
:100AE0000B4A002098470023236010BDD3ED0E7AF7
:100AF0009FED087A67EE877AFCEEE77A17EE903A78
:100B0000236010BD8000002002B13713AC600108E3
:100B10009460010800007A4400B5114A83B053691B
:100B20000190C3B10F491868884209D0D2F86C31DE
:100B30000D490E4A00209847012003B05DF804FBE0
:100B4000DDED017ADFED0A6AF8EE677A87EEA67AC4
:100B500083ED0E7AF0E7184603B05DF804FB00BFA2
:100B60008000002002B13713AC60010894600108D6
:100B700000007A440A4A536910B504461BB109497A
:100B80001868884208D0D2F86C310749074A00201B
:100B900098470123236010BD93F84430236010BDB3
:100BA0008000002002B13713AC6001089460010896
:100BB0000C4A53699BB110B50B491C688C4207D095
:100BC000D2F86C3109490A4A00209847012010BD2B
:100BD000003818BF012083F84400012010BD1846DA
:100BE000704700BF8000002002B13713AC600108DD
:100BF000946001080A4A536910B504461BB10949BB
:100C00001868884208D0D2F86C310749074A00209A
:100C100098470123236010BD93F84530236010BD31
:100C20008000002002B13713AC6001089460010815
:100C30000C4A53699BB110B50B491C688C4207D014
:100C4000D2F86C3109490A4A00209847012010BDAA
:100C5000003818BF012083F84500012010BD184658
:100C6000704700BF8000002002B13713AC6001085C
:100C7000946001080C4A536910B504461BB10B4936
:100C80001868884208D0D2F86C310949094A002016
:100C900098470323236010BD93F846305A1E042A58
:100CA00088BF0023236010BD8000002002B13713ED
:100CB000AC600108946001080C4A536913B1411EED
:100CC000042901D90020704710B509491C688C42DD
:100CD00007D0D2F86C310749074A00209847012015
:100CE00010BD83F84600012010BD00BF8000002029
:100CF00002B13713AC600108946001080A4A5369D5
:100D000010B504461BB109491868884208D0D2F8CA
:100D10006C310749074A002098470023236010BD23
:100D2000B3F84830236010BD8000002002B13713B3
:100D3000AC600108946001080A4A536983B110B598
:100D400009491C688C4207D0D2F86C310749084A1F
:100D500000209847012010BDA3F84800012010BDD5
:100D6000184670478000002002B13713AC600108BC
:100D7000946001080E4A536910B504461BB10D4931
:100D80001868884208D0D2F86C310B490B4A002011
:100D900098470023236010BDD3ED137A9FED087AA6
:100DA00067EE877AFCEEE77A17EE903A236010BD83
:100DB0008000002002B13713AC6001089460010884
:100DC00000007A4400B5114A83B053690190C3B161
:100DD0000F491868884209D0D2F86C310D490E4A83
:100DE00000209847012003B05DF804FBDDED017A97
:100DF000DFED0A6AF8EE677A87EEA67A83ED137A5A
:100E0000F0E7184603B05DF804FB00BF8000002047
:100E100002B13713AC6001089460010800007A4405
:100E20000E4A536910B504461BB10D491868884233
:100E300008D0D2F86C310B490B4A002098470023A8
:100E4000236010BDD3ED147A9FED087A67EE877AA0
:100E5000FCEEE77A17EE903A236010BD8000002088
:100E600002B13713AC6001089460010800007A44B5
:100E700000B5114A83B053690190C3B10F49186896
:100E8000884209D0D2F86C310D490E4A00209847AB
:100E9000012003B05DF804FBDDED017ADFED0A6AA5
:100EA000F8EE677A87EEA67A83ED147AF0E71846B3
:100EB00003B05DF804FB00BF8000002002B13713CF
:100EC000AC6001089460010800007A440A4A536942
:100ED00010B504461BB109491868884208D0D2F8F9
:100EE0006C310749074A002098470023236010BD52
:100EF00093F86130236010BD8000002002B13713E9
:100F0000AC600108946001080C4A53699BB110B5AC
:100F10000B491C688C4207D0D2F86C3109490A4A47
:100F200000209847012010BD003818BF012083F829
:100F30006100012010BD1846704700BF80000020EE
:100F400002B13713AC600108946001080A4A536982
:100F500010B504461BB109491868884208D0D2F878
:100F60006C310749074A002098470023236010BDD1
:100F7000B3F85630236010BD8000002002B1371353
:100F8000AC600108946001080A4A536983B110B546
:100F900009491C688C4207D0D2F86C310749084ACD
:100FA00000209847012010BDA3F85600012010BD75
:100FB000184670478000002002B13713AC6001086A
:100FC000946001080A4A536910B504461BB10949E7
:100FD0001868884208D0D2F86C310749074A0020C7
:100FE00098470123236010BD93F86230236010BD41
:100FF0008000002002B13713AC6001089460010842
:101000000C4A53699BB110B50B491C688C4207D040
:10101000D2F86C3109490A4A00209847012010BDD6
:10102000003818BF012083F86200012010BD184667
:10103000704700BF8000002002B13713AC60010888
:10104000946001080E4A536910B504461BB10D495E
:101050001868884208D0D2F86C310B490B4A00203E
:1010600098470023236010BDD3ED197A9FED087ACD
:1010700067EE877AFCEEE77A17EE903A236010BDB0
:101080008000002002B13713AC60010894600108B1
:1010900000007A4400B5114A83B053690190C3B18E
:1010A0000F491868884209D0D2F86C310D490E4AB0
:1010B00000209847012003B05DF804FBDDED017AC4
:1010C000DFED0A6AF8EE677A87EEA67A83ED197A81
:1010D000F0E7184603B05DF804FB00BF8000002075
:1010E00002B13713AC6001089460010800007A4433
:1010F00072B6BFF34F8FBFF36F8F054B93F8743108
:1011000062B6BFF34F8FBFF36F8F0360704700BFAE
:101110008000002072B6BFF34F8FBFF36F8F064B76
:10112000003818BF012083F8740162B6BFF34F8FF7
:10113000BFF36F8F012070478000002072B6BFF3AD
:101140004F8FBFF36F8F054BD3F8783162B6BFF383
:101150004F8FBFF36F8F0360704700BF8000002088
:1011600072B6BFF34F8FBFF36F8F0F4BD3F87C2155
:1011700032B1002062B6BFF34F8FBFF36F8F70475D
:101180009A680A4910B442F000424FF400748C622D
:10119000C3F87C019A60012062B6BFF34F8FBFF3A2
:1011A0006F8F5DF8044B70478000002000040048FA
:1011B00090F824C0BCF1010F3CD070B590F825C068
:1011C0000124A44580F824405FFA8CFE04D000235B
:1011D00080F82430022070BD022580F82550046874
:1011E0000025C5632668456C26F00106266005F0DB
:1011F0001C05066C0EFA05F5756063608368102B9C
:10120000036B0BBFA260A160E160E2604BB1236899
:1012100043F00E032360236843F0010300202360A2
:1012200070BD236823F004032360236843F00A039E
:101230002360F0E7022070472DE9F041814C002344
:1012400084F8803194F8E531012B0D46D4F88C11E7
:1012500009D0B1F5827F6BD1D8B2D4F89031002B90
:1012600066D1042864D1002D62D092B2002A5FD0EA
:1012700094F8E431012B5BD094F8E531D4F888611F
:10128000C4F8C051042B1CBF052384F8E5310121AB
:101290000023C4F8E83184F8E411A4F8C621A4F8C6
:1012A000CE21C4E975337368A4F8C42123F4C04384
:1012B000C4F8C851A4F8CC217360D4F89431D4F8A0
:1012C000E001B3F5E06F35D8D4F8DC319969736883
:1012D000B1F5806F43F48053736000F086808369BA
:1012E000B3F5806F6DD094F8E531574A042B574B16
:1012F00018BF1346564A0363564B4363564B18BFF9
:101300001346C362B4F8CE314FF00008C0F83880FD
:101310009BB206F10C012A46FFF74AFF074670B15F
:10132000D4F8E83184F8E48143F01003C4F8E831DC
:10133000BDE8F081736823F480537360D3E773686A
:10134000D4F8DC0143F001037360B4F8C6310A46F7
:10135000C0E90B77C0E90D7729469BB2FFF728FF5C
:1013600000284FD133685B0626D5002384F8E4318A
:10137000736843F020037360736843F00203736083
:10138000D4F8EC2194F88031002BD1D141F287318F
:101390000BE072B694F8803103B930BF62B6BFF388
:1013A0006F8F94F88031002BC2D1D4F8EC319B1AA6
:1013B0008B42EED9BDE8F081336843F040033360DF
:1013C000D3E7736823F480537360B4F8CE3113F01D
:1013D000010F73681FD123F400537360B4F8CE314A
:1013E000C3F34E03A4F8CE317DE7D20773681DD452
:1013F00023F480437360B4F8C631C3F34E03A4F8FA
:10140000C6316CE7D4F8E83184F8E47143F0100396
:10141000C4F8E8318CE743F400537360B4F8CE317C
:10142000C3F34E030133A4F8CE315CE743F48043A9
:101430007360B4F8C631C3F34E030133A4F8C63168
:101440004DE700BF80000020CD170008C917000835
:101450005D1C0008D1170008AD1B000870B4436C78
:10146000066C056831682C6803F01C0304229A405E
:101470000A420ED014F0040F0BD02B689B0603D445
:101480002B6823F004032B60036B7260CBB170BC3C
:10149000184702229A400A4215D014F0020F12D0C7
:1014A0002B68990606D42B6823F00A032B600123CE
:1014B00080F82530C36A7260002180F82410002B68
:1014C000E5D170BC704708229A400A42F9D0220741
:1014D000F7D52A68416B22F00E022A60012202FA37
:1014E00003F300247360C26380F8244080F8252051
:1014F0000029E6D070BC0847002310B480F84230C1
:1015000090F84120212A4FF0200118D1112280F8B3
:101510004110026390F84110046801F0280122682C
:101520004363282914BF6FF0F2016FF042010A40B3
:10153000002322605DF8044B80F84030704712228F
:1015400080F84110026390F84120016802F02802FF
:101550000C684363282A14BF6FF0F4026FF0440252
:10156000224000230A605DF8044B80F84030704749
:10157000264A9368D26813F00C0305D00C2B32D0A6
:10158000042B3ED122487047204A1168090754BFF6
:10159000D2F8942012681F4954BFC2F30322C2F349
:1015A000031251F82200002BEDD0184BDB6803F03A
:1015B0000303022B23D0184A032B08BF1046134BFA
:1015C000D968DA68DB68C3F34163C2F30622C1F36A
:1015D0000211013300FB02F201315B00B2FBF1F2B8
:1015E000B2FBF3F0704702F00302012ACCD0074BA4
:1015F000DB6803F00303022B4FF00000DBD104484B
:10160000DDE7082B044818BF002070470010024097
:101610000024F400F81F010800127A0021498B6DA4
:10162000DB0082B01CD5204B1B6803F4C063B3F50C
:10163000007F29D080282ED831D0A0F17002B2FAD4
:1016400082F2520919490B6823F0070313430B6018
:10165000086800F00700801A18BF012002B0704728
:101660008B6D114A43F080538B658B6D03F0805373
:101670000193019B13688A6D03F4C06322F08052CA
:10168000B3F5007F8A65D5D1802806D9A0288CBF04
:1016900002220122D6E70322D4E70022D2E7022267
:1016A000D0E700BF00100240007000400020024060
:1016B000434A036830B4D468A40707D0D46804F060
:1016C00003049C424AD0012030BC7047022B56D004
:1016D000032B4DD0012BF6D112689207F3D5384C6D
:1016E000E26822F0730213434268013A43EA0213AC
:1016F000E360334C334A236823F080632360D2F8DD
:10170000EC5104E0D2F8EC315B1B022B3BD8236890
:101710001B01F7D483681B02002936D12169C568F3
:1017200021F0784121F4FE4143EAC5630B43236174
:1017300023490B6843F080630B60D2F8EC4104E06E
:10174000D2F8EC311B1B022B1DD80B681B01F7D5FF
:1017500082690B69134300200B61B5E7002CB2D0FE
:10176000D3684268C3F3021301339342ABD1C0E79D
:101770001468A403B3D412685203A4D5AFE7126867
:101780005505A0D5ABE703209EE7012921690BD0C1
:1017900021F0C06121F4FE41194343695B08013B1C
:1017A00041EA43612161C3E721F4C00121F4FE4114
:1017B0000B4301694908013943EA41532361B7E703
:1017C0000010024080000020704700BF704700BF3B
:1017D000836A19684A6822F003024A601A6E4FF061
:1017E000010C42F010021A6683F85DC0704700BF1A
:1017F000836A0022A3F85A20A3F85220704700BF42
:10180000B1F804C093680A899A80BCF1000C18BF33
:101810004FF0010CCA7983F800C091F806C083F834
:1018200001C09A709860704703460068D3F8E810CA
:101830004268C3F8F0101047D0E90F23816B0069AC
:10184000184700BF0068C368184700BF704700BF53
:1018500000688368184700BF2DE9F047D0F8008082
:101860000546B8F1000F22D0D8F8987037B3144E5F
:1018700007F148044FF00009583754F8040F20B11D
:10188000D6F864319847C4F80090A742F5D1D8F84B
:101890009800D6F8643100B19847D6F864314046D4
:1018A0009847D6F864312846BDE8F0471847044EFB
:1018B0002846D6F86431BDE8F0471847004EECE7FB
:1018C000800000202DE9F047C36D87690569002479
:1018D0007C8081461C7000F14806A04656F8043F03
:1018E000FBB1B3F838C0B3F89400B3F89610B3F86E
:1018F000DC2005EB400005EB410105EB420205EB66
:101900004C0CC3E91301C3F8A820C3F814C03C7001
:101910001868D3F8E020416883F8E880C3F8E42031
:1019200088470134E4B2042CD8D1D9F80000BDE8CE
:10193000F0474368184700BF70B50446806980B11E
:10194000E3694BB1104B93F8F0212AB1D3F86C3115
:101950000E4A0F49012098472068BDE8704083680F
:101960001847094D0B4AD5F86C3109499847E36986
:1019700043B195F8F0312BB1D5F86C31034A0449E5
:1019800001209847002070BD80000020C060010841
:10199000D0600108E060010830B40269B0F842305C
:1019A00090F8381032F81330032908BF83F400434D
:1019B00040F2E51101FB03F31B0C816C8446A3F597
:1019C00089700880BCF83C10DCF84C0032F811102B
:1019D00039B1BCF8401032F81110012994BF002130
:1019E00001210170BCF83E00BCF83A10DCF8505000
:1019F00032F8111032F81020DCF8544040F2E510B3
:101A000000FB02F2A3EB12431BB2002BBCF94420F3
:101A1000DCF80000B8BF5B421BB29A42A1F10102A0
:101A2000B2FA82F2ACBF0023012352092A7023705C
:101A300030BC4368184700BF0068C368184700BF40
:101A4000836910B50446CBB10E4B93F8F02152B91F
:101A500063698BB10B4B0C4AD3F86C310B490020F6
:101A60009847002010BDD3F86C31094A074901207E
:101A700098476369002BEDD1012010BDC369002B8D
:101A8000E2D1E5E780000020346101081861010817
:101A9000FC6001080068C368184700BF00688368DD
:101AA000184700BF70B5114E114A3368A2FB0323DB
:101AB0009B09013BB3F1807F01D3012070BD4FF042
:101AC000E0220C495361F02381F8233000250723DD
:101AD0000F28956104461361EFD801464FF0FF309F
:101AE00009F01CFF7460284670BD00BF0000002094
:101AF000D34D621000ED00E00CB4F0B5ADB032ABE8
:101B000006AE53F8042B059304460D463046962145
:101B10000FF07EFB9528C4BF1C4BCDF8AA301C4BA0
:101B20001C49D3F8EC71A1FB07311B4BA3FB072326
:101B3000980B1A4BA3FB07234FEA931C184B4FF447
:101B40007A7202FB1C77A3FB00E25209042CC2EB61
:101B50000212A0EB8202A3FB0CE398BF114800978E
:101B60004FEA531394BF005D3F20C3EB0313019072
:101B7000CDE90256490DACEB83030B480FF022FB75
:101B80002DB0BDE8F04002B0704700BF2E2E2E00F1
:101B900080000020B17C219573B2E745D34D6210DF
:101BA00089888888806101085C61010838B52A4A03
:101BB0000368D2F8EC511B689B061BD4846A236827
:101BC000A2685868616820F0200058609AB158688F
:101BD000B1F5827F20F00100586022D029462046CE
:101BE00008F006F9B0B901230022A4F8462084F8D1
:101BF0005D30236E38BD5A68B1F5827F0CBF22F08C
:101C0000030222F001025A602946204608F0F0F84B
:101C10000028E8D0236E43F02003236620232366A8
:101C2000E1E7B2F5004F12D11A6822F040022946CE
:101C30001A60204608F0DCF80028EBD12A464FF461
:101C4000C061204608F070F80028CCD0E2E7B2F579
:101C5000806FE9D0C2E700BF80000020F8B51C4DBE
:101C60000368D5F8EC711B68846A9B062CD426683F
:101C7000736823F0200373603A464FF4C051204646
:101C800008F052F858B93946204608F0B1F830B992
:101C90003A464FF4C061204608F046F838B1236E4A
:101CA00043F020032366236E43F02003236673680A
:101CB00023F00303736000220123E287A4F8462087
:101CC00084F85D30236E13B9012385F88031F8BDA7
:101CD00080000020F8B595692B7802EB43030F468E
:101CE000B3F84460536901466888144603EB40002A
:101CF00072000FF009FA6B88E26D1E4413786E8053
:101D000003B93B791370F8BD2DE9F04F2DED048B2D
:101D1000038F8DB00546002B00F01581B0F84030E0
:101D2000428F0469B0F850E007925B000293838F02
:101D3000C28F34F913300B92BEF1000F00F0038113
:101D40001B010893D0E91223D718B0F85200B5F858
:101D50004230DFED8A8ADFF830B20193FE434FF064
:101D60000008F6EE009A0990C1460496CDF828E0E6
:101D7000834B83FB0710F917C1EBA00101EB410076
:101D8000A7EBC00000281FFA89F886B2C0F2EB80EA
:101D9000002FC0F2F180089B09B2090481FB030106
:101DA000002906DA4FF6FF7C10EB0C0C604641F17F
:101DB0000001079B000C40EA0140991934F9111009
:101DC000A0EB011007EE900AB8EEE79A29EE289AE8
:101DD000B0EE490A0DF0F2FBB0EE408AB0EE490ACF
:101DE0000DF006F9019B002B00F0A2800B9BB5F8CB
:101DF00044A01E4404EB46030020CDE9059703935D
:101E00000646009059E095F838C0BCF1000F4BD061
:101E100007EE101A07EE903AF8EEC76AF8EEE77A86
:101E200026EE806A27EE887A66EE886A37EE467A72
:101E300067EE807AB5EEC07A77EEA67AF1EE10FA08
:101E40004CBF37EE697A37EE297AF5EEC07AF1EEBB
:101E500010FABDEEC77A4CBF77EEE97A77EEA97A31
:101E600017EE103AFDEEE77A5B4517EE901A47F64B
:101E7000FF70B8BF5B468342D5F85490A8BF0346B5
:101E80005945B8BF594699F800E08142A8BF0146BC
:101E9000BEF1000F04D117EE100A98425BD0E6465F
:101EA00089F800E01BB209B2A352009B7980534429
:101EB0000093019B01369E4238D0009B95F839C0B3
:101EC00008EB5302029B92B203EB8202A718A35EB7
:101ED000B7F90210BCF1000F95D00398B0F800C01C
:101EE0000CF01F0E0EF1300E03FB0EFE4FEA9C238A
:101EF000203BCCF3441C01FB03F3BEF1000F0CF1BB
:101F0000300C01FB0CFCB8BF0EF13F0E002BB8BF2C
:101F10001F334FEAAE1EBCF1000F0EEB6313B8BFC8
:101F20000CF13F0C1BB24CF38F116CE7DDE9059708
:101F3000099B049A1F44D31A04930A9B09F10109CF
:101F400099457FF415AF286843680DB0BDEC048B4C
:101F5000BDE8F04F184717EE900AB0EB010E18BF1E
:101F60004FF0010E9CE71836B6B2049B054AA2FB5F
:101F700003016FEA11110EE70026F6E70000803733
:101F8000ABAAAA2AABAAAAAA0080FFFFBFF34F8F71
:101F90000549064BCA6802F4E0621343CB60BFF305
:101FA0004F8F00BFFDE700BF00ED00E00400FA0521
:101FB0001A4B10B50446406AC01A83B2022B25D0D2
:101FC000042B27D0164B93F8F831033B012B04D890
:101FD0002268536843F40043536094F8413003F09F
:101FE0002803282B10D1226894F84130136823F07D
:101FF000FC03136094F84030012B05D004212046E7
:1020000007F04AFF00B910BDFFF7C0FF184607F000
:102010009BFFD7E780B207F097FFD3E77402002059
:102020008000002008B50A4B01221A7290F8413056
:10203000202B01D0FFF7AAFF02680649282380F869
:1020400041301368416343F0B803136008BD00BF1B
:1020500000000020152F000810B400232022174C88
:10206000C4624363036380F8412080F842304B0729
:10207000026811D5436A526A1A70436A028D0133AD
:1020800043624AB1438D013B9BB24385436C013AA5
:1020900043F0040302854364036890F8412090F8FC
:1020A00041201A68102422F0FE0200211A60DC612F
:1020B0005DF8044B80F84010B4E700BF0000FFFF5C
:1020C00010B590F84120104C10494FF0000C02F070
:1020D000280284F8F8C1282A4FF6FF7CA1F80AC02C
:1020E0000FD1016890F841200A6822F0FC020A60D2
:1020F00090F84030012B04D0022107F0CDFE00B94A
:1021000010BDFFF743FF00BF80000020000000204B
:1021100008B5836A9A6B0AB100219163DA6B0AB140
:102120000021916393F84120602A4FF0000208D00B
:102130001A63596C83F84020042900D108BDFFF7C9
:1021400025FF202183F8411083F840201A6308BD41
:10215000FEE700BFFEE700BFFEE700BFFEE700BFEF
:10216000FEE700BF704700BF704700BF704700BF69
:10217000034AD2F8EC310133C2F8EC31704700BFAA
:10218000800000200C4B0D49D3F8FC214FF4801047
:102190004861D168490503D4012283F81D227047A4
:1021A000D168C9B261F49061D1600120012283F845
:1021B000200283F81D2270478000002000040140A7
:1021C000034B5A69120744BF08225A61704700BF87
:1021D000000401400148FFF741B900BFA4020020FC
:1021E0000148FFF73BB900BFEC0200200148FFF7B0
:1021F00035B900BF340300200148FFF72FB900BFF5
:102200007C030020084810B4D0F84433D0F8784359
:1022100099691A682CB1234600F551705DF8044B9A
:1022200018475DF8044B704780000020034B5A6943
:10223000120544BF4FF400625A6170470004014028
:1022400010B51B4C1B4AD4F8FC314FF4802151616E
:102250009A68D20402D5DA68D00509D49A68910444
:1022600002D5DA68920515D4012384F81D3210BD19
:10227000DA68D2B262F4C0720121DA604FF4807081
:1022800084F8981309F036F980B9D4F8FC3184F851
:102290009803E3E7DA68D2B262F42072DA600121CF
:1022A000012384F8991384F81D3210BDFFF76EFEE8
:1022B0008000002000040140034AD2F8883043F433
:1022C0007003C2F88830704700ED00E070B5434DF0
:1022D00092B02C22002107A80EF004FED5F89C63D2
:1022E000002E72D00023CDE90533D5F8FC210193EF
:1022F000D46814F00804FBD102A809F09BF8002868
:1023000069D101A809F0CAF8002864D19DF8082015
:1023100012B1334C02FB04F49DF809301BB14EF6A8
:10232000602202FB03449DF80A301BB14FF47A721D
:1023300002FB0344049A039BD5F808120991D31AAF
:102340004FF47A75013205FB03F3B3FBF2F3254A30
:1023500033442344A2FB03022148520D00FB1233F5
:102360002148A0FB0340800B4EF6602606FB10338D
:102370008DF81D001D481E4CA0FB0260000900EBFB
:102380004000A2EBC0028DF81C20A4FB03029209BE
:1023900005FB123301FB0333A4FB0343A1EB9311B1
:1023A0008DF81E204FF400704FF000424FF0606334
:1023B000089111900C920E9309F09CF858B907A857
:1023C00009F03EF938B912B070BD4FF4007009F051
:1023D00091F80028F7D0FFF7D9FD00BF800000205A
:1023E00080EE3600B17C219573B2E745ABAAAAAA6C
:1023F000D34D62100FB400B50F4A9BB01CAB92F8DE
:10240000A01353F8042B009321B91BB05DF804EB23
:1024100004B07047642101A80EF0FAFE6328C8BF1B
:10242000064B0748C8BF199301A90EF0CBFE1BB09D
:102430005DF804EB04B07047800000202E2E2E00C3
:102440005469010872B6BFF34F8FBFF36F8F064B0D
:102450009A6840EA0201996062B6BFF34F8FBFF3FA
:102460006F8F0248C6E700BF800000208861010826
:1024700090F82520022A03D00422C263012070476D
:102480000168426C10B50C6824F00E040C600C68F6
:1024900024F001040C6002F01C02046C012101FA1A
:1024A00002F26260826B80F82510002480F82440DC
:1024B00002B19047002010BD70B5584D95F8F8C195
:1024C0000CF0FD0CBCF1010F82B0044645D02B6826
:1024D00043F001032B6094F8413003F02803282BCC
:1024E00039D1236894F841201A6822F0FA021A6060
:1024F00094F84020012A2ED094F8412001212A2A64
:1025000084F8401068D029202021002284F841005E
:1025100084F8421062645A684148042122F400425F
:102520005A6061854FF08072618DE2629D699A699F
:1025300021853C496163D103606203D52A0744BF0A
:102540000822DA61002284F840201A6842F0FA0278
:102550001A6002B070BDFFF719FD032385F8F8314A
:102560000023314E0193D5F8A43370894BB3B5F8ED
:10257000A81361B301EB410103EB810102E00C33CD
:1025800099421ED01A888242F9D15B6803B301A830
:102590009847019A7089110EC2F3074EC2F30723C0
:1025A0005FFA82FC85F8F6314FF6FF73984285F8A2
:1025B000F41185F8F5E185F8F7C18CD00130708110
:1025C00089E7EE234FF0000C9E461946EAE78C4659
:1025D000EE239E461946E5E794F841101A6801F08B
:1025E0002801282914BF6FF0F4016FF044010A405C
:1025F0001A601A68100486D51A68E06B22F400424B
:102600001A6000283FF47FAF084B8363FFF730FF69
:1026100010B1E06B836B9847236874E7800000205B
:1026200074020020152F000800000020112100086E
:1026300001680B68002280F842205A040CD50B6810
:1026400023F480430B6090F84130292B0ED090F892
:1026500041302A2B20D070471B04F4D50B6823F49B
:1026600000430B6090F84130292BF0D12822212320
:1026700080F84120036390F841300A6803F0280392
:10268000282B14BF6FF0F2036FF0420313400022B7
:102690000B6080F840200FE72822222380F8412099
:1026A000036390F841300A6803F02803282B14BF15
:1026B0006FF0F4036FF04403134000220B6080F8C6
:1026C000402075E430B40468A169A569A368E26894
:1026D000C268022AC1F300410ED1C3F3C21383EAD8
:1026E000154313F0060307D1826C01328264826CB9
:1026F000022A0DD030BC704723680B4D002223F016
:10270000B80323602A7280F8402051B930BCD7E466
:1027100008228364E261044A80F840301372002981
:10272000F4D030BCC8E600BF0000002010B504465D
:10273000544A94F84130002084F84200E2626085F7
:10274000626C1143A3F12802022A2368616432D823
:1027500094F8411094F8412001F02801282902F052
:10276000280214BFF6214621282A1A680CBFC94343
:102770006FF0F6010A40282043491A6084F84100AE
:10278000A06B226B616318B1112A3ED0212A3CD084
:10279000E06B18B1122A4DD0222A4BD094F8413068
:1027A000602B4FF0000363D02363626C84F84030E9
:1027B000042A64D110BD94F8412094F841201A688D
:1027C00022F0FE021A609A69920748BF98629A69DD
:1027D000D10703D49A6942F001029A6194F841202A
:1027E000602A10D0202284F841209A6992060AD5E6
:1027F0009A69D00605D51022DA61626C42F00402B3
:1028000062642022DA610021BAE71A6851042AD4EE
:1028100090F82530012BC1D01C4A8263002384F834
:102820004030FFF725FE0028C4D0A06BBDE8104063
:10283000836B18471A68120403D51A6822F4004201
:102840001A6090F82530012BA8D0104A826300232B
:1028500084F84030FFF70CFE0028ABD0E06BBDE8F9
:102860001040836B18471A6822F480421A60CFE741
:10287000202284F8412084F84030236310BDFFF704
:1028800085FB00BF0000FFFF152F00081121000885
:1028900030B40368202282B0DA6190F84120212A06
:1028A00090F841204AD0222A56D05A68324C00254E
:1028B00022405A60314C4563CD06C46205D51022D2
:1028C000DA61426C42F00402426490F84120602ACE
:1028D0002DD09A69910744BF00229A629A69D20763
:1028E00003D49A6942F001029A61436C90F8412046
:1028F000602A0BD053B990F84120212A0AD090F8D1
:102900004120222A06D002B030BC7047416C02B090
:1029100030BC0BE7202280F84120036390F842206E
:1029200080F8403080F8423002B030BC70474C072D
:10293000CFD55A6AD2B20192019ACAE702F02802B0
:102940001C68282A14BF6FF0F2026FF04202224086
:1029500011241A600463A8E790F841201C6802F073
:102960002802282A14BF6FF0F4026FF044022240BC
:1029700012241A60046398E700E800FE0000FFFFDD
:1029800038B590F84030012B00F085800123CD064A
:10299000044680F8403001D5D00659D40D063AD50A
:1029A00050064DD523681A6822F040021A60628DE5
:1029B00092B2002A71D05868628D92B2FF2AC0F399
:1029C000090078D8618DE26A89B212F5803F2185CD
:1029D00000F082805FFA81FCE26A4FEA0C4C42EA26
:1029E0000C020243404D586822F000422840024346
:1029F0005A60628D521A92B2628594F84120222A5E
:102A00001A680CBF42F4004242F480421A6000206F
:102A100084F8400038BD4D0612D5500610D5638DA0
:102A20009BB2002B40D123685A689201EFD4E26A2E
:102A300012F5803F34D15A6842F480425A60E6E78A
:102A40008B06E4D59306E2D52046FFF721FFDEE7AB
:102A5000236826481022DA61616C626B41F0040140
:102A60008242616425D022498A4222D021498A4289
:102A700014BF2022602219680A431A609A699107DC
:102A800044BF00229A629A69D207C0D49A6942F080
:102A900001029A61BBE7022038BD5B689A0103D44A
:102AA0002046FEF729FDB2E740212046FFF73EFE13
:102AB000ADE76022DFE79A69D10306D501212185C0
:102AC0004FF4803C4FF0807289E7FF2121854FF45D
:102AD0007F0C4FF0807282E75FFA81FC4FEA0C4C6A
:102AE0004FF000727BE700BF009C00FC81290008CA
:102AF00065300008F92A000838B590F84030012BFD
:102B000000F0D680012380F84030CB06044602D581
:102B1000D00600F1A9808B070BD5900709D5226854
:102B2000216D91624FF0FF332365002084F840004F
:102B300038BD0B063AD5550640F18C8094F84120FB
:102B4000236802F028021968282A14BF6FF0F202E5
:102B50006FF042020A401A601A6842F090021A604E
:102B6000628D92B2002A00F0B880628D92B2FF2A84
:102B700040F2A2809869654DE16C5A68C0F300404C
:102B800000280CBF4FF47F004FF4803002EA0502AA
:102B9000C1F3090142EA000242EA010242F08072F6
:102BA0000CBFFF21012121855A6040E04B0651D521
:102BB00050064FD594F84110236855481A6801F023
:102BC0002801282914BF6FF0F2016FF042010A407A
:102BD0001A601A684F4942F090021A6094F841C096
:102BE000628D92B2BCF1220F08BF0846FF2A79D944
:102BF0009A69C2F30042002AE26CC2F309020CBFD8
:102C00004FF47F054FF4803542EA000242EA0502A4
:102C10005868414D22F0004200EA050042EA0002F5
:102C20000CBFFF21012142F0807221855A60628D24
:102C3000521A92B2628594F84120222A1A684FF003
:102C400000000CBF42F4004242F480421A6084F853
:102C500040006DE788067FF568AF93067FF565AFA6
:102C60002046FFF715FE60E723682C481022DA6142
:102C7000616C626B41F00401824261641AD02849A0
:102C80008A4217D027498A4214BF2022602219683D
:102C90000A431A609A69910744BF00229A629A69AE
:102CA000D2073FF542AF9A6942F001029A613CE7D0
:102CB000022038BD6022EAE7618D144DE26C58684D
:102CC00089B22840C2F30902CDB242EA054202436A
:102CD00042F0007221855A60A9E740212046FFF7A3
:102CE00025FD22E7618DE26C89B2CDB2C2F3090203
:102CF00042EA05420243084D5868218522F000420D
:102D00002840024342F000725A6090E7009C00FCA9
:102D10000020008000240080009800FC8129000829
:102D200065300008F92A000870B5036804460D46AE
:102D30001968C06A94F841202026213ADE61092AE8
:102D40000ED8DFE802F079050D0D0D0D0DAC7905FB
:102D500094F841201A6822F0FC021A6022222263B1
:102D60005A686A4E42F400425A605A6832405A60C9
:102D70009A69920744BF00229A629A69D60703D4DF
:102D80009A6942F001029A614A043CD51A6822F419
:102D900080421A60A26B1AB11268526892B26285C0
:102DA0006A070AD55A6A636A1A70636A01336362F2
:102DB000238D25F00405002B6AD1638D9BB21BB1D6
:102DC000636C43F004036364EB0601D5CE063CD488
:102DD000002384F84230666C6363002E6AD1E36A94
:102DE0004B4DAB4219D194F8413084F84060222B0E
:102DF0004FF0200384F841302046266373D0BDE8AD
:102E00007040FFF759BB0E04CAD51A6822F400427D
:102E10001A60E26B002ABFD1C2E72046FFF708FC28
:102E20002023E56284F8406084F841302046266320
:102E3000BDE87040FFF7F6B894F841201A6822F018
:102E4000FA021A60212222638AE7638D9BB2002B6B
:102E500039D194F84130282B4FD094F84120236881
:102E6000292A4FF01002DA61B2D110F5803FAFD0BD
:102E70009A69910744BF00229A629A69D20703D4E3
:102E80009A6942F001029A612046FFF7D1FB9FE761
:102E9000013B2385638D013B9BB263858DE794F8ED
:102EA000412094F841201A6822F0FE021A600022A4
:102EB000226355E7616C2046FFF738FC94F84130F7
:102EC000282B14D070BD23681022DA61636C43F0A4
:102ED0000403636430F080737FF47AAF616C204642
:102EE000FFF724FC74E7BDE87040FFF761B829469E
:102EF0002046BDE87040FFF7AFB8B0F1007FACD11D
:102F000029462046FFF7A8F862E700BF00E800FE68
:102F10000000FFFF38B590F840C0C56ABCF1010F52
:102F20006DD04FF0010C11F0200F04460B4680F8D5
:102F300040C002D012F0200F51D1D80615D5D106CD
:102F400013D5628D92B2002A5BD194F84120282AD1
:102F50007ED094F841202368292A4FF01002DA61CC
:102F600062D0002084F8400038BD590719D41907F1
:102F700001D5100739D49907F3D59307F1D5638D9F
:102F80009BB2002B4CD0616A236811F8012B9A6226
:102F9000638D228D6162013B9BB2013A638522857C
:102FA000DFE75007E3D5638D9BB26BB12268636A9C
:102FB000526A1A70638D616A228D013B0131013AB8
:102FC0009BB2616222856385638D9BB2002BC8D161
:102FD00015F5803FC5D02046FFF72AFBC1E7FFF774
:102FE000A3FE002084F84000BEE794F8413003F0CF
:102FF0002803282B28D023680822DA61B1E70220B1
:1030000038BD23681022DA61636C43F00403636403
:1030100035F08073A5D1616C2046FFF787FBA0E7F0
:1030200035F080739DD1D6E715F5803F99D09A6928
:10303000950744BF00229A629A69D007CBD49A6957
:1030400042F001029A61C6E72046FFF73BFB88E7A2
:10305000B5F1007F7FF47DAF19462046FEF7FCFFF7
:103060007FE700BF38B590F840C0C56ABCF1010FDA
:103070004CD04FF0010C11F0200F04460B4680F8A5
:1030800040C002D012F0200F30D1D90626D5D0068C
:1030900024D55104C2F380303AD5E16B09B1120452
:1030A0003BD4A26B1AB112685268002A3DD0236843
:1030B0001022DA61636C43F00403636494F84130D6
:1030C00035F08072DBB20DD1213B092B52D8DFE8FD
:1030D00003F04F565151515151514F56190701D5D7
:1030E000130709D4002084F8400038BDFFF71CFE08
:1030F000002084F84000F8E794F8413003F02803FA
:10310000282B3FD023680822DA61EBE7022038BD84
:10311000110429D5E16B0029C9D00A685268002A38
:1031200034D1A26B0AB100283ED194F84120282A5C
:1031300032D094F841202368292A4FF01002DA6136
:10314000D0D115F5803FCDD09A69950744BF0022B4
:103150009A629A69D00703D49A6942F001029A618F
:103160002046FFF765FABDE723681022DA61B9E768
:1031700021232363616C2046FFF7D8FAB2E72223AC
:103180002363F7E72046FFF79DFAABE7A26B002A1F
:103190008DD000288BD086E7B5F1007FC9D11946C4
:1031A0002046FEF759FF9DE712685268BDE700BF51
:1031B0002DE9F04F00233E4E4FF00F094FF0030A68
:1031C0004DE03C4FB84265D03B4FB84266D03B4FD4
:1031D000B84268D0DFF8E8B058450CBF4FF0040B98
:1031E0004FF0070B0BFA04F4A44513D1346824EA1A
:1031F0000E043460746824EA0E047460F46824EAEF
:103200000E04F460B46824EA0E04B460AC6824EAE6
:103210000804AC6004685D000AFA05F54FEAD30CB7
:103220002C4300EB8C0C046003F00704DCF820E076
:10323000A40009FA04F42EEA0404CCF820408468BF
:1032400024EA05048460446824EA02024260C268F9
:1032500022EA0502C260013331FA03F218D00122DA
:103260009A4012EA010EF6D023F0030505F18045DD
:1032700005F5803503F00304D5F808C0A40009FA69
:1032800004F8B0F1904F08EA0C0C9AD10024ABE797
:10329000BDE8F08F012707FA04F4A5E74FF0020B11
:1032A0000BFA04F4A0E74FF0030B0BFA04F49BE7CE
:1032B000000401400004004800080048000C0048D9
:1032C0000010004830B5524C5248D4F8AC33242298
:1032D00083B0C4F828241968002221F00101834238
:1032E00019601A605A609A6067D04B4A934273D053
:1032F00000220123CDE900224848C4F8302484F894
:103300002424C4F828241946C4F82C24C4F80C2416
:10331000C4F8102408F02CFBD4F8EC21D4F8EC31DC
:103320009B1A012BFAD93D48002205690223CDE9F9
:103330000022012108F01CFBD4F8EC2105F0010566
:10334000D4F8EC319B1A012BFAD93448036913F0F5
:10335000010317D000230121CDE90033032208F037
:1033600007FB05F152014B002D48C4F84C330DF01A
:1033700029FF08F0F9FB18B994F88533202B0AD0FF
:10338000FEF704FE0121CDE90033032208F0F0FA34
:1033900005F15101E7E7D4F84423224922482823C4
:1033A00084F885331368C4F8780343F0B8034FF406
:1033B00000701360886103B030BD02F1804202F5F5
:1033C00004324FF4C061136E23F480434FF09040F9
:1033D0001366FFF7EDFE8BE702F5E6320F21936DE2
:1033E00023F4003393654FF09040FFF7E1FED4F8EB
:1033F000200408F017FDD4F81C0408F013FD0B4B53
:103400004022C3F88420BFF34F8FBFF36F8F6FE765
:10341000800000200038014000440040001C0048AB
:10342000A461010800040048152F000800E100E035
:10343000F0B58D4B02689D68DE680446D00683B007
:1034400005F00C0506F0030640F13481002D40F034
:10345000FA80854B1B68990700F16681824B276AC9
:103460001A68120756BFD3F894301B681B0903F083
:10347000F0039F4200F2E8817B4B1A6842F0080299
:103480001A601A6822F0F0023A431A605A68E16939
:1034900022F47F4242EA01225A60002D00F00B82A2
:1034A000FEF766F8704B9A68704BC2F30312134430
:1034B0006F4A93F8303003F01F0320FA03F350688B
:1034C0001360FEF7EFFA002840F033812268D0073E
:1034D00000F1F48090071FD50C2D00F0CD81E3683A
:1034E0006148002B00F08481036843F4807303601B
:1034F000604BD3F8EC6105E0D3F8EC11891B02298D
:1035000000F24D8101684905F6D54368216923F031
:10351000F85343EA01634360160718D563695248BC
:10352000002B00F01481D0F8943043F00103C0F870
:103530009430504BD3F8EC6105E0D3F8EC11891BC3
:10354000022900F22C81D0F894108907F5D5500794
:103550003ED5454B996DC90000F14881996D41F008
:10356000805199659B6D03F080530193019B01206D
:10357000414E3368DF0540F102813E4BA1680129CD
:1035800000F04781052900F0AA81374ED6F89070E7
:1035900027F00107C6F89070D6F8907027F004075E
:1035A000C6F89070002940F03B81D3F8ECC141F29D
:1035B000883706E0D3F8EC11A1EB0C01B94200F218
:1035C000EE80D6F890108907F4D4002840F06D8181
:1035D000970618D5636A2449002B00F05181D1F871
:1035E0009820244B42F00102C1F89820D3F8EC0156
:1035F00005E0D3F8EC21121A022A00F2D080D1F8AB
:1036000098209607F5D5A36ADBB1022B00F07581EF
:103610000C2D00F08D801449164B0A6822F0807240
:103620000A60D3F8EC0105E0D3F8EC21121A022A63
:1036300000F2B5800A689201F6D4CA680F4B1340B5
:10364000CB60002075E00C2D00F09580A369064842
:10365000002B00F0A7800168064B41F001010160DA
:10366000D3F8EC7112E000BF00100240F81F01080F
:10367000000000208000002000700040FCFFEEFEF3
:10368000D3F8EC11C91B022900F28980016889076F
:10369000F6D5036843F0080303600368216A23F04A
:1036A000F0030B4303604368E16923F47F4343EA7B
:1036B00001234360D30722D5082D3ED00C2D3AD0EC
:1036C0006368B3F5803F7ED0B3F5A02F00F0FA8099
:1036D0009548016821F480310160016821F480215E
:1036E0000160002B74D1914BD3F8EC7104E0D3F856
:1036F000EC11C91B642952D801688903F7D49707D4
:103700007FF50AAF042D7FF4E7AE874B1B685805A1
:1037100001D5E36863B1844920694B6823F0F8530D
:1037200043EA00634B60F7E6A369002B7FF496AE93
:10373000012003B0F0BD032EC2D17B4B1B689F0359
:103740007FF5C8AE6368002B7FF4C4AEF0E7D0F815
:10375000943023F00103C0F89430744BD3F8EC613B
:1037600004E0D3F8EC11891B022918D8D0F8941082
:103770008F07F6D4EBE6012E7FF468AF69E6336875
:1037800043F480733360694BD3F8EC713168C90539
:103790003FF5F4AED3F8EC11C91B0229F6D903208A
:1037A00003B0F0BD0168614B21F001010160D3F865
:1037B000EC7104E0D3F8EC11C91B0229EFD80168C1
:1037C0008907F7D476E758490B6843F480330B60D8
:1037D000564B5548D3F8EC7104E0D3F8EC11C91BF3
:1037E0006429DCD801688903F7D588E70020BFE6A3
:1037F000036823F4807303604C4BD3F8EC6104E05E
:10380000D3F8EC11891B0229C9D801684F05F7D4F8
:1038100082E6454ED6F8901041F00101C6F89010AE
:10382000D3F8ECC1404E41F2883705E0D3F8EC11F3
:10383000A1EB0C01B942B2D8D6F890108907F5D5A2
:1038400000283FF4C5AE30E03846FDF7E7FE00281B
:103850007FF46EAF344B1A6842F008021A601A689F
:1038600022F0F0023A431A605A68E16922F47F427A
:1038700042EA01225A6013E6022E7FF430AE44E79A
:10388000D1F89820294B22F00102C1F89820D3F8F2
:10389000EC0105E0D3F8EC21121A022A3FF67FAFC3
:1038A000D1F898209207F5D4ADE61F498B6D23F02F
:1038B00080538B658CE63846FDF7B0FE00283FF458
:1038C000EFAD35E703F18043A3F53C33196841F4CC
:1038D00080211960196841F48031196078E7124934
:1038E000D1F8906046F00406C1F89060D1F890607D
:1038F00046F00106C1F8906092E70B4AE66AD36889
:1039000003F00301B1424BD00C2D3FF411AF064937
:103910000B685F013FF50CAF0A68044B22F0807220
:103920000A60D3F8EC0109E000100240800000209A
:10393000D3F8EC21121A022A3FF631AF0A6895013A
:10394000F6D4C868354A0240606B324342EA00222E
:10395000A06B42EAC062206B013842EA0012D4E94F
:103960000F506C08013C4008013842EA445242EAD8
:103970004062CA600A682A4842F080720A60CA68D7
:1039800042F08072CA60D3F8EC1105E0D3F8EC2164
:10399000521A022A3FF603AF02689401F6D550E6A8
:1039A000216B03F070000139B0EB011FACD1606BEB
:1039B00003F4FE41B1EB002FA6D1A06B03F07841D8
:1039C000B1EBC06FA0D1E16B4908013903F4C0002D
:1039D000B0EB415F98D1216C490803F0C063013915
:1039E000B3EB416F90D1136898013FF52AAE11688F
:1039F0000C4B41F080711160D16841F08071D16051
:103A0000D3F8EC0105E0D3F8EC11091A02293FF6CE
:103A1000C6AE11688901F6D513E600BF8C809D0102
:103A20000010024080000020514AF8B5136803F0EE
:103A300007038B420BD2136823F007030B43136079
:103A4000136803F007038B4201D00120F8BD04681E
:103A500014F0020E04F001036AD0464E8568B26885
:103A600002F0F002954204D9B26822F0F0022A4333
:103A7000B260002B67D04268032A5ED03D4B022A19
:103A80001B686CD0002A6FD19E07DED5394D3A4EA7
:103A9000AB6823F003031343AB60D6F8EC719200DC
:103AA00041F2883C04E0D6F8EC31DB1B634559D881
:103AB000AB6803F00C039342F5D1BEF1000F41D186
:103AC0002B4A136803F007038B4209D9136823F0CC
:103AD00007030B431360136803F007038B42B4D151
:103AE000620706D5234AC168936823F4E0630B4359
:103AF0009360230707D51F4A0169936823F4605335
:103B000043EAC1039360FDF733FD1A491B4A8968F4
:103B10001B4CC1F303110A44034692F8302060683D
:103B200002F01F02D3402360BDE8F840FDF7BABFA2
:103B3000002BC5D04268032AA0D10E4B1B689B0105
:103B4000A4D482E785680B4A936803F0F0039D4292
:103B5000B6D2936823F0F0032B439360B0E79F0342
:103B600094D472E70320F8BD5D057FF56EAF8DE755
:103B7000002002400010024080000020F81F0108D1
:103B800000000020F0B504680546200583B000F170
:103B9000F6800026A10351D5A54B9A6DD20040F1C5
:103BA000F8800027A349A44A0B6843F480730B6094
:103BB000D2F8EC0105E0D2F8EC311B1A022B00F22E
:103BC00001810B68DB05F6D5AEBB9949A86DD1F82C
:103BD000903013F4407326D0834224D0D1F890C0A3
:103BE000D1F8903043F48033C1F89030D1F8903060
:103BF00023F48033C1F890301CF0010F2CF4407393
:103C0000C1F890300FD0D2F8ECE141F2883C06E0E8
:103C1000D2F8EC31A3EB0E03634500F2D380D1F868
:103C200090309B07F4D5824AD2F8903023F4407349
:103C30000343C2F89030002F40F0C880E10708D558
:103C40007B4A296AD2F8883023F003030B43C2F879
:103C50008830A20708D5764A696AD2F8883023F0FE
:103C60000C030B43C2F88830630708D5704AA96A71
:103C7000D2F8883023F030030B43C2F88830A7060F
:103C800008D56B4AE96AD2F8883023F440630B43C5
:103C9000C2F88830A00508D5654AE96BD2F88830AB
:103CA00023F440230B43C2F88830610508D5604AED
:103CB000296CD2F8883023F440130B43C2F88830C3
:103CC000620608D55A4A296BD2F8883023F440534B
:103CD0000B43C2F88830230608D5554A696BD2F8E1
:103CE000883023F440430B43C2F88830E70508D5F9
:103CF0004F4AA96BD2F8883023F440330B43C2F803
:103D0000883020030ED54A4AA96CD2F8883023F0B7
:103D100040630B43B1F1006FC2F888305CD0B1F161
:103D2000806F74D061030ED5414AE96CD2F88830B7
:103D300023F040630B43B1F1006FC2F8883050D0DC
:103D4000B1F1806F6BD062040BD539492A6DD1F87F
:103D5000883023F040531343B2F1805FC1F88830BC
:103D60004DD0230408D5324A696DD2F8883023F04B
:103D700080430B43C2F88830304603B0F0BD6F6C0F
:103D8000B7F5000F10D0B7F5400F12D077B301266A
:103D900000E79A6D42F080529A659B6D03F0805364
:103DA0000193019B0127FDE6214AD36843F4803348
:103DB000D3601F4AD2F8883023F440033B43C2F853
:103DC0008830E6E60326002F3FF438AF184A936D9B
:103DD00023F08053936531E7D36843F48013D360B5
:103DE000A0E7D36843F48013D360ACE73946281DBD
:103DF000FDF75EFC064600287FF4CCAED9E7022131
:103E0000281DFDF755FC002818BF0646A9E701212B
:103E1000281DFDF74DFC002818BF064682E701214A
:103E2000281DFDF745FC002818BF06468BE700BF9C
:103E30000010024000700040800000202DE9F04199
:103E4000C16F05689EB00446002947D02423E3676C
:103E50002A68636A22F001022A60002B40F0AD80DC
:103E6000D4E90412A36828680B431343E169A84A04
:103E70000B43024013432B606B68E26823F440530A
:103E80001343A44A6B609542A369AA6800F0DB80E3
:103E9000206A22F43062034313439F4AAB60954289
:103EA00000F04A819D4B9D4240F00D8103F5E633C1
:103EB000D3F8883003F00C030C2B00F26381DFE8A9
:103EC00013F0D4016101610161011101610161011E
:103ED000610171016101610161016A0180F878107D
:103EE0005C2207A80CF0FEFF8B4B9D4200F0F08196
:103EF0008A4B9D42AAD1022707A80797FFF742FEE7
:103F00000646002840F01A82854B864D9A6D42F491
:103F100000329A659A6D02F400320492049ADA6CC7
:103F200042F00102DA64DB6C03F001030393072221
:103F30000323CDE90032039903463A464FF09040FF
:103F40000F214FF0800807F013FDC5E9AE76C5E9F3
:103F5000B068C5E9B266C5E9B46605F52D76724B61
:103F6000C5F8B432304607F037FC002840F0E6814F
:103F70006667102305F53F76C5E9C208C5E9C400A8
:103F8000C5E9C600C5F804333046684BC5F8007370
:103F9000C5F8DC42C5F8FC3207F01EFC01460028DB
:103FA00040F0CC8126672620C5F8244307F0B6FCF4
:103FB0005F4B40225A60256848E71E0705D56A68AE
:103FC000616B22F400420A436A60D80705D56A682B
:103FD000A16A22F400320A436A60990705D56A682B
:103FE000E16A22F480320A436A605A0705D56A689A
:103FF000216B22F480220A436A60DF0605D5AA6895
:10400000A16B22F480520A43AA609E0605D5AA68D5
:10401000E16B22F400520A43AA60580609D56A6887
:10402000216C22F480120A43B1F5801F6A6000F00F
:10403000048119067FF514AF6B68A26C23F400238A
:1040400013436B600CE722F4306213433449AB60D6
:10405000D1F8883003F44063B3F5006F00F0898035
:1040600000F2E580002B00F05981FDF781FA064649
:10407000002E7FD16A682B49002322F49042C4E9C4
:104080001A336A60AA6822F02A02AA602A6842F0FB
:1040900001022A60C4F88430D1F8EC612B681A0759
:1040A00000F186802B685B0700F19D8000232022B1
:1040B0001846E26784F87830C4F880202366636687
:1040C0001EB0BDE8F0811B4B9D425BD103F5E4338C
:1040D000D3F8883003F03003202B63D059D8002B5D
:1040E00000F0C380B1F5004F00F02F81FDF740FADA
:1040F0000028BFD0636800EB5300B0FBF3F04FF62D
:10410000EF73A0F110029A423CD8E860B2E700BF1A
:10411000F369FFEF00800040003801400044004098
:1041200000100240800000206C000240800002402D
:1041300000E100E00048004002F55842D2F8883023
:1041400003F00303022B2DD0032B24D0012BC9D065
:10415000864BB1F5004F186800F098809268844B48
:10416000C2F3C222134493F8403003F01F03D84037
:10417000BEE7804E626802EB4203B34202D8B6EB60
:10418000023F61D90023C4E91A3301201EB0BDE803
:10419000F081302BF6D1B1F5004F00F0D3804FF411
:1041A0000040A7E7B1F5004F00F0CA807148A1E7D1
:1041B0006FF07E4332464FF40011204607F070FB4B
:1041C00000283FF46FAF236853E8002F22F08002ED
:1041D00043E800210029F7D12023E367002384F876
:1041E00078300320D2E76FF07E4332464FF48001EF
:1041F000204607F055FB00283FF458AF236853E8EA
:10420000002F22F4907243E800210029F7D103F136
:10421000080252E8002F22F0010203F1080040E8F2
:1042200000210029F3D12023C4F88030D6E7B3F56C
:10423000406FA7D14FF400469CE76A68616C22F496
:10424000C0020A436A60F4E60023500819464FF49E
:104250008077E6FB070109F0B9FF474BA0F54072F4
:104260009A428FD8454BD86004E7B1F5004F6FD024
:10427000434A3F4B92683D49C2F302221344086807
:1042800093F8403003F01F03D84031E79268384B71
:10429000C2F3C222134493F8403003F01F03D84006
:1042A00000283FF4E7AE4300626803EB5203B3FB20
:1042B000F2F34FF6EF72A3F1100191423FF662AFB5
:1042C00023F00F0292B2C3F342031343EB60D1E633
:1042D000012307A80793FFF755FC034670BB284A44
:1042E000116E41F480411166116E01F48041069116
:1042F0000699D16C41F00101D164D26C02F0010247
:10430000059207210322CDE90021059802224FF4EE
:10431000C0614FF0904007F02BFB97E58A68144B83
:10432000C2F302221344114A93F84030166803F096
:104330001F03DE40002E3FF49DAE1BE7FDF726FE77
:10434000104BB1E74FF48033AEE7FDF711F9A7E763
:104350000B4A074B92680549C2F3022213440868CE
:1043600093F8403003F01F03D84099E70000002085
:10437000F81F01080024F400FFFC0F00008000403B
:10438000001002400048E801F0B4C56F202D4CD168
:104390000C4601B112B90120F0BC70471946002546
:1043A0002123C0F88450C36783682B4FA0F85020A6
:1043B000B3F5805FD7F8EC61A0F8522038D0B0F8A0
:1043C0005220036892B2B2B1DA69120604D44A1CD0
:1043D0001DD1DA691206FCD50CB314F8012B1A852D
:1043E000B0F85220013A92B2A0F85220B0F8522010
:1043F00092B2002AE8D1DA69520604D44C1C1DD1CD
:10440000DA695106FCD52023C3670020C4E7D7F83A
:10441000EC21921B914219D3C1B11A68D4E735F847
:10442000022BC2F308021A85DAE70220F0BC7047BB
:104430000369002BC3D125461C46C0E7D7F8EC2101
:10444000921B914202D309B11A68D4E72023C367B3
:10445000F0BC0320704700BF80000020026852E8D3
:10446000003F23F4907342E800310029F7D102F1B4
:10447000080353E8003F23F0010302F1080C4CE865
:1044800000310029F3D1036E012B06D00023202236
:10449000C0F8802083660366704752E8003F23F02F
:1044A000100342E800310029F0D052E8003F23F029
:1044B000100342E800310029EFD1E7E770B5AE4CB8
:1044C000D4F8AC53EB692A68A96840F60F000342A0
:1044D00040F08780980602D5960600F1F380D4F864
:1044E0000C04012816D0D80202D5490200F1F4804C
:1044F0001E0605D4590602D5530600F1258170BD6C
:104500001006F7D5D4F81834002BF8D0BDE8704069
:104510009A481847DE06E6D5D006E4D510232B626C
:10452000AB68B4F804245B0640F14281D4F820342F
:1045300019684B689BB2002B00F07C81934280F09D
:104540007981A4F806340B689E0644D455E8003FF0
:1045500023F4807345E800324AB1D4F8AC2352E822
:10456000003F23F4807342E800310029F5D1D4F8EC
:10457000AC2302F1080353E8003F23F001030832A3
:1045800042E800310029F2D1D4F8AC2302F108034B
:1045900053E8003F23F04003083242E8003100298D
:1045A000F2D12023C4F82C34C4F80C14D4F8AC2372
:1045B00052E8003F23F0100342E800310029F5D112
:1045C000D4F8203493F82520022A00F03A810422FE
:1045D000DA6383F824100223C4F81034B4F80634E4
:1045E00070BD11F0010640F09E80654802423FF424
:1045F00076AFD8070FD5D10540F1D68001212962C9
:10460000D4F8301441F00101C4F8301499076BD587
:10461000002E40F08C8058077DD51E0700F1C18028
:104620001E050AD5500108D54FF400612962D4F85F
:10463000301441F02001C4F83014D4F830140029AB
:104640003FF45DAF990602D5920600F1A080D4F840
:104650003024AB6802F0280203F04003134300F05B
:10466000E6804648FFF7FAFEAB685B067FF547AF8A
:1046700005F1080353E8003F23F0400305F108016A
:1046800041E8003262B1D4F8AC2302F1080353E8E8
:10469000003F23F04003083242E800310029F2D104
:1046A000D4F8200400283FF42AAF364B8363FDF78B
:1046B000DFFE00283FF423AFD4F82004BDE87040AB
:1046C000836B1847D4F81434002B3FF418AF04F56B
:1046D0006B70BDE8704018474FF480132B6270BDBB
:1046E000D1058BD4980722D4590714D5002E94D025
:1046F00004212962D4F83014180741F00201C4F8EB
:1047000030148DD508212962D4F8301441F0080105
:10471000C4F8301484E7190782D502F02001314330
:104720003FF47EAFEEE7D807DAD499072CD5022103
:104730002962D4F830145E0741F00401C4F8301443
:10474000D6D41907DED46BE755E8003F23F04003C9
:1047500045E800324AB1D4F8AC2352E8003F23F0D8
:10476000400342E800310029F5D120220023C4F89B
:104770002824C4F8183470BD800000202C040020C8
:1047800020010004F11700085E07B1D4D9E7D4F87E
:104790001434002B3FF45BAF35489847D4F8AC5342
:1047A00055E79006AED43BE798073FF534AF9BE75B
:1047B000B4F80614B4F806349BB289B2002B3FF467
:1047C0009EAE91423FF49BAE55E8003F23F49073B8
:1047D00045E800324AB1D4F8AC2352E8003F23F454
:1047E000907342E800310029F5D1D4F8AC2302F1EE
:1047F000080353E8003F23F00103083242E8003188
:104800000029F2D12023C4F82C34C4F81414C4F8BD
:104810000C14D4F8AC2352E8003F23F0100342E814
:1048200000310029F5D10223C4F8103470BDC4F85A
:10483000303470BD93427FF462AE0B689D06F2D4B3
:1048400070BD1A681D6C106820F00E0010601068B2
:1048500020F0010010605A6C012002F01C0200FAE6
:1048600002F26A6083F8250083F82410B3E600BFE3
:104870002C04002008B518B10E4B02689A4208D0EB
:104880000D4B0E4AD3F86C310D490020984700209B
:1048900008BD032907D9084B0A4AD3F86C310849E7
:1048A00000209847F3E701EB810100EB81000089CC
:1048B00008BD00BF0FB0371380000020BC610108A5
:1048C000D4610108DC61010818B1024BD3F86431EE
:1048D000184770478000002010B520B10B4B0268CC
:1048E0009A42044608D00A4B0A4AD3F86C310A4966
:1048F000BDE810400020184700690023236008B17C
:10490000FFF7E2FF2046BDE81040DDE70EB03713A9
:1049100080000020F46101080C6201082DE9F041DB
:10492000184F1D46D7F8703113B1BDE8F041184754
:10493000D7F868314FEA4208002AF6D08F1EA8F156
:10494000020406468E460C443A4632F802CF9CFAE0
:104950009CFCA242A2F800C0F7D142467146304604
:1049600098470DB9BDE8F08137F8023F5BBAA7421E
:104970003B80F7D037F8023F5BBAA7423B80F3D1C8
:10498000F0E700BF8000002000B583B041F4A041F3
:10499000012394464FEA124EADF80010ADF80230F4
:1049A000042200236946ADF804E0ADF806C0FFF725
:1049B000B5FF03B05DF804FB2DE9F04383B01D465D
:1049C00043F440534FF00008BDF82840ADF80030E4
:1049D0008946164669460123032245F48055074659
:1049E000ADF80280ADF80480FFF798FFADF80050F5
:1049F000BDF9045004FA09F46C4004EA060255407B
:104A00004346694638460222ADF80250FFF786FF5A
:104A100003B0BDE8F08300BFF8B505460088002A62
:104A20001C460CBF4FF400534FF48053B0F59C6FFD
:104A30000E460FD300F151077F008342BFB236D23A
:104A40001C4B1D4AD3F86C311C49002098474FF08D
:104A5000000C03E040F662274FF0010C1849194A98
:104A6000C4E9011202F11912E26002F11912226185
:104A70002346002262805122A28223F8167B2968F5
:104A80006A68A868EF68C4F816105A609860DF601A
:104A90002969A8696A699861196196E803005A61F1
:104AA000AA8B9A83343484E803006046F8BD4FF043
:104AB000010CD3E780000020146201083462010871
:104AC0000100020003001B0010B50F4C8C4611467C
:104AD000B4F85C2103F1020EB2EB4E0F07D2D4F80A
:104AE0006C310A4A0A49BDE8104000201847013BD2
:104AF0004CF4A04C4B802EF00042A1F800C0BDE861
:104B0000104000230AE700BF80000020486201082F
:104B10006862010830B583B00025294600957B23E3
:104B2000FF220446FFF748FF0121009120468B2316
:104B30000222FFF741FF8B238022009507212046A8
:104B4000FFF73AFF03B030BD70B582B043F23702D1
:104B500000230092ADF80430032201236946054684
:104B6000FFF7DCFEBDF8043013F0C00F1AD143F29A
:104B70001C02012300920024694603222846ADF856
:104B80000440FFF7CBFEBDF804301B0517D50F4BD3
:104B90000F4AD3F86C610F4920462B46B047204698
:104BA00002B070BD094B93F8F021002ADFD0D3F892
:104BB0006C41094A07492B460120A047D7E7284600
:104BC000FFF7A8FF012002B070BD00BF80000020E9
:104BD000C0620108A86201087C620108F0B583B0D8
:104BE00043F21C02009201230E4600240322694670
:104BF0000746ADF80440FFF791FEBDF8043013F40A
:104C0000006517D141F21B042B4669463846022243
:104C1000009446F40066FFF781FE38462B4669464D
:104C20000222ADF80040ADF80260FFF777FE0120E8
:104C300003B0F0BD054B064AD3F86C510549204638
:104C40003B46A847204603B0F0BD00BF80000020CF
:104C5000F0620108A8620108F0B5012983B0054699
:104C6000144622D002290AD01C4B1D4AD3F86C41AD
:104C70001C4903460020A047002003B0F0BD43F2CA
:104C8000460384270026ADF800302846012303227E
:104C90006946ADF80260ADF80460FFF73FFEBDF86D
:104CA000040030B16CB90120E7E743F245038327E4
:104CB000E8E70A4B0C4AD3F86C410A492B46A04757
:104CC000DAE747F480573346694628460222ADF8B2
:104CD0000070ADF80260FFF721FEE4E780000020DD
:104CE00020630108A86201083C630108F0B50129AE
:104CF00085B00646154633D0022925D143F232034A
:104D000001240027ADF808300322012302A9304610
:104D1000ADF80A70ADF80C70FFF700FEBDF80C306E
:104D20006B8003F00702012A2A802AD013F00600C4
:104D30001AD11849184AD1F86C4118490096A04771
:104D40000024204605B0F0BD124B154AD3F86C4143
:104D5000124903460020A0474FF440530024D0E7F7
:104D600043F233030C46CCE7023A012AE9D9094A57
:104D70000096D2F86C4109490A4A3846A0472F806C
:104D8000DEE70449084AD1F86C41044900963846E8
:104D9000A047D5E78000002070630108A8620108E1
:104DA00020630108D4630108A063010810B582B034
:104DB00001AA01210446FFF799FF002201212046A4
:104DC000FFF74AFFBDF80430022B09D00649074A15
:104DD000D1F86C4106490020A047002002B010BD68
:104DE000012002B010BD00BF80000020086401084F
:104DF0005064010870B582B0032204460092002678
:104E000040F249130021FFF7D7FD0125204640F26B
:104E10004913009604220221FFF7CEFD204640F2FE
:104E20004913009510220421FFF7C6FD204640F2E9
:104E30004913202200950521FFF7BEFDFF220092B5
:104E4000204640F249134FF47F520621FFF7B4FD8C
:104E500040F24B1300952A4631462046FFF7ACFD41
:104E600002B070BD70B584B00322044600250092E4
:104E700040F249130E460021FFF79EFD40F2491310
:104E80000422022120460095FFF796FD40F24913C7
:104E90001022042120460095FFF78EFD40F24913B1
:104EA0002022052120460095FFF786FD40F2491398
:104EB0004FF47F52009506212046FFF77DFD0EB985
:104EC00004B070BD044E03962B46022203A920466F
:104ED000FFF724FD04B070BD3110C0AC2DE9F04FD8
:104EE0002DED108B9BB090F85E401D4690F85C3025
:104EF0000893042CB0F85830039380468946164630
:104F00001AD8D0ED147AF5EEC07AF1EE10FA00F16D
:104F1000F88190F86630002B00F0978290F85B30B3
:104F2000002B00F09282024C024A059407E000BF79
:104F300080000020B4640108C74CC84A0594D4F826
:104F40006C31C74900209847D8ED157AD4F8BC34A5
:104F5000009307EE103AF5EEC07AF1EE10FAB8EED3
:104F6000478A40F3D281C8EE278AF6EE007A78EEBF
:104F7000A78A039B002B00F0A88198F85E30049369
:104F800098F85A30002B40F0A78198F86020022A48
:104F900041F03E8198F85E40012C00F0ED83002442
:104FA000224634990C71A6F8AC21002B00F09981AF
:104FB00098F85F30012B00F01184022B00F0F88389
:104FC000002B40F0E98301231A46F384328598F8D8
:104FD0006030012B00F0D983022B00F0D583002B29
:104FE00000F01484059B9F4AD3F86C319C49002043
:104FF0009847B9F1000F00F0788100230093B9F8C9
:10500000E410B9F808307180B9F8E610B180B9F849
:10501000E2103180B9F8E810F180B9F8021031815E
:105020009B00B9F8041071819BB2B9F80610B181E8
:1050300003F13002B9F80A10F18192B2B9F82010E8
:1050400031825F2AB9F82210718240F2F2818649DA
:10505000A1FB0201890901EB4101A2EB411189B2D7
:1050600000201A4604460B460121F2820322B38235
:1050700072830023009A7384B483F0833183318474
:105080006B800123C5F80A30002A00F066870027EC
:10509000CDE9017706F13E039FED749A9FED74AA66
:1050A000DFED779ACDE90696B34605F10E0A444640
:1050B0001E46049AFBB29A4200F22A810023AAF803
:1050C0000030AAF8083033800137042F0AF1020AB1
:1050D00006F102060BF1560B04F11404E9D1039B0F
:1050E000AA89DDF804E012FB03F26B8992B2134443
:1050F0009BB2DDE90696591C012089B20090B6F8F2
:10510000AC01012804D1DDE9020404FB00F00290A7
:10511000029FB8F8640098F863C098F862B04FF640
:10512000FF74A74228BF27464408A4F1030A98F851
:105130006640A6F89EB18CF0010C0338A6F8A6C113
:10514000A6F8A471A6F8A0E1A6F8A801A6F8AAA15D
:10515000AA81AB80E980002C00F02B81413399B209
:105160004024012329802C81A6F8C031B9F1000F19
:1051700003D0B9F80C30A6F8C231009B002B40F0E8
:105180004281349A98ED145A00231360089BA6F8C4
:10519000B231039B012B40F23381B8F85830023B07
:1051A00001229BB29FED336ADFED335A98F85A1013
:1051B000F1EE007AC8EE066A68EE277A68EE255AA4
:1051C00087EE867AC5EE867AB6EE006A76EE866A55
:1051D00037EE067AFCEEE66AB5EE405AD8ED155A7F
:1051E000A6F8AE31F1EE10FA16EE903A77EE867A26
:1051F000BCEEC77AA6F8B02114BF01220022FCEE53
:10520000E77A328798F85B20A6F8B43117EE103AA7
:10521000A6F8B63117EE903AF5EE405AA6F8B83136
:10522000009BF1EE10FA14BF01200020002B40F08B
:10523000C28031867286708598F861300F4A009876
:10524000C6F8BA210121B184A6F8BE311BB0BDEC6D
:10525000108BBDE8F08F00BF800000207064010853
:105260008C640108B0650108ABAAAAAA2549123EC0
:105270008FC2753D0024744900009643FF07010862
:1052800000000000B5EEC07AF1EE10FA00F11583CF
:1052900098F85A20002A00F01383B5EE407AF1EE18
:1052A00010FA05D1F5EE407AF1EE10FA40F0C8831D
:1052B0005FED0D8A059B754AD3F86C317449002067
:1052C0009847039B002B7FF458AE039B049398F8F8
:1052D0005A30002B3FF459AE349A00231371A6F8CC
:1052E000AC31B9F1000F7FF488AE0123A5F802902C
:1052F0006B81CE4602214A46CDF80890CDF8009049
:10530000FDE6644C644A059419E6DFED648A30E6F4
:105310000123338098F85C90228940F2FF3340F2F9
:10532000FF11B9F1000F18BF0B4652B39A4228D8AB
:10533000A27B237C42B1022B06D1059B584AD3F8AD
:105340006C31DDE9069622E0E07B002840F04982DE
:10535000012B00F0AF80059B524AD3F86C314C49C9
:105360000090DDE906969847DDF804E0039BAA89E2
:1053700012FB03F26B8992B213449BB2591C89B29F
:10538000BDE6059B484AD3F86C31DDE906964049F5
:1053900000209847039BAA89DDF804E012FB03F282
:1053A0006B8992B213449BB2591C002089B20090C1
:1053B000A5E62346D6E6B5EE405AF1EE10FA0AD03D
:1053C000C8EE057A77EE867AFCEEE77A17EE903A29
:1053D000B3871B0C7387002361F30F03F5EE405A6C
:1053E00062F31F43F1EE10FA708533633FF424AF8C
:1053F000FCEEE87A17EE903A1A0CB285F3851BE7BB
:1054000000221346CEE698F85D30072B15D8274CBE
:105410009FED229A234493F84C30A6F8A231349B96
:1054200083ED009A049B002B40F04D8298ED145AB6
:10543000ACE603200124002117E6349A98ED145AB3
:105440000023136000230093A0E6012C40F2EA81C0
:1054500098F80F104246012303E00133A34200F005
:10546000E181084692F82310814202F11402F4D23D
:10547000084F0F4AD7F86C41054905970020A0470F
:10548000D8ED157AD7F8BC3462E500BF1465010881
:105490008C64010880000020A06401080000000066
:1054A000E06501080C660108D0650108F81F0108D5
:1054B000E06401086FF00B030993E288A3880A9265
:1054C000182A009340F29D8202EB820303EB031340
:1054D00003EB032302EB4303C3F3CC0242EA43335F
:1054E0009BB240F6AA22934200F2DE82B24B0A9AA5
:1054F000A3FB02231B090E93013B9BB215935C2374
:105500000D9318230B930098002840F0E084059B2E
:10551000AA4AD3F86C31AA499847B9F1000F00F0B4
:10552000C9844FF000090222009B099913FB02F283
:1055300092B20092226811440A460C910A99013BEA
:1055400001FB0323099302F5C34328334CF2503285
:10555000934208D9059B9B4AD3F86C3198490020A7
:1055600098474FF00009099B03F5C34328334CF2D9
:105570005032934208D9059B934AD3F86C31904935
:10558000002098474FF000090C9A002AC0F242838D
:105590008E4880FB0230D217C2EBA00000B2099BFC
:1055A000002BC0F22B83894981FB0331099BDB1758
:1055B000C3EBA101119309B280B2091A0C9B0F90A1
:1055C000824880FB03C0C2EBA00288B209B20E9BE6
:1055D0001091B0FBF3F0411C0A901FFA81FE0B986A
:1055E0001821B1FBF0F30E930C9B02EB4202B3EBDC
:1055F000C20200F1FC8213B2139393B20C93099A86
:105600007248119B0B9980FB020CC3EBAC0303EBBC
:10561000430C0C9BB3FBF1F001FB103081B2B2EBF9
:10562000CC03099100F100831AB219929BB20E9A31
:105630000B98511E099A89B21891BEF1010F11FB06
:10564000002189B200F0F682099A0C98824240F05B
:105650000483994200F05884002301221393169288
:10566000149312920E930C9B9A00099BABF8822024
:105670009B00ABF88430B9F1000F40F0FA826C2344
:10568000179336230C937D223D234FF00009ABF88E
:105690007C300F9BABF87A200C9A1099C3F1290348
:1056A00013441AB21192521A9BB2292A0F9308DCA2
:1056B000059B474AD3F86C314149002098474FF089
:1056C0000009119B179A934208DB059B414AD3F8C6
:1056D0006C313B49002098474FF000090D9B2C2B63
:1056E00000F212821E2B40F2E8831E3B0F229BB277
:1056F0000D92ABF89A30159B0C99ABF89430139B34
:10570000ABF87E10ABF88E300F990A9BABF8801087
:105710000D99ABF89610ABF89820002B40F0D28191
:10572000149B002B0E9B08BF00230E93129B002B93
:1057300000F0DD83099A199B9B1A0B9A93FBF2F3F5
:105740009BB2169AABF89220ABF88C300E9AABF85D
:1057500088200023ABF89030ABF88A300A9BABF876
:105760008630B9F1000F40F0BF82CDF80090DDF82F
:1057700004E0DDE90696F9E598F81020013A012ADF
:105780007FF60DAC22460CE400237363B9F1000FE1
:1057900042D00123009332E4059B0F4AD3F86C31C9
:1057A000074900209847B9F1000F7FF426AC9CE52B
:1057B00000231A4609E400BFABAAAAAA586601084A
:1057C0008C640108A4660108B8660108ABAAAA2A7D
:1057D000EC6601080C670108906501080022FFF7DC
:1057E000F4BB013B042B00F23B8501A252F823F0ED
:1057F000B5540008395A000805580008315A000805
:10580000055800086FF00C03099356E64FF001139A
:105810007363B9F1000FBCD100236B800123C5F87D
:105820000A3034E4BA4B98ED157A0593D3F8BC34BA
:10583000009306EE903AB5EEC07AF1EE10FAB8EEAB
:10584000668A7FF71FADC8EE078AF6EE007A78EE1B
:10585000A78A18EE900A0CF043FA59B1059BAD4A9D
:10586000D3F86C31AC4900209847039B002B7FF4A0
:1058700084AB2BE598F85A20002A7FF41BAD039BDC
:1058800098F85F10002B98F8603014BF2046002075
:105890009942049008D9059BA04AD3F86C319E49DF
:1058A00000209847FFF76CBB022B00F0BB84349BB1
:1058B0001A71A6F8AC21FFF77BBBDFED998ACDE723
:1058C000DFED978ADBE7B6F8AC31B6F8A421012BFF
:1058D00000F0CC8007EE902ADFED929AB8EE67AA2E
:1058E000B7EE089AF2EE02DA059B9FED8F0AD3F825
:1058F000BC34019307EE903AB8EE67FA80EE0F0AD7
:1059000009F0FAFB98F86030022B2FEE00FA00F253
:105910001F8104EB830498F85E3094ED15EAD4ED12
:1059200018FA002B00F02681009BDFED7DEA9FED49
:105930007FBA9FED7FDADFED7FCA9FED7FCADFED93
:105940007FBADFED7FAADDF8149044460025227C63
:10595000052A00F29280022A40F29A804FF0300A23
:105960000827E27B052A00F27084DFE802F03E415E
:105970003B034744F0EE4B7A8FEE276A228998F872
:105980005E1002FB077702377F00BFB2A2880135A5
:1059900014349FED6C7AC6EE076A07EE90AAF8EE13
:1059A000677A87EEA66A07EE907AF8EE677A87EE56
:1059B000A67A07EE902AF8EE677AEAB267EE277ABF
:1059C000914277EE867A77EEA97A77EE897A7EEE43
:1059D000A7EABCD898ED145A002B40F0CF80009372
:1059E000FFF7D4BBF0EE6A7AC6E7F0EE6C7AC3E755
:1059F000F0EE4D7AC0E7F0EE4C7ABDE7F0EE6B7A50
:105A0000BAE70A9A002A4FD01823B3FBF2F302FB3D
:105A100003F3C3F118039BB21593002B44D10A9AE8
:105A20000B92531E9B009BB20D9301230E936AE5CC
:105A30006FF00F03099340E56FF0060309933CE50F
:105A400098F85F2098F860309A427FF431AC039B5D
:105A5000349ADFED338A002B14BF234600230493CE
:105A600000231371A6F8AC31FFF7A2BAF0EE499A01
:105A7000F0EE49DAB0EE49AA36E7D9F86C31324A8D
:105A80002549002098474FF0180A0427002368E7AB
:105A9000012A05D0022AF0D14FF03C0A0A2760E71C
:105AA0004FF0480A0C275CE7059B284AD3F86C3175
:105AB00019490020984700230122CDE90D321593A2
:105AC0000B922AE5149B002B0E9B08BF00230E931C
:105AD000129B33B1099A199B9B1A0B9A93FBF2F311
:105AE0009BB2ABF88C300A9B169AABF89220013B24
:105AF0000E9AABF888209BB2189A0A930123ABF850
:105B00008A20ABF8903029E600230D931A46F0E581
:105B100080000020006501088C64010840650108D0
:105B2000000000009A999D41F902154F0000904332
:105B300000002043000000430000F0430000C04389
:105B4000000040430024744934660108446601089B
:105B5000059BC04AD3F86C31BF490020984798F89C
:105B60005E30002B00F0F481DFEDBCFA0023B0EED4
:105B70006FEADAE698ED145ADFEDB8EA9FEDB87AED
:105B8000DFEDB86A349BCFEE077AB1EE0C7AC7EE40
:105B9000A65A2AEE07AA7FEE8EFACAEE257A9FED64
:105BA000B27A77EEAD7AB0EE006A77EEAE7A77EE43
:105BB000AF7A27EE877A37EE067A77EE277A86EE87
:105BC000A77AB4EEC57AF1EE10FA83ED007A7FF58C
:105BD000DDAA059BA54AD3F86C419F49FDEEC77A23
:105BE000002017EE903AA047002300931EE402F134
:105BF000180083B20C9303B2139300E509999C4BF0
:105C0000C943A3FB0131099B6FEA1111DB1709B2EC
:105C10001193D1E40C9A964BD043A3FB00306FEA6A
:105C2000101000B2D217BAE403F1180002B283B226
:105C30001992FCE40C98824200F0638100220A92DF
:105C400016921292139A9B1A0B9A93FBF2F39BB241
:105C50000E930123CDE9133305E5994200F05E81EF
:105C60000A9B013B9BB20A930123169312930B46A6
:105C7000E8E7E37B052B00F21983DFE803F01A1352
:105C80000C032B214FF486731793D6230C9340F209
:105C90001D128D23FBE4AC23179376230C93BD22B6
:105CA0005D23F4E48C23179356230C939D224D23FC
:105CB000EDE46C23179336230C937D223D23E6E419
:105CC0004FF4E67317934FF4CB730C9340F2DD124D
:105CD000ED23DCE44FF4B67317934FF49B730C93EE
:105CE00040F27D12BD23D2E4A37A172B00F201818A
:105CF000092B00F21F81C3F109039AB21523ABF8F7
:105D00004630069BABF84820002B00F0608203EB86
:105D100042029389ABF84A30237C013B042B00F20A
:105D2000A682DFE803F0BC7703AB85004FF00009E3
:105D30004FF400724FF4C063CDE909234FF0C00E59
:105D400002204FF0040C08214A464B46ABF86E0087
:105D50000A98ABF856000998ABF870C0ABF8580039
:105D6000ABF84E10ABF85010ABF852E0ABF854E083
:105D700098F85D10B9F1000F00F00A81002B00F0D7
:105D80000781022900F27C813A4B0B4493F848309A
:105D9000ABF85A30069B002B00F01D810023ABF8B6
:105DA0005E300123ABF86A30069B0021D3E932EC68
:105DB000D3F8C4900B460EEB1140A0EB09009042C3
:105DC000614480F2328201330F2BF4D1069AABF892
:105DD0006030D2E936E303EB83020EEB1242F92A7C
:105DE00000F3F181062003FB00F0052103E0BCF184
:105DF000FA0C40F1DC810A46013189B214290EEB1C
:105E0000104C1844F3D1059B1B4AD3F86C31DDE9E3
:105E100006963BE100214FF40073CDE909134FF0E2
:105E2000400E03204FF0020C08219622FA238DE742
:105E30004FF000094FF4F0504FF47853CDE90903C7
:105E40004FF4F86E02204FF00B0C08214A464B46E7
:105E50007CE700BFB06501088C6401080000000009
:105E600000002043002474490AD7233C88670108B6
:105E7000ABAAAAAAF81F01085C6701084FF0000945
:105E80004FF4C06C4FF46063CDE909C34FF4E07E7A
:105E900002204FF0060C08214A464B4656E7069B67
:105EA0009B8C0422082BCBF86E205DD9DDE9069689
:105EB000FFF770BA0422FFF737BB0D9B0F2B32D9C7
:105EC000A3F10F020F230D9392B2002311E4B9F155
:105ED000000F2CD1237B002B35D0059BC64AD3F86D
:105EE0006C31C649484698470422FFF71DBB0A9B00
:105EF00027E4059BC24AD3F86C31DDE90696FFF72B
:105F000046BA99427FF49AAE0023CDE91333CDF817
:105F100028E0169312930E93FFF7A5BB0023169368
:105F200012930B468EE600221346FFF7E2BB0222D5
:105F3000FFF7FABA102B94BFC3F11E03C3F1170386
:105F40009BB20022DBE64FF001090422FFF7ECBA16
:105F500098ED145A0093FFF719B9009802908646FD
:105F600002210246FFF7CBB8ABF84E30ABF8503009
:105F700040230022ABF85230ABF854304FF400739A
:105F8000ABF85630ABF8582098F85D1013469146A0
:105F9000072975D89B48014491F84C10ABF85A106A
:105FA0000699C1B10021ABF85E10B9F1000F40F0C5
:105FB0008480ABF86A90ABF86090ABF85C90ABF87B
:105FC0006290ABF86890ABF864904A460023ABF857
:105FD0006620ABF86C302389E27AABF87620012B8F
:105FE00068D0023B9BB20121ABF87230A37BABF8C7
:105FF0004C3083F00103ABF87410ABF878300099A3
:10600000AB89AAF800300B44AAF80810AB81A3882A
:10601000217C06EE903A2389012907EE103ABBF85D
:106020006E302AD0022914BFF0EE695AF0EE4A5AB7
:1060300001339BB207EE903AF8EE677AB1EE006A50
:10604000F8EE666A67EE867AB8EE477A67EEA67A69
:106050000198029B67EE877A014667EEA57A0028D1
:1060600008BF114667EE897A0191FCEEE77A17EED8
:10607000902A13440293FFF727B8DFED635AD7E75E
:10608000059B624AD3F86C31DDE906965B49002036
:106090009847039BAA89DDF804E012FB03F26B89A1
:1060A00013FA82F39BB2591C002092B289B200907D
:1060B000FFF725B80023194696E70121ABF86A10CF
:1060C000002B7FF471AEABF8603019461A46ABF87E
:1060D0005C200022ABF86220ABF868204BBBABF829
:1060E00064301A4602EB0109069AD2E92FE1CE4547
:1060F0001DDA0846002202F1010C09921FFA8CF207
:10610000162A3FF480AE0EEB104CBCEB090C084491
:10611000F1D4002B7FF45AAF099800FB01F10EEB8C
:106120001143A9EB03039C45C8BF02464EE700227A
:106130004CE7069BD3E9349C894546DA1346624610
:106140009E4601339BB2162B3FF45DAE09EB124025
:10615000401A6244F4D40CFB0EF209EB12428A1A84
:106160009042D8BF9E460699BBF86020D1F8CC304B
:10617000BBF85C00099002FB03F3D1F8C820ABF830
:1061800064E002EB13420B46D1F8C410521AD3E973
:1061900036303FF538AE09990CFB0EFE00FB01F1DD
:1061A00003EB114309EB1E401918FA239AE702FB8F
:1061B00003F30EEB1343C3F1FA039C45D8BF0A4621
:1061C000FA210B4683E70522FAE79646CBE7069BC2
:1061D000ABF84A30237C013B042B48D801A252F88B
:1061E00023F000BF2F620008155E00082D5D000837
:1061F0007D5E0008315E00086C6601088C64010851
:1062000024670108F81F0108CDCC4C3E3C6701080B
:10621000349A1371A6F8AC31B9F1000F7EF4EDAEEB
:10622000FFF763B80123FEF7B7BE9BB2CEE54FF090
:1062300000094FF40073CDE909934FF0400E04209C
:10624000CC4602214A464B4680E5D9F86C311C4ABF
:106250001C4900209847DFED1C7A0023FFF78CBB18
:10626000059B1A4AD3F86C31DDE906960EE7059BCB
:10627000164AD3F86C3113490020DDE90696984799
:10628000AA89039BDDF804E012FB03F26B89562117
:1062900013FA82F301FB076100209BB2C1F86E0084
:1062A000591C92B2009089B2FEF729BF059B044A9F
:1062B000D3F86C31034900209847FFF7E0B900BFDD
:1062C000E06601088C6401080000004334660108A0
:1062D00070B5FEB04FF4E27204460D460DA80021E1
:1062E00003AE0AF0FFFD00960DAA05AB0021204683
:1062F000FEF7F4FD08B97EB070BD94F85B202B4624
:10630000314605A8FEF788FB7EB070BD2DE9F04F41
:106310002DED028BB3B020B1B44B02689A42064611
:106320000DD0B34BB34AD3F86C31B3490020984732
:106330000027384633B0BDEC028BBDE8F08F8846AD
:106340006722AE49102003F0C7FE07460028EFD0B1
:10635000AB4B036096F862303BB3AA49B6F85C4099
:106360003822102003F0B8FEA64983463922FC20CB
:1063700003F0B2FE054624B3A2493E22602003F09A
:10638000ABFE0446BBF1000F00F0A382002D00F02D
:10639000B982F0B9DFF858925846D9F86431984775
:1063A000D9F864312846984726E0964938221020CB
:1063B00003F092FE934939228346FC2003F08CFEC1
:1063C0000546BBF1000F00F09382002D00F01E8205
:1063D0000024C5F8984023A9CBF80050301DFFF7E2
:1063E00077FFD8B9DFF80892874AD9F86C31854928
:1063F00098475846FBF730FA814B3A6800209A429A
:10640000786005D0D9F86C31804A7C4998478FE78D
:10641000D9F8643138603846984789E7BDF8A0005C
:10642000BDF8AC30D5F89810288703449BB204938C
:10643000A5F89E30BDF8A230019105F1F8025B008D
:10644000C5F8842005F1F402C5F8E830C5F88820C5
:10645000002305F1F602C5F89430A5F89C30C5F884
:106460008C2005F1F00305F1F7026B62C5F890206E
:1064700031B105F1EC028A6105F1F5024B62CA65A2
:10648000C5F8D830049BA5F8E430C5F8DC7096F860
:106490006230029363B1029B14AA0DF1B60102EBC4
:1064A000430431F8023F5B0822F8023B9442F8D1E2
:1064B000BDF8A8309DF8C4200C9203449BB20D9304
:1064C000B6F85C30BDF8AA209DED308A03930E9299
:1064D00023B1BDF8AE30039AB3FBF2F30893BDF8D5
:1064E000A4300344A5F87C30BDF8A6301844DDF88C
:1064F0008E30C5F87630BDF89230A5F87A30444B2E
:106500002B64444B6B64444BAB64032385F87430B9
:106510000F23A5F88030019BA5F87E00002B00F02A
:10652000CD81259B0A93269B0B93BDF89C30099344
:10653000029B0024CDE91C44CDE91E44CDE9204452
:10654000002B00F0AB814FEA43094A462CA90DF11C
:1065500076000AF0F3FD4A462EA90DF17E000AF0FE
:10656000EDFD019A039B1387089B53872B4B5360C8
:106570002B4B93602B4BD3602B4B06932B4B0593EC
:10658000CDE912682A4B0793C2E91344C2E91544C6
:106590001DAB02F13A0A4832CDE90FB51197A34677
:1065A000B14614461F4637F8025F2AF8025FB7F873
:1065B00008802049AAF808802F22EC2003F08CFDE7
:1065C0001D490646002800F0D8801C4B03641C4B74
:1065D0008164436499F814100139042900F2998107
:1065E000DFE801F0C2C530C8300000BF0FB037137C
:1065F00080000020BC610108D4610108A86701087F
:106600000DB03713B4670108C4670108406801087A
:106610009919000851180008391A0008C51800080F
:10662000391900084518000839180008411A0008EF
:106630004D180008E8670108951A0008091D0008B0
:106640009D1A00086FF00C00099A99F811C0A6F87D
:106650007A20039AA6F87E20089A049BA6F8802048
:10666000DDE90A121D44ADB2BCF1000F18BF11469E
:10667000D9F80420C6F876104FEA4803A6F87C50F3
:1066800099F810E086F874E0C6E92120D9F80800EE
:10669000C6F8E030069BC6F89C30059BC6F8A030D3
:1066A000079BC6F8A430019BC6F8D43006F1E4037A
:1066B000C6F88C00736286F875C0A6F89650A6F8E6
:1066C000DC50C6F8D030002331463387A6F894302A
:1066D000914BC6F8D83006F13C0006F1E803C6F845
:1066E000903041F8980BF163FBF7D8F9002878D087
:1066F0003068C36898470BF1010B029A44F8046FA5
:106700005FFA8BF3934209F11409FFF44CAFDDE912
:106710000FB5DDE91176D5F89830DDF84C8001939E
:10672000069BC5F8A430059BC5F8A830079BC5F8A3
:10673000AC30019A794BC5F8E03005F13C032B6091
:10674000002A00F0C28005F1A003EA631360286804
:1067500083689847002860D1DFF8F891704AD9F82B
:106760006C317049984744E66FF00B006CE76FF0AE
:10677000060069E76FF00F0066E7DDE91176DA469B
:10678000109DDDF83CB0DDF84C80DFF8C891019930
:10679000654A0AF1120301EB83035FFA8AF44FF0B2
:1067A000000AC3F804A06149D9F86C3150469847F3
:1067B0009CB1019B01951334E4B203EB84044C3388
:1067C0004D46994654F8040D10B1D5F86421904710
:1067D0004C45C4F800A0F5D1019DD5F8983001933F
:1067E0009EE7DFF870914E4AD9F86C315049109D00
:1067F000DDF84C803446DA46DDE91176DDF83CB050
:106800009847D9F8643120469847C0E7DFF84491AB
:106810005846D9F864319847EEE52868C368984728
:10682000444ACBF804200023434ACBF80C20CBF891
:106830000830C7F804B0A8F8023096F8625014A8DF
:1068400008F10A011A469C46DCB2A54222D9048806
:1068500021F8062C224492B2A8F802200133042B1E
:1068600021F8024F00F10200EED1B6F85C3088ED5D
:10687000058A13FB02F3A8F800300C9B88F8183047
:106880000D9BBB810E9BFB81384633B0BDEC028B68
:10689000BDE8F08F21F806CC0024DFE7019A039BC6
:1068A0001387089B5387029BC2E91333C2E9153350
:1068B000224B5360224B9360224BD360224B0693B2
:1068C000224B0593224B07932AE705F1A003EB63C4
:1068D0003DE7DFF880901DB1D9F86431284698472C
:1068E000002C3FF489ADD9F864312046984783E500
:1068F000DFF86090002D3FF47FADD9F86431284671
:10690000984779E5DFF84C905846D9F864319847B4
:10691000E6E7002098E600BFD51C00080118000833
:10692000FC670108B46701081C680108D060010811
:10693000E86701082918000859180008C518000858
:10694000391900084518000839180008411A0008CC
:106950004D180008800000202DE9F04782B0BDF8F6
:1069600028400B9F03EBC4056B88002B45D06E6855
:10697000844601EB0208043E4FF0000E56F8044F27
:10698000620092B28A4234D3424532DAC4F30170D3
:10699000012818D002283CD098BB521A93B2C4F3F5
:1069A0004459012202FA09F297424BD33449013A81
:1069B000D1F86C4101923349334A0097A047002037
:1069C00002B0BDE8F087521A92B20CEB42093CF8D3
:1069D0001200B9F8023043EA004323F00F0317B165
:1069E000C4F303442343180C2CF81200A9F8023016
:1069F0006B880EF1010E7345C0D8012002B0BDE8CE
:106A0000F0871F4B214AD3F86C311E49002098476C
:106A1000D5E7521A92B20CEB42003CF81290438830
:106A200043EA094323F00F0317B9C4F30344234394
:106A30001C0C2CF8124043806B880EF1010E73453C
:106A40009CD8DAE7C4F3044A0CEB43043CF8130087
:106A50006288C9F1200942EA00424FF0FF3020FA73
:106A600009F000FA0AF022EA000207FA0AFA42EAFA
:106A70000A02100C2CF8130062806B88B9E700BF83
:106A800080000020946801085C680108A068010883
:106A9000002870B446DB0029034639DB88420A46E9
:106AA0004BDA0025012429461B04B3FBF2F343F61D
:106AB000284293425AD946F2D632934261D948F6D7
:106AC000720293425FD94AF6494293425DD94DF230
:106AD000A30293425BD94FF24B72934298BF0520B9
:106AE00045D94FF24C7648F233224CF2A3409B1B1F
:106AF00002FB03F300EB134014B1C0F5C9301F30A3
:106B000015B1C0F549303F30C1B1404270BC70474B
:106B1000494209B2884217DA002501240A46034691
:106B20002146C1E7404202B20029104614DB9142DF
:106B30000B4605DD99BB1D4800E050BB70BC70479B
:106B4000002401252146AFE70028DED000250B46B2
:106B500002462C460121A7E7494209B28A424FF07A
:106B60000105DADB0B46002429469DE70020104A88
:106B700002EBC00602EB8002D6E91B60D2F8A4202B
:106B8000B5E70120F3E70220F1E70320EFE7042057
:106B9000EDE700250B4602462C46294684E70125F1
:106BA0001A462C46034600217EE700BF20920100D2
:106BB000F81F01082DE9F04FBFB00DF138090D465F
:106BC0009046019300F1020B3EAFCA46002440F606
:106BD000B73631E025B335F8141001F01F0E4FEA37
:106BE000912C0EF1300E00FB0EF0C1F34411ACF10C
:106BF000200C02FB0CFC002801F1300102FB01F12A
:106C0000B8BF3F30BCF1000FB8BF0CF11F0C8011B2
:106C1000002900EB6C10B8BF3F3100B241F38F1177
:106C20000134182C08BF0024FFF732FF4AF8040B88
:106C3000BA450BF1040B0ED0BBF900203BF9020C56
:106C400002FB02FC00FB00CCB4451146C2DC002074
:106C50003FB0BDE8F08F0DAC0DF1060109F15C0508
:106C6000224652F8043F002BB8BF0F3302311B11EC
:106C700095420B80F5D1484603F048FA002254F8BB
:106C8000043F216EA542A3EB01031A44F7D1124B36
:106C900083FB0213D217C2EBA31404F599433033DC
:106CA0004CF662129342D2D802AE35460FCD4D4516
:106CB00008F1100806F1100648F8100C48F80C1CF2
:106CC00048F8082C48F8043CEFD1019B01201C80B7
:106CD0003FB0BDE8F08F00BFABAAAA2A2DE9F0476C
:106CE0000646804602EB42008CB0154606EB80005B
:106CF000002289460DF10C0A014617464FEA870E1D
:106D000054469FED767AB31A75B103EB020CF44446
:106D1000DCED007A9C46DCED006A0C3367EEA67A67
:106D20008B4237EE277AF0D10EF1040EBEF10C0F34
:106D3000A4EC017AE5D10137032F0AF1100AA2F180
:106D4000040201F10401D9D19DED045ADDED055A8B
:106D5000DDED086A6A4606F10C01DFED607A434614
:106D60003DB11C4694ED007A0C33834277EE877A6E
:106D7000F7D108F104088845E2EC017A00F104003B
:106D8000EBD19DED037AF0EEC77AF4EE677AF1EE7F
:106D900010FA12D69FED526AF4EE467AF1EE10FA2E
:106DA0000BDC9FED506AF4EEC67AF1EE10FA04DACD
:106DB000B5EE407AF1EE10FA7DD0F7EE007A87EE6C
:106DC000872A9DED073A9DED0B7A65EE023A25EE96
:106DD000824A65EE237A65EEA34A33EE673A25EEE2
:106DE000846AF0EEC32A65EE047AF4EE622AF1EECC
:106DF00010FA76EEE44A76EEE77A37EE466A06D681
:106E00009FED377AF4EE472AF1EE10FA47DDB7EE40
:106E1000007AC7EE032ADDED006A9DED017A9DED53
:106E2000023A63EEA63A67EEA27A37EE637A64EE30
:106E3000A73A67EE877A36EE636A24EE264AF0EECA
:106E4000C63A73EE677AF4EE633AF1EE10FA77EE33
:106E5000C47A06D69FED224AF4EE443AF1EE10FAD7
:106E60002FDD87EE864A0120002364EE844A65EE1A
:106E7000845A77EE647A89ED024A67EEA27A25EEAB
:106E8000275AC9ED017A76EEC57A77EEE57A67EE94
:106E9000827AC9ED007A33600CB0BDE8F0879FEDCF
:106EA000117AF4EEC72AF1EE10FAB0DAB5EE403AF4
:106EB000F1EE10FAABD10020002333600CB0BDE836
:106EC000F0879FED084AF4EEC43AF1EE10FAC8DA02
:106ED000B5EE406AF1EE10FAEDD0C2E70000000016
:106EE000FFFF7F7F000080002DE9F04F9B461B686D
:106EF000C2F51E66B34294BF9EB2B6B2884674080D
:106F00004FEA520183B017464FEA81010CD0144B6F
:106F100008EB84041944434651F8042B5A80120CA0
:106F20001A800433A342F7D10E4C851E04F1E20A05
:106F300004F1E40914F8013B35F8022F3946CDE994
:106F4000003240464B463246FFF706FDA24501D0CF
:106F50000028EFD1CBF8006003B0BDE8F08F00BF90
:106F6000442F0108B8200108B8B110B50446406D9F
:106F700020B10A4B9B68984700236365A06D20B140
:106F8000064B9B6898470023A365E06D20B1034B37
:106F90009B6898470023E36510BD7047DC01002023
:106FA0002DE9F04F87B04FF0000E164600EB410977
:106FB0000290821ECDE90316A9F1120935464FF061
:106FC000010BF246F4467046CDF804E005931EE04E
:106FD00040F2EE218B4240DC634500DD9C464FF0E1
:106FE000000BBEF1000F0ABF4FF0000B70460120EE
:106FF000CAF100084345019BB8BFA4EB060ABB4297
:1070000038BF3B469145019305F102052BD0568AC6
:1070100032F8024F331B03F50048B8F5803F27468E
:10702000D6D240F2EE218B422B8007DD178868B95B
:10703000634515DD9C464FF0010ED9E7514917888D
:107040009C45B8BF9C468B42D2DACAE7634500DD57
:107050009C4686464FF0000BCAE74FF0000BE6E770
:107060004FF0010EC4E71946DDE90346059BBBF16D
:10707000000F03D1002007B0BDE8F08FBEF1000F74
:10708000F8D00028F6D0CDE9031C0027A4F11C0994
:10709000B84606F112043D463E46BE46D34634F994
:1070A000021F019601EB810C01EB4C010A22A24662
:1070B000A4463CF9026D02FB06113AF9026F02FB8D
:1070C0000611013AF5D1019EA942C4BFF0460D4612
:1070D0008E42C8BF77460EF1010EC8BF0E46F1457D
:1070E000DDD14CF25034A542DDE9031CDA46C1DDA6
:1070F000254CA642BEDABCF1000FBBD0BBF1000F9D
:10710000B8D0029C119D2488C900E4004DB18C4286
:1071100005D2ACEB0402013A0A44B2FBFCF2119D29
:107120002A60109A002AA6D0002BA4D0029A08F157
:107130000E0532F81520B4EBC20F4FEAC20606D294
:10714000ACEB0404013C3444B4FBFCF42D1B029A68
:107150000E3732F81720B1EBC20F4FEAC20405D93F
:107160004A1E5244121BB2FBFAF2BF1A55EA07023A
:1071700080D4BD423FF77EAF109A7F1B17601D6021
:1071800079E700BF12FDFFFFB03CFFFF2DE9F04F94
:10719000204CDFF8849093469A46851E8A1E04F19F
:1071A000E2074FF000084FF41E6635F8021F32F870
:1071B000023F994222D0217809EBC1014B8833B3B9
:1071C0004968002001EB830347F6FF7E51F804CBAA
:1071D0001FFA8CFCE64528BFE646604538BF60468E
:1071E0008B42F3D1400080B24FEA4E0E80451FFA29
:1071F0008EFE38BF8046764528BF76460134BC42B5
:10720000D3D1ABF80060AAF80080BDE8F08F4FF64C
:10721000FE7EF0E7B82001089C210108094A0A4BCC
:1072200012680A49D360086804E00B681B1AB3F5BA
:107230007A7F04D8D3689B06F7D5002070470320D7
:10724000704700BF7C0200205FFF03006C0200203B
:107250000D490E4A086813691B0710D442F20F7CCF
:107260000B681B1A63450AD872B613691B0700D452
:1072700030BF62B6BFF36F8F13691B07F0D5034BA6
:107280001869C0F3C00070476C0200200004004879
:107290000138C0B2042822D808B52A4BDFED2A6A8B
:1072A00003EB800393ED006AC6EE267AB3EE087A0C
:1072B000F4EEC77AF1EE10FA2DED028B11D4FCEE4C
:1072C000E77A224B17EE902A90B2A3FB0030000918
:1072D00000EB4000C00080B2BDEC028B08BD002076
:1072E0007047F5EEC07AF1EE10FA1DDD87EE278AC1
:1072F000B0EE480A07F000FFDFED157A70EE277A4E
:107300001820B4EEE78AF1EE10FAC4BFF7EE007A67
:1073100030EE270ABDEC028BBCEEC00A10EE103A2C
:107320009BB2B0FBF3F008BDFCEEE77A182217EE33
:10733000903A9BB2B3FBF2F303EB4303D80080B265
:10734000CAE700BF0C4301080AD7233BABAAAAAA8D
:10735000ACC527372DE9F84F89462DED048B06463D
:1073600018B1B74B02689A4263D0DFF8E0A2B54A81
:10737000DAF81030B449002098474FF0010B002490
:10738000B24FB0462546002E00F0CC803368AC4AA0
:10739000934200F0B2803B69AA4AAB49002098476B
:1073A000A94580F0F680A9EB05091FFA89F9A44BDD
:1073B00032689A4200F02081DFF890A2A44DDAF8FA
:1073C0001030A04AA04900209847D5ED007A9FEDE3
:1073D000A10AB8EE678A80EE080A07F08DFE3768CA
:1073E000974B9F4228EE008AF3EE087A28EE278A10
:1073F000B7EE007AC7EE087A9FED976A9FED977A0D
:1074000067EE867AF6EE006A05EE909A67EEA67A47
:10741000B8EE659A67EE879A3FD1032C40F203815C
:107420008A4B8F4A1B698849DFED8C8A0020984778
:107430003DE090F862B0BBF1000FA0D19FED879ABC
:107440005C465B4603EB830306EB8303D3ED019AB3
:107450007B4FF8EEE99A7E4D9FED7E0AD5ED007ADE
:10746000B8EE678A80EE080A07F046FE744B9F422A
:1074700028EE008AF3EE087A28EE278AB7EE007A23
:10748000C7EE087ADFED746A67EEA67AB6EE007A88
:1074900067EE877A67EEA99ABFD0DFF8B0A1DAF875
:1074A0001030684A6849DFED6D8A0020984795EDF5
:1074B000008A9FED680AB8EE488A69EE288A80EE55
:1074C000080A07F019FE28EE008AB3EE087A28EEC3
:1074D000078AF7EE007A87EE880A9FED5F7A20EE42
:1074E000070AF6EE007A20EE270A20EE280A30EE90
:1074F000290ABDEC048BBDE8F88F032C5ED93B69EB
:10750000574A514900209847A945BA4680F08680DD
:1075100033684B4AA9EB050993421FFA89F97FF4B6
:107520004DAF6DE03B694849464A30469847A9450A
:10753000BA4632D2A9EB0506B6B2454DDAF810309C
:10754000404A414900209847D5ED007A9FED410A15
:10755000B8EE678A80EE080A07F0CEFD20EE087AC2
:10756000F3EE087A27EE277AF7EE006AC6EE877AFE
:107570009FED396A9FED397A67EE867AF6EE006AFA
:1075800005EE906A67EEA67AB8EE659A67EE879A7E
:1075900085E733682A4A934226D03B692A49294A1B
:1075A000002098470134E4B25C4508F114087FF4E8
:1075B000EAAE002E41D04FF00009F8E6B8F80830E6
:1075C0002B449BB299450DD2A9EB05091FFA89F905
:1075D00007EE909A2346B8EE679A33E7B8F808307A
:1075E0002B449BB21D46DDE7032CF7D93B691C4AAF
:1075F000154900209847D5E7032CE9D9DFF84CA0BE
:10760000DAF81030164A1049DFED149A0020984736
:1076100007EE909A3768B8EE679A1CE73368084A15
:107620009342BAD1E2E704EB840406EB8404638955
:1076300008EE903AF8EE688A39E7DFF810A07CE7A8
:107640000FB03713BC610108D4610108DC010020D0
:107650003C050020F902154FC2F38E4D00000000DA
:10766000DC61010808B50138C0B2042898BF194B85
:107670002DED028B98BF03EB8003B0EE408AB0EE95
:10768000600A94BFD3ED058ADFED138A07F022FC70
:10769000DFED127A60EE277AF2EE040A77EE887A4E
:1076A000B0EE600A77EEE87AC7EEA00A07F042FC77
:1076B00007F022FDDFED0A0A07F0ECFFF7EE000A03
:1076C00007F0CAFFBDEC028BBCEEC00A10EE103A08
:1076D00098B208BD0C4301080000000000002042E1
:1076E0000080FF43B0EEE07AF0EEC07A2DE9F04F73
:1076F000F4EE477AF1EE10FADFEDBE6ABE4BDFF82A
:1077000018E348BFF0EE477A30EE607A67EEA67A6B
:10771000B0EEC77A2DED0A8BB4EEE77AF1EE10FAEF
:1077200098BFDFEDB67A9FEDB67A87B0F0EE60CA0B
:1077300094BF70EEA7CA1646F0EE408A054698BF81
:107740000026059305AA0DF1180C012712F8010B6C
:10775000431EDBB2042B0EEB8304F0EE477A9CBF92
:10776000D4ED007A77EEA77AF4EE678AF1EE10FA9C
:10777000A8BF07466245E9D19F4B9FEDA17ADFF88C
:107780009882059305AA0DF1180E012412F8010B39
:10779000431EDBB2042B08EB830CF0EE477A9CBF50
:1077A000DCED007A77EEA77AF4EE67CAF1EE10FA14
:1077B000A8BF04469645E9D1052F18D0914A4FF04D
:1077C0000333052CCDE9043209D0012F00F02582C6
:1077D000022F00F01282032F11D1022310E0012F9B
:1077E00000F01682022F00F032820424F3E7052C09
:1077F00000F0238283484FF00333CDE904300323A4
:10780000C3F10107FFB2012C00F0F581022C00F05A
:107810000282032C00F0038203221744FFB2B94214
:1078200028BF3946C3F1030E96445FFA81FA013A44
:1078300005A901EB030CD0B25FFA8EFE00230AE02B
:10784000022F00F0F380013301F8087CDBB2421C08
:10785000D0B2864517D01CF8017B03F11802BC4258
:107860000DEB020107F0FD02C0F098819A4540F24D
:107870009581012AE4D1421CD0B20133864501F83A
:10788000087CDBB2E7D10AF1FF339FED5DBA9FEDD3
:107890005E9A9FED5EAADFF88C81DFED5D9ADFEDE9
:1078A0005DAA01930DF1100B0024CDF800A0039602
:1078B0001BF8017B3846FFF7EBFC019B9C4282469C
:1078C00000F0D8809BF80030013BDBB2042B00F2C3
:1078D0002781514A02EB8303D3ED007A77EEA77A32
:1078E000F4EEE87AF1EE10FA40F3CC8007EE10AA3D
:1078F000B8EE477AB0EE688A27EE097A002638EEAD
:10790000078A0136B4EEE78AF1EE10FAB6B2F6D481
:1079100088EE090A07F0F0FB2B6CC8EE897AFDEEC1
:10792000C08A77EE8A7A18EE902A12B208EE902A70
:10793000BDEEE7CA1BB11A68424500F0F480DFF8DB
:10794000E890364AD9F810303549002098472B6C1A
:1079500013B11A68424578D0D9F810302F4A30490F
:10796000002098472B6C1BB11A68424500F0098132
:10797000D9F81030294A2A49002098472B6C1BB1AE
:107980001A68424500F0FB80D9F81030234A244998
:10799000002098472B6C95ED190A002B64D1D9F87B
:1079A00010301E4A1E4900209847F8EEE87A2B6CEA
:1079B00067EE897AF4EEE97AF1EE10FA40F19380FD
:1079C000013F18BF012733B11A68424508BFA20022
:1079D00076D0DFF85490D9F81030104A10490020C2
:1079E00098470134009AE3B2934272D2F0EE488A8B
:1079F0005EE700BF00000034020304050AD7233C01
:107A000000000000010203040AD7233B17B7D13856
:107A1000666646403333A3400C430108BC6101084D
:107A2000D46101080FB03713DC010020AAEB030278
:107A3000D2B203F118019042694403F101023FF60A
:107A400006AF01F8087CD3B201E704EB840203EB34
:107A5000820282ED01CAA2F80AA0A200224403EB2E
:107A6000820295ED190A16811A6842450ED0DFF898
:107A7000F49194E7F0EE6C7AF4EEE87AF1EE10FA15
:107A80003FF734AFB0EE688A002641E7F8EEE88AA7
:107A9000F0EE480A3846029368EE898AFFF7E2FD65
:107AA000029B04EB840203EB8202F4EEE98AF1EE1E
:107AB00010FA90814FEA840244D5013F18BF012794
:107AC000224403EB8202D774009A0134E3B293425A
:107AD0008CD3039E9246002E66D1504607B0BDEC73
:107AE0000A8BBDE8F08FF4EEEA7AF1EE10FA74D466
:107AF000B1EE0C7AF4EEC77AF1EE10FA4CD49FEDA9
:107B0000567AF4EEC77AF1EE10FA68D49FED537A04
:107B1000F4EEC77AF1EE10FA4CBF0427052752E7BE
:107B2000F0EE4B7ADCE604EB840203EB820282ED9A
:107B300001CA17752B6CA2F80AA0A20043BBDFF89C
:107B4000249121E7F4EEEA8AF1EE10FA4BD4F1EE3B
:107B50000C7AF4EEE78AF1EE10FA42D4DFED3E7AC9
:107B6000F4EEE78AF1EE10FA43D4DFED3C7AF4EE5E
:107B7000E78AF1EE10FA4CBF0427052724E7A2009C
:107B80006CE704EB840203EB8202A2F80AA0A200D5
:107B900019684145D3D161E7022714E7BAF1000F14
:107BA0007FF471AE002E98D02D6C0AF1FF34E4B250
:107BB00021462846FCF75EFE1DB1294B2A689A42F1
:107BC0001DD0284B284A1B69284900209847504659
:107BD00007B0BDEC0A8BBDE8F08F0127F3E6032761
:107BE000F1E60227F0E6224403EB82020127D77474
:107BF0006AE70327E8E6002211E6012300E6032CEA
:107C00000FD9184B1A4A1B6918490020984764E796
:107C10000023042400E60122FFE50023F3E502220D
:107C2000FBE504EB840405EB840501302881504614
:107C300007B0BDEC0A8BBDE8F08F4FF0033304931F
:107C400003F18073A3F5817305930424D7E500271E
:107C500001230424E0E500BF33334B41000094418D
:107C60000FB03713DC010020BC610108D4610108AA
:107C7000DC610108B0EEE07AF0EEC07A2DE9F04F59
:107C8000F4EE477AF1EE10FADFED966A48BFF0EEB7
:107C9000477A30EE607A67EEA67AB0EEC77A2DEDBD
:107CA000068BB4EEE77AF1EE10FA98BFDFED8E7A2C
:107CB00087B005464FF00500B0EE608A14469ABFC3
:107CC00030EEA78A00270127F0EE408A8A46FFF7A8
:107CD000DFFA032C09EE900A00F0D381042C00F0A7
:107CE000C681022C45D1814B02934FF07E53039302
:107CF000631E9BB20DF1080B03AA38EE687A02EB03
:107D000083005B46D3ED007A67EE877A77EEA87A38
:107D1000E3EC017A8342F5D19FED75AADFED75AAF8
:107D200000970BEB84094FF00008BBEC017AF4EEEE
:107D3000C78AF1EE10FA12D5F8EE697AB0EE688AC9
:107D400067EE8A7A002438EE278A0134B4EEC78AB7
:107D5000F1EE10FAA4B2F6D474BBF0EE488AD9451D
:107D6000E3D1009F6FB9404607B0BDEC068BBDE87C
:107D7000F08F4FF07E530293002CB9D1A046002F14
:107D8000F1D00AF1FF342D6C4444E4B22146284678
:107D9000FCF770FD25B1584B2A689A4200F08A81A1
:107DA000564B574A1B69574900209847404607B031
:107DB000BDEC068BBDE8F08F88EE0A0A07F09CF94F
:107DC0000AEB0802D7B22B6CBDEEC00A10EE102AE7
:107DD00012B209EE102A23B11A6847498A4200F00C
:107DE0009780464E464A33694649002098472B6C97
:107DF00023B141491A688A4200F0C9803369404A78
:107E00004049002098472B6C1BB13B491A688A42B5
:107E100051D033693A4A3B49002098472B6C23B133
:107E200035491A688A4200F0CC803369344A3549B2
:107E3000002098472B6C95ED190A002B4BD1336924
:107E40002F4A304900209847B8EEC90A2B6C20EE23
:107E50000A0AB4EEEA0AF1EE10FA00F1EB80F1EE54
:107E60000C7AB4EEE70AF1EE10FA00F12C81DFEDA6
:107E7000267AB4EEE70AF1EE10FA00F11281DFED96
:107E8000237AB4EEE70AF1EE10FA4CBF0422052281
:107E90002BB119491868884200F0CE80174E33691B
:107EA000174A18490020984708F10103F0EE488A64
:107EB0005FFA83F853E7032F4AD807EB870219EEDE
:107EC000901A03EB8202BE005181F21903EB820289
:107ED00095ED190A1481084A196891424DD0074E50
:107EE000ADE700BF000000340AD7233CA4703D3F3B
:107EF0000AD7233B3333A3400FB03713DC010020F4
:107F0000BC610108D461010833334B410000944146
:107F1000032F40F29A807B4E7B4A33697B490020D5
:107F200098472B6C002B3FF469AF1B68784A93424B
:107F30007FF464AF3369744A7449002098472B6C0E
:107F4000002B3FF466AF1A68714B9A427FF461AF21
:107F500033696D4A6D49002098472B6C002B3FF424
:107F600064AF1A686A4B9A427FF45FAF3369664A1E
:107F70006649002098472B6C5DE7032F40F28F8005
:107F8000604E614A33696149002098475CE7032FDE
:107F9000D0D8DFED606A9FED607AC8EEA67A07EB75
:107FA000870203EB8202BE0077EE877AFDEEE77A66
:107FB000C2ED017AF21919EE901A03EB8202518197
:107FC00083E7032FD2D807EB870203EB820295EDFC
:107FD000190A1481BE00F0EE480A05200193FFF74C
:107FE00041FBF8EEC97ADFED4B6A9FED4C7A019BBD
:107FF00067EEA67AF21903EB8202F4EEC77AF1EE8D
:1080000010FA908145D4B1EE0C7AF4EEC77AF1EE15
:1080100010FA48D49FED427AF4EEC77AF1EE10FAE6
:1080200061D49FED407AF4EEC77AF1EE10FA61D494
:1080300005222EE701222BE7032F52D9314E324A77
:1080400033693249002098472EE7C8EE8A7A07EB59
:10805000870203EB820205211175BE009FED2E7A87
:1080600077EE877AFDEEE77AC2ED017AA2E72E4B32
:1080700002932E4B03932E4B04934FF07E530593A4
:1080800036E62C4B02932C4B03934FF07E53049314
:108090002EE601223E4403EB8603DA7404E7BE00B9
:1080A00099E70322F4E61A4A196891427FF4F6AE82
:1080B0000222EFE7032C08D9124B134A1B6913491C
:1080C000002098474FE60222E2E604EB840405EB29
:1080D000840501302881404607B0BDEC068BBDE821
:1080E000F08FBE00D6E70A4A196891427FF4D6AEF7
:1080F0000322CFE7064A196891427FF4CFAE0422EB
:10810000C8E700BFDC010020DC610108D461010880
:108110000FB037130AD7233B17B7D1383333A340F7
:1081200033334B4100009441D7A3F03E3333333F08
:1081300052B85E3F713D0A3F295C4F3F2DE9F04741
:108140002DED048BDFEDBE7A90ED138A90F862304E
:10815000C8EE278A84B00446002B00F08980B0EE78
:10816000680A06F0C9FFDFEDB77A94ED147A70EE75
:10817000277AF4EEE78AF1EE10FAC4BFF7EE007A40
:1081800030EE270ADFEDAE7A87EE278A60EE278A87
:10819000B0EE480A06F0B0FFDFEDAA7A9FEDA87AAC
:1081A00070EE277AB4EEE78AF1EE10FAC4BFF7EE6C
:1081B000007A30EE270ADFEDA47A20EE078AB4EECB
:1081C000E78AF1EE10FA40F2DD81F4EEE78AF1EE93
:1081D00010FA00F3CD8188EE279AB0EE490A06F036
:1081E0008BFFDFED987ADFED980A70EE277A002298
:1081F000B4EEE79AF1EE10FAC4BFF7EE007A30EE73
:10820000270A2046FCEEC07AB0EE680A17EE905AB4
:10821000013DEDB2032D28BF0325012D38BF0125F7
:10822000C5F10401C9B2FFF75DFA9FED870A064662
:108230000146F0EE480A2A462046FFF71BFD30446F
:10824000C0B2236C23B1814A1968914200F00881C1
:10825000DFF808827E49D8F810307E4A002098471F
:10826000236C94F85810002B00F0C1801A6828E1A4
:1082700090F84430002B40F08F8190F8465094F8ED
:108280004530002B40F0AB81B4F84860DFED6C7AEC
:1082900007EE106AB8EE479A29EE279AB0EE680A00
:1082A00006F0E0FED4ED147A77EEC87ABDEEC07A1F
:1082B00087EE898A17EE10AAB0EE480A06F01CFF76
:1082C000DFED607A70EE277AB4EEE78AF1EE10FA0D
:1082D000C4BFF7EE007A30EE270AF7EE007A30EEF0
:1082E000270A06F009FFFCEEC07ACDED017ABDF950
:1082F0000430BDF80470013B13FB06A30FFA83F9A9
:10830000236C23B151491A688A4200F0F180DFF8EA
:108310004C81504AD8F810304D4900209847236CC2
:10832000002B40F01981D8F810304A4A4849002003
:108330009847236C002B40F0E080D8F81030454A75
:10834000434900209847236C002B40F0CA80D8F89E
:108350001030404A3E4900209847236C002B40F0E3
:10836000B780D8F810303B4A394900209847236C31
:10837000DFED336A9FED387A07EE909AF8EEE77AF0
:108380001A4667EEA67AF4EEC77AF1EE10FA40F1DB
:10839000BD80013D18BF01251BB12C4918688842DA
:1083A0007DD0DFF8B8802B4AD8F81030284900205B
:1083B0009847236CB4F856001A46002B40F0D28040
:1083C000D8F810302249234A00209847236C94F8AB
:1083D0006810002B6AD1D8F810301D491D4A0020C2
:1083E0009847236C94F85810002B7FF43FAFD8F8CF
:1083F0001030184A164900209847236CB4F85420CE
:10840000002B36D1D8F81030124A11490020984775
:10841000236C94F86010E26DE26089B323B10B4ADB
:108420001968914200F091800C4B0A4A1B69084977
:10843000002004B0BDEC048BBDE8F047184700BF36
:108440000AD7233BACC527370AD7233F0FB03713D2
:10845000D4610108BC61010866664640DC01002069
:1084600083F8620094F8581083F86310236CB4F812
:1084700054206849186888420ED0DFF8B881C1E7F7
:10848000002BD1D0634918688842CDD19A6504B0D9
:10849000BDEC048BBDE8F087A3F85C20B9E7DD7480
:1084A000B4F85600236C94F86810908159481A6803
:1084B000824202D0DFF87C818DE783F86A1094F85D
:1084C000581054488242CFD0DFF868818FE71F816F
:1084D000504A1968914217D0DFF8588141E7C3F834
:1084E00004A04C4A19689142F1D0DFF848812EE788
:1084F000012283F862201D75236C46491A688A425E
:10850000EDD0DFF8308118E75E8131E79FED427AE8
:10851000F4EEC77AF1EE10FA74D4B1EE0C7AF4EE00
:10852000C77AF1EE10FA6BD49FED3C7AF4EEC77A7D
:10853000F1EE10FA6CD49FED3A7AF4EEC77AF1EED0
:1085400010FA4CBF0425052526E700229A6504B0E1
:10855000BDEC048BBDE8F0872E491A688A427FF48F
:10856000E2AEC8E72B491D688D427FF429AF9AE738
:10857000F0EE480AB0EE680A042200212046FFF718
:1085800079FB5EE6F0EE480AB0EE680A01220421AB
:108590002046FFF7A7F854E6224B9FED237A2348A5
:1085A000029302AA03AE12F8015B6B1EDBB2042B2E
:1085B00000EB8301F0EE477A9CBFD1ED007A77EEB5
:1085C000A77AB4EEE78AF1EE10FABFF658AEB242DF
:1085D000E9D194F845300125002B3FF455AE6B1ED0
:1085E000DBB2042B10D8114ADFED117A02EB430302
:1085F0001E8D07EE106AB8EE479A29EE279A4DE6CF
:108600000225C9E60125C7E69FED099A012645E640
:108610000325C1E60FB037133333A34033334B4147
:108620000000944105040302000000000C4301080F
:108630000AD7233BDC0100202DE9F04F2DED028B02
:10864000B54C83B00646FFF779FD2378012B40F245
:10865000A983B24DB24A2B69B249022098472378C8
:10866000012B40F29F8373682F69AF4AAD49022006
:10867000B8472378012B40F2958396F84430DFF811
:10868000F892DFF8F882A94AA6492F69002B0CBF9F
:108690004B4643460220B8472378012B40F28283A1
:1086A00096F84530A24A2F699E49002B0CBF4B46D5
:1086B00043460220B8472378012B40F2738396F893
:1086C00046302F699749013BDBB2042B96BF994A8C
:1086D000994B02EB83034FF0020098BF5B6B974A04
:1086E000B8472378012B40F25D83B6F848302F69F4
:1086F000934A8C490220B8472378012B40F25283D9
:10870000D6ED137A2F699FED8F7AF5EEC07AF1EEF0
:1087100010FA00F18D8577EE877A8B4BBCEEE77A05
:1087200017EE102A9FED878ADFED886A009237EEF8
:10873000887A874A7B49BCEEC77A0220B8EE477A2E
:1087400077EEC77A67EEA67AFCEEE77ACDED017A8E
:10875000B8472378012B40F22583D6ED147A2F6990
:10876000F5EEC07AF1EE10FA00F1598577EE887ACD
:10877000754BBCEEE77A17EE102A9FED727ADFEDAB
:10878000736A009237EE877A724A6649BCEEC77AFE
:108790000220B8EE477A77EEC77A67EEA67AFCEE4B
:1087A000E77ACDED017AB8472378012B40F2FA82BF
:1087B000B6F854302F69684A5A490220B8472378DE
:1087C000012B40F2EF82B6F856302F69634A5549C3
:1087D0000220B8472378012B40F2E48296F8583003
:1087E0002F695049022B96BF524A534B02EB830329
:1087F0004FF0020098BF9B6C594AB8472378012B71
:1088000040F2D082D6ED177A2F699FED4E7AF5EEC1
:10881000C07AF1EE10FA00F1F98477EE877A4A4BCC
:10882000BCEEE77A17EE102A9FED468ADFED476A25
:10883000009237EE887A4B4A3A49BCEEC77A02205A
:10884000B8EE477A77EEC77A67EEA67AFCEEE77A5B
:10885000CDED017AB8472378012B40F2A38296F838
:108860006030DFF81491DFF814813F4A2D492F69F9
:10887000002B0CBF4B4643460220B8472378012B00
:1088800040F2908296F86130384A26492F69002BD1
:108890000CBF4B4643460220B8472378012B40F2D9
:1088A000818296F86230324A2F691E49002B0CBF34
:1088B0004B4643460220B8472378012B40F2728290
:1088C000D6ED197A2F69F5EEC07AF1EE10FA00F1C3
:1088D000948477EE887A1C4BBCEEE77A17EE102A68
:1088E0009FED188ADFED196A009237EE887A214AE7
:1088F0000C49BCEEC77A0220B8EE477A77EEC77A09
:1089000067EEA67AFCEEE77ACDED017AB8472378D8
:10891000012B40F2478233E070020020DC0100208E
:10892000E0680108AC600108FC68010808690108FA
:10893000246901080C430108D4680108446901084E
:1089400058690108BD370635407401080024744990
:1089500070690108886901089C690108B469010807
:10896000C0690108DC690108F4690108106A01089E
:10897000306A0108486A0108CC680108C468010827
:108980002B69C74AC749022098472378012B40F238
:108990000982338A2F69C44AC2490220B847237822
:1089A000012B40F2FF81B37CDFF83893DFF8388386
:1089B000BE4ABC492F69002B0CBF4B4643460220E0
:1089C000B8472378012B40F2ED81F37CB84AB549D2
:1089D0002F69002B0CBF4B4643460220B847237833
:1089E000012B40F2DF81337DB24A2F69AD49002B64
:1089F0000CBF4B4643460220B8472378012B40F278
:108A0000D181D6ED067A2F69F5EEC07AF1EE10FA33
:108A100000F1EB8377EE887AA74BBCEEE77A17EE8E
:108A2000102A9FEDA68ADFEDA66A009237EE887ABB
:108A3000A44A9C49BCEEC77A0220B8EE477A77EE8A
:108A4000C77A67EEA67AFCEEE77ACDED017AB847F1
:108A50002378012B40F2A681D6ED077A2F69F5EE37
:108A6000C07AF1EE10FA00F1B88377EE887A924B73
:108A7000BCEEE77A17EE102A9FED908ADFED906A40
:108A8000009237EE887A904A8649BCEEC77A022077
:108A9000B8EE477A77EEC77A67EEA67AFCEEE77A09
:108AA000CDED017AB8472378012B40F27B81D6EDDA
:108AB000087A2F69F5EEC07AF1EE10FA00F185839D
:108AC00077EE887A7C4BBCEEE77A17EE102A9FEDA2
:108AD0007B8ADFED7B6A009237EE887A7B4A7149A8
:108AE000BCEEC77A0220B8EE477A77EEC77A67EE17
:108AF000A67AFCEEE77ACDED017AB8472378012B10
:108B000040F25081D6ED097A2F69F5EEC07AF1EE88
:108B100010FA00F1528377EE887A674BBCEEE77A61
:108B200017EE102A9FED658ADFED656A009237EE39
:108B3000887A674A5B49BCEEC77A0220B8EE477A6A
:108B400077EEC77A67EEA67AFCEEE77ACDED017A8A
:108B5000B8472378012B40F22581D6ED0A7A2F6998
:108B6000F5EEC07AF1EE10FA00F11F8377EE887A05
:108B7000514BBCEEE77A17EE102A9FED508ADFEDDD
:108B8000506A009237EE887A524A4649BCEEC77A5C
:108B90000220B8EE477A77EEC77A67EEA67AFCEE47
:108BA000E77ACDED017AB8472378012B40F2FA80BD
:108BB000D6ED0B7A2F69F5EEC07AF1EE10FA00F1DE
:108BC000EC8277EE887A3C4BBCEEE77A17EE102AFF
:108BD0009FED3A8ADFED3A6A009237EE887A3E4A94
:108BE0003049BCEEC77A0220B8EE477A77EEC77AF2
:108BF00067EEA67AFCEEE77ACDED017AB8472378E6
:108C0000012B40F2CF80D6ED0C7A2F69F5EEC07AB9
:108C1000F1EE10FA00F1B98277EE887A264BBCEEBD
:108C2000E77A17EE102A9FED258ADFED256A00927C
:108C300037EE887A294A1B49BCEEC77A0220B8EE83
:108C4000477A77EEC77A67EEA67AFCEEE77ACDED43
:108C5000017AB8472378012B40F2A480D6ED0D7A33
:108C60002F69F5EEC07AF1EE10FA00F1868277EE08
:108C7000887A114BBCEEE77A17EE102A9FED0F8A27
:108C8000DFED0F6A009237EE887A154A0549BCEE8F
:108C9000C77A0220B8EE477A77EEC77A26E000BF9F
:108CA000646A0108AC600108886A0108AC6A0108BE
:108CB000CC6A0108E86A010840740108BD3706352E
:108CC00000247449046B01082C6B0108546B0108E3
:108CD000846B0108AC6B0108D46B0108F86B0108C8
:108CE000186C0108CC680108C468010867EEA67A10
:108CF000FCEEE77ACDED017AB8472378012B51D904
:108D0000D6ED0E7A2F69F5EEC07AF1EE10FA00F189
:108D10002C8277EE887A334BBCEEE77A17EE102A76
:108D20009FED318ADFED316A009237EE887A304A62
:108D30003049BCEEC77A0220B8EE477A77EEC77AA0
:108D400067EEA67AFCEEE77ACDED017AB847237894
:108D5000012B27D9D6ED0F7A2D69DFED246A264A3B
:108D60002449F5EEC07AF1EE10FA55BF77EE887A15
:108D700078EE677A1B4B214BBCEEE77A02208DED33
:108D8000007A9FED197A37EE877ABCEEC77AB8EE93
:108D9000477A77EEC77A67EEA67AFCEEE77ACDEDF2
:108DA000017AA847D6F840A0BAF1000F00F0D081B0
:108DB0002378012B40F2D181114D124A2B690D49C4
:108DC00002209847D6F840A0BAF1000F20D12B69B5
:108DD0000D4A0E49002003B0BDEC028BBDE8F04FF8
:108DE000184700BF40740108BD3706350024744998
:108DF000406C0108AC600108686C0108DC6801087F
:108E0000DC010020946C0108BC610108D4610108F8
:108E1000A44BDAF800209A42D9D12378012B40F2F2
:108E2000AC80DAED157A2E699FED9F7AF5EEC07A67
:108E3000F1EE10FA00F10D8277EE877A9B4BBCEED3
:108E4000E77A17EE102A9FED988ADFED996A009273
:108E500037EE887A974A9849BCEEC77A0220B8EE76
:108E6000477A77EEC77A67EEA67AFCEEE77ACDED21
:108E7000017AB0472378012B7FD9DAED167A2E6973
:108E8000F5EEC07AF1EE10FA00F1DB8177EE887A28
:108E9000864BBCEEE77A17EE102A9FED837ADFED62
:108EA000846A009237EE877A844A8349BCEEC77A97
:108EB0000220B8EE477A77EEC77A67EEA67AFCEE24
:108EC000E77ACDED017AB0472378012B55D9BAF86E
:108ED0005C302E697A4A78490220B0472378012B0A
:108EE0004BD99AF85E30DFF82482764F764A724981
:108EF0002E69002B0CBF43463B460220B047237827
:108F0000012B3AD99AF85F30704A2E696A49002BD2
:108F10000CBF43463B460220B0472378012B2CD997
:108F20009AF863302E696449022B96BF684A694BF0
:108F300002EB83034FF0020098BF9B6C664AB04778
:108F40002378012B19D99AF864302E695A49022BDB
:108F500096BF5F4A5F4B02EB83034FF0020098BF5E
:108F60009B6C5E4AB0472378012B06D92D699AF88D
:108F700062305B4A50490220A8479AF86230002BC1
:108F800000F0E680574F55464FF0000B2278012A3B
:108F900040F2D7805B46544A47493E690220B047B9
:108FA0002378012B40F2CB806B68504A42493E69DE
:108FB0000220B0472378012B40F2C1802B894C4A14
:108FC0003D493E690220B0472378012B40F2B7802B
:108FD0006B89484A38493E690220B0472378012B03
:108FE00040F2AD80AB89444A33493E690220B04724
:108FF0002378012B40F2A380AB7B404A2E493E6987
:109000000220B0472378012B40F29980EB7BDFF8F8
:10901000FC90DFF8B0803A4A27493E69002B0CBF2C
:109020004B4643460220B0472378012B40F287800D
:109030002B7C344A20493E69002B0CBF4B464346EB
:109040000220B0472378012B79D96B7C2E4A1A492C
:109050003E69002B0CBF4B4643460220B0472378A5
:10906000012B6CD9A97C174A284B3E69002918BFEF
:1090700013460220264A1049B0472378012B5ED9B7
:109080002B7DD7F810800C49013BDBB2042B96BF37
:109090000F4A104B02EB83034FF0020098BF5B6B4B
:1090A00038E000BF0FB03713BD37063540740108F4
:1090B00000247449A86C0108D4610108DC69010826
:1090C0009C690108C4680108C06C0108DC6C0108D7
:1090D0000C430108D4680108C0690108F46C010858
:1090E000106D0108DC010020246D0108346D0108B9
:1090F000586D01087C6D0108A06D0108C46D010860
:10910000E86D01080C6E0108306E0108CC6801089A
:10911000546E0108534AC0472378012B0FD9EB7CCA
:10912000D7F810805049052B96BF504A504B02EBA0
:1091300083034FF0020098BF5B6D4E4AC0479AF818
:1091400062300BF1010B9B4505F11405FFF41EAFD6
:1091500003B0BDEC028BBDE8F08F474BDAF800207E
:109160009A423FF40AAF454D31E678EE677A444BB8
:10917000BCEEE77A17EE102AD2E578EE677A404B1C
:10918000BCEEE77A17EE102A78E578EE677A3C4B6A
:10919000BCEEE77A17EE102A45E578EE677A384B91
:1091A000BCEEE77A17EE102A12E578EE677A344BB8
:1091B000BCEEE77A17EE102ADFE478EE677A304BE0
:1091C000BCEEE77A17EE102AACE478EE677A2C4B07
:1091D000BCEEE77A17EE102A79E478EE677A284B2E
:1091E000BCEEE77A17EE102A46E478EE677A244B55
:1091F000BCEEE77A17EE102A13E478EE677A204B7C
:10920000BCEEE77A17EE102AFFF76ABB77EE677AB3
:109210001B4BBCEEE77A17EE102AFFF705BB78EE82
:10922000677A174BBCEEE77A17EE102AFFF7A5BA5C
:1092300077EE677A124BBCEEE77A17EE102AFFF74B
:1092400071BA78EE677A0E4BBCEEE77A17EE102A09
:1092500023E677EE677A0A4BBCEEE77A17EE102A20
:10926000F1E500BF786E0108D46101080C430108E4
:10927000D46801089C6E01080FB03713DC01002090
:10928000DC6801082DE9F04F02EBC30787B07B884B
:10929000DDF84090EBB18246884600264D467B685B
:1092A00053F82640C4F30170012815D002282ED0AF
:1092B00020BBC4F34459012303FA09F39D422FD381
:1092C0002E4A2F4916692F4A013BCDE90053A3B21C
:1092D000B04707B0BDE8F08FA3B2194658F8232075
:1092E00022F00F0215B1C4F3034422435046FBF7AA
:1092F0004BFB7B8801369E42D1D3EAE71F4B224AC3
:109300001B691F49002007B0BDE8F04F1847A3B202
:10931000194658F8232022F00F02002DE6D1E2E78B
:109320001FFA84FB4FF00103ADF80E304BF42043DD
:10933000ADF81000CDF81200ADF80C3003A950467E
:1093400001230522FBF7EAFAC9F12009BDF8122032
:10935000BDF814304FF0FF30C4F3044420FA09F094
:10936000A04043EA024323EA000305FA04F4594605
:1093700043EA04025046FBF707FBBAE7DC01002092
:1093800094680108C06E0108F86E01082DE9F04FDD
:10939000264C87B00026CDE90466B4F800808946E3
:1093A000002B3DD04FEA5808CDE90102A8F104088E
:1093B0000D461F464FF4004BB246039325E0029B37
:1093C000A5F800B033446B80631EAB80A5F806A0FF
:1093D0006200002105F1080007F084FD294601988C
:1093E0000123221DFBF79AFA04AA134603CA264456
:1093F0006960286009EB460559F81600696803C3DF
:10940000039B9E42A7EB04070AD2B845444628BFF7
:109410003C46B845D3D200E0013CE307FCD4CEE79C
:1094200009F1080007B0BDE8F08F00BFDC010020A3
:109430002DE9F04F9846174BDFF85CB01F8883B0DA
:10944000043A043F52087F0897420C9E01908946D7
:1094500028BF174601F1040A0025741BBC4228BF2F
:109460003C4645EA0B02631E08EB4501A9F80020C3
:10947000A9F802306200504607F060FE25440198CA
:109480000023A21C4946FBF749FAAE42E5D803B0D7
:10949000BDE8F08FDC01002000C0FFFFF8B51446E6
:1094A0000E464FF4E2720146204607F047FEB6F83A
:1094B000583023B196F85E30003B18BF01232A4D87
:1094C00096F85B10B5F8442084F8C431012084F884
:1094D000C511A4F8C82184F8C60105F16A0304F592
:1094E000E57205F19A011F685E689868D3F80CC0B0
:1094F000C2F80CC010338B4217605660906002F1C6
:109500001002F0D1194EB5F89A30A4F8FA3104F5EA
:10951000FE7E06F13007B446BCE80F00BC450EF1F4
:10952000100E06F110064EF8100C4EF80C1C4EF8FA
:10953000082C4EF8043CEED10D4BB5F8CC20A4F825
:109540002C2204F22E2403F130021D685868996819
:10955000DE68E6601033934225606060A16004F12C
:109560001004F2D1F8BD00BF900000202C010020B3
:109570005E0100202DE9F04FADF5137D05460C4648
:10958000924600214FF4E27221A81E4607F0AAFC81
:109590003C22002112A807F0A5FC9C9B93F8C57102
:1095A00067B1634B634A1B696349002098474FF0DA
:1095B000000840460DF5137DBDE8F08F0DF1180849
:1095C0005E49CDF800800AAB21AA2046FBF786FC55
:1095D0000028ECD0414694F85B200AA812ABFBF7B8
:1095E0001BFA80460028E2D09D9ABDF85A301380BD
:1095F0009E9ABDF85E3013809C9808AB0DF1160260
:1096000021A9FDF7C3FDBDF82020BDF816309A4210
:1096100005D29C9A214621A8FFF740FFC9E743F2F3
:10962000370308930322012308A92846ADF82470C4
:10963000FBF774F9BDF8243013F0C00310D1ADF876
:10964000243043F2310308930322012308A928465A
:10965000FBF764F9BDF824204AF6C0439A4259D179
:109660009C9808AB0DF1160221A9FDF78FFDBDF8FE
:109670001690BDF820B0D94508D9314B089328463B
:1096800008A900230222FBF749F9C2E7284BCDF8CD
:1096900008801B8803944FEA5A0A5B08534528BF89
:1096A00053460BF10201023BA1EB090123F0010338
:1096B00089B28B4228BF0B46321DA8469FB2924604
:1096C0001D4604E0B9441FFA89F9D94511D808AB01
:1096D0004A46514621A80895FDF706FC0446002895
:1096E000F0D0089B32464FEA59014046FBF7ECF9AF
:1096F000E8E7134B08934546A246284608A90023ED
:109700000222DDE90284FBF709F9BAF1000F3FF408
:109710004EAF7EE70B4B1B78002B3FF448AF044B5A
:10972000094A1C6909492B460120A0473FE700BFB1
:10973000DC010020206F010834620108D400002001
:109740008010010070020020606F0108846F010822
:109750002DE9F04FADF5117D0C4605460021174669
:109760001FA84FF4E2720DF118081E4607F0BAFB6D
:109770003949CDF8008008AB1FAA2046FBF7AEFBA5
:1097800030B94FF0000840460DF5117DBDE8F08F6F
:1097900094F85B20414608A810ABFBF73DF9002880
:1097A000EFD09B9ABDF8523013809C9ABDF856308A
:1097B000DFF8B4A013802846BAF80080FBF7C4F99C
:1097C00048B37B084FEA5808434528BF4346023B4D
:1097D00023F00103321DCDE90247A8461FFA83FB9F
:1097E0004FF000091D4617464A4605AB39461FA8EB
:1097F0000595FDF779FB4FEA5901D944059B0446CD
:10980000324640461FFA89F9FBF75EF9B9F51E6F3B
:1098100008D2002CE8D1DAF81030104A10490020A4
:109820009847AEE74546A046DDE90247B8F1000F8C
:10983000F1D080233A46314628460093094BFFF782
:10984000F7FD1FA89A9A2146FFF728FE40460DF51E
:10985000117DBDE8F08F00BFD40000209C6F01088F
:109860003462010878430108DC01002070B5504CD7
:10987000504A94F820300021012B11707FD02368CA
:10988000022184F82110CA2159620120532184F851
:1098900020005962996821F480619960D968C9B241
:1098A00061F49061D960D96849066AD51F21596170
:1098B0009968414821F0070141F00301996001686E
:1098C00041F480110160816841F4801181609968E0
:1098D00041F480419960996841F480619960FF206A
:1098E0000121586284F821101178002384F8203077
:1098F00000295AD172B6BFF34F8FBFF36F8F137821
:1099000003B930BF62B6BFF34F8FBFF36F8F1378C9
:10991000002BEFD094F820300021012B11702ED0B5
:109920002168264D0220CA2384F8210001224B62BF
:1099300053234B6284F820208B6823F480638B6070
:109940008B6823F480438B60286804E02A68121A2D
:10995000B2F57A7F0CD8CB6813F00403F6D0FF2061
:1099600001230022486284F8202084F8213070BD51
:10997000FF200322486284F8203084F82120F8F781
:1099800005FB0E4D2E68D96811F004018ED12868B0
:10999000801BB0F57A7FF6D9FF200322586284F845
:1099A000212084F82010F8F7F1FA1370B8E700BF0F
:1099B0007C020020A0020020000401406C02002074
:1099C00010B51848F8F716FD1749184B0C684FF4F6
:1099D00080529A61FFF74AFF1CB1154B22689A42E8
:1099E00016D0144B144A1B69144900209847144898
:1099F00007F0D6FB00240D4B4FF480529A62FFF71C
:109A000035FF104B00221A60F8F760FC204610BDAD
:109A1000A068FBF77FF8A0680121FBF723FA012477
:109A2000E9E700BFB06F0108900000200004004883
:109A30000EB03713DC010020F46101080C6201084C
:109A4000C86F01081C0400202DE9F0439D489E4D7D
:109A500087B0F8F7CFFC9D4B4FF480529A61FFF727
:109A600005FFD5E90143D5E94D872E681BB1984A1A
:109A7000196891420DD0974B974A1B69974900206E
:109A80009847974807F08CFB0026304607B0BDE8A2
:109A9000F0831CB1934A2168914206D08D4B924AC3
:109AA0001B698E4900209847EBE794F8612062BB60
:109AB000D4F840901EB18D4B32689A4206D0854B47
:109AC0008B4A1B698B4900209847DAE78A488B4903
:109AD00000F1EC0C4FF0FF3210F8013F08245A401F
:109AE00042F300030B40013C83EA5202F8D1844563
:109AF000F2D1D5F83031D24393423FD0754B804AF2
:109B00001B697C4920469847BBE7D3F82C90B9F1F4
:109B1000000FCDD0D9F85400002800F0A680D9F865
:109B20005830002B00F0A180D9F85C30002B00F0F9
:109B30009C80B9F808302C2203FB02F2002107F0C8
:109B4000D1F9B9F80820D9F858000021920007F09F
:109B5000C9F9B9F80820D9F85C000021920007F093
:109B6000C1F90023C9F84030C9F84430C9F8483079
:109B70000023C9F85030A9F84C3099E7B9F1000F2B
:109B800004D0604BD9F800209A4206D0514B5E4A6F
:109B90001B695E490020984773E743F21C03B068D5
:109BA00004930322012304A9ADF81440FAF7B6FE8A
:109BB000BDF8143003F40063002B14BF012300230D
:109BC00009F1040933735AD0B068B41D0294341DEE
:109BD00001943469009443463A464946FFF7CAFC6B
:109BE0000646002E3FF44DAF2C681CB13F4B226857
:109BF0009A420FD0374B3E4A1B693E490020984796
:109C0000434807F0CDFA314B4FF480529A62FFF788
:109C10002DFE39E7A068FBF7EDF82C4B00222273EC
:109C20004FF480529A62FFF721FE6B681BB12D4AF8
:109C30001968914216D0274B2B4A1B6927490020EF
:109C400098479FED347ADFED346A344BC6EE877A5D
:109C5000FCEEE77AC3ED007AF8F738FB304607B040
:109C6000BDE8F08393ED177AEDE71A4B2C4A1B6998
:109C70002C49002098474846FDF776F918E743F24B
:109C80003103B068049304A901230322ADF8144002
:109C9000FAF744FE337BBDF81410002B94D14AF63A
:109CA000C0429142B06833698FD0B41D043600932E
:109CB000019643463A4649460294FFF749FD064657
:109CC0008FE700BFF06F01089000002000040048FB
:109CD00001B13713DC0100200C700108AC600108F1
:109CE000A870010802B13713946001080EB0371351
:109CF000F46101080C620108D30000202083B8ED54
:109D00006C7001080FB03713BC610108D461010801
:109D1000807001080000000000007A441C0400204C
:109D20001C7001084C700108F0B482B02E4E05681A
:109D300000238DF8033033683768C3F164031A4495
:109D40002A4B1B6803EB8303C3EBC3031B0D02FB0E
:109D500003F30193AB6819420AD134E0019C019BE3
:109D6000013B0193AB68002C08BF002219422AD0A6
:109D7000B1F5C06F05D12B7BDBB28DF803309DF8B8
:109D800003303368DB1B9342E8D36B68426823F0EF
:109D9000E003B2F5827F6B6019D0836AB3F5005F90
:109DA00007D12B6823F400532B602B6843F4005336
:109DB0002B600122002380F85D2080F85C300320B6
:109DC00002B0F0BC7047002002B0F0BC704783685E
:109DD000B3F5004F02D0B3F5806FDED12B6823F0CE
:109DE00040032B60D9E700BF6C0200200000002078
:109DF00070B4274D274B2A681B6804682E68C2F18F
:109E00006402114483B0C3F3CB3301FB03F301932A
:109E1000A3681A062CD509E0019A019B013B019326
:109E2000A368002A08BF00211B0621D52B689B1BB5
:109E30008B42F1D36368426823F0E003B2F5827F7E
:109E4000636019D0836AB3F5005F07D1236823F4F8
:109E500000532360236843F400532360012200234E
:109E600080F85D2080F85C30032003B070BC704740
:109E7000002003B070BC70478368B3F5004F02D078
:109E8000B3F5806FDED1236823F040032360D9E768
:109E90006C0200200000002038B590F8412001231A
:109EA000292A80F84030044603680D4625D02A212F
:109EB000202284F8411084F84220002262645A680B
:109EC00022F400425A604FF080706585618DE06237
:109ED0009D699A692185194919486163D1036062B6
:109EE00003D42A0744BF0822DA61002084F8400026
:109EF0001A6842F0FC021A6038BD90F841101A68E6
:109F000001F02801282914BF6FF0F2016FF042011F
:109F10000A401A601A685004C9D51A68A06B22F466
:109F200080421A600028C2D0064B8363F8F7A0FA7B
:109F300010B1A06B836B98472368B8E7152F000812
:109F400074020020112100080228F8B515D0042859
:109F500008D05B4A5B4C136843F002031360042390
:109F60002370F8BD574C2378013B012B32D9544A5A
:109F7000136843F001031360F1E7524C2378002B80
:109F8000F5D1514A514B11881B6849BA89B2002B4F
:109F900049D04F4A1088002845D000EB400003EB21
:109FA00080001A4602E0824200F08280B2F800C0CF
:109FB0008C4502F10C02F6D1464A118002E00C33C6
:109FC000834239D01A888A42F9D19B68002B33D05A
:109FD0000123C5E73C4B3D4F3E4D18683B68B5F843
:109FE00000C05BB33A4E318841B301EB410103EB52
:109FF000810102E00C33994220D01A886245F9D1E0
:10A000009B68002B4AD000BA984728BB2C492A8865
:10A010000B6843F008030B604FF6FF739A429ED023
:10A0200001322A809BE7264A2A4913684FF6FF70BF
:10A0300043F0040313600880032391E7204A136868
:10A0400043F0040313604FF6FF739C4587D00CF177
:10A05000010CA5F800C082E728884FF6FF739842EC
:10A0600002D0013080B228803B68002B3FF477AFEC
:10A07000318800293FF473AF01EB410103EB81010B
:10A0800003E00C3399423FF46AAF1A888242F8D158
:10A090009B68002B3FF463AF022361E7084A136813
:10A0A00043F0100313604FF6FF739C45CFD156E782
:10A0B00003490A6842F004020A604FF6FF717BE729
:10A0C0008000002078020020740200202404002078
:10A0D000280400200A00002070B5094E7368054668
:10A0E0009847044628B12A46002106F0FBFE204688
:10A0F00070BD3369034A04499847204670BD00BFCC
:10A10000DC010020D8700108E870010830B4124D5D
:10A11000124C00F1BC0C002143680B44024640F88D
:10A12000043F12689A1AAA4209DD50F8042CA3F5DC
:10A13000C9237E3BA1F5C92103607E399A1AA24248
:10A1400006DA03F5C92301F5C9217E3303607E31A8
:10A150008445E1D130BC70473F240300C1DBFCFFE4
:10A160002DE9F04FADF2146D0446914603938D1C1A
:10A1700003AE0DF20C67B5F9001035F9020CFCF7CF
:10A1800087FC46F8040FB74205F10405F3D100211E
:10A190004846202206F0A6FE0DF16C0A4FF6FF732A
:10A1A000002104EB44060293304DDFF8C480019196
:10A1B0005346F600A9F1040940F694578A469B4697
:10A1C000ABF15C00FFF7A2FFABF160004FF0000CB9
:10A1D00050F8043F026E5845A3EB02039C44F7D1AC
:10A1E000BCF1000F31DB4FEA9C1007FB00F0400D83
:10A1F00004FB00F006EB1020C9F80400BAF1000FD0
:10A2000003D0D9F8003083422AD959F8043F434497
:10A21000002BB8BF5B42AB4204D21D460123CDF8F0
:10A2200008A001930AF101021FFA82FABAF1080F9D
:10A230000BF1C00BC4D1019911B1DDE902231A80E1
:10A2400008460DF2146DBDE8F08FCCF100008009D6
:10A2500007FB00F0400D04FB00F0A6EB1020CBE75D
:10A26000002108460DF2146DBDE8F08F40420F004A
:10A27000E0D764FC2DE9F04F2DED048BADF21C4DC1
:10A28000054602931B780F4690460A2B13D8DFE849
:10A2900013F022000B007200F40072015202070357
:10A2A00026047804BB042200FAF780FD002840F061
:10A2B000B385029B1B78C149C14A0D69C149002081
:10A2C000A84700200646029B1E700DF21C4DBDECF7
:10A2D000048BBDE8F08FBC48EC22002106F002FEA2
:10A2E000BA4BDFEDBB5AD3ED007ADFEDBA6AF8EE78
:10A2F000677AB6EE006A85EEA77AF4EEE67A37EE74
:10A30000067AF1EE10FABCEEC77A17EE103A9EB25A
:10A3100000F33C859FEDB07AF4EEC77AF1EE10FAC7
:10A3200000F13485A6F110039BB2EF2B40F2A38617
:10A330009FEDAA7ADFEDAA6AA04B77EE877A1E69B5
:10A3400037EE877ABCEEE78ABCEEC77AB8EE477A7A
:10A3500077EEC77A67EEA67AFCEEE77A17EE905AA8
:10A36000A04BA14AA14901958DED008A0020B0477C
:10A37000029B1B789FE7FAF719FD0646002898D044
:10A380004123002239462846FFF700F80022038CBB
:10A3900004938646A0F10209934603924FF6FF7A92
:10A3A000531E03FB03F3C3EBC303590001F51674FB
:10A3B000C83B39F9021F002A00F01C8539F902CC8C
:10A3C00001F57A70A1EB0C019942FFF672AFA14240
:10A3D0003FF76FAF80EAE073A3EBE0739BB25345A6
:10A3E00005D24FEA820B1FFA8BFB9A460396013285
:10A3F000102AD5D1039B002B3FF45BAF8BF03009C3
:10A40000DFF8F0B1BEF88030ABF84890BEF822A07B
:10A41000A3EB0A03B3F5FA6FFFF64BAF74491B04C5
:10A42000A1FB03130020CDE905950EF1200E039D3D
:10A430005C0906464FF6FF7C08E0494538BF002519
:10A44000013292B2402A204400F03E873EF8021FBB
:10A45000049BCB1A002BB8BF5B429BB263450AEB4F
:10A46000104938BF9C4609F5487338BF16468B42E1
:10A4700001F54871E1D20025E2E7FAF797FC0028E0
:10A480003FF417AF3946002220232846FEF77EFF0F
:10A49000B0F90020074684460121164600201446E4
:10A4A0003CF9022F02F548731B1B9BB2B3F5C86F32
:10A4B0003FF6FFAEB242A8BF084601F10101A8BFB6
:10A4C00016462029EBD1072840F29E861728A0F1D6
:10A4D000070340F22787D3F1200240F0988646AB6D
:10A4E000049304982EA9FCF7F9FB00283FF4E1AE91
:10A4F0009DED2E6AB5EE406AF1EE10FA3FF4D9AE4A
:10A500009DED2F7AB5EE407AF1EE10FA3FF4D1AE20
:10A51000DDED306AF1EE666AC6EE877AF5EEC07A56
:10A52000F1EE10FAFFF6C5AEB1EE477AC7EE066A55
:10A53000F5EEC06AF1EE10FA7FF5BBAEB7EE007A29
:10A5400077EE877AFCEEE77A17EE903A9AB23F2AD6
:10A55000C3F34E033FF6ADAE264A83F0100340F23C
:10A5600015312846A2F84A30FAF738FB04260028AD
:10A570007FF4A9AE9DE6FAF719FC00283FF499AEE6
:10A580005023394600222846FEF700FF1A49CDE93C
:10A5900005573023A0F1020B9C460846C246174BD4
:10A5A000002447F6FF76CDE9030B5D464FF6E472D3
:10A5B000A646A1461F46B0462CE000BFDC010020A5
:10A5C000387101085C710108D40000203C050020AE
:10A5D000F902154F8096984C8096984BBD370635FA
:10A5E0000024744940740108F870010824710108BE
:10A5F000ABAAAAAA90000020DE0000200080FFFF86
:10A600008E4204F10104C4BFDE460E460832082C17
:10A6100092B21AD035F9021F0FFA82FB4CB135F80D
:10A62000020C081A00B28045A8BF80468742B8BF16
:10A6300007460029E4DA8B4204F10104BCBFD94685
:10A640000B460832082C92B2E4D1A7F51C57103FF4
:10A65000BFB244F620629742DDE9030B3FF629AE14
:10A66000B8F1000F7FF425AE13F5004F00F0A78579
:10A6700047F6FF72964200F00086AEEB090EBEF17F
:10A68000080F7FF416AEF61ADB0093FBF6F3A9EB86
:10A6900003030FFA83FEBEF1000FC0F2F185BEF195
:10A6A0001F0F3FF706AE1FFA8EFE764B20F802EF23
:10A6B00083F80DC00CF1010C5FFA8CFCBCF13A0F71
:10A6C0000BF1100B7FF46BAFDDE90557802300938E
:10A6D00052466D4B39462846FEF7AAFE6B496C4A36
:10A6E000B1F850300093B1F84A606A490723284610
:10A6F000FEF7C8FD664A6749009608232846FEF71C
:10A70000C1FD0323624A6349009328460923FEF7EB
:10A71000B9FD06235E4A5F49009328460A23FEF7E7
:10A72000B1FD40F2D6312846FAF758FA052600283E
:10A730007FF4C9ADBDE5FAF739FB00283FF4B9ADA8
:10A740004FF44073394628460022FEF71FFE00F5FD
:10A75000C06306930023039346AB0DF1340B0493BF
:10A760004D4E4E4FCDF814B016ABCDE908B50DF1F6
:10A77000B80907930DF58A780546079CAA46BAF9E9
:10A7800002103AF9040BFCF783F944F8040B4C452A
:10A79000F5D10DF1B40B5C46AA46BAF96210BAF9CC
:10A7A0006000FCF775F944F8040F44450AF1040A07
:10A7B000F3D1DDE903230DF1540E981800215BF865
:10A7C000043F5EF8042F9B1AB34240F30A83A3F5BB
:10A7D000C9237E3BB342FADC002BB8BF5B429942EF
:10A7E000B8BF1946D84540F8043BE8D1059B49104D
:10A7F00043F8041F0593039B60330393069BC03506
:10A800009D42BAD1DDE908B500210A460B465BF846
:10A81000040F9042C8BF194603F10103C8BF0246A6
:10A82000082BF4D10EAB0DF1B70253F82160049B55
:10A8300001EB410103EB41110DF1CF0051F8043B55
:10A84000B342ACBF0023012302F8013F82421376DA
:10A85000F4D10020012302460AE029B119F8011CB5
:10A86000002904BF1A4601200133302B00F09683E3
:10A8700019F8011F002AF0D0002900F0B58201303C
:10A88000F2E700BF0C000020784301089000002090
:10A8900078440108304901083F240300C1DBFCFF74
:10A8A0004FF6FF73ADF83830FAF780FA00283FF41E
:10A8B00000ADC94BDFF84C8339461F68C74BB8F869
:10A8C0002421A3FB0737BF094FF4407302FB07F7AE
:10A8D00028460022FEF75AFD46AB06461A46049368
:10A8E00038460EAB3146FFF73BFCBD4B37221A779B
:10A8F00000283FF4DEACBDF83830A8F86630B9491E
:10A9000000932846B84A0C23FEF7BCFC40F21741DE
:10A910002846FAF763F900283FF4CBACDFEDB36AC1
:10A920003546B7EE007A06F1C00706F5D86E0DF190
:10A93000B80CA7F1C0030020B3F9022002FB02F11A
:10A94000B3F90020043302FB02129F421044F3D1FA
:10A9500007EE900AF8EEE77AC037C7EEA65ABE4572
:10A96000B1EEE56AC7EE067AECEC017AE1D106F1C8
:10A9700060089FED9F8A9FED9F9ADFED9F8A9F4E13
:10A9800016AC36AF049B2EA92A46B2F90000F1ECB2
:10A99000016A07EE100AB2F9020007EE900AB8EE5B
:10A9A000C77AF8EEE77A27EE267A67EEA67AB2F94A
:10A9B000600027EE076A27EE277A67EEA77A83ED15
:10A9C000017A07EE100AB2F96200C3ED027A07EECF
:10A9D000900AB8EEC77AF8EEE77A27EE267A67EEA5
:10A9E000A67A83ED006A27EE076A27EE277A67EEDC
:10A9F000A77AB94283ED186A83ED197AC3ED1A7A02
:10AA000002F1C00203F10C03BFD1049810222146C9
:10AA1000FCF764F900283FF44CACD4ED006A94EDE7
:10AA2000017AF1EEE67AB1EE006A66EE866A94ED9E
:10AA3000026A67EE075A66EE866AB6EE006A76EE3E
:10AA4000E56AF6EE085AB1EEE64AC6EE276A77EEF8
:10AA5000E57A26EE877A67EE887A66EE846AF7EE04
:10AA6000004A77EE867A37EE247A76EEE56AB3EE20
:10AA70000F5A27EE097A66EE886AF4EEC57AF1EE8F
:10AA800010FA37EE067A76EE866A00F3BB83F5EEAF
:10AA9000C07AF1EE10FA00F10584FCEEE77A17EEC9
:10AAA000903A1BB2B4EEE87AF1EE10FA40F39C83D0
:10AAB0006FEA83536FEA9353F3EE0F7AF4EEE76A8B
:10AAC000F1EE10FA40F3828343F478730435A8451D
:10AAD00026F8023F7FF456AF0726FFF7F4BBFAF7DC
:10AAE00065F900283FF4E5AB10233946DFF814B1CF
:10AAF00000222846FEF74AFCBBF8CE3000268446EA
:10AB000003F01F09C3F344189B0A09F1300908F147
:10AB10003008A3F1200003963446B64637460CF1C0
:10AB2000020A0BE0A342774640F2F081A6461C469B
:10AB3000B3B203930136082E00F0EA813CF92630C7
:10AB40003AF9262009FB03F302FB00F1002BB8BF02
:10AB50003F33002902FB08F2B8BF1F319B11002AC6
:10AB600003EB6113B8BF3F321BB242F38F1203FBFA
:10AB700003F302FB0233BB42DCD97345D2D81F4634
:10AB8000D8E7FAF713F900283FF493AB60230022CB
:10AB900039462846FEF7FAFB194B0021A3F1300293
:10ABA0000646FCF707F800283FF483AB134B30460A
:10ABB000A3F13002991CFBF7FDFF00283FF479ABAD
:10ABC00040F27C412846FAF709F8092600287FF46C
:10ABD0007AABFFF76EBB00BF3C050020D34D62107F
:10ABE0000C00002030490108784401080000404270
:10ABF000000080420000004200007C425C01002016
:10AC00002A01002090000020FAF7D0F800283FF435
:10AC100050AB39464FF49C6300222846FEF7B6FB42
:10AC20004FF000080DF1340A0EAFCDF80480009704
:10AC3000534646AA90218146CDF83480CDF838801D
:10AC400016ACCDF858802EAECDF8B880FCF7A8F938
:10AC500000283FF42EABCDE90068234646AAF02138
:10AC600009F59070FCF79CF900283FF422AB0E998F
:10AC70002E9ABB4BBB4DDFF818B3521A02FB03F3FD
:10AC800005FB01F11B0CC3EB513305FB02F10D9ADF
:10AC900005FB02F2520BCDE900A809F20230CBE924
:10ACA0004031CBF808210CAB46AA40F21F11FCF74B
:10ACB00077F900283FF4FDAACDE900740BAB46AA52
:10ACC0004FF4907109F5A860FCF76AF900283FF489
:10ACD000F0AACDE90086434646AA09F5F0604FF494
:10ACE0009071FCF75DF900283FF4E3AA0D9A0E9FDE
:10ACF000DDF82CE0DDF830C016992E9BBE1A05FB5E
:10AD000002F7994AACEB0E0C02FB0CF205FB0EFEAF
:10AD1000120CC2EB5E32CBF80C2105FB0CF2CBF827
:10AD20001021924A06FB02F2120CC2EB5732CBF80A
:10AD300014218F4A5B1A05FB06F605FB01F103FBA4
:10AD400005F502FB03F31B0CC3EB5133CBF8205189
:10AD5000884DCBF81861CBF81C310BF143060BF290
:10AD60002F174FF0FF3316F8012F0821534043F3FC
:10AD700000022A40013982EA5303F8D1B742F2D1E6
:10AD8000DB43CBF830310A26FFF79DBA9FED7A7A84
:10AD9000DFED7A6A7A4F7B4B7B4A7C4977EE877A84
:10ADA000002037EE877ABCEEE78ABCEEC77A8DEDDD
:10ADB000008AB8EE477A103E77EEC77A67EEA67A39
:10ADC000FCEEE77ACDED017A3C6917EE905AA04788
:10ADD000EF2E7FF66EAA3E69FFF7C2BA03F5C923CC
:10ADE0007E33BB42FADBF7E40B2800F2D78008463B
:10ADF0000A4639E501F57A73002BB8BF5B429BB276
:10AE0000534502D30122FFF7CBBA9A46039601229B
:10AE10004FF0000BFFF7C4BA43F232034FF00008C3
:10AE200046930322012346A92846ADF81C81F9F771
:10AE300075FD3946122342462846BDF81C61FEF7CF
:10AE4000A5FA01460788B0F802E0434604314046BF
:10AE50004FF6FF7C46FA03F2D2070BD531F81320E8
:10AE6000A2EB0E02002AB8BF524292B2944584BFB0
:10AE700098B294460133102BECD1431E0D2B3FF6B4
:10AE800018AA00F10043013B01EB430C31F81320F9
:10AE9000BCF8023041F28731D21A8A427FF709AA00
:10AEA0004FF6FF7296423FF404AABCF804209B1AA6
:10AEB0008B427FF7FEA940F2E51307FB03F31B0C5F
:10AEC000A3F589731AB21433C0F230822C2A40F3EE
:10AED0002B824F2ACCBF042603262D4900902D4AF1
:10AEE000A1F84600A1F86860A1F8447025232A491A
:10AEF0002846FEF7C7F940F233212846F9F76EFEDF
:10AF0000022600287FF4DFA9FFF7D3B99E4611E699
:10AF1000B7EB540FBFF4CDA9039B00931D4A1E4904
:10AF2000ABF8643028460B23FEF7ACF90023194A2E
:10AF30001949009328460923FEF7A4F97E231649F0
:10AF400000932846134A0A23FEF79CF940F2534126
:10AF50002846F9F743FE00287FF4B5A9FFF7A9B901
:10AF6000A82A0400AA0A010054150200A64A0700F4
:10AF70004E750B002083B8EDBD37063500247449AB
:10AF8000DC01002040740108F870010824710108F8
:10AF9000900000207844010830490108A0F10C031A
:10AFA000082B3FF686A902EB5002172A02D9183A5D
:10AFB000172AFCD892B2910089B201F13006BB4B3E
:10AFC000B6B25F2EA3F84C2040F26681B84BA3FBCB
:10AFD00006239B0903EB4303A6EB43134FF0000842
:10AFE0000E46C14699B20127B24A00912123B249C7
:10AFF0002846FEF747F9AF4AAF4900962223284674
:10B00000FEF740F90326AB4AAB49009701232846D7
:10B01000FEF738F9A74AA849009602232846FEF70A
:10B0200031F93346A34AA449CDF800902846FEF7EB
:10B0300029F9A04AA049CDF8008004232846FEF74C
:10B0400021F99C4A9C49009705232846FEF71AF9E6
:10B050000023984A9849009328460623FEF712F9E0
:10B0600040F2ED312846F9F7B9FD062600287FF4B5
:10B070002AA9FFF71EB977EEC77ADFED906A9FED38
:10B08000907ADFF828B267EEA67A3F2E77EE877ABD
:10B09000FCEEE77A17EE902AABF82C2100F2DC8068
:10B0A0002F2E88BF3346ABF82831864BABF824618E
:10B0B00028461E88F9F748FD00283FF4FAA84FEA11
:10B0C000580C7608B44528BFB446ACF1020C2CF0FD
:10B0D000010C3B1D40F64C3A03931FFA8CF90026F5
:10B0E000E0460495C6F534630C33984594BF4C464E
:10B0F0005446750860084FEA85010CD06E4B07EB8B
:10B10000800019443B4651F8042BDA80120C9A80D7
:10B1100004338342F7D1BBF8263101931C230093FB
:10B120000398644B22463146FBF716FC00283FF497
:10B13000C0A8BBF8283101931A23009303985D4BF4
:10B1400022463146FBF708FC00283FF4B2A8BBF8C2
:10B150002A3101931B2300930398564B2246314614
:10B16000FBF7FAFB00283FF4A4A8BBF82C310193AD
:10B170001923009303984F4B22463146FBF7ECFB13
:10B1800000283FF496A82346049829463A464E44A0
:10B19000F9F79AFCB6B240F64B33AAEB090A9E4285
:10B1A0001FFA8AFA9ED9049D4FF4AE712846F9F72A
:10B1B00015FD012600287FF486A8FFF77AB847F628
:10B1C000FF739E427FF467AAFFF773B8F5EEC06A7B
:10B1D000F1EE10FA3FF57AACFCEEE66A16EE902A34
:10B1E00043EA42131BB271E4B5EEC07AF1EE10FAF5
:10B1F0003FF562ACBCEEC77A17EE102A43EA822311
:10B200001BB259E41F234DE400F10802002346A9B4
:10B21000D01807EB4000049107EB430737F9024BC6
:10B2200007EE903AB8EE677A07EE904AF8EEE77AC2
:10B2300003FB03F4C1ED007A07EE904AF8EE677A5B
:10B24000B84281ED027AC1ED017A03F1010301F107
:10B250000C01E3D1FFF745B90123BF2EABF826312E
:10B2600096BFA6F14003F308C3F3CF03ABF8283130
:10B2700006F00703ABF82A3117E7CE46FFF70BBA03
:10B28000CEF1000E1FFA8EFEBEF11F0F3FF611A881
:10B290004EF0200EFFF709BA4FF003084FF00109F6
:10B2A0000027A1E60023FFF7FDBB00BF90000020B0
:10B2B000ABAAAAAA7844010830490108E8385BB56E
:10B2C00000007C42DC0100202B46DDE90595002BC7
:10B2D0003EF4EFAF0123ABF84E6000934FF47E5382
:10B2E00042463946ADF81831284646ABFEF7A0F87D
:10B2F0000F4A1049009626232846FDF7C3FF0C4A43
:10B300000C49CDF8009024232846FDF7BBFF40F2FE
:10B31000C6212846F9F762FC032600287EF4D3AF45
:10B32000FEF7C7BF0F2272E70226D6E50126D4E555
:10B330007844010830490108354B4FF480522DE91B
:10B34000F0419A61FEF792FA72B6BFF34F8FBFF3E6
:10B350006F8F304E316821F00811316062B6BFF353
:10B360004F8FBFF36F8F2C482C4D2D4FF7F742F8BE
:10B370002C68D5E94D1214B12368BB4224D0294B67
:10B38000294A1B6929490020984772B6BFF34F8F9D
:10B39000BFF36F8F316841F40021316062B6BFF3B3
:10B3A0004F8FBFF36F8F1C48F7F724F8204805F044
:10B3B000F7FE4FF00008164B4FF480529A62FEF7EA
:10B3C00055FA4046BDE8F08104F10D030029DCD0B8
:10B3D000A068FEF74FFF80460028D6D0637B0A2B7B
:10B3E00004D0FBF735FF0028C2D1CEE772B6BFF319
:10B3F0004F8FBFF36F8F316841F00801316062B643
:10B40000BFF34F8FBFF36F8F0348F6F7F3FFD2E719
:10B410000004004888000020886101089000002096
:10B420000EB03713DC010020F46101080C62010842
:10B4300070710108184B1B6810B49C6A19691B686D
:10B44000C1F30E01C0E90141C3F3015101EB8101D8
:10B45000C3F3034C0CEB410C0022C3F3023101EBAC
:10B4600081016CF30702C3F3032C0CEB410CC3F313
:10B4700002116CF30F2201EB810103F00F0C0CEBB6
:10B48000410161F31742C3F3805363F31F6202600B
:10B490005DF8044B002070477C020020144B1B68B1
:10B4A0005B680022C3F3423CC3F3003101EB81012E
:10B4B0006CF30702C3F3032C0CEB410CC3F3011133
:10B4C00001EB81016CF30F2203F00F0C0CEB410C2C
:10B4D000C3F3035101EB8101C3F3034303EB4103C6
:10B4E0006CF3174263F31F6202600020704700BFD5
:10B4F0007C02002010B4294C94F82030012B49D054
:10B500002268022384F82130CA2353620121532385
:10B5100084F820105362B0F5807F9368204927D0CB
:10B5200023F400739360936823F4005393600868D6
:10B5300004E00B681B1AB3F57A7F0DD8D3689B071C
:10B54000F7D50020FF210123516284F8200084F800
:10B5500021305DF8044B70470323FF21516284F8CA
:10B560002130002384F8203003205DF8044B70471D
:10B5700023F480739360936823F480539360086886
:10B5800004E00B681B1AB3F57A7FE5D8D368DB07B4
:10B59000F7D5D6E702205DF8044B70477C02002007
:10B5A0006C02002030B4104D2A68D06810F04000C2
:10B5B00002D0002030BC70470C494FF0FF33D360FD
:10B5C0000C68D3685B06F5D4032803D1F2E7D3688F
:10B5D0005806EED40B681B1BB3F57A7FF7D903200E
:10B5E00085F82100EDE700BF7C0200206C020020FE
:10B5F00008B5114BDA6822F08002DA609A68920688
:10B6000003D4FBF70BFE88B908BD9A6822F020022C
:10B610009A60FBF703FE18B1084B032083F8210062
:10B62000054A936843F02003936008BD034B032051
:10B6300083F8210008BD00BF002800407C020020E4
:10B64000F0B5624C94F82030012B00F0BC802168EA
:10B650000223012284F8202084F821308B6813F023
:10B66000400C18BF90F803C003780CBF80F803C0EB
:10B670004FEA8C5C092B09D900220A3BDBB2092B6B
:10B6800002F10102F9D843EA0213DBB21A0443784B
:10B69000092B09D900250A3BDBB2092B05F101056D
:10B6A000F9D843EA0513DBB28678092E4FEA032363
:10B6B00009D900250A3EF6B2092E05F10105F9D88F
:10B6C00046EA0515EEB290F824E0BEF1090F0DD957
:10B6D0000025AEF10A0E5FFA8EFEBEF1090F05F1EC
:10B6E0000105F6D84EEA05155FFA85FE4569076A39
:10B6F0003D4345EA0C052A431343334343EA0E62B4
:10B700004668C3691E43836ACA2048625320486260
:10B71000B3F5807F8B6838D023F400738B60CB68DF
:10B720002B48DBB263F42073CB60056804E0036848
:10B730005B1BB3F57A7F1ED8CB689B07F7D50A62EF
:10B740008E648B6843F400738B608B6843F4005302
:10B750008B60204B1A68002042F4802284F820007D
:10B760001A609A6842F480229A60FF2201234A629A
:10B7700084F82130F0BDFF2203234A6284F821308F
:10B78000002384F820300320F0BD23F480738B6005
:10B79000CB680F48DBB263F4C073CB60056804E08C
:10B7A00003685B1BB3F57A7FE5D8CB68DF07F7D575
:10B7B000CA614E648B6843F480738B608B6843F47A
:10B7C00080538B60C5E70220F0BD00BF7C020020E3
:10B7D0006C020020000401402B4A0346006890429E
:10B7E00070B43CD8294A2A492A4C0244A1FB0212CF
:10B7F00012099200022183F8251001689D689E6954
:10B800001C6421F4FF4C59695A642CF0700C2943D4
:10B8100041EA0C01314341F08001B5F5804F0160F0
:10B8200014D0596802F01C020F2090409140194A30
:10B8300094426FEA00001BD0D2F8A8442040C2F81E
:10B84000A804D2F8A8040143C2F8A81400200122D9
:10B85000D86383F8240083F8252070BC70470E4A13
:10B860000B490E4C0244A1FB021212099200C1E7DF
:10B87000D4F8A8200240C4F8A820D4F8A820114386
:10B88000C4F8A810E2E700BF07040240F8FFFDBFBC
:10B89000CDCCCCCC00000240F8FBFDBF0004024040
:10B8A00070B506680546F46931EA040405D0581CF1
:10B8B00005D1F36931EA0303FBD1002070BD1648BE
:10B8C0000068801A834219D3C3B130684407EAD5AF
:10B8D0008029E8D04029E6D0F46914F008040FD19B
:10B8E000F0690005DFD54FF4006333622846F8F7AE
:10B8F000B5FD2023C5F8843085F87840032070BD5D
:10B90000082428463462F8F7A9FD002385F878302A
:10B910000120C5F8844070BD6C020020134BDB6829
:10B92000C3F30223C3F1070C1A1DBCF1040F28BF97
:10B930004FF0040C062A88BFDA1E4FF0FF3303FADB
:10B940000CF398BF002221EA030393401B01421C21
:10B95000DBB206D000F1604000F5614080F80033B2
:10B960007047024A82F82330704700BF00ED00E0C4
:10B970002DE9F04F89B00493002900F0888002F08F
:10B9800003077D1EC2F300130295DFF8D0B1704C9F
:10B99000059302F4403500234FF0010803959246C9
:10B9A000019708FA03FC1CEA01066CD0029F5A00BA
:10B9B00003259540012F6FEA05056BD9019F032FE1
:10B9C00040F0BA80D0F800C0019F0CEA050C07FADD
:10B9D00002F242EA0C020260039A002A53D0DBF81A
:10B9E000602042F00102CBF86020DBF8602023F0F9
:10B9F000030505F1804502F0010205F58035079247
:10BA000003F0030C079AD5F808E04FEA8C0C0F22DC
:10BA100002FA0CF2B0F1904F2EEA020215D04D4F0F
:10BA2000B8427BD04C4FB8427FD0DFF834E170454C
:10BA30006DD0DFF830E170450CBF4FF0040E4FF0D1
:10BA4000070E0EFA0CFE42EA0E02AA60A268F54347
:10BA50001AF4801F0CBF2A403243A260E2681AF435
:10BA6000001F0CBF2A403243E26062681AF4003FB4
:10BA70000CBF2A403243626022681AF4803F0CBF38
:10BA80002A4032432260013331FA03F289D109B0EE
:10BA9000BDE8F08FD0F80890129F09EA050907FA6F
:10BAA00002FE4EEA090EC0F808E0D0F804E0059F57
:10BAB0002EEA0C0E07FA03FC4CEA0E0CC0F804C088
:10BAC000049FD0F80CE007FA02FC019F0EEA050E75
:10BAD0004CEA0E0C022FC0F80CC07FF473AF4FEA93
:10BAE000D30900EB890903F0070CD9F820704FEA5D
:10BAF0008C0C4FF00F0E0EFA0CFE27EA0E0E139F61
:10BB000007FA0CFC4CEA0E0CC9F820C05AE74FF0BB
:10BB1000030E0EFA0CFE42EA0E0296E74FF0010EFB
:10BB20000EFA0CFE42EA0E028FE74FF0020E0EFAFA
:10BB30000CFE42EA0E0288E7D0F80CE0049F0EEA01
:10BB4000050E07FA02FC4CEA0E0CC0F80CC039E7EF
:10BB500000040140000400480008004800100240B2
:10BB6000000C00480010004870B5444D95F8413075
:10BB70002C689CB0002B46D0242385F841302268E5
:10BB80006B6822F0010223F0706322602361A368D6
:10BB9000EA6823F40043012AA360AB6809D043F4A8
:10BBA0000443022AA36007D1636843F4006363601F
:10BBB00006E043F40043A360636823F4006363601A
:10BBC00062682B6942F0007242F4004262606A6966
:10BBD000E1681343AA6921F4004143EA0223EA69B8
:10BBE000E160E3602B6A13432360236843F00103A1
:10BBF000236000202023686485F84130286385F89D
:10BC000042001CB070BD03F0FF015C2205A885F85E
:10BC1000401005F067F91A4B9C42ADD1802305A86E
:10BC20000593F7F7AFFF064630BB164C1648E36C9A
:10BC300043F00203E364E36C042203F00203049381
:10BC40000192032204990092012312224FF44061D1
:10BC5000FFF78EFEA36D43F48003A365A36D03F489
:10BC60008003039321203146039BFFF757FE074BC8
:10BC700002225A602C687FE7F6F788F9C403002097
:10BC800000580040001002400004004800E100E0BD
:10BC90002DE9F04F5D4C666A85B0002E55D1636882
:10BCA000B3F5827F00D0E66194F85D20256800231B
:10BCB000A36202F0FF07002A51D0022384F85D300E
:10BCC0002B68E26823F04003B2F5E06F2B6040D8A8
:10BCD0004FF4805101D00023A362636802F4706CBA
:10BCE000A26803F4827302F404421343226902F04F
:10BCF00002021343626902F001021343626B06F011
:10BD0000100E02F00800D4E9062640EA0E0006F004
:10BD1000380E266A40EA0C0006F0800C02F4007629
:10BD2000334343EA0E03120C43EA0C0302F004020D
:10BD30002B6040EA02030B436B6000200123206666
:10BD400084F85D3005B0BDE8F08F0023C4E904330A
:10BD5000AAE7B2F5706F4FF00001BED0BBE72C4BE5
:10BD600084F85C709D42A8D103F5604305211A6EEA
:10BD7000DFF8AC8042F480521A661A6E02F48052E8
:10BD80000392039ADA6C42F00102DA64DB6C0191EF
:10BD900003F001030293029B0323009302223B461C
:10BDA000E0214FF09040FFF7E3FD1A4901234046A0
:10BDB0004FF0800B4FF4807A4FF48069C8E900138C
:10BDC000C8E90277C8E90777C8E904BAC8F8189043
:10BDD000FFF702FD0123B8B90F4FC4F858807B600C
:10BDE0000E4BF860C7E907003B6038461023C7E9EF
:10BDF00004BAC8F82840C7F81890BB60FFF7ECFCFD
:10BE000010B96765BC6258E7F6F7C0F80802002071
:10BE1000003001401C000240EC02002030000240D3
:10BE2000A402002000284BD00268264913688A42E9
:10BE300023F0010310B4136027D9234B2349134483
:10BE4000A1FB03131B09224901649B0000244364E6
:10BE5000146003F01C0301229A401E4C4A60D4F87F
:10BE6000A8240F2101FA03F322EA0303C4F8A8343B
:10BE70000023C363C0E90B33C0E90D335DF8044B05
:10BE800080F8253080F824307047134B0F49134455
:10BE9000A1FB03131B090F4901649B0000244364A9
:10BEA000146003F01C0301229A404A60D1F8A820D4
:10BEB0000F2404FA03F322EA0303C1F8A830D7E7FA
:10BEC000704700BF07040240F8FBFDBFCDCCCCCCCF
:10BED0000004024000000240F8FFFDBF2DE9804849
:10BEE0009B489C4D9C4CB1B005F05AF99B499C482D
:10BEF00005F068F90FCD0FC495E8030084E803004E
:10BF00009849994B994A0A60012002221A70F6F763
:10BF100099FA974996226C20FEF7DEF8044600282D
:10BF200000F05881934F94490123C0E900735022D7
:10BF30006C20FEF7D1F8064638B1904B40F8043B30
:10BF400005F10801682205F0F9F840F20113A4F8A0
:10BF500044308B4BE36463638A4BE3638A4B236314
:10BF60008A4B04935C608A4BA3618A4BA3628A4B21
:10BF7000E3628A4B63658A4B23611823A4F8483037
:10BF80004FF48073A4F86030864B6366864B23655C
:10BF9000864BE3654FF07E53E3614FF07C532362A1
:10BFA000834B26640125002663624FF08043A36320
:10BFB00084F8465084F86250257584F85860102043
:10BFC000F4F7BEF90320F4F7F7F93046F4F730FA46
:10BFD0002846F4F76BFA2846F4F7A6FA42F6E06032
:10BFE000F4F7EAFA40F21450F4F73CFB4FF47A709D
:10BFF000F4F78EFB4FF4FA70F4F7E0FB41F2707047
:10C00000F4F732FCC820F4F785FC9620F4F7D8FC4E
:10C010004FF49670F4F72AFD4FF4FA60F4F77CFDC4
:10C020002846F4F7C5FD2846F4F702FE0420F4F78D
:10C0300043FE4820F4F780FE4FF49670F4F7C2FEFA
:10C0400040F6C410F4F714FF2846F4F75DFF2020F3
:10C05000F4F79AFF2846F4F7D3FF43F69820F5F754
:10C0600019F872B6BFF34F8FBFF36F8F514B029326
:10C070001E7062B6BFF34F8FBFF36F8F0220F6F7CB
:10C08000E1F94D4B4FF480529A61FDF7EFFB4B49BC
:10C0900037221420FEF720F80746002846D04849EA
:10C0A000782240F25E20FEF717F8002800F0938512
:10C0B000444BA0F8C45180F8C6513B604FF4405344
:10C0C0003861C7E901657E730322219321A92B46BC
:10C0D0002846ADF88860F8F721FCBDF8883041F2B9
:10C0E0001022934200F05D851B4A37491469374A94
:10C0F0003046A0473846F8F7EFFB43F21C03219384
:10C1000021A92B4628460322ADF88860F8F706FCE3
:10C11000BDF888301C0509D537460F4B2C4A1B69E2
:10C120002649002098473846F8F7D6FB0027049C9C
:10C13000214B27604FF480529A62FDF797FB2368EA
:10C14000002B00F023850420F6F77CF952E000BFB5
:10C15000A871010810460108DC010020B84501085B
:10C16000C07101083C0500207002002000366E01FD
:10C17000AC60010802B13713D46101080FB0371366
:10C180009A99993E0000A0400000204190000020B4
:10C190006666A63FCDCC4C3E9A99193E1000200011
:10C1A000030000010000A0410000204000004041C9
:10C1B0000000C040F4010020000400480C620108A7
:10C1C000346201080EB03713A86201083872010802
:10C1D00058720108B24BB34AB3491B699847B34B35
:10C1E000B34804935C60F6F72DF9B24804F0D8FF29
:10C1F000B14B0293B14CB24EDFF80CA3DFF80CB395
:10C20000F7F760F80023AF48AF4923709946AF4B6A
:10C21000AF4A036024230B804FF6FF7313804D4613
:10C2200033781BB1002D40F05882002572B6BFF361
:10C230004F8FBFF36F8F029B1B7862B6BFF34F8F98
:10C24000BFF36F8F002B00F097820023CDE90033FE
:10C25000A04801220221FFF78BFB3378002B00F06E
:10C2600093829D4B1B78002B00F08E82816172B609
:10C27000BFF34F8FBFF36F8F984B002219681A607E
:10C2800062B6BFF34F8FBFF36F8F002940F0388243
:10C290004FF090431C6914F4006440F078824FF42E
:10C2A00000728F48C3F82824F6F7A4F80A2172B662
:10C2B000BFF34F8FBFF36F8F8A4B1B78DBB262B631
:10C2C000BFF34F8FBFF36F8F43B9DAF80020DAF86E
:10C2D00000309B1A0A2BFAD90139E8D1DBF800307B
:10C2E000DFF82C923F2272605D0358BFDBF800300C
:10C2F0007D4A54BF03F480334FF4A023B360DBF8CE
:10C30000003003F00103F361DBF80430C3F30723CB
:10C310003362DBF8003003F0F0037362DBF80030C7
:10C3200003F480733361DBF80430C3F30463736197
:10C33000DBF89030580756BFDBF89030052303F048
:10C340000103F360DBF8943003F00103B361DBF821
:10C35000983003F00103B362DBF8003013F0807F04
:10C36000DBF80C3003F003033363DBF80C30C3F36A
:10C37000021303F101037363DBF80C30C3F30623EC
:10C38000B363DBF80C30C3F3415303F101034FEA0D
:10C3900043033364DBF80C30C3F3416303F101035F
:10C3A0004FEA43037364DBF80C304FEAD363F36363
:10C3B000DBF8083003F00303F364DBF8083003F024
:10C3C000F0033365DBF8083003F4E0637365DBF8F2
:10C3D000083012684FEAD30303F4E06302F0070267
:10C3E000B3654FF02403F26589F8413008BF01229C
:10C3F000D9F8003018BF0222F2620F22B2641A6824
:10C4000022F001021A60394A934200F08982384DC5
:10C410000023C9F8443089F8403089F841300222BD
:10C42000C9F8303089F842302B6885F85D201A68E9
:10C4300022F040021A602F4A934200F05F82DFF838
:10C44000D4800022D8F800302A66242185F85D20A7
:10C4500085F85C20C8F87C10196821F0010119608A
:10C460001A605A609A60244A934200F03A82234A42
:10C47000934200F06F83224F224D0023C8F884308E
:10C4800088F87830C8F87C303946C8F88030C8F869
:10C490006030C8F8643007F10C082B463CE000BF60
:10C4A000DC010020E0710108AC6001089000002070
:10C4B0000000021000720108F40100207802002040
:10C4C0004005002024040020280400209046010894
:10C4D0000A000020000400488C000020FC0100201D
:10C4E0006874010808000020002002400058004045
:10C4F00008020020003001400038014000440040A4
:10C5000040480108A00500206C02002000100240F5
:10C51000C40300202C04002051F8042B20331068A1
:10C5200043F8200C506843F81C0C906843F8180C32
:10C53000D06843F8140C4145106A526A43F8100C55
:10C5400043F80C2CE8D1249B0393259B05930120F1
:10C550004FF21F714FF090424FF0030E00FA04F3B8
:10C560000B4207D0D2F800C063000EFA03F343EA8F
:10C570000C0313600134102CF0D1059C039B009335
:10C58000A8480194002303224EF6FC51FFF7F0F96E
:10C59000039B0093019400F5C050002303224FF643
:10C5A000FF71FFF7E5F9DBF84C3023F00103CBF81E
:10C5B0004C30DBF84C3023F00203CBF84C30DBF886
:10C5C0004C304FF0E02223F08003CBF84C3013695D
:10C5D00023F00203136172B6BFF34F8FBFF36F8F67
:10C5E0004FF090431B69190504D48F4B1B78002B27
:10C5F00000F0648162B6BFF34F8FBFF36F8F4FF0CF
:10C60000E0228A48136943F002031361F6F710FF32
:10C610008748F16DF7F708FADBF84C3043F0010377
:10C62000CBF84C30DBF84C3003F001031D931D9B1D
:10C63000DBF84C3043F00203CBF84C30DBF84C30E5
:10C6400003F002031C931C9BDBF84C3043F0800387
:10C65000CBF84C30DBF84C3003F080031B931B9B72
:10C6600057F8043B2A681A606A685A60AA689A6098
:10C67000EA68DA602A691A6247456A695A6205F10E
:10C680002005EDD1FFF770FAFFF702FB6948F7F7D5
:10C69000D5FB99F84130202B00F09B80F5F776FC14
:10C6A000F5F714FE72B6BFF34F8FBFF36F8F624B77
:10C6B000D6F8C0201B68C6F8C0309B1A1CBF5F4A62
:10C6C000B2FBF3F35E4A136062B6BFF34F8FBFF362
:10C6D0006F8F3378002B3FF4A9AD72B6BFF34F8F45
:10C6E000BFF36F8F574C236803F0805562B6BFF3DA
:10C6F0004F8FBFF36F8F002D00F0AE80012595E5C1
:10C70000514B994275D072B6BFF34F8FBFF36F8F05
:10C710004C4C236803F0805362B6BFF34F8FBFF3D6
:10C720006F8F002B7FF47CAD4B1E212B00F211810B
:10C73000DFE813F0780154015F010F010F010F01D1
:10C740000F010F010F010F010F010F010F010F0169
:10C750000F010F010F010F010F010F010F010F0159
:10C760000F010F010F010F010F010F010F010F0149
:10C770000F016A0171014001CDE90033294803220C
:10C780000221FFF7F5F872E5264B99626FE530BF9D
:10C790004FF090431B691B0503D5224B4FF40072E9
:10C7A0009A6172B6BFF34F8FBFF36F8F1E4B1D7828
:10C7B0004FF000021A70EDB262B6BFF34F8FBFF3B5
:10C7C0006F8F002D7FF46CAF3578002D7FF42DAD89
:10C7D0002CE5D9F800201D491D48282389F841304F
:10C7E0001368C9F8341043F0B8031360F5F702FE7C
:10C7F000CEE7114A0A2072B6BFF34F8FBFF36F8F97
:10C80000144B1B78DBB262B6BFF34F8FBFF36F8F51
:10C8100033B9116813685B1A0A2BFBD90138EAD1C6
:10C82000F5F7B4FB0004004819040020440500207B
:10C8300088050020B40400206C02002040420F0054
:10C84000F80100208800002021545352152F0008C1
:10C8500080740108080000200499A74B0F684FF46A
:10C8600080529A61FDF702F82FB1A44BD7F80080EF
:10C87000984500F08780A24BA24A1B69A24900207C
:10C880009847A24804F08CFCA14804F089FCFDF70D
:10C8900097F8A04B01221A7072B6BFF34F8FBFF307
:10C8A0006F8F216841F08051216062B6BFF34F8FD6
:10C8B000BFF36F8F9848F5F79DFDB6E497490B6875
:10C8C00023F0070302F5506243F001030B60136984
:10C8D00043F00403136130BF136923F004031361B1
:10C8E00088E602F558424FF4C061136E23F480438A
:10C8F00013664FF09040F6F75BFCBCE502F5604232
:10C90000E021136E23F4805313664FF09040F6F746
:10C910004FFCA86DFFF786FA686DFFF783FA8EE586
:10C92000DBF85830744823F48003CBF858304FF4C8
:10C930008061F6F73DFC70484FF40061F6F738FC73
:10C94000774B0222C3F88420BFF34F8FBFF36F8F62
:10C950005DE5744804F036FC72B6BFF34F8FBFF349
:10C960006F8F216821F00041216062B6BFF34F8FC5
:10C97000BFF36F8F6848F5F73DFD5F4B4FF40072D2
:10C980009A614DE4B868F8F7C5F8B8680121F8F77E
:10C9900069FA049B1F681FB13B68434500F0218181
:10C9A000574B584A1B695849002098475E4804F085
:10C9B000F7FB69E7049B586820B15C4B02689A4218
:10C9C00000F0EC804E4F5A4A3B695A490020984784
:10C9D000594A58493B6900209847BDE73378002BF6
:10C9E000BAD1FDF731F8002800F02181012333701E
:10C9F000B2E73378002BAFD0FCF7E2FF002800F05D
:10CA0000258100233370A7E74C4B4D4801221A7053
:10CA1000F5F7F0FCA0E74B48F5F7ECFC474B00229C
:10CA20001A7099E772B6BFF34F8FBFF36F8F236809
:10CA300003F08003039362B6BFF34F8FBFF36F8F92
:10CA4000002B89D1049B5B6823B1384A1968914255
:10CA500000F080812A4B364A1B69364900209847EE
:10CA6000049B5B68002B40F00281254B304A1B6918
:10CA7000304900209847049BD3F80480B8F1000F98
:10CA800040F000811E4B2A4A1B692A490020984722
:10CA90001B4B2D4A1B69274900209847049A002305
:10CAA000936072B6BFF34F8FBFF36F8F216841F071
:10CAB000805141F48011216062B6BFF34F8FBFF304
:10CAC0006F8F1548F5F796FC204804F069FB204865
:10CAD00004F066FB72B6BFF34F8FBFF36F8F216810
:10CAE00041F08451216062B6BFF34F8FBFF36F8F67
:10CAF0000948F5F77FFC2FE7000400480EB0371314
:10CB0000DC010020F46101080C620108C86F010813
:10CB100044740108CC0100208861010800700040C5
:10CB200000E100E08C7601089872010802B1371329
:10CB300094600108AC6001087476010820040020AC
:10CB40004C760108607601080C70010858750108E0
:10CB5000E875010802F5E6320F21936D23F40033E6
:10CB600093654FF09040F6F723FBD8F87400FFF779
:10CB700059F9D8F87000FFF755F98F4B4022C3F8E8
:10CB80008420BFF34F8FBFF36F8F74E48B48F5F7AA
:10CB900059FC8B4804F004FBFFF72CBBFBF74CFD62
:10CBA000DAE643F21C03219321A92B4628460322EF
:10CBB000ADF88860F7F7B2FEBDF8884014F4006461
:10CBC0007FF4ABAAB868F7F7A5FFB8682146F8F775
:10CBD00049F9FFF7ACBA38613846F7F775FEFFF749
:10CBE000A5BA3B7B002B40F09C80B8681521F7F775
:10CBF000F5FF00283FF4DAAE01233B73FAF728FB78
:10CC0000002800F04383049B19680391D3E94D8207
:10CC100019B16C4B096899421AD06B4B6B4A1B696E
:10CC20006B49002098476B4804F0BAFA2CE66A4832
:10CC300004F0B6FA694B01221A7072B6BFF34F8F37
:10CC4000BFF36F8F216841F080514BE76448EFE7F5
:10CC500003998B88C9880B44B2EB430F80F01B8388
:10CC6000594B604A1B695A4900209847DBE75E4AE6
:10CC7000196891427FF4F9AE002283F85820049B92
:10CC8000D3F80480584BD8F800209A427FF4FAAECB
:10CC900056494FF495723820FDF71EFA8146002858
:10CCA00000F01C84524BC0F8208003604046FBF724
:10CCB00045FAD8F8400020B102684E4B08929A42DB
:10CCC0004CD0414B4C4A1B694C4900209847484B7B
:10CCD000D9F800209A427FF4DBAED9F82C7027B146
:10CCE000474B3A689A4200F01B85374B454A1B690F
:10CCF000454900209847D9F8287027B1434B3A6836
:10CD00009A4200F0F982304B3E4A1B6940490020AC
:10CD100098470023C9F800302B4B48469B6898473A
:10CD2000BCE6D7F81080B86898F8C6110122F7F76A
:10CD300093FF98F8C521002A00F0DC8298F8C621FC
:10CD4000022A0CBF0122022288F8C62100287FF4A3
:10CD500055AF2BE6012283F860208DE721AB04302C
:10CD600019460693F9F7B4FA0028B0D0BDF884301C
:10CD7000D8F84000033323F00303C9F8303009F139
:10CD80000401F9F7C3FAC9F8280000289FD0D8F8A1
:10CD900040301D49059340F237126020FDF79CF9A1
:10CDA0000746002801F0E181059A079442600023BC
:10CDB000059514464CE000BF00E100E000000410BF
:10CDC000747201080EB03713DC010020F461010811
:10CDD0000C620108847301080C760108CC01002064
:10CDE0002C760108DC72010802B13713AC6001082F
:10CDF00001B137130FB03713BC610108D4610108CA
:10CE000003B13713406801084C7001080DB03713A7
:10CE1000A86701082368089A934200F02482CC4B4B
:10CE2000CC4A1B69CC4900209847F5B92368089A79
:10CE3000934200F02682C64BC64A1B69C6490020B1
:10CE400098470023039A013203923A8913449BB214
:10CE50009DF80C503B81002CDCD1BD4BBD4A1B69B9
:10CE6000BD4920469847002DE5D0D8ED0D7AB8F899
:10CE70001220B8F8103098ED038AD8ED0F9ABA81D5
:10CE80007B81F5EEC07AD8F81C30D8F8182098F8D5
:10CE90001410BB61F1EE10FAB04B059D079C87EDB5
:10CEA000048AB9737A61C7ED099A3B6041F35681F0
:10CEB00068EE277ABFEE000A80EE270A02F042FBF6
:10CEC000B0EE407AD8ED0E7A87ED077AF5EEC07AAB
:10CED000F1EE10FA41F3058168EE277ABFEE000A01
:10CEE00080EE270A02F02EFBF0EE407AB5EEC08A03
:10CEF000F1EE10FAC7ED087A41F2D88098ED097A80
:10CF0000B5EEC07AF1EE10FA01F1D080D8ED0AAAA0
:10CF1000F5EEC0AAF1EE10FA01F1C88098ED089A7A
:10CF2000B5EEC09AF1EE10FA01F1C08098ED0BAAAF
:10CF3000B5EEC0AAF1EE10FA01F1B880D8ED0C8A76
:10CF4000F5EEC08AF1EE10FA01F1B080C7EE087A72
:10CF50009FED837AF4EEC77AF1EE10FA01F2A28027
:10CF60009FED800A27EE800A02F042F8B7EE007AC1
:10CF7000F0EE475A40EE005A30EE006AF1EEE56AF4
:10CF8000F0EE477A76EEC06A46EE667A8AEE887AE6
:10CF9000DFED736AC7ED0A7AB4EEE67AF1EE10FAC5
:10CFA00001F27C809FED6F0A27EE000A02F020F864
:10CFB000B7EE007AF0EE475A40EE005A30EE006AC3
:10CFC000F1EEE56A76EEC07A06EE677AB5EEC09AC3
:10CFD000F1EE10FA87ED0B7A41F35C8028EE099AA6
:10CFE000BFEE000A80EE090A02F0ACFAF0EE407AD9
:10CFF000B5EEC0AAF1EE10FAC7ED0C7A41F3468007
:10D0000028EE0AAABFEE000A80EE0A0A02F09AFA97
:10D01000F0EE407AF5EEC08AF1EE10FAC7ED0D7A27
:10D0200041F3308068EE288ABFEE000A80EE280ABD
:10D0300002F088FAF0EE407AF5EEC09AF1EE10FABE
:10D04000C7ED0E7A41F31A8028EE298ABFEE000A56
:10D0500080EE080A02F076FAF0EE407A3B89C7EDDE
:10D060000F7A2C2003FB00F03F497022FDF734F8C3
:10D07000786538893C4971228000FDF72DF8B86544
:10D080003889394972228000FDF726F87A6DF865F3
:10D09000002A01F04280BA6D002A01F03E8000288B
:10D0A00001F03B8000233B647B64BB64D8F84030D4
:10D0B00000223A65A7F84C20C9F82C7023B12B4AFE
:10D0C0001968914201F04E80214B224A1B69224986
:10D0D00000209847D8F8403000270593244B9FED57
:10D0E000250A1B68039307EE903AB8EE678A80EE34
:10D0F000080A02F001F8049B07EE907AF8EEE76A5E
:10D1000068EE007AB3EE087A67EE877AB7EE006AC7
:10D1100086EE277ADFED185A67EE267AB6EE006AB9
:10D1200067EEA57A67EE867AC3ED037A059B1A4609
:10D1300023B10E491868884200F0FA87044B054A6B
:10D140001B69054900209847D8F8402016E000BF29
:10D15000DC010020BC610108D461010803B1371370
:10D16000A800003FDB0F49404C7001080FB0371397
:10D170003C050020F902154FC2F38E4D002A40F005
:10D18000B487A54BA54A1B69A549002000279847ED
:10D190000397D8F840003946F7F76CFB431E059318
:10D1A000D8F8403023B19F4A1968914200F0AB870C
:10D1B000994B9A4A1B699A4900209847D8F8403001
:10D1C00000270893984B9FED990A1B68079307EE79
:10D1D000903AB8EE678A80EE080A01F08DFF059A52
:10D1E000039B02FB07330022174668EE007AB3EE7A
:10D1F000087A67EE877AB7EE006A86EE277A06EE3F
:10D20000903AF8EEE66ADFED8A5A049B67EE267ADA
:10D21000B6EE006A67EEA57A67EE867AC3ED047A09
:10D22000089B15E07C4B7D4A1B697D49002098478F
:10D2300001239F426DD23946D8F84000F7F71AFB18
:10D24000049B1B8B0137C218D8F84030FFB292B252
:10D2500004990A83002BE5D01A6872498A42E1D109
:10D2600093F86230E5E794F86230AB427FF6FDADAB
:10D27000032D06D9684B6F4A1B69694900209847FE
:10D28000DFE5142303FB05431B89DBE56A4803F054
:10D2900087FFFFF7F9BA039BD3F808901B69059342
:10D2A0004FF0000C1F46CDF878C097F8C671ADF866
:10D2B00088C021AA1146069243F2370E01230322A9
:10D2C0004846CDF884E0F7F729FB012FBDF8882008
:10D2D0003B4600F0E581022F0CBF8023C02313EAF8
:10D2E000020040F002814C4A54491569544A4B46A9
:10D2F000A84798E4012227E5786818B1C3689847E1
:10D3000000237B6000233B60434B38469B68984773
:10D31000FFE498F86230002B00F06486049A002342
:10D3200053610123049FBB76C7F8089072B6BFF320
:10D330004F8FBFF36F8F216841F01001216062B6FB
:10D34000BFF34F8FBFF36F8F3E48F5F753F8BF68B9
:10D350001FB13D4B3A689A421BD02F4B3B4A1B6989
:10D360003B490020984772B6BFF34F8FBFF36F8FD2
:10D37000216841F08151216062B6BFF34F8FBFF346
:10D380006F8F3048F5F736F8324803F009FFFFF7A2
:10D390009EBB3B6A186C20B10268224B03929A42F2
:10D3A00006D01D4B1D4A1B691D4900209847DAE72E
:10D3B00006990430F8F78CFF0028D4D03B6A049A11
:10D3C000D3F84090BDF88430033323F003034FF0CB
:10D3D0000008C2F838314746B9F1000F04D0D9F837
:10D3E0000030039A934213D00B4B0C4A1B690C4933
:10D3F00000209847012398452ED241464846F7F72A
:10D4000039FA08F101080744BFB25FFA88F8E3E788
:10D4100099F86230EFE700BFDC010020BC61010831
:10D42000D46101080FB037133C050020F902154FF5
:10D43000C2F38E4DDC610108BC7201083462010840
:10D44000F47201088861010801B137130C700108FA
:10D45000AC60010888750108049AD2F8383103EBF2
:10D46000C703C2F83831174672B6BFF34F8FBFF308
:10D470006F8F216841F02001216062B6BFF34F8FAA
:10D48000BFF36F8FB748F4F7B5FFD7F8380103F053
:10D4900063FEC7F83401002800F04D8172B6BFF377
:10D4A0004F8FBFF36F8F216841F04001216062B65A
:10D4B000BFF34F8FBFF36F8FAA48F4F79BFFFDF7C1
:10D4C0003BFF00283FF403AB72B6BFF34F8FBFF3AF
:10D4D0006F8F216841F08001FFF704BBA24BA34A84
:10D4E0001B69A3499847FFF7D3BA059B1EAA93F877
:10D4F000C6114846F7F7FAFB00283FF494ABBDF895
:10D500007830032B0BD0BDF87A200092964A9949C7
:10D510001569994A4B460020A847FFF784BB039B37
:10D52000BDF87A201B69C2F30012A8F8002093F816
:10D53000C42122B193F8C621501E42424241A8F8AC
:10D540000220B3F8C821039FA8F8042008F10601BF
:10D5500003F5E57203F5FD700393D2F800E0D2F80D
:10D5600004C09368D2F80C90C1F80C90103282423B
:10D57000C1F800E0C1F804C08B6001F11001ECD1EA
:10D58000039BB3F8FA21A8F8362008F1380103F517
:10D59000FE7203F50B70D2F800E0D2F804C0936875
:10D5A000D2F80C90C1F80C9010328242C1F800E021
:10D5B000C1F804C08B6001F11001ECD1039BB3F8FA
:10D5C0002C22A8F8682008F16A0103F22E2203F247
:10D5D0005E23D2F800E0D2F804C09068D2F80C9034
:10D5E000C1F80C9010329A42C1F800E0C1F804C0B2
:10D5F000886001F11001ECD1B7F806903B69B8687A
:10D6000093F8C631B988B9F5005F7BD8013B18BFE4
:10D6100001231A0308EB41014B46FBF7B7FE002834
:10D6200076D0B9F1000F3FF4FEAA049B1F681FB12A
:10D63000524B3A689A4210D04B4B514A1B695149A0
:10D6400000209847504803F0ABFD504B4FF48052F8
:10D650009A62FCF70BF9FFF717B9B868F7F7CAFB3E
:10D660004A4B00223A734FF480529A62FCF7FEF85C
:10D67000049BD3F80890D3F83481B9F1000F04D09B
:10D68000434BD9F800209A420CD0374B414A1B69D2
:10D69000374900209847404803F082FDFFF7F4B86F
:10D6A00040231CE6B8F1000FF5D0D9F8283023B19B
:10D6B0003A4A1968914200F087802B4B384A1B691F
:10D6C000384900209847D9F834301BB1364809F161
:10D6D00004019847049AD9E90B73126C059227B19B
:10D6E000324A3968914200F097801F4B2C4A1B69DF
:10D6F0002F49002098471C4B2E4A1B692C490020BB
:10D700009847C8E7184B2C4A1B692C4900209847BA
:10D71000154B2B4A1B69174900209847FFF783BA1E
:10D720003846F9F721FC00233B600F4B38469B68D5
:10D730009847FFF7E0BA72B6BFF34F8FBFF36F8F12
:10D74000216841F08251216062B6BFF34F8FBFF371
:10D750006F8F0448F4F74EFE1A4803F021FDFFF7DF
:10D76000B6B900BF88610108DC0100209874010887
:10D77000AC60010834620108147301080EB037135D
:10D78000F46101080C62010880700108000400487F
:10D7900001B137130C700108E07301080DB03713A5
:10D7A00040680108A8670108C800002003B13713CA
:10D7B0004C700108A87601084073010868620108EE
:10D7C00058730108C075010859683D4A9A60086895
:10D7D000038F08EB43034361B0F8943008EB430335
:10D7E000C364B0F8963008EB43030365D0F8983073
:10D7F0004BB1B0F89C2008EB42021A61B0F89E20B1
:10D8000008EB42025A61B0F8E4204B6808EB420290
:10D81000C0F8B020984756E798443B6D0C9307EE4C
:10D82000903AF8EE677AB7EE008A77EE887A3B890D
:10D83000079388EE277A0D9308EB83030B93D7EDBC
:10D84000080A97ED0ABAD7ED0BAAD7ED0C9A97ED17
:10D850000DAA97ED0E9AD7ED0F8AD7ED07DA38EEBD
:10D86000478AB0EE480A01F015FF7B68D7F854905C
:10D87000F0EE40FA1BB113491A688A421CD0124BD1
:10D88000124A1B69124900209847002303933B89E1
:10D8900007933B6D0C933B7B0E93B9F1000F04D0C3
:10D8A000059B13B1039B052B20D8074B094A1B6925
:10D8B0000949002098471EE7B3F85C300393EAE774
:10D8C000C80000200FB03713DC010020BC61010844
:10D8D000D4610108A47301084C700108BD1B8F407E
:10D8E000DB0F494000000000DB0FC940F0EE4B0A9F
:10D8F000B0EE480A01F0CEFEF0EE6A0AF0EE40CA41
:10D90000B0EE480A01F0C6FEF0EE690AB0EE40CA79
:10D91000B0EE480A01F0BEFEF0EE4A0AF0EE409A80
:10D92000B0EE480A01F0B6FEF0EE490AF0EE40BA59
:10D93000B0EE480A01F0AEFEF0EE680AB0EE40BA72
:10D94000B0EE480A01F0A6FEDDED037A039A1FED62
:10D950001D5A1FED1CAA1FED1EDA1497F8EE67EA98
:10D96000B7EE009AF1EEEE5A531E13FB02F39BB290
:10D970000021CDE9125827460D4639EE69EA39EE05
:10D980006B4A6EEE257A39EE4B7ACDED0F7A07EEC3
:10D99000903AF8EE677AD31EF1EEE74A9BB2F0EECA
:10D9A00040AAC4EE247ACDED15DACDED107A07EE5B
:10D9B000903AF8EE677A079BCDED16FA67EE857A16
:10D9C0009B00C7EE277A0A93CDED175ACDED117A59
:10D9D000079AABB29A4240F259810023CDE91E3337
:10D9E0002093069B1FED41FADDF81480CDF860907E
:10D9F0000022C3E90022CDE908229A601446A94614
:10DA0000089BB8F9002009990698199413440893C3
:10DA1000B8F90230194409911EAD0321D5F800C0B0
:10DA2000046845F8042B013989B240F8043BA2EBA5
:10DA30000C021B1B0029F1D1199C022C0DD907EEF9
:10DA4000903AF8EEE70A07EE902AB8EEE70A00EE01
:10DA50008A0A02F0A5FF3FEE00FA0A9B039A0134FE
:10DA60009844A3B29A42CBD8DDED087A5FED63DA31
:10DA7000059CB8EEE77ADDED097AF8EEE77AC7EEB5
:10DA80002E8A4D46DDF860904FF0000887EEAE8A92
:10DA9000B4F9023008F1010800EE903AB4F9003010
:10DAA00000EE103AF8EEE00AB8EEC00A70EEC80ACE
:10DAB00030EE680A00EE8A0A02F072FF0A9B039AAF
:10DAC0001C441FFA88F39A427DEE80DAE0D8F0EE2B
:10DAD00068FA48EE0AFAF0EE480AB0EE6F0A02F071
:10DAE0005FFFDDED107A99ED004ADDED0F6A0E9BC8
:10DAF0002DEEA75ADDED117A6FEE274A79EE6C7A9A
:10DB000039EE4C7A67EE807A4CEE847A99ED014AD0
:10DB1000C9ED007A27EE007A0CEE047A77EEC77A28
:10DB200089ED017A99ED027AF0EEE77A29EE877AAB
:10DB300007EEA67AD9ED037A89ED027A0BEEA75AA1
:10DB4000D9ED047A89ED035A4BEE274AB0EE64FA18
:10DB5000C9ED044A002B00F0F7810C9B1BB9C9EDFD
:10DB6000058A89ED068AD9ED06DAD9ED057ACDED7B
:10DB7000087A4DEE8A7AF0EE6D0AB0EE670A02F08E
:10DB800057FFF0EE480AF0EE407AB0EE6F0ACDEDA6
:10DB9000097A02F04DFF5FEDAC6ADDED097A30EEF7
:10DBA000667A37EE674AB0EEC44AB4EECD4AF1EE7B
:10DBB00010FA17D930EE0A7A37EE674AB0EEC44A47
:10DBC000B4EECD4AF1EE10FA0CD930EE267A37EEEB
:10DBD000674AB0EEC44AB4EECD4AF1EE10FA88BFFF
:10DBE000B0EE407A77EEC77A99ED097A99ED075A47
:10DBF000F0EEE77A29EE877A07EE8E7AD9ED087A89
:10DC000089ED097A28EE8E0A68EE0E0A09EE850A79
:10DC100049EEA70AB4EEC9FAF1EE10FA89ED070A47
:10DC2000C9ED080A40F3938100EE8A0A8DED097A66
:10DC300002F0B6FEDDED177A20EE275AB1EE047A37
:10DC4000C5EE0F7AF4EE477AF1EE10FAC8BFF0EEA7
:10DC5000477A9DED097ADDED086A27EE277A79EE9D
:10DC60006A7A89ED0A7A28EEA77A68EE277A0AEEB0
:10DC7000A67A4AEEAD7A89ED057AC9ED067A059B5A
:10DC80000433013509F12C090593A1E63C46149FA4
:10DC90000A9ABB6DD7F85C90D7F854C0DDED15DA61
:10DCA000DDED16FA9FEDC16A0393DDE912581A44BF
:10DCB0000592F7EE006A6146CE461A46CDF81890F6
:10DCC000059890421FD0D1ED047AF4EEE67AF1EE99
:10DCD00010FACCBF86EEA77AB0EE467AB9F1000F03
:10DCE00005D0D1ED037A67EE877ACEED007A2BB1BD
:10DCF000D1ED027A67EE877AC2ED007A2C310432D8
:10DD00000EF1040EDCE7069873B10CF1280107E070
:10DD100093ED007A51ED0B7A67EE877AE3EC017AA6
:10DD20009A4201F12C01F3D1DFEDA06ADDF82CC09D
:10DD300005900023B0EE666AC646194699461FE074
:10DD40000598B0EC017A05900398AEEC017AF0ECFE
:10DD5000017AB4EEC67AF1EE10FAF4EEE67AC8BFB4
:10DD60009146C8BFB0EE476AF1EE10FAD8BF0A4636
:10DD70000390C8BFF0EE676AECEC017A01331146FC
:10DD800007989AB29042DBD8F7EE007A77EEED8AE8
:10DD900037EEEF8AD7ED10AA97ED117A7A8968EEFF
:10DDA000868A28EE268A4DEEAA8A0FEE878AF0EE42
:10DDB00068AAC7ED108A87ED118A002A4DD0D7EDE9
:10DDC000127A97ED04AADFED790A039178EE677A6B
:10DDD000F5EEC07AF1EE10FA48BFB7F84C3007EE16
:10DDE000902A46BF01339BB20023F8EE679A07EEF4
:10DDF000903A29EE8ABAB8EE670AA7F84C3030EEAE
:10DE00004B0A01F029FCB0EE409A89EE0B0A01F0B2
:10DE100099FB88EE00BA97ED098A87ED11BA29EED1
:10DE2000080A80EE290A01F08DFB0399C8EE007AFA
:10DE3000F5EEC07AF1EE10FA40F3B4802AEE27AA8C
:10DE4000BFEE000A80EE0A0A01F07CFB0399F0EEB7
:10DE5000407AC7ED0F7A87ED12BA7B7B3BB1D7EDE5
:10DE6000057AF4EEE78AF1EE10FA00F38A80BB7BC4
:10DE7000002B00F09280D7ED067A97ED117AF4EE40
:10DE8000C77AF1EE10FA7DD4DFED487A00233A6DBF
:10DE9000511C04990B770B9B0B6318BF551C0D9BF2
:10DEA0003D65C1F82C804B63C1ED08AA81ED097A6C
:10DEB000C1ED0A7A72B6BFF34F8FBFF36F8F3C4A42
:10DEC00013680133136062B6BFF34F8FBFF36F8FD8
:10DED00091F83A30002B42D172B6BFF34F8FBFF3A7
:10DEE0006F8F049B1A7F62B1049C3249A06A08605C
:10DEF0003149206A08603149314B606A086001216C
:10DF00001970304B1A7062B6BFF34F8FBFF36F8F2B
:10DF1000049C2D4B2D4A217F2D4800290CBF114612
:10DF20001946F4F767FA237FA3B1D4ED0A7A9FED7F
:10DF3000297A294867EE877AFCEEE77A17EE901A7D
:10DF4000F4F758FAFEF771B989ED0A9A97E6DFED12
:10DF5000177A80E62148F4F74DFAFEF766B92048B3
:10DF6000F4F748FAFBF72CFD00283EF48DACFDF7E2
:10DF7000E3F90028B0D0FBF767FD00283EF484AC3D
:10DF8000AAE749467868F9F7E5F9D7ED10AA97EDC1
:10DF9000117AF0EE407A012379E7DFED047A97ED0C
:10DFA000117A74E7DFED017A53E700BF000000004B
:10DFB00084000020D0010020D4010020D8010020DE
:10DFC0008D0000208C00002098710108A0710108CC
:10DFD0002074010800007A44387401089474010820
:10DFE00010740108D8F8403023B1644A196891428E
:10DFF00000F0C180624B634A1B6963490020984767
:10E00000D8F8403000270593604B9FED610A1B68EC
:10E01000039307EE903AB8EE678A80EE080A01F0A3
:10E020006BF8049B07EE907AF8EEE76A68EE007AE8
:10E03000B3EE087A67EE877AB7EE006A86EE277A43
:10E04000DFED545A67EE267AB6EE006A67EEA57ADF
:10E0500067EE867AC3ED057A059B1BB1474A1968BE
:10E06000914208D0464B474A1B69474900209847D0
:10E070000223FFF757B91B7DFFF754B9DFED467A4E
:10E08000FEF7ECBFDFED447AFEF7D6BFDFED427A54
:10E09000FEF7C0BFDFED407AFEF7AABF9FED3E7AE4
:10E0A000FEF794BFDFED3C7AFEF770BF344B3B4A7E
:10E0B0001B693B49002098473A4A314B38491B6954
:10E0C000002098472E4B38469B689847364BD9F826
:10E0D000002000219A42C9F82C107EF4D9ACFEF73A
:10E0E00004BEDFED2D7AFEF701BF244B1168994283
:10E0F00008BF00277FF445A8142303FB07235B68B0
:10E100000393FFF746B8032F22D91D4B274A1B69FB
:10E110001D4900209847FFF751B8194B244A1B6945
:10E120001F49002098473846F8F71EFF214AC4E7E8
:10E1300093F86270013FFFB2032FDDD9104B1B4AE9
:10E140001B6911490020984700230393FFF721B86A
:10E15000142202FB07325789FFF733B89FED0E7A7E
:10E16000FEF7B0BE5F68FEF7B8BF054B124A1B69E9
:10E170000B499847AAE75F8945E700BF0FB03713FF
:10E18000DC010020BC610108D46101083C050020CD
:10E19000F902154FC2F38E4D00000000D87401083B
:10E1A0004C700108FC74010801B13713DC610108EF
:10E1B0002075010838750108B8740108034613F882
:10E1C000012B002AFBD1181A0138704753B94AB9FC
:10E1D000002908BF00281CBF4FF0FF314FF0FF306F
:10E1E00000F036B9ADF1080C6DE904CE03F098FDEE
:10E1F000DDF804E0DDE9022304B0704770B54FF0AC
:10E20000FF0C4CF4E06C1CEA11541DBF1CEA1355C2
:10E2100094EA0C0F95EA0C0F00F0DEF82C4481EA2A
:10E22000030621EA4C5123EA4C5350EA013518BF4A
:10E2300052EA033541F4801143F4801338D0A0FB37
:10E2400002CE4FF00005E1FB02E506F00042E0FBE4
:10E2500003E54FF00006E1FB03569CF0000F18BFEA
:10E260004EF0010EA4F1FF04B6F5007F64F5407492
:10E2700004D25FEA4E0E6D4146EB060642EAC62125
:10E2800041EA55514FEAC52040EA5E504FEACE2E92
:10E29000B4F1FD0C88BFBCF5E06F1ED8BEF1004F95
:10E2A00008BF5FEA500E50F1000041EB045170BD11
:10E2B00006F0004646EA010140EA020081EA030155
:10E2C000B4EB5C04C2BFD4EB0C0541EA045170BD51
:10E2D00041F480114FF0000E013C00F3AB8014F1CB
:10E2E000360FDEBF002001F0004170BDC4F1000414
:10E2F000203C35DA0C341BDC04F11404C4F1200595
:10E3000000FA05F320FA04F001FA05F240EA0200EF
:10E3100001F0004221F0004110EBD37021FA04F625
:10E3200042EB06015EEA430E08BF20EAD37070BDDF
:10E33000C4F10C04C4F1200500FA04F320FA05F03E
:10E3400001FA04F240EA020001F0004110EBD37040
:10E3500041F100015EEA430E08BF20EAD37070BDB0
:10E36000C4F1200500FA05F24EEA020E20FA04F389
:10E3700001FA05F243EA020321FA04F001F0004138
:10E3800021FA04F220EA020000EBD3705EEA430EA9
:10E3900008BF20EAD37070BD94F0000F0FD101F0D8
:10E3A0000046400041EB010111F4801F08BF013C11
:10E3B000F7D041EA060195F0000F18BF704703F04F
:10E3C0000046520043EB030313F4801F08BF013DD6
:10E3D000F7D043EA0603704794EA0C0F0CEA135592
:10E3E00018BF95EA0C0F0CD050EA410618BF52EA4C
:10E3F0004306D1D181EA030101F000414FF0000052
:10E4000070BD50EA410606BF1046194652EA43065F
:10E4100019D094EA0C0F02D150EA013613D195EAD3
:10E420000C0F05D152EA03361CBF104619460AD11B
:10E4300081EA030101F0004141F0FE4141F4700125
:10E440004FF0000070BD41F0FE4141F4780170BD15
:10E45000704700BF81F0004102E000BF83F000433D
:10E4600030B54FEA41044FEA430594EA050F08BF6F
:10E4700090EA020F1FBF54EA000C55EA020C7FEA33
:10E48000645C7FEA655C00F0E2804FEA5454D4EBB0
:10E490005555B8BF6D420CDD2C4480EA020281EA7A
:10E4A000030382EA000083EA010180EA020281EAB2
:10E4B0000303362D88BF30BD11F0004F4FEA013104
:10E4C0004FF4801C4CEA113102D0404261EB410113
:10E4D00013F0004F4FEA03334CEA133302D0524299
:10E4E00063EB430394EA050F00F0A780A4F1010455
:10E4F000D5F1200E0DDB02FA0EFC22FA05F280188F
:10E5000041F1000103FA0EF2801843FA05F3594174
:10E510000EE0A5F120050EF1200E012A03FA0EFCF3
:10E5200028BF4CF0020C43FA05F3C01851EBE3711D
:10E5300001F0004507D54FF0000EDCF1000C7EEB3A
:10E5400000006EEB0101B1F5801F1BD3B1F5001F78
:10E550000CD349085FEA30004FEA3C0C04F1010497
:10E560004FEA445212F5800F80F09A80BCF1004FC0
:10E5700008BF5FEA500C50F1000041EB045141EA42
:10E58000050130BD5FEA4C0C404141EB0101013C0B
:10E5900028BFB1F5801FE9D291F0000F04BF0146FA
:10E5A0000020B1FA81F308BF2033A3F10B03B3F1CC
:10E5B00020020CDA0C3208DD02F1140CC2F10C025C
:10E5C00001FA0CF021FA02F10CE002F11402D8BFBA
:10E5D000C2F1200C01FA02F120FA0CFCDCBF41EA86
:10E5E0000C019040E41AA2BF01EB0451294330BD55
:10E5F0006FEA04041F3C1CDA0C340EDC04F1140432
:10E60000C4F1200220FA04F001FA02F340EA030008
:10E6100021FA04F345EA030130BDC4F10C04C4F14E
:10E62000200220FA02F001FA04F340EA030029462E
:10E6300030BD21FA04F0294630BD94F0000F83F478
:10E64000801306BF81F480110134013D4EE77FEA5B
:10E65000645C18BF7FEA655C29D094EA050F08BFA7
:10E6600090EA020F05D054EA000C04BF1946104688
:10E6700030BD91EA030F1EBF0021002030BD5FEACC
:10E68000545C05D14000494128BF41F0004130BDF4
:10E6900014F580043CBF01F5801130BD01F0004548
:10E6A00045F0FE4141F470014FF0000030BD7FEABB
:10E6B000645C1ABF194610467FEA655C1CBF0B46B6
:10E6C000024650EA013406BF52EA033591EA030FCD
:10E6D00041F4002130BD00BF90F0000F04BF0021C5
:10E6E000704730B54FF4806404F132044FF00005F8
:10E6F0004FF0000150E700BF90F0000F04BF002171
:10E70000704730B54FF4806404F1320410F00045D6
:10E7100048BF40424FF000013EE700BF42004FEAD1
:10E72000E2014FEA31014FEA02701FBF12F07F434E
:10E7300093F07F4F81F06051704732F07F4208BF05
:10E74000704793F07F4F04BF41F40021704730B50C
:10E750004FF4607401F0004521F000411CE700BF58
:10E7600050EA010208BF704730B54FF000050AE0DB
:10E7700050EA010208BF704730B511F0004502D5DC
:10E78000404261EB41014FF4806404F132045FEADE
:10E79000915C3FF4D8AE4FF003025FEADC0C18BF87
:10E7A00003325FEADC0C18BF033202EBDC02C2F179
:10E7B000200300FA03FC20FA02F001FA03FE40EA0B
:10E7C0000E0021FA02F11444BDE600BF4A0011D246
:10E7D00012F5001211D20DD56FF47873B3EB6252BB
:10E7E0000ED44FEAC12343F0004343EA505323FAC7
:10E7F00002F070474FF00000704750EA013002D13C
:10E800004FF0FF3070474FF0000070470348044B53
:10E81000834202D0034B03B11847704780000020A9
:10E8200080000020000000000548064B1B1AD90F8D
:10E8300001EBA301491002D0034B03B11847704705
:10E8400080000020800000200000000010B5064C71
:10E85000237843B9FFF7DAFF044B13B10448AFF351
:10E8600000800123237010BD04060020000000007A
:10E87000DC1F010808B5054B1BB105490548AFF37E
:10E880000080BDE80840FFF7CFBF00BF00000000D8
:10E8900008060020DC1F01081B491C4BCA682DE933
:10E8A00080484FF6FF0002401343C1B00F20CB60F9
:10E8B000F3F7F8F8002800F010820021442218A88D
:10E8C00002F010FB0023CDE90833CDE90A331049EB
:10E8D0000C930B6803F4C063B3F5007F29D00B6879
:10E8E0000C4A23F4C06343F400730B6013684A6955
:10E8F0003220570500FB03F30748B3FBF0F303F1A5
:10E90000010311D50BE000BF00ED00E00003FA05A4
:10E91000007000400000002040420F0023B14A690F
:10E92000560503F1FF33F9D4BF4B5B695D0500F178
:10E93000D2810A23189325934FF010084FF4807367
:10E94000CDE91B3802260723012718A82693CDE915
:10E950002266CDE927661D972497F4F769FD0346E3
:10E96000002840F0B881CDE90A330C9308A80F23A2
:10E970004FF003090421CDE90839F5F755F80446AD
:10E98000002840F0A881A94DDFF8C4A2EB6C334306
:10E99000EB64EB6C33400593059BEB6C43F0800319
:10E9A000EB64EB6C03F080030493049BEB6C3B4340
:10E9B000EB64EB6C3B4003934FF0904B039B41F2B5
:10E9C0000123CAF828304FF48812CBF82880334648
:10E9D000CDE9000008215046FCF7CAFF3346224625
:10E9E000CDE9004492480921FCF7C2FF334658465E
:10E9F000CDE900444FF444124FF40061FCF7B8FF36
:10EA000023463A465046CDE9009441F20121FCF7F5
:10EA1000AFFF5046334622463146CDE90094FCF71D
:10EA2000A7FF334658463A464146CDE90094FCF7E5
:10EA30009FFF21460920FCF771FFDFF818924FF481
:10EA40000076C9F8006028202146FCF767FF4FF4E4
:10EA50008073C9F80430AB6C3B43AB64AB6C3B4098
:10EA6000029321460C20029BFCF758FF4FF4805381
:10EA7000C9F800300D202146FCF750FF4FF4005339
:10EA8000C9F8003040462146FCF748FF4FF4803378
:10EA9000C9F8003011202146FCF740FF4FF4003345
:10EAA000C9F80030634DC5E9ED44C5E9F244C5F845
:10EAB000BC43C5F8D043604C4FF4E133C5E9EB43A8
:10EAC00005F56B700C244FF44073C5E9F043F5F77E
:10EAD000B5F9002840F0FF800723584AC5F8B43143
:10EAE0000823C5E96E034FF48273C5E962234FF42E
:10EAF0007063C5E96600C5E96900C5E96B00C5F842
:10EB0000A061C5F89001C5F89431FDF7C1F800285F
:10EB100040F0E1804A494B4BC5F86403C5E9D11385
:10EB2000A423C5E9D337C5E9D500C5E9D700FDF76A
:10EB30001BF80246002840F0CE8095F88533202B44
:10EB4000DEB240F0C88095F88433BB4200F0C38049
:10EB5000D5F84433242085F88503196821F0010194
:10EB60001960196821F480511960196819601968D1
:10EB70003943196085F8856395F8851385F88423F2
:10EB80002029CEB240F0A78085F88503196821F0CE
:10EB900001011960196821F470611960196839431D
:10EBA0001960294BC5F8343405F234404FF4612321
:10EBB000C5F8484485F8856385F88423C5F838345A
:10EBC000C5F83C24C5F84024C5F84424C5F84C24B5
:10EBD000C5F85024C5F85424C5F85824F5F72EF983
:10EBE0000446002877D12C2201460DA802F07AF9BC
:10EBF000164AC5F818421F23C5F8043295F81D328D
:10EC0000C5E97F2440F2E732C5E98224C5E984449E
:10EC1000002B76D00D4B022285F81D22DA68D20631
:10EC200040F1998018E000BF0070004000100240E1
:10EC3000001C0048800000200044004000300140DB
:10EC400000580040E49CD1100038014000280040EA
:10EC50000004004800E100E095F81C320124A342C2
:10EC600085F81D4237D0D5F8FC3185F81C424FF0AD
:10EC70000209CA27532685F81D925F625E62FCF77F
:10EC800091FCD5F8FC3108BB9A6818609A6822F4A8
:10EC900080229A609A689A60FCF7AAFCD5F8FC3149
:10ECA0004FF0FF08C3F8248090B985F81D4285F81D
:10ECB0001D925F625E6285F81C42FCF773FC0028BF
:10ECC0007FD0D5F8FC31C3F8248001E0FF225A62DE
:10ECD000002385F81C32F3F759F9514B1A6E42F0B4
:10ECE00001021A661A6E02F001020792079A9A6DE3
:10ECF00042F080529A659B6D03F080530693069B09
:10ED0000DBE5002154222AA885F81C124FF4007676
:10ED100002F0E8F84FF4003329A829933F96F4F75E
:10ED200031FF04460028D6D13D4AD2F8903043F452
:10ED300000430146C2F890300320FCF7EFFD0823A2
:10ED4000C9F8003029202146FCF7E8FDC9F8046025
:10ED5000D5F8FC315FE7CA21532259625A62FCF7A9
:10ED600021FCC8B9D5E97F329968D5F80C0221F4A5
:10ED7000E00121F0400199600243D5F8140299683E
:10ED800002430A43D5F808129A6019611A69D5F846
:10ED9000041242EA01421A61FCF72AFCD5F8FC3160
:10EDA000002838D1D96CD5F81822D5F8100221F0F6
:10EDB0000301D964D96C02430A43FF21DA64596222
:10EDC0004AE7D5F8FC3142F201125A60FCF710FC18
:10EDD000D5F8FC210346C2F8248000287FF478AFE0
:10EDE0004FF480720DA8CDE91033CDE9143385F8C6
:10EDF0001D4285F81C32ADF834308DF836300E9354
:10EE000012938DF858401792FCF71AFC00287FF4F3
:10EE100062AFFDF763F8FF225A62F3F7B7F800BF5D
:10EE20000010024010B54FF6FF731446024892B22C
:10EE3000F5F7AAFA204610BDB4040020DFF834D05C
:10EE4000F3F73AFA0C480D490D4A002302E0D45872
:10EE5000C4500433C4188C42F9D30A4A0A4C002324
:10EE600001E013600432A242FBD302F017F8FFF76F
:10EE700013FDFEE7000001200000002080000020BC
:10EE8000A87B0108800000206C070020FEE700003E
:10EE90000C490D4A0B6810B50C4C121B2BB11844D1
:10EEA000904207D80860184610BD094B0B60184403
:10EEB0009042F7D901F0ECFF0C2303604FF0FF33D1
:10EEC000184610BD2006002000000120001400009C
:10EED0007007002008B52DED028BB0EE408A00F0DF
:10EEE00031FFB4EE488AF1EE10FA0FD6B5EEC08AC3
:10EEF000F1EE10FA0AD8B5EE408AF1EE10FA08D118
:10EF000001F0C6FF22239FED090A0360BDEC028BCE
:10EF100008BD01F0BDFFBDEC028B034621221A6043
:10EF20000348BDE8084000F00DB900BF000080FFB5
:10EF30004074010808B52DED048BB0EE608AB0EE88
:10EF4000409A00F061FFB4EE488AF1EE10FAF0EE5C
:10EF5000408A0BD6B5EE409AF1EE10FA17D1B5EE15
:10EF6000408AF1EE10FA06D1F7EE008AB0EE680A98
:10EF7000BDEC048B08BDB0EE480A00F063FB00282E
:10EF8000F4D0B5EEC08AF1EE10FAEFD525E000F02E
:10EF900059FB88B1F5EE408AF1EE10FAE6D1B0EEF9
:10EFA000490A00F04FFB0028E0D0B0EE480A00F01C
:10EFB00049FB0028DAD010E0B0EE490A00F042FB2D
:10EFC0000028E7D0B0EE480A00F03CFB0028E1D072
:10EFD000F4EE688AF1EE10FA04D601F059FF22230C
:10EFE0000360C3E701F054FF21230360BEE700BFC5
:10EFF00010EE103A194923F000428A421BD9B2F1AF
:10F00000FF4F02D330EE400A704700B583B0684628
:10F0100000F068F900F003000128DDED010A9DED24
:10F02000000A13D002280BD098B9012000F012F981
:10F0300003B05DF804FBDFED0A0A002000F00AB916
:10F04000012000F007F9B1EE400AF1E700F080F886
:10F05000EEE700F07DF8B1EE400AE9E7D80F493F4E
:10F060000000000010EE102AC2F3C7537F3B162B9E
:10F0700022F0004129DC002B104618DB1A49194107
:10F080000A4221D0DFED197A70EE277AF5EEC07AC8
:10F09000F1EE10FA18DD002A04DA4FF4000242FA09
:10F0A00003F3184420EA010300EE103A7047DFED45
:10F0B0000F7A70EE277AF5EEC07AF1EE10FA03DDE2
:10F0C000002A08DB9FED0A0A7047B1F1FF4FFBD31E
:10F0D00030EE000A7047DFED077A0029BFEE000A24
:10F0E00008BFB0EE670A7047FFFF7F00CAF24971A0
:10F0F000000000000000008010EE103AC3F3C75279
:10F100007F3A162A194615DC002A0CDB0C48104100
:10F11000184205D04FF4800313410B4423EA000347
:10F1200000EE103A7047013203F00043F8D143F08B
:10F130007E53F5E7802AF3D130EE000A704700BF16
:10F14000FFFF7F009FED010A704700BF0000C07FF6
:10F1500010EE103A23F00043B3F1485F2CD2FDEEDD
:10F16000C07A17EE903A002B60D060EE007A9FEDE7
:10F17000317A9FED315ADFED315A9FED316ADFED83
:10F18000316AA7EE875A9FED307AE7EE855AA7EEEF
:10F19000A56AA7EE867AE7EE876A67EEA66A60EE52
:10F1A000C00AB6EE007AE7EEA60AB7EE000AD7EE7E
:10F1B000870A30EE600A704760EE007A9FED1D7A94
:10F1C0009FED1D5ADFED1D5A9FED1D6ADFED1D6A93
:10F1D0001E4AA7EE875A93429FED1B7AE5EE275A07
:10F1E000A5EEA76AA6EE277AE7EE276A66EEA76A7B
:10F1F000D5D9174A934214D803F17F4307EE103A4A
:10F20000B7EE006A36EE476A60EEC00AF6EE005AC4
:10F2100097EEA57AE7EEA60A37EE607A36EE470A51
:10F220007047B6EE076AB5EE027AEDE7B7EE000A70
:10F23000704700BF4ED747ADF6740F317CF293B4E0
:10F24000010DD037ABAA2A3D610BB6BA9999993E08
:10F250000000483F10EE103A23F00043B3F1485F3E
:10F2600004D2FDEEC07A17EE903A5BB360EE007AFE
:10F270009FED157ADFED155A9FED156ADFED156AE2
:10F28000E7EE875A9FED147AA5EEA76A20EE275A7B
:10F29000E6EE276AA6EEA77A30B9DFED106AE7EE50
:10F2A000876AA6EE850A704727EE457AF6EE006A71
:10F2B000A0EEA67ADFED0A6AD7EE270AE5EE260A67
:10F2C00030EE600A704700BFD3C92E2F342FD7B25B
:10F2D0001BEF3836010D50B98988083CABAA2ABE0D
:10F2E000ABAA2A3E70B510EE103A884A23F00044CB
:10F2F000944286B0054671D9854A94421E4624D868
:10F3000023F00042002BDFED837A834922F00F02C5
:10F31000B0EE407A40F3E0808A4270EE677A09BF2F
:10F320009FED7E7ADFED7E6ADFED7E6A77EEC77A4B
:10F3300037EEE67A77EEC77A80ED007A77EEE67AF6
:10F34000C0ED017A012006B070BD774A944252D9CF
:10F35000B4F1FF4F48D2E215863AA4EBC25307EE50
:10F36000903ABDEEE77ADFED716AB8EEC77A77EED4
:10F37000C77A8DED037A67EEA67ABDEEE77AB8EE2E
:10F38000C77A77EEC77A8DED047A67EEA67AF5EE46
:10F39000407AF1EE10FACDED057A40F09880B5EEA6
:10F3A000407AF1EE10FA0CBF01230223604901916B
:10F3B0000221009103A8294600F0A6F9002EC2DA26
:10F3C00095ED007AD5ED017AB1EE477AF1EE677AE4
:10F3D00085ED007AC5ED017A4042B4E7002285ED63
:10F3E000000A42600020AEE770EE407AC0ED017A7C
:10F3F000C0ED007AF6E700F019F99FED4E7A9FED27
:10F40000456AF6EE007AE0EE077A9FED457AFDEE6A
:10F41000E77A17EE900AF8EEE76A1F28A6EEC60A0A
:10F4200066EE877AB1EE666A20DC434A411E26F01A
:10F43000004352F8212023F0FF03934216D030EE10
:10F44000677A30EE470A002E30EE670A85ED007AC3
:10F4500085ED010ABFF677AFB1EE477AB1EE400A0B
:10F4600085ED007A85ED010A40426CE730EE677A5F
:10F47000E21517EE103AC3F3C753C3EBD453082B6E
:10F48000DFDD9FED267A9FED275AF0EE405AE6EE3B
:10F49000075A70EE657AE6EE077AD6EE857A35EE93
:10F4A000E77A17EE103AC3F3C753D21A192A10DDC0
:10F4B0009FED227A9FED225AB0EE650AA6EE070A6A
:10F4C00075EEC07AE6EE077AD6EE857AB7E70323C3
:10F4D0006CE7B0EE650AB4E78A4270EE277A09BF9E
:10F4E0009FED0E7ADFED0E6ADFED0E6A77EE877A1A
:10F4F00037EEA67A77EEC77A80ED007A77EEA67AB5
:10F50000C0ED017A4FF0FF301DE700BFD80F493F33
:10F51000E3CB1640800FC93FD00FC93F00443537B9
:10F520004344353708A3852E800F494300008043AC
:10F53000F077010884F9223F7077010800A3852E37
:10F5400032318D2408B52DED028BB0EE408A00F0EB
:10F550009DFFF0EE408AB0EE480A00F073F868B103
:10F56000DFED127AB4EEE78AF1EE10FA0BDCDFED94
:10F57000107AB4EEE78AF1EE10FA0FD4B0EE680A12
:10F58000BDEC028B08BDDFED0B8A01F081FCB0EE13
:10F59000680ABDEC028B2223036008BD01F078FCF1
:10F5A0002223DFED058A0360E8E700BF1772B1424E
:10F5B000B5F1CFC20000807F0000000010EE103ACD
:10F5C000184923F000428A421AD9B2F1FF4F02D300
:10F5D00030EE400A704700B583B06846FFF782FE00
:10F5E00000F003000128DDED010A9DED000A10D0B6
:10F5F000022809D090B9FFF7ABFD03B05DF804FB1A
:10F60000DFED090AFFF7A4BDFFF7A2FDB1EE400A46
:10F61000F3E7FFF71FFEB1EE400AEEE70120FFF728
:10F6200019FEEAE7D80F493F0000000010EE103A3B
:10F6300023F0004300EE103A704700BFB1EEC00A5D
:10F64000704700BF10EE103A23F00040B0F1FF4FBA
:10F65000ACBF00200120704708B52DED028BF0EE05
:10F66000408AB0EE608A00F033F820B9B0EE480A64
:10F67000BDEC028B08BDB0EE480A00F029F820B1BD
:10F68000F4EEC88AF1EE10FAF0DDB0EE680ABDECD7
:10F69000028B08BD08B52DED028BF0EE408AB0EE6E
:10F6A000608A00F015F820B9B0EE480ABDEC028B74
:10F6B00008BDB0EE480A00F00BF820B1F4EEC88A9D
:10F6C000F1EE10FAF0D5B0EE680ABDEC028B08BD81
:10F6D00010EE103A33F000400ED0A0F50003B3F165
:10F6E000FE4F0DD3074B421E9A4207D9A0F1FF40AF
:10F6F000B0FA80F04009704702207047032070473D
:10F7000004207047FEFF7F002DE9F04F2DED048BA4
:10F71000DBB01C46944603930A46CD4B68991CF116
:10F72000040F53F82160824604F1FF38C0F2498289
:10F73000BCF1030348BF0CF10403DB100293013357
:10F740004FEAC30EACEB0E030593029B16EB0800C9
:10F75000A3EB080316D401309FEDBE7A699C1844D0
:10F760001EA9002BA4BF54F8235007EE905A03F1B2
:10F770000103ACBFF8EEE77AF0EE477A8342E1ECA2
:10F78000017AEED1002EC0F2B182039B1EA901EBDB
:10F79000830446AD4FEA83094046F7180AEB83011C
:10F7A000B8F1000FDFEDAB7A09DBA3465346F3EC6B
:10F7B000016A3BED017A8B42E6EE877AF7D10130A0
:10F7C000B842E5EC017A04F10404E9D10DF1280B0B
:10F7D0000BEB8603CDE9062E043B9FEDA09ADFEDEF
:10F7E0009E8A059804930AEB090446AF0BEB860941
:10F7F0000096CDF820C05AAB03EB8603002E13ED24
:10F80000140A4FEA860515DD7B195A4660EE097A1F
:10F81000B0EE407AFDEEE77A73ED016AF8EEE77A32
:10F82000BB42A7EEE87A37EEA60ABDEEC77AA2EC95
:10F83000017AEBD1019000F01DFFF4EE007AB0EEFA
:10F84000408A20EE270AFFF70DFCF2EE007AA0EEC8
:10F85000678A01980028FDEEC89AF8EEE97A38EE3A
:10F86000678A6CDD06F1FF3EC0F108035BF82E20CD
:10F8700042FA03FC0CFA03F3D21AC0F1070119EEA5
:10F88000903A4BF82E200A416344002A09EE903A40
:10F8900000F3F080B5EE408AF1EE10FA40F09D8062
:10F8A000009B9E420ADD5D44002355F8041D4D4532
:10F8B00043EA0103F9D1002B40F0F280009B013BA9
:10F8C0005BF82330002B40F0E780049B012153F8C4
:10F8D000042D0131002AFAD0731C31449C46029D4C
:10F8E000039A05EB030E0EF1804E699D32440EF132
:10F8F000FF3E07EB83061EAB05EB8E0E03EB820586
:10F90000DEED017AF8EEE77AB8F1000F0EF1040EA1
:10F91000E5EC017ADFED4F7A09DB2A465346F3EC3A
:10F92000016A32ED017AA342E6EE877AF7D10CF153
:10F93000010C6145E6EC017AE2DA0E465BE740F045
:10F940008F80731E5BF82320D211002AA2DD19EEEE
:10F95000903A002E03F1010309EE903A40F3D4816E
:10F9600059464FF0000E51F8043B002B6AD0C3F506
:10F97000807341F8043C04E00B68C3F1FF0341F8D5
:10F98000043B0EF1010E7645F6DC01239E4600286D
:10F990000ADD012878D0022806D1711E5BF82130DB
:10F9A00003F03F0C4BF821C0022A7FF473AFB7EE8F
:10F9B000000A734630EE488A002B3FF46BAF099281
:10F9C000019000F057FE38EE408A0198099AB5EE92
:10F9D000408AF1EE10FA3FF463AF9246DDE9062E5D
:10F9E000DDF820C00196AEEB0C00B0EE480A009E98
:10F9F000009200F03FFEDFED186AB4EEE60AF1EE89
:10FA000010FADDE90023F0EE407AC0F250819FED5C
:10FA1000137A059920EE077A0831BDEEC77A059171
:10FA2000B8EEC77A5C1CE7EE667ABDEEC77AFDEEEB
:10FA3000E77A17EE901A4BF8231017EE103A4BF8AE
:10FA4000243046E00EF1010EB6458CDB9E469EE763
:10FA5000347B010800000000000080430000803B70
:10FA6000F6EE007AB4EEE78AF1EE10FA80F29880B2
:10FA700000220FE70133002E09EE903A3FF770AFF6
:10FA8000002301289E4686D1711E5BF8213003F0C9
:10FA90007F0C4BF821C087E7731C9C4619461EE774
:10FAA00033469246DDE905125C1EA1F108005BF8C1
:10FAB0002410009E059061B903F18043013B0BEBDC
:10FAC0008303014653F8040D013C08390028F9D09E
:10FAD000059105980092B7EE000A00F0CBFD002CCE
:10FAE000009AB0EE407AC0F20581601C46AD5FED31
:10FAF000256A81000BEB800305EB800073ED017A32
:10FB0000F8EEE77A5B4567EE877A27EE267A60EDB6
:10FB1000017AF3D10DF1C8080B1F46A8C718C646D5
:10FB2000A44600259146002E73DB844ADFED847ADB
:10FB30003846002301E0AB4208DCF2EC016AB0EC8D
:10FB4000017A01339E42E6EE877AF4DA0CF1FF3C4B
:10FB5000BCF1FF3FEEEC017A05F10105A7F10407C6
:10FB6000E1D1689B022B4A4656DC002B2EDC0ED1DD
:10FB7000DFED737A414431ED017A414577EE877AC2
:10FB8000F9D15346002B40F0AE80C2ED007A19EE59
:10FB9000903A03F007005BB0BDEC048BBDE8F08F3A
:10FBA00019EE903A002E03F1010309EE903AC8BF16
:10FBB00002223FF7D5AEF7EE007A37EEC88A02226E
:10FBC00068E600234FF0080E0293BBE59FED5C7AD8
:10FBD000414471ED017A414537EE277AF9D1DDEDE7
:10FBE000327A534677EEC77A002B75D182ED007AD0
:10FBF00064B133A90123B1EC017A01339C4277EE61
:10FC0000877AF8DA53460BB1F1EE677AC2ED017AE2
:10FC1000BDE7DFED4B7A99E7689B032BB7D1002C4A
:10FC20007ED008EB840595ED007AA0002B4629468E
:10FC300071ED017AF0EE476A37EE277A414577EEAB
:10FC4000C77A81ED007A77EEA67AC1ED017AEFD11D
:10FC5000012C65D095ED007A08F1040173ED017A6D
:10FC6000F0EE476A37EE277A994277EEC77A83ED4E
:10FC7000007A77EEA67AC3ED017AEFD1031DDFEDAE
:10FC8000307A434408F1080833ED017A984577EE5D
:10FC9000877AF9D15346DDED326A9DED337A73B937
:10FCA000C2ED006A82ED017AC2ED027A6FE7FDEEE5
:10FCB000C07A1C4617EE901A4BF8231009E7F1EEB4
:10FCC000666AB1EE477AF1EE677AC2ED006A82EDBC
:10FCD000017AC2ED027A5AE7B1EE477A82ED007AF4
:10FCE000002C86D190E7F1EE677A4EE7039B4FEA4E
:10FCF00083096BE5689B022B0EDC002B13DC7FF481
:10FD000046AFDFED0F7A3CE7022A7FF4C3ADF7EE92
:10FD1000007A37EEC88ABDE5689B032B7FF437AFC6
:10FD2000DFED077AB6E75346DDED327A13B90023EB
:10FD300013606BE74FF00043136065E7087B010831
:10FD40000000000008B510EE103A33F000422DED2F
:10FD5000028B2CD0002B1A4632DBB3F1FF4F41DA75
:10FD6000B3F5000F35DB0021D3157F3B0B44D90FD2
:10FD7000C1F17F0103EBD373C2F3160207EE903A91
:10FD800042EAC15200EE102AB8EEE78A00F00EFDFA
:10FD9000DFED177A9FED177A20EE270ADFED167A4E
:10FDA000A8EE070AA8EE270ABDEC028B08BDBDEC41
:10FDB000028B9FED127ADFED127A87EE270A08BDDB
:10FDC000BDEC028B70EE407A9FED0D7A87EE870ACC
:10FDD00008BDDFED0C7A60EE277A6FF0180117EEA0
:10FDE000902AC1E7BDEC028B30EE000A08BD00BFCF
:10FDF000D95BDE3EDB27543580209A3E000000CCE4
:10FE0000000000000000004C2DE9F0432DED028BB6
:10FE100083B0CDED010A8DED000ADDE9004535F036
:10FE2000004610D184F48004640014F5000F1BD93F
:10FE3000DDED007A9DED017A37EE870A03B0BDEC67
:10FE4000028BBDE8F08324F00047B7F1FF4F02D8E2
:10FE5000B6F1FF4F0FD9B4F17E5FE9D185F480058B
:10FE60006D0015F5000FE3D8B7EE000A03B0BDEC46
:10FE7000028BBDE8F083002CB84616DBB6F1FF4FCD
:10FE800000F0F780B6F17E5F00F02681B5F1804F7B
:10FE900000F04681B5F17C5F40F0388103B0BDECE5
:10FEA000028BBDE8F043FFF7C9BBB6F1974F80F076
:10FEB000F080B6F17E5F80F01981B5F1804F00F0DF
:10FEC0002F81B5F17C5F40F02181FFF7AFFBB7F1E7
:10FED000FF4FB3D04FF00009002F00F0F280B7F1D0
:10FEE0007E5F00F0E580E20F013A59EA020300F07C
:10FEF0002181B6F19A4F40F24581924B9F4240F2E8
:10FF00003E82914B9F4200F24782F7EE007A30EE3C
:10FF1000670A9FED8E6ADFED8E5AF5EE007AA0EE4D
:10FF2000676AF6EE006AE6EE406A20EE007ADFEDE0
:10FF3000897A9FED896A27EE267A67EEC77AE0EE26
:10FF4000257AF0EE676AE0EE066A16EE903A6FF3F5
:10FF50000B0306EE903AB0EE667AA0EE467A77EEA4
:10FF6000C77A6FF30B0507EE105A9DED016ADDEDC0
:10FF7000015A36EE476A67EEA57A26EE877AE6EEF4
:10FF8000267A09F1FF3959EA0209BFEE008A77EEB5
:10FF9000876AB7EE006A16EE903A18BFB0EE468A4E
:10FFA000002B23F0004240F3B981B2F1864F00F2FA
:10FFB000388200F01C82B2F17C5F00F200820022E5
:10FFC00010466FF30B0305EE903A75EEC76A9FED8E
:10FFD000637A9FED633A9FED632ADFED633A9FED0D
:10FFE000634ADFED634A9FED635A77EEE67A25EECA
:10FFF000877ADFED616AA7EEA67AF0EE002AF0EECE
:020000040801F1
:10000000476AE5EE836AB7EE000A26EEA66AF0EECE
:10001000667AE6EE023AE5EEC37AF0EE445AE3EE93
:10002000865A77EE677AB0EE647AA5EE867AF0EEBD
:10003000455AE7EE065AB0EE667AA5EEC67AE6EEC7
:10004000A77A66EE875A37EE626A85EE867A77EE91
:10005000677A77EEE67A30EE670A10EE103A1344CC
:10006000B3F5000FC0F2958100EE103A20EE080AB9
:10007000E4E6B7F17E5F3FF4F7AE32D99FED3F0A79
:10008000DDED017A002DB8BFF0EE407AB0EE670AE0
:10009000D4E6B6F1FF4FECD04FF002099DED000A17
:1000A000FFF7C4FAB7F1FF4F02D0002F7FF417AF6C
:1000B000002DBCBFF7EE007A87EE800A002CBFF659
:1000C000BDAEA7F17E5757EA090740F0208170EED8
:1000D000407A87EEA70AB1E6002D1ADB9DED000AF3
:1000E000ACE6002D21DB9FED250AA7E6F315C3F151
:1000F000960346FA03F202FA03F3B34200F0FA80E1
:10010000B6F17E5FE8D0B5F1804F09D04FF000091D
:10011000C4E79DED007AF7EE007A87EE870A8DE658
:10012000DDED007A27EEA70A88E6DDED017AB1EE73
:10013000670A83E6DDED007A77EEE77A87EEA70AB5
:100140007CE600BFF3FF7F3F0700803FABAAAA3EDB
:1001500070A5EC363BAAB83F00AAB83F8CBEBF35AD
:100160000072313F4CBB31330EEADDB555B38A38EE
:10017000610B36BBABAA2A3E1872313F000000006B
:100180000000804B14F0FF4F40F0F7805FED047AE1
:1001900060EE277A6FF0170317EE908AA9484FEAAE
:1001A000E851C8F316087F398045194448F07E535A
:1001B00040F3DB80A448804540F3F8809FEDA35ACC
:1001C0000131F0EE453AA3F50003F7EE005A0020A6
:1001D00006EE103A76EE257AB7EE007A87EE270A19
:1001E0005B1043F0005303F58023034476EE656A09
:1001F00007EE901A26EE803AB8EEE77A13EE101A60
:1002000007EE903A924BDFED930A9FED938A9FEDB4
:10021000931ADFED932ADFED931A9FED932A77EE81
:10022000E55A194004EE901A36EE656A63EE035AF9
:10023000E4EEE76AF0EE607AE5EE887AE4EEC66A0C
:10024000A7EEA51A66EE806AE1EE252A73EE247AFF
:10025000E2EEA51A25EEA58AA1EEA52A67EEA67AFA
:10026000B0EE084AB0EE446AE8EE027AA4EEA46A60
:10027000DFED7E0A9FED7E1ADFED7E2A36EE276ADD
:1002800016EE101A194006EE101A76EE445AE4EEF5
:10029000E45A77EEE57A67EE837AE6EE867AF0EE58
:1002A000675AE4EE865A15EE901A194005EE901A38
:1002B000F0EE656AE4EEC66A77EEE67A67EEA07A5B
:1002C000E5EE817A77EEA37AF0EE676AE5EEA26A50
:1002D00076EE856A76EE876A16EE901A194006EE7B
:1002E000901A36EEC77A37EE457AA5EEE27A77EEC7
:1002F000C77A36E6B6F17E5F3FF4EEAEB5F1804FD9
:100300003FF40EAF02F00102C2F10209C6E6B9F1F4
:10031000010F7FF493ADB1EE400A8FE556498A4252
:1003200000F287807FF447AE76EEC76AF4EEE76AA4
:10033000F1EE10FA7DDA03F50043504AC3F3C751DA
:100340007F39C3F316000A4140F40000C1F11701E0
:100350001A400841404206EE902A37EE667AC205FE
:1003600077EE876A16EE903A2BE69FED385AF7EE55
:10037000005AF0EE453A00202AE700230EE7002D50
:100380000CDB002003B0BDEC028BBDE8F04300F0B5
:1003900001BA00F06FF969E6002DF2DD002003B02C
:1003A000BDEC028BBDE8F04300F0FAB99FED345A82
:1003B000DFED343AF7EE085A4FF4001008E7D21593
:1003C0007E3A4FF40001114119442C4AC1F3C7543D
:1003D0007F3CC1F31600224140F40000C4F1170431
:1003E000002B40FA04F002EA0102B4DAB2E79FED12
:1003F000266A76EEC76A37EE866AB4EEE66AF1EEF2
:1004000010FA0EDC03F500431C4AD9157F39C3F3FB
:1004100016000A4140F40000C1F117011A400841DA
:1004200099E7B5EEC08AF1EE10FA4CBF012000202A
:10043000B5E7B5EEC08AF1EE10FA4CBF01200020FE
:10044000A0E700BF71C41C00D6B35D00000000002F
:1004500000F0FFFF55326C3E42F1533E05A38B3E48
:10046000ABAAAA3EB76DDB3E9A99193F4F38763F4B
:10047000A0C39D360038763F00001643000080FF81
:1004800000C0153FDCCFD1353CAA383310EE103A0E
:1004900023F00042B2F1FF4F56D84FEAD37100F07B
:1004A00095806248834200F38780002BC0F28780EA
:1004B0005F4B9A424BD95F4B9A4200F29A805E4B57
:1004C0005E4A03EB8103D3ED004A02EB810281F027
:1004D000010370EE644AD2ED007A5B1A34EEE70A4B
:1004E000DFED576A9FED575ADFED575A9FED576A78
:1004F00020EE007AA7EE265ADFED556AE5EE075AA0
:10050000E5EE876AA6EE876AF0EE406AE6EE476A95
:1005100020EE266A002B42D0B0EE007A37EE667AE3
:10052000B7EE000AC6EE076A13F17D0F77EEE67AA2
:1005300077EEE47A30EE670A4FDB10EE102A02EB1A
:10054000C35300EE103A704730EE000A7047B2F124
:10055000505F0AD2DFED3F7A70EE277AB7EE007A6D
:10056000F4EEC77AF1EE10FA5DDC60EE007A9FEDF2
:10057000347ADFED345A9FED346ADFED356AE7EE09
:10058000875A9FED327AA7EEA56AE7EE866AA7EE54
:10059000A67AF0EE406AE7EEC76A20EE266AF0EE31
:1005A000007A76EEE76AB7EE007AC6EE267A77EE44
:1005B000C07A37EE670A7047002000F0F1B8264B8A
:1005C0009A427FF675AF002000F0E4B8DFED237AA1
:1005D000002918BFB0EE670A704710EE102A643386
:1005E00002EBC353DFED1E7A00EE103A20EE270A2D
:1005F00070471C4B9FED1C7ADFED1C6A03EB8103F7
:10060000D3ED007AE0EE077A9FED197AFDEEE77AF6
:10061000F0EE404A17EE903AF8EEE77AE7EEE64A57
:1006200067EE877A5AE730EE070A70471772B142D1
:100630001872B13E9115853F487B0108407B010847
:100640004CBB31330EEADDB555B38A38ABAA2A3E2E
:10065000610B36BBCAF24971B5F1CF420000000010
:100660000000800D507B01083BAAB83F8071313FEC
:10067000D1F7173710EE103A33F000411A4627D061
:10068000B1F1FF4F21D213F0FF4F22D1DFED2B7AD2
:100690002B4A60EE277A904217EE903A33DB4CF209
:1006A000503CC3F3C75160451A46A1F1190116DD4C
:1006B000DFED247ADFED246A002BB0EE677AB8BF55
:1006C000F0EE667A27EE870A704730EE000A704730
:1006D00070474CF2503C60454FEAD151E8DC014490
:1006E000FE29E5DC002915DC11F1160F19DB1931A3
:1006F00022F0FF4242EAC15207EE902A9FED130A10
:1007000027EE800A7047DFED127A07EE103A27EEE7
:10071000270A704722F0FF4242EAC15300EE103A26
:100720007047DFED0B7ADFED0B6A002BB0EE677AD6
:10073000B8BFF0EE667A27EE870A70470000004CDB
:10074000B03CFFFFCAF24971CAF249F10000003320
:100750006042A20D6042A28D10B52DED028BB0EE6D
:10076000408A044600F094FBB0EE480ABDEC028BD0
:10077000046010BD30B1F1EE407A27EE800A2220ED
:10078000FFF7EABFF0EE407A27EE800A2220FFF75B
:10079000E3BF00BF9FED010AFFF7ECBF00000010B0
:1007A0009FED010AFFF7E6BF0000007010EE102A6F
:1007B00032F000432FD0002A134633DBB2F1FF4F53
:1007C00040DAB2F5000F34DB4FF0000C6448C3F39D
:1007D0001601084400F4000282F07E520A43DB1541
:1007E00000EE102A7F3B5F4A634401F10F0CF7EEE5
:1007F000007A0CEA020230EE670A03EBD05322BB08
:10080000B5EE400AF1EE10FA62D1002B40F0908074
:100810009FED550A70479FED557ADFED537A87EECD
:10082000270A704770EE407A9FED4F7A87EE870A6D
:100830007047DFED4F7A60EE277A6FF0180C17EEF5
:10084000903AC3E730EE000A7047F0EE007A70EE9F
:10085000277A07EE103A80EE274A4648C1F557122C
:10086000084402F522720243002A9FED433ADFED6D
:10087000434ADFED435ADFED433A9FED435ADFED44
:10088000437ADFED436A24EE046AF8EEC72A26EEC7
:10089000067AE7EE034AA7EE235AE4EE875AE5EE1E
:1008A000076AE5EE877A67EE867AE6EE877A2ADDD2
:1008B000B6EE007A20EE077A27EE007A77EE877A96
:1008C00067EE847A3BBB37EE677A30EE470A7047B3
:1008D0009FED307AF6EE007AE0EE477A20EE007A6D
:1008E00027EE277A002BF0D007EE903A9FED2A6A88
:1008F000DFED2A6AF8EEE77AA7EEC67A37EE400A0D
:1009000097EEA60A704770EE677A67EE847AE3B9CD
:1009100030EE670A70479FED206ADFED206AE2EE55
:10092000867A37EE677A37EE400A92EEA60A70476B
:1009300007EE903A9FED180A9FED187AF8EEE77AE5
:1009400027EE800AA7EE870A7047DFED136A9FED56
:10095000137AE2EEE67A37EEC00A92EE870A704723
:1009600020FB4A00F0FF7F0000000000000000CCE8
:100970000000004C305CCFFF9788173E25333A3E8D
:100980002549923E4FD01C3E298E633EABAA2A3F9A
:10099000CDCCCC3EABAAAA3ED1F717378071313F00
:1009A00008B52DED048BF0EE408AB0EE609A00F0B1
:1009B000EDF8F0EE490AB0EE408AB0EE680A00F0B9
:1009C0000BF8F0EE400AB0EE480ABDEC048BBDE82F
:1009D000084000F005B800BFB0EE600A704700BFE5
:1009E00008B52DED048BF0EE408AB0EE609A00F071
:1009F0003BF8B0EE408AFEF725FE20B1B0EE480A83
:100A0000BDEC048B08BDB0EE680AFEF71BFE0028A3
:100A1000F4D0B0EE490AFEF715FE0028EED000F043
:100A200037FA22239FED018A0360E7E70000807F09
:100A300008B52DED048BF0EE408AB0EE609AFFF71A
:100A4000CBFFF0EE490AB0EE408AB0EE680A00F043
:100A50009DF8F0EE400AB0EE480ABDEC048BBDE80C
:100A6000084000F095B800BF10EE103A23F00042A5
:100A700010EE903A23F000439A4202DB19461346E7
:100A80000A46991AB1F1706F00EE103A06EE902AFC
:100A90003FDCB3F1B14F10B52EDC0024B2F11A5F88
:100AA0000ADA42B3B2F5000F60DADFED357A66EEAE
:100AB000A76A20EE270A7E3C30EE666AF4EEC66A2C
:100AC000F1EE10FA28D56FF30B0307EE903A30EEF3
:100AD000277A30EE670A27EE000AA6EEA60AA7EEEE
:100AE000A70AFEF7ABFD34B1E40504F17E5407EE2E
:100AF000904A20EE270A10BDB3F1FF4F29DA03F127
:100B00005E4302F15E4200EE103A06EE902A442463
:100B1000C4E730EE260A70471A4903F500030B407C
:100B200007EE903AB0EE007AB0EE675A90EE075AB0
:100B300002EA010307EE103A26EE850A76EEC75A5E
:100B4000A5EEA70AA6EE060AA7EE270AFEF776FD8F
:100B5000C9E714BF30EE260A9FED0B0ADFED0A7AD3
:100B6000B2F1FF4F08BFB0EE670A10BD03F10853A2
:100B700002F1085200EE103A06EE902A443C9BE740
:100B80000000807E00F0FFFF0000807F704700BF04
:100B900000F000B810B582B0CDED010A019B23F042
:100BA0000042B2F1FF4FF0EE407A30D810EE100A5A
:100BB00020F00041B1F1FF4F29D8B3F17E5F42D060
:100BC0009C1704F0020444EAD07431B37AB3B2F152
:100BD000FF4F40D0B1F1FF4F29D0891AB1F1F45F36
:100BE0004FEAE15234DA002B42DA3C3240DA9FED30
:100BF000340A012C4ED0022C43D064B19FED317ADF
:100C0000DFED317A30EE070A30EE670A03E09DED42
:100C1000017A37EE270A02B010BD022C10D09FEDEA
:100C20002B7A032C08BFB0EE470A02B010BD9FED2F
:100C3000280ADFED287A0028A8BFB0EE670AEAE7A5
:100C40009FED210AE7E702B0BDE8104000F04AB886
:100C50009FED200ACDE7B1F1FF4F04F1FF3420D022
:100C6000022C26D81C4B03EB840393ED000AD2E739
:100C70009DED017A87EE870AFEF7D8FC00F032F886
:100C8000B7E79FED107ADFED107A30EE070A37EE06
:100C9000C00AC0E710EE103A03F1004300EE103A2C
:100CA000B9E7022C08D80D4B03EB840393ED000A3F
:100CB000B1E79FED030AAEE79FED090AABE700BF7E
:100CC000000000002EBDBB33DB0F4940DB0F49C0E5
:100CD000DB0FC9BFDB0FC93F587B0108647B0108EC
:100CE000DB0F493F38B510EE105A25F00044B4F13F
:100CF000A14FF0EE407A0DD3B4F1FF4F5BD8DFED9A
:100D0000517A9FED517A002DCCBFB0EE470AB0EE7C
:100D1000670A38BD4D4B9C425CD8B4F1445F4DD35B
:100D20004FF0FF3327EEA76A9FED495A9FED497AAE
:100D3000DFED495ADFED494A66EE066A5A1CA6EE17
:100D4000857AE6EEA54A9FED465ADFED465AA7EEB4
:100D5000265AE4EEA65A9FED447ADFED444AA5EE0A
:100D6000267AE5EEA64A9FED425ADFED425AA7EEFB
:100D7000265A9FED417AA4EEA67AE5EE265A27EE92
:100D8000267AA5EE867A27EE877A38D03B493C4A08
:100D900001EB8301D1ED006A37EE667A02EB830343
:100DA000D3ED006A37EE677A002D36EEC70AB0DA67
:100DB000B1EE400A38BD30EE000A38BD9FED317A01
:100DC00030EE077AF7EE006AB4EEE67AF1EE10FA4A
:100DD000A6DD38BDFEF72AFC2B4B9C4212D8A3F5AA
:100DE000D0039C4223D8F0EE007ABFEE007AA0EE4A
:100DF000277A002330EE270AC7EE007A92E737EE13
:100E0000C70A38BD214B9C420BD8F7EE087AB7EEE3
:100E1000007AA0EE277A022330EE670AC0EE077A46
:100E200080E7BFEE007AC7EE007A03237AE7F7EE99
:100E3000007A30EE677A30EE270A0123C7EE007A97
:100E400070E700BFDB0FC9BFDB0FC93FFFFFDF3E0D
:100E5000D769853C59DA4B3D21A215BD6BF16EBDBA
:100E6000356B883D95879DBD6E2EBA3D388EE3BDAE
:100E70002549123EABAAAA3ECDCC4CBE707B0108E0
:100E8000807B0108CAF24971FFFF973FFFFF1B40BB
:100E9000014B1868704700BF2C00002070B50D4D45
:100EA0000D4C641BA4100026A64209D10B4D0C4C1E
:100EB00001F094F8641BA4100026A64205D170BD71
:100EC00055F8043B98470136EEE755F8043B984740
:100ED0000136F2E7987B0108987B0108987B0108AE
:100EE0009C7B010802440346934200D1704703F8FB
:100EF000011BF9E77047704770B50F4E0C4631681B
:100F0000054611B900F0A6F830602146284600F0E9
:100F1000A1F8431C03D14FF0FF34204670BDC41C20
:100F200024F00304A042F8D0211A284600F092F8D9
:100F30000130F2D1EFE700BF600700202DE9F84350
:100F4000CD1C25F0030508350C2D38BF0C25002DD0
:100F5000064601DBA94204D90C2333600020BDE81A
:100F6000F883DFF8D48000F069F8D8F800301C4628
:100F700044BB29463046FFF7BFFF431C044658D107
:100F8000D8F800402746002F43D1002C4BD02368CF
:100F90003946304604EB030900F05CF8814542D144
:100FA00021686D1A29463046FFF7A6FF01303AD076
:100FB00023682B442360D8F800305A6862BBC8F815
:100FC00000700FE02268521B20D40B2A17D9611938
:100FD000A342256018BF5960636808BFC8F80010B5
:100FE00062514B60304600F02FF804F10B00231DD6
:100FF00020F00700C21A1CBF1B1AA350AFE762689B
:10100000A3420CBFC8F800205A60EBE7234664688F
:10101000AEE73C467F68B6E71A465B68A342FBD161
:1010200000235360DEE70C233360304600F00CF8F9
:1010300094E70560D6E700BF640700200148FFF78A
:1010400059BF00BF5C0700200148FFF754BF00BF35
:101050005C07002038B5064D0023044608462B6087
:10106000FDF716FF431C02D12B6803B1236038BD86
:101070006807002038B50546002941D051F8043CE6
:101080000C1F002BB8BFE418FFF7D8FF1D4A1368E8
:1010900033B9636014602846BDE83840FFF7D4BF19
:1010A000A34208D9206821188B4201BF19685B68E8
:1010B00009182160EDE71A465B680BB1A342FAD923
:1010C00011685018A0420BD1206801445018834287
:1010D0001160E0D118685B68536008441060DAE77B
:1010E00002D90C232B60D6E7206821188B4204BF5D
:1010F00019685B68636004BF091821605460CAE71F
:1011000038BD00BF64070020884210B501EB02041F
:1011100002D98442234607D8431EA14208D011F8C1
:10112000012B03F8012FF8E7024401468A4200D15F
:1011300010BD13F8014D02F8014DF7E70A44914242
:1011400000F1FF3300D1704710B511F8014B03F8DF
:10115000014F9142F9D110BD024B01461868FFF7CB
:10116000EDBE00BF2C000020024B01461868FFF7BF
:1011700081BF00BF2C000020B1F8C8305A1C92B2C9
:10118000C82AA1F8C820C85400D0704710B5002064
:101190000C46FDF747FE0023A4F8C83010BD00BF81
:1011A00010B50446FDF70AF8214602460020FDF777
:1011B00039FE034901220020FDF734FE002010BD56
:1011C000947401080FB430B5B5B038AC0E4954F87A
:1011D000045BCA2201A8FFF7B1FF23462A460B4849
:1011E000009401A900F06AFDBDF8CC2004462AB99C
:1011F000204635B0BDE8304004B0704701A900205A
:10120000FDF710FEF4E700BFC85F0108791101087F
:1012100000F044BD9A4238BF88547047704700BF01
:101220002DE9F04F83B00F4612990D9C9DF8385070
:10123000984611F0020306469446DDE9100A009331
:101240002ED1BAF1000F40F0A280844228D2202C87
:1012500001F0010E00F088810C9B621E1A444FF0D1
:10126000300B734602E0202C00F0E7800134A042EE
:1012700002F801BFF7D89E4693B1544510D2202CF6
:1012800000F0CF810C9B621E1A444FF0300E02E03A
:10129000202C00F024810134544502F801EFF7D1ED
:1012A000CB061FD54A0500F1A580002C40F09E809A
:1012B0000F9B102B00F045810F9B022B00F04E81FD
:1012C0000C9B30221A70012401F00302002D00F063
:1012D000CA800C9B2D21195501340AB954450ED3EF
:1012E000654626E001F00302202CEFD1002A40F0F1
:1012F0008F80BAF1200F88BF202440F28980654694
:10130000A4EB0C0BE1462A46434601353946202022
:10131000B04705EB0B035345F5D30AF1FF35621CCB
:101320002D1B924538BF002509F10102CC4615441A
:10133000C4B10C9BCDF844A005EB040903EB090BE9
:101340001C44CDF804C09A46ABEB040214F8010D1E
:1013500043463946B047A2454D46F5D1DDF804C0B5
:10136000DDF844A0009B73B1A5EB0C09D1450AD26E
:101370002A4643463946202009F10109B047D145A4
:1013800005F10105F4D3284603B0BDE8F08F11F054
:10139000010E73D0002D40F08B8011F00C0F40F047
:1013A00087808442BFF469AF202C7FF455AFBAF137
:1013B000200F40F23281CB0640F1BE804A0500F199
:1013C0001981202816D11F200F9B102B00F0F280CE
:1013D0000F9B022B1FD0441C01F0030227E0CB0619
:1013E0007FF57EAF4A054FF0200403D4A04262D0BF
:1013F000544560D00F9B01F00302102B104673D0B0
:101400000F9B022B0ED1202C08D100283FF471AF86
:10141000654620248DE7044601F003020C9B622000
:1014200018550134202C3FF461AF204601340C9B49
:101430004FF0300E03F800E056E79E46002B00F018
:10144000CB80BAF1200FCAD9CB0675D54A0500F179
:10145000D180202800F0DA80BAF1200F40F08D8092
:1014600054461F20B0E74B0747D50C9B2B2119553D
:101470000134002A3FF432AF65465AE78442BFF494
:101480000FAF202C7FF4E8AECC067FF532AF4C05D1
:101490003FF52FAF202800F0B980BAF1200FDFD040
:1014A0000F9B102B3FF425AF0F9B022B19D120E788
:1014B0000AF1FF3A75E7601E86D10F9B102B6BD0A7
:1014C0000F9B022B7FF4FCAE0C9B0F9C62221A70C8
:1014D00030225A7001F00302002DC4D0F9E6CC0688
:1014E00080D401F0030201E78B0611D4202C8CD0AC
:1014F0000C9B78201855013494E70D0713D48ABB50
:101500005445FFF4FCAE002C7FF4EAAE65463AE7A2
:10151000202C3FF47AAF0C9B18194FF0580E013471
:1015200080F800E07EE70C9B202119550134002A49
:101530003FF4D4AE6546FCE68D073FF4E0AE654669
:10154000F7E688060CD558220C9B1A7030225A7088
:10155000022401F00302002D85D0BAE66222F3E7EF
:101560007822F1E76546E3E6BEF1000F50D0CB06E6
:101570007FF5B6AE4B057FF524AF0F9B01F003005E
:10158000102B02463FF441AF0F9B022B7FF4AEAE0F
:1015900000287FF43DAFACE68A0625D50C9B582287
:1015A0001A7030225A70022401F00302002D3FF419
:1015B0005AAF8EE68B06A4F1020206D40C9B78206B
:1015C0009854013C01F003022FE70C9B58209854DB
:1015D000013C01F0030228E7CA0682D54A05CCD4B3
:1015E000202813D0202403E70C9B78221A70302285
:1015F0005A70D8E70F9B102B01F003003FF405AFA2
:101600000F9B022B3FF401AF02466FE60446DAE679
:10161000CB063FF53CAF65468BE6CA06DED4654691
:1016200087E6CC063FF512AF5BE700BF2DE9F04F30
:1016300093B01C9C9DF874B01E9DDDF884E02CB91D
:101640002EF010061EF4806FB64635D11EF0200F26
:1016500014BF4FF041094FF061090AAFA9F10A091F
:10166000B8460026099002E0202E15D05446B4FB5F
:10167000F5FA05FB1A4C5FFA8CF0BCF1090F00F18A
:10168000300C8ABF48445FFA8CF0C0B2AC4208F814
:10169000010B06F10106E7D20998209C05941F9CD6
:1016A000CDF818E0CDE90354CDE9016B0097FFF7C1
:1016B000B7FD13B0BDE8F08F26460AAFEDE700BFD7
:1016C0002DE9F04F97B0DDE92478209E219C099305
:1016D00056EA04039DF888C0DDF8A0B08E4605D117
:1016E0002BF010031BF4806F9B4645D11BF0200F9D
:1016F0000EAB14BF4FF0410A4FF0610ACDF8A0B015
:10170000CDE90A0ECDE90C2CAAF10A0A994600256A
:101710009B4603E0202D17D006460C4621463A464C
:1017200043463046FCF752FDD2B2092A02F130039B
:101730008ABF5244DAB2D2B2BE4274EB080409F84E
:10174000012B05F10105E5D2DDE90A0EDDE90C2CDE
:101750005B46DDF8A0B02799059126990093CDE965
:101760000371CDE9015C099BCDF818B07146FFF714
:1017700057FD17B0BDE8F08F00250EABEBE700BFBB
:1017800010B1D1E900311847704700BF2DE9F04F83
:101790001C46B1F1000A8D4B8FB018BF81462078EE
:1017A000DDF860B0904608BF9946002800F0D3816C
:1017B000002507E02A46434651460135C8472078B0
:1017C00000285ED0252804F10104F3D1002322462D
:1017D00012F8010BA0F1200110290AD8DFE801F06E
:1017E00034090930090909090909092C09280909D5
:1017F0002400A0F13001092951D92A2800F0948051
:1018000000262E285CD00021A0F16807122F23D8D3
:10181000DFE807F0A2229D22952222222222222204
:101820001E22222222221E0043F001031446CEE78C
:1018300043F002031446CAE743F004031446C6E724
:1018400043F010031446C2E743F008031446BEE712
:10185000607843F4807301327828144609D86328ED
:101860003DD8622800F0B88163287DD0252840F05B
:101870003D812A4643465146C84720780135002815
:10188000A0D12C46A84501D808F1FF3543462A4689
:1018900051460020C84720460FB0BDE8F08F002613
:1018A00006EB860600EB46061078A0F13001092908
:1018B0001446A6F1300602F10102F1D92E28A2D178
:1018C0006078A0F13001092943F48063174640F2A3
:1018D000EF802A2800F002811446013293E7A0F13C
:1018E000640E01225FFA8EFE02FA0EFE384A1EEAEC
:1018F000020E40F0AD80732854D07028B9D143F067
:10190000210305930823049310230391CDF804E0E9
:1019100002935BF8043B00932A46434651464846EF
:10192000FFF784FE05464AE75BF8046B6078002EFB
:101930001446BCBF43F002037642013261E760788F
:101940006C2886D1A07843F44073E21C84E7607869
:1019500043F4007301327FE76078682800F0F68076
:1019600043F08003013277E70BF1040298070A92F3
:1019700005F1010740F111812A469BF8000043461A
:101980005146C847012E88BFAD1940F249813A46F9
:101990004346013751462020C847BD42F7D1DDF804
:1019A00028B00CE75A4652F804CB0A929CF800B0D3
:1019B0005846002940F08C80BBF1000F13D06FF027
:1019C000010E0EF1010EE644624606E01D1201080A
:1019D00021081200964500F0B38012F8017F002F15
:1019E000F8D1A2EB0C0E13F4806702D08E4528BF0D
:1019F0008E4613F002030B9300F0B080BBF1000F92
:101A000017D0CDE90CE6E3462A460E46434651463A
:101A10001FB106F1FF3C3EB16646C8471BF8010FF7
:101A200001352A460028F1D10B9BDDE90CE6002B9D
:101A3000B5D076452F46B2D93544A5EB0E053A46CA
:101A40004346013751462020C847BD42F7D1A6E79B
:101A50006F2800F0BF806DD8692823F0100240F095
:101A600017815F0548BF23F01102900500F1DD806A
:101A7000D3050BF1040700F1D580500640F1F68044
:101A80009BF900300391002B4FF00A0102914FEABD
:101A9000D371B8BF5B42CDE9046201912A4600933D
:101AA000434651464846FFF7C1FDBB46054686E61C
:101AB000002101EB810100EB4100A0F1300117F89A
:101AC000010FA0F13002092AF3D93C467A1C9BE6AB
:101AD000BBF1000F87D001F1FF3E72E75BF8041BFA
:101AE000A078023421EAE171621C8DE658287FF467
:101AF000C0AE43F020031022580524D423F00C0379
:101B000013F400706AD113F4807F0BF1040740F0E6
:101B1000B28058067BD418064CBFBBF80000DBF837
:101B200000000090CDE904630023CDE90221019378
:101B30002A46B5E7782868D023F010030A22DBE7AD
:101B4000AEEB0C0E4FE723F00D03D9E7A07843F07E
:101B5000C003E21C80E60446054693E6764540F263
:101B6000948006EB050BCDE90C7CABEB0E0B0F461E
:101B70002A464346013551462020C8475D45F7D1E6
:101B8000DDF834C039469CF800B00C9F06F1010E18
:101B9000584600287FF435AF01E7012E3AD96B1E75
:101BA0003344CDF82CB02F469B463A464346013786
:101BB00051462020C847BB45F7D15B46DDF82CB025
:101BC0001A469BF8000043465146C8473544DDF8A5
:101BD00028B0F4E508228FE702228DE7CDE90763FC
:101BE0000BF1070B002306910492059302932BF04F
:101BF000070BFBE802672A46CDE9006743465146DA
:101C00004846FFF75DFD0546D9E5102274E79BF8CD
:101C1000000086E79BF800002A4643465146C84725
:101C20003D46BCE6DBF800302CE70BF1070B2BF050
:101C3000070BDBF804305BF8080B0691D90FCDE9F0
:101C400007620291024600210A20002BCDE904011F
:101C500002DA524263EB4303CDE9002351462A46A0
:101C600043464846FFF72CFD0546A8E51306D9D59F
:101C7000BBF9003006E7CDE90221CDE9046301900C
:101C8000DBF8003000932A460AE70EF1010E7FE7E9
:101C900064283FF4E6AE13460A222DE700B583B070
:101CA00084460093044813460A466146FFF76EFDDA
:101CB00003B05DF804FB00BF1512010810B584B035
:101CC0000446CDE90241009302A9134603484FF0B0
:101CD000FF32FFF75BFD04B010BD00BF81170108A4
:101CE000D0B5FCF71BFD0C4B002206460F46FCF757
:101CF00085FAFCF76BFD0446FCF7EEFC074B00226F
:101D0000FCF77CFA02460B4630463946FCF7A6FB48
:101D1000FCF75CFD2146D0BD0000F03D0000F04125
:101D20002DE9F047089D0E4604460F46002B4AD188
:101D300094468C45B2FA82F260D942B1C2F12003D6
:101D4000974020FA03F30CFA02FC1F4394404FEA39
:101D50001C4E1FFA8CF6B7FBFEF1230C0EFB11771D
:101D600043EA074301FB06F098420AD91CEB030340
:101D700001F1FF3780F01581984240F2128102395B
:101D800063441B1AA4B2B3FBFEF00EFB103344EA0B
:101D9000034400FB06F6A6420AD91CEB040400F13A
:101DA000FF3380F00081A64240F2FD806444023897
:101DB00040EA0140A41B00211DB1D4400023C5E925
:101DC0000043BDE8F0878B4205D90DB1C5E900019C
:101DD00000210846F5E7B3FA83F1002946D1B34262
:101DE00002D3824200F2F580841A66EB03020120DE
:101DF0001746002DE5D0C5E90047E2E7002A40F08C
:101E00009380A1EB0C034FEA1C471FFA8CFE0121C3
:101E1000B3FBF7F607FB1630230C43EA00430EFB37
:101E200006F0984208D91CEB030306F1FF3802D2F2
:101E3000984200F2D08046461B1AA4B2B3FBF7F0DA
:101E400007FB103344EA03440EFB00FEA64508D905
:101E50001CEB040400F1FF3302D2A64500F2B68069
:101E60001846A4EB0E0440EA0640A5E7C1F120079E
:101E70008B4022FA07FC4CEA030C06FA01FE20FA1A
:101E800007F426FA07F344EA0E0400FA01F84FEAD1
:101E90001C404FEA1449B3FBF0FE1FFA8CF600FB1E
:101EA0001E3349EA03430EFB06F9994502FA01F293
:101EB0000BD91CEB03030EF1FF3A80F085809945A6
:101EC00040F28280AEF1020E6344A3EB0909A4B292
:101ED000B9FBF0F300FB139944EA094403FB06F64F
:101EE000A64208D91CEB040403F1FF3068D2A642D5
:101EF00066D9023B644443EA0E40A41BA0FB02E601
:101F0000B4427346B14652D34FD05DB1B8EB030231
:101F100064EB090404FA07F722FA01F31F43CC40EB
:101F2000C5E9007400214CE7C2F1200120FA01F359
:101F30000CFA02FC26FA01F1964033434FEA1C47A3
:101F40001FFA8CFEB1FBF7F007FB1016190C41EAE3
:101F5000064100FB0EF68E4204FA02F408D91CEB8F
:101F6000010100F1FF382DD28E422BD90238614495
:101F7000891B9BB2B1FBF7F607FB161143EA01433D
:101F800006FB0EF1994208D91CEB030306F1FF385A
:101F900014D2994212D9023E63445B1A46EA0041C8
:101FA00036E73946EDE6184602E7F045ADD2BEEB1E
:101FB000020366EB0C060138B146A6E74646ECE79D
:101FC000034698E74046D3E7D6467EE764440238A6
:101FD00047E708460DE7023E63442DE7F8B500BF2A
:101FE000F8BC08BC9E467047F8B500BFF8BC08BCFA
:081FF0009E467047000000004E
:101FF800A0860100400D0300801A060000350C0081
:1020080040420F0080841E0000093D0000127A0043
:102018000024F40000366E010048E801006CDC0280
:102028000000000000000000010203040607080980
:102038000000000001020304060401001F19151224
:102048000F0D0C0B004026449A99474200000000EF
:102058000000804085EB51400000000000000000B7
:1020680000000000293C0000163B0000D763000078
:10207800325F0000738800005D7D00004AAC0000FC
:10208800A6970000A4D000000FAF00004CF7000096
:10209800A3C4000070FB0000F3E80000F6D20000C3
:1020A800C0BB0000DCA40000E58E00003382000005
:1020B8007D7B7C7AE7E61BE895B9AAAB01020304AD
:1020C8000506004948303231332F4B4A9EA09F897C
:1020D8008A8B8CEDE907ACB191C696CA9ABEC2BA92
:1020E800CED2D6E2DADE7640447F64B5600D218D2B
:1020F8003C37A66C2768582B705C144C5054EEEA99
:1021080008ADB292C797CB9BBFC3BBCFD3D7E3DB96
:10211800DF7741458065B6610E228E3D38A76D2870
:1021280069592C715D154D5155EFEB09AEB393C844
:1021380098CC9CC0C4BCD0D4D8E4DCE078424681BA
:1021480066B7620F238F3E39A86E296A5A2D725ED0
:10215800164E5256F0EC0AAFB494C999CD9DC1C53C
:10216800BDD1D5D9E5DDE17943478267B86310244D
:10217800903F3AA96F2A6B5B2E735F174F535788AE
:102188008586261F83843BA1A213181A190C0B34C9
:102198008711000000000300382F0108000001002B
:1021A800342F010803000100302F0108010001004D
:1021B8002C2F010803000100282F0108000001004E
:1021C800242F010800000100202F01080000010051
:1021D8001C2F010800000100182F01080000010051
:1021E800142F010800000100102F0108010C010044
:1021F8000C2F0108FF030100082F0108BD00010092
:10220800042F0108BD000100002F0108BD000100D6
:10221800FC2E0108BD000100F82E01080000010095
:10222800F42E010801000100F02E01080100200031
:10223800702E0108000001006C2E0108000001004A
:10224800682E010800000100642E0108000001004A
:10225800602E010850000200582E0108C05D0100E0
:10226800542E010840010100502E010815000100FC
:102278004C2E010800000100482E01080000010052
:10228800442E010800000100402E01080100020050
:10229800382E0108010003002C2E01085D00010002
:1022A800282E01085D000100242E01085D000100B0
:1022B800202E01085D0001001C2E0108010001000C
:1022C800182E010800000100142E0108000001006A
:1022D800102E0108000001000C2E0108000001006A
:1022E800082E010800000100042E0108000001006A
:1022F800002E010800000100FC2D0108000001006B
:10230800F82D010800000100F42D01080000030069
:10231800E82D010800000400D82D01080000010084
:10232800D42D010800000100D02D01080000030091
:10233800C42D010800000100C02D010802000200A0
:10234800B82D010800000200B02D010800000100AE
:10235800AC2D010800000100A82D010800000100B3
:10236800A42D010800000100A02D010800000500AF
:102378008C2D010800000100882D010800000100D3
:10238800842D010800000100802D010800000100D3
:102398007C2D010801000500682D010801000500D9
:1023A800542D010801000500402D01080100050019
:1023B8002C2D010800000100282D01080000010053
:1023C800242D010800000100202D01080000010053
:1023D8001C2D010800000900F82C010800000A0063
:1023E800D02C010800000500BC2C010800000500E5
:1023F800A82C010800000100A42C0108000001001D
:10240800A02C0108000001009C2C0108000001001C
:10241800982C010800000100942C0108000001001C
:10242800902C0108000001008C2C0108000001001C
:10243800882C010800000100842C0108000001001C
:10244800802C0108000001007C2C0108000001001C
:10245800782C010800000100742C0108000001001C
:10246800702C0108000001006C2C0108000001001C
:10247800682C010800000100642C0108000001001C
:10248800602C0108000001005C2C0108000001001C
:10249800582C010801000500442C01080100050022
:1024A800302C0108010005001C2C01080100050062
:1024B800082C010801000100042C0108010001009A
:1024C800002C010801000100FC2B0108010001009B
:1024D800F82B010817000100F42B01081700010070
:1024E800F02B010817000100EC2B01081700010070
:1024F800E82B010807000100E42B01080700010090
:10250800E02B010807000100DC2B0108070001008F
:10251800D82B010801000100D42B0108010001009B
:10252800D02B010801000100CC2B0108010001009B
:10253800C82B010800000100C42B0108010001009C
:10254800C02B010800000100BC2B0108000001009D
:10255800B82B010800000100B42B0108000001009D
:10256800B02B01083F000100AC2B0108040001005A
:10257800A82B010800000100A42B0108010001009C
:10258800A02B0108000001009C2B0108030001009A
:10259800982B010803000100942B01080300010097
:1025A800902B0108030001008C2B01089D000100FD
:1025B800882B01084D000100842B0108010005004B
:1025C800702B01081F0001006C2B0108000001009E
:1025D800682B010801000200602B010800000500BB
:1025E8004C2B010800000300402B010800000300E9
:1025F800342B010800000300282B0108000001000B
:10260800242B010800000100202B01080000010014
:102618001C2B010800000100182B01080000010014
:10262800142B010800000100102B01080000010014
:102638000C2B010800000100082B01080000020013
:10264800002B010800000100FC2A0108000001001D
:10265800F82A010800000100F42A0108000001001E
:10266800F02A010800000100EC2A0108000001001E
:10267800E82A010800000100E42A0108000001001E
:10268800E02A010800000500CC2A0108000001002A
:10269800C82A010800000100C42A0108000001003E
:1026A800C02A010800000100BC2A0108000001003E
:1026B800B82A010800000100B42A0108000001003E
:1026C800B02A010800000100AC2A0108000001003E
:1026D800A82A010800000100A42A0108000001003E
:1026E800A02A0108050001009C2A010845000100F4
:1026F800982A010800000200902A01080000020040
:10270800882A010800000200802A0108000002004F
:10271800782A01080A000100742A01080000010053
:10272800702A0108000001006C2A0108000001005D
:10273800682A010800000100642A01080100050058
:10274800502A0108010005003C2A01080100050083
:10275800282A010801000500142A010800000200C7
:102768000C2A010800000100082A010800000100E5
:10277800042A010800000100002A010800000100E5
:10278800FC29010800000100F829010800000100E7
:10279800F429010800000100F029010800000100E7
:1027A800EC29010800000100E829010800000100E7
:1027B800E429010800000100E029010800000100E7
:1027C800DC29010800000100D829010800000100E7
:1027D800D429010800000100D029010800000100E7
:1027E800CC29010800000100C829010800000100E7
:1027F800C429010800000100C029010800000100E7
:10280800BC29010800000100B829010800000100E6
:10281800B429010800000100B029010800000100E6
:10282800AC29010800000100A829010800000100E6
:10283800A429010800000100A029010800000100E6
:102848009C290108000001009829010800000100E6
:1028580094290108000001009029010800000100E6
:102868008C290108000001008829010800000100E6
:1028780084290108000001008029010800000100E6
:102888007C290108000001007829010800000100E6
:1028980074290108000001007029010800000100E6
:1028A8006C290108000001006829010800000100E6
:1028B80064290108000001006029010800000100E6
:1028C8005C290108000001005829010808000100DE
:1028D80054290108200001005029010800000100C6
:1028E8004C290108000001004829010800000100E6
:1028F80044290108000001004029010800000100E6
:102908003C290108000001003829010800000100E5
:1029180034290108000001003029010800000100E5
:102928002C29010832033000F702B000C202B000BF
:102938008D02B0005802B000F8029000C302900067
:102948008E02900059029000E400D000F40090003C
:10295800F700D1000703B000D202B0009D02B0001A
:102968006802B00005033100D00231009B0231003B
:102978006602310005033000D00230009B023000AF
:10298800660230000603B000D102B0009C02B0001D
:102998006702B00001033100CC0231009702310018
:1029A800620231000403B200CF02B2009A02B20000
:1029B8006502B20013031002DE021002A90210021F
:1029C800740210020B031002D6021002A1021002B8
:1029D8006C0210020303B000CE02B0009902B000EE
:1029E8006402B0000203B000CD02B0009802B0004B
:1029F8006302B00002033500CD02350098023500AD
:102A0800630235003A01B0004601B0001902250002
:102A1800380225003C022500430225004702250014
:102A2800D7012500F6012500FA012500010225003D
:102A38000502250095012500B4012500B8012500EF
:102A4800BF012500C301250053012500720125009F
:102A5800760125007D01250081012500FB029000FB
:102A6800C6029000910290005C02900047030402A5
:102A7800FE02081028030810C9020810F302081003
:102A880094020810BE0208105F020810890208109C
:102A9800DE00F700DE00F0002402F000E201F000A2
:102AA800A001F0005E01F000F3003000F3007700B1
:102AB800F300D1007100072072000402A100100287
:102AC800A20010022000081027000810310008108A
:102AD8006F000810750007201B031002E6021002A1
:102AE800B10210027C02100217031002E202100267
:102AF800AD02100278021002C100B0003901B00026
:102B0800FA029000C5029000900290005B029000CB
:102B1800FC02B001C702B0019202B0015D02B0012F
:102B28009100081092000810930008108E000810F9
:102B38008F000810900008108B0008108C000810F7
:102B48008D0008103500081088000810890008104A
:102B58008A000810960008108400081094000810D5
:102B6800380008104001B00049012500490126003D
:102B7800490127004901280049012900B803B0018B
:102B8800B903B0014202040200020402BE010402B9
:102B98007C01040236015100F2003000F200770097
:102BA800F200D100F500D0000F031002DA02100283
:102BB800A502100270021002320331003203320003
:102BC80025020720E3010720A10107205F01072054
:102BD80026020402E4010402A201040260010402C4
:102BE80028020402E6010402A401040262010402AC
:102BF80041020720FF010720BD0107207B010720B4
:102C080019022B0038022B003C022B0043022B0038
:102C180047022B00D7012B00F6012B00FA012B00ED
:102C280001022B0005022B0095012B00B4012B009B
:102C3800B8012B00BF012B00C3012B0053012B004F
:102C480072012B0076012B007D012B0081012B00E6
:102C58002F020720ED010720AB010720690107209B
:102C680031020402EF010402AD0104026B01040207
:102C78005302A4001102A400CF01A4008D01A400F6
:102C88005202A4001002A400CE01A4008C01A400EA
:102C98005102A4000F02A400CD01A4008B01A400DE
:102CA800250007202F000710730008107C0008106B
:102CB8007E0008101F0007202600071030000710AC
:102CC800740008107B000810280007203200071045
:102CD8003900081041000710460005104B00082075
:102CE8004C0008204F000810540008205500082008
:102CF8002100072029000710330007103A000810A8
:102D080040000710470005104A000820500008102E
:102D180053000810F6029000C10290008C02900047
:102D28005702900019023701380237013C02370177
:102D38004302370147023701D7013701F60137014E
:102D4800FA01370101023701050237019501370100
:102D5800B4013701B8013701BF013701C301370199
:102D68005301370172013701760137017D013701BF
:102D7800810137011502B001D301B0019101B00101
:102D88004F01B0012E0007106B0007107F000820CC
:102D980080000810820007201402F000D201F00021
:102DA8009001F0004E01F0002B0330002F0330009B
:102DB8002B0354002F035400360007103F0008105F
:102DC80086000820AF000810590010025A001002AF
:102DD800220008102A000810340008103E000810CD
:102DE8001B00051067000810680008201F02072054
:102DF800DD0107209B01072059010720200204025A
:102E0800DE0104029C0104025A0104024801040282
:102E1800110107202003B001EB02B001B602B00196
:102E28008102B001060024000D00240014002400D3
:102E38006A0008204A012600330157003301550073
:102E4800330153003501B00016010402FB000402EF
:102E5800000104020B0104022B020402E90104022E
:102E6800A7010402650104027501062078013100FA
:102E780078013200790106208001062083013200A2
:102E8800840106208A010620B7010620BA01310014
:102E9800BA013200BB010620C2010620C50132007A
:102EA800C6010620CC010620F9010620FC013100EC
:102EB800FC013200FD010620040206200702320050
:102EC800080206200E0206203B0206203E023100C0
:102ED8003E0232003F020620460206204902320026
:102EE8004A0206205002062028010810C500D0001A
:102EF8002103B001EC02B001B702B0018202B001B7
:102F08009C0090019D009001F902D000C402D000FD
:102F18008F02D0005A02D000DF005A00DF003900CB
:102F2800DF005600DF003500DF005200DF0031000F
:102F3800B6003200BD003200BF00320030BFC363AC
:102F480035030100E5010800350308008503010089
:102F58008503000014000000A847000035030100A5
:102F6800E50110003503100085030100850300000A
:102F780014000000A847000035030100E501200007
:102F880035032000850301008503000014000000BC
:102F9800D832000000000000B84B000025080000EF
:102FA80035080100450801004008000088090000B4
:102FB800A506A00B0000000017020000F0090000A1
:102FC8003702000070050000A80F00000000000094
:102FD8008702000080020000F0090000B70200002C
:102FE800B0020000700500009810000008460000BC
:102FF8000000000020030000200300002003000060
:10300800F0090000500300005003000070050000A4
:10301800A0060000E0030000C84C0000100C0000EF
:10302800404A0000204C00004804000058350000C9
:1030380078360000500A0000500A0000E001000045
:1030480040020000D702000014000000050800003C
:103058008506C0098006400A80062009090000008C
:1030680018370000A80F000098100000084600005C
:103078000900000018370000404A0000204C0000FA
:103088000900000018370000204C000098100000CC
:103098000846000009000000F849000088480000C0
:1030A8005505000065050000450501000900000000
:1030B800E5010800A5060000851504003503030096
:1030C800E501080035030800C506A46EB8370000FE
:1030D8008503010085030000A0380000283800009F
:1030E80009000000D0130000E00600008808000076
:1030F8001707000068250000F009000068090000B3
:103108002708000002000000404A0000204C000090
:10311800B707000035070300D84E00000A0000007A
:1031280035070200F8090000A00F00009010000009
:103138000000000000460000880800006009000048
:10314800430000005708000078280000D81300004A
:103158000000000018480000090000006025000079
:10316800E014000070280000B028000000190000DA
:10317800C02B0000002C0000201D0000102F0000B4
:10318800502F00004021000060320000D8130000DA
:1031980009000000E014000009000000F50101002A
:1031A8000600000885150200851501009515FF0326
:1031B800A515010C09000000A849000018480000E6
:1031C800250500003505000015050100090000006F
:1031D800D50701002506646B3507890D4507890D5C
:1031E80085061400D84E00002A00000025060000BD
:1031F800850600004507000010480000090000008F
:1032080045000000E5018600350084004201000009
:1032180043000000B50C0B0082CE01004300000003
:10322800683300002839000045000100090000004B
:10323800B50C000009000000B50C000009000000F2
:10324800A50B0000F50B0000050C1200150C000082
:10325800E50B0000950B0500483B00000620220006
:1032680038420000B5020400750200006502400003
:10327800E5010101B5020101A84100006502000055
:10328800783F0000A8420000D83B0000017C0007FE
:10329800F2030000017C010006004000430000002A
:1032A80001000005283C000009000000D5080A00BC
:1032B800E5081A00450285225502FD0109000000B3
:1032C800A5010000D5000000E5000000F500200081
:1032D800050100001501000025010000350100006E
:1032E800850100004501000055010000650100004E
:1032F8007501000095010000950001007500FF3779
:1033080009000000350A0900550A0000C50A08002E
:10331800650A3F08250A6000950A0100250A7F0012
:1033280009000000D83C000002DC05004300000052
:10333800D5000000E500000075000300020500004C
:10334800430000008500030025000000180B000062
:1033580025000100E50102007500000009000000D9
:10336800583A0000180E0000020500004300000053
:103378008500FF37D50A4F007500FF3F8500FF3FE6
:1033880050110000050A6B01050A0801050AB5027B
:10339800E50C01000214000043000000280F0000A3
:1033A800450301004503020038130000483B0000B4
:1033B800184500005845000078440000A845000062
:1033C80025000000E501000535000005E5010200C3
:1033D80015000000020F0000430000001843000021
:1033E800883A0000E5010100350001006201000093
:1033F80043000000C80D0000784E000025090100B8
:103408009500FF4009000000050D0100250D010091
:10341800150D1500A50A0100450D870009000000DB
:10342800A50B0000F50A000025022E000900000087
:10343800083B000078440000E5011F00150B1F0041
:1034480038420000C8400000A842000006202200C0
:10345800E50A0800F50A0000883B000002000000A9
:10346800E10300034300000001008002283C000043
:1034780009000000350200001502000006022000C5
:103488002200000032000000E17F800001F400000B
:103498001600000043000000C601000043000000C1
:1034A800E715000002000000F816000043000000C5
:1034B80006001C0035020000901600007200000093
:1034C8000602000072010000F81600004300000028
:1034D8000200000006001C0043000000430000003A
:1034E800E71600000602000002000000F8160000BF
:1034F80043000000090000001200000001F4000071
:1035080012000000E17F80002600000001F40100A5
:1035180000008000E17F8000E601000001F4070060
:10352800000080074300000060180000320000001F
:10353800E17F80002600000001F403000000800005
:10354800E17F8000E601000001F407000000800729
:103558004300000006004000160000004300000081
:1035680026000000000080000600000006000000A1
:103578000600000001748000090000003502000008
:1035880015020000060220002200000032000000A0
:10359800E17F800001F400001600000043000000F5
:1035A800C601000043000000071A000002000000E6
:1035B800181B00004300000006001C003502000034
:1035C800B01A00007200000006020000720100003C
:1035D800181B0000430000000200000006001C0049
:1035E8004300000043000000071B00000602000023
:1035F80002000000181B0000430000000900000042
:103608001200000001F4000012000000E17F8000B9
:103618002600000001F4010000008000E17F800026
:10362800E601000001F407000000800743000000E5
:10363800801C000032000000E17F800026000000AE
:1036480001F4030000008000E17F8000E601000033
:1036580001F4070000008007430000000600400056
:103668001600000043000000260000000000800053
:10367800060000000600000006000000017480003B
:1036880009000000350200001502000006022000B3
:103698002200000032000000E17F800001F40000F9
:1036A8001600000043000000C601000043000000AF
:1036B800271E000002000000381F00004300000021
:1036C80006001C0035020000D01E00007200000039
:1036D8000602000072010000381F000043000000CD
:1036E8000200000006001C00430000004300000028
:1036F800271F00000602000002000000381F00001B
:1037080043000000090000001200000001F400005E
:1037180012000000E17F80002600000001F4010093
:1037280000008000E17F8000E601000001F407004E
:103738000000800743000000A020000032000000C5
:10374800E17F80002600000001F4030000008000F3
:10375800E17F8000E601000001F407000000800717
:10376800430000000600400016000000430000006F
:10377800260000000000800006000000060000008F
:1037880006000000017480000900000035020000F6
:10379800150200000602200022000000320000008E
:1037A800E17F800001F400001600000043000000E3
:1037B800C60100004300000047220000020000008C
:1037C800582300004300000006001C0035020000DA
:1037D800F0220000720000000602000072010000E2
:1037E80058230000430000000200000006001C00EF
:1037F80043000000430000004723000006020000C9
:1038080002000000582300004300000009000000E7
:103818001200000001F4000012000000E17F8000A7
:103828002600000001F4010000008000E17F800014
:10383800E601000001F407000000800743000000D3
:10384800C024000032000000E17F80002600000054
:1038580001F4030000008000E17F8000E601000021
:1038680001F4070000008007430000000600400044
:103878001600000043000000260000000000800041
:103888000600000006000000060000000174800029
:103898000900000098130000F50B0000050C00005B
:1038A800150C0000E50B0000950B0000E50A000070
:1038B800050200000620020010340000050B00007D
:1038C800050B0C00050B0000150B0000250B000074
:1038D800350B0100450B0000550B0000650B00007F
:1038E80038420000B50204007502000065020000BD
:1038F800E5010900B5020900A841000065020000C1
:10390800E5014100B5024100A84100006502000040
:10391800783E0000B5020400750200006502000050
:10392800E5010101B5020101A8410000650200009E
:10393800783F0000A8420000182800000900000095
:1039480015095D00F508BD00E5010020F508002017
:10395800010000000900000001000005283C0000EB
:10396800004E00000900000098130000F50B00004D
:10397800050C0000150C0000E50B0000950B00007D
:10398800E50A0000050200000620020010340000CD
:10399800050B0000050B0C00050B0000150B0000C3
:1039A800250B0000350B0100450B0000550B0000EE
:1039B800650B000038420000B502040075020000E3
:1039C80065020000E5010900B5020900A8410000F0
:1039D80065020000E5014100B5024100A841000070
:1039E80065020000783E0000B50204007502000080
:1039F80065020000E5010101B5020101A8410000CE
:103A080065020000783F0000A8420000682B000013
:103A18000900000015095D00F508BD00E50100205A
:103A2800F508002001000000090000000100000561
:103A3800283C0000004E0000090000009813000018
:103A4800F50B0000050C0000150C0000E50B00004C
:103A5800950B0000E50A00000502000006200200A0
:103A680010340000050B0000050B0C00050B0000CE
:103A7800150B0000250B0000350B0100450B00005D
:103A8800550B0000650B000038420000B502040029
:103A98007502000065020000E5010900B502090091
:103AA800A841000065020000E5014100B50241009F
:103AB800A841000065020000783E0000B50204003D
:103AC8007502000065020000E5010101B50201016F
:103AD800A841000065020000783F0000A8420000ED
:103AE800B82E00000900000015095D00F508BD00AA
:103AF800E5010020F5080020010000000900000091
:103B080001000005283C0000004E000009000000EC
:103B180098130000F50B0000050C0000150C0000C0
:103B2800E50B0000950B0000E50A00000502000007
:103B38000620020010340000050B0000050B0C00E5
:103B4800050B0000150B0000250B0000350B0100CC
:103B5800450B0000550B0000650B000038420000C3
:103B6800B50204007502000065020000E5010900C5
:103B7800B5020900A841000065020000E501410006
:103B8800B5024100A841000065020000783E00002F
:103B9800B50204007502000065020000E50101019C
:103BA800B5020101A841000065020000783F00004D
:103BB800A8420000083200000900000015095D0055
:103BC800F508BD00E5010020F5080020010000000F
:103BD8000900000001000005283C0000004E00001C
:103BE80009000000E5013100C508200009000000B7
:103BF8006503C000B5070200B5082A00A832000016
:103C08000900000055080200F5050100350C040004
:103C180009000000D50701002506E4006507060035
:103C2800E507080045061400D84E00000A00000009
:103C3800F84800002849000065072700090000002F
:103C4800350C0200350C0300E5010100050B0100ED
:103C5800E5010200D50A0000A200000043000000B0
:103C680009000000E5010800A5060000250303007F
:103C7800E501080025030800C506046FB8370000F1
:103C88009503010095030000283800000900000092
:103C980015080000E5010800A5060800D84E000038
:103CA8002A00000009000000250800002506000081
:103CB8003507030045070300D84E00000A0000003E
:103CC800090000002508010009000000F5010110A5
:103CD8000600000809000000E5010400850604004C
:103CE800D50701002506C46DD84E00002A00000043
:103CF80009000000250600008506000009000000F4
:103D0800E836000018480000884800000900000054
:103D1800E50110003503100009000000E50110005E
:103D28002503100009000000D5070100250614002E
:103D3800D84E00002A00000025060000C506000035
:103D480009000000E5061800D84E00000A0000002F
:103D5800E50600003508010088090000A506A00B4B
:103D68000900000005071800D84E00000A000000EE
:103D7800050700004508010048360000A50640690F
:103D880009000000E50186003500840042010000BA
:103D980043000000E5010300B50C010062000000CB
:103DA80043000000D50701002506E400650706006A
:103DB800E507080045061800D84E00000A00000074
:103DC800F84800002849000065072700090000009E
:103DD800E5010300B50C030009000000683300008A
:103DE800E501020035000200620100004300000006
:103DF800E5018400350000000900000015023600C6
:103E080005020E0025022E000900000015023600EA
:103E180005020E00250293000900000015094D0057
:103E2800F5089D00E5010020F508002009000000C4
:103E380015095D00F508BD00E5010020F508002022
:103E480009000000E5010020F5080000000000005E
:103E58000000000025000100E50102001500020035
:103E680025000000E501020015000000090000001F
:103E780065007F00090000006500000009000000DF
:103E88007500010009000000D5000000E5010200EE
:103E98009500020009000000A5010000E5000000EF
:103EA800F5002000050100001501000025010000B3
:103EB8003501000045010300550103008501030099
:103EC800650103007501030095010300E501F77F13
:103ED8009500F57F09000000E501FF016502E0019A
:103EE800E5011100B5021100A8410000E501FF013C
:103EF8006502FF01E5012100B5022100A84100008B
:103F0800E501FF016502F801E5018100B5028100C4
:103F1800A841000009000000E501FF016502C00199
:103F2800E5010102B5020102A8410000E501FF0117
:103F38006502FF01E5010104B5020104A841000082
:103F4800E501FF016502F801E5010108B502010874
:103F5800A8410000E501FF016502FF01E50101102C
:103F6800B5020110A841000009000000B5020400D4
:103F78006502003FB5020D00F84100006502C0FF70
:103F8800B5021500F84100006502F0FFB502850092
:103F9800F84100006502FFFFB5022500F841000066
:103FA80009000000B208000043000000E501F91F05
:103FB800B502000009000000B2080000430000003C
:103FC800B502040009000000E50100053500000005
:103FD800E501001835000018E50100053500000569
:103FE80009000000E501000535000000E5010018A2
:103FF80035000000E5010005350000050900000056
:10400800450A0100450A000065070300D5070800B6
:104018002506140058490000A84700002507390064
:10402800F50400000505803EE5040100D84E0000B7
:104038000A000000A8470000F848000065070000D3
:1040480009000000250A0000950A0000250A000062
:10405800650A000009000000050B0000050B0C00B4
:10406800050B0000150B1F00250B0000350B010088
:10407800450B0000550B0000650B0000090000000F
:10408800F50B0000050C0E00150C000009000000DF
:10409800950B0700A50B0400E50A0700F50A0400C4
:1040A80009000000D50B0500B50B0300090000004E
:1040B800D50B0500B50B00000900000038420000D0
:1040C800B5020400750200006502C03FE501010168
:1040D800B5020101A8410000650200FE783F00001A
:1040E800A8420000483B000006202200D83B000000
:1040F800F5090100E50100039509000101F400003C
:10410800D50B0500024B000043000000D50B090049
:10411800F5090000E501000395090000283C0000AE
:104128000900000025070000B50501006200000035
:1041380043000000B5050000E50400000900000088
:1041480035070000C50501006200000043000000BB
:10415800C50500001505000009000000450700001E
:10416800D50501006200000043000000D5050000ED
:10417800450500000900000025060000D5070000DD
:104188000900000045060000E507000009000000DE
:1041980015000400E50108003500000015000000C6
:1041A8000900000015000800E501100035000000B6
:1041B800150000000900000015001000E5012000AE
:1041C80035000000150000000900000095000100FE
:1041D800E50C000025090000283900002500010031
:1041E800E501020015000200E50106008500000057
:1041F800E501060075000000D8450000984E000053
:10420800E5010100350000006201000043000000E4
:1042180028440000D50A000085000100183D000070
:10422800783D00000900000028330000C5000000A8
:1042380095140000783D0000383D0000F80B0000A0
:1042480009000000D80B0000E5010100850000000E
:10425800E501010075000000383D0000E50102009D
:1042680015000000F83C000009000000950C130040
:10427800750C3800850C02001502360005020E0088
:1042880025022E00062022001509ED00F508DD01A3
:10429800E5010020F50800200100000501000105E6
:1042A8000100000506004000283C0000750C0000D5
:1042B800850C0000950C000009000000350C00007A
:1042C800350C0400E5010100050B0000E5010200C2
:1042D800D50A020009000000450DFF000900000092
:1042E800450D0000A50A0000050D000009000000AA
:1042F8005200000043000000090000000000000018
:10430800010000000AD7233D295C8F3D295C0F3E40
:104318005C8F423E0AD7A33ECDCC344133335B4158
:10432800000098410000A441CDCCAC410C0018001D
:104338003000480078000000347701084077010811
:104348004C77010858770108647701081877010845
:10435800247701082C770108E8760108F07601082F
:10436800F876010800770108087701081077010836
:1043780000BE87BD8EBD14BD19BDA0BC27BCAEBB99
:10438800ADAD33ACB8AABEA8CBADD2AB58A95FA728
:10439800DC9FE19B67986C947390F58AF8857A8026
:1043A800F9C379C779CBF8CE75D1F4D472D871DB5B
:1043B800F8E0F7E4F5E8F2EC56E952EC4EEFC9F113
:1043C80039F0B3F22DF527F71DF515F68CF784F8BB
:1043D800837A897A0F7A147A9A7720772776AD7557
:1043E8002E6EB46CB96B3F6A4F71D56E5C6CE26926
:1043F800DC5F615CE558EA54DE4DDF4961466242A4
:10440800F7017705F608F60BF50E7412F215711917
:1044180051164F19CC1BCA1E5C28D72B532F4E326E
:10442800392C342F2E32A93423399A3A923B093D3C
:10443800093D093D093D093D093D093D093D093D44
:10444800093D093D093D093D093D093D093D093D34
:10445800093D093D093D093D093D093D093D093D24
:10446800093D093D093D093D093D093D093D093D14
:104478000000020028490108000001002449010841
:104488000300010020490108010001001C4901083E
:10449800030001001849010800000100144901083F
:1044A8000000010010490108000001000C49010842
:1044B800000001000849010800000400F84801084C
:1044C80000000100F448010804000100F048010858
:1044D80004000100EC4801080C030200E44801084C
:1044E800C05D0100E048010840010800C04801081B
:1044F80015000100BC48010800000100B848010887
:1045080000000100B448010800000100B04801089B
:1045180001000300A4480108020002009C480108A9
:1045280000000200944801080000010090480108BA
:10453800010001008C4801083F000100884801087B
:1045480004000100844801080000010080480108B7
:10455800010001007C4801080000010078480108BA
:1045680000000100744801080000010070480108BB
:10457800000001006C4801080500010068480108B6
:1045880045000100644801080A000100604801086C
:10459800000001005C4801080800010058480108B3
:1045A8002000020050480108000001004C480108A2
:1045B800613132312D76312E31302E30000000003D
:1045C80000000000000000000000000000000000E3
:1045D80000000000000000000000000000000000D3
:1045E80000000000000000000000000000000000C3
:1045F80000000000000000000000000000000000B3
:104608000000000000000000FFFF00005911010831
:104618006911010800000000F91A000839120008A1
:1046280050000000A0000100080010010000000177
:104638000300000050000000A00001000800100165
:10464800000000010300000050000000A00001006D
:1046580008001001000000010300000050000000E5
:10466800A000010008001001000000010300000084
:10467800000000000000000001000000010001002F
:1046880002000100A00000000000000099010008DD
:104698000000000001000000A10100080000000067
:1046A80002000000E901000800000000030000000B
:1046B800090200080000000010000000290200089C
:1046C800000000001100000069020008000000005E
:1046D800120000009D020008000000001300000006
:1046E800D102000800000000200000003D11000871
:1046F8000000000040000000050300084103000816
:10470800410000007D030008B903000842000000D2
:10471800F503000831040008430000007104000894
:10472800AD04000844000000ED0400082905000855
:104738004500000069050008B905000846000000AA
:10474800150600086506000847000000C1060008B5
:1047580011070008480000006D070008BD070008A1
:104768004900000019080008690800084A0000000C
:10477800C5080008150900084B0000007109000869
:10478800C10900084C0000001D0A00086D0A000855
:104798004D000000C90A0008190B00084E0000006F
:1047A800750B0008B10B00084F000000F50B00085E
:1047B800310C000850000000750C0008B90C000806
:1047C80051000000FD0C0008390D000852000000DF
:1047D800750D0008C50D000853000000210E0008E3
:1047E800710E000854000000CD0E0008090F0008E3
:1047F800550000004D0F0008890F00085600000002
:10480800C50F0008011000085700000045100008F7
:104818009510000880000000F1100008151100082C
:10482800000100000000000061110008FFFF000007
:104838009101000800000000000000480004004842
:10484800001C00485C0130003700D000C802D000CE
:10485800B4009000B700D100FA000402E200F700AB
:10486800E200F000B3003000B3007700B300D100DD
:10487800D6005100B2003000B2007700B200D1007B
:10488800B500D0005C0131005C0132002900300025
:104898002D003000290054002D005400060024008B
:1048A8000D00240014002400D3005700D300550045
:1048B800D3005300D500B000AC0004021B0304026F
:1048C800F5040402FA0404020105040206050402C0
:1048D8002105040258050402180504026C010402AB
:1048E800220304023204B0007204B000CF040402B0
:1048F800C9043701CC043701D0043701D304370188
:104908006105B0006305D000E3005A00E3003900F8
:10491800E3005600E3003500E3005200E3003100F5
:104928005900320060003200300EB36335030100D5
:10493800E501080035030800850301008503000030
:1049480014000000A801000035030100E501100073
:1049580035031000850301008503000014000000E2
:10496800A801000035030100E501200035032000FF
:1049780085030100850300001400000015000400F1
:10498800E5010800350000001500000009000000DE
:1049980025070000B5050100620000004300000083
:1049A800B5050000E5040000090000002506000028
:1049B800D50700000900000045060000E5070000D3
:1049C800090000006503C000B5070200B5082A0009
:1049D800C802000009000000E5013100C5082000F8
:1049E8000900000052000000430000000900000018
:1049F80065007F0009000000A5010000D500000047
:104A0800E5000000F5002000050100001501000088
:104A18002501000035010000850100004501000066
:104A280055010000650100007501000095010000B6
:104A3800950001007500FF3709000000D50000004F
:104A4800E50102009500020009000000A501000030
:104A5800E5000000F5002000050100001501000038
:104A68002501000035010000450103005501030040
:104A7800850103006501030075010300950103002A
:104A8800E501F77F9500F57F09000000B50C0000EF
:104A98000900000045000000E5018600350084009B
:104AA8004201000043000000B50C0B0082CE01005B
:104AB8004300000088080000580700004500010076
:104AC80009000000E5010300B50C0300090000001F
:104AD800020F0000430000000900000088080000E1
:104AE800E5010200350002006201000043000000F9
:104AF800E50184003500000009000000E50186009A
:104B0800350084004201000043000000E501030075
:104B1800B50C01006200000043000000D507010049
:104B28002506E40065070600E507080045061800A5
:104B3800F80200000A000000180200004802000005
:104B48006507270009000000D50701002506E400D5
:104B580065070600E507080045061400F80200008E
:104B68000A0000001802000048020000650727003C
:104B780009000000550D0100000000007507000045
:104B8800C50D90097507270085130100151401004C
:104B9800E501040085130400E50104001514040070
:104BA800E501080085130800E501F8011514F8016E
:104BB800090000001502000005020000250201009E
:104BC8000620220015090200F5080400E50100206E
:104BD800F50800200900000002140000430000004E
:104BE80001000100010080020600400009000000E9
:104BF800350A0900550A0000C50A0800650A3F0879
:104C0800250A6000950A0100250A7F0009000000B6
:104C1800250A0000950A0000250A0000650A000020
:104C280009000000450A0100450A00006507030065
:104C3800D50708002506140058010000A801000047
:104C480025073900F50400000505803EE50401004C
:104C5800F80200000A000000A80100001802000085
:104C68006507000009000000450A0100450A000028
:104C780009000000050D0100250D0100150D1500A6
:104C8800A50A0100450D870009000000450DFF0039
:104C98000900000015095D00F508BD00E5010020C8
:104CA800F508002009000000D5080A00E5081A00E8
:104CB800450285225502FD01090000001502360053
:104CC80005020E002502930009000000E5010020FE
:104CD800F5080000000000000000000025000100A9
:104CE800E50102001500020025000000E5010200B0
:104CF8001500000009000000350C0200350C030007
:104D0800E5010100050B0100E5010200D50A0000DC
:104D1800A20000004300000009000000E5010005B2
:104D280035000000E501001835000018E501000510
:104D38003500000509000000E50100053500000008
:104D4800E501001835000000E50100053500000503
:104D580009000000B208000043000000E501F91F47
:104D6800B502000009000000E501FF016502E0014D
:104D7800E5011100B5021100B8100000E501FF01BE
:104D88006502FF01E5012100B5022100B81000000D
:104D9800E501FF016502F801E5018100B502810026
:104DA800B810000009000000E501FF016502C0011C
:104DB800E5010102B5020102B8100000E501FF019A
:104DC8006502FF01E5010104B5020104B810000005
:104DD800E501FF016502F801E5010108B5020108D6
:104DE800B8100000E501FF016502FF01E5010110AF
:104DF800B5020110B810000009000000D50B05002D
:104E0800B50B030009000000D80F0000B50204002C
:104E1800750200006502C03FE5010101B50201010C
:104E2800B8100000650200FE0812000048100000DB
:104E3800580E000006202200B80D0000F5090100F8
:104E4800E50100039509000101F40000D50B0500F8
:104E5800024B000043000000D50B0900F5090000D3
:104E6800E501000395090000980E00000900000004
:104E7800050B0000050B0C00050B0000150B1F00AF
:104E8800250B0000350B0100450B0000550B0000F9
:104E9800650B0000090000005508020058010000D9
:104EA800A80100001802000048020000F5050100F2
:104EB800350C040078020000285100003809000071
:104EC800380A000001000000950C1300750C38002A
:104ED800850C0200A2000000C23000004300000060
:104EE80043000000010001050600400001008002A7
:104EF800750C0001850C1800C80A0000850C3800E4
:104F08002503000065070300D507080025061400DF
:104F180058010000F50400000505800285142200F0
:104F2800C50A0000080D0000A80100002507210699
:104F3800E5040100F80200000A000000A8010000D2
:104F4800E501010025030100C80A0000C50A0100A7
:104F5800080D0000A801000025074D06E504010022
:104F6800F80200000A000000A8010000E5010200A4
:104F780025030200C80A0000C50A0200080D000047
:104F8800A801000025077906E5040100F8020000E1
:104F98000A000000A8010000E50104002503040040
:104FA800C80A0000C50A0300080D0000A801000097
:104FB8002507A506E5040100F80200000A00000024
:104FC800A8010000E501080025030800C80A000040
:104FD800C50A0400080D0000A80100002507D10635
:104FE800E5040100F80200000A000000A801000022
:104FF800E501100025031000C80A0000C50A0500D5
:10500800080D0000A80100002507FD06E5040100C1
:10501800F80200000A000000A8010000E5012000D5
:1050280025032000C80A0000C50A0600080D000074
:10503800A801000025072907E5040100F80200007F
:105048000A000000A8010000E50140002503400017
:10505800C80A0000C50A0700080D0000A8010000E2
:1050680025075507E5040100F80200000A000000C2
:10507800A8010000E501800025038000C80A00009F
:10508800C50A0800080D0000A801000025078107CF
:10509800E5040100F80200000A000000A801000071
:1050A800E501000125030001C80A0000C50A09003E
:1050B800080D0000A80100002507AD07E504010060
:1050C800F80200000A000000A8010000E501000243
:1050D80025030002C80A0000C50A0A00080D0000DE
:1050E800A80100002507D907E5040100F80200001F
:1050F8000A000000A8010000E501000425030004DF
:10510800C80A0000C50A0B00080D0000A80100002D
:1051180025070508E5040100F80200000A00000060
:10512800A8010000E501000825030008C80A0000DE
:10513800C50A0C00080D0000A80100002507310869
:10514800E5040100F80200000A000000A8010000C0
:10515800E501001025030010C80A0000C50A0D006B
:10516800080D0000A801000025075D08E5040100FE
:10517800F80200000A000000A8010000E501002074
:1051880025030020C80A0000C50A0E00080D00000B
:10519800A801000025078908E5040100F8020000BD
:1051A8000A000000A8010000E501004025030040B6
:1051B800C80A0000C50A0F00080D0000A801000079
:1051C8002507B508E5040100F80200000A00000000
:1051D800A8010000E501008025030080C80A00003E
:1051E80085140000A80B000018020000C850000039
:1051F8001400000078590000750C8000850C8000B0
:10520800B50A0300E5010400B50C04000600000817
:10521800950A6100484F0000950A6900484F000050
:10522800950A7100484F0000950A7900484F000020
:10523800950A4100484F0000950A4900484F000070
:10524800950A5100484F0000950A5900484F000040
:10525800950A2100484F0000950A2900484F000090
:10526800950A3100484F0000950A3900484F000060
:10527800950A0100484F0000950A0900484F0000B0
:10528800950A1100484F0000950A1900484F000080
:10529800B50A000001008002750C0200850C0200AE
:1052A800E5010400B50C0000C80A0000750C1800E0
:1052B800850C0600F5001000C80A0000F500110072
:1052C800C80A0000F5001200C80A0000F500130023
:1052D800C80A0000F5001400C80A0000F50015000F
:1052E800C80A0000F5001600C80A0000F5001700FB
:1052F800C80A0000F5001800C80A0000F5001900E7
:10530800C80A0000F5001A00C80A0000F5001B00D2
:10531800C80A0000F5001C00C80A0000F5001D00BE
:10532800C80A0000F5001E00C80A0000F5001F00AA
:10533800C80A0000F5002000C80A0000F500210096
:10534800C80A0000F5002200C80A0000F500230082
:10535800C80A0000F5002400C80A0000F50025006E
:10536800C80A0000F5002600C80A0000F50027005A
:10537800C80A0000F5002800C80A0000F500290046
:10538800C80A0000F5002A00C80A0000F5002B0032
:10539800C80A0000F5002C00C80A0000F5002D001E
:1053A800C80A0000F5002E00C80A0000F5002F000A
:1053B800C80A0000F5003000C80A0000F5003100F6
:1053C800C80A0000F5003200C80A0000F5003300E2
:1053D800C80A0000F5003400C80A0000F5003500CE
:1053E800C80A0000F5003600C80A0000F5003700BA
:1053F800C80A0000F5003800C80A0000F5003900A6
:10540800C80A0000F5003A00C80A0000F5003B0091
:10541800C80A0000F5003C00C80A0000F5003D007D
:10542800C80A0000F5003E00C80A0000F5003F0069
:10543800C80A0000A80B0000C850000014000000B3
:105448007859000045030100F5002000750C0300A1
:10545800850C0300E5010400B50C040006000008F3
:10546800150D100008500000150D1100085000001F
:10547800150D120008500000150D1300085000000B
:10548800150D140008500000150D150008500000F7
:10549800150D160008500000150D170008500000E3
:1054A800150D180008500000150D190008500000CF
:1054B800150D1A0008500000150D1B0008500000BB
:1054C800150D1C0008500000150D1D0008500000A7
:1054D800150D1E0008500000150D1F000850000093
:1054E800150D000008500000150D010008500000BF
:1054F800150D020008500000150D030008500000AB
:10550800150D040008500000150D05000850000096
:10551800150D060008500000150D07000850000082
:10552800150D080008500000150D0900085000006E
:10553800150D0A0008500000150D0B00085000005A
:10554800150D0C0008500000150D0D000850000046
:10555800150D0E0008500000150D0F000850000032
:10556800350D000001008002980E0000A80B000015
:1055780045030000C850000014000000B50B0300EC
:10558800F50901002500010095090001250000002A
:10559800D50B0E000214000043000000D50B0A00D2
:1055A800F509000095090000950C0000620900004B
:1055B800C23000004300000043000000380A000029
:1055C800E5010400B50C0400050C00000600000805
:1055D800150C0000E50B3C00C80A0000E50B340080
:1055E800C80A0000E50B2C00C80A0000E50B2400DF
:1055F800C80A0000E50B0400C80A0000E50B0C000F
:10560800C80A0000E50B1400C80A0000E50B1C00DE
:10561800C80A0000150C0100E50B3C00C80A000090
:10562800E50B3400C80A0000E50B2C00C80A00008E
:10563800E50B2400C80A0000E50B0400C80A0000B6
:10564800E50B0C00C80A0000E50B1400C80A0000AE
:10565800E50B1C00C80A0000150C0200E50B3C0015
:10566800C80A0000E50B3400C80A0000E50B2C004E
:10567800C80A0000E50B2400C80A0000E50B040076
:10568800C80A0000E50B0C00C80A0000E50B14006E
:10569800C80A0000E50B1C00C80A0000150C03002E
:1056A800E50B3C00C80A0000E50B3400C80A0000FE
:1056B800E50B2C00C80A0000E50B2400C80A00000E
:1056C800E50B0400C80A0000E50B0C00C80A00003E
:1056D800E50B1400C80A0000E50B1C00C80A00000E
:1056E800150C0400E50B3C00C80A0000E50B34006B
:1056F800C80A0000E50B2C00C80A0000E50B2400CE
:10570800C80A0000E50B0400C80A0000E50B0C00FD
:10571800C80A0000E50B1400C80A0000E50B1C00CD
:10572800C80A0000150C0500E50B3C00C80A00007B
:10573800E50B3400C80A0000E50B2C00C80A00007D
:10574800E50B2400C80A0000E50B0400C80A0000A5
:10575800E50B0C00C80A0000E50B1400C80A00009D
:10576800E50B1C00C80A0000150C0600E50B3C0000
:10577800C80A0000E50B3400C80A0000E50B2C003D
:10578800C80A0000E50B2400C80A0000E50B040065
:10579800C80A0000E50B0C00C80A0000E50B14005D
:1057A800C80A0000E50B1C00C80A0000150C070019
:1057B800E50B3C00C80A0000E50B3400C80A0000ED
:1057C800E50B2C00C80A0000E50B2400C80A0000FD
:1057D800E50B0400C80A0000E50B0C00C80A00002D
:1057E800E50B1400C80A0000E50B1C00C80A0000FD
:1057F800150C0800E50B3C00C80A0000E50B340056
:10580800C80A0000E50B2C00C80A0000E50B2400BC
:10581800C80A0000E50B0400C80A0000E50B0C00EC
:10582800C80A0000E50B1400C80A0000E50B1C00BC
:10583800C80A0000150C0900E50B3C00C80A000066
:10584800E50B3400C80A0000E50B2C00C80A00006C
:10585800E50B2400C80A0000E50B0400C80A000094
:10586800E50B0C00C80A0000E50B1400C80A00008C
:10587800E50B1C00C80A0000C85000001400000016
:10588800A8590000E8550000F50A00002859000052
:10589800F50A010028590000F50A020028590000FD
:1058A800F50A030028590000F50A040028590000E9
:1058B800F50A050028590000F50A060028590000D5
:1058C800F50A07002859000001008002980E000020
:1058D800085A0000C850000014000000A859000031
:1058E800080E0000D80F0000B50204007502000081
:1058F8006502C03FE5010900B5020900B8100000C3
:1059080065020000E5014100B5024100B810000041
:10591800650200FE081100009858000048100000B9
:1059280006200208B80D0000A50B04006855000009
:10593800F50A0000D84D0000F50A0100D84D000016
:10594800F50A0200D84D0000F50A0300D84D000002
:10595800F50A0400D84D0000F50A0500D84D0000EE
:10596800F50A0600D84D0000F50A0700D84D0000DA
:1059780001008002980E0000085A0000C85000007C
:1059880014000000A8590000E50A0800950B08005B
:10599800F50B0F00D80F0000B502040075020000D7
:1059A8006502C03FE5010900B5020900B810000012
:1059B80065020000E5014100B5024100B810000091
:1059C800650200FE08110000B5020400750200001F
:1059D8006502C03FE5010101B5020101B8100000F0
:1059E800650200FE0812000048100000B80D000013
:1059F800F50A04001502A0000600200801F40005BD
:105A080006020000A50B0000884C000006020000FA
:105A1800A50B0100884C000006020000A50B02003F
:105A2800884C000006020000A50B0300884C00000B
:105A380006020000A50B0400884C000006020000C6
:105A4800A50B0500884C000006020000A50B060007
:105A5800884C000006020000A50B0700884C0000D7
:105A680001000005980E0000085A0000C850000008
:105A780014000000A8590000E50A0800950B08006A
:105A8800F50B0900D80F0000B502040075020000EC
:105A98006502C007E5010900B5020900B810000059
:105AA80065020000E5014100B5024100B8100000A0
:105AB8006502001E08110000B5020400750200000E
:105AC8006502C007E5010101B5020101B810000037
:105AD8006502001E08120000481000003502000090
:105AE8001502A00025022E0006202008B80D00008F
:105AF800A50B0400050C0300150C000068550000F8
:105B0800D84D000001008002980E0000085A0000DD
:105B1800C850000014000000A8590000E501040066
:105B2800B50C0000350C0100750C8001850C0200D5
:105B3800950C1300450C0900650C1B002815000086
:105B4800450B0200E50A0800950B0800D80F000075
:105B5800B50204007502000065024000E501090075
:105B6800B5020900B810000065020000E501410017
:105B7800B5024100B81000006502007E081100005F
:105B88009858000048100000B80D000001000000FF
:105B98001502A10025026E00650B040006202008EE
:105BA8004853000006002008220000004853000067
:105BB8004300000001008002650B0C000600200075
:105BC80042000000485300004300000001000005A7
:105BD800650C0000450C0F00550C0300750CC00146
:105BE800150B0900550B0700350B2900250B0B0079
:105BF8000600200052000000585400004300000036
:105C080001008002550B0F00350B0900060020002B
:105C180052000000585400004300000001008002B8
:105C2800250B130006002000520000005854000005
:105C38004300000001000005980E0000085A00000B
:105C4800C85000001400000012000000E1750000B8
:105C580001F4010026000000E175000001F40700CE
:105C6800E601000002000000E175000001F40300F5
:105C780026000000E175000001F40700E6010000BD
:105C8800430000000600400016000000430000002A
:105C980026000000017480000900000006002000B2
:105CA800120000000602000072010000884C00008B
:105CB8004300000006001C004300000001F48002BD
:105CC8000900000006002000060200007201000022
:105CD800884C00004300000001F480020900000025
:105CE800851300001514000075070000C50D00009D
:105CF800550D010009000000B50A03000214000058
:105D0800430000000100010001008002B50A020002
:105D18000214000043000000010007000100800297
:105D28000600400009000000350D010002140000C3
:105D3800430000000100010001008002350D03004E
:105D48000214000043000000010007000100800267
:105D5800060040000900000035030200E5010000CC
:105D680035030000850301008503000009000000D9
:105D7800C5000000951400009804000058040000B5
:105D8800980500002803000002DC0500430000001D
:105D980048030000A2010000430000008500FF370F
:105DA800D50A4F007500FF3F8500FF3F0214000031
:105DB80043000000E50C0100280B0000380D00002E
:105DC80025000000E501000535000005E501020099
:105DD80015000000B8050000020F00004300000095
:105DE800980D00002509010078060000A8060000AB
:105DF800D80600000900000006020000F2020000B8
:105E080001080000E1070000010000000100010096
:105E18006200000001080000E10700000100000026
:105E280001000300430000000600400026000000B7
:105E38004300000006001C000900000006020000E4
:105E4800F20200000128000001100000E107000034
:105E5800010001006200000001280000011000009C
:105E6800E1070000010003004300000006004000B5
:105E7800260000004300000006001C000900000086
:105E8800F509010095090001021400004300000013
:105E9800F50900009509000001F40001090000005F
:105EA800050A6B01050A0801050AB502150D00006F
:105EB800D50B0900E50B0000980E00004503010012
:105EC80045030200E84E0000581300008813000044
:105ED800D80F0000B5020400750200006502C03F3B
:105EE800E5010900B5020900B810000065020000CC
:105EF800E5014100B5024100B8100000650200FE4E
:105F0800081100009858000048100000E50A080031
:105F1800950B0700480F000015029D003502000090
:105F28000502760025022E0006200208B80D0000A2
:105F3800A50B0400050C1100150C0000F50B020060
:105F480068550000080E000009000000B5020400B2
:105F58007502000065024000E5010101B50201017A
:105F6800B8100000650200000812000009000000D7
:105F78005502DD0D784E00005502FF0F784E0000E7
:105F880009000000280B0000F80B000009000000C1
:105F980078590000E50101003500010062010000A8
:105FA8004300000009000000E50101003500000081
:105FB8006201000043000000A80B00000900000077
:105FC80000000000000000000000000000000000C9
:105FD80000000000000000000000000000000000B9
:105FE80000000000000000000000000000000000A9
:105FF8000000000000000000000000000000000099
:106008000000000000000000000000000000000088
:106018000000000000000000000000000000000078
:106028000000000000000000000000000000000068
:106038000000000000000000000000000000000058
:106048000000000000000000000000000000000048
:106058000000000000000000000000000000000038
:106068000000000000000000000000000000000028
:106078000000000000000000000000000000000018
:10608800000000000000000000000000496E76617A
:106098006C696420636F6E66696775726174696F95
:1060A8006E0000006465746563746F725F7072657A
:1060B80073656E63650000005374617465206E6FCC
:1060C8007420757365640000656C656D656E745F3A
:1060D8006672616D650000005363726174636820C5
:1060E8006973207573656420627574206E6F7420FF
:1060F800736574005363726174636820616E642011
:106108007374617465206E6F742075736564000024
:10611800656C656D656E745F73696E6B5F61313256
:10612800315F63616C6C6261636B00004F75747002
:1061380075742063616E206E6F74206265207365CC
:106148007420666F722073696E6B20656C656D656F
:106158006E740000253032753A253032753A253094
:1061680032752E253033752028256329202825737C
:10617800292025730A0000004557495644000000AD
:106188004465746563746F72205374617475732009
:106198003D203078256C780A000000004932432001
:1061A80041646472657373203D203078256C780AE9
:1061B80000000000496E76616C696420636F6E664A
:1061C80069672068616E646C65000000636F6E66C5
:1061D80069670000496E76616C6964207375627343
:1061E8007765657020696E6465780000496E766130
:1061F8006C69642073656E736F722068616E646C7D
:106208006500000073656E736F720000546F6F2035
:106218006C617267652073656E736F722062756654
:10622800666572207573616765000000726164615C
:10623800725F656E67696E655F61313231000000BB
:106248004C6F61643A205472616E73666572207394
:10625800697A6520697320746F206C6172676500C4
:1062680073656E736F725F636F6D6D5F613132312D
:1062780000000000556E61636B6E6F776C65646734
:106288006564206576656E742064657465637465FD
:1062980064206F6E2073656E736F7220256C7500B5
:1062A80073656E736F725F70726F746F636F6C5F1C
:1062B800613132310000000053656E736F72202522
:1062C8006C75206E6F7420726561647920666F72D8
:1062D800206C6F6164696E672061206E657720703D
:1062E800726F6772616D000053656E736F7220255F
:1062F8006C75206E6F7420726561647920666F72A8
:106308002072756E6E696E672061206E65772070E9
:10631800726F6772616D0000496E76616C69642006
:106328006275666665722073656E736F7220256C80
:106338007500000047656E657269633120496E74A7
:1063480065727275707420616C726561647920631E
:106358006C6561726564206F6E2073656E736F7211
:1063680020256C75000000004E6F206576656E7400
:1063780020636F6465205B307825785D20726563E3
:1063880065697665642066726F6D2073656E736FDC
:106398007220256C750000004572726F7220657658
:1063A800656E7420636F6465205B307825785D20A6
:1063B80072656365697665642066726F6D207365C2
:1063C8006E736F7220256C7500000000496E76614F
:1063D8006C6964206576656E7420636F6465205B04
:1063E800307825785D207265636569766564206616
:1063F800726F6D2073656E736F7220256C75000067
:1064080053707572696F7573206576656E74207246
:1064180065636569766564207768656E20444F4ECC
:1064280045206578706563746564212052656365ED
:1064380069766564206576656E7420636F6465208F
:106448003D2025640000000063616C69627261741C
:10645800696F6E5F613132315F63616C5F73657361
:1064680073696F6E00000000496E76616C69642084
:106478006E756D626572206F6620737562737765DD
:10648800657073007472616E736C6174696F6E5FAE
:106498006131323100000000496E76616C69642018
:1064A80073776565705F726174650000656E61621F
:1064B8006C655F636361206E6F742076616C6964DC
:1064C800207769746820646F75626C655F627566B1
:1064D800666572696E6700005375627377656570EB
:1064E800202568752068617320696E76616C69641F
:1064F8002050524600000000496E76616C696420A5
:106508006672616D655F726174650000496E7661DF
:106518006C69642073657474696E677320666F7242
:1065280020636F6E74696E756F75735F73776565D9
:10653800705F6D6F64650000696E7465725F667286
:10654800616D655F69646C655F7374617465206D06
:10655800757374206265207468652073616D6520A9
:106568006F7220646565706572207468616E206959
:106578006E7465725F73776565705F69646C655F7B
:106588007374617465000000496E76616C696420FB
:10659800696E7465725F6672616D655F69646C656A
:1065A8005F73746174650000496E76616C6964207C
:1065B800696E7465725F73776565705F69646C6531
:1065C8005F73746174650000496E76616C6964205C
:1065D8006877616173000000496E76616C696420B8
:1065E800636F6D62696E6174696F6E206F66206C8F
:1065F8006F6F706261636B20616E642070726F668A
:10660800696C6500496E76616C696420636F6D62C0
:10661800696E6174696F6E206F662070726F66694B
:106628006C6520616E64207072660000496E766148
:106638006C69642070726F66696C6500496E76617A
:106648006C696420737465705F6C656E677468004C
:10665800496E76616C6964206E756D5F706F696EE6
:106668007473000070686173655F656E68616E635E
:10667800656D656E74206E6F742076616C69642038
:10668800776974686F757420737562747261637466
:106698005F696E5F6275666665720000496E766155
:1066A8006C696420737461727420706F696E740011
:1066B800496E76616C6964206E756D626572206FD3
:1066C8006620706F696E7473206F722073746570C2
:1066D800206C656E67746800496E76616C69642029
:1066E80070726600537461727420706F696E7420E2
:1066F8006F722072616E676520746F6F20666172B9
:1067080000000000537461727420706F696E742009
:10671800746F6F20636C6F7365000000496E76615B
:106728006C69642072656365697665725F67616923
:106738006E000000496E76616C69642054582070C0
:106748006F77657220617474656E756174696F6EB8
:10675800000000004661696C656420746F20636105
:106768006C63756C6174652070756C7365736861B2
:106778007065722073657474696E67732100000018
:10678800546865206D6178696D756D2073776565EE
:106798007020726174652069732025640000000010
:1067A80070726F63657373696E67000070697065F6
:1067B8006C696E655F613132310000004661696C59
:1067C800656420746F20676574207261646172204B
:1067D800656E67696E65206D6574616461746100DA
:1067E800706970656C696E655F73756273776565EE
:1067F80070000000506970656C696E65206E6F747A
:106808002070726F7065726C7920617373656D6248
:106818006C656400417373656D626C6520737562A5
:10682800737765657020706970656C696E65206640
:1068380061696C6564000000496E76616C6964206A
:1068480070726F63657373696E672068616E646CDC
:10685800650000004F66667365743A2025687520E8
:106868004D6F646966792076616C7565203D2025D9
:106878006C7520746F6F206C6172676520286D617C
:1068880078696D756D20256C75290000636F6E66DB
:1068980070726F6772616D00496E76616C69642011
:1068A80064617461206F627461696E656420666FEB
:1068B80072207061746368696E6700007472756530
:1068C8000000000066616C7365000000756E6B6EF9
:1068D8006F776E002D0000004465746563746F72F5
:1068E8002050726573656E636520436F6E666967D5
:1068F8000000000073656E736F723A20256C750096
:106908006175746F5F70726F66696C655F656E61E3
:10691800626C65643A202573000000006175746F2D
:106928005F737465705F6C656E6774685F656E61D0
:10693800626C65643A202573000000006D616E7515
:10694800616C5F70726F66696C653A202573000030
:106958006D616E75616C5F737465705F6C656E6791
:1069680074683A202568750073746172745F6D3AB3
:10697800202573256C752E2530366C7500000000B7
:10698800656E645F6D3A202573256C752E2530364B
:106998006C7500007377656570735F7065725F660C
:1069A80072616D653A20256875000000687761613D
:1069B800733A202568750000696E7465725F6672A7
:1069C800616D655F69646C655F73746174653A20B5
:1069D800257300006672616D655F726174653A20A7
:1069E8002573256C752E2530366C75006672616DC1
:1069F800655F726174655F6170705F647269766506
:106A08006E3A20257300000072657365745F6669CD
:106A18006C746572735F6F6E5F70726570617265BA
:106A28003A202573000000006175746F6D61746908
:106A3800635F7375627377656570733A20257300B9
:106A48007369676E616C5F7175616C6974793A20FE
:106A58002573256C752E2530366C75004465746574
:106A680063746F722050726573656E63652050722F
:106A78006F63657373696E6720436F6E666967003D
:106A8800696E7465725F6672616D655F7072657359
:106A9800656E63655F74696D656F75743A20256806
:106AA80075000000696E7465725F70686173655F78
:106AB800626F6F73745F656E61626C65643A2025FE
:106AC80073000000696E7472615F64657465637455
:106AD800696F6E5F656E61626C65643A202573004C
:106AE800696E7465725F646574656374696F6E5FFF
:106AF800656E61626C65643A20257300696E747214
:106B0800615F646574656374696F6E5F74687265EC
:106B180073686F6C643A202573256C752E253036A2
:106B28006C750000696E7465725F64657465637482
:106B3800696F6E5F7468726573686F6C643A20255C
:106B480073256C752E2530366C750000696E74657A
:106B5800725F6672616D655F646576696174696F9D
:106B68006E5F74696D655F636F6E73743A20257329
:106B7800256C752E2530366C75000000696E7465BD
:106B8800725F6672616D655F666173745F63757469
:106B98006F66663A202573256C752E2530366C7520
:106BA80000000000696E7465725F6672616D655FF2
:106BB800736C6F775F6375746F66663A202573250B
:106BC8006C752E2530366C7500000000696E747285
:106BD800615F6672616D655F74696D655F636F6E35
:106BE80073743A202573256C752E2530366C750024
:106BF8006E6F6973655F74696D655F636F6E7374DB
:106C08003A202573256C752E2530366C75000000EA
:106C1800696E7472615F6F75747075745F74696D95
:106C2800655F636F6E73743A202573256C752E2526
:106C380030366C7500000000696E7465725F6F75A0
:106C4800747075745F74696D655F636F6E73743AA1
:106C5800202573256C752E2530366C7500000000D4
:106C680070686173655F616461707469766974796D
:106C78005F74696D655F636F6E73743A2025732561
:106C88006C752E2530366C750000000053706172EB
:106C9800736520495120436F6E66696700000000E4
:106CA80073776565705F726174653A202573256C2A
:106CB800752E2530366C7500636F6E74696E756F4E
:106CC80075735F73776565705F6D6F64653A2025CE
:106CD80073000000646F75626C655F627566666557
:106CE80072696E673A20257300000000696E74654A
:106CF800725F73776565705F69646C655F737461F3
:106D080074653A20257300006E756D5F7375627344
:106D180077656570733A20256875000020207375C3
:106D28006273776565703A20256C750020202020F5
:106D380073746172745F706F696E742020202020F4
:106D48002020202020202020203A20256C690000C7
:106D5800202020206E756D5F706F696E747320201F
:106D6800202020202020202020202020203A2025FC
:106D78006875000020202020737465705F6C656E54
:106D88006774682020202020202020202020202018
:106D9800203A20256875000020202020687761614E
:106DA8007320202020202020202020202020202088
:106DB80020202020203A202568750000202020204F
:106DC80072656365697665725F6761696E20202008
:106DD8002020202020202020203A2025687500002F
:106DE80020202020656E61626C655F747820202009
:106DF800202020202020202020202020203A20256C
:106E0800730000002020202070686173655F656E44
:106E180068616E63656D656E7420202020202020D7
:106E2800203A2025730000002020202069715F6926
:106E38006D62616C616E63655F636F6D70656E73C3
:106E48006174696F6E3A20257300000020202020AD
:106E5800656E61626C655F6C6F6F706261636B20F9
:106E68002020202020202020203A20257300000008
:106E78002020202070726F66696C652020202020F9
:106E8800202020202020202020202020203A2025DB
:106E9800730000002020202070726620202020200F
:106EA80020202020202020202020202020202020DA
:106EB800203A202573000000416464726573733AB8
:106EC80020256875204D6F646966792076616C7538
:106ED80065203D20256C7520746F6F206C6172678A
:106EE8006520286D6178696D756D20256C752900A0
:106EF800496E76616C69642064617461206F6274A4
:106F080061696E656420666F72206C6976652070B1
:106F180061746368696E67004E6F7420706F737375
:106F280069626C6520746F207265636F6E6669674D
:106F3800757265207768656E20646F75626C652070
:106F4800627566666572696E6720697320636F6E25
:106F5800666967757265640053656E736F72202584
:106F68006C75206E6F7420726561647920746F206F
:106F78006265207570646174656400006370645FA5
:106F8800613132315F6D6561735F73657373696F0A
:106F98006E0000004C6F61642070726F6772616DE3
:106FA800206661696C65640053746F702070726547
:106FB80073656E6365206465746563746F720A0037
:106FC8004552524F523A206163635F73656E736F27
:106FD800725F68696265726E6174655F6F6666206C
:106FE8006661696C65640000537461727420707224
:106FF8006573656E6365206465746563746F720A92
:1070080000000000496E76616C69642068616E64F6
:107018006C6500004661696C656420746F20726558
:1070280073657420627566666572732C206E6F20B6
:107038006275666665727320616C6C6F63617465F6
:10704800640000006465746563746F725F707265D4
:1070580073656E63655F70726F63657373696E677E
:1070680000000000496E76616C69642063616C6998
:1070780062726174696F6E004552524F523A2061D4
:1070880063635F73656E736F725F68696265726E62
:107098006174655F6F6E206661696C6564000000ED
:1070A8004552524F523A206163635F646574656369
:1070B800746F725F70726573656E63655F70726519
:1070C800706172652829206661696C65640000003A
:1070D8004F7574206F66206D656D6F7279000000C2
:1070E8007273735F696E746567726174696F6E003D
:1070F800496E76616C6964207265666572656E6357
:1071080065206672657175656E6379202573256CD7
:10711800752E2530366C7520487A00006370645FE0
:10712800706C6C5F64697669736F7273000000003D
:1071380053656E736F722063616C69627261746902
:107148006F6E2073746570202564206661696C65B4
:107158006400000063616C6962726174696F6E5FDC
:1071680061313231000000004552524F523A2061DD
:1071780063635F73656E736F725F63616C6962727C
:107188006174652829206661696C656400000000E7
:10719800547275650000000046616C73650000005C
:1071A8004932432050726573656E63652044657487
:1071B8006563746F720000004163636F6E6565728A
:1071C80020736F6674776172652076657273696F74
:1071D8006E2025730A000000416C6C6F6361746552
:1071E8002070726573656E636520636F6E6669678C
:1071F800206661696C6564004552524F523A2061BD
:1072080063635F6465746563746F725F70726573DE
:10721800656E63655F636F6E6669675F63726561FC
:1072280074652829206661696C65640A000000009D
:10723800556E657870656374656420617369635F12
:10724800696420666F756E64203D2030782578006B
:1072580053656E736F7220697320696E2077726F41
:107268006E67207374617465000000004552524FC8
:10727800523A206163635F73656E736F725F637206
:10728800656174652829206661696C656400000081
:107298004552524F523A206163635F73656E736F54
:1072A800725F6D6561737572652829206661696C06
:1072B800656400004552524F523A2053656E736F11
:1072C8007220696E746572727570742074696D6568
:1072D8006F7574004275666665722073697A6520F9
:1072E800746F6F20736D616C6C00000053656E7372
:1072F8006F7220256C75204E6F2070656E64696E04
:107308006720696E746572727570740053656E7368
:107318006F7220256C75206576656E742069732000
:107328006E6F742048414E445348414B45205B30B2
:107338007825785D00000000496E76616C696420EC
:10734800627566666572206C656E67746800000019
:107358005472616E7366657220646174612066722E
:107368006F6D2073656E736F7220746F20686F7312
:1073780074206661696C6564000000004552524FD4
:10738800523A206163635F73656E736F725F7265F3
:1073980061642829206661696C6564006163635FC4
:1073A8006465746563746F725F70726573656E632C
:1073B800655F616C675F6672616D655F6162735F6F
:1073C8006465765F616363756D756C61746520666D
:1073D80061696C65640000004552524F523A206161
:1073E80063635F6465746563746F725F70726573FD
:1073F800656E63655F70726F6365737328292066B5
:1074080061696C6564000000526563616C69627251
:107418006174696F6E0A000050726573656E63650A
:107428002064657465637465643A202573200000E0
:1074380028256C756D6D290A000000004552524FD1
:10744800523A20436F756C64206E6F7420676574C0
:10745800206E65787420726573756C740000000086
:10746800456E746572206C6F7720706F7765722037
:1074780073746174650A000045786974206C6F77CD
:1074880020706F7765722073746174650A0000005C
:10749800416C6C6F636174652070726573656E63AF
:1074A800652068616E646C65206661696C6564005E
:1074B800416C6C6F636174652070726F6365737380
:1074C800696E672068616E646C65206661696C002E
:1074D8005468652066696C74657220706172616DAC
:1074E80065746572732061726520696E76616C6976
:1074F8006400000073657475705F70726F63657304
:1075080073696E675F706172616D6574657273200F
:107518006661696C00000000416C6C6F63617465A2
:107528002062756666657273206661696C0000008A
:1075380070726F63657373696E675F62756666659F
:1075480072735F7365747570206661696C00000002
:107558004552524F523A206163635F6465746563B4
:10756800746F725F70726573656E63655F63726571
:107578006174652829206661696C656400000000F3
:107588004552524F523A206163635F646574656384
:10759800746F725F70726573656E63655F6765743B
:1075A8005F6275666665725F73697A652829206609
:1075B80061696C65640000004552524F523A20736D
:1075C800656E736F722062756666657220616C6C99
:1075D8006F636174696F6E206661696C6564000031
:1075E8004552524F523A206170706C79206465742C
:1075F8006563746F7220636F6E6669672066616980
:107608006C6564004552524F523A20436F756C6462
:10761800206E6F742073746172742064657465637E
:10762800746F72004552524F523A20436F756C6422
:10763800206E6F742073746F702064657465637452
:107648006F72000055415254206C6F677320656E4D
:1076580061626C65640A000055415254206C6F6782
:10766800732064697361626C65640A00496E7661AF
:107678006C69642070726573656E636520636F6EF4
:10768800666967004552524F523A20556E6B6E6FCD
:10769800776E20636F6D6D616E643A20256C75009E
:1076A8006163635F6465746563746F725F7072654C
:1076B80073656E63655F616C675F6672616D655F58
:1076C8006162735F6465765F746F5F6E6F6973651F
:1076D8005F726174696F206661696C65640000009F
:1076E80031392E354D487A0031352E364D487A00DD
:1076F80031332E304D487A00382E374D487A000005
:10770800362E354D487A0000352E324D487A000025
:10771800444545505F534C4545500000534C454542
:1077280050000000524541445900000050524F4655
:10773800494C455F3100000050524F46494C455F67
:107748003200000050524F46494C455F330000005C
:1077580050524F46494C455F3400000050524F4646
:10776800494C455F35000000000FC93F000F4940F4
:1077780000CB9640000FC9400053FB4000CB164198
:1077880000ED2F41000F49410031624100537B4118
:10779800003A8A4100CB9641005CA34100EDAF411D
:1077A800007EBC41000FC94100A0D5410031E24133
:1077B80000C2EE410053FB4100F20342003A0A4284
:1077C8000083104200CB164200141D42005C234285
:1077D80000A5294200ED2F4200363642007E3C4289
:1077E80000C74242000F4942A2000000F900000011
:1077F800830000006E0000004E00000044000000FE
:107808001500000029000000FC000000270000000F
:1078180057000000D1000000F5000000340000000F
:10782800DD000000C0000000DB0000006200000076
:1078380095000000990000003C0000004300000093
:107848009000000041000000FE0000005100000010
:1078580063000000AB000000DE000000BB00000079
:10786800C500000061000000B7000000240000000F
:107878006E0000003A000000420000004D000000C9
:10788800D2000000E00000000600000049000000EF
:107898002E000000EA00000009000000D1000000EE
:1078A800920000001C000000FE0000001D00000007
:1078B800EB0000001C000000B100000029000000DF
:1078C800A70000003E000000E80000008200000061
:1078D80035000000F50000002E000000BB0000008D
:1078E8004400000084000000E90000009C00000043
:1078F8007000000026000000B40000005F000000D7
:107908007E000000410000003900000091000000E6
:10791800D60000003900000083000000530000007A
:1079280039000000F40000009C0000008400000002
:107938005F0000008B000000BD000000F90000009F
:10794800280000003B0000001F000000F8000000B5
:1079580097000000FF000000DE00000005000000A6
:10796800980000000F000000EF0000002F0000004A
:10797800110000008B0000005A0000000A000000FF
:107988006D0000001F0000006D00000036000000C0
:107998007E000000CF00000027000000CB000000A0
:1079A80009000000B70000004F000000460000007A
:1079B8003F000000660000009E0000005F0000001D
:1079C800EA0000002D0000007500000027000000FC
:1079D800BA000000C7000000EB000000E50000004E
:1079E800F10000007B0000003D00000007000000DF
:1079F80039000000F70000008A0000005200000073
:107A080092000000EA0000006B000000FB0000008C
:107A18005F000000B10000001F0000008D000000A2
:107A28005D00000008000000560000000300000090
:107A38003000000046000000FC0000007B00000051
:107A48006B000000AB000000F0000000CF00000059
:107A5800BC000000200000009A000000F4000000B4
:107A6800360000001D000000A9000000E30000002F
:107A780091000000610000005E000000E6000000C8
:107A88001B000000080000006500000099000000CD
:107A9800850000005F00000014000000A000000046
:107AA80068000000400000008D000000FF0000009A
:107AB800D8000000800000004D00000073000000A6
:107AC800270000003100000006000000060000004A
:107AD8001500000056000000CA00000073000000F6
:107AE800A8000000C900000060000000E2000000DB
:107AF8007B000000C00000008C0000006B0000004C
:107B08000000C93F0000F0390000DA370000A23356
:107B18000000842E0000502B0000C2270000D02255
:107B28000000C41F0000C61B00004417040000002A
:107B38000700000009000000D1F71737D1F717B781
:107B48008071313F807131BF0000003F000000BFED
:107B580000000080DB0F4940DB0F49C0DB0F49BF45
:107B6800E4CB1640E4CB16C06937AC316821223328
:107B7800B40F14336821A2333863ED3EDA0F493F5E
:087B88005E987B3FDA0FC93F54
:087B90002C66FF7F01000000DC
:087B980075E800080000000080
:087BA0004DE8000800000000A0
:107BA80000093D00100000000100FFFF6262615FF4
:107BB80063616C5F6374726C5B785D0074785F6698
:107BC8007265715F6B687A5B785D00003000002039
:107BD80000000000240600208C060020F406002087
:107BE800000000000000000000000000000000008D
:107BF800000000000000000000000000000000007D
:107C0800000000000000000000000000000000006C
:107C1800000000000000000000000000000000005C
:040000050800EE3DC4
:00000001FF
